/*--------------------------------*- C++ -*----------------------------------*\
| =========                 |                                                 |
| \\      /  F ield         | OpenFOAM: The Open Source CFD Toolbox           |
|  \\    /   O peration     | Version:  2512                                  |
|   \\  /    A nd           | Website:  www.openfoam.com                      |
|    \\/     M anipulation  |                                                 |
\*---------------------------------------------------------------------------*/
FoamFile
{
    version     2.0;
    format      ascii;
    arch        "LSB;label=32;scalar=64";
    class       volScalarField;
    location    "7.8";
    object      p;
}
// * * * * * * * * * * * * * * * * * * * * * * * * * * * * * * * * * * * * * //

dimensions      [0 2 -2 0 0 0 0];

internalField   nonuniform List<scalar> 
76166
(
0.735326
0.78168
2.08761
0.15548
1.13157
0.630633
2.30427
0.137496
0.597613
0.596026
0.279479
0.989116
0.725423
1.98325
1.29067
0.723034
0.59718
0.71099
0.847154
0.652485
2.69409
1.2615
2.00949
0.950475
0.674879
0.602168
1.32387
1.90489
2.1186
2.83542
0.717006
0.224136
2.5721
0.271592
0.601373
1.12918
1.32152
0.593338
0.126968
0.586979
0.758044
1.73888
0.585554
0.530805
2.67582
0.804052
0.168545
0.732722
0.654617
2.69373
0.0210433
0.043294
0.392409
1.41921
2.51685
0.700162
0.0806689
-0.343348
0.672428
0.832483
0.600473
1.14193
0.607337
1.854
2.37032
2.30304
1.33079
1.15016
1.75011
1.27547
2.71641
2.83894
0.837269
1.78018
1.26947
0.76658
2.39124
2.50672
1.48988
2.31122
0.719706
0.770774
0.801739
2.5801
0.717999
1.93959
1.24478
0.313655
0.276735
2.79253
1.27647
1.02198
1.92799
-0.307316
0.6693
0.713885
0.699674
0.715013
0.741831
0.679621
0.520319
0.842821
0.606237
1.26343
0.750427
2.85169
0.489756
1.25893
0.372752
0.521829
1.0969
0.499417
1.22818
1.44404
0.632362
0.830473
0.70595
0.545192
0.117435
0.695692
1.25756
0.6404
1.62268
2.73273
1.64683
0.376689
0.367572
0.00907913
0.121076
1.13126
0.685142
0.544479
2.4932
1.05236
1.09545
0.423276
0.860718
0.186376
-0.411687
1.17789
1.52736
2.30419
2.70126
1.81641
0.610892
1.96947
1.79278
0.770506
0.416426
0.266013
0.776345
1.93858
2.27527
2.6224
0.850917
0.36482
0.472568
0.166268
0.633892
0.608956
0.78836
0.244231
0.891347
1.10377
1.26523
2.73408
1.16418
2.49428
2.78459
0.24565
0.611175
1.49345
2.02151
2.63508
2.8829
2.83054
1.43545
1.09477
2.81652
1.43789
0.524444
0.632286
1.09243
0.4666
0.798969
0.073042
1.23728
2.41093
0.602118
0.603268
2.82169
0.634842
1.04278
1.03855
0.0460661
0.730476
1.78363
0.710277
2.54158
0.856074
1.16987
0.612348
0.810579
0.595376
0.705469
2.68036
2.69961
1.27823
2.89234
0.412075
0.653846
0.797461
0.0810085
1.31467
2.09589
1.01766
0.686377
0.281782
1.75778
1.63896
1.0634
0.606131
2.85471
0.0702311
1.07073
-0.322046
2.37994
0.673967
0.2511
0.738228
1.27982
0.60458
1.03039
0.360136
0.857147
1.93589
0.602738
1.26103
2.71664
2.78178
0.507825
0.920833
0.411509
0.589703
1.07743
0.612994
2.52137
1.03219
2.56347
1.43622
0.609915
1.21411
2.66405
0.588235
1.41197
0.730779
0.738875
0.630101
2.74722
0.470631
-0.30709
0.798917
0.610269
0.628284
0.502711
0.623752
1.10101
0.649947
0.73847
0.638164
1.08485
0.145822
0.841448
2.67549
0.475163
0.617591
0.714282
1.53467
1.09246
2.82947
2.21061
0.657267
0.121609
0.739175
2.69345
0.51052
1.30826
0.218885
1.16533
0.731776
1.08407
2.66877
2.4741
0.627843
2.83591
1.41752
0.833446
0.659945
2.68612
1.06385
1.22609
0.5852
0.595674
2.6382
0.405095
2.34813
0.600381
1.93601
0.453892
0.200572
0.855997
1.2313
-0.0176363
0.165617
1.26973
2.9485
2.48347
0.478308
1.26508
2.72305
1.72513
0.263207
0.850967
0.46477
1.17502
2.6601
2.07614
1.27023
0.592827
0.10684
2.6851
1.73976
1.24478
2.24345
1.54587
2.49349
2.3424
2.65551
-0.340978
0.639636
0.681107
0.935961
1.0857
0.126731
-0.317456
1.09936
1.10099
1.24998
0.1476
0.418969
1.09958
0.637375
0.141517
0.169058
0.599726
1.37167
0.240805
2.45574
0.6372
2.38085
0.481469
2.61265
2.65103
2.512
2.56217
0.26271
2.40961
0.688434
0.446372
0.628411
0.806645
2.63039
0.188628
0.94032
2.91296
1.31535
1.71144
1.37194
0.722345
0.814834
-0.00858942
0.851981
0.598517
1.21555
0.537277
0.610709
1.48065
-0.294566
2.46714
2.74205
1.38529
2.40342
0.724693
0.629354
1.36931
0.977394
2.63813
2.92699
-0.0349228
0.490109
0.589793
1.7731
0.193995
0.202608
0.679657
0.14964
0.592137
2.21724
2.66591
2.86797
1.92827
2.6589
2.65435
2.50139
0.474892
0.534581
0.794096
2.66499
-0.311185
1.78688
2.06759
2.27011
0.482408
0.0918639
0.629159
1.36893
0.4237
1.79456
1.34563
0.834524
0.0943806
2.36522
-0.0479319
0.368699
0.0484089
0.453645
1.19465
0.381527
0.610429
2.74342
-0.0505351
0.514859
0.0661573
1.14098
2.66784
0.634808
0.784691
2.62724
1.20385
0.967556
1.81057
0.793782
0.670496
1.09794
0.570745
2.12567
0.95487
0.190441
0.0456989
0.396528
0.106236
0.0225329
0.692266
1.77154
0.432249
1.12685
0.742255
1.02417
2.98827
3.01531
0.676318
0.564933
1.14636
1.21802
0.774441
2.07886
0.802868
0.464729
2.73789
2.7064
0.136682
1.22068
0.859588
0.848536
0.526698
0.172128
0.67925
0.139603
2.50972
0.573634
2.78114
1.77032
1.92973
0.206566
2.50435
0.730103
1.75459
2.45429
0.260372
0.644137
0.0448854
0.877194
1.27093
2.76946
0.621561
1.00478
1.26687
1.7232
0.630198
0.59182
1.26876
1.38757
0.679891
1.03139
0.796783
1.24137
2.69558
0.810324
0.577867
3.03747
2.48894
2.73628
0.197254
2.6832
0.674243
0.648343
2.8555
0.0840418
0.961155
2.73312
2.61433
2.69282
1.38111
2.48898
1.268
2.63689
2.58398
0.532322
1.57865
2.11496
0.637788
0.12361
0.645465
1.04516
0.658318
1.2269
0.818403
1.01474
0.611233
0.173885
0.66914
1.1035
0.638803
1.72457
0.670123
0.0395473
0.658716
0.965565
0.767021
2.49343
0.670924
2.73752
0.67827
0.74418
1.24319
2.68035
0.856867
0.409452
1.72389
1.73923
0.223867
0.571997
0.262441
1.75823
2.52168
1.04804
0.56385
1.24002
3.00474
1.00125
1.2309
0.634152
1.86476
1.09686
1.10353
0.964714
2.25399
0.5338
2.7275
2.379
0.375757
1.24471
1.74177
2.24486
0.327698
2.72241
2.63124
0.295241
2.64101
1.3672
0.305475
0.151334
2.9363
1.61643
1.11566
1.17785
0.294595
0.760054
2.18193
2.42442
0.154432
1.26294
1.25435
0.579875
1.02428
0.745222
0.505637
2.68469
2.67435
0.693937
0.461178
0.566871
2.76784
0.223368
0.636211
2.03359
0.663686
1.83435
0.630636
1.27289
0.0716194
1.6768
2.83096
0.327922
0.22062
2.57277
0.762245
0.228615
1.84684
0.750559
2.2735
2.80228
1.38071
0.879077
1.15771
0.117946
1.90118
1.48036
0.692075
0.718565
0.160346
0.236157
0.81308
0.538072
2.22555
2.2586
1.28176
1.13153
2.06982
0.772734
2.32862
1.35243
-0.151456
0.122828
0.64425
1.78
0.196306
0.827383
2.25499
0.62547
0.0361261
2.92372
0.164077
0.168286
1.39803
2.51403
1.24645
1.43285
1.30988
2.89154
2.75877
1.42096
1.061
2.74842
1.79234
0.77464
1.32615
2.64344
0.183027
1.25174
0.393155
2.85434
0.616101
2.74325
2.47083
0.384677
0.00905665
2.70574
2.25042
0.391356
1.68466
1.44702
1.50645
1.54684
1.70437
1.07056
1.77745
0.00683396
1.7191
1.37468
3.02713
0.690116
0.638145
0.752026
2.42349
0.634293
1.1791
1.39625
0.437263
2.64695
0.446189
2.26684
1.9827
2.52269
1.31822
1.09753
1.56777
0.795698
0.538633
0.0949825
2.62069
0.889027
0.679258
2.39691
2.86796
1.56647
0.989591
0.105544
0.798833
0.635065
2.49407
0.584915
1.20677
0.681377
0.794614
0.40593
1.54785
0.0488324
1.32413
1.50066
1.3749
1.58996
0.624185
0.252105
0.610783
1.62181
0.363001
0.916857
-0.470869
-0.400834
2.33131
1.42878
0.399696
0.560444
0.580584
0.837063
-0.00576242
0.46544
0.598185
0.789582
1.50002
0.433912
0.166034
2.65072
1.00182
0.361871
1.76439
0.392867
0.39503
0.978196
0.645829
1.41004
0.625486
0.879895
2.22894
2.69479
1.05246
0.203721
1.0905
0.779198
0.483227
1.26561
-0.383648
2.19022
0.791421
1.22371
-0.473987
2.00888
0.763812
0.441802
0.670578
1.34469
1.16479
0.14122
1.24056
1.14411
0.585199
1.02105
0.681324
2.554
1.61195
2.71207
2.00565
0.801017
0.161808
0.613367
0.674785
0.250722
0.808079
0.264491
2.87139
0.802972
1.23038
2.11619
2.28859
0.628172
0.39249
0.818651
0.14889
0.708799
1.16264
2.22478
0.819244
2.62611
1.20667
0.127994
1.30513
0.122143
0.563942
0.845006
2.5006
2.77036
0.419563
2.5121
-0.101953
0.499484
1.1555
0.689983
1.03332
0.262829
1.57186
2.57053
0.681375
2.13735
2.01192
2.40138
0.879447
-0.426446
1.67799
2.78139
1.40208
1.52817
2.62702
0.445104
2.28155
0.708019
1.01439
1.51861
0.556113
1.2279
0.700103
2.56634
2.4651
1.24386
2.79596
1.71825
2.58131
1.72605
2.29643
2.83486
0.410984
2.61492
1.1024
1.90193
2.70119
0.554343
1.11625
-0.113474
2.83607
0.764191
0.821728
0.893134
1.88868
0.802195
2.73677
2.7501
2.63354
0.517549
1.12159
2.68748
2.67851
1.57457
0.620988
0.446781
1.5915
2.72023
1.78116
2.65796
1.91071
1.20699
0.291649
1.69608
1.39288
2.62785
1.88623
2.61406
1.2096
2.68667
2.74977
0.561973
0.548283
2.62035
1.84348
0.544577
1.56099
2.36868
1.22437
0.202474
0.653237
0.779322
0.517797
2.33253
2.24595
0.0508635
0.482462
2.79391
0.107533
0.492396
0.725301
0.697774
2.10643
0.199415
0.135059
0.312563
1.47944
0.292342
1.39244
1.24989
2.7092
1.22526
1.40527
1.78327
2.01731
0.647357
0.774409
-0.0858312
0.118672
1.23612
0.463908
1.24157
0.850858
2.55083
0.571272
0.191946
1.37337
0.363583
0.378328
1.39892
1.4876
1.25751
0.167314
1.07944
2.60998
2.51808
0.37342
2.10419
1.22613
0.687183
1.95316
0.805142
1.14982
1.39883
0.683482
0.742787
2.64709
2.57337
0.531516
0.63522
2.38956
0.568706
1.74772
0.612795
0.528001
0.760556
0.765492
2.83465
0.332565
0.709418
0.837961
0.52361
2.69644
0.692139
2.79647
1.16559
1.08919
2.08666
1.48846
0.521147
2.50516
-0.322905
0.663451
0.14186
2.83382
0.391871
0.60858
0.184374
1.40455
2.70989
0.838555
0.299944
0.772935
0.00622626
0.713938
2.03638
1.71517
0.615355
2.70511
2.77334
0.495564
1.39811
1.7059
0.873009
0.476155
0.57028
2.72048
-0.122233
1.22757
2.78798
0.145001
1.38721
2.62452
0.404461
0.239098
1.13551
0.702055
0.667978
2.55381
0.669489
0.57303
0.567879
2.67894
0.585296
0.561702
2.02466
1.1851
0.203406
1.19251
0.381324
0.827921
0.704918
2.78779
0.860088
1.37465
0.139545
0.384997
2.24901
1.21218
0.527541
1.25692
2.31142
0.815126
1.62436
2.47383
2.82317
1.18509
2.66651
0.0665329
-0.463056
0.563175
1.14655
1.43927
0.856441
1.18007
0.202374
0.135291
0.718954
1.68907
2.31881
2.46694
2.6375
0.704444
1.97521
0.581938
0.693459
2.70234
0.814337
1.73892
1.63539
2.57689
-0.418843
2.31133
0.1811
0.522038
1.26593
1.61501
1.84312
2.69945
-0.239303
2.46427
1.72374
2.73422
2.35671
2.55552
0.850008
0.196856
0.716313
1.39145
0.617796
2.59271
0.282091
0.692143
0.708344
2.86144
1.45141
1.18459
0.546603
2.70058
0.705268
1.47592
2.02365
0.83044
2.75108
0.162809
2.61538
2.84126
2.32775
0.0729725
0.465789
1.55887
1.44283
1.13652
0.525107
1.9062
0.44308
0.450264
1.31776
1.16383
0.715606
2.81408
0.0582098
0.523601
0.5725
0.373243
0.184008
1.1749
-0.476634
0.60009
-0.232602
0.128191
0.682474
0.357785
0.84468
0.793717
2.47221
1.12186
0.258205
2.73524
1.6398
1.66289
1.18804
2.7291
0.793183
1.31783
2.65761
0.567168
2.64541
2.73973
2.46493
2.30042
0.949989
0.223745
1.2417
0.811316
0.140066
0.221896
2.14463
0.475122
0.385609
1.26618
1.65294
0.776903
0.525755
2.62679
2.68818
1.12072
1.56049
1.13333
0.53788
2.55568
1.24021
0.59308
1.14864
1.17554
0.880448
0.685139
0.391696
2.29485
2.69213
2.51967
1.65159
1.75098
1.4537
2.72916
2.50473
2.58925
2.44061
1.57877
0.69085
0.851064
1.43709
0.755029
2.33339
0.823736
0.80627
1.18918
2.17746
2.46469
0.804311
0.692781
1.54918
2.715
0.688065
0.411385
-0.0542063
0.178754
0.182682
0.224493
0.204967
0.00899112
2.49448
0.39712
0.266429
1.68667
0.829168
1.77616
1.63064
2.51207
2.87022
1.10656
0.203818
1.46436
1.11329
2.62543
1.49291
0.78414
0.177993
1.19011
0.392823
2.51246
1.97459
0.388816
1.17234
0.224077
0.599774
0.802307
2.66001
1.70011
0.762342
1.65437
2.5133
0.996549
2.29114
0.781101
0.628038
0.0720483
1.8283
1.71214
0.574023
1.04306
0.823804
0.1839
0.878481
0.350891
1.18393
0.800711
2.48515
2.12791
0.750992
2.88311
0.264405
0.309485
0.556741
2.63006
0.974144
1.70303
1.30737
1.16898
2.56432
0.851247
1.01511
0.784663
0.596403
1.61762
0.770274
1.84786
1.10187
1.17498
0.802832
2.74759
1.36196
0.74885
0.206092
2.68794
0.0827593
0.801872
2.63119
0.741451
1.678
0.680461
0.13176
1.81483
0.833121
1.17181
2.13083
1.10419
1.73053
2.92182
0.366518
0.704944
2.64757
0.714332
0.317819
0.766562
0.744478
0.481586
0.297633
0.561383
1.7755
0.160981
0.498943
0.514781
1.41898
0.584727
1.58292
2.71402
0.842744
0.774845
0.786568
0.520959
0.767234
2.64582
0.807123
0.377465
2.12833
0.627378
0.495724
0.821193
1.76116
1.13857
1.76179
1.23077
1.03432
1.53615
2.67232
0.724793
0.630127
0.601178
1.30686
1.04039
0.785546
1.10314
0.790063
1.50711
2.54081
2.60192
1.71
0.599721
0.766537
1.10865
1.14685
0.533326
2.6567
0.512632
0.533336
1.06538
0.140097
0.630867
0.244129
0.80627
1.0319
1.17583
2.56559
0.824105
0.850102
0.767782
1.7199
0.762049
1.28594
-0.00563164
2.49387
0.550322
0.841038
0.700986
0.0914446
2.17464
1.08216
0.833059
1.20083
0.69976
2.63576
1.26663
0.853726
-0.295497
1.33614
1.3757
0.804307
1.82095
0.526563
2.36327
0.536049
2.7158
1.0959
1.97206
0.476437
2.79102
2.8534
1.42245
0.851824
0.677392
1.77642
0.732836
0.83739
2.54861
-0.285406
0.774958
0.584159
2.67122
0.568658
0.675844
2.20959
-0.392335
0.738582
2.69939
0.0529077
1.48605
0.790345
2.21656
1.35593
2.5094
2.70396
1.413
1.091
2.29035
2.67851
2.21666
2.59897
0.883637
2.49451
1.97867
0.0943724
1.9634
0.829252
1.23217
0.638853
2.3015
2.25875
2.14428
1.72726
0.0871197
1.07791
2.20575
1.1497
0.318579
2.23602
0.105971
2.48883
2.70078
0.802255
1.70453
2.68712
0.0402841
2.49981
0.405374
0.228177
1.54588
0.125275
2.69382
1.68612
2.78289
0.878399
0.395045
2.26535
2.71904
2.37326
2.21431
2.42773
0.650414
0.410212
1.19434
0.00553678
2.37936
1.81722
0.639225
2.21247
0.32156
0.784212
1.38541
0.420407
0.401436
0.700914
0.640146
2.42645
0.254216
0.0840722
1.68992
0.367538
1.74706
2.61504
2.91857
2.65354
1.37026
0.402867
1.75576
2.62933
1.12255
2.17537
1.82518
0.0146232
1.07011
1.43027
0.730528
0.780324
0.432452
0.863231
0.199064
1.49635
1.78815
0.756227
2.29084
2.17833
1.41312
2.30752
0.781396
1.35582
0.779529
1.7278
0.46037
1.08555
0.756489
0.170192
1.06171
2.26715
2.17043
2.72731
1.351
0.847122
0.699809
1.02715
1.04453
1.6817
0.794147
0.154092
1.18446
0.538203
0.573617
2.45695
0.817979
0.791432
1.43099
0.757221
0.74308
1.59936
0.148239
2.16739
0.565598
1.24636
0.223414
0.522161
2.68048
0.878623
2.62415
0.84104
0.775578
2.66697
2.78775
1.39948
0.700372
0.321792
2.76655
2.22564
2.13464
0.776092
0.352422
0.559096
0.184498
2.1131
2.6716
0.780768
1.7514
2.48117
0.201476
1.13454
2.22375
2.90708
1.10707
1.8142
2.47695
2.56022
0.846575
0.78938
1.43449
0.775029
1.61898
0.0108144
2.70059
1.28887
2.60565
2.75322
1.47995
1.16743
0.816475
1.61902
0.130817
0.487446
0.561004
0.19593
2.28644
0.690489
0.881975
1.9773
1.54202
0.710556
1.99602
1.3717
1.70258
0.761345
2.27317
0.703827
2.63792
1.21728
1.0733
2.68979
0.909953
1.07557
1.39783
1.54803
0.848611
0.183109
2.59871
1.69646
0.232159
0.724339
0.85576
0.587112
1.09166
0.37624
0.109091
2.7977
0.539425
2.46359
0.0766059
1.15796
0.481733
0.67484
1.14584
2.58762
0.605198
0.700912
0.00762905
2.43236
2.22906
1.96335
2.35286
0.821151
2.55262
0.369695
0.471664
0.514272
1.72755
2.65297
0.777831
0.679807
1.41615
0.033425
0.39816
0.157914
0.527081
1.17338
0.0863721
1.51151
0.703677
1.48846
1.75144
0.184242
2.6983
0.838541
2.72662
1.15426
1.32979
2.75073
0.458452
0.53229
1.1265
0.7855
0.797367
2.88642
1.59049
1.20794
2.2121
1.39914
0.845999
1.23641
2.69931
0.384837
0.432629
1.10133
0.4464
0.176205
0.854991
2.66438
2.43726
2.62302
0.5938
1.37093
2.10075
2.50318
1.31123
0.7977
1.83137
1.23203
1.30358
2.66469
0.368841
1.41657
0.669375
2.69025
1.82558
0.655164
1.00768
1.02136
0.839795
1.08672
0.577204
0.126887
0.371061
1.25931
0.559789
0.733764
1.75342
1.70219
1.12371
1.68388
0.385462
2.68689
0.573679
0.522439
1.57055
1.1148
0.360644
2.44609
1.01748
2.77856
0.159319
0.109487
2.60007
1.10713
0.201818
0.831868
1.59465
2.67554
2.37726
2.69564
0.411831
2.35662
0.0385027
2.71032
0.0644537
1.17765
0.823935
2.69447
2.23251
2.82764
0.43287
1.70081
0.78615
0.713561
0.897513
2.84619
0.196473
1.42324
1.03025
0.721473
0.0401463
1.88756
1.0173
0.737862
-0.275845
0.0418693
2.63017
2.07216
1.58599
2.54562
2.35627
0.358257
2.19411
1.69028
1.59546
1.55297
1.24908
0.380496
0.295563
0.689948
0.33407
2.15427
1.30736
0.373998
0.737869
2.76595
0.584296
-0.272008
0.15181
2.73333
2.23219
0.685166
1.06405
0.140162
2.69201
2.38136
2.74252
3.14028
1.14307
0.107897
0.787146
0.883047
0.120718
0.182538
0.705686
1.42826
0.656373
1.57907
1.4375
1.97839
0.762289
2.49958
2.57893
1.16359
1.00024
0.125279
0.787978
2.28051
2.70306
2.72788
1.10103
2.33534
0.261624
1.70312
2.56294
0.166696
0.785455
1.5147
0.266073
0.460411
1.24772
0.898042
2.68549
2.36029
0.185389
0.484176
2.73301
0.831844
0.592372
0.444596
0.132023
1.80014
1.73665
1.29032
1.78681
2.7013
0.762602
0.77564
1.73901
0.826077
1.53171
1.61654
2.0876
1.2098
2.57694
2.65999
0.435512
0.627523
0.818013
0.403943
2.80153
0.363938
2.45204
2.66594
2.62523
2.74351
2.66431
1.41859
0.49116
0.55166
1.02924
0.449983
2.41215
0.766106
2.79232
0.490711
0.989785
0.870509
0.537359
0.162533
2.50505
2.61843
2.54944
1.10118
0.803806
0.974512
1.2607
0.572204
0.290883
2.21216
1.69685
0.294153
0.181753
-0.400337
0.848463
2.63703
1.11484
1.59395
0.67581
2.72928
2.46395
2.39826
0.907823
1.0853
0.697291
2.61262
1.73643
1.76788
0.709029
1.7301
0.784622
1.38587
2.09098
0.13212
2.20617
0.593844
1.6429
0.564667
0.504088
0.883821
2.48995
0.243329
0.594794
0.901026
0.539791
0.755832
1.61808
0.270549
2.33704
2.51588
1.72714
0.440834
1.77699
0.596557
0.814405
1.97407
2.8554
0.749704
1.03873
2.80698
0.454509
0.21603
1.81764
1.41669
1.44875
1.96336
1.68348
2.00633
-0.0676297
0.266175
0.366399
0.899071
0.587567
0.64418
0.613318
2.83035
2.74986
-0.0468812
0.358769
1.59176
0.146966
1.2348
0.965578
1.43085
0.810487
0.606834
0.739564
1.73561
0.739543
0.0739685
2.06473
0.328887
0.541097
1.26849
0.530342
2.74825
0.0525559
0.527424
1.82305
1.7706
0.20254
2.25428
-0.258514
0.0340582
0.655834
0.199847
2.57897
0.137132
0.474888
0.531293
0.540027
0.685092
2.3261
2.8017
0.520113
2.41844
0.52471
0.587097
0.810068
0.805839
0.773397
0.539652
0.741457
0.71219
0.839662
2.1276
1.09188
1.1299
0.616483
1.67001
1.37104
1.53539
0.246375
2.36636
0.127637
0.483159
2.77079
0.588413
1.18467
2.61844
0.900827
0.245073
2.52502
2.13455
1.5045
0.705914
0.502936
2.63379
0.89339
0.361348
1.12516
0.538554
-0.236219
2.91716
0.696029
2.62334
2.2381
0.535867
0.554488
2.36048
0.692704
1.08091
0.529134
1.49875
1.05417
2.38981
1.55761
0.722383
2.79584
2.20618
0.583914
0.794185
1.12615
0.538548
1.12002
1.65694
0.0691667
0.644326
0.713999
2.53529
0.293291
2.56988
0.825625
2.40353
0.112123
0.143439
2.68247
0.360769
0.877589
0.0474422
2.10315
1.14337
0.40789
0.712167
1.73149
1.28513
2.73273
0.747852
1.11833
0.0540879
0.0349538
1.73002
0.178914
0.704345
1.69001
0.858681
0.568893
1.55224
0.0992465
0.595878
1.79803
0.120025
0.739779
0.131217
1.65042
1.64901
2.19479
0.805784
1.07746
1.59669
1.26457
2.49333
1.64944
1.09148
2.83882
2.44226
2.07163
0.291945
1.14928
0.0467436
0.200841
0.706219
2.68362
1.72137
0.198065
0.542361
0.376274
2.70272
0.66278
1.30478
0.526549
0.798816
2.92606
1.76613
0.209247
0.876366
0.528241
0.216463
0.783454
0.676701
1.51788
2.43842
1.80994
0.621102
2.60552
0.703337
2.66941
2.49781
2.82623
1.24745
0.564138
0.180144
1.81732
1.98129
1.81102
1.19735
2.76346
0.663585
1.53092
2.65545
2.37277
0.664879
0.567186
2.71384
2.70881
1.0658
0.330779
2.75055
0.375934
0.588503
0.186912
0.305395
2.65901
1.25725
1.26762
0.787112
0.586798
1.47754
2.5992
0.472077
0.145939
0.284797
1.19825
0.810652
0.341589
0.809198
2.70226
1.27687
2.66799
0.192832
1.19656
0.360754
2.51324
2.60889
0.338726
0.4893
2.66513
1.14264
1.57428
1.42954
1.57517
0.370339
1.20752
1.95725
0.537086
0.77045
2.68064
0.176126
0.237232
0.844804
0.371024
0.602442
2.42469
0.430543
0.605208
2.19807
0.869243
2.0708
1.77104
1.41544
0.164712
0.369919
0.789569
1.16089
0.558087
0.649569
0.251827
0.371025
0.202482
0.329649
0.745815
2.73522
2.75832
2.34882
0.798762
0.533526
2.55023
0.239838
0.780577
2.89073
2.91952
0.699124
1.56509
2.60264
2.22236
1.15575
2.47295
0.368599
2.29088
0.795536
0.845507
0.695077
2.53267
2.86009
1.73017
0.407937
1.74404
0.539375
2.15737
2.07082
1.40661
2.48242
1.13416
0.770164
2.50208
0.347757
1.0539
0.748223
0.267595
1.51655
2.39701
2.77904
2.19502
0.462374
1.62475
1.30613
0.362383
0.710849
0.351671
0.640331
0.287666
2.31689
1.42824
1.74771
2.54552
2.53216
0.515705
0.703176
0.312579
0.457792
2.47222
2.74837
0.186219
1.50894
0.431229
1.86738
2.78534
0.698412
2.45684
0.344328
0.587422
2.67323
0.164125
0.521353
2.51372
0.671298
1.03174
0.595362
2.34151
2.82031
1.19069
2.75291
0.654905
0.951591
1.02578
0.690871
1.07576
1.72737
2.86737
0.377597
2.79359
2.4263
2.59165
2.22462
0.543898
0.55928
1.16865
1.17344
2.48435
0.0865386
1.38027
2.73085
0.246386
0.365089
2.81907
0.0480945
0.725507
2.64011
0.78723
2.69917
2.55624
0.181678
2.90171
0.570021
0.430513
1.61139
0.49331
0.79336
2.6625
0.553297
0.987148
2.69989
0.268791
0.971328
0.858885
0.123599
2.81407
1.47393
0.727001
0.661179
0.507424
1.69826
2.56469
0.114136
0.705779
2.64799
0.558561
0.760961
0.822016
1.43657
0.402181
2.13607
1.40114
0.76465
1.42291
0.535095
0.667287
0.686351
1.09572
0.353503
0.87821
0.824467
0.154885
0.42318
2.82375
0.684916
0.408442
0.16386
0.424758
1.43061
1.44275
2.47092
2.66005
2.73695
0.598065
1.68453
0.0404977
2.53151
1.14975
2.90429
0.853423
1.22044
0.197507
2.19452
2.42761
0.252718
1.69465
2.73363
2.85558
0.758689
0.250284
2.19847
0.191191
0.764964
0.144291
1.99
1.55958
1.06693
2.34923
0.871009
2.59125
1.23499
0.410694
1.53407
0.238523
0.379048
0.907614
0.41597
1.89884
0.698532
0.145309
0.862016
1.69689
0.109609
1.23798
1.22197
0.868378
1.94328
1.42243
2.69813
0.804191
1.63253
0.771181
0.774708
0.726534
2.40592
0.843132
1.82146
2.6078
1.69621
1.41054
1.66233
2.47734
0.700744
2.38692
0.781567
1.18192
0.160786
1.80468
1.7985
0.850621
0.585708
0.878858
0.877273
2.3431
2.07262
0.626526
0.632401
2.7597
1.48024
0.868227
0.703439
0.553145
2.08385
2.76463
2.88742
0.708377
0.848277
0.740207
1.71262
2.6446
0.439461
0.121116
0.783844
2.47098
1.12627
2.48458
0.74129
0.861735
0.728559
2.93994
0.655366
1.98502
0.0409813
0.133857
0.697022
0.431606
0.821793
2.20437
0.876571
1.21958
0.381714
1.48972
1.86663
1.76628
0.859955
0.535941
2.17511
0.761694
1.02708
0.707698
2.594
2.64634
0.776738
1.01588
1.16818
0.943483
0.929811
0.83276
0.185247
0.862432
0.820248
0.835125
2.28382
0.560335
2.00533
0.767925
0.672515
0.610206
2.36371
1.40571
0.153137
0.846099
0.844443
0.368789
1.04854
0.40992
1.57078
0.816622
2.24834
1.17878
1.85553
1.26998
0.106186
1.44734
1.04174
1.08529
0.749731
1.29518
0.726101
1.67415
0.37583
0.807482
1.09869
2.81727
2.80528
0.837653
2.47567
0.438598
-0.43137
1.17742
0.450355
1.04723
0.438322
2.56104
0.596788
0.644955
1.12725
0.565863
2.61454
0.840406
0.34255
0.840188
2.69046
1.51583
0.80522
0.171858
1.02602
1.25419
2.35817
2.37853
2.81142
1.65763
2.56783
2.67073
1.22791
0.695394
1.3711
1.17242
0.163452
0.604625
1.24808
1.02166
0.582188
2.4043
1.69804
0.580478
2.26124
0.688613
1.0976
0.807499
1.42558
2.5301
2.1969
2.26089
0.207817
1.93787
2.59093
0.477232
2.40441
1.61761
2.47426
0.461236
1.17848
0.537417
3.01791
1.08294
1.64931
0.77368
0.872052
1.8305
1.28479
0.87036
2.45558
2.35172
0.839554
1.73209
1.46177
0.353142
1.63818
0.83472
0.700646
2.36529
2.16448
2.53296
0.623643
1.70966
2.80416
0.525199
0.772163
0.36147
2.35691
0.634255
1.13907
2.48851
2.19717
1.14471
0.355836
0.723414
2.86096
2.52132
0.780044
2.54799
0.256984
1.22443
2.57192
1.24459
1.30557
1.31856
0.585486
2.20057
2.36793
0.248973
2.19527
0.103505
1.80303
2.68227
0.746482
0.801393
1.23814
2.04343
1.9791
0.13962
0.729454
2.39472
0.557124
2.29648
2.51139
1.49386
1.84771
2.56968
0.735473
1.42637
0.985577
2.3082
0.867546
0.789073
1.05505
1.68093
0.609397
1.17611
1.74639
0.532301
1.3041
0.145429
1.08069
2.05335
0.560532
0.0258912
0.571504
1.79653
0.442767
0.864793
1.77593
2.24452
0.899364
2.86158
2.86818
0.774253
0.153985
2.74371
0.833375
2.69553
2.65506
0.371597
0.450993
1.13373
1.68864
0.735439
2.353
1.84176
2.80972
0.852275
0.357359
2.61485
0.338314
1.16853
1.64984
2.41801
2.05453
1.3043
2.05208
1.88739
1.71566
2.84082
0.847278
0.861253
0.14148
0.514854
1.99434
0.977796
1.44178
0.639022
0.604524
-0.390288
0.799843
0.393088
2.94937
2.80712
0.691483
0.78291
0.308318
2.43786
0.283021
-0.0501859
2.51132
2.69909
2.49559
2.21821
2.37106
1.60918
0.0495636
2.78594
0.420585
0.841489
2.78656
0.727765
0.374167
2.62177
0.233793
2.05386
1.89451
1.67471
1.12921
2.01676
0.610497
1.25112
2.70197
0.600655
0.609932
1.29357
1.70053
0.0460597
2.36322
0.317945
0.693366
1.3658
2.84705
2.77906
0.586839
0.0832525
0.695604
0.745576
1.51036
0.20839
1.4654
0.618376
0.628431
0.634911
0.323749
2.62047
0.678362
1.5471
1.00174
2.72818
1.58188
2.78262
2.3601
1.45263
0.191996
0.8067
0.18179
0.254259
1.33605
2.48289
1.56553
0.780229
0.802206
2.10372
2.69831
0.369621
1.42003
2.63228
0.753175
1.15443
2.04485
2.17453
0.67561
2.41844
2.34997
0.390504
0.136536
0.961608
2.75937
0.576611
1.26352
0.302339
0.830903
1.27491
2.09349
1.93115
0.586519
2.44216
0.188243
2.32759
1.64978
0.561319
0.524154
1.60394
2.23888
1.13621
1.33587
1.22877
0.42381
0.741278
1.83755
0.374291
0.781138
2.63453
1.49702
0.314126
0.773387
0.85535
1.17956
0.550123
0.869257
1.09792
2.76112
0.0289323
0.620291
1.88994
0.943678
1.18665
0.380468
0.710577
0.692219
2.30639
0.555985
0.838685
1.09944
0.355714
2.30109
3.00272
2.97179
0.0453476
0.682208
2.57005
0.863749
1.18522
0.278215
0.579324
0.237013
0.558926
1.03835
0.48488
0.646739
0.425056
0.186626
1.50878
1.45511
1.62151
1.18314
0.622275
0.87007
0.86176
2.6698
2.56565
0.744963
0.191141
2.11048
1.76986
0.802758
0.660348
1.81216
-0.421576
2.6309
0.802663
2.88722
1.10015
1.99971
1.13768
0.76722
0.892569
2.70897
2.7356
0.925361
0.122012
2.67079
1.98077
0.495377
1.73961
2.83925
1.2163
2.04697
1.04746
1.19295
0.21451
0.684052
2.4867
0.603127
1.35556
2.63947
1.09955
2.64444
1.82131
2.12338
0.380416
1.58407
0.6844
0.612046
0.542575
0.492825
1.71171
2.61678
0.185285
2.39361
0.101985
2.71857
0.679835
1.26371
0.968477
1.8128
0.718268
0.724128
0.372685
0.385753
0.120418
2.50969
2.39965
0.310423
0.249857
1.77234
2.65975
2.02427
0.320571
2.6718
1.81959
0.0919475
2.72823
0.414347
0.357835
2.06213
0.782948
0.961449
1.81351
1.13468
0.740307
2.08075
1.5261
0.587443
0.377913
2.88078
0.318396
2.71445
0.128729
0.672609
0.573622
2.91625
1.25353
0.612399
1.37293
1.02728
0.171478
0.418932
1.43874
0.838915
1.66447
0.566564
0.556259
0.782528
0.74806
0.135834
2.87225
1.69846
0.538771
1.23864
0.509557
2.3113
0.745341
1.18546
0.811303
2.73913
0.101911
0.62206
0.962759
1.08819
0.530375
0.118703
0.502322
0.385214
1.88094
0.784742
0.396424
1.12956
-0.198701
1.4844
0.873033
-0.439822
0.434619
1.11637
0.81663
2.78947
0.96993
0.386587
1.49446
0.133467
2.24889
2.50922
0.607358
1.74533
2.527
2.70341
0.728743
-0.213874
2.40239
0.59466
0.603376
0.758166
0.774056
1.0797
1.76705
0.248581
2.92424
0.194843
0.226591
2.24763
0.126005
1.34732
1.99955
1.51337
1.08244
1.16643
0.685041
1.65853
2.17665
1.02131
0.722111
1.57341
0.875029
2.62563
0.870584
0.0569168
0.38178
2.62696
0.691389
0.527787
1.40444
1.21601
0.659639
1.00484
2.07612
0.19861
2.02276
2.58059
1.35256
2.11501
1.61548
0.891787
0.647739
1.18755
0.599102
1.41297
0.595458
2.42564
2.80195
0.141463
0.71827
0.664324
1.37848
0.614664
0.341079
-0.153412
0.388229
2.66771
0.398107
0.114231
2.51689
0.564706
0.837262
2.66244
0.435268
2.49335
2.23168
0.698486
0.397829
0.714433
-0.00833304
0.58809
0.398941
2.61766
1.17004
0.149547
0.485665
0.196758
0.11283
2.3201
1.10213
2.6781
0.509282
0.805729
2.68446
0.419486
0.334228
2.59363
0.10129
2.8247
0.749143
0.791236
0.252192
0.15486
2.83661
0.173879
0.170999
0.228006
0.459785
1.24622
0.408328
0.38295
2.37497
2.32788
1.78735
1.37575
1.76008
0.42601
2.40883
0.395028
0.0991172
0.325838
0.463851
0.608501
2.71898
2.13091
2.2203
2.62245
2.18665
0.386988
0.49076
2.88604
0.807339
1.44341
2.28849
2.45801
1.27952
0.644999
0.988762
0.930045
0.930542
0.728508
2.72777
0.822741
2.32597
2.8713
2.10943
1.59344
1.71433
0.431528
1.46159
2.74043
0.410983
0.841821
0.709296
0.889792
2.68739
0.606063
2.62371
2.36665
0.457982
0.563743
2.93268
0.810229
3.11815
1.60315
2.29847
0.271437
2.06214
0.51634
0.656003
0.838644
2.30576
1.23724
1.06126
0.36298
2.69698
0.874356
1.16164
2.8857
0.705756
0.273625
2.63406
2.35974
2.67806
1.0146
0.384478
0.842952
0.487678
1.18338
1.69139
0.658963
0.570876
0.596346
2.12652
1.37939
2.38546
0.780663
1.59063
2.78171
0.699281
0.39351
1.18766
0.460205
0.696398
0.70485
2.47926
2.73916
2.77872
2.57691
2.32071
1.13818
1.47695
0.520368
1.49148
0.557951
2.82772
0.452621
0.889025
0.59767
0.664633
1.12228
1.12008
1.60553
0.507047
0.22412
2.70104
2.16891
1.74447
0.590074
2.73235
1.74173
0.154417
-0.269327
1.46502
1.99471
1.25263
0.780858
1.5298
0.0870918
1.00761
0.823397
1.72164
0.135478
0.835884
0.373301
0.687899
0.317795
1.57462
1.94348
0.180241
0.193075
0.971715
0.538729
2.74342
0.738107
0.661025
1.44998
0.770009
0.398715
0.833041
0.738857
0.966515
1.02849
2.01874
0.826653
0.578107
0.180165
1.86004
2.60511
0.00668604
2.66191
0.361782
1.9797
0.0514908
0.805486
2.6693
-0.118926
0.191243
2.51897
1.74965
0.835266
0.784681
0.809153
0.0772471
1.58598
2.66416
1.16824
0.576967
0.0863295
0.132602
2.70196
2.20941
1.06279
0.82128
0.808604
0.400283
1.3811
2.8205
0.403659
2.42064
1.57208
1.12555
0.44389
1.41034
0.585881
1.17332
1.61249
0.546862
1.83432
2.89833
0.834287
0.119058
2.64741
0.598478
1.35106
0.777968
2.03983
2.31874
2.59759
1.82662
2.67272
1.11177
0.878754
1.1135
2.90174
2.00372
0.0799977
0.665706
2.07307
0.152999
2.34905
0.494472
2.30905
0.900497
2.64093
1.14587
0.494741
0.171554
1.31242
1.84938
2.88023
1.13191
2.03762
0.73574
0.230322
2.53611
0.243931
1.53648
0.413506
0.862378
1.7559
0.477062
1.06979
1.6158
0.83733
0.659174
0.220359
2.54889
2.69641
0.50253
1.14818
1.15068
1.98959
0.54099
0.70792
0.722446
0.630913
0.656419
2.36308
0.979875
0.540044
1.99448
0.445416
2.73192
1.26913
2.54677
0.906929
1.62409
0.736956
2.36858
0.826819
1.10583
0.656158
0.829574
1.83391
2.4391
0.709053
1.30892
0.730402
1.14457
-0.143835
0.435617
0.229077
1.7839
1.30736
2.5054
2.51313
0.83502
0.33804
0.32815
2.77458
1.67269
0.459102
1.47504
1.04011
0.60101
0.542553
2.85141
0.134555
0.531358
0.67286
0.443837
2.77093
2.56434
0.167377
0.127052
0.64028
1.65553
1.10268
0.382533
1.8185
1.94378
1.12517
1.71954
1.81629
0.166241
0.200954
0.823834
0.547235
0.108284
0.394118
2.41086
2.63345
0.699876
3.28475
0.868343
2.32345
1.25192
1.36813
0.440856
0.739363
2.33065
1.82744
1.93471
1.42204
1.36677
0.866909
0.757345
0.931622
0.374685
0.113826
1.1489
1.44154
1.15055
2.81278
0.701816
0.838865
1.24569
-0.184589
1.07646
1.43267
2.57423
0.478836
2.62501
1.68234
2.27986
1.96822
2.61872
1.33299
2.68333
0.612261
0.692239
2.62669
2.70418
0.431636
1.16848
0.373803
1.69093
1.117
0.338601
2.02608
1.26599
2.70245
0.0167793
2.49395
0.0982512
1.73598
1.82017
0.364749
0.45629
2.32807
1.85491
0.0411076
0.706923
1.05645
0.701963
3.17244
2.40421
1.69707
1.52957
1.09578
1.45055
0.282346
0.878968
0.249398
0.555789
1.1039
2.59
0.545095
2.7248
0.0605704
0.565811
0.880451
0.454278
0.349324
0.126856
2.50861
1.36863
1.14888
0.87868
0.307713
0.499255
2.24116
2.18027
-0.371917
2.81009
1.11565
0.445118
0.226559
0.319184
2.45099
1.14881
0.360636
0.0315239
2.67566
0.457871
0.551578
0.723895
0.284748
2.43089
1.30007
1.14426
1.02792
2.74965
2.2932
1.35713
0.675165
0.201684
0.384657
0.742949
2.53848
0.929595
1.99117
1.9995
0.688239
0.728627
0.880412
1.17523
0.228418
1.07273
1.02104
2.36634
0.668473
1.18519
0.491634
0.421996
0.601945
2.00813
1.71436
0.149244
0.13756
1.93524
2.73895
0.56658
0.639803
0.248157
0.806407
0.440505
0.924237
0.543324
0.785053
0.385844
1.36275
0.837786
0.191418
0.464513
2.19584
0.566091
1.8228
2.6348
1.16734
0.594923
0.838643
2.70499
0.203467
0.590905
0.430843
2.86575
0.786027
0.566002
2.52648
0.701402
1.18222
0.399252
0.717427
0.840158
1.15057
1.56593
2.55906
1.86112
0.816738
1.19061
0.593377
-0.478931
2.01695
2.76461
1.33668
1.83441
0.815835
0.647145
2.3216
2.55855
-0.0829624
2.7057
2.56326
2.85907
1.69543
2.68437
-0.10825
1.22995
0.644009
0.582711
0.826695
2.24078
2.89112
2.80894
0.208446
0.404157
2.75824
-0.361649
2.35636
2.27708
0.586645
2.001
1.14703
0.782419
2.35046
2.55503
0.594418
1.42125
0.669937
0.700922
2.54148
0.409652
0.287677
0.719938
2.25411
-0.44431
0.404682
0.59053
0.505648
0.815605
1.36262
2.326
0.625116
0.118131
0.564077
0.586239
0.564106
2.74711
0.677831
2.77636
0.837855
2.20438
1.43497
1.24779
2.61832
0.0970481
0.853845
0.290646
1.23579
1.28653
0.860687
1.15182
0.675097
1.11658
1.14646
0.196697
0.51051
1.17572
2.67838
0.398016
0.801878
0.62682
0.720419
0.294786
1.1454
2.47975
1.34655
0.918251
2.37873
0.273496
2.52578
0.563927
2.28219
0.812948
1.18749
2.58731
0.255989
2.3471
1.09401
0.882444
0.596973
0.811759
2.72588
2.95358
2.60064
0.858831
2.5032
0.402409
0.596191
0.814108
2.60399
1.08501
2.21554
0.743008
0.399011
0.627739
1.24889
0.835385
0.775828
0.677505
0.376337
2.89913
2.692
2.18328
1.43088
0.131448
2.4962
2.80601
1.20837
1.16966
2.50162
1.2477
1.96587
-0.46134
0.285057
0.804747
2.15463
0.61943
2.30664
1.37096
0.867779
1.70233
2.79314
0.688087
2.49006
2.77495
0.651095
2.29902
1.15564
0.878558
0.344503
0.93503
0.0935343
1.35646
0.625297
0.340455
2.07427
1.76253
0.407141
2.57063
0.687341
0.40024
2.35113
1.17557
2.51134
2.83017
0.580761
1.14373
2.43001
2.44209
2.85382
2.52571
2.58288
0.526721
1.52095
2.48122
2.72564
0.579118
1.55602
0.877679
0.893298
1.40566
2.31914
1.11851
1.80023
1.46069
2.00435
0.685426
1.16244
0.849641
2.4604
0.852233
0.768646
1.2828
1.98316
1.41236
0.831512
0.67427
2.35939
0.779289
0.709349
2.53208
1.97012
0.0449018
0.856547
2.58405
0.113745
2.88226
0.790106
2.1178
1.15794
0.900138
2.95984
1.2821
1.09846
1.23925
0.580075
0.336738
2.76137
0.203085
0.424215
0.306821
0.249153
1.14422
1.45353
1.19053
1.36949
1.28227
0.183092
0.813213
2.57925
0.099083
1.98725
1.29914
1.53142
0.82044
1.7441
0.185841
1.78983
0.676289
0.868497
0.788614
2.43764
2.7079
1.30993
0.215707
1.66219
1.83232
0.0862701
2.62179
0.422615
0.318784
2.48509
0.095401
1.82614
2.62069
0.845055
0.0526001
0.0809829
0.691212
1.58921
1.96998
0.782742
2.82246
0.314813
2.74413
1.86021
0.375294
1.58636
0.723234
1.06781
0.473815
1.31291
1.14019
2.37899
1.03631
1.04765
1.30475
1.73119
1.08799
2.61549
0.826588
2.14103
1.47096
2.65661
2.6335
2.15318
1.08816
2.94536
2.2724
0.401539
2.64734
0.192196
0.543738
2.90068
2.55963
0.724082
1.25489
0.216685
2.67041
3.09427
0.968844
0.927953
1.54211
0.823852
2.00826
2.60244
0.767176
0.419452
1.4602
2.17204
0.0142074
1.74361
0.156247
0.560387
0.839464
0.36311
1.81666
0.916024
0.196623
2.76683
0.445276
0.487578
2.68087
0.687601
0.539859
0.380537
0.556906
3.03441
0.260701
0.763822
2.1994
2.6979
2.89402
0.0106979
0.382464
2.71103
1.14078
0.0111892
1.93444
1.59962
0.832541
0.469497
0.192013
0.622044
1.14848
0.511308
1.1842
1.44417
1.74977
1.24043
0.807546
2.7235
1.31635
0.834112
0.423763
2.56044
2.38178
2.63632
2.50996
1.30578
1.55046
1.28191
0.243027
0.380308
0.412283
2.84616
0.201736
0.834849
1.02873
0.161807
2.72017
1.73552
1.36718
0.854847
0.236653
1.08076
1.79197
1.07749
2.47979
0.356231
1.64044
1.06181
2.74478
0.80477
2.31573
1.68018
0.696514
2.43405
0.149739
0.385
1.5854
0.688192
1.80514
2.74499
2.5084
2.38266
2.35583
0.811011
0.777159
0.696544
1.24556
1.63047
0.658339
1.50365
0.339104
2.03213
1.43412
0.983636
-0.478379
0.382114
0.565746
0.428522
2.60596
0.883406
2.61436
1.64175
2.3166
0.753896
2.57973
2.75064
0.578304
0.897775
2.31779
0.684042
0.205966
2.55785
0.109176
0.741162
2.37181
0.149567
2.85761
2.88992
0.623927
1.1452
0.191024
0.512487
0.17089
1.14588
0.765724
1.47427
2.41328
0.699287
1.59873
0.722898
0.601783
0.717353
0.631968
1.03309
0.0181489
0.250169
0.353082
0.766998
2.46633
2.71103
0.889805
0.697708
1.15698
0.598641
2.80665
0.458866
1.09507
2.60656
0.869814
0.568016
0.363072
0.882456
2.46625
0.805904
1.02299
0.608569
0.605451
2.1174
2.74278
1.23671
0.710182
0.39569
-0.471578
0.515897
0.547108
0.726733
0.258874
0.04683
1.47662
0.81881
2.41984
0.865302
0.567917
2.71168
0.412464
1.21397
1.08667
2.34346
0.29495
0.822361
1.51157
2.46716
0.857892
2.63802
1.49306
0.136163
0.650721
0.405906
0.240869
0.215712
2.02012
1.74664
0.653636
1.72632
0.279632
0.833958
0.672244
0.724615
0.335472
2.82727
0.837493
2.96577
0.818434
2.35094
2.04366
2.93443
0.592108
1.07241
1.70352
1.54564
1.25222
2.72256
2.42148
1.37931
0.744592
0.173111
0.462354
0.483235
1.78465
0.522328
0.152084
1.07183
2.72229
0.786972
2.20502
1.43038
1.57491
2.70497
0.852125
2.03517
0.89326
0.816573
0.549317
2.55721
1.55449
0.73335
0.739001
0.82424
2.33449
2.59532
0.807333
1.34379
1.41816
0.653702
0.287541
0.646708
2.3244
1.64254
0.210387
0.401624
0.456524
0.51525
0.111727
2.84807
0.289104
1.44429
0.468527
0.66053
1.459
0.835302
0.294829
2.32021
0.202726
2.65625
0.56149
1.00418
1.28145
1.40892
0.367595
2.37273
1.3184
2.4593
2.72645
0.751744
1.37297
1.21893
1.36311
2.43059
0.845076
0.470864
0.960282
0.434129
1.1868
1.41329
2.66419
0.744236
0.395089
1.1202
1.20564
2.76664
1.19213
0.765459
0.57747
0.439827
2.38373
0.391743
2.18349
1.38156
0.57247
0.332604
0.49254
0.668714
0.197566
0.202603
0.530421
1.28152
0.803062
2.55805
0.355854
0.548125
0.792866
1.6203
1.17701
0.758893
0.303103
2.68263
0.425682
2.11979
1.43634
0.41408
0.889263
2.55074
1.13757
0.072965
0.199974
1.61956
0.858541
0.848049
0.410031
0.792238
0.610188
0.0897285
0.548103
0.904335
0.317283
1.64445
0.362082
0.52178
0.568335
0.135994
0.686119
0.748008
0.426371
0.354136
0.962069
1.38102
0.358466
0.548363
0.510793
1.20225
2.33557
0.148602
1.19935
0.202208
2.74542
0.378979
2.11086
2.12141
1.17269
0.759813
2.58227
1.16132
0.490301
0.624417
0.872414
2.68919
0.059171
0.790264
1.17729
1.70019
2.96888
0.726655
0.856595
0.623427
2.61292
0.275437
2.33211
0.574517
0.647904
0.807507
2.10132
1.16438
0.8627
0.540445
2.39311
2.36624
0.846022
0.539066
1.69129
0.789734
2.93809
1.13504
0.544396
1.60579
2.27091
1.08054
2.47511
2.48741
1.19863
-0.449805
1.30752
1.10547
2.03249
2.10178
1.05828
0.0967469
1.37446
0.739094
0.807551
1.28888
1.5956
1.21072
0.723127
0.123383
1.53018
2.67245
1.34847
0.778956
1.43876
0.590131
1.44638
2.8084
2.70054
2.43192
1.40569
1.58831
0.615508
0.121224
0.780195
1.36459
0.845023
0.693684
-0.0474096
2.73197
0.894773
0.725728
1.80097
0.95045
1.68024
1.58631
0.14063
0.734731
0.827163
0.702821
0.250985
1.47008
0.381558
2.58746
2.86097
1.46992
0.602314
0.634497
0.737193
1.09035
0.834455
0.0185771
1.85034
2.48476
2.96536
1.14696
1.79911
0.56115
0.550176
0.12887
0.659913
0.866135
0.338764
1.08317
2.88979
1.18669
0.709124
0.112807
0.725987
2.82533
0.197594
1.20638
0.83303
2.67585
1.30161
1.80247
2.71179
0.695436
2.15914
1.28199
2.46481
1.6412
0.304889
0.0732568
0.507515
0.162803
1.90975
0.588355
1.98581
1.07102
2.74213
1.74917
0.830266
2.29616
2.12492
0.858748
-0.0676692
0.563099
0.588617
1.27093
0.426182
1.37418
2.67987
2.72501
0.158624
1.41905
0.688512
0.896428
0.173616
2.44908
0.891037
2.50118
2.37154
0.9242
0.38742
0.170351
0.345226
0.363717
0.744135
1.84948
2.66883
1.8172
0.181686
2.45864
2.26182
0.463753
1.60316
0.738789
1.31999
0.831067
0.5402
0.836441
1.06864
1.71683
0.759268
0.768077
2.57575
2.44172
0.584443
0.988299
0.846608
0.279449
0.748647
2.37751
1.46234
0.349717
1.07773
0.385665
0.942465
2.75093
2.72093
0.12266
0.817926
0.56029
2.74669
0.465999
0.311428
2.67724
0.516249
1.08395
0.777957
0.897918
2.53872
2.69182
1.11756
2.27351
0.799664
2.60108
1.19515
0.798124
1.10948
0.529081
2.66624
2.844
1.34007
0.300542
2.46309
2.34534
0.795044
0.761332
2.33778
1.9929
0.865098
0.368497
1.45489
2.38845
2.78274
0.843603
0.651653
2.80439
2.71345
0.799383
1.47198
2.99658
2.82931
0.823707
2.69993
0.834336
2.61136
0.580153
0.674231
0.184396
2.17785
0.137941
0.684781
0.334627
2.50232
0.177071
0.836342
0.095299
0.683538
1.27353
2.22281
1.09438
0.846719
1.46181
0.378916
2.45546
0.442955
0.116019
0.963177
0.385971
0.445737
1.03502
0.114279
1.27204
1.98295
0.264486
1.50398
1.83486
0.15176
0.894535
0.41997
2.82541
0.842113
2.32242
0.889113
0.713806
2.63774
0.16752
1.24481
0.558879
1.15057
2.38731
1.30374
0.520801
2.78031
0.195374
0.750705
1.31379
0.878861
2.42431
2.51231
0.188605
2.39191
2.22416
1.2719
1.53707
0.623997
0.488552
0.35274
1.84155
0.754602
0.530597
2.22713
2.55134
1.15446
0.686369
1.44574
0.0385955
2.52541
2.56921
1.89116
0.601804
0.677778
0.438206
1.50653
0.359011
2.63184
2.16531
0.645665
0.645479
0.645064
0.127938
1.21701
2.25673
2.9334
2.19962
0.544147
-0.458623
1.33148
0.265672
0.540782
0.0449283
1.70926
2.60992
0.114807
0.827111
0.746135
2.04016
0.879607
0.558945
2.65012
0.3185
0.0743509
0.472971
1.7278
2.74675
1.35253
2.76897
0.711672
2.72443
0.14827
0.462486
2.80363
1.2037
2.60171
0.845521
0.0365068
1.85884
0.290706
0.165132
1.23089
0.172525
2.73786
1.69043
0.98383
2.66085
2.26374
0.862149
1.17729
2.33921
2.07756
0.2024
0.485683
0.97604
2.32171
0.112848
0.114637
0.354153
2.79278
2.4602
1.9258
0.143409
0.146223
0.195789
0.733778
0.468265
1.54667
1.1847
0.893185
0.343631
0.176696
0.714904
1.50306
2.72703
1.15714
2.56888
2.70821
1.4812
1.7596
0.768397
1.76237
0.129785
1.20366
0.376438
0.648195
-0.118538
2.52078
2.14694
0.487039
2.57383
0.780072
2.69904
1.31858
0.651145
1.04869
0.344068
1.5258
0.856697
0.297473
0.658388
2.6023
0.664883
0.999361
0.945343
2.36564
0.941373
0.725238
1.36568
2.13232
1.36878
0.683089
0.0539569
2.55938
0.492139
0.66064
0.862759
0.554252
-0.314988
0.755252
1.5532
0.379483
0.455435
1.44893
2.61775
-0.025981
0.693839
2.59158
1.57402
0.713646
2.48117
0.0978514
1.54956
2.6546
0.90094
0.147383
0.746205
0.428904
1.17324
0.613937
1.51214
1.50773
1.39977
1.41302
0.798978
1.25691
2.15594
2.88219
0.808398
0.876633
0.37801
0.51119
2.61752
1.57252
0.761827
2.34261
2.83097
2.5954
1.09199
0.796274
0.52413
2.69254
0.340345
2.82178
0.716962
0.751124
1.18088
2.68565
1.82874
2.58615
0.145754
1.94914
2.13888
0.535551
0.119053
0.364072
2.43172
1.61717
0.121301
0.857994
0.0448123
1.45732
-0.472789
1.49774
0.89373
1.75137
2.72246
0.39199
1.15278
1.20318
0.671712
1.65714
2.12257
1.38403
0.144885
0.552142
0.322036
1.1257
0.883451
1.22377
0.790069
1.96051
0.385145
0.672514
2.8684
2.88821
2.92966
0.131673
0.378302
0.842433
1.19851
3.00723
1.21886
1.29887
1.28744
0.886686
0.558269
0.887849
0.73475
1.19314
-0.268363
0.060892
1.85829
0.843474
-0.474384
1.96253
0.88796
0.898051
1.40672
0.367797
0.542425
0.803584
1.92665
1.61112
0.445155
0.423708
2.81149
2.60047
0.804519
0.890763
0.186539
0.625017
0.203751
0.351955
1.29132
1.18387
0.730034
2.21164
0.713468
2.64629
0.116215
2.39898
1.39849
0.991686
0.262868
0.458165
0.453671
0.655036
0.359698
2.61876
1.11925
2.65789
0.816045
0.4456
1.17704
0.537763
0.985527
0.195773
1.11619
0.9242
0.896716
0.878143
0.538386
0.573864
1.47692
2.1261
1.27636
1.12616
0.200005
2.37646
1.15332
1.41556
0.337686
0.582049
0.431584
2.66805
1.78693
1.42252
0.0718477
2.26436
2.60485
0.592312
2.59299
0.95957
2.92654
2.83491
1.0336
1.97062
0.294943
1.20408
1.63402
2.67384
2.41471
0.29552
2.73599
2.67974
0.853865
0.447525
1.51872
0.887429
0.587532
2.44097
0.517581
2.50686
0.531228
2.60007
0.825433
0.817784
0.759306
2.63749
2.50375
0.150121
0.377813
2.46598
2.51599
0.448472
1.19136
1.29302
2.65533
2.69895
1.38014
1.19001
0.601954
1.35262
0.824647
0.85057
2.86865
1.22887
0.433801
2.85993
0.860338
1.51244
0.81589
2.33149
0.378069
1.19173
0.200293
1.97133
2.54049
1.15688
0.122288
2.93937
0.972331
0.129785
2.45346
2.15524
0.594605
0.386628
0.893488
0.589376
0.436805
1.26459
0.804294
1.97223
0.747746
2.72533
1.38667
2.89644
0.793803
1.44464
1.98037
1.64161
0.46831
2.05758
0.742728
2.62652
0.550123
0.0175161
1.12249
0.286352
1.74743
1.16986
0.175555
0.36872
1.22645
0.084143
2.48784
0.735958
0.583496
0.18152
0.762934
0.887742
0.682115
2.67418
0.755337
1.17331
0.696489
2.70568
0.172395
1.83306
0.217912
2.53193
0.57245
2.86
1.01906
0.437419
0.217845
0.13024
2.16661
0.776617
0.146533
2.3279
1.12375
2.78404
0.597752
0.533023
0.941372
1.89059
1.32457
1.16968
0.843537
0.336081
0.784632
3.00507
0.558491
2.55547
2.582
0.55271
0.467518
2.57153
2.33105
1.67988
0.484112
2.69721
0.780923
2.3679
1.74637
1.97716
1.36062
0.0172721
2.18328
1.38872
0.085695
0.286042
0.46448
1.22069
0.729643
0.397241
0.682931
0.581662
1.6298
0.386287
2.5967
1.90475
0.788673
1.42134
0.140577
0.953681
0.48362
1.83097
1.46126
2.0935
2.38982
2.51924
2.66375
0.55762
0.774474
0.486781
1.86162
0.356201
0.429521
0.107531
0.140396
1.24469
0.698345
2.91075
1.61059
0.624123
1.33904
2.83993
0.549959
0.604761
2.70209
1.22321
2.72645
0.191158
0.0918213
0.0540527
2.67637
1.432
2.72057
2.16875
1.4045
0.822211
2.13016
2.50963
2.47855
2.74977
1.01493
1.55205
0.872821
1.18857
0.731844
0.530222
1.15173
0.0116063
1.24647
0.688455
2.27274
1.77148
1.20224
1.30215
0.861592
0.683952
2.67833
0.438768
0.154825
1.5025
1.03561
2.1303
0.775222
0.645702
2.08875
2.75293
0.601296
0.839907
1.04814
2.58667
0.344695
0.214202
0.36197
0.424799
2.32951
1.201
0.471941
0.308478
2.3976
2.60495
-0.34133
1.11477
1.38299
0.525822
2.34281
2.60184
0.535251
2.35542
0.890042
1.30914
0.990146
0.180905
0.850505
0.303466
1.18813
0.819967
2.64833
2.41321
2.49879
2.76652
1.36774
2.40957
0.186056
0.879831
0.617232
1.25889
2.72618
0.3692
0.73185
1.78041
0.588491
2.021
1.13924
2.00644
0.273745
2.09878
1.71486
2.85851
2.58327
1.75485
1.56688
1.0576
0.85593
1.2442
1.99577
0.306635
2.70422
0.932518
0.621732
0.349011
1.31374
2.38795
2.10622
2.53948
0.471614
2.17271
2.63119
0.747893
0.980442
0.822646
0.788018
2.92445
1.78733
0.42726
1.62141
1.49446
0.900927
2.51033
0.153019
1.96192
0.751715
1.61116
0.482062
0.519297
0.554265
0.255834
1.31749
0.215866
0.220609
1.85956
2.91443
0.372399
0.0194222
0.842644
0.810058
3.01283
0.126875
1.40397
0.845965
2.10632
0.235709
0.78818
0.751043
2.59997
2.72628
1.29927
0.11962
0.273531
1.26561
0.360439
2.90903
1.02203
0.194686
1.1215
1.98303
2.82686
0.651242
2.62237
1.09787
2.70089
0.860611
1.85383
0.783466
1.74053
1.34621
1.34529
0.579535
1.46206
0.264876
1.17297
0.394087
0.307375
1.61418
1.06347
2.39032
0.901273
1.44859
2.88372
0.822184
0.286045
0.379358
0.913611
0.829647
1.0863
1.4095
-0.478332
0.828007
2.18666
0.60406
2.52181
0.729946
2.24629
1.03558
0.108857
0.658388
2.02834
1.67642
2.58938
0.463907
1.81715
0.816567
2.69319
1.21973
0.806905
1.64018
2.19909
0.53093
1.10927
0.545554
0.879089
2.57459
2.61455
2.50009
1.32891
2.40754
1.70968
0.808988
0.836003
2.48608
0.429445
1.32991
2.50028
1.71378
2.08895
0.946179
1.11705
1.89412
0.000631719
2.7071
0.738127
2.42191
2.51644
0.329707
0.476467
0.361604
0.348654
2.56013
0.619943
0.580815
2.22721
1.87767
0.365237
0.879083
0.933149
0.589782
0.143294
2.35538
0.131814
0.363509
2.66293
2.04095
2.7911
3.03964
0.885961
1.97145
0.574344
1.7782
0.564107
0.445999
2.37959
0.885462
1.90418
0.579095
0.421659
0.314883
2.44335
1.28042
0.80361
0.704955
0.0617727
1.52821
0.520715
0.59576
0.581317
2.70772
0.532571
1.67946
2.5053
2.39558
0.820411
1.62167
0.837476
1.43609
2.73861
2.47786
2.3722
0.664762
1.37705
0.234821
1.83949
2.29477
0.186969
2.47682
1.15438
0.26991
0.733162
0.843994
0.703739
2.37146
1.08192
0.5131
0.881943
0.883737
2.70917
0.627519
0.22928
2.36769
0.75341
0.817796
0.747533
2.59731
2.73721
0.556429
0.563997
2.98387
1.75485
0.762579
0.4002
0.767938
2.46924
2.12912
0.164161
2.59314
0.393996
2.26555
0.175555
2.08284
0.886097
2.38377
2.40771
1.97027
0.368546
0.769727
2.51081
0.886307
1.96126
0.454498
-0.36736
0.259516
0.858689
1.22857
0.568109
1.30315
0.217621
1.409
0.729413
2.60826
1.59863
0.471219
0.841202
0.305425
1.41368
0.820617
2.45724
0.746128
0.480509
0.313275
1.16809
2.68301
1.32915
0.893624
0.689056
0.841271
1.53923
1.38634
0.699199
2.51572
0.86257
0.135348
1.76077
0.546932
0.70482
1.40535
1.0253
2.10981
1.54794
0.384224
1.84339
2.77782
0.846608
1.28873
2.14545
2.64372
0.499905
0.861674
1.52859
1.26842
0.458903
1.26169
3.35852
1.7305
0.856701
1.42932
1.20969
0.728237
1.111
0.854997
2.57688
1.0508
0.55598
0.737555
1.80197
1.88009
0.686984
0.856718
2.50066
2.69449
1.84107
1.20224
1.81545
0.581121
2.69703
0.716843
0.391526
0.708949
2.5288
2.73482
2.69791
0.572684
0.596361
0.813911
0.688904
1.73488
0.486649
2.50093
1.51842
1.38991
0.288295
0.207464
0.350096
2.02536
1.36491
1.16825
2.75856
1.43643
1.20911
0.502905
1.35933
1.1787
0.368418
1.44048
0.855728
0.599603
1.82959
2.33259
0.612852
2.7157
1.60957
1.14851
0.331712
2.74008
1.12353
1.07825
0.499989
1.96814
2.84434
0.790903
0.635972
0.807166
1.34005
2.66133
2.9022
0.828271
0.885728
2.42034
0.544104
0.0106212
0.46652
2.70359
2.20153
2.64473
1.10619
2.97363
2.04244
2.71748
1.89751
1.47585
1.92682
0.47631
1.68312
2.34595
1.79001
2.75184
0.915421
1.96629
0.594993
2.33751
0.55537
0.804955
2.72122
1.25876
0.350744
0.889584
0.492701
2.60008
0.601888
0.860208
0.421413
1.17265
2.61894
2.70973
0.255494
0.480043
2.60212
1.31669
1.20451
1.53087
0.0878089
1.65043
0.859623
0.209262
1.05628
0.690633
2.70375
2.37738
0.883244
2.24283
0.14936
0.890706
1.80844
1.06217
0.606069
0.862956
0.660016
2.60843
1.76511
2.31078
2.64429
2.8357
2.57965
2.03472
2.62296
0.442474
1.34787
0.198483
2.43216
0.184264
0.141794
0.257077
1.45533
0.392165
0.566112
0.238235
2.18004
0.786238
1.2494
1.46616
0.666163
2.30624
0.456209
0.80273
2.52719
0.653609
0.875445
0.908577
1.18792
0.126542
0.979345
0.376893
0.285388
2.66152
2.53009
1.32189
1.54052
0.34769
0.539512
2.87892
1.13404
0.536583
0.0799202
0.883753
1.87731
0.792643
0.86668
0.98154
0.566849
1.85123
0.897443
0.719308
2.44611
0.0175051
0.570775
2.22506
0.142835
0.295182
0.77428
1.93668
1.42711
1.85166
0.588118
2.43555
0.672545
0.886161
2.54171
1.58641
0.567494
0.660223
2.91228
1.96296
2.11315
0.386224
0.542255
2.3936
0.869247
1.31277
0.806174
1.17535
0.253566
2.79225
2.30973
0.658517
0.788575
1.31775
0.655431
0.189469
0.768176
0.600827
0.326968
0.8239
0.709058
2.45618
1.61326
0.778992
2.81104
1.47687
0.918141
2.52077
0.470562
0.836829
0.309529
0.202937
1.98021
0.259966
0.65064
0.251741
0.774932
0.782957
2.297
2.1066
0.60169
0.895228
0.688937
0.0123579
0.283637
2.55327
1.19691
2.8339
1.83307
0.702756
0.41372
0.837066
0.414454
1.89286
1.77817
2.68491
0.0471704
2.38693
0.594065
2.68811
0.448099
0.889934
2.76538
0.727581
2.69931
0.749037
1.49601
0.889037
1.05924
0.358301
0.605414
1.90328
2.46817
1.86316
0.127393
0.459042
0.273193
0.541818
2.54729
0.4359
1.37672
0.512277
0.879439
2.7058
1.14739
2.71242
0.430633
0.90142
0.71204
1.43591
0.0214587
0.0207881
1.29299
3.08473
0.0752145
0.76694
0.603088
0.847727
0.204822
1.86824
2.01068
1.78032
1.55964
0.313233
2.25938
2.68253
2.74561
1.21809
2.70738
2.76724
2.36146
1.38984
0.923438
1.08348
1.36908
0.800041
0.439404
0.176071
1.16302
2.74458
0.841241
0.21679
1.1244
0.835512
0.648259
0.78332
2.68575
0.359405
0.170274
1.08484
0.526736
2.56746
1.2714
1.06325
0.969159
0.21099
1.10703
2.72323
2.7236
0.314246
2.54109
1.0769
0.0409523
0.725083
1.67685
2.13897
0.736584
0.534562
2.75103
2.94684
0.592276
0.0973341
0.304361
1.13588
1.12037
0.576056
2.45113
2.26901
0.760127
1.11227
0.246499
2.62738
0.187147
2.77623
0.336494
2.98659
0.583843
0.0185737
1.32963
2.34502
0.395952
1.62733
2.52246
1.96173
2.81432
0.192835
0.187642
0.184437
0.3732
0.710894
2.41226
2.75681
0.641331
0.756909
0.177309
1.21203
2.22242
2.43306
1.37553
0.776761
0.498446
0.965633
1.30427
0.537197
0.448069
0.542024
0.740187
1.16053
0.534115
0.18138
0.155507
0.799265
0.86643
0.0905088
2.68953
2.64462
0.869864
0.855086
0.138407
0.774586
2.84483
1.16509
0.918319
1.78602
0.732741
0.779783
2.49422
0.176535
0.115109
0.553333
2.37959
1.61793
0.476152
0.302079
1.23635
0.762327
0.856345
0.603444
2.07025
0.753634
1.61037
0.75257
0.173735
0.606019
0.19425
1.87136
0.527341
0.548114
1.46985
2.88188
0.097026
1.79198
2.07441
0.644393
2.58261
2.10201
1.7556
0.135912
2.60429
0.28863
2.62705
1.05295
0.427581
2.32004
2.64542
1.51853
1.71981
0.602264
2.56358
2.62974
0.842752
0.589526
1.34891
1.35687
1.14514
0.782158
0.382347
0.623209
0.558813
0.615191
2.70325
0.541751
1.41545
0.827665
1.91877
0.761909
1.90818
1.54672
2.58996
0.749106
0.802938
0.659704
0.482666
2.76302
0.871618
0.80022
1.18248
1.90307
1.8272
1.08858
1.51106
0.873421
2.72509
0.742522
0.8136
2.36658
2.49481
0.881814
0.81565
0.492426
2.75078
0.876499
2.64342
1.42682
0.389438
2.56476
2.09001
2.14948
2.19839
1.76342
0.30447
1.37786
0.392116
0.78948
0.223411
0.553319
0.323132
0.744323
2.32406
0.363911
0.12841
0.758494
1.37419
0.511946
2.49924
2.65375
0.617957
0.752376
1.41123
0.962913
1.50574
1.17712
-0.333828
0.770476
1.9652
2.74284
2.84754
1.12925
1.40166
1.47917
1.0887
1.20835
0.652184
0.340129
2.03582
1.90271
1.46616
0.215166
1.79877
1.62499
0.887577
0.864008
1.44581
0.570087
1.98752
0.242933
0.238913
1.08143
1.54214
0.145849
1.57106
0.842066
1.36423
2.70315
1.1775
0.603431
1.34379
0.642223
0.719505
1.38104
0.582247
0.59938
0.540403
2.31607
2.63515
0.638796
1.62563
2.88781
0.854241
1.3203
1.20012
0.856872
0.877952
0.592989
0.309417
0.258783
2.83773
0.100043
0.965155
0.740387
0.357953
0.292544
0.896501
0.828412
1.33901
0.085132
1.29762
0.715552
2.88037
0.148842
1.26592
0.51766
0.848009
0.600356
2.61151
2.93498
0.826214
0.738805
2.32498
2.81276
0.392814
0.755888
2.01315
2.47503
0.875077
0.0866882
2.20075
1.28375
2.88404
0.74356
-0.249347
0.612268
1.74625
0.826455
2.8088
1.16101
0.424449
0.806472
-0.357832
2.58299
0.281267
0.637876
2.18236
0.200636
1.32865
2.67145
0.548083
1.07355
0.938312
0.804812
2.67034
0.180927
1.79947
1.43968
2.61478
2.61897
0.0129694
0.813086
1.44787
0.819246
2.59319
0.197919
2.5939
0.544529
0.595641
0.238526
1.13888
0.583599
1.80187
2.65636
0.898958
0.842911
1.91881
2.31057
0.309586
0.230654
0.179631
0.131174
0.274967
1.07231
2.1785
0.645752
2.43978
1.11096
2.5212
1.40347
0.433985
0.846575
1.84164
2.1642
0.275842
0.429591
0.808228
1.75693
0.326586
1.32943
0.621255
-0.298347
1.18183
0.903818
0.521558
2.21175
0.616413
2.37422
2.74313
0.551265
0.657649
0.372861
2.60566
0.827159
0.507922
2.18676
2.53386
2.75724
1.34404
2.7574
0.793531
0.774724
2.07667
0.817012
1.18081
0.549058
1.95438
0.160093
0.566225
0.496065
0.511417
1.66514
0.378781
1.43683
0.0479396
0.814346
2.32605
0.527571
0.567378
0.414026
1.26256
0.0713904
2.41488
0.385666
0.269547
0.709579
1.19817
1.28089
0.574354
1.66719
2.27054
2.03347
0.500056
2.0058
2.70277
0.88465
2.62671
1.08623
0.977806
1.88396
2.66229
2.05662
2.57839
2.78524
1.06193
0.531075
0.340947
2.58024
2.66387
0.500561
0.548598
2.76706
1.29604
2.58559
2.3722
1.40269
0.232085
1.01449
0.78242
0.593801
1.80183
0.261408
0.674384
2.25685
2.68393
1.7838
2.72115
1.17281
1.3371
0.649967
0.769433
1.8759
1.28968
1.329
0.149517
0.296035
0.123903
1.35893
1.43972
1.44463
1.60986
0.469726
1.28519
0.193784
0.340053
2.06119
0.157839
0.8935
1.10068
1.73754
0.335296
0.174975
1.75983
0.739125
1.30789
-0.0189296
0.302047
1.41384
0.702664
2.3675
1.8794
1.89684
2.25376
1.24255
2.26025
0.987154
1.19382
3.20672
1.30301
0.665087
2.46881
2.67554
0.863258
0.243248
0.00884928
3.12144
0.00651648
0.371369
2.73097
0.353201
0.843973
0.497725
2.69133
1.18669
0.477191
0.783821
1.31109
1.8663
2.86363
0.294616
0.193475
2.76357
0.680725
0.210682
1.61488
0.420353
0.327551
0.243075
3.09558
1.34569
2.45082
0.669061
0.518576
0.373782
2.37135
0.626827
0.496944
2.67154
2.72209
1.90261
0.0801856
0.684981
-0.424395
0.2914
0.133693
1.17326
0.523135
2.01134
0.71097
1.2041
2.02128
0.307403
0.792277
0.398713
0.375739
0.346788
0.381576
0.839354
2.53688
0.574603
1.40846
1.00681
0.901322
1.13922
0.48258
2.72682
0.163392
0.0727201
2.53003
2.51345
2.87675
2.75491
0.241255
0.584834
0.845751
1.42979
2.39272
0.850164
1.8528
0.151239
0.470176
0.0591679
2.31178
0.860934
0.476493
0.488501
2.62376
0.179093
2.1062
1.49082
0.41577
0.566546
0.184323
0.897695
0.514088
2.7615
1.13559
0.317436
1.19909
1.1127
0.762154
1.05046
2.19029
0.823523
1.00094
1.29979
0.6767
1.74904
1.90823
1.12425
0.441859
2.79372
1.81703
0.593794
1.71388
1.78341
0.303791
2.65912
2.97762
1.04507
0.902103
1.88159
0.0965277
0.5635
2.6158
0.914647
0.385993
2.15415
0.7179
1.81509
0.674037
0.89289
0.149956
0.309399
2.74668
1.74931
0.846437
2.65748
2.50643
0.385019
1.25734
0.506226
0.479519
2.63124
2.65897
1.32878
0.23141
0.676461
1.3698
0.771422
1.89232
0.808365
0.394575
0.07045
0.399884
1.82426
0.750415
1.67519
0.895252
0.695414
0.260257
0.0814239
0.710957
1.6543
0.54856
1.48871
2.69465
0.895814
1.09657
0.745748
0.818529
0.357012
2.25589
0.899749
0.774146
0.165718
2.36623
1.65954
0.391943
0.195027
0.878711
2.28819
0.337377
0.863405
1.10577
0.669433
0.4784
0.545036
1.00961
0.848324
0.129447
1.40528
1.34067
0.698108
0.303816
2.70081
2.39401
2.47481
2.66404
0.152899
1.16183
0.204179
2.44583
1.77425
0.337479
0.403014
2.68091
0.511958
2.51663
2.79954
1.20652
1.65749
2.7484
0.852872
1.48039
1.68865
1.88026
0.311791
2.15661
2.79159
0.3937
0.656555
0.818485
0.209752
2.72546
1.15243
2.83053
0.716592
1.11197
0.125769
0.662038
0.68276
0.753285
0.586434
2.51425
0.981943
2.03151
0.700535
0.130486
2.39239
1.09444
0.695475
0.566026
0.580242
0.58052
2.73162
1.87223
0.598923
0.833391
1.28168
0.883134
0.251889
2.51901
0.398974
2.69934
0.8287
2.13132
0.84612
1.73226
0.494634
0.918433
0.740378
0.760268
2.34388
0.455057
1.30278
0.898236
0.64069
0.422207
0.645476
2.49173
0.546442
0.174675
2.93773
0.185392
0.521713
0.397916
0.143944
0.633267
2.01414
0.40078
1.37394
0.721841
1.85075
2.07323
1.23515
0.559876
0.571038
2.55692
0.288267
0.895681
2.3597
1.39046
0.818896
0.494743
0.794316
0.594449
0.259233
0.481837
2.5009
1.71846
0.520693
0.835702
0.799001
0.943958
1.37446
0.843972
0.797302
1.7434
0.859679
1.89471
0.645678
0.293866
1.66898
2.48298
0.827887
0.728155
0.409898
0.512892
0.51095
0.162181
2.72121
2.80959
0.685024
0.844878
0.163729
0.860328
2.23135
1.55369
2.38019
0.761249
1.44755
0.58284
0.509195
1.78641
0.883192
0.565288
2.44439
0.792963
2.75894
0.897394
1.37565
0.113038
0.862925
2.73542
0.077717
2.51629
0.795872
0.164644
0.30357
2.61152
0.276283
0.427408
2.38299
0.118787
2.27001
0.786848
-0.271389
0.833459
0.603121
0.498182
2.63833
1.48933
1.67402
2.33026
0.419723
0.797201
1.39869
1.66686
2.60673
0.842726
1.30407
0.583244
0.350163
2.72157
0.572042
1.46361
1.24354
0.873231
0.77822
-0.16902
0.22119
2.46709
0.765854
1.28067
2.71942
1.02135
2.25843
1.13394
0.746164
0.885683
1.16756
1.95415
1.4533
2.30512
0.691209
0.355041
1.35342
1.10108
0.254496
1.13236
0.691962
0.832847
0.823336
0.854746
2.19435
1.84772
1.68529
0.842132
1.8379
1.88151
1.89224
0.834397
2.16571
0.353761
0.473596
1.43782
0.864109
0.567307
2.79803
2.74768
1.38827
0.785232
1.15724
2.40134
2.56072
0.0786171
0.295006
1.3146
2.76082
2.73494
1.05123
2.60072
1.39848
0.049663
1.51268
0.88771
1.9602
1.08686
1.18894
0.205483
0.36676
0.567854
2.23582
1.37026
0.780461
0.878531
0.841299
0.239792
1.32229
0.872398
2.00411
2.63801
0.678745
0.719774
2.70562
1.32688
2.35209
1.27207
0.174046
0.851989
2.31299
0.136592
0.464087
2.29509
2.62914
0.190356
1.31222
1.48418
0.790733
0.0744227
0.365352
1.35957
0.716851
1.52971
0.90625
0.364712
1.61296
2.41129
0.0927782
0.279091
0.15331
0.0743856
1.18619
1.26153
0.80773
0.822837
2.71714
2.38331
0.0138479
0.773624
1.06446
1.73736
1.84045
0.440364
0.861187
0.540715
2.06234
2.37649
1.06635
0.520942
0.880527
1.25828
2.66193
2.10266
2.43121
0.444981
2.10911
0.399739
2.21995
1.15818
0.89915
2.89053
0.356766
1.49251
1.27618
1.83393
2.56447
2.45824
2.70202
0.0712924
0.157227
1.84626
2.3913
2.03199
0.267639
0.890437
2.63132
0.560972
0.782438
1.98496
2.26785
2.33845
0.864755
2.74241
0.420133
1.22562
1.86161
0.375603
1.82139
0.521819
1.70098
1.14656
0.713337
0.221658
0.446927
2.69258
1.80607
1.32923
1.00044
2.77161
0.542143
0.568001
1.15484
1.06193
0.282589
0.13575
1.94675
2.37269
0.236726
1.66928
0.534383
2.18529
0.094334
0.787654
2.5073
0.390402
1.81327
3.01377
0.542508
1.64467
0.877412
2.32284
0.744482
0.418934
0.954836
0.364079
0.303251
2.48217
0.633996
2.72827
2.68443
2.90651
1.19917
0.892309
2.75031
0.559019
2.48493
1.28683
0.404503
2.23326
1.12989
1.54406
0.774296
0.972493
0.781358
0.522159
0.112227
0.820336
0.143113
2.30177
0.335837
2.73903
2.16667
0.919943
0.896851
0.544738
2.39272
2.54419
2.50695
2.38675
0.307403
0.304826
2.39552
0.817129
0.786315
0.167358
1.73494
0.53916
0.235556
0.515701
0.874363
0.318515
0.22208
2.72634
0.581676
0.557482
1.54664
1.07687
0.148067
0.2849
0.273053
0.78815
1.39792
0.822242
1.47324
0.753755
2.62231
2.62052
2.36111
0.548151
1.32657
1.93634
2.12995
1.12545
0.567623
1.79338
0.45675
2.68829
0.0967917
0.310163
0.733379
2.11126
0.663423
0.140846
0.491826
0.785467
0.439853
1.02942
0.912661
0.717447
1.27507
2.48934
0.982648
2.74355
2.73133
2.57827
0.435211
2.78841
0.659828
1.29795
0.498141
0.804041
1.59784
2.30258
0.0490844
0.873327
0.458321
1.83575
2.58779
0.749661
1.45775
0.196046
0.579171
2.62136
0.580488
0.433591
1.08344
0.0705473
1.76055
0.907401
0.53095
2.19621
0.750269
1.19459
2.0663
1.44673
0.266756
1.10295
0.565658
2.57364
0.565735
1.34072
0.87699
2.70012
0.769931
2.69558
0.696934
2.75615
1.08457
0.10686
2.29169
1.7386
1.27351
0.14926
0.949067
0.752744
0.802818
0.462857
1.27299
0.298779
0.658509
0.860175
2.73057
1.09985
2.40127
0.695516
0.472929
2.58548
0.580214
2.55834
0.0655119
1.80041
1.14669
0.484534
0.693967
2.00566
0.645342
2.75136
0.516718
0.654027
2.59877
2.65649
0.595653
0.781822
0.983366
2.75173
0.650197
0.335687
0.82489
0.503103
0.839805
2.95138
2.64261
2.61493
0.0719364
0.177821
2.67875
2.39499
2.01443
0.813332
2.58161
2.51353
2.44068
0.407606
1.44907
1.29921
2.6221
2.30823
0.707922
0.495961
1.18843
0.572162
2.208
0.892864
2.65781
0.693516
2.69512
1.38427
0.498276
0.830904
0.893277
2.5142
2.99323
2.67424
0.70067
0.548227
0.773583
0.538275
2.31788
0.832666
2.66153
1.65338
0.387993
2.36698
0.160841
2.13328
1.33038
0.365154
2.43891
0.621136
1.67372
0.786512
2.82019
0.606498
0.784298
1.36188
2.69263
0.897245
0.683526
1.80886
2.31693
0.580003
1.93654
0.50369
1.82093
0.0691135
0.452464
1.04677
2.61037
2.40887
2.37048
0.362691
0.260779
2.5679
0.13738
1.19951
0.841187
0.431538
2.15122
0.935172
-0.46042
1.10547
0.441169
0.84617
0.649303
2.43008
0.490067
0.876354
0.408692
1.38538
0.265518
0.823945
0.696249
2.45968
0.891733
2.63534
2.72898
0.55561
2.38164
0.808944
0.685337
0.553157
1.06956
1.82333
0.156839
2.68536
2.49089
0.8827
0.542845
2.56359
1.13262
0.357606
0.634243
1.6449
0.128814
0.892534
0.47422
0.448717
0.55581
0.851571
1.60666
0.819255
1.27578
0.856818
0.0710141
0.594786
1.92665
0.676612
2.19777
0.108782
1.23289
2.76906
0.565358
0.836445
1.28845
2.13664
0.249225
2.34046
0.310507
0.534846
0.886542
0.490642
0.64703
1.37738
2.6543
0.303176
0.076982
1.23541
0.374777
0.678623
2.47092
0.897173
1.71914
2.0818
1.45957
0.994788
0.685507
0.37276
1.2723
0.108078
0.0822504
2.49669
2.78886
1.83815
0.651009
0.547322
1.89178
2.95731
0.724113
0.840828
0.584949
0.654477
2.19528
1.8348
0.103183
0.778947
2.50408
2.70143
0.0915626
2.7638
2.7139
1.13469
0.322781
2.76373
2.64779
0.651621
0.182846
1.24082
1.67445
1.1532
2.3299
1.84463
1.46466
1.16795
0.466549
1.23764
1.54831
2.07389
2.31454
1.87044
0.672846
0.634204
2.65488
0.958621
1.00573
0.389863
0.597629
1.6325
0.397049
0.922848
0.764715
2.7347
1.84453
0.634564
1.04772
0.31
0.46931
1.9457
0.748957
2.65326
2.04644
0.0918457
2.28162
0.886607
1.4278
0.0648207
1.16284
2.80667
1.82944
0.909656
0.707105
0.474047
0.747633
0.768522
0.186957
0.447067
0.338139
1.6789
0.829882
1.46757
1.09335
1.84531
0.0969085
0.516747
-0.273584
0.287127
0.815208
1.27319
0.866648
0.591038
2.80397
1.30692
0.494144
1.78706
0.401001
2.05064
0.0121995
1.42361
2.26498
1.67616
0.309834
0.564015
0.845895
1.60983
0.430547
2.71759
2.3789
1.38727
-0.474655
0.723544
0.173749
0.451839
1.142
1.5432
2.56848
0.809157
0.567448
0.139827
0.130915
0.144414
1.11349
1.14908
1.07216
0.315973
0.367536
1.04321
0.256081
0.60698
2.701
1.67644
1.28287
0.527352
2.90324
0.327744
1.1038
0.751119
0.533371
2.66533
0.162772
2.31929
2.1286
0.274687
2.62703
0.157834
2.424
0.17987
0.522652
0.336774
2.49735
2.05914
0.148628
0.331154
0.828784
1.06468
1.10451
0.556656
0.724424
2.54025
0.305769
0.845137
1.91245
2.67142
2.5657
2.70855
0.135354
0.546364
2.60315
1.06671
2.55619
2.71896
1.19022
0.318295
0.775446
2.76605
1.73246
2.6832
2.69991
1.02437
1.29399
0.963761
0.980532
0.389915
1.43248
2.07852
1.39037
0.819158
0.591289
2.69492
0.125052
0.590652
2.55735
1.96683
0.743487
0.904693
1.66728
2.76207
0.821712
1.54086
0.644586
2.61915
1.68603
0.382143
0.547692
0.47
2.18164
2.7234
0.593643
0.264364
0.790331
2.43546
1.08877
0.435324
0.140453
0.212885
0.605503
0.887825
0.87008
1.31269
2.75639
1.84653
0.722455
2.3749
1.18649
2.60784
0.0938431
2.13511
0.494306
0.652177
0.730541
1.11748
1.9612
1.79368
1.31573
1.1361
2.31418
0.595624
2.68594
0.127313
1.33453
0.161956
1.14852
0.89976
2.04748
2.48262
0.177864
1.05577
0.542876
2.68237
0.731535
0.864732
0.719366
1.44001
1.87231
0.173417
2.75973
0.677947
1.42442
0.880848
0.879997
1.65673
1.2972
2.65891
0.255295
0.248215
2.65265
1.20544
0.719933
0.569799
1.55039
0.268375
1.55576
0.634753
0.212701
-0.141361
1.03271
2.3637
2.75943
0.537997
2.73298
0.53474
2.57724
1.39059
2.65638
0.942531
0.352032
0.0943538
0.77696
0.493261
0.87017
2.67649
0.135888
0.757293
1.83857
2.66191
2.6064
0.503379
0.645934
1.44867
0.150623
0.761879
0.728575
1.06006
2.0972
2.67245
1.282
0.205936
0.570782
0.46168
1.14242
1.78343
0.739069
2.19958
2.67657
0.503495
2.4846
0.948277
0.59595
0.51798
0.827866
0.68876
2.51673
1.17822
2.0652
1.63586
0.539399
0.621467
2.6749
0.313388
1.08117
0.281929
0.205623
1.43569
2.48087
1.13757
0.0690728
2.83578
0.849355
0.729122
1.46123
0.37266
0.501458
1.32315
1.06389
0.991555
2.74432
2.71057
2.08605
0.323618
0.175563
2.75764
0.459359
1.41064
0.829082
1.17173
2.71594
0.0453668
0.127214
1.51008
2.71584
2.68875
0.637092
0.847223
0.127459
1.15823
0.309681
0.615677
0.112711
1.87714
2.00543
0.831511
0.604358
1.80527
0.259894
0.752515
2.25732
0.424851
0.124776
2.74915
2.32163
1.24438
1.98704
1.77713
0.275965
2.59229
0.865042
2.05503
0.487446
0.695136
2.21114
0.827519
0.326566
1.06476
0.791181
0.845206
2.71842
2.70546
0.067233
1.20047
2.57991
2.51111
0.764549
2.58531
0.359036
0.86303
0.835428
0.126992
2.66668
2.58131
2.93302
1.79863
2.9148
0.380903
1.72853
2.33747
0.348779
1.17805
0.759205
2.75767
1.9182
0.53394
0.784272
0.251419
2.7279
0.754185
2.5199
0.764609
0.551006
0.771365
2.87691
2.24144
1.68596
0.681417
1.6374
2.64641
0.65681
2.67851
1.0925
1.30642
1.83109
1.05673
1.03306
0.1842
0.594292
0.711082
2.65879
2.68842
2.57891
1.30912
1.16877
3.00826
2.26095
1.35967
0.135963
0.492917
0.796637
1.45609
1.13434
2.85424
2.42718
0.765004
0.844842
1.70206
1.16331
0.628567
2.71696
0.307155
2.83971
0.362463
2.84726
0.877827
0.669963
2.64175
1.40337
1.16537
0.584959
0.573073
2.57701
0.18858
0.848683
0.315218
0.159377
1.35559
2.48707
0.192672
0.608475
0.577907
1.28235
0.649751
2.69682
0.394208
0.565082
0.660118
0.695698
2.43749
2.07808
2.89179
0.354861
0.834748
2.02381
2.69648
1.57816
2.58378
1.74005
0.570197
0.729878
2.18316
1.15034
2.70977
0.148117
2.72842
0.611113
0.499233
2.66674
0.922069
2.26476
1.08943
0.29024
2.93532
1.975
0.888869
0.769788
0.133694
2.27716
0.704376
1.6775
2.23848
0.387638
2.473
0.575119
0.480025
2.66075
2.71548
0.816689
2.71413
2.19944
1.75059
1.03503
1.48283
2.71689
0.528928
1.41568
2.68012
1.4579
1.13911
0.252133
2.44792
0.783689
0.37126
1.35932
0.596033
1.23855
0.659924
-0.260597
0.531128
0.0320243
0.154805
0.372763
2.04246
0.443164
1.07877
1.5395
2.74286
2.76365
2.37601
0.345955
2.49326
1.11201
1.78463
2.49868
1.11682
0.475693
2.49167
0.869416
0.842411
0.521122
2.3395
0.772097
1.33792
0.673025
0.819
0.533153
1.03779
1.76089
1.44298
0.898687
0.136185
1.22732
0.389812
0.580181
2.71254
2.61554
0.192483
0.793118
0.574073
2.37751
1.62321
0.872378
1.62253
0.162922
0.573094
0.838413
2.47399
1.11647
0.595474
0.891987
0.367206
0.59471
0.826124
1.45866
2.67965
0.623105
0.138216
2.53564
1.33928
0.533431
0.596783
1.07228
1.9287
2.61129
0.602622
2.77334
0.120846
0.750204
1.62218
2.27064
0.968753
0.439983
2.38049
-0.16389
0.851972
0.868353
2.2864
0.0367103
2.43277
2.64421
0.274021
0.848679
1.34464
2.23769
2.66938
0.171346
2.40692
1.36104
0.888817
1.9536
1.84887
1.12954
1.69228
2.22905
0.749279
1.9048
0.342214
0.875639
1.31078
2.44511
0.348228
2.71827
2.69398
1.3594
0.873493
0.28716
0.701792
2.50258
1.11912
1.15981
2.61249
1.78671
0.608304
1.33406
0.0399989
2.74426
0.452999
0.617765
1.8536
0.214132
0.765496
0.606195
2.51996
-0.156311
2.16068
1.25031
0.445434
1.8705
2.62936
1.28398
1.25936
0.419117
1.41845
0.225822
1.44118
0.066861
2.95461
0.84883
0.36292
0.258073
1.41263
2.13544
0.625703
0.89127
0.882024
2.14629
1.44105
1.93076
0.525845
2.5604
1.42652
0.45783
1.09029
0.93942
1.33679
1.31012
1.85744
2.70749
0.282341
0.488825
2.72024
1.19037
0.759514
0.618555
0.427707
0.937169
0.594646
0.497411
1.7781
0.514728
-0.152819
0.837573
1.4656
0.472725
0.802037
1.02652
1.79496
0.713401
0.302909
1.24116
1.12245
0.259885
1.14901
1.85754
0.869527
1.74991
0.455827
1.48838
0.411344
2.14996
2.47797
2.63326
1.98242
1.32675
1.0374
2.81077
1.07083
2.73066
1.6721
1.76888
2.64794
0.777311
0.364132
1.79699
0.596357
0.883613
1.70242
0.761428
0.676171
1.7868
1.35858
0.662189
1.286
0.959963
1.3121
1.3301
0.859123
1.45913
1.83539
0.341212
2.69219
1.6978
1.36554
1.84539
2.71071
1.3444
0.491115
1.66446
0.0938891
0.383271
0.498786
2.36373
1.14188
2.61013
1.29829
0.737507
2.66364
2.68054
2.54843
0.39094
0.386624
0.622483
1.95677
1.11812
0.846308
0.838475
0.233815
1.78098
2.68646
1.17325
0.617695
0.138897
1.48146
2.68618
0.818735
0.569633
1.39874
1.54554
1.35674
0.0248274
0.0772803
-0.14519
1.42107
1.62246
0.817746
1.11408
2.69306
0.466605
0.642771
0.228105
0.78401
1.04058
2.50629
1.12915
0.847528
0.737705
0.73904
0.733545
0.0278806
0.855426
1.44784
0.780764
0.85804
0.121782
0.452945
2.48273
0.839751
2.55548
0.731118
0.136372
0.879735
0.643417
2.78948
2.55264
0.827495
0.423696
1.85639
0.138262
2.68357
0.137119
0.864458
0.609177
2.24941
1.13024
1.49858
0.242708
2.54587
2.69452
0.173578
0.814204
2.66771
0.0721299
0.781961
0.140834
1.86237
1.9726
2.56595
1.1376
2.47931
0.080738
1.41578
1.51308
0.54085
2.42843
0.483782
1.26041
-0.00500976
2.64671
2.64573
0.834668
1.63124
0.446542
0.321117
2.70998
0.405201
0.759148
0.307214
2.92681
0.53782
2.82431
2.0397
1.7102
2.67717
0.463153
0.244581
1.1238
2.65238
2.67669
1.18652
2.75985
0.530991
1.09244
0.892739
0.210056
0.889735
1.88693
1.06559
1.07449
2.71617
0.106105
1.96495
2.02479
0.0547635
2.04152
2.52556
2.33621
1.66793
2.70971
0.860639
0.073501
0.689478
0.59214
2.19875
2.66065
0.609078
2.69261
2.76953
2.90632
1.66669
2.69784
0.360997
1.87617
0.864721
1.20232
0.111659
2.72535
3.0506
1.70762
0.553682
2.03223
2.3702
1.80201
0.763571
0.887007
0.153378
1.14795
1.43155
0.367209
0.78211
1.72005
0.122426
0.376654
0.464159
1.47441
0.151301
0.0772241
2.23335
0.898289
0.317174
2.04531
0.122772
1.29099
2.81566
1.55392
2.65141
1.9989
1.17387
1.4747
2.15016
0.895519
0.491703
1.73607
2.66752
1.39486
1.91086
2.62366
0.611484
2.75487
0.100832
0.638977
0.142453
-0.0162636
0.492817
-0.272665
0.169538
0.449419
1.87684
0.141283
0.881236
0.377803
2.50983
0.461838
1.23807
1.68394
-0.282772
1.16301
-0.193924
0.734527
2.65024
0.433485
-0.176453
0.645013
2.85376
0.819026
0.83774
0.56379
1.78686
0.870555
1.31301
0.0833953
0.778089
0.783165
0.211951
2.77375
1.73284
0.836378
0.848811
1.91771
2.68248
0.593041
1.11043
0.477455
0.0865194
1.78991
0.77438
0.424869
2.5344
2.70372
1.3562
2.67276
2.74472
2.22466
0.87907
2.62987
2.23076
0.879386
0.879013
0.487727
0.931056
2.41565
0.788475
1.07712
2.52238
2.7229
0.733809
0.112092
1.95786
0.800699
0.868469
1.64876
0.733719
0.571765
2.05324
1.871
0.64693
0.423122
2.3709
2.39917
0.323754
-0.000974548
0.786686
0.644815
2.01022
1.38612
0.880561
0.169891
2.71072
2.24538
0.164127
2.0959
2.6637
1.22424
2.48795
2.96262
2.18334
1.09654
0.475154
2.68934
0.75988
1.77654
0.852859
2.18689
1.36703
2.70262
1.53038
2.71158
1.36008
0.539063
0.85564
1.59753
0.697498
1.16384
0.804068
2.58313
2.76387
0.78551
2.65827
1.132
0.0893804
1.7599
1.06932
0.554039
0.9736
2.63859
2.73136
0.150937
1.17434
0.730317
3.04039
0.168342
0.71964
1.4572
1.24721
0.250662
2.03037
0.202193
1.48197
0.469928
1.38476
0.756461
0.115737
1.08742
2.64542
0.563678
1.12524
2.71616
1.485
2.50108
1.3672
0.808973
0.324335
0.339121
0.546942
0.826442
2.6138
0.499336
0.450063
1.67063
2.57371
1.3441
1.57264
0.857559
2.62989
0.536311
0.885656
1.41631
1.97015
0.523328
1.67809
1.23317
0.176781
0.583917
2.05184
0.370289
0.134889
1.04744
1.30184
2.61145
0.145447
1.25341
2.3525
1.78015
2.70307
2.63835
0.327992
2.53442
0.169174
1.44025
1.46518
2.8028
2.61639
2.69764
0.241396
1.25035
0.837282
0.215588
1.33322
2.02393
2.67692
0.973301
2.23404
1.4663
1.52035
0.0808994
2.23906
2.71762
0.00389742
0.281386
0.830508
-0.13836
0.485281
0.637048
0.11291
2.51474
0.0748792
0.69174
0.664667
0.678794
1.36367
2.56532
2.76667
1.85455
2.6716
1.77101
0.865282
0.194164
0.669004
2.11954
1.69011
2.69829
2.65168
2.68478
2.27705
1.83912
0.739792
2.69595
0.489587
0.0878369
2.75503
2.42315
0.947214
2.69272
2.29284
0.410712
0.817149
0.431869
1.34362
2.22675
2.61639
0.963791
0.387415
0.34062
1.33532
1.93106
0.665662
2.58693
0.302825
2.57374
0.365783
2.74916
2.68554
1.67288
1.89614
2.66309
1.23667
2.25104
0.631014
0.762487
1.16299
0.382021
2.70232
0.0817992
0.800774
0.27934
-0.0470707
2.71354
1.43444
1.21622
0.304027
0.0765589
0.754831
0.890185
2.67279
-0.0360662
1.41857
2.68011
1.80675
0.756405
2.58549
2.97841
2.31269
2.66637
0.392544
1.42754
1.45914
1.34533
0.795821
1.09306
0.665391
2.20938
2.15404
0.690937
0.395433
0.490968
0.802577
0.535994
0.648604
2.65914
0.372815
1.35301
0.119618
1.03627
2.23593
0.497014
1.04902
0.0938882
0.332706
2.64338
2.02327
2.38763
0.758228
1.35671
1.62501
0.478042
2.70053
0.156065
0.169843
1.43115
2.43534
0.753998
0.593473
0.15949
0.428417
1.87237
1.06288
1.4778
0.821973
1.82976
1.77562
1.17743
1.62113
2.53394
1.39681
0.673017
2.69109
0.407009
1.56955
1.37082
0.640913
2.68227
1.09859
2.99416
2.28276
1.1002
0.204542
0.560711
0.356475
2.49255
0.559537
0.841308
0.638306
1.5456
0.0720024
0.878659
2.21386
1.12777
0.425533
0.899211
0.801909
0.262087
0.699688
0.0940955
0.879265
0.040933
2.71291
0.187591
1.17143
0.388834
2.49982
2.61477
2.68091
0.776719
2.68766
0.113939
0.427409
0.111883
2.564
1.26275
0.526764
2.55236
1.88052
0.377479
2.61005
0.333521
0.80195
2.70036
0.689538
0.115829
1.7126
0.88046
2.71554
1.78733
1.82661
1.03606
2.54245
2.26353
0.813142
0.792937
0.316678
2.66632
0.456972
1.20984
2.706
2.77908
0.335056
0.738863
3.01346
0.845338
1.24097
0.252676
0.137555
1.13863
1.9043
2.2258
0.193147
0.24957
2.87463
0.739746
1.10423
0.294649
2.63963
0.659392
0.414029
0.260581
0.607114
1.81699
1.84899
1.57399
1.25713
0.958443
2.84395
1.36025
0.889327
2.69395
0.0591127
0.170027
2.50975
2.56248
2.69452
0.618284
1.59848
0.198776
0.50422
0.778076
1.65063
0.376229
0.606866
1.72834
2.55183
1.93761
2.60475
2.69307
0.852036
2.6918
1.30185
0.99769
1.70576
2.75166
1.31601
1.49337
0.879671
0.81475
0.682807
2.42161
1.33057
1.76353
0.575257
2.69384
1.05017
2.40882
0.495895
0.825195
0.535941
2.60147
1.91741
0.847001
2.66808
0.228788
0.0577058
0.252986
0.42027
0.0463775
0.262056
-0.0741142
0.393617
1.19054
2.41541
2.53614
1.16169
0.386107
0.850921
2.67692
0.848152
0.748915
0.838796
0.961055
2.65473
0.682161
1.04171
0.432271
0.203572
0.139591
2.39141
2.69282
2.74914
0.572166
0.298022
1.7063
0.839648
1.30057
0.823843
0.353715
2.82209
2.73184
0.438327
1.85738
2.62296
0.147479
2.69814
0.347548
1.24528
0.9741
0.556105
2.70871
2.15882
0.845065
1.05193
0.761187
1.87664
2.43569
0.807723
1.37666
0.898516
0.150127
0.426205
0.58529
0.202393
0.643748
0.437441
2.31863
0.571174
0.302625
2.64471
0.79475
2.70018
2.67589
0.059809
1.33693
1.8676
1.94532
0.599835
1.93852
2.37074
1.91096
0.186566
2.52278
1.63416
2.18894
0.87731
1.57971
0.866883
0.0858534
1.64637
0.620042
0.23834
0.799809
0.199731
2.6439
0.746707
0.22908
2.62026
0.808049
0.680717
0.409759
0.899471
0.890991
2.22815
1.75275
2.96179
1.63363
0.282616
1.68807
0.534216
0.443894
1.70485
1.01042
1.94277
2.43563
2.49091
0.689227
0.726411
0.192507
2.11445
0.3746
0.822175
0.126297
0.813483
1.61538
1.42373
0.224205
1.86807
2.56373
1.57539
0.788778
0.161803
0.236216
2.03145
0.133263
-0.394116
0.427802
0.967666
0.333572
1.75861
2.64876
0.999231
1.82384
2.23833
0.808709
0.36632
1.48885
1.88105
1.17348
0.346623
2.58979
-0.22107
2.66755
0.545536
1.30248
0.713324
2.67016
2.18507
2.72673
1.50846
0.0998032
0.607283
2.89311
0.509863
0.630909
0.462297
2.47298
1.52954
0.794126
2.60311
1.74124
1.96147
0.774153
1.25186
1.76516
2.69259
0.30909
2.69193
0.129629
0.791613
1.22168
0.697669
2.22186
2.69437
1.51357
2.67376
-0.169519
1.2398
0.115892
2.65729
1.53002
0.819367
0.504165
2.69998
1.63713
1.2883
0.510984
3.10842
0.860291
2.71264
0.196778
2.22542
0.203395
0.821399
1.27464
0.884285
0.546307
1.64193
2.39937
0.16505
0.14755
2.55944
0.117005
0.412572
0.773228
0.177425
1.8914
1.79429
1.45521
2.39461
1.13892
1.869
0.353708
2.61431
1.84623
0.734039
0.772466
2.58986
0.715036
1.49569
0.459741
1.30978
0.176215
2.91788
2.7621
2.6751
0.588658
1.65876
2.50005
0.499645
2.62937
2.34178
0.733591
0.282501
0.15874
0.370138
0.0620352
0.761439
1.12083
0.42151
2.64718
2.6175
0.750534
2.582
2.53643
0.742562
1.71108
0.686633
2.69022
0.561328
0.312866
0.16592
0.826634
0.481139
0.739051
0.143481
2.27544
2.93762
-0.232255
1.42929
1.33519
0.371945
2.7432
0.791394
1.97954
0.800012
0.358013
2.70203
2.72393
0.452789
0.846845
1.38639
1.44705
2.66598
2.46626
1.23279
2.52713
0.93152
1.74115
1.21763
1.09625
2.29032
2.88006
0.441542
0.820758
1.6156
2.69815
1.54818
2.72034
0.118754
0.348336
0.411197
0.0985064
0.804309
0.592794
0.630783
2.17771
0.845409
1.23352
0.566927
1.74438
0.790555
0.529177
1.1008
2.58633
0.374972
0.280607
0.684473
1.385
1.01778
1.73958
0.150987
1.18984
1.69162
0.877101
2.78145
2.50502
0.781483
1.63363
0.763279
0.430423
2.55024
1.69524
-0.102422
0.336748
0.851049
2.6113
0.0856718
0.843778
1.15428
1.45276
2.60786
2.80453
0.608407
2.31091
1.28621
2.00774
1.96573
0.257048
0.148218
2.52366
2.09221
2.64627
0.690203
0.117226
2.70581
0.121941
2.5608
0.479992
2.39229
0.518394
0.74136
0.321938
1.65078
1.9471
1.45493
1.97135
2.66756
0.116062
1.66185
1.34226
2.103
1.39819
0.84023
1.884
0.044564
0.758076
1.1842
2.71217
0.402476
0.0472817
0.432713
2.81149
0.803244
0.463158
0.770208
0.375042
2.43944
0.271271
1.26356
1.21045
0.862509
-0.372989
0.18292
1.28907
1.98766
0.494177
2.64786
0.292232
1.53383
1.49225
0.820181
2.7726
0.688976
2.70873
0.224337
0.891697
2.4325
1.12412
2.49497
0.173064
1.14519
0.735417
2.66002
1.3192
2.42492
0.59169
0.867888
2.48994
-0.235155
0.891013
1.7562
0.784825
0.251397
1.07014
1.05332
2.60256
0.649396
2.07167
1.4368
0.632178
0.836526
0.928815
2.51588
0.32648
0.257477
-0.244967
1.16464
0.872727
0.520213
2.68979
1.12356
0.878948
1.99895
1.55511
2.08975
0.693029
0.807928
1.24612
0.847756
1.72189
2.39619
2.03259
1.22377
0.579557
0.33991
1.17858
0.659859
1.17402
0.151628
2.03939
0.485741
2.49518
2.45924
1.29461
1.07381
0.555528
0.675367
0.138048
2.72162
1.86343
1.11366
0.745794
1.79564
0.734433
0.586512
0.838439
0.102951
1.98974
0.088479
1.08752
0.275973
0.261527
1.42804
1.75325
1.08861
2.64764
1.48469
-0.300261
0.638341
0.334381
1.40001
0.954379
2.71658
1.25213
0.785389
2.60168
2.73298
0.869473
0.143798
0.832064
0.612687
1.13863
2.65472
2.79939
2.04531
0.187607
2.56241
0.780996
0.0558068
0.858976
0.784007
1.25032
0.583417
0.410665
0.431366
0.810093
0.445027
1.3684
1.85992
0.801562
1.02558
0.281834
1.18622
0.639621
1.59174
0.357707
0.358874
1.08009
0.772706
0.279013
2.69806
1.39018
0.0788174
0.80119
0.689916
0.88386
2.56083
2.17893
0.329658
0.736147
2.25272
1.53181
1.02547
2.69646
0.183805
0.583788
0.591762
0.901651
0.672235
0.842977
0.402902
0.457139
0.657199
0.672248
3.155
0.373117
0.789648
2.74536
1.99267
1.54104
2.68955
0.3701
2.66646
1.12184
2.26406
0.260277
2.10858
2.19332
2.19391
2.14756
2.81767
1.84961
0.851139
0.211657
2.30714
0.788738
0.781567
0.553505
1.76731
0.13338
0.534381
1.15304
0.110104
0.8608
0.218338
2.73363
1.41756
2.49348
2.35842
0.596512
-0.0505527
1.39917
2.33266
0.792442
2.63932
0.590478
0.503931
0.127232
0.502016
2.34106
2.11157
0.8416
0.816511
0.477403
2.05146
1.88412
2.76046
0.487442
0.664623
0.832957
0.591245
2.45192
0.741308
-0.038833
0.517589
0.365527
0.783182
2.65174
0.338683
1.72297
1.05979
1.11534
0.705358
1.05618
2.59859
1.86787
2.66682
0.781274
0.640052
2.69253
1.16377
2.71035
2.51408
0.879826
0.69994
0.199884
0.964803
0.352992
1.41162
0.390605
1.76589
0.173021
0.669525
2.68321
0.502315
0.743751
2.71183
2.41902
1.2259
2.54065
0.498896
1.33853
2.78601
1.15466
2.11174
1.82186
1.66197
0.0867053
0.336198
0.125221
0.462883
0.639208
0.711794
0.517404
1.52202
2.53132
1.08764
0.486621
1.15076
0.426059
1.20671
1.0779
2.6526
0.83514
2.66579
2.2624
1.16777
0.824403
0.9877
0.349387
1.2168
2.74615
2.62011
0.847313
1.16262
1.65938
0.763639
2.59207
0.325233
0.599217
0.160943
2.36855
2.71857
0.887078
0.280776
2.39773
1.27194
0.274123
0.835768
0.887913
0.439552
0.978869
0.418138
1.71302
2.71837
0.746224
0.938027
1.13777
1.09561
2.43534
1.78906
0.151411
1.39437
1.1877
2.70391
0.806018
1.14989
0.580777
0.437273
1.91041
2.20954
1.81197
1.16867
0.785877
0.623817
0.855244
0.70263
1.26543
0.740314
2.70658
2.29511
1.96553
0.576418
0.508921
2.27414
2.56407
0.180437
0.796104
1.10661
0.249453
2.65678
1.54312
0.943177
0.882016
1.48386
1.14265
1.93358
0.631899
0.766473
0.780637
0.278201
2.23099
1.53713
0.60538
1.26527
2.67989
0.837393
0.433615
2.65579
0.407846
2.46754
2.71787
0.428932
2.68909
0.268532
1.05092
1.76556
0.255026
0.894408
1.10902
0.381773
1.46755
2.4513
2.45625
0.089213
1.13307
0.373411
2.09272
2.66651
0.545516
1.37111
2.65267
2.63834
0.366959
0.0796422
1.75125
0.887723
2.68785
1.35547
2.63757
1.532
1.46829
0.742124
0.436244
1.44723
2.60091
2.5341
2.8125
0.650172
0.108851
2.69832
0.775995
0.77003
0.275889
2.57875
0.0792254
1.77607
0.813296
0.78755
2.58995
1.22279
2.51173
0.619767
1.39896
1.08367
2.60473
1.05792
0.187038
0.73876
2.64585
1.89065
0.361736
0.874139
1.56613
1.16325
2.6232
1.64128
0.835193
0.574264
1.53002
1.51026
2.75275
2.70105
1.1643
1.59766
-0.294927
2.7456
2.22575
1.41493
1.54078
0.880885
2.4285
0.403179
1.96508
2.50151
2.54443
0.456114
1.60291
0.575549
0.31251
0.522071
1.10274
2.47205
2.69899
2.60733
2.6858
2.549
0.877397
0.0596741
1.50457
1.96869
2.62598
0.59261
0.136958
0.358821
0.408899
1.9909
2.41556
1.6139
1.04196
0.740094
0.0368382
2.03042
2.33971
0.68604
0.858163
1.22065
0.78131
1.35441
2.49335
0.338577
0.613839
0.631366
1.8853
0.421454
0.511099
0.879476
2.74301
1.5303
0.596687
2.61439
0.861434
2.28832
0.447801
2.52341
1.88263
0.726682
2.67348
0.093307
2.7004
0.532902
2.56066
1.26819
2.3586
2.69932
0.268632
1.64397
1.1439
0.878281
0.437035
0.3478
0.192522
0.898854
1.55235
2.46601
1.79751
2.32159
1.33616
2.60923
0.543964
0.882533
0.197242
2.25403
0.10014
1.26407
2.71697
0.229441
1.59944
0.37091
1.79085
2.70269
0.793179
0.722031
0.603721
1.3382
2.69789
1.15595
0.820313
0.474521
1.69153
2.20799
2.72094
0.408154
0.570543
0.237252
0.758834
1.91266
0.544694
2.31438
2.24919
1.17046
0.0468303
1.06038
1.22486
0.851429
0.801876
2.61871
2.47998
0.709164
2.59051
0.270559
2.23323
2.66572
0.498554
0.246879
1.27179
2.63749
2.69642
1.70532
0.994718
0.778984
0.376171
0.779488
0.607014
0.143562
0.0975588
0.575147
0.565993
1.55252
1.438
2.05272
2.68572
1.159
1.54003
0.77443
1.15181
2.77923
2.82298
0.559113
2.43132
1.67647
1.25174
2.52907
0.967292
0.816331
0.71709
0.365471
0.322775
2.70196
0.702221
2.33346
0.348812
1.75678
2.54955
2.69218
1.7596
0.38682
1.8103
0.194834
2.71581
2.62452
1.4492
0.798609
1.19075
0.330947
1.06486
1.60231
0.0826881
0.197419
0.594956
2.64297
0.723144
0.10426
0.396202
1.73787
1.41715
1.3257
0.531974
2.58482
2.50219
0.284179
2.48187
0.966752
2.51013
2.57166
1.10896
2.67397
0.56106
1.58717
0.347985
0.0802326
0.0507341
0.00352854
0.559823
0.919802
1.81382
0.770255
0.123059
2.74475
0.846014
0.347403
-0.0126359
1.05419
0.400317
1.69474
2.21417
1.53812
2.85446
0.415911
1.3648
2.25218
1.31674
0.290701
2.67052
1.93899
2.92123
0.284358
0.607882
0.626661
0.630915
1.62913
1.74628
1.24434
0.873635
0.875818
2.71526
0.782926
0.444046
1.34768
2.54153
0.813429
1.26032
0.421844
0.884422
2.12157
1.83672
0.804433
-0.0914729
2.52171
1.38804
0.0566475
1.76877
2.60288
0.130706
1.6375
0.218165
1.47382
0.485879
0.655673
0.576868
2.63674
2.97266
0.910283
2.68087
0.895041
2.57277
2.65218
2.67986
0.694093
2.30936
2.5885
2.5806
0.588134
1.30389
2.4605
0.464713
1.21538
2.0422
1.69998
2.08895
1.59745
2.62453
0.767351
2.74316
0.673499
2.70859
1.78777
0.202376
0.600901
0.717563
0.601449
-0.324565
1.52257
0.595758
1.03734
2.72339
2.50112
1.21118
0.557101
0.577649
2.60166
0.885039
2.65505
1.37479
0.421121
1.39094
2.70362
1.77937
0.353324
2.53039
0.156577
2.75324
0.177108
2.31744
2.00824
1.80528
2.51524
1.42352
0.895078
0.48808
2.57403
2.15112
1.42244
-0.458014
2.58523
2.63936
1.31052
1.03385
2.63095
2.67364
2.50508
0.589534
0.60056
0.632507
2.67477
1.85006
2.40408
2.57987
0.5758
2.77151
0.766127
2.2564
1.52449
0.388037
1.35204
0.307634
1.47666
0.0941857
0.884557
-0.199771
1.33773
0.16377
1.08922
2.57139
2.58361
0.972748
0.573766
1.57968
2.64942
2.55869
2.11793
0.52379
0.601254
1.15754
2.72254
1.05345
2.0701
1.7234
0.355653
0.345278
0.86711
0.57595
0.543083
1.38022
2.51542
0.937471
1.78816
0.422155
0.738602
0.298283
1.08133
0.424711
0.9935
0.694527
2.23567
0.825429
2.64143
1.79003
2.6403
1.27969
1.66877
1.16542
1.8411
2.17774
0.69094
1.71634
2.50556
0.361025
1.59375
1.86492
2.5609
1.10472
0.835553
2.46254
1.20815
1.13907
1.6621
0.866188
0.763055
1.30828
1.36506
2.02347
2.45508
1.10429
2.70454
0.524235
0.131015
1.79074
0.938321
0.839502
0.856913
2.09657
1.7837
2.52141
1.50735
2.78423
0.763097
1.59104
2.73826
1.34265
2.05962
2.4615
0.432877
2.56891
0.424333
0.639525
1.28795
0.240962
0.709359
2.41114
2.7432
0.822097
1.02001
1.07259
1.53161
0.378294
1.77433
0.189781
3.17779
0.142125
0.140482
2.45191
1.02304
0.8913
1.14906
0.88808
2.713
0.745821
0.0971117
0.57087
0.0826471
0.868776
0.955008
2.86666
2.55788
0.82352
-0.222346
0.878328
2.70817
2.41078
1.92584
0.426605
0.84045
0.618742
-0.438192
2.59408
2.68091
0.38358
0.472832
0.0815476
0.66063
0.50043
0.815904
2.74344
1.07402
0.702904
1.71303
1.32551
0.390016
0.248113
1.43354
1.04684
0.333168
1.86672
0.717279
1.5824
1.16782
0.67764
2.11136
0.812473
1.52579
2.03802
1.90396
2.82099
1.01099
0.795911
0.779011
1.1068
2.66366
2.65264
0.795215
1.23265
0.775897
1.34577
0.168734
2.44193
1.71827
1.58781
1.06849
0.0372879
0.108791
1.17394
1.04737
2.68736
2.72047
0.874526
0.389558
2.65292
1.1415
0.476204
0.742601
0.0953572
1.02114
1.11689
1.32182
0.18293
1.29784
1.15016
1.15864
0.596059
1.84129
1.86484
1.86165
2.50806
2.75513
0.552692
2.64096
2.62521
0.654974
2.68549
2.49881
0.832438
2.60446
0.460674
2.77843
0.84751
-0.358925
1.04043
0.23462
0.33456
2.50024
1.6548
0.669385
2.58178
1.43176
2.47494
0.812516
2.72327
1.08101
1.07014
1.05826
1.35072
0.323928
0.0710882
0.551558
1.07782
1.39795
1.93505
2.32608
0.840223
0.0855457
2.74204
2.56307
0.949934
2.62593
2.59371
2.77596
1.019
2.57099
2.56725
0.515747
2.0356
2.58974
0.765144
2.55441
2.54819
0.763766
2.22231
0.375141
2.50281
1.46183
1.43359
0.23031
0.714705
0.229859
2.66251
2.97753
2.69114
0.26116
2.83326
0.88231
0.72789
1.66657
0.177967
2.51841
2.23309
0.842163
0.946583
-0.311122
0.843916
1.0026
0.620886
1.05507
0.806345
1.33628
0.290938
1.53033
2.55476
1.93338
1.43505
1.4936
1.18927
0.319636
2.34279
1.12158
2.72702
1.27903
-0.26884
0.218508
0.348967
0.158148
2.69632
0.491846
1.09638
0.68451
0.322278
2.48669
2.63924
1.21331
1.75797
0.822495
1.31064
0.193607
0.371946
0.132596
-0.185374
0.0760354
2.63769
2.69463
0.360745
0.425645
0.478149
0.779075
1.07337
2.43462
2.69837
2.95877
2.24727
0.891079
0.07711
2.76814
2.69494
2.4408
1.42674
2.51735
2.51884
0.884629
1.10813
0.121978
2.53226
0.500642
2.13998
2.55941
2.71336
0.568583
0.980625
0.301016
2.15235
-0.381998
1.4899
1.0935
0.769815
0.930844
2.14298
0.55965
1.09204
1.64296
2.60969
0.943095
0.840311
0.862326
1.28174
1.58415
2.69759
2.50603
0.771197
0.580402
2.66637
2.68751
0.469094
2.41436
1.07614
0.0820129
1.53095
2.66993
2.69059
0.632979
0.929677
1.5063
0.302321
1.38458
1.82418
2.56083
1.35141
0.198726
0.503419
0.781584
1.78543
2.66498
1.827
0.604596
1.91591
0.595903
0.264386
0.596305
0.653846
0.507483
1.34593
0.775995
1.06601
-0.00044396
1.73995
2.10951
2.67676
0.768279
2.69735
1.3255
1.67936
2.94608
0.405807
0.779511
1.9991
2.65149
2.62304
0.848677
2.21723
2.69706
1.10363
1.201
2.56647
2.68247
1.97775
0.498709
1.0808
2.4565
0.12853
0.845442
2.72371
1.3933
1.64365
0.681623
2.693
0.778984
2.60331
2.69407
2.33434
0.403245
0.375953
2.65656
0.1625
0.512936
2.28933
2.7751
1.93407
2.25132
0.786175
0.511488
0.556917
2.6119
2.44365
2.52572
2.60682
1.50146
2.60487
2.11756
1.13223
1.144
1.54549
2.53016
1.52835
1.29483
1.30878
0.80703
0.151464
2.57722
0.766922
2.65812
2.73644
2.69119
0.596502
2.55359
1.39983
2.66073
0.314715
0.758898
0.0580964
1.61765
2.67071
0.554289
0.730732
0.89247
0.135229
2.10633
2.76364
2.64012
0.00582234
2.69153
0.108763
2.52516
2.89124
1.91422
0.974772
0.272268
2.30852
0.370672
0.859776
2.27898
2.69539
2.24319
2.71831
1.38143
2.72997
0.647769
0.820061
0.855787
1.2095
2.58281
0.619319
1.40318
0.852045
0.839798
0.75636
2.18135
0.773668
0.058737
0.615019
0.596775
0.839931
2.69965
-0.0393698
2.63139
1.78961
1.46427
0.801046
0.838397
2.05658
0.771707
0.431505
-0.293098
1.80861
0.83492
2.57269
2.62868
0.334568
1.06217
0.370664
0.0631538
0.131286
0.137349
2.68901
0.618434
2.57725
2.7086
2.22815
2.81078
0.810299
0.530801
1.86763
0.910984
2.2957
1.97429
2.0471
2.77239
0.793797
2.48918
2.63631
1.7448
1.31724
0.669009
2.71706
2.62865
0.780204
0.613498
0.190026
1.67913
1.39708
0.51328
2.27851
2.60606
2.6912
2.41556
0.368845
0.561572
2.73868
0.707835
0.880744
2.60874
0.889955
0.112122
2.13697
0.785791
0.368755
0.851174
2.22647
2.6557
0.654068
2.67396
2.41583
2.59243
1.87238
1.42362
0.838579
0.23973
0.514324
0.664611
1.32753
0.916089
2.19084
0.502123
2.50271
0.144768
2.57112
1.19952
1.76741
0.637497
0.338343
0.797238
0.731631
0.648065
0.664794
0.509877
1.52186
2.60924
0.0893573
0.531806
2.01864
0.611289
0.203633
2.40664
2.63757
2.15506
0.893154
0.0228009
0.150527
1.29771
2.78512
2.65775
1.05911
1.70653
1.17369
0.0825347
1.77651
1.51408
0.179568
0.769886
1.16486
2.52351
1.5002
1.3428
2.25661
0.0344567
2.44843
0.230916
1.77219
0.223961
0.145652
0.145613
2.51644
2.14637
1.09696
0.887553
0.96983
0.498203
0.427046
1.35145
1.24106
2.68947
2.37118
0.387508
1.26149
1.13506
2.44724
2.51558
1.14007
2.28901
2.24954
0.752368
1.5537
1.82713
2.53201
1.47174
1.22168
1.46666
2.34155
0.840014
0.377166
2.44812
0.371854
1.25401
1.4084
2.25021
0.269635
0.507412
1.90633
1.53759
2.68292
2.60524
0.679503
2.78207
2.59141
-0.221213
2.71727
2.46196
0.411576
0.19886
0.439124
2.45169
2.64132
0.878373
1.00583
2.72267
2.14487
2.09343
1.13281
2.68205
0.447321
2.62537
0.608171
2.71731
2.05699
0.203783
2.30488
2.58109
2.65832
0.15558
0.733058
0.852047
0.575594
2.69028
2.66914
0.661168
0.786499
0.793159
0.339871
0.10596
0.356018
0.804288
1.12162
0.466399
1.84395
0.594632
0.214536
0.848768
0.687452
1.69297
0.92792
2.56205
0.44484
1.69358
0.423127
0.790638
1.6789
0.00675092
2.10553
1.30443
0.504009
2.57928
2.69855
1.4754
1.3669
0.465417
1.51206
0.765984
0.407503
0.72536
2.50786
2.49035
0.484908
0.679476
2.44041
2.59583
1.66308
0.877072
0.70323
0.241087
1.08376
0.125222
1.24253
0.563716
2.6053
1.61214
0.323486
1.18052
2.23328
1.352
2.7022
1.1207
1.78942
2.09389
2.55347
1.77275
2.58791
2.68885
0.896257
0.891383
0.431025
2.36385
0.687243
1.0676
1.78007
0.652932
2.98762
0.65362
-0.195435
0.827564
2.77732
2.60192
0.640667
1.94455
0.762951
1.41528
2.4362
0.141484
0.622614
0.249588
1.12944
0.459842
0.156124
2.57145
2.71436
0.578906
0.605319
-0.0683763
1.2637
0.12881
1.60442
0.0835482
2.70657
2.70541
2.80177
0.887116
2.69674
0.61753
0.265074
2.72238
0.572116
0.305638
0.154841
1.11023
2.43114
2.52525
1.58834
2.69415
0.109706
2.69282
0.429464
2.62888
2.41473
2.10085
0.842576
-0.430837
1.36319
2.71632
2.3284
0.408267
2.28293
2.43737
0.795211
0.320986
2.70329
0.463389
0.590834
1.78243
2.68248
0.789499
2.38646
2.26762
0.593757
2.25391
2.33426
0.483511
1.65434
2.59752
0.0857591
0.839726
0.0757104
2.39006
1.04093
0.728094
2.43919
0.437328
1.95762
0.334209
0.331305
2.61487
0.780244
2.66476
1.80243
1.43578
1.69143
2.55249
2.48125
2.40811
1.08176
2.44915
1.46599
2.49058
1.09636
0.386969
2.70033
0.824015
0.678607
0.489172
2.61636
0.597157
1.09766
0.751023
1.00288
2.68796
1.40378
2.57371
0.471389
1.36393
2.61282
0.198369
1.60291
0.145178
1.46489
0.524292
0.441358
2.35807
2.27682
1.78663
1.75027
2.94018
1.05206
0.441882
0.44042
2.59619
0.5571
2.68991
0.748185
0.410876
1.17723
2.578
1.47559
2.69235
2.68796
2.79043
0.597972
0.152383
0.498664
0.190199
1.50766
1.69379
1.33597
0.762059
2.56229
0.758494
1.64546
0.467246
2.5947
0.560506
0.374148
1.16117
1.78639
2.38607
1.22161
0.524845
2.03514
2.50112
2.69545
1.7816
0.704673
1.3195
0.88412
2.60803
2.7598
0.405411
2.52993
0.835639
0.951712
1.52796
1.19809
0.890987
0.297393
1.16237
1.69756
0.139553
2.78749
0.891961
2.7694
0.390445
2.48597
1.20057
0.611134
0.953229
0.611557
1.16118
0.365684
2.44902
1.94333
1.13494
0.224704
2.5024
-0.290902
2.60602
2.61293
2.32949
0.586711
0.305994
2.77497
0.515528
1.1066
0.632433
0.0248719
1.84081
0.732997
2.39454
0.89232
2.71067
0.083923
1.49116
2.53667
0.683672
0.355644
1.86695
0.770044
0.212206
0.547027
0.854253
0.630033
0.250147
0.254817
0.878973
1.36767
0.134396
1.53393
0.891871
2.71384
1.95156
1.00881
0.954228
0.0661072
2.68309
2.11165
1.70148
1.19738
0.714437
1.08773
2.58903
2.11073
2.5468
2.34568
2.02945
2.55643
0.423011
0.755166
2.70066
1.06852
2.45852
2.46599
2.54617
1.26473
1.78625
0.787714
2.34412
1.26789
0.423821
-0.347181
2.68051
2.60577
1.42372
2.49074
-0.0628431
0.598692
2.10121
2.60182
0.382679
1.68772
0.0999587
0.508006
0.665716
0.632474
1.32492
1.8398
1.50403
0.263489
0.306
0.764066
2.67554
0.512778
2.65945
0.928053
0.039588
0.199694
0.288288
2.40682
0.54331
2.56
2.684
2.80383
2.07754
2.54155
2.66949
0.753834
2.61055
2.89524
1.30766
1.08112
2.48074
2.49557
2.15069
0.241225
2.39958
0.651909
2.75299
2.23226
2.41687
0.827187
2.08768
2.44292
0.875993
2.5078
0.476281
2.51261
2.57105
0.631003
1.34905
0.136752
2.47119
1.46912
0.282009
2.69902
1.13679
0.164482
0.413605
2.45274
0.535694
0.0554065
2.61173
2.70316
1.34057
2.54585
0.8469
2.68677
2.70964
2.37892
2.54301
2.6708
1.35491
0.843831
2.68044
2.5449
0.831287
2.59435
1.14073
2.49536
1.30048
2.18445
1.25603
1.76212
2.56667
0.530398
0.879469
1.20077
0.637569
2.46611
0.183648
2.71131
0.713593
0.522104
0.562849
1.05829
0.485264
0.373501
0.128326
1.11027
1.34529
0.625469
2.59048
2.57974
2.53214
2.34886
0.644877
2.67505
2.82221
2.66359
1.53105
2.53316
2.67612
2.36696
2.68929
1.83914
2.4159
0.644736
2.66241
1.90445
0.534212
1.03609
2.49696
1.71648
0.0738019
2.48873
2.09093
2.55073
1.09963
2.61613
0.781909
2.32712
1.40344
0.671117
2.00658
0.520825
1.00338
0.375023
1.52734
2.6056
1.12369
0.599213
0.602444
1.17372
0.129339
0.387055
2.48624
2.55614
2.46243
0.974906
2.54446
0.650641
0.455984
2.677
1.8878
0.679879
0.382303
1.15808
1.6852
0.380673
2.68876
0.542619
0.460833
2.53714
0.67954
1.89767
0.4531
0.156128
-0.00424007
2.17083
1.22234
1.49975
1.14165
2.67834
0.814276
2.51972
0.128478
2.13588
0.991977
1.10375
1.69786
1.8571
2.59681
1.41286
1.63565
0.840894
2.65617
2.68098
0.756722
1.71215
0.516343
2.31516
-0.016284
1.21377
2.61573
0.977656
0.120522
0.57019
2.65511
2.42044
2.35267
2.47652
2.67102
0.610809
2.5538
0.888891
1.09612
2.58351
0.581922
2.62867
0.545509
0.805067
2.13161
0.738949
1.33575
2.60888
2.28066
0.601198
2.72113
0.458752
0.136128
0.0989128
0.87076
0.87221
1.98237
0.622464
1.84435
1.28348
2.5039
0.128703
1.45654
1.22051
2.6088
0.17395
1.54408
0.780008
2.57376
2.27326
0.598348
2.71132
1.75857
0.584311
2.56885
2.59543
0.552542
1.35545
0.456042
1.79748
0.988188
0.267732
2.53871
0.613026
2.74856
0.854659
0.232025
2.40151
2.33157
2.11053
1.7557
0.553776
2.18357
2.29115
1.15251
1.71096
0.424829
2.0092
0.543522
0.493431
2.48163
2.39008
1.70954
0.830073
0.877909
0.117205
2.27775
0.319967
0.59916
0.552557
2.14039
2.64506
0.785599
0.61399
1.90022
0.804176
1.83161
1.41493
0.405086
2.58494
1.50502
0.497406
1.90272
0.787392
1.23271
0.815456
2.53185
2.65668
0.357427
2.65374
2.5601
2.70951
1.46223
0.900384
0.298111
1.70926
1.89737
1.21265
2.11717
1.03891
2.72023
1.18421
0.134451
2.71489
0.677841
1.10579
1.85555
2.70653
0.2975
0.631295
1.30127
0.542227
1.35133
1.11285
2.0888
1.67182
2.5199
0.854568
0.149811
2.56786
0.0456831
2.68929
2.77707
0.825547
0.399305
0.584153
1.38343
0.414101
0.663416
2.64977
0.230791
1.07471
0.599964
2.40626
1.10622
0.429377
0.45973
2.46493
0.115987
0.813733
0.868424
0.785935
2.45366
2.68451
0.884725
0.562864
2.59764
2.68374
2.50196
2.77382
2.60663
2.51764
0.472496
0.0561973
2.30539
1.80121
0.244464
0.287917
1.0772
2.66394
1.2826
1.16257
2.69817
0.822967
1.45685
0.413815
2.67239
0.607086
1.39936
0.595121
2.71342
1.0772
2.66052
2.43775
2.41601
0.0913105
0.696531
2.40161
0.881487
1.27977
1.62581
0.382921
0.0768091
-0.0260646
0.534563
2.87355
2.25885
0.443055
1.7905
0.902811
2.66717
0.512561
2.36995
1.35288
2.03363
0.999536
1.84191
0.252366
1.3465
0.998997
2.44122
2.45413
2.42183
1.1687
1.22276
0.808925
2.42884
1.80156
0.534629
0.693882
0.559824
1.95476
0.844182
2.34371
1.45878
0.0576823
0.39658
2.66279
2.32518
0.0765999
0.453313
1.14949
0.74837
2.74194
1.81596
2.71184
2.69221
1.54519
0.829153
0.869811
0.673973
2.75403
0.711788
-0.125663
2.40649
0.82634
0.883211
0.762051
0.722064
0.480241
1.06944
0.368221
1.91047
0.575309
2.43356
2.32265
2.2779
0.420584
0.167141
0.591133
0.863211
0.499633
1.42973
1.29656
2.64421
0.897253
0.438737
0.880839
2.31654
2.65782
0.563448
2.46989
0.686266
1.86951
0.167271
2.38624
2.52256
1.79411
0.953583
0.521524
2.26564
0.433193
1.00742
0.75821
0.23711
0.11481
0.767758
2.42025
2.63162
2.69481
0.654774
0.131028
0.412581
0.939937
0.907834
0.358946
1.53887
0.883828
2.4917
0.452822
1.03428
2.68364
1.53213
2.61828
2.51305
1.81155
2.36731
0.761411
0.201053
2.55177
1.48292
1.18468
2.46261
2.71241
2.47263
1.21239
0.792632
1.12787
1.9215
2.10603
0.10436
2.5724
0.764613
1.38839
1.12284
0.178741
1.57923
2.49459
0.869131
0.888039
1.21209
2.7201
1.09087
1.14889
2.63517
0.37809
1.95395
0.00609674
0.273384
0.528933
1.34532
1.74337
2.56607
0.824562
1.44507
0.67564
0.370836
1.12715
0.1389
1.75621
1.62193
2.48834
0.554775
0.189336
0.984291
2.39323
-0.45482
1.79072
1.97783
1.29073
1.33478
0.824148
2.58071
0.455336
2.70042
0.473933
0.344583
2.70791
1.4384
1.41496
0.31975
2.5269
2.56794
1.36411
0.870818
1.44401
1.36913
0.569625
1.5508
2.60644
0.140943
1.07295
1.33546
0.56779
2.71631
0.849488
1.31731
2.51429
2.6324
0.74666
0.387739
0.5395
0.542022
2.53241
0.239072
2.02301
0.538532
0.123847
0.631285
0.399154
0.471497
1.07096
0.66603
2.57316
0.948213
2.66744
2.4819
0.808563
1.28979
0.964727
2.5133
2.56315
1.33849
0.266024
1.23996
2.44228
0.183488
0.393888
0.493371
1.47406
-0.0677771
0.0790116
2.50727
0.435238
0.531364
0.74837
1.32058
0.689688
0.839902
2.65934
1.28214
1.36497
0.142329
1.37955
0.125035
-0.0310398
1.31437
0.59975
1.75433
0.459166
2.735
1.10063
0.413733
2.62301
0.825325
1.43986
1.72457
0.602054
0.210105
1.22923
0.412685
0.091136
0.592679
1.30321
0.0508183
1.36027
0.497817
0.855696
2.70043
1.34409
-0.0682167
2.55758
-0.274401
2.28888
2.17707
1.47703
0.635659
0.861533
0.609206
0.837059
0.469272
1.74743
1.96008
0.958304
0.516895
1.85646
-0.337384
2.12137
0.0342619
0.481106
1.13778
2.05233
0.0782657
2.62229
1.67084
0.255503
-0.253582
0.346083
2.61221
1.98061
0.735324
0.61791
0.194998
1.39265
2.4127
0.77282
0.112639
1.32297
0.550563
1.58039
0.871509
0.379119
0.856043
2.62359
2.26012
0.890932
0.425281
0.280406
0.290883
0.122895
1.18489
1.46254
0.922847
0.735695
0.524399
2.02716
2.65584
0.515057
0.606417
0.451643
2.3975
2.78507
0.807094
1.39022
0.446237
1.75195
1.13413
0.59365
0.154097
1.43473
0.853654
0.849029
0.526125
1.87179
1.42611
0.311654
0.537076
2.66625
2.2743
0.595528
0.934894
2.50333
2.61967
0.905645
2.80361
1.24741
1.20727
1.76275
0.539354
1.51614
2.71149
0.626162
0.591718
0.340807
1.47353
2.13995
0.729079
1.35175
2.55022
2.52673
2.74128
2.61251
2.43325
0.377362
0.548861
0.135545
2.56118
1.0732
0.130631
0.8803
1.43408
2.56977
0.753798
1.27715
0.805237
0.145702
0.563738
1.37829
1.08289
0.776001
0.546463
2.02109
0.803526
-0.0922192
1.0807
0.842703
0.399892
1.80146
0.330873
1.42185
1.04351
1.29448
2.39528
0.105763
0.46194
0.346301
0.474693
2.09046
1.704
1.74161
1.57207
1.15732
0.0748847
1.98488
1.09499
2.11077
2.52667
0.502648
1.45764
0.815106
1.46624
0.132054
1.45691
0.131069
2.70165
2.74552
1.24346
0.588945
1.44235
1.36882
1.62722
0.339561
1.30322
0.338043
1.03288
1.39569
0.109403
0.272908
0.701803
1.26009
1.9687
2.67641
2.09604
0.0489762
-0.218396
2.36489
2.48844
2.31384
0.502203
0.627591
2.61853
2.45585
0.336951
2.33696
1.71519
1.1862
1.71723
0.514007
1.48736
0.565017
0.69599
0.472258
0.486155
2.67437
0.666104
-0.18696
2.98188
2.02662
2.56927
1.13032
0.865473
0.50083
0.73966
0.372634
2.51205
1.80782
0.856128
0.577854
0.605554
1.15843
2.74405
2.5345
1.76186
2.02362
2.72015
0.758783
1.47
0.586476
2.70945
0.879085
0.319976
0.790963
2.68811
0.471277
1.81884
0.573911
-0.13735
1.40331
0.255146
0.366718
2.17605
0.558888
1.7199
1.41701
0.974533
1.02094
2.52631
0.818567
0.372834
2.63088
2.73061
0.770909
0.728692
0.923688
2.70193
2.54672
2.03759
2.55119
1.32111
2.62617
1.44962
0.735911
2.44312
0.476812
-0.0998732
2.1204
-0.46096
2.14476
0.0507231
0.810456
0.176895
0.737062
0.835527
1.24357
1.55506
1.03183
0.70165
2.69839
0.598342
2.72651
0.176183
2.29499
0.407751
1.23909
0.430613
2.13966
0.0760439
0.278697
2.23053
2.61523
1.89634
-0.18958
0.95925
0.566839
1.96126
1.18959
0.422417
1.75957
0.837566
1.23716
0.821781
0.0911631
1.60909
0.688699
1.11476
2.31337
1.7661
2.73644
3.0559
1.54549
1.43054
2.13363
0.452101
0.430525
1.4294
1.06678
0.719459
0.399682
-0.315119
0.885869
0.857187
0.719194
1.35716
0.189386
0.718034
1.33096
1.91915
0.0480536
2.65875
1.49688
2.53879
0.877354
0.822771
0.490952
1.19271
0.126064
1.44413
2.4912
0.334491
2.28987
2.62798
1.86025
2.51331
1.23735
2.69561
1.19299
0.436054
2.67889
1.058
0.281434
0.80901
1.30272
0.261501
2.36392
1.17203
1.67399
1.11066
2.72469
1.78099
1.58355
1.32124
1.43848
0.625243
0.11131
2.41482
2.01619
1.65539
1.49301
2.13186
1.34691
1.8759
0.602414
1.29224
1.32603
0.306202
0.116103
1.81366
0.769208
0.869185
0.361658
1.33066
0.626146
1.20231
1.96735
0.5344
0.83701
1.83602
2.71099
1.65787
1.51183
2.49833
2.55779
1.53607
0.757322
-0.00907609
1.20669
0.561723
1.86823
2.22626
1.04723
1.31752
0.504073
0.496429
0.821286
0.758183
2.54592
0.511632
1.86684
1.34717
0.470338
0.132393
2.53674
1.99776
2.38513
1.79161
1.3071
0.479992
2.58023
1.39788
0.946408
1.59412
1.83638
0.439416
1.68157
2.07403
2.7407
1.61171
0.591582
1.70815
1.10082
2.64315
2.32429
2.61122
0.36239
2.6167
1.67401
0.46299
0.556001
1.0251
0.698718
0.208978
0.533763
-0.28948
2.41745
2.63627
0.779392
1.94044
0.25065
0.870146
2.55942
1.25289
0.222426
0.562504
0.560375
0.864551
1.21665
1.57276
2.06023
2.56261
2.62969
0.307517
1.05651
0.0866652
1.04065
1.2855
2.52455
0.564944
0.828527
2.37527
0.376103
1.12119
1.7269
0.893647
1.3137
0.784269
2.66637
0.647006
2.68119
0.129574
1.1429
1.22762
0.330183
0.601525
0.857744
0.854204
0.453521
1.86784
0.561427
1.5972
0.536101
2.587
0.222359
1.93938
2.53908
1.7959
2.68728
0.625077
2.37353
0.429551
0.273006
1.88712
0.81541
1.48546
-0.0777744
3.01233
0.681977
0.392921
0.834784
1.28907
2.68394
2.62526
1.48977
2.53732
0.890793
2.61696
0.604698
1.78877
1.06773
1.57473
2.66837
1.4038
0.7198
-0.335468
2.64772
1.48001
1.03174
0.0943996
1.53282
2.53053
2.64995
2.58415
1.96557
0.083405
0.825879
0.0979497
0.141693
0.912484
1.14973
0.823033
2.64712
1.45345
1.73629
2.26425
0.0672061
0.345249
2.61019
2.11776
2.03052
0.23773
1.75974
1.13473
1.54277
2.09734
2.66678
1.87995
0.599613
1.68336
2.69013
1.36163
0.134043
0.392484
0.927261
0.385381
2.40209
2.86162
0.838553
1.75064
1.91756
1.75076
0.616177
1.19131
1.89054
2.32434
0.510579
2.52349
0.960739
2.082
1.14776
0.728976
1.95864
0.83381
1.34417
1.38835
1.076
0.445325
2.4017
1.72534
0.428085
1.0891
0.405138
1.192
0.00279934
0.197722
2.07231
0.421284
0.891711
0.826203
2.48692
2.5713
1.11649
0.332554
0.374724
0.485821
1.21965
2.17553
0.618531
-0.17944
2.43288
0.321358
0.318587
0.588525
0.76578
2.59699
0.541754
0.621386
0.881004
2.49414
1.96412
0.736203
0.465308
0.339324
2.73547
2.73882
2.53057
1.89578
0.457886
0.6032
1.84276
0.581522
1.13259
1.19455
2.69041
1.54857
1.16363
0.375698
2.5265
1.55063
2.68653
-0.110667
0.534771
0.507947
2.43937
2.66313
0.804623
0.2993
1.17834
-0.220023
1.2068
2.06991
2.47026
1.14498
2.51841
0.512356
2.59705
0.767247
1.01406
1.29593
2.51624
1.23179
0.811984
2.41936
2.65128
1.31357
0.629921
2.47559
0.137705
0.140185
0.823552
1.37007
0.838255
0.608413
1.81147
0.866619
0.173062
2.27882
0.76213
0.85228
1.39861
0.767486
0.654822
1.95457
0.880704
0.413126
2.23419
1.91548
1.00524
2.21549
0.130083
0.864112
0.132694
2.44643
1.15942
0.436344
1.62868
1.0491
2.15209
2.63671
1.60333
0.487402
0.811637
1.78937
0.111398
0.81072
1.31077
2.02792
2.66788
1.09961
0.107854
1.87749
0.131036
1.15786
0.718011
0.584639
1.24894
1.75314
0.606116
1.42218
2.15597
1.42267
1.84355
1.78275
0.839319
0.282726
2.31302
2.25775
0.804131
0.794463
2.58073
1.28217
2.76464
2.75866
1.55109
0.896422
1.69694
0.25636
2.6076
1.39394
0.763226
-0.0142339
1.36031
0.739963
0.877064
-0.418642
0.599103
0.577523
2.45375
1.34102
0.830019
2.5152
0.540732
0.809814
1.0979
1.9899
0.532628
1.86709
0.678534
2.61043
0.612842
0.566583
1.41302
1.85875
0.721443
1.78413
2.15797
-0.226556
2.53844
2.51033
1.37811
1.34848
0.745013
1.56745
2.11215
1.49349
2.27131
1.06259
1.25301
0.0625407
1.42771
2.36991
1.23553
2.5802
0.501277
0.892355
0.617005
-0.305494
2.22263
1.21123
2.19302
1.32973
1.95417
0.756715
1.07942
2.67295
0.565018
1.29728
1.32939
1.33867
0.729736
0.223106
-0.168667
1.36103
0.408789
1.38237
-0.105678
0.856051
1.72775
1.4936
2.86063
2.59828
2.06883
2.68259
0.575851
0.631863
2.4721
0.884931
1.87027
1.78304
1.57515
1.07587
1.05969
0.654697
1.15978
0.523725
2.51387
0.892344
2.5802
2.19807
0.820975
2.75912
2.3993
1.95544
2.41621
2.21834
0.356066
1.42711
1.95262
0.159612
2.24986
0.80817
2.12566
0.412368
1.92806
1.97135
0.851514
1.05751
2.0674
1.72506
0.411014
2.4615
0.779987
2.59079
0.76793
0.406518
1.40506
0.772011
0.611269
2.04089
0.778151
2.61398
1.90013
0.544331
2.75515
1.66443
1.1694
2.04843
2.28902
1.11635
0.727828
0.595337
2.15939
0.327264
2.63354
0.453573
2.56819
0.874501
2.21395
0.592092
0.726927
2.60221
1.58204
2.05538
0.41036
1.35909
0.373587
-0.167995
0.208383
1.27728
0.4776
0.93368
0.814457
1.94494
1.79914
0.598339
2.41835
2.67614
0.604401
1.09404
0.222874
2.66316
0.347028
1.10458
0.48839
2.64851
2.42728
2.37847
1.49735
2.27519
2.58787
0.823193
2.64861
2.15501
0.809548
0.614919
1.89449
1.8473
2.63639
1.37296
0.424441
2.66471
1.58324
1.66034
0.319516
2.43662
1.33855
2.31475
1.23899
2.00499
1.45484
0.780221
1.19666
-0.11261
2.56088
1.6516
2.07005
1.10979
0.108546
0.105118
2.54211
1.22584
1.76555
2.08677
0.444486
0.970308
0.118365
0.861328
0.546319
0.413086
2.6318
0.855427
2.86679
2.42842
0.934141
0.996852
0.0901724
1.3365
-0.168732
2.39298
0.0475894
1.27115
0.05144
1.326
0.73766
2.27121
1.39509
0.801371
1.21758
2.5022
0.107097
1.90452
0.817945
-0.162058
0.126476
2.48955
0.438302
1.25929
2.71564
2.16272
0.392782
2.58423
2.17465
1.37035
1.25831
1.36981
0.912695
0.514811
1.14768
0.156381
0.548496
1.71576
2.52306
1.72676
0.750651
0.886454
0.140389
1.28305
1.66612
1.56846
2.66412
0.564177
1.28061
0.506552
0.0863228
1.44922
-0.018139
0.144999
0.999098
1.2762
2.14958
2.52849
1.67685
1.22822
1.09226
2.08764
1.36791
1.84473
2.67102
0.049923
-0.20191
0.448556
0.0717225
2.35685
2.71123
0.449697
1.88079
1.88293
1.21835
0.377829
1.81424
1.49282
-0.236923
0.51215
1.9827
2.94764
0.397002
0.71603
0.136192
0.785493
2.72776
0.771688
2.62313
1.65648
1.0287
2.12814
2.61647
1.40772
0.429217
2.46111
0.334521
0.224672
0.306904
0.096273
1.45015
0.373661
2.7237
2.1793
1.66564
2.03741
1.02852
0.539945
0.709565
1.63803
0.389517
1.20312
1.6565
1.81591
0.816052
1.62028
2.26039
1.83699
-0.0912023
0.892996
1.22354
1.56479
2.30907
2.74745
1.37522
0.319266
0.89321
0.565138
0.96611
1.95949
0.675999
0.809136
2.68885
0.123622
0.0787305
1.24252
1.72923
0.136536
0.667131
0.737283
2.56705
-0.164872
1.95274
1.10825
0.673217
1.53772
2.40931
2.75723
1.26494
1.25064
2.62196
1.61644
1.54605
2.39717
1.46045
0.698125
0.529617
0.719705
0.932899
0.873373
0.570014
1.37199
0.813059
2.07667
1.12448
2.3051
2.61741
1.3077
2.59708
1.12032
0.106742
2.32663
2.73664
1.10324
2.69473
0.617045
2.24592
0.534013
0.631484
0.859305
0.816407
2.00828
1.12185
2.40885
1.9644
1.3553
0.529742
0.142346
1.90631
0.714553
1.50941
1.01109
1.29302
0.504174
1.34297
0.754823
0.765763
0.250578
2.44888
2.30763
0.49748
2.40317
1.23878
0.888486
2.3714
1.61127
0.838219
1.55692
2.91199
2.50334
2.41192
1.6248
1.27443
2.50952
1.91615
2.92791
1.73323
1.74866
2.46427
0.423558
0.559127
1.31927
0.819464
0.753985
2.45757
1.92913
0.398886
2.21141
0.526145
0.840653
0.451793
2.41497
2.14343
0.375698
0.760308
2.1882
1.41806
0.601883
1.0221
1.30558
0.340494
2.32981
1.08266
0.372823
0.790963
0.320768
2.47907
0.417211
0.0371778
1.25426
1.44312
0.582953
1.31517
0.540359
2.48075
0.385424
2.62697
2.52017
0.447882
0.946483
0.813748
2.19886
1.0599
2.67471
1.72754
2.76711
0.413094
0.810163
1.28617
1.48881
2.57012
0.816242
2.33258
1.82915
2.02996
2.07081
0.545089
1.84721
0.781552
2.5935
1.36562
1.28891
1.39861
2.04982
1.96334
1.10063
1.46306
2.37254
2.16796
2.14587
2.50353
0.50851
2.10272
1.51444
0.728646
0.681741
1.42274
1.05367
1.0769
1.29569
1.62231
1.89196
1.62885
1.21832
0.761719
1.88146
2.49877
1.23731
1.94743
1.5858
1.52556
1.31105
0.200947
0.466261
0.457072
2.5166
0.499814
2.62795
0.788601
1.4181
0.587047
1.26921
0.300774
2.22721
1.68598
1.31417
0.34106
2.30004
1.32971
0.601179
1.77415
2.51975
1.88704
2.63124
0.880667
0.70095
0.880444
1.80797
1.27227
0.29753
1.0867
1.96608
1.13159
2.40258
0.678143
2.43751
0.550158
0.370673
0.494637
2.24619
2.48944
1.04781
0.268194
2.33904
2.68321
2.70088
2.33298
0.591628
1.30773
0.817107
0.110847
0.373944
0.344044
0.278277
0.506341
0.436314
1.49554
-0.16746
0.770698
0.44298
1.17974
0.483397
0.652015
1.31745
0.35802
1.32743
2.26239
1.80807
2.44763
2.20515
1.86804
0.0664739
1.28788
1.52094
0.465946
2.02545e-05
2.47088
2.48383
2.0837
0.451216
0.433989
1.2243
1.83283
0.90677
1.81549
1.71312
2.79782
1.08119
1.22475
2.44937
1.33077
1.40634
2.69731
1.44906
1.28482
2.37858
2.44864
0.152855
1.59736
2.21468
0.572589
0.470523
0.552616
1.5137
2.61553
0.591753
0.840845
0.820317
2.5482
2.72983
2.62377
2.48591
1.91798
0.822466
1.95735
2.64275
1.44075
1.29355
0.737415
0.600194
0.413565
2.5081
0.479369
2.01933
1.76527
2.21669
2.93984
0.84008
0.895258
0.471789
2.16997
0.524631
0.895284
1.57771
0.680076
0.355307
2.66981
0.110286
1.16861
0.756664
0.81895
1.10272
0.0558624
0.00131046
1.33639
1.24095
2.61852
0.144651
0.432508
0.964311
0.562382
0.771373
0.706571
1.41454
1.40622
0.735457
0.578779
1.34647
1.88651
0.945636
0.83807
0.904277
1.34411
1.50706
0.917357
1.01498
1.448
2.19848
1.93329
2.57705
0.0484548
1.41376
1.16245
1.49328
0.560725
0.602455
0.572763
2.43744
1.71994
2.95085
2.61461
0.822666
0.171366
1.6191
0.906348
0.82105
1.10561
0.60461
0.333495
0.87458
0.820483
1.10849
0.495417
0.897626
0.913389
0.0930128
2.39393
2.27635
2.65653
0.541821
0.703661
0.505378
1.23997
2.49389
0.337147
0.840498
1.60581
0.393874
1.45534
1.70393
2.69016
1.25295
2.62902
0.501763
1.38909
0.59538
1.21719
0.82166
0.762841
0.430436
1.2612
0.694433
1.30777
0.459457
2.48748
1.09251
0.568554
0.353603
0.975515
0.123583
1.90161
1.48313
0.106707
1.0585
0.933648
0.556933
0.0618391
1.49256
0.587801
0.550482
0.169246
1.46241
2.63391
1.51692
1.80735
2.49856
0.919294
0.757867
0.465258
2.18491
1.76839
1.92924
0.816983
1.38633
1.17533
0.837075
0.828014
1.5379
2.65294
0.497165
1.30725
0.630787
2.62824
1.13372
2.18173
0.815501
2.49955
2.44755
1.44542
0.00345396
3.25953
0.799338
1.48283
2.29038
0.143118
2.65074
0.783859
0.863002
0.13329
2.26743
2.54887
1.32225
1.28258
0.385591
1.7232
1.18052
1.93756
-0.207843
1.8897
1.56588
0.442473
1.15456
2.71813
2.41274
2.45714
2.59748
2.20706
1.02787
1.6664
1.43051
1.34415
1.75613
0.89867
0.732277
1.02431
0.374564
2.31323
0.15149
0.803077
2.37945
1.30676
0.497904
0.846713
0.565213
0.817736
2.09336
0.993358
1.36702
0.0789869
1.94093
1.81292
1.19991
0.342325
0.882145
0.853574
0.39455
1.70976
2.67008
2.39422
2.60902
2.561
0.527617
2.44248
1.63058
1.10261
1.6554
0.274632
1.9091
0.603209
1.51175
2.42682
0.823223
1.56321
1.75647
0.26281
0.559689
0.113532
0.367617
0.254221
2.71681
2.69383
1.32942
1.79847
0.324095
2.30755
0.63282
0.449685
-0.160948
0.243214
2.30685
2.61225
2.52885
0.0358432
0.828841
1.47575
1.02519
2.30604
2.62138
0.459838
0.582833
-0.272568
0.478554
1.30828
2.8894
0.883151
0.528798
1.26997
0.290404
1.69565
0.715651
0.176651
0.613375
1.09821
0.477616
2.68823
0.419565
1.51505
1.61344
0.775994
0.828181
1.95593
-0.205126
1.84117
1.14967
1.30514
0.276835
1.21129
0.810823
0.418705
1.92369
0.663167
2.25796
2.43835
2.49183
1.06638
0.839601
1.4161
0.574902
0.132259
0.602568
0.97123
0.525476
1.47155
1.50618
1.26762
1.83001
0.826172
1.81896
0.856954
2.06531
0.0998625
0.885674
0.832422
1.15527
1.35098
1.12501
0.618983
2.47393
0.438614
1.37583
2.19355
0.0964755
1.03042
0.708856
0.315372
1.07492
2.75502
2.19964
1.44315
0.810521
1.24649
1.746
1.1031
2.85528
1.101
2.64004
2.34031
0.436829
1.67977
0.287509
1.51956
0.571536
2.40381
0.806425
0.511501
2.49177
2.50791
1.96872
0.815393
2.55169
0.639839
0.673698
2.50687
1.08058
2.21761
2.48931
0.649082
2.02599
0.631825
0.817878
0.617676
1.32504
0.144922
0.496802
2.49758
2.15657
0.681512
0.790542
1.01047
1.53833
0.148601
0.173325
0.809445
2.77981
0.480542
1.0178
0.862672
0.849906
0.499882
1.37302
0.738915
0.45262
2.42008
0.615722
2.25275
1.24831
0.547209
1.8423
0.385681
2.55797
1.05731
1.24194
0.854208
0.694051
0.822935
2.56648
0.847345
1.76817
0.603716
2.66877
1.11402
0.408985
0.549215
1.82458
1.10183
0.229555
0.206407
-0.181269
0.589236
0.373831
0.32579
2.14583
1.53582
2.23912
2.46532
1.39952
1.149
1.73293
0.065712
1.38851
1.54004
2.13978
1.45152
2.08863
2.48688
0.436466
2.16893
0.831248
1.55906
1.53927
0.350052
1.20982
0.412847
0.580094
0.432675
2.6238
2.08986
1.16491
1.00509
0.944177
2.02866
0.531145
0.875634
0.431379
1.21842
0.753125
0.822213
0.590402
0.139968
1.45241
1.63178
0.118069
1.23877
1.15116
1.88227
1.54044
1.04018
0.76952
1.06097
0.645665
2.69588
1.31617
2.47978
1.38464
2.13469
1.07753
0.096999
2.48227
0.803837
1.82876
0.601833
0.495544
0.136366
2.42748
1.84954
1.25107
1.22587
0.840871
0.707666
0.0156993
1.11698
0.882146
2.28398
1.79355
0.74944
0.636086
1.54019
2.63866
0.504677
1.2066
1.94104
1.16141
2.46435
1.87196
1.98862
1.94335
0.720878
0.197375
0.0761619
0.450741
2.53154
0.991468
2.68719
0.311828
-0.184623
1.87466
2.15438
2.47492
0.164309
0.301714
2.02598
0.843007
1.59414
-0.2291
2.11397
0.95927
2.51039
2.68428
1.08325
0.507636
0.374015
0.377157
1.27308
0.775367
1.62876
0.44315
0.162425
1.49232
2.53568
2.39236
2.60989
2.10171
2.14428
0.124366
0.538479
1.23949
0.0527106
1.05481
0.34502
0.595477
2.52805
0.0674828
0.333082
2.3077
0.138202
0.666631
1.09549
0.755176
0.457997
2.63358
2.68338
0.501678
0.44143
1.11462
1.62512
2.52356
0.135861
1.47403
0.0244094
0.881949
2.53119
0.276943
2.44888
2.0657
2.43655
2.62058
0.819482
0.161048
1.46757
2.6978
2.33684
0.154514
1.76298
1.28307
0.387086
1.15191
0.444701
2.43112
2.27175
0.806868
1.3225
0.219187
0.173038
1.44871
2.08722
0.574787
1.94392
0.479357
2.25156
2.15991
1.52047
0.722269
1.81639
2.52707
1.18714
0.838404
2.27076
2.47373
0.893298
2.64809
0.332596
2.72295
1.83999
0.693543
1.47696
0.810458
2.73359
2.69976
0.197705
0.727782
1.83249
2.71308
2.31297
0.877235
2.09113
2.91918
0.202824
0.413137
0.133809
0.138519
2.59923
1.71202
1.51372
0.0594835
0.304432
2.45331
0.983297
1.67159
2.10405
2.68279
2.33778
0.448393
1.52294
0.175753
2.3132
1.81662
0.717682
0.558837
0.671545
0.204416
1.09607
1.81723
1.1668
2.1325
0.0548534
1.69406
0.493338
0.823307
1.49404
0.915709
0.685
-0.175093
0.301338
1.20302
0.783926
0.479564
0.774722
2.31409
0.0847418
2.43786
0.997917
0.769113
2.22365
1.25882
0.132138
1.19706
0.229339
0.424373
0.239029
-0.409231
1.07143
1.06699
2.65053
0.496082
2.30638
0.41333
2.24334
2.07435
0.767122
1.37854
0.352557
0.5275
1.55719
2.80372
0.477544
2.71757
1.60395
0.879513
0.986705
0.779806
0.346277
2.28256
0.839119
1.23094
1.89339
2.46223
2.435
0.484312
0.957286
2.3151
0.383001
0.294557
1.47989
2.02713
2.57754
-0.151358
1.1924
0.594791
0.127898
2.45506
1.62411
2.38185
0.635414
0.749826
-0.219119
0.500587
0.653652
2.61662
0.843948
1.04677
2.62794
2.70433
0.287157
1.80952
0.448293
0.410535
0.795879
2.61266
1.17289
1.10299
1.92875
1.94226
1.47987
0.61342
0.828455
0.531581
0.200251
2.69473
1.10768
0.0464324
1.19757
2.66483
1.08745
1.79966
0.193867
0.802001
1.21192
0.765666
2.62491
0.894364
0.115589
0.0655459
0.870805
1.92273
2.1214
0.612015
2.17573
0.587849
0.188251
0.518098
0.0875691
1.29505
1.56693
2.69488
0.741256
0.960517
1.31861
1.0557
0.489955
0.509934
0.157133
1.12673
1.32425
0.884073
2.6212
0.890622
0.462272
2.08364
1.263
0.168945
1.41187
0.513827
0.342892
0.768273
0.0956602
-0.261761
1.71475
1.63907
1.72523
0.782285
1.21274
1.32062
2.55628
2.45414
0.480356
2.23365
1.42295
0.121262
0.816674
0.604297
0.770167
0.338045
0.865817
0.813796
0.580629
2.02508
1.45894
1.26788
1.22245
0.383919
1.42215
2.7092
1.17988
2.49291
0.784802
0.14441
0.324085
1.46288
0.240473
0.549065
1.04402
0.507909
1.60264
2.45966
1.6836
0.793171
0.525393
2.20511
1.68462
-0.142523
1.14288
2.72752
1.51654
0.597911
2.56365
0.133026
2.35425
1.05783
2.48093
0.313172
0.593177
0.529598
1.12094
0.736622
2.65448
0.672435
1.98414
1.1267
0.625882
0.111208
0.737664
0.696258
0.342344
1.23972
0.40973
0.593416
-0.163537
0.467532
2.07771
2.585
2.47574
1.3904
1.2285
0.838669
0.584988
0.829497
1.16858
2.5101
0.365735
1.69004
0.123368
0.803441
0.6109
1.0201
1.05394
0.164638
2.49884
1.72698
1.7255
0.169648
1.4129
0.843514
0.482392
1.28727
0.398903
-0.241508
0.581975
2.04562
2.37686
0.817723
1.66972
2.40659
2.45555
1.06514
0.33252
1.48032
-0.164621
2.01396
2.39113
1.38227
2.41492
0.134386
0.793649
2.07779
0.970195
-0.13609
0.792851
0.839537
0.522194
1.79487
2.4064
1.87478
1.23504
0.286045
0.249187
2.17374
1.80374
0.168774
2.66015
2.64105
1.5427
0.822488
0.297956
0.270167
0.386853
1.23383
0.0994061
0.802493
0.180572
1.08916
0.775419
0.134224
0.570157
0.639974
0.370998
1.98896
0.811
0.616043
0.0863239
1.803
0.82265
1.36569
1.74893
1.26001
2.46113
0.211042
0.838027
0.3853
2.27057
1.24981
0.797661
0.0280926
1.2476
0.900528
0.267149
1.85381
0.321757
0.361626
0.590898
1.06504
0.158333
0.518444
2.40503
2.74942
1.15345
0.357362
1.21811
0.351918
1.42011
1.3642
2.70488
0.931717
0.482378
0.993017
0.88073
2.69616
2.48827
2.03861
0.572792
1.00417
1.89945
0.693372
0.293939
1.7144
0.0737567
0.685128
2.6952
0.229838
0.436162
0.59799
1.14478
1.33836
1.44443
1.03433
1.42376
2.60177
0.557151
0.199678
1.89141
1.1064
1.01625
0.968795
2.57185
1.73193
1.37588
0.564145
0.892096
2.26296
0.360035
0.874428
0.436857
1.17443
2.56414
2.35929
-0.494661
0.510167
0.264456
2.04173
0.0516852
0.258059
0.720037
0.477131
2.63502
1.37243
0.51877
0.256339
2.68929
2.1293
1.81291
1.87108
2.02931
2.53064
1.42829
0.0477705
0.439076
1.0814
0.680723
1.78117
1.32809
0.0911494
1.15487
0.821792
2.74755
0.557349
0.0643142
0.194788
2.73363
2.62972
2.49685
2.42287
2.21456
1.18562
1.64649
0.0934979
2.25644
1.11138
0.447178
0.837352
1.21034
0.140398
1.25601
0.456492
0.518271
0.329564
1.20315
0.55067
0.257449
0.0448345
0.191558
1.20333
0.422283
2.21716
2.67869
1.58882
2.41669
0.459095
2.12032
2.51929
0.442225
0.478936
1.97611
0.614939
0.449596
1.43024
2.66729
0.129138
2.68765
0.560477
1.85548
1.23097
0.17003
2.72995
2.51317
0.601321
0.434616
2.45028
2.49213
1.37983
1.37746
0.364971
2.34508
1.35736
0.568799
1.06451
1.36044
2.9651
2.01307
2.2379
2.70212
0.512755
2.54621
0.510003
0.0911169
0.569335
0.142162
0.0972347
1.62928
0.794577
1.49077
0.831894
0.88263
0.301599
0.55934
1.32947
2.20906
1.31417
0.724302
0.504353
0.154503
0.144757
0.556098
2.35264
1.09343
0.837947
0.449596
2.64504
2.37741
0.16048
0.586789
1.37278
-0.144166
0.784861
2.71009
0.961228
1.92217
0.177654
0.402198
2.69711
2.68465
2.26313
1.99934
0.379311
1.41374
0.310789
0.839139
1.78409
2.68449
2.5578
-0.0354945
1.06479
0.533479
0.527351
0.139811
1.13489
1.50947
0.788773
0.361767
0.326261
2.47446
0.460833
1.1953
1.14272
1.61092
0.455167
0.507471
0.508252
0.462717
2.40162
2.437
1.0242
1.59207
2.46175
1.43975
0.948342
2.22081
0.639022
1.40196
1.80307
2.30651
1.30501
1.90344
0.704021
0.0696279
-0.133975
1.18882
0.508112
1.07917
0.141043
1.82933
2.22394
0.170501
2.67749
2.45579
1.39551
0.611353
2.26613
1.2661
0.436632
1.25714
0.517859
1.34963
2.34599
1.66166
2.69471
1.01997
1.38634
2.11514
1.30346
0.124522
0.141729
1.05418
0.510634
2.69234
0.8461
1.12188
1.04562
0.547805
2.5129
1.12071
1.97043
0.299631
2.43934
0.832808
0.333235
0.13431
2.69803
2.17406
1.92799
0.188075
1.31641
1.28356
0.578901
0.74437
0.582019
0.442382
0.846445
0.932036
2.68668
1.85492
1.55983
1.99324
0.57794
2.11261
2.27663
0.881668
0.48505
0.615022
2.4663
0.769162
2.31571
2.29202
1.05882
0.436357
0.673847
2.50229
0.579679
2.69863
1.23581
1.55152
0.677581
1.33268
2.03112
1.49331
2.51834
2.46273
2.32578
2.56767
1.76245
1.24338
2.06449
0.227442
1.17816
2.22898
1.33107
0.710905
2.31816
1.47352
1.70073
1.43146
0.400361
0.405571
0.150918
1.42073
2.49852
0.405485
0.649984
0.530448
0.599387
0.485785
2.01196
2.25779
2.53115
2.3252
2.59994
2.28692
0.614485
0.206407
2.39164
0.482762
2.66811
1.33934
2.28858
0.376403
2.19858
-0.48024
2.59053
2.59461
0.24625
1.11575
1.13741
0.532901
1.28866
2.67757
2.03823
0.342494
0.649571
2.11494
2.46816
0.55451
0.70521
0.602877
0.746253
0.385282
0.223484
2.64236
0.00190508
1.04266
2.4295
1.6022
0.112129
0.815579
0.419185
1.92284
2.49866
1.48634
0.105403
2.06197
2.54614
2.469
1.02711
2.51999
0.529133
2.45542
-0.242947
0.547664
1.26455
2.19327
1.70201
1.21946
0.889659
0.516024
0.435633
0.229639
0.441711
0.553201
0.538092
0.476442
2.70166
2.51797
2.45097
1.42718
1.93548
2.09357
2.12589
0.444152
0.0861601
1.10034
0.697375
0.570181
0.324381
0.588343
0.892523
0.411469
0.175826
1.37704
2.45522
0.514547
0.0848489
1.25344
1.34673
2.2695
1.77702
2.32503
0.626956
2.62767
0.340307
0.739421
2.41691
1.27086
1.80381
2.71795
0.409337
2.6788
0.723696
2.6973
0.119796
2.1185
1.30638
2.16775
1.09066
1.75927
0.227194
1.05832
2.68434
2.17314
1.76873
0.831584
2.3254
0.150977
2.60307
0.555803
0.547443
0.511533
0.620019
0.877292
2.09909
0.87146
1.88212
1.13162
1.11739
1.39603
1.13212
0.397473
0.170443
2.26363
0.604477
0.489111
0.560239
0.676185
1.91867
0.212334
2.06427
2.43602
2.08593
2.623
1.83984
0.659675
0.823663
2.17859
-0.158288
0.213294
0.801741
2.32509
2.21687
0.421722
1.1905
2.03493
2.43213
0.797098
0.147197
0.520083
0.589138
0.542684
0.226281
0.556955
2.61105
1.04723
2.22521
2.75544
1.34819
0.465046
0.82128
0.534638
0.0436118
0.565974
2.29999
0.51466
0.73329
1.01883
0.961099
1.19095
1.37321
1.96684
2.23201
2.22134
2.42847
1.18487
-0.287462
0.627984
2.22694
1.04237
2.50094
2.27556
0.911905
0.36577
1.89543
2.57443
0.822742
1.63068
0.123147
1.7723
2.17218
0.194069
0.710861
0.482487
2.2512
0.646406
0.474455
1.74687
0.348188
0.672723
1.43007
1.45725
2.44211
2.59665
0.437756
1.68055
1.97782
1.01387
1.65717
2.22841
1.29529
0.349149
2.42847
0.595129
2.79902
2.51642
0.568525
2.3167
0.722773
1.0966
0.160726
2.0729
1.03521
2.45327
1.14846
1.12699
0.807278
0.525351
2.23028
2.07491
2.44805
1.33929
2.47212
0.871652
0.273729
0.557632
1.50576
0.0898409
1.14527
2.85594
0.129232
1.36652
0.420941
0.837731
2.61449
0.61479
0.447021
1.04692
2.19242
0.250098
0.259729
0.652024
2.27409
0.469062
1.28959
2.16413
1.78323
2.68278
0.20598
0.337993
0.882055
0.384899
1.42101
2.70585
2.4268
0.416939
2.01172
0.765954
2.42717
0.0766501
0.63101
0.934356
0.215998
1.03137
2.42849
-0.0981049
1.41336
0.190463
1.11659
0.616926
-0.0344634
0.579092
0.879026
1.33042
0.812134
2.54121
0.454467
0.821709
2.30244
1.36578
0.644909
1.40612
2.07803
-0.245137
1.27682
1.25367
2.1841
2.39985
2.4556
1.20548
0.749356
0.16095
2.44286
2.24042
0.590055
0.530214
0.259815
0.85075
2.74583
0.806285
0.836339
2.69579
2.24806
2.33158
0.881742
0.555771
0.610636
1.06573
0.767131
0.448778
1.53427
0.719495
2.34678
0.122324
0.639842
0.600074
1.51564
0.344115
-0.269383
1.17351
0.703788
0.446986
0.578634
1.41187
1.30409
1.38979
1.50172
0.519764
2.19519
2.26845
0.44866
2.23252
2.16251
2.68691
0.662748
0.342257
1.04272
0.328831
0.431672
0.225632
2.27912
1.46292
0.147198
0.563609
0.803533
0.629894
1.80586
2.68425
1.44263
0.541717
0.695702
0.546027
2.59366
0.195248
0.149468
1.82443
2.58465
1.49298
2.51874
1.32408
1.06794
0.469622
2.7003
1.01427
0.795097
0.329592
0.455236
0.99652
2.28368
1.78337
2.1221
2.04019
0.602825
1.90871
-0.208846
1.33082
1.82534
2.35721
0.681814
0.754353
1.80296
1.20524
0.724958
0.978251
0.679777
0.878925
0.602507
2.44064
2.289
2.95624
0.264894
0.293497
0.758717
0.297944
0.578787
2.12789
1.13852
-0.186236
2.02858
1.0378
1.05619
1.24847
0.480056
2.64709
0.921827
2.67248
2.43494
1.44797
1.92751
1.74732
1.13633
1.21236
0.750504
0.337776
1.25323
1.82285
1.28261
0.439598
0.488667
0.841741
1.90082
1.33495
2.59295
1.10925
2.63465
2.68585
2.43767
-0.237595
0.757276
0.627213
0.611981
0.162135
0.106721
1.1798
1.86402
2.20117
2.64641
2.42136
2.42233
1.3198
2.42335
1.51929
0.790106
0.382808
0.827711
0.594185
1.11943
1.05958
0.86146
0.9484
1.29954
2.65041
0.594756
0.42474
0.478313
1.90823
0.66756
2.43778
2.4406
0.4478
1.43756
0.375416
2.0574
0.539607
2.07958
1.76104
1.75825
0.712191
0.413559
1.45562
1.96032
2.64473
0.526667
1.8428
0.17137
0.313579
0.348775
0.504416
0.624793
2.29312
0.683548
1.10523
2.68175
1.70402
0.809856
0.837307
0.592291
1.53473
1.73372
2.38621
0.397958
1.23657
0.488692
2.15497
1.3887
1.13034
0.382812
0.734145
0.447017
2.21839
0.790568
1.80404
2.10806
2.32601
2.44722
1.07514
0.531504
1.75676
2.44567
1.05447
1.07712
2.42921
1.07147
0.0506709
1.78823
0.675309
2.53657
1.4457
0.6565
1.74966
0.980018
1.97792
1.57997
2.58799
1.47295
2.41877
2.21611
0.448865
0.572926
0.769011
0.940414
2.09016
1.05563
0.46995
0.616558
1.80502
1.57026
0.558453
0.826006
0.939344
1.02027
0.325839
2.42297
0.367271
1.61425
0.641316
0.72536
1.70068
0.506035
2.5869
1.85943
1.05893
0.527759
1.84107
1.16204
1.41703
0.819223
2.61834
0.801121
2.41107
2.449
2.64295
0.171416
0.529712
0.837086
0.615542
1.12618
1.49143
2.31707
0.778288
1.76983
0.610979
0.730167
0.99631
1.51486
0.37567
2.20185
1.55586
1.74669
1.60157
2.71408
0.362918
2.09864
1.23072
2.36985
1.05246
1.03666
1.78069
0.990381
0.597938
1.70363
0.532522
1.02727
2.64086
1.0078
2.68933
1.46595
2.18966
2.10467
2.46737
1.66348
0.355401
0.855713
1.67442
2.69646
2.4475
2.10925
2.71672
0.601818
2.18366
0.428274
0.588081
0.18862
0.242756
1.13529
2.0982
1.61221
0.606857
1.80203
1.80965
1.8428
0.615777
2.76742
0.541516
0.560098
0.475857
1.15373
0.299726
0.505503
0.590391
1.88145
0.480048
1.11007
0.117986
2.66909
1.60379
2.11668
2.42199
0.22159
0.787823
1.56073
0.677812
2.43368
0.447506
1.78503
2.59387
2.43134
1.82824
1.74805
2.53161
0.49088
2.46882
0.750446
1.71829
1.36068
2.26043
1.61573
0.182728
1.7158
1.66179
1.31923
2.24625
2.52241
2.10584
1.32549
2.29425
1.76641
2.32115
1.48425
2.17375
0.998632
0.829119
1.43645
0.641927
0.892725
0.85992
2.06318
1.78805
0.370035
1.10582
1.47279
1.81772
0.268047
2.61703
0.35144
0.362991
0.591398
1.77811
1.94522
1.15462
2.85001
0.861113
0.161357
0.774982
1.69104
2.18111
1.48261
0.836662
2.60491
2.27688
0.633764
0.886298
0.691721
0.722623
1.22159
1.34585
0.427172
0.147648
0.587195
0.642855
2.4262
0.265596
0.54473
2.39129
0.104447
1.8206
0.306774
0.458007
0.884396
0.511111
1.07254
2.42665
0.254004
-0.149574
2.65591
2.63739
1.0907
0.593466
0.379968
0.272023
2.76908
2.43573
1.23054
0.363834
1.35794
1.65812
1.14808
1.0341
2.39146
0.806709
2.39422
0.625649
1.25468
2.64071
1.5292
2.41968
1.61824
0.604149
1.62355
1.52341
1.92549
2.47949
1.67824
0.768534
0.132261
0.231638
0.5831
1.96666
0.921741
0.827368
1.13697
0.018098
0.76853
1.06953
1.66866
1.54627
1.21277
0.182238
0.879791
0.647393
2.58712
1.7525
2.27025
0.507804
0.306636
1.43278
0.184279
2.26714
0.512494
0.874724
2.5645
0.587322
0.593632
2.24456
0.694392
2.38017
1.16603
0.114726
0.148665
2.28806
1.20851
0.709375
1.76141
1.83878
1.42173
0.519111
0.473735
0.471574
2.11464
1.62596
2.27349
1.18906
-0.498583
0.712067
1.26334
2.06097
2.05509
2.36645
1.79039
2.30752
1.05967
1.23781
0.787742
1.79177
0.45472
0.813041
2.15268
1.77616
2.52265
1.29996
2.39979
1.52663
0.331663
1.68961
2.69837
0.593236
1.41692
2.6561
1.25847
1.11883
0.674056
2.3398
0.626279
1.79684
1.14225
1.50286
2.42025
2.71141
1.24347
0.114599
0.12337
0.467588
1.50504
2.04243
0.631973
2.48511
0.421926
0.147514
0.751396
2.41062
2.26986
2.13755
1.66404
1.79642
0.837335
0.233818
1.33332
0.214186
2.33176
0.479179
2.48972
1.86113
2.18039
2.18523
0.588429
1.74744
2.6163
0.914378
1.12705
0.60561
0.243461
2.10568
1.31088
0.350535
0.841503
2.32138
1.3831
2.44537
0.788252
0.576255
0.754052
1.30816
1.0184
2.52735
2.41481
1.09401
1.65407
1.32238
0.787839
2.27321
1.72216
1.39789
1.41009
1.72589
0.59767
1.62509
2.22625
1.78149
1.44555
1.19694
2.09107
1.26891
0.739184
0.966652
0.533605
1.59247
0.9538
1.70208
0.18702
0.529524
0.800442
2.41354
0.239314
2.19284
0.778054
0.592579
0.396623
2.07753
0.372768
-0.168459
0.253703
0.684234
-0.275094
0.478159
1.09625
2.03174
1.86159
0.194505
0.569475
0.351978
2.49532
1.75395
1.82944
0.55453
0.596551
2.51794
2.14927
1.36318
1.19869
1.78341
1.78829
2.47318
0.446471
1.75147
1.23171
1.57605
2.50691
0.790532
1.78087
2.68535
0.0601776
2.6076
1.11049
0.618798
1.16872
0.838856
0.607175
0.757214
0.659351
1.25061
1.64586
-0.0713579
0.546367
0.422577
2.50838
2.09171
2.19843
0.852719
2.88502
0.337364
0.87836
1.74765
0.213794
1.59737
1.79103
1.2945
1.75751
2.27793
1.50972
2.0556
2.53196
2.50846
0.874352
1.79685
0.835361
0.193787
0.0962183
0.734492
0.786662
0.695522
1.92573
2.32666
0.560789
1.86236
0.50703
1.34949
0.811963
0.763264
1.62049
1.34703
1.50227
0.14038
1.53043
0.505221
1.41883
1.16175
0.547535
1.33144
1.42506
0.674154
0.574137
0.579971
0.661857
1.15917
0.304221
1.72337
2.19624
2.19034
2.40674
0.690388
0.245763
0.227131
0.570591
0.524493
0.258875
0.52254
2.08379
0.938833
2.31086
0.502788
0.764511
1.9409
0.610785
1.47907
0.817707
1.81682
1.06361
0.134697
2.29337
2.70298
1.23721
2.35304
1.16375
2.69633
0.847923
0.657714
0.0879612
2.52316
0.670858
1.78642
1.51778
1.80213
2.03252
0.423889
0.187416
0.368425
0.735706
2.7149
1.76021
0.854805
1.00652
0.591545
0.414838
0.422534
1.74808
1.79012
1.30069
0.301053
0.891132
2.60687
0.297953
0.229049
1.44258
0.771662
0.878731
2.11958
1.84969
2.15352
1.26187
0.0277198
0.154593
0.808721
0.17093
0.840057
0.468601
2.01768
1.29964
1.8192
0.423563
1.10081
1.35516
1.43097
0.345708
2.43696
1.90553
1.50863
0.443705
1.28424
-0.180805
2.31306
0.206592
2.22875
1.91056
-0.490741
1.5621
1.79414
1.84608
2.08423
1.22014
1.3264
0.584721
2.17654
0.551083
0.668455
1.28432
0.890717
1.29884
0.807867
2.1325
0.846446
2.56174
1.35147
0.259845
1.99917
2.42806
0.810692
1.27344
1.28589
0.596719
1.80279
2.19296
0.820043
0.130556
1.37681
0.598598
0.522067
0.491517
0.713236
2.66136
2.0866
0.581834
1.68863
1.74371
0.754865
1.83738
0.571199
0.848626
0.597378
0.861711
1.78233
1.28629
2.19086
2.24351
1.08247
1.35538
2.22907
2.62937
1.59936
2.65517
0.977751
1.31068
1.53413
0.684636
0.564145
0.36548
0.306873
1.94174
1.91117
0.84207
0.558313
1.96546
0.570891
0.596098
0.847029
0.803387
1.29475
0.997912
1.48925
0.104933
0.279395
1.45591
0.797156
2.30592
0.478685
0.610902
2.22988
0.104451
1.43539
0.323291
0.756025
1.98414
0.518175
2.55627
0.877877
0.205429
0.75817
1.64537
2.04715
0.59059
1.23504
2.41954
2.39307
1.64713
1.44717
0.821439
0.464824
0.465456
-0.304746
1.28993
0.931504
1.71976
1.44717
0.114969
2.05595
1.5713
2.18009
1.2529
1.17736
1.53563
0.906042
2.57506
0.558337
0.549358
1.30642
0.188896
2.16806
0.627
0.864417
2.33302
0.506206
0.254088
0.757178
2.7006
0.34528
0.354443
0.66805
2.69136
2.34326
0.747457
2.14918
2.64371
0.847869
2.19545
0.763257
1.01969
1.49443
1.9788
2.24598
2.49657
1.50078
0.910756
1.10085
-0.253824
0.787644
0.230118
2.58592
0.619255
-0.0794767
0.593236
0.245697
1.55566
2.81139
0.901861
0.492505
0.55221
1.17267
1.6461
0.105107
0.488416
1.38936
1.85101
1.76231
2.72386
-0.0252314
1.98685
0.681187
2.04489
1.8689
0.395721
1.82149
1.5593
2.06409
0.62995
0.164207
0.573181
0.597995
0.522998
2.17455
1.87936
2.14719
1.75943
2.15775
2.62455
2.62953
0.0870473
2.00141
1.83801
0.436844
0.596491
2.27326
1.9088
1.7967
2.37903
2.43057
0.205438
2.51329
0.557216
0.592645
1.3385
0.66711
0.497577
0.941622
0.0860793
0.880816
1.17113
1.75562
0.246204
0.863791
1.41292
0.798467
0.429507
1.858
0.119536
0.580458
2.53949
2.22395
1.63227
0.626736
0.530046
2.33229
0.504506
0.0741993
1.75222
1.73454
0.175417
2.5044
1.87412
2.19071
2.40849
2.6788
0.786894
1.37556
2.23182
1.31539
0.591735
1.84484
2.00804
0.546217
0.56278
0.772739
0.632582
0.754758
2.30759
0.464163
0.145735
0.691435
1.33208
1.13164
-0.229804
2.43259
2.05049
0.35506
0.315055
2.78722
1.9603
1.35565
0.842708
0.577113
2.11372
0.468616
0.58081
1.80983
2.08658
1.60979
0.824681
2.63429
0.461412
1.22214
0.608871
2.68779
0.186697
0.824527
1.60795
0.9449
0.114198
1.94041
0.795424
1.13543
0.392575
1.33701
0.543247
2.08918
1.75287
0.814985
0.872894
0.265814
2.04684
0.856974
0.397857
1.05522
0.640115
0.517638
1.91646
2.01733
0.552375
1.04837
2.62055
1.7477
1.9255
0.79232
2.40092
1.85233
2.12197
2.47586
0.933857
1.46884
2.37829
2.39983
0.625818
1.36598
1.52827
1.91521
0.882998
0.623234
2.05242
2.41868
0.0514615
1.33852
1.40718
0.835312
0.5973
1.1239
1.42763
0.517548
1.01611
0.859171
2.50359
0.2191
1.37444
1.19802
1.05676
2.13798
-0.0146804
1.75829
1.80186
1.12622
0.760612
2.32701
1.4201
1.26281
1.0428
0.285122
1.20181
0.969196
1.55208
0.217779
1.97121
0.444984
1.82578
1.8249
0.583507
2.59178
0.844977
1.39788
2.14787
1.81728
1.30035
2.10452
1.34029
0.591029
0.398587
0.651833
2.25878
1.98464
2.20453
1.75444
1.99839
1.56693
0.136425
0.565769
0.493469
1.76614
1.59643
0.639137
1.76691
2.17326
0.839265
0.45994
0.57605
2.31478
1.89963
0.277415
0.500744
2.16173
1.32787
2.42728
2.67301
1.91549
0.151937
1.8787
1.97009
2.16392
2.74977
0.592998
0.704854
2.16978
0.571818
2.19177
1.5879
2.23696
1.88943
0.616425
2.29763
2.63654
1.59545
2.53573
1.09627
1.38569
0.714952
1.56458
1.619
0.18187
2.19523
1.63916
2.18569
0.776786
0.16237
1.40163
2.28926
0.257127
2.74584
1.4772
1.59316
1.85277
1.04603
2.39296
2.5787
1.91695
0.928288
1.45593
0.941124
0.764257
1.2536
1.09834
0.845235
0.553724
1.90197
0.840096
2.25292
0.660492
0.330507
2.48553
1.59695
1.51238
1.56379
1.00071
1.7888
1.88375
0.764333
2.25039
1.95006
1.89154
2.2771
1.47837
2.38658
0.378845
0.468268
0.701643
1.51627
0.878751
1.80551
2.17726
0.585175
2.00354
0.570149
1.48687
0.402601
1.5499
0.296022
1.91038
2.03074
0.360242
1.06798
1.87402
1.44414
0.83058
1.87917
0.59498
0.481726
0.633359
0.659097
2.65127
1.51696
1.04647
0.915536
0.184713
1.50335
2.40429
1.4641
2.52909
2.44767
1.31715
0.86287
0.242214
1.10839
1.39256
2.14651
1.22771
1.68979
1.82902
2.3789
1.69006
0.770867
0.722925
2.38632
0.0971775
1.99012
2.64213
0.569191
2.68093
1.59798
0.955894
0.402387
1.79144
1.66911
0.656479
0.559698
2.23434
1.11391
1.99395
1.77554
2.52256
1.86737
0.232364
0.212337
0.131771
0.537448
2.62125
0.580587
0.263684
0.533147
2.24781
1.83449
1.33119
0.215068
1.85354
2.20799
1.55014
0.0940897
1.35226
1.21955
0.427263
1.09988
2.41984
2.21135
0.147372
1.30514
1.86899
1.84214
0.570282
1.09498
1.51177
2.33206
0.12471
2.30439
1.44365
1.82632
1.71632
2.13719
2.67606
2.4577
0.587748
1.80683
2.39636
0.82627
0.980687
0.618999
0.835139
1.3762
1.10042
0.727231
1.15771
0.786414
0.602051
2.6076
1.83066
0.657804
1.52635
0.274063
2.51161
0.424609
2.63076
1.10242
0.745472
1.94035
1.47388
0.505864
2.45454
1.35425
2.29302
2.02511
1.52021
2.24917
0.796833
2.64891
1.07953
0.450895
2.4425
0.0829317
0.399636
2.70113
0.533013
2.40389
2.69277
1.2096
2.1146
2.42782
2.54693
0.82037
2.13332
2.46627
0.180909
0.56967
1.2595
2.00828
1.32479
0.0541894
0.614421
2.29326
1.75086
1.91921
2.67366
1.91086
0.229683
0.568313
0.508924
1.80972
1.68857
2.30502
1.44789
0.729636
2.36535
1.91428
1.76783
0.923491
1.50917
2.20775
0.573896
1.76458
0.462654
1.74687
2.53489
0.818815
1.57698
0.738555
0.466192
2.30225
0.972609
0.78763
0.360885
0.938703
1.32315
2.34548
1.38153
0.589404
1.74244
1.76321
0.812859
2.41983
1.94341
2.69321
2.01025
1.60609
1.67548
0.489377
0.153566
1.17309
0.0909162
0.268354
1.97227
0.582451
0.603024
2.56951
2.52896
2.2284
0.52804
0.178364
2.04998
1.99706
2.16149
0.65159
2.23075
0.511191
1.7298
0.518264
1.60085
0.726617
1.73089
0.919308
0.904431
1.77816
0.666179
2.40456
1.09474
1.1844
1.11197
2.43189
0.728894
0.332996
0.254096
1.82047
0.453646
0.954695
1.15769
0.774289
1.02632
0.654357
0.316959
2.24424
1.32525
1.99365
1.85712
2.06294
0.731468
0.608143
1.23656
1.53058
0.32919
1.99367
1.35409
1.25519
2.04859
1.07211
1.10114
0.149177
0.733078
0.93573
2.03453
0.60068
0.36863
1.65138
0.389985
1.33379
2.66632
0.832932
1.92622
1.26278
1.78903
1.34497
0.277386
1.97556
1.42066
2.00753
0.737389
2.04846
0.0541936
1.75241
1.19089
0.73834
1.91927
1.9365
1.98742
0.984837
2.38267
2.02347
2.06851
1.04767
1.62205
0.280361
1.96061
0.421788
1.29649
0.253327
2.39379
1.78699
0.456268
2.53129
0.535922
2.15504
-0.212237
2.31251
0.17901
0.543285
1.82313
0.920447
2.93375
1.48377
1.04766
1.77261
0.505123
1.72049
1.43817
1.42154
0.493306
1.43463
2.37235
1.89268
1.72725
1.97675
0.562735
0.230227
1.41156
0.657618
1.76245
1.46503
1.98932
0.593307
1.78352
1.46177
0.95634
2.59719
0.485134
0.803801
0.64337
0.469278
0.477935
0.908838
0.872367
2.16241
1.98691
2.10544
2.06162
0.523032
2.47904
2.78472
1.09942
1.3036
2.44067
1.44258
1.69114
0.375084
1.34275
0.0308561
1.23061
-0.246007
0.806079
1.78471
0.867726
1.9089
2.46495
1.4088
1.06168
0.244778
1.75098
1.92022
1.51049
0.694157
0.598465
0.475045
0.734262
0.803688
1.9155
2.0504
0.753174
0.847201
2.25788
0.780543
2.14842
2.15261
-0.19363
1.42396
1.53215
1.39156
2.24246
1.3633
1.42231
1.10718
2.0982
0.821906
2.69211
2.00658
1.09288
0.600958
0.122413
0.819523
-0.162543
1.87817
1.14146
0.243617
2.20777
0.500822
0.0700916
0.646088
0.261161
0.575372
2.47029
1.01285
0.272263
0.236557
0.111222
0.822418
2.0105
1.01943
0.469173
1.17214
0.290432
2.09606
0.68473
2.00705
0.533864
0.191764
1.89283
1.94614
2.22099
1.9379
0.929636
0.847392
1.17898
0.588017
0.80613
-0.300964
0.488634
0.420695
1.09834
1.00819
2.06759
1.45316
1.62546
0.459157
1.28977
0.515939
0.202691
1.16478
1.66721
0.667974
0.560918
1.11043
0.728425
1.79662
1.50637
2.34817
0.603716
0.510903
1.22668
1.4155
2.02168
0.367716
0.0560389
2.06042
1.75744
2.28081
1.20601
1.09457
2.64176
2.87041
0.48114
2.03492
0.571571
1.79339
0.735366
0.358464
0.869081
0.740576
2.09331
0.579975
1.37448
1.13454
0.364115
1.23976
1.81301
1.1459
1.71603
1.87195
1.43033
1.05708
0.483777
1.28361
0.555534
1.93484
2.01291
1.52067
0.666242
0.352002
0.536715
1.41035
0.25777
1.93106
2.2712
0.557889
0.239407
0.905003
0.572743
1.86971
2.17881
2.13448
2.19429
-0.111188
1.57687
0.443503
0.455843
0.487019
1.17125
1.19248
1.10433
1.69188
2.06002
1.8197
0.749852
-0.2083
2.3796
0.640367
0.593894
2.56617
2.06303
0.641393
2.57001
2.56384
0.0958418
1.86611
0.285266
1.39842
1.92068
1.34989
0.805067
2.1634
1.8591
1.75084
1.94724
1.84652
1.66866
0.358525
2.59386
2.49237
2.41158
1.7158
1.39159
1.75405
2.01883
-0.316397
1.51466
0.501062
0.525937
0.0810125
0.866662
2.06879
0.751574
1.7117
0.68973
0.481817
0.392182
2.1654
1.72313
-0.276865
1.15882
2.22363
1.36998
0.527796
0.484475
1.43428
0.555905
2.07865
0.308769
0.827922
1.18537
1.20078
2.35027
1.17485
2.34767
1.04034
1.08253
0.289581
0.500753
0.665299
1.18772
0.84824
0.51361
0.524394
0.347761
0.429466
0.596431
1.2793
1.06883
0.890315
1.60653
1.32264
0.37566
1.79852
2.29435
1.95079
2.24622
2.40294
1.63601
1.29589
2.09397
0.7232
1.54634
0.396074
0.572469
2.16178
1.52694
0.818086
0.647062
1.29606
1.98582
1.47336
1.87155
0.677182
1.39809
0.846301
0.829882
2.50125
0.691368
2.26742
0.30256
2.21827
0.809059
2.65345
0.758119
0.38981
0.730213
0.509181
0.834971
1.04575
0.0950249
2.19828
1.06364
0.555195
2.10903
1.13872
2.20336
1.94705
2.00423
2.71326
0.453945
1.04591
2.24544
0.0604498
0.788735
1.79809
1.72224
0.0697654
0.0512663
1.25772
0.441569
0.833857
2.05321
1.69464
1.84781
0.548604
0.0958827
1.78397
0.353719
1.81769
1.89442
1.25672
2.39935
1.31869
0.571837
2.59984
2.33145
0.0563364
1.55921
0.423707
1.0515
1.86047
0.773523
0.600398
0.0897116
2.30433
2.60472
1.99576
1.34455
0.342829
1.32874
1.38609
0.257351
0.572687
1.8579
1.34711
0.661768
-0.306455
0.949684
0.781658
1.82886
0.60706
1.23961
2.2993
0.828777
2.66396
1.94584
0.809971
0.565745
2.6117
1.51244
0.868779
1.5055
2.05844
0.458301
0.539527
1.11582
0.260185
0.556159
1.49718
1.74284
1.83364
1.09874
1.54009
0.411805
2.67083
1.38584
0.365285
1.10213
0.810485
1.45391
1.02701
0.336155
0.0527938
1.64213
0.246889
2.08884
0.793623
0.693556
1.18887
1.93556
1.45898
0.381493
1.74471
1.52841
0.315651
2.67191
1.48718
0.845327
1.46027
1.17246
2.36029
0.580341
2.2194
1.28544
0.809605
2.14977
1.0565
0.257412
2.51297
1.9718
2.50214
0.603984
1.34292
0.823539
1.04516
1.90335
1.35351
2.11125
0.151148
0.931593
0.758433
0.72068
2.29676
2.19674
2.63406
0.255364
0.67546
1.79046
0.24359
0.961873
0.585026
1.10331
0.639815
1.63702
1.16683
1.44468
1.87356
2.41755
0.126749
1.33633
1.0362
1.76406
0.465075
1.84368
0.155448
2.72113
1.6953
0.558261
1.55163
1.78213
1.07078
1.20297
1.89332
0.868337
1.79475
2.25933
0.566227
0.141785
1.86152
1.31053
1.98041
0.80661
1.82372
0.499726
0.370107
1.67224
1.35596
1.56322
1.4147
1.23595
2.44393
0.487317
0.60263
1.30606
1.68218
2.42471
1.22777
2.11703
1.12974
1.03466
1.83571
0.546909
1.71705
1.08003
2.22516
2.05209
0.0956383
2.343
2.46891
0.669427
0.939697
1.03567
2.57517
0.516379
1.82369
1.15191
0.0917333
1.23624
1.81046
0.598777
0.186737
0.591546
1.42469
1.12574
1.32546
1.09624
0.809383
2.58242
1.4942
-0.23379
1.55305
1.32237
1.65109
0.431738
2.12987
0.582755
0.654951
2.14906
0.817252
0.880121
1.13557
0.0640593
1.68336
2.51908
2.16784
0.554583
2.37481
1.48781
1.64497
1.19131
1.43673
1.72378
1.95033
0.818135
0.381201
1.29885
1.33934
0.839855
2.07926
1.39476
0.404055
1.73376
0.340094
1.14353
2.14078
2.38222
1.1236
2.53375
2.29202
0.261231
0.658425
0.792172
1.40176
2.68069
2.42954
0.961061
0.500211
1.78259
1.57902
1.65279
2.05089
0.584804
2.48058
0.553482
2.35041
0.270613
0.989584
0.203891
2.37938
1.89693
0.57437
1.35686
0.667701
2.16031
2.21767
1.38225
0.851937
1.04691
1.45855
0.808565
1.03657
0.507099
2.14036
1.59946
0.962021
1.7886
2.38778
2.0039
0.33139
1.15775
0.35853
2.1674
0.813192
2.20635
2.1716
0.77591
0.145079
0.745846
0.253723
2.32085
0.840051
1.21935
0.863942
0.667725
0.550836
1.94489
1.12127
2.18539
1.37555
2.13596
1.60688
0.759207
0.524787
2.62082
1.18269
2.02424
0.364427
1.7193
1.75224
0.485927
1.90299
1.62037
2.26002
2.58267
2.57927
1.7559
1.63147
0.702228
1.75456
0.809314
2.18603
1.10473
-0.419672
0.523628
1.15104
1.99325
1.25806
1.58965
2.15826
1.90054
0.506417
0.511816
1.03626
0.567701
1.78564
0.421525
1.56576
1.83657
1.42143
1.16342
2.00164
2.23548
0.674786
1.7222
0.755978
1.43206
1.52068
1.3045
0.547456
2.30581
2.58653
2.37203
2.35273
0.109459
1.15046
0.611097
2.34794
0.269566
0.850398
0.50893
1.8313
2.37889
1.98203
0.867512
2.17968
2.18256
2.08084
0.369684
0.740251
1.27692
0.58932
2.31228
1.19516
1.32165
1.97414
1.29772
-0.155297
1.36389
1.18388
2.73777
0.431538
2.41621
1.76417
2.23766
0.28883
2.00187
1.57331
2.052
2.44209
0.581194
0.60595
1.79376
1.35187
1.31167
1.76581
0.146679
0.879413
1.35561
0.581817
0.479232
1.01666
1.3947
1.75419
1.88322
2.19206
0.183297
2.29902
1.32836
1.43352
0.338617
-0.159622
0.48695
1.19372
2.28515
0.186719
1.28845
1.26578
1.99249
1.10596
0.131112
1.97798
1.05923
1.3456
1.72153
0.877572
1.48806
0.787957
2.52896
1.49764
1.99011
2.85191
0.308504
-0.152243
1.70855
1.31603
1.55002
0.380448
0.589434
2.22836
0.812748
1.49186
2.10711
0.363206
1.72878
1.06818
0.801117
1.45176
0.535352
1.72328
0.652031
2.2581
1.68428
0.554907
2.69651
1.24485
0.741006
1.65415
1.52522
0.511083
2.28539
1.71587
1.25797
1.30615
1.86481
0.0729297
0.407708
2.39984
1.82615
1.1086
0.558623
0.528754
1.11339
0.831622
1.89114
1.90872
0.587623
0.551821
0.195643
0.105466
0.97783
1.91298
1.18792
1.14671
1.85707
1.52961
0.610059
2.07412
0.666236
1.67906
2.25551
1.08913
1.24461
2.16946
0.567805
1.92499
0.339319
1.40917
1.41697
0.707804
0.765471
0.569173
1.6566
0.935726
1.39978
2.47613
0.741978
1.89109
1.66567
0.365607
1.47677
1.56949
0.500251
0.839637
1.97006
1.07499
2.20052
1.6882
0.313981
2.36835
1.55348
0.950335
0.514247
0.82322
2.26451
1.06455
0.817886
1.2661
0.525056
2.31198
0.832864
0.587803
0.252282
2.04893
2.64372
1.01969
1.15612
1.06012
0.280186
0.0532809
0.809931
0.563032
1.08431
2.17678
0.561271
0.554114
1.87551
1.15706
2.18032
0.0850543
0.548689
0.483367
1.58724
0.581822
0.91695
1.7101
1.5885
1.78731
0.582663
2.25457
1.10614
1.82455
0.39793
2.15726
0.737765
0.612374
1.69131
1.43491
0.732487
1.6801
0.499084
0.0895091
0.29969
2.20803
0.870522
1.78769
2.00862
0.566256
1.90541
1.69991
0.283388
1.15983
2.52957
1.88432
1.66877
0.569669
2.26304
1.22565
1.61012
2.12016
1.95546
0.382887
0.550199
0.246172
2.15202
1.38307
0.596252
0.95727
2.29336
1.73942
1.2856
2.75464
2.75756
1.8808
0.885862
0.887348
1.90407
1.67104
0.995455
0.830268
1.14587
0.551225
0.760462
0.816998
1.84151
1.4473
0.282631
0.181431
1.66093
1.85944
2.5627
2.64705
1.43728
0.884013
1.50371
0.0662444
1.77415
1.315
1.65239
1.74178
2.22961
2.58298
1.05086
0.494002
1.09289
2.53472
1.48837
0.513209
0.462208
1.67659
1.46602
1.65743
1.66434
2.25279
0.682592
0.313944
0.0562042
1.14941
0.593792
0.849356
-0.31635
0.523753
2.37172
0.957402
2.14654
1.95295
2.00305
0.10068
2.26431
-0.0606001
2.65147
0.497389
1.61387
0.557436
0.528503
0.309198
1.12744
0.554531
1.52724
0.118154
1.34326
1.02493
1.80199
1.97039
0.575494
2.10222
1.29099
2.36223
1.35332
1.34412
0.759215
0.794978
1.69745
1.13311
1.66163
1.8141
1.14839
0.115768
0.947731
0.503557
1.48521
1.25228
0.585974
1.20976
1.66445
1.49298
-0.325667
1.72319
0.407684
1.0693
1.38514
2.22073
1.91521
1.07419
0.354196
1.05034
1.88925
0.533337
0.524384
-0.432283
1.05722
0.811543
1.1178
1.98183
0.983385
1.84664
2.0914
1.22993
0.969499
0.121902
0.307083
1.52409
1.07445
1.74658
1.61992
1.78261
2.28747
0.606848
1.85833
-0.0826195
1.3489
1.79701
1.57258
2.2107
1.64949
0.761423
0.720948
0.55772
1.11164
0.264723
0.773624
0.727036
0.396395
1.93436
1.29231
0.866934
1.69603
1.41103
0.745849
1.70193
1.99263
0.896185
0.600474
2.16707
0.993103
1.58384
2.43641
-0.119693
1.47797
0.557548
1.77113
1.09769
1.64007
1.11735
2.25346
0.590669
1.07621
1.09845
0.57862
1.08957
1.51952
1.95164
1.21119
1.43433
1.47794
1.38904
2.21657
0.458878
1.9409
2.26951
2.14201
1.63019
1.09878
0.750055
2.26032
0.623083
0.492484
1.81589
1.64665
0.545884
0.591891
0.58657
2.15979
2.30925
1.59881
0.377306
0.674275
1.75782
1.2765
0.840096
0.70044
2.31212
1.6093
0.666995
2.5783
2.35498
1.65717
1.70357
1.04796
0.745664
2.53338
1.34013
1.07755
1.21268
1.76848
1.79998
2.10329
0.561194
1.29224
0.869693
2.41276
0.14091
1.3845
2.50694
0.997107
1.69174
1.34751
2.24784
1.12474
1.58444
0.706098
1.11221
1.60927
1.67789
2.02066
1.24566
0.63903
0.303452
0.672474
0.591453
0.815671
0.574546
1.33445
2.58046
1.21256
0.595148
0.807033
2.30079
2.54226
1.03357
0.293434
2.27066
0.207885
1.23959
1.28248
2.1344
1.88182
0.515599
0.613135
0.82883
2.18264
1.15294
0.577918
1.81568
1.49299
0.552604
1.16964
1.88042
0.389547
2.27325
1.99954
0.252256
2.2846
1.7349
1.10074
2.04108
2.04197
1.51907
0.807268
0.63498
0.674449
1.1042
0.321675
1.31533
0.826309
0.520325
1.04397
1.80059
1.68838
1.29973
0.821533
0.413642
1.07253
1.59807
1.81365
2.3065
2.36218
1.20339
0.77589
0.109117
1.15824
2.09376
1.0466
2.6772
2.3737
1.75809
2.33494
1.73295
1.50548
1.41789
0.0809524
2.34788
2.06055
2.3195
1.3913
2.12886
2.2126
0.951435
1.73592
2.72445
1.62085
1.69348
1.41042
0.296074
0.343039
0.667877
2.57668
1.03386
0.484314
0.170537
2.15929
0.191007
2.22544
1.771
1.68153
0.601642
2.19269
2.50168
1.64176
1.29439
1.13973
1.13923
0.356501
0.521805
2.28165
0.577744
1.25549
0.556916
2.59768
1.06924
2.17566
2.40256
0.532853
0.645926
1.3997
1.06229
1.60494
0.628506
0.665956
0.377456
1.52078
1.57467
0.55881
1.64125
0.295548
1.65736
0.80478
1.37219
1.90316
0.605201
1.28952
2.29872
0.677626
1.19388
0.159819
0.627709
0.767658
1.94663
1.06502
1.49092
0.863213
1.0417
1.5345
1.80763
1.22735
0.834225
0.328945
1.55778
1.72066
1.39483
0.596613
1.78395
2.32358
0.525341
1.1305
1.13693
1.27509
1.66547
0.681343
0.129254
1.2576
0.154927
1.18588
2.61674
0.492433
0.495148
1.45712
2.50465
1.39639
0.622365
0.716425
0.749887
2.37668
0.284915
0.562027
2.42283
0.88324
1.31972
2.39181
1.11199
2.25697
1.67857
0.50981
1.15776
1.31762
2.13623
1.74613
0.721024
1.46675
2.0755
0.526127
0.86714
0.44697
1.48213
1.40983
2.36931
0.893358
0.284319
0.550371
1.68785
1.06228
0.594428
1.18765
2.16224
1.40812
1.51256
2.61021
1.79077
2.14339
1.59904
1.28812
1.78998
2.20098
1.25545
0.640986
0.594073
2.53784
2.30992
1.75945
0.737489
1.59529
1.64515
1.50876
2.70813
0.443856
0.546477
1.10418
1.05723
1.91604
1.46413
0.993915
0.750851
1.00395
1.23436
1.7601
1.17294
0.3759
0.576706
1.49395
2.03572
2.58162
0.553787
1.23179
1.13952
1.11586
2.82876
0.636134
1.72605
1.19613
1.09129
0.374947
1.50145
1.97284
1.25996
1.80783
2.2279
2.17044
1.69969
0.779901
0.827185
0.636979
0.370591
0.490681
0.89831
1.6789
0.603266
0.620204
0.394417
0.642991
0.679178
2.44578
0.467245
2.62753
1.51272
1.3475
0.769298
1.74958
1.57351
0.353813
1.62289
1.78943
0.580323
1.49314
2.18205
1.04809
1.57928
2.40255
1.35045
0.586183
0.370677
2.22536
1.41281
1.03913
2.3583
1.47078
2.39999
0.672373
1.09723
0.570225
0.662166
2.38716
0.4313
1.20238
2.43039
0.829958
1.4145
1.09495
0.308447
1.60706
1.13231
1.23753
0.656074
1.17815
1.66827
1.55986
2.15102
-0.204199
1.49795
1.13103
0.801941
0.848438
1.14288
1.50625
1.46401
0.569024
0.736916
1.08339
0.672882
1.43776
1.84572
1.75696
2.43551
0.852592
2.43656
2.26829
0.373981
0.598118
0.529716
1.89221
0.295589
2.59401
1.29834
1.26293
0.60347
2.13216
2.03665
0.135583
1.49724
2.05074
2.57335
2.39666
0.552124
1.15037
1.23717
1.76782
2.1421
0.588659
0.85013
1.24181
1.70152
0.293449
0.484322
0.825925
2.12403
0.936007
0.59855
2.01392
2.13068
-0.0514069
1.39901
0.40257
0.640139
1.78003
1.34032
1.28822
2.8363
1.28782
1.63144
1.07149
0.521118
0.496561
2.1486
1.90244
0.398153
0.180176
1.49338
1.13633
0.444896
1.38175
1.85584
0.308011
1.23364
1.02437
1.36535
1.42977
1.67554
2.33181
2.15201
2.16415
2.09646
0.69281
1.40565
1.90433
-0.496618
0.551185
1.69598
0.555952
0.841721
1.45272
2.26384
0.44703
1.60831
1.54961
0.274149
2.12611
-0.302034
1.30777
2.18912
2.01555
1.71559
0.597368
1.48741
2.58179
2.33127
0.328911
1.58269
0.516767
2.34848
1.97577
1.0503
1.07121
1.57477
-0.0568562
1.10082
1.82218
1.07044
1.82273
0.738536
1.91505
0.585928
1.01951
0.862435
0.351612
2.06509
1.45943
1.99862
1.98064
0.627461
1.21802
1.3872
1.60954
1.25574
2.22448
1.04517
0.236735
1.17671
2.12531
1.20238
1.83649
2.54657
2.19501
1.32833
2.16473
0.473553
0.931861
1.73638
1.02558
2.30518
1.99927
0.551641
2.63199
1.58222
0.384349
0.584793
1.3282
1.50217
2.12465
1.37537
1.58057
1.80029
2.07768
0.678567
-0.1164
1.54255
0.0405224
1.33571
2.23335
0.36228
2.29593
0.503136
1.22482
2.18425
2.14068
0.385473
2.21681
0.814895
1.3818
1.79405
1.78434
1.39706
0.587532
0.933002
0.57094
0.648295
2.27395
1.97567
2.11284
1.3156
0.904802
0.440771
1.94038
1.90844
1.82269
0.594297
0.0496542
1.7908
0.501775
0.588662
0.693494
1.12563
2.01071
1.01705
1.02808
0.830241
2.30461
1.16647
0.781829
0.521039
0.734953
0.976018
0.779052
1.46622
1.93937
2.34546
2.42372
0.984252
0.55804
0.776852
0.572526
1.4301
1.20568
2.33438
2.24793
0.310063
2.66299
1.97352
1.20972
2.38415
2.00603
0.507526
2.59079
1.70607
1.53604
1.39699
0.607527
2.6568
0.596556
2.29919
0.4724
1.62984
0.284309
1.53811
1.99109
0.927738
0.878847
1.39378
1.4742
0.585861
0.193545
0.547079
2.36256
1.29003
0.530621
0.956173
1.26163
1.52098
1.77207
0.548804
1.92045
0.531424
2.58905
0.800706
1.29724
0.673555
0.652574
0.565203
0.726238
0.361053
2.24857
1.49929
0.320727
0.592054
2.50516
1.08271
1.76171
0.626155
2.26178
1.38179
1.85624
-0.205093
0.294567
1.5193
1.65377
0.508034
1.72782
2.13935
1.74212
2.35225
2.09448
0.171998
0.543951
2.60051
2.05538
0.320289
2.25995
2.1684
0.497809
0.744486
1.60869
0.722178
0.847591
0.520765
0.538956
2.47782
1.6573
1.5935
0.667221
0.0632045
1.43136
2.34995
1.16809
1.60211
0.451048
1.78693
1.63166
0.591532
0.629284
0.15962
0.560116
0.827157
2.38275
0.972524
2.408
1.56848
1.02348
2.04027
1.30436
1.52768
2.17345
1.92291
0.874019
2.35304
1.88121
0.385691
0.586597
0.126838
2.0281
1.50993
1.90268
1.50821
2.40035
1.11023
2.19798
1.27771
1.37998
0.843116
1.30064
1.492
0.393497
1.18043
1.39211
0.659307
0.166749
0.779555
1.01991
0.601527
0.493148
1.18071
1.12027
0.415948
0.353752
2.54673
2.58508
1.12912
1.43042
0.648947
-0.0472592
0.520901
1.49376
0.29156
2.19659
1.26863
1.49787
1.459
1.63828
0.406363
1.81016
1.89408
1.43654
2.37747
2.36847
0.453706
1.18157
0.34613
1.96409
-0.137714
0.235756
0.785042
0.830278
0.455104
0.270602
0.300901
1.06849
1.25723
0.580598
2.02951
0.440553
1.28547
0.589813
0.687313
0.5875
1.83284
1.36618
1.69828
0.805022
0.153347
2.41932
1.29051
0.756574
1.17374
1.2376
2.35512
1.49749
1.9261
1.31659
0.896115
0.88594
1.31273
0.509728
2.32285
0.20084
0.673399
2.23939
1.82841
0.478661
1.20562
2.28997
1.49984
0.496356
1.24755
1.22041
0.389783
1.69644
2.69452
0.777081
1.29045
1.38915
1.01575
1.09051
1.85725
1.62159
0.646464
0.806864
1.20664
1.18227
1.15361
1.52386
0.332331
2.63244
1.10466
2.49896
0.321427
0.710972
0.733554
1.29091
1.23822
2.3265
2.51938
0.519883
1.12378
0.459741
0.567881
1.27582
1.25848
1.30244
0.0906431
0.668841
1.07131
2.21072
2.77464
1.37559
1.49009
1.17036
1.09383
0.741026
1.65372
1.27667
0.640306
0.960581
0.50063
1.28431
1.49403
-0.104468
0.53383
0.929064
1.74208
0.510377
0.487542
1.56309
-0.147781
2.56897
1.04747
2.32582
0.492602
0.661388
0.549403
1.7012
1.82673
2.15495
1.72106
1.46441
1.13357
1.33151
2.18778
2.11885
1.6285
0.331035
1.33978
0.786445
1.32246
1.10847
1.0484
1.25444
0.688227
2.37913
0.74015
1.22433
1.42344
2.07234
0.292575
1.09641
0.533042
1.6458
0.809176
1.58037
0.998821
1.66225
0.980266
1.23633
1.11871
1.51108
2.58201
0.707522
1.90284
1.17237
0.696656
1.39792
2.41325
0.38465
0.239406
0.347652
2.21167
0.752316
2.31806
1.57093
2.68892
1.13406
1.05274
0.805395
1.5261
1.73126
0.41061
1.08155
2.61517
0.345949
1.43776
1.13185
0.600344
1.13768
0.654986
1.63787
0.64681
0.613786
1.02099
1.25945
1.33354
1.81469
1.66078
0.648473
0.534982
2.49969
0.646907
2.1672
0.875251
-0.300218
0.61344
2.2613
1.87703
0.49616
0.996928
0.31979
1.25858
0.463002
0.560592
1.44941
1.46232
1.09195
0.597398
0.276913
1.01207
1.34124
1.38474
1.70482
2.19982
2.38779
0.529235
2.38817
1.64151
0.47141
0.341778
0.666997
2.34158
0.562657
1.0784
0.628208
0.455217
0.576072
1.73395
0.507813
1.41129
0.252247
1.88392
1.22861
0.66156
1.04417
0.317991
1.74648
1.86881
0.811986
1.28218
0.751448
2.34146
0.915204
2.3001
0.77703
0.802654
0.225722
1.13027
1.16387
0.880526
0.956394
2.27014
2.62548
2.39336
0.838904
0.485849
1.60367
0.225137
1.36444
1.74375
1.9395
1.3202
0.119863
0.657419
1.29908
1.5279
2.45438
1.30099
0.845991
1.49523
1.67488
1.29157
2.15119
1.52535
1.60348
0.880629
2.89566
0.137573
1.32736
0.473866
1.07759
0.473743
0.809888
1.28721
2.58461
0.753445
0.939758
0.927444
0.721916
1.04202
0.525583
2.73867
0.979806
1.04913
2.12025
0.712065
2.44467
1.67571
2.24521
2.60315
0.21885
1.23863
1.57506
0.519811
0.468488
2.00052
0.153255
1.06248
1.06388
2.317
0.766106
2.67862
2.16776
1.60895
0.573246
0.509867
1.23021
0.748447
1.39855
0.557226
1.76324
1.93161
1.15857
2.15304
0.491529
-0.0718887
2.28193
1.63855
1.20679
0.450658
1.38664
1.77532
2.2971
0.435463
0.398693
0.249571
0.563855
1.1314
0.674142
0.750668
1.11491
0.675053
1.94631
2.36411
2.38155
1.08844
1.29601
0.755517
1.78936
2.36551
0.26337
0.567951
2.39801
0.580931
2.51179
1.50181
1.58359
1.76292
1.51366
0.667162
0.747284
0.351419
0.273945
2.70765
1.89426
1.09562
2.40944
0.317544
0.814933
0.665853
1.03092
0.547271
0.976082
2.04352
1.34224
2.24539
0.772527
1.31302
1.68147
0.593874
1.53623
0.624927
1.35341
0.510746
2.34784
0.596456
1.53135
1.03755
1.80162
2.37051
1.14364
2.10149
0.689275
1.08371
2.54369
1.74643
1.43123
1.58907
1.02852
0.82153
1.60755
0.704028
2.12012
0.586507
0.769317
1.20778
1.34133
0.847514
0.498701
0.903295
1.37935
0.805487
1.05168
1.52138
0.70633
0.37931
0.494906
0.675139
1.71785
1.17237
0.595138
1.18447
1.1519
0.981263
0.797386
1.3589
1.64948
0.342007
2.24109
0.513334
0.418211
1.02078
1.47289
1.37974
0.876765
0.866974
0.833044
0.416379
-0.0952601
1.16143
0.496617
1.29913
2.5424
0.390263
1.04602
0.441301
0.617284
1.05276
0.342334
1.30028
0.124112
0.106403
0.674455
1.01205
0.543455
0.715886
1.23172
-0.386852
2.23628
2.1097
2.38247
2.41403
2.43265
1.06292
0.995939
2.38954
2.2007
1.49533
0.475291
0.782595
0.918226
0.830963
1.74984
0.681132
1.12282
2.09642
1.39908
1.38274
-0.23489
0.641941
1.94604
1.79719
1.07711
2.35658
0.808344
1.12002
1.40339
0.997748
0.577385
0.508199
1.06418
0.353606
1.11568
1.18198
1.53278
1.35251
1.77581
1.20589
2.57017
0.726962
1.54226
2.08902
0.575016
1.92251
-0.255636
0.546412
0.928264
0.868664
0.839995
2.72433
1.117
0.763947
1.55974
1.43943
1.40835
0.596507
1.52639
1.44321
0.461429
1.65588
0.598746
2.24196
0.55946
1.03516
0.719686
0.0825895
1.20382
0.79267
0.288627
1.19715
1.60847
0.541955
0.627758
1.14355
2.28353
0.730543
0.347504
0.386065
0.421124
1.35769
1.89383
1.22108
0.831685
0.801359
0.76072
0.366832
1.22352
1.27517
0.522404
1.8533
1.74395
1.75175
0.587625
1.29861
0.521136
0.726354
2.04659
1.21716
2.13457
0.498524
1.22579
1.47596
2.2131
1.91372
1.99231
2.4634
0.541694
1.22766
0.351098
0.582431
0.143197
0.650883
0.665647
0.465756
0.370231
0.622837
1.93429
1.50507
1.62932
0.847699
1.21746
1.15116
1.12914
0.288721
0.358032
0.596491
1.11748
0.695426
0.672851
1.06651
1.35489
0.841586
0.744212
1.21007
0.634745
1.17323
2.38862
1.62699
0.571579
1.14437
0.874927
2.19909
2.2532
-0.370734
0.455796
0.954302
1.38686
1.43293
0.482104
1.46097
0.58247
0.853092
1.17558
0.645433
0.85014
1.09076
2.64924
2.05997
1.52831
2.00207
0.5932
0.63065
1.42836
1.69713
1.67046
1.38125
0.807804
0.505666
2.74662
2.1114
2.20942
1.04041
1.28581
0.894809
1.14678
0.225426
0.599322
1.37887
1.01023
0.16838
1.30261
2.56385
0.555899
0.741357
1.56263
0.0977774
1.41507
0.839377
0.504552
1.16454
1.08085
1.82646
2.49368
1.28955
1.9599
0.81449
0.289075
0.773446
1.3996
0.080715
1.52779
0.567721
0.755836
1.04983
2.1108
1.33998
2.01908
0.726886
1.81719
1.15563
0.351202
2.14587
1.14487
1.7941
2.55584
2.51753
2.13445
0.834418
0.183248
1.33928
0.358753
0.715197
1.07498
1.10892
-0.072312
1.087
-0.38484
2.28765
0.709074
0.63308
2.38461
2.24574
0.526195
1.82469
1.1957
0.838069
1.16459
1.61354
0.172764
0.460293
1.29727
1.75489
1.18186
1.29808
0.151673
2.13953
1.6662
1.63671
0.915302
0.152859
1.8699
1.17259
1.31746
1.94356
1.09375
1.34065
0.793544
0.762245
1.97658
1.57749
0.506459
0.105482
0.475174
0.439023
0.429037
0.63094
0.359363
0.404862
0.811383
1.48852
0.656846
0.104137
2.04676
1.74293
0.496352
0.814093
0.435427
0.352738
0.997632
1.07208
1.12785
1.43984
0.376372
-0.0305545
2.05952
1.10971
0.393792
0.549784
1.53245
1.81225
0.380545
0.333368
2.23527
0.697436
0.83016
1.16415
1.00258
0.864369
0.501717
2.36488
0.37572
1.10024
1.1906
1.16616
1.63651
1.72017
0.809551
0.994246
1.21974
0.508703
1.19553
2.63495
1.36737
0.396646
2.29848
0.806935
1.09376
0.560136
1.13431
0.563395
0.214028
2.36246
1.41449
0.517914
0.697685
1.34654
1.2413
0.556224
2.184
2.53474
0.526481
2.54117
1.21516
2.5287
0.622647
-0.112402
1.00511
0.846707
0.290924
0.907627
0.294515
1.80764
0.676074
0.476912
1.22577
2.15509
0.575567
0.648633
2.2549
0.545365
2.12377
1.29682
1.05062
1.2427
1.03741
1.20991
0.978265
0.510247
0.836972
1.29138
1.26756
0.823635
0.418783
1.67514
0.523529
0.828958
0.485431
2.18668
1.41136
1.09543
1.87919
0.834179
1.1298
1.59758
0.385214
1.48277
1.71578
1.35329
0.774548
1.77122
2.3504
2.28853
1.99628
1.29838
1.47285
2.19919
0.162931
0.660759
2.39807
2.58023
1.37793
0.360591
1.35528
2.37539
1.05454
0.972107
0.160057
0.502569
0.602806
1.17926
1.88979
0.628568
1.63222
0.38977
0.38801
0.473211
0.796665
0.319137
1.76337
2.27718
1.26825
1.07504
1.22182
0.703776
1.1875
0.556199
0.840825
1.60769
0.898615
1.10178
0.707408
0.309977
0.879842
1.06802
-0.340955
2.43072
1.85443
0.900295
0.353914
1.96721
-0.0517264
0.229801
1.30708
1.00696
0.472189
0.31125
1.28249
1.02336
1.00313
1.20802
2.10388
0.362356
0.389951
2.27661
2.01528
1.79453
1.45037
1.16256
0.663136
0.589768
0.476007
0.529159
0.570803
0.224095
0.240755
1.02317
2.28678
1.78829
1.80897
0.270387
1.17575
0.548979
1.9566
0.36462
1.11194
1.83632
1.82136
-0.0438876
0.276651
0.941485
2.56686
1.03309
0.551903
0.62039
2.4001
0.455928
0.736445
-0.168369
0.4461
0.575055
0.496926
0.8499
-0.359571
0.406079
0.764201
0.0955011
0.49976
2.23495
0.683242
2.22884
1.09141
2.28216
0.588241
0.533684
0.181365
2.2212
1.21103
1.41461
0.851142
1.28247
1.30496
1.77845
1.28655
0.584908
0.489536
0.978187
0.890101
1.77395
1.19505
0.345467
2.61071
0.500104
1.42889
1.42635
0.359433
0.613945
0.36116
1.41321
2.20491
1.27655
1.08148
2.06166
1.80901
1.03297
0.383346
2.24065
0.484969
0.714211
0.687143
0.453915
0.700998
1.38943
1.1932
1.27531
1.21309
1.43172
0.572087
2.15556
0.029993
0.491529
-0.0771761
0.535026
0.472659
2.39262
1.33512
0.553585
0.806731
2.73934
0.829617
0.876739
1.7803
0.629335
0.463318
1.67968
1.66911
1.71957
1.7693
2.04621
0.56481
1.01407
1.34175
0.0214329
0.636964
0.189336
0.453158
0.580063
2.35493
0.356191
0.503812
1.00302
2.62747
1.02762
1.2273
1.51956
1.65971
2.16178
1.59844
0.649945
1.48573
1.13432
2.29288
-0.00306463
0.5433
1.78134
1.19049
0.641599
1.2969
2.25001
0.826843
0.827736
0.373038
0.434453
0.52861
1.8291
1.10806
1.11633
2.05649
1.60864
0.416185
1.65373
0.0861037
1.33195
0.433838
0.61448
2.5797
1.87003
-0.49978
0.782272
2.16411
1.40509
1.80535
1.27104
2.27872
0.783954
0.789876
0.727794
0.38243
0.480423
0.489868
1.76928
1.45289
1.28819
0.674776
1.18654
0.800122
2.4337
1.86475
0.552163
0.733575
1.62003
1.93102
0.658973
1.30667
0.253281
1.70801
0.299368
1.66838
1.03597
2.13233
0.564954
2.67942
0.402433
1.44294
1.56598
1.3203
1.23073
0.361805
1.78845
1.33044
0.355674
0.172721
0.528393
0.541171
1.1054
1.5916
2.56435
1.33578
0.689595
2.44845
0.310932
0.802997
1.63818
1.68884
0.888616
1.97788
2.27136
0.778186
1.38588
1.57077
1.02488
2.25472
1.01007
0.459002
1.57225
2.36714
0.376565
0.500769
2.07846
1.04088
1.78185
2.02085
1.36937
1.16192
0.368698
0.792848
1.57937
0.175798
2.28177
1.7246
0.191951
0.403017
0.487462
0.710926
1.14787
1.77935
2.23178
1.58352
1.4768
0.366356
2.40149
0.614415
0.893562
0.585232
0.710803
0.172908
1.14942
0.593045
0.55653
0.466096
0.727752
0.485419
0.457203
1.64508
1.30478
0.052893
1.57253
0.516091
0.981211
2.00645
0.854476
1.07144
1.41844
0.639661
0.561495
0.866289
1.53393
0.491323
0.349258
0.367847
1.71125
0.461824
1.10127
2.12544
1.46251
1.3783
2.40991
0.608533
0.61077
0.389311
0.827894
0.751607
1.50388
0.55219
0.821797
1.08155
1.63377
0.798944
1.15108
2.59807
1.4962
0.80033
0.681344
0.56285
1.70796
1.83405
0.490721
0.195421
0.529229
1.39031
-0.0162437
2.3206
2.41844
0.167692
1.2846
1.44066
0.806967
0.541925
1.73488
2.72658
0.645164
1.71988
2.38476
1.84235
0.830192
1.46947
0.595567
0.724061
0.492459
0.357417
2.01093
1.53069
0.583076
0.116017
1.04251
1.81593
0.288041
1.34371
0.622244
2.49035
0.684672
0.342776
0.569752
1.28486
1.03807
1.10751
0.113633
0.404059
1.04328
0.628258
0.730915
1.10462
1.00682
1.70133
0.902272
2.35036
0.526568
1.31252
1.95427
1.99254
1.40033
1.20761
0.783124
1.75256
-0.452462
1.08075
0.741242
0.457924
1.64427
1.67429
1.21938
2.35693
1.07215
1.90324
1.37717
0.461682
1.03335
2.17055
0.899542
1.13031
0.630424
1.15496
0.202864
1.46824
1.94239
0.590753
0.976707
0.577718
0.357085
0.69898
2.1428
1.50209
0.909184
0.51042
0.932642
2.51796
1.23288
0.854263
0.938097
1.77503
1.73431
0.512181
1.66919
1.14679
0.57549
1.29855
0.581323
1.69427
2.00545
0.870148
2.465
1.36174
0.0952899
2.29024
2.05172
1.06747
1.72855
1.79235
0.709434
0.815124
1.87085
0.554232
2.30368
1.31661
0.607805
1.11357
0.337705
0.540049
2.50556
0.81667
1.32114
0.805011
0.536791
0.511182
1.95456
1.94015
1.74731
1.12697
1.21182
0.602822
0.872412
0.554975
1.16191
0.245715
0.849244
0.832331
0.713441
0.584685
1.78275
1.16208
-0.296607
1.19834
1.71202
0.550906
1.66955
2.03722
1.3393
1.60691
0.706658
0.528784
0.737974
1.55242
2.67852
0.406929
0.623769
1.11191
0.577942
0.829126
2.45641
0.373252
0.393054
1.9659
1.01682
0.108042
0.727449
1.42702
0.505906
1.34613
1.15221
0.557613
1.04299
0.541855
0.249398
2.59455
1.12108
0.749005
0.911734
0.380009
0.994754
1.36181
1.83514
0.295171
0.539316
0.629328
1.00988
0.478698
1.65132
1.04453
1.8637
1.09163
2.64737
0.528176
2.53774
0.362573
1.22766
0.800549
1.33639
1.13014
2.50633
0.372876
0.882512
0.761112
0.440851
2.16392
0.412848
0.0749202
0.5898
1.03138
0.0687972
1.46547
2.11477
1.90795
0.971497
1.19758
1.56051
0.560332
0.584357
0.958592
0.824875
1.09505
1.90189
1.21885
1.45486
1.58437
2.60676
1.27573
0.469988
1.39827
1.1493
0.371107
0.392615
1.15245
1.88114
1.7812
1.80809
0.886349
0.240797
0.838468
1.28933
1.97775
0.503389
2.05713
1.4903
0.72359
-0.283035
1.48658
1.25607
0.721407
0.35833
1.92063
1.15368
0.35854
1.86959
1.16675
2.21596
0.535582
1.28342
0.809033
1.99931
0.594488
2.43262
2.32322
1.20055
2.20097
0.313024
0.807087
0.93203
0.078161
0.578282
0.826057
1.19244
0.713661
1.33927
-0.275048
2.49102
0.620964
2.68398
1.24102
0.996226
1.36306
1.88022
0.997483
0.774511
1.65466
1.48844
1.39222
2.3866
2.27096
0.648354
0.247763
0.777968
1.64356
0.315663
1.85819
1.32802
2.5072
0.546725
1.99942
1.85228
1.00226
1.16231
0.412247
1.82221
1.44486
0.896618
1.67165
0.446654
0.748291
1.20952
1.20728
-0.388758
0.517811
1.98975
0.85768
0.506918
0.561403
2.00213
0.666497
0.391638
0.429286
1.022
1.17492
0.00733519
2.01323
0.496523
1.19375
0.72398
0.129941
1.39942
1.98712
0.790997
1.43725
0.596317
1.30639
1.45873
1.10001
0.845121
0.380963
0.661421
1.12038
0.355131
1.22454
0.687288
0.882602
1.09039
0.714508
0.150786
2.64414
0.779857
0.591209
1.85844
2.0181
0.23208
1.77127
1.1819
2.11912
0.449692
1.01989
0.591924
0.606653
0.108321
1.88885
1.3703
2.05411
0.580139
2.25025
1.94421
-0.505036
1.34964
2.26578
0.556147
0.602893
0.604174
0.85599
1.25468
1.84156
0.204323
0.596351
1.73682
1.47284
1.06894
1.91763
1.34868
2.11243
0.846903
0.58836
2.01807
0.781544
0.641474
0.433541
2.2517
0.592951
1.55172
1.02303
1.2517
2.01446
1.0928
1.21549
0.486488
2.07149
0.95046
0.276057
0.918258
0.488775
0.374598
1.86605
0.693562
1.56164
0.373901
1.8907
0.908267
0.639061
0.411764
-0.346754
1.329
0.813065
1.04172
0.551145
0.376325
2.24637
1.94886
0.613249
1.103
1.71023
1.38455
0.800521
0.390103
-0.373597
0.888224
-0.213401
0.768596
1.44735
0.851743
-0.499197
0.901318
1.225
1.12008
0.254655
0.324311
1.32296
1.30694
0.517721
0.429435
1.00687
0.378947
2.28918
1.03796
1.29045
0.698936
0.719559
1.11313
0.853925
0.572298
0.969713
0.292599
1.46726
2.37449
0.615356
0.505751
1.63842
0.71893
0.365412
1.78632
-0.112727
0.703008
0.556091
-0.500547
1.09657
0.384185
1.51049
1.48532
1.16194
0.575787
0.942797
0.51066
0.571755
0.493612
0.372749
1.17249
0.967306
0.601753
1.68525
2.27452
0.715015
2.23905
0.57407
0.31731
2.11093
0.286971
0.371589
2.15142
1.7736
1.06908
1.186
1.68475
1.85972
0.920405
1.16099
0.847163
2.06784
0.546326
0.706188
2.39982
0.561362
0.586164
2.03373
2.06359
1.10354
2.0546
0.64909
0.593549
0.387385
0.617509
1.68671
0.550102
2.16043
-0.012817
1.25336
0.750912
1.24599
1.13565
2.28201
0.641101
0.934676
0.670024
0.895842
0.801402
-0.201866
-0.184587
1.13942
0.485815
0.781684
1.82156
0.886753
0.394193
1.07014
0.526292
1.75145
0.873621
1.50831
2.52457
1.10135
2.22168
0.776909
0.851294
1.80289
1.23705
1.82595
0.466985
0.760113
1.25785
1.068
1.67343
0.206124
1.27523
0.559536
0.685499
0.55696
-0.0726572
1.71273
1.21794
1.62003
1.01031
0.605376
0.854825
0.128884
2.39944
0.450726
0.197215
0.867046
1.69901
2.42426
2.03094
0.409764
2.65456
0.969834
-0.481856
0.468881
0.407569
2.3987
0.765958
1.66052
2.24918
1.06209
0.921989
1.78811
0.546802
1.92007
0.946051
1.66542
2.02846
1.27565
1.37812
0.262228
0.176079
0.494827
0.835296
0.96316
0.412084
1.29969
0.653861
0.810967
2.20621
2.12751
1.18669
1.5674
0.658069
1.11979
0.59627
0.550037
1.25763
1.03757
0.558557
0.773232
0.555588
0.647072
1.25202
1.09068
1.15689
0.848746
1.18043
2.0776
1.2074
1.16042
0.518771
0.882705
2.64066
1.33675
1.98638
1.18493
2.084
1.11327
0.390146
0.496306
0.829384
0.368553
1.03813
0.907194
1.72233
2.03266
0.584121
2.17438
0.630971
1.72338
0.793201
-0.198815
1.77373
0.60442
1.02574
1.47632
1.22076
1.04756
0.79328
1.795
0.38627
1.84992
2.4273
0.434315
2.20551
2.14645
2.36198
1.18282
0.579627
1.99829
1.75833
1.63837
1.48258
0.814107
1.63875
1.98576
2.0844
1.77356
0.771561
0.459901
-0.0878069
0.417834
0.953777
0.595115
0.750662
0.377898
0.427159
0.710243
0.381156
0.791423
1.94644
2.53812
2.4138
1.81439
0.80589
0.471459
1.2047
0.513699
1.09757
1.03835
0.351125
1.13859
0.738604
0.380063
0.82405
0.709377
2.2689
0.624174
0.982023
1.93156
1.5608
2.14322
1.86639
2.32468
2.13688
0.966102
0.571635
1.26297
0.952078
1.18846
1.22004
2.34196
0.326156
2.47697
0.754614
0.717249
2.44233
0.343771
0.698987
0.542681
1.50464
0.442559
1.10041
0.75558
0.526215
1.36222
2.16256
1.29398
1.38872
1.19237
0.574187
0.568218
0.450896
0.375828
1.12125
0.627947
0.48361
0.873072
0.700039
0.546075
0.0959335
1.5512
-0.118678
0.590733
0.581716
0.809733
1.0887
0.911831
0.594797
1.34754
0.366936
0.731877
0.893277
0.429882
1.09725
0.815431
1.11222
1.13508
0.495243
1.10778
1.27102
0.560622
0.18486
0.470523
0.681508
1.90321
0.563972
0.129669
0.75905
1.84716
1.40148
1.48307
0.595212
0.469356
0.482999
0.32714
1.50005
1.88193
2.19341
1.92234
0.851439
0.580603
0.882206
1.69886
0.597156
1.4664
0.495479
-0.13447
0.385369
1.12633
0.141754
2.5058
1.17075
2.51366
2.06177
0.651241
1.1144
0.621673
1.43123
1.4894
1.93168
1.60201
0.552767
0.71067
2.06585
2.15489
0.801804
0.402535
2.21166
2.40243
1.42236
1.63309
1.04661
0.778326
0.351972
1.79207
0.963049
0.963289
0.403762
0.727723
0.481683
1.59702
0.463523
1.27717
1.70437
0.808146
1.90775
0.74606
0.141962
0.536438
1.87607
2.09773
1.28447
0.640561
0.259029
1.18597
1.06496
0.713653
0.563512
1.51376
0.44655
0.193822
0.203197
1.01301
0.724315
0.585385
0.84859
1.07157
2.4643
1.82357
0.403719
1.26537
0.552863
0.812278
2.70743
0.88762
0.355424
1.50827
0.70583
0.96942
0.857341
0.647113
0.291931
1.43994
1.83198
2.24182
1.99224
0.596127
2.72779
0.735945
1.1564
2.26555
1.34635
0.0523786
1.92954
1.53469
1.27305
1.68689
1.38374
0.409151
2.11894
0.800059
-0.326041
0.663346
2.1118
0.809035
1.37023
0.398818
2.44711
0.791082
1.42168
0.589233
0.593646
0.730067
0.965073
0.601017
0.430032
0.214711
0.288357
1.13912
0.512388
2.26801
0.537519
-0.179051
0.375273
1.24283
0.377764
0.776493
2.69702
0.180973
0.442329
1.98616
0.728018
1.14507
0.236509
2.09603
0.553142
0.808837
-0.442728
1.03769
2.38494
0.465314
1.18299
0.582437
0.615304
1.85931
0.694632
0.387939
0.142479
0.584
1.11596
2.1647
1.51522
1.2634
0.964674
0.5523
2.25975
0.960446
0.538749
1.80245
0.556632
1.67695
0.848939
1.1909
2.04408
0.690561
1.23784
1.34842
2.11118
1.57484
0.237691
1.17103
0.467079
0.289453
0.215183
1.52628
2.10318
1.24978
0.496058
0.725411
0.502814
0.386198
2.21578
0.816485
0.732366
0.245061
0.643661
0.345098
1.86909
1.78643
1.38234
2.05918
2.29217
1.49295
1.33326
1.42955
0.728619
1.2836
0.596973
2.39998
0.583744
0.31107
0.459427
0.506099
1.16489
0.879083
1.11836
0.793449
1.50043
0.596068
0.537694
0.688136
0.610184
0.16762
2.09945
0.202778
0.565007
0.722448
0.696856
1.07932
0.412344
2.00492
0.532751
0.557249
0.571204
0.464054
1.27833
0.982526
0.994475
1.94286
1.04625
1.15672
1.29344
1.80099
1.09611
1.42107
0.636828
-0.267748
0.836615
2.42196
0.568472
0.528007
1.90828
1.328
0.925816
1.40448
0.625925
0.587207
0.854594
0.766184
0.629569
0.69336
0.663953
0.555862
1.4058
1.40621
0.757733
1.48599
1.28627
1.11129
0.516427
0.520615
0.799464
0.316444
0.542344
0.700645
1.15283
2.39131
0.588793
1.10504
1.45261
1.36672
1.3966
0.869702
1.09577
1.10433
0.460029
2.44911
1.28269
1.24555
1.01522
0.363848
1.70176
0.225819
0.571781
1.49462
1.2929
0.214509
0.640778
-0.164811
0.808968
0.450426
1.14616
2.12518
1.26147
2.21882
0.603554
0.788077
1.48898
2.15182
0.402746
1.2415
1.24667
0.794045
1.10022
2.11845
1.10343
0.573974
0.746488
1.09782
1.49182
0.882265
0.435597
0.771095
0.674139
0.476345
1.031
1.31992
0.254711
1.37843
1.77428
-0.505419
0.526449
1.5417
1.32756
1.74134
2.12145
2.34014
0.58811
0.592065
-0.0353141
0.595105
1.28429
2.19935
0.52054
0.579171
0.827194
1.46231
1.30951
1.28448
1.03269
0.412412
1.24713
2.45846
0.69185
0.415936
0.220574
1.70689
0.761277
0.409703
1.31101
0.782079
0.950087
1.88229
1.00064
1.64676
1.89413
0.460996
0.526618
1.70146
0.823403
0.686885
0.570834
0.775371
0.492223
0.46511
0.612854
2.47619
0.806698
1.79286
0.369952
1.37739
1.23666
0.789315
2.0594
2.33124
1.08734
1.31419
2.35233
0.153555
1.90495
1.48734
0.493061
2.20407
0.227438
0.866917
0.405831
2.07999
0.375218
1.22554
0.751098
0.464241
0.843208
0.567395
1.29478
0.875456
0.35528
2.65337
2.12849
2.27246
2.2136
2.64522
1.29683
0.734457
0.27511
-0.367429
0.458847
1.64495
1.04479
0.552876
1.45076
0.531884
0.812836
0.472099
1.30951
2.18867
2.20577
0.822035
0.775101
0.558762
2.02602
1.05259
0.845397
2.21985
0.808564
1.42867
1.62274
2.05768
1.20581
0.497172
1.44697
0.906844
0.434559
0.747293
2.35219
0.484492
1.40525
2.41957
2.61441
2.58986
1.51851
0.497798
0.489777
-0.278287
-0.23172
1.02276
0.624037
0.986882
2.67566
0.820256
1.00852
2.07325
0.950554
0.62025
1.35836
0.839478
0.510647
1.70629
1.22808
0.629091
0.555584
0.65803
2.74302
0.769204
2.50005
0.972919
0.373046
1.01213
2.31562
-0.490779
0.59421
0.973695
1.86082
0.474162
1.1352
0.691481
1.55428
0.570523
1.99858
0.398934
2.14
1.07065
1.15986
1.21778
0.670376
1.43347
0.589088
0.986196
0.930741
0.811078
0.620659
1.10516
0.580145
0.394023
1.28085
1.69198
2.37906
2.18519
0.0102173
0.725568
1.20466
1.32703
0.453015
0.893741
0.543486
1.51283
0.738557
0.599487
1.15446
0.542825
2.41404
0.992782
0.938841
1.4749
1.81011
1.28295
1.113
0.855775
0.808548
0.867867
0.479036
1.77521
0.809145
0.96161
1.368
0.35773
0.576771
0.913315
0.938025
0.992029
2.36069
0.104574
2.28846
1.59402
0.366442
0.359986
0.598111
2.57639
0.726569
0.0836046
2.70817
0.753988
1.48842
1.09851
1.10317
0.503914
1.73083
1.16784
2.49789
0.385272
1.02686
1.70266
0.565254
1.28083
1.5158
0.659141
0.272834
0.598096
0.533117
1.08755
0.789798
0.37816
1.51582
0.529352
0.548514
0.563622
1.17624
1.6966
1.08811
2.23685
0.425043
0.390926
2.35929
0.601508
1.01443
0.976493
0.85064
1.5141
2.37362
1.81333
0.53387
0.606764
1.33073
1.79026
0.144309
0.529162
0.472719
1.15237
0.5569
0.498429
1.25383
0.564385
0.362789
1.24607
-0.348397
0.520255
1.4929
0.980842
2.33201
1.08969
0.421378
0.622422
0.721704
1.84116
0.670059
0.621587
1.08655
0.359562
0.402849
1.7339
0.638596
1.76527
1.47347
0.372148
0.853115
0.477596
0.398518
0.531413
2.07497
1.48985
2.61554
0.547913
0.808109
0.772588
1.30726
1.39805
0.303603
1.23254
1.64465
2.23818
2.41732
2.57493
2.16187
1.25693
0.850085
0.450911
0.369366
0.431724
0.753025
1.14545
1.93001
1.09395
0.992951
1.05088
-0.105906
2.58243
0.291704
0.449948
0.513302
0.785899
0.582992
1.10217
0.490654
1.8954
2.18337
0.579043
1.48137
2.15462
-0.472665
1.05779
0.800766
0.973976
2.0848
1.16515
0.11887
0.947657
0.680281
-0.212526
0.215065
0.721216
0.839094
0.202758
1.25455
0.549456
0.7942
0.571947
1.74991
0.506886
1.98385
0.827411
0.246524
0.789236
0.490666
0.56298
0.612575
1.34652
0.41969
0.856499
0.5876
1.32674
1.09239
1.08026
1.94676
0.583915
1.75592
0.333052
0.400883
1.11237
1.7313
0.930034
0.537961
0.721266
1.49196
2.017
1.12431
1.10053
1.01113
1.15033
0.639164
0.595982
1.14372
0.912063
0.666287
0.818814
0.949984
1.1838
0.726742
2.36168
1.4735
0.476468
1.26052
0.917124
0.328138
2.38821
1.4355
0.493073
0.796403
0.498505
0.887206
0.447829
0.601017
0.959164
0.72206
0.32781
-0.160029
0.359733
2.46174
0.915476
0.597247
0.73831
1.28327
0.555671
1.27921
1.07336
2.04095
0.808558
0.847695
0.442391
0.630919
1.15874
-0.109666
0.784248
0.288284
0.879864
2.52695
0.112131
1.09972
0.812358
1.4807
0.367437
0.635894
0.654748
1.67894
1.2102
0.921328
0.699858
0.367935
-0.347394
2.07145
0.431913
1.07295
0.884325
0.368427
1.8003
1.86185
0.684429
2.44758
2.21854
-0.392916
0.848129
0.490054
0.733637
0.399948
0.367669
0.484742
0.747419
2.54519
1.18836
1.60147
2.45415
2.28863
1.82113
0.656654
1.53421
0.778902
1.8709
1.19649
0.81885
0.729241
0.562021
0.576181
0.531562
0.541004
2.01426
1.00532
0.724404
0.693127
1.13378
1.94048
2.18956
2.53861
1.39116
1.77104
0.962042
0.710043
0.32233
0.43806
0.651633
0.833839
1.43671
0.359208
2.29195
1.42844
0.642102
1.07186
0.373003
1.28831
1.45878
1.33316
0.554771
1.20901
0.32459
0.818586
2.34038
0.622516
0.511873
2.07333
0.59142
0.504093
2.58584
0.929754
0.733718
2.18466
0.650689
0.0505082
0.348953
0.65769
2.51916
0.871518
0.995048
0.382205
0.380291
1.06672
0.596841
0.887193
1.77859
1.6568
0.840332
1.52976
0.676569
2.6249
0.60193
0.285106
0.468203
0.161411
1.31317
0.712003
1.16457
-0.238705
1.15177
0.593733
0.914828
1.43179
1.29395
0.754155
2.3602
1.23674
1.70489
0.584352
2.63963
1.07597
1.28334
1.28063
1.07035
1.3171
0.810865
0.589782
2.52329
-0.120608
1.2671
0.368075
-0.0294123
0.852095
0.725244
-0.204561
1.07275
1.16153
0.327586
0.748392
2.29779
0.636098
2.28545
0.524767
2.4193
1.82962
0.400009
0.460399
0.733495
1.01971
1.72523
0.610275
0.569407
0.433371
0.570643
0.599094
-0.272575
1.81033
1.34681
0.564883
2.27409
1.06759
0.77861
0.143765
1.30881
1.97244
0.526358
0.244002
0.594207
0.418336
1.37497
0.59199
0.944284
0.610737
0.76024
0.504351
0.958655
1.28723
0.963981
2.02066
0.862203
0.776717
1.32354
0.0137546
1.53481
1.06396
0.56662
1.05683
0.29176
0.15094
0.267075
0.988605
0.803705
0.536949
1.16382
1.53758
2.3334
2.47907
0.590329
0.000774261
1.2852
-0.49081
1.76549
0.644537
2.36008
-0.208963
1.72453
1.31709
0.560811
1.28273
1.99734
0.233258
0.803787
0.374416
1.18447
0.560062
1.41213
0.443724
0.8638
1.73394
0.453775
0.361941
2.53466
2.35494
0.865903
0.728296
0.691866
0.762885
0.945023
1.62688
0.575537
0.373252
0.170874
0.554147
0.364598
0.437823
0.815167
1.7032
1.82878
0.574817
1.04563
-0.413683
0.874849
0.578732
1.43891
0.242216
1.84699
0.987658
0.325806
0.863724
1.33665
1.46108
0.139482
1.04997
2.16862
0.368582
0.71725
0.487353
1.05538
0.607842
0.540175
0.503742
0.978906
0.257597
2.62235
1.91599
0.553874
1.60297
0.987813
1.72151
1.88842
1.47671
0.783665
0.544252
-0.385512
0.488702
0.873782
2.03666
1.97687
0.00805724
0.493477
0.54934
0.849904
1.41893
0.9797
0.834871
1.69408
1.2417
0.84401
1.61567
0.67198
0.543415
2.41343
2.35606
0.574249
0.684081
1.26574
-0.270442
1.88369
0.474277
0.972324
0.484586
0.0448749
1.50063
2.37186
0.339453
0.698333
2.59101
1.10037
1.92345
0.312886
2.51046
0.990773
1.77587
2.59111
2.16895
0.0382285
0.534715
0.573047
1.76216
0.800617
0.389424
0.510239
0.596054
0.72653
0.893996
0.634369
2.78518
0.301363
0.316441
0.476041
0.842396
0.762669
1.45014
1.07094
0.727014
0.58015
1.40512
0.60209
1.19929
1.11496
1.73726
0.366331
0.811201
0.460685
0.585311
0.506991
0.368156
1.39247
0.49941
2.08594
0.447535
1.03945
0.475477
0.67855
2.53972
0.595863
2.26161
0.460069
0.477114
0.686444
0.387259
0.595633
0.00370353
1.74476
0.678903
0.65774
0.672509
0.404566
2.82313
1.44974
1.11087
1.19853
2.27115
0.530747
1.16975
0.597979
1.24519
0.561224
1.14142
0.66989
0.457036
1.43612
2.29276
0.636391
1.12563
0.626057
1.88311
0.824155
0.839724
0.540544
0.960446
0.671371
1.74622
0.857446
0.556825
0.570165
2.23913
1.91649
-0.317357
0.595813
0.411873
1.13598
0.444375
1.87449
0.826099
0.582068
1.51588
0.963424
0.798377
0.585202
1.15987
0.784077
0.687857
0.697545
0.764638
1.1353
1.50059
2.38157
2.5148
0.754437
2.16687
2.3701
2.58362
2.65851
0.906456
0.840952
0.649456
0.362616
1.34852
2.59502
0.701751
1.23063
0.371212
0.595182
0.890492
0.764037
1.17734
0.347464
2.52191
0.523604
0.232425
1.84152
1.83762
0.360598
1.23167
2.48882
0.949882
0.358442
1.37198
0.745098
1.43072
1.4891
0.637008
0.612077
0.356853
0.358507
-0.349389
0.435698
0.402437
0.717217
1.42941
0.847879
2.56761
1.15126
1.21312
0.533827
0.612634
0.397217
2.51386
1.68054
0.78337
0.638773
-0.263084
2.29164
0.542224
1.41363
1.12699
1.58236
1.9166
0.798529
0.42405
2.38611
1.14513
0.820947
0.554859
0.798069
1.0687
1.07954
0.485089
0.648466
0.573039
0.587843
0.494787
0.607523
0.130163
2.66825
1.11452
0.0747921
-0.125351
1.85089
0.67042
0.326007
0.548876
0.412543
1.49019
2.40958
0.483817
0.102081
0.883657
0.872991
1.84957
2.28076
0.85209
1.53268
-0.0500464
0.207478
2.61553
1.0985
1.45445
1.24177
0.830363
1.42857
0.51207
1.2928
1.11542
0.559973
0.407272
0.501107
1.23807
0.160466
1.21946
-0.153071
0.802782
0.81452
1.05673
1.117
1.4972
0.591034
1.06997
0.717221
0.850648
0.727084
0.542947
0.930582
1.75284
0.587295
0.591484
0.441684
1.13945
1.12053
0.568846
0.818573
0.456046
1.24513
1.41788
1.19397
1.09611
1.12312
0.393168
0.356111
-0.209827
1.83816
1.24902
0.0594035
2.56487
0.546729
0.105726
0.834666
1.27376
1.13091
1.47759
2.53234
2.40317
0.87282
0.857372
1.40722
1.31062
0.469064
1.25838
0.571631
1.1999
1.31055
1.74266
1.3934
0.286185
0.597482
1.71072
0.783662
0.869276
0.69205
0.78227
0.879309
0.0705203
0.223991
0.60612
0.474581
2.2623
-0.0794353
2.02609
-0.306349
-0.391167
1.06793
0.558827
0.728374
1.22074
0.365604
2.28981
0.356376
-0.0890718
1.26022
0.412885
0.105036
1.2783
0.847143
0.346451
1.23685
0.492409
1.82435
1.44464
1.30093
0.508365
2.45738
0.693095
1.03605
0.62846
0.636574
0.812491
0.56289
0.681287
0.798237
0.866479
0.563947
0.464223
1.0879
1.30751
1.94573
2.07248
1.38558
0.69602
0.903805
0.746162
0.419967
1.16149
1.18268
1.55233
0.845089
0.359129
1.3071
0.714386
1.12136
0.356314
0.752574
1.89509
2.10846
0.582808
1.70916
0.943133
0.67382
-0.271375
1.18419
0.508097
1.03618
1.10759
1.47587
1.76419
0.795649
0.0517455
0.405547
0.810782
2.00636
0.925072
0.704048
0.975118
0.45784
2.16311
0.243453
1.09368
0.0454584
-0.405773
1.8569
1.30064
0.617534
1.43977
1.04748
-0.496978
0.559351
0.628968
1.15067
1.72701
0.652455
0.222166
1.08446
1.34182
1.97345
1.25611
0.37368
1.48429
0.459976
0.585968
1.48588
0.339353
1.38034
0.359561
0.561739
0.830559
1.10806
1.44396
2.42863
2.54739
0.855169
1.71566
0.794666
0.370048
0.270137
0.584644
1.04742
1.33678
1.29504
1.91022
0.350275
0.521337
0.166204
1.73253
1.38058
0.76007
0.372079
1.64027
0.647687
0.764462
0.559789
0.80131
0.804396
0.0253352
0.577958
1.00168
0.802218
1.80214
0.607179
1.03693
1.2258
0.624302
0.553064
0.185538
0.395891
0.848766
0.967174
0.474986
0.304964
2.33617
0.599786
0.592998
0.399801
0.914165
0.37334
0.603613
0.86924
1.29516
1.16163
0.469639
0.598584
0.375263
0.433487
0.411933
0.473843
0.890406
0.450502
0.827111
0.784588
1.26948
1.22546
0.404211
0.969697
0.902644
0.889472
0.614282
0.939589
0.490039
0.701408
1.08684
-0.494374
0.682108
2.24436
1.04379
-0.00895025
-0.363663
2.0822
0.691657
1.20447
0.402739
0.528818
0.999049
1.08908
0.741342
0.55162
0.592888
2.0116
1.49792
0.810017
2.10085
0.752251
1.33775
0.780364
2.21805
0.352263
2.30045
0.746824
1.80957
0.489191
1.09856
0.450531
0.460403
0.799752
0.377921
0.903212
0.55175
0.789459
1.11732
0.688066
0.657037
0.5843
0.778809
0.394992
0.5527
0.996512
0.726908
1.25812
0.555311
0.584241
0.802586
2.052
0.637475
0.758281
1.65157
0.407521
0.353135
0.892413
0.842527
0.69956
0.647008
2.21128
1.07443
0.381749
0.386679
1.81928
0.0958382
0.957478
0.486257
0.728069
1.23546
1.2564
1.11237
1.148
1.22036
1.18507
0.532457
1.32776
1.83157
0.118591
0.48256
0.771538
2.5486
1.21439
0.98421
1.11428
0.387393
1.14688
0.402704
1.73465
0.502515
0.725276
0.293579
0.443842
0.821446
1.39244
0.562878
1.37109
0.648497
0.654584
1.16036
0.439058
1.20542
0.178697
0.138855
0.483931
1.49753
0.298572
0.224345
1.24628
1.23018
-0.0543837
0.328263
0.801009
1.44277
2.58862
1.07919
1.14838
0.438353
0.836716
0.886923
0.520578
2.09964
0.324963
0.240066
0.781918
-0.0648392
0.750035
1.86158
0.817088
0.374521
1.18555
2.04031
1.33679
-0.216787
2.63758
0.386027
0.351575
0.573483
1.10323
1.66507
2.0734
0.36071
0.270445
1.4062
2.46354
2.57419
1.40939
1.10372
1.35167
0.144835
2.50002
0.530379
0.345582
1.35225
0.0633536
1.43466
0.589521
0.73394
1.54273
0.180173
0.623637
0.344978
0.993988
2.43545
2.17317
1.65869
0.743378
0.591764
0.368986
1.92475
1.76052
1.10973
1.1236
1.0708
1.59782
1.4484
2.40145
1.8898
0.816432
1.28822
0.0237214
1.84588
1.58515
0.571482
0.622957
1.62633
0.568358
1.34366
0.4252
0.388885
0.358351
-0.112686
1.21141
1.06166
0.522972
1.77219
0.788714
0.77558
0.779308
0.125835
1.40834
0.354817
0.569532
2.67738
2.19147
0.469948
0.852155
1.39386
1.15767
0.330628
0.883224
0.587955
0.293072
0.746956
0.27586
0.403755
0.818914
0.599005
1.12873
0.829983
1.52904
1.37408
0.739609
1.27952
-0.0795678
0.516334
1.25477
0.832119
2.73656
0.348832
-0.0115283
1.02176
-0.354086
0.533733
1.73643
0.591132
-0.00638402
0.348171
2.0172
1.0124
0.370941
1.41076
0.169351
0.442956
0.588351
0.346683
0.0216367
1.6529
0.666967
2.54169
0.697207
2.66293
0.601604
0.497074
0.405006
0.389241
0.817871
2.4952
0.437172
1.36596
1.45339
0.671298
0.354108
2.16672
1.22482
1.43575
0.955558
0.708871
-0.355329
0.644604
0.804224
1.76786
1.69433
1.07092
1.49508
0.477835
0.463093
0.86667
2.58973
2.48611
1.37048
1.0976
1.00969
0.674807
1.19403
0.372204
0.446302
2.39782
0.574973
1.4326
0.731289
2.21981
0.485382
0.60096
1.07163
1.22227
1.79557
0.278972
1.11367
1.39896
0.98537
0.766573
0.348164
1.89475
1.47092
0.577603
0.556504
1.21208
0.453994
0.452759
0.872205
0.701751
0.725172
0.568674
0.195257
1.44612
0.489203
1.48543
1.34458
0.638282
0.312936
0.875189
1.73682
0.779343
2.2863
1.17302
0.0995082
0.795558
0.898329
0.733834
0.462519
1.49233
0.406051
0.646105
1.08616
0.130874
-0.485249
0.679399
0.58264
-0.312307
-0.258338
0.381285
1.63134
1.18541
0.299021
0.95817
0.348188
1.88283
0.421986
1.55346
0.375409
1.65805
0.411315
0.555149
1.00411
0.529853
1.18434
1.61059
0.367465
0.672435
0.716726
1.97657
0.434885
2.20933
2.27911
-0.457992
1.75097
0.335384
0.0523555
0.547667
0.390358
1.25512
0.58694
1.17143
2.55376
-0.168797
0.743352
-0.239779
0.654022
1.15677
2.6687
2.23351
0.566541
0.584778
0.71561
2.09404
1.34177
1.10413
0.385798
2.61601
0.488187
0.726133
0.630804
0.509165
1.40877
1.01274
1.48065
0.492126
1.03524
1.05111
0.620398
1.32116
0.389658
0.288899
1.22419
0.652977
2.27373
0.0114901
0.883606
0.794238
0.429941
0.829354
0.936812
0.857339
-0.404009
0.288534
2.42248
1.07049
0.497775
-0.219917
-0.465657
1.51101
1.12013
2.36825
1.32422
2.01313
2.32703
-0.0384494
-0.113507
0.84175
0.628142
0.485719
2.21024
1.03845
0.471341
0.42488
-0.23737
1.42491
0.685554
1.99615
0.423285
0.82891
0.732076
2.0388
1.08042
0.319915
0.405643
1.72351
2.63476
1.28455
2.51181
2.60292
1.36195
1.09889
2.50833
1.69883
1.27581
2.66877
0.442414
0.647478
0.629158
-0.162491
-0.243219
1.33059
2.53139
0.801437
2.7832
0.581349
2.38906
1.16422
2.34828
0.942682
0.81991
0.468661
0.434903
0.389523
0.557262
0.796734
0.152391
1.1207
0.70328
0.937222
2.12472
1.38056
0.565445
1.24531
0.88904
0.55002
0.931142
-0.221605
1.44397
0.437036
0.06312
1.10034
1.22509
1.49426
0.687344
1.06903
1.20835
1.43027
0.0890024
0.380557
1.27918
0.785049
0.71398
-0.140017
1.06887
0.683128
0.949144
1.03171
0.807569
0.585113
0.76721
0.424107
2.11624
0.876874
1.3045
2.5319
1.22068
0.506455
2.54581
0.60253
1.10553
0.549719
1.49684
0.921059
1.35711
0.578682
0.987914
0.591097
1.52939
1.47424
0.414334
-0.193211
0.937093
0.86874
-0.00903695
0.477666
0.34713
0.591261
2.0268
0.597222
0.385927
1.63639
0.497465
-0.123412
0.393339
1.3273
2.26502
0.58124
0.361397
0.747569
1.35428
0.801107
1.26438
1.25458
2.13373
1.43115
0.85446
1.07528
1.09708
1.33838
1.19185
0.353834
0.790587
0.381686
0.67169
1.90665
0.362244
-0.118326
0.832001
0.577126
0.618812
2.71144
2.22579
0.747514
0.730157
2.53219
2.10513
0.361959
0.31308
2.43958
2.27993
1.19322
0.412126
0.377794
1.53662
0.463929
0.268937
0.0890647
1.14783
0.379054
1.00317
1.78735
1.57176
0.462868
0.131535
0.806223
0.378516
1.09056
0.809635
0.522613
0.70974
0.972064
0.787474
0.575131
0.456899
0.625982
2.52449
2.61761
0.873655
0.565119
0.7265
0.254591
2.53333
0.71354
1.3342
0.880642
2.78141
0.142337
1.46537
1.21902
0.646891
1.14698
1.9958
1.08388
0.837541
-0.0769298
2.13553
1.02782
0.598649
1.29361
1.30757
0.588858
1.92706
1.25124
0.677249
1.32959
0.677634
0.792273
0.2911
0.645571
1.75824
1.00409
0.576655
0.0213026
0.230607
0.587501
1.08016
1.1118
0.594758
0.661505
0.509462
0.332489
0.540839
1.26472
2.83007
1.13423
0.404994
1.24128
1.83055
0.772744
2.53687
2.53508
-0.0253305
0.555181
0.333541
-0.0935342
0.545115
0.706221
0.396841
2.58353
1.09849
1.31531
0.575131
0.347469
1.14302
2.68068
1.10218
1.37079
0.181919
1.09615
0.927369
0.281774
0.199475
1.05717
0.868087
1.23475
0.428306
1.49343
-0.0210183
1.30487
0.381584
0.47325
0.837532
0.573507
0.765244
0.851702
1.75724
1.36206
0.393249
0.863861
0.755841
1.03139
1.54962
1.41748
2.62474
0.704207
1.7505
2.4878
0.805994
0.687294
0.811889
0.319138
0.857528
1.41568
0.305789
1.77349
0.834224
0.56755
1.2785
1.06775
0.53721
1.17894
1.87092
1.1286
1.91505
0.572949
0.641518
2.66084
-0.40232
0.229653
2.26061
1.13742
0.0880376
0.860926
0.601768
0.738747
0.064607
1.50499
0.586677
1.9106
-0.348484
0.452093
0.618278
0.356827
1.50739
1.0206
0.451932
0.586588
1.03213
0.42656
1.08242
0.586048
0.71183
0.484967
0.90188
0.755057
0.654148
1.06743
-0.194997
0.663455
0.229292
1.02022
2.53999
0.710595
0.485151
0.646329
0.73866
2.24005
1.20206
0.555399
0.444912
0.477241
2.28049
0.868642
0.711654
1.1053
2.03072
0.765789
0.809104
0.749912
-0.375358
2.5376
0.957515
0.663177
0.557391
2.62953
2.54337
1.03244
0.832684
-0.181141
0.612335
1.52734
0.394252
1.47818
1.30206
1.10147
0.593225
1.05553
1.44613
2.19451
0.748995
2.25435
1.9896
0.891462
0.398286
2.62454
0.348204
1.46488
0.620484
0.294466
1.52444
0.86521
0.557065
-0.254268
-0.0617354
2.34568
0.684098
0.944475
0.0599949
2.58935
0.344379
0.751984
0.477455
0.0637511
0.902009
0.592201
-0.121976
1.4072
0.529081
0.186034
1.65293
0.322058
1.58549
-0.0697525
0.261217
0.83779
1.58716
2.28083
2.3384
2.23729
0.860917
1.01126
0.472611
1.29431
0.122318
-0.0504603
1.22307
1.69908
0.770028
0.423053
1.38554
0.448921
1.29983
1.55248
-0.0283079
0.347698
0.393551
1.29549
1.14466
2.68304
0.128156
0.911702
0.586821
1.22572
2.32536
2.22714
0.34503
1.18015
1.76578
-0.0687549
1.07289
1.42791
0.897983
0.823056
0.218067
0.291474
0.58895
0.600702
0.531285
-0.0865819
0.477311
1.62168
1.18472
-0.00560785
-0.270885
0.468956
0.840072
1.31964
0.723107
1.01556
0.590929
-0.335211
0.579192
-0.197148
0.124011
0.141425
0.282044
0.977241
0.59479
0.501063
0.70398
0.598475
1.76623
0.487247
0.811974
2.23998
0.377359
-0.0706816
0.423282
0.0993366
1.31594
1.08202
1.89248
0.171075
1.16078
0.700904
0.603031
0.589925
1.34593
-0.0557523
0.562713
1.05789
2.2224
1.11014
1.10595
1.27945
0.333412
0.358277
2.13221
2.13199
1.52032
-0.325739
1.12682
0.482492
0.943228
0.351566
0.798435
0.274101
1.35744
0.852104
0.870075
1.10927
1.25015
0.979808
0.592777
-0.210149
2.29801
0.307459
1.51466
-0.337388
0.995869
0.666214
1.59694
0.897379
0.444612
1.25571
1.71076
2.40934
1.03704
0.813608
0.738113
2.34146
0.691161
0.58518
0.699608
0.416571
0.430473
0.899318
2.34657
1.29492
0.591213
2.56816
2.64762
2.53429
1.26902
0.594416
1.18052
1.72473
2.03182
1.10548
0.389953
0.889928
2.38968
0.540086
-0.257506
1.78101
1.26301
-0.375163
1.11926
1.53646
0.421303
0.740183
0.47186
1.13248
0.488664
0.958652
0.748958
-0.227296
-0.252863
1.14404
1.18826
0.859445
1.31303
0.379151
0.813862
0.383377
0.70271
0.832858
0.661888
0.498359
0.443818
2.36261
1.97126
0.396012
1.8476
1.11155
1.26568
0.695743
0.209594
1.2801
1.47942
0.369404
1.01413
0.65484
0.0945799
2.54337
0.595468
0.720152
0.596338
0.602587
0.890072
1.15407
0.791286
0.73726
0.922514
0.351652
1.03666
0.720768
2.44237
1.05769
1.41836
1.35924
0.575016
0.837474
0.474617
0.824129
0.370667
2.07235
-0.192891
1.25944
1.96343
0.520155
0.986567
0.691021
0.838029
0.798844
1.14579
1.16639
1.14354
1.86443
0.997867
0.800804
0.105214
0.490607
2.4545
2.35469
0.791076
1.39961
0.620254
0.105751
0.82563
0.597606
0.661188
1.39571
0.714729
0.678268
0.639412
0.858055
0.673828
0.641848
0.650917
0.901785
0.335802
0.601112
0.85033
2.04295
0.726544
1.53215
0.607205
0.495864
-0.257829
-0.127902
1.10842
0.508636
0.597313
0.639386
1.92483
0.597613
0.119531
0.354709
0.357722
2.26872
0.557204
1.37143
0.319781
0.65671
-0.243182
2.08533
1.25372
0.857541
0.354367
0.515678
1.05602
0.412382
0.149984
1.1996
1.90794
2.44383
0.598033
1.11599
1.24617
1.48414
1.69153
1.477
0.4797
2.52428
0.624261
1.39462
0.494219
0.660781
0.192466
1.75201
0.761098
0.49067
0.770944
0.604623
0.31663
0.560989
0.454848
0.686665
1.2421
0.358021
1.15468
0.0695549
0.572509
0.603727
1.06141
1.13304
0.340837
0.837273
1.4862
0.827695
2.50981
0.826393
0.493029
0.351116
0.58718
0.796517
0.487797
-0.25308
1.1108
1.37438
1.1705
0.732552
1.79782
0.234991
1.30738
1.61551
2.1636
0.63247
0.134133
-0.0157014
0.36784
1.18766
2.65972
2.58064
1.27805
0.479928
1.27546
0.375495
1.72791
0.779173
0.796745
-0.282028
0.497674
0.563942
0.409395
0.90794
0.451891
0.369254
0.844954
1.11603
0.590152
1.10469
1.28468
1.22083
0.654072
0.437314
0.853335
1.44968
2.28286
1.10369
1.57941
0.843487
1.01838
0.837292
1.24522
0.304021
0.356069
1.73806
0.118705
0.595903
0.634407
0.566857
0.706582
-0.401607
0.5145
1.09877
0.467533
1.12132
1.22907
-0.340633
1.36932
0.720084
0.875246
0.382547
1.46228
0.581705
2.57405
0.947256
0.656641
0.953973
0.562092
1.766
2.10859
1.23651
0.800651
0.855925
0.926391
0.390381
1.10252
1.19421
0.201294
0.127941
0.356091
0.838779
1.20408
1.06395
-0.0264334
0.845312
1.36025
0.770674
1.07168
0.72819
0.281228
0.648794
0.84825
0.580691
0.351038
0.625777
1.28539
1.11292
0.58394
0.0740249
1.47486
0.350557
0.305794
0.403552
2.22883
0.358903
1.05133
1.65372
0.891625
0.951083
-0.195574
2.58743
0.920623
1.77459
0.851612
1.22619
0.938978
1.00958
0.610372
1.13805
0.599486
0.0902084
0.767092
0.569433
-0.288868
-0.312822
0.431295
0.654407
-0.382129
0.59089
0.550101
1.37655
0.594164
1.29728
0.404438
2.54862
-0.336963
0.692204
0.141991
0.59561
0.162301
0.64288
0.422797
1.21054
1.12686
1.49853
0.358954
-0.250912
0.679395
1.43667
1.44142
2.43034
2.69441
0.891511
0.842791
1.11891
0.729678
0.633769
0.486658
0.834052
1.14448
0.176757
0.859041
0.664584
0.194607
2.28453
1.01621
1.18257
2.59679
0.0233496
0.47181
2.51665
0.597839
-0.142599
2.33105
0.358891
0.58533
0.594475
0.690305
0.574658
0.811053
0.424947
0.710758
-0.421829
0.0772806
1.26343
0.452066
2.40727
0.609804
0.580235
0.449683
2.39219
0.532855
0.461757
0.31245
0.116676
0.923078
-0.296308
1.48954
0.369305
0.713128
1.43296
0.791563
0.739785
1.02404
0.537232
0.994609
0.827034
2.18122
0.715354
0.650123
0.0207422
1.27247
0.0184761
0.587925
0.896383
0.512704
-0.193607
1.40929
1.51302
0.593905
1.2842
0.798254
0.710441
1.3575
0.453188
0.602702
0.601448
0.355101
0.870026
1.47698
0.535321
0.658526
-0.138397
0.674908
2.624
0.642997
1.2515
1.19738
-0.0668614
0.847206
1.22046
0.795327
1.0863
0.285366
-0.437508
0.152922
2.53204
1.2836
1.42991
1.33381
0.967052
0.758319
1.21682
1.18742
0.347066
2.76011
0.832164
1.29872
0.342055
0.270123
0.792441
2.35835
1.18098
1.01017
0.716875
1.10073
0.615022
0.387276
0.599655
0.488491
1.19553
0.854229
0.869195
0.582635
1.15517
0.56491
0.364513
0.975042
0.998093
1.63819
0.374106
0.761175
0.705092
-0.0373959
0.592712
1.06725
0.8145
0.510971
0.498898
-0.160653
2.0663
1.46968
0.711439
2.14801
1.03385
0.650701
0.0187303
2.56703
1.00559
0.221149
0.0490805
1.12051
0.539205
1.23049
1.76088
0.156358
0.78587
2.40022
0.506362
0.765443
1.17311
1.1729
1.47478
0.756594
-0.0133844
2.73463
0.501584
1.33611
0.598612
1.28713
0.943818
0.16936
1.1219
1.94637
0.78291
0.761798
0.886108
0.445762
0.715136
0.653381
1.31544
0.643018
0.795148
1.38994
0.611559
0.311947
1.30443
1.02968
0.956457
0.594479
1.42249
0.559343
2.52805
0.762132
0.441096
2.4
1.7399
0.324951
0.813441
0.428581
2.12541
1.35996
0.85577
1.09875
0.467195
0.43418
1.17109
0.599483
1.92458
1.29527
1.26094
0.233157
0.390752
1.57541
0.375119
0.97087
1.43608
1.40636
2.47683
0.36592
0.565248
0.634296
0.939365
1.55486
-0.00463432
0.497647
2.02865
1.17201
1.24771
0.733748
1.10804
0.46243
0.532385
1.1156
2.22223
0.793743
0.643085
0.365904
0.563513
1.20398
0.920772
0.770124
1.12374
1.20005
0.832655
0.437444
0.44064
-0.12945
0.802417
0.408509
0.720328
0.897215
0.623037
-0.0470807
0.528297
0.592958
1.44735
0.633761
0.59244
2.38925
1.31725
1.4573
0.70252
2.33851
2.36096
0.367951
1.19835
0.679559
0.748689
0.488339
2.29688
0.393799
0.571883
2.58325
1.03318
0.795397
1.79033
1.09184
2.31614
0.633208
0.710829
0.0392089
0.351595
0.354541
1.26086
-0.279876
0.740483
0.0550448
0.722184
0.772471
0.608594
0.874278
0.401755
0.928403
0.121995
0.834167
1.37523
0.205465
0.506521
0.595463
0.541468
0.375726
0.978404
0.359943
0.557635
1.46849
1.41023
1.09214
1.20642
0.876156
0.758651
0.825555
2.59531
0.186803
0.599758
1.8795
1.11772
1.5477
0.90712
1.10247
1.28162
0.130526
1.13241
1.30453
0.346181
0.728262
0.859469
0.59247
0.375594
0.48032
-0.305061
0.328148
0.522157
1.13324
1.35248
0.82845
0.779993
1.15173
2.62987
0.857132
0.472895
2.48997
1.26325
1.15352
-0.034841
1.00981
1.17371
-0.0942722
0.957681
0.0220455
0.607371
2.72896
2.05048
1.18105
1.44724
0.601165
1.15744
0.598163
1.08267
0.596669
0.166621
0.849207
0.589686
1.47413
0.786089
0.59735
0.766022
1.10816
1.05126
0.414976
0.533485
0.200052
0.851796
0.265476
1.1271
0.737102
1.42449
1.5674
1.32171
1.22734
1.09991
1.3026
0.942468
1.1684
1.89253
1.77335
0.44398
0.433853
2.19697
-0.0753612
1.28381
0.372736
0.682722
0.722375
1.03539
0.995907
1.44589
0.599659
1.21474
0.742367
1.61873
2.33526
0.709293
2.67505
1.56074
1.17925
2.32331
1.67605
1.13936
0.379383
0.674079
1.02719
1.15198
2.69911
1.76666
1.31569
1.35234
1.09926
0.87095
0.880329
0.597075
0.560903
0.456359
0.670528
0.829834
1.08664
0.379449
1.93314
0.274332
2.42787
0.34536
0.546923
1.75841
0.593424
0.627981
0.131076
0.361897
2.42718
0.672374
1.22218
0.592794
0.603043
0.602082
0.344771
1.65005
1.13815
0.888562
2.28856
0.874156
0.84149
2.33928
0.472154
0.775171
1.21161
0.797678
0.756403
2.12233
0.868612
0.765629
0.771668
0.56801
0.389793
1.10967
0.390723
0.831026
0.647442
0.347912
0.717731
0.588422
2.01456
0.529348
0.705465
0.347537
1.49622
0.549683
2.30798
0.422218
0.597474
0.378935
1.00484
1.21153
0.487456
0.794697
0.373857
-0.265572
0.388806
0.782231
0.662631
1.16534
0.851509
1.10398
0.705233
0.116764
0.839932
1.45129
0.750717
0.81319
1.20942
0.598887
0.741104
1.08294
0.588206
2.16176
0.273116
0.00557152
2.73429
-0.125609
0.596891
0.731017
0.500113
0.0908274
0.588303
1.13522
1.96623
0.723528
2.01163
1.09287
0.801855
1.64064
0.985662
0.503289
1.15074
0.363509
-0.163521
0.894913
0.591458
1.20197
0.533035
0.604709
0.735566
1.1398
0.129959
2.68108
0.747913
0.560017
1.14021
0.253589
0.499953
0.586353
0.388153
1.0578
1.11994
1.64094
0.792686
-0.323085
1.19205
1.45377
0.495311
2.50541
0.684547
0.364294
0.578246
2.51485
-0.0932064
0.348007
1.35666
2.05984
0.778672
2.50615
1.07472
0.591765
0.65827
0.550303
0.500332
0.549858
0.0193363
0.849796
0.71413
0.715184
1.20351
1.26426
1.02204
1.20133
1.4388
2.24024
1.26953
2.39169
0.715925
0.931235
0.543865
0.213556
0.659597
0.695055
1.08049
0.595704
0.877299
0.787059
0.596605
0.276398
0.743052
1.1318
1.18889
0.420139
2.66137
1.36466
1.59096
-0.295755
1.33242
0.194486
0.548743
0.517677
1.45707
0.570344
1.11482
-0.189006
0.991942
0.750959
0.804451
2.48004
0.320785
1.79951
0.665498
2.3838
1.35474
0.594825
1.03824
1.06755
0.387605
0.597443
0.525598
0.486083
-0.244293
1.80755
0.597142
0.558194
1.30009
0.462132
1.62361
0.602289
0.649709
1.40188
2.24663
0.795101
0.595386
0.669853
0.59667
0.384133
1.7463
0.689232
0.577154
1.32071
0.868
1.39516
1.05746
0.929705
0.68518
0.540735
2.2957
0.41975
-0.130637
1.66652
0.589995
0.378694
0.698197
1.01024
1.34949
1.69874
1.23561
-0.295586
2.63483
0.701769
-0.15865
0.776591
0.591454
0.70612
0.571282
0.47998
0.790382
0.485879
1.31665
0.589907
0.191273
0.592395
1.20355
0.993327
1.23818
1.94291
0.394222
1.18268
1.43184
0.599712
0.602216
0.7151
0.597331
0.18164
0.75878
2.42873
0.663443
0.395198
0.143346
0.709872
0.723192
1.77982
0.586128
0.420662
0.621688
2.12804
1.3211
0.511548
2.63659
1.03437
1.1873
1.66577
0.344916
2.25709
2.47629
0.84485
0.536554
0.566203
-0.0568756
2.16477
0.646981
2.18943
0.666264
0.387836
0.747533
0.983876
1.66728
0.767387
-0.0342926
1.19316
0.636787
0.836123
0.272401
1.0282
0.597312
1.43915
1.45188
0.403994
1.66429
0.554405
0.328356
0.597173
1.05751
0.596059
0.345614
0.98006
0.653647
2.5479
0.862368
0.846256
1.85656
2.22541
0.847067
-0.0549574
1.73742
0.596424
1.47197
0.620445
0.588684
0.62707
1.52841
1.71741
0.512303
0.137917
2.08686
0.680078
-0.0697777
0.787609
0.549449
0.517254
-0.506954
1.36699
1.09459
0.151573
0.567232
0.0592771
0.578876
1.08633
0.415385
1.02369
0.506929
2.54983
0.220218
2.43586
0.739284
0.749922
0.683587
0.529332
1.77354
1.44074
1.28935
0.625633
0.748661
0.87689
0.655908
1.28734
1.71191
0.888746
1.33163
1.24196
2.30853
2.07099
1.25441
0.831826
1.03231
2.70384
0.476356
0.726836
1.66014
1.32797
0.944803
0.832111
0.573662
0.41043
0.468742
0.892285
0.23119
1.11765
0.32865
0.726966
1.92777
0.633436
0.814094
2.38598
1.07831
0.593621
1.00522
0.422695
1.22665
0.733489
0.922944
0.48823
0.78322
1.83365
0.89265
2.23408
0.854893
0.547796
1.38878
0.746412
1.28991
1.47724
1.04266
0.658068
1.76524
1.2743
0.839035
0.506461
2.29251
1.02723
2.13717
1.25755
0.397661
1.11893
0.949109
0.631245
2.17716
0.8526
1.18033
0.821582
0.48665
0.591365
1.26305
1.25325
0.89696
1.61044
0.831684
0.596513
2.74517
1.25528
0.662768
1.00708
0.785197
0.630355
0.739101
0.681095
0.0223613
1.32101
0.820008
1.46314
0.711561
0.562571
0.360946
0.976874
0.289612
0.594433
0.0514785
1.43042
1.15396
1.36705
1.20752
0.526984
0.70962
1.40479
0.752967
1.99332
2.32008
0.398458
0.800059
0.458004
0.706979
0.522482
0.818739
0.37217
1.38867
0.354388
1.38353
1.11229
2.61363
0.859115
0.472258
0.601129
0.928997
0.887039
0.656515
1.12359
0.596524
1.77208
1.3225
0.620617
0.680051
0.420792
1.14685
0.541107
0.692867
1.62884
1.31505
1.41893
1.42263
0.855715
1.09248
-0.477399
0.591305
0.760214
0.477775
0.410531
1.02682
1.41573
0.592427
0.599872
0.391369
0.904782
1.74324
0.598374
2.12871
0.870126
1.39627
0.984784
1.47752
1.44799
1.25642
0.929202
1.82365
0.708041
1.49736
0.573804
1.04434
0.598932
0.462941
0.697387
0.224435
2.78802
0.676213
0.42963
1.6277
2.44532
0.612092
0.415231
1.22905
0.70942
0.825518
1.42951
0.593039
0.0946526
0.655334
2.16542
0.686544
1.50092
1.80397
0.407882
0.588481
0.741864
0.55945
0.622102
0.461923
0.838406
0.784507
0.93605
0.588962
1.42141
0.518188
0.684607
0.0970118
1.47617
1.34435
1.76192
-0.0433683
0.793058
0.619275
1.12288
0.380918
0.387209
1.24253
0.717738
0.667988
1.40116
0.617572
0.660253
1.09252
1.34348
0.600789
2.01029
0.709162
0.731116
1.47148
-0.372411
1.25244
0.918427
0.353763
1.136
0.644473
1.38216
0.356654
1.08129
0.711689
0.436415
0.534828
0.851685
0.706543
1.07615
0.622698
0.417175
1.71715
0.506392
2.54687
0.596694
0.216724
0.895835
0.546634
1.88275
0.648439
0.597745
0.900005
2.08116
2.51116
0.498389
1.71005
0.606112
1.87275
0.838012
1.8092
0.828324
2.77774
1.09866
1.40563
0.41888
0.757953
0.600079
0.849746
0.934366
2.24249
0.622411
1.39124
0.243958
0.40359
0.85922
0.597178
0.140021
0.835865
0.539514
2.36744
0.462612
0.510863
0.429157
0.553102
-0.322205
0.695775
1.39106
1.3893
0.587625
0.599842
0.227808
1.4347
0.424969
1.33496
0.766777
0.759681
0.534775
0.464081
0.732185
0.500656
0.589404
0.848854
1.17733
0.717455
0.48277
0.600628
1.03956
2.51481
0.654326
-0.0152845
0.601461
1.19397
0.402966
1.05734
0.990266
1.22853
1.16636
0.738023
0.45059
0.600932
0.959477
0.656305
0.41543
1.42586
0.693146
0.795151
0.551227
1.44699
0.439901
0.0625819
0.181789
0.855573
1.72727
0.799919
0.595498
0.688763
0.284542
1.56984
0.701199
0.533848
1.11608
0.0404874
0.309844
2.11011
0.595781
0.59694
0.830727
0.424488
0.708966
1.02582
1.17077
1.06964
0.554615
0.721403
0.803833
1.22049
0.330298
1.05576
1.21282
0.839563
0.537479
1.30325
1.2326
-0.0871981
1.74449
0.867875
1.08715
0.947661
1.26435
0.387017
0.466581
0.816197
0.786883
0.574163
0.715307
-0.267157
0.601501
1.05375
0.760226
0.75508
0.349131
1.97204
0.549826
2.25511
0.532675
0.279433
0.843121
0.803208
0.629734
0.601319
0.779956
0.447169
1.0762
0.692135
0.568829
0.633046
1.27697
0.972396
0.804868
0.4117
0.761906
1.17149
0.53613
1.1297
0.956407
0.861359
1.15575
0.770374
1.23499
2.34817
0.564807
0.795375
0.377584
0.409005
0.398214
1.30954
0.719672
0.653305
1.38482
0.581345
1.51209
0.596539
0.465369
0.962926
2.39153
0.569701
0.460866
0.404772
1.38724
0.31669
2.442
2.35164
1.18888
0.133047
0.07105
0.205735
1.1996
1.6741
0.587307
0.269865
0.413198
0.606174
1.22852
1.11338
0.220163
0.466126
1.36877
0.448893
2.41009
2.10218
0.331889
-0.389884
0.710191
0.370906
0.3664
0.207045
1.08383
1.39608
0.689137
0.527236
1.31769
2.72213
0.324809
1.5447
1.16308
-0.316073
0.610164
0.366846
2.28503
0.412976
2.01552
0.980823
2.1414
0.668174
0.907603
0.892398
0.515074
1.47734
0.308018
2.232
0.695059
0.366875
1.61562
1.31536
0.702429
0.805899
0.027568
0.610451
1.53925
1.2173
0.375724
0.430458
1.15274
0.366926
1.13977
0.490335
0.0318186
1.02484
0.239187
1.22735
1.6183
0.860903
0.564356
0.360214
1.29023
1.14851
1.36639
1.5384
1.42059
0.601932
1.3255
0.416825
0.574238
0.800838
0.930586
1.16911
1.13618
0.696811
0.597455
1.22484
0.196567
1.10503
1.10721
1.0945
1.3251
1.4889
2.52325
0.846596
1.45589
1.30854
1.30387
0.805809
1.05956
0.343954
1.51354
0.424023
-0.21924
0.896319
0.596989
1.75149
0.78537
0.854647
1.09862
0.861775
0.664505
0.834478
2.06837
0.858162
2.42398
0.691621
1.5186
0.690437
0.401437
0.470787
0.345451
1.33152
1.11576
0.815993
1.12014
0.563634
0.821211
0.796401
0.364105
2.51192
2.47806
0.971763
0.675765
1.40834
0.740367
0.664086
0.74732
0.559126
1.07933
0.598165
1.13911
0.611595
1.85974
1.11494
-0.190402
0.604425
2.64014
0.470411
0.753796
1.22245
0.611912
0.315077
1.44383
0.669647
2.44012
0.539076
0.622244
-0.0114913
0.830245
1.24888
0.664553
0.689323
1.40336
0.621151
-0.497921
0.0539581
0.466623
0.602067
0.842544
0.0991968
0.795224
1.14372
0.391111
0.432924
1.06127
0.994159
0.444391
0.345993
-0.195579
0.332395
0.674692
-0.0813942
0.383128
0.744276
0.743817
0.554546
-0.222025
-0.400496
1.57286
1.54102
0.496318
0.527319
1.11731
1.09248
0.825343
0.78637
0.810521
0.544881
2.41498
2.53921
0.803449
1.01995
1.37668
2.18168
0.589846
-0.456849
0.624534
2.13159
0.478193
0.302994
2.55352
2.46122
0.562075
0.594231
2.03855
1.61592
0.53383
1.54126
0.388635
0.125798
1.19749
0.601896
0.53917
-0.258279
0.727721
0.773053
0.987448
0.372919
1.75191
0.881244
0.71616
0.760701
1.42173
2.53797
0.65601
1.1597
0.921872
1.41823
0.475134
1.2151
0.566131
1.97565
0.704908
1.03997
0.701275
2.6941
1.2962
0.626883
0.720482
0.830495
1.80591
0.478652
1.27194
0.1538
0.482673
0.540239
1.13484
0.862127
0.753046
0.757205
0.0979759
1.50917
0.844152
0.846075
0.908706
0.51489
1.1394
0.27888
0.398939
0.792079
0.707374
0.536255
1.58647
0.695809
0.583402
1.4571
0.551253
1.19614
0.387045
0.579358
1.26183
0.860624
0.534772
0.628149
0.963679
0.835337
0.5009
0.846514
2.31952
0.542038
1.60937
0.695898
1.40614
0.333524
0.879778
0.722328
0.437835
0.90521
0.595795
3.0961
0.804423
0.479653
0.113578
0.561055
2.60838
0.557694
0.369495
0.805614
1.67992
0.606306
-0.343042
1.45337
0.27845
0.804005
0.588241
0.596984
0.846237
-0.387278
1.47305
0.581567
0.593983
0.54675
0.183013
0.466319
0.599634
0.718893
0.83042
0.477643
1.12471
1.03715
1.29323
1.78979
0.635298
0.540877
1.79744
0.41682
1.27846
1.14436
1.22132
0.645326
0.579277
1.27067
0.845985
2.7176
0.578113
0.654466
0.68754
1.53054
1.59842
0.735142
1.24881
2.59635
1.27337
-0.422849
0.894616
0.508903
1.80203
0.55652
0.396134
1.64834
1.03
0.859616
2.71848
1.31258
0.701493
1.11919
0.4732
2.24284
0.674955
1.60317
1.02536
0.803928
1.28905
1.26045
0.00467961
0.412076
1.12079
1.52285
0.604667
0.731833
0.542668
0.578248
1.75308
2.61692
0.506746
1.08521
0.561245
2.28551
1.21291
1.10877
1.01283
1.56683
0.677613
2.69487
0.732715
0.622032
0.457967
1.13433
2.35138
1.2781
0.986077
0.660431
1.15906
0.902103
0.0377592
2.274
1.09289
1.32811
1.11193
0.738022
0.405608
0.609347
0.864251
0.749248
0.480968
0.584411
0.696722
0.753092
0.359975
1.45248
2.86232
0.603151
1.14063
1.21325
0.586914
-0.128521
1.08699
0.86063
0.593822
0.572393
1.21991
0.774208
0.351167
0.388623
0.480009
0.865202
0.859349
0.485813
1.54442
0.654266
0.650157
1.45607
0.427388
1.09549
0.66563
2.11653
0.81684
0.7914
1.52214
0.571454
0.57489
0.551255
0.493411
-0.187815
1.33214
1.45736
2.21268
-0.170119
-0.237416
-0.285764
0.59619
0.570102
0.729412
0.737788
0.550275
2.18352
0.993678
0.505101
0.763027
0.891978
0.663207
1.50069
0.900089
0.789875
0.828126
0.602268
0.256527
0.569359
0.264715
0.781603
0.50544
0.817987
1.09994
0.691528
0.490144
1.34614
1.43557
1.45622
0.233983
0.495105
1.18615
1.26163
0.905342
-0.128891
-0.214168
0.818491
-0.295866
-0.373374
0.563491
0.280003
0.685086
0.154398
2.47871
2.37949
1.31141
0.346809
0.99589
-0.343954
1.1546
0.541382
1.50534
1.53847
0.487383
0.977638
2.4336
1.19777
1.25464
0.718365
1.25286
1.58363
0.463359
-0.136813
2.32533
1.24594
0.719125
0.716479
1.28633
2.49676
1.05965
2.50086
1.78865
-0.501365
0.737748
0.608615
0.679556
0.49047
1.47802
-0.0321986
0.422537
0.652836
-0.303881
1.96032
1.14147
0.942634
0.722815
0.564116
-0.227174
0.57653
0.311166
0.55299
0.598924
0.812149
1.03242
1.47951
1.21735
2.16972
0.497317
0.441932
1.22135
1.50397
1.52109
1.24065
-0.122719
1.7685
0.562222
0.527004
1.53366
0.85047
0.864073
0.5824
0.561407
1.43616
2.35833
0.156499
0.663244
0.410759
0.812098
-0.201415
0.775911
-0.21167
1.15629
0.566477
1.61234
0.595834
0.580209
0.823811
0.399948
0.516776
0.637583
1.21961
0.609714
0.588886
1.10761
1.23562
0.756169
0.425413
1.25433
1.49168
1.06273
-0.112696
0.781316
0.207502
1.14303
0.594948
0.847182
1.09841
0.822512
0.809333
1.38581
0.53663
0.86981
0.783503
0.680209
1.5095
1.16364
0.461221
1.11262
1.12491
0.447299
0.449395
1.52698
0.649423
0.959169
0.116737
0.592187
2.51062
0.596369
0.597658
0.352042
1.2504
0.67992
0.946425
1.09182
0.790301
0.54885
1.29131
0.0951778
1.67961
0.591277
1.17883
1.42155
0.588836
0.52688
0.599583
1.50268
2.39563
0.652859
0.678118
2.61117
0.524046
-0.335324
1.23105
0.377826
0.742918
2.36131
0.52852
0.819021
0.564295
1.3937
0.474527
1.23136
1.83618
1.26977
1.37521
0.268923
0.746227
1.16131
1.0907
0.56708
1.00378
1.15786
0.55761
1.43943
0.0630677
0.44769
-0.488477
0.772069
1.21963
0.792973
0.974424
0.809206
1.6917
0.800326
2.10613
0.885961
0.882826
0.77048
0.375499
1.42828
0.735381
0.811441
0.110687
0.773233
0.846519
0.635184
0.57269
1.14356
-0.330136
1.06587
1.51759
0.794524
0.496378
0.797115
1.12679
0.682819
1.25081
1.54703
0.128781
2.41429
0.602643
0.377361
1.38659
0.9463
1.47161
0.125907
0.702716
1.28247
0.736719
0.625911
-0.414373
1.31493
1.10313
0.894075
0.908475
0.666752
1.40842
-0.395366
0.701957
0.814766
0.606522
0.622986
0.08099
1.25088
0.600744
0.590354
0.60077
0.446881
0.450671
1.43666
1.20505
0.801492
1.19217
0.785488
0.753105
0.719176
2.43018
1.50868
0.776935
1.46283
0.555924
0.978121
0.745414
1.13957
1.14099
0.473597
1.43228
2.29261
1.11528
0.763397
1.14993
0.719715
0.545489
0.347095
1.28914
0.416174
0.572441
0.85162
1.2807
2.58929
0.432632
0.618034
0.895167
0.751696
0.561305
1.02888
0.654094
1.12855
-0.0989407
1.27533
0.78912
0.158341
0.651573
1.3043
0.679362
2.2172
1.49532
1.30571
0.661461
1.51061
0.574577
0.685347
-0.473164
0.584212
2.53579
0.688975
0.799163
2.21217
1.29977
1.0878
1.32624
1.09717
0.611553
0.584351
0.155318
0.813228
-0.0609371
1.52846
0.597024
1.08537
0.600331
1.05481
0.848645
0.458691
0.798517
1.08221
1.12395
0.817482
1.35759
1.36706
0.788051
0.278311
1.26985
-0.0291779
0.902047
2.30339
0.587923
0.587186
1.18089
0.540244
0.119419
1.00934
0.798076
1.18028
0.740688
1.81012
1.7804
0.137368
0.620999
0.796367
0.552022
1.36765
2.27206
0.128419
2.73545
1.28378
0.600117
0.191021
0.783398
0.610451
0.982439
2.73412
1.26839
2.54625
0.819408
0.755554
1.31619
1.70923
0.568164
0.83451
0.301919
0.45309
1.35209
0.813052
0.888182
0.544215
1.13568
0.793447
0.247576
1.20467
1.23828
0.2433
0.447822
0.76814
1.13198
0.527342
0.932253
1.31672
0.591894
0.609986
1.07582
0.731467
0.667348
0.0739534
0.765761
0.408255
1.28732
0.0568806
0.475532
0.757417
-0.0778357
-0.0808793
0.500399
1.39792
0.529586
0.816551
1.09233
0.675241
1.15271
0.84218
0.622577
1.0904
0.801777
0.48934
-0.047418
1.38837
0.239123
1.1166
0.795381
-0.171706
1.51132
1.0532
1.79908
1.14001
0.617572
0.642605
0.763559
0.548224
0.638165
1.00376
0.609994
1.12672
0.809509
0.71536
0.731219
0.332399
1.54652
1.21787
0.531352
0.506744
1.04046
0.158392
0.460239
1.59306
1
0.349911
0.708559
0.835339
0.796074
0.637151
0.625799
0.369095
1.32918
1.44744
1.47696
2.29173
0.479756
1.14235
1.18329
1.22405
0.794615
0.682491
0.526392
1.25102
0.851628
1.12007
0.826504
0.790636
0.611469
0.740215
1.07063
0.520696
0.764984
1.49628
0.525288
1.25594
0.585606
2.25849
1.06295
0.447289
0.602136
0.686413
0.121472
0.64338
0.786994
0.155536
1.13065
-0.10915
1.28912
0.744129
0.49549
0.837489
0.449345
1.48792
1.13768
1.29378
0.563533
0.00280974
-0.41648
1.35091
0.821488
-0.504963
0.11152
1.65215
0.651047
2.28039
2.02762
0.52925
2.56285
0.540763
0.631478
2.26435
1.50047
0.520901
1.09872
0.70736
0.606137
1.48286
-0.0409883
-0.0371239
0.878199
0.609811
0.862069
0.50077
1.03795
1.25206
1.19799
0.115097
0.481781
0.639731
0.431975
0.583436
1.12685
1.47118
0.413186
0.485255
-0.0986452
-0.507736
0.877886
0.544929
0.806155
0.775403
0.605936
2.1988
1.26648
0.751397
1.03085
1.42656
1.83111
0.958163
1.54775
0.611055
0.575351
0.771813
0.37339
0.963097
0.790247
1.22652
1.31402
0.787404
0.67343
0.700782
0.877716
-0.327537
1.89978
0.978959
-0.44868
0.716539
0.587318
0.784016
1.0085
1.41051
1.02464
0.497317
1.05685
0.49188
1.13509
0.118388
1.17198
0.497364
1.29178
0.787053
0.815706
1.27068
0.728478
1.34456
1.17672
0.632723
1.29314
1.40451
1.2932
0.654156
0.767527
0.578433
0.653233
1.2062
0.696148
0.784849
1.45359
0.557075
0.744479
0.48173
1.01881
0.577695
-0.0081004
0.745987
1.20258
1.18433
0.570504
0.569827
0.488762
0.477917
0.857995
0.806959
0.734572
0.481343
1.02582
0.708889
0.848553
1.03203
0.371757
1.74849
1.51396
1.23407
0.595574
0.582673
0.979902
0.857722
1.15123
1.12589
1.25196
1.18887
1.20156
0.598282
-0.503664
1.52805
0.689579
-0.00936837
1.35102
1.13925
0.422456
0.542039
0.599278
0.742409
0.758798
2.57547
2.65154
1.37909
1.35307
0.444126
1.30428
0.798267
0.32612
0.574804
1.55764
1.29297
1.20336
0.625873
0.978296
0.839452
0.768328
0.71868
1.42883
0.82782
0.566902
0.519961
0.381464
0.566835
1.41387
0.594799
-0.324057
0.663527
0.921148
0.591287
0.356891
-0.174784
0.949721
1.07171
1.07643
1.6243
0.896336
-0.282604
1.455
0.999494
1.81521
1.47173
0.854519
1.10196
0.63349
0.672692
1.52231
1.83478
0.753103
0.436463
0.558375
1.5244
1.91882
1.18702
0.801502
0.656923
0.602732
1.09309
0.567315
2.51322
0.574481
1.79889
1.25609
0.550626
0.802814
1.20023
0.582415
0.482831
0.739721
0.698011
1.21882
0.356267
0.879789
0.489322
0.660054
0.257909
0.558431
0.611148
0.854021
0.731813
0.777526
1.24005
1.06278
1.1558
1.4191
0.35052
0.790372
0.703963
1.19208
0.814241
2.44718
0.59848
0.487064
0.432926
0.146235
0.604014
1.16675
0.595486
0.590086
0.586627
0.849604
0.440819
1.83113
0.5564
1.30599
1.34317
1.10926
2.3668
0.829563
0.55769
1.21982
2.63495
1.27786
1.0131
1.06275
1.31145
1.09717
1.96013
0.599857
1.61317
0.00438065
0.616986
0.817133
0.456557
1.22123
0.802219
1.30511
0.779931
1.1551
1.53425
2.29669
0.848198
0.683498
1.28808
0.228752
0.603121
0.589778
0.873806
0.348507
1.38749
1.16749
0.760844
0.39214
0.136353
0.694861
0.779134
0.785738
0.421567
0.779073
1.48981
0.0575829
0.803764
0.805139
0.636095
0.949341
0.602995
1.10191
1.02642
0.840726
0.597636
1.48978
0.593149
0.589965
1.33379
0.833376
1.27733
2.03493
1.11878
-0.494099
1.11623
0.59164
0.615034
0.75743
1.25553
0.648466
1.71382
0.643895
0.704461
1.1357
0.90816
0.596499
1.59332
0.802148
0.64704
0.968327
1.32795
-0.048465
-0.17823
0.858736
1.31725
1.20783
1.852
0.991445
1.16018
1.59109
0.446268
1.08815
0.797228
0.906631
0.809422
0.556166
0.651137
0.73861
0.360077
0.86054
0.472059
0.390596
0.8467
0.766472
0.57789
1.05351
0.411831
0.738939
1.14611
-0.0325457
1.20714
1.15773
0.217178
1.25011
2.44205
0.364174
0.390302
0.504745
0.850213
0.845052
1.97991
0.780439
1.34892
1.27794
0.893619
0.609186
0.510006
1.10025
1.43723
1.14142
1.52439
0.849147
1.575
0.36852
1.1419
0.75967
1.08829
1.33206
1.68701
1.23383
0.376869
0.686619
-0.477429
1.21959
1.21929
0.820699
0.653642
1.25977
0.634382
1.51208
1.10994
-0.456676
1.09905
-0.428001
1.01064
0.685939
1.09982
0.7407
1.16039
1.01167
1.49343
1.0849
0.589558
1.01433
1.42749
0.800139
1.36357
0.603598
0.560607
1.30412
0.671844
2.1171
0.620843
1.27156
0.487034
0.675937
0.853869
0.611639
1.15469
0.216644
-0.254164
0.844671
0.799529
1.30826
1.65188
-0.366465
1.19478
1.72583
1.82348
1.54037
0.0452753
1.28234
2.58362
1.32616
0.424793
1.36433
0.860196
0.5951
1.19394
0.743403
0.788331
0.555421
0.491062
0.502937
0.099107
0.399273
0.508224
0.387389
0.59016
0.554143
1.15535
2.14889
0.63664
1.17485
1.08022
1.39732
0.71028
0.858095
0.556201
0.568142
0.641337
0.0133419
0.676055
0.778674
1.03005
1.13461
0.503416
0.60454
0.861423
0.521311
1.43254
0.452417
0.606487
0.653937
0.755462
0.739866
0.826824
2.2918
2.44176
-0.0263362
0.520695
0.99722
0.843462
1.12135
1.03127
-0.177977
1.05622
0.584377
1.03427
2.5806
1.15434
1.48262
1.39297
0.676395
1.28903
1.00481
0.831683
1.17348
0.621659
0.804944
0.134397
0.817327
0.356995
1.37676
1.05862
2.31287
0.518585
0.849462
1.16406
0.673159
1.2004
0.714847
0.443328
0.608009
1.31413
0.831939
1.8386
0.940745
0.803621
1.31504
1.55888
0.171777
1.15493
1.43394
0.891581
0.633565
0.699496
0.576724
0.781866
0.802053
0.363342
1.41095
0.616005
0.671975
1.71218
0.670805
0.575014
0.825975
1.8784
0.972498
1.87383
2.45601
0.557864
1.28154
0.677445
0.607891
1.533
0.386737
0.538894
1.89416
0.791869
0.726754
0.978858
1.90263
0.599777
0.879562
-0.0340534
0.521183
1.73135
0.445127
0.601761
0.773543
1.10335
0.530263
1.14997
0.474483
0.885366
0.487728
0.846029
1.01485
0.659071
0.699042
0.575174
0.612965
0.364732
2.05736
1.36859
0.583694
0.703084
1.18639
0.722121
0.764489
0.329
2.33481
0.729538
1.34952
0.601237
0.74678
1.23333
0.642574
0.642583
0.496414
0.0892097
0.829157
1.41929
1.01693
1.23244
0.488199
-0.218855
1.25544
0.576372
-0.114532
0.656306
0.617294
0.666527
0.809127
1.42918
0.417635
0.533454
0.656099
0.596128
0.417766
0.63135
0.502885
0.738726
1.85398
-0.180758
0.861898
1.35965
1.01226
1.1316
0.824486
1.63798
0.795317
0.286321
0.620465
2.43269
1.92695
2.40931
0.822697
0.948291
1.13159
0.349937
1.24785
1.27152
0.638579
1.3159
0.620653
0.78839
-0.293846
0.585164
0.316377
1.18349
-0.0881299
0.639447
0.879437
0.875584
1.27158
0.759299
0.859514
1.45668
0.621784
0.650006
0.155962
1.11402
1.4093
0.543592
0.707218
0.663472
1.17219
2.52667
2.39085
0.869385
1.07223
1.27094
2.46686
0.77135
0.833801
0.712499
0.628344
1.46126
0.623027
1.95632
0.797375
0.846617
0.744493
0.51573
0.683194
0.667133
0.662395
0.418301
1.11493
0.621703
1.03271
0.628392
-0.140796
0.704691
0.436263
1.25237
0.663086
0.606057
2.59655
1.76268
0.586411
0.80266
2.21668
0.745097
2.35337
1.26998
0.786532
0.500481
0.705594
0.679846
0.826783
0.870923
0.980743
0.533433
1.14986
1.09524
1.97954
1.19382
1.80815
1.50709
1.05244
0.633245
1.20502
1.07346
0.906651
0.830841
1.73166
1.53775
-0.183577
0.858637
1.18695
1.16737
0.648243
1.14922
0.680636
0.426864
0.862387
0.489638
0.75546
0.387954
0.823909
1.63978
0.826971
0.689225
2.57785
0.652629
0.801317
0.890089
0.482832
1.28201
0.440692
0.663158
0.457223
0.719489
0.630063
1.13479
-0.497281
0.624783
0.500008
0.862968
1.51244
1.31023
0.471357
0.847998
1.53777
0.621034
1.37152
1.97705
1.17531
0.569386
0.56597
-0.359666
0.594941
-0.408239
1.31127
0.790132
1.17877
1.57993
0.552569
0.486987
0.663943
0.780388
0.79546
1.25994
1.23655
0.742753
0.863287
0.848267
0.753763
0.607775
2.53127
1.23702
0.852799
1.37595
1.44549
0.147625
1.1687
0.691892
0.663871
0.600648
2.02501
0.583828
0.780625
1.16091
1.12156
0.829265
0.800052
0.482891
0.705522
1.52065
2.18983
1.58489
0.296149
1.28576
1.50804
1.62145
0.54035
-0.393956
0.403238
1.54081
0.634137
1.4235
2.26275
1.30041
1.42719
0.80417
0.801169
0.486622
0.552155
0.596821
1.05571
0.830019
1.48328
1.36531
0.702189
0.91983
0.0211921
1.17257
2.57024
0.672859
0.214779
1.21599
1.79239
0.534365
0.627173
0.860487
0.859215
-0.221747
0.184005
1.26958
0.741109
0.657391
0.666205
0.863505
0.633443
1.10976
1.17511
0.788359
2.43249
0.711189
2.24357
0.5972
0.752797
0.844859
0.893874
1.66305
1.47954
1.0721
1.18652
0.95278
1.48899
1.68691
0.523126
0.614312
-0.155965
1.37974
0.892775
0.372251
0.596381
0.34864
0.847121
1.98304
-0.0347652
1.34934
0.425294
0.541606
0.778973
0.752838
-0.0782717
-0.426819
0.715025
0.683121
0.479756
1.86355
1.51191
0.704912
1.15093
0.694076
1.25867
0.704944
1.79497
0.823318
-0.37468
1.01421
1.00809
0.456567
-0.0359005
1.11099
1.33399
2.37863
0.839857
0.557372
-0.195222
0.418843
0.77682
0.815499
0.529103
-0.224282
1.18264
0.365424
1.02026
0.0826689
2.54127
0.400893
0.832533
1.87825
1.49307
2.1079
0.843132
1.48304
0.434962
0.741086
0.876764
0.673522
0.734627
0.869521
0.819687
1.46623
1.06615
0.765477
0.655427
0.657497
1.1052
0.551133
0.263905
0.62955
1.4319
0.856648
0.674738
0.629029
1.40659
0.687022
1.12441
0.534389
0.652205
1.28346
0.465777
0.867775
1.66585
1.50673
1.15428
0.839731
0.849175
1.55875
0.819248
0.546772
0.682386
0.573939
-0.156695
1.20625
0.828776
0.855218
1.16157
0.346632
1.27223
0.653574
1.16966
0.780373
0.780824
0.953037
1.38541
1.17018
0.547795
0.981418
1.83147
0.597568
0.742426
1.07108
0.779189
1.7907
1.55224
0.831731
1.82027
0.979449
2.13195
0.610045
0.624734
0.963219
0.583244
0.456482
0.781198
0.665028
0.657938
1.50654
1.33315
0.705575
1.21377
1.15512
-0.333201
1.3641
0.761538
0.332034
1.44765
0.757851
0.854316
0.736502
0.767461
0.987869
1.05753
0.921155
0.642882
1.38555
0.600196
0.442146
0.672067
0.796717
0.984093
0.776041
0.55681
0.471438
0.802708
0.474503
0.643615
0.536703
0.871916
1.12921
1.03963
2.38955
0.21718
0.813101
1.286
0.271138
2.57508
0.635125
0.635028
1.42875
0.617575
0.794087
1.41524
0.86615
1.91684
2.20075
1.13374
1.14744
1.09761
0.530869
0.883451
0.525301
0.802745
1.45913
0.310154
2.24174
0.593122
0.878008
1.53628
0.651855
0.890077
0.403097
0.868394
0.563872
0.438919
2.5169
0.57657
0.497196
1.12197
1.33068
0.540025
1.79603
0.654895
0.81621
0.779026
1.35421
0.889963
0.305771
0.707054
1.51852
0.483967
2.3052
0.786813
0.396491
0.821407
0.679881
0.540846
1.13315
0.762317
0.574072
0.87739
0.659594
0.701644
0.574789
0.841644
0.87168
2.11198
1.16664
0.885328
1.14061
0.149421
1.04967
1.5601
0.821502
0.706681
0.852809
0.460576
0.100845
-0.0263629
0.486878
0.154363
0.662328
0.525021
0.564512
1.23257
0.529939
0.617434
0.441128
0.795744
1.46379
1.83053
2.37865
0.66067
0.671835
0.691896
0.750224
1.40215
1.37105
0.594412
0.549465
0.62942
0.633056
0.643659
0.959799
-0.275037
1.35225
0.628295
0.825442
1.55686
1.46627
0.89161
0.637717
0.722801
0.837585
1.23895
0.759153
1.14148
0.600326
0.596283
1.11948
2.49426
1.55259
-0.378111
2.44348
0.755572
0.721092
0.715167
0.894786
0.691957
1.10511
0.764494
0.908709
0.620759
0.726828
0.862006
-0.0953456
0.795377
0.614353
0.801976
0.404375
-0.449868
1.16701
0.828806
1.20218
0.718663
0.374885
0.735324
0.99126
1.08279
1.06717
0.612996
1.16202
1.19175
0.549753
0.559991
0.824282
0.833021
0.807849
0.800325
0.800078
0.531421
0.825133
1.05839
0.643959
0.756059
1.37788
2.64467
0.763202
1.53102
-0.167828
0.634671
0.485771
0.743419
0.860543
1.34583
0.425718
0.631995
0.654065
0.718936
0.650501
1.13011
1.52044
0.592293
0.575646
0.794324
0.570922
2.22172
0.522582
1.63597
0.713576
1.41394
0.0506653
0.559797
0.951475
1.11713
1.77782
0.735889
1.10988
0.756058
0.785585
0.862609
-0.109658
1.29673
0.883052
0.735777
1.36926
0.826458
0.479308
0.792675
1.30173
0.79612
1.23151
0.614859
1.1761
1.0036
1.39703
0.866878
1.15625
1.18229
1.48985
0.407317
0.661849
0.847952
0.829027
0.65483
0.274165
1.19016
1.04035
0.539343
1.13205
0.22825
0.700657
-0.22
1.16503
1.67043
0.881715
0.901878
0.710069
0.698447
1.01232
1.03192
-0.159831
1.48549
0.665273
0.718585
1.23915
0.499458
0.917504
2.57187
2.13593
0.00515634
0.694528
1.30596
-0.390874
0.654721
0.958089
1.74106
1.13995
1.19934
0.771899
0.635716
1.31547
0.402938
1.80772
0.596869
2.1877
1.34591
1.16853
0.357636
0.659624
0.838786
0.414056
0.784897
0.816904
2.51481
1.47523
0.58922
1.12764
1.18125
0.548251
1.26396
0.915995
2.04921
0.637166
0.537874
0.861777
0.417573
1.43285
1.20595
1.15352
1.50043
0.576202
1.89121
1.24807
1.41276
1.39035
0.579606
0.857101
1.82133
0.807414
0.818235
1.94502
1.4747
0.733314
0.926941
0.591579
1.0935
1.16717
0.802176
0.595397
0.771378
1.26564
2.46471
1.53591
0.439886
1.23317
1.42423
0.786213
1.15339
0.851346
0.721241
0.798955
1.0933
0.726568
2.52698
0.867358
2.52005
1.26844
0.618076
-0.0260673
-0.481907
0.823537
0.663858
0.852781
0.641228
0.90672
0.498697
1.04295
0.831484
1.05852
0.601007
0.729006
1.54343
0.774032
0.370652
0.61309
0.893095
0.536077
2.22821
1.22282
1.46018
0.824061
1.50663
2.55775
1.16086
0.851198
1.52727
0.734648
0.363991
1.41969
0.818419
1.00857
1.46627
0.187852
0.64229
0.675007
0.842656
0.840343
0.601907
1.16612
1.48057
0.876702
-0.398148
0.814102
0.753742
0.59587
1.01406
0.776399
2.34058
0.768575
1.1208
0.560513
0.539943
0.297517
0.843036
0.739205
1.19274
0.539072
0.861065
1.172
1.15905
0.599138
1.30669
1.1329
0.414844
0.58888
0.44091
1.16347
0.678007
0.282554
0.799025
0.858329
1.10062
1.18252
1.44718
0.596287
0.729509
0.758631
0.811008
-0.0203958
0.698603
0.839902
2.35445
1.11088
1.07671
1.31198
1.11893
1.96246
1.60042
0.589577
0.821655
2.67478
-0.00493192
0.502985
0.648572
1.29697
0.640724
0.741341
0.30468
0.638659
0.591616
1.29421
0.772427
0.840299
1.52463
1.09813
0.870707
0.409031
2.38595
0.642544
0.665827
0.774563
0.408725
0.813857
0.481997
1.83119
2.29769
1.50073
0.812897
0.283355
0.849499
-0.319473
0.795553
0.799798
0.430169
0.709086
0.868553
0.820983
1.05665
0.64802
0.0572209
0.550077
1.12145
1.43913
0.533188
0.597445
0.751905
0.492229
0.807014
0.600203
0.83644
0.61252
0.412558
0.60517
1.73848
0.59933
1.13344
1.94104
0.730433
0.863353
0.699791
1.15062
1.53832
0.665606
0.752417
1.28806
1.54087
0.845744
0.767806
1.24869
0.132374
1.15035
0.812233
0.850267
0.133274
0.587133
0.189529
1.09467
0.898147
1.25962
0.838529
0.832324
1.75799
0.710359
0.846978
1.60722
0.422762
0.586411
0.694541
1.29706
0.810496
1.07911
0.597029
0.675143
0.648405
0.50234
1.241
0.564913
0.841363
1.52535
0.749537
1.2669
-0.360184
0.553687
1.24424
1.11898
-0.304089
0.59374
0.824403
0.568542
0.103273
0.965104
1.35834
2.38148
0.291541
0.838008
0.824149
1.45939
0.78495
0.711048
0.749463
0.399609
0.748782
2.24905
0.779902
0.142401
0.469491
0.776799
0.837248
0.849185
1.26203
2.87513
2.23358
0.739598
1.09138
2.13083
0.854957
0.470746
0.852107
0.988512
1.13402
0.732026
0.711617
0.828894
0.458663
-0.117681
0.586137
0.476862
0.857092
-0.0122135
0.743841
0.618521
1.21308
0.771995
0.557845
0.634838
1.82717
0.729645
1.52135
0.633015
1.38311
1.50459
0.601615
0.914035
1.10111
0.741567
1.77519
0.698594
0.98938
0.651884
0.449001
0.801529
1.16257
0.838742
0.700661
1.39955
1.13873
1.05217
-0.399508
1.16539
0.548263
0.582148
0.710926
0.751768
0.0456594
0.621297
1.22386
0.862625
0.842078
0.819529
1.14895
1.5181
1.2577
1.19992
1.0855
0.715859
1.13422
1.50227
0.763342
0.85962
1.00037
0.865505
1.4498
2.00179
0.840536
1.59344
1.06395
1.1103
0.679302
0.7605
1.10924
0.694715
0.592992
0.819775
0.712853
1.41549
0.794711
1.39423
0.778977
1.05851
0.5691
0.713433
0.207103
1.13271
2.72955
0.584905
1.05414
0.841468
1.16317
1.08297
1.21191
0.832107
0.498042
1.00236
1.09633
1.21208
0.575288
0.490112
1.30807
0.674085
1.3764
1.19272
2.498
2.32818
0.680442
0.603519
2.34329
0.617956
0.677976
2.46375
0.831006
2.44906
1.57272
0.624626
1.28006
0.683274
1.86674
1.10879
1.11098
0.592416
1.79213
0.678556
1.08926
0.523392
1.12414
0.665223
1.57578
1.204
2.32135
0.744706
0.507292
1.09355
0.453848
0.582381
1.00644
0.596137
0.800739
1.13353
1.15565
1.59977
0.778003
0.699122
0.475944
0.559458
0.660955
0.803938
0.121268
2.52609
0.598746
0.756282
0.808199
0.736595
0.815559
0.825263
0.675617
1.85615
1.31362
1.49282
0.457226
0.82044
2.7151
0.198141
0.743305
0.357357
2.25599
0.278053
2.47335
1.53886
0.731945
0.973529
0.820658
1.35196
2.37007
0.808802
0.583006
0.825955
0.847307
0.748725
0.540317
0.812445
1.13588
1.33526
1.12143
0.744649
1.30496
1.08679
0.425112
1.54031
0.491586
0.801522
0.844558
1.18275
0.388247
0.437619
1.1701
1.38102
0.506103
0.462521
1.37341
0.618573
0.573021
0.899796
0.720308
0.455437
0.852337
0.512152
1.23716
1.24166
0.79282
0.726374
0.686298
1.32699
0.702109
0.998898
0.896565
0.806696
1.64846
0.748916
0.856319
1.34086
0.652621
1.14926
0.867646
0.762522
0.775791
0.64943
0.797754
1.54104
0.671719
0.864899
0.765841
0.675173
0.851065
0.72744
1.12713
1.3086
0.769465
2.68023
0.648425
0.585056
1.22679
0.822522
0.808231
0.422745
1.14282
1.18919
0.538626
1.07304
1.52691
0.676481
0.459229
1.29272
0.869859
0.661395
0.73073
0.35112
0.647902
0.74107
0.921442
0.548148
1.47028
0.552095
0.859875
1.82333
1.29469
1.47926
0.618846
0.604101
1.40877
0.787528
0.629079
0.690629
0.760813
0.89864
0.603219
0.604117
0.878401
0.813305
2.55243
0.997591
0.756957
0.824083
0.977312
1.26718
0.672521
2.4495
1.77298
0.991658
0.634383
1.17449
0.509214
0.387019
0.163511
1.19892
0.646206
0.488884
2.20462
0.852332
0.611621
0.801912
0.616495
0.69613
0.739457
0.702849
0.587525
0.772427
1.02173
0.303768
0.75579
1.22662
1.98438
1.07796
0.928979
1.80867
0.830451
1.13078
0.765711
1.10692
0.662788
0.66347
0.520177
0.800765
0.492929
0.684813
0.636528
0.655781
0.659893
2.74148
0.78428
0.844975
0.690191
0.806489
1.66871
0.703092
0.844845
0.830975
0.850159
0.865998
0.857734
2.15529
0.828487
0.767902
0.794768
0.921856
1.29363
1.28549
0.89885
0.60729
1.36829
1.06966
0.787308
0.80097
0.79183
0.842575
0.571666
0.713056
0.815694
0.824805
1.213
0.73718
0.75512
0.997088
2.26842
0.637046
0.769196
1.30108
0.81057
1.29817
0.691359
0.731248
1.83313
0.500194
0.861727
0.697469
1.06809
0.14334
0.642757
0.792724
1.13122
0.753279
0.679254
0.714583
0.658507
0.774632
0.883996
1.75717
0.641878
1.17911
0.766707
1.14594
1.48175
0.669693
0.661605
2.21296
1.40817
2.2983
1.53328
1.19142
0.714367
0.445267
0.834135
0.856647
1.31326
1.32596
0.764492
0.571506
1.24061
2.422
1.20705
1.21267
1.01051
1.33794
0.633423
0.749404
0.754913
1.15515
1.29751
0.688566
0.921492
0.782075
1.14838
0.376611
1.27064
2.09895
0.838265
0.807162
0.701758
0.663188
0.802966
0.848551
1.52416
0.753601
0.568681
0.360288
1.15567
1.01068
0.901129
0.364756
0.62455
0.633636
2.23693
0.560057
1.13191
0.641777
0.958483
1.13495
0.881646
0.707478
1.47691
1.25725
0.779234
0.701619
0.439302
1.28289
0.7189
2.19628
0.636005
0.657013
0.816867
0.39569
2.35393
0.807846
1.10759
0.481297
0.810864
1.27145
0.802157
0.637125
0.850778
0.749493
1.18176
1.6197
0.544103
0.749619
0.643806
1.35454
1.15169
1.05887
1.03273
0.67144
0.743251
0.827299
0.906433
0.682804
0.946656
1.46374
0.468662
0.844426
0.0787601
0.607939
0.365526
0.745198
0.555146
0.693596
0.445834
0.804578
0.783952
0.706225
0.437992
0.693141
1.47376
-0.304612
0.253606
0.868222
0.806099
2.37015
0.850271
0.534982
1.07337
0.771075
0.313278
1.4465
1.23195
0.68376
2.13855
0.779457
0.665019
0.826138
0.770261
1.07976
0.449202
0.659114
0.803008
1.18763
1.0778
2.01145
0.785981
0.79261
1.1334
0.632893
0.58149
1.188
2.57234
0.907352
0.655047
0.650163
1.17469
0.599027
0.309642
1.57184
1.15657
1.25818
1.36906
0.503044
1.21967
1.7729
0.797997
0.320524
2.25075
0.748455
0.384468
0.664327
2.24412
0.93647
1.15902
2.07026
0.536294
0.609103
0.356368
2.47517
0.481619
0.971513
0.899368
0.805286
0.865078
0.102366
0.606771
0.687215
1.72907
0.646531
0.717511
0.535572
0.923989
0.499912
0.581953
0.892021
0.706241
1.27621
1.18895
0.789052
0.744236
2.21413
0.563418
0.642321
0.847252
0.820979
0.71138
1.51601
0.836172
0.861436
0.752163
0.575024
0.65924
2.67408
0.786556
1.04872
1.2021
1.1709
0.89067
1.00932
0.864193
0.670216
-0.203732
0.307873
0.756624
0.878824
0.956774
0.767829
0.7469
0.108634
0.707256
0.866819
1.30224
0.696236
1.26395
0.832745
2.11335
0.838372
0.693182
0.185494
0.58727
0.705587
0.87115
1.1733
1.27496
1.07799
0.803296
1.32054
0.792927
0.860649
0.426537
0.792049
0.842356
1.24076
0.644988
0.734162
1.23567
1.49442
1.50977
0.627313
2.43351
0.778512
0.735739
0.596392
0.720878
0.773118
0.00310977
0.295689
0.857237
1.20448
0.702739
0.663648
0.748208
0.823093
1.9217
0.737908
1.3823
0.860796
1.24965
0.874257
0.610927
0.798452
2.19744
1.67748
0.518343
1.17673
0.780871
0.77178
0.814401
0.793416
1.41059
1.09567
0.719731
0.990039
1.15875
1.1729
0.845486
0.791791
0.952645
0.802323
1.02655
1.09416
0.697212
0.54924
0.811657
1.00401
0.598006
0.760046
1.5647
0.956261
0.811604
0.821457
0.637119
1.17236
0.799515
0.844686
0.780671
0.617178
0.736002
0.845461
0.962421
0.559438
2.49407
0.808118
0.777015
0.828856
0.51877
1.27653
0.883664
1.60931
1.2568
0.814677
1.64985
1.16069
0.677324
0.71275
0.388316
2.49741
0.915826
0.225335
0.594753
1.33034
-0.135869
0.630311
0.807486
0.592152
2.01912
1.10693
0.803298
1.72202
1.53587
0.693726
0.593481
0.498902
0.77254
1.29605
0.701673
0.746916
1.44291
1.20241
1.21392
0.992078
1.07217
0.767211
0.803882
2.09076
1.16319
1.36725
1.9308
0.489266
1.17621
0.633347
0.459057
0.730286
0.831623
0.842826
1.30088
0.671424
1.43895
0.753641
1.36037
0.539451
0.837242
0.56365
0.834745
0.743394
2.35944
1.07852
0.460675
0.729022
0.497505
0.785934
0.882253
1.26951
0.988259
0.826842
1.57259
0.675156
1.30243
2.33724
0.90026
0.610076
1.12566
0.589321
0.802948
0.661267
0.455003
1.42924
0.199232
1.23285
0.724982
0.825295
0.447928
1.17608
0.816101
0.847334
0.82992
0.94979
1.15701
0.748256
0.675121
1.64518
0.859618
1.88322
0.778875
1.54332
0.432544
1.49039
0.87658
0.686209
0.736349
2.64716
1.17818
0.836323
0.820361
1.23459
0.792695
0.600233
1.21288
1.36447
1.16849
0.810191
1.10453
2.07389
0.836876
0.616014
0.799617
0.576087
1.03791
1.12594
1.23639
0.847601
0.86255
0.482215
0.52371
1.17422
1.8415
0.752203
2.08503
1.29675
1.5206
0.645098
0.638771
0.842958
1.20064
0.547648
0.859657
0.61138
1.47872
0.868661
0.791587
1.85041
0.763635
1.37419
0.577438
1.21168
0.724947
0.930873
1.12304
0.79161
0.712366
0.83828
1.29813
0.646907
2.28586
-0.109053
0.709654
1.3142
0.491478
1.38549
0.651933
0.557182
0.551456
0.596207
1.05995
0.828116
0.45269
1.17214
0.671688
0.69148
2.64908
0.713494
0.637698
1.93024
0.86761
1.16077
1.59198
0.879144
0.845544
1.27457
0.817916
0.401921
0.564236
0.836335
1.42991
1.17008
0.596459
0.404578
0.898169
0.80605
1.55088
1.21329
0.538498
0.741948
0.812511
1.01248
0.878511
0.29209
0.304634
0.727582
0.721823
0.841888
0.39151
0.613612
0.692906
1.80845
0.588694
0.742348
0.858193
1.14284
1.09843
0.595453
0.75409
1.11353
0.874952
0.579858
0.632787
2.10091
0.853362
0.871378
0.888164
1.02252
2.04052
1.71796
1.08591
0.814432
1.71309
0.628866
0.84462
2.50491
0.763408
1.02192
0.87018
0.482788
0.901436
0.824009
0.859174
0.677145
0.422241
0.805862
0.877912
0.835945
0.802202
0.812271
0.875034
0.476264
0.890416
0.630538
0.803673
0.838902
1.24379
0.608825
1.10195
0.73101
0.856414
0.711559
1.1728
0.612655
0.609044
0.672945
0.896355
0.699885
1.19665
0.721341
0.395666
1.7265
0.60604
0.866975
0.71566
0.855737
0.884292
-0.247452
0.998347
0.68565
0.819933
0.716922
1.16186
0.626936
1.0478
1.31558
0.697067
0.619169
0.876495
0.808435
0.744586
2.37431
1.28405
1.49743
1.39376
2.54108
0.761962
0.760743
0.577713
0.764467
-0.196611
0.847153
0.841404
1.12493
0.478578
0.218915
0.741987
0.519971
0.978452
1.26138
0.380674
-0.285123
0.793589
0.640271
1.22421
0.738301
0.840348
0.423298
1.355
0.672186
1.14381
1.11111
0.562819
0.331634
0.676792
0.851648
0.541526
0.813227
0.843373
1.6307
1.19675
1.26661
1.1951
0.887297
1.79638
0.417318
0.596546
0.469284
0.554035
0.598955
0.994332
1.29931
1.45309
0.825058
1.05732
0.842906
0.800601
0.846072
0.492602
0.877809
0.701795
0.762505
0.833063
0.854603
0.636067
0.79806
1.19124
0.687419
0.537301
0.690644
0.129968
1.16884
0.782404
1.54591
0.508032
2.32046
2.15317
0.8519
0.567115
0.682788
0.896051
1.22611
0.845103
0.839418
0.803841
0.68869
0.807557
1.03155
0.830829
1.00145
1.32942
0.727059
0.7917
0.934472
0.385581
0.68884
1.16309
0.75732
1.31671
0.885362
1.14376
0.654466
1.18327
1.2271
0.604953
0.951188
0.485167
0.773238
0.829517
1.19613
0.79722
0.619231
0.69985
0.732102
0.601502
1.26162
0.437444
0.820101
0.821424
0.822632
0.694767
0.839295
0.509985
1.21167
0.70719
0.600793
1.08514
0.787936
0.728943
0.455804
1.30056
0.744004
0.876851
0.317457
0.758532
0.868974
0.471764
1.05048
0.835131
0.706186
0.868135
0.620386
0.689649
0.613842
0.958183
0.762351
2.13572
0.317777
0.804201
0.616666
0.886254
0.66651
0.594287
0.757128
1.22923
1.0528
1.14568
0.201987
0.992248
0.695265
1.90389
0.741523
1.52372
0.659536
0.892433
-0.189124
0.643862
0.821544
0.744663
0.233503
0.715608
0.864096
1.32809
1.22914
0.478413
1.1666
0.787883
0.827658
0.529573
1.18324
0.634882
0.78883
0.134
0.874701
1.41324
0.568144
0.396385
1.37273
0.695075
2.2476
0.858751
1.10168
2.7568
0.594377
0.527337
0.454243
1.38564
0.823161
0.429381
1.54666
0.577135
1.29066
0.752379
0.389271
0.804908
1.28849
0.73592
0.877454
0.83092
0.887747
1.27599
1.59317
0.733883
0.654507
0.613651
0.252601
0.687576
0.631792
0.857193
0.672297
0.698169
1.19631
0.789524
0.529537
0.604347
0.714594
1.5337
0.83706
0.83692
0.589949
0.800487
0.862593
0.478172
0.749705
0.712245
1.09451
0.586081
1.24467
0.864877
0.895196
0.711094
0.835135
1.14665
0.617187
0.732598
1.25863
1.17318
0.730966
0.889356
1.10164
1.27854
0.671482
0.894558
2.17488
0.67522
0.120315
1.11992
0.67498
0.603182
0.781027
0.597641
0.563333
0.741887
1.61261
0.608565
0.421992
0.646107
1.13083
0.413411
0.527766
0.503508
2.18253
0.849968
0.837303
0.834117
1.21945
0.601254
0.889896
0.48628
0.628811
0.63605
0.892132
-0.213851
2.1703
0.897827
0.64578
1.297
1.42812
0.764116
1.26647
1.66737
0.74921
-0.0717383
0.593968
0.840054
0.419842
0.579813
1.5128
0.812551
0.600316
2.64671
0.876022
0.63641
0.210356
1.26985
0.596636
0.897003
0.959372
0.714063
0.795774
0.661337
2.29497
0.827195
1.16392
0.651488
0.539467
0.832447
0.71176
2.30315
0.413694
0.644359
0.667293
0.749145
0.794366
0.703729
0.782841
0.981136
0.768684
0.773949
0.451939
1.37926
0.274268
0.846834
0.821124
2.63367
1.07547
0.825154
1.27787
0.802645
0.647728
0.671406
0.854874
1.18331
1.19169
0.912571
1.2419
0.850572
1.20214
1.56268
0.683491
1.26665
0.266606
1.71893
0.662558
1.07104
0.705222
0.823232
0.671445
0.699702
0.813723
0.619704
1.43448
1.26669
0.86659
0.555028
1.1774
0.829139
0.526515
1.10313
1.20649
0.851794
0.791353
0.804325
2.12072
0.637167
0.156198
0.597392
1.27388
0.812635
0.84569
0.636368
0.989995
0.722295
2.3314
1.16508
1.61489
2.09831
0.603067
0.966201
1.58245
1.10206
0.750705
2.53819
0.0644633
0.773295
1.3959
0.634808
1.18163
1.97225
1.39927
0.601676
0.224192
1.2497
0.275726
0.556192
0.755456
1.60021
0.512906
1.16783
0.419273
0.8241
1.09692
0.723644
1.26502
0.726409
1.26699
0.608821
0.888358
0.792753
2.2024
0.396659
0.820815
0.192763
1.40936
0.754394
0.790333
0.382205
0.859988
0.676735
0.408185
0.974793
0.740838
0.871665
0.856155
0.46884
0.823782
1.73995
0.555543
1.15892
1.11033
0.832588
0.842126
0.864485
0.801192
0.787106
1.20637
0.603405
2.47382
2.41973
1.95234
1.87715
0.855077
0.595668
1.62246
2.40153
0.736374
0.552179
0.728927
0.703864
1.93172
0.594364
0.378133
0.726594
1.02973
-0.00426996
0.722832
1.17962
0.808213
0.758509
2.28983
0.815197
0.837466
-0.0956538
1.03882
0.843987
1.22104
0.76149
0.725209
0.844191
1.29694
1.68783
0.880183
0.82513
0.321058
0.803809
1.48941
1.27471
0.762691
0.853519
0.833092
1.25315
1.13236
0.95819
0.099388
0.657905
0.623176
0.323771
1.02633
0.847047
0.872588
1.10621
0.768142
2.19511
0.847071
1.10662
1.48502
0.277798
0.836684
0.340727
1.33912
0.840048
0.760768
0.713048
0.875848
0.833057
0.815327
1.1388
0.850403
0.329995
-0.492086
1.14247
-0.0511542
0.816816
0.56042
0.749034
1.24644
2.32803
2.52787
1.57724
1.28082
1.67999
0.78748
0.866656
1.75167
0.791704
0.711685
1.74961
1.31025
1.19275
0.657044
0.621508
0.99883
0.665087
0.642694
0.808792
1.63565
0.805199
0.809772
0.765579
1.21905
0.87306
0.532961
0.863183
0.799847
0.806675
0.556543
1.15152
0.737234
1.16671
1.25612
0.699728
0.279192
1.42999
0.596154
1.00457
0.791389
0.654276
1.6364
1.77029
0.773898
1.03735
1.22247
0.613187
0.804018
0.753141
2.37361
1.05621
0.650317
0.835132
0.722923
0.901097
0.82183
0.724615
1.26067
0.859267
1.32195
0.808327
0.731581
0.640568
1.46721
0.773955
0.728743
0.536872
0.320885
1.42735
1.28096
1.11246
1.93121
-0.352564
0.601862
0.77316
0.236906
0.770996
0.844273
0.706154
0.858098
1.39138
0.82043
0.861069
0.761882
0.813131
0.703252
1.08485
-0.309734
0.148008
0.80461
1.35208
0.628459
0.828027
1.27177
1.07816
1.1754
1.49061
0.865438
0.850263
1.09722
0.0440275
0.703755
0.591165
0.722049
0.836385
1.24648
0.869837
0.808401
0.894388
0.787838
0.896131
1.07964
1.13209
0.826301
1.24123
2.21073
0.455055
1.26842
1.26543
0.801365
0.60834
0.737103
0.0687983
0.493836
1.14996
0.438437
0.844117
0.900044
1.36022
0.612838
0.415114
0.772037
1.03884
0.626615
0.582187
0.450666
0.39734
0.761656
0.809047
1.11396
0.772055
0.880109
0.796913
0.635908
0.786115
2.5069
0.686672
1.20008
0.874531
0.837267
1.18877
0.716159
0.785161
0.714174
0.285888
1.16278
0.676869
0.848332
0.385489
0.941817
0.831349
2.37549
1.05675
0.673149
0.772637
1.14788
1.41485
0.851941
1.19115
0.853765
0.716222
0.79421
1.0815
1.96576
1.06426
0.672866
0.983331
0.944557
0.619061
0.777784
1.14487
0.626258
0.786047
0.859205
0.601285
1.58632
0.735762
2.51178
0.599737
0.595425
1.19697
0.641563
0.867575
0.628595
0.72675
0.513335
0.856949
1.20272
0.72204
1.00386
0.760369
0.802362
0.352199
0.572884
0.636506
1.08583
1.76801
1.65947
0.786221
0.886132
0.836117
0.817856
0.596815
1.23329
0.130905
1.02615
0.775768
0.69243
0.811738
0.812778
0.668897
1.17794
0.570218
0.819107
0.860947
0.633508
0.44571
0.437339
0.789687
0.730037
0.847264
1.60648
0.760277
1.50736
0.462662
0.837134
0.78619
1.17129
0.773585
0.832621
0.864487
1.58895
0.825197
0.863491
0.869802
0.845101
1.41664
0.725088
0.783633
0.702254
1.15404
1.23533
0.822211
2.50164
0.560902
2.07141
1.23747
0.393567
0.642213
0.730682
0.248623
0.764916
1.63358
0.64991
0.808107
0.802228
0.810929
1.97622
0.782714
0.615859
1.34124
1.83028
0.81449
1.41028
0.71597
2.18218
0.279464
0.959438
1.12062
0.787364
0.833672
0.704395
0.360443
0.674909
1.76934
0.626607
0.837981
0.72872
0.513859
0.770731
1.30721
1.1858
0.915822
0.595951
1.04651
0.825467
0.46811
0.658846
0.842006
0.736939
0.535033
0.806934
0.826838
0.582312
0.732705
0.657735
1.19375
0.743107
0.814032
1.21746
0.142325
1.4552
0.810412
0.791091
0.769086
1.56538
0.582029
1.16739
0.864608
0.896042
2.57791
0.865188
0.894814
1.29517
1.91272
1.43022
1.16353
0.657288
0.837279
0.831671
0.0553196
0.764013
0.894275
0.916401
0.817003
1.31499
1.22933
0.150532
0.664528
0.813485
0.566964
1.20061
1.10366
0.623908
0.903656
0.698863
0.647137
1.18585
0.315976
1.14217
0.777529
1.19315
0.851705
0.36663
1.18444
0.902387
0.890527
1.16978
0.822378
1.02964
0.656716
0.859931
1.1492
0.670281
0.756662
1.16489
1.6641
0.0823948
2.30871
0.60034
0.797495
2.25603
0.450761
2.40721
0.794238
0.940762
0.705322
0.849492
0.601919
0.809109
0.600153
0.655536
0.854876
1.02843
0.328307
1.65693
1.26606
0.421811
1.29337
1.14295
1.21274
0.722246
0.874602
0.6043
0.420811
0.556394
1.86466
1.00256
0.898355
1.22664
0.83327
0.858524
0.564156
0.962012
0.709302
0.462653
0.597673
1.13455
0.765568
0.320515
0.7478
1.43499
0.74698
1.19687
0.858645
0.738588
1.50525
0.741201
0.267209
0.632794
0.819323
0.75342
0.757413
0.82036
0.251329
0.844169
0.778956
0.902237
0.777907
0.876448
0.260328
0.871354
2.43203
1.18049
1.18466
1.11463
1.08933
0.760604
0.772293
0.770393
0.784998
0.502645
0.834146
0.860435
0.635027
0.881439
1.18675
1.03498
1.34547
0.632956
0.378067
0.834985
0.116558
0.597915
1.60026
0.594088
1.2972
1.20891
1.20846
0.595622
1.27762
1.33095
1.23267
0.813346
0.592349
1.69215
0.861413
1.3234
1.40833
0.872895
0.379161
0.758213
1.22155
0.819523
0.767545
0.772101
0.138307
0.452031
0.780491
1.10983
0.85186
1.10092
-0.184591
2.29192
0.975565
0.850951
1.83564
0.934593
0.844471
0.705544
0.596457
0.424163
0.733959
0.376811
0.41277
1.545
0.833188
2.05192
0.457947
0.59973
1.13375
1.24308
0.783735
2.1433
0.819055
0.844885
0.556974
0.565695
1.25802
0.816073
0.798254
0.858979
0.546707
0.665132
1.18648
0.797637
0.815998
0.60357
0.54508
0.840429
0.861167
2.40643
0.468976
0.85202
0.895837
0.691207
0.540145
0.798384
1.265
2.67047
0.683392
0.850737
0.0664017
0.867097
0.844553
1.89718
1.38698
1.0547
0.696837
1.20765
0.704299
1.23258
0.745527
0.624177
1.6524
0.808732
1.16742
1.1808
0.824327
0.57343
0.591941
0.662234
0.621979
1.29965
0.892924
1.33984
1.2166
0.800022
1.50347
2.38591
1.21817
1.79231
0.55315
0.86242
0.241908
0.741893
1.11222
0.840542
0.709381
0.793681
1.66537
0.718543
0.261442
0.407874
0.878317
1.23283
0.797429
0.538962
0.515648
0.671394
1.82828
0.853026
2.31414
1.08608
0.640429
0.616642
0.699198
0.651406
0.798701
0.783597
1.08445
0.797093
1.35077
0.655062
0.794036
0.822452
0.785548
0.399652
0.249797
1.14276
0.669258
0.901913
0.121758
0.685081
1.31373
0.893333
1.51093
0.217921
0.858316
0.751304
0.642683
1.49625
0.755345
0.672713
2.36395
0.248937
0.773893
0.853041
0.784168
0.712783
0.802276
1.18832
0.637992
0.213986
0.738244
0.643494
0.793596
1.16573
1.42838
0.850998
0.71189
0.0828901
0.784204
0.376007
0.497383
1.19311
0.855768
1.75743
0.640371
1.24481
0.479349
0.669434
0.525558
2.55636
0.867207
0.83679
0.796481
0.137459
0.436023
2.01797
0.721831
0.819794
0.737355
0.764114
0.669598
0.895655
1.07683
0.303015
0.865947
0.852066
0.571478
1.50602
1.07867
0.417802
0.831738
1.16256
1.48334
1.18528
1.15471
0.87774
0.535471
1.20273
1.47642
0.117076
0.501105
-0.0209596
0.87879
0.895419
1.02734
0.82258
0.705706
1.67115
0.798609
0.30362
1.42506
1.29825
0.657236
0.739721
1.01267
0.841182
0.860035
0.698329
0.809061
1.01486
0.902927
0.424281
0.817399
0.852177
0.877935
0.758084
0.836778
0.902381
0.876418
0.45072
0.355786
1.12925
0.384038
0.401308
1.67876
0.820638
0.849985
1.02792
0.744557
0.627048
0.259613
1.14096
0.471647
0.525486
0.817777
1.65464
0.843481
0.597721
0.885881
1.45253
1.26307
0.685048
0.851491
0.716436
0.658147
1.14238
0.884085
0.76426
0.338876
0.857944
0.849818
1.01068
2.0481
0.799295
0.640279
0.320461
0.72881
0.750261
-0.100243
0.855152
0.630803
0.363456
1.1274
-0.441986
1.14192
1.77939
0.85214
0.817955
0.898713
1.13916
0.8925
0.613882
0.851891
0.862736
0.754911
1.26241
1.1465
1.28569
1.20637
0.831648
0.697465
0.865957
0.290309
0.860296
2.04644
0.836958
0.847625
0.564387
1.2884
0.681771
0.882036
0.901087
0.824067
0.784655
0.402666
0.837633
0.705632
0.949674
0.897004
0.796111
1.87732
0.716886
0.512753
1.93889
1.60293
0.612373
-0.13467
0.891119
1.11958
0.854106
0.80053
0.966325
0.657849
1.20421
1.20906
1.21871
0.748548
0.797788
0.776143
0.593453
0.809341
0.832393
0.524941
0.819295
2.42081
0.578214
0.238923
1.3609
0.796147
0.484268
0.717112
1.05289
0.583032
0.309658
1.63841
0.879079
0.766567
1.95036
1.27846
0.818917
1.76425
0.700733
0.846799
1.10515
2.16724
0.787353
1.70815
0.89348
0.737369
2.65875
0.865559
0.729651
0.863321
0.806058
1.14159
0.879915
0.095957
0.848206
0.965591
1.47751
0.732669
0.857493
0.282757
1.78727
0.831352
0.794088
0.835479
2.97442
0.451356
0.901494
0.993532
1.15914
1.32066
0.769104
1.1172
0.721148
0.991146
1.17989
0.85207
0.392672
0.799256
1.17057
1.00637
1.05045
0.820791
1.27605
2.82984
0.809675
0.486044
0.760844
0.42852
1.20647
0.618596
0.812449
0.765154
0.647611
0.408857
0.794807
0.55654
1.48746
0.709706
0.761925
0.744589
0.418471
0.811754
0.845454
0.114958
0.581802
0.988351
1.19629
0.410145
1.11088
2.28403
2.91013
0.43848
0.112614
0.305
1.1723
0.18515
0.781311
0.878915
0.139238
1.47018
0.851532
0.78196
-0.0703626
0.756995
1.21269
0.822275
0.666092
0.406768
0.818856
0.73592
1.14422
0.609541
1.29725
0.858129
1.2236
1.09686
1.2648
0.8692
0.971115
0.691202
0.614718
1.19511
1.10009
0.732201
1.08684
0.56137
0.817159
0.477744
0.947467
1.7014
0.698477
1.24994
0.814113
1.42813
1.43011
1.75417
0.709964
1.33246
1.3234
0.347852
0.584575
0.0940481
0.879747
2.33587
0.583802
0.864119
0.801715
0.894972
0.798147
0.742781
1.17595
1.122
0.890149
1.67397
0.811374
1.734
0.873697
0.840331
0.7698
0.126699
0.827465
0.335942
0.597081
1.51235
2.22197
0.891667
0.617429
1.63336
0.83048
0.856388
1.59359
2.50859
0.859256
0.980209
0.838266
1.54729
-0.228744
1.15845
0.792959
0.139079
1.12481
0.660014
0.83543
0.47141
0.865806
0.542607
0.643197
0.859304
0.683424
1.12072
0.820891
0.118145
0.894522
0.823174
0.298044
0.147145
0.868785
0.335021
0.896501
0.319361
0.26109
0.591667
1.2651
1.11327
0.79948
0.837283
1.44542
0.243743
0.509061
0.16545
2.48041
0.571171
1.09186
0.673437
0.799195
0.411406
0.540658
0.747346
0.865716
0.865796
0.206614
0.670224
0.522156
1.18818
0.774808
0.954332
0.833447
0.819027
0.6115
0.489313
0.795092
0.610409
1.10305
0.460387
0.577514
0.757886
1.09913
0.892955
0.612864
0.0690979
1.54677
1.15038
0.738336
0.846511
0.843095
0.663924
0.654534
0.816912
1.23178
0.454788
1.15915
1.28981
1.50989
0.322174
0.669687
0.852234
0.816016
0.730811
0.927541
0.893474
0.864194
0.890755
0.807915
1.38177
0.724459
1.19614
0.992972
0.823239
1.17024
1.16626
1.25963
1.03757
0.672123
0.851652
2.66669
0.848678
0.810644
1.12844
0.861537
2.67232
2.60333
0.770664
0.840971
0.773192
0.768958
1.14772
0.661749
0.733353
0.353304
0.80137
0.747733
0.747621
0.831096
0.76762
0.857126
0.813871
0.825424
0.262925
1.27209
1.53725
1.33422
0.11757
0.827713
0.576003
1.30152
0.821689
0.871008
0.877881
0.852667
0.852905
1.44935
0.869319
0.796924
0.749009
0.156066
0.304051
0.801193
2.42885
0.763069
0.54938
0.434011
0.8517
1.06046
1.0336
0.820526
0.840351
0.820521
0.800053
0.800168
0.831809
0.777832
1.06724
0.50849
0.862527
0.770252
0.410899
1.88329
0.837867
0.643763
0.55112
0.396185
1.10196
0.822495
1.07021
0.819148
0.835003
0.162522
0.797887
1.50494
0.870124
0.838966
0.838259
1.30052
0.760935
0.846645
0.840517
0.813503
1.52132
0.694882
0.742955
0.564468
1.91447
0.653792
1.67642
0.490701
0.500495
0.821597
0.579805
0.840578
0.866469
0.837606
0.819213
0.783419
1.14819
0.130903
0.819416
0.128036
0.815803
0.667586
0.770797
0.841373
1.01377
0.732446
1.72374
0.0409348
0.656512
1.06184
0.0933498
0.766135
0.28458
0.821387
0.609504
1.1939
0.679456
1.22182
-0.160813
0.776284
2.23733
0.834043
0.401959
0.817543
0.57522
0.68072
1.24888
0.879002
0.645461
0.285109
0.779667
0.714184
0.48712
0.747906
0.788721
0.602608
2.58489
1.73393
1.23485
0.760718
1.16068
1.17358
1.12091
0.813551
0.0846973
0.820513
0.662493
0.315557
0.665627
1.15537
1.35688
0.55226
0.0788386
0.873572
0.843901
1.18925
2.18427
0.65658
0.849353
1.09329
0.772115
0.681896
0.720713
2.45094
0.805742
0.655114
-0.331976
0.127191
2.20527
1.14558
1.24984
0.800258
0.888324
0.819924
1.96251
0.744068
1.18698
0.852011
0.860986
0.843458
0.840645
0.403502
0.801459
0.705461
0.89733
0.895529
0.66342
0.801137
1.20684
0.860097
0.859102
1.09522
0.877914
0.840598
0.888385
1.23991
0.862954
1.45196
0.77008
0.685536
0.759351
0.888734
2.50153
0.460041
0.927001
0.777725
1.39393
0.863278
0.862518
0.92598
0.76997
0.885508
0.733685
0.859623
1.27961
0.675028
0.229598
0.849033
0.930109
1.37664
0.786102
1.22859
0.532653
1.11489
0.75587
0.844252
0.799992
0.872721
1.72999
0.809015
0.637734
0.856791
0.712085
0.778912
0.795975
0.823041
0.722604
0.699738
0.855398
0.995174
0.221624
1.27495
0.721345
0.786992
0.860609
0.796592
0.793059
0.512503
0.852891
0.503334
0.872964
0.779955
0.220903
0.485583
0.672252
0.854178
0.789735
0.856919
0.673728
0.960966
2.1169
0.830431
0.836368
1.14545
0.732858
0.862441
0.79903
1.1191
1.76034
0.608579
0.690552
0.862076
0.86085
0.733018
0.679101
0.558232
0.885723
0.870846
1.70506
0.656031
1.16337
2.44705
0.783433
0.433639
0.577658
0.793371
1.50837
0.346065
0.337556
1.21813
0.860332
0.136894
0.85044
0.32592
1.84812
0.757655
1.13496
0.156082
0.310843
1.15574
0.798238
0.845766
0.259705
0.814494
0.440979
0.884882
0.713716
0.85319
0.873444
0.621769
1.28704
0.883675
0.828524
0.588758
1.11868
1.43171
0.525907
0.856152
2.53844
1.14923
0.508849
0.736305
1.192
0.7195
1.08194
0.697685
0.836315
0.828075
0.867901
1.42092
0.828268
0.829719
0.656148
1.06696
0.773416
0.865894
1.0949
0.0987936
0.814771
1.18268
0.770625
1.01032
0.843112
1.47271
0.80464
0.513901
0.79976
0.830913
2.15229
1.251
0.291089
0.805398
0.79398
0.62355
1.48883
0.794565
1.02245
0.61815
0.651752
1.30735
0.748889
2.31385
1.18006
0.839367
0.942425
0.799397
0.724567
0.235214
-0.334846
2.20595
1.07472
0.790185
0.681836
0.768757
0.786889
0.713528
0.670598
0.8114
0.864545
0.700936
0.724006
1.25506
0.784103
0.866244
0.839119
0.669217
0.266717
0.818397
0.75758
0.890978
1.43597
0.14734
0.257189
0.835607
-0.140412
1.167
0.866627
0.829389
1.17628
0.72337
0.325264
1.86912
0.651159
0.824959
1.56163
2.64794
1.03905
0.693281
0.793597
0.821635
0.773231
0.897224
0.853368
0.880616
0.989385
0.790301
0.691445
1.08302
1.42785
0.841061
0.787226
0.733328
0.814386
0.645015
0.897592
0.620531
0.252323
0.525522
1.24168
0.876488
0.793302
2.4518
0.635727
0.822897
0.83448
0.622688
0.869918
0.651839
1.52337
0.857169
0.778009
1.24668
0.726405
0.858738
0.839537
0.617257
0.838399
0.165778
0.588589
1.95562
1.89378
0.874926
0.137399
0.851038
0.890089
0.876798
0.685389
1.79247
0.510361
1.27268
0.831082
0.548129
1.63522
0.63454
0.643717
0.225037
0.37779
0.54837
1.25529
0.284274
0.646459
1.37
1.20583
0.712766
0.150132
0.874218
0.883862
1.41015
1.92786
0.846119
0.887618
0.687326
0.747668
0.078921
0.307994
0.16219
1.27617
0.804361
0.74406
0.599464
1.22821
0.791231
0.74645
0.0905523
1.11313
0.812993
0.562179
0.871813
0.881786
2.37815
0.998594
0.911118
1.12433
0.78916
0.781588
0.912469
1.98758
0.823316
0.767663
0.855864
2.39958
1.34
0.257606
0.63486
2.01605
2.47052
0.688877
0.303579
2.75446
1.55084
1.65884
1.31088
1.44476
2.69563
1.77925
1.74044
2.74311
1.42908
1.74072
2.25732
1.73874
1.77546
1.99157
2.01815
1.76961
2.7274
1.75266
1.39854
1.78691
1.413
1.57008
1.68657
2.74649
2.76506
2.58186
1.0266
0.608003
0.799118
0.697334
0.861564
0.745794
0.089415
1.07234
1.76622
0.571959
0.81387
1.17692
1.27944
0.612796
1.21639
0.143101
0.35564
0.757293
0.700199
1.37145
0.75188
1.09725
0.866953
0.876131
0.782835
-0.370024
0.850334
0.583739
0.587561
1.45006
1.11472
0.054843
0.914706
0.700531
0.741962
0.853377
0.794234
1.28732
0.463285
0.824364
0.679356
0.320365
0.839787
0.940347
1.84944
0.691227
0.595771
1.18471
0.859479
0.791323
0.799352
0.0125179
0.825541
0.804157
1.464
0.795657
0.898134
0.841683
0.749003
0.806849
0.239141
0.662119
0.845163
0.778043
0.536681
0.99391
1.59754
1.23151
1.15796
0.813601
0.683199
0.838237
1.11772
1.20144
0.637619
0.810687
0.846451
0.642486
0.870761
0.708717
0.854921
2.28692
2.13067
0.267227
0.701179
0.782065
0.838804
0.543333
0.801376
1.41399
0.856685
0.863164
0.64388
0.853171
0.714389
1.47864
1.2811
0.439678
0.81018
1.44835
1.10664
0.726879
0.791134
0.77109
0.861226
0.447558
0.455466
1.14237
0.836284
0.947378
1.78686
0.81382
0.767254
0.635358
0.87566
0.811002
0.858582
0.912813
0.791134
1.08809
0.701274
1.16728
0.619015
0.6446
0.773071
0.83272
0.871849
0.756416
0.847756
0.700341
1.69811
0.761458
0.726687
0.780154
2.00335
0.89881
0.830008
0.839213
0.820421
0.812883
0.647154
0.799238
0.674874
0.68782
0.859553
1.62418
0.88431
0.779252
0.796269
0.805556
1.38
0.820986
0.508412
0.558937
0.941804
0.629295
1.41043
0.561278
0.837824
0.807277
0.799563
1.11709
0.764995
0.93919
1.09692
1.97456
0.775954
0.706745
0.848669
0.401835
0.818267
0.85584
0.685323
1.15466
0.974876
1.01909
1.1268
0.519253
0.788616
0.788393
0.80243
1.28222
1.74533
0.741796
0.846454
0.551487
0.691525
0.899152
0.870662
0.627494
1.01747
0.854835
1.64598
2.39358
0.784754
0.840314
0.858181
0.886521
0.688247
0.872622
0.879007
0.755566
1.22025
0.871903
1.44719
0.594803
1.09325
0.610933
0.818629
0.755851
0.862067
0.593078
0.767995
0.849198
1.35436
1.81554
0.81713
0.447142
0.815103
0.926676
0.819904
0.767453
1.95358
0.730299
0.707401
1.17429
0.851278
1.07834
0.841142
0.806684
0.864494
0.642223
1.10735
-0.0953508
0.638556
0.758409
0.821248
0.782689
0.756586
0.795298
1.2577
1.0176
0.704295
0.72844
0.85782
1.26253
-0.166809
0.853246
0.60361
1.70868
1.12956
0.880525
0.791005
1.29125
0.773038
1.46709
0.207087
0.723188
0.872905
1.26262
0.76505
0.962131
0.54961
0.840305
0.929204
0.875946
1.27293
1.99327
1.00541
1.28711
0.428849
0.867333
0.845888
-0.400422
0.809719
0.842158
0.792599
0.873565
0.424525
0.743105
1.37146
0.447744
1.23877
0.666025
0.848811
0.745498
0.387258
1.13571
0.275339
0.745608
0.672633
0.806228
0.794828
1.41288
1.22288
0.0885684
0.937607
1.07639
0.875234
0.633518
0.82112
0.832299
0.908042
0.840093
0.588171
0.819346
0.396937
0.802094
1.28014
1.19646
0.8071
0.78181
1.19423
1.07095
0.827819
0.760828
1.19947
0.829555
2.45168
2.39882
0.78256
1.20497
0.562894
0.755539
0.806889
0.7242
0.838869
0.563234
0.838882
1.39849
0.779063
0.880352
0.672666
0.705315
0.818281
0.512452
0.86887
0.662141
2.38377
0.468298
0.549236
0.857706
0.801102
1.14041
0.821389
0.855078
0.829631
1.17153
0.815735
0.797382
0.849443
0.83639
0.826613
0.484692
0.58361
0.817456
1.34305
0.815499
0.565833
0.703842
0.738094
0.95274
0.603584
2.04333
1.36939
0.707292
0.281529
0.840017
0.831766
1.32711
0.803277
0.806838
0.839986
0.785239
0.815247
1.05172
0.774218
0.838561
0.866482
0.8067
2.30755
0.164691
0.592352
0.86484
1.0232
0.712465
0.66842
0.880706
0.78733
0.827198
0.898175
0.87324
1.27369
0.970696
0.857837
0.832029
0.901917
0.817571
0.706924
0.862182
0.837066
1.29899
1.40895
0.283152
0.850163
1.60017
1.26497
1.35154
0.838995
0.661369
0.839442
1.28264
0.846048
0.730454
0.131414
0.57323
0.787078
0.800118
0.84913
0.831345
-0.0214895
0.836805
0.619656
1.04952
0.986176
0.589929
1.33357
1.16979
1.16602
0.768364
0.880082
1.2829
1.41994
1.16821
0.796775
0.797388
2.52527
0.873541
0.800479
0.737548
1.69472
1.11892
0.857189
0.744178
1.402
0.678039
0.879806
0.845425
0.818661
0.781983
0.857881
0.782762
2.38951
1.10457
1.52299
0.810029
1.38178
0.832812
1.16969
0.87528
0.592361
0.611766
2.30637
0.775801
0.603541
0.692349
0.0941432
1.08347
0.510933
0.610899
0.754334
1.16269
0.860693
0.794903
0.870777
0.7567
0.844884
0.30455
0.846496
0.810415
0.790759
0.546553
1.25406
0.763714
0.570708
0.776565
1.14028
0.67785
0.129708
0.883132
1.74277
0.831648
0.936579
0.79863
2.40314
2.00814
0.884632
0.663006
0.811105
0.57187
0.750708
0.349223
0.923627
0.860408
0.797408
0.963073
0.847084
0.752886
0.181944
0.767392
0.822072
0.865027
0.759008
0.811561
0.732361
0.850275
0.833541
0.54854
1.29641
0.848244
0.776069
0.720729
0.891288
0.805472
0.797365
0.866116
0.77047
2.4171
0.660265
0.930395
0.88466
0.826761
0.675925
0.848794
0.746399
1.01513
0.735985
0.820402
0.848738
0.579239
1.31005
0.814152
0.730825
0.780346
0.829398
1.09577
1.14034
0.107169
0.614729
0.713855
0.853507
0.885326
0.833859
0.828888
0.741049
0.382009
0.766524
0.554455
1.21587
0.736444
0.861091
0.814952
0.722415
0.722245
1.04678
1.26244
0.582769
0.892998
0.91819
1.70432
0.67683
0.449956
0.941494
0.205966
0.728503
0.901268
1.12951
0.536362
0.396405
0.80756
1.9861
0.441169
1.1667
0.707241
0.800261
0.743087
0.70123
0.687403
2.50314
0.744969
0.613973
1.13386
0.864201
0.795745
1.08256
0.670785
0.889671
1.12717
0.790128
0.773633
0.622181
0.606114
0.680182
0.990074
0.59707
0.400449
0.819555
1.34929
0.848826
0.801721
0.876724
0.897747
0.22985
0.725851
0.723302
0.657364
0.763269
0.707674
0.350956
0.749321
0.656735
0.775139
2.41558
0.797897
0.967716
1.11413
0.826849
0.717985
0.772533
0.301911
0.26118
0.781779
1.00508
0.731784
1.36203
0.739366
0.43643
1.08169
0.846017
0.862806
0.860786
0.818862
1.73474
0.797087
0.394341
0.833901
0.48509
0.770575
1.25456
0.30115
1.17515
0.888553
0.817363
0.696861
0.717226
0.610082
0.725803
1.27348
0.8022
1.17204
0.871411
0.728336
0.655521
2.23589
0.874047
1.12751
0.572875
1.27686
0.842906
0.809528
0.480157
0.872657
1.13891
0.865057
0.74322
0.773273
0.676731
0.680356
0.0898473
0.638934
0.789837
0.602911
0.839123
1.42846
0.643474
0.79306
0.781741
0.799489
0.591587
0.894807
0.819948
0.80114
1.17843
0.371427
0.0846228
0.744496
0.672336
0.721008
0.618844
0.730912
0.832671
0.8175
0.792649
0.617405
0.719001
-0.37367
2.27562
0.830073
0.585736
0.289371
0.77662
1.12993
0.860774
0.479885
0.848933
0.828852
0.813204
0.94664
0.841792
0.808022
2.34459
0.16857
0.799888
0.73692
0.866284
0.889486
0.761147
0.89665
1.19869
0.76626
1.00001
0.729188
0.204943
0.858635
0.703835
0.751102
0.777371
0.530664
0.70716
1.05364
1.17352
0.841824
0.886554
1.68163
1.13243
0.247037
0.8484
0.686913
1.2848
0.799622
0.809485
0.788965
1.07084
0.766197
0.837339
0.800141
1.45113
0.499571
0.63995
1.19772
0.398203
1.54688
0.778431
0.892561
0.849797
0.61157
0.894335
0.826697
1.22521
0.474547
0.865213
1.17751
0.752406
0.850343
1.22924
0.717331
0.798263
0.840931
-0.421681
0.63384
1.12324
0.73593
0.748774
1.27709
0.683547
0.750269
0.54476
0.756673
1.0577
0.824827
0.787927
1.06458
0.724895
0.743932
0.780509
1.26445
0.703595
0.834135
0.71761
0.802475
2.00718
0.809965
0.554274
0.942926
1.99777
1.2701
0.67602
0.651732
0.568251
0.842573
0.717882
0.886677
0.276624
0.823053
0.54743
2.41647
0.827228
0.867522
1.12256
0.691103
1.16155
0.716748
0.141267
0.724655
0.825648
0.937398
1.68435
1.19564
2.02149
1.45668
1.37433
0.838645
1.00634
0.684786
0.084884
0.588177
0.602228
0.742839
0.802708
0.801782
1.42436
0.0535892
0.694836
1.00966
1.10915
0.469921
0.820358
0.400118
0.768533
0.735664
0.626057
0.937451
0.714788
0.726057
0.508098
1.21158
0.796336
0.739111
0.537884
0.84203
0.142376
0.688793
1.54881
0.801368
0.618408
1.52959
1.28387
0.794668
1.90157
0.692458
0.80134
0.776717
0.873196
0.933793
0.738586
1.00193
0.685717
0.775994
1.22952
0.153626
0.0755644
1.26639
1.19104
0.828872
0.593353
1.08259
0.700622
1.22875
0.592624
0.705598
0.680106
0.279547
0.856101
0.823182
1.15686
0.350641
2.24758
0.653221
0.82814
0.62107
0.154998
0.620603
0.798914
0.789564
0.735518
0.475717
1.38068
0.67451
0.562091
0.657358
0.468308
0.142456
0.888936
2.57911
0.855487
1.07274
0.653328
0.855824
0.764589
1.41781
0.819328
1.04874
1.47845
0.738676
0.772723
0.2754
1.21894
0.57715
0.825432
0.722115
1.13913
1.12859
0.824008
1.15913
0.798201
0.814992
0.836004
0.680174
0.623473
0.787794
0.760236
0.882104
0.191963
0.721775
1.69723
1.54601
0.817219
0.630797
1.10486
0.795373
0.820901
1.54411
0.812314
0.822913
0.821996
1.18644
0.864236
0.843385
1.51498
0.831486
0.834137
1.13763
0.67883
0.859167
0.590666
0.860134
0.457084
1.13377
0.878274
0.68809
2.13747
0.74961
0.652733
0.768324
0.557624
0.699932
0.80732
1.10491
0.142385
0.853582
0.786212
0.806285
1.85182
0.836935
1.06947
0.768921
0.768872
0.628221
0.633111
0.86784
0.521135
1.11728
0.477323
0.764997
0.837624
0.843296
0.73349
1.05303
0.831107
0.596154
0.815173
0.587666
0.816599
0.580402
1.2721
0.943045
0.816386
0.659633
0.81379
0.820351
0.858238
0.693293
0.838349
1.18253
0.249494
0.485847
0.825682
1.02776
1.08622
0.825329
0.798632
0.096154
0.853474
0.706985
0.878063
0.839598
0.985461
0.845823
0.816096
0.106918
0.728291
0.743261
0.739045
0.0309086
0.810918
1.07968
1.14693
1.14762
1.05587
0.584562
0.750212
0.803513
0.891869
0.833375
0.822417
0.854239
0.631205
0.797327
0.55385
0.610137
0.795522
0.840005
1.24221
0.891228
0.728756
0.823289
0.749616
0.804636
0.255822
0.628132
0.862408
0.653192
0.838938
1.1659
0.690065
0.797707
0.850979
1.25525
0.749552
1.31861
0.792286
0.81128
0.823755
1.04103
-0.110205
0.191711
0.842425
0.601364
0.685539
0.591635
0.345846
0.872728
0.844546
0.632802
0.720675
0.775781
0.81119
0.777423
0.660515
0.966301
0.825486
0.230212
2.02848
1.32992
0.894731
1.14608
1.10045
0.953624
0.726552
0.874541
1.46138
0.420669
0.779096
0.995191
0.943729
1.16417
0.742538
0.832765
0.749711
1.22142
0.831626
0.996113
1.50545
1.08571
0.819651
0.788375
0.866199
1.11179
1.42548
1.12924
0.846601
0.820693
0.777207
0.897613
0.744303
0.589471
0.724473
0.718808
0.743325
0.783515
0.794727
0.746737
0.385681
1.18289
0.83121
0.253041
0.766694
0.564224
0.740345
0.681705
0.792513
0.766357
2.40184
0.760093
0.642786
0.745512
0.730795
0.716252
0.264238
0.858584
0.268659
1.37463
0.763084
0.261159
0.724644
0.349607
0.41669
1.16034
0.31223
0.712313
0.692052
0.656839
0.721529
0.809604
0.728695
1.07442
0.744234
0.851406
0.821877
0.38471
0.426233
1.13398
0.800518
0.811073
0.745343
0.830171
0.721587
0.808632
0.874194
0.797777
0.815231
0.153256
-0.278164
1.07991
1.20764
0.694979
0.210788
0.704317
0.533843
0.267532
0.811155
0.881204
0.803028
0.886107
0.715521
2.34715
0.199679
0.638255
0.893529
0.616627
0.847146
0.835275
0.58031
1.02653
0.753911
0.0998979
0.802082
1.044
0.814541
0.749126
2.02376
0.760592
0.800821
0.873941
0.622031
0.880026
0.4524
0.704637
1.02641
0.807179
1.17511
0.822125
0.835951
0.557349
1.44693
0.596823
1.127
0.583515
0.833814
0.657742
0.808883
0.634815
1.27277
1.05895
0.774096
1.15615
0.619218
0.500542
1.07807
0.645842
0.799006
1.32276
0.598521
1.22496
0.846433
1.28143
0.364157
0.826736
2.55824
0.855128
0.815011
1.21195
0.723194
0.870632
0.969179
0.813409
0.815555
0.876691
0.43426
0.981366
0.86315
0.632462
0.709112
0.759942
0.755396
0.816986
1.1918
0.734103
0.721721
0.625886
2.07032
0.479793
1.14101
1.55633
1.20553
0.684788
1.04159
0.105069
0.750344
0.47794
0.625349
0.827281
1.33519
0.643741
0.626916
0.720832
1.17191
0.721162
0.864344
0.710504
0.761328
0.613041
0.0654866
2.01168
0.953595
0.798276
0.752038
0.635767
0.390373
0.761055
-0.142471
1.01633
0.854944
0.794484
0.701383
0.621703
0.623851
1.11056
0.578658
0.796879
0.384105
0.823098
0.872067
0.812127
0.451116
1.3641
0.880524
0.657465
1.1617
1.24203
0.776351
0.784879
0.714937
0.845652
0.612032
0.813855
1.35765
0.831021
0.62122
0.627093
0.65289
0.632549
1.03862
0.751957
1.14007
0.546467
1.14131
0.728254
0.999498
0.787218
0.832179
0.621155
0.855272
0.82706
0.861856
0.857563
0.87777
0.667813
0.737428
0.614598
1.17666
2.41888
0.770771
0.91365
0.970844
1.68298
0.711513
2.17822
1.51946
0.648969
2.30273
1.11995
0.166815
0.81176
0.883097
0.762493
0.851795
-0.0780208
0.562545
0.372603
1.1861
0.775245
0.60781
0.747953
0.799782
0.840379
0.63808
0.829658
1.10947
0.833827
0.600222
0.474916
0.607287
1.17898
0.990382
0.621703
0.637144
0.820184
0.703904
0.857477
1.06809
0.114519
0.689174
0.646737
0.80359
0.954589
0.737961
0.685773
0.799194
0.8187
0.639883
0.828012
0.868336
0.581448
1.23538
0.46056
0.893911
0.679908
0.630877
0.703883
0.724229
0.816768
0.3794
1.39429
0.76887
0.778829
0.754827
1.68659
0.694536
0.593423
0.761138
0.616925
0.622924
0.689553
0.783872
0.568213
0.761509
0.542448
0.64535
0.749041
0.743835
0.780169
0.776123
0.780259
1.05877
0.71954
0.739338
1.25644
0.689288
0.844685
0.669295
0.79977
0.933374
0.645977
0.558773
0.837991
0.77131
0.788244
0.614818
0.807991
0.681023
0.826484
1.22939
0.607982
1.68846
0.774875
0.709032
1.09335
0.81891
0.762221
0.838981
0.801867
1.03266
1.95334
0.185115
0.726815
0.0816007
0.809608
0.986539
0.668402
1.18944
1.21792
0.385349
0.961686
2.26123
0.834472
0.553639
1.01811
0.406759
1.09768
0.773812
0.584187
0.658993
0.825492
0.892826
0.921996
1.08295
0.842116
0.804343
0.688271
0.627591
1.07215
0.858125
1.4738
0.649611
1.39807
1.07413
0.773123
0.630712
0.661989
0.623753
0.82525
0.833378
0.829598
0.840338
0.78219
0.612272
2.36743
0.940799
0.862921
1.11387
1.18193
0.65902
0.69327
2.06402
0.824494
0.681918
0.785785
0.789227
0.717922
0.727501
1.26294
0.873823
0.715378
0.858497
0.0289755
0.636592
1.72037
0.223717
0.840754
0.596372
0.748994
0.244507
0.621893
0.824874
0.733954
0.701856
0.759816
0.655123
0.96744
1.1177
0.942135
0.798706
0.862146
0.622244
2.31687
0.933666
0.998577
0.906694
0.938233
0.639498
0.743526
1.07459
-0.257197
0.778207
0.802768
0.530216
0.67159
0.894081
0.771295
0.81901
0.637824
0.752979
0.426885
0.638594
0.908228
0.782377
-0.0582049
0.796597
0.712249
0.693517
0.848386
0.865218
0.891959
0.738424
0.858206
0.815318
1.24775
0.800759
0.613261
2.43142
0.581776
0.660749
0.769034
0.836681
0.934138
0.789871
0.219462
1.32693
2.40439
1.00286
0.828581
1.05673
0.863689
2.38148
0.785772
0.630657
0.75501
0.759434
0.612568
0.743444
1.12576
0.759286
0.431215
0.99797
0.790887
0.771609
1.01722
0.00303062
0.886321
1.84707
1.06713
1.188
0.712509
0.602534
0.680785
0.394163
0.973019
0.851334
0.817113
0.344155
0.829632
1.54965
0.911413
0.586312
0.821665
0.61766
0.842685
0.728309
0.764605
0.660168
0.786119
0.745241
2.16685
1.3658
1.19668
0.660886
0.852268
0.705746
1.02384
1.11581
0.560991
0.968625
0.819417
0.246429
0.871839
0.722945
0.872969
0.955828
1.20102
0.893088
0.0995943
0.751479
0.975625
0.801337
0.654906
0.800055
0.678879
0.503755
1.13253
0.669939
0.647045
0.748117
0.810998
0.407787
0.817057
0.890102
0.84387
0.632443
0.752884
0.756333
0.893698
0.794895
0.691411
0.913319
0.919206
0.635799
0.867681
0.61114
0.890676
1.17514
0.616699
0.820598
0.730917
1.32138
0.975288
0.803058
0.950955
0.734552
0.614974
0.522988
0.705418
2.33518
0.677118
0.842585
1.1824
1.03273
0.74843
-0.140396
1.22819
0.659461
0.832739
0.854104
0.675549
0.814534
0.665631
0.724329
0.832511
0.635695
0.60761
0.614825
0.724754
0.856889
0.268615
0.763649
0.855386
0.712079
0.789973
0.840606
0.718574
0.695788
0.813307
0.946739
0.660635
0.349321
1.01751
0.733129
0.782816
0.91849
0.58644
0.858947
0.628712
0.539362
1.45491
0.436612
0.426945
-0.0267197
0.710294
0.571804
0.855529
0.773952
0.807971
0.566575
0.582925
0.381606
0.805272
0.557581
0.593929
0.802029
0.430396
2.13636
0.809408
0.813826
1.28231
0.694385
0.803482
0.729978
0.440517
0.823036
0.386926
0.798397
-0.10966
0.88459
1.13049
0.89284
0.724392
0.149727
0.437103
0.747929
0.84267
0.628976
0.710499
0.627664
0.772138
2.163
0.639002
0.763725
0.72609
0.464214
0.64412
0.560839
0.913348
0.827691
0.622883
0.760294
0.377885
0.64976
0.83326
0.636965
0.872111
0.715899
0.838702
0.572163
0.81075
0.639829
0.793287
0.779698
0.948696
0.662628
1.65965
0.672512
1.20746
0.583625
0.593903
0.275509
0.696047
0.567159
0.843544
0.856545
0.607819
0.845529
0.821624
0.69501
0.844166
0.504756
0.775742
1.44149
0.532531
2.67424
0.807852
0.769783
1.15147
0.962439
0.656105
0.595734
0.626902
0.831831
1.17565
0.73732
0.752384
0.782828
0.781589
0.712248
0.46474
0.888456
0.568701
0.695952
0.849263
0.568086
0.763287
0.738631
1.27052
0.848805
0.409266
0.674672
0.81863
1.00829
0.677558
0.735241
0.109941
0.70059
0.738526
1.18636
1.88417
0.561111
0.573862
0.836999
0.700843
0.789954
1.30101
0.866957
0.654837
0.800977
0.535431
0.521715
0.731576
0.734309
0.129775
0.799305
0.371774
0.813424
0.7883
2.15635
0.723541
0.67419
0.615889
0.763251
0.797535
0.600097
0.558958
0.694108
0.671963
0.839747
0.817292
1.13494
0.642472
0.7476
0.741983
0.526091
0.836418
0.835088
0.157916
1.02264
0.824939
0.843653
0.443925
2.41554
0.584851
0.671582
0.486682
0.768737
0.788072
0.752347
0.876774
1.07251
0.683521
0.577375
0.276209
1.16304
1.68331
1.03099
0.768802
0.709552
0.625807
0.782731
0.688178
0.610346
2.07571
0.767335
0.817624
0.874285
0.743131
0.842174
0.661792
1.02115
1.23848
0.699361
0.70852
0.000724528
1.14918
0.681262
0.823864
2.67538
0.859097
0.891172
0.617772
0.618386
0.838316
0.755783
0.684471
0.842982
0.597645
0.818796
0.604393
1.66808
0.916472
0.69361
0.720396
0.901573
1.24104
0.570571
0.846485
0.843365
0.566069
0.504476
0.685662
0.571379
0.886778
0.582758
0.79895
1.44101
0.717388
0.665741
0.74329
0.755891
0.618966
0.866688
0.981543
2.58476
0.810249
0.58174
0.737069
0.83802
0.649809
0.833554
0.736313
0.830522
0.709295
0.634817
0.86364
0.930934
0.625224
0.761067
1.11547
0.767211
0.819993
0.793615
0.801996
0.797226
0.846698
0.587186
0.803253
1.13988
0.593246
0.645905
0.88484
0.696344
0.592216
0.681671
0.559224
0.863548
0.857305
0.841134
1.15017
0.830133
0.673892
0.915063
0.767551
0.814257
0.734902
0.866901
0.793639
0.831742
0.776524
0.712737
0.825874
0.520099
0.667233
0.866602
0.747076
0.825361
0.594306
0.666473
1.04269
0.782599
0.831866
0.809555
0.668756
0.767064
0.797653
0.814839
0.748227
0.797008
0.752852
0.89394
0.642826
0.595861
0.739298
0.64543
0.803453
0.595441
0.581465
0.577306
0.62185
0.80413
1.08832
0.700276
0.293939
0.750019
0.771189
0.769694
1.40596
1.06862
0.881801
0.818332
0.568996
0.688237
0.712626
0.675239
0.464208
1.11271
0.826354
0.598022
1.33509
0.689775
0.657721
0.799771
0.72309
0.812194
0.728546
0.825381
1.20881
0.586882
0.77225
1.00089
0.825804
1.15036
0.706734
0.621011
0.73938
0.725738
0.839605
2.43017
0.703127
0.56126
1.41253
0.775227
0.606594
0.763263
0.716792
0.721012
0.820712
0.423908
1.59029
1.52232
0.610844
0.589318
0.643977
0.826364
0.578984
0.752508
1.90301
0.725038
1.13517
1.06538
0.652275
0.638573
1.07696
0.587748
0.716915
0.731948
0.762142
0.709762
0.62288
0.69299
0.888567
1.03953
0.897656
0.729905
0.428688
0.822352
0.846337
1.3757
0.82226
0.615343
0.750972
0.657976
0.730487
1.07363
0.620176
2.5325
0.765087
0.907886
1.187
0.404054
0.730603
0.839819
1.13967
0.794292
0.563587
0.698007
1.06024
0.958179
0.721428
0.732735
0.575358
0.179182
0.786593
0.814787
0.21381
0.675984
0.652239
1.01645
0.732436
0.654697
0.967706
1.05033
0.801367
0.769425
0.540626
0.416697
0.708799
0.86291
0.602253
0.770357
0.663981
0.378499
0.668547
-0.125394
0.78963
0.795483
1.10631
0.873347
1.24881
0.690099
0.632048
1.15024
0.730988
0.81195
0.986475
0.609239
0.887863
2.12303
0.668756
0.806989
1.12352
0.733085
0.625129
0.564396
1.06446
0.781099
0.789856
0.581277
0.699535
0.843963
1.22367
0.510455
0.795555
1.57305
0.853709
0.705553
0.315652
1.38469
0.591132
0.766551
2.49857
2.5921
0.792127
0.405672
0.697184
0.717799
0.7569
0.801842
1.14641
0.681969
0.651883
0.634779
1.09134
0.639995
1.92839
-0.168239
0.340257
0.712243
2.22771
1.10913
0.825935
0.693612
0.785425
0.687015
0.567864
0.749465
0.647845
-0.354275
0.727091
0.728053
1.53424
0.243654
0.830262
1.19678
1.21548
0.691207
0.571867
1.13667
0.668284
2.15168
0.774335
1.08067
0.738865
0.750652
0.704115
0.417036
0.790059
0.789884
0.60861
2.26236
0.588292
1.40907
0.811785
0.309004
0.826243
0.543733
0.458225
0.619028
0.766127
0.615136
0.627381
0.807665
2.31182
0.766767
0.867861
1.21635
0.594547
0.650047
0.839774
0.384107
0.877142
0.66714
0.628751
0.576303
1.32141
0.652237
0.559206
0.616185
0.868223
1.36849
0.833723
0.815168
2.73692
1.11991
0.871566
0.809762
1.33335
0.829578
0.767482
0.630588
1.03751
0.707558
0.703398
1.1616
0.652092
0.815727
0.823474
0.644297
1.03212
0.200993
0.838999
0.731723
0.90815
0.825458
0.785304
0.616301
0.384498
0.61639
0.589647
1.15812
0.839679
0.668186
0.797333
-0.0969751
0.886358
0.806885
0.834273
0.70642
0.6294
1.09209
0.620142
0.192609
0.755568
0.827943
0.614
0.825186
0.758355
0.630518
0.565719
0.968553
0.821608
0.775525
0.933604
0.81542
1.00304
1.97898
0.606456
-0.0008786
2.52599
0.11307
0.513439
0.867587
0.78813
0.7651
0.791259
0.750783
0.771311
0.598132
0.81031
1.77694
0.876996
0.264645
0.420655
0.793471
0.599591
0.805352
0.617596
0.545883
1.22815
0.928364
0.838898
0.717708
0.808064
0.825305
0.61829
0.758437
1.06282
0.637894
1.14263
1.10643
0.92023
0.592166
2.74352
1.26476
0.815333
0.806997
0.573146
0.81733
0.404068
0.618911
0.723519
0.792531
0.677885
1.75246
0.790762
0.694771
0.874915
0.639888
0.782648
0.818153
0.816228
1.63028
0.727623
0.684263
0.604832
0.561691
0.820635
0.679929
0.802995
0.632426
0.539238
0.73877
0.671734
0.740858
0.866914
0.711659
0.203825
0.847721
0.819226
0.637348
1.2253
0.796085
0.838186
0.719029
1.04104
0.69841
0.726026
0.8373
0.588966
0.871146
0.87435
0.64341
0.88294
0.736988
0.555818
0.641754
0.867259
1.41379
0.823551
0.546462
0.580946
0.309749
0.796558
0.676906
0.620483
0.697312
0.205134
0.592008
0.617508
0.785394
1.01054
0.87349
0.574168
0.813593
1.08271
1.08059
0.613694
0.00229886
0.847527
0.975143
0.88902
0.649167
0.738581
0.811416
0.761724
0.855889
0.612731
0.754151
0.81282
0.837536
0.895146
1.13762
0.609985
0.733596
0.818674
0.799366
1.47828
1.0914
0.804242
0.836372
0.462824
1.04924
1.05332
0.728299
0.818442
0.827493
0.805457
0.74317
0.889955
1.14226
0.69704
0.834709
0.664569
0.569308
1.06301
0.8429
0.601572
1.22604
0.730386
0.595151
1.13793
0.45162
0.464375
0.534231
0.556812
0.987078
0.392999
0.744345
0.564176
0.667841
0.809619
0.620701
0.76713
0.901361
1.17455
0.554796
0.846404
1.46833
0.69754
0.616132
0.585786
0.485583
0.864247
0.560065
0.631011
0.695438
2.14174
0.817674
0.784668
0.732906
0.692697
1.26516
0.870992
0.683731
0.793879
1.91873
0.838499
0.580644
0.817776
0.763065
0.784877
0.809378
0.897148
0.852577
0.817038
0.622759
0.788139
0.742706
0.814815
0.796921
0.82447
1.46623
0.657329
0.626218
1.21823
0.575677
0.803121
-0.0948249
0.494836
0.727475
0.805198
0.845291
1.14501
0.599396
0.642414
0.694319
0.828887
0.617782
0.750103
0.421714
0.73989
0.280454
0.679821
0.73009
1.46076
0.81407
0.681272
1.23612
0.470141
0.67271
0.720363
0.539998
0.675703
0.714657
0.0554148
0.827369
0.952867
0.825671
0.100241
0.716397
0.790649
0.828159
0.853134
0.799393
0.633264
0.648243
0.723701
1.24399
0.596703
0.63694
0.980888
0.366003
0.614726
0.79369
0.831122
0.804619
0.779118
0.615465
0.847444
0.770278
0.796081
0.551339
0.63654
0.612738
0.63223
2.78777
0.833346
0.805434
0.772806
1.10305
1.10987
0.762517
0.670681
0.887996
0.769354
0.757043
0.58986
0.507811
2.45198
0.785703
0.86817
0.778636
0.695379
0.475651
0.773359
0.645966
0.808456
0.626525
0.733946
0.54818
-0.184205
0.577422
0.57476
0.229049
0.919184
0.548296
0.756011
0.664069
0.87673
2.0227
0.686806
0.840013
0.921475
0.716455
0.633513
0.798644
0.681436
0.618678
0.809501
0.734056
0.813291
1.00348
2.08564
2.09742
0.0692826
0.768206
0.787946
1.19828
0.555038
0.603561
0.874926
0.809666
0.376826
0.587282
1.25427
0.565101
0.696134
0.366263
0.91402
0.476604
0.706295
0.826519
0.696962
1.11999
0.793869
0.524445
0.594091
0.325754
0.523466
0.88092
0.896736
0.826936
0.579367
0.328069
0.908104
0.740829
1.39182
0.781806
0.909391
0.79425
0.440926
0.7549
0.828926
0.887298
0.545586
0.707778
0.46527
0.507536
0.547202
0.72976
0.828233
0.808252
0.898319
0.77286
0.760331
0.578048
0.248119
0.709696
0.750404
0.690435
0.279665
0.595416
0.739924
0.264282
-0.282748
0.616367
0.757743
0.819584
0.806171
0.858855
0.543048
0.532636
1.2059
0.537886
0.291284
0.423403
0.811592
0.716704
0.426566
1.14179
2.04073
1.14912
0.395694
0.967227
0.632071
2.63903
0.79588
0.773811
0.875924
0.841736
1.11531
0.758122
0.732324
0.849079
0.88392
0.986648
0.732327
0.866271
0.595057
0.638576
0.691724
1.06429
0.78928
0.568608
0.790141
0.805366
0.703564
1.08619
0.604671
0.821503
0.646386
0.572429
0.136908
0.621665
0.554391
0.620448
0.571282
0.761251
0.732467
1.1378
0.613071
0.70515
0.695815
1.208
0.738977
0.766841
1.49517
0.623511
1.02152
1.17303
0.857535
0.796712
0.375375
1.32201
-0.14054
0.886693
1.64594
1.22152
0.155149
0.773123
0.753683
0.817383
0.784162
0.430108
0.860105
0.389108
0.905751
0.72922
0.650589
0.74091
-0.0840941
0.759156
0.822653
0.71861
0.77079
0.815944
0.968472
0.857778
0.905238
0.769421
0.55539
0.595363
0.698964
0.561349
0.666097
0.836818
0.664968
0.855163
0.776712
1.0122
1.07338
0.764234
0.778533
0.595062
0.710196
0.680054
0.741831
0.819861
0.891116
0.644662
0.632839
0.632793
2.6106
0.667836
0.505655
0.87882
0.135241
0.765195
0.526901
0.793687
0.663634
0.644904
0.634388
2.62136
0.654758
0.678514
2.14794
0.37455
0.726382
0.756309
0.56461
0.65903
0.977865
0.732604
0.60024
0.543545
1.14733
0.682724
0.823539
0.522865
0.751085
2.71252
0.644604
0.847772
1.08712
0.765105
0.819315
0.883422
0.839062
0.563152
0.55438
0.751994
0.616392
0.663328
0.582871
0.198312
0.828143
1.12771
0.619052
0.882092
1.05666
0.720948
0.935222
0.715481
1.1511
0.818838
0.449812
0.640018
0.307518
0.558768
0.816632
0.778277
0.616882
0.822829
0.501151
1.23241
0.665841
0.791952
1.22857
0.745668
1.17565
0.798007
0.231035
0.81323
1.45584
0.751148
0.794158
2.01585
0.730746
1.00878
0.812534
0.48419
0.602794
0.607945
0.816872
0.868924
0.743298
0.776927
0.931569
0.615449
0.82683
1.06464
1.0336
0.626151
1.06923
0.534276
0.782117
-0.305208
0.475951
0.656796
0.4675
0.667643
0.332085
0.595548
0.849423
0.683819
1.11444
0.544003
0.762336
0.851046
0.813911
0.993929
0.835436
0.61276
0.591345
0.567448
0.731955
0.691015
1.13398
0.811908
0.395542
0.785363
0.923778
0.572417
0.658672
2.09076
0.572773
0.728283
0.798118
0.883726
2.21559
0.61554
0.878185
0.546034
0.681787
0.111218
1.11245
0.754903
0.802628
0.673738
0.46361
0.561987
0.824682
0.898547
0.81446
0.818844
0.807462
0.843665
0.447117
0.261409
0.682789
0.802995
0.192609
0.536133
0.324094
0.426914
0.287088
0.825053
0.443871
0.677928
0.730825
0.898993
0.762567
0.42335
0.670407
0.53234
0.80304
2.21815
0.804214
1.13131
0.705687
0.829407
0.65877
0.817271
0.893426
0.678116
2.15975
0.864564
1.08219
1.28673
0.652458
0.746996
0.628195
0.467296
0.701586
0.83295
0.833204
0.757332
0.749551
0.552919
0.774693
0.63878
0.754028
0.768355
0.294625
0.738297
0.821173
0.602313
1.16343
0.597715
0.781877
0.666504
0.721035
0.741424
0.737558
0.751355
1.14819
0.677657
0.781685
0.641002
0.591737
0.755969
1.10051
0.649566
0.81038
0.814916
0.651719
0.658775
2.18354
0.947682
0.40889
0.754269
0.735625
1.41292
0.813904
0.811662
1.79844
0.726658
0.766566
0.732205
-0.280563
0.624093
0.549377
0.802863
0.910487
0.10343
0.58801
2.40144
0.763356
0.488728
0.565604
0.808334
0.795499
0.632094
0.757351
0.887151
0.822729
0.730755
0.882966
0.457928
0.102338
0.802929
0.543107
0.64551
0.6644
1.58518
0.720077
0.57712
0.842653
0.690241
0.867377
0.630853
0.833731
0.73425
1.06941
0.591795
1.21824
0.872231
0.430666
0.864114
0.67095
0.826677
0.888075
0.819257
0.592109
0.707009
0.707436
1.01886
0.8203
0.858905
1.1038
0.661781
0.789021
0.758254
0.656002
0.686048
0.935608
0.715577
0.631443
0.639888
0.854718
0.876214
0.576582
0.284953
0.750113
0.753848
0.671141
0.85643
0.638147
0.882284
0.77637
0.800418
0.610044
0.742065
0.400253
0.920597
0.654264
0.692234
0.596321
0.623572
0.672278
1.27232
0.817456
0.772153
0.820367
0.719661
0.759621
0.791686
0.546816
0.82603
0.701217
0.835444
0.564872
0.726481
0.537639
0.707362
0.612236
0.821545
0.797658
0.761883
0.713603
0.745396
0.529923
0.18369
0.743638
0.835172
0.729742
0.65286
1.71257
0.756869
0.872187
0.6736
0.753409
0.805906
0.366681
0.715408
0.86406
0.761932
0.581605
0.989706
0.548399
0.610232
0.762915
1.16357
0.743799
0.87934
0.635423
0.827191
0.860322
0.826056
0.446618
0.83839
0.489451
0.526516
1.16742
0.900439
0.464087
0.822629
0.731688
0.820992
0.553916
0.90681
0.563516
2.22138
0.812636
2.46609
2.34307
0.543527
0.608088
0.862458
0.554932
1.03545
0.375501
1.16074
0.800285
1.35169
0.517361
0.805591
1.24016
0.380623
0.728536
0.632767
0.60147
0.718494
0.730047
0.740188
0.550882
0.965873
0.700859
0.728026
-0.275496
0.4298
0.523947
0.646282
0.818093
0.881511
0.630722
0.534152
0.68164
0.824656
0.62625
0.594531
0.765264
0.616162
0.834901
0.884622
0.757141
0.885096
1.84563
0.725721
1.19588
0.845556
0.612127
0.801504
0.894799
0.814731
0.752757
0.805607
0.846521
1.31259
1.15751
0.734422
0.631591
0.386698
0.645569
0.827329
0.808041
0.816127
1.07673
0.5807
0.700174
0.581126
0.640246
0.722426
1.33759
1.02668
0.541842
0.642712
0.828476
0.847962
0.68891
1.51183
0.718125
0.891214
0.627181
0.761103
0.554799
0.892891
0.807975
1.23897
0.806289
1.50675
0.834457
0.625599
0.615116
1.71375
0.805145
0.72587
0.702407
0.548743
0.244621
0.760242
0.789606
1.16687
0.815351
0.822685
0.723344
0.865739
1.10232
0.353936
0.631173
0.857875
0.786613
0.789962
0.812129
0.596833
0.475775
0.854717
1.44087
0.588204
0.738151
0.825149
0.53536
0.687652
0.831065
0.64677
0.662105
1.81501
0.788226
0.794968
0.754165
0.556483
1.16286
0.865261
0.666492
0.795911
0.761715
0.765892
0.829395
0.883419
0.654472
0.712061
1.04823
0.249797
0.824107
0.851616
0.654049
0.557995
0.698574
0.718514
0.755377
0.681176
0.80013
0.700618
0.710306
0.722014
0.808242
0.823458
0.685639
0.350393
0.611262
0.565798
0.469623
0.450914
0.53641
0.682023
0.696733
0.826231
0.884833
0.750139
0.583143
0.801379
0.532718
0.612371
1.14967
0.634941
0.79318
0.605639
0.601483
0.703488
0.823777
0.636193
0.746913
0.63476
0.694166
1.00248
0.730157
2.29342
0.571859
0.74383
0.806886
0.699992
0.829453
0.897206
1.10641
0.731697
0.818411
0.64495
0.656037
1.41641
0.554119
1.14376
0.748972
0.661599
0.560725
0.753288
0.721797
0.275846
0.735574
0.545932
0.889229
0.67027
0.420125
0.90173
0.64832
0.736615
0.643198
0.719429
0.880592
1.2797
0.812587
1.2869
0.721195
0.707353
0.588511
0.573768
0.978403
1.76798
0.841155
0.799192
0.918768
0.635766
0.771501
0.797181
0.656486
0.78093
1.05304
0.732522
0.678685
0.557631
1.48312
0.928961
1.10704
0.744016
0.784328
0.798476
0.902339
0.104533
0.743265
0.80634
1.44533
0.813976
0.571911
0.568127
1.27393
0.537623
0.783953
0.708591
0.902118
-0.478748
0.651759
0.870221
0.82062
0.80691
0.555895
1.13594
0.678713
0.555865
0.870052
0.813606
0.450696
0.607733
0.822578
0.838775
0.160463
0.876616
1.34018
0.603312
0.849861
0.91149
2.23857
0.686161
0.677573
0.795176
0.736316
0.597111
0.736829
0.799574
0.254071
0.585282
0.81072
0.752726
0.544246
0.844713
0.659707
0.818964
0.479797
0.753636
0.522322
0.81998
0.29168
1.34996
0.617456
0.821305
0.835242
1.16485
0.513243
0.638384
0.811745
1.05481
1.13859
0.708861
0.621368
1.11193
0.743864
0.811831
0.834045
0.853124
-0.337666
0.874876
0.728227
0.880865
0.802738
0.131854
0.919991
0.0829272
0.765775
1.17096
0.90036
0.818973
0.788404
1.29191
1.01477
0.823858
0.456231
0.572494
0.333622
0.666928
0.860033
0.857627
1.32441
1.46848
0.600415
0.809164
0.63459
0.626798
2.29674
0.640673
0.787667
0.819961
0.832625
0.902259
0.874731
0.662971
0.729865
0.920689
0.934694
0.816436
0.892697
0.769536
0.381269
1.11562
0.694212
0.725956
0.643696
0.613667
0.58495
0.856207
0.791291
0.786369
1.16505
0.800321
0.699223
0.807336
0.787491
0.41574
0.404835
0.813674
1.00746
1.10793
0.870023
0.806713
1.17265
0.795346
2.10902
0.873245
0.468441
0.752596
1.07952
0.47917
0.804335
0.80952
0.705287
0.797609
0.355199
0.799299
0.867239
1.40707
0.695858
0.882017
1.14829
0.574049
0.311008
0.833375
0.669482
0.949955
0.758141
1.00544
0.189252
0.790964
0.783058
0.753871
0.868276
0.878523
0.776898
0.825541
0.723249
0.238218
0.618813
2.10457
0.82811
0.275794
0.841907
0.50934
0.726741
1.39674
1.47677
0.812934
0.358739
0.652267
0.848453
0.779308
0.743371
0.607105
0.668872
0.753032
0.807298
0.872736
0.806003
0.104055
0.682834
0.79442
0.64555
0.837291
0.637109
0.89509
0.390277
0.693339
0.861031
0.649698
0.825945
0.87058
0.69721
0.492762
0.809028
1.00002
1.17047
2.20618
0.800889
0.737807
0.542489
1.18962
0.736112
1.12879
0.706932
0.624598
0.867836
0.524166
0.525465
0.819465
0.780267
0.805979
0.776528
0.836904
0.744759
0.629523
0.765362
1.16728
1.46775
0.518706
0.735812
0.384918
1.11992
0.629686
0.652745
0.436621
0.804266
1.00669
0.871135
0.785225
0.661988
0.692496
0.662935
0.815521
0.620227
0.821991
0.677453
0.564721
0.40669
1.11774
0.7732
0.545558
0.769246
2.66475
2.71022
0.815244
0.680706
0.229329
0.716053
0.535318
1.15093
0.783129
1.22782
1.15545
1.19215
1.16847
1.14239
0.752599
0.768673
1.1559
0.714182
0.703062
0.565022
0.815811
0.697321
1.57343
0.582182
0.458572
0.750043
0.692336
1.54602
1.47315
0.662553
0.607445
0.932401
0.789527
0.408836
0.883123
0.689365
-0.124264
0.810271
0.287846
0.631329
0.534378
0.82392
0.732591
0.399042
2.56414
0.631174
0.748082
0.829495
0.778532
0.642854
0.557435
0.737524
0.627959
1.27494
0.65309
0.788764
0.737442
0.72971
0.544222
0.642734
0.811077
0.714288
1.17721
0.211173
0.671335
0.413373
0.509817
0.595594
0.562307
0.770627
0.683236
0.791128
0.627765
0.834461
0.643774
0.811622
0.783396
0.776892
1.10008
0.672401
0.817351
0.852207
0.700314
0.836023
0.673651
0.398155
0.594692
0.720873
0.874896
0.762475
0.711194
0.792674
0.607463
1.12631
2.04878
1.08325
0.717757
1.40649
0.731022
0.901003
0.805036
1.09268
0.794081
0.844387
0.834137
0.51521
0.830581
0.772286
0.756364
0.520663
1.17467
0.78813
0.694521
0.652289
0.845
1.33288
0.795815
0.519589
0.875535
0.502799
0.828409
0.711064
0.464221
0.559646
0.651724
0.476595
0.762342
0.804226
1.17559
0.813549
0.885358
0.689509
0.779453
1.73235
0.822948
0.800639
0.619188
0.466862
0.771979
0.899204
0.697261
0.616225
0.415338
0.589686
-0.366294
0.681399
0.880466
0.86156
0.264023
1.69078
0.737581
0.53594
0.866533
0.67777
0.10948
0.627127
0.715197
0.767928
0.57992
0.851177
1.03596
0.893503
0.591705
1.18616
0.679596
0.789698
2.37665
0.876882
0.479022
0.777022
0.603692
0.811846
0.861846
0.309426
0.613899
0.506588
0.775774
0.697393
0.513429
0.897516
1.11078
0.874428
0.638377
0.463314
0.808388
0.666839
1.14344
0.576639
0.790209
0.672998
1.2111
0.620808
0.767954
0.664604
0.899598
0.797471
0.732173
0.695275
0.794213
0.763825
0.633674
0.699412
0.431378
0.78158
1.37304
0.66414
1.13284
0.840036
0.791524
0.742864
0.916225
0.869029
1.18336
0.778739
0.44606
0.890752
0.597742
0.772326
0.846114
0.822276
0.697013
0.425981
0.764751
0.352061
1.0364
0.708816
0.565204
0.692318
0.818702
0.778107
0.723335
1.40837
0.738275
2.27251
0.741378
0.726903
0.466794
0.664565
0.754112
0.804217
0.807785
0.949716
0.56987
0.812585
0.617558
0.795854
0.584667
0.645233
0.503063
-0.304161
0.861745
0.8169
0.705538
0.840978
0.869122
0.81312
0.595269
1.09311
0.556887
0.859867
0.819036
0.621908
0.665106
0.898413
0.525554
0.808803
0.838329
0.241526
1.27708
0.702659
0.644074
1.6173
0.603717
0.762185
0.624731
0.770918
2.06498
0.855616
0.724695
0.819785
0.100962
0.677324
0.785935
0.708058
0.825309
1.12396
0.539202
0.728201
0.562672
1.6632
0.76372
0.652017
0.687848
0.78573
1.10867
0.595358
0.605391
0.577066
0.856438
0.687953
0.735912
0.494814
0.803593
1.23146
0.730683
0.663033
0.861976
0.388516
0.795558
0.604415
0.673909
1.99144
0.812146
0.796061
0.889116
1.19213
0.687676
0.752333
0.80747
1.24726
1.63592
0.806054
0.68293
0.739532
0.750104
0.890211
0.805477
0.989425
0.668463
0.72236
0.890041
0.813869
0.868219
0.635464
0.759494
0.67059
0.505879
0.773209
0.828186
0.631445
0.746128
0.416271
2.56977
0.606811
0.871118
0.646685
0.780774
1.2474
1.02708
0.79047
0.706452
0.221822
0.800893
0.994108
0.612926
0.720788
-0.0638289
0.859402
2.05484
1.2754
0.940439
0.890107
0.134433
0.822304
0.718781
0.806456
0.636897
0.884669
0.73248
-0.191729
0.879864
0.670705
0.669068
1.17224
0.65762
0.56963
0.479786
1.0684
0.643503
1.25989
0.630688
1.01205
0.775118
0.702006
0.637001
0.721441
1.40081
0.683043
0.855761
0.723719
0.506837
0.842122
0.743914
0.630027
0.767205
0.67626
0.788933
0.663571
0.880972
0.536651
0.805908
0.728395
0.761373
0.62169
0.789778
0.783278
0.753623
0.691946
0.802556
0.684839
0.661327
0.44809
0.733828
0.69836
0.706031
0.764228
0.716633
0.787364
0.80367
0.791751
0.67787
0.236807
0.801553
0.794777
0.481783
0.843226
0.734644
0.86296
0.6248
0.718234
0.627322
0.830415
0.748773
0.752584
0.724941
0.683186
0.723631
0.669727
0.735106
0.170435
0.724164
0.868242
0.408704
0.693234
0.571008
0.631618
0.87286
0.817922
0.652362
0.454606
0.718484
0.306083
0.772535
0.587947
0.543072
0.824121
0.407282
1.0713
0.768032
0.686817
0.674776
-0.411687
1.31275
0.793821
0.874692
0.595653
0.765182
0.678867
0.128383
1.14116
2.24557
0.842365
0.786666
0.273166
0.786612
0.832672
0.81554
0.783395
0.623876
0.581237
0.856747
0.447539
0.821054
0.583683
0.642233
0.693159
0.810992
0.597065
0.742674
0.600306
0.722735
0.785298
0.797375
0.780296
0.759682
0.739686
1.01965
0.61863
0.879611
0.119612
0.805631
0.781339
0.878935
0.68986
0.66121
0.730456
0.756632
0.659512
1.12862
0.806572
0.792311
0.826858
0.70412
0.804633
0.622539
0.79678
-0.154308
0.632586
1.93326
1.10344
0.827194
0.760622
0.777097
0.724006
1.24319
0.656232
0.783739
0.591928
0.697088
0.717576
0.414663
0.701583
0.792867
0.728393
0.709394
0.720852
1.17503
0.624851
0.666415
0.40594
1.0435
0.806159
0.950773
0.601366
0.744128
1.43314
0.572789
0.772398
0.703145
0.580527
0.627864
0.699331
0.687808
0.875071
0.863931
0.803093
0.803998
0.639159
1.10811
0.928707
0.638049
2.09774
1.04638
1.48593
0.659496
0.561951
0.633761
0.596826
0.741911
1.18026
0.948604
0.87079
0.723885
0.826559
0.581406
0.850363
0.23832
1.08836
1.25128
0.652262
0.745651
0.580329
0.880745
1.19221
1.18022
0.710244
0.79391
0.801021
0.581977
0.753809
0.669738
0.714916
0.881224
0.812537
0.821568
0.758803
0.740621
0.814719
0.711068
0.860863
0.700306
0.802993
0.581995
0.545203
0.558014
0.529282
0.768892
1.54766
0.540393
0.706858
0.692684
0.5405
0.283343
0.690555
0.875911
0.173342
0.390339
0.741243
1.04502
1.06876
0.745696
1.12315
0.798442
0.550488
0.708933
1.15323
0.769314
0.654203
0.880509
0.560605
0.661012
0.595179
0.800692
0.319272
0.881378
0.522905
0.859316
0.551385
0.627627
0.544291
0.479848
1.91948
2.10427
1.01326
0.75808
0.899052
0.971339
1.26899
0.73667
0.875238
0.590564
0.692129
0.764576
0.655343
0.605632
0.71351
0.753105
0.445721
0.728251
1.57614
0.710674
0.661153
1.06498
0.995957
0.829341
0.403072
0.786797
0.617534
0.586093
-0.137454
0.670104
0.571645
1.39854
1.11412
1.19309
0.624171
0.771127
0.618034
0.696301
0.847643
0.680303
0.601686
0.864143
0.749967
0.925305
0.695635
0.59585
0.633151
-0.0286242
0.795801
0.740924
0.552802
0.639556
0.162449
0.296548
0.112606
0.839767
0.746393
0.612647
0.618981
0.543072
0.738569
1.53336
1.20122
0.812054
0.667048
0.640319
1.25538
0.874052
0.690003
0.708241
0.558523
0.635567
1.06002
0.598752
0.798329
0.696559
0.685272
0.797639
1.20967
0.600281
0.701791
0.834957
0.70306
0.628314
0.704857
0.59465
1.2264
0.837196
0.641554
0.616665
0.343729
0.884068
0.595187
0.722208
0.660427
0.496192
0.410273
0.738163
0.732509
0.290325
0.849963
0.595663
0.72018
0.845109
0.663771
0.883547
0.668716
0.717838
1.29956
0.530672
0.683297
0.727824
0.772429
0.79326
0.470308
0.69992
0.642381
0.731987
0.527048
0.979121
0.754557
0.374014
0.860743
0.848898
0.652944
0.861933
0.657471
2.19045
0.670129
0.817211
0.202513
0.656281
0.703853
0.842456
0.903207
0.940435
0.996266
0.726498
1.17393
1.1588
0.679516
0.61249
0.667814
0.632266
0.668534
0.797618
0.5282
0.729017
1.05098
0.649646
1.1062
0.645565
0.887327
0.652931
0.766394
0.844986
0.775267
0.770108
0.734371
0.748241
0.541019
1.72362
0.829827
0.839219
1.17444
2.11869
0.832718
0.785582
0.621088
0.57613
0.776392
0.779741
0.608608
0.921061
0.200671
1.1854
0.762667
0.753194
2.69178
1.33838
0.94711
0.688089
0.631448
0.879304
0.612933
0.890369
0.73393
0.791998
1.1129
0.882611
1.55661
0.468348
0.732482
2.4785
0.773728
0.691373
1.16819
0.675384
0.768371
0.854714
0.64541
0.783481
0.779034
0.775905
1.69808
0.495902
0.878785
0.674393
0.83687
0.752547
0.604579
1.00619
0.752141
0.67572
0.734867
0.365374
0.678922
0.734927
0.6061
1.17924
0.733267
0.902208
0.523347
0.800343
0.7709
0.629967
0.760161
0.660455
1.73736
0.777969
0.963849
0.723439
0.81849
0.562188
0.609279
0.0722414
0.787917
0.46846
0.730446
0.693344
0.67926
0.690759
0.644405
1.33765
2.57676
0.624606
0.824665
0.364545
0.673176
0.73724
0.722177
0.682416
0.524302
0.718625
0.635175
0.802236
0.892319
0.782089
1.05492
0.831295
0.644222
0.744574
0.799808
0.609515
0.760293
0.493756
0.703522
0.946972
0.848212
1.12751
0.66253
0.789849
0.674468
0.648846
0.705804
0.711142
0.00937449
0.856183
0.774422
0.0131723
0.775771
0.691394
0.765328
0.627154
0.755091
0.537588
0.803605
0.819027
0.764045
0.886166
0.901643
0.914612
0.550094
0.85633
0.667261
0.784764
0.716374
0.893939
0.796786
0.307425
0.493998
0.689684
0.668909
0.605439
0.834468
0.886169
0.846737
0.836222
0.851851
0.896695
0.662139
0.570097
0.595843
1.10616
0.776859
0.803606
0.623307
0.901896
0.653735
0.682524
0.825835
0.604563
0.786352
1.18485
0.604068
0.582881
0.917365
0.718689
1.09566
0.836154
0.877834
0.794137
0.851726
0.686919
0.791604
0.784143
0.857476
0.805803
0.652044
1.02244
0.831585
0.725083
0.739785
0.623564
0.832251
0.988022
1.89478
0.623954
0.807716
0.650817
0.892528
0.598183
2.04229
1.67113
0.956625
0.712141
0.807171
0.843878
0.895793
0.562899
0.966117
0.678618
0.659246
0.833906
0.693099
0.728669
0.786217
1.02891
0.0954007
0.68546
0.851244
0.676023
1.40306
0.897012
0.724203
1.1685
0.745257
0.620843
1.12456
0.727549
1.35696
0.796458
0.829736
0.679121
1.44489
1.43774
1.18011
0.726508
1.19371
0.535581
1.18187
0.649826
2.47705
0.701724
0.718064
0.405132
0.714552
0.619244
0.894285
0.743517
0.785738
0.868186
0.795384
0.888703
0.681376
0.740568
0.563292
1.40734
0.796094
0.550833
0.728358
0.854061
0.834719
0.866535
1.70382
0.639672
0.810772
0.527424
0.790925
0.637991
0.84581
0.712721
0.696034
0.555529
0.658039
0.631175
0.983366
0.518565
0.555627
0.681411
0.843508
0.859433
0.580457
0.566658
0.981058
0.721943
0.776509
0.770414
1.92504
1.45045
0.535686
0.941431
0.480996
1.24102
1.86424
0.859067
0.771842
0.48304
0.727265
0.769953
2.74579
2.74836
0.66713
0.631242
0.589315
0.829841
0.890766
0.889687
0.768503
0.47824
0.672229
0.757928
1.61721
0.789633
0.758083
0.774864
2.34215
0.363261
0.541699
0.689907
0.780094
0.684829
0.756798
0.654488
0.70071
0.798267
0.606429
0.732143
0.726482
1.84057
0.762107
0.744907
0.81825
1.57564
0.612081
0.837761
0.803891
0.535454
0.68155
0.849359
0.663847
0.818085
0.87859
0.74182
0.801845
0.493021
0.799092
0.78454
0.793388
0.496966
0.94411
0.646675
0.587506
1.11705
0.662999
0.784748
2.64963
0.785753
0.778984
0.833737
0.814446
0.525969
0.0704053
0.728829
0.855244
0.713437
0.985662
0.729316
0.598439
0.763532
0.994648
0.798628
0.590027
0.725152
0.853095
0.672912
1.18406
0.755386
0.891794
0.825024
0.578866
0.59319
0.632494
0.684286
0.785778
0.674688
0.68411
0.423508
0.710394
0.775534
0.461488
0.713852
0.612447
0.383475
0.820196
0.654303
0.728194
0.689965
1.11637
2.64784
0.774981
0.371053
0.896564
0.643645
0.676127
0.574756
0.783674
0.87537
0.583641
0.329927
0.302551
0.676596
0.832156
0.881657
0.794058
0.666613
1.2954
0.69468
0.675866
0.729192
0.725936
0.53645
1.16724
1.15384
0.600941
0.647038
0.816951
0.422974
0.733132
0.740793
0.808712
0.822021
0.473386
0.791139
1.21704
0.853697
0.708726
0.841664
-0.196939
0.872068
0.703518
0.726506
0.843408
0.820426
0.753187
0.771514
0.730535
0.61154
0.746972
0.638858
0.579622
0.728213
0.739649
0.839836
0.815351
0.532804
0.862772
-0.0728833
0.574325
0.665468
0.554497
0.81056
0.855184
0.828562
0.679797
0.757867
0.738562
0.749056
0.780486
0.699278
0.696293
0.584448
0.800981
2.13373
0.690682
1.3083
0.687644
0.549379
0.778975
0.594601
0.588945
0.674563
0.749188
0.753615
1.32143
0.776193
0.726601
0.743156
0.82286
0.783827
0.69388
0.802623
0.61706
1.12582
0.600531
0.663806
0.70561
0.613622
0.680649
0.761572
0.705526
0.700956
0.647117
0.772826
0.765184
0.650426
0.82013
0.625293
2.40707
0.820385
0.816578
0.706997
0.222016
0.897159
0.829486
0.564664
0.706405
0.770634
0.69952
0.897316
1.09579
0.700033
0.694851
0.82303
1.23147
2.14159
0.621951
0.739638
0.865867
0.765247
0.707766
0.777737
0.889114
0.112516
0.740109
1.178
0.475931
0.701729
0.752588
0.729804
0.789688
0.691402
0.518951
0.686039
0.80514
0.756365
0.713249
0.145407
0.700482
1.04145
2.08522
0.669385
0.683146
0.809831
0.418078
1.24496
0.698231
0.647527
0.808288
0.760046
0.603376
0.838525
0.683889
0.71235
0.583931
0.735608
0.670867
0.811023
0.843181
0.641192
0.665825
0.78025
2.05012
0.616853
0.583232
0.622764
0.74413
0.720138
0.63291
1.28223
0.577056
0.773073
0.576853
0.800832
0.722261
0.714727
0.673237
0.366613
0.628239
0.698225
0.6923
0.661504
0.726799
0.788242
0.705536
0.495661
1.08513
0.815528
1.09918
0.679063
1.48457
0.585772
0.693135
0.748447
1.22916
1.05501
0.774963
0.819445
0.605321
0.774877
0.602452
0.741518
0.707067
0.723018
0.730317
0.724722
0.568879
0.400354
0.75996
0.576157
0.727007
0.922106
0.76108
0.796648
0.761486
0.833939
0.717701
-0.438855
0.545774
0.747774
0.692358
0.746811
0.849526
0.674822
0.721169
0.219301
0.369259
0.575316
0.848207
2.09496
0.791701
0.923938
0.805143
0.698184
0.52854
1.1522
0.659874
0.775652
0.715079
0.761359
0.474759
0.680981
0.816382
0.61831
0.767509
0.561185
1.15572
0.605384
0.625267
1.01545
1.50553
0.757065
0.763317
0.381717
0.722204
0.709995
0.412717
0.889878
0.753832
1.27045
0.894503
0.636055
0.853235
0.691407
0.808841
0.78556
0.354019
0.835904
0.571996
0.684949
0.61928
0.623366
0.974492
0.759732
0.683502
0.61666
0.858913
0.708176
0.827581
0.626349
0.636618
0.740763
0.724758
0.681687
0.693381
0.663629
0.825235
0.722591
0.818285
0.835226
0.603416
0.642232
0.638104
0.584937
0.976251
0.775039
0.716991
0.600545
0.638384
0.651974
0.143686
0.788692
2.27684
0.610905
2.56309
0.576355
0.726955
0.759034
1.24183
0.736323
0.376498
0.26027
0.728091
0.724839
0.690675
1.45601
0.842063
0.685941
0.613772
0.262282
0.778577
0.768194
0.780223
0.866741
0.595381
1.03958
0.132077
0.727272
0.619191
0.736398
0.592042
0.628461
0.609365
0.748286
1.12929
0.712072
0.587375
0.804782
0.730421
0.579166
0.730731
1.16447
0.801077
1.18289
0.791442
0.547351
0.80515
0.430585
1.18399
0.602708
1.12894
0.827345
0.733371
0.642908
0.801269
0.619017
0.854263
0.717709
0.63608
0.482585
0.636803
0.697384
0.730778
0.679011
0.654437
0.385507
0.703513
1.24297
0.78051
0.660066
0.769561
0.642264
0.545384
1.08399
0.612978
0.79868
0.624855
0.719752
0.882939
0.827465
0.653103
0.722766
0.689123
0.85732
0.849546
0.770359
0.656492
0.765887
0.624243
0.553779
0.83282
0.773556
0.722527
0.586176
0.813104
0.576516
2.33419
0.597873
0.652136
0.773799
0.842402
0.810209
0.594313
0.768179
0.811801
0.839302
1.22396
0.690828
0.787286
1.08068
0.747374
0.409409
0.799859
0.802908
0.939147
0.511319
0.760991
0.739681
0.626881
0.799025
0.566803
0.650199
0.624853
0.683239
0.680324
0.716039
0.646806
0.641483
0.102824
0.577651
0.680502
0.70277
0.664853
0.739284
1.34082
0.586824
0.721016
0.702002
0.649663
0.351526
0.887929
0.682072
0.624671
0.665926
0.635301
0.867478
0.758039
0.597477
0.761595
0.67369
1.2259
0.817522
0.78941
0.802912
0.825553
1.17441
0.869425
0.621367
0.710867
0.668052
0.768644
0.743189
0.617745
0.897532
0.625342
1.78545
0.737918
1.30543
0.837358
0.722382
1.01746
0.638102
0.504471
0.558216
1.16437
0.599756
0.688802
1.04497
1.6279
0.820899
0.712313
0.714227
0.830252
0.774813
0.572484
1.53418
0.727762
0.790851
0.620945
0.626153
1.43357
0.935469
0.822216
1.04969
2.50352
0.755211
0.732061
0.698948
1.65777
0.689041
0.674351
0.719456
1.12047
0.575639
0.806793
0.397508
2.74658
0.229785
0.760164
0.70181
0.747845
0.739375
0.827526
2.17615
0.607305
0.611738
0.457207
2.06843
0.870977
0.657724
0.590497
0.726769
0.819474
0.988228
0.828445
1.19067
0.837306
0.773495
0.619891
0.679123
0.783359
0.747531
0.586902
0.669447
-0.10001
0.601731
0.822497
0.820836
0.177563
0.616935
0.71958
-0.13835
0.653083
1.06021
0.937808
0.633977
0.803358
0.786713
0.94519
0.625125
0.711809
0.550263
0.453564
1.16125
0.791773
0.770116
0.817562
0.512823
0.715698
0.776322
0.766473
1.3278
0.751281
0.773951
0.573673
0.655465
0.822135
0.883018
0.560802
1.32867
0.60238
0.152076
0.71953
0.680973
0.570158
1.0206
0.645032
0.67294
0.777636
1.16168
0.731607
0.656116
0.773929
0.805848
0.737183
0.618185
0.614855
0.710641
0.72099
0.766744
0.917062
0.759808
1.94697
0.812404
0.644888
0.816027
0.642281
0.833877
0.651212
0.753244
0.812907
0.808739
0.563478
0.765565
0.315362
0.676894
0.652173
0.973751
0.680527
0.702435
0.779831
0.79949
0.776655
0.755414
0.287738
0.0220429
0.556311
0.112867
-0.508722
0.177317
0.815651
0.796402
0.625235
0.743139
0.518381
0.742908
0.392112
0.720666
0.743336
0.714628
1.1552
0.777511
0.822226
0.824803
0.740406
0.824562
0.68808
0.555496
0.99921
1.01904
0.809295
0.30456
1.54447
1.76122
0.725217
0.943408
0.985338
0.622697
0.731848
0.692419
1.22847
0.59201
0.721247
0.632682
0.497145
0.775933
0.690092
0.574667
0.653629
0.872837
0.539941
0.646963
0.568748
0.799988
1.49268
0.677414
0.763089
0.628737
1.15954
0.463028
0.564141
0.761001
0.794318
0.822708
0.7396
0.528738
0.792654
0.730303
0.456102
0.449658
0.554624
0.558626
0.492084
0.826554
0.727149
0.830062
0.489542
0.615461
0.590797
0.413644
0.248711
0.726144
0.535586
0.256743
0.6477
0.852355
0.812364
0.853716
0.814127
0.798786
0.726686
0.588925
0.589651
0.80722
0.821408
0.828709
0.684562
0.961935
0.925063
0.88944
0.639533
0.634292
0.625774
0.613432
0.610866
0.607723
0.600167
0.582383
0.576004
0.571187
0.189717
0.824381
0.822002
0.823096
0.795332
0.784771
0.718487
0.597798
0.703328
0.781712
0.517295
1.04547
0.759397
0.881238
0.863864
0.912721
0.533251
0.72711
0.694508
0.142292
0.641108
0.876378
0.71598
0.725253
0.822299
0.851685
0.832065
0.828538
0.805289
0.690294
0.707296
0.797233
0.530367
0.67797
0.771706
0.876942
0.839891
0.951083
0.867913
1.12815
0.494021
1.13925
0.808089
1.17261
1.14078
0.790703
0.692242
0.782182
0.749097
0.700493
0.618019
1.13274
0.660203
0.762977
0.805278
1.07486
0.800436
0.728814
0.747529
0.78411
0.893812
0.526626
0.693533
1.12289
0.823361
0.709716
0.44211
0.665811
0.827295
0.538487
0.598429
1.15547
0.696465
1.17523
0.563996
1.16895
1.06716
0.540865
0.53841
1.17634
1.09428
0.868635
0.616676
1.17193
1.17547
0.611297
1.08685
0.794562
0.71876
0.67737
0.532963
0.775947
0.822582
0.862553
1.16918
0.730009
0.996469
0.850423
0.736453
0.750196
0.792323
0.649598
0.602689
0.586625
0.563776
0.528155
0.932846
0.619377
1.175
0.757984
0.82549
0.821674
0.550819
0.803826
0.544028
0.627673
0.818819
1.16526
0.810948
0.588435
0.642817
0.607435
1.05109
0.690242
1.16124
0.819619
0.833136
0.836565
0.571049
1.08181
0.872533
0.151615
0.841616
1.17673
0.818972
0.775953
0.549641
0.690469
0.88046
0.407556
0.844497
0.268281
0.532531
0.79343
0.585745
0.663427
0.849566
0.82138
1.10083
0.870615
0.853808
0.699371
1.15882
0.866301
0.871794
0.770294
0.814145
0.860796
1.16496
0.697049
1.16945
0.262547
0.821562
0.696261
0.819211
0.786578
0.75845
0.595791
0.589663
0.556185
0.547772
0.539017
0.830363
0.800626
0.658232
0.759243
0.80913
0.73436
0.667307
0.81078
0.464569
0.878881
0.814981
0.795646
0.560578
0.850169
0.663534
0.766027
0.66658
0.830594
0.786268
0.498865
0.491919
0.168276
0.217127
0.833243
0.820853
0.601815
0.752996
0.793776
0.709379
0.485769
0.822129
0.863415
0.463761
0.720799
0.556372
0.246267
0.435317
0.863952
0.878748
0.865669
0.826654
0.687858
0.381761
0.291188
0.943058
0.90701
0.131281
0.354944
0.827657
1.06009
0.134155
0.327642
0.861649
0.838689
0.869889
0.838185
0.653907
0.68709
0.532408
0.660289
0.552132
0.720058
0.70813
0.614016
0.421851
0.612878
0.550182
0.713835
0.140765
0.560032
0.426248
0.129198
0.563648
0.137633
2.88387
2.93169
2.90263
0.125303
0.167521
0.188962
0.133473
2.95828
0.195511
0.183128
2.91153
0.189555
0.408865
0.138507
0.34586
3.02034
2.69063
2.68038
0.316799
0.185936
0.797768
0.400295
0.0264094
0.167486
0.203543
0.194467
0.164192
0.382403
0.364215
0.276162
0.182738
0.0608949
0.0432796
0.153695
0.839208
0.874862
2.68474
2.69804
2.73288
2.79102
2.84048
2.9308
2.93377
2.70471
2.69017
2.67725
2.63597
3.2465
2.75465
2.65456
2.89147
2.86635
2.70946
2.72268
2.75286
2.77411
2.81427
2.8324
2.87257
2.8848
2.90719
2.97346
3.06034
3.02591
2.9918
2.92611
2.89809
2.85306
2.84056
2.80842
2.79525
2.77293
2.72762
2.61895
0.204293
0.13356
2.74184
3.2593
0.336036
0.245207
0.164484
0.0943987
0.417377
0.0842716
0.0908533
0.179623
0.149155
0.776032
0.449674
0.433672
0.306223
0.212647
0.147417
0.128642
0.110113
0.0675948
0.0216239
0.052409
0.0649013
0.122808
0.133888
0.15203
0.194256
0.199939
0.201567
0.205602
0.203373
0.189383
0.178488
0.175847
0.170734
0.141463
0.139049
0.129572
0.131647
0.678708
0.354737
0.185507
0.880288
0.143265
0.119369
0.100205
0.0766633
2.64263
3.12969
3.09827
0.166527
0.0397347
0.425894
0.0351709
2.86077
2.88948
0.622511
0.160222
2.87803
0.14301
2.70347
0.441886
0.161629
0.391497
2.6981
0.204865
2.74914
2.71542
2.67499
2.84119
2.98746
0.326144
0.0527655
0.173731
0.205079
2.87674
2.71988
2.96504
0.265721
0.0775266
2.93857
0.204527
0.13707
2.91065
2.93885
2.7516
3.01066
2.92017
0.166207
2.86013
0.162984
2.89099
0.0370749
0.189991
0.127492
2.68314
2.89726
0.137144
0.0980737
0.202042
0.115702
3.13503
0.20266
2.72373
0.387259
0.271794
0.0698663
2.95162
0.188276
2.92493
2.91924
3.01438
0.194123
0.413101
0.185807
0.0585395
0.0882545
2.73714
2.98625
0.340822
0.137438
2.68686
0.445927
0.13128
2.70042
2.88838
2.68838
0.17004
0.142159
0.395839
0.155397
0.781405
2.85316
0.836746
0.122006
2.75158
0.040707
0.207623
0.320676
0.165859
0.430176
2.88829
0.875979
0.0549213
0.0646734
2.97133
0.129775
2.63939
0.206654
0.404435
0.185785
0.183641
0.202424
0.205093
0.175822
0.807315
2.82437
0.182532
0.672826
0.311431
0.0443369
0.178816
0.178945
2.69325
2.93552
0.158632
0.0852635
2.69412
0.132545
0.349019
2.87077
0.127838
3.05754
0.097001
3.03128
0.361032
0.189466
2.68029
0.206162
2.71672
0.881953
0.104976
2.73602
0.113476
0.0805219
3.11793
0.150126
2.86957
2.64499
3.1475
0.0323634
2.87951
0.141103
0.141676
0.157915
0.15922
0.619067
2.88966
2.86132
0.0330453
2.93481
0.0735443
2.70188
2.89914
0.207137
0.171069
2.70769
0.421683
2.68206
2.70598
0.43829
0.387102
2.9388
0.332153
2.74482
2.84564
0.0503476
2.878
2.72458
2.98355
0.173134
0.206219
0.269831
0.208642
2.95309
0.0722597
0.134789
2.90946
2.90894
2.94332
2.88171
0.169414
0.137469
0.185515
0.105973
0.110329
0.117385
0.159832
2.74612
2.85873
0.078493
0.104539
0.126157
0.154377
2.86564
0.0822467
2.74864
0.589156
2.87818
2.87821
0.17501
0.174536
1.77701
2.43473
0.641037
0.819949
0.563695
0.562117
1.79808
0.419488
0.689521
1.21496
1.45683
1.24204
0.522363
1.66656
0.568118
0.733849
0.606568
0.727305
0.647016
0.683028
0.802884
0.561317
0.820037
0.560562
0.621174
0.52648
0.606217
1.17887
1.18426
0.699883
0.70146
0.872144
0.645832
0.842115
0.666483
1.79986
0.937182
0.661257
0.751166
0.473144
0.603919
1.6945
-0.0201428
1.07444
1.1511
0.762951
0.755075
0.539412
0.759073
0.723815
0.707977
0.907086
0.208916
0.775301
0.798691
0.527739
0.800797
0.627344
0.5373
0.711312
0.836131
0.662118
0.749472
1.96854
0.254088
1.2823
0.974181
0.718427
0.758512
0.400994
0.719923
0.679347
0.0842774
0.509867
0.733448
0.708154
0.618044
0.807724
0.81945
0.482837
0.773375
0.692957
0.730854
0.673621
0.816277
1.0367
0.818127
1.90249
0.806337
0.622342
0.620604
0.453769
0.697794
0.696134
0.790265
0.70917
0.64817
0.449273
0.79865
0.74395
0.576591
0.597087
1.25114
0.588758
0.331049
0.532554
0.591022
0.823602
0.865465
0.61794
0.374873
1.54017
0.671289
0.897303
0.936368
0.799522
1.16856
0.580384
0.684665
0.606081
0.861394
0.476973
1.50017
0.715627
0.679375
0.831938
0.771287
0.696172
1.79322
0.771445
0.812868
0.906012
0.737746
1.18744
0.600147
0.646454
0.564137
0.692411
0.569122
0.168445
2.29198
0.743344
0.817035
0.851014
0.827844
0.458143
0.804529
2.14839
0.823163
0.721325
0.466322
2.11344
0.739989
1.67965
0.782738
0.719004
0.757629
0.508428
0.84203
0.690985
0.5584
1.35675
0.8534
-0.250726
1.17872
0.73226
0.513649
0.540227
-0.175936
0.475702
0.604378
0.806842
0.410417
0.63622
0.741251
0.707197
0.804882
0.772266
0.77229
1.81282
0.569228
0.397372
0.662361
0.857108
0.627423
0.554362
0.750402
0.760995
0.726422
0.817463
0.823606
0.70904
1.18366
0.77953
0.687466
0.83637
0.628857
0.715219
0.534437
0.731648
0.539611
2.65169
0.570506
1.03643
0.771509
0.858661
0.855978
0.51088
0.584868
0.632101
0.676142
0.709477
0.614208
1.21318
0.539038
0.856519
0.581189
0.87338
0.616533
0.527673
0.607353
0.782027
1.38253
0.657505
0.700002
1.31516
0.427801
0.676558
0.716182
0.590643
0.48913
0.527713
0.760317
0.802346
0.677789
1.54477
0.739174
0.651761
0.696193
0.791128
0.887904
1.1122
0.718389
0.852864
0.591004
1.21728
0.716577
0.398223
0.749681
0.968276
0.746002
0.368041
0.796488
1.18971
0.269263
0.673344
0.536263
0.823838
0.720185
0.781582
0.771267
0.397296
1.32139
0.72197
0.368145
0.812413
0.442848
0.259017
0.789163
0.709956
0.888661
0.700664
0.849654
0.735282
0.557064
0.750459
0.414032
1.41712
0.395037
0.69347
0.71291
0.65203
0.649404
0.789972
0.334033
0.575583
0.339901
0.539288
0.747971
0.984862
0.813191
2.65023
0.533137
2.06942
0.670408
0.79264
-0.12255
0.800012
0.342866
0.601211
0.534916
0.826153
0.906111
0.372323
0.242298
0.798503
0.841497
0.676974
0.731228
0.290546
0.741914
0.804689
0.304338
0.534284
0.658922
0.713638
0.53703
0.553126
1.15578
0.610857
0.663886
0.705275
0.756273
0.854571
0.815613
0.499878
0.697253
0.614508
0.395754
0.647621
0.683727
0.629642
0.696902
0.64225
0.718467
0.809831
0.576367
0.632323
1.05376
0.623742
0.821901
0.880113
0.734028
0.818796
0.64415
0.812556
0.362327
0.750823
1.15362
0.22026
0.792392
0.579768
0.659069
0.788911
0.648218
0.700996
0.53265
0.69482
0.714797
1.52754
0.590367
0.824337
0.944245
0.805642
1.14603
0.685983
0.713484
1.15664
0.312735
0.780673
0.778524
0.535212
0.768138
1.39315
0.74818
0.802306
0.528416
0.854192
0.592803
0.535434
0.888747
0.463762
0.713779
0.729442
0.703001
-0.236838
0.73349
0.618055
0.730927
2.13558
0.855847
0.288241
0.823957
0.787622
0.592608
0.81774
0.744699
0.629771
0.792031
0.838621
1.24141
0.107569
0.53956
0.818085
0.785056
0.699796
0.786793
0.62404
0.683519
0.610703
0.681347
0.988698
1.13272
0.732944
0.710553
0.895975
0.231902
0.708634
0.867551
0.723248
0.672201
0.870196
0.678224
0.71965
1.42283
0.750292
0.712997
0.520016
0.755754
0.810116
0.773364
0.305237
0.623843
0.168114
0.526589
0.50953
0.620901
0.563945
0.846768
0.499361
1.17752
0.74293
0.103157
0.826454
0.82301
1.49289
0.660546
1.1277
0.756533
0.711123
0.732349
0.694289
0.662641
0.696884
0.903996
0.666118
0.67468
0.822125
0.651544
0.772509
0.757672
1.81305
0.849471
0.646454
0.616569
0.834661
0.645161
0.718742
0.627105
1.12698
0.775144
0.271593
0.621717
0.661628
0.604733
1.11598
0.677665
-0.428587
0.671274
0.565583
0.55336
0.678373
0.798212
0.569791
0.77284
0.103432
0.743359
0.718288
0.64939
1.02094
0.710143
2.44855
0.619189
0.347026
0.717127
0.722066
0.442659
0.550881
0.809029
0.55952
0.932124
0.136116
0.640268
0.212412
0.740917
0.715925
0.677467
1.11621
0.81332
1.84631
0.824443
0.328268
0.645904
0.805137
0.667577
1.13568
0.791271
0.603149
0.822297
0.597856
0.671204
0.887257
0.523221
1.27459
0.820481
0.619734
0.434019
0.9712
0.829559
0.797192
0.858861
0.772018
0.659241
1.47894
0.597416
0.594793
-0.462592
0.591919
0.608834
1.08024
0.798074
0.813807
0.776165
0.589533
0.384838
0.505526
0.702507
0.546223
0.661179
0.949094
1.28747
0.492956
0.641852
1.08571
0.763486
0.973774
0.831811
0.775652
0.658994
0.8607
0.675235
0.563783
0.8631
0.834436
0.644509
0.811492
0.73527
0.702627
0.533142
0.221545
0.439893
2.45971
1.00387
0.763635
1.06629
0.98299
0.709083
1.32242
0.72053
0.784238
0.62313
1.1428
1.79641
1.80446
0.872284
0.560728
0.780272
0.821245
1.06399
0.529471
0.914279
0.701554
0.575346
0.803295
0.816875
0.364774
0.857751
0.545227
0.738068
0.613867
0.594094
0.58342
0.5398
0.577789
0.703144
0.412816
0.653792
0.683303
0.233152
0.819054
0.773631
0.51497
1.08503
0.277647
0.826351
1.10576
0.673369
0.848914
0.696466
0.643823
0.771403
0.580431
0.806403
0.761886
0.65963
0.686278
0.58204
1.37999
0.696964
0.860156
0.83147
0.736642
0.883519
0.634622
0.858996
0.484342
0.53253
0.654203
0.520186
0.636018
0.773383
0.986214
0.804669
0.842586
1.16676
0.797947
0.718166
0.543804
1.27122
0.954215
0.416221
0.895416
0.81616
0.666985
0.988041
0.75279
0.771705
0.725362
0.816335
1.79075
0.872243
-0.0100203
0.75684
1.64071
1.66447
0.817075
0.791154
0.13361
0.607167
0.623629
1.11719
0.675161
0.684301
0.892052
0.366554
0.726806
0.854725
0.668248
0.529229
0.71786
2.11614
0.528531
0.633307
1.11868
0.414924
0.529894
0.547089
1.50719
0.738537
0.479818
1.00923
0.723473
0.621296
0.560965
0.762412
0.699041
0.938008
0.585431
1.0519
1.61332
1.72305
0.725163
0.656916
0.605041
2.01117
0.369517
0.815875
0.745609
0.779658
0.696922
0.815285
0.740966
0.245994
0.362106
1.05114
0.603655
0.766969
0.971181
0.751409
0.615629
0.667053
0.578673
0.773228
0.754015
0.817623
0.818767
0.498371
0.539751
0.885363
0.307364
0.802947
0.624473
0.439866
0.585331
0.0892919
0.760605
0.724861
0.52741
0.566457
0.727775
0.718892
0.648951
0.713454
0.768177
0.565884
0.690516
0.756965
0.486658
0.617096
0.466236
0.739577
0.733997
0.721429
1.12206
0.749619
0.403555
0.755829
0.863863
0.868097
0.545445
0.856274
0.80117
0.742215
0.602703
0.622441
0.779111
0.564093
0.662537
0.77805
0.636742
1.46213
0.672184
0.844007
0.805249
0.664025
0.344649
0.798362
0.697269
0.942644
0.529824
0.532311
0.500149
0.813937
0.762683
0.513154
0.626887
0.707767
0.785251
0.926689
0.622347
0.731179
0.525014
1.22176
0.695987
0.798132
0.736359
0.648043
0.779556
-0.127473
0.630299
0.558631
0.794111
0.634525
0.726457
1.01139
0.751931
0.756699
1.03715
0.971756
1.05645
0.70075
0.844636
0.498447
0.809301
0.663805
0.7311
0.511373
1.18836
0.902592
1.33247
0.699911
0.607877
1.2546
0.820592
0.488316
0.702441
0.963472
1.11904
0.812543
0.781723
0.60553
0.670124
0.713382
1.42086
0.683865
-0.215053
0.716788
1.34595
0.665131
0.849232
0.854584
0.680235
0.99114
1.01831
0.765743
0.801302
0.884756
0.749131
0.682071
0.748801
0.849585
0.790617
0.673839
1.45766
0.80244
0.784032
0.933955
0.878301
0.880882
0.81324
0.354235
0.611467
0.715644
0.805311
1.41761
0.818351
0.737809
0.607524
0.877896
0.512881
1.00509
0.613517
0.607961
0.48576
0.849808
0.388742
0.634528
0.636813
0.967641
0.821762
0.712748
0.658225
0.745687
0.629385
0.670006
0.695713
0.447427
0.993327
0.874874
0.508993
0.52322
1.35951
0.674878
1.53053
0.767817
0.805913
0.770299
0.864463
0.802054
0.66107
0.762738
0.791649
0.810138
0.599675
2.21573
0.784667
0.792379
0.688639
0.484273
0.68352
0.825331
0.711962
0.744046
0.527833
0.282432
0.622025
0.581988
0.977416
1.02805
2.25586
0.794735
0.22584
0.756547
0.667257
0.747575
0.776325
0.721339
0.745369
0.814233
0.475346
0.841632
0.824694
2.63157
0.786166
1.72166
-0.506147
2.52551
0.855487
1.38668
0.928045
0.78713
0.751043
0.979743
1.09814
0.976201
0.114444
0.590506
0.880195
0.669562
0.75909
0.842903
1.00374
0.739393
1.30733
0.74425
0.556178
0.104139
1.63342
0.600974
0.835177
0.697887
0.805563
0.776998
0.764177
0.867084
0.513306
1.83566
0.75261
0.632502
0.490173
0.672816
0.798862
0.423755
0.222087
0.793535
0.597078
0.745363
0.892439
-0.170747
0.601753
0.0838957
0.743009
0.764669
0.678484
0.784141
0.829876
0.842032
-0.0454258
0.728829
0.504669
1.44478
0.612016
0.807084
0.569997
0.85631
0.888724
0.679845
0.746371
0.880042
0.595302
0.634254
0.135289
1.14267
1.06746
0.77517
0.711655
0.508951
0.86742
0.365348
0.596936
0.81478
0.917306
0.776263
0.820829
0.794029
0.807551
0.497111
0.730585
0.172554
0.0789511
0.686989
0.886812
0.786603
0.7751
0.775792
0.877204
1.26676
2.33397
0.989379
0.813453
0.817091
1.87185
0.769594
0.722283
0.598442
0.461877
0.814626
0.756889
0.470146
0.742114
0.751088
0.651737
0.674503
0.836125
0.801787
0.822901
0.796615
0.803504
0.817831
0.717919
0.738406
0.677691
1.34248
0.949304
0.900134
0.482658
0.731519
0.767019
0.764853
0.630174
0.658779
0.707076
1.12417
0.541383
0.891149
0.817598
-0.166171
0.739957
0.802246
0.928473
0.837449
1.01533
0.684811
0.849028
0.831205
0.69461
0.48285
0.863553
0.850038
0.893229
0.723506
0.495922
1.20322
0.715937
0.497531
0.762473
0.750404
0.71082
0.640927
0.703365
0.809493
0.675202
0.61622
0.621689
2.08294
0.832958
1.14301
0.802895
0.729446
2.45252
0.340865
0.574299
0.80063
0.645015
0.737382
0.741052
0.705048
1.45091
2.3879
0.787562
0.606049
2.16264
0.812065
1.04739
0.623449
0.807894
0.712509
0.669022
-0.0752126
0.751471
0.896936
0.776727
0.74514
1.01108
0.828109
0.797534
0.835749
0.698893
0.282081
0.793955
0.886014
0.650908
0.837444
0.878349
0.702126
0.746123
1.08826
0.599877
0.484735
-0.205609
0.744524
1.02374
1.47915
0.581372
0.671215
0.818352
0.894145
0.83264
0.702144
0.772596
0.6013
0.833452
0.131003
0.694486
0.847624
0.826986
0.735478
0.855759
0.859192
0.655578
0.665061
0.0369874
0.633319
0.811912
0.725005
0.676114
0.676081
0.830362
0.668726
0.469849
0.779414
0.638247
0.391579
0.687181
0.961371
0.88819
0.69008
0.735611
1.43011
0.526335
0.820497
1.54833
0.887854
0.859666
0.726548
0.718174
0.787339
0.619956
0.773573
1.82897
0.771221
0.74707
1.26045
0.526094
0.601628
1.18449
0.552761
0.93757
0.836658
0.706084
0.743874
0.607231
0.737409
0.704942
0.661499
0.694591
0.864596
0.755634
0.429618
0.658332
1.0948
2.52447
0.835027
0.599461
1.03628
1.1519
0.627491
0.559319
2.53844
0.422741
0.816478
0.870335
0.10658
0.415696
0.721161
1.0207
0.633655
0.881755
0.753863
0.802057
0.767231
2.41957
0.827326
-0.124391
0.81641
0.599413
0.756427
2.01311
0.547536
0.612253
0.653576
0.679403
0.906095
0.634817
1.29374
0.142917
0.787109
0.77223
0.639614
0.666636
0.792224
0.62769
0.624017
0.777251
2.44249
-0.247354
0.655357
0.737424
0.69206
0.698965
0.863346
0.633577
0.812454
0.870858
0.619716
0.840766
0.71529
0.813308
1.11297
1.38375
0.597151
2.10244
0.830649
0.434091
1.25764
2.69809
0.662042
0.730239
1.06988
0.701601
1.12275
0.850998
0.779799
0.836133
0.864367
0.876278
0.71776
0.82169
0.605301
0.554097
0.659084
0.599957
0.88588
0.526991
0.780399
0.0308476
0.845158
0.417601
0.888019
2.48211
0.802763
1.75334
0.905294
2.30407
1.37265
0.519537
0.98461
0.883162
0.846853
0.618009
0.98641
0.810986
0.767366
0.67282
0.760708
0.80682
0.628189
0.590847
1.4716
0.558923
0.75144
0.804682
0.557219
0.670035
0.598014
0.714126
0.755097
0.792184
0.823215
1.1056
1.89529
2.72735
0.762316
0.852587
0.705801
0.843383
1.90712
1.35584
0.393
0.527227
0.808169
0.6537
2.51778
0.745415
0.694566
0.635489
0.781125
1.04658
0.581711
0.807338
0.777987
0.833244
1.14856
0.461504
0.774951
1.44688
0.631778
0.629681
1.80895
0.865639
2.02708
0.755669
1.07382
0.490119
0.574611
0.869397
0.561428
1.03645
0.0723527
0.625219
0.774836
0.84591
1.48632
1.05755
0.77987
1.32435
0.795143
0.848489
0.747623
0.686769
0.819963
0.673421
0.527694
0.684188
0.84956
1.11924
0.884746
0.262159
0.860255
1.02129
1.63472
0.811365
0.170089
0.726836
1.18156
0.607088
0.726263
0.540121
0.607644
0.30645
0.750694
0.747348
0.869708
1.53886
0.861772
0.687203
0.540768
0.561757
0.531975
0.61447
0.394579
2.55126
0.614344
0.741714
0.851616
0.724371
0.857684
0.631113
0.533976
0.840892
0.874074
0.714218
0.852331
0.632293
0.763721
0.655885
0.563231
1.93216
0.71329
0.836886
0.877255
0.773412
0.626111
0.869069
0.802674
0.64858
0.427087
1.46297
0.500369
1.07874
0.495501
0.743697
0.698545
0.637381
0.761139
0.347023
0.813994
0.768935
0.0762821
0.88248
0.923576
0.862745
0.771753
0.783383
0.813856
0.830588
0.693467
0.773788
0.645922
0.817252
0.439493
0.569431
0.63983
1.04073
1.01471
0.600462
1.30487
2.31158
0.792004
0.672373
0.801812
0.817738
1.45218
0.932237
0.639312
0.47966
0.812003
0.719197
0.736701
0.391087
1.36552
0.776837
0.730907
0.793483
0.725925
0.518751
2.60369
0.235571
0.855059
0.813876
0.0804945
0.66873
0.487928
0.577078
1.02611
1.258
0.592437
0.779062
0.307472
0.867292
0.84126
0.771043
0.317296
0.583859
0.71295
0.82406
0.815279
-0.484309
0.696677
0.882513
0.659663
1.55447
0.689451
1.0353
0.816625
0.760337
0.91551
0.702245
0.808955
0.777462
0.804862
0.554582
0.496268
0.710725
0.651075
0.673619
0.819903
0.664365
0.785973
0.659032
0.523902
0.703279
0.430854
0.835115
0.850373
0.402443
0.850334
0.199894
2.31048
0.78029
0.594932
1.20751
1.24912
1.17867
0.603033
0.572083
0.672431
1.09319
0.627017
0.791633
0.418065
1.22429
0.753014
0.725206
0.650996
0.860198
0.795468
0.85765
1.04573
0.583787
0.556443
0.693929
0.599299
0.901874
0.880696
0.235398
1.04533
0.962386
0.734815
0.773203
1.06162
0.454606
0.973208
0.679239
0.478883
0.654679
-0.197374
1.3204
0.705499
0.801826
0.869023
0.87253
0.826162
1.28043
0.799674
0.568482
0.657523
0.704925
0.829036
0.817281
0.674216
0.605049
0.0691686
0.45744
0.993727
0.714912
0.658711
0.569053
0.627074
0.793002
0.85284
0.545991
0.813192
0.755132
0.69072
0.824816
0.858279
0.797075
1.08376
0.683873
0.696411
0.699726
0.678034
0.75526
0.513994
0.894762
1.83466
1.18361
-0.116746
0.991419
0.592887
0.716011
0.86267
0.836512
0.578256
0.62957
0.573563
0.831834
0.450352
0.740136
0.263861
0.695539
0.307323
2.251
-0.359186
0.77371
0.329088
0.823313
0.505978
0.72453
0.421471
-0.0865238
0.491195
0.563228
0.442431
0.834562
1.22296
0.749754
0.488568
0.541718
2.2859
0.59582
1.3918
0.772781
0.80347
0.803882
0.186645
0.71092
0.889848
0.61569
0.788737
1.14679
1.16787
0.707262
0.704352
0.759006
0.74279
0.533299
0.608239
0.866748
0.678353
0.789582
0.901895
0.652784
0.818685
0.526203
1.17084
0.83427
0.82013
0.59858
1.09391
0.808968
0.825857
1.40688
1.01895
0.816914
0.972206
0.632847
0.657636
0.366449
1.23961
0.86777
0.598015
0.871161
0.773876
1.0972
0.835308
0.52517
0.781599
0.724551
0.835215
0.756431
0.803168
0.828739
0.86197
0.718547
0.816759
1.48485
0.722977
0.720767
0.802125
0.611573
0.953318
0.655262
1.15452
0.531414
0.678284
0.421312
0.717939
0.532395
0.872186
0.650378
1.00879
0.071349
0.80267
0.727411
2.31835
0.669583
0.690427
1.88998
1.93044
0.0984983
0.62778
0.0263946
1.09426
0.954258
0.503498
0.665047
0.828189
0.530309
0.935288
0.829404
0.684344
0.824076
0.750744
0.98117
0.620112
0.671362
0.854962
0.745599
0.60653
0.785142
0.813912
0.531052
1.03928
0.49915
0.847037
0.537217
0.594467
0.844001
0.0910858
0.841835
0.633882
0.574284
0.056079
0.73383
-0.286145
0.89017
1.15988
0.655719
1.18885
0.546594
0.495185
0.509544
0.83958
0.384299
0.873806
0.258313
0.887711
0.664718
0.516583
0.566479
0.729305
0.641222
0.890404
0.377335
0.867212
0.892514
1.54946
0.742109
0.705071
1.34224
0.874887
0.652316
0.587664
0.804018
1.15931
0.841848
0.457626
0.789776
0.865817
0.61167
0.71601
0.915089
0.513758
0.879802
0.595838
0.373305
0.636683
0.646804
1.47855
-0.429085
0.796861
0.653836
0.609701
0.624897
0.75571
0.576127
0.725952
0.690743
0.825073
0.732757
0.532665
0.554449
0.580943
0.730475
0.847485
0.747876
0.249456
1.21288
0.571846
0.106087
0.554065
0.797948
0.711274
0.568242
0.342417
0.699972
0.714093
0.790438
0.694757
0.853019
0.781948
0.866502
0.744645
0.873122
0.759301
1.17212
0.690369
0.856136
0.764966
0.715262
0.729286
0.543676
0.882616
0.873034
0.875536
0.789328
0.327935
0.714503
0.811957
0.790911
0.732849
0.72796
0.658755
0.579576
0.864282
0.721686
0.86649
0.567405
0.878051
0.686537
0.985449
1.05472
0.879297
0.693053
0.8155
0.38104
0.830571
1.33495
0.819676
0.791277
0.0969464
0.755226
0.782317
0.80644
0.538717
1.2477
0.889831
-0.0117249
0.651887
0.714086
0.738257
0.80826
0.267689
1.46758
0.575151
0.838218
0.651387
0.730607
0.500459
0.812932
0.830732
0.729288
0.717459
1.09584
0.833924
0.804825
1.19628
1.01238
0.537924
0.794025
0.424021
0.76635
0.890746
0.728143
1.29371
0.802555
0.810348
0.802065
0.764858
0.461909
-0.400871
0.609237
0.630761
0.503717
2.08137
1.04015
0.619445
0.664374
0.62072
1.75185
0.769797
0.802379
0.526416
0.59336
0.816249
0.689325
0.833923
-0.0194381
0.596408
0.645798
0.701515
0.75786
0.397558
0.538015
1.09964
0.719586
0.614659
0.705893
0.703296
0.546914
0.795833
0.633187
0.825267
0.759236
0.113351
0.994968
0.689774
0.654557
1.03716
0.504506
0.799099
0.943545
0.528958
0.299906
1.14546
0.778801
0.503503
0.655955
0.767404
1.5327
0.836292
0.816236
0.823657
2.32881
0.522996
0.878116
0.491598
1.41139
0.106968
1.31362
1.01319
2.47898
0.323208
0.757248
0.746996
2.4089
0.814057
0.682361
0.586194
0.68567
0.790877
0.870025
0.601691
0.606204
0.828617
1.84778
0.881127
0.809668
0.744989
0.754696
2.07138
0.72438
0.890089
1.13537
0.524004
0.242555
0.371638
2.31066
1.1695
0.831302
0.678066
1.39507
0.632402
0.823916
0.515487
0.697429
0.913994
0.888152
0.819928
0.734583
0.504188
0.572172
0.726593
0.775906
0.677228
0.786718
0.667438
0.722098
0.795305
0.792929
0.758753
0.811068
0.551452
0.151508
1.11815
0.557952
0.552378
0.602031
1.15279
1.14985
0.655347
1.31138
0.371851
0.859262
0.664516
0.787923
0.608632
0.823926
0.73145
0.72798
1.19352
0.528279
0.272232
0.878794
0.557589
0.661135
0.277443
0.76873
0.867703
1.38271
1.05491
0.68245
0.861613
0.402666
0.801698
0.870188
0.852838
0.758889
0.814958
1.33831
0.709464
0.767783
0.659127
1.47654
0.725422
0.815347
0.595943
1.61947
0.85216
0.601541
0.643263
1.23631
0.68083
0.0936579
2.59174
0.623418
0.620604
0.548735
2.15272
0.790697
0.615676
0.683194
0.383326
0.607028
0.826782
0.589304
0.737423
0.700795
0.709272
0.650366
0.590166
0.820765
0.367808
1.17675
0.807629
0.479776
2.0875
0.707926
0.596067
0.627997
0.674708
0.532055
0.833283
1.1019
0.763518
0.592534
0.614932
0.527341
0.876173
0.599274
0.699691
0.880283
0.74361
0.63233
1.06705
0.774442
1.00738
0.752737
0.720115
0.527824
0.744028
0.610433
1.18492
0.791576
0.325643
1.10822
0.826883
0.733393
0.411178
0.7947
-0.374329
0.639767
0.216374
1.16446
0.80421
0.79175
0.798668
0.881398
0.514884
0.78371
0.662385
0.796097
0.563176
1.763
0.649395
0.794951
0.727073
0.89051
0.71429
0.825677
0.697803
0.778039
0.616863
0.244931
0.600729
2.22874
0.527579
1.00933
0.924537
0.852565
0.0753145
0.946529
-0.234069
0.609659
0.80963
0.722795
0.745343
1.06955
0.710872
0.529791
0.539902
0.595125
0.623791
0.692508
0.733412
0.592753
0.713443
1.11881
1.10817
0.790673
0.591125
0.773294
2.67438
0.646482
0.0572029
1.03153
0.732115
0.646408
2.71896
0.60191
0.649989
0.746471
0.659896
0.627514
0.298927
0.782724
0.719549
0.530939
0.589485
0.776901
1.26819
0.533439
0.587408
0.678973
0.785818
0.55637
0.683591
0.817811
0.776847
0.524411
1.2773
0.730658
0.791475
0.826783
0.622681
0.574474
0.656255
0.798824
0.826477
0.399874
0.694941
0.536782
0.69255
0.772711
1.15977
0.234791
0.560355
0.985998
0.64093
0.863298
0.366218
0.812811
0.614749
0.798023
0.252844
0.749837
0.603715
0.662037
0.55365
0.581927
0.576668
0.847517
0.612912
0.754193
0.584546
0.570813
0.913305
0.812044
0.842883
1.17928
0.869039
0.577135
0.790405
0.637409
1.13702
0.573678
0.573874
0.753976
1.10054
0.655166
1.07451
0.385692
0.817936
0.574883
0.833129
1.12802
0.77718
0.481563
0.636044
0.926472
0.398474
0.524488
0.820586
0.7275
0.565625
0.336627
0.712061
0.692428
0.703999
0.604945
0.702841
0.865548
0.663098
0.580765
0.597943
0.535621
1.09033
0.588929
0.71811
0.698355
0.637853
0.818831
0.800011
1.04256
0.849535
0.54281
0.786548
0.929963
0.739174
0.590808
0.720731
0.405426
0.599846
1.11031
0.800486
0.795295
0.830418
0.619502
0.80616
2.62868
0.725404
0.568443
0.687489
0.541358
0.569618
0.480754
0.79752
0.889875
0.732571
0.787155
0.447376
0.825875
0.671727
0.776626
0.777763
0.625093
0.731251
0.713695
0.724942
0.82974
0.717528
1.1623
1.0829
1.59147
0.739159
0.797229
0.605033
1.09087
1.48127
0.831342
0.855282
0.727104
2.2353
0.792126
0.509757
0.957395
0.822361
0.767191
0.735276
2.03674
0.0792835
0.610964
0.722592
1.19931
0.501729
1.05519
0.74699
0.303557
0.518109
0.460742
0.938847
0.549666
0.413784
1.52216
0.744324
0.849637
0.771953
0.611175
0.519142
0.600113
0.537583
0.714842
0.516337
0.756388
0.43965
0.789149
1.08262
0.385308
1.17148
0.533495
0.794617
0.645898
0.639476
0.874332
0.441618
0.589275
0.792181
0.823495
0.423958
1.00752
1.34896
0.597377
0.486817
0.882581
1.11105
2.09745
0.440991
0.858264
0.597466
0.801839
0.594311
0.635271
0.411625
0.871183
0.770679
0.798552
1.16458
1.21244
0.503795
0.879907
0.419385
0.731761
0.87298
0.611536
0.824108
0.494923
0.840807
0.678396
0.746152
0.720166
0.584633
1.49424
0.882156
0.784501
0.777625
0.635472
0.653224
0.764969
0.733245
0.570619
0.476055
1.34844
0.128626
0.580967
0.844713
0.72277
0.56834
0.816785
1.1293
0.623571
0.104221
0.74751
0.754668
0.742357
2.60941
0.568163
0.604748
0.608086
0.571949
0.703854
-0.106537
0.426334
0.612067
0.806011
0.889592
0.724836
0.940363
0.818178
0.728832
0.420035
1.80567
1.80775
0.286966
0.605195
0.652183
0.7512
0.564417
0.841664
0.163512
0.811112
0.665258
0.827069
0.204488
0.795257
0.872533
1.09607
0.691363
0.657956
0.814857
0.709247
0.739511
0.808985
1.21908
0.424827
0.607353
0.705327
1.10753
0.632911
0.292649
0.824101
0.66023
0.950337
0.623645
1.17949
0.485397
0.770389
1.45168
0.714784
1.16456
0.584997
0.882267
1.12636
0.590437
1.31688
0.620649
0.577462
0.802787
0.841138
0.715276
0.598807
0.376586
0.621552
0.659522
1.03592
0.404902
0.756007
0.745173
0.766051
0.734157
0.715703
0.894518
0.394311
0.633795
0.915614
1.59581
0.595837
2.2638
0.722397
0.121141
0.64521
0.755227
0.831829
1.85476
1.23382
0.43762
0.893965
0.804442
0.838361
0.804002
0.5847
0.325089
0.185633
0.708924
0.749874
0.314355
0.815598
0.82865
0.783402
1.15503
0.505829
0.825429
0.880275
0.681597
1.04469
0.613524
0.505892
0.971598
0.88146
0.880388
0.325308
0.809521
0.74919
0.600074
0.625797
0.609651
0.527669
0.726976
0.6704
0.813768
0.566485
0.807931
0.318069
0.810175
0.287568
0.593977
0.875226
0.722093
0.841209
0.718428
0.794734
0.639769
0.80967
0.54332
0.703289
0.661449
0.101077
0.625114
0.815177
0.61613
0.77369
0.870678
0.529693
0.852058
0.842323
0.739803
0.605097
0.599239
0.840536
0.667598
0.440805
0.637244
0.94266
0.837993
0.695354
0.701146
0.838714
0.56605
0.899487
0.844122
0.707511
0.253102
0.667332
0.686544
0.675883
0.999877
0.376684
0.996399
0.614174
1.01535
0.821897
0.642092
0.575804
0.567958
0.796613
0.906144
0.817307
0.746234
0.320213
0.449864
0.619093
0.821253
1.22483
0.778257
0.723478
0.367688
0.630709
0.660804
1.13167
0.707806
0.822139
1.24997
0.444926
0.388434
0.991717
0.838109
1.24129
0.561036
0.327432
0.694642
1.83342
1.14811
0.423131
0.305706
0.595999
0.766777
0.726862
0.909042
0.920187
0.73237
0.519438
0.809711
0.711703
1.04389
1.19953
0.757812
0.79474
1.01445
0.862313
0.781351
0.866832
0.16572
0.734799
0.556954
0.679108
0.688393
0.621613
0.858373
0.643753
0.704933
1.12288
0.811627
0.693345
-0.508917
0.676431
0.540275
1.631
0.677129
1.32523
0.571173
0.827823
0.704319
0.812056
0.802822
0.264788
0.625157
0.830118
0.623387
0.375019
0.124093
0.585222
0.806495
0.32217
1.17901
0.524963
1.39818
0.475641
0.712368
0.665178
0.739478
2.18139
0.78368
0.566792
0.806775
0.776227
0.530848
0.651107
0.878808
0.760695
-0.223175
0.714252
0.725917
0.808156
0.372872
0.789299
0.241112
0.823583
0.703932
0.739234
0.812508
0.731085
0.126344
0.303166
0.639988
1.02512
0.646579
0.56966
0.661629
0.599299
0.840276
2.28557
0.677312
1.22227
0.612474
0.725242
0.597636
0.33048
0.744533
0.579018
0.666676
0.761473
0.880296
0.308854
0.729935
1.11824
0.707692
1.11205
0.736855
0.622785
0.7623
0.944366
0.813111
0.700722
0.571033
0.7418
1.1534
0.545848
0.685856
0.700835
0.677927
0.679185
0.836173
0.73671
0.712278
0.348072
0.689923
1.31955
1.06016
0.624843
1.12798
2.70165
0.562152
0.800881
0.28823
0.215591
0.595471
0.647299
0.800197
0.842925
0.727288
1.65729
0.203707
0.675995
0.218488
0.817761
1.10521
0.880317
0.580434
0.741573
0.969294
0.608765
1.25501
0.815635
0.728195
0.350825
0.676722
0.706766
0.623467
0.414127
0.733231
0.77873
0.63824
0.572526
0.596709
0.668716
0.710148
0.827853
0.815101
0.687687
1.50596
0.619997
0.792379
0.815634
0.687688
0.594357
0.985675
0.604852
0.698153
0.790473
0.535022
-0.382003
0.463219
0.377722
1.03184
0.627049
0.738131
1.15679
0.660893
0.700376
0.872102
0.642533
0.207892
0.868259
0.837243
0.871413
0.816349
0.878103
0.849162
0.724918
0.74228
0.815119
0.779042
1.16306
0.741806
0.626733
0.621647
0.73899
0.83073
0.562078
0.77384
0.759051
0.935394
0.309403
0.699765
0.636158
0.770327
0.71798
0.784827
0.991788
0.836735
1.23686
0.818186
0.876272
0.641424
0.960874
1.0108
1.25902
1.19889
0.583881
0.732952
0.710371
0.590071
0.643447
0.641319
0.781624
0.708173
1.04859
0.599897
0.292745
0.777427
0.241254
0.818767
0.593917
0.798898
0.735328
0.868348
1.00574
0.994549
0.24933
0.783449
0.84037
0.522048
0.588931
0.799098
0.769218
0.855021
0.726844
1.08861
0.857076
0.566202
0.728605
0.721848
0.734088
0.693932
1.03565
0.665967
0.632498
0.819707
0.945739
0.598115
0.631825
0.681343
0.679715
0.589668
1.26375
0.660561
0.994508
1.15913
0.585881
0.744248
0.613685
0.703453
0.551822
1.14165
0.823768
0.970524
0.800915
0.714257
0.499753
0.795769
0.724972
0.631567
0.261757
2.39207
1.1749
0.838291
1.02268
0.844016
0.69816
1.08504
0.983643
0.753241
0.723749
0.746341
0.264777
0.847787
0.745649
1.20915
0.667164
0.697821
0.607364
1.15359
0.33876
0.718904
0.827625
0.765458
0.814396
0.796083
0.680752
0.770261
0.579113
0.786272
0.651306
0.247284
0.55637
0.38279
0.657112
0.637873
-0.389693
0.719247
0.301687
0.740183
0.73801
0.677831
1.08147
0.928813
0.773147
0.833549
0.664865
0.685641
0.690163
0.714634
0.712216
0.610102
0.713391
0.81978
0.758945
0.68976
1.88744
0.77855
0.628953
0.826221
0.616015
0.737015
0.984387
0.593704
1.99894
1.01735
0.716437
1.03043
0.788245
0.502875
0.815937
0.960668
0.313735
0.717731
0.728266
1.3075
0.829121
0.666988
0.732241
0.735367
1.93547
0.636792
0.597217
0.83825
0.696082
0.821463
1.09248
0.590279
0.876921
0.78557
0.587371
0.743299
0.726051
0.72848
0.277641
0.936313
0.837199
0.824034
0.684779
0.132943
0.989469
0.723004
0.72556
0.95203
0.636737
0.726648
0.643056
-0.390978
0.820275
0.602366
0.342217
0.715151
0.784903
0.755511
0.853986
0.658838
0.287796
0.795483
1.0498
0.339359
0.592703
0.704235
1.26519
0.817043
0.74005
0.721159
0.65419
0.6125
0.807268
0.742686
0.596792
0.671419
2.38867
0.872115
0.15323
1.30117
2.18419
0.691896
0.683636
0.749953
0.588115
0.873217
0.603281
1.45845
0.832602
0.671035
2.26306
0.691925
1.47133
0.663874
0.651104
0.729683
0.699371
1.17135
0.649789
0.77748
0.826642
0.727753
0.647395
0.475935
0.688172
0.769129
0.985704
0.451058
0.401412
0.903955
1.14091
0.727797
0.687657
1.20684
0.709523
0.66702
0.697559
0.576249
0.732801
0.876886
0.57972
1.78144
0.634456
0.746448
0.816312
0.810788
0.697708
0.996079
0.649647
0.631125
0.714883
0.821542
0.140253
0.630359
0.730017
0.511505
1.02184
0.818426
1.90498
0.714205
0.619894
1.04066
0.185664
0.57556
1.00636
0.727472
0.823974
0.610862
0.628611
0.654808
0.740587
0.795542
0.659662
0.68815
0.627806
0.782886
-0.158698
0.760073
0.722459
1.16393
0.989808
0.596556
0.846157
0.867736
0.607529
0.558362
0.53547
1.07085
0.529962
0.651654
0.215268
0.837803
0.588189
0.9156
0.554708
0.721098
0.49889
0.826875
0.793515
0.865127
0.557571
0.80372
0.649735
0.735065
0.564846
0.990783
1.14346
0.642503
0.796312
2.17778
0.699534
0.167986
0.716783
0.641256
0.755441
0.614892
0.533019
0.642102
1.03721
0.506549
1.18162
0.605725
0.827575
0.253976
0.750493
0.700881
0.818089
0.888649
0.843221
0.68369
0.800538
0.511495
0.736041
0.684131
0.783723
0.00892224
0.610872
0.638481
0.600816
0.658598
0.624078
0.6505
0.74393
0.686151
0.702992
0.53211
1.254
0.743233
0.715454
0.64357
0.75063
-0.218801
0.73496
0.677096
0.832494
1.36463
0.576599
0.613981
0.569742
0.717331
-0.255864
0.873154
0.854431
0.835317
0.66904
0.762396
0.723521
1.12479
0.638801
0.824436
1.18638
1.15558
0.70454
0.39594
0.717258
0.721491
0.753356
0.728727
0.584117
0.591426
0.5562
0.610498
0.644513
0.663188
0.757664
0.853506
0.669169
0.640837
0.642604
0.897944
1.10601
1.06796
0.577779
0.737029
0.667292
0.95262
0.661464
0.560558
0.573767
0.753859
0.521637
0.615865
0.57343
0.642118
0.685564
0.824955
0.614359
0.648537
0.465844
0.719473
1.10616
0.863228
0.784635
0.763064
1.01616
0.817723
0.781366
0.695723
0.820741
0.627774
0.599913
1.16773
0.767053
1.14672
0.902882
1.09227
0.772325
0.504572
0.396589
1.16638
1.02694
0.854092
0.842795
0.401293
-0.422225
0.708032
1.33281
0.709377
0.695854
0.0924576
0.627041
0.638183
0.0985107
0.864215
0.833219
0.617125
0.706841
0.603928
0.830323
0.751398
0.874938
1.19305
0.732949
0.71841
1.26462
0.539555
0.756039
0.572203
0.772919
0.650151
0.242826
0.801302
0.594445
0.69347
0.650689
0.504556
0.849373
0.557099
0.673079
0.830214
0.686924
0.68147
0.705992
0.790848
0.651677
1.79882
0.86439
0.740701
0.368873
0.148515
0.672463
0.765472
0.243204
0.42736
0.554302
0.356758
0.553069
1.99621
0.681674
0.745903
2.23238
0.635045
0.706052
0.782795
0.548519
0.842082
0.606129
0.835232
1.006
0.543255
0.848021
0.220788
0.893755
0.646324
0.471666
0.818838
0.996666
0.75124
0.525467
0.551733
0.714924
0.859985
0.855281
0.861969
0.664191
0.827295
0.642673
0.754734
0.658044
0.643503
0.68055
0.797424
0.705643
0.798054
0.98883
1.03552
0.400871
0.821174
0.921635
0.167728
0.861961
0.592875
1.09297
0.708087
0.273102
0.843695
0.5569
0.700946
0.770257
0.532404
0.805606
0.870187
0.687672
0.845224
0.791431
0.875233
0.822877
0.422286
0.572703
0.997537
0.801563
0.797796
0.618836
0.592998
0.754518
0.793001
0.847256
0.794862
0.687091
0.930156
0.616957
0.558986
0.896239
0.980673
0.589572
0.874473
0.826129
0.729812
0.955024
0.606819
0.829357
0.577126
0.640246
0.565342
0.594494
0.797581
0.704146
0.673558
0.604872
0.704813
0.349177
0.615318
0.568893
1.81411
0.50321
0.674211
0.745449
0.234571
0.924365
0.760191
1.02737
0.751051
0.847286
0.62629
0.766207
0.679489
0.958651
0.677929
0.554382
1.50833
0.822321
0.761275
0.658514
0.72504
0.630256
0.698927
0.608365
1.12449
0.822014
0.526673
0.810522
1.07704
0.824106
0.718649
0.685518
0.66981
1.05705
0.713298
0.730156
0.718429
0.837568
0.833949
0.983031
0.818822
0.527764
0.598148
0.771713
0.804369
0.730607
0.608084
0.784371
0.23322
0.868007
0.638207
0.159555
0.668346
0.590922
0.591726
0.806368
0.381064
0.699238
0.809038
0.863642
0.863239
0.616287
0.160241
0.633734
0.635285
0.656614
0.708411
0.911046
0.651413
0.770948
0.573633
0.83293
0.774802
0.713162
0.641654
0.0399579
0.709831
0.147021
0.799623
0.610911
0.876663
0.824393
0.705554
0.816252
1.56939
-0.159379
0.842599
0.839796
0.787952
0.726455
0.488015
0.857162
0.772755
0.582258
0.823576
0.5664
0.895787
1.16175
0.907348
0.951981
0.814072
1.17625
0.744984
0.862853
0.588522
0.836639
1.86612
0.846432
0.667334
0.85242
1.09164
0.764881
1.07655
1.18637
0.725002
1.3522
0.97385
0.533388
0.897736
0.814975
0.618948
0.737374
1.14292
0.888612
0.832376
0.722341
0.675064
1.20865
0.611486
1.46303
0.435369
0.203089
0.292626
0.861027
0.421017
0.711994
1.10218
0.580521
0.778771
0.517651
0.567713
-0.314347
0.734727
0.898043
0.731895
0.836599
0.397547
1.55888
0.786629
0.634614
0.585943
-0.348608
0.689183
1.45881
0.632945
1.19335
0.827931
1.09628
1.24996
0.723566
0.452275
0.606148
0.192082
0.516101
0.630674
0.861005
0.823093
0.79316
-0.469467
0.642693
0.588786
0.652648
0.69587
0.751579
0.793549
0.628517
0.872682
0.896853
0.770461
1.96548
1.17459
0.608085
1.19992
0.811007
0.723514
1.00922
0.8403
0.746324
0.872464
0.828545
0.658464
1.16028
0.862906
1.33394
0.744283
0.698
0.601855
1.06119
0.545465
1.19423
0.612639
0.361335
2.37791
0.725204
0.983856
0.541322
0.801824
0.599567
0.929987
0.527729
0.815254
0.527314
0.877135
0.497821
0.58282
0.783511
0.714333
1.11428
0.704477
0.802696
0.642041
1.0731
0.802957
0.86514
0.881983
2.45628
0.615756
0.793593
0.500571
0.68867
0.724232
0.816259
0.775532
0.709066
0.651339
0.599256
1.06276
0.198944
0.717544
0.816822
1.40076
0.820304
1.12433
0.67091
1.03854
0.738637
0.730583
0.763223
0.619046
0.137819
0.645817
0.635237
0.597154
1.17404
0.796694
0.289682
0.633785
0.834357
0.110983
0.611065
0.70259
0.892402
2.20946
0.650351
0.603682
0.555628
0.639303
0.1776
0.793719
0.864862
1.27341
0.577646
0.569037
0.813966
0.577985
1.12463
0.662045
0.922459
0.824964
0.121036
0.648584
0.751963
0.478928
0.839618
1.30281
0.905543
0.406316
0.7357
1.94808
1.21691
0.288027
0.847593
0.809716
0.665144
2.33573
0.829598
0.43676
0.598599
0.765739
0.600983
0.856529
0.415572
0.63339
0.716268
1.85717
0.785317
0.993158
0.765012
0.802313
0.788328
0.889079
0.738896
0.723707
0.587246
0.658622
1.18879
0.597398
0.458808
1.21609
0.681035
0.819384
0.394928
0.722601
0.828391
0.800571
2.53973
0.722456
0.85454
0.426623
0.815142
0.823315
0.886582
0.648296
-0.0633
0.841805
0.597265
1.04232
0.658804
0.712012
0.551227
0.624207
1.20195
0.77573
0.790105
0.534139
0.620496
0.835778
0.783841
0.850004
1.51168
0.776823
0.96649
0.85789
1.1029
0.714303
0.855714
0.148925
1.14031
0.863973
0.52973
1.18093
0.836388
1.31792
1.18401
0.766957
0.54587
1.08165
1.11119
0.738087
0.851158
0.853051
0.789455
0.687545
1.38266
0.719352
0.818539
0.75122
1.16239
0.793541
0.420025
0.709256
0.663973
0.781987
1.50005
0.817736
0.770538
0.742337
0.651526
0.907418
0.772399
1.09562
0.721587
0.529382
0.321462
1.21815
1.0663
0.707392
0.591283
0.630151
0.665272
1.26039
1.08256
0.728649
0.354973
0.834232
0.123948
1.16004
1.52939
1.26786
0.804936
0.754912
1.17435
1.19686
0.617089
0.324553
1.17813
2.2189
0.655174
0.674049
0.59479
0.575745
0.821431
0.737292
0.561851
1.13725
0.564883
0.63053
1.03346
0.711775
0.525902
0.794777
1.21227
1.18081
0.800655
0.801696
0.836507
0.75492
0.813664
0.764621
0.78901
0.903537
0.174385
0.662438
0.778183
0.733293
0.73228
0.799268
0.817301
0.591031
0.553323
0.573099
1.20407
0.332756
1.14346
0.558594
0.825391
0.969947
0.602811
1.02667
0.844599
1.3292
0.867857
0.820839
0.845909
0.767572
0.761918
0.271951
0.798584
0.732619
0.796255
0.533407
0.633796
0.698925
0.708919
0.833537
0.561905
0.840185
0.529484
0.779062
0.673624
1.10809
0.547889
0.315673
1.1356
0.795482
1.17897
0.567083
1.32418
1.06594
0.63301
0.665106
1.2598
0.984309
0.786359
0.803327
1.03128
1.18168
0.678322
0.919284
0.807148
0.884632
1.74742
0.93955
0.835509
0.829777
1.09005
0.771621
0.453033
0.8292
0.811576
0.549237
0.335486
0.952628
0.677345
0.541438
0.787137
0.58841
1.15613
1.17945
0.93709
1.21108
0.601388
0.134304
0.536984
0.728895
0.753974
0.811893
0.849628
0.794698
1.12239
0.728633
1.47934
1.33539
0.795816
0.495229
0.828946
0.762189
0.668597
0.821728
2.33067
0.757925
0.548568
0.707947
1.35796
0.640415
0.545636
0.870411
0.76973
0.74733
0.609811
0.520209
0.123094
0.781809
0.595731
0.835498
1.20068
0.754362
1.21218
0.752538
1.07572
1.53268
0.8109
0.255002
1.02027
0.749553
0.644441
1.20196
0.57317
1.50176
0.741555
1.50469
0.747131
1.36635
0.84199
0.440413
0.754438
0.704421
2.03949
1.26756
0.939946
1.03359
0.755078
0.751386
0.524762
0.843073
0.654653
1.12012
0.620924
0.0444336
1.08696
0.416245
0.704177
2.27643
0.877165
0.826867
0.807407
0.692667
0.627472
-0.306577
1.13308
0.801885
0.718333
0.619838
0.734682
0.782884
0.501205
0.631736
0.731774
0.78429
0.908116
0.837373
2.11197
0.551258
0.722934
0.739385
0.655741
1.17645
0.707054
0.590852
0.749065
0.733803
0.749787
0.864224
0.444308
0.57091
0.415928
0.829623
0.460451
0.157846
0.75878
0.824062
0.928656
0.582497
1.07243
0.640548
0.961623
0.659109
1.07853
2.58854
0.617192
1.00003
0.809158
0.82041
0.652797
0.719216
0.589245
0.789726
0.87509
0.788304
0.818085
0.215444
0.622875
0.770852
0.978102
0.523076
0.785889
0.790695
0.834042
1.1127
0.754323
0.664852
2.40849
0.748235
0.812968
2.21954
0.77978
1.20928
0.818681
0.652701
0.0701758
0.602691
1.49396
0.758153
0.696115
0.853081
1.22748
0.140686
0.832292
0.911648
0.468612
0.760818
0.890503
0.562634
0.808676
0.999348
0.810144
0.821494
0.710536
0.86818
0.226078
0.653062
1.18698
0.772066
1.39829
0.116093
0.997634
0.809206
1.38973
0.790077
0.820217
1.10512
0.683867
0.730109
-0.481988
0.76051
0.593177
0.794067
1.23369
0.636283
0.529239
0.713497
0.867002
0.543764
1.1471
0.769793
0.789613
2.09172
0.754823
0.582207
0.88592
0.872317
0.654927
2.15727
0.119179
0.850661
0.877158
0.785918
0.820744
0.852704
0.812406
0.854168
0.937419
2.19183
0.729167
0.790955
0.809706
0.85839
0.670845
0.790228
0.680154
0.620305
0.562895
1.19833
0.757791
0.747787
0.780174
0.424672
0.700497
0.762907
0.417669
0.851355
0.0655362
0.585672
1.22091
0.989502
1.14718
1.28489
0.187156
1.71319
0.791468
0.124103
0.779733
0.671335
0.769495
1.15922
0.875887
1.18364
0.437306
0.991093
0.653864
0.158006
0.701828
1.15894
1.22651
-0.0136508
0.779551
0.820181
1.21673
0.598863
0.863569
0.219983
0.825677
0.997404
0.801221
0.632925
0.78577
1.29414
0.618152
0.65599
1.07039
0.151537
0.656022
1.82887
0.784529
0.856423
0.754087
0.524844
1.46348
0.71698
0.719273
0.908154
0.57803
0.601353
0.651598
0.887381
1.09466
0.918302
0.821634
0.117793
0.612687
1.02109
0.618986
0.450383
0.756414
0.811581
0.755464
0.661707
0.757776
1.18198
0.848414
0.434365
0.629472
0.134192
0.96026
1.2718
0.514728
0.961846
0.804321
0.83527
0.876716
0.804208
0.89202
0.357544
0.740577
0.735932
0.111504
0.664491
0.59587
0.774555
0.618886
0.782099
0.864356
1.0165
2.07924
0.621793
0.147453
0.571197
0.162746
0.649601
0.876196
0.829788
1.16169
1.15751
0.704587
0.592439
0.953356
0.70131
0.645939
1.17609
0.597511
0.865843
0.806327
0.816307
1.22232
0.738847
0.618948
1.09128
1.17944
0.722762
0.77565
0.85273
0.835017
0.773549
1.1357
1.17441
2.15025
0.943835
0.447957
0.761258
0.727221
0.345648
0.773579
0.878134
0.558621
0.791591
0.692132
0.885264
0.781597
0.646596
0.899366
0.630483
1.17635
0.836112
0.871894
0.855262
0.87696
0.853559
0.295323
0.688123
0.585768
0.85654
0.818145
0.822853
0.796245
0.87263
0.70241
0.735958
1.71573
1.12883
0.672079
2.38896
0.640497
1.13623
0.631946
0.697274
-0.361816
0.864854
0.629095
0.770007
1.23369
1.14336
0.643388
1.17148
1.2475
0.588125
0.674477
0.801945
0.571057
0.855158
0.337113
0.890699
0.812584
1.04386
1.25837
1.04355
0.499224
0.493622
0.438787
0.831926
0.679895
0.798831
0.755419
0.768148
0.133867
0.712427
0.88718
0.760193
1.06049
0.778584
0.86556
0.868089
0.130188
0.899758
1.17895
0.614159
0.839699
0.594298
0.894236
0.45826
0.810121
0.826337
1.70189
1.48247
1.10081
0.764225
0.721103
0.576197
1.07506
1.45479
0.562266
0.806028
1.20909
0.826816
1.37961
0.477932
0.682852
1.09273
2.13956
2.35312
0.842397
0.811727
1.17272
0.882256
0.864892
0.587242
0.608193
1.53643
1.12724
0.803424
0.770451
0.828061
0.854378
0.588041
0.120298
0.885131
0.418917
0.653555
0.230175
0.627031
1.0126
1.10064
0.855953
2.05543
0.695805
0.113225
0.895294
0.692168
1.12736
0.580322
0.787358
0.834679
0.959572
0.864875
2.31061
0.0859888
0.726356
0.592672
1.10602
0.783414
0.818535
1.17374
0.789472
0.704523
0.863376
0.838782
0.924741
0.667882
1.22229
0.778191
1.0527
-0.353337
1.11923
0.57487
0.814007
1.35876
0.776778
0.927375
0.712445
1.17578
0.0952572
0.839134
0.61328
1.24375
0.755005
0.770581
0.768905
0.80098
0.852455
0.569813
0.853608
0.761236
0.694108
0.756125
1.11951
0.779387
1.13199
0.634793
1.10995
0.778359
1.03262
0.735774
1.11232
0.719074
0.446901
0.953163
1.44351
0.989462
0.740361
0.682112
0.390904
0.369975
0.0967104
0.413368
0.855582
0.83014
1.21803
1.35566
0.101645
0.741908
1.88119
1.01725
0.660726
0.813387
0.722176
0.460226
0.698068
0.879518
0.833203
0.810821
0.619548
0.974207
0.649845
0.720845
2.06452
0.438532
0.639389
0.850675
0.761433
0.684022
0.132859
1.02504
0.67047
0.595816
0.595993
0.784513
0.825532
0.844615
0.837031
0.891636
0.763926
0.861848
0.871223
0.866523
1.07216
0.640362
0.783825
1.02751
0.816727
2.54897
1.07974
0.768161
0.705925
1.24809
0.574594
0.606154
0.692838
0.76887
0.704858
0.862382
0.641766
1.39101
1.98311
0.706829
0.643692
1.25781
0.765429
1.22607
0.750041
0.823177
0.381369
0.937941
0.892105
0.853575
1.92764
0.528286
0.701342
0.796829
0.838078
1.34426
0.42132
0.668109
0.779635
0.715297
0.894644
0.747842
0.854155
0.894801
0.538031
0.190916
2.26993
0.836018
1.19378
0.779891
0.383374
0.758668
0.606131
0.756726
0.638643
0.719612
1.15592
2.39734
0.467596
0.774649
1.48874
1.02528
0.585139
0.479784
1.1656
-0.0548056
0.819271
0.805798
1.07975
0.886623
0.652022
0.855307
0.844151
0.907702
0.644426
0.391943
0.890801
0.7818
0.751763
0.786735
0.201692
0.784391
1.42088
0.987837
1.23659
0.862691
0.70758
0.78843
1.12526
1.17222
0.769534
0.814633
0.77278
0.640371
0.281766
0.797457
0.840648
0.83089
1.86021
0.794373
0.722335
0.519611
0.824113
0.723662
1.16865
1.17068
0.403279
0.685244
0.203112
0.738937
0.677837
0.782277
0.863331
0.563828
0.730475
0.803995
0.80328
0.678556
0.58768
0.267841
0.599874
2.2292
0.929575
0.100069
0.822104
0.79308
0.234509
0.726184
0.693664
0.29837
0.905694
1.04322
-0.35437
0.389268
2.20474
0.722366
0.924736
0.584177
0.782332
0.829165
0.130705
0.859384
1.42247
1.43978
0.691016
0.141708
0.857292
0.817322
0.84775
0.822849
0.345544
0.80413
0.196577
0.665702
0.0800921
0.512254
0.531699
0.534345
1.00563
0.954801
0.731668
0.22222
0.536592
0.545767
0.717653
0.805497
0.0842864
0.714084
0.509159
0.357921
0.935997
0.822997
0.765527
1.13927
0.689538
0.608733
1.01715
0.0878599
2.036
0.88784
0.724935
-0.103496
0.113018
0.593613
1.24549
0.398723
2.46196
0.731223
0.567236
0.532683
0.822652
0.806924
1.04757
0.862205
0.116563
1.11654
1.39832
1.25959
1.2138
0.766376
0.820142
1.27386
0.832857
0.824391
1.10381
0.799154
0.64237
0.824495
0.437315
1.87913
1.33014
0.836451
1.01187
0.531735
0.833121
0.621152
0.109513
1.16928
0.0827464
0.752301
0.80376
2.15919
1.33416
2.30291
1.1806
0.787116
0.665031
0.827536
0.696201
1.09703
0.715884
0.782148
0.613985
0.604357
0.775153
0.173594
0.862046
0.399466
1.28484
0.820061
0.871326
1.18858
0.860042
1.04258
1.01897
0.891168
1.07486
0.863572
0.886691
0.81365
0.850113
0.716296
0.83199
0.825587
0.641861
0.987117
0.797575
1.02089
1.94043
0.556671
0.819943
1.11215
0.880164
0.940863
0.313072
0.877026
0.787249
0.601536
0.828179
0.79562
0.158726
0.793893
0.791742
1.50784
0.808303
0.930515
-0.409147
0.941662
2.53808
0.829208
0.79804
1.66655
0.883757
0.274378
0.774181
0.779866
0.825081
0.823237
0.766286
0.667328
0.464482
0.721599
0.76082
0.740768
0.793644
0.820045
0.579693
0.71926
1.08655
0.921322
0.410915
0.997704
1.77807
0.83335
0.837808
0.98418
0.585163
0.614397
0.894625
0.734747
1.1671
0.875152
0.819231
1.51561
1.16397
2.51048
0.802626
1.15836
1.29429
0.230175
0.828438
0.958001
1.00729
0.806715
0.739808
0.763768
0.535864
2.39036
0.824087
0.656805
0.820435
0.520486
0.760587
0.873055
1.03687
0.876555
0.572931
0.387549
0.829974
1.2532
1.38726
1.09158
0.168112
0.604758
0.828105
0.749334
0.0911221
0.77961
0.661109
0.707028
0.601877
1.13653
0.968021
0.83541
0.66876
0.599375
0.536441
0.597564
0.856601
1.079
1.03301
0.855792
1.54348
0.820832
0.781522
0.794149
0.80239
0.0709646
0.69884
1.1221
0.686965
0.841414
0.976843
1.06076
0.737076
0.441297
0.18204
1.71986
0.643988
1.26791
0.578149
0.639355
0.772214
1.16614
0.451376
1.01316
0.615052
1.5222
0.772817
0.815431
0.797482
0.211584
0.613786
1.26956
0.650108
0.762053
1.0172
0.768601
0.848792
0.364982
0.852409
0.807162
0.78154
0.572729
1.25403
1.49934
0.764052
0.832045
0.557486
0.825847
1.07285
0.71712
1.25415
0.839734
0.869743
0.656585
0.873424
0.98856
1.0955
0.879217
0.657974
0.0144567
0.885205
0.366125
0.898498
0.783264
0.702396
0.405656
0.307383
0.711161
0.560189
1.26795
1.19924
0.566361
1.35116
0.99278
0.807742
1.11714
0.793099
1.15945
1.19585
0.878743
0.414325
0.672426
0.958862
0.790337
0.7181
0.834453
0.758374
1.23839
1.12619
0.538948
0.786564
1.15102
0.883844
0.727109
0.812345
0.76942
1.73243
0.615692
0.818578
0.534537
0.712679
0.566344
0.895256
0.689677
0.394015
0.831655
0.985603
1.10912
1.11908
1.25223
0.843587
0.133787
0.753397
0.936442
2.12728
0.976833
0.808132
1.12479
0.820715
1.18487
0.61258
0.613279
0.863972
0.480383
0.261713
0.796176
0.682545
1.09422
0.663838
1.10801
0.686141
0.133755
0.568154
0.600242
0.883744
0.830246
0.74228
0.787596
0.680948
0.908127
1.11281
0.604038
0.737158
0.859736
0.864763
0.618123
0.653088
0.483709
0.727591
0.138707
1.11462
1.12559
-0.430893
0.770567
0.7051
0.784778
0.739937
0.826598
1.20171
1.10428
0.861678
0.826193
0.697599
1.12429
0.845425
1.3502
1.11123
0.563256
0.727996
2.54372
0.693043
0.725761
0.827401
0.696798
1.23347
0.737205
0.88664
0.567419
0.741065
1.36701
1.45574
0.650066
1.22431
0.786413
0.834465
0.390671
0.178707
0.819793
0.797408
0.830588
0.768194
0.814983
0.808124
1.2495
1.23562
1.16189
0.773948
0.343828
2.29797
0.818811
0.23175
0.816348
0.751866
0.827348
2.28815
0.658572
-0.404256
0.840502
0.761474
0.356507
0.711867
0.739978
0.743309
0.588268
0.727513
1.10801
0.578521
0.452143
0.633676
0.719601
0.994255
1.2321
0.98829
0.813623
0.0653759
0.766518
1.14926
0.863477
0.799228
0.800014
0.369745
0.0465526
0.711043
0.473082
0.0766445
0.658468
1.03316
0.858796
0.567394
1.22817
0.75818
0.555538
0.593868
0.834249
1.17101
0.51736
0.778504
0.848205
0.799526
1.23079
0.747427
0.698774
1.26304
0.83166
0.835901
1.11179
0.823641
0.719075
1.11573
0.807083
0.854336
0.521431
0.869333
0.627999
1.32866
1.04045
1.28558
0.876711
1.09468
0.512169
1.46235
0.77554
0.861574
0.971976
0.65734
0.807654
1.17513
0.596516
0.697808
0.737435
0.960152
1.5502
0.823585
0.436319
1.15394
0.596882
1.17084
1.29045
0.631614
0.813819
0.767156
2.24793
0.848327
0.347776
0.624891
0.802563
1.1068
0.823244
0.806305
0.895079
2.00989
1.50644
1.14354
1.54635
0.570774
0.820115
0.213789
0.778877
0.994383
0.807369
0.805594
1.50477
0.208952
1.04085
0.512389
0.986314
0.748131
1.15317
0.484041
-0.486801
0.832292
0.298251
2.38389
0.794001
1.11424
1.23534
0.71411
0.884098
1.32342
1.25968
0.569005
0.819416
1.02974
0.685555
0.867664
0.710471
0.739761
2.20606
0.80918
0.763489
0.850268
0.590818
0.366692
0.89526
0.808818
0.828473
0.760946
0.771304
0.57502
1.38686
0.0716389
1.4479
1.28862
0.324022
0.819966
0.886367
0.736687
0.843653
0.672411
0.72303
0.81386
0.753006
0.742937
0.7884
1.37345
0.78166
0.787957
0.292121
1.17266
0.861016
1.16932
2.61679
0.833166
0.598328
2.38716
1.12515
0.818103
0.853286
0.825913
0.811847
0.695722
0.652501
0.843991
0.269453
0.607095
1.32734
0.576939
1.1075
0.953629
1.21315
0.739532
0.182944
0.693139
0.956956
0.801463
1.16553
0.835795
0.601576
0.373004
0.841065
0.59501
0.806104
-0.392676
0.765472
0.811393
0.859869
0.861394
0.816398
0.790877
0.302207
0.840139
0.729667
0.132278
1.52869
0.650142
0.289418
0.714001
0.592368
1.03991
0.140662
1.22457
0.827281
0.87611
0.843719
1.19796
0.792273
0.897537
1.08528
0.841899
1.72889
0.97119
0.827621
0.681939
0.193383
1.964
1.25626
2.16721
0.786153
0.258597
0.633404
0.782941
1.15987
0.595348
0.984916
0.891668
0.633481
0.812776
0.570576
0.125092
0.79926
0.590704
0.716
0.76796
0.780642
0.746875
1.31821
1.38261
0.766181
0.711924
1.31477
1.05985
0.855875
0.892394
1.20031
0.87261
0.815694
0.99125
0.951652
0.773812
0.857991
0.0711807
1.22311
0.850977
1.01918
0.778786
-0.325827
0.800945
1.27038
0.753614
0.746414
0.96356
0.810184
0.525985
1.1161
1.22689
0.727931
0.610084
0.124438
-0.369986
0.780457
0.694104
0.763361
0.834845
0.295426
1.52785
0.822617
0.725692
1.13976
0.820085
0.808342
2.2338
0.70549
0.859647
0.851874
0.711803
0.833074
0.605209
0.588559
0.822494
0.746217
0.694745
0.801934
0.785052
1.20351
0.307471
1.24143
1.16762
0.756057
0.810425
0.380022
0.69645
0.577936
0.798511
0.528404
0.527451
1.00505
0.733506
0.804696
0.835503
0.824961
0.732775
1.30132
1.11415
0.767512
0.587882
0.415357
0.517782
0.81197
-0.306404
1.638
0.776119
0.876065
0.809058
0.781206
0.588964
1.22975
2.07515
0.774378
0.567694
0.596032
0.799153
0.669861
0.814531
0.789257
0.702573
0.749241
0.74042
2.4373
0.52446
0.885111
0.856063
0.741298
1.21279
-0.237122
0.816804
0.632296
1.67842
1.11354
0.810203
0.865368
0.552603
0.810757
0.816366
0.558365
0.50247
0.713126
1.35417
2.36051
1.13809
0.857656
1.2762
0.788789
0.849372
0.641647
0.271387
1.00709
0.754471
0.689412
0.266208
0.616551
0.809399
0.816742
2.26209
0.891239
1.57252
0.825891
0.69776
0.426287
1.25968
0.589918
0.327971
0.773174
0.677787
1.25328
0.830442
0.808303
0.77924
1.20962
0.836246
0.816473
0.539553
0.876979
0.669753
1.12331
0.856866
0.571901
0.639124
0.895563
1.19169
0.598344
1.11256
1.14359
0.427645
1.32674
1.0782
0.755853
0.278055
0.61423
0.882134
0.805136
0.701331
-0.196712
0.0708532
1.21241
2.17325
1.28644
1.30543
0.845768
0.0899188
0.816825
0.883922
1.14406
1.26189
0.825366
0.641108
0.877328
0.200534
1.22774
1.10622
1.09369
0.718489
0.616548
0.922342
0.792319
0.595228
0.845628
0.882607
0.804146
1.10529
0.821506
1.25914
0.823726
0.734667
0.300278
0.134244
0.963755
0.83274
0.821955
2.65909
1.17313
1.35305
0.583091
0.565171
0.869657
0.864908
0.651832
0.778271
0.85682
1.32019
2.12106
1.18689
1.13706
0.794792
1.99995
0.757232
0.780947
0.702475
0.808229
0.775917
0.812539
1.44606
1.24477
0.331206
0.740219
0.709616
0.879536
-0.433551
1.2295
1.19494
1.15059
0.796429
0.699604
0.750875
0.850128
0.828607
0.665013
0.867126
0.259729
0.865092
0.836012
0.821512
1.11891
0.604661
0.79436
1.17005
0.716066
0.835885
0.575351
0.611454
0.831574
0.745108
0.156142
0.83816
1.1777
0.48351
0.776262
0.810707
0.743113
0.820331
0.653521
1.15695
0.824848
0.34997
0.629313
0.775047
0.578528
-0.302265
1.48512
0.907102
0.855638
0.189955
0.895993
1.93253
0.463366
0.106658
0.715041
1.10907
1.19435
1.0791
0.751335
0.780169
0.522405
0.645972
0.794155
0.852908
0.9989
2.1215
0.259769
0.535973
0.65015
0.575563
0.80188
-0.458878
0.690408
0.23792
0.887126
0.976284
0.967903
1.16787
0.0301806
1.17923
0.66038
0.854081
0.695315
0.208901
1.11612
0.839503
1.21476
1.1351
0.704332
0.831683
0.886998
0.885442
0.439186
0.819447
1.14183
0.756883
0.475417
0.0799011
0.557854
1.21172
0.597403
0.0746187
-0.24769
0.822919
0.801527
0.686537
2.81927
0.727156
0.667319
1.0176
0.205032
0.880701
0.649976
0.837069
0.712644
0.40189
0.710523
1.13531
0.751818
0.823605
0.581419
0.569798
0.521608
1.14823
0.805668
1.06259
2.27623
1.03363
0.816149
0.576071
0.0767809
0.872139
1.10569
0.784935
2.12424
1.27585
1.19075
0.833363
0.698325
0.552878
0.605321
-0.0957742
2.40667
1.0488
0.811375
0.568586
1.22542
0.504639
0.562949
0.707174
0.807683
0.583391
0.715675
0.828815
0.833981
0.790882
0.365477
0.830797
0.803884
0.698134
1.14725
0.821657
0.821741
1.35978
2.31311
1.17937
0.601793
0.979543
0.757339
0.102533
0.597441
0.262368
1.02646
0.850535
0.593968
1.14164
0.968014
0.809571
0.705091
1.16036
0.70013
0.616239
1.19108
0.780316
0.784429
0.543697
1.04509
0.830706
0.839997
0.836484
1.11096
0.864287
0.654167
0.669193
0.596927
0.877607
1.0111
0.759104
0.881321
0.266596
1.16637
0.859018
0.627101
1.20755
0.878739
0.381374
0.862669
0.838019
0.837468
0.559547
0.466283
0.830445
0.684852
1.38292
1.2268
0.825892
0.844568
1.1051
2.09423
0.795833
0.485468
0.799761
1.27543
0.799538
1.30775
1.08082
0.557263
0.760779
0.822125
0.808825
0.178206
0.799706
0.881756
0.805426
0.465932
1.20569
0.727156
0.96694
0.750244
0.789628
0.271281
0.75434
1.01312
0.805927
-0.375095
1.16323
0.621676
0.167898
0.797499
0.709363
0.649223
1.0947
2.29035
0.960218
0.824674
0.831002
0.218678
1.15515
0.491682
0.743516
0.236499
0.800983
2.68847
0.71904
1.1884
0.854695
1.21679
1.06974
0.803609
1.37788
1.20684
0.964798
1.03739
0.823905
1.27784
0.790389
0.662564
0.597043
1.02257
0.950087
1.03064
0.878456
0.603525
0.668066
0.862514
0.840324
0.428465
0.685452
1.19496
0.811783
0.8118
0.744145
0.866248
0.408373
-0.495875
0.0986709
0.824161
1.00119
1.80044
0.771613
1.94351
0.882804
1.14677
0.703731
0.266716
0.821985
0.848375
0.298377
0.619042
1.15232
0.867533
1.15043
0.761685
0.859202
0.694742
1.16952
0.544924
0.808992
0.0954202
0.629865
1.10918
0.786619
0.62314
0.699237
0.833355
3.24425
0.885346
0.713117
0.802006
0.679206
0.817845
0.868632
0.797576
0.899611
0.807513
0.627807
0.63016
1.54937
0.651226
0.553295
0.181098
0.836427
0.862956
1.27755
0.821025
1.13014
1.2179
0.677838
0.882966
0.829647
0.800103
0.889457
0.204642
1.04094
0.671993
0.832171
1.43559
0.652226
0.713462
1.1683
0.204094
0.812295
0.709224
0.545323
1.5165
1.04116
1.35081
1.0153
0.836643
1.17675
2.1432
0.374874
1.19773
0.713956
0.168156
1.20709
0.792759
0.783954
0.637606
0.840898
0.759572
0.967906
1.21939
0.867791
1.14517
1.16486
1.49841
0.865595
0.78928
0.370751
0.128015
1.48999
0.849269
0.160256
0.784636
0.619592
0.771138
0.825583
0.625137
0.748471
0.776709
0.621394
2.41542
0.90211
0.0873327
0.793188
0.155282
0.716962
0.837029
0.567203
0.644937
0.843593
2.35761
0.8361
1.08003
0.275561
1.39347
0.837908
0.775589
1.22203
1.33228
0.770532
0.919072
0.837027
1.18128
1.2219
0.841758
0.888862
1.86011
0.800568
0.791859
0.568603
0.709712
0.638579
2.64526
1.13987
0.797212
0.841836
1.21296
1.209
0.783002
0.823054
1.18247
0.785664
0.170232
0.82984
0.866383
1.23575
0.983421
0.80462
0.577697
0.864246
0.617311
1.21906
1.24816
0.890649
0.422896
0.807324
1.52777
0.416661
1.27803
0.725519
1.65933
1.00781
1.2242
0.763936
0.667528
0.662371
0.815369
1.14902
0.883302
-0.444321
1.42412
0.859376
0.789175
0.839411
2.58688
0.63388
0.867316
1.18934
0.60678
0.751817
0.759645
2.0202
0.710835
0.796612
2.62548
1.30921
0.817641
0.869329
0.120653
2.05845
0.702691
0.138184
0.842767
0.732006
0.834362
0.626286
0.805306
0.820271
0.9588
0.762605
0.797136
0.716042
0.860705
0.450017
0.801296
0.142902
0.116919
1.20877
0.881484
0.835185
0.798966
0.283856
0.822142
0.714344
0.639047
0.785455
1.12736
0.733736
1.19547
0.871687
1.55613
0.860526
0.574794
0.791173
0.106291
1.10019
0.595839
0.853956
0.552142
0.421105
0.699843
0.280841
0.944493
0.614754
0.364588
0.819671
0.261179
0.656575
0.852212
0.839547
0.34394
1.34042
0.651913
0.862566
1.18779
1.19176
0.633294
1.27704
0.851984
1.19921
0.689186
0.546933
0.697479
1.18433
1.09324
0.627309
1.18543
0.549485
0.394282
0.271894
0.802979
1.09937
1.0897
0.753538
0.81266
0.463027
0.812507
1.15292
1.87301
1.17784
0.77925
0.797891
0.863699
0.597123
1.76547
0.591803
0.861109
0.711615
0.601121
1.19329
1.4142
1.22139
0.823189
0.82856
0.752883
1.10143
0.856529
0.791586
0.71893
0.999751
1.54313
0.561365
0.819361
1.18677
0.253461
0.560343
0.841867
0.792944
0.821063
0.867076
1.19449
0.858134
0.601542
0.837409
1.18501
0.716452
0.728771
0.802077
0.596066
0.557481
0.854247
1.36931
1.59214
0.650792
0.859329
0.371726
1.20842
0.846877
1.07421
0.445452
1.00157
0.760502
0.738922
0.705061
0.933752
0.843299
0.800288
0.604381
0.469304
0.843626
0.819058
0.248496
0.262132
0.696104
0.208855
1.34215
0.531845
0.816271
0.995241
0.761227
0.733552
1.47592
0.789172
0.807915
0.852275
0.893254
0.595993
1.18218
0.525875
1.23996
0.886332
0.150774
1.22
0.518573
-0.213515
0.821562
0.652247
1.05811
0.874186
0.469929
0.787765
1.3823
0.794271
2.17075
0.781022
0.535796
0.86211
0.893158
0.993102
1.39124
2.02686
0.83005
0.674919
0.571938
0.415159
1.17941
0.724977
1.1229
0.8214
0.145068
0.758916
1.05453
0.851796
0.621993
0.55116
0.878962
0.828037
0.580261
0.595984
0.668051
1.10295
0.608515
0.722264
0.84893
0.830796
1.54635
-0.50737
0.559285
0.891542
0.186743
0.641873
1.17557
1.16125
1.02301
0.80126
1.87843
0.790226
0.794408
0.760734
1.26453
0.82319
0.993385
0.834962
1.00653
0.990194
1.02686
0.918045
1.17092
1.17367
0.756972
0.408354
1.23876
2.30335
0.679927
0.896302
0.564531
0.687809
0.679352
1.38567
1.54699
0.718434
0.800242
1.03007
1.25679
0.81693
0.802973
0.850021
0.885334
0.765916
0.797531
1.87698
0.35481
0.805637
2.63333
0.781204
0.590959
0.421937
0.795247
0.813021
2.16287
0.828103
-0.11202
0.384267
0.374732
1.17576
1.07504
0.692107
0.413001
1.00178
0.988616
1.20453
0.780418
0.810518
0.618095
1.27509
1.27629
0.629228
0.867083
0.82601
0.852964
0.820044
0.133234
-0.0512304
0.819803
0.827504
1.04681
0.197231
0.528684
1.17114
0.824285
0.830871
0.870076
0.729851
0.826583
0.879006
0.326227
0.711874
0.870449
0.881203
0.768964
2.40304
0.824142
0.773012
0.84497
0.795515
0.972998
1.17586
0.257128
0.420732
0.857672
0.863332
1.2438
0.798098
0.639349
0.566559
0.668639
0.729228
0.75797
0.793845
0.773286
1.17171
-0.0976394
0.864952
0.783615
1.20426
0.359502
0.660585
0.788806
0.397274
2.05502
0.801747
0.108127
0.82903
0.987617
0.825853
0.869997
0.504565
0.987494
0.826555
0.812298
0.778201
0.882043
0.187765
0.80947
0.785062
0.756847
0.529
0.728333
0.984268
0.818622
0.820767
0.802878
0.856092
1.24961
1.0227
0.998184
0.842353
0.576242
0.796748
0.825708
2.6999
1.1378
0.172643
0.25152
0.440752
1.01237
0.575981
1.35874
0.726275
0.759105
1.07343
0.735575
0.651748
0.761387
1.14414
0.596383
1.22152
0.619035
0.159772
1.14502
1.09789
0.884212
1.0816
0.887978
0.963063
1.184
0.586928
0.591594
0.865968
0.616267
0.827169
0.21991
0.811406
1.24024
0.673904
1.44443
0.631521
0.813242
0.139998
0.125785
1.13764
0.595766
2.1298
0.684319
0.411878
0.52137
0.84129
0.635047
1.26315
2.50158
0.404551
0.494228
1.06746
0.731214
-0.378302
0.75793
0.846397
0.9335
1.19958
0.750198
0.293644
1.53222
0.43213
1.19198
1.216
0.971155
0.828037
0.940767
0.581799
0.599876
1.6096
0.824949
0.761582
0.320491
0.451511
1.36598
0.258212
0.802312
0.583771
0.790449
0.742477
0.821332
0.735565
0.668417
0.313335
0.792405
0.738565
0.839476
0.861061
1.88082
0.618171
0.773907
1.08538
0.555381
0.177442
0.865898
0.592703
0.80902
0.401451
0.605765
0.802826
1.19963
0.606434
1.09011
0.683086
0.804462
0.879164
0.219881
1.1712
0.825477
1.12138
0.00517569
0.841852
0.810221
1.2297
0.887358
0.745842
1.19559
-0.499165
0.829655
1.38752
0.853247
0.756749
0.436686
2.02459
0.830991
1.24297
0.522736
0.664479
0.895295
0.884419
0.631495
0.742822
1.26411
0.846961
0.451893
0.816269
0.569079
0.62939
0.612195
0.83546
1.22983
0.445608
1.00487
0.536301
0.866164
0.831774
0.854247
0.434829
0.799336
1.20554
0.327903
1.2582
1.03558
0.826548
0.66809
1.21248
0.789037
0.279401
0.996792
1.03605
0.745611
1.18442
0.644297
0.688656
0.393277
0.82068
0.843183
0.467004
0.979037
2.206
0.343727
0.834076
0.250439
0.820759
0.583769
0.585577
0.735214
-0.359693
0.75342
-0.157159
0.783804
1.21684
0.791784
1.21692
0.712655
0.392093
0.858307
0.782913
0.837368
2.25356
0.75996
0.245908
0.744743
0.792167
0.594524
0.681815
0.812013
0.979997
0.810383
0.851064
0.668798
1.26561
0.347297
1.19839
1.26927
0.187655
1.15195
1.46413
0.759146
1.48561
0.735782
1.12258
0.498584
0.727559
0.659799
0.829904
0.812968
0.887569
0.829078
1.6299
0.701066
0.897301
-0.0320712
0.850849
0.788975
0.489169
0.737962
0.581726
0.396942
0.839563
0.794553
0.749102
1.08444
0.736278
0.442107
0.358507
1.00254
0.890049
0.80897
0.667772
0.877319
0.761927
2.43558
0.785524
1.47323
0.59739
0.807928
1.32778
1.20567
0.167739
0.791909
0.724505
0.901755
0.769535
0.810602
0.85152
0.74121
0.712774
0.739454
0.836099
1.17955
0.544262
0.82983
2.60376
0.655275
0.996966
0.743841
1.3941
1.22346
1.5468
0.0647158
2.40072
0.848574
1.22001
1.4413
0.621994
0.825551
0.781213
1.05401
0.786797
0.772864
0.830589
0.838597
0.889764
1.33172
0.764778
1.20975
0.805237
0.63789
0.82379
0.62188
0.779466
2.09585
0.390228
0.79169
0.857292
1.16404
1.12142
0.836287
2.06984
1.17328
0.946508
-0.448345
1.30503
0.780217
1.03909
0.646341
-0.245516
0.554732
1.02211
0.840675
0.930621
0.730919
0.779063
0.87671
1.74185
1.23726
0.515013
0.609439
1.89009
0.777946
0.792457
-0.205449
1.67733
2.62352
0.700665
0.680826
0.591774
0.888308
0.198801
0.682728
0.889534
1.26104
2.27074
1.10509
0.701078
0.394489
2.15909
0.803141
0.764658
0.619859
1.11301
0.779883
0.570735
0.188928
1.09549
0.809865
0.754743
0.525003
0.853673
0.800227
0.685495
1.33427
0.784888
0.211752
0.603489
0.808282
0.595269
0.748999
0.77671
0.838177
0.778637
-0.0831312
0.756604
0.808604
1.04949
0.750977
0.824245
1.15225
0.888178
1.12409
0.686629
0.361468
1.1232
0.865714
0.768998
0.881112
0.392928
0.822393
2.00578
1.24532
0.839026
0.678033
1.13331
0.689619
1.3471
0.540607
1.24626
0.701969
0.525373
0.874168
0.415732
0.832366
2.41418
1.44183
0.737381
0.396389
0.612594
0.739178
0.24498
1.17066
0.825048
0.129814
0.142205
1.01546
0.791171
1.15871
-0.115828
1.28783
0.586512
1.06871
0.88335
0.350632
1.85915
0.87927
-0.435309
0.443936
0.844103
1.49198
0.624612
1.49327
0.297222
0.861871
0.853144
0.727063
0.805684
0.25301
0.594104
0.879982
0.0642758
0.815631
0.878066
0.645149
1.52702
0.806759
0.474884
0.807087
0.724643
0.732746
1.22611
2.53442
1.42033
0.729121
0.828359
0.788483
1.18455
0.259566
0.7733
0.640489
0.885966
1.17806
1.30551
0.807164
0.868596
1.25122
0.801719
0.558569
0.256055
0.723323
1.03793
1.10033
0.764583
1.92847
1.17029
0.563419
1.18947
2.52626
0.866009
0.592571
0.805737
0.246798
0.683125
1.17069
1.7999
0.67873
0.619415
0.722056
0.866965
1.29214
0.389105
0.936784
1.00696
0.684264
0.63329
0.605141
0.623162
1.4289
0.659313
0.562323
0.739439
0.540351
0.857104
0.866737
1.08117
0.686801
0.801479
0.0366108
0.843507
0.368352
1.08535
1.25014
0.52517
0.678205
0.39266
0.778534
0.760814
0.653173
1.02095
0.778745
0.888786
0.791048
0.770126
2.08218
1.0652
0.71081
0.955941
1.01397
1.17309
0.81971
1.30956
0.716133
1.19971
0.734114
1.08914
0.308769
0.181017
0.802702
1.22462
0.722827
0.63987
1.03051
1.164
0.590912
0.598439
0.721456
0.452808
1.00059
0.775759
0.766834
0.224561
0.779656
0.871062
0.889623
0.669013
0.802802
0.283212
0.886697
0.828283
0.60501
0.771395
0.662163
1.29095
1.02255
0.646188
0.86338
0.718732
0.189913
0.917685
1.29702
2.36229
0.792878
0.836913
0.844847
0.252558
2.23282
1.37522
1.17996
1.09489
2.29566
1.25642
1.24195
0.846236
1.06371
1.26219
0.851907
1.21529
1.28933
0.755066
0.766313
0.160232
0.384461
1.27449
1.17771
2.14568
0.893042
1.07915
0.747374
1.26107
0.805118
-0.0326559
1.00785
1.21196
1.20997
-0.330272
0.88584
0.943295
1.30129
0.571008
0.709012
0.196423
0.883124
-0.0770738
0.805383
0.648985
0.817589
2.45574
0.507687
0.875709
0.594995
0.784745
0.586713
0.702409
0.764878
1.15969
0.891058
1.4033
0.784602
0.863197
0.43879
0.726063
0.572428
0.919515
0.814325
0.891842
1.23073
0.836464
0.87703
0.624946
0.579992
1.15649
0.784608
0.84309
1.18849
0.8148
1.24979
1.1748
0.873602
0.827743
1.17455
1.18529
0.675611
0.407923
0.717986
0.819079
0.40228
1.17982
0.0168002
0.205315
0.581297
0.711903
1.16568
0.418956
0.980504
1.26642
2.34026
0.954014
1.00598
0.832977
0.731722
0.695716
2.52376
0.122688
0.774383
1.21524
2.11644
0.825398
0.797869
-0.209315
0.740303
0.921877
0.765159
0.383869
0.840037
1.28252
0.667495
2.54401
1.10592
0.847085
0.601861
0.708022
1.02705
-0.488035
1.14513
0.587927
0.523789
0.579881
0.545873
0.729709
0.835817
0.759813
-0.400792
0.595755
1.14199
0.357927
1.8414
0.78638
0.817176
0.827069
0.0849545
0.826908
1.20399
0.873759
0.81113
1.15162
0.653986
0.832245
1.16038
1.19675
0.801049
0.840977
0.864194
0.302062
0.698245
0.161492
1.85934
0.938654
1.08076
0.644043
1.05328
1.15539
0.861319
1.06567
0.865353
0.824512
1.23896
0.783467
0.852712
0.806099
0.958197
0.317801
-0.194167
0.815589
0.778681
0.972527
0.586541
0.330244
0.071333
1.32809
2.2299
0.894431
-0.468565
0.904482
0.777254
0.761783
0.222133
-0.444348
1.35592
2.26665
0.795351
0.863636
0.805916
0.603698
0.177168
0.584312
0.37133
0.708719
1.02461
-0.138428
1.07546
0.703135
0.936264
0.75896
1.03556
0.822914
1.24274
0.874266
0.678363
0.733772
2.15914
1.2183
0.709376
0.338441
0.784124
0.680799
0.804621
0.771016
0.526285
0.56278
1.4135
0.732906
0.812194
0.695907
0.751633
0.869243
0.661062
0.811701
0.756183
0.62617
0.747609
0.694153
0.400781
1.47
0.465332
0.614999
1.15204
1.29244
1.26788
1.26947
-0.110768
0.868481
0.724912
0.776372
0.0396625
0.924134
0.701803
1.08232
0.801711
0.741307
1.40768
0.617788
0.589744
0.668254
0.588189
0.77889
0.82718
0.697446
0.781085
0.972303
0.229854
0.787326
0.651936
-0.0969058
0.240132
0.741022
0.816661
0.924069
0.88923
0.553839
1.15712
1.73281
1.0404
0.77505
1.28466
0.381369
0.456716
1.10467
0.837539
0.883663
1.97016
0.212476
0.608684
0.814983
0.801362
0.334087
0.699693
0.860447
0.457606
0.228747
0.853487
0.700571
0.802927
0.533881
0.691051
0.688896
0.60553
1.09075
2.67392
0.645713
0.962107
1.21488
0.804608
0.730036
0.712725
0.563
0.685128
0.599459
0.594624
1.36774
0.856707
2.22669
0.555489
0.770014
0.288617
0.670654
0.856638
0.777029
1.18439
0.825241
0.588721
0.676903
0.813625
-0.209804
1.15763
0.979632
0.893053
0.90794
0.717202
0.885597
0.790346
0.777186
0.671702
1.21615
1.2259
0.810857
0.586602
0.889342
0.365038
1.20758
0.822688
1.17422
0.511023
2.44797
0.60829
0.606563
0.252954
0.87836
0.828382
1.4202
0.245023
0.214128
1.97379
0.860068
2.31494
2.33876
0.599769
0.627865
0.730216
0.472281
0.611448
1.19895
0.812041
0.946776
2.1753
0.912951
1.10536
0.816429
0.846045
0.708427
0.315494
0.59832
0.657758
1.27382
0.693846
0.0950355
0.438581
1.20481
0.505354
1.05569
0.86488
0.820143
0.836631
0.0341701
-0.327612
0.314693
0.785262
1.10345
0.610544
0.555458
1.04086
0.76804
0.595973
0.568623
1.95891
0.555282
0.755221
1.49242
1.39492
0.673704
1.41601
0.881434
0.765056
0.889325
2.4621
0.589107
0.934307
0.814861
0.595353
0.223798
0.599894
1.14723
0.827966
0.955614
0.584872
0.85177
0.231438
0.594495
0.390764
0.77058
1.33994
1.54258
2.17522
-0.324751
0.575337
0.851425
0.978302
0.236097
0.639348
0.794269
1.27112
1.30441
0.650074
0.706947
1.51741
0.915307
0.886046
-0.205522
0.791216
0.647497
0.671534
2.62192
0.858019
0.788892
0.898714
0.781464
1.39159
0.326579
0.825599
0.722247
0.717891
0.165497
0.368435
0.474712
2.04027
1.92416
0.797626
0.796875
1.15288
1.36538
0.727179
0.644615
0.785093
1.17612
1.06274
0.596168
0.106923
1.22063
1.17602
0.566305
0.770801
1.67354
1.16998
1.87428
0.816392
0.795167
0.804866
1.13867
0.616057
0.753206
0.691659
0.830811
2.70072
0.806163
0.752047
0.978142
0.787381
0.783181
0.846442
1.0957
0.810595
-0.152069
1.13942
0.73317
0.733228
0.729527
0.862072
0.728946
1.53689
0.693574
0.501569
0.961438
1.37977
-0.365266
1.12024
0.828
0.873868
1.17488
1.79706
1.80386
0.783677
0.579534
0.645959
0.779114
0.683389
1.17568
0.948468
0.464774
0.602455
1.11779
0.811571
0.795669
0.842965
0.713654
0.591567
1.46811
0.802292
0.747669
0.836537
1.16286
0.713827
0.834134
0.685449
0.145103
0.582481
1.51465
0.333857
1.05946
0.580688
0.836712
1.16726
1.16867
0.78657
0.345511
1.45812
0.75294
0.665149
0.780263
0.780723
0.731197
1.05406
0.88714
0.981716
1.39017
0.774044
0.718826
0.623013
0.812727
0.791668
1.19061
0.831388
0.81362
0.843192
0.522249
0.815664
0.855025
0.356466
1.19803
-0.161988
1.2405
0.786162
1.12001
0.549078
0.733068
0.658129
0.575697
0.443787
1.81829
0.634851
2.26454
0.941311
0.645612
0.840438
0.812767
0.986084
1.23308
1.08039
1.52695
0.860069
0.483614
1.05576
0.806826
0.801664
0.86531
0.769702
0.864051
0.187055
0.761877
0.865383
2.18033
1.15799
1.25985
0.996445
0.889085
1.21554
0.883004
1.08227
1.17599
0.401112
0.72048
1.28464
0.832312
0.732105
1.39963
0.964517
0.695362
0.610338
0.761754
0.858253
0.674178
0.579174
0.629173
0.872778
0.633722
0.12067
0.640704
0.648313
0.882719
0.832416
0.791245
1.50645
0.839991
0.663499
0.98232
0.81031
0.17688
0.803829
0.87029
0.898981
0.714235
0.412444
1.02317
0.640501
1.25772
0.804641
0.874847
2.47129
0.704881
0.82474
0.74044
1.37704
1.15877
0.432244
0.811139
0.620557
1.15389
0.823837
0.353826
0.768896
0.769533
0.648026
1.1072
0.588092
0.660598
0.428757
1.30362
1.26345
0.983152
0.516112
0.787699
-0.412662
1.3521
0.647336
0.716893
1.13379
1.08123
1.72004
1.62925
0.58218
0.836515
0.545629
0.837201
0.929996
0.673967
0.656548
1.22652
0.823222
0.845311
0.680231
0.866611
0.66274
0.649343
0.45332
1.13989
1.13468
2.43973
1.56797
0.95006
1.1918
1.17545
1.27918
0.620825
1.15044
0.799424
1.10076
0.760263
0.476433
0.690558
1.14337
0.726066
0.672229
1.06572
0.821842
0.633626
0.816016
0.407398
0.830391
0.785294
1.50202
1.01663
0.58478
1.20344
1.39424
0.0474198
1.61711
0.879785
0.727954
0.537448
0.196604
0.607923
0.799608
0.716091
1.18758
2.25601
0.77429
0.882915
1.19581
1.32534
0.805175
1.17258
0.729568
0.714817
1.05316
1.48088
0.746374
0.563198
0.81031
0.189917
1.19309
0.272515
1.4186
0.715816
0.457725
0.272494
0.739943
0.833946
0.777669
1.51208
0.64673
0.57357
0.784782
-0.115458
0.251138
0.838788
1.1346
0.813551
2.711
1.20605
2.32424
1.29455
0.75107
0.79275
1.00856
2.21417
1.34906
2.05539
0.996655
0.808316
-0.101257
0.72265
0.69684
0.587894
0.750732
0.835614
0.721874
0.662896
1.12732
0.67861
1.39611
0.884504
0.743213
0.874584
0.60872
0.831691
0.825379
0.167916
1.24996
1.20181
0.789956
0.818773
1.04042
0.81076
0.755557
0.820243
0.792161
0.269216
1.22232
0.99717
0.976172
0.661075
0.696007
0.367211
0.82488
0.877988
0.452875
1.38838
1.20059
0.825951
0.511907
1.13904
0.595995
1.36645
0.822331
0.542902
0.545023
0.646748
-0.198484
0.696069
1.25638
1.0627
2.04083
1.74233
0.169286
0.794198
0.80679
1.17945
0.855973
1.19493
0.819786
0.643682
0.503543
0.814262
1.14999
0.798078
1.13568
0.621396
1.17302
0.53476
0.595759
0.814089
0.58082
0.823797
0.620294
0.753171
0.462447
0.4255
1.37562
0.712716
1.5441
0.800615
1.36351
0.15553
0.874568
0.287507
0.680832
0.813613
1.28335
0.254479
0.71987
0.824203
0.539083
1.37995
0.857525
0.916566
0.604918
0.670124
0.698227
1.00068
-0.322213
0.933843
1.17434
0.799409
0.955175
1.22722
0.213972
0.546545
1.17487
0.884997
1.27224
0.693253
1.34798
1.19212
0.67961
1.06254
0.878975
0.627589
0.842569
1.32637
1.33774
0.779044
0.746619
1.12067
0.775107
0.549663
0.678532
0.5823
0.794468
1.21267
0.808196
0.85407
1.39593
0.726103
1.3532
0.625609
0.433502
0.542836
0.804189
0.997387
0.769091
0.708505
1.1357
0.639701
0.739064
1.16939
1.4467
1.24185
0.561465
1.29997
0.402639
0.46828
1.2396
1.10407
1.37639
1.20485
0.981497
0.389934
1.17245
0.307115
0.831331
1.10394
0.675561
1.01353
0.879351
1.23978
0.843021
0.727741
0.67685
0.567927
1.3146
0.883245
0.883966
0.789832
0.695978
0.629236
1.15923
0.827476
0.620696
1.29873
0.588054
0.79613
0.976973
1.30563
2.32407
0.773512
0.615954
0.803455
0.282908
-0.188073
0.630481
0.553217
0.832733
0.560336
0.797209
0.85927
1.00443
0.367216
0.652426
0.850869
1.10644
1.11661
0.215979
1.14012
0.704267
0.703622
1.02478
0.618783
1.01506
0.602691
1.73415
0.622053
0.859203
0.830053
0.7842
0.201923
1.16403
0.721123
2.30423
0.788511
-0.101467
1.04135
0.57826
1.66058
1.31452
0.771965
0.386801
1.16038
0.864035
0.829571
0.616916
2.63598
0.514859
0.954838
1.64602
1.42666
0.141016
0.12727
0.826081
0.427426
1.2161
0.755841
0.776061
0.656914
0.00999894
0.844584
0.60943
0.76177
1.25591
1.19328
0.562993
0.664968
1.37583
0.800809
0.0737818
1.15919
0.64845
2.57394
1.28953
0.813625
3.14749
1.9619
0.658459
0.728059
0.445447
0.842239
0.850992
0.745919
0.636215
0.583344
-0.0300506
0.665487
0.90687
0.489875
0.888969
0.623872
0.905973
0.824972
1.30562
0.58541
1.03927
0.819032
1.30062
1.20744
0.832365
0.646805
1.39262
1.14719
0.809597
1.93847
0.764233
0.842574
1.10321
0.658833
0.714631
0.267341
0.629394
0.802528
1.64901
0.557944
0.726841
0.810278
1.16711
1.16289
0.818436
0.767217
1.14192
2.22726
0.75623
0.663323
0.797
1.07348
0.525704
0.465998
1.2469
0.870455
1.35385
1.18763
0.57586
1.20144
0.661227
0.273535
1.63899
0.792783
1.06928
0.789149
1.96878
0.436859
1.35961
1.48634
1.17376
1.37757
0.952003
0.909745
0.340879
1.16317
1.25662
0.685695
0.685981
2.12242
1.17744
1.37688
0.730116
0.698444
0.243866
0.758506
0.763901
1.19521
0.711912
0.963501
0.268592
1.51563
0.789581
0.671584
0.779112
0.816133
0.525613
0.810643
1.0417
0.738914
0.327086
1.42853
0.818183
0.779611
0.287577
0.720527
0.865763
2.8069
0.58452
0.393174
0.824758
0.867659
0.764852
0.522784
0.726784
2.43871
0.249074
1.19773
2.33163
0.327117
1.33972
2.07011
-0.401001
1.03413
0.297753
1.16596
0.686908
0.874293
-0.00028444
0.8682
0.484454
0.778156
0.659442
0.549446
1.16736
0.858899
1.19239
0.667093
0.752316
0.539146
1.02599
0.189332
0.191414
2.0565
0.0722106
0.67415
0.666621
0.889378
0.523212
0.79099
0.685215
0.622837
0.54965
0.808188
0.797958
0.808283
0.778816
0.711535
0.125081
0.755305
0.695545
0.451266
0.796457
0.597383
1.13273
0.62847
0.409623
0.815931
0.161144
0.768425
0.669772
-0.301936
0.682755
2.5325
0.767936
1.254
1.05197
2.53175
0.802601
0.769444
0.815515
0.84806
2.16681
0.879203
0.582519
1.18542
1.23415
0.586216
0.338818
0.436804
1.32363
0.686127
1.1721
0.746148
0.540416
1.17366
0.742963
0.870852
0.999585
1.03093
0.678478
1.30375
1.11603
0.619596
0.878827
2.19256
1.33253
0.365649
0.829398
0.397448
1.36818
0.382427
0.718742
0.44679
0.68944
0.72379
0.607433
0.880269
0.593215
0.540946
1.38132
0.564492
0.78583
0.883899
0.896187
1.15854
0.803209
2.48665
1.68333
0.606717
0.812441
1.84666
1.39602
0.768903
0.800041
0.635686
1.30727
0.484857
0.393075
0.741937
0.859908
0.59645
0.490454
0.556076
0.933845
0.555383
0.693903
1.31935
1.7482
0.790572
1.32909
1.1864
0.653145
1.30189
2.5447
1.16606
0.805423
0.543591
2.55007
0.542169
1.15732
0.811611
0.722281
0.598584
0.597094
0.979177
0.65251
1.74696
0.385757
1.07604
0.81089
0.648022
0.802439
0.646549
0.462076
1.22305
1.46639
1.7987
2.62907
1.18038
1.37024
0.355619
0.759839
1.09815
1.36851
-0.156826
0.614696
1.17358
0.664903
0.586969
0.955206
0.642748
0.569877
0.745019
2.0488
0.599265
1.43136
0.702846
2.19645
1.13152
0.774486
0.627769
0.845566
0.64325
0.82984
0.628952
0.460656
1.3902
1.49463
1.21122
0.798572
0.731937
0.642753
1.16497
1.32381
0.837658
1.16904
0.63579
0.818666
1.10319
1.0899
0.844511
0.710989
0.872059
1.21792
0.238465
1.22723
0.397052
1.12297
0.961042
0.610275
0.789232
0.712973
0.307606
0.788248
0.615387
1.16303
1.36807
0.309684
-0.145588
0.389501
0.909843
1.34346
0.866023
0.643885
2.31936
1.08272
-0.0296607
1.3248
0.691227
0.733823
0.593652
1.22511
0.731324
0.722073
0.625314
0.755045
0.892739
1.12751
1.47266
0.766739
1.88666
1.18972
0.794321
0.802281
0.047825
0.783233
0.7734
1.62961
1.87927
-0.436539
0.588072
0.63742
0.58983
0.625628
1.41339
0.8061
0.660431
1.07889
0.757609
0.796514
0.77322
1.38512
0.669421
0.924099
1.11806
0.416032
1.1772
0.82324
0.589455
0.769137
1.20313
1.48569
0.438113
1.22007
0.792995
1.17605
1.14996
1.38798
0.997267
1.16403
0.574094
0.799728
1.13594
0.675221
0.546079
1.88953
0.882526
0.802938
0.741073
1.01595
1.11796
0.624747
1.37527
0.673519
0.271433
2.35482
0.630617
1.05419
0.816634
0.634434
0.698801
1.38941
0.541774
0.854666
0.766434
0.819125
1.14596
0.411193
0.882351
2.01841
0.654804
0.418121
1.29963
1.32483
0.801659
0.802708
1.11142
0.745522
0.729383
0.781679
0.882659
0.607325
1.25642
1.33702
-0.0510616
0.84984
0.774582
1.12875
1.29722
0.682959
0.0764687
0.672538
1.79131
1.33158
2.65446
0.571582
-0.137855
1.12602
1.16388
1.11128
1.6001
1.06958
0.498442
0.655396
2.60626
0.863402
0.585445
0.560282
0.59895
1.10237
0.664537
0.446286
1.66776
0.86368
0.613752
1.09169
1.3437
0.585064
1.44697
-0.0419806
1.55922
0.68097
0.763834
0.698528
2.20426
1.2176
-0.24251
0.745221
0.600415
0.666093
1.10669
0.619329
2.16074
0.692473
0.890752
0.282262
0.58018
1.05208
0.975411
0.841354
1.14222
0.678693
2.38339
1.39204
0.582279
0.302784
1.36621
0.740332
0.610646
0.178388
0.702268
0.502937
0.632931
0.828137
0.110987
0.142017
2.24427
1.20829
1.3596
0.319067
1.16114
0.699972
0.331908
0.341982
0.735094
0.641542
0.611929
0.425183
1.38548
0.713818
0.63564
-0.403685
2.60337
1.10514
0.614528
0.596199
1.10463
0.470644
1.99662
0.622016
1.15775
0.758787
1.22802
0.839858
0.640909
1.19858
0.726961
-0.397902
1.18108
1.15609
0.708842
0.795799
1.19085
1.17529
-0.0684418
0.71368
0.775841
1.49369
0.148038
0.823109
0.68914
0.744826
1.18541
0.578589
1.18538
0.749771
0.273564
0.0745235
0.79908
0.764146
1.03294
0.720287
0.884296
0.595588
1.49647
0.742288
1.41496
0.882123
0.599334
0.639742
1.0721
0.109119
0.715753
0.99978
1.27591
0.842476
0.715325
0.561375
1.33267
0.73456
0.831069
0.744084
1.16369
0.693097
0.856002
1.17372
0.726241
0.16984
1.17659
0.755916
1.26475
0.430794
0.965083
0.312197
0.597271
0.6127
0.812341
0.452953
1.8595
0.689552
1.28739
1.63342
1.01026
0.76048
0.881757
1.15702
-0.122733
1.11771
2.67589
1.4437
0.965023
2.39349
0.160108
0.542291
0.674922
0.682318
1.33356
1.78358
1.53885
0.560765
0.664912
0.623399
0.621424
0.768288
1.17132
1.7929
0.593214
1.17881
0.786233
2.13884
0.580897
0.647757
0.389812
1.04541
1.96706
1.33815
0.0718302
0.589008
1.50145
0.667437
-0.0636298
2.33371
1.39256
1.3503
0.883681
0.584244
1.08111
1.13739
-0.371756
1.24151
1.1417
1.11169
0.799024
0.603575
0.805383
0.685266
0.455684
2.35254
0.23152
0.586629
0.974309
0.884823
2.23891
0.339035
0.415544
0.815588
0.605886
0.697969
0.367431
1.77575
0.798391
0.563335
0.732491
-0.451624
1.17721
1.37554
0.243964
0.695569
0.883068
0.624267
-0.250237
1.18517
0.734585
0.590878
0.888594
1.17341
0.59148
1.29072
0.983815
0.782963
0.738406
0.415765
0.537927
0.56234
0.49654
1.13049
1.17127
0.815876
1.0223
2.37039
0.272713
0.987697
0.380858
1.17148
2.34734
0.610028
0.590253
0.621555
1.15379
1.37952
1.13035
1.13682
0.795123
1.0952
2.41158
-0.417242
0.926631
0.592652
0.748219
0.289124
2.60239
0.772423
0.881841
-0.148863
1.80644
0.888853
0.665957
1.38921
0.72274
0.540197
0.659108
1.1582
0.552309
1.18078
-0.192533
1.20722
0.750182
-0.130067
0.447138
0.909567
0.701955
1.158
1.15236
1.43272
0.835958
0.572144
0.825695
1.03179
2.45253
1.01457
0.848456
0.395288
0.31557
0.4099
0.832262
0.807413
1.12047
1.2048
1.26401
0.0854762
1.19488
0.941601
1.20687
0.866337
0.572135
0.805606
0.623509
0.568684
1.25064
0.884816
0.689687
0.86183
0.572943
0.833328
0.381267
0.32345
1.29272
0.746977
0.57316
1.09499
0.661702
0.881702
0.256074
0.995188
2.18033
2.33202
0.673545
0.385898
0.213817
0.839158
0.5438
0.803167
2.31618
0.80397
0.830992
1.09855
0.799173
0.762054
0.712347
0.872927
0.642141
0.769601
1.14143
0.880293
1.21392
0.383135
0.664881
0.55422
0.862263
0.575729
1.03339
0.865651
1.15768
0.523811
0.347248
1.15115
-0.0682601
1.03939
1.45646
-0.324231
0.62097
0.554614
0.705052
1.15331
0.726274
1.17606
0.562205
0.781741
0.761858
0.540957
1.21318
0.575313
0.560377
0.858578
1.36849
1.06647
1.15526
1.41816
1.34102
0.5767
0.814111
0.468687
2.3572
0.875798
0.445594
1.20723
1.74369
0.499723
1.93996
1.3725
1.20414
1.10539
0.86655
0.865644
0.570508
0.830487
0.654599
-0.123201
0.616509
0.499814
0.583511
0.855467
0.549825
1.25704
0.596614
0.653454
0.570089
0.865943
0.69823
0.716391
0.446197
1.21793
0.884136
0.583087
0.0246276
1.47824
0.279431
0.816548
1.17516
0.597127
2.34168
2.27044
1.22973
0.830743
0.630696
0.718888
0.78648
2.21015
0.209744
2.32448
0.991318
1.16892
1.46265
1.2176
0.690275
0.709735
1.11321
0.0622818
1.18534
0.606279
2.49963
1.91228
1.03638
0.590924
0.879277
0.605224
0.356642
0.600982
0.0502011
1.34716
0.252074
1.73073
1.44346
1.21154
0.772471
0.458963
1.10862
1.37872
0.634484
-0.0112751
0.710064
1.35799
1.13158
1.46398
0.818743
2.54442
0.379851
1.10519
1.39241
1.19039
1.21057
2.37799
0.60758
0.801794
0.907207
1.12987
0.394438
0.281878
1.37779
0.60721
0.757812
1.33548
1.23912
0.545245
0.3576
0.728032
0.29563
0.518764
0.131611
0.635713
0.691909
0.825047
0.337098
0.713318
0.6525
0.77398
1.39604
0.53338
1.15124
1.15017
1.2875
0.215199
0.659259
1.48962
1.15229
0.170364
0.736544
0.174943
0.581597
0.542155
0.754026
0.368891
1.20052
0.956002
2.39131
0.575684
0.904566
0.733481
0.74463
0.461237
0.572521
0.618425
-0.0774094
0.555839
0.453819
0.312933
0.575968
0.869943
1.39131
0.445956
0.788926
0.595575
1.27515
0.811414
0.999426
1.06351
0.505814
1.18762
0.57562
0.815814
0.821561
0.664832
0.632937
0.459024
1.38065
0.673022
0.655258
0.694267
-0.292898
1.20124
0.771377
0.377206
2.41232
0.754898
0.859092
1.6573
0.642184
1.21718
0.740774
0.698146
1.19834
1.36537
1.09408
0.598469
0.763289
1.08345
0.536576
0.387469
0.729559
0.699074
0.554713
0.588587
1.15326
1.03663
1.166
0.71644
1.15796
1.37998
0.696174
0.635781
0.560808
0.983414
0.823701
1.36972
0.542559
0.791265
1.62105
0.370994
0.673524
0.946364
0.564066
1.17497
0.718768
0.46819
1.18486
0.814754
0.987765
0.819002
0.786364
0.430731
0.807286
0.711192
0.737448
-0.0361993
1.17105
0.79568
0.602832
0.741041
2.53891
0.688138
2.57256
0.860826
0.436612
0.797705
0.806394
-0.427108
1.07653
1.18365
1.24548
0.475765
0.672025
1.37664
1.38208
1.18218
2.22333
1.16067
1.01464
-0.00272286
1.17701
0.782196
0.412313
0.126655
0.65954
1.38824
2.38692
2.3433
0.588002
0.803389
2.30123
0.521462
0.614687
0.944903
1.16867
1.15214
0.554038
1.3402
1.25074
0.610056
0.649549
1.7645
0.880897
0.815396
0.47181
1.21233
0.00761602
0.068607
0.602034
0.431068
1.1695
0.843068
0.427029
0.619293
0.37215
0.00774932
0.405445
1.26082
0.326003
0.772651
0.592027
1.56373
1.02168
0.602828
0.619822
0.479827
0.5803
1.05987
1.06438
0.383698
0.699583
1.91076
1.01108
0.552607
0.612076
1.17791
1.37795
1.05106
0.514659
0.491324
0.639934
0.82238
0.38157
-0.214299
1.32074
1.15555
0.873723
1.08795
1.37801
1.58455
0.608447
0.753331
0.730543
0.34274
0.755998
0.386999
-0.0487615
1.14742
1.16447
1.17647
-0.292624
0.699664
1.1233
0.785919
0.654995
0.613985
0.951098
0.597337
1.37342
1.19208
0.864695
1.29283
1.20703
0.373216
1.10036
0.208606
1.4359
0.721539
0.874488
0.571718
0.689842
0.738461
0.97509
1.17537
0.423206
0.563756
-0.065478
1.15193
0.812423
0.681604
1.16249
2.14678
1.15001
1.23582
0.79306
0.0805646
1.16495
1.18197
0.799779
0.641019
1.48543
0.958371
0.552345
2.22656
0.617315
1.17738
1.40019
0.0161806
1.13319
0.759378
1.04421
0.970615
0.607318
0.839586
-0.256862
0.847935
0.499121
0.622833
1.14451
0.884772
0.68354
0.720064
1.11673
0.895661
0.450321
1.2339
1.21533
0.703718
0.825392
-0.331613
1.39354
1.05462
-0.0471059
1.00647
1.13923
0.741838
2.36206
0.721772
0.483305
0.441481
0.759769
0.803856
-0.118626
1.76401
1.36368
0.587244
0.72738
1.90577
1.20914
0.0827292
0.685448
0.719141
1.49167
1.20324
1.15441
0.412721
0.627974
0.977813
2.31222
2.7742
0.536021
-0.259067
0.985597
-0.0389497
0.637422
0.843769
1.29221
0.559486
0.223991
0.617012
0.881847
0.686717
0.743064
0.438391
1.38854
0.558827
0.395441
0.932771
0.579799
1.84148
1.19635
0.396157
0.845163
0.742899
2.28328
1.97673
1.4018
0.682729
0.585725
0.583406
0.226951
0.840579
0.833545
1.14341
0.627058
0.725406
0.806293
1.46671
1.15343
1.16965
0.953494
0.853896
0.62463
0.374813
1.70367
1.18284
0.560242
1.7357
0.368924
0.0751422
0.562441
1.96796
0.652625
1.39857
0.581605
1.42003
0.609457
0.739846
1.09192
1.11737
0.794065
1.30239
0.874048
0.958359
0.0666794
0.537807
0.821191
0.58783
0.880289
0.371652
0.488268
0.464458
0.575005
0.884287
1.15061
0.540459
0.77677
0.567012
1.16071
0.59469
1.58307
0.778422
0.641455
0.886687
0.758783
1.15987
1.59045
0.726078
1.17575
0.588741
0.880043
0.766069
0.66656
0.519621
0.560507
0.945682
1.23304
0.870971
1.17843
1.17488
0.559854
0.395782
0.643263
1.21122
0.704128
0.880758
1.16183
0.798738
0.65646
0.619866
0.184797
1.43848
1.12534
0.584179
0.470406
2.34469
0.680313
0.652183
0.692769
2.07356
0.907345
0.641453
0.744796
0.870473
0.820773
0.317778
0.607302
1.01308
0.39221
0.79839
0.669293
0.565405
0.94203
0.622722
2.54643
1.30382
1.21516
0.547003
1.10178
0.845622
0.976214
0.956407
1.15803
1.04439
0.728745
0.919816
2.27669
0.423703
0.762087
0.99545
0.662142
0.833953
0.369527
0.50379
1.19614
1.98215
0.993239
1.22436
0.607311
1.68535
1.09714
1.50176
0.595771
0.135313
0.566628
1.46304
1.07267
0.906952
1.16728
1.04002
2.36582
1.15772
0.561003
0.683194
-0.0987393
0.781112
1.12433
0.533191
1.10086
1.20486
2.16724
0.771039
0.564568
0.348043
0.477961
0.615836
0.772994
0.665551
1.31576
0.710187
1.46232
0.7334
0.525079
1.56718
0.630961
0.526012
1.1432
0.533053
0.85769
0.905487
0.608705
0.706812
0.671891
0.635816
2.56636
1.02958
1.31584
-0.477056
0.556766
0.927404
2.31581
1.17537
0.591308
1.26161
0.547548
1.16368
0.741128
0.651622
0.752052
0.75744
1.26278
0.79007
1.42858
1.17701
1.20792
0.215395
0.19175
0.676077
0.31676
1.42962
1.29756
0.676642
1.16713
0.503972
0.80524
0.193345
0.0802674
0.728843
0.520503
0.674772
0.631409
0.685233
1.31865
0.668313
1.12824
1.3637
0.584074
0.899708
-0.202673
0.199937
0.861271
0.620551
0.79896
0.947463
2.20036
0.596697
1.32224
0.416683
-0.0596386
0.842434
0.615504
1.4235
0.646468
0.822489
1.15052
2.34584
2.58003
0.487367
0.764381
1.60803
1.16675
0.15776
0.792889
1.4008
0.559656
1.1422
0.23003
0.235226
0.854476
0.0567964
0.315864
1.0197
0.706931
0.489778
0.596209
0.516208
2.34448
-0.12915
1.32512
0.409366
1.48741
1.5018
1.19499
0.559565
1.35129
0.149833
1.20158
0.339728
0.723923
1.33825
0.785376
0.376685
0.307758
1.5217
0.360785
1.40346
0.816922
1.29793
1.60548
0.911287
1.24315
1.42953
0.68884
0.367513
0.725194
0.650368
0.87699
0.0238114
0.585281
1.42132
0.586434
0.610847
0.782604
1.35536
-0.247341
1.18057
0.708207
2.22584
0.426784
1.56209
0.728272
0.857832
1.34519
0.549877
0.497978
0.844117
0.299635
0.648843
0.869862
1.17694
0.511977
0.615555
1.16186
0.862273
0.422919
2.20517
0.290608
0.984048
0.943011
0.58731
0.837529
0.649124
0.406036
0.665751
0.600583
0.504594
0.772196
0.489355
-0.0215659
2.43694
0.756123
1.22793
0.878399
1.17299
1.23018
0.745346
0.336752
1.08747
0.112851
1.29732
0.66238
0.606363
0.634024
1.16623
1.26824
1.12492
1.17908
0.523685
0.802569
0.601566
0.865945
0.631915
1.15435
1.14215
1.51363
0.560759
0.550925
1.22069
0.715979
2.27817
1.21716
0.827355
1.22075
0.174877
0.31088
0.522322
-0.238013
0.660385
0.830321
0.489219
1.11216
0.419383
1.40629
1.29075
1.4677
0.615286
1.29655
0.474226
0.7317
0.50008
0.647036
0.194222
0.630999
0.239074
0.348777
0.622881
1.38785
1.18353
0.162765
1.21966
0.383949
1.16792
-0.0239395
1.19091
1.16441
1.12726
0.823025
0.730065
0.791469
0.611404
0.667807
0.637089
0.322278
0.566962
-0.224205
1.15143
0.836949
1.12839
1.38263
1.49092
0.124107
1.14156
0.700455
1.27108
0.565906
0.833184
0.177289
0.683632
0.495216
0.671904
0.596357
-0.172741
-0.210721
1.08982
1.33008
0.934988
0.612242
1.00182
1.04236
1.22217
1.64899
1.19727
1.14765
1.06552
0.801903
0.437233
0.373382
0.595164
0.855722
1.11332
0.613549
0.782268
1.33538
0.649102
1.18707
0.845669
0.590246
0.617039
0.596208
0.497279
0.471604
0.782935
0.789594
0.293228
2.53323
0.804572
2.27573
0.656122
0.886424
0.653738
2.28257
0.59279
2.46656
0.457679
0.869232
0.754234
0.609329
0.861333
0.563076
1.2119
0.874544
0.146392
0.740395
1.25527
1.17866
0.283901
0.233417
1.15679
0.944732
0.519696
0.715671
-0.451926
0.695982
1.1423
0.879885
1.1869
1.51083
1.40273
0.794462
0.251948
0.706616
0.606917
-0.161118
0.906213
0.721392
0.79501
0.744148
0.62869
1.14343
1.13986
1.34031
1.34119
0.689605
1.25931
0.616992
1.31028
0.800255
0.8266
0.469548
1.07086
1.41109
0.600848
1.13566
0.84685
0.644918
1.01656
1.21771
1.42657
0.899131
0.940024
0.593239
1.03819
1.16909
2.32912
0.545453
0.881797
0.998003
0.799133
0.606948
1.21367
1.37566
0.64402
1.18905
1.12603
0.628415
1.07322
0.475203
0.770647
0.627334
0.414735
0.774564
0.677471
1.14105
1.46713
0.843035
0.850209
1.17738
0.377816
1.29176
0.751952
0.846557
0.753922
0.928517
0.597364
1.31884
0.636241
-0.381538
1.75637
0.788596
0.591174
0.720518
1.19209
0.768136
0.610236
0.609824
1.16536
0.871347
0.302287
1.19232
1.44872
1.16592
0.372041
0.731753
0.475404
1.28458
0.865314
0.462995
1.20602
0.604106
0.673816
1.37915
1.18986
0.718829
0.645877
0.632282
1.00433
1.373
0.884954
0.465542
0.631768
1.559
0.898509
1.32921
0.626076
0.670588
0.555752
0.354148
1.09665
0.178719
1.43806
2.26059
1.08158
0.230037
0.740786
0.562793
0.484791
1.54382
1.23943
0.715434
1.42088
0.515465
0.702165
-0.176733
1.30206
0.64765
0.842763
2.71318
0.598077
0.880636
1.10025
1.35845
0.712048
1.29473
0.40031
0.765651
0.88965
1.26063
1.2764
0.57705
0.98403
0.610806
0.631368
1.13928
1.27628
1.27299
0.462599
0.524634
0.971433
1.18489
0.711622
1.24941
1.15414
1.05948
0.749055
0.43475
1.09834
0.901687
0.797936
0.444028
1.92204
1.59403
2.08693
1.40272
1.38511
0.628354
2.24322
0.595343
0.589619
2.153
0.420005
1.36377
1.16663
0.602099
0.455493
1.48251
0.578689
1.13927
2.36758
0.871948
1.15087
0.734637
0.774278
0.615014
2.02804
0.956376
0.455045
0.529383
0.566222
0.861131
0.720952
0.58748
0.941992
2.2432
0.612366
1.17288
0.844072
0.469625
0.570989
0.724653
0.520311
0.570483
1.15901
0.584665
0.685715
0.965597
1.0597
0.470952
2.53554
0.8001
0.423059
0.828461
0.818243
1.54406
1.52062
0.270981
1.04765
0.781554
0.406107
0.625576
1.43822
0.826283
0.239814
0.382492
0.943564
1.33194
0.613921
0.437663
0.489642
0.112196
0.72853
0.51067
1.38897
1.0991
0.852954
1.15209
0.788014
0.683395
0.636404
1.14616
1.30965
0.59095
-0.426605
0.79767
0.356659
0.670471
0.814359
0.395546
1.2632
1.20476
1.66189
2.68409
2.31252
0.250629
1.3426
0.514317
0.599598
0.505465
1.09124
0.593984
0.695185
0.883069
1.54724
0.681725
1.54153
1.95673
1.14222
0.34128
0.586876
1.06495
-0.192455
1.00542
0.386547
0.725808
0.45628
0.227252
0.850562
0.455087
1.13356
0.574279
0.88094
0.612241
1.20102
0.193352
0.405233
-0.33642
0.724969
1.37673
0.631678
0.637662
0.735773
0.573799
0.383302
0.590762
0.364346
0.608118
1.13099
-0.140488
0.809599
1.18191
0.620434
0.540163
0.666733
0.852408
0.550336
1.52896
0.705933
1.09133
1.15537
0.676911
1.23832
0.896044
0.587655
1.68629
0.898379
0.646197
0.415936
1.41765
1.15795
0.693814
1.2246
1.21555
1.15124
0.623437
0.882234
0.420374
0.597416
-0.324191
0.765463
1.16229
2.28865
1.27362
1.61682
0.740434
1.14423
0.421397
0.446476
0.629398
0.569933
1.95671
1.464
0.582243
0.392988
0.817894
-0.0277142
1.19746
1.29789
0.693677
0.619418
1.09509
0.627882
1.11249
0.812166
0.883587
0.99266
1.12499
0.156636
0.788101
2.29538
0.778059
0.581911
0.590609
1.36418
0.621065
1.18887
1.14806
1.19332
0.818412
0.885266
1.20617
1.03078
1.79479
1.02866
0.758054
0.440639
0.495498
0.906279
0.628922
0.611778
0.622711
0.746595
0.172982
1.9684
0.777358
1.21835
0.978106
0.394935
1.19907
0.873977
0.84602
1.14036
0.278359
0.595214
1.57063
1.08743
0.60114
0.852225
0.578579
1.33644
0.983786
0.388655
0.697496
0.73023
0.393782
0.625985
0.762033
0.715222
0.614051
0.42125
0.515642
1.76573
0.784018
1.30175
1.25187
2.25271
1.1298
1.13446
1.0806
0.924373
1.43585
2.54711
1.11158
0.57848
0.539044
1.21423
1.11504
1.46688
1.81122
0.491351
1.18766
0.595871
0.766066
0.671218
0.773864
0.547834
0.627495
0.819399
1.42917
0.860086
0.716296
1.12877
0.676725
1.5873
2.51438
0.704779
1.39223
0.759867
0.71857
0.979995
0.81219
0.526435
1.45048
0.697013
0.681345
1.09473
1.17977
-0.15272
0.382746
1.49743
0.742719
1.19883
2.43016
0.781457
2.68272
0.674056
0.979891
0.831999
0.624724
0.816556
0.598269
1.70985
0.399644
0.760722
1.28101
2.56356
1.76068
1.25999
1.17893
0.598907
0.66697
0.86982
0.786912
0.721544
0.635334
0.336727
1.20364
1.16919
0.448415
0.887182
0.390128
0.35407
1.19341
1.03063
2.09056
1.5759
0.748524
0.69079
1.43463
1.01389
0.678016
0.98053
0.612712
0.409552
0.415762
0.967094
0.759829
0.209355
0.671797
0.677039
0.751005
1.19309
1.4981
0.689708
0.77669
2.37099
0.758528
1.32091
0.656894
0.0533919
1.76519
0.58971
0.618864
1.44336
1.32778
0.674931
1.19009
1.16207
2.38021
0.491227
0.418105
0.62291
1.1207
0.525487
1.19377
2.56245
1.14967
1.52419
0.0461338
0.604334
0.472497
2.20749
2.40854
2.19927
1.13822
1.21372
0.885353
0.556971
1.13148
1.044
1.27832
0.600962
0.405288
1.14678
1.01385
0.62966
0.886565
1.16837
2.19352
0.618248
0.569517
1.13358
0.779476
1.17721
0.679711
0.72721
1.12944
1.06629
1.15232
1.12516
0.576655
0.591156
1.51011
1.04034
1.14668
1.32515
0.61369
0.537763
0.741044
0.536807
-0.369602
-0.0776437
0.65754
0.558365
0.588172
0.550083
0.594911
0.72208
0.426818
0.616514
2.38148
2.59175
1.64291
0.747167
1.14387
1.2519
0.743198
0.182039
1.05259
1.24584
0.688818
0.884028
-0.117801
1.13386
1.30386
0.671839
0.886339
0.156154
1.79295
0.700745
0.301886
1.30794
2.47372
1.18266
0.871401
0.478418
0.999699
1.36033
0.638116
1.1032
0.668864
0.734053
0.594408
1.24719
0.647264
1.48984
0.414343
1.1598
0.509757
0.891783
1.75947
1.47043
2.3284
0.737641
0.367806
1.17303
0.879291
1.22447
1.4051
0.254445
2.17367
1.61973
1.32673
1.05092
-0.173643
0.47701
1.13989
0.559419
0.237203
0.835647
0.686185
0.840289
0.343417
1.17101
0.587946
1.15222
0.802265
0.705252
0.514829
0.179809
0.405538
0.410752
0.445437
0.438932
0.644349
0.807739
0.594064
0.48435
0.626942
1.05132
1.50843
0.404921
2.19428
1.40226
1.1531
0.851615
0.725964
1.19237
1.09836
1.28859
-0.230784
0.545491
1.36718
0.6137
0.84967
0.613488
1.93583
0.569002
0.729787
0.410644
1.15214
0.685367
0.624435
0.663266
0.424339
0.384417
0.493984
0.81736
0.688966
1.04273
1.01403
1.00137
1.00326
2.76814
0.863072
1.13022
0.738854
1.05923
0.988724
0.903925
1.03669
0.843457
0.635464
0.752502
0.657881
0.843145
0.578279
0.915597
0.94704
0.797223
0.971432
0.882509
0.648009
0.714898
0.842779
0.826683
0.622998
0.798892
0.783009
1.07564
1.17272
1.26225
0.568659
1.20138
0.829274
0.613603
1.36094
1.06861
0.410246
0.618623
1.23909
1.14242
0.821385
2.26736
0.657907
0.924006
1.39563
1.14154
0.818575
0.610766
0.587709
0.369014
1.07377
0.440949
0.761384
0.603903
0.412647
0.838014
0.436746
0.687329
0.611469
0.425351
-0.221809
0.63135
1.35078
0.829057
0.807588
0.604137
0.457141
0.547009
0.519693
1.01824
0.472038
0.597186
0.942072
0.282112
0.173627
1.521
2.54834
0.69055
1.17085
0.823292
1.37909
0.601617
1.18574
1.21232
1.19844
0.738407
2.17319
0.173229
0.61579
0.465374
0.885116
0.600719
0.72929
0.774233
0.438332
0.801073
0.830985
0.613659
0.220199
0.627296
1.13115
0.398121
0.421599
0.107926
0.858506
0.516003
0.73397
0.518688
1.24544
0.579637
1.15058
1.35902
0.981233
0.59617
1.03854
1.15111
1.37531
1.20695
0.608634
0.838175
1.29784
0.540439
0.623758
-0.00589337
1.07953
0.831323
0.607576
1.17572
0.573734
1.37385
1.08578
1.24149
0.858753
0.807877
0.554729
0.461599
0.642043
0.648426
1.07904
1.66484
1.02168
-0.228851
1.25934
1.16278
0.614644
0.354447
1.41832
0.5493
1.15565
0.102966
0.765583
0.381182
1.3732
1.41199
1.48668
0.617008
0.672768
0.443039
0.595485
0.851883
0.671624
0.692512
2.53665
1.24211
0.858602
0.675075
2.13008
0.795649
2.42345
0.673011
0.215968
1.73128
1.08768
0.761227
0.595629
0.584992
2.52959
0.521612
0.84503
1.12572
0.728241
1.43317
0.527354
1.75917
0.725859
0.780594
0.609576
0.924581
0.381948
0.435958
1.22238
0.847106
-0.0533887
0.710031
1.34398
0.568715
1.47992
1.86809
-0.040317
1.17025
0.52533
0.754907
2.3593
0.80421
1.14228
2.32615
0.287186
0.459301
1.4055
1.25097
-0.330836
1.24648
1.26676
0.837232
0.557802
0.872943
0.614322
1.18758
1.00374
0.941111
0.760355
0.247998
1.76433
0.610212
0.712848
1.1046
2.28053
1.68028
1.2086
0.700476
0.61454
0.882087
1.38081
0.548421
0.828039
0.979051
2.43783
0.639675
0.325206
1.18776
0.0453451
1.27499
0.829845
1.33147
2.38122
1.33275
0.985527
0.149016
2.06621
1.01717
0.795436
1.34072
0.768625
1.41348
2.11161
0.843694
1.0141
0.600251
0.572231
0.826198
0.596982
1.1348
0.593911
1.31765
0.517333
2.12679
0.498958
0.756286
1.16177
1.41933
0.561415
0.629854
1.18394
2.14587
1.66817
0.886715
1.12378
0.656069
1.36934
0.889968
0.531749
0.873292
-0.0545905
1.63121
1.10415
0.589234
0.829128
1.37961
1.17838
0.594908
2.20682
0.567031
0.571662
0.84958
0.77622
0.709287
0.398581
1.11106
1.5876
1.203
0.823616
1.32715
0.468092
0.835857
0.439889
0.221536
1.69464
0.683047
-0.447101
1.12529
1.44665
0.832579
1.1556
0.572204
1.07913
0.831393
0.819808
1.36068
1.35274
0.426407
1.37863
1.23309
1.06528
2.25706
0.692176
2.05571
0.666829
0.804975
0.406016
2.39533
1.11683
0.764111
0.500698
0.891472
1.14328
2.00796
-0.507255
0.77466
2.66492
0.755776
1.4519
-0.225026
1.14292
0.665323
1.84703
0.58418
0.600626
0.520781
0.590527
1.23702
0.693488
0.747848
1.07109
0.589397
0.694259
1.12014
0.82944
0.942961
2.39608
1.13157
1.21849
1.39375
0.751025
0.344686
1.01657
-0.335771
1.14601
0.864102
1.76035
1.35857
0.602436
0.830226
2.42119
-0.0719551
0.173994
0.627277
0.836201
0.87737
0.581081
1.05341
0.122165
0.128128
0.150418
0.569445
0.583366
1.11323
1.13583
0.571736
0.504573
0.569468
0.927631
0.689244
0.501707
0.732295
2.37343
1.60655
0.942353
1.21089
0.918907
0.787382
2.0659
0.555057
0.7748
-0.417909
0.421347
1.38231
0.629749
1.17615
0.832019
1.01867
0.538678
0.370509
0.573701
0.237569
0.68031
1.42983
0.750165
0.510435
0.540023
2.53986
0.576992
0.582717
0.692578
0.591281
0.99015
1.77211
1.31732
0.811412
0.523555
0.607801
1.37346
2.66185
1.62908
1.23142
0.624622
0.693048
1.12591
0.430519
1.03984
0.954317
1.17281
1.42972
0.742521
0.788936
0.582411
0.718312
1.09984
1.33151
0.546306
0.371832
1.25512
0.389851
-0.223461
1.36952
1.17074
0.84746
0.892375
0.812933
2.21915
0.845818
0.498217
0.590508
0.518328
1.17896
0.25541
0.603775
0.839125
1.37578
1.10316
2.34848
1.42594
0.254214
1.08842
1.06492
1.20079
1.58225
0.399532
1.02823
0.797883
0.435927
0.592079
0.295687
0.724129
0.194602
1.30223
0.594782
0.768183
0.197496
1.1091
0.527929
2.29625
0.624338
0.748111
1.18823
1.17459
0.482777
2.39201
0.592719
0.695096
-0.140545
0.585678
0.564586
1.13705
0.642795
0.756747
0.597016
2.36694
1.37226
0.424394
1.12793
1.09628
0.38297
1.13044
1.29009
1.25693
0.766906
0.55755
1.16441
1.43971
0.428125
1.22819
0.818267
1.19328
0.398045
0.645585
1.33128
0.618851
2.43044
0.761288
0.371185
-0.185149
1.21506
1.17392
1.37678
0.594703
2.3562
1.14182
1.35104
1.17884
1.37775
0.603017
0.746166
1.37714
0.607684
1.38544
0.592612
2.0747
0.650273
1.24504
-0.384929
0.896062
0.522406
0.379543
0.565041
0.622223
0.580568
1.01045
0.582544
1.1134
1.03717
0.803091
0.588943
1.51802
2.28826
0.820979
0.773426
0.295882
1.23953
0.718837
0.770365
0.78329
2.68192
2.45322
0.609335
0.771019
-0.500996
1.20999
0.64482
1.34095
0.613756
0.59435
0.631083
1.14376
0.487508
0.539451
-0.334072
0.161874
0.644265
-0.361975
0.199436
0.579254
0.601025
1.17464
0.564575
1.01388
1.10878
0.863254
0.555873
0.971377
2.57986
1.11633
1.18018
0.415933
0.720095
0.758365
1.2048
0.584942
-0.347201
1.03152
2.54187
0.680317
0.802957
1.02155
1.18937
0.744094
0.759451
1.46526
1.18589
2.40782
2.4148
0.412546
0.689343
-0.334914
0.685461
0.169475
0.702986
0.766476
2.66977
0.798965
0.690112
0.721057
2.56355
0.940409
2.14885
0.831547
0.319189
0.588034
0.641578
0.538817
1.98962
0.716781
0.747114
1.04382
0.960465
2.51765
0.881655
0.617016
1.23255
0.753493
0.419618
0.180573
0.37784
0.367918
0.507256
0.180055
0.590491
0.556693
0.762781
1.08847
0.859848
1.72153
0.971241
1.03477
0.679109
1.16809
1.27924
0.61721
1.09757
1.46381
0.19516
1.02942
0.417765
1.17776
2.34636
0.520072
1.09896
0.242854
1.18949
0.568846
0.698069
0.707439
0.595796
1.17719
0.429719
0.381925
0.608281
2.32064
1.33793
1.29927
1.75925
1.452
1.05792
1.04641
0.462971
1.17834
0.643664
0.594544
0.145941
1.4833
0.703285
0.751024
1.46553
1.40303
0.393277
1.11298
0.411303
0.779735
2.63521
1.13096
2.44763
1.19169
1.13282
0.579018
0.60933
0.489817
0.585926
0.579466
0.689882
0.598796
0.71585
1.30552
0.967504
0.734997
1.42222
0.350126
0.483142
-0.0453016
0.533184
0.907139
1.72233
1.43886
0.264559
1.32491
0.644492
1.35609
0.357027
1.14295
1.32636
1.17644
1.12124
1.04299
1.14279
0.304682
-0.286908
0.593629
0.690135
1.13678
0.685322
0.870522
0.557273
1.14067
2.59334
0.379779
1.16124
1.09348
0.671598
1.17292
0.806118
0.729014
0.605146
1.0283
-0.488613
0.486373
0.791282
0.306777
1.42162
1.19062
0.966257
1.38144
0.706706
0.661728
0.987947
0.745465
0.628185
0.566199
1.1746
1.40091
0.729548
0.872679
2.1349
-0.38919
0.417214
0.533314
-0.131981
0.244972
0.491635
0.491741
1.16394
0.723504
0.589743
2.46185
0.368817
1.38441
1.7071
1.23491
0.751116
1.60946
1.14168
0.713506
0.708281
1.14502
1.14094
0.271356
0.602873
0.598744
-0.1387
2.16842
0.371026
0.763399
1.03204
0.72011
2.25204
0.083785
1.21849
0.742685
0.49273
0.826933
0.664101
0.815013
0.585731
0.707567
1.39665
0.253926
0.755927
0.684323
1.09163
0.417458
0.171579
0.595189
1.12477
0.611552
1.3422
0.184034
1.18601
0.194293
1.83494
-0.0353822
0.633109
1.75352
0.802247
1.30698
0.984543
0.479235
1.95568
1.35692
0.833016
1.764
2.43629
2.3572
1.29798
0.67238
1.1403
1.21603
0.463553
0.337299
2.48488
0.398524
0.895024
1.80158
0.629354
0.465394
0.892784
1.46747
0.426003
1.13755
0.443836
0.566629
0.810418
0.596119
0.448104
-0.297387
-0.342766
0.341726
1.29904
-0.15644
0.531483
-0.345464
0.595776
1.03006
-0.277783
0.976257
-0.201442
0.801446
1.72806
0.828954
1.41055
1.13917
0.916375
1.155
1.49642
0.72808
0.98696
-0.327989
0.125649
1.15217
0.225344
0.626138
1.38516
0.0272022
0.575299
0.762252
1.15511
0.60089
1.07336
1.25505
1.12033
1.0575
1.20065
0.670565
-0.10805
1.1233
1.10562
0.497169
0.107255
1.22579
0.575451
0.744251
1.46762
0.364942
1.43176
1.22988
0.657885
-0.2992
0.73053
1.16503
0.510895
0.396821
0.112948
1.29495
0.582979
1.13248
1.50127
0.744741
0.404978
0.155714
0.415398
-0.504989
0.730086
0.565437
0.802627
0.384118
1.33847
1.08735
0.670233
0.589776
0.970467
1.12947
0.754057
1.14783
1.58805
0.97839
0.578874
0.68722
0.744395
0.806676
0.724988
0.614003
0.596163
0.727079
0.69986
0.601815
1.16855
1.11493
0.569374
-0.195834
0.424484
0.767177
0.825817
0.430357
-0.290181
0.798882
0.550344
0.209662
0.775097
1.49129
0.904367
1.23191
1.05307
0.818814
-0.27269
0.631518
-0.202096
1.56133
0.602325
0.595938
0.519158
0.825221
0.394746
0.900826
0.231088
0.620456
0.646602
0.597538
0.680552
1.00648
1.15509
0.477232
0.516818
2.46812
0.584499
2.42439
0.713427
0.581883
1.09913
-0.245487
0.75532
0.797588
1.19428
1.50127
1.53183
0.825344
1.02221
1.04924
0.570731
1.36141
0.584956
0.839951
1.13433
0.415934
0.725319
0.725546
1.5209
1.34416
1.39463
0.214836
0.537615
0.816463
0.586445
1.22658
1.17057
2.20814
0.314679
0.852519
1.21078
-0.320185
0.60688
2.08468
0.571538
0.644386
1.21499
-0.289467
0.583608
0.615485
0.827099
0.794822
0.750183
0.0969757
0.190088
1.01256
1.27156
1.15044
0.427351
1.23134
2.11867
1.12719
0.814974
0.543442
1.64162
0.462371
1.02579
1.19354
1.39529
0.364161
1.40969
0.575892
0.24018
0.704702
1.52656
0.634688
1.15874
2.52082
0.765841
0.283317
0.246464
1.17115
1.20062
2.33724
0.376816
1.09432
1.28726
1.16231
0.065772
0.209058
1.43974
1.44618
2.14085
0.551493
0.132276
0.624734
0.628125
1.56882
1.21854
1.3773
1.13361
1.35617
0.888262
0.833236
0.980523
0.377835
0.864167
0.291681
0.650785
0.443897
0.35319
0.66706
0.506764
0.615372
0.845972
1.44915
0.94537
0.755981
1.33665
1.0012
1.12639
1.41375
0.582433
-0.430044
0.959901
1.43166
0.886681
0.173318
1.49297
0.362285
0.769304
1.1742
0.588055
-0.249772
1.95712
0.659856
0.679518
1.26538
1.08338
0.812569
1.48503
0.338827
0.762036
0.464622
-0.251497
0.626954
2.18721
0.25558
1.32122
0.420248
1.11815
0.14885
0.595246
0.583784
0.294094
1.37749
1.02022
1.14732
0.795398
0.594619
0.462404
0.60746
0.938444
-0.464376
0.446299
0.626491
0.879147
1.18346
2.53406
0.857567
0.966025
0.562562
-0.275964
1.2282
1.05042
0.288785
0.578539
0.203386
1.48994
0.540123
0.828436
0.540101
0.609531
1.55576
1.09617
0.466508
1.65971
1.36624
0.60454
0.913946
1.45716
2.21134
1.3707
0.532649
0.358713
1.07184
0.255142
1.03323
-0.0745252
0.720565
0.586784
0.917022
0.842286
2.13076
1.24859
0.736039
0.98045
1.20433
-0.0165536
1.15758
2.55206
1.39707
1.01447
0.723479
1.1133
2.48569
1.48646
-0.319776
1.15937
1.73749
0.598493
1.07002
0.600906
2.08966
2.16553
1.52569
1.52323
0.422165
0.00405229
0.407218
0.742165
0.783356
-0.02686
2.33187
1.10172
1.19123
0.587668
0.41634
0.99711
0.830482
0.645306
0.424376
1.1738
0.38417
1.17958
0.735097
1.71291
-0.0747684
0.615722
0.829623
0.826088
0.492388
1.43647
0.883689
0.282059
0.725705
1.71749
0.450804
1.01826
0.788387
0.830542
0.664521
0.806355
1.16734
0.724532
0.58729
0.598124
1.17015
0.875959
-0.261149
1.52345
0.449141
0.366386
1.16554
1.68919
0.662438
0.709014
0.767632
0.333835
1.13086
0.182661
0.925925
1.17682
1.76524
0.0704114
0.373247
0.772007
-0.421662
1.35883
0.470249
1.43005
1.44746
1.1185
0.652926
0.748422
0.554839
0.371257
0.452806
0.166329
1.38061
0.727335
1.08133
1.2987
1.51351
0.64308
1.62734
-0.43485
1.29639
1.16596
0.567602
0.583463
1.45846
0.821717
1.70914
1.12639
0.773172
1.10407
1.46834
1.17354
0.796062
0.797461
1.24367
0.102316
0.798434
1.04901
0.405573
0.552728
-0.0788789
0.523903
1.24534
0.650163
0.602301
0.428145
-0.20431
0.512534
1.3672
0.671049
0.373889
0.55992
-0.180856
0.4197
1.12056
0.77429
0.685672
0.359363
-0.0604427
1.10571
2.48609
0.570809
0.97355
0.435883
1.09331
0.427317
0.76459
0.655984
1.02144
-0.509038
0.390364
1.48921
1.97388
2.17916
0.583703
1.39276
-0.237169
0.686025
0.520557
0.767284
0.762099
1.47716
0.321708
1.13587
1.52405
0.385773
0.11703
1.16273
0.95225
1.54355
0.379486
0.620755
0.748177
2.23714
0.185289
-0.23767
-0.203839
0.267332
1.48739
0.577289
0.417257
1.30226
0.412174
0.582182
0.582418
0.787064
-0.370061
0.597794
-0.259592
0.766467
0.67959
1.23486
0.443144
1.27897
2.4419
0.632761
0.411774
0.631255
0.909124
0.676738
1.77677
0.456838
0.677926
0.756969
0.6813
0.445379
0.0793333
1.31372
0.873941
0.329263
2.57707
2.20756
0.973316
1.18128
0.379623
0.744829
0.432764
0.296431
1.15378
1.02585
1.21669
0.440159
0.578803
0.692377
0.189714
1.40509
1.16816
1.20971
-0.187394
1.12337
1.07089
0.182085
0.829978
1.11616
-0.0543389
-0.251155
0.694087
1.23078
0.713393
0.912828
0.775587
2.31088
0.316759
0.839566
0.794222
0.548585
0.638853
1.16468
0.410842
1.37224
1.12343
2.58062
0.597024
0.664659
1.75052
1.51942
0.730481
0.54808
1.22189
0.663391
1.03774
0.681515
0.369751
1.91315
1.4858
-0.285985
0.598974
1.34473
-0.0176768
0.368702
0.804139
0.544427
1.50158
1.08071
0.954574
0.58072
0.397699
2.52289
2.08896
0.795009
0.903976
0.489158
0.200481
0.340547
1.0015
2.34143
0.138741
0.0304495
0.349046
-0.129066
1.52033
0.626264
0.236595
1.59875
0.575982
0.720045
0.251509
1.14779
-0.0617549
0.506297
1.77485
0.254044
0.399688
1.21097
1.28874
0.258185
2.70843
0.408785
1.80418
1.1697
0.624943
1.15578
1.17336
0.868319
0.860255
1.49617
1.12782
0.581296
0.13227
1.49634
0.664148
0.49372
1.36166
2.24001
0.683377
0.690589
0.574663
2.12303
1.79566
0.728713
0.575181
0.394865
0.165822
1.08188
0.599861
1.07199
0.19169
0.705589
0.306504
0.818285
0.480978
1.24549
0.566236
0.752122
1.82146
1.00676
-0.39522
-0.319894
0.586355
1.15868
-0.319637
1.09961
1.31082
0.505723
0.373447
1.11342
0.213274
2.14314
0.16235
0.344309
0.657819
0.357672
1.10969
2.44197
0.246145
0.380536
0.888002
0.463427
0.857954
1.12943
1.10221
1.35284
0.399508
-0.432979
0.16848
0.40875
0.496349
1.03064
0.673553
0.178376
-0.0187265
-0.304973
-0.261048
0.829275
0.449713
1.25649
1.05427
1.39776
2.32074
0.510878
0.420918
1.27126
0.565096
1.00555
0.687553
0.8116
1.7732
0.727846
0.560641
1.07875
0.406602
1.35067
1.10535
1.17652
0.540252
0.415566
2.61619
0.602796
0.469483
1.36367
0.763238
2.21834
0.428715
1.18812
1.27641
1.38532
0.764024
1.98638
1.79959
0.187271
1.06599
0.641043
0.564507
0.739695
0.617765
2.54292
0.564843
1.14378
1.36928
0.477617
1.19776
-0.152801
2.36626
1.33474
0.470377
0.510582
0.13915
-0.0662609
0.35498
1.05246
0.676959
1.01424
1.09256
1.14461
1.75447
0.584743
0.672468
1.10851
0.677623
0.990991
0.523899
0.190789
1.19708
0.83683
1.29601
0.240761
1.85922
-0.455025
0.764594
2.00626
2.48116
1.33093
1.38473
1.49869
1.28208
2.24263
0.600661
0.268965
2.50538
0.0214663
0.822049
1.55846
0.769918
0.712993
1.62289
1.66272
0.827332
0.81651
1.18527
0.435744
1.11282
0.878007
0.833597
0.819102
0.383075
0.353252
0.588067
0.615009
0.443499
1.17185
1.70869
0.299461
0.857974
0.904158
1.1174
2.48989
1.67486
0.67841
0.224673
0.800433
0.15262
0.579215
0.754189
1.28529
1.13632
0.509389
1.1902
1.09312
0.954375
0.827124
0.44067
0.913313
0.597924
1.03153
1.14953
0.86496
1.57698
0.208616
0.432067
0.377017
0.302112
0.547644
1.03682
0.824938
0.596073
0.126902
1.03997
0.934373
0.593063
0.660657
0.408525
1.95453
0.802858
0.538399
1.03098
2.03831
0.838743
2.33363
0.195747
0.802475
0.407855
0.58868
0.307488
0.596151
0.387715
1.17945
1.29401
-0.344821
0.193647
1.4403
0.860783
1.18536
-0.38076
-0.159827
-0.163348
1.1457
1.05539
1.29008
0.860527
0.506807
0.921526
0.555671
1.80513
1.06404
0.362563
0.862444
0.287758
1.49614
1.10429
-0.119467
0.819357
1.49675
0.0969401
0.37392
1.64493
0.720036
0.599692
-0.0806933
0.171357
1.45781
1.16918
1.10585
0.58975
1.70921
0.961248
0.82795
0.621746
1.47285
0.216516
0.835282
1.17427
0.65194
1.05348
0.995137
0.87522
0.845241
0.625214
2.64038
1.08402
0.824723
0.39024
1.61243
1.54439
0.47085
0.868845
0.400039
0.814384
0.594344
0.797945
0.690848
1.05843
-0.443488
1.78609
0.570325
1.99378
0.586831
1.23506
0.570784
0.43033
1.11836
0.97947
0.523209
0.367198
-0.348203
0.306153
0.425304
0.491143
0.233638
0.70129
0.907118
0.565075
0.782131
1.11498
1.09542
0.432299
1.22749
1.41
0.573519
0.29691
1.15421
1.77933
1.02284
1.45827
1.12217
0.980114
1.04506
1.17033
0.630699
1.13959
2.35055
1.45081
1.65298
1.51877
1.41913
0.789422
0.535488
1.12203
0.611774
-0.00596674
2.18206
0.938713
0.382505
1.08069
1.7701
0.749608
-0.216883
0.43028
-0.105063
2.28633
0.116204
1.29096
0.574889
0.872267
0.580098
1.6505
2.22248
0.796118
0.543371
1.12322
0.8503
2.45236
0.270691
0.742487
0.700738
0.546104
1.76934
0.789121
2.6087
0.882371
1.51591
1.28635
0.688526
-0.28812
0.574907
2.23007
1.38757
0.770982
0.591248
0.933817
0.839572
0.309533
0.16742
1.25264
-0.365969
0.596117
1.13338
0.0564462
0.13541
1.14501
0.803358
0.355657
0.92786
-0.280828
0.543226
-0.0413505
1.16869
1.16028
0.541195
1.16492
1.1737
0.00319
-0.0772541
0.825953
0.879556
0.855118
1.12766
0.860634
1.15011
1.28281
2.30058
1.01894
1.14937
1.22018
1.29632
0.269349
0.54141
1.75853
1.39609
2.16437
0.414414
0.663578
1.156
0.184535
0.573032
0.988819
0.533668
1.36084
0.0384068
-0.276718
0.645899
1.28081
0.54991
0.40297
0.43647
1.5889
1.69542
0.597535
0.147521
0.240808
1.3189
0.737653
1.09979
0.526055
0.607768
1.17289
0.312808
0.767953
0.679627
2.17371
-0.361044
1.17221
0.753492
1.09079
0.83858
1.03763
0.637999
1.10011
0.576822
1.23216
0.72875
0.596439
0.648326
1.33714
0.357968
1.41137
1.15175
1.43675
1.15129
1.04826
1.38637
0.379503
1.44279
1.29188
1.78494
1.56088
0.829853
0.567731
0.525757
1.56414
1.30249
0.411605
0.31167
0.68757
1.56472
0.700971
0.981418
0.596684
0.794612
0.569396
1.25033
0.591675
0.597467
0.877671
0.596623
1.48215
1.41349
0.564949
0.488057
1.22972
0.392107
1.32814
1.03208
0.409169
0.823827
0.563517
0.674893
0.19991
2.61537
-0.435289
0.652784
0.88992
0.397625
0.437336
0.455117
0.595744
0.575688
1.38431
0.91386
0.463745
1.72766
1.7735
0.797716
0.654413
0.535227
0.394193
0.0657333
1.23085
1.13027
1.37368
0.882269
0.443298
0.489883
1.34861
0.6177
0.191842
2.69758
0.389963
-0.33794
0.938741
0.886109
0.798059
0.548893
1.97386
0.404705
0.536774
0.570714
2.50087
0.378238
1.29392
0.952797
0.0439308
0.540065
1.31368
2.51025
0.342739
0.641132
1.54704
0.236448
-0.0391975
0.382097
0.428258
0.922209
1.16105
1.28604
-0.0803725
0.86437
1.3483
1.03894
2.30483
0.605974
1.80629
0.595078
1.49489
1.15935
0.895778
0.430024
0.182104
0.861202
0.35989
1.41968
0.213059
0.612483
2.56714
0.586538
0.108255
0.540678
1.34145
0.801892
0.324013
0.219514
1.16166
0.553683
0.739418
0.91742
0.733108
0.432964
0.640568
1.16386
0.755419
1.10517
0.0893673
1.2892
-0.398999
1.13919
0.879536
0.445888
0.164314
0.611477
2.16207
1.17348
0.617935
2.15293
0.59539
1.16287
0.578548
-0.474947
0.75493
0.572867
0.916871
0.844552
0.819186
0.777083
0.593888
0.334074
1.5373
0.536771
-0.377302
2.44428
0.683651
0.862689
0.960203
0.22855
1.95809
0.289923
1.07515
0.630549
0.145269
1.10813
0.79287
0.804394
0.290298
1.46102
0.638595
0.569982
2.24303
0.595847
0.619423
1.28522
-0.335947
-0.0484738
1.10753
0.486884
1.14518
0.373567
1.0286
1.17416
1.52953
0.915251
0.596256
0.580512
0.223071
1.00334
0.137139
-0.443574
0.59674
0.511574
1.10608
1.22627
0.419818
0.589449
0.651661
0.830254
0.60799
2.2065
0.424242
0.188521
0.585811
0.358567
0.766247
1.00106
0.520689
0.87475
0.700743
1.13716
0.864933
1.80014
0.851407
-0.348499
0.549917
0.809609
0.366765
0.788291
0.393581
0.194665
0.865097
0.585387
2.47451
1.2147
0.487864
0.749617
1.79045
0.544348
0.475041
1.0468
0.583047
0.166595
1.92729
1.21902
0.866143
1.1065
0.51575
0.443781
2.20364
0.598508
0.661883
1.50771
1.3004
0.337291
1.90873
0.772841
-0.45888
0.553669
0.592887
2.61818
0.762549
0.584939
0.0523385
0.537109
0.397743
0.484324
1.21246
0.840925
0.920151
0.874058
0.244273
0.920035
0.592002
0.632927
0.145806
1.16563
0.414567
0.524766
2.39312
0.840677
1.60165
1.23277
0.251649
-0.498722
0.642138
0.341035
0.70751
1.82386
0.753085
1.62841
2.15638
1.88145
1.16756
1.03831
0.798783
1.13453
-0.4091
0.92173
0.45611
0.614903
1.25841
0.228784
0.544898
0.101064
0.705174
1.73056
0.600087
1.20896
0.534205
0.232373
0.594955
0.547476
2.38041
0.365949
0.552614
0.770115
1.28457
0.999858
1.11876
1.07223
0.134255
0.419947
0.597354
-0.220275
-0.247626
0.598378
1.37339
0.569254
0.56545
1.20838
0.525731
1.11516
1.303
0.577589
1.58477
0.374146
1.06458
0.342453
2.12101
0.541001
1.89061
0.583638
1.11062
0.359757
0.42683
0.554259
0.607295
0.761152
2.12675
1.11479
1.58981
1.18474
1.23865
0.424152
0.591456
0.438121
2.03713
0.514984
0.334206
0.0510977
0.591831
1.69089
0.735733
1.05762
-0.271894
1.96971
-0.0771913
2.10711
0.171943
1.05914
0.767299
0.379862
2.22745
0.299654
1.03056
1.41892
0.340426
1.35203
1.08744
0.619671
1.58368
0.411422
0.549143
0.895893
0.643915
0.75472
0.142502
1.26761
-0.174387
0.199156
0.157887
0.540925
1.20161
0.47825
0.240296
0.943926
0.807389
0.868356
0.275924
1.01404
0.799851
1.10933
0.596888
0.981072
1.24353
0.624285
1.52629
0.488937
1.77898
1.19663
0.81505
0.778002
0.742156
0.618382
2.17004
-0.473636
1.16273
2.06589
0.46613
1.58795
2.35845
1.36544
0.594797
1.21437
0.724008
-0.0241558
0.710994
0.186889
1.16543
0.38624
0.754055
2.54085
1.14518
1.66493
2.52908
0.730553
-0.181687
0.754914
0.415282
0.0371393
-0.28318
0.324501
0.563542
1.47866
0.289375
2.32058
2.48527
0.875935
1.0508
1.73066
1.71361
0.754997
2.6851
-0.042696
2.0692
2.63026
0.525441
0.671871
2.46715
0.51808
0.0211448
1.28727
0.460172
0.840685
-0.417198
0.506077
2.35399
0.640996
0.462097
1.156
0.595477
1.25874
0.51202
0.513282
-0.140275
1.16418
0.869926
2.24786
0.897772
0.484838
0.778869
0.677977
0.552448
0.99383
0.501266
0.424563
1.88982
-0.187746
0.975346
1.60391
2.71687
1.01544
0.485925
1.0991
1.11013
2.62062
2.52948
0.315148
0.343849
0.875605
0.985531
1.10965
1.72923
1.3796
1.57601
0.519168
0.168508
1.09039
1.23677
0.327762
0.528104
0.266761
0.389028
1.26342
1.57712
0.596815
1.11513
0.196161
1.60379
1.91366
0.886467
0.420379
0.396414
0.513834
1.62555
0.331786
0.570348
1.22044
0.368831
0.884455
0.38876
0.0370344
-0.0952462
0.368303
2.33097
0.514014
0.57417
1.32243
0.552548
0.392462
0.204101
0.520651
1.88109
0.595895
0.504711
2.08287
0.838714
1.32267
-0.164986
0.753617
1.65613
0.490493
0.883153
0.517925
1.32911
1.73919
0.636336
1.74827
1.4369
0.956818
1.14719
-0.257256
-0.196195
0.314679
0.582717
-0.0550036
1.10285
0.5422
-0.135209
1.13427
0.150916
1.09877
0.794893
2.34298
0.816422
1.10494
0.0619754
0.182414
0.613721
0.729984
0.433582
0.134882
-0.308016
0.224882
0.0859038
0.592646
0.559162
1.69805
0.745226
0.453985
0.461391
1.68139
2.04996
1.59815
1.71454
1.38988
0.74277
2.5457
0.792276
1.06782
1.47973
0.930431
2.38338
0.446832
0.461284
0.0611647
0.210178
1.32481
0.720591
0.224894
0.577516
0.558028
0.656948
2.14716
0.227391
0.451481
0.832526
-0.130634
0.517727
0.147701
2.00149
2.15097
1.28447
0.5939
0.491804
-0.018103
0.210913
0.734589
1.67337
2.48896
2.19156
-0.387237
0.49325
0.616441
0.0147464
-0.286101
0.478884
0.564219
0.606803
0.315999
0.108839
1.09126
0.449886
0.544559
0.351042
1.19238
1.62517
2.33702
-0.124093
0.50724
0.966016
0.490272
0.64601
0.499776
1.13333
0.387522
0.569598
1.12617
1.556
-0.0602017
1.78156
0.509019
1.28555
0.596541
0.862927
1.0557
1.64768
-0.105663
2.19494
0.486526
0.59026
1.54259
0.148145
1.12946
0.457698
0.590698
0.774928
0.648226
0.827548
1.12741
0.395427
1.58033
1.29725
1.1394
1.16506
0.58623
2.04615
1.84858
0.548651
1.56922
0.44369
0.69714
0.811284
0.382885
0.686763
1.2921
1.0742
1.21742
1.36309
0.520466
1.20568
1.15146
1.17006
0.642884
1.43683
1.24228
1.57521
-0.230192
0.579019
-0.076705
1.15455
1.67513
0.791463
0.633713
1.27327
0.0376133
0.686158
1.59527
1.28402
1.06491
0.422877
0.49306
-0.130601
0.822263
1.16891
0.546358
0.482633
0.403873
-0.152519
0.571459
1.65707
0.651045
0.961957
1.07511
1.02222
0.886639
0.933579
1.48103
1.70101
0.589355
0.407938
0.753469
0.459715
0.790852
1.14422
0.595613
2.44231
1.75723
1.1784
0.570097
0.764195
0.868167
1.26049
1.22668
1.20056
1.14118
0.80107
0.59094
0.64326
0.530515
0.419669
0.422582
1.22891
0.797515
0.480131
0.164007
0.877263
1.17892
1.62421
0.650489
1.21
0.974617
0.516498
0.494464
0.612721
1.66872
1.753
2.20623
0.59343
1.12296
0.490744
2.18018
0.493802
0.574453
0.587493
1.37749
0.533972
0.849668
0.650878
0.595809
0.560228
0.606449
1.06637
0.614794
0.591842
1.33757
1.10632
0.176111
0.580825
1.05228
0.533455
0.830589
0.364767
0.607014
0.694856
0.405484
0.231062
-0.504427
0.369148
0.593065
0.589471
1.1144
0.880155
0.858385
1.31358
0.636565
0.818075
0.40691
0.475538
-0.0861768
0.713123
1.86824
0.567312
0.377555
1.73073
0.644145
2.64083
0.769184
1.32369
1.56777
-0.324261
0.401799
0.594781
0.625731
1.25055
0.755503
1.74423
1.28985
1.60656
0.74862
0.589553
0.565633
0.769156
1.30189
1.72584
0.888057
0.582173
1.02889
1.29185
1.82282
1.72838
1.13177
0.390674
0.558463
0.451354
1.06118
0.935563
1.98046
1.99491
1.22842
2.67633
0.834018
1.8029
0.445811
0.657579
0.206799
0.378005
0.535744
0.813214
1.33811
1.86082
0.799495
2.66876
0.853815
0.456048
-0.15237
1.69119
0.668044
0.324071
0.427386
1.14975
0.512168
1.46608
0.385507
0.937238
0.842939
0.244702
1.78368
1.24693
0.217378
0.893084
1.16447
0.727494
-0.0181452
1.20865
1.67556
0.606964
1.37001
0.529469
2.21141
1.17345
1.04784
-0.344515
0.758129
0.638281
1.12751
0.578898
0.186828
0.78856
0.497551
0.902924
0.880711
1.71404
-0.0850278
1.92657
0.358135
0.565098
2.36991
0.0459524
0.36697
0.147607
1.07593
0.206186
1.0966
0.0777124
0.592806
1.13125
0.575163
0.92862
0.486782
0.366708
0.624237
2.06211
0.501547
1.2312
0.848854
0.361583
1.09632
0.189232
1.25037
1.81767
1.35276
0.85624
0.408066
0.715155
0.555179
0.58118
0.555249
0.278975
1.25773
1.1421
0.579152
0.593533
1.55656
2.04477
1.79027
0.661198
-0.0335419
2.68577
2.18062
0.870901
0.232122
0.521277
0.552174
0.449911
1.35406
-0.376673
1.24144
1.35531
-0.187492
0.586904
1.06203
2.41389
1.64589
2.02067
0.590114
-0.361934
1.21507
0.684514
0.991234
0.367264
1.12114
0.845633
1.07036
0.490315
0.590977
0.734298
0.519758
2.16459
0.22369
0.926212
0.441352
-0.272753
1.73429
1.1407
0.876455
1.43474
0.559563
2.45497
0.79998
-0.322526
1.24832
0.509595
0.785498
0.195574
0.616458
0.867155
0.599105
2.40518
0.396625
1.60653
-0.0814279
-0.0872367
1.83715
1.0008
2.44222
0.588495
1.80262
0.960775
1.37148
1.26937
1.62355
0.127734
-0.23665
0.489494
0.575705
1.82705
0.0422835
2.24366
2.28246
1.54164
0.35975
0.576735
2.46368
0.874665
0.83391
0.760701
1.92795
1.8186
1.32347
0.566006
1.81262
0.880802
0.574938
0.16949
0.559552
2.00268
0.414744
0.614193
1.25713
1.71162
1.10465
2.06448
2.1767
0.772999
1.0486
0.853211
0.451059
1.91831
0.704
1.47818
0.43363
0.715447
1.35936
1.83157
0.755875
-0.0533875
0.348689
-0.362764
1.01169
1.25165
0.408886
0.670336
1.81437
0.870593
0.752051
-0.495208
0.502634
0.933301
0.731153
1.2566
0.506923
0.410928
0.72662
1.34929
0.468542
1.87519
2.08712
1.72918
0.637826
1.20379
2.30156
0.45663
0.362794
0.388387
0.397971
0.542574
0.98686
1.00962
2.33871
0.883102
2.02152
0.575356
1.4441
2.02334
0.596425
1.49318
0.919772
0.122766
1.16054
0.662599
0.5896
0.604019
1.32789
0.8459
1.67208
1.28337
1.93686
0.691301
0.562569
0.595727
-0.477094
0.307021
1.04163
0.654301
1.87094
1.36117
1.42169
1.72207
0.210613
0.285119
1.72954
0.595013
0.744929
-0.132686
1.83835
0.674242
0.44051
0.297769
1.38607
0.280406
0.451531
1.45108
1.66726
2.71579
0.642584
1.69348
0.869742
1.04655
1.13877
1.75826
1.03205
1.80834
1.0776
1.94365
1.84161
0.474998
1.48685
0.579571
0.0254108
0.345652
0.580998
0.164913
0.862373
1.10302
0.902493
0.67617
1.78527
0.356692
0.677634
0.846194
1.3177
2.72426
0.589552
1.22201
0.12006
1.10125
0.592043
0.605434
1.17874
0.264118
1.95863
0.189666
0.281039
0.722222
0.873052
0.763629
1.29406
2.02796
0.741424
0.556217
0.759401
0.374232
-0.0520357
1.15087
1.10639
1.58403
0.422727
-0.406393
1.46845
2.16185
0.637043
0.629249
1.61595
0.307693
0.01662
-0.405966
0.488269
2.73382
0.493885
0.662016
0.510413
2.34909
1.13058
0.51203
0.221056
0.924962
1.22672
0.846545
1.06616
1.13899
1.14776
0.634259
0.866634
2.52398
1.80625
0.593828
0.436166
1.39866
1.19652
0.62141
0.411228
0.562549
-0.0475348
0.579769
1.63281
1.57865
2.47287
2.54788
0.615056
0.329927
0.592117
1.46767
1.38785
1.77279
0.493879
0.959824
-0.295438
0.719075
0.601179
0.585845
0.614069
0.563076
1.9929
1.12905
0.454562
0.421582
1.90393
1.4048
0.0586222
0.758683
2.01699
1.01133
0.369828
1.14614
1.63715
2.46912
1.02434
0.426397
0.472037
0.0059993
1.65877
0.930376
0.16604
1.31933
1.67299
2.19668
0.321625
0.789776
0.320516
0.608081
0.180008
1.91282
0.864066
0.671233
0.681645
0.574506
0.622379
2.55039
0.562192
0.533159
0.877954
0.70458
0.428491
0.160625
0.201536
-0.101566
1.05117
0.859215
0.367055
0.74253
0.574513
1.4009
1.1209
2.4822
0.583014
0.637191
0.645495
2.23942
0.836345
0.361123
0.629865
0.55428
0.47075
1.05262
1.68819
0.413713
0.282918
0.721786
-0.506952
1.14418
1.83894
0.948646
-0.36482
1.66096
0.581322
2.18351
0.652007
2.48826
1.38006
0.827537
0.673353
0.580182
2.14383
1.2031
0.695038
0.594033
1.23221
2.02365
0.744572
1.35079
0.598785
1.3563
1.3486
-0.00863217
1.16065
1.08592
1.56803
2.34627
2.48911
0.684077
0.483205
1.43372
0.732641
0.0935589
1.52785
1.03801
0.708877
0.728331
1.9072
0.475658
0.538383
0.588478
1.70623
0.783906
0.00503735
0.543799
2.3822
0.460885
0.874759
0.61387
0.635082
1.19902
0.0328673
0.848206
0.205846
2.66152
1.6777
1.10078
1.34874
-0.0527217
1.16588
0.65009
0.201996
-0.123435
0.893286
0.600892
0.598252
0.667749
-0.0949896
1.34377
0.389512
0.0372507
0.595909
1.01205
2.12367
0.487501
0.317353
0.470458
-0.309839
0.586334
2.19665
0.358119
0.519974
0.443383
1.34912
0.657492
1.10055
0.43738
0.439023
1.33854
0.589547
0.275631
0.836683
1.13839
1.74526
-0.089692
0.42008
1.77074
1.16976
0.862131
0.697393
1.0101
1.04025
0.47246
0.596184
0.577367
0.558291
0.221662
2.1063
0.413972
0.15739
0.376432
0.0817849
0.87946
0.475772
0.89955
0.242451
1.62154
0.656694
1.55714
0.674455
1.41761
0.406446
2.06739
0.415344
0.102477
0.362011
2.26855
1.14124
0.96776
1.31045
0.215506
0.606776
0.880433
1.10772
0.708642
0.998476
1.62048
0.557815
2.52808
0.623825
1.13835
1.27522
0.900366
0.650498
0.344616
0.812616
1.07742
1.004
0.337716
0.508097
0.93457
0.575146
1.13839
2.08213
0.985777
1.76105
1.32127
1.2552
0.349798
0.82091
0.843339
0.417893
1.37284
0.759033
0.52968
1.08649
1.05688
1.00849
0.370723
0.415934
1.4455
0.585914
0.261234
1.28963
0.498171
1.56896
0.357835
0.977253
2.27694
1.13724
1.06811
1.06083
0.64351
1.4226
1.70746
2.59884
0.335808
0.817315
0.505413
0.949971
-0.462661
1.0005
0.347236
0.804267
1.718
1.80791
2.14703
0.935926
0.591181
0.900728
0.594182
1.81495
1.75973
0.842452
1.10906
2.25316
0.817485
1.40213
1.13824
1.00228
0.417999
1.17688
0.640834
0.636261
1.45902
1.29373
0.590855
1.05787
1.14498
1.14835
0.775253
1.09826
0.870077
0.794446
0.880421
2.54126
0.736588
0.686218
1.0026
-0.387309
0.334188
-0.0799917
0.635345
2.19729
1.03219
1.92825
1.37351
0.600184
0.566048
0.452218
0.658412
0.68498
0.590274
1.81837
0.359541
1.28116
0.766373
0.114746
1.17649
-0.461691
1.27791
-0.394246
0.374897
0.444816
1.38338
0.596018
1.58811
0.765139
1.49886
1.10476
1.01726
0.856845
0.589804
0.647377
1.07371
0.809252
2.11782
0.235756
0.400686
0.643036
0.791645
0.70498
1.0753
0.730298
2.30422
1.16607
1.69897
0.408359
0.107687
0.950648
2.0416
0.766331
2.01332
0.908269
0.340949
1.08678
0.588825
1.36099
1.10769
0.336846
0.847901
0.526576
0.332218
0.910878
1.26614
0.349571
0.382711
0.418506
0.775169
1.76106
0.721138
0.600431
0.623614
0.61957
1.33591
0.657679
1.20831
0.957547
1.20128
0.415476
1.04214
0.629482
1.98759
0.821308
1.19435
0.373583
1.89862
0.438024
0.46322
2.5001
2.29625
2.32398
1.94333
0.528618
1.78828
0.590312
0.596293
1.62202
0.596293
0.449932
0.948604
0.345539
1.88879
-0.122197
0.699541
1.70481
0.377506
0.561272
1.12137
2.03192
0.974724
0.576266
1.94517
1.89027
0.519844
0.428571
0.908295
0.854181
0.685155
0.38861
0.536046
2.26782
0.537417
0.60678
0.704037
0.452533
0.553462
1.7104
1.38685
0.83694
2.29257
1.72697
2.13641
-0.410584
0.681986
0.415804
2.42227
0.460457
0.983524
0.595883
0.571402
0.818772
0.603081
1.88029
0.803534
0.891451
0.680688
0.444997
1.10414
1.83542
0.884995
0.560678
1.16422
0.376987
1.34933
0.430221
0.41054
0.122836
0.821741
0.49153
2.3342
1.57718
0.553266
1.26482
0.256716
1.20529
0.592675
2.81542
0.58982
1.01212
1.30338
1.82536
0.560654
0.781449
0.880307
0.918124
0.157912
1.80341
0.596028
0.873608
0.175773
0.750551
0.594023
1.80339
1.54489
0.510783
1.3407
0.732249
0.949948
1.656
1.15714
2.16484
2.32044
1.84756
0.315563
0.429506
0.618146
1.12577
1.3568
0.56488
0.622921
0.461521
0.576405
1.70362
1.04244
1.04209
1.10994
0.418742
0.357983
0.288768
1.03747
0.439782
0.147067
0.96826
1.97162
0.547117
0.785775
1.38747
1.68109
0.480213
0.697219
1.21456
1.19722
0.635442
1.7565
1.93032
1.33207
1.94527
0.839342
1.71274
0.590086
0.555753
1.23796
0.376296
0.438229
1.85759
0.595481
1.33263
2.22744
0.757315
0.726199
0.560131
0.575146
0.879621
0.592617
0.998181
0.536709
1.01442
0.588023
0.623517
-0.307257
0.607468
2.56652
0.689753
0.812363
0.982101
0.577906
0.625976
1.79749
0.605265
2.1326
0.67267
0.183407
1.21212
1.77991
0.170325
0.533966
-0.402735
0.665833
1.10103
0.340306
1.71784
1.34621
0.535054
0.542573
2.27919
1.08728
0.931593
0.531213
0.738303
1.48716
0.367134
0.596192
0.443067
1.2869
0.395012
0.574084
1.24085
2.65758
1.38659
0.382204
0.583493
0.74609
0.283605
-0.348995
0.596197
0.7883
1.75348
1.32527
0.352808
1.29087
1.34605
0.480109
0.834343
1.47044
0.611572
0.43612
1.94037
2.52908
0.279038
0.236634
0.624599
1.09903
0.637501
1.15555
0.80279
0.520477
0.668074
1.81875
1.63191
0.332955
0.83727
0.121147
0.68279
0.779244
1.21062
0.0453513
0.224984
1.39189
-0.228472
0.860625
0.689802
1.40405
1.96346
0.660208
-0.406242
0.626618
0.85739
0.565028
0.64537
1.15676
1.35356
0.513885
0.205018
1.32778
1.07965
0.801513
2.21371
1.10417
0.412446
-0.4105
2.51783
1.12012
0.418952
0.564228
0.88728
0.717389
1.19132
0.62526
1.76995
0.810273
0.377687
1.22025
0.927439
0.35936
1.39534
0.423449
2.45903
1.07226
1.66642
1.2513
1.42999
2.21288
1.23595
0.37198
0.732177
1.06571
1.7744
0.887889
1.75008
1.45557
2.46035
2.56445
1.79457
1.27225
1.12842
1.13489
1.7383
0.362769
1.64873
0.523802
2.42001
0.495644
0.554799
1.16794
0.292374
1.06335
1.06274
1.52575
0.190939
0.473148
0.59207
1.3112
0.404432
0.880402
1.31114
0.420891
0.521241
0.822029
1.49833
-0.349744
0.896078
0.573441
0.426922
1.25448
0.434489
0.805811
0.483726
0.77526
0.412536
0.372819
0.421938
0.538498
1.13874
0.301371
1.92636
2.05621
2.0524
1.15868
0.560058
0.767867
-0.241034
0.962442
0.825366
0.995528
1.83766
0.290506
0.561354
1.64947
1.7591
0.515519
2.04628
0.300571
-0.414636
1.64187
1.13011
0.913391
2.02475
0.593345
0.675097
0.510458
0.246337
0.811578
1.02151
1.77188
2.26649
0.523792
0.51364
1.8081
1.21736
1.2563
0.686583
0.401663
0.286504
0.610331
0.506418
2.20027
0.088523
1.36139
1.11837
0.541951
2.06871
0.772506
0.922936
2.35295
1.14789
2.4303
-0.0608372
0.631456
1.08155
0.929465
2.11858
1.42027
0.440276
1.08725
0.320777
0.806552
0.503528
0.862247
1.34148
1.67651
-0.319356
0.524699
0.41368
1.11078
1.10981
1.11117
2.12823
0.904817
0.59887
0.773281
-0.288968
1.38888
0.501584
0.576191
0.537589
0.455858
2.03747
1.18616
1.12241
0.695022
0.356979
0.427595
0.297224
1.51372
0.827778
2.13858
0.834262
1.71668
0.880577
0.377123
0.492384
0.292298
0.757555
0.750571
0.619383
1.28322
0.606715
1.01288
0.776238
0.506407
0.717189
0.481678
0.345396
1.73007
1.20298
0.504171
0.843839
0.318403
0.634607
1.12256
0.568358
0.985125
0.658872
0.568405
0.365142
2.56438
0.197303
0.0210517
0.603068
0.430171
0.415039
0.213199
1.39457
1.78678
0.81925
2.34696
1.0691
1.22253
0.54911
2.79028
1.13714
0.793101
0.514542
1.2408
0.420674
1.47854
-0.212197
0.434422
2.14847
1.04322
0.613162
2.5517
1.30519
1.32073
0.619553
1.00494
1.20127
0.411538
0.716258
0.498757
1.52508
0.956505
2.3942
1.8453
0.94333
0.968048
0.750032
1.89603
0.420827
2.17937
0.760442
0.405304
1.6701
2.22621
0.404136
1.59673
0.845351
1.8219
1.15286
2.63629
1.85279
1.35113
0.750442
1.83166
0.331754
0.174489
0.382317
1.89017
0.880601
2.1395
1.18401
1.67505
0.56864
2.03283
0.520372
2.54846
2.03474
1.0278
0.466352
1.5078
0.917868
0.576124
1.4309
0.641658
0.697643
2.47021
0.396793
0.383286
0.531728
1.85844
0.178048
1.48735
0.582503
2.00029
1.71874
1.74176
0.972645
0.489559
0.589936
0.575937
1.96592
0.620531
2.00445
1.09631
0.930122
0.325921
1.87884
1.62819
0.483926
0.388988
0.426086
0.993407
0.619405
2.45895
0.408938
1.91627
1.92075
1.12743
0.58852
2.13416
0.623092
0.476737
1.19801
2.10436
2.70888
1.89304
0.484682
0.722638
1.32914
0.89275
0.590198
0.361916
0.421156
0.690905
0.634623
1.12531
1.11292
1.90556
2.01862
1.01702
1.35676
1.64996
1.28669
0.822488
0.586534
1.25621
1.38641
0.568894
0.598774
-0.429704
1.37324
1.15329
0.869676
-0.0666801
0.836734
0.341214
0.310507
0.504691
1.24833
0.966463
0.510232
0.515847
1.14952
0.569169
0.881664
0.552645
-0.490431
0.819124
-0.41046
1.96457
0.95278
0.926069
0.744019
1.09875
1.19728
1.83814
0.357742
0.999425
0.792337
0.778524
0.518008
0.532725
0.635042
1.22504
1.13945
1.22329
0.706719
0.813767
0.842295
1.10176
0.680381
1.7569
0.858548
1.28478
1.28112
0.652257
0.821216
0.407303
2.28479
0.552727
0.101792
0.998291
0.45465
1.35365
1.70759
1.17514
2.52652
0.203652
0.747842
0.475708
1.72971
0.686378
0.394472
1.47007
0.644725
1.76144
2.1246
0.960239
2.10816
1.18325
0.31724
0.55777
1.02774
0.710162
0.814214
0.710972
1.15478
0.875921
1.13784
1.09449
-0.108069
0.576799
1.18104
0.624526
0.332763
2.34693
1.89894
-0.116025
1.76987
0.262786
1.21092
1.0871
1.95169
1.5144
0.883803
-0.279795
0.81172
0.88555
1.78199
2.46987
1.24091
2.3051
0.581337
1.06091
0.863397
2.44479
0.703445
2.20024
2.59858
0.173473
1.22096
1.39054
1.86934
0.588018
1.05684
1.31465
0.972174
2.56181
0.855917
0.599064
1.25471
2.63493
1.88884
1.86579
0.481518
0.415395
1.15306
1.14491
0.55078
1.25385
1.22006
1.70561
2.19189
1.96787
-0.296183
0.882509
1.06839
0.973596
2.28798
0.570665
0.591962
1.31206
2.34311
1.10267
0.734881
2.57781
0.882995
1.13168
0.864606
-0.154099
0.610341
2.09326
-0.0459794
1.2363
1.30931
0.419454
0.770954
1.42995
2.71645
1.12561
0.390418
1.02779
2.52018
1.09653
2.40692
1.0608
0.918881
2.46515
0.559702
0.92646
2.07902
1.55643
1.8738
1.13569
1.36125
3.13375
1.20508
1.11398
0.636402
0.458671
0.577442
1.09385
1.1335
1.52487
0.402184
1.27438
0.526533
0.344638
1.21378
2.09068
0.446721
1.11596
1.6114
1.12492
0.956212
1.23595
0.381441
0.570074
0.482945
2.53954
0.973448
0.761193
2.13707
1.54941
2.69507
0.593295
2.52507
0.577626
1.85473
0.467742
0.984908
1.12798
2.26019
2.41086
2.29061
0.356072
1.42734
1.45506
0.715448
1.21549
0.63031
1.12138
0.644762
0.421048
1.11969
1.71931
1.12481
0.949181
0.347164
0.570056
0.390812
0.656223
0.998585
1.13754
-0.358004
0.834606
1.05939
1.97971
1.01288
0.977823
0.799365
0.225172
0.829169
0.901094
0.647971
1.36908
1.69777
0.387457
1.17697
1.23835
2.08127
0.595569
2.17466
0.593576
1.09808
0.285769
0.604745
0.737304
2.58281
0.323387
1.20796
0.444033
1.01978
0.876554
1.43966
0.454816
1.14235
0.733721
2.44269
1.2952
1.1382
-0.161097
0.798485
0.737353
0.625849
0.475779
1.75292
1.04473
1.1311
1.72853
0.662687
1.38627
1.08158
0.390519
0.397996
1.13217
1.96846
0.26412
0.57798
0.95942
1.11935
0.695232
1.38704
0.697586
1.47753
0.437561
-0.118417
2.67802
0.36893
0.588386
0.230015
2.05037
0.0761572
1.15342
0.608627
2.01449
0.489828
1.14642
2.04704
2.75077
0.71962
0.941444
1.04302
1.36094
2.23721
0.514012
2.03796
1.04349
0.575079
2.35819
0.356778
0.800062
0.238758
0.966474
0.198203
1.24753
0.337121
0.671167
1.75016
1.74719
1.31121
1.64567
1.94463
0.672553
-0.366756
1.09456
2.76062
0.947375
0.491124
0.529797
1.21896
0.303062
0.680211
2.44743
1.89381
0.578185
0.829407
1.36527
0.594221
0.447234
1.1846
1.67902
0.861887
1.04054
0.831621
0.584372
1.91872
1.56065
1.48656
1.34778
-0.103042
-0.111586
0.999543
1.27386
-0.0735712
1.28059
1.00083
1.47821
2.45745
2.4204
1.05513
2.08197
2.27982
0.362944
0.701461
0.270922
0.870462
1.26495
2.45128
1.36401
0.621747
1.14988
1.23895
2.27872
1.44968
0.724547
0.623022
1.70436
0.455838
0.500369
1.15395
1.16769
1.70492
0.461123
0.863895
0.466648
0.479616
0.805435
1.36441
0.792922
0.732799
1.93759
2.5473
1.71752
0.328679
1.09865
0.925491
0.432542
0.671584
0.570665
0.798907
1.998
0.582631
1.84092
1.40584
0.937372
0.585716
1.35832
0.579859
0.572508
1.28162
0.221231
1.07955
1.50869
0.419696
1.10926
0.835561
0.572213
1.91076
0.423401
1.29692
0.839035
0.777276
1.1092
1.28061
1.1737
0.681854
1.5688
2.47306
0.645679
0.656943
1.12285
1.01951
1.04195
0.403668
0.881443
1.10203
2.44703
0.306222
1.0454
0.700157
0.41114
2.0617
1.61554
1.66034
0.336246
1.47609
0.898708
0.318481
1.24163
0.361599
1.28997
1.15888
0.595161
1.22098
1.50363
0.68841
1.96494
0.271476
2.40688
1.65275
-0.0881388
0.464473
0.832578
0.592302
1.36493
1.31713
1.05481
1.80373
1.35367
1.77081
1.5212
1.86109
1.22756
1.17224
0.396431
0.469721
1.12306
1.15487
1.27479
1.73423
1.78781
2.05122
2.75673
0.608105
0.597797
2.12583
0.143179
1.10245
1.20356
0.853981
1.31048
1.59651
1.22314
1.17375
1.89695
1.3051
-0.204915
0.673642
0.978682
1.15414
0.277916
0.129091
1.49827
1.47736
0.344399
1.36188
0.797531
-0.0681724
0.266749
1.14802
0.910657
0.990289
0.441891
1.21146
0.634856
0.248033
0.141725
1.57689
2.07693
1.21805
1.26437
-0.0666094
1.30697
1.39
0.7703
0.87728
1.11968
0.705359
1.79638
1.40966
1.90787
1.11984
1.12209
0.589343
2.56718
1.08334
0.294654
2.18891
0.555918
0.651513
1.0488
1.13043
0.344041
1.32716
1.11914
0.611203
2.54616
0.944514
0.733996
1.3921
0.88132
1.33312
1.58658
1.92452
1.43405
1.28175
2.62723
0.576524
-0.323755
1.12021
-0.3813
2.36275
1.73379
1.28308
1.01533
1.12482
2.14955
1.38178
0.118736
0.291655
2.79659
0.392604
0.836661
1.15462
1.11909
0.687022
2.56993
0.202359
0.707067
0.950148
0.2392
1.13065
0.982886
0.173782
2.59287
0.415987
0.579982
0.451795
1.38842
1.12925
0.387984
0.707453
1.13788
0.693529
1.02858
1.26518
-0.16818
0.438251
0.762375
0.756512
0.623834
-0.0104056
0.41008
1.15031
1.12115
2.29437
2.36526
0.329968
0.765589
2.49239
0.553009
1.42707
0.122624
1.14889
0.103168
0.577603
2.66316
0.820858
0.590836
0.416318
0.234488
1.16258
1.18626
1.7173
1.23551
0.593727
1.33948
-0.197213
1.55162
1.41038
1.47946
0.0785236
1.80303
2.42556
0.701448
0.615641
0.409384
0.682664
0.594171
0.830544
0.383366
1.08133
0.4058
0.54411
0.418065
1.63106
-0.227688
1.16251
0.826718
1.29294
1.89516
0.363128
0.411737
2.48049
0.693361
1.8947
0.977536
2.10052
1.49803
2.55048
2.46815
1.31656
0.593896
0.654948
0.354118
0.481291
1.47076
0.684136
0.405866
1.17471
1.19125
2.40197
0.643007
0.747333
0.824006
2.47462
1.44902
1.16091
1.13881
0.309641
0.689354
0.264476
0.676795
0.6989
1.19326
1.63252
0.481217
0.440434
1.83121
0.831525
1.2413
2.13396
0.435365
-0.332011
0.582733
0.982477
1.38007
1.45353
0.644454
0.600953
1.32601
0.322646
0.134331
2.15787
0.546142
0.721161
1.58538
0.753524
0.163455
2.41953
0.803352
0.239925
0.881559
0.376067
0.639278
0.632965
2.05342
1.76397
0.463127
1.45328
1.08076
1.27483
0.556349
0.452508
1.32946
-0.204011
0.290717
0.479011
0.421187
1.6599
1.35307
0.74762
0.388196
1.34328
1.27088
1.28101
0.577831
0.376481
0.633994
0.430298
1.31713
1.19023
1.26414
0.582323
0.553179
0.753719
-0.304412
2.06796
0.373445
1.22064
0.660996
1.29065
1.11803
2.31302
0.577402
0.874142
-0.306397
0.971068
0.957515
0.295028
1.41622
0.859889
2.62829
1.30567
0.781872
1.11646
1.77049
0.65459
0.596806
0.942402
0.576061
0.94277
0.149896
0.876958
1.59538
1.1749
0.584846
0.815836
0.822495
1.43809
1.36878
0.833594
1.39353
-0.249058
1.11658
2.6183
0.796181
0.875513
0.744517
0.877475
0.800269
1.24387
1.86285
1.16755
2.62834
0.880796
1.77387
1.74156
1.75595
1.74652
1.73925
2.4693
2.74405
1.54476
1.31822
2.13144
1.44292
1.24155
2.751
2.00569
1.78194
1.78812
2.23956
2.75778
1.39959
1.90517
1.90187
2.032
2.71871
1.77952
2.62412
1.81072
1.27964
1.98799
1.59272
2.7561
2.6943
2.58603
1.42621
2.67842
1.37625
2.73886
2.73009
1.56608
2.74303
1.85695
2.72901
1.67613
2.75792
2.67746
1.70682
1.72126
1.4589
1.29936
1.33045
2.70979
1.75528
1.76342
1.7502
1.6376
0.471087
1.09079
1.09307
0.569192
0.571141
1.23641
1.62341
0.828759
1.97349
0.812015
0.968294
1.03952
-0.265814
0.812772
0.658071
0.902448
1.16617
1.73631
1.00849
1.16547
2.7434
2.3262
1.17196
2.59175
-0.326867
1.07972
1.2905
1.33021
2.12567
0.264841
0.489907
0.520744
1.51337
-0.0110206
1.51878
0.593399
0.0362997
0.323107
0.872867
1.03928
0.286371
0.749793
2.3133
0.969717
1.28875
0.727565
2.588
-0.253799
1.2881
1.65083
1.25133
0.7637
2.69902
0.877245
1.16087
0.374216
0.364259
1.05918
0.373486
0.475954
0.413082
0.647227
0.301945
1.66494
1.32951
0.845765
1.84977
2.6323
1.09915
2.54636
0.866318
0.545599
2.68595
0.584324
2.57979
1.14065
0.443366
0.597479
2.33348
0.852857
2.17878
0.91534
1.12161
1.13099
1.1545
0.58153
0.626463
2.73225
0.482026
-0.265705
-0.161993
2.57427
1.0892
1.28075
2.5367
0.691564
1.2521
0.199011
0.597248
0.893488
0.509148
1.92614
1.17185
0.578249
0.421308
1.0512
0.870246
1.31765
0.478278
0.8032
0.594798
0.856915
2.07292
1.54966
1.21409
0.332147
0.465207
0.697867
0.781829
2.00849
0.80173
2.13504
1.02208
0.813105
2.13009
2.14769
0.121811
1.13937
-0.284848
0.411549
0.752461
1.17506
0.59481
0.604343
0.527239
0.274633
0.473284
0.532552
0.603101
0.586472
0.51587
0.587013
0.605622
0.194029
0.310373
0.946358
1.12835
0.835222
1.51641
2.07608
0.729894
0.628862
1.27062
1.02239
0.863082
1.64389
1.17285
1.88062
0.684283
0.769148
1.20385
0.572969
0.885425
2.09369
0.384308
1.06982
1.51737
1.09996
1.26927
0.867876
0.881775
1.17388
0.815032
-0.294372
0.687139
0.277609
0.828305
0.474301
1.68468
0.594418
0.450044
1.07379
0.293361
0.515991
2.14798
0.68888
1.40833
0.596486
0.626294
1.74726
-0.328665
0.622063
1.17957
1.03694
1.24015
1.52709
1.70865
1.6831
1.76117
1.57062
0.571794
2.31983
-0.413682
1.02097
1.36233
0.449222
1.34716
2.18383
1.49663
0.631581
0.864162
0.807074
0.471892
1.28241
0.596149
1.15835
2.47257
1.1999
0.564377
1.22766
1.39639
0.97823
1.14053
0.346792
1.6922
1.81197
1.26342
0.615129
1.39174
0.41705
0.365273
1.04798
1.72029
1.3666
0.679727
0.365276
1.02686
0.370308
1.79704
1.1694
-0.033491
0.90636
1.45489
0.654916
0.817393
1.36242
0.577453
2.04678
1.39041
1.90578
0.162899
0.789811
0.973372
0.882378
2.03338
1.53369
2.44708
0.575687
1.02827
0.497574
0.686147
2.3877
0.888259
1.55824
1.59448
0.520911
1.17847
-0.485139
0.609562
1.48238
0.54584
1.41989
0.584058
1.82554
1.93115
0.343083
0.595129
0.743828
0.415401
0.850063
1.16756
0.352587
0.759911
0.575022
2.18825
1.34797
1.55998
1.01425
0.470776
1.38935
0.451965
1.10605
1.06999
0.194835
1.08154
0.58118
0.0867755
1.84726
0.592464
0.988329
1.65991
1.11154
0.586074
0.910949
0.805575
1.14486
1.79114
1.91091
0.432886
-0.283352
0.578093
0.0940714
1.23169
0.518908
0.575323
0.386859
1.09652
2.39575
1.72327
0.526727
0.596008
1.00391
0.603578
1.11663
2.57147
1.20799
1.092
0.532681
0.754123
1.17283
0.986701
1.04258
0.577718
1.59718
1.19661
1.97076
0.604816
1.11553
0.663464
1.84851
1.65661
2.53654
1.17896
2.46092
2.69653
0.634048
0.814061
0.951101
0.609154
0.408563
2.37169
0.287648
2.41659
0.320328
0.914608
0.76396
-0.0526696
1.24215
1.43198
1.30545
1.5355
0.211104
0.0694487
-0.305379
0.761218
2.17918
0.589971
0.997722
0.386404
-0.343963
1.0645
1.22121
1.11866
0.405294
2.47976
0.821464
0.340209
0.191213
0.643651
0.91821
1.155
1.39251
0.347303
1.41052
-0.0942395
1.0927
1.14283
0.517353
0.909019
0.592406
0.426847
0.145212
1.74496
1.19382
0.909706
1.26222
0.884952
0.366813
2.06786
0.349628
1.39122
1.26172
0.598375
0.739993
2.51425
0.503763
0.675863
0.725226
1.70866
0.719166
0.42874
1.06545
1.88366
0.565659
0.752993
0.711252
0.754536
1.74948
1.23841
0.798922
2.49684
1.11288
0.424926
0.822739
1.56455
1.95088
2.28108
1.18146
0.808003
1.64992
0.374367
0.443173
2.64118
0.207188
1.53856
2.6114
1.32931
1.28711
-0.226249
1.03154
0.626164
1.58351
0.530322
0.793917
0.700596
1.07403
0.762833
1.23341
1.20628
1.10748
0.970672
0.576592
2.32252
0.777849
0.504133
1.06157
-0.0800319
0.592209
0.703714
0.352743
2.12488
0.693581
2.59724
1.24516
1.20392
0.44505
1.40867
1.56706
0.423546
1.14923
1.14722
1.08281
0.630469
2.62668
1.46372
0.846098
1.21282
2.34021
0.615607
0.798146
2.39336
0.572273
2.08824
0.913561
1.86503
1.10163
0.985286
0.730053
0.873456
1.50087
0.305407
0.599289
0.811478
1.19644
1.13163
1.30379
0.846099
0.584524
1.16143
1.09283
0.695377
0.764862
0.971099
1.5357
0.182197
1.1043
0.566804
1.04494
0.586225
1.02611
1.06681
2.31481
0.883032
1.10142
0.58643
2.21543
1.05569
0.985511
1.56037
0.889161
0.264549
1.9518
1.14825
2.31596
0.943552
1.50582
1.95959
0.361181
1.30553
0.835827
1.67199
1.62141
0.565598
1.7889
1.11102
-0.166965
0.817916
1.39532
0.885751
1.48259
0.435181
1.41721
1.43657
0.547777
1.50544
0.57406
1.13338
0.593033
0.583747
0.5597
0.515647
1.0487
1.47675
0.35877
0.679037
2.72371
2.13796
1.87884
1.7238
2.62004
2.22703
1.11224
-0.127976
0.62341
2.36374
0.147953
0.58844
1.07352
2.21197
1.18656
0.973084
1.23483
2.40985
0.503094
0.433371
0.596518
0.833521
1.21473
0.846388
0.170045
0.609812
1.74305
1.57448
0.35834
0.877228
0.527658
0.575484
0.866849
2.19079
1.0696
0.106732
2.08048
0.821528
1.16729
0.514491
1.04457
0.580381
0.533126
0.573969
1.88376
0.436448
1.74716
0.600685
1.73521
0.507675
2.18942
0.179544
1.9967
0.116208
1.28393
0.613587
1.44186
0.452161
2.27097
1.28936
2.02691
0.604451
0.546023
1.1884
1.7644
0.262058
0.32674
0.540403
1.55584
1.0931
1.1305
1.74188
0.341318
0.41247
0.406407
1.12489
2.54303
0.590376
2.27002
0.391756
0.786744
1.15811
1.77502
0.718074
1.42257
1.65809
1.12087
2.4186
2.46724
1.38131
1.07889
0.762766
2.43291
0.548148
1.14575
0.30818
1.51649
1.72632
0.830132
1.73054
1.14371
0.260827
-0.0197863
0.810859
1.2901
0.32388
1.26251
1.26215
-0.136396
1.25954
2.15357
0.873276
1.063
0.675927
0.416605
0.586719
0.813068
1.22162
-0.347298
-0.0181529
1.15437
2.30884
1.31099
2.30072
0.381905
1.47049
1.05317
0.707022
0.317238
1.36734
0.0721584
0.880187
0.720897
1.52452
0.431149
0.83326
1.12392
2.23372
1.32468
1.08056
0.379487
1.1252
0.722765
2.07632
1.23922
0.178971
1.38272
-0.359308
2.22205
0.101872
1.74725
1.18855
1.07041
0.591018
0.744366
2.19727
0.249529
2.33054
0.409906
1.68633
0.975442
0.895886
1.07779
0.881775
1.71574
1.03512
0.298149
1.92255
1.59718
1.77953
0.798789
1.58763
2.34636
0.984305
2.46929
2.4866
0.183015
2.57514
0.735861
2.01088
0.492061
0.262751
0.82303
0.554256
0.21103
0.649362
0.344378
0.458995
0.543898
1.35436
0.836304
1.35642
0.330388
1.55246
2.57224
0.507387
0.681413
0.870311
1.3232
0.642656
0.217534
1.06576
0.771758
1.02169
1.80293
0.584524
0.798438
0.858215
0.3312
0.24534
0.550152
1.25626
0.964666
0.768284
1.70021
0.611621
2.39736
1.21628
1.04934
1.72174
0.892906
0.332827
2.3928
0.621809
1.58394
2.83645
2.84579
0.285704
0.574676
1.07998
2.57158
0.671699
1.10316
0.355384
0.392521
0.663791
1.29234
2.29955
0.270297
0.835939
1.24683
-0.0504345
1.15544
0.735551
1.05905
0.540987
0.545883
0.391266
0.492019
0.525704
2.42561
0.569449
1.10389
0.793014
0.613593
0.996363
0.838421
-0.18526
0.459022
1.08949
1.77698
1.38798
0.553876
0.80051
0.351989
-0.399054
1.20484
2.36954
0.255868
1.25699
0.589343
1.76189
0.423648
0.594153
0.419433
2.45276
1.88565
0.344726
0.258067
2.49073
2.40552
1.65023
1.1718
1.45733
0.22716
2.2719
0.539552
0.84941
1.10476
0.433892
2.21499
0.0935657
0.327335
1.70859
0.546919
1.82556
0.195828
1.81832
1.97086
0.502524
0.433141
0.658933
1.34831
2.24303
1.79503
0.794414
1.42054
2.15875
0.49556
1.79213
2.44821
1.54752
0.256317
0.47675
0.764178
1.09796
1.24658
1.07144
1.21174
1.79688
2.38399
1.51186
0.877207
1.17015
1.41985
0.624412
0.408626
0.815693
0.529976
0.65115
1.79388
0.864284
1.75978
0.867513
0.568014
0.862561
0.508719
2.43672
0.327461
1.19456
1.29557
2.59564
1.13555
0.718398
0.792855
0.838525
1.18972
1.42606
1.92795
0.180446
0.861387
2.45782
2.1109
0.706675
0.91341
1.83306
0.761108
0.52913
0.731568
0.82247
1.0499
0.245859
0.572308
0.503807
0.616047
0.513886
1.46918
0.332515
0.813718
0.922896
-0.345049
1.10548
2.59267
1.11809
2.66254
0.343116
0.402183
0.595709
0.25565
2.20924
0.336459
0.444958
0.75442
1.57486
0.859204
0.251082
0.904331
1.15056
0.326471
0.495842
1.15384
0.740608
-0.107772
1.80366
0.499848
0.757394
0.611925
0.415581
0.464932
1.21
1.65259
0.817593
1.15774
1.35475
1.19539
1.04919
1.64364
0.983428
1.73631
1.86883
0.765743
1.52042
0.322715
0.728111
0.527245
2.0875
0.243695
0.647899
0.940681
0.71478
0.929991
0.999447
0.533456
1.23796
0.176381
1.2034
0.562492
1.71653
1.6216
1.13395
1.53518
0.596258
0.619217
0.99239
0.863852
1.69174
2.56245
-0.448131
0.80254
0.70033
1.15314
0.125635
1.18116
1.05915
-0.0318243
0.621962
1.52723
1.52142
1.02384
1.55263
2.69587
0.459403
1.65514
0.378659
-0.107834
1.52481
2.44587
1.68335
2.44712
0.527006
1.78532
1.58211
2.09445
1.51551
0.730058
1.03217
1.33539
0.881669
0.815446
1.65588
2.4583
0.581657
0.201216
0.792052
2.69062
0.230137
0.342226
1.54034
0.898748
0.151337
0.0604188
2.23954
1.33642
0.827762
1.77032
0.74142
1.18908
0.757148
1.06609
2.20954
1.22015
-0.505939
0.534215
1.31926
0.317455
1.40113
0.551075
1.16931
1.14581
0.533258
0.448659
2.21272
1.80617
2.39701
2.2827
2.34959
0.595969
0.581329
2.12259
1.21451
1.70265
1.64846
2.11774
1.65864
1.5167
1.09519
0.572587
2.06635
0.486494
1.11203
0.412661
1.8426
2.5125
2.354
1.58435
0.612424
0.682607
1.40608
0.586347
1.03995
0.382201
1.05231
-0.435024
1.23637
0.851848
0.366357
1.22771
0.46253
1.06042
0.721405
1.66249
0.309697
0.586233
0.53143
1.40374
1.38698
0.841302
1.15836
0.520777
1.29191
1.41007
1.83791
1.40311
0.689478
0.837066
0.222147
1.30491
0.874079
0.266438
1.43814
1.4033
1.40581
0.5804
1.54588
1.75593
0.550823
2.43828
0.204542
1.2219
0.607258
0.587979
1.13972
0.843815
-0.0142445
-0.206682
1.15049
0.427013
0.371808
1.40237
0.88976
0.925946
1.14229
0.640956
1.23452
0.533924
0.592967
2.55289
1.43468
2.0683
0.834871
0.848344
0.807437
0.526783
1.50907
1.31941
1.22738
1.66594
1.25739
0.573682
1.38257
0.902868
2.3934
0.876073
-0.496563
1.96521
0.882651
1.25804
1.56943
0.847787
0.653372
0.740442
-0.483496
1.64261
0.715057
1.49598
0.343975
0.810745
2.55613
0.0724632
1.61538
1.20829
1.42267
0.708332
0.623805
1.13138
1.84837
0.160348
1.1844
0.882446
1.12841
2.51965
0.860368
0.0285731
0.304344
2.60343
0.733979
0.384205
0.129355
0.833596
0.71373
0.229901
1.3558
0.619958
0.476164
0.843066
1.23914
0.947096
1.33203
1.75393
1.7613
0.336613
0.493194
0.614893
0.509862
1.70224
1.5461
1.57297
0.214083
1.86813
0.895227
2.46238
0.969679
0.122244
1.35523
1.28006
0.804153
1.29271
0.819904
0.71407
0.308311
0.560762
1.39472
0.862978
0.731789
1.77588
0.883329
0.313488
0.845789
0.862316
0.666678
0.6394
0.720673
1.20214
2.40477
1.12858
0.740475
1.12464
2.52203
0.664082
0.880929
0.713992
0.559749
1.36937
2.43865
0.619075
1.05701
0.595201
1.19067
1.13214
1.64137
-0.330058
2.40295
1.24604
0.722314
0.98546
0.436922
0.731242
0.787159
1.77269
1.09341
1.36421
2.29548
0.592037
0.353639
0.619761
1.45201
0.633544
0.339147
-0.49467
0.407816
0.45839
1.16143
1.2195
0.386135
1.94878
0.840869
0.737086
1.6141
0.411136
1.56404
2.76121
1.28522
1.71574
2.76323
1.89689
2.15352
1.5242
0.663664
1.06478
0.659684
2.09736
1.88234
2.80013
2.80841
0.712039
2.35364
0.220688
1.69665
0.715937
2.07573
2.45627
0.646491
1.23023
2.17245
1.86811
1.99785
0.921736
0.917602
0.700729
0.639722
0.565809
2.50085
1.33551
1.58212
0.00278507
0.837756
0.883329
1.1258
0.138786
1.64722
0.105288
2.05774
0.586002
-0.479791
1.89651
1.63012
0.843101
1.72375
1.11422
0.300299
0.73978
0.693778
0.658929
1.16117
0.52555
2.69886
1.32136
0.956729
0.810396
0.825287
1.29926
0.889164
1.27972
1.63867
1.19063
0.950831
1.18801
0.400312
1.69583
0.138727
0.530048
2.68231
2.46094
1.20662
1.20187
1.03014
1.41663
1.53885
0.595603
0.622885
1.00071
0.878213
2.00967
1.46264
0.548254
1.61656
1.11322
2.8482
2.61932
2.45547
2.52433
0.405349
1.18637
0.571554
-0.429767
2.30971
0.359191
0.754334
0.533121
1.13781
1.12147
1.61005
1.76977
0.750393
0.318949
0.939627
0.233969
0.870992
0.214103
1.70716
1.25564
1.07224
1.11006
0.429883
0.616566
0.438
2.25065
1.66742
1.94153
1.10454
0.461311
0.537476
1.14736
0.881116
0.391688
1.19552
0.840093
0.235927
1.32264
2.64954
1.72946
0.897011
2.2206
1.56528
2.39935
0.314673
1.36569
1.16469
0.341619
0.872483
1.75064
0.528463
0.849297
-0.295691
0.879506
0.791335
1.65731
0.930972
0.926526
0.811739
0.175406
0.913014
0.51401
2.49523
1.47174
1.40682
1.79314
0.401791
2.44468
1.63539
0.888938
1.41621
2.36458
1.70163
1.17581
0.617318
0.389183
1.75424
1.55659
0.580876
0.459707
1.09534
1.08874
1.03475
0.821627
1.23538
1.15988
1.038
1.09375
0.558444
1.71229
1.21348
0.469008
0.51345
2.08124
0.910343
0.798616
-0.491306
1.68815
0.0156012
0.887231
1.14606
2.63205
0.601449
0.821382
1.181
1.31768
2.63986
1.50857
0.868436
0.736871
0.989849
1.3741
0.719823
1.37707
0.583221
0.854554
1.54881
1.93335
0.547137
0.534951
0.557697
2.56988
0.585393
2.11548
2.16713
0.572834
0.242559
0.912072
0.454545
0.47606
0.49281
0.846695
0.643471
2.36512
1.14319
0.522538
1.20316
2.65294
0.455208
1.13865
0.543367
1.99639
2.17735
-0.032698
0.336929
1.95911
1.7153
0.578601
1.60813
0.661561
1.42876
0.482578
0.358501
-0.44625
1.05711
1.27513
1.36109
-0.0516373
-0.0519243
2.23094
1.23989
0.457055
0.485161
1.93688
1.20686
1.1563
0.527748
0.841351
0.874829
0.580047
0.534971
0.600014
1.1368
0.352205
0.621536
1.41413
1.30837
0.534304
2.36517
0.710862
1.5725
1.09954
0.574006
1.28016
2.43272
1.5144
1.37193
0.972056
0.89392
2.51723
1.37715
0.167502
1.43083
1.49844
0.744244
0.283342
1.54293
1.61382
0.647622
2.56924
2.05641
2.45757
1.20475
1.6289
1.18185
0.771462
2.03548
0.519256
2.03451
0.301244
1.73302
1.66266
-0.469476
1.17783
0.841921
1.38833
0.5088
2.47844
-0.0880793
1.18733
0.221617
2.4252
0.376013
0.765209
0.56296
0.546212
1.66088
1.20518
1.15888
1.26174
1.64462
2.44243
0.447425
1.20506
2.21877
1.06763
1.59675
1.48082
0.339382
2.49255
0.579642
0.678309
1.84755
0.46034
1.68728
0.594178
0.900398
1.72433
1.92851
1.71499
1.75573
0.486223
0.813279
0.595161
2.64201
0.870683
1.25884
0.901357
2.17352
1.71722
1.75266
0.0921136
0.394972
1.76707
1.92646
1.08209
0.896677
1.38129
2.20026
1.32703
0.590966
1.75761
0.762201
0.605884
1.45743
2.54017
2.60381
1.71359
0.923849
1.64276
0.355399
0.409547
1.50623
0.464255
1.70992
2.01411
0.897751
1.76976
2.02645
0.925171
1.25725
2.72734
0.0866949
1.81428
1.98741
1.56889
0.707033
2.40851
2.00327
1.21029
1.95567
1.35482
1.77298
1.58822
0.739826
0.697895
0.299072
1.06211
1.57582
0.589046
0.870103
1.70473
0.867869
2.60532
0.448783
1.56805
0.569989
0.69215
0.595697
2.35798
1.25833
0.299381
2.4347
0.783391
2.45102
0.468454
1.60975
1.1492
0.633845
1.4763
0.594707
1.74164
1.53402
1.63947
0.624406
0.0416588
2.16524
0.202735
0.749665
1.5664
1.14852
0.547634
1.09818
2.34561
0.0597557
1.46199
0.690674
2.43908
2.35743
1.13905
0.460172
0.47885
0.390947
1.02655
0.864306
1.09157
1.5892
1.99348
2.64447
0.594613
2.72375
0.738285
1.36865
0.567945
2.02932
1.82513
1.4337
0.389993
0.637831
0.853576
0.850311
-0.331016
1.1346
0.32784
2.2831
0.43879
2.31764
0.535465
1.97313
1.37876
-0.458221
0.114685
1.75031
1.33538
0.0650625
0.749045
2.51166
2.32676
1.44681
0.878624
1.14829
2.37729
0.295584
0.587289
0.467341
1.00665
2.2822
1.60157
0.992665
0.715904
0.910388
0.570598
-0.495558
0.264335
2.64778
0.713972
1.25885
1.08161
0.770711
1.97985
1.1992
0.785334
0.471474
1.37981
2.16106
1.34295
0.226749
0.595112
1.74949
0.717316
0.499114
1.1509
2.53292
1.42819
0.56228
1.26991
1.24486
1.99438
1.32412
0.962728
0.274971
0.59586
0.614097
1.36058
0.79727
0.538102
0.836315
1.3729
1.25966
1.5711
0.540212
0.485797
2.1036
0.949852
2.25209
0.594855
1.60841
2.05375
1.80294
0.901896
2.63839
2.40652
0.425711
1.66458
1.94238
1.28285
1.74473
0.953882
0.286438
1.28831
1.76882
1.99044
1.44154
1.29452
0.708041
1.69399
2.60715
2.13995
1.58224
0.108494
1.13812
1.07284
0.853163
1.36097
1.52673
2.00467
2.522
0.897532
0.197775
0.883102
0.863246
1.65181
0.89437
0.507688
0.57401
0.5749
2.02265
2.09537
2.20196
-0.502914
0.300678
1.34213
0.474753
1.10912
0.0447775
0.612263
0.618257
0.587753
0.74752
1.56116
0.867677
0.595735
1.80743
0.2837
0.57976
2.09709
2.09755
1.15966
1.31635
0.0586902
1.36335
1.68437
1.10249
1.11796
1.74648
0.457306
0.352007
1.07497
0.457839
0.129763
1.0443
0.83628
0.853709
1.03532
0.158313
2.34964
0.937571
2.04682
1.28332
0.821806
0.593195
0.53903
1.75887
1.02757
0.287717
1.20975
0.991948
1.41721
1.46465
0.463154
0.58137
2.28027
-0.421829
1.71709
1.53212
1.458
1.02763
1.66694
-0.501032
1.42856
2.31611
0.477252
0.207119
0.49028
1.8336
2.31098
0.796532
1.81166
0.531847
0.518272
-0.0826272
0.752673
1.89983
1.5781
2.65823
0.0518779
0.0985283
0.375108
2.62916
0.808393
1.13245
2.19943
0.41898
-0.0179433
0.897419
1.65787
2.11832
0.259105
1.14102
1.14921
2.30774
1.97287
0.21766
2.18074
2.50642
2.2492
2.33003
0.210941
1.39659
1.37555
2.04742
2.13769
0.277099
1.0642
1.87036
0.580541
1.8108
0.586056
1.14455
1.78691
0.598232
1.76761
0.823123
0.585887
0.621653
1.66452
0.827624
1.25492
-0.0284269
1.2823
0.544973
2.31377
1.15057
2.0965
0.536402
1.56123
-0.301146
2.04627
0.578464
2.41524
0.89498
0.597479
1.64819
1.02038
0.573311
1.74589
1.34423
0.72547
1.56697
1.80653
1.70448
-0.448243
0.8892
0.53463
0.546797
2.3153
0.523301
1.82715
1.79946
1.00629
2.03013
0.376378
1.40507
2.42432
0.828368
2.17671
0.44649
1.03266
1.38378
2.40904
-0.491284
1.64847
0.520131
1.83277
2.20836
1.45031
0.679834
1.73367
1.30157
0.318652
0.729886
0.569634
1.26221
1.79392
1.50158
1.65133
1.54123
0.838826
1.54265
1.43791
1.52612
0.206724
2.25808
0.112738
2.55094
1.97012
1.62462
1.72287
1.82028
0.659656
1.20276
0.862659
0.661981
0.531092
1.77953
0.592815
1.4222
0.458675
1.81294
0.999018
1.65415
1.53718
0.526179
0.924949
1.40279
1.00269
0.571694
2.45075
1.31867
0.904648
2.73061
2.72406
0.187373
2.52054
1.36835
0.125219
0.336768
1.67936
1.84618
2.02353
1.11829
2.41816
0.549545
0.0597989
1.29448
1.03339
0.607511
1.81147
2.51661
2.48011
1.28504
2.18742
2.85232
0.150468
0.834661
1.79971
1.21747
2.54571
0.598144
0.574437
0.595754
1.43497
0.290745
0.29514
0.225349
1.64943
1.10747
1.84412
0.86333
1.14463
0.360673
0.877559
0.00492816
1.72289
1.65743
1.61759
1.53456
2.31484
0.19543
1.12716
1.52524
1.18077
2.59296
1.27758
2.50657
0.595931
1.37181
1.03784
1.64538
1.28011
0.887061
0.173418
0.861422
0.454509
0.477761
0.630598
0.13681
1.2958
1.17383
1.17609
1.09644
1.70292
1.20285
2.17423
1.1591
1.55488
0.655758
1.2733
1.08421
0.499031
1.65284
1.13725
2.28646
-0.134614
1.60397
1.04592
0.787345
0.830858
1.6329
0.55108
1.39635
1.56042
0.553801
0.715618
1.85837
1.13084
0.144698
0.821296
1.20358
2.47084
1.52719
1.31868
1.16969
1.15564
2.47395
2.64434
1.73265
1.20115
2.33556
1.4728
2.51028
1.64868
2.08819
0.492734
0.767133
1.67374
1.44516
0.688556
0.313963
1.4594
1.86875
0.272639
0.534766
0.380042
0.594321
1.58619
0.636774
1.1091
1.58228
1.84829
2.20354
0.177236
0.61198
1.69237
1.43551
1.83661
1.12411
1.8526
1.76235
2.35302
1.30296
1.90409
0.186659
1.53402
1.54729
1.73556
0.865001
1.13986
1.26599
1.91655
1.62337
0.00777051
1.51608
0.597799
0.646901
0.138877
0.439501
1.41291
2.31327
0.00330693
1.94106
1.20886
1.04624
2.41553
2.62494
0.982421
2.32726
1.71798
0.668926
0.899897
2.05655
0.552348
2.42869
0.888924
1.74518
0.280967
2.00399
1.35432
0.4763
0.487368
1.17745
2.16578
0.951369
2.50696
-0.296651
1.34726
1.77123
2.13737
1.17699
0.221161
2.29805
1.35058
1.74291
1.79459
1.85294
1.92244
2.3999
2.30667
0.152979
1.03476
0.432623
1.4037
2.39287
1.28253
0.824343
0.578395
0.749905
1.82622
0.242076
-0.430474
0.193726
1.1038
1.05713
0.179882
1.81083
0.505429
1.21396
1.70652
0.437937
0.592014
0.828013
1.08273
1.81784
1.04482
1.94536
1.93532
0.501339
2.3735
0.762753
1.76212
1.1797
0.463831
0.639262
0.832782
2.51607
0.309276
1.64519
1.83503
0.257406
1.89403
1.72225
0.585132
0.164725
1.35331
0.425011
1.90604
1.24199
1.76784
0.661886
1.76451
1.91269
0.597642
1.10317
1.38086
1.73446
1.47694
0.946688
2.09459
1.79547
0.683186
0.39738
0.642682
1.61666
1.60475
0.00379753
0.85873
0.449657
-0.30715
2.56236
1.96733
0.866965
2.41614
0.707115
2.04809
0.905837
2.22264
0.212425
0.114432
0.831769
0.643175
0.245522
1.8996
0.566928
2.31867
2.33136
1.10936
1.08942
0.582716
2.20154
0.414559
2.21543
1.95419
1.31231
1.87955
2.18292
0.905975
0.57832
1.73948
1.73557
2.67613
0.512502
2.5332
1.7109
1.79697
2.02449
2.33326
0.609684
0.49517
1.87991
1.22248
0.826691
2.42773
2.25816
1.00977
1.28958
2.79255
2.47441
1.19741
1.6863
1.72645
0.407793
0.959023
0.828642
1.6888
0.651921
0.530073
2.56337
2.18814
1.13751
0.125021
1.90442
1.69054
1.36293
1.57538
2.06639
2.35625
2.47017
0.565257
0.805285
2.09419
0.354151
2.1799
0.584715
1.73898
0.194989
0.369032
0.717581
0.457151
1.09255
0.876373
0.59539
0.886932
1.06937
2.52181
0.906833
0.688252
0.980237
0.939041
1.03512
1.10689
2.32285
1.14409
1.31076
1.36249
0.446552
0.416025
1.16013
0.272112
0.577275
0.928854
0.497734
2.32595
1.94115
1.13136
2.44025
0.572565
1.02373
0.655196
0.374999
1.44816
0.711369
0.135216
0.228325
1.10039
1.8111
0.596199
2.1703
0.563649
1.72112
1.7726
1.6532
1.85177
2.73839
1.08952
2.42864
1.44863
2.08028
0.887509
2.35014
1.1429
1.07737
1.03455
0.357448
0.670601
1.90934
0.606268
0.556466
1.26046
0.88123
1.22265
-0.0196255
1.46802
1.93577
0.599294
0.105384
0.0921075
2.16976
1.73538
1.92732
1.50251
1.66834
0.55618
2.08122
2.58911
0.386828
0.136684
0.168189
0.582491
1.88724
1.95917
2.48262
1.11212
0.550668
2.47773
0.933955
1.79995
0.758252
0.0739356
1.85815
1.71157
1.86962
1.81362
1.96257
0.210334
2.58168
0.66683
2.13578
0.766655
1.7771
0.595801
1.63348
1.54901
0.266118
2.65177
1.73915
1.69247
0.596308
0.876796
0.837907
2.31925
0.175993
0.840597
2.54578
1.53265
1.0958
1.83656
2.32007
1.17392
1.94149
2.62135
-0.49228
0.594997
0.870529
2.70194
0.667578
1.88828
0.305083
0.576277
0.38781
1.97827
0.0699034
1.13616
1.0113
0.182763
0.396616
0.899144
0.578889
1.45244
1.71748
0.74463
1.56881
1.45797
1.62444
1.88243
0.643274
0.594153
1.04249
0.467442
0.740751
2.60549
-0.25457
0.580833
1.44007
0.667419
0.573218
1.60013
2.52078
2.01044
0.237589
0.428619
1.19007
1.20225
1.2259
0.477209
1.85681
-0.100005
0.937417
0.743597
0.182999
0.59564
0.441939
0.179117
1.77871
1.73895
1.41103
0.647233
1.5377
0.557122
2.2562
1.35453
0.576488
0.655511
2.136
-0.0813395
0.941699
1.24466
1.89341
1.14348
0.751144
1.48552
1.9997
1.45946
1.52829
1.27821
1.9513
2.43272
1.72987
0.949572
1.17417
2.50302
0.612762
1.95763
2.04493
0.534016
1.17912
1.01032
0.730574
2.42792
0.678804
1.74031
1.20039
1.65591
2.14148
1.95182
1.4197
1.07444
1.44551
1.54403
2.29843
0.20292
2.06173
1.59
1.41783
0.157726
1.40582
0.702146
0.193076
1.75778
1.1156
0.726985
0.330816
2.03699
2.28458
1.02595
1.72384
1.92637
1.63539
1.80691
1.11277
1.08901
0.998691
0.0744472
0.39528
0.575975
2.66294
0.761935
0.387533
1.30745
0.539818
0.125275
1.16441
1.72659
1.71829
1.35424
1.73643
0.588425
1.41773
2.12702
0.460822
0.251715
1.20167
2.47792
1.51507
2.40242
0.641532
2.46871
0.594055
0.929344
1.75446
1.90038
2.55039
1.35557
1.17467
2.03583
1.67431
1.6334
1.00987
2.40466
2.12958
0.923313
1.06805
0.763933
0.813737
1.71408
1.72809
0.816693
1.79352
0.473416
1.17203
1.11707
0.898614
0.357017
0.966662
1.75195
1.89151
1.78637
1.4367
0.670432
2.40997
0.226533
1.1124
0.319445
0.897484
2.54512
1.84569
0.817483
1.09022
1.49538
0.580066
2.1497
1.45212
2.37977
1.74517
0.615726
0.81665
1.73737
2.59217
1.63672
0.424609
0.554719
1.2388
1.09291
1.4449
0.182977
0.235483
1.12265
1.51546
0.428744
0.227062
0.332839
0.90985
1.84382
1.54603
0.472634
1.06598
-0.316567
2.074
0.855714
1.88499
0.560692
2.22738
1.95443
0.72612
0.2311
1.55372
0.549341
2.51568
0.572363
0.824892
1.34166
2.24085
2.64494
0.589297
0.397723
0.565522
2.55626
0.308275
1.21364
1.88152
0.414448
2.52771
1.91707
1.14144
1.17787
1.27577
2.40453
1.73861
1.80946
1.16446
1.41484
0.543212
1.82011
1.35859
1.80933
1.26712
0.433042
-0.22285
0.327549
1.52093
2.22809
0.83808
1.80358
2.17644
-0.249586
0.90279
2.7535
0.817642
1.26993
1.08644
1.10455
2.0449
1.21514
2.28685
1.82235
0.597483
1.31026
0.376827
1.28288
1.89369
1.99167
2.04869
1.32283
1.28073
1.70145
2.01053
1.76216
1.04743
0.574745
0.243605
0.46239
2.56279
0.069858
1.78723
1.57298
0.622858
0.304812
1.67697
0.110874
1.80192
1.26258
0.370924
0.557303
0.764035
2.35469
2.02495
-0.496505
0.779648
1.238
0.595534
0.609806
0.6074
1.98081
1.58973
0.644686
1.05187
0.724219
2.44431
0.551584
1.94668
1.088
0.67181
0.963621
0.436772
0.647242
0.244856
1.58469
1.3637
0.735149
1.78505
1.9054
1.08653
2.31815
1.74623
1.77153
2.18842
1.72206
0.715788
2.08245
0.378159
0.594863
1.23891
0.322715
0.172368
1.2695
1.72391
0.578519
1.85114
0.846978
1.7319
0.887929
0.356771
1.57929
0.790514
1.85036
1.24328
1.27382
0.480132
1.05839
2.30845
0.580316
0.573695
0.642027
1.71411
0.605265
2.23575
1.74916
0.513606
2.32843
0.43738
1.51299
2.04078
0.65997
2.03159
0.575144
1.75465
0.705798
1.30101
1.88259
0.611666
0.398506
0.193736
1.763
0.141127
0.131332
0.070598
1.47032
1.51484
0.744186
0.71162
0.203787
0.862523
0.627422
2.43959
1.19408
1.1244
1.49278
0.962166
0.895056
2.33482
1.71954
1.73171
1.52221
0.633398
0.124295
1.30349
1.66945
1.53025
1.79794
0.3969
0.259373
1.97109
1.51546
1.67489
2.58976
0.71828
2.04484
0.218574
1.08234
1.62675
0.117235
1.79831
0.411131
1.6318
0.719685
1.97792
0.129867
0.578968
0.61187
0.265548
1.55092
1.14927
2.42578
1.84528
2.70807
2.19611
0.619163
1.09625
2.5274
0.111852
0.999134
1.09147
1.87864
0.363981
0.584018
0.165244
1.92277
0.62018
1.80485
1.27651
1.0978
1.09473
0.41448
1.25539
0.252134
0.268333
2.39309
1.17922
1.95172
1.16582
0.860384
2.32354
1.51953
1.78573
0.391736
1.26912
0.798587
0.576131
2.72446
0.976174
0.477775
2.48062
1.07078
2.4507
0.864294
1.8464
2.05947
2.72244
0.800911
0.667398
1.08553
1.94058
2.36218
1.05359
2.07294
0.374466
0.672699
1.29499
1.79862
2.01022
1.27428
2.34557
1.58517
0.0389209
2.01563
1.52417
2.13443
1.43467
0.635026
0.85708
-0.0408273
0.285197
1.79935
1.80104
1.25197
2.5437
1.20397
2.48604
0.255092
2.03579
1.81143
0.235487
0.205645
1.49406
1.48121
0.611439
2.23225
0.88884
0.880975
1.15857
1.95018
1.26675
1.89423
0.0283543
1.53512
1.07497
1.88097
1.86386
1.61919
0.853654
2.16682
0.559912
0.879749
0.582355
1.06344
1.77366
0.586273
2.14807
1.71934
1.90605
1.08872
1.90783
0.71494
0.408218
1.93978
1.64559
0.320642
1.76872
0.584524
1.43297
1.35612
1.94066
0.153097
0.633459
0.442947
1.70645
0.53446
1.91799
1.71435
1.71568
0.594206
2.31981
1.62647
1.2597
1.75187
-0.267379
1.82539
2.4683
0.975878
0.584382
0.606676
0.23019
1.52571
1.1692
2.54769
0.713724
2.00775
2.05414
0.678522
1.75098
2.31197
2.32127
0.959162
-0.0340237
1.15824
0.571143
1.90119
-0.00825032
-0.108164
0.226754
2.16902
1.66914
0.931438
0.469175
0.34755
1.88504
1.13557
1.0256
2.05499
0.691932
1.44592
0.445025
2.08694
0.592422
1.72672
1.9057
1.51017
0.437725
1.85426
2.83372
1.01835
1.37547
0.366617
2.45944
2.20137
1.585
1.17959
1.91627
0.473017
2.38995
0.0961988
0.5812
0.303813
0.419676
2.4543
1.67048
0.451527
1.40208
2.48476
0.466175
0.806775
1.58547
-0.102271
0.438029
0.81253
0.106243
0.602666
0.466816
1.81459
1.59138
1.73948
1.13605
0.43509
1.3491
1.4234
1.84191
2.14771
2.03114
2.10173
0.756291
2.49662
0.43834
-0.0533799
2.05086
2.31596
1.04974
1.45084
1.28864
0.580112
0.545789
1.82035
2.67999
1.10927
2.11263
1.55939
0.428157
1.79996
1.23251
0.677743
0.590641
0.820565
0.818802
1.82695
1.53392
0.764288
1.10927
0.941976
1.13626
0.559011
-0.0234089
0.359195
1.66223
2.68767
0.476933
2.04619
0.593721
0.944458
1.85707
-0.366003
1.31559
1.13307
1.2785
1.39511
1.72337
0.539707
1.28323
2.70373
1.26819
1.7761
0.860185
1.54672
0.211842
1.20312
0.972094
1.47974
2.0353
1.31773
0.505397
0.426776
1.97861
1.33787
0.559067
2.61275
1.02468
0.370593
1.17566
1.81146
0.354889
1.71225
0.605157
-0.167215
0.374227
1.05414
0.576765
1.21655
0.595166
1.84445
0.48386
1.0848
2.67227
2.742
0.356241
1.80271
0.782586
0.83482
0.589223
0.715299
1.08506
0.644085
1.43313
0.220874
1.98449
1.09766
2.59191
0.622024
0.412303
1.04005
1.02913
2.66993
0.821064
1.78623
2.00431
0.944167
0.71109
2.66413
0.839001
0.584428
1.90946
2.29315
1.77999
2.37205
0.637674
0.888408
1.8885
0.595871
1.95947
2.53637
0.216021
0.20159
1.12603
1.74965
0.538815
2.33663
1.09382
2.16312
1.17889
0.614117
0.695124
0.93224
1.12463
1.9237
1.06072
0.355744
1.93272
1.92755
0.708228
0.531141
1.91718
0.776892
0.673148
1.25186
0.378165
1.77997
1.01284
1.63725
0.856914
0.776224
-0.301566
1.90713
1.9031
2.12417
1.63754
0.595227
2.12306
0.290889
0.627692
1.88717
1.85578
-0.0413831
1.25271
2.65602
0.161393
0.328521
0.917734
0.573033
1.33204
0.498046
2.42968
0.444876
2.1557
1.30199
1.46006
1.32728
0.528174
1.15609
2.30329
0.432792
1.56996
1.15297
1.09268
0.690011
1.76963
2.50276
1.18628
-0.156833
0.881213
1.11199
1.11017
0.505246
0.887101
-0.226863
1.15926
1.35129
1.87781
1.79063
2.30203
1.29041
2.485
0.0731287
1.13086
2.09652
1.526
2.40834
0.686087
0.572509
1.39349
1.0894
0.331153
0.374271
0.113235
1.0517
2.17118
1.37845
1.94147
2.01196
0.634125
1.92868
1.45321
1.46231
0.837239
0.636929
1.1375
0.857503
1.01222
0.818213
2.54952
1.91728
1.4243
0.556874
0.2496
1.41828
1.1608
1.13123
1.80179
1.92873
1.26317
0.399704
1.81054
0.115657
2.67393
2.23629
2.62033
2.64935
1.80227
0.839046
1.51581
0.248629
1.6002
1.31877
0.361376
0.736332
1.78212
0.860199
1.89279
0.7657
0.595466
0.759112
0.557885
1.77819
2.35486
1.5871
2.54012
1.42685
1.08626
1.89087
2.37473
0.346283
2.12207
1.52388
0.371686
0.363318
2.64777
0.986439
0.370532
0.907077
1.23462
1.49105
1.37022
1.44793
1.37932
2.63011
0.387105
0.740357
0.536827
2.40223
1.91037
0.519734
2.70455
2.14465
0.471184
1.8962
1.7397
1.17077
0.929858
1.12823
1.95048
0.383373
-0.146086
1.08022
0.216289
0.532545
1.5909
1.28293
0.221553
1.53609
1.9519
0.128922
2.11956
1.1279
1.38446
0.533813
0.893292
0.764217
0.75602
1.5681
0.820201
2.09455
1.17676
0.53294
0.933663
0.985275
2.01273
1.33655
1.66761
0.486572
1.53176
0.407972
1.15559
1.73671
-0.0545121
1.69609
2.41333
0.349673
1.94667
0.775128
1.57337
2.10487
1.03329
1.53885
1.276
1.98167
1.78766
0.821765
1.73644
2.29608
2.07977
2.47216
0.573116
0.734107
0.360639
1.91523
1.98045
1.95401
0.859518
1.23981
-0.480957
2.20757
0.568642
1.04017
-0.113765
0.161239
2.446
0.277315
1.90524
1.86025
0.620956
1.85627
0.938409
0.387846
1.83726
1.16354
1.21934
1.42006
0.590232
1.18172
1.78145
1.23496
2.50567
1.29735
0.184556
1.81445
2.55213
1.12426
0.985835
0.832954
1.7817
1.31382
0.721489
1.77997
0.839425
1.6621
1.40916
0.896653
1.1122
0.201215
-0.100946
1.77668
1.79197
0.398478
1.97839
1.43004
1.20586
2.05485
0.152361
0.460276
2.1792
1.28259
0.716684
0.797858
2.6401
1.88526
2.46561
2.47598
0.565785
0.718534
0.0343691
0.585778
0.152266
0.454747
1.40282
1.36921
0.396366
1.77574
0.933887
0.680842
0.801183
1.32755
1.04399
1.44232
1.87442
2.14517
1.1232
1.94116
0.583549
0.719664
-0.471418
1.1242
1.36853
1.82765
1.12575
0.806069
0.205844
0.79577
0.612473
1.19088
1.93856
1.73123
0.400394
1.163
0.342578
1.02132
1.7314
1.29092
0.54619
0.724544
2.31599
1.10811
1.63049
1.81149
1.59939
2.7213
0.527729
1.30669
2.06773
1.24529
1.60726
2.55941
0.465201
1.19606
0.126719
0.881717
1.35298
0.364546
0.640411
1.2794
0.850093
-0.246075
0.648106
1.2717
1.26836
1.37182
2.06337
0.856847
1.25508
1.04701
1.59209
1.13001
2.72244
0.305266
0.480138
1.82369
1.61153
1.49924
1.77839
2.33856
1.12934
2.271
2.00603
0.275963
0.532585
0.186492
-0.0957917
0.706872
0.420025
1.32963
2.6966
0.898386
1.17225
0.300358
1.8349
0.804614
0.0624652
0.345998
0.205094
1.31159
0.0530468
1.7636
2.59081
0.610907
1.7348
0.346312
2.69025
0.224506
1.57706
1.85165
0.833839
2.37521
0.779287
2.50817
1.87345
2.60216
0.533186
2.76591
2.05072
1.15523
0.131593
2.02516
2.08486
-0.05287
0.888958
2.07852
0.583791
1.13781
2.53983
2.07149
1.19677
1.29498
1.2758
0.45442
0.361602
1.80397
1.14325
1.8485
1.87293
0.396771
0.551991
0.213538
1.79315
0.21799
0.748805
0.584624
0.258421
2.90731
1.13792
-0.0776649
0.827558
0.728424
1.73783
1.80769
0.511874
1.13944
0.586323
1.85226
1.17234
1.71829
1.38704
0.562528
0.232737
0.542692
2.52045
0.63961
2.30835
0.36565
1.86678
0.713993
1.40961
1.55329
1.16088
0.462826
1.15301
2.06172
1.42774
-0.00525224
0.997796
0.188381
0.818561
0.343465
0.407184
1.72675
0.619865
0.709187
1.73967
2.67199
0.759018
1.13171
1.49268
0.816451
1.80357
2.72619
0.31975
0.945846
0.312085
0.746859
0.709151
0.99162
0.915427
1.26443
0.675392
1.16969
1.2214
1.52892
1.88006
1.88403
1.40036
0.583471
2.01798
1.27197
1.82028
0.538153
0.587278
0.733155
1.17944
0.825588
0.473863
1.72634
-0.143962
2.506
0.476383
0.460068
1.41623
0.549609
2.33516
0.577197
2.22545
0.405537
1.07554
0.820628
0.699816
1.20039
1.91328
1.77508
1.11729
1.53543
1.63186
0.784125
0.393878
2.53939
1.12381
-0.4358
0.910695
0.819002
-0.368941
2.70711
2.55366
1.14892
0.603943
1.10243
2.82528
0.40884
0.873758
0.726219
0.673468
1.57913
0.200799
0.581432
0.376537
1.76882
0.883257
1.20892
1.10075
0.349189
0.903193
1.23255
2.5357
2.19613
1.8311
1.35603
1.17595
0.879674
1.49662
0.409132
0.525134
1.78391
1.42207
0.618008
2.09936
0.763885
1.56697
1.14733
0.584863
2.70431
0.217791
0.466102
-0.28754
1.42252
-0.405909
1.11488
0.704628
1.62751
1.90289
1.32396
0.354608
0.138527
0.440646
1.76815
2.22177
0.588793
2.55223
0.657065
1.33272
2.38336
1.17737
1.92709
0.6111
1.74289
0.82628
0.49775
0.357721
1.28295
0.687732
0.783137
2.34441
0.517784
1.82917
1.08832
1.25432
1.99502
1.34323
0.703897
2.0452
0.629342
0.568911
0.531255
1.95591
0.934617
0.849867
0.417454
1.80927
0.506128
1.80686
0.531187
0.38265
0.596027
2.266
0.427253
0.58519
1.33292
0.269145
0.562728
1.64184
1.03256
0.5789
0.556214
-0.29715
2.25497
0.711832
0.292968
1.90563
0.318739
0.643978
2.59666
0.235785
0.166785
1.90486
0.846259
0.611359
0.274454
1.31867
1.47248
0.467324
1.11054
1.73262
1.83377
1.81081
0.88746
1.31035
2.20739
0.899452
0.771328
2.63839
0.549454
0.24873
2.04897
-0.268923
0.816594
0.565545
0.454712
2.40081
0.954121
0.822964
1.6335
2.0534
2.69954
0.583708
1.90546
0.755114
1.08054
0.751837
0.751502
0.148627
0.0884178
0.881664
0.518409
2.70612
0.115298
0.514717
1.16848
1.77565
1.3804
-0.143566
2.14328
0.534208
0.358838
0.883019
1.91548
1.3089
1.98541
2.56755
1.02459
2.2604
0.613215
1.6824
0.200899
2.0534
1.43467
2.12744
1.95965
1.55644
2.38337
2.06157
1.04591
0.560335
0.690296
0.933882
1.52833
0.140956
2.01415
1.50009
0.34665
0.645878
1.14988
1.45163
0.640771
0.374119
2.52161
2.22677
2.21274
0.174366
0.334456
0.309378
0.295303
0.84869
0.524223
2.74558
0.805346
1.92389
1.07619
1.64144
-0.0266986
0.715289
1.14161
1.32007
0.974476
1.06095
0.907043
1.91712
2.6125
2.78866
0.442355
1.94056
0.73123
2.18975
0.376751
-0.458781
2.66349
1.93298
0.880603
1.40242
1.16274
1.42161
1.34643
0.497653
0.0858469
2.16638
0.99983
1.93476
2.67148
1.13915
0.552482
2.65066
0.536066
0.758007
1.51957
0.891072
-0.0554823
1.31895
0.842265
2.12436
0.708103
2.55175
1.16277
0.59014
0.749696
2.52671
0.386048
2.69871
0.54536
2.43829
0.709983
0.836023
0.65613
0.446035
0.568915
0.565688
0.80247
0.349173
0.558323
0.354607
0.560447
0.370808
0.179328
1.14532
0.505815
2.42427
1.34449
1.71342
1.29605
2.40691
1.86958
2.51072
1.43944
-0.281842
1.12637
0.822481
1.87455
0.713292
0.887196
1.35208
1.08571
2.34129
1.38933
1.67647
1.24958
0.469185
1.17158
1.18425
0.359361
0.423977
0.872293
0.668383
0.395631
2.52566
0.846475
1.80162
1.30775
0.851143
1.09951
-0.318287
0.871033
2.2941
1.64199
0.558299
1.93928
2.3948
0.624602
0.185288
0.719575
0.363663
0.591676
0.587665
1.73951
0.190272
0.584016
1.668
1.80823
1.93993
0.72835
0.854167
0.538574
0.193036
0.774767
0.58321
2.06669
0.87307
1.60322
0.834534
0.806403
0.625277
1.43596
2.14202
0.671152
1.1523
2.50085
0.680585
0.801124
1.73595
2.3434
0.373743
1.37351
1.77444
2.32614
2.33723
0.447414
2.45728
1.86593
1.77152
0.109079
2.2641
1.75271
0.973153
0.0265205
1.008
2.24234
0.588161
2.86063
2.69115
0.639185
1.28983
0.877227
0.659329
2.13701
0.589484
0.689854
0.713557
1.54104
0.232752
2.18223
1.45204
1.81297
1.07283
2.36315
1.22589
1.79948
2.26632
-0.0458056
0.151934
0.503815
0.0208638
0.530552
1.4179
0.505649
2.14729
0.610388
1.88331
1.36469
0.726025
0.838739
2.65984
0.920329
2.34852
0.54365
2.16448
0.593013
2.15461
0.554002
1.14746
2.58457
1.83494
0.893454
0.642913
0.387049
2.15994
2.32417
-0.0913278
2.70415
0.549564
0.471842
0.216266
0.583486
1.4828
0.414682
0.550646
1.94077
0.571828
0.441607
1.08895
0.535752
2.14048
1.18507
0.867373
0.700178
1.44711
0.729059
0.568435
0.404824
1.68478
0.42423
0.401477
2.54377
2.14956
0.387661
0.332753
1.17153
0.394417
1.75199
0.410951
2.49709
0.569347
1.70593
1.20123
1.73896
2.21583
2.11022
1.17491
0.257141
0.412795
1.74273
2.15079
1.86043
1.17456
0.191092
1.13617
0.357802
1.25147
0.529241
0.114267
0.394297
1.43645
1.02024
0.691821
0.155728
1.18214
0.551813
0.916585
0.81387
1.04958
1.62482
0.808817
0.387568
0.448435
1.18329
0.170225
1.74462
2.02844
2.16225
0.141663
1.26528
1.1783
2.34826
0.692105
0.777299
2.62856
0.520036
1.58315
2.73901
0.548976
0.958541
2.24298
2.10373
0.808936
0.545487
0.382502
0.625231
1.59356
2.2669
1.1634
0.573043
1.35597
0.515141
0.815335
0.704062
0.322692
2.66776
1.74213
0.627144
0.0152583
1.63654
1.2742
0.836068
2.56952
1.14245
0.539502
0.436438
1.1766
0.159997
1.33952
1.04529
0.508366
1.86582
0.597863
0.929909
-0.309589
1.64751
0.156122
2.46355
1.17275
0.125982
0.412649
1.77709
0.911899
1.88787
0.516615
0.740509
1.62259
1.76029
0.888374
2.31099
1.19558
0.848497
2.0573
0.583485
0.586042
1.97083
0.599276
1.80254
2.44085
2.07246
0.78794
0.575921
0.529529
0.145845
1.86495
0.45996
0.397471
1.23362
1.76933
0.583852
1.14979
0.565303
2.27939
0.478472
1.35883
0.242051
1.06997
0.432522
0.767221
2.41046
2.11974
0.126614
0.582475
0.523031
0.999086
2.51735
0.00833285
0.149786
0.143289
0.156139
1.72961
0.861475
2.47129
0.193364
0.705227
1.33268
1.92866
2.28347
1.96198
0.225128
0.175236
1.7083
0.882434
0.993086
1.02686
1.28042
0.951135
1.26611
1.15332
0.483831
0.620475
2.57889
0.184897
1.94391
0.513362
2.45728
1.80737
2.55579
0.359908
0.582497
0.579382
1.91782
0.466647
0.0776006
0.509255
0.12496
2.45909
1.14498
0.580216
2.6008
0.38829
2.12544
2.0809
1.05353
0.934198
2.65732
2.10259
0.718721
0.437985
1.15867
0.601907
2.46216
2.60936
0.38662
0.131008
1.97473
2.61172
2.65993
1.37246
2.45234
1.74418
0.906663
0.332094
-0.401927
1.33832
1.49236
0.658674
2.25758
1.54477
-0.0679089
1.56672
2.35017
0.847244
0.849486
0.480517
2.65238
0.584627
1.83287
0.818965
0.539377
0.620885
2.62538
2.69654
0.894921
0.383795
1.17153
0.817382
0.0974292
0.815181
2.61076
-0.411216
0.278521
0.639711
0.602771
0.69867
0.816765
1.43066
0.542201
0.525535
0.63838
1.30206
0.637033
1.12405
0.237926
0.324264
0.709569
0.192839
0.814497
0.511788
0.983391
2.26757
1.20103
1.25187
2.55585
1.96759
2.47853
1.23388
1.9275
1.19946
0.853341
1.4237
1.70402
0.820586
2.14785
0.877633
1.21699
1.4491
0.161923
1.14885
1.83944
2.58837
0.562931
2.44523
1.12433
1.3481
1.36103
0.559552
1.10622
0.375517
0.731822
0.604801
0.950247
0.593152
0.563622
0.584534
0.156293
1.89214
0.945589
0.774243
1.02852
0.844419
1.05997
1.04122
0.635027
2.20315
2.5316
1.27222
1.75678
1.007
2.56794
1.22977
0.424401
0.447123
1.57571
0.41246
1.30365
1.53955
2.27786
1.57504
2.70215
0.805787
1.37085
1.45757
2.37307
0.557382
0.833777
2.03461
0.438961
1.59565
1.85883
0.115115
2.01777
0.810725
0.683705
1.68873
0.839686
0.904959
1.77502
0.484123
0.137997
1.58369
0.225641
0.968961
1.52513
2.27136
2.11477
2.3373
1.4469
1.98337
2.45937
2.02267
0.564513
0.118665
0.282225
1.251
0.863811
1.36045
0.88932
2.33403
0.586308
0.824512
0.127515
1.86589
0.575352
2.19983
1.0454
0.452304
1.75308
2.67592
0.536836
0.632477
1.52976
0.590635
0.189353
0.439086
2.53606
0.490041
-0.00443524
2.5064
0.564084
2.0643
0.95623
2.53086
1.8136
2.41254
0.368362
0.428252
2.79928
0.501871
0.230636
0.085287
0.556473
2.49906
1.06992
-0.255151
1.13563
1.2868
0.556206
2.1888
1.77056
2.60291
2.61628
1.99089
0.127012
0.251675
0.0760255
0.0675132
1.50677
1.38837
1.37445
0.359794
0.392631
0.695198
0.736931
0.101929
1.78561
2.18035
1.88687
0.649974
0.664412
0.392015
0.400564
1.04702
0.442854
0.623244
2.64575
1.33277
0.819286
1.22407
1.52201
1.77806
1.9263
1.19373
1.97104
0.323885
0.317015
2.38276
0.934546
-0.130554
0.18978
2.17637
1.09187
0.605391
0.423689
0.899369
2.17995
1.74487
1.37797
0.543834
2.42565
1.10437
1.81313
0.489594
1.28481
2.24099
0.587328
1.82604
0.528345
1.76841
1.48008
0.480644
1.83897
2.54452
1.18595
1.08889
0.140513
1.87914
1.63782
2.56402
0.601849
0.345732
0.807254
2.07697
0.103617
1.00783
0.117788
1.89632
0.227288
1.89812
1.28645
0.13353
2.37635
0.267801
1.60673
1.54397
0.372595
1.81614
0.288661
0.578794
2.3887
0.582843
0.158585
2.54932
0.447125
0.451607
0.714521
1.4662
0.619756
1.2953
1.54004
2.66451
1.269
2.47308
0.128388
0.787202
1.72508
2.11296
0.319431
0.66651
1.9476
0.889056
0.626891
2.60069
1.14172
0.812138
2.33872
1.60301
1.16327
0.266102
0.0793734
0.504653
1.33028
1.13547
1.26865
0.630672
0.600636
2.56862
2.53101
0.311723
0.207914
0.622515
1.95962
2.33451
2.57985
1.16418
0.641794
2.27942
0.239971
0.521881
1.91534
1.17106
0.864846
2.22367
0.147676
2.20757
1.74639
0.999467
2.58115
1.50036
0.387185
1.22711
0.925533
0.551104
0.419736
1.49025
0.19007
2.46835
1.14939
1.46978
1.02261
0.871879
0.625293
2.17549
0.726599
1.78965
0.437385
1.06987
-0.214634
2.19432
0.103413
0.516279
2.42469
2.60006
1.79455
0.539291
1.68179
1.452
1.14124
0.572743
2.71438
0.772786
1.33339
0.621382
1.8312
0.590773
0.962839
1.95688
1.30311
0.689604
0.19748
0.723984
0.988312
2.48482
2.8193
0.807954
0.688655
1.13287
0.324575
2.06591
0.941095
2.02016
1.51448
2.69031
1.03634
1.25483
2.26263
1.33117
1.91692
2.19136
0.593108
2.37663
1.10799
0.258584
0.686293
2.13816
0.502016
1.15753
0.647915
0.646194
0.550209
0.150831
2.52471
0.800451
1.0865
1.77117
1.95661
0.953959
0.0463079
0.0702601
0.160654
1.1574
1.42177
1.30099
2.36533
2.05002
1.21128
2.32331
1.57196
0.359955
2.68413
0.370918
0.855784
0.491943
0.131458
0.666201
1.7264
0.369901
0.668573
2.09596
1.55543
0.596156
0.676003
0.339644
2.66759
2.72283
2.40573
1.18391
2.36508
0.968219
0.72669
0.770806
1.81476
1.09635
1.16903
0.831901
2.84155
0.566976
2.46837
1.18259
0.970699
0.570145
1.29927
2.60639
0.67
0.508279
0.595388
1.81815
1.93803
0.14764
2.45492
0.352822
0.542825
1.18579
0.276998
0.752802
1.61175
0.532378
1.5243
1.61191
0.126816
0.148999
0.521436
0.516015
0.765268
1.31311
2.4362
2.27609
0.246616
0.487707
2.49947
2.55481
1.26347
1.36662
1.09448
1.80391
1.54761
1.70738
0.896375
1.54093
2.32846
2.63363
0.420208
0.307066
0.62994
2.35141
0.554967
2.60229
2.24201
2.24671
0.895156
0.152837
0.705077
0.582918
1.76284
0.136097
2.35017
0.901646
1.55529
1.10433
2.39063
1.19676
1.45329
0.787314
2.45563
2.79055
1.37236
0.537174
1.14588
0.571665
1.38618
1.18145
1.40989
2.72091
2.41781
0.593645
1.81237
1.32027
2.69556
0.679664
0.300339
1.52953
0.809511
1.63352
1.21541
0.849819
0.325833
0.676551
2.11501
1.04425
1.81791
1.28211
0.537019
1.16527
1.78274
1.16828
2.68387
0.283445
2.46122
0.231288
0.886025
2.70354
0.61447
0.584414
1.91193
0.144584
1.01665
2.59487
0.14002
1.79231
0.143885
2.52347
0.68574
0.0246323
0.52457
1.541
2.53791
0.535751
2.36051
2.47569
1.57263
0.516751
1.84049
0.715155
0.533051
1.36409
0.433856
0.187534
1.01391
2.7675
0.536202
0.312804
0.246134
0.0923446
0.526551
2.41418
1.50557
1.79674
2.30635
0.049938
1.93993
0.116325
0.289888
0.649838
0.655306
0.380768
0.372613
0.702452
0.26013
0.529216
0.788922
0.544063
2.36866
0.553098
1.99227
2.41562
2.45819
1.98972
1.87586
0.0939336
0.959247
2.35647
2.23105
2.33439
0.775423
1.06997
1.55113
2.70986
1.78472
0.200436
2.42685
2.05507
0.782302
2.25536
1.79627
2.41188
1.3372
2.43054
0.299678
0.635837
0.313784
0.81955
-0.197437
1.03236
0.14292
1.35472
0.591928
0.136931
2.31481
2.54102
2.40483
1.57458
1.8151
1.26777
0.379215
1.03366
0.699368
1.78693
0.190747
2.60594
1.86702
1.50521
0.525253
2.03043
1.68002
0.511827
2.69474
0.372853
0.48036
0.735239
0.869773
1.3992
0.524583
0.38675
1.04376
1.13472
2.44535
1.81711
1.11091
0.889268
0.686674
1.79393
2.30021
1.49829
2.15668
0.357102
1.43745
2.6189
1.28689
-0.372084
1.70665
0.567447
2.47003
1.37277
0.0659754
1.93625
0.845087
0.597806
1.43666
1.38785
0.170006
0.82367
0.609959
1.46442
1.08555
2.8054
1.05051
0.836335
-0.134128
0.521216
2.16472
1.808
0.593591
1.32263
0.377844
2.53848
1.67504
0.158509
2.46182
1.87337
0.186972
2.56885
0.976163
0.466824
2.67724
1.21533
0.173129
1.21442
1.18847
1.3531
0.109389
1.89548
0.661895
0.376257
2.28443
0.442034
0.0705887
0.967501
1.33011
0.928752
2.71721
2.3942
1.36851
2.65487
2.58632
2.21095
-0.466825
2.27475
2.2327
1.27148
2.4169
1.72856
1.44063
1.72659
0.115833
0.609986
1.15184
0.77117
2.36706
1.72752
0.458362
0.10523
0.517717
1.05757
1.25195
1.71998
1.56676
2.42483
1.67229
0.0525391
0.610154
0.391292
1.23766
0.341848
1.77
1.03853
1.37465
0.416254
1.26417
1.08964
2.3586
0.503105
1.64007
0.152077
0.473297
1.0579
2.62579
0.946062
1.45665
0.22156
2.10779
2.32787
0.289471
0.10842
2.24515
0.838177
0.512261
0.541527
0.613037
1.03229
1.13279
0.370905
1.09867
0.943504
0.367625
0.741723
0.0711538
-0.0995471
1.13781
0.529622
0.147824
0.269006
1.44842
0.277677
1.03522
1.40328
1.01288
1.83929
2.42323
1.36832
0.535327
0.363061
0.231059
1.12014
0.593494
1.33508
0.374135
1.59881
0.215342
1.31562
0.967435
2.25852
0.881619
0.115904
1.15828
2.69922
0.497086
2.60041
0.63178
1.72509
1.3324
1.79446
1.48257
1.54025
1.83111
0.236654
2.43022
1.26504
1.94878
0.121646
1.11215
2.53651
0.511056
1.45325
2.60927
2.29686
0.276045
2.61414
2.30028
0.423357
0.513925
2.08067
0.694624
0.833115
0.595186
0.513635
1.38275
0.367129
1.35617
1.15055
0.259121
0.570243
2.56568
1.29967
-0.128942
2.30113
-0.379454
2.57536
1.43669
0.45617
2.29614
0.377225
0.392277
1.82318
0.718649
1.24929
2.47451
-0.223805
0.582353
0.304214
1.00442
0.843728
1.28344
1.661
0.41569
1.34333
2.26005
2.75156
1.6063
0.494796
0.845195
1.76319
2.55003
2.21125
2.80092
1.47586
0.136594
1.0722
0.591627
0.667673
0.638669
0.883998
2.4265
1.48092
1.4207
0.556237
2.34313
1.51084
0.368171
2.35055
0.215116
0.881837
1.51087
1.14755
2.40435
0.767704
1.10927
0.509887
0.428445
2.52798
1.97229
1.17321
1.85425
2.62517
1.20155
2.28735
1.15708
1.42564
1.64462
1.62874
1.07792
1.87979
2.30496
0.137861
1.8745
0.218875
2.59279
-0.395412
2.64859
1.39832
0.357023
2.66087
1.44645
0.197638
1.61601
1.64139
0.202712
-0.0191634
1.87247
0.496754
1.77098
1.33051
2.5943
2.33719
0.126837
1.74264
0.30865
1.93583
0.163713
1.52611
2.2738
1.22594
1.07448
1.24054
0.237506
1.43447
0.0895983
0.573502
1.35084
1.09441
0.282929
2.45263
0.586128
1.77695
0.0832738
2.2735
1.92477
1.72195
0.0737833
1.14572
1.11648
0.392796
0.822606
0.257214
2.3412
2.13479
0.44666
1.73426
1.31439
2.27736
1.47979
0.642213
1.15722
1.07499
0.355887
2.4564
1.08018
0.615797
1.36217
0.438307
0.786963
1.25119
2.67955
0.789529
0.955195
1.89641
1.6472
1.20704
0.123309
0.396176
0.537953
1.5643
2.19356
1.95124
0.479517
0.329769
1.70436
1.34024
1.81045
1.14317
0.278848
0.867751
1.96287
2.5756
1.09073
0.714468
0.839082
2.3312
2.18141
2.34291
0.190915
2.70188
0.427782
0.592365
0.977874
1.12121
1.34748
0.456316
1.33617
0.899171
2.46762
2.13152
1.12489
0.196838
1.88592
2.60512
0.779775
0.704014
0.302419
0.57247
1.7674
0.709439
2.61626
1.9354
0.115712
1.67249
2.60421
2.41593
1.19596
0.205655
0.39817
1.18555
0.262711
1.7876
1.64073
-0.386449
0.786111
1.56595
1.74688
2.44474
0.245277
1.92826
0.128648
0.883728
0.716383
0.868472
1.33175
0.261956
0.143124
0.136349
1.70038
1.91612
2.41062
1.13954
1.75527
0.712635
1.42324
0.133113
1.97507
0.589506
0.899386
0.152189
0.219445
2.65428
0.457375
1.12837
1.86583
0.970419
1.37749
1.24717
1.08427
2.53527
0.192901
1.0882
0.862628
1.72955
0.591974
1.23835
0.529366
1.58964
1.81583
2.08488
0.614741
1.13637
0.629722
2.32512
1.98124
-0.0195115
1.74221
1.92823
0.429351
2.67601
2.28078
1.0995
1.69048
0.622771
1.68017
2.01298
1.44315
0.113006
1.03268
2.6042
1.12302
0.511851
1.32164
0.958585
1.99227
1.00044
2.41821
2.11381
1.68746
2.20845
2.00456
1.07914
0.528579
0.386455
2.18686
1.62401
2.5599
0.493933
0.939757
2.46041
0.812638
0.828987
0.976433
1.46157
0.618957
1.3424
0.735275
1.11725
0.578062
2.15235
1.06494
1.08391
1.5694
1.74732
2.34377
1.26798
2.63114
1.35069
1.35545
1.72015
0.120578
2.12663
0.841378
0.110945
1.05266
1.00037
0.453637
2.24542
0.0524696
1.89558
1.48934
0.530146
0.814965
1.61656
0.306677
0.420567
2.42978
0.144258
2.17711
0.39564
1.37674
2.32908
1.10277
0.703674
1.87026
1.79877
2.61945
1.5351
1.41334
2.02624
0.039248
0.18234
0.235007
1.67967
1.88089
0.637823
2.5815
0.629203
0.511831
2.66836
0.837714
2.49701
0.0582044
2.45071
0.787671
0.991048
0.759868
2.21785
0.52127
1.48933
1.06891
1.26082
1.6057
0.480803
2.21581
0.570558
2.34883
2.5334
2.26591
-0.0245051
0.943135
1.77669
1.77275
2.02722
0.552691
1.16396
0.0530629
0.818997
1.1279
0.838379
0.202448
0.468073
1.11744
1.3352
0.162361
0.161048
0.758519
1.42264
2.09841
0.826466
1.25857
1.33724
0.53543
1.74766
1.09444
0.839077
0.595235
1.39552
1.73264
2.00239
1.79051
1.16631
1.34075
1.39766
1.36162
2.17103
0.851194
0.62959
1.06071
0.543095
1.78132
1.75548
0.703943
2.12698
0.737647
1.73282
1.44225
0.410309
1.45862
1.70951
0.694114
1.69969
2.74145
0.882999
0.668429
0.544034
0.190196
-0.467885
1.67464
2.67401
2.37513
1.54625
1.8999
2.07402
1.34852
0.841948
0.58952
1.84574
1.356
1.47486
1.28682
2.31256
0.502716
1.17572
0.574423
1.69112
0.689137
1.78035
0.670206
0.844246
0.8479
1.01843
0.697984
0.704195
3.0441
2.06089
0.782867
2.3278
1.08882
1.88385
1.90724
0.594882
1.98759
0.0763969
2.57034
1.04821
1.0007
0.127966
0.592747
2.71807
0.416311
1.83574
0.637152
0.451406
2.6917
2.46775
2.36642
0.482442
2.45313
1.05795
2.0329
0.107933
0.59456
2.35689
1.34101
2.07726
0.416341
1.60904
2.53615
2.43358
1.36562
0.101012
2.09862
0.278552
1.85485
0.343457
0.572106
0.64995
2.66305
1.26382
1.27241
2.00069
0.851194
0.592678
0.500543
2.13442
1.84051
0.456618
1.06222
1.61945
0.703022
0.512306
2.13372
2.34364
0.075738
0.678418
0.548617
0.576194
0.292013
2.70544
0.129936
0.799954
0.348191
1.5482
1.11026
2.4637
1.70152
0.788728
0.805241
0.105268
0.496421
0.801308
1.06145
0.261118
2.25328
0.52209
0.691362
2.46754
1.4173
1.46375
2.35307
2.41639
0.0713759
2.20397
0.517725
1.36648
2.46196
2.60884
0.586977
2.60662
0.549209
1.15147
0.133653
1.20592
1.83467
1.59198
1.32828
1.43656
0.527758
0.269601
0.133118
1.84451
0.312407
0.502768
0.299322
0.860308
1.26305
-0.151497
0.893474
0.167138
1.76868
0.571656
0.592204
1.10414
0.0641882
2.25105
0.465368
1.00101
0.417291
0.364468
1.69782
1.43215
1.40148
0.736359
1.3782
0.912533
1.24455
2.42608
2.13459
1.89097
2.38217
2.72194
0.654944
0.376409
1.14315
2.28369
2.11017
0.520576
2.23598
1.76322
0.268802
0.519903
2.36271
2.28057
0.457995
0.945591
0.291519
1.88267
0.593639
1.78106
1.12215
0.066873
0.357941
2.39577
2.42333
0.594807
0.572278
2.33264
0.61491
1.01091
2.75764
0.42494
-0.461368
1.44837
1.26124
0.487062
0.919582
0.676018
0.544828
2.65718
0.527277
0.742413
0.886385
0.594397
1.26542
2.59899
1.17597
1.30904
0.617804
1.44898
1.55026
1.53099
0.842233
0.872305
0.535411
0.836009
0.834433
1.96812
0.550999
2.29814
1.77499
2.24272
1.28787
0.0692474
0.588651
2.52718
1.87059
0.849739
2.31651
0.553158
1.46109
2.35859
0.736511
1.10573
0.894848
2.44084
1.43475
0.778614
1.26955
1.29154
0.953432
0.891424
1.43292
0.623758
-0.268782
1.27145
0.675844
1.07202
0.913237
0.550553
1.12035
1.59973
2.39705
0.66899
0.813887
0.175356
0.76781
1.14734
0.618214
1.20033
1.40629
0.718137
2.80417
0.815732
0.443202
0.580513
2.3005
0.594121
1.64036
1.24392
0.595047
2.36821
0.596373
1.08606
0.634044
0.596227
1.48689
0.730195
1.17563
1.90042
0.723743
1.58894
1.19408
2.65869
0.62896
1.53714
1.98336
0.430532
-0.385938
2.71859
1.45242
0.538711
1.27327
1.59482
1.79389
-0.0825575
0.115742
0.894735
0.0910982
2.46483
1.02132
1.19598
0.519554
1.83724
2.30742
2.2192
0.701908
1.26863
0.420816
0.596392
2.2614
2.15265
2.55096
0.915878
0.33472
2.33972
2.03302
1.42716
2.42539
1.77781
1.46375
1.73278
2.94666
0.857211
0.12502
1.11389
2.54241
0.310376
0.723968
0.10595
0.667305
0.837608
0.688105
1.04045
0.10795
0.445245
0.359199
1.35212
1.14867
0.710173
0.115082
2.63674
0.985093
2.20373
2.13275
0.815356
2.49311
1.85551
2.38227
0.237082
2.75809
0.986096
2.5648
2.54
1.81387
2.03759
1.94167
1.68328
0.458313
0.86944
0.847884
0.842863
2.28965
0.517226
2.65056
1.156
0.0208491
0.531655
0.508947
2.02475
1.56001
2.06361
2.37322
0.804156
1.52986
1.39036
0.785186
0.456433
2.46659
1.53279
0.240901
2.71518
0.463645
1.53958
1.4394
1.10327
2.59852
2.53522
2.06361
1.3398
0.593999
1.61602
0.0661749
0.798961
1.1315
1.79841
0.161505
1.50644
1.02444
1.04281
0.855946
2.15417
0.259676
1.21627
0.652509
0.926272
0.799505
1.69555
1.29293
1.16685
1.04959
2.58018
0.551117
0.784994
0.449649
2.71963
2.27157
2.314
1.40925
0.648657
0.533453
1.9223
2.45578
1.51436
1.59002
2.72221
0.530542
0.0182018
0.818181
0.407916
2.50959
2.0959
1.9991
0.597838
0.908771
1.15449
0.300887
2.41204
0.83922
0.89599
-0.207616
1.93893
0.989641
1.94677
1.71557
1.66515
1.594
1.16647
1.03758
0.35384
2.54086
0.501785
1.55175
1.53426
1.91398
0.443801
1.18297
1.15601
0.532758
0.773357
1.25478
1.5486
2.44359
2.37
0.835285
0.205029
2.44295
2.2228
0.103175
1.99225
1.5757
2.28477
1.41719
1.27432
0.590927
1.23154
1.88209
1.11671
1.14025
2.29767
0.511199
0.587404
0.509953
0.246219
1.61719
1.82347
0.58186
2.29279
1.59652
2.51479
0.649173
1.32358
1.65509
0.866962
1.70535
1.41042
1.61745
0.595058
1.27153
2.17481
1.12686
2.72091
1.44972
0.236433
0.521952
1.71258
1.17128
0.850619
2.18942
0.575765
0.960095
0.0461217
1.05069
0.609484
1.14849
1.4953
0.16391
1.67903
1.51163
2.00929
0.837919
2.43484
0.495266
0.804785
1.68371
0.746338
0.73442
1.7011
1.20747
2.38746
1.84951
1.30831
2.23051
1.47891
0.283187
1.56407
1.66086
0.577503
1.85862
1.5527
1.99196
1.63638
1.53674
2.23986
1.92862
2.79379
1.59211
1.63807
1.57759
0.423907
0.852308
0.303748
0.899522
2.0322
1.43624
0.938023
0.490088
1.76378
1.49906
1.1718
1.55549
1.74125
1.63179
0.554976
0.503594
1.71827
0.762036
2.71614
2.70618
2.63955
1.13468
2.16068
2.22594
1.1048
1.16295
1.62713
0.448041
0.656851
1.4206
1.1177
1.37504
2.2141
0.595342
0.537409
1.44894
0.537993
1.175
0.849569
1.1481
2.7275
2.52218
1.37258
1.36227
1.46663
1.35566
0.205277
0.205673
0.404006
1.4464
1.31842
2.36336
1.68036
1.04913
1.91689
0.755794
0.51965
0.179704
1.70252
2.49569
0.166906
0.87974
1.96701
1.9487
1.75492
1.65307
0.860498
2.44318
2.25797
1.73164
0.607099
1.65152
2.06973
1.27483
0.642657
0.432222
1.49146
0.459771
0.882586
0.157297
0.665625
-0.304922
2.60264
2.98241
1.88956
0.204542
2.35423
0.200173
1.70567
0.876592
1.09208
1.87097
2.50711
-0.235518
0.594248
2.43942
1.8472
0.993294
2.09037
0.723714
2.35555
0.529648
0.533171
0.457575
1.24246
1.55691
0.655237
1.47363
1.17539
0.374402
1.49742
1.67033
2.55961
2.0839
2.12728
0.301146
0.0813126
-0.166841
1.12043
1.52859
1.62036
0.889549
0.329587
0.832993
2.0573
0.403347
0.702324
1.50947
1.36732
0.755379
0.280609
0.892853
0.557486
0.541292
0.510614
2.10583
2.59346
-0.266545
1.6451
0.837871
0.83014
1.95625
0.0691155
1.90681
0.451334
1.24569
0.708798
1.15337
2.68718
1.88249
0.860737
1.06427
0.593959
1.4793
2.12785
2.64447
1.33437
0.80797
0.422994
1.61234
2.05893
2.64321
0.869259
0.549014
0.390873
0.791269
0.638559
0.142864
-0.221819
1.43165
0.255977
0.139605
2.5973
0.385554
2.64274
0.812185
2.68963
0.788922
1.35765
0.900791
2.48176
1.85433
1.22652
0.972513
2.51988
0.509828
1.82104
1.21308
1.37265
1.91324
0.895124
0.880058
1.43587
0.544983
0.33741
1.28021
1.06706
0.879467
0.258341
2.60357
2.58461
0.592573
0.882108
0.692072
0.424603
0.0941341
1.87099
1.88485
1.43279
0.412549
0.586512
1.33012
0.58366
1.88005
0.297388
0.752887
1.78109
0.833425
1.11411
1.54152
0.825128
2.62293
1.17497
1.8267
0.682427
1.85948
0.463126
0.453482
2.54329
2.52056
0.783515
0.835492
1.62664
0.769975
1.15869
0.862181
0.636061
2.51545
0.612035
1.14681
0.468447
1.44432
2.52941
1.85532
2.69894
2.7295
1.38131
2.43427
2.47553
1.39959
2.4791
1.40076
0.813369
0.614958
0.548544
2.63
2.24003
0.742691
0.0822327
1.87149
2.10562
1.4748
0.0722166
0.914813
2.11919
1.1286
1.5961
0.283674
1.32128
1.01564
1.1567
0.318089
2.60215
1.33732
0.87648
0.61779
1.4502
1.09113
-0.431461
1.50661
0.527007
0.0453476
2.56588
1.04226
1.46261
0.0664183
2.36602
2.01831
0.578338
1.45936
1.84574
2.4538
0.805377
0.517629
2.18529
1.30739
2.5361
2.19696
1.91735
1.18991
0.283609
0.791375
1.54171
0.916361
0.439356
1.89423
0.824829
1.47939
1.38699
2.31238
0.533451
0.473496
1.61314
0.247955
0.342205
1.76621
0.496509
0.55175
2.40144
2.52008
0.0660368
0.399323
1.92892
1.8763
2.64102
1.87489
2.61199
1.36092
1.18919
0.794413
1.15806
0.79862
0.891295
2.34127
2.27286
2.306
0.530368
1.07809
0.487335
1.5773
0.494147
0.47926
1.43493
0.880324
0.857861
-0.161812
1.32389
0.819646
1.42178
0.595585
2.44789
2.11732
0.534621
1.41026
0.634684
1.30205
2.00392
1.6887
1.29625
0.846686
0.293749
0.698688
0.341449
1.78141
0.913108
1.1675
1.77059
0.823939
0.841112
1.31705
1.156
0.813504
1.15495
1.03959
1.76533
0.857786
0.459524
0.3616
1.09347
2.41361
1.10549
2.38037
0.880833
1.95988
2.8892
2.58291
0.17578
1.42442
0.762761
0.539072
0.0616714
2.69687
2.65843
0.839435
0.329228
-0.36871
1.13622
0.0842639
0.69523
0.777088
0.911649
1.33409
0.00730925
1.20939
0.19991
0.603646
2.61257
1.06728
1.34336
1.47672
2.55031
1.5467
0.0897428
2.52504
2.5504
1.3119
1.21443
0.859739
0.236509
1.63622
0.194096
0.196059
2.23182
0.302959
0.853586
0.778686
0.773025
-0.0194261
0.787348
0.37445
1.6431
2.32446
2.59249
0.655051
2.7295
1.72165
1.01179
0.0746906
0.441898
1.16849
1.81669
1.88772
0.323165
2.44198
0.44412
1.76773
2.71467
0.524901
0.592456
1.46231
0.860783
0.667865
1.70354
0.779007
1.51503
0.577058
0.917504
1.83964
2.73153
0.289541
1.28081
0.663974
2.20698
0.944724
2.78043
1.1063
0.962783
1.47795
0.346487
0.064381
1.69814
0.775205
2.16149
1.7648
0.469891
0.634002
0.903295
0.27125
1.40883
1.22293
2.46082
1.36608
2.42023
0.811918
0.609101
0.810518
0.898597
0.408058
2.59167
2.03629
0.208813
0.695995
1.7042
0.30742
2.34873
1.41816
0.775815
0.453566
1.09586
0.48792
2.48112
0.782243
0.564457
0.22977
-0.179643
1.23682
1.35903
0.523682
2.70544
1.27156
0.694463
1.34182
2.13776
0.833875
2.74038
2.28186
0.667119
1.4048
0.991087
1.45923
1.86811
2.32183
1.93089
0.130229
0.441407
0.42676
1.38466
0.721576
1.41742
1.38034
0.501688
2.16632
0.805137
0.701655
0.587607
1.86244
0.458454
1.05923
0.684296
0.134999
1.17107
2.15411
0.508175
0.084554
1.59893
0.827712
2.37279
1.04541
0.411796
0.44832
2.51517
0.144625
0.7237
1.0399
0.760694
0.0647059
2.68959
2.08076
0.82511
0.54002
0.813193
2.64412
2.53284
2.05649
0.45703
0.69896
0.370921
0.985272
0.495943
2.11143
0.497286
0.740595
1.80765
0.749371
0.65709
0.728713
1.94644
1.27993
1.35964
2.63555
0.466446
0.832518
2.91943
1.56451
2.14662
2.29651
1.05933
1.91507
0.467512
1.42802
2.45413
2.52048
1.00192
2.62444
1.22534
0.857849
1.69275
1.16958
0.78691
0.115526
0.0633324
0.444764
1.16313
0.828718
0.229135
1.91389
0.225933
0.872446
0.830676
2.83983
0.0537999
0.43112
0.459033
1.77947
2.60308
0.525207
1.57794
2.41293
2.68392
2.0966
1.08949
0.705189
1.54476
2.65245
2.34352
1.36099
1.07556
2.64417
1.05991
0.702044
1.56665
0.0370428
2.03236
2.4481
0.176122
1.55201
2.36922
1.60297
0.524619
1.40473
0.731964
0.533565
0.684153
0.250813
0.422121
2.55976
1.35965
1.35305
0.0617163
0.233315
0.400913
1.16268
2.48756
2.43042
0.138192
2.49183
1.98706
0.84144
0.523499
0.61024
2.69176
2.62439
1.64303
0.131827
1.65905
1.01155
0.469089
0.67835
2.71251
0.510171
1.85898
1.77631
2.4664
1.20618
1.86698
1.04604
2.08533
1.76547
1.35515
1.65007
2.66387
0.416236
2.22942
0.0720002
1.00695
0.835934
0.882887
0.518632
0.879215
0.296937
0.709478
2.49441
1.85315
1.89462
0.997956
1.14483
0.417174
1.28328
2.67493
2.25704
1.60461
2.15679
0.116301
0.50258
0.168682
0.811907
1.00987
0.692041
1.32724
1.12871
1.14911
2.12573
0.181324
0.466794
2.47339
2.44468
0.793887
0.472189
0.758906
2.62772
0.812661
1.47172
1.77674
0.533531
2.69591
2.57775
1.56387
2.24621
0.138741
0.485169
1.03101
1.21709
2.58824
0.666727
0.106379
1.92996
-0.212773
1.43604
2.46439
0.659663
1.32859
2.70549
0.569864
2.06046
2.5953
1.21124
2.4147
1.2256
2.56417
0.27481
0.614662
0.836494
0.829464
2.2605
0.209448
0.405605
0.656252
1.92647
1.446
-0.342338
0.456659
2.41397
2.5168
2.11615
2.65362
2.1826
2.45116
0.771903
1.03107
0.203416
0.5848
2.68426
1.32926
0.865672
0.725965
0.626888
1.43323
1.16873
0.668059
0.433068
0.125572
0.455958
0.439923
2.66701
0.776458
2.60142
2.57998
1.9884
0.475811
0.578147
0.589187
0.332771
0.784526
1.13499
2.58704
1.36271
0.982045
2.15726
1.80863
1.2573
1.75637
0.571404
0.0685149
1.11968
1.61
0.567605
0.480123
2.64695
0.778227
0.846934
0.0246371
2.52157
0.679201
0.709316
1.32427
2.27833
2.62755
0.758487
2.69196
1.46046
2.73202
1.12574
2.64336
0.288663
1.53151
0.689108
0.856868
1.67884
1.86821
0.73609
0.916895
2.73485
0.694703
0.600507
0.097526
2.6772
1.34553
0.240326
2.3288
2.63536
1.56977
0.601534
0.27372
0.865844
0.493633
0.206639
1.67099
2.46624
0.132086
0.432475
0.427093
0.676202
0.473824
1.33403
2.50552
1.06019
2.34818
0.85095
1.77968
0.614612
2.13331
1.72431
2.60556
0.498898
0.588635
0.637133
1.09006
2.30294
0.918611
1.58471
0.221706
0.0808891
1.06656
1.22751
0.83826
0.15234
1.26103
2.68666
-0.31944
0.599011
1.69588
0.829825
0.222871
2.69847
2.48257
0.665598
0.52174
1.16925
1.93605
0.808683
0.497282
2.65429
1.41803
1.91116
1.5571
0.578419
2.58174
2.62828
1.70962
1.77093
2.63134
1.10123
0.500065
1.74533
0.633487
0.451625
0.54361
2.47325
2.42151
2.08529
1.76398
0.244507
0.592835
2.42036
0.874244
2.45665
0.850686
2.7019
0.0478668
0.909976
2.45227
1.50729
0.858296
1.63543
1.04266
1.34357
0.360482
0.256213
0.826234
0.510778
0.0659311
1.92834
2.36484
1.11761
0.450939
1.46084
0.791565
0.459898
1.67412
2.56951
1.14968
1.71846
1.07285
0.209607
0.950402
1.25636
0.873312
0.658811
0.0494635
1.87623
1.39604
1.91461
1.82484
1.87675
0.813119
1.23042
1.39285
0.829955
0.816466
1.38855
1.87158
0.349119
1.39914
0.629001
2.27588
0.892839
0.478116
1.10059
0.857291
0.050028
1.86945
1.86299
0.850015
2.50402
0.793018
0.756925
0.611017
2.49356
0.861665
1.53868
1.17004
1.40634
2.49302
0.415724
0.411295
2.10154
2.45258
1.35784
1.12422
0.709657
0.59783
2.36321
2.48199
2.47425
0.817292
0.851911
1.79242
0.327138
0.524186
0.747446
2.72571
0.0161394
2.49028
0.156144
2.03548
1.1379
2.8037
0.532537
1.8259
0.368631
0.862452
2.30485
1.61816
1.93143
0.621683
2.59853
0.469116
0.823206
0.837195
2.6042
0.391646
0.836435
0.613016
0.792798
1.3887
1.46613
0.55517
1.16996
0.560639
2.42044
0.752378
1.1071
2.79276
0.642877
1.70611
0.594867
0.478433
2.08914
1.0855
0.480271
0.757642
2.21636
2.37807
1.22004
1.09795
0.420247
1.76042
1.04953
2.66464
0.360601
0.11955
0.592238
1.61333
1.18787
1.07399
0.172589
1.81923
0.354066
2.47091
0.578151
0.881897
0.609537
0.846269
2.69786
2.5627
0.490494
0.466662
1.14257
2.59909
0.350112
0.842656
2.29932
0.848386
0.550291
0.465895
1.67664
1.61183
-0.383123
0.611302
0.840949
0.950174
0.508494
1.35439
1.76833
0.585106
2.55047
1.68434
0.818822
1.46872
0.773325
0.952621
2.62144
2.62056
1.35333
0.842773
0.232147
0.541232
0.599223
0.986407
1.29181
0.217356
0.656726
0.922335
2.51318
0.725544
2.71661
2.40154
1.35382
1.45825
0.440713
0.824673
1.73694
0.491961
1.78077
2.47802
2.15261
2.70303
2.42327
0.823456
0.379477
0.592747
2.57615
0.444675
2.36298
1.64028
2.61096
0.559919
1.68323
1.37005
0.555878
1.57328
0.365606
0.505839
1.06826
2.29149
2.56838
0.0628344
0.779823
1.5217
0.832892
1.69913
0.486156
2.71484
0.948249
2.54361
1.52435
1.12803
1.19517
2.73518
1.08122
1.15736
2.37837
0.751834
0.942223
0.819763
0.613684
0.668325
1.85679
0.566579
1.38802
0.85191
0.671782
2.55209
2.73547
1.44662
0.384865
2.77145
2.06369
1.36968
2.34633
2.6878
2.47196
0.790029
0.181157
1.38796
0.795204
0.458873
2.66378
1.75692
2.47291
0.10924
2.56821
2.96437
1.17561
2.48106
1.72815
0.474297
0.829831
0.553931
0.594953
2.63988
0.670144
0.634178
0.0555691
0.109502
0.626291
1.36407
1.16596
0.982031
0.320361
1.32713
1.12264
2.69873
1.12095
1.09682
0.0606588
1.26172
0.771837
1.26474
2.15752
2.30873
2.69773
0.544099
0.139095
2.72466
2.69712
1.0118
0.656549
0.809758
0.458078
0.673731
0.734935
2.48774
2.63558
0.251707
2.40587
1.55114
1.40812
0.764393
0.200963
1.8349
1.37978
1.81165
0.785063
0.899479
0.449818
1.15755
0.44453
0.815147
0.869467
0.968871
0.702595
1.81171
2.67016
2.4886
0.515304
0.515208
2.37564
1.00926
0.466958
0.817778
0.85862
2.35374
2.5827
2.11948
0.0894795
0.833313
1.08185
2.07308
1.68737
0.128824
1.60751
0.798747
0.89922
0.818825
2.72956
0.40033
0.742933
1.15004
1.80997
0.167477
0.349193
0.938315
2.57801
2.72813
1.00269
0.972916
0.639443
2.6126
0.457278
0.853558
0.525266
0.395036
0.886165
0.592032
0.750373
0.848119
0.622802
0.38758
2.36294
0.773161
0.482193
0.804406
0.59798
0.466833
0.0686217
2.52049
2.23795
0.708482
0.791585
2.65745
2.55223
1.25916
1.35081
0.346502
0.790985
0.711227
0.721404
0.582531
1.68176
0.305144
0.350362
0.105
0.749449
0.464827
0.515403
0.794326
0.366099
1.21768
0.45484
0.22887
0.996083
1.29432
2.59131
0.851334
2.62709
1.16655
2.3045
0.95887
1.17166
1.33419
1.1704
0.784371
1.44437
2.40226
2.26777
1.9254
1.49732
2.66457
0.572847
2.55431
0.105307
0.697176
0.841798
0.442447
0.886409
0.261468
2.11469
0.429561
2.49868
0.0526541
1.7732
1.25814
1.7446
2.52664
0.793387
1.20396
0.437669
1.03083
1.5245
1.45055
0.823913
0.313654
2.55864
0.974019
1.25325
2.64809
1.37427
1.3667
0.462388
2.73063
0.24382
0.207162
0.491955
1.42026
0.895235
1.83649
0.699661
0.135571
0.451054
0.0828982
0.782875
1.40235
0.282648
0.884734
2.73071
0.822975
2.3279
1.30373
1.73453
1.75799
1.0153
0.832785
0.595976
0.614058
2.64224
2.54594
1.30417
1.02409
0.866155
2.57892
0.109095
2.6502
1.13326
2.33439
1.23307
1.33419
2.42949
1.4961
1.8085
0.895237
1.35347
2.66517
0.205744
2.34481
1.79037
0.662953
0.111349
0.427554
2.55397
1.81772
0.451175
0.434281
-0.47438
1.28521
0.107412
0.540801
2.69251
1.29894
2.63633
0.878423
-0.239334
1.1116
2.00941
0.467807
1.10693
1.26162
2.02843
0.977819
1.74655
0.79781
2.11814
0.531643
0.572499
1.07415
0.840862
0.77382
0.593256
1.34278
0.567037
2.55135
1.07956
1.86958
1.87095
1.70933
0.591861
1.03317
0.774359
0.203481
0.191963
1.38109
0.668867
2.16518
2.44326
2.65023
0.645063
1.11396
0.484993
0.201834
1.31701
1.0027
0.923884
1.22488
1.54091
2.91577
0.833997
2.40938
0.551437
1.82887
0.768204
0.955697
1.20392
0.424429
2.53137
1.78421
0.98465
0.880523
0.880157
2.39541
1.11883
2.65322
1.14723
2.58852
1.41468
1.0592
2.36519
2.32609
0.178408
1.30602
0.610917
2.44795
0.554809
1.94536
2.17353
0.453797
0.274336
2.06145
2.59383
2.50288
0.281295
0.608814
0.377829
0.930775
1.42555
0.592655
2.54455
1.15597
1.34659
2.29772
1.38029
0.363914
0.133201
1.06414
0.350856
1.92011
0.401912
0.582423
0.112203
0.905946
0.0666657
1.33419
1.54711
1.67515
1.08476
1.75621
1.86901
0.399882
1.18377
0.880277
0.473178
0.797136
1.21977
0.961288
1.07376
2.46599
1.77984
0.567576
0.330142
0.735988
1.38836
0.669442
0.56068
1.22204
0.84725
-0.37829
0.208282
0.623138
2.67176
0.502309
2.34306
0.851115
0.451521
0.0873425
1.23825
1.45423
1.02677
0.00662928
0.833825
2.95158
0.958456
2.4742
2.25326
1.09994
0.758484
0.203942
0.813823
2.85254
1.39622
0.881959
2.30088
2.79899
1.14627
0.065023
0.815974
1.10066
2.70953
2.69144
1.71167
0.115039
0.495157
0.538697
0.219253
0.45446
0.95808
0.43159
0.577176
0.525663
1.09824
1.00552
0.756579
0.536968
0.592872
0.924689
1.05975
0.554638
1.25379
0.149215
2.39089
0.811718
0.91418
0.598303
0.434168
0.10241
2.5453
0.821463
2.47824
0.438036
0.79902
0.795188
2.6755
1.1236
2.72003
1.89166
0.851829
1.29716
0.829409
1.56523
0.918712
0.809142
2.62052
2.7457
0.489771
0.811108
0.521955
2.08278
0.684653
0.366229
0.595877
1.17017
0.934619
2.36198
1.78346
0.83996
0.783608
0.785809
0.433626
0.137179
1.07161
0.228061
2.81188
0.849682
2.21762
2.40761
0.826011
2.68318
0.0598281
0.757169
2.62624
2.49285
0.121685
2.55527
2.17494
0.567666
0.317677
1.3839
2.52549
1.70558
1.35431
0.252075
0.870992
-0.0955906
0.0831828
2.37797
2.63782
0.207722
2.84346
2.3569
1.34196
0.412509
2.39364
1.73387
1.31834
2.74384
0.272004
0.799446
0.63688
0.441572
2.32161
1.1456
1.08142
2.20051
0.183099
0.280859
2.64792
0.596406
1.55468
0.0896216
2.07623
2.82175
2.50472
2.72362
0.122674
0.239934
0.561808
0.188571
1.88301
0.389123
2.57724
0.381111
0.447704
0.955274
1.46894
1.29638
2.01786
0.652299
1.30642
1.0359
0.563483
0.814869
0.239408
2.34176
2.30841
1.17085
0.372563
1.39219
0.251918
-0.179279
1.233
1.62509
0.126926
0.453785
1.53396
1.31547
-0.203647
2.75097
2.20322
2.72307
0.855118
0.103006
1.11176
0.718624
0.203155
1.17324
0.683825
0.445994
0.800508
2.67366
2.61311
1.53293
0.174899
2.56976
1.21383
2.73517
0.817377
1.46985
-0.384449
1.12031
0.474524
1.74631
0.211261
0.424171
1.32445
0.502328
1.42544
2.38596
0.747819
2.49114
1.19617
2.43473
0.428399
1.43805
0.258114
0.161185
0.797638
1.31299
0.848574
2.13584
1.13261
0.31019
0.880035
0.057757
0.592051
2.72961
0.950716
0.442422
1.16179
1.23122
0.852336
0.953328
1.11215
0.458053
2.74401
0.591968
0.509793
2.67958
0.448969
2.51844
2.54824
0.894619
1.35458
1.5282
0.584622
1.33213
0.371958
2.70124
1.04521
0.539322
0.809011
0.493609
1.10567
0.48535
1.33638
0.296866
0.426464
2.57307
0.391941
0.500124
2.03061
0.505423
0.567825
0.0544262
1.80037
2.02381
0.418473
2.67545
2.62277
0.958129
0.82114
1.01486
1.14521
2.54918
0.322509
1.14023
1.92672
2.98517
0.349907
2.08977
1.41875
2.34415
2.70887
0.811046
0.242394
1.25712
1.12067
0.813534
1.06636
2.64228
0.127498
1.79049
1.46781
0.154325
2.60015
2.27815
0.257786
2.46761
2.34372
1.06143
2.64765
0.915607
2.52664
0.315654
0.462044
1.77754
2.45872
0.489745
1.78831
2.54429
2.279
0.791935
2.53074
0.560187
0.751808
0.821333
0.183049
0.715456
1.68442
1.93203
0.749778
0.700084
0.903361
0.335854
2.38044
2.69733
2.03996
2.51805
2.23342
0.634374
0.474452
1.33675
1.4519
1.60456
0.580601
2.29646
1.56648
0.132482
1.20219
1.09702
2.36056
2.69778
1.11317
1.36269
1.78049
1.74026
2.54134
0.522676
2.65203
2.50495
0.54338
1.57834
1.52637
0.769547
0.0845819
2.48164
2.97062
1.26612
1.05158
2.16579
1.19451
0.429035
0.52503
0.279833
1.35246
2.60018
1.82413
1.0997
0.676366
0.424784
2.55879
0.675384
1.55004
1.38933
2.86866
1.76704
2.55953
1.98643
0.847367
1.31881
1.07653
0.582485
1.01948
0.90144
0.489498
2.62727
0.0664748
2.65558
1.84677
2.57454
0.506132
2.57773
2.71345
1.36292
0.603854
2.54333
2.6331
0.634152
2.73321
1.5919
2.53085
2.99881
2.43707
1.12675
2.4793
1.19471
1.04836
0.520371
1.9025
2.60784
2.57484
0.582602
2.14906
0.124418
0.798319
0.875354
1.09744
0.569314
0.871096
0.573421
2.43538
2.27728
0.543347
0.600383
1.28706
0.496304
0.162094
1.07123
2.41986
0.515483
0.630684
1.34546
1.08658
0.826309
2.7176
1.35218
0.600325
2.42897
2.43475
1.51187
2.42681
2.38537
0.0972428
0.475511
2.23553
2.68328
0.789732
2.58047
0.822547
0.159121
0.569176
1.07447
0.593767
2.55491
0.806984
0.836388
2.62603
0.669838
0.175052
0.519306
1.05459
2.54185
0.795131
2.41475
1.18143
0.162312
2.12564
1.32215
0.438513
2.71044
2.12901
0.390396
1.82308
2.27206
1.41012
0.833717
2.69234
2.23239
1.7884
0.113975
0.815952
0.348105
1.37033
2.05621
0.819322
0.0701366
1.23645
0.824767
0.555242
0.519248
2.47978
0.611333
2.56048
0.544836
0.595076
0.893343
1.0473
1.08314
0.671602
0.675723
2.78316
0.914812
1.03393
1.29373
2.51795
1.24662
0.35805
0.769845
0.758837
2.37623
2.0596
1.17475
0.544874
0.380303
0.202608
1.67634
2.54967
0.373613
0.118193
0.677508
1.32183
0.0512991
0.156993
0.447658
0.147841
0.0983034
0.741521
1.44622
1.13904
2.2864
1.68751
2.40615
2.59268
1.1473
1.87678
0.833021
2.23915
1.01452
0.717514
0.890142
2.52759
1.47427
0.763919
0.985457
1.80231
2.60034
0.513907
0.260163
2.79257
2.13499
0.45583
2.23508
0.941211
0.348803
0.628215
2.56603
-0.243515
1.86028
2.10957
0.777857
0.386161
2.2771
1.7578
0.408656
0.817317
1.49759
1.90427
2.54647
2.33205
1.23482
0.710007
0.379408
1.14913
1.76316
1.64447
0.292476
2.57477
2.66945
1.08702
0.526527
1.84854
2.50863
2.74222
2.75237
0.915053
0.685773
1.90361
0.0592965
0.44003
0.690183
-0.225485
0.50508
2.4559
1.34498
1.58143
0.811632
2.09809
0.281852
1.92786
0.636615
1.27614
-0.269858
-0.132186
2.72801
2.2563
0.799587
2.57538
0.587755
-0.20325
1.11565
0.732346
0.592893
0.0525571
0.178182
0.521565
0.646196
1.43601
-0.157852
0.715607
0.6623
0.468383
0.603503
-0.214484
0.16082
2.62985
0.434475
0.235322
2.8879
0.533177
1.94773
0.5094
1.25528
0.768188
1.6241
1.40037
0.644201
1.30698
0.638445
1.12509
0.868097
0.450431
0.518018
1.32725
0.661616
0.377701
1.14796
0.133679
0.317879
1.13549
2.63205
1.5367
0.268871
2.58292
0.479534
2.29524
1.51192
0.403639
2.11059
1.29549
1.4307
1.70108
-0.344174
0.634231
0.703766
1.06993
0.753115
0.532633
0.53427
1.09131
0.73325
0.821384
2.78501
0.411581
1.01167
2.4987
0.998318
0.690102
0.321581
0.465401
2.70775
0.885832
-0.40805
0.73632
0.230514
0.369754
0.427963
-0.111853
2.59444
2.49224
0.537102
0.625844
0.274554
0.546852
0.888498
1.25947
0.717161
1.94415
0.52696
0.827902
1.96355
0.567929
-0.415354
0.902396
2.5984
2.31619
-0.347849
0.786556
2.6563
1.09698
0.435826
1.76169
0.105849
0.522831
0.0478324
0.819406
2.26391
0.403048
0.808864
0.891538
2.66964
1.59897
0.513045
2.58497
0.592741
2.12912
1.34587
1.37195
0.59558
2.84891
-0.16652
2.45504
0.785548
1.58173
0.597006
2.4308
2.65651
1.12641
2.50725
1.42875
0.320957
2.39542
0.55284
2.33492
2.6157
2.37557
1.14047
1.53792
0.494426
1.35525
0.521098
0.400415
0.666927
1.47582
1.39157
2.40911
1.45993
0.251932
2.02359
0.649971
2.38385
0.566506
0.402032
0.805952
0.702097
0.290499
1.26303
0.368373
0.223013
0.6745
1.77405
0.13078
2.62869
1.18955
0.0958546
1.30733
2.36785
1.04669
0.882792
0.910917
2.62791
2.60655
1.73109
0.661109
2.2786
1.37165
0.208313
1.13521
1.32224
0.605351
1.09792
0.887226
1.60783
1.35921
2.54247
1.82658
1.11246
0.3139
0.344182
0.2654
2.81149
0.934344
0.295307
0.0560482
1.58766
0.676068
1.24494
0.618809
0.939389
0.788463
0.507194
2.53356
0.942703
0.425815
2.4829
0.955909
1.25065
2.45924
1.07631
1.5579
0.423282
0.523572
2.46129
2.69312
0.203035
2.40337
2.74584
0.355046
1.1694
1.15412
0.81987
0.834272
0.795268
0.89562
0.416438
2.13916
1.40969
0.746509
0.444002
1.67642
1.95184
1.91747
0.786659
0.1911
1.24881
2.63203
1.02917
0.596179
1.07353
0.97354
1.16862
0.518323
0.987644
0.583251
2.63505
0.684829
0.169358
2.65679
2.47902
0.162058
1.54255
0.720151
1.00254
0.959436
2.21316
1.28857
-0.379117
0.67197
0.758823
0.480401
0.430734
1.94013
0.839257
1.89989
0.076519
0.842159
0.529835
0.423822
0.393492
2.76018
0.898103
0.469569
0.650354
0.674487
0.703475
2.68751
0.451383
0.734427
1.55634
2.088
0.519177
1.36734
1.2334
0.707988
0.235456
0.82879
0.489119
2.51923
1.08676
1.09872
0.358293
0.961162
2.68478
0.613074
1.58617
0.668223
0.73593
2.59653
0.605525
2.66544
0.217564
0.398243
0.594168
0.549504
0.467569
0.0843701
1.74872
1.61675
2.72311
1.19667
1.09679
1.59756
0.266745
2.64118
0.0700232
0.7002
0.542778
2.65139
2.61275
1.57833
2.41251
1.71402
0.848223
0.799388
0.399244
1.14755
0.850949
0.194476
0.790821
0.467365
1.25229
0.38167
2.52773
0.584463
0.584643
1.17752
0.184974
2.52427
2.68655
2.58194
2.04442
0.78782
0.207431
0.44315
0.372353
0.753074
0.410382
2.8729
0.157901
1.07496
1.00496
0.564221
2.42518
0.538623
0.69096
0.686298
2.8099
0.550467
1.00901
0.593803
1.17215
0.0978827
1.81905
0.851205
1.30435
0.700268
2.60633
1.6393
0.879997
0.409196
3.04565
2.53258
0.815229
0.743423
0.276771
0.104914
0.700605
1.74869
0.0517966
1.56411
0.127224
1.59826
2.64083
-0.410335
2.71925
0.284564
1.77305
1.04777
1.01248
0.488656
0.79037
2.48652
0.697447
2.67559
1.52292
1.68467
0.75233
1.67203
0.494828
0.853925
2.87326
0.954499
0.802618
0.985813
2.28777
0.728468
1.13044
2.38453
0.653926
1.01078
0.694748
0.293775
0.582726
0.466332
0.492088
1.13643
0.582519
0.376801
2.68045
0.182477
0.730956
0.800845
0.152122
1.07348
0.467801
1.1443
2.8909
0.728827
1.50392
0.132586
0.479882
2.53318
0.370025
0.774737
2.56155
0.441635
1.39189
2.74254
0.470997
0.593102
0.172271
0.644712
0.16866
1.53943
2.6412
2.74284
0.208018
1.18777
2.3913
0.479606
1.16478
0.75148
0.690501
1.10439
2.36086
1.29818
0.0740236
1.88709
0.768501
1.14547
0.776225
0.78262
1.78581
2.47292
0.370091
1.31987
2.701
2.43671
0.152777
0.578996
1.47401
0.157946
1.15415
2.48694
0.734543
2.60402
0.786061
0.525968
2.67339
0.157758
0.393106
2.64655
0.859244
1.11563
1.24862
2.66525
0.634903
2.68106
0.250317
2.59727
1.01343
0.337284
1.27679
1.35391
2.01237
2.72349
1.09486
0.843511
2.63246
0.703718
0.480184
0.84728
2.60381
2.72334
0.132593
1.31883
1.75869
1.75355
1.12889
1.63531
0.0675849
1.42168
1.05742
0.749989
1.06643
0.347543
0.333107
0.434933
0.213166
0.949507
0.561588
0.495407
2.46999
2.80784
0.710097
1.71734
0.593847
0.317456
0.594187
0.400184
1.22147
0.864683
2.51294
2.56258
0.776605
1.946
0.98675
0.58344
1.07904
0.146886
0.48116
2.44622
1.90969
2.37082
1.76037
1.12813
0.824385
1.41297
0.13035
0.538011
0.224679
0.471204
0.100618
0.121555
0.492542
0.378882
1.39515
0.101184
2.19377
0.695014
2.14501
0.514224
0.336402
0.507335
1.04291
0.494115
0.626892
2.92316
2.90997
0.469355
2.02364
0.601825
1.53613
0.443229
2.4677
1.1685
0.497315
1.12291
0.513983
0.439846
1.77806
0.788805
2.30381
2.65383
0.426727
0.728577
2.70083
1.3762
0.181921
0.378599
1.24721
0.769135
1.98123
0.466319
2.48589
0.434654
0.1846
2.56702
0.872764
0.629114
2.67166
1.11874
0.777178
2.36096
1.08077
1.10714
2.7371
0.428
2.47454
2.67519
0.406447
1.47109
0.608936
2.62896
1.27112
1.24395
1.04437
1.1338
1.13841
1.16326
1.9262
1.2489
0.149425
1.14269
0.781056
-0.409065
0.764836
0.721021
1.31039
1.01338
2.38553
1.17492
0.167688
0.82512
2.39691
0.757901
1.30322
1.24168
0.766423
0.683459
0.231131
1.2323
1.26063
0.466192
0.474218
0.366827
0.0851532
-0.24823
1.28204
0.588685
0.566265
0.524892
0.677818
1.73891
0.306022
1.00806
0.930228
1.06749
1.30994
1.24192
0.613995
0.469426
0.483356
0.75931
0.0711344
2.68406
0.86769
0.148538
0.121103
0.894904
1.33443
2.16847
0.865091
1.40272
0.0912425
0.791614
2.57763
0.783873
0.375294
2.64067
2.38954
0.458071
2.71418
0.127097
2.48903
1.75191
2.86587
1.64817
0.698899
0.821113
0.128051
1.55966
2.41062
2.14568
-0.375563
2.61765
1.30489
0.72895
2.53855
1.51418
0.707391
0.476561
2.70811
2.70485
2.69277
0.456418
0.0646965
0.86404
1.3411
1.8726
0.394942
2.62965
0.179978
0.695554
0.599917
1.35075
1.11918
0.558081
2.46143
1.64983
0.59515
1.79274
2.69695
0.169274
0.723507
2.34982
0.538843
0.552802
0.707885
2.50179
0.739839
0.552917
0.163167
0.323515
0.0232586
1.89176
0.661304
-0.446764
0.434446
2.69906
0.549996
1.08692
0.536166
0.902217
0.138039
0.568577
2.00597
2.35166
1.9765
2.63377
0.974112
0.501135
0.478554
0.882809
0.424825
0.592303
1.15461
0.384117
0.287275
1.00147
0.839551
0.726275
1.76263
1.00719
1.76981
0.202045
2.42252
2.41244
2.50722
1.15341
0.776665
1.16105
1.73778
0.455986
0.591319
1.07077
0.899365
2.70436
1.67198
2.02451
2.20288
0.3607
0.199366
1.48268
0.858773
1.14235
2.90937
0.830352
0.197775
1.28442
0.430906
2.54619
0.296354
2.09188
2.56854
-0.481742
0.581331
0.596627
1.72943
0.778053
0.650283
0.534512
0.816774
2.19142
2.33004
1.50134
2.48664
2.2824
1.05582
0.0936227
0.967481
0.0490508
1.4362
1.39412
0.815769
1.05722
0.434623
1.34401
1.19009
2.69462
1.98127
0.742155
0.873139
2.38668
0.837269
2.4018
2.64059
1.70776
0.545615
0.920732
0.363521
0.126602
1.1195
0.669035
1.46053
0.599741
2.64462
0.525921
1.88307
1.43097
2.54764
0.527335
1.4771
1.33606
0.489947
2.18469
0.112348
2.25232
0.982193
0.667846
1.57846
2.66576
1.15539
0.985915
0.684319
0.884091
1.71459
1.91082
2.54198
0.740411
2.56088
0.426754
2.22377
1.73416
0.657078
0.0416142
1.58861
0.498641
1.34576
0.657619
0.769582
0.447365
1.22878
0.47368
0.345585
0.787489
0.281352
2.11418
2.09146
1.35604
1.31519
-0.335289
2.72073
1.82045
1.97431
1.88334
0.523905
0.449585
1.72057
2.46548
2.62081
0.692782
1.51597
0.565301
2.69529
1.31778
0.386435
0.578034
1.62707
0.418502
2.56007
1.76878
1.76504
2.5522
0.781902
0.501432
0.739807
0.827179
0.376124
0.918501
2.56477
2.55675
0.927036
2.50732
0.171825
0.178571
0.894369
2.71254
1.86877
0.733523
2.51338
1.21053
0.281157
1.1151
1.0842
1.33119
0.543481
0.674433
2.61424
0.514726
0.911439
1.10326
0.804932
1.74055
0.392188
0.16414
1.12957
1.48719
0.706838
0.843493
2.65162
2.62618
1.96075
2.68528
0.129147
1.15041
1.95519
0.236057
0.433035
0.0656819
0.557323
0.632908
2.37674
0.798107
2.23117
0.258413
2.48221
2.09382
1.43653
0.410929
1.75491
1.11936
1.34324
0.479788
2.38719
0.406865
0.523835
1.4051
2.41124
0.848011
1.41982
0.812304
0.28923
0.859889
0.896634
0.672606
1.70219
0.837101
1.65381
0.667414
0.668319
0.607112
1.30505
0.346407
1.24581
0.356375
0.738038
0.242607
0.513664
2.65939
0.444651
0.520376
2.21647
2.23919
0.50503
0.819297
0.586116
0.0608828
2.29525
1.15804
0.567498
0.866544
2.50326
2.53379
1.15385
0.496686
0.852109
2.70808
1.16634
2.64934
1.24436
0.399935
0.706271
1.02603
1.75833
0.156656
0.429486
0.721204
0.850877
0.348236
0.148442
0.797108
0.800225
2.08835
0.59313
0.197142
0.101165
1.05077
2.27277
0.845426
0.730029
2.35928
0.704574
0.729403
0.326348
0.449144
1.34089
0.596865
0.820014
2.56518
0.508824
1.04282
2.70424
1.19103
2.39073
1.05867
0.95641
0.83871
0.629045
0.608562
1.14861
0.104123
2.07341
1.15294
0.861556
2.95098
1.15095
0.890527
2.614
2.30228
1.75065
1.29973
1.31422
2.31798
0.697738
0.115527
0.3741
0.162072
1.05678
0.837308
0.588009
2.01427
0.504355
1.83402
2.74287
1.62366
2.69691
2.62123
1.02538
1.24446
0.457054
1.23552
0.444179
1.2231
1.50915
0.685274
1.11958
2.49459
0.38669
0.201263
1.14
0.895894
0.493269
1.13462
0.0997583
0.140614
1.14232
2.65321
0.707183
2.42891
0.691101
0.395812
0.684316
1.32348
1.98685
0.184974
1.15447
2.53871
0.779076
-0.476085
1.1764
0.621163
1.86584
1.00175
2.62642
0.20353
2.22153
2.66419
0.46097
2.59353
0.448637
0.124139
0.186485
2.46027
0.538604
2.44539
0.101444
0.889554
0.86532
2.59709
2.52568
0.607122
0.658335
2.77043
1.01247
2.57324
1.63958
2.6473
2.47666
2.53029
1.15193
1.19307
2.54777
1.32584
0.717698
2.67517
1.83247
2.34854
0.733492
1.75949
1.21812
1.18275
0.8548
2.60213
2.66403
0.808011
1.10806
2.4239
1.28325
2.73906
0.565279
0.905088
2.57776
0.289084
0.540447
0.844746
2.15419
0.227626
0.741133
2.72121
1.11282
0.79822
1.05714
0.436865
1.00405
2.29498
2.86421
1.22541
1.09875
2.81358
0.702969
1.19627
2.70177
0.790015
2.76833
2.65287
1.30153
0.559293
2.58709
0.401315
0.515696
1.09861
2.47268
0.145557
1.24675
0.769716
2.67064
1.14481
2.4601
2.52206
1.3185
1.11494
1.80634
0.418166
0.433012
0.974791
1.182
0.37826
1.60704
2.48072
1.27171
2.17187
1.86014
1.0972
1.01036
0.745877
0.83123
2.63258
0.689175
2.47007
0.548163
1.17318
2.23903
1.40886
1.24258
1.73715
0.900662
1.86121
0.950917
0.524628
2.57567
1.40661
0.840436
0.0476566
2.61171
1.1021
0.0441639
2.64466
0.182006
0.548487
0.74376
0.401508
1.28643
0.992648
0.738246
1.36683
0.951203
2.67046
2.55595
1.78955
0.841024
0.89351
2.54179
0.73302
0.142291
1.61615
0.243302
1.08722
0.653654
0.625812
2.66695
0.43081
0.439058
0.896897
2.47009
1.16896
1.74152
1.25933
1.60452
1.11562
2.58385
1.77117
2.45424
2.36324
2.80766
0.831665
1.16824
0.796051
0.535398
2.71353
0.559498
0.710301
0.780276
2.53724
1.45041
0.716088
0.805304
1.79637
0.599926
0.598795
0.196774
0.350601
2.32033
2.31384
0.158904
0.150791
2.11581
0.19079
0.428942
1.90814
2.02058
1.76905
1.77749
0.667255
0.56506
1.23342
2.41398
1.43828
0.70337
2.00363
1.81541
0.612871
0.441611
0.132292
0.527882
0.654034
1.84346
0.683901
2.66204
1.123
0.268717
0.305024
-0.422
0.560805
2.22373
0.83515
2.89508
0.897513
0.91902
0.9245
0.488197
0.436597
1.76217
0.238588
1.64774
1.34492
1.36674
1.15463
2.02188
2.52031
-0.48055
0.749802
0.957045
1.15453
1.21443
1.15303
0.40625
1.41773
1.69176
1.38999
2.50381
0.841395
1.67674
0.524594
0.198401
0.57037
0.725068
0.504716
1.16128
0.684392
1.09423
0.0250921
2.67523
1.71577
0.655169
2.52871
0.846209
1.83791
0.538038
2.01977
1.76519
0.588788
1.53807
1.38617
1.67486
1.36064
2.5919
0.194719
0.634992
0.441494
1.0637
-0.341294
1.62006
0.0609092
2.41082
0.0810739
1.00453
0.483188
1.00886
2.74902
2.74352
0.832713
2.84666
0.743703
2.01986
0.315409
2.58978
0.465288
0.307441
2.6742
1.69313
0.627473
1.69773
1.38708
0.485101
1.16541
0.188601
0.44079
0.828777
0.287453
0.764064
0.183781
0.181197
2.69599
0.8342
1.22581
0.956332
1.11397
2.64399
0.851463
0.685144
0.695898
2.42358
1.39128
2.63146
1.73938
1.78204
2.63299
1.32235
0.762807
2.15576
2.33197
0.894146
0.591323
0.504091
2.59803
1.42584
1.82905
2.60511
0.8385
1.27016
0.496874
1.01813
1.3883
1.17713
0.424413
2.66975
1.26215
0.59239
0.518981
2.42459
1.45466
2.60188
2.46723
1.16593
0.44276
1.3227
0.676199
0.910261
0.999676
2.55101
2.14386
1.76585
0.397718
2.44691
2.235
0.900485
2.69518
2.07775
0.664523
0.976487
1.70494
1.15578
0.737135
2.12667
0.80196
2.37074
2.30029
0.590957
1.15906
0.786104
1.96569
0.409427
1.17426
1.74547
1.24722
2.55962
2.58268
0.589809
0.570741
0.597797
2.49394
0.634812
0.546252
1.20367
1.12267
1.07366
0.587517
0.62606
0.677136
0.166577
-0.153917
1.59957
0.429906
1.81842
1.05653
0.558081
1.78968
1.89112
0.496595
0.93297
2.68995
0.812876
2.13024
0.108123
0.592983
0.12157
1.1379
2.7053
0.837995
0.376651
2.34391
2.69515
0.0935436
0.418562
0.812485
-0.368936
1.9396
0.821351
0.811596
2.55765
1.69008
1.77804
1.3759
0.395628
1.36215
2.70102
0.409229
2.44963
0.464447
0.836754
1.12371
0.806495
2.6977
1.1545
0.83579
2.25056
2.62311
2.41597
0.42139
0.972302
1.71756
1.2751
0.7989
0.0572622
1.77013
1.08104
2.64202
0.662624
0.889638
1.14862
1.98127
1.93058
0.571382
0.866754
1.87846
2.66874
0.067353
0.140744
1.14141
1.05709
0.742081
1.07617
0.215989
1.84727
2.67873
0.103144
1.06894
1.2579
0.0226952
1.20115
0.845143
1.18186
2.09296
0.636539
2.61598
0.379784
-0.197826
0.704916
0.530096
0.893426
2.34882
0.382389
1.6409
0.380083
0.325035
1.74748
1.4677
1.19966
2.56606
0.942766
2.59078
2.47835
0.834742
0.566279
1.27907
0.588931
0.609064
2.68076
2.68628
0.292246
1.08282
0.365387
1.18109
0.892298
0.855676
0.290511
0.792041
0.851115
1.12228
2.6785
2.26168
1.09098
0.295512
0.396036
2.40766
2.70332
1.49723
0.695517
0.161442
0.674732
2.66281
2.3473
1.15806
0.70697
1.06035
2.24871
2.23267
0.617125
0.724811
2.3485
0.534939
2.70725
0.665707
0.730362
2.3504
1.84408
2.08229
1.10751
0.147402
0.727708
2.56174
1.15488
0.898837
1.40707
0.188549
0.853966
2.12332
0.86928
0.467463
0.738028
0.80738
2.59674
2.55665
2.08928
0.689711
1.39389
0.160461
1.59206
2.68844
2.22381
0.441727
2.64192
1.17798
0.836907
2.6523
2.27232
1.47566
0.309341
1.41956
2.52153
1.35867
0.58521
0.755277
0.539919
1.87122
0.731329
0.512359
1.10674
1.41295
0.745771
0.0654015
2.55735
1.00688
2.60162
0.489358
0.587338
2.64326
0.735127
0.750432
1.14379
0.38243
0.674991
0.461422
0.877053
0.771703
0.455604
1.19393
3.00077
2.71135
0.707029
2.67157
2.40867
0.660094
0.622235
-0.486505
0.221256
1.69769
0.774781
0.875943
0.895211
2.26644
2.79436
2.55426
2.94052
1.40448
0.33982
-0.4116
1.22052
0.733608
0.179171
0.204559
2.69559
0.722647
1.45987
0.278722
0.966732
0.656726
1.16771
0.771471
0.074697
0.730636
1.65411
0.648761
0.990286
0.627842
0.630614
0.475973
0.817171
0.818786
0.337684
0.627092
2.53081
0.949295
2.50585
0.700868
0.792474
0.35932
1.15162
2.28856
0.190702
1.08938
0.367777
0.135283
0.436896
0.440185
2.52514
0.572617
2.6944
0.199
1.53008
1.61671
2.66599
2.55642
1.79578
2.33242
2.65984
2.194
0.40081
0.592258
0.152586
1.17723
0.72041
1.363
0.394792
0.335503
0.458191
0.530229
2.72594
0.474387
0.859284
2.58102
2.64962
1.08896
1.0926
0.440216
1.76954
1.17369
-0.229033
0.402521
1.09296
0.774099
0.423116
0.446341
0.492256
0.341279
1.08523
0.477004
2.70483
0.99181
2.053
2.04492
2.85924
0.7494
1.10334
1.83463
0.730868
0.410935
2.73422
2.6133
0.576209
0.563077
2.41285
1.43103
0.50854
0.598221
2.66587
0.841992
0.623732
0.497592
0.504551
0.669057
0.740319
2.6439
0.744724
0.51173
0.957033
0.748694
1.23117
0.449367
1.17519
1.61036
1.29105
2.24279
0.0735449
0.974809
0.699486
0.378449
2.24307
2.41683
1.00779
0.547482
2.2958
2.69032
2.57339
2.56894
1.59934
2.65546
0.788536
0.25311
2.64908
0.462536
0.704149
2.07689
2.47122
1.0899
0.545381
2.43893
1.75351
1.75896
2.93544
0.585084
0.485166
2.54627
2.57526
0.833886
0.997619
0.699821
2.72802
0.102186
0.357349
2.7077
0.431678
1.53729
2.18164
2.64835
2.65441
0.83982
0.328149
2.63079
0.203233
0.510576
0.201393
0.521542
1.46832
1.75866
0.835269
0.0480822
1.98256
0.54382
1.46685
0.499739
0.578845
2.58956
2.75099
0.37197
2.60657
2.55504
0.0669958
0.554241
0.649531
2.87425
0.572379
2.74322
0.274329
0.585043
1.007
0.572825
0.714799
0.521116
2.57723
1.6937
0.498528
0.789555
0.470051
2.9145
0.477682
2.71058
0.592663
0.427241
0.0997186
1.85234
1.98948
1.20906
0.442194
1.10975
0.172983
2.05887
0.500943
1.17387
2.65451
0.488417
0.876649
0.821289
0.592153
1.73437
2.71639
2.06658
0.572413
1.58203
2.72275
0.604985
0.0610915
1.18255
0.203452
0.483355
1.44264
0.552195
0.997872
1.21565
0.70664
0.49152
0.635103
0.587781
1.10993
0.340339
0.460246
1.41868
1.22378
2.12227
0.787798
1.00112
0.95344
0.124024
-0.466932
0.511817
1.68543
0.562701
2.49253
1.2665
0.491677
1.18113
0.786577
2.00239
2.68786
0.47343
1.72772
2.1451
0.437932
1.04048
1.47518
2.54499
0.791908
0.0772955
2.38514
0.802151
2.4695
0.818991
0.539686
0.947276
2.7914
2.69481
1.45076
0.868428
0.600903
0.513413
0.17238
1.17609
2.89516
0.461282
2.64296
1.89224
0.549509
0.0581309
0.830883
1.77826
0.797848
1.44235
1.1852
0.907774
0.953588
1.93804
0.836645
0.996099
0.513425
0.710944
2.2884
0.659863
0.0764036
2.70111
0.656243
0.640003
2.00332
2.65739
0.552922
1.74136
0.426191
0.574201
0.632961
1.32743
0.69074
2.65725
0.405917
2.6531
0.862533
1.06745
2.64907
0.489069
2.24541
1.00352
1.5799
2.69146
0.783869
0.610854
2.57448
0.0937102
0.790446
1.52795
2.39791
1.33457
0.119267
0.461815
1.41148
0.593214
-0.245821
0.570171
0.0764463
2.77688
2.48533
0.208529
1.21939
1.71095
1.30548
0.659044
0.772688
1.67893
-0.254552
2.5577
0.391747
0.554168
2.72576
2.04965
2.73095
2.68895
2.68263
0.417568
2.54426
0.144547
0.26731
0.828909
0.418032
1.91029
2.44698
2.69431
0.76295
0.0990797
2.39609
0.981211
-0.0467709
2.13952
0.501357
1.1374
2.70358
2.09994
0.128847
0.490399
2.73713
0.143385
1.17511
1.60502
0.781175
-0.464608
0.56959
0.585447
2.6993
2.70093
0.594333
0.343442
0.681817
1.18732
2.25943
0.771258
1.11592
0.31554
0.910942
1.18776
0.827792
1.15607
1.50282
2.20901
0.831687
0.562577
0.379523
0.585836
0.130965
2.06913
2.70768
0.486567
0.898673
0.11146
2.72705
1.71325
0.845918
0.461756
2.596
0.764932
0.415427
1.34334
0.106793
2.67174
0.466256
1.3072
0.678251
0.560755
2.62646
0.572022
1.2746
0.935607
0.114752
0.479087
1.02687
2.66002
1.2212
2.48512
0.430824
2.63364
2.50121
0.143928
2.32125
0.82007
0.467297
0.50443
1.74214
1.13615
1.22386
1.33401
0.318193
0.664323
0.218838
0.521973
0.656534
0.756721
0.544127
0.577561
2.38244
2.6407
0.843846
1.5088
1.65725
0.42597
2.65415
0.51455
1.38296
0.90855
-0.3458
1.1569
2.55982
1.83462
0.508183
0.483325
2.68565
0.214962
0.169404
1.40349
0.514932
2.6893
1.58171
2.8262
2.35367
0.901181
1.10771
0.17674
2.66139
0.562784
2.60019
0.684542
0.958492
0.748863
0.827554
2.7131
0.622098
0.49544
0.765449
1.69195
2.97514
1.30252
0.762633
2.67691
1.18435
2.85663
2.08891
1.17368
1.78491
2.20894
2.66448
2.32147
0.0718079
1.77133
0.833844
2.70607
0.30529
1.81779
2.49923
0.881017
0.850417
1.13136
0.757286
1.07417
1.75003
2.70887
0.895931
0.592802
0.446393
1.18269
0.399865
0.798742
-0.253498
0.959778
2.27386
0.534354
2.71261
0.833428
2.64782
0.152702
0.143784
0.37043
0.788594
0.672905
0.825744
0.464831
0.475001
2.34275
0.177847
0.443809
0.241457
2.22219
-0.486347
0.266103
1.15045
2.5554
2.48605
2.27607
0.985781
1.51357
0.594077
2.68739
0.317083
0.598481
0.669456
1.45167
0.511317
1.30091
0.781164
2.44792
1.31811
0.973382
0.182257
0.973196
0.595841
2.63973
0.259615
1.85807
2.64547
0.543846
1.78047
2.48966
0.0693125
1.90959
0.61969
1.78812
1.00246
0.35975
1.23781
2.4806
1.37199
0.602477
0.207451
0.234732
2.3239
0.11006
0.477912
0.830246
2.73749
1.73899
-0.0446989
0.840791
2.02226
0.670546
1.18199
0.0591038
1.95765
1.11319
0.728974
2.62582
1.7785
2.87244
2.60901
2.61586
0.156846
0.22727
1.9071
0.705919
2.45324
1.31734
0.127764
1.84088
0.75285
1.106
0.40092
0.830906
2.01515
0.406389
0.680375
0.628677
0.532023
0.663569
0.767673
0.211847
2.66913
1.11482
1.17836
0.751913
0.582369
0.590413
0.784375
0.59296
1.71079
2.40539
0.741122
0.146851
0.811561
1.75867
-0.0952394
1.85776
0.226303
1.39913
0.0578897
2.67981
0.504567
1.96146
0.0732347
0.802034
1.08278
0.808253
0.712039
0.840998
2.58733
1.46107
0.835921
0.714408
2.73062
0.549601
0.070781
2.72676
0.793458
0.732952
2.68649
2.03551
0.305528
1.24031
0.998829
2.59456
0.830237
1.3139
2.56099
0.693419
0.783829
0.237059
0.709959
0.667896
0.881553
0.594335
0.887905
0.461519
2.11783
0.285465
2.5986
0.411581
0.504851
0.421918
2.70289
2.59682
1.18217
0.169201
1.76975
1.99522
1.76621
1.53672
0.732888
2.15282
1.18894
0.314398
1.11029
2.41059
0.330558
2.65943
2.75539
0.986992
0.651846
2.73383
0.0590333
0.508491
1.09098
2.31568
0.461136
1.77872
0.312657
2.34155
0.825232
1.25374
0.629082
0.143197
2.59341
2.59253
0.814143
0.937363
1.69526
0.891995
0.496965
0.784821
0.682493
0.548417
0.715631
1.89347
1.9975
0.119406
1.23393
2.48366
1.23722
2.74009
0.941619
0.604956
0.715208
2.48026
1.0955
0.636485
0.851698
0.893366
0.167286
2.35023
2.5697
1.31702
0.0789594
0.703916
0.780571
0.401677
2.63159
0.918957
0.826528
2.60936
1.7593
0.582024
2.57785
0.473813
2.11771
0.784072
0.788374
1.14115
1.27728
2.82511
1.10681
1.11695
0.455658
2.48753
0.422061
0.709999
1.12713
0.454392
2.35028
0.666317
1.46222
0.750571
0.734897
2.14763
0.683409
0.601571
1.10894
0.831755
1.37226
0.591089
0.328252
0.443777
0.21587
2.84516
2.86709
0.501244
0.779689
-0.00957701
1.10172
0.668537
1.70563
1.18299
2.27566
0.377957
1.29173
1.1864
2.47158
2.49125
0.956052
2.57603
2.42776
0.152639
0.776058
2.16267
2.18741
1.73531
0.627258
0.883009
1.79732
1.00163
0.413697
0.836018
2.40224
-0.0747969
-0.379423
0.204943
0.288052
2.61353
0.0785547
2.57416
2.68466
0.55531
1.76773
1.93282
2.73098
2.07682
0.377106
1.16675
0.491272
2.49578
0.730545
2.60125
0.75315
0.526002
0.137528
0.792581
0.10565
0.259631
1.01402
0.719872
0.872561
2.52218
1.29856
0.792301
0.764019
2.4431
0.135203
1.76504
0.864085
1.24119
0.607072
0.702457
0.563344
0.216366
1.52786
0.78664
2.21463
1.07463
2.76676
2.29833
1.09136
0.733567
0.923325
2.67134
1.24265
2.66338
2.60667
2.5913
1.84435
2.20615
0.835609
1.35132
0.510912
0.441119
0.971973
1.10891
0.511686
1.54806
0.518387
0.0635923
0.19409
1.41692
0.815705
2.66393
1.80591
0.47962
1.28914
0.587685
2.5043
0.82907
0.704771
0.560801
0.596476
1.17388
0.392728
1.33463
0.68041
0.188361
2.55387
2.73168
1.11766
1.07073
0.820074
1.08483
0.826141
0.155646
0.647609
0.620755
0.639892
2.73896
2.37681
2.44762
2.24342
1.40949
1.70418
1.34575
-0.359097
0.633409
0.415698
1.33827
-0.430734
1.21861
2.57777
1.34117
0.525136
0.565036
0.394523
2.32121
0.740438
0.407715
1.14757
2.51267
2.48923
1.1674
1.00622
0.862466
0.803037
2.32685
1.36134
2.66139
0.367637
0.526248
1.10204
0.970003
2.42039
1.23829
0.370041
1.90473
0.588106
2.55408
0.824629
0.874743
0.606418
1.11453
0.355088
2.10846
0.971465
1.96616
0.993069
0.411496
0.59477
1.44615
1.16817
0.435025
-0.438603
1.2885
0.857033
1.22714
-0.426397
0.253475
0.832791
0.763052
0.434717
0.799798
2.72989
1.87967
0.737307
2.46536
1.19316
2.3833
0.367975
0.832652
0.833214
0.521612
0.663642
2.701
2.73158
0.828989
1.0013
0.782972
0.746539
1.92332
1.16181
0.190151
0.752429
1.12034
1.08914
0.768838
1.27968
0.932625
0.607761
2.69242
2.70679
0.431659
0.606572
2.41232
0.587692
0.503907
1.054
0.821115
0.437875
0.705238
0.681759
0.229248
1.42333
1.20828
2.19358
0.193626
0.966422
0.762951
0.47759
0.622157
0.070941
0.948873
2.70729
2.65071
2.81905
0.41216
0.537906
1.76595
0.926245
2.39043
0.595684
0.317165
2.66689
1.25555
0.090652
0.481148
1.22319
0.60125
0.836819
0.514507
0.397654
2.39146
1.32239
0.569873
0.451401
1.34398
1.74233
0.28453
1.00465
0.126289
0.228172
0.768248
1.19052
1.17851
1.15855
2.49706
0.782233
1.27765
0.924428
0.388227
0.791378
0.190502
1.862
2.31114
0.467126
0.749311
0.8674
0.599783
0.857603
0.893825
0.645524
0.727464
1.7037
1.84775
2.73888
1.33564
1.26903
3.06829
2.62123
1.84217
2.69262
0.744844
0.518447
1.42503
1.23363
0.737441
2.7112
0.56269
0.763467
1.81698
0.413837
1.47817
1.74247
0.0756792
0.738539
0.809473
1.61151
1.7433
2.6881
0.897929
1.32765
2.00407
0.658475
2.01594
0.524968
0.608517
1.24224
2.6427
0.0898488
2.08318
0.767121
0.3248
0.576899
0.717828
0.683772
0.400086
0.706059
0.445507
0.292726
2.68443
0.417012
0.508499
0.544692
2.74493
0.85743
0.110272
0.804301
1.08782
0.0716961
0.995951
1.99738
2.49794
1.10288
0.819101
0.201113
0.348305
2.44076
1.0028
0.890362
0.825484
1.41059
2.51424
0.272818
0.48129
1.97205
0.615655
2.03597
1.17767
2.21759
2.10387
0.562578
0.399045
1.10015
0.465251
1.75015
1.02613
2.70411
2.58788
2.22286
0.595449
1.14353
2.58711
0.817563
0.445773
2.34313
2.16236
0.380914
0.134195
2.26403
0.24626
0.835552
2.09706
0.0898489
2.75016
1.2816
0.461286
0.597275
1.27543
0.827534
0.681703
0.843625
1.99319
2.65621
0.830743
2.60141
2.08426
2.32704
0.72081
0.193741
0.596168
0.801923
1.80391
0.190105
0.706696
0.555358
0.314451
1.51827
0.810958
-0.0211586
0.33681
0.526838
0.822785
2.56917
0.523702
0.538903
0.686082
2.47338
2.70261
0.764771
2.57336
0.185411
0.653079
1.77183
0.823348
0.109068
1.10777
2.59188
2.22798
0.780039
0.711672
1.19792
1.64667
0.364539
0.650305
2.5351
0.0855863
0.0761715
0.813617
0.525392
1.48971
0.733391
2.65023
0.206527
0.161173
0.628451
0.582806
1.24904
2.43129
1.73552
0.388472
0.477897
0.148131
0.86632
0.434448
1.79177
2.72955
1.14798
0.718627
0.900046
0.611002
2.61734
2.35725
0.373353
1.20645
2.76993
2.48563
2.45433
2.86195
0.00579891
2.14586
2.43053
1.05728
0.864808
0.315084
1.22027
1.73626
1.67997
-0.351847
0.591714
0.39817
1.55657
2.70525
0.127632
1.17521
1.17754
0.124652
0.121638
0.704427
0.329495
2.64202
0.875933
1.79915
0.365679
0.693878
1.20486
2.75786
2.19689
0.0742553
0.609226
1.80362
2.73762
0.740229
0.608158
1.079
2.48552
1.19748
2.62086
0.933234
0.612618
0.52492
0.14208
0.289206
1.40222
0.778278
2.73023
1.57363
0.372807
1.08892
0.154389
1.76068
2.21538
0.903368
0.77199
0.217619
1.1506
0.392327
0.877946
2.31442
2.6744
2.20901
1.17318
0.585828
0.690069
0.702868
0.80118
0.628332
0.583319
2.70326
2.39599
1.78053
0.622254
0.776786
1.15782
0.826732
2.60271
-0.473797
0.495728
1.72462
2.4239
1.39813
0.596199
2.05463
0.842176
1.03935
1.53861
0.537774
0.572353
2.61779
1.1875
0.746706
1.55663
0.210476
1.24045
1.13427
0.680898
0.732333
0.149772
0.494416
0.558243
0.852287
1.91766
2.6717
0.457461
0.0645117
1.10032
0.454697
0.478798
0.375142
0.150237
0.351554
1.70916
0.594747
2.75737
1.24757
0.188364
2.60184
2.69801
0.448417
2.53577
0.664465
0.445291
1.96292
0.419182
0.859488
2.70715
0.521651
0.778924
1.22374
-0.430419
0.185508
0.656049
0.244517
1.94234
1.49347
1.80156
0.0917947
0.528447
1.15331
2.61572
0.0839367
2.69862
3.13255
1.73571
1.62667
2.69071
1.19563
1.34378
0.608224
2.21805
0.854616
2.10414
0.839625
0.850246
0.441587
0.87702
2.81416
0.894532
1.96858
2.69729
2.61542
1.91819
0.150621
1.2604
0.791038
2.35814
0.993686
0.773724
0.421849
1.32447
1.70433
2.66336
1.10281
1.05436
1.18915
0.893314
0.504287
1.40457
0.987631
0.965464
0.799732
0.841154
0.77353
0.822993
1.54298
0.158806
0.620443
2.4067
0.531052
0.688873
2.38159
0.879392
2.42661
0.884286
1.11738
2.6923
0.876753
-0.0898234
1.17671
0.606285
1.06157
1.21125
1.12823
-0.403114
0.841611
2.70826
2.47893
1.56924
0.593662
2.61166
1.41899
2.16943
0.626454
0.568032
0.577177
0.109433
0.854513
0.496373
2.45034
1.76803
1.51236
0.924221
0.831815
-0.194952
1.21227
0.40991
0.770875
2.53328
2.17863
1.60853
1.31979
0.810695
0.874591
0.197131
0.59418
2.53506
1.79056
2.55737
1.22002
0.80033
0.211767
0.122529
2.58225
0.749029
1.19935
1.27313
1.4576
0.929698
0.544478
2.66613
0.523128
1.72731
0.73519
0.468824
0.0634382
2.71073
0.535622
0.49408
0.580363
0.549066
1.12021
1.45528
1.85188
1.23479
0.788043
0.976553
1.7502
1.43666
2.24829
2.58212
2.45666
0.191623
2.69563
0.455509
-0.00955643
2.71108
0.224256
2.30987
0.684596
0.233947
1.51736
2.39325
0.794679
0.574862
0.368735
0.736551
2.7122
1.05342
1.39909
1.32319
1.23288
1.76859
0.810276
2.6861
2.46518
1.69305
2.5964
2.65554
2.60372
2.68151
2.57754
0.642441
0.295179
2.69377
1.15923
0.900852
0.527953
0.594211
1.4923
0.476059
0.67938
0.735804
0.84155
0.491414
1.1224
2.43426
0.713335
2.91682
2.34965
2.58137
2.73483
0.539236
2.41164
0.123207
0.562887
1.98436
0.836111
1.28948
1.72032
0.820867
0.95937
0.780077
0.589786
1.10928
0.824846
1.21737
1.08546
0.596236
0.429429
2.04309
1.35015
0.677673
2.46441
2.0942
1.41591
1.69607
0.534113
2.40636
2.60233
1.19901
0.00865318
2.19381
1.08558
1.00961
2.67473
1.20966
0.471487
0.78964
2.45282
1.0457
-0.0985692
1.19137
0.22085
2.67554
1.20206
1.35641
1.95684
0.336172
0.611855
0.169544
0.373024
2.68872
1.09958
1.38524
0.412248
0.432613
0.812838
0.653909
1.3387
2.67756
1.82915
1.21456
2.25714
0.828571
0.797388
2.53043
0.390875
0.519831
1.38994
0.808804
0.419593
1.21821
0.787332
1.74255
0.261579
0.601265
1.18135
0.633382
0.183925
1.20911
0.467629
0.733853
1.23895
1.38574
0.8278
0.820894
0.715615
0.584102
2.68323
0.140489
2.6371
1.27942
2.69769
1.14681
2.46949
0.816509
0.820887
1.18424
0.552191
0.172484
0.553264
1.46986
0.633782
0.665278
0.482979
0.506855
0.202813
0.665015
2.53558
2.72775
0.220822
0.0975871
0.688568
-0.446087
0.590787
1.57678
0.369908
1.71768
1.26783
0.151026
0.326874
0.435703
0.285751
2.63834
0.45622
1.76556
0.520292
1.31934
0.432664
0.74818
2.40677
0.589767
0.206554
0.357897
-0.059932
2.32553
0.198412
1.19181
0.106806
1.14812
2.36811
0.137878
1.20663
0.226657
1.94805
2.57083
1.12189
1.06997
2.02849
0.236251
2.19268
2.37539
0.542346
2.69477
0.203164
2.68071
0.375781
1.43597
2.36357
1.25761
1.4226
1.08662
2.21169
2.69793
0.108516
1.61772
2.48632
0.573057
2.59949
0.695992
2.54878
0.682024
0.793468
0.831666
0.338674
1.4388
2.42714
0.761319
0.124372
0.373938
1.40523
2.69406
0.184358
0.175621
1.22366
0.620107
0.589336
2.68167
-0.410029
0.824648
1.43444
2.28378
0.343728
0.959902
0.232193
1.14747
0.331159
0.696202
0.60104
1.53674
0.683814
1.31031
0.0599563
2.6061
1.76526
0.792739
1.17246
2.73631
1.1429
0.48814
0.590737
1.28719
0.67591
0.388202
1.5542
0.400754
0.51996
2.54591
2.55528
2.56206
0.982115
1.41262
0.846013
1.39442
0.0784551
0.838819
0.414432
1.18577
0.843233
2.5943
1.01484
2.60667
2.37638
0.583726
1.07509
1.20797
1.10102
0.738418
1.22373
0.0468401
2.75202
0.243324
2.63216
2.70155
0.221694
0.834598
1.0553
0.400608
0.386078
0.883209
1.97676
1.21746
0.38073
0.486104
1.20418
1.41438
0.251438
1.2086
1.73599
2.57739
1.92068
1.19264
2.05643
0.508456
0.821777
2.44905
0.837012
0.832613
0.6086
0.793797
1.14419
0.532097
0.189628
0.699726
0.998399
2.48827
0.723274
0.819949
2.4883
2.51546
0.837838
2.51702
2.48292
0.514338
2.74516
1.10299
1.32554
0.353157
1.37628
0.207287
1.38924
0.847686
2.85289
0.477477
2.63842
0.677577
2.79844
2.46057
0.815993
-0.375161
0.779823
0.298407
2.57964
0.466201
0.440184
0.631998
0.759171
2.2548
0.55777
0.104463
-0.440711
2.66499
0.187556
0.762825
0.623965
0.201761
1.79838
0.596454
1.45549
2.03091
0.591339
0.633599
0.845091
0.906489
1.46181
0.488923
0.768164
2.67915
2.04845
0.255499
0.491627
0.465325
1.97087
0.270132
1.06315
2.55383
0.759381
0.832417
0.780803
1.24077
1.21168
1.6867
0.539273
1.42561
2.35577
2.17903
0.138195
0.128979
1.41751
1.63503
2.65811
2.5368
0.166555
0.180852
0.981942
0.388239
1.08859
1.23474
2.17481
2.45902
0.179617
1.41279
0.824213
0.56876
2.46967
2.62932
2.62938
2.72038
0.505102
0.705496
0.823489
1.08768
1.22038
1.12489
0.550994
1.12985
0.100648
0.870523
0.572026
0.188691
0.681338
1.45473
2.60626
1.56194
0.659352
0.709747
1.81829
1.24583
0.764768
2.28696
2.65584
0.454496
2.56931
0.358121
0.907301
0.787647
0.845553
0.304805
2.67194
0.533424
1.89767
0.555621
0.582983
0.499321
0.304796
0.260606
2.66249
0.850163
2.75365
2.45679
1.15696
2.33013
2.44053
0.964708
0.795307
1.72689
0.71865
0.876917
1.82795
1.13598
1.30971
3.12975
2.5897
0.340001
2.64258
0.45996
0.622522
2.08946
0.777563
2.38651
2.61339
0.780914
0.19443
2.71214
0.579104
0.814493
0.366535
0.600738
0.502273
2.83726
0.769935
0.618946
0.283993
2.83333
0.376332
2.45715
1.75891
1.12425
2.75428
0.427422
1.3426
0.750339
0.87925
2.49323
2.47787
1.16882
1.15212
1.66434
0.708745
-0.394773
0.181692
2.74427
1.08296
1.20161
0.637454
1.46509
0.135929
0.65431
1.40268
0.277866
0.53625
-0.439813
0.824528
0.215788
0.922002
0.766693
1.2191
0.381281
0.609182
0.889783
0.157486
0.967432
0.131111
1.20265
1.77839
2.2942
2.51457
2.41092
0.891421
1.18362
2.58729
0.156761
0.594089
1.70174
0.746268
0.167708
0.653269
0.172391
0.824762
1.30262
2.02493
0.462767
0.435046
2.739
0.835191
2.75397
0.231847
2.14547
0.526444
2.53567
2.26886
2.58415
0.838114
0.939587
0.0373317
0.481539
0.807931
1.44675
1.30522
1.01688
0.814403
0.879848
0.276078
0.606553
2.55262
0.747539
0.40889
0.515259
0.123897
0.555126
2.62028
2.55551
0.80038
2.53767
1.72297
2.68159
1.19183
0.728418
0.317874
2.65606
0.341954
1.17976
1.83029
0.400201
1.15002
0.990766
0.566779
2.23595
0.353165
0.795297
0.151371
1.12626
0.585219
1.00505
0.803383
0.815686
0.38271
0.850235
0.663734
2.93241
2.5769
0.594253
2.72926
1.27265
1.16735
1.52223
0.595844
0.315982
1.76742
0.393826
2.40725
0.723045
2.996
1.56743
1.17837
2.46409
2.46073
1.75612
0.69858
2.09304
1.68603
0.874728
1.66283
1.0935
1.42835
2.20806
0.864763
1.86342
1.17528
2.71987
1.24732
0.736236
1.49548
1.14331
1.85608
0.127441
0.550913
0.205666
0.447484
1.41323
1.67361
1.12475
2.21903
2.6087
0.904134
2.70208
1.47536
2.43507
0.590814
1.66012
0.864322
0.347927
0.881202
1.32742
2.51796
1.10122
0.51694
2.06899
0.468214
0.411726
0.796652
0.0851457
0.834006
2.73938
2.54649
0.803487
2.55432
1.33768
0.523779
0.834235
0.947561
1.1244
1.06552
0.483404
1.78812
0.363917
0.327689
0.799966
1.33559
1.22294
0.554341
1.68477
2.71633
0.880191
2.69131
0.190465
2.02108
1.49122
0.740199
2.69
1.81433
0.783255
0.751117
2.4905
0.77982
2.28985
2.13351
2.28561
0.852069
1.18962
1.46733
0.564989
0.803966
2.17778
1.33351
1.981
1.6401
0.642269
0.59546
1.78914
0.684233
0.138892
0.127201
0.855618
0.903719
1.15345
2.80513
2.4494
0.808385
2.57151
0.329043
1.03926
0.780551
1.28531
2.55187
1.75946
2.47203
0.784666
0.594854
0.599117
2.54935
0.536062
2.47372
0.81075
0.600805
2.72267
1.55129
0.724547
0.749898
1.8453
1.12873
1.20407
0.0886768
-0.397306
2.57795
2.0211
1.84964
0.618799
0.896895
1.9679
0.351575
0.509244
0.604779
0.176172
1.14402
2.65823
0.509702
0.864682
0.530554
0.15872
1.95074
0.502124
-0.377004
0.870076
1.33027
0.578643
2.72439
0.682871
0.239345
2.30407
1.80441
1.12839
0.852281
0.562243
1.1326
1.43117
1.21962
1.70492
1.64862
2.75596
2.75761
1.17268
2.54887
0.792127
1.63923
0.305159
1.29564
1.03303
2.29589
0.47564
2.01331
1.45842
0.181172
0.638359
0.409989
0.736666
2.61108
0.455262
2.08184
1.69364
-0.104608
1.24102
0.857387
1.32642
0.961318
0.820458
0.691195
1.09857
0.415073
1.78596
0.729796
1.68865
0.741922
1.31015
1.1981
0.942992
0.745563
0.149702
1.67559
2.05298
1.40368
2.66654
0.792374
2.18
1.70511
1.43941
-0.363853
0.500024
0.875547
1.07423
0.754497
0.1125
1.5152
0.725483
0.2269
1.84091
2.70827
0.635563
0.495647
0.999266
2.65126
0.490414
1.17469
0.685615
0.808345
1.37685
2.72922
1.80761
0.583032
0.581115
1.761
0.9866
2.75999
0.556894
2.72664
2.55819
0.835001
2.413
0.972807
0.615424
2.43348
1.10388
2.5819
1.92438
0.635375
1.21566
0.146428
2.69768
0.523457
0.700672
2.34918
0.784096
0.964544
2.64547
2.01033
0.680946
2.2378
1.80611
2.04576
1.09816
0.623331
2.53139
0.616166
2.45735
1.91478
0.798635
2.51539
2.70721
1.66181
1.61507
0.601156
0.427836
2.2985
1.65841
2.65488
0.100889
0.229996
2.78806
0.447182
0.626369
0.818142
0.575081
0.54755
0.153846
2.31
2.11066
0.730578
0.988037
1.57142
0.375243
0.730406
1.44172
0.424837
0.584159
1.60733
1.30687
0.566309
0.539757
1.1718
0.858262
0.508596
1.17993
1.39191
0.286746
0.0647552
0.808969
0.0765295
0.0874043
2.63047
1.5588
1.30684
2.76473
0.795671
0.606336
2.02088
2.52816
1.76853
2.2595
0.939517
1.207
0.169168
1.64643
1.06968
0.415041
2.56181
0.688809
0.673046
1.43913
0.689358
2.69077
2.49608
1.72169
1.51344
2.04949
0.967602
0.858347
0.824984
1.29854
1.63889
0.0609884
1.43998
0.0939259
0.663883
2.4669
1.44722
2.55667
1.95757
0.487559
1.2658
2.50284
0.156064
1.4163
1.02061
1.06183
2.29593
1.33587
1.65473
2.18949
0.414697
0.281985
0.366447
2.17345
0.13674
1.14211
0.612203
0.791781
1.69975
2.55842
1.83017
0.31719
0.606505
0.179367
0.767119
0.356335
1.63595
0.594114
0.37799
0.627897
2.40757
2.791
0.543328
0.857895
2.46651
0.540088
2.27226
0.377377
1.51292
0.63762
0.846172
0.543683
0.902062
0.808385
0.805434
0.471809
0.365425
0.326204
0.271865
0.33341
0.846617
0.754548
0.568545
0.121526
2.50726
2.22909
2.56885
1.7737
2.71995
0.691176
0.558425
-0.131626
1.30925
-0.275858
1.74362
2.68693
1.69234
1.1568
0.535399
0.0730271
1.98253
0.713349
0.863728
1.43229
0.818533
0.703851
0.163956
0.473056
2.45388
0.592572
2.2469
1.10141
1.57785
0.349406
2.75213
0.794078
1.90337
1.19778
0.153526
1.33295
0.195131
0.235123
2.55501
1.31376
2.11724
2.01571
0.539561
2.63033
2.68104
0.306758
0.413837
2.05049
0.695395
0.378691
0.798857
0.522355
0.647852
0.514857
0.76536
0.94374
0.463875
0.486743
0.881625
2.55206
-0.368045
0.129922
0.523533
0.139602
1.79991
0.594028
0.739586
0.582899
2.61589
2.47608
0.809933
0.614217
0.727773
0.591557
2.76022
1.84829
0.389175
2.69136
0.786519
0.785174
0.743563
2.51901
0.419456
2.60901
1.27751
2.48045
1.10836
0.739194
2.77361
2.66798
1.04462
0.16362
0.170383
2.53255
1.93206
0.141112
0.82843
0.240645
2.72317
0.568804
1.3592
0.387664
0.81429
0.427763
2.25039
0.309127
0.76123
0.805326
0.510417
0.234865
0.889017
0.726063
0.518004
0.609101
0.471548
1.09899
0.837341
0.195588
0.503966
0.803654
1.57838
2.98889
1.05782
1.15962
0.814425
1.14598
2.61977
1.0776
0.824807
2.33814
1.91822
0.825895
1.25431
0.867428
1.10411
0.22481
0.609465
0.798233
2.40818
0.735204
0.40686
0.40742
2.55799
1.65921
1.76692
1.3567
0.214129
0.186192
0.562375
2.28327
1.24705
1.91593
2.23278
0.906387
2.32575
0.593178
0.809295
2.76963
0.50093
2.33465
0.683142
0.589489
2.58522
2.08599
0.498177
2.1277
2.99088
1.08421
2.69588
1.17641
2.29177
2.47406
0.928267
1.08498
0.119898
1.11641
0.55368
0.665832
0.466776
2.76469
2.68804
0.666046
0.537952
2.00823
0.173723
2.11018
2.60498
1.76115
0.49183
2.56002
2.70752
1.87973
-0.48068
1.79369
2.70919
2.54085
1.99344
2.39172
2.69082
0.475309
2.49139
0.842769
1.13819
0.80085
0.836901
1.47199
0.973842
0.893364
2.66591
0.788737
1.97901
2.69763
2.55291
0.353268
0.139283
0.406081
0.748297
0.760121
-0.209728
1.92622
0.806593
0.260389
2.55494
0.1244
0.13678
0.132304
2.54267
0.962502
0.152656
0.747404
1.11998
2.14849
2.58529
0.837471
1.52199
1.27144
1.41794
1.1623
0.367006
1.63854
1.23896
1.67551
1.4359
0.3977
1.39572
2.73394
0.78548
2.01208
0.737517
1.67286
2.09934
1.68007
0.605742
0.686848
1.03566
0.707683
0.717274
0.193657
0.804663
2.34765
2.77672
-0.270357
1.16032
0.875777
2.13343
0.846129
1.26311
0.807837
0.361317
2.26888
2.55695
2.55666
1.17541
1.08846
2.26936
0.159367
2.55053
0.724059
1.13884
0.82245
1.20681
0.946353
0.826194
1.49056
0.885357
0.184209
1.32746
0.752099
0.832882
0.994824
2.31032
0.374653
0.520066
1.11117
0.353305
0.953284
0.542897
0.799526
1.12034
1.09324
0.779187
0.678757
0.903861
0.503017
0.30168
0.422074
3.05968
0.552813
0.838407
2.73958
0.920299
0.412961
0.270021
0.605665
0.230681
2.50573
0.43337
0.625766
0.572254
0.79635
1.43991
2.70563
1.2201
1.66116
1.2836
0.974146
2.56956
0.730527
2.76143
0.787636
2.13593
2.43763
0.376967
0.921741
1.20985
1.16788
0.331378
1.36408
0.236335
2.2148
1.34283
1.6342
2.74653
1.07929
2.55355
2.58688
1.02802
0.558034
2.52738
0.702477
1.42483
0.724997
1.09415
0.728603
0.57239
0.735447
2.64808
0.148845
0.213848
0.806134
1.10077
0.324961
0.582808
2.20207
2.32226
0.44609
0.654511
0.350506
0.718774
0.838539
0.790986
0.054691
2.37218
1.82535
1.8512
0.663108
0.734657
0.09349
2.45152
0.187136
1.86749
0.556251
0.842562
1.52349
0.0779973
1.34688
2.46033
0.972367
2.7455
2.60572
0.751222
0.311608
0.775452
0.628802
2.6566
1.2011
1.17468
0.560038
0.445388
1.76474
1.25413
1.96129
0.59315
0.303001
0.604934
1.3161
2.65341
1.69674
0.602677
0.354179
2.63232
2.62695
0.690981
0.522877
0.680147
0.854419
0.679242
0.78177
0.725882
2.71114
0.391857
0.689428
0.483017
0.751782
2.74645
0.374496
2.54224
2.30369
0.293325
0.843868
1.26799
2.52903
2.69988
0.130047
0.129833
2.62886
0.718126
0.464881
0.510623
1.43025
0.457711
2.10329
0.768611
2.44706
0.631772
1.12569
0.49386
2.10177
0.370238
0.545552
0.604667
0.876127
0.479214
0.699067
0.836111
0.560593
0.792867
0.718293
0.818367
0.483572
1.16962
0.343761
2.66496
0.226318
0.822874
0.868308
0.696833
0.593679
0.683174
0.40692
0.683279
1.54425
0.956161
1.43735
2.75741
0.122583
0.68963
0.803276
0.819888
0.824662
0.667109
0.57735
2.75265
0.763961
1.10146
0.348789
0.7498
1.05021
2.38045
1.67165
0.37224
2.68608
0.694976
2.67964
0.592964
0.942003
-0.411927
2.58708
0.159077
0.359986
1.7507
0.873913
0.862219
2.04969
1.46305
0.672029
2.50842
0.0974073
0.673358
1.10778
0.997104
1.10015
2.76792
1.79402
0.609915
0.5954
1.68048
0.915469
0.68318
0.720719
0.919725
0.434917
0.344787
0.506925
0.46905
2.48741
0.607395
2.59511
0.20187
1.6896
0.852129
0.825759
1.29669
0.593733
0.353969
0.793812
0.640987
0.632248
1.20584
0.234998
0.28261
0.697059
0.518776
2.55975
2.77179
0.13369
0.141068
2.38127
1.28968
0.787749
0.546089
0.408175
0.502131
-0.393171
1.95605
0.605576
0.752967
0.823972
0.734459
0.020288
0.443427
0.198627
2.69818
2.71497
0.644585
0.802493
0.848168
0.731822
1.42074
2.36556
2.80387
2.43839
0.64145
0.36324
0.703741
1.17501
1.63052
0.129513
0.598003
0.757523
0.678384
1.71516
0.838652
1.11718
0.973078
0.825361
2.32708
0.704448
2.7248
2.45053
1.09826
0.504359
0.687127
0.790815
0.829615
0.69809
-0.3974
-0.254177
2.7576
-0.485512
0.779949
2.65994
0.829634
2.48884
1.23634
0.286837
0.784869
0.975833
0.0582718
1.42193
2.70687
2.88038
0.153719
0.32928
1.53505
1.14491
-0.305366
0.417591
2.24638
0.484187
2.71346
1.75157
0.0885313
0.427712
1.04155
2.66257
0.577834
1.12456
0.232782
1.59398
2.665
0.796636
0.838531
2.24754
0.497593
0.610818
0.119494
2.79569
0.494179
1.19696
0.211643
1.17863
0.385872
1.71173
0.937
2.55515
0.350635
2.00746
0.929834
0.799629
0.559477
0.771498
0.690783
0.621188
0.177378
2.25369
0.624797
2.71978
1.10653
0.53152
0.370039
2.453
0.915958
1.37555
0.126917
0.399694
2.67976
2.69655
0.886156
1.70583
2.73221
2.2121
0.711503
0.64181
0.165121
0.298316
2.73297
1.51836
2.00701
1.10297
2.69235
1.43555
2.53254
0.389624
1.59863
0.93443
0.264204
2.50762
0.468178
2.19232
1.17141
0.678131
2.30209
0.609905
2.74556
1.21908
0.522432
2.69647
0.894634
0.574817
0.765253
0.365976
0.282334
1.72981
0.548562
0.91512
0.624046
0.367328
0.182493
0.199745
0.69054
2.08396
2.66028
1.4355
0.518911
1.10124
2.04238
0.394631
0.0960462
2.65471
0.586813
2.70224
0.606816
1.75909
0.580961
1.31568
0.511655
1.50689
0.264239
0.775057
0.671744
0.0479985
0.941563
-0.460458
0.758803
0.0671922
0.571194
0.831188
1.59117
2.46725
1.71473
0.441958
0.664323
0.141349
1.67399
2.64674
0.38248
1.81661
1.1346
0.169036
1.76429
0.378107
2.54048
0.447749
2.73841
0.129534
0.874497
0.59754
-0.272851
1.10279
1.82462
0.817138
0.746214
0.21008
0.592967
0.6729
0.456471
0.750098
0.56111
1.1165
1.13326
2.6277
1.46375
1.87415
0.504837
1.63861
0.818351
0.632626
0.829788
0.707644
1.12348
0.424291
-0.369505
2.41726
0.486677
2.71979
0.451739
0.774697
0.825924
-0.464666
1.28509
0.551093
1.19486
1.09501
0.706471
0.675671
0.845995
0.766536
0.775044
1.13029
0.24052
2.24872
2.69479
1.22256
0.84563
0.111112
2.65257
2.56386
0.629189
0.552857
0.826645
1.40923
1.77489
1.40664
3.03276
2.47404
1.17209
1.77878
0.114485
0.853181
0.526253
0.519448
2.77327
0.508575
2.73369
0.413159
0.589595
0.849466
0.68979
0.865972
2.49456
2.5656
2.5647
0.578869
0.743963
1.15882
2.73321
1.72027
0.953843
1.5543
0.860535
0.653503
-0.457537
1.61325
0.659777
2.83345
0.689635
0.802111
1.16979
0.205137
0.51104
0.373873
2.51228
1.72619
0.509437
1.8021
1.43312
0.431965
0.638812
1.53611
1.4317
2.45514
0.0799164
0.249373
2.64957
0.39309
2.8869
1.10813
1.18531
0.652044
0.214938
1.65875
0.883921
1.50203
2.71161
-0.357685
0.0341094
0.203906
2.49136
0.456356
0.569363
0.28948
1.64666
1.86736
2.39762
2.74257
0.689715
2.60201
2.59223
0.989253
1.73444
0.42269
2.61357
2.65211
0.820463
1.4475
0.770179
1.33456
1.0961
0.584862
0.69124
1.13485
0.971535
1.58236
1.66862
1.13385
1.62456
1.74542
0.937473
0.100068
1.78992
1.13347
0.843566
1.47382
2.14957
0.669722
2.21849
0.710507
0.15042
0.753784
0.885965
0.520338
0.739967
2.28611
1.85048
2.48732
0.838508
0.526836
0.60535
0.374387
1.24269
2.73972
0.712347
1.37944
1.49823
2.22244
0.716617
1.35956
2.37115
0.608126
0.627336
0.433994
2.4011
2.35337
0.72628
0.766973
1.42298
0.646721
2.64354
0.231883
0.794167
0.0467462
1.19139
2.74631
2.70166
0.614939
0.165574
0.744073
0.825976
2.4556
0.571452
0.576691
0.12509
1.37979
0.609768
0.256708
2.07113
0.779177
0.384
1.61785
2.90084
0.973823
1.20524
0.807372
1.69119
2.8194
2.21883
1.39629
0.900227
0.889522
0.633219
0.832724
0.757115
0.793229
2.65335
1.78409
0.54912
1.84969
0.576358
2.42075
-0.160448
0.837129
2.36506
2.36589
0.830772
0.588738
0.545093
0.478287
1.52191
0.83771
0.339767
0.594414
0.327339
0.165404
0.537337
1.10041
0.850725
2.66701
1.68037
0.861694
2.81673
0.837211
0.520337
0.376359
0.366766
0.333093
0.127671
1.31682
-0.495389
2.6381
2.74926
1.62346
0.877754
1.42575
1.84078
0.789102
2.38326
0.824584
2.63621
2.68785
1.10805
-0.191407
2.43936
0.449792
0.831911
2.70964
0.789372
2.69434
2.70791
0.783534
0.525728
0.147461
0.482265
1.82165
1.72384
0.686842
0.166095
0.763784
2.04692
0.675516
0.696587
0.976622
1.15442
0.607169
1.53277
0.277347
2.46797
0.586904
1.3858
0.0796102
1.13834
2.62838
1.10747
0.587178
0.744823
0.619374
0.686546
-0.296766
2.95916
0.545511
1.72304
0.782007
1.80279
0.326102
1.176
0.953098
1.68533
0.307588
2.48437
0.554042
0.743058
1.1514
0.134221
2.70142
0.570628
0.367445
2.59968
0.359797
0.263664
2.72396
0.847355
0.8409
1.57219
0.52171
0.448344
1.75111
1.12455
0.684624
0.810731
2.8224
0.872324
0.433223
0.515842
0.677702
0.681713
-0.238036
0.700842
0.74195
1.31125
0.872904
0.744192
0.83424
0.781069
2.41311
2.5666
2.7531
0.541503
1.98055
0.739541
1.65848
1.1423
2.65419
2.66074
0.674736
1.24215
0.549149
0.418322
0.536797
1.83166
1.66889
1.27125
1.76771
0.65208
2.86141
1.64669
0.093364
2.17606
0.556711
0.0427624
0.482406
1.79341
0.681374
1.1284
0.666295
2.50834
0.752762
0.682242
0.539776
0.104893
0.353112
0.0629652
0.97039
0.66775
1.633
1.60721
-0.488182
1.9905
0.952781
1.37918
0.989682
0.505471
2.66411
0.831706
1.21538
0.68695
0.781082
0.620469
0.628295
1.57489
0.172838
0.0623017
1.19442
2.4897
0.585392
1.79603
0.617108
1.29978
2.70881
0.0499037
0.689492
2.37361
0.933554
0.597679
2.69006
2.09784
0.373834
1.78695
0.171804
2.30551
2.59569
0.15167
0.435894
1.16078
0.32001
2.62465
0.841984
2.65812
0.744878
1.47734
0.427437
0.694091
0.516571
0.203199
0.532113
1.67427
1.26452
0.546526
1.27403
0.36624
0.352264
2.71628
0.35787
2.58255
0.545457
1.5516
0.592469
0.852415
0.686281
0.0831277
0.415569
1.35607
0.473357
1.85553
1.39007
0.785683
2.85361
0.73154
2.71012
2.65221
1.10248
0.569378
0.662881
2.07452
1.25698
0.619094
0.152316
1.27222
0.59464
2.71561
0.524243
0.446729
0.548293
1.2936
0.800856
0.837751
0.773408
0.371175
0.497949
2.26918
0.198633
0.696609
0.913862
0.814984
1.12288
0.529588
0.171603
0.813844
0.4229
0.402304
0.591387
0.382992
2.47951
-0.0773594
1.07876
2.71563
0.452669
0.710086
0.573416
0.557459
1.49073
1.79026
1.41955
0.8348
2.48658
2.47946
1.27476
2.71572
1.2235
0.609509
0.73169
1.26159
0.913026
0.878278
0.877138
1.79245
0.909144
0.426612
0.599325
0.520535
0.923286
0.466387
0.577596
0.958389
1.38789
2.25134
0.740216
0.225726
1.07549
0.867544
0.637286
0.669107
0.597417
2.86268
2.93524
0.575225
0.384302
1.89665
0.911709
1.64208
1.8066
1.13806
0.734776
1.18581
0.420125
2.61813
0.821447
1.7465
1.00041
0.971405
0.380553
1.14713
0.323259
0.781477
1.9629
2.55985
1.53063
0.321057
2.64898
0.664292
0.793237
2.82778
2.28307
2.04793
0.67005
-0.476013
0.524998
1.92507
1.54965
0.757266
0.139311
0.499234
2.60451
1.57261
1.38006
2.20401
2.69841
0.0501641
0.55848
0.391231
0.836833
1.61603
1.15732
1.41611
2.64742
0.506063
0.291643
0.847438
0.590332
0.458675
0.670005
1.14788
1.46021
1.84659
1.22855
2.62828
0.0601972
0.46482
0.430446
0.571283
0.743094
0.862347
0.711232
2.64438
2.41395
0.165553
1.43069
1.83264
0.728885
1.45255
2.03083
1.24002
2.54665
1.52457
1.41068
0.718634
0.709879
0.794798
0.76964
0.373505
0.364484
1.13219
2.62465
1.73229
0.535325
0.747939
2.7082
0.677637
0.213997
1.3607
0.525079
0.774554
0.82836
2.67837
1.67196
0.77839
1.08989
0.736397
2.42698
1.58264
0.67382
0.744403
-0.444157
0.198322
-0.468148
2.872
0.140701
1.23449
0.837155
2.1796
0.779204
0.194315
0.0085698
0.249236
0.84358
0.801657
2.52752
2.53468
0.744123
0.431367
0.825156
0.843799
0.733943
0.814761
0.403779
0.788999
0.633462
0.697286
0.417387
2.41951
0.219502
1.31283
0.788418
2.75676
2.67223
0.609281
0.469241
2.56338
1.02603
2.70302
0.542734
0.794405
0.742803
0.682845
0.770022
2.21767
1.59541
0.772636
1.13411
0.771732
0.562264
1.74575
1.13566
0.703484
0.76093
0.74494
1.17096
0.626771
0.886528
0.834341
1.10213
1.59397
0.598111
2.15812
0.144484
0.783349
-0.0189591
0.783676
2.68407
1.23872
0.795054
2.61268
2.9255
0.549606
1.6387
0.752262
0.512139
2.6682
1.41456
0.591593
1.18195
0.473353
2.71252
0.514286
0.802237
0.804999
0.825359
1.60469
0.598891
0.939148
0.815105
0.838552
0.893078
2.65092
1.50235
3.01805
0.832808
0.49502
2.66709
0.504892
0.819361
0.548387
0.469015
0.508533
2.45163
2.67955
0.431245
0.103634
2.25669
1.33895
1.90627
2.67529
1.4135
1.99239
1.83467
0.110509
0.701363
0.368892
2.39689
1.10404
1.21754
0.697581
0.604414
0.734159
0.636467
0.655824
0.36012
0.505133
0.939396
2.43353
0.303764
2.74618
0.595174
1.67661
0.692652
1.22153
1.3465
1.2845
0.429234
1.45828
0.80464
0.669861
0.548381
1.12149
0.75544
1.10436
0.137773
0.637786
2.64229
2.71266
0.996473
0.0627912
1.25801
2.4879
1.00814
1.16687
2.51626
0.29954
0.581189
0.342354
2.58196
2.76155
1.56228
0.0857672
0.165067
0.726079
0.774654
0.575761
2.64292
0.350538
0.246029
0.776936
1.4887
0.277841
0.148202
1.5537
0.0952745
1.23882
2.52581
0.213887
1.43899
1.20125
0.666975
0.64568
0.78362
0.412686
0.611178
1.22142
2.46266
0.886425
1.23315
0.810183
1.41992
2.67318
0.271125
0.688128
0.216181
0.787945
0.461285
2.72556
0.619913
2.55567
0.635016
1.09963
1.14276
2.60064
1.9262
0.982813
0.606922
0.703691
0.577557
0.390184
2.70741
1.26677
0.787389
0.826254
2.08609
0.500294
1.79274
2.67981
0.754661
0.83347
0.587589
0.943284
0.34007
0.582629
0.691312
0.683438
0.804956
0.771661
0.818212
1.08706
2.68468
0.687201
0.661675
0.65454
0.566174
1.60856
1.11055
0.601472
1.54818
0.771607
0.532086
1.23561
0.745855
1.16375
2.67745
2.61215
1.2918
0.0995547
0.66059
1.25443
2.33558
2.81653
2.73007
0.728952
1.67249
1.4056
1.99999
0.502483
2.59484
0.803874
0.0155275
0.761719
0.82005
0.823887
0.671516
0.654273
0.341358
0.395594
0.554797
0.60444
0.744335
0.792158
1.57865
0.835688
0.446674
0.403563
0.90374
0.37902
0.719596
0.840117
0.7597
0.567239
0.114764
0.689023
2.60331
0.826289
0.560053
2.59452
0.928048
0.655755
2.43638
0.497159
-0.147324
1.50043
0.276466
3.86816
-0.00306239
3.82085
1.09008
1.24117
1.24007
0.894313
0.749741
1.00766
0.670752
0.814634
1.39796
0.845174
1.76911
0.124478
0.102297
0.612014
0.803402
0.443443
0.880949
0.698762
0.78308
0.804309
0.822247
0.830311
1.50811
1.06956
2.45334
1.19395
0.647928
0.647427
0.759647
2.32754
0.733188
0.831071
0.704431
0.499621
0.585891
1.50285
1.17266
2.73261
0.634401
0.635294
0.684831
0.565377
0.625675
0.761286
0.385977
0.362699
2.95116
0.545805
0.787948
0.541039
0.554907
0.704283
2.42335
1.14654
0.705885
0.814113
1.26083
0.768225
0.895327
1.95925
0.320584
1.19821
0.358613
0.831998
0.383115
2.23567
0.490233
0.77689
0.665272
2.59075
3.59978
3.5454
0.011851
1.58914
0.792282
2.71502
0.828507
-0.13154
0.77119
0.272254
0.717202
0.64752
1.15602
0.675047
0.537163
2.7271
0.749554
0.0654683
1.44647
1.96236
0.618873
1.04139
0.687297
0.272668
0.710614
0.648238
0.825542
0.812093
0.0762423
0.789974
0.783459
0.567622
1.16401
0.554138
0.194375
0.213598
0.618442
0.667539
0.873608
1.10345
0.431047
0.428893
2.53455
2.73372
0.743129
0.567038
0.535627
0.671864
0.821793
0.815086
2.30653
1.31606
0.820012
0.488833
0.785267
0.697719
0.814691
0.160668
0.846365
0.81123
0.458761
0.154145
2.92377
1.14204
1.63174
0.633885
0.49674
0.551252
0.780311
1.25709
0.888206
0.873979
0.676313
0.942652
1.15457
1.78223
0.181958
0.717648
0.876316
0.881525
0.667375
0.533061
0.132757
0.58188
0.66963
1.23153
0.16744
0.876738
0.800646
1.08317
0.848084
2.70591
0.501896
0.655305
0.762125
0.693191
0.0602121
0.857581
2.61072
0.616754
1.15302
0.524051
0.838039
2.56479
0.835097
0.898419
0.835408
2.20094
0.574231
0.615708
2.70108
0.418506
2.55094
2.65964
0.703293
1.69011
0.565464
2.6455
0.876992
0.752831
2.70821
0.823715
0.842701
1.88346
1.16257
1.43867
1.18179
2.80824
1.89956
1.55774
0.811694
0.401738
1.17485
0.636933
0.376887
0.49172
0.579477
2.84249
0.601145
0.344834
1.8056
0.202234
0.448213
1.14587
1.06876
2.58606
-0.151427
1.26227
0.606244
1.30719
0.803997
0.595742
0.75305
0.164898
0.143733
0.76649
0.741992
1.19063
0.0618061
0.819156
0.803905
0.817619
0.925806
0.864151
2.6027
2.42301
1.66365
0.839605
0.54808
0.827993
0.797624
0.563207
0.693766
0.650815
0.723619
0.521712
2.68237
0.675205
0.763477
1.00068
0.585629
0.493959
0.632389
3.20688
2.35412
0.651386
0.317188
0.826296
0.375347
0.356695
1.49867
2.45092
0.659973
0.63107
1.33472
0.592776
0.347602
2.31214
2.72296
0.706404
0.975797
0.567419
2.60953
2.73237
0.598197
2.69063
1.10355
0.403806
0.826254
0.746567
0.536236
1.39319
0.818869
0.635224
0.718355
2.75465
1.66379
1.70737
0.741733
0.466015
1.67413
1.23168
0.77562
0.224737
1.07758
0.386059
0.194397
1.66625
0.333635
2.09525
0.32527
0.810819
0.925374
2.70639
0.704452
0.90464
0.637156
1.77047
0.736384
0.339439
1.27739
0.816338
1.09367
0.19691
0.444664
0.67814
1.11438
0.444023
0.553693
0.146783
0.571153
2.59197
1.97125
0.257282
0.68397
-0.431488
0.829271
2.57
0.738537
0.778963
-0.423374
0.845049
0.729553
0.75955
0.696873
0.694784
0.745868
2.90161
0.75633
2.62746
-0.454395
1.08192
2.7858
2.4229
0.588531
0.739963
2.09114
0.533341
0.822886
0.431945
1.30574
0.169524
0.565127
0.853467
0.53526
0.506408
0.754622
0.806065
0.378131
0.777905
0.724418
0.702975
2.57742
0.867836
0.485817
0.60203
2.56728
1.01396
2.67606
0.201102
0.144445
0.716727
0.767603
-0.29524
0.788756
0.761254
0.217239
0.711147
0.710107
0.78763
2.76478
0.54239
0.562098
0.577984
2.66244
0.588037
2.89273
2.95072
0.825936
0.477365
0.19615
0.775144
-0.248324
0.657275
0.518383
0.577893
0.762048
0.591294
0.547853
1.42654
0.817176
2.96043
0.758952
0.801297
0.849949
2.81438
1.47838
0.0880615
1.02244
0.170352
0.247371
0.577069
0.729224
0.593881
0.535882
2.68511
0.790633
2.64919
0.962653
0.424034
0.52607
0.832994
0.586308
2.61516
0.557818
0.817768
0.673518
1.05837
2.58663
1.70629
0.70584
0.770014
0.740926
0.808059
0.796112
0.336319
1.22105
1.14347
-0.275511
1.33001
0.706626
0.878578
2.66841
1.2433
0.774559
0.699349
0.722926
1.0688
0.479097
2.6448
1.2141
1.40066
0.392128
0.846646
1.1003
1.16595
0.458737
0.571947
0.591484
1.07961
0.935032
1.57584
1.40788
0.754044
0.739592
0.78318
0.591098
2.52604
0.582789
0.591695
0.6876
0.77015
0.704335
2.71349
2.2276
0.552326
1.30975
1.13897
0.608899
0.703545
0.413246
0.120289
1.35428
0.608174
2.33742
1.41208
0.129254
0.832871
1.99128
1.64778
2.71424
0.778304
0.867527
0.809765
0.54726
1.46291
2.67366
1.20207
0.505924
0.411483
0.590073
0.609207
1.96487
0.864213
1.50445
0.658825
2.2603
1.43738
1.02257
0.580363
0.559862
0.807502
0.683205
0.583441
0.644341
1.12538
1.48667
0.580927
0.558912
0.550513
0.607988
2.61356
2.55831
0.13868
0.603946
0.9498
2.72159
0.806386
1.89704
2.36192
2.74239
0.556751
0.878162
0.181561
0.327251
2.50032
1.35084
1.1691
2.72803
1.18256
0.315571
1.67244
1.15427
0.805061
0.572195
0.262339
0.823472
1.09222
0.823417
0.80562
2.58432
1.01866
2.5263
0.0592908
0.162703
0.794838
0.813254
2.59793
0.483578
0.111005
1.14036
1.20057
0.657136
0.0247286
0.411396
0.921379
0.395227
0.814034
0.816078
2.79022
1.28612
0.606875
1.91534
0.67771
1.07041
0.836888
0.34726
1.1359
2.26594
0.79884
0.557456
0.833411
2.46245
0.588341
1.15039
0.84771
1.07732
1.14778
0.703487
2.18669
1.24528
0.14609
0.154402
0.608616
0.772197
2.24231
0.827927
2.56052
0.23939
0.366989
1.09069
2.31832
1.77066
0.138154
0.588579
1.37415
0.754467
2.44963
0.746742
0.783147
0.815741
0.153908
0.580535
0.915287
1.51701
0.0301227
0.570446
0.333917
0.792635
1.34949
0.720334
1.84875
0.453831
0.699248
1.333
1.17644
0.489661
0.762141
0.473957
0.1343
0.627087
0.681038
1.21321
1.00295
2.62408
1.23689
0.607628
0.367136
1.02266
2.60311
2.81207
0.764887
0.649883
2.59309
2.60377
0.207786
0.544447
0.275717
1.51288
0.888531
1.23919
2.79662
0.366734
0.685275
0.622069
2.44415
2.39907
0.401605
0.680242
0.738284
0.602668
0.732293
1.32361
0.719134
1.4253
2.57389
0.750065
2.73568
0.490721
0.653178
2.45794
0.920272
1.16395
0.942695
-0.180801
2.15151
0.518304
0.677635
1.00314
-0.373457
0.151516
0.716654
0.235586
0.145173
0.126459
0.659478
0.140398
0.677731
2.79937
2.71759
0.589898
2.79453
1.39294
0.452713
2.57501
0.53151
0.141436
0.68188
0.825652
0.591458
1.23677
2.50491
1.14284
2.41963
0.791852
1.145
0.689446
1.69241
0.818937
0.617344
2.30172
0.897027
1.45203
2.18052
0.758802
1.29139
2.49425
0.512687
1.14292
0.874207
1.34646
0.74382
0.752816
0.810693
0.397226
0.792659
0.93429
0.3297
1.44607
1.89405
0.349515
1.50404
3.10286
0.459508
0.667675
0.726573
2.69977
0.666554
2.68306
2.00777
0.406043
2.65187
2.00892
0.623559
2.55343
0.763007
2.6693
2.30512
-0.0252558
1.0975
0.836116
1.53915
0.983426
0.595659
1.8035
0.174063
1.41926
0.628788
1.89612
1.15034
0.32891
1.23032
0.623264
0.0975415
2.70761
2.70308
0.461289
1.99743
0.101135
0.562455
2.01643
2.80172
1.0851
0.825994
2.33576
0.305403
0.814759
0.565789
0.978536
0.341652
1.31057
0.578173
0.106815
0.614069
0.896083
2.5466
2.71159
1.14332
0.361678
2.34449
0.149271
-0.177994
1.15616
1.45314
1.23063
0.608403
1.41095
1.23006
2.40146
0.424994
2.48659
0.824762
1.82157
0.866174
1.15876
0.0269918
0.103248
2.69731
1.21161
0.943559
0.729036
0.51097
0.231039
0.718303
1.19828
1.71204
0.525583
1.97047
0.577486
1.77084
2.43624
1.37964
1.58213
0.106426
2.76759
0.273517
2.57617
1.53039
1.05105
2.68492
0.0859875
0.840076
2.55597
2.4636
0.439389
0.154365
0.577805
0.565782
0.819267
0.00673276
0.34583
0.364444
2.69139
0.681125
2.43366
2.73977
1.43533
0.414833
0.101104
2.692
0.784089
0.301059
0.698293
1.78218
0.929591
1.25926
1.24112
0.115293
0.69545
2.34102
2.28822
0.806493
0.586806
2.70164
2.66914
0.693367
0.681933
2.24866
0.710688
0.700838
1.03099
2.63319
2.71837
1.07512
1.28791
1.82739
0.296701
1.17183
0.636441
2.61794
1.48566
1.19007
2.66235
0.310876
0.744344
0.712745
2.84702
2.59347
1.82029
1.94523
0.595529
2.30707
1.05854
-0.0388914
0.837633
0.448922
1.97281
0.543286
0.729945
0.86242
1.29899
1.94174
0.880164
1.24051
0.587696
2.30243
0.166929
0.350734
0.803793
2.42298
1.91706
1.80443
2.70888
0.745716
0.564308
2.54434
2.00169
0.730815
0.00523016
1.30741
0.75575
0.605071
1.07272
-0.224877
1.83991
2.66375
0.856595
1.2451
0.61363
0.58915
2.48428
1.12404
0.169814
0.135747
1.20663
2.28616
0.371466
-0.418625
0.66159
1.57841
2.44128
1.51591
0.507085
0.681939
1.51048
-0.447487
0.452885
-0.361551
1.11362
2.58671
0.186818
2.49871
2.56794
0.633087
0.113519
0.848564
2.30129
0.74372
2.47843
1.16756
2.15636
0.235123
0.00992727
1.20674
0.733305
1.0899
2.45334
2.10347
0.710798
0.529691
2.46106
0.42067
0.0812053
0.0600103
2.43034
0.568501
0.416453
0.591124
0.353337
1.13545
1.26908
0.47188
0.378085
1.07658
0.226876
0.557102
0.061263
0.229803
0.499794
0.236093
0.436979
0.477494
1.17152
0.101888
0.477473
0.346191
0.386709
0.747875
-0.0560392
0.579494
0.619925
1.43007
2.00182
2.60381
0.214668
1.4114
-0.437179
0.272424
0.353372
1.82083
0.43899
0.398636
0.842235
0.684967
1.7231
0.5576
0.698058
2.66893
0.353771
1.94939
1.16125
1.7329
1.14772
2.71218
2.34953
1.96978
1.95492
0.715216
2.18827
1.45252
0.599722
0.0741872
2.21344
0.585065
1.26682
1.35227
2.79638
0.306899
1.25513
0.0285726
2.73271
1.16576
0.829429
2.54976
1.73977
1.11619
0.708447
0.576716
2.08978
0.806473
0.835822
0.354407
0.181423
0.465476
0.797607
0.0518199
-0.147217
1.30189
0.497327
2.5295
0.789241
2.15056
0.958326
1.25832
0.227631
0.740759
0.167966
0.199168
1.09269
0.0818322
1.14493
0.402808
1.43294
2.03192
0.845793
1.00879
0.206952
0.789018
1.15362
1.428
2.00654
0.719508
1.69114
0.0620017
2.41619
2.69053
0.852964
2.73515
1.76402
0.262666
0.657176
1.20552
0.80731
0.842247
1.76291
2.62894
0.118462
2.05521
0.85524
2.33356
1.22562
0.820855
2.73042
2.40367
1.19322
2.45491
2.56757
2.4169
1.15607
1.44752
1.81504
1.47555
1.27526
2.59181
2.62012
0.575026
0.754152
0.550167
0.148997
2.69484
2.46872
0.269595
0.746368
0.797561
1.32898
2.59772
1.17676
2.63513
0.121444
0.68487
1.30769
0.466767
0.571288
0.644659
1.32598
0.854861
0.34975
0.539298
2.69666
2.67436
0.418114
0.507169
0.607454
0.121805
0.818772
1.09502
0.534572
0.585777
0.748166
0.591708
1.32796
0.620659
2.11069
2.08013
1.37682
0.834988
0.721713
0.5992
1.7002
2.74519
1.17321
0.134167
2.53751
0.604002
2.9304
0.436967
0.794067
0.317438
0.681846
0.67832
1.72244
1.18298
2.46506
2.37853
1.10226
2.15123
0.835345
2.34077
1.47632
2.67916
0.537216
0.120748
0.46288
1.30163
0.726378
0.556824
0.663828
0.667454
1.21365
0.726581
0.821093
0.27578
0.494956
0.432888
2.78832
1.86514
1.05884
1.55725
0.247469
1.82351
0.68835
2.64289
2.07373
0.826368
1.4788
0.826138
0.677457
2.32357
0.234078
-0.449426
0.861038
2.60162
2.1133
1.76322
2.32853
1.23705
2.22587
0.384133
1.99134
2.76716
0.668937
0.653056
2.59056
2.45848
0.663528
2.51379
0.245923
0.360215
2.58102
1.43727
0.393191
0.189428
0.672063
1.75441
1.7975
0.496666
0.95771
2.85771
0.612917
1.61161
2.51577
0.557779
3.05781
2.67189
0.564634
2.83068
1.29738
0.648274
1.10784
0.519935
1.87292
2.54884
3.08233
2.69022
0.398458
1.3315
0.550432
0.740339
0.298659
2.60498
1.40445
0.0629905
1.51949
0.531182
1.51045
0.126334
0.373028
1.05791
2.24918
0.880944
2.35155
0.602956
2.36345
0.515089
1.34656
0.220116
2.72124
1.84632
0.840633
2.27921
0.891248
2.70496
0.763197
0.810228
2.09351
0.664546
0.377825
0.113896
1.3104
2.6904
0.856921
1.2814
2.68041
1.12201
1.25251
1.79146
0.742375
0.476372
1.45994
0.554197
0.558556
2.77864
2.67128
1.44234
0.890183
0.896729
0.408999
0.702985
0.826982
0.0592514
1.14772
1.55486
0.818268
1.07022
0.801243
1.1637
-0.415623
1.24176
1.41178
2.57099
1.77498
0.646322
0.617184
0.151215
2.19568
1.36387
2.77767
2.00112
0.149088
2.67154
1.19714
1.30536
1.90921
0.61257
0.121864
0.767559
0.269155
2.69737
0.160575
0.154988
2.48881
2.16655
0.803079
0.584041
1.10066
2.72004
2.45655
2.65256
0.799908
0.578989
2.65038
2.73193
0.569202
2.70466
1.29472
1.41669
0.222963
0.66013
2.43692
2.74106
0.43413
1.28883
1.41481
0.0554463
0.404529
0.0195656
0.714285
0.309943
0.157737
0.630023
1.79239
2.87323
0.193814
0.66703
0.967993
2.6951
0.905249
0.357303
0.78267
2.51632
0.878477
0.0668673
0.730951
0.72523
0.361974
2.74721
0.265907
0.154892
0.38937
2.17843
2.45285
2.54117
1.15517
0.499207
1.24045
0.5509
0.395755
0.643644
0.850432
0.578184
2.76775
0.503289
0.709657
0.844043
0.121753
0.569447
0.580339
1.72461
1.25854
2.35108
0.858426
0.831643
0.158786
0.336322
0.667982
0.612534
-0.36122
1.12634
1.15832
1.1989
1.49776
0.151207
0.182531
-0.436525
2.63369
0.493056
2.68954
0.34594
1.46679
1.84104
0.835452
0.81196
2.84825
1.83256
2.11904
0.661614
1.7514
1.50123
0.788607
0.690792
1.82527
2.79685
0.690174
1.60464
1.3352
2.4927
2.63219
0.18532
2.35958
1.15883
0.251828
0.603727
0.890153
1.28284
0.528313
1.28784
1.41883
2.3444
1.06261
0.815319
1.59472
0.784081
1.31726
1.94389
1.10121
2.30078
0.419564
0.857631
0.00412528
1.42554
1.84739
0.734508
0.639777
0.727562
0.584083
0.0530444
0.302843
1.12962
2.81705
0.410018
1.23171
0.108851
2.27797
0.814899
-0.474442
2.81959
2.47746
0.469115
0.359086
2.25524
1.65266
2.62578
1.24876
0.553947
0.58437
1.43969
1.70963
2.07258
0.0128058
0.275871
1.48003
0.581051
2.66498
1.18726
1.43148
-0.0895979
0.475639
0.802848
2.04318
1.29063
1.14668
0.626445
0.583126
2.48205
1.69631
1.43857
1.52862
1.08619
2.54017
0.392698
1.36653
0.685939
1.12637
0.407985
0.579271
0.139565
-0.421035
1.76356
2.45072
0.170748
0.224614
0.82402
0.727862
1.22794
0.650424
0.944267
0.896346
0.0852067
0.463138
2.68783
0.268059
1.83718
0.822554
1.8047
1.14584
2.82598
0.446371
0.343992
0.536038
2.6305
0.657944
2.31498
2.61532
0.475243
1.6966
0.594137
1.32255
1.11151
0.537444
1.75508
1.29041
0.514973
0.744339
2.76001
0.863476
0.651147
0.0942378
1.96113
1.6953
2.75842
2.67944
2.13691
0.248834
2.64708
1.17304
0.576227
0.114933
2.37908
0.878112
1.11247
1.05332
0.212826
1.83721
2.06173
0.225907
1.72111
1.25473
0.83348
1.80652
0.604748
0.331193
2.71984
0.685821
2.68861
0.749383
2.3821
2.87821
0.929051
1.42675
0.0737671
1.55376
1.50672
0.580037
0.671045
1.24434
0.777346
2.36804
0.197351
1.68701
1.32131
0.686662
0.860832
2.04766
2.70976
0.550221
0.586827
1.55298
2.78402
1.53157
0.580788
0.657155
0.802986
0.655132
0.121246
0.392305
0.764001
2.65879
1.33608
1.29757
0.810151
0.558272
1.41035
0.446862
0.550246
1.15148
2.74358
2.31768
1.40495
0.761361
0.0982604
1.14484
2.54275
1.91042
0.413312
0.356312
0.683828
1.7254
2.47457
2.02938
2.59177
1.87392
0.508804
2.69665
0.132691
2.37511
1.77815
0.601533
0.746249
0.861951
0.567904
0.0939314
0.587956
2.06186
2.62744
0.567549
0.42176
0.807082
0.565055
0.46881
0.583961
0.384982
0.681671
0.219586
0.822255
0.258492
2.36948
2.72024
0.520867
0.418795
0.59178
0.448272
2.55674
1.1838
0.167517
2.15291
0.979417
0.589533
0.727523
1.04801
0.0904258
2.74299
0.758325
1.06888
0.262148
0.472163
0.335419
0.530665
2.49367
2.6614
0.841741
1.79695
0.151662
1.32491
1.77306
0.995742
0.726088
0.736302
2.70148
0.777094
2.4243
0.864085
0.585985
0.919668
2.16183
0.161654
2.81922
0.43068
0.0751076
0.72597
0.84587
2.56743
0.206032
2.76154
2.54637
1.26943
2.57333
0.557712
0.10886
1.87412
0.342627
0.748608
0.113989
0.717578
0.642344
1.66518
2.38235
0.88793
0.207634
0.196756
1.16213
0.350018
0.57245
0.0588684
0.419199
2.47969
2.71216
1.61354
0.847121
0.511743
0.753385
0.836844
2.42088
1.68915
2.77307
1.86878
2.67339
1.26325
0.757358
2.75127
0.698569
0.16623
0.737798
0.731655
0.55859
0.179058
0.626481
0.616969
1.06546
0.731021
1.1701
2.56499
0.541828
2.69582
1.83044
0.592566
2.87415
0.3418
0.627894
1.82089
2.34867
0.57921
0.462316
2.71654
2.59387
0.538351
1.31984
-0.0186201
0.734329
0.53321
0.354827
2.67943
2.61859
2.01562
1.07212
1.35108
0.837583
2.56253
0.794181
0.635866
0.410641
0.213936
2.68414
1.65693
2.63377
0.810166
0.137121
2.31222
0.723902
0.829224
3.03741
0.603339
1.73677
0.747232
0.423264
1.81793
2.65515
0.815076
2.94522
0.693481
0.594239
0.703296
2.70866
0.816876
2.20542
0.678299
0.50891
2.07141
0.451815
1.47057
0.843466
0.526169
2.84932
1.0984
0.720248
0.892235
2.69864
0.223822
0.564902
1.26957
0.337103
0.728339
0.760195
0.0995945
2.3033
0.192312
1.10692
0.596466
1.41372
0.622045
0.927933
2.67241
0.445932
0.264963
1.1757
0.603341
2.55482
0.569569
1.84375
0.835211
0.0922206
0.129541
0.476839
0.46855
0.792607
0.841583
2.26355
0.531591
2.60143
0.224503
0.818781
1.79906
0.28871
1.74916
0.298197
1.38299
1.10741
0.564945
0.221518
1.47446
1.09544
1.28984
0.400717
2.74609
1.57197
0.734385
2.96873
1.18216
1.05617
0.982333
0.190459
0.440238
1.0251
2.55041
0.0271399
0.187852
1.25691
0.85268
2.35737
0.467741
0.246486
2.68752
0.396608
2.46599
0.428864
0.267667
0.838504
0.584019
0.796796
0.203714
2.81022
2.63708
0.48909
1.63569
1.64371
1.13374
0.0732014
0.865458
0.598598
0.844021
1.76984
0.246958
1.14551
2.00706
0.799465
0.550976
2.2093
-0.130193
2.21013
2.7337
2.63865
0.0712781
2.67724
0.480922
1.31385
0.56594
0.115078
1.29937
0.156598
0.557951
2.08186
0.451051
2.01048
1.17525
0.402867
0.54739
0.0677383
1.16796
1.29318
1.73053
0.44955
0.523164
1.10618
0.65077
0.549565
0.480717
2.58675
1.43323
0.570493
0.534236
0.415856
0.845615
2.19137
0.693966
2.57871
2.12717
0.835618
2.9493
1.7622
0.561509
0.72952
0.543928
0.240318
0.896394
0.552896
2.60614
0.76952
0.956906
0.184779
2.72771
0.767692
2.61921
0.754001
0.876988
2.69148
1.17043
0.358827
0.530673
0.835179
0.799684
0.687936
0.683693
2.56982
1.31878
2.41272
2.47329
0.516107
2.52159
0.614688
0.876371
1.81992
0.810439
0.775589
0.473239
1.68096
0.69377
0.677656
1.4097
0.528527
0.748254
0.308593
-0.468332
1.27375
0.179445
0.770724
0.469675
2.23862
3.02429
0.989963
2.12705
0.794898
0.118515
0.717135
0.693321
2.13094
0.148667
1.33647
2.66818
1.44634
0.676412
0.453609
0.771521
1.93843
0.179985
0.591953
2.67565
0.639901
0.904695
0.816677
0.708218
2.84363
0.833573
0.537077
1.65705
1.68901
0.308557
0.741301
0.775792
0.464818
2.3208
1.25311
0.715212
2.69438
0.692126
1.4952
2.71546
2.62732
1.5117
2.44613
2.81638
1.22853
0.891192
2.62557
0.276824
0.142412
0.216398
0.198888
1.42634
1.84401
1.75633
0.592317
0.305946
2.43781
0.833823
0.387338
1.10055
0.745727
0.579872
0.149468
2.78295
-0.388771
0.460961
0.6017
0.125781
0.513661
0.545717
0.681211
2.64185
0.110368
0.790042
0.366776
1.82009
1.77467
0.130076
0.842264
0.47549
0.482128
0.912769
0.609453
0.199843
0.6451
0.408545
0.0506122
1.73223
1.23342
0.558748
0.13507
0.274385
0.751099
0.712955
2.76016
0.733347
2.63222
0.323046
0.583139
1.96218
0.551335
0.101631
2.63171
0.217497
1.17462
0.864861
2.72056
0.730081
2.5001
2.72541
0.894282
0.570708
0.830209
1.4713
1.97038
0.734965
0.215383
2.56886
0.252867
0.788369
0.565874
0.175455
2.59396
1.95611
2.01518
0.145945
0.893571
0.152989
2.72389
2.03388
1.25284
2.74247
0.267908
0.0568208
2.64579
0.05601
1.18264
0.72963
0.894579
1.09696
2.62644
0.689047
0.285864
0.846418
0.587879
0.191437
0.194068
1.11339
-0.451725
0.57974
0.539702
2.35929
0.370057
1.41826
2.37009
1.06705
0.854518
0.748144
2.53041
0.82701
1.84122
1.09143
2.68373
0.798631
0.29114
2.69338
0.464205
0.963543
0.395752
0.864065
0.734001
0.600355
0.666566
0.392966
1.52614
0.0804028
0.715959
1.94718
1.1149
1.31551
0.155255
0.684407
2.24767
1.74311
0.868476
2.69487
-0.480863
1.25009
0.173874
0.743425
0.0906929
0.139753
0.449821
0.50331
1.03974
2.48011
2.77706
2.69862
1.95077
2.68048
0.666416
2.01685
1.61673
0.756741
2.02036
1.7286
1.31897
1.33835
0.726975
0.7999
1.14994
0.218579
1.6179
1.05886
1.15705
1.11747
1.96811
2.22745
0.385601
2.80699
2.59408
1.15961
2.78622
0.181839
2.08779
0.297609
2.71651
0.726563
1.44524
-0.354992
2.90799
2.01164
1.69369
2.69304
0.622273
0.393436
2.63534
2.71652
2.46915
0.581721
0.109773
0.571904
1.87382
2.70567
1.56792
2.33799
2.60527
0.472827
2.61917
0.752097
2.05877
0.624519
2.50937
0.147375
2.68934
2.39039
0.765255
1.01167
1.40312
1.84308
1.6195
0.172513
1.81341
0.892848
0.6482
0.763724
3.00619
2.49852
2.81418
0.771753
0.42746
0.465747
0.58796
-0.0371765
1.53436
0.284563
1.83217
0.880655
0.0402324
2.69609
0.76283
1.14854
1.56418
2.60836
0.0597843
1.42841
2.25463
0.573399
2.72752
0.178487
1.63693
2.73154
0.401347
0.899823
1.17372
0.720879
0.240312
2.4012
0.687569
0.0976555
1.77604
1.48891
0.781554
2.67648
0.518119
1.72143
0.390468
2.20562
1.69886
1.19179
1.66203
1.09527
0.522407
2.84004
0.505648
0.19699
0.799784
2.37842
2.55651
0.678496
0.410415
0.453837
0.504791
2.82911
0.410969
0.819219
1.59225
0.161363
1.3355
2.71549
2.68896
2.64028
2.57335
2.42441
2.65686
1.06145
0.517106
1.59699
1.61984
0.921333
2.168
0.595504
0.284528
0.627057
2.42465
0.465595
0.835791
0.4264
0.669414
2.59452
0.51884
0.265031
1.18601
0.668808
0.376277
0.17896
2.68942
0.596257
0.467946
0.608793
1.52301
0.657401
1.6847
0.134042
0.844333
1.15076
0.718486
0.693976
0.562254
0.563538
0.467678
0.633676
0.58421
0.350351
1.53405
0.676771
1.25758
0.723803
1.6689
0.807207
2.85008
0.544316
0.596381
0.434428
0.549838
0.121887
0.458637
0.637054
0.056138
2.54929
0.0684963
1.2899
0.714603
0.170547
0.289847
0.819268
0.201671
0.852013
0.584902
0.47267
0.686759
2.67637
0.160121
2.44071
1.09744
0.844723
2.58884
1.47365
1.15689
1.02426
1.12914
0.496277
1.55079
1.25387
1.18315
1.24785
0.146132
0.408836
2.8011
1.20822
0.867946
1.71575
1.46725
0.839296
0.0867563
0.45332
0.689176
2.48286
2.64105
0.789253
0.864458
0.200099
0.114677
1.10723
1.19902
0.599393
0.117952
0.459613
1.19599
0.313648
2.7293
2.31695
0.242284
0.658435
2.63348
0.590219
0.731462
2.07242
0.913006
1.73824
0.707126
1.16428
1.15354
2.70591
1.30921
0.374254
0.170368
0.927847
0.552943
1.17623
1.70515
2.51215
1.5672
0.503319
2.5717
2.52513
0.589201
0.642129
0.943824
0.266253
0.413359
0.916225
0.761697
0.492431
2.37604
1.88856
0.597643
0.830857
0.261106
0.549589
0.665395
-0.474207
2.85709
0.156199
0.729286
1.17009
0.174739
0.502411
2.57239
2.85312
0.204191
1.5505
0.475588
0.36855
0.626168
2.19371
0.352469
1.11899
0.722097
1.10299
1.27724
2.78018
0.122024
1.17756
1.73603
2.24498
1.46253
1.8416
2.74402
0.139641
0.284674
0.748635
0.733792
0.502019
0.661543
0.584886
1.54691
0.670243
0.435132
1.76485
1.92006
0.601398
0.653112
0.57073
0.588298
2.4302
0.0878593
2.69928
1.97176
0.408351
1.74651
2.55894
2.31704
0.581568
2.15415
0.830227
1.66885
1.19097
0.0847783
0.465143
2.69844
2.1076
0.404908
0.190748
0.616761
0.898
2.74659
1.21282
0.450417
0.816334
0.744333
0.836618
0.520738
1.3373
2.3334
0.702977
0.856539
2.41331
0.834025
1.24542
1.1091
2.71039
0.565566
1.05124
0.131364
2.80238
0.439816
0.556481
0.762229
0.0385414
2.32958
1.44133
0.913414
0.178199
2.38599
0.191715
0.596364
0.290897
1.51401
0.734668
0.419008
0.758863
1.7729
1.24416
1.53366
0.127345
0.819953
2.54261
0.11111
0.735165
1.58371
2.3983
2.65332
0.82306
0.470013
1.74446
2.07188
0.62934
0.520421
1.28293
2.70402
2.4307
0.195136
0.763784
0.934411
0.238381
0.530489
1.11109
0.848551
0.0869418
0.437224
0.447108
0.537358
1.89981
2.24309
1.34647
1.64758
1.42135
1.47614
0.397533
0.455263
0.0330184
0.0436737
0.185495
2.49535
1.58324
0.134863
1.05938
0.579531
2.14096
1.01001
0.260564
0.698713
0.670046
2.7277
0.55101
0.389891
0.673373
2.52942
2.88442
0.139899
1.73112
0.122984
1.1083
1.49241
1.14823
1.41024
1.68213
0.567817
1.23945
2.06323
2.81408
0.743951
0.734235
0.796814
0.589431
0.599022
1.11931
0.141309
0.813955
1.4479
0.346902
2.70531
2.15408
0.746028
2.59844
2.69578
0.156974
2.59292
2.63386
1.32643
2.11589
0.793354
0.770745
1.31285
1.72147
1.25779
0.232862
2.3926
1.22591
2.07488
1.40785
0.238131
0.576654
0.334723
0.727124
2.86595
2.15159
2.02522
0.654675
1.72313
0.777645
0.138658
2.69685
0.877788
0.738264
2.73738
2.73173
1.31747
0.56846
1.75407
0.128863
0.505107
0.524424
2.73148
0.399276
2.15909
0.419926
0.535068
-0.358717
2.26515
2.39517
0.861958
0.319109
0.308838
0.746853
0.127388
0.222211
0.844721
0.457246
2.45179
0.5204
1.86377
1.82471
0.19866
0.594613
1.15242
0.061236
0.502898
0.645473
1.70344
0.835267
0.523341
1.11528
1.1541
1.40176
0.40501
1.11236
-0.463123
0.513604
0.0933657
2.35018
0.682223
2.52423
0.595954
2.65212
0.622025
2.42274
2.00507
0.588064
0.830428
0.615363
2.42638
2.53544
0.733072
2.2577
1.73828
1.93076
0.749686
0.558623
0.703449
1.43691
1.3064
2.7436
0.220875
0.696332
2.46494
0.37391
2.67198
1.17785
0.580677
1.20874
2.28738
1.80746
0.852567
2.70775
0.572606
2.25092
1.12042
1.51515
0.836265
1.94671
2.42303
0.216775
0.870577
0.569615
0.929404
0.396803
0.586202
0.126728
0.623317
2.16907
0.10046
1.68369
2.8033
1.1446
1.46025
0.306544
0.311468
2.68127
0.0474035
2.31466
1.15943
2.38293
0.611445
0.141117
2.678
1.49104
0.781268
1.69709
0.593733
0.635825
0.59174
1.88548
0.398352
0.532224
0.586181
2.65845
0.79307
0.0383663
1.31386
0.173341
2.15902
2.84944
1.60073
0.148794
1.54011
2.49287
2.63305
0.713452
0.913732
0.548111
2.80256
1.7088
0.849414
0.420303
2.62925
0.219734
2.70433
0.101096
0.165064
0.398149
2.51124
2.50272
2.20355
1.02218
0.0712881
0.625944
0.0970854
2.75772
1.77251
2.76198
0.431466
0.36061
2.53224
1.19275
0.690899
2.6671
0.36776
2.26426
1.14808
1.0972
1.98899
1.5724
1.12853
0.800754
0.775063
1.09978
2.55665
1.96053
0.994969
2.69311
2.52991
2.82253
1.4807
0.723311
0.471824
2.10894
1.18432
2.76514
2.6231
0.19938
2.73235
0.157579
1.22204
0.839351
0.744056
1.38404
3.04504
2.11649
0.542275
1.31614
1.12737
0.125459
0.13696
0.833273
2.34861
2.01359
1.30672
0.843304
0.382891
0.189684
0.756245
2.00763
0.547545
0.0719234
0.162345
2.98057
1.91241
0.810218
2.60683
0.214847
0.336261
1.08725
2.77942
1.79138
1.31733
1.45019
0.260381
0.518558
0.116843
0.687227
0.276848
2.26732
1.12379
0.437422
2.30611
0.0898998
1.45071
0.749468
0.836393
1.82371
2.73881
1.20036
0.736524
0.561018
0.407072
0.781328
0.768087
1.11336
0.790466
0.425081
2.93093
2.66663
0.834549
1.04092
2.0352
1.74026
0.528504
0.653188
0.779354
1.02484
0.46234
2.04976
1.13132
0.369876
2.17066
2.11669
2.48804
0.738281
2.69746
1.5123
0.694432
2.40494
2.6345
0.594348
2.98834
2.20089
2.60284
0.486811
0.773996
2.64604
0.540138
2.52212
2.35479
0.417893
1.80352
2.73355
0.564811
0.735637
2.70123
2.12501
0.480937
0.138613
0.535333
1.21651
0.144066
0.08999
0.434002
0.105915
0.651634
1.51478
2.87636
0.576038
0.763163
0.807906
2.54391
1.1532
0.613109
2.7683
2.5096
1.79444
0.67565
0.638322
1.83244
1.14915
2.50724
1.17558
1.09445
1.05764
1.79758
0.574016
2.6612
1.58019
-0.433503
0.621473
2.09767
0.399906
0.428692
0.746305
2.68607
1.2898
1.313
0.217217
0.441285
0.63549
1.18875
2.10693
1.82054
0.520724
2.37252
1.17082
2.67215
1.38263
0.719209
0.970395
0.304034
1.12604
0.186218
2.35919
0.563244
-0.121577
2.09915
0.764521
0.585721
0.330539
0.557631
1.1832
0.528766
0.8431
0.77903
0.314409
1.3636
1.76211
0.370723
1.4393
1.67738
0.795427
1.07801
0.454796
0.645701
0.578307
0.701416
0.321435
2.43179
1.75663
1.39189
1.07935
1.17549
0.132603
1.97725
1.65644
0.769516
2.43958
0.796512
1.68536
1.26235
2.72421
0.752745
0.474781
2.876
1.05244
0.808549
0.413185
0.463131
0.858798
0.507123
2.73575
0.329512
0.395885
2.5675
0.580823
0.605712
1.42149
1.31013
0.600509
1.0094
2.56834
2.6769
2.52164
2.17971
0.0432965
0.567808
2.59988
1.05504
2.66921
0.410772
0.762015
0.797508
1.6949
1.20654
1.61057
1.2104
1.16069
1.27464
1.98183
2.65871
2.71663
0.652707
1.37492
1.29
0.409112
0.834564
2.03777
0.263733
1.74846
1.36058
-0.0284664
0.360216
0.193382
0.919266
1.39961
0.148638
0.729902
0.381299
0.0811157
0.351082
2.70872
0.482641
1.07024
2.53711
0.371307
2.61971
2.39199
0.0900895
0.721322
2.29357
2.7376
1.17467
2.05135
0.759236
0.795889
0.0558912
0.888261
0.214408
2.28311
1.24264
2.63314
2.6411
0.66583
0.797354
1.04625
0.573017
0.837133
0.790934
-0.0724279
0.101958
1.47219
0.104007
2.68
0.908563
1.23014
2.73574
2.15639
0.331354
2.52039
0.741147
1.23589
1.62601
1.31693
1.16556
0.91664
1.99427
1.79889
2.5847
1.38172
1.11345
2.41529
2.696
0.729043
0.559873
2.7385
0.514885
1.2596
2.83755
1.31097
0.850574
1.20238
2.58732
0.677981
0.737223
2.69118
1.1603
2.34671
0.181058
0.407248
2.34196
0.400353
2.74943
1.15526
0.63302
0.481324
0.89964
2.65231
1.73915
0.77271
1.18224
1.07285
0.214944
0.809515
0.460543
0.865797
0.351713
0.806162
1.31679
0.817413
1.17639
0.552835
0.591484
0.426644
-0.191978
1.17772
-0.459769
1.75479
0.122899
0.237092
0.196722
2.71121
1.63678
1.26095
1.7329
0.681097
1.12698
0.678243
1.24513
2.73018
1.36067
0.424469
1.81302
0.873487
1.37649
1.10015
0.771581
2.42103
0.911319
0.726648
0.0513005
0.0185467
0.413093
0.226422
2.79757
1.66296
0.667324
2.46947
2.78285
0.408451
-0.320183
0.611752
0.678989
0.94698
0.814241
2.45805
0.815993
2.76293
1.73386
0.587681
1.2336
0.504622
1.21773
2.79128
1.03233
2.68875
0.148774
0.349319
0.532618
0.882935
0.173921
0.73327
2.66564
0.0411837
2.06079
0.530968
0.295992
0.245154
1.86353
2.64426
1.73952
1.1362
2.76592
0.365589
0.324436
0.765331
0.55302
2.50405
-0.280893
2.63441
1.12715
-0.0816895
0.196856
1.11665
0.649991
2.00566
0.814046
0.750583
1.17444
1.40986
1.7835
0.431681
1.11394
0.712674
0.855041
0.78433
0.366948
0.366107
0.33207
0.0135534
0.353925
1.84113
0.671889
0.139749
0.580992
1.44558
0.815021
0.797289
0.303773
0.573224
1.98964
0.740109
0.792641
1.13026
0.483798
1.85471
0.300957
2.58829
0.0650458
1.68825
1.88373
0.741017
0.0858636
1.15869
1.27218
2.28806
0.536365
2.68896
0.0334844
1.78038
0.167463
0.856629
0.0231363
0.579303
0.522152
0.784251
0.874693
0.583974
0.767101
2.10494
2.34992
2.68594
0.146088
2.26585
1.96344
1.64151
2.7647
0.778691
1.89311
0.655328
0.745914
0.757966
2.70112
1.05304
0.666109
0.86154
2.48238
0.498187
0.82759
0.407871
2.61965
0.388439
2.69218
0.988525
0.499575
0.907393
0.506873
0.758951
2.64828
0.54454
1.17227
0.893964
0.254195
0.438379
0.0735291
0.502796
0.374577
1.75307
-0.453074
1.38291
0.0902591
0.689977
0.576589
0.776856
0.141477
2.7388
0.470419
2.72225
0.829303
0.863877
0.723674
0.734395
0.943206
0.77689
0.0811659
0.554649
1.85753
0.814805
1.19622
0.437749
0.830601
1.21341
2.59056
0.483078
2.76112
0.497088
1.22029
2.85084
2.28859
1.79973
2.5126
2.66138
0.453991
1.24671
0.470119
0.749806
2.58683
1.2
2.69379
0.699673
2.36822
0.660706
0.867067
2.71443
2.06917
0.404692
0.900262
2.45682
0.25408
2.63604
1.95393
2.48992
2.67432
0.621153
0.772736
1.07596
2.72345
2.623
2.11354
-0.0586623
0.468817
2.64902
0.830015
0.791042
1.35833
2.73679
0.60063
1.64496
0.187383
0.315994
0.87058
0.534499
2.37682
2.70162
1.29487
0.158642
1.07497
2.02905
2.65741
0.188494
2.11021
1.64631
2.02235
1.13359
0.199214
1.22016
1.97447
2.8997
0.376952
0.76227
2.38371
1.14782
0.658896
0.141274
2.67764
2.63718
0.493788
2.04999
2.72324
2.72921
0.556789
1.12288
0.806941
2.43285
1.79145
0.170224
0.520471
0.689135
0.311175
0.830024
1.74226
0.181932
1.64912
2.12447
0.578113
0.411114
0.532059
0.144933
0.491596
0.427411
0.207252
0.616015
3.08581
1.20115
1.16567
1.12084
0.588372
0.223606
0.578042
0.336493
1.42467
0.614706
0.750758
0.138405
0.327727
1.34003
0.708886
2.53263
1.42823
2.09126
0.591021
0.65529
0.714081
0.863895
1.21271
1.11364
2.392
2.61092
2.7405
0.362082
0.560664
0.577202
1.17288
2.66704
0.640053
2.66489
0.500736
0.750435
0.0803908
1.81069
1.44132
1.44667
0.111669
2.47929
0.619881
1.11317
0.239111
0.786221
0.822646
1.34774
1.98913
2.14561
0.580491
0.175122
2.49796
0.595196
1.44679
2.26816
2.61548
0.324245
0.734726
0.977045
1.79953
2.74898
0.697929
0.694773
2.64245
0.914735
1.82613
1.46195
2.73042
1.85826
0.0323518
0.0674104
0.662344
0.368982
0.158989
0.754786
0.269232
1.24943
1.70548
2.72576
1.2648
0.826755
0.576409
2.71208
0.906138
0.298342
2.59202
0.571794
1.64562
0.657126
1.13684
0.193649
0.912937
0.788382
1.28426
0.349796
-0.326989
0.52013
1.08565
0.860103
-0.281788
0.467394
0.570713
1.14874
0.827018
0.674004
0.160756
0.850989
1.90928
0.706785
0.104945
0.322969
1.27907
2.46163
1.01382
1.73856
2.6701
2.56943
0.103311
1.35621
0.337957
0.844731
2.71229
1.12893
1.69205
1.42129
0.191925
0.318327
0.795499
2.24058
0.436845
2.18915
0.924123
1.40325
0.165065
0.590113
0.136978
2.79246
2.42753
0.48025
2.62124
0.794038
0.471919
2.06387
0.598928
0.826993
1.30537
0.879558
1.85753
0.726188
0.753916
1.26136
2.61331
0.62555
0.300087
0.927434
2.77548
0.336593
1.06123
2.68529
2.66205
2.65722
2.54229
1.40049
2.64496
1.18918
0.460465
0.840292
0.552535
0.833068
2.5737
0.922231
2.21495
0.573874
2.16073
0.28968
0.263177
1.95559
0.589934
1.71009
2.89402
0.240103
0.731068
0.40494
-0.230562
2.63944
0.73826
1.17915
0.529865
1.67974
0.0525965
2.57986
0.584239
1.9856
0.0866457
1.41282
1.79865
0.401591
0.595288
0.710247
1.16166
1.88734
0.224478
0.299561
0.529738
0.561887
0.526766
0.144581
1.1815
0.598168
0.791214
2.52557
0.695463
0.170403
0.790291
1.77859
2.21943
2.68133
0.064913
0.585565
2.47543
2.87113
0.781027
0.521018
0.846146
0.11754
0.506273
1.15847
2.26553
0.093368
0.44409
0.875422
2.48506
0.960203
0.125375
0.448125
0.152204
0.950467
0.46561
0.834875
1.67879
2.65945
2.67625
2.25266
-0.434778
1.46752
0.655499
0.925971
2.71063
2.42731
0.866208
2.27663
0.435857
0.512913
0.144935
0.842076
0.549618
0.418952
0.380032
1.37664
0.765858
1.20902
1.21687
2.47095
1.80222
2.62331
1.14911
0.612929
0.685936
0.701281
0.317771
1.07459
0.174952
1.89653
1.14132
0.479997
0.348896
0.135408
0.819363
0.675737
0.393158
0.41618
0.596842
0.78345
0.823792
0.915934
0.401816
1.19579
2.71114
0.165197
0.878048
0.748726
0.663972
0.166646
0.771114
2.685
1.87709
0.815799
0.669036
0.69358
0.384214
1.27584
1.29741
1.40896
0.151943
0.129966
1.42935
1.26821
1.4053
2.71358
2.28046
1.12435
1.30677
1.77985
0.163511
0.453585
0.808277
0.0987268
0.0880478
0.292352
1.81094
0.665199
2.11111
2.49102
2.69752
0.266275
2.39299
0.209695
0.655707
0.821564
2.65288
0.488897
0.489739
1.10521
2.74446
0.422782
0.567571
2.566
0.593053
2.7677
2.10333
1.31538
2.19699
1.65684
0.866542
0.186995
0.756376
0.522064
0.664518
1.20738
0.303889
2.30303
1.16015
0.785653
0.135231
0.53446
0.75837
1.10387
2.53032
-0.116566
0.182307
1.32284
1.1222
1.04041
1.21107
1.41283
1.06486
2.57451
2.55681
2.77354
1.47042
0.840593
1.98039
2.28086
0.85225
0.152344
1.4315
1.11211
2.35125
1.1591
0.606988
2.67558
2.62861
1.20353
0.754474
0.587087
1.05506
0.397654
2.23428
0.460121
2.30447
0.665408
2.44386
0.833714
0.577125
1.19123
2.20169
0.605828
0.676079
1.17775
0.839424
0.93201
2.68287
1.15384
2.83526
1.68225
0.0607299
1.34271
0.199222
0.877673
0.666951
0.684895
2.66063
1.74893
0.649978
0.649987
1.69623
0.619936
2.69974
1.0952
1.65635
2.11634
2.75216
2.80918
2.48005
0.831013
0.336591
0.398493
1.12994
1.13007
1.11739
0.929257
1.17857
2.06693
0.656282
0.88342
0.783155
1.01822
0.881207
0.475192
1.21256
1.15852
0.211548
1.43926
0.202885
0.833599
1.23326
2.71825
0.592565
0.278898
2.45237
0.401777
0.528471
0.66268
0.201199
1.89781
0.0819824
2.62353
1.76777
1.01408
0.203178
0.915554
0.59723
0.745753
1.66917
0.0846056
0.309881
0.91046
1.26376
0.56477
0.0748842
0.742586
1.11087
0.671134
0.826319
1.61534
0.509726
0.866895
0.302703
1.77917
2.69704
2.64018
0.565125
1.12959
0.410071
0.80284
1.79319
0.91872
0.568104
1.32964
2.90451
2.05135
1.54482
0.471736
0.684349
0.311314
2.7184
2.61466
2.05347
0.760171
0.633337
0.492687
2.35592
2.6722
1.10662
2.50266
2.71487
0.0957127
0.837108
1.15634
0.423767
2.93246
0.121857
1.93881
0.680789
0.518546
1.90475
0.187301
1.77092
2.64134
2.59611
0.836703
0.729306
2.7063
3.03063
0.792867
0.444576
0.394456
0.208439
2.61787
2.11514
0.58337
0.158892
0.270943
1.02374
0.0859029
0.05768
0.394166
1.18931
0.377029
0.149824
0.157626
0.158356
1.75722
2.24267
0.884855
0.593544
0.814077
1.05727
0.664576
0.217408
2.50307
1.20108
2.91512
0.488935
0.538599
-0.142019
2.45327
0.145123
0.789631
1.67718
2.68827
1.43488
0.399827
0.839219
1.62384
0.503685
0.432865
1.36912
2.15959
0.267052
0.487616
1.98952
0.482684
0.535674
2.02509
1.85281
0.581894
1.23541
0.324547
0.393606
0.828046
1.12963
1.77998
1.92101
0.817288
1.98436
-0.113385
2.85331
0.776617
0.179911
0.148226
2.5923
1.49604
0.757827
2.93974
0.605011
0.780127
0.494515
0.354932
1.71624
0.831229
0.206427
1.3139
0.122012
0.153286
0.232591
0.760121
0.398502
0.872401
1.23248
2.36014
0.728027
0.544439
1.6993
0.595225
0.553731
0.895923
2.69581
0.277243
1.16557
2.72614
1.34003
0.792276
0.164804
0.742893
1.11676
1.66712
0.90408
1.13245
2.56178
2.68716
0.164657
0.201636
2.69201
0.273095
0.922765
2.53749
0.165086
0.924045
0.353163
0.0991378
1.43131
1.28022
2.73396
0.134764
1.87337
0.3054
0.71741
0.719239
2.77556
1.32527
0.59669
2.97586
1.25241
2.53488
0.555017
1.32929
1.80813
0.500671
2.70768
0.29408
0.463082
0.131658
0.979333
0.713551
1.80307
0.29803
0.174636
2.46206
1.46811
2.61799
1.32789
0.238567
1.00966
0.579438
2.18997
2.67747
0.546361
2.6266
2.68881
0.838331
1.12074
1.72448
2.79765
1.07794
2.79123
0.330798
0.555234
0.488448
0.944428
-0.170239
0.494139
0.136248
2.54524
0.699139
0.395114
0.390819
1.42626
0.559579
0.813715
1.3312
1.45129
1.15996
1.13826
0.74735
1.1902
1.1898
0.136469
0.215035
0.85049
2.89483
0.563144
1.42717
1.61248
0.556166
0.562136
1.18987
-0.29406
0.487244
0.59238
0.470727
1.77891
2.56873
2.87662
0.543536
0.399155
2.60093
0.530254
1.74372
1.26782
2.74746
-0.442099
1.10758
0.852976
1.29802
0.963419
2.64135
1.13134
0.378952
0.667867
0.861783
2.63007
0.172463
0.450907
0.437889
0.800263
0.553779
2.7332
0.157428
1.18472
1.58858
2.44882
1.088
0.342575
1.13453
0.84105
0.416206
1.33907
0.86666
2.65353
1.68054
0.037186
2.6866
0.357332
1.13118
2.80441
1.16227
1.4281
0.324985
0.129706
2.24929
2.44399
0.435429
0.363567
2.73459
2.61291
0.131629
1.16612
2.73049
0.466982
0.554973
0.176548
0.768674
0.524123
0.124726
0.71487
0.570308
2.46237
0.844468
1.07546
0.809138
0.165858
0.725782
0.455055
2.73385
0.545775
0.796668
0.283423
0.54065
0.68928
2.11729
0.916619
0.737276
0.674488
0.739704
1.27229
2.08505
2.73405
2.95411
0.0606588
0.417355
2.71316
0.270586
2.39445
0.946053
0.175675
1.19594
1.17181
0.148414
2.5715
0.775243
0.540903
0.18695
1.69661
2.27393
0.0789797
0.794065
0.59517
0.724572
0.435346
2.68279
1.15275
1.16164
0.558079
1.1976
0.0710954
1.73499
1.73241
1.07125
0.462845
2.40145
0.759564
2.68404
1.62255
1.27364
0.429355
0.78877
1.12675
0.173179
1.13127
0.65739
0.37567
1.28699
0.808234
1.23687
0.522067
2.16942
0.579361
2.20284
0.844744
0.111863
1.8009
2.23067
0.872431
2.28711
0.188009
0.753564
1.80855
0.190154
0.802118
2.72828
2.74471
1.14067
0.853116
0.858585
1.76785
2.49287
2.72333
0.792632
1.12577
0.805281
0.37791
0.824264
0.586583
1.69027
0.16776
0.711188
0.162181
1.59409
0.719259
0.880705
2.20071
0.565798
0.479297
0.7964
1.38162
2.69395
2.01069
2.61901
1.71198
0.4442
0.680854
0.670898
0.552967
0.528452
1.01713
0.322687
0.578828
0.559102
1.10647
2.35956
0.149551
0.869366
0.527877
2.64158
0.169505
2.80913
0.209899
0.88091
1.24748
1.74079
0.760611
2.35564
1.7433
1.05545
1.41836
0.997276
1.32098
2.40358
0.758373
0.339103
0.8657
1.45258
2.64341
2.97428
1.81901
0.509664
0.846473
2.34322
2.24517
0.628732
0.801708
0.328495
0.667149
0.264775
0.767267
0.164456
0.95853
1.28916
1.82359
0.206873
0.830699
0.926546
0.470499
0.673056
2.92886
1.19126
0.191426
1.21181
0.534326
0.730473
0.6968
0.546352
2.64763
0.109057
0.757167
1.33992
1.86474
1.0645
0.813689
2.25248
1.41473
0.101623
0.783315
2.37509
0.0968827
1.94257
0.786443
0.692692
0.84543
0.210946
0.861535
0.402821
0.134432
0.878156
0.194761
2.63252
0.209599
1.08302
0.409703
2.63496
0.87538
2.47709
0.327434
0.881871
0.528614
0.764666
1.22888
2.05836
1.81104
2.6309
0.74818
2.71085
0.799204
0.767295
1.90917
0.799518
1.52834
1.42064
1.08053
0.736802
0.329792
0.403704
1.18546
2.69854
0.980093
1.41729
1.09445
1.7505
0.172942
0.707353
0.160185
0.764688
0.760228
2.61261
0.180941
0.836235
2.0577
2.57312
0.566267
1.06971
2.46398
1.11059
0.285302
0.597175
0.599502
2.58794
0.545648
2.12362
0.135749
2.40079
0.594592
0.734503
1.36415
0.706342
0.689829
0.540023
0.443103
0.284407
2.2896
1.99367
0.784904
2.15474
0.799456
2.76611
0.411061
0.766642
1.25475
0.198192
2.57087
0.914862
-0.288906
1.34089
0.128048
0.222997
0.59711
1.73436
0.804509
0.987866
0.760961
0.132908
0.175743
2.45264
0.439563
1.34108
0.450957
0.850142
2.10641
0.806086
0.858123
0.926674
0.391742
1.17981
1.1723
0.863613
2.64269
0.0650969
0.141574
2.50278
1.21839
1.17384
0.709142
-0.246082
2.40838
-0.210578
0.400799
2.902
0.868474
0.769011
1.09126
2.38695
1.58104
1.10955
2.58829
2.68135
0.569308
1.0956
0.73282
0.524374
1.72026
0.166911
0.624204
2.56266
1.82828
2.97504
2.84852
2.71738
2.68789
1.38256
0.859214
0.8609
2.96213
0.510567
1.71304
1.05126
0.957382
0.388596
2.57251
1.29839
1.84936
1.11608
0.507275
1.85976
0.629693
2.63319
1.83635
1.28402
0.732349
0.132148
2.43943
1.06006
2.67193
0.798828
0.579006
0.44196
1.43198
0.822687
2.69071
0.260247
2.62969
1.42338
0.141658
0.84969
0.181267
2.39835
1.8252
0.706229
1.69654
0.826262
0.825155
1.01788
2.26094
2.27095
0.13527
0.369465
0.568748
0.337005
0.269487
2.2519
0.914756
-0.454647
-0.350352
1.48075
1.50901
0.778262
2.1164
0.876133
0.402907
0.865365
0.136791
0.509881
1.32842
0.810015
0.767876
0.167268
0.173772
0.350067
0.52296
-0.17959
0.145028
1.47698
0.0465694
0.792563
0.484459
0.542884
0.280778
2.65734
1.42507
2.7148
2.44568
0.411704
0.158273
0.868933
1.80188
2.67718
0.578368
2.19268
0.858233
0.728129
2.6628
0.463276
2.21547
2.69181
1.77971
0.0303113
0.874301
0.319195
1.47968
2.50358
0.789673
1.91579
0.195996
0.589738
1.10487
1.29596
0.768605
2.3915
0.80354
0.801103
2.72856
1.36923
0.411513
1.47746
1.44355
2.48057
0.452095
0.383998
1.40313
0.634482
0.987553
2.0396
1.39034
2.70636
0.804972
0.63758
1.17395
2.64989
1.74651
0.774304
0.816064
0.20107
0.871778
0.917325
0.98087
2.76487
1.8167
0.692751
0.918372
1.51036
0.756287
0.878304
2.78502
1.07458
0.409827
0.529009
2.11528
0.689124
2.07202
0.634079
0.843321
1.25047
0.821333
2.739
0.466405
1.45571
0.796713
0.6406
0.853573
0.967402
1.47081
0.323052
1.07089
0.843199
0.967663
1.35687
2.65255
0.869178
0.884269
0.167372
0.966876
0.693123
0.914278
0.526468
1.66752
0.919845
2.4516
0.828842
2.58323
2.55674
0.664942
0.78894
0.759012
1.7715
1.76647
0.756669
0.796704
0.0650857
1.38883
2.43601
0.553914
0.821428
2.0499
0.142661
0.579181
1.53756
2.74827
2.43116
0.812824
0.13808
0.594523
0.13161
2.46621
2.44582
2.78339
0.456069
2.82922
2.24296
2.70198
0.877225
0.98896
0.230516
0.875509
1.19494
2.58523
0.874932
0.110594
2.25803
2.52959
1.74992
0.258479
0.660919
1.45623
1.10019
0.833814
0.414733
0.487575
0.787072
0.086374
0.69562
1.293
0.543017
1.39236
1.07367
0.735614
0.677866
2.7391
0.576749
0.844853
0.7884
0.593493
1.13365
1.63067
0.365165
0.65279
2.73174
1.95774
1.19727
0.87758
0.698028
1.93062
0.625623
0.525538
0.13764
0.127291
0.87143
0.557353
0.828178
1.51542
0.794532
1.46091
1.36755
0.375972
0.612327
0.805142
1.46944
1.19001
0.712972
2.62317
1.15462
2.72257
1.41828
2.43342
0.808774
0.891791
0.806669
0.782743
3.00204
1.2021
0.267325
0.36095
1.6207
1.86342
2.39432
0.0893081
2.04651
0.793089
0.866097
0.492501
2.08244
1.71704
0.767079
1.9843
0.336876
0.879894
0.589156
0.736938
0.794342
0.874565
0.303434
0.215186
0.255913
1.36691
0.331783
0.579277
0.24159
0.65474
0.0970129
0.434374
1.67557
1.90569
2.46265
2.71201
0.116628
1.09538
1.75975
0.879385
1.14571
0.45798
0.568413
0.0313665
0.820005
2.47217
0.871422
0.250469
1.07422
0.781396
0.573738
2.05617
0.182733
1.44481
1.03834
0.606686
0.0654854
1.25544
0.806498
0.679437
0.324699
2.75802
0.419119
0.550237
1.57873
0.614659
0.284282
0.31421
0.198877
1.81845
0.123423
0.475394
2.69865
0.121393
1.50147
0.881102
1.61035
2.60765
0.641706
0.118128
1.18917
0.73201
0.582899
2.81216
0.169859
0.401232
0.596454
0.892965
0.725459
0.874458
0.0848901
2.82839
0.869532
0.952941
0.613356
2.97112
0.116295
0.617702
2.92368
-0.00352545
0.883643
0.589002
0.840145
0.160447
0.887743
0.769991
0.594186
0.867978
2.58639
1.92224
0.657773
1.42087
0.451987
0.506721
1.35163
0.490841
0.926226
2.04366
0.591567
1.11497
1.30045
0.877162
0.269269
0.88159
0.915163
1.90766
0.323744
0.872247
1.3132
0.0615389
0.727492
0.296716
0.861134
0.43988
0.154765
0.715154
0.310423
0.677841
2.0049
1.06924
1.14512
0.832029
2.47228
-0.378699
2.47747
0.65256
0.395628
0.15419
1.53952
1.88279
0.553753
1.08493
0.150308
0.224066
2.5949
0.3124
2.82196
0.686853
0.287245
2.45365
0.129858
0.252528
0.867477
0.840936
1.1698
0.882711
1.93676
0.829471
1.65631
0.817839
0.65073
0.482756
2.48135
2.7851
0.582413
0.441095
0.485985
1.22123
2.79273
0.667367
-0.321596
0.894468
0.879296
-0.153079
2.71149
0.383989
2.88555
0.822273
1.85974
0.774341
1.74009
1.77216
0.0780891
0.739803
0.825744
0.351821
2.54211
0.0704527
1.80568
0.646122
2.64676
2.53305
1.81386
0.596452
0.750899
1.71738
1.90466
0.886812
1.1694
0.59635
0.816277
0.963535
2.64603
1.11011
2.47573
1.64312
2.71237
1.05326
0.873298
0.718265
0.180019
2.04678
0.261188
2.75856
0.786185
0.180448
2.51934
0.142326
2.90263
0.483059
0.114352
0.758024
1.95074
1.18863
0.745893
1.58669
1.18643
0.572042
0.335129
0.147838
0.234848
0.956794
0.937479
2.5915
1.35324
0.83903
2.77898
0.804873
0.558198
0.621073
0.168661
0.415948
0.935108
-0.124957
0.96837
0.200198
0.795501
0.111163
1.20409
1.41373
0.350781
0.744684
1.1977
0.400278
2.37882
2.59025
0.124085
0.718444
0.180681
0.864281
1.58983
0.267563
0.799599
1.17591
0.509705
1.41982
0.778195
1.36441
0.557312
1.38346
0.142975
0.845866
1.53543
0.85504
2.00461
0.773429
0.212062
1.73495
1.44405
-0.0957958
0.0536654
2.79118
0.781162
0.368962
2.67911
2.8724
1.32136
1.51293
2.8545
2.44893
2.53797
0.876218
0.810126
0.199564
0.83867
0.406993
1.35813
1.78394
0.457179
2.63851
1.61216
0.435818
0.691261
1.63612
2.55467
1.20269
0.277314
1.61164
2.1934
1.47846
2.17298
2.83653
0.858739
1.99793
0.737845
0.602648
0.881211
2.68938
2.67437
0.75308
0.742372
2.41124
0.58336
2.63783
2.75581
2.85612
0.356515
1.58073
0.78477
0.16947
0.787948
0.237775
0.0915039
0.104038
1.72292
0.43658
0.839869
2.55671
0.198945
0.832435
0.222581
1.32197
1.20075
0.0487044
0.926813
0.731616
2.84205
1.74717
0.829123
1.45889
0.948846
0.240433
0.295409
2.06704
1.06083
0.6852
2.27557
1.08292
0.81285
0.736031
0.200963
0.958168
1.46974
0.731951
1.3274
2.2785
2.7022
0.295823
0.728228
0.319824
0.802883
0.244351
0.0791342
1.49918
1.32165
2.30452
0.443209
0.751138
0.189468
-0.123538
0.841163
2.47742
0.32977
0.292719
0.601084
0.740971
2.32434
2.64186
2.47999
0.789749
0.858824
0.807666
-0.0676494
0.637391
2.63494
0.0781392
2.6326
0.573254
0.740404
0.631094
0.741128
-0.0309424
0.653803
0.882034
0.142161
1.06046
0.0682087
0.912601
1.60753
0.813405
0.722359
0.588933
0.565083
2.67896
2.74695
1.51153
0.474247
2.57766
0.608006
2.78317
2.1728
0.707948
1.22422
1.97199
0.737855
0.589509
0.362081
0.616058
0.0477196
0.740011
0.133447
2.45413
0.923006
0.737276
1.32785
0.750278
0.13245
2.36876
0.623072
1.43943
0.915208
0.761675
2.71463
1.2836
1.05518
0.578821
0.781879
0.33479
0.735539
2.49544
2.48249
0.0642677
0.737428
2.75083
0.117261
1.59886
2.90337
1.21135
0.186344
0.518392
1.21965
0.350318
2.26873
0.717125
2.7112
2.42805
0.56594
1.44616
0.59218
0.737466
0.593331
0.445398
1.62633
0.346374
1.43909
1.289
0.251811
-0.142398
1.07743
0.534145
1.30971
0.883455
2.51202
0.515636
1.26537
0.626107
1.68056
0.750835
0.160822
1.0102
0.845949
0.786114
2.48265
0.539281
0.28531
1.12544
2.40519
2.47789
2.5901
0.732367
2.28617
1.04757
2.70934
0.673545
2.64901
0.595379
2.60788
1.10417
2.61423
1.815
1.20928
1.1419
0.694084
0.51319
0.444119
1.82669
2.66345
2.7379
0.0521814
0.0215863
0.735124
0.105152
2.36121
0.280482
0.814278
1.86012
0.736068
0.760107
2.47805
0.431389
0.529592
0.758093
0.582888
1.2533
0.931004
0.0596945
2.81656
1.53215
0.54069
2.7485
0.277135
0.447883
2.23805
1.8517
1.34764
0.829469
2.71533
2.74153
0.887085
1.96016
2.67483
1.50199
1.1248
0.738666
2.67856
1.6606
2.50062
0.522316
1.79665
0.835478
0.797718
0.777714
0.737862
0.677018
0.567649
0.821284
0.579668
0.343541
1.71675
0.740173
0.855408
0.298722
0.212796
0.68971
2.74165
2.60257
1.85435
2.81301
0.694492
1.34856
1.85474
1.61419
2.52883
1.46057
1.98081
0.830458
0.666444
0.583699
0.837624
2.70175
0.188065
0.773835
0.383138
0.851289
0.844872
0.821984
0.770796
2.71967
1.2671
1.20463
2.75477
0.567356
0.39848
0.39268
0.71397
0.845091
2.37054
2.8251
2.74863
0.588186
2.6748
0.143304
0.536145
0.352195
0.200162
1.19814
0.439348
1.5664
1.74351
0.331701
1.06841
0.75191
0.880721
1.2814
0.586779
0.375186
0.383762
0.648813
0.74904
1.12328
0.80228
0.0898832
1.63473
1.35314
0.89811
0.856805
1.53761
2.67984
0.35648
2.70018
0.831119
0.764826
0.182047
0.518205
0.775518
1.20526
2.7062
1.46535
1.06967
0.37945
0.84146
1.13299
1.21401
0.131704
0.584611
2.50665
1.49687
0.811262
0.397164
0.255632
0.351211
0.566756
0.0778433
1.75069
0.531387
0.856413
0.180338
2.17932
0.490389
0.595486
0.729925
1.51506
2.58995
1.10246
2.06416
1.12777
2.49195
0.538426
1.72958
2.69371
0.711387
0.636465
0.241255
1.94619
0.713963
0.0232085
3.22559
2.55647
0.528833
1.86752
0.726214
0.40348
0.720942
0.570693
0.522857
1.44757
2.61797
2.19197
2.55214
0.188928
0.152613
0.746354
2.79888
2.07022
1.06643
0.683063
1.91606
0.718846
0.668691
2.623
0.37236
2.79715
2.54226
0.31957
0.862324
0.425594
2.90963
0.787479
1.32551
2.7226
0.711547
2.53128
2.51683
0.8231
0.540224
2.65535
1.5631
0.78462
0.333474
0.595787
0.744598
1.16035
0.0593294
1.16589
0.125308
0.619802
1.17575
-0.451824
1.49671
0.386631
0.447997
2.71582
0.133996
0.84056
1.92666
1.06487
0.815966
3.04578
1.47334
0.753551
2.67465
0.863356
1.16462
2.76112
0.687433
2.58267
2.03498
2.81909
1.91547
2.71989
0.62113
2.01119
0.544392
1.86273
1.21652
1.44484
3.06673
0.376502
2.4182
0.335291
0.488442
2.07897
0.560923
2.63814
1.49411
0.690623
1.32978
0.600326
0.319821
2.38374
1.1571
0.157673
1.47809
1.97251
1.5394
0.540959
0.303234
2.7431
2.3795
1.11907
0.297759
0.55139
0.831659
2.01869
1.22751
0.192649
0.74718
0.566376
0.68588
1.44731
0.8481
0.505893
1.40713
1.08744
2.50493
2.66305
0.693612
0.099879
2.63515
1.12949
2.8338
0.574448
1.04005
2.45983
3.04788
2.31058
2.78894
1.99373
1.82307
1.63557
0.185953
0.572904
0.845907
0.498895
1.64941
2.59159
1.37709
0.633216
2.78725
2.28155
0.000996568
3.39371
1.74169
0.414645
0.834931
2.77422
1.40516
1.77598
0.417952
0.346343
2.63303
0.647332
1.13116
2.79538
1.44885
0.618937
0.366531
1.71636
0.583482
0.67661
2.678
1.19653
-0.0103901
0.589947
0.824634
2.38676
0.164808
2.59859
1.17396
0.818447
1.49279
1.91427
0.589139
1.44548
0.629899
2.87963
1.83761
1.17266
0.560996
0.650418
0.738496
1.16526
1.83461
2.61658
0.581121
0.0475177
2.06734
1.23218
-0.238031
1.32048
0.585703
0.588229
2.5747
1.21988
1.23464
2.24692
0.228636
0.735907
0.829359
0.361287
0.565396
1.082
0.34075
2.78829
0.0715398
0.431629
0.159707
0.345755
2.27227
0.597141
1.42946
0.270107
0.6699
0.739974
0.161352
0.647909
1.32399
0.8388
0.845059
0.893043
1.64492
1.2254
0.45642
2.06964
0.601762
2.64329
2.35921
0.753376
2.55288
-0.258354
0.788248
1.13984
1.45318
2.60775
2.74888
1.56418
0.611466
0.0438829
0.397549
0.81381
0.136788
0.76624
1.04292
2.61859
0.421488
2.70134
0.344748
2.81986
0.193642
1.24411
2.28653
0.941241
0.813928
2.37813
0.362189
0.355869
0.636909
0.110422
1.13006
0.384143
1.17489
0.882624
0.308411
0.567574
0.554214
2.36793
2.17267
2.02834
1.16802
0.362988
1.72455
2.86718
0.935847
1.312
1.96098
2.83657
0.657447
2.45949
0.0556349
3.0712
0.59049
1.24919
0.501054
2.82531
2.53086
1.91546
1.55289
0.46627
2.64502
2.39142
0.167412
0.771406
2.46837
1.1048
1.32054
0.10611
1.81084
0.299948
0.696816
1.8961
0.342725
2.64547
1.23114
0.657856
1.30749
0.389049
1.31911
0.822649
3.0362
0.761553
0.0125969
0.869168
2.49396
1.60921
1.98134
0.201337
0.523182
0.776435
2.73207
0.632733
0.211255
0.57679
1.18308
1.25564
1.56498
0.151849
0.654846
1.49745
1.21498
0.496698
0.111625
1.46296
0.277536
2.69188
0.5724
2.44407
0.662311
0.951574
0.755425
0.65643
0.661546
0.773172
0.375968
1.72289
2.9753
1.11774
0.717151
1.77425
1.45253
1.15264
0.554057
1.76952
0.871007
0.616056
0.620937
0.51528
2.16529
0.128349
1.11337
0.698124
2.09368
1.08933
0.151963
0.931916
1.42122
0.184712
0.663685
2.88714
0.0472431
0.63586
0.668238
0.193028
0.597302
0.615186
1.07439
0.839125
0.432362
1.43703
0.924149
0.441919
0.832104
2.91321
0.206573
0.596664
1.43551
0.196898
0.833792
1.20831
1.24625
1.91148
2.67052
0.804566
0.817687
0.238919
2.73426
0.92787
0.334852
1.22146
2.36746
0.823135
2.12137
0.36742
0.358627
1.01
2.28652
0.641814
-0.0212693
0.242708
0.614182
0.306392
0.869452
2.73992
2.36897
2.55568
1.40501
1.13208
1.93539
0.624692
2.50703
0.828865
0.599453
0.401617
0.814983
0.657449
0.263075
0.84594
0.192073
0.782984
0.841004
1.52518
1.10517
2.52964
1.86717
0.787055
0.804602
0.947739
0.0933462
2.72088
0.726541
0.180224
0.469673
0.413075
0.287255
2.74577
0.930991
0.488298
1.25371
0.758032
2.46177
0.791275
0.600246
2.2236
0.943253
1.0275
0.573983
1.4756
0.349046
0.805859
2.48334
1.42251
1.4407
1.18154
1.59452
1.12857
0.587632
0.715225
2.48281
2.67807
0.642915
0.999482
2.59186
0.266735
0.538833
2.67704
1.07075
0.621269
0.88589
0.606524
2.56848
1.39567
0.344303
1.66794
1.56349
0.997558
1.17866
1.48251
2.81507
0.0458181
0.748499
1.63271
1.55474
2.7003
0.864113
0.209213
0.679832
-0.0712316
2.09748
1.12996
1.74562
0.421836
0.39534
1.05007
0.643536
0.0839852
0.409325
0.823256
0.119984
1.11833
0.453648
2.69406
0.621499
0.866161
-0.0977327
0.447069
2.30982
0.947316
0.593576
0.0912253
2.62797
0.195322
0.859993
0.113952
1.91334
0.330852
0.840412
2.68033
0.20189
1.94916
2.58562
1.07279
0.458469
2.67181
0.537235
0.634039
0.914283
1.98049
2.67562
1.07419
0.544905
0.678654
0.721238
0.145777
0.609994
0.554759
0.167416
0.661819
0.356285
0.359345
2.69659
0.606595
2.71314
1.43583
0.127425
0.254811
2.69486
0.750779
1.06525
0.346383
2.69362
0.441542
0.648043
0.370463
0.762694
2.5692
2.84508
2.38227
2.05112
2.14083
0.623907
-0.14546
0.369223
2.10127
1.07234
0.625876
1.10604
0.368437
2.79138
-0.466888
0.66431
0.956023
0.221307
1.46304
0.0158963
0.958357
0.644126
2.7129
0.161057
0.0811366
0.375248
1.40561
0.817631
1.33091
2.09879
0.746169
2.42255
2.81562
0.691444
1.94804
2.79844
2.53614
1.50518
1.53955
0.188437
2.84633
1.29192
1.10939
0.20182
0.141472
0.845708
1.08847
0.836962
0.191854
2.70565
0.091203
0.470101
1.34959
2.62886
0.492472
2.79194
1.15515
2.54426
0.686753
1.43289
0.693092
2.90049
2.39136
0.140971
1.24966
1.89254
2.70391
1.51659
2.3666
1.49269
2.30182
0.60726
0.763678
0.994918
0.481079
0.455656
0.477984
0.832255
2.50247
1.34875
1.57255
2.50718
0.678774
2.59409
0.449758
2.62247
2.25764
0.81441
0.483193
1.27596
0.903174
1.24669
0.708193
0.69862
0.749665
1.4137
0.320436
1.65372
2.55952
1.45457
1.43378
1.23174
1.74755
1.2157
2.39901
2.006
1.60098
0.611897
0.251004
1.46222
0.311302
0.931525
1.45002
0.573024
0.0860382
0.0977835
0.991642
1.59051
1.42473
2.60944
1.51878
1.12501
1.65692
0.124787
0.69159
1.86635
2.48291
0.360876
0.128649
0.749603
0.729181
0.392863
0.779792
0.630999
0.569491
1.10536
0.199795
2.86049
1.68232
0.184216
2.3604
0.879806
2.60236
0.61567
0.681796
0.409943
1.1797
0.495536
0.478816
2.70363
1.21967
1.83897
0.939874
2.8533
0.811454
0.116316
0.361688
0.965898
0.227361
1.26402
0.510237
0.140963
-0.0427438
2.66076
2.0647
0.439984
2.98074
2.35806
0.329422
0.403807
0.403305
0.543132
1.45008
0.362495
1.92892
0.601072
1.32519
0.780336
1.11388
1.96637
0.624015
1.62578
2.75547
0.444152
0.154942
0.856423
0.701928
0.202647
0.481591
0.139969
2.64215
1.52
1.42003
1.73314
0.118516
1.40337
0.129491
2.67456
0.683901
1.09461
1.6227
1.38325
-0.467361
2.52175
0.00787949
0.0677171
0.85282
1.24489
2.09975
0.439927
2.6426
1.1378
0.49507
1.34222
1.61435
0.623569
0.470081
0.574782
2.52663
1.25496
0.635253
1.26393
1.08593
1.29821
0.314694
2.46055
1.33132
0.422255
1.42336
0.769709
2.72173
0.8203
1.18932
1.06119
0.546153
0.744869
1.11828
1.12107
0.819026
1.98052
0.379873
1.08977
1.59784
0.459568
2.86755
2.86143
2.84038
0.429718
0.135631
2.17394
0.442427
0.739756
1.24391
0.365065
0.167109
0.547374
0.49667
0.193425
-0.185698
1.11341
1.25294
2.84737
0.128717
-0.46267
0.551775
-0.459921
0.829862
1.50793
0.281435
0.187884
0.459004
0.730145
2.7147
2.85864
1.32062
2.38128
1.18401
1.23939
2.9356
0.690071
0.0778359
0.705563
0.681665
0.0897313
1.60182
2.46802
0.59036
0.268628
1.22367
0.557269
1.99274
0.381363
0.587366
0.700127
0.361955
0.845835
1.69339
0.818768
2.95179
2.72255
2.32158
0.485232
2.91504
2.73401
2.83932
1.95803
1.22926
1.44755
1.44524
0.815367
0.865449
0.370568
1.25527
0.623994
0.500168
0.55794
0.447034
1.20093
2.46499
1.3465
1.48213
0.702504
0.194043
1.58149
0.86624
1.72007
2.67549
0.155443
1.47422
0.873966
0.184255
0.254052
0.373805
0.682153
2.69455
2.49107
1.47984
1.88352
1.94607
0.763866
0.0821726
0.606473
2.42215
1.50812
0.577985
0.164412
0.877589
2.58134
0.803548
0.831796
0.143631
0.731025
0.317748
0.110563
0.462819
0.346834
0.109053
2.55807
2.7254
0.57687
0.779199
0.0659569
2.72588
2.70973
0.346872
2.85008
0.726984
0.418233
1.42336
0.0778957
0.856545
2.58306
2.64793
1.50494
2.73509
2.64669
2.25399
0.708557
2.44691
0.626031
0.0874336
0.775859
0.739811
1.74248
0.362789
2.47993
0.828653
0.444713
2.57234
2.55276
1.45179
0.983591
1.52175
1.59082
0.533174
0.386485
0.0609864
0.375566
1.13214
0.94925
1.8899
0.420641
0.400694
1.24004
0.37711
1.74664
1.63935
0.779575
1.83636
0.598521
0.555512
3.01333
2.87037
1.8704
0.360051
1.10534
1.34876
0.197902
1.97536
1.15636
2.93604
1.87039
1.08121
0.728957
2.34696
2.54275
0.745083
1.47132
0.249694
1.95129
0.108757
-0.447853
1.52574
2.64499
0.559747
0.1362
0.837469
0.151708
0.835412
1.71386
0.417037
-0.454415
1.22961
0.881287
0.826727
0.444617
1.44188
2.69775
2.7101
0.740031
0.835129
0.427241
1.70429
1.32405
1.56417
2.55127
1.7698
0.170621
0.644996
1.1864
0.7504
1.28876
0.757659
0.777189
1.52005
1.52515
0.609674
0.7426
1.07544
0.792382
0.782045
0.402286
2.82835
1.51554
0.722121
2.25462
1.31289
-0.00358724
1.9262
0.241421
0.856628
1.05877
0.1485
0.737085
0.146874
1.27734
1.85739
0.892099
0.354359
2.67475
1.86136
0.953027
0.574779
0.714483
0.947678
2.57746
1.1877
1.09199
0.0308794
0.153006
1.32911
2.69168
2.56294
2.39166
2.70979
2.49358
0.803018
1.51592
0.802702
1.4682
2.80514
0.0999583
0.826425
2.63865
0.795315
0.377732
0.843355
0.719571
1.10295
2.07928
0.0846974
1.68665
1.87461
0.86471
0.77084
0.56908
0.797598
-0.120111
0.85026
0.836483
2.87269
1.83329
0.0684429
0.751691
0.75849
1.20824
1.34313
0.415147
0.701272
1.30152
2.83382
1.47326
0.954664
1.56262
2.54965
0.937679
0.338414
1.3686
2.67752
0.83554
0.710589
0.583438
0.430904
2.53467
1.20345
0.649388
2.63726
0.70389
0.76213
1.534
0.38131
1.54196
0.27019
0.0422053
0.765861
2.44787
0.502861
0.947379
2.8179
1.46551
0.455123
2.07205
0.142835
1.19298
2.76586
1.21026
1.46588
1.98277
0.748123
1.135
2.35104
0.242842
0.0938898
1.17643
0.578368
0.691899
0.481407
1.18724
1.36621
2.244
0.872847
0.790181
2.73151
0.772067
0.999005
0.344883
1.10144
1.05798
0.683164
0.334012
1.28509
2.7903
1.4355
3.03108
0.0984344
0.550202
0.0806999
0.852894
0.0896616
0.770298
2.26499
0.803082
2.39511
0.744414
0.205562
1.26887
0.627989
0.829298
0.511325
0.604711
0.721288
0.52247
2.457
0.815964
0.830642
1.09839
2.65861
0.444458
2.65677
0.562618
2.84007
0.29853
0.496455
1.191
1.73163
0.625467
0.209518
0.758254
1.19679
2.77786
0.347807
1.50577
2.75606
0.865189
1.02381
2.80951
1.05917
1.87334
1.07255
0.621106
0.725298
0.518015
1.34511
0.185201
0.881103
2.4713
0.623623
0.586625
1.10454
2.69327
0.111414
1.50734
0.322119
0.713705
0.787581
0.512795
2.4196
0.110528
0.978685
0.677869
0.80132
0.739103
1.73782
0.659633
0.6185
1.84884
0.793436
2.50077
0.608302
1.99735
2.74801
0.631873
0.153565
0.791467
0.425147
1.52298
0.406402
0.115754
2.31951
1.23846
0.597768
1.97195
1.02668
0.83158
1.40717
0.405848
1.16713
2.49043
1.78211
1.06358
0.587755
0.75475
2.74149
2.69311
1.78261
0.376127
2.82662
0.958345
0.0834712
0.447079
2.63749
0.797525
2.6619
0.336241
0.772046
0.981774
0.20016
1.22073
0.0962867
0.798236
2.5503
2.98034
2.28646
1.8093
0.377258
0.806591
1.4564
1.15574
0.749212
0.810115
0.790321
0.524586
0.790293
0.486234
0.816936
2.84134
0.748183
0.67431
0.662711
0.668405
0.74068
0.787185
0.74832
0.359149
0.79127
1.6427
0.665475
1.11958
2.71862
2.59219
1.02622
0.711164
0.0983007
0.786673
0.898579
2.67484
0.674145
1.13698
0.771262
-0.215679
2.64706
0.971134
0.957557
0.0687041
1.39551
2.79056
1.76294
2.69942
-0.417833
0.610357
0.143909
0.055425
0.0633384
2.60816
0.319513
1.37372
0.124793
2.55246
0.321823
0.971774
0.505507
1.36785
2.38616
2.45652
1.74528
-0.422877
2.64795
0.403838
0.541352
1.06016
0.458067
1.84335
0.553488
1.45418
1.7401
2.70675
-0.374471
0.986438
1.49167
2.56379
2.33416
1.18604
1.18917
2.43212
1.85265
0.624438
0.661251
0.14058
2.68367
0.63462
2.63925
0.536282
1.09541
0.649612
1.85815
0.958539
1.11425
0.85255
1.11724
0.295372
2.1507
1.16099
2.18881
0.403766
1.35401
1.47928
1.15425
2.28247
0.778628
0.77914
0.713068
0.622033
0.495234
0.674576
1.46204
1.35553
1.64263
0.478627
1.90812
0.818353
-0.431874
0.662212
0.662031
0.436289
1.21331
0.721519
0.800547
0.75945
0.516773
0.0911271
0.803032
0.826762
0.755166
1.22363
1.31726
0.794936
0.278515
1.1627
2.22824
0.912214
2.26005
1.98325
1.39415
1.95555
2.50248
0.55228
2.7171
2.61797
1.611
2.6861
0.760484
1.65746
1.19334
0.0625744
0.615214
1.63298
0.798904
0.0911163
0.71189
-0.252966
0.590786
0.187028
0.798224
2.27881
0.466841
1.61051
1.49303
2.58373
1.0255
0.659453
0.590103
2.97047
1.96818
1.94827
2.38338
0.643728
0.800458
1.51175
0.761455
0.171336
1.33307
0.832495
-0.20115
2.73553
0.804385
2.73471
0.804059
2.04114
1.80931
0.573755
1.23881
0.880567
2.09857
0.821956
1.93147
0.717225
-0.347213
1.78818
0.775476
0.801889
0.810681
1.09654
1.52407
1.41352
0.791135
0.098184
0.724127
0.769909
0.536738
-0.164315
0.72519
0.801484
0.747331
0.78799
0.895854
1.18472
2.48754
2.34217
2.64773
0.635659
0.0781031
0.733725
0.355162
1.46932
1.46545
0.736145
0.152208
1.1326
0.134257
0.767311
0.196909
0.655463
0.30529
1.18796
0.728383
0.734466
1.13529
0.553546
2.94174
1.67142
0.717965
0.790543
0.582218
0.828877
2.63891
-0.393685
0.865463
1.9265
-0.397198
1.85554
1.86576
0.820868
2.74496
0.828392
1.21006
0.0932564
0.550643
0.642719
0.696434
0.877611
1.19275
-0.435537
2.65383
0.711781
0.382394
2.29065
1.10489
1.27815
0.699015
0.804336
2.28129
0.732741
1.68634
0.414709
0.777209
0.739492
0.793319
1.21938
2.75143
1.11511
2.04225
1.34023
0.584012
0.748116
0.736323
0.75241
0.853218
0.602615
0.816142
0.861645
2.39768
1.12779
0.19681
0.799269
0.768693
0.392916
0.0478573
2.67742
1.31444
2.47311
0.830439
0.874651
0.113642
1.76965
-0.0346621
0.0723417
0.306429
2.95101
0.747356
1.16337
0.238404
0.520582
1.05595
0.302892
0.823919
1.39686
0.718386
0.704289
1.32398
0.798048
0.579011
0.684305
0.727947
0.877454
0.409951
2.70102
0.860058
2.59929
0.773893
1.49806
2.17469
0.334735
1.25243
0.675502
1.17177
-0.240252
0.104367
0.866672
1.20182
0.0189093
3.30574
3.28412
0.419715
1.21343
0.0997833
1.2222
0.601105
0.596724
1.12683
2.42942
0.831471
0.604268
0.684622
0.548724
0.597068
0.700732
1.27809
0.826189
1.55078
0.595075
0.612798
0.598568
0.321216
0.803333
0.60684
1.46525
0.195309
0.203884
0.622101
1.22446
0.616953
0.72482
2.49628
0.809847
1.19251
1.22741
0.628358
0.116726
0.306824
0.798771
0.687359
1.21513
1.11565
1.62407
2.096
0.978612
0.786307
1.16837
1.07193
1.12385
1.05714
1.25969
0.202871
0.660359
1.09415
0.131537
0.933793
0.362497
0.107359
2.28538
1.17352
2.51024
2.79714
0.826803
0.608845
0.687721
2.06301
0.461903
0.834914
0.706885
1.24951
0.752394
0.810423
0.630529
0.639194
0.827656
0.461347
0.82952
0.00905419
0.676737
0.572833
0.821212
1.133
0.919213
0.687762
0.166071
0.580948
0.604549
1.86881
0.388238
0.820882
0.101214
0.64429
1.2886
1.13286
0.76071
0.859086
1.45059
0.705387
0.684703
0.810062
1.49683
2.51308
1.91642
0.727246
0.819927
0.0381521
2.67889
0.327065
0.824008
0.65205
0.834784
0.659712
0.699384
0.725242
0.721742
1.14186
1.24558
0.490339
0.76331
1.83048
0.591752
1.23288
0.807502
0.67332
1.45305
1.10848
2.75571
0.395524
1.13089
0.320737
0.607327
0.745499
1.53094
0.865394
1.24674
1.69801
0.876266
2.68038
0.834812
0.817444
0.73209
0.70989
0.548767
0.525626
1.99817
0.740291
0.669226
0.709459
1.30015
1.9987
1.1568
0.767444
2.56197
1.1057
0.625267
0.0318817
2.76012
0.515429
2.60842
0.716172
0.919096
0.0923684
0.73891
1.53782
0.529265
0.696882
1.6099
0.822781
1.96659
0.665341
0.481013
1.10761
0.774421
0.182952
1.35093
0.784556
2.34717
0.833782
0.897395
0.72849
0.0814415
1.81173
0.596476
0.680105
0.0989246
1.534
0.388997
0.67627
1.14785
0.663045
0.337066
1.12775
2.47678
0.826963
1.17618
0.626006
1.22492
0.565945
2.4898
1.69892
0.785291
1.20754
1.22676
0.0755154
0.887831
2.59695
2.62789
0.115166
0.677826
0.579514
0.901657
2.73179
2.73806
1.28638
0.78592
1.48392
0.804886
0.756475
2.73958
0.146292
1.07538
0.53493
0.818098
0.205464
0.507889
1.70061
2.71633
0.804006
0.703385
1.27386
1.43669
1.30615
1.76082
1.7314
0.384291
2.05528
0.742091
0.700157
0.362917
0.738852
0.972512
0.560515
1.1314
0.52482
0.686061
0.813899
2.44606
0.590161
0.826626
0.811379
0.593156
0.771975
1.08331
1.96903
1.75161
1.15066
0.620211
1.52843
-0.357916
0.456512
2.73697
1.06118
0.680407
0.339599
1.78751
0.830989
0.82512
1.32376
-0.094216
0.263729
0.35632
0.595223
0.360075
0.657488
2.37685
1.35746
0.187166
0.65652
0.822807
0.725232
1.27052
1.08077
1.19188
0.805418
2.60962
1.11226
1.83083
0.467094
2.60599
1.25252
1.83015
0.395527
1.26261
2.5817
1.51973
1.68827
0.757282
1.16039
1.0547
0.652403
0.680089
0.408157
0.739259
0.691408
0.735433
0.695682
0.357811
1.77789
2.18605
1.74691
0.762571
0.704848
0.416841
0.914054
1.16746
0.837313
2.26939
1.1297
1.13798
0.384525
2.51164
0.742664
1.23586
0.548154
1.09015
2.72291
1.464
1.44694
0.420001
1.14817
0.471176
1.06497
0.797797
1.6317
1.43106
1.11313
1.01722
0.83525
0.476288
0.752114
0.751864
2.74403
1.4225
0.936342
0.660333
0.690779
2.5181
0.584361
0.547496
0.912876
0.696617
1.55052
0.607914
2.59825
0.520458
1.02228
0.195963
1.04979
0.811812
0.614674
0.372207
1.82815
0.66761
2.04593
2.13006
0.760317
0.366942
1.45967
0.310741
0.829248
1.03411
2.24778
0.497248
0.769971
0.876059
0.568897
1.9458
0.75566
0.699967
1.34233
0.54677
2.48877
0.667315
2.45271
2.37691
0.241581
0.834818
2.56327
0.0450209
0.693208
0.449398
0.321752
0.334437
0.321127
1.18103
0.816267
1.54304
0.380797
0.831822
2.22225
0.68544
1.0906
2.90789
0.709115
2.0575
0.476688
2.48325
1.45417
0.815752
2.54671
0.903017
1.48157
2.0411
0.0869734
1.51028
1.97585
0.38857
1.99718
0.955365
0.0667401
0.6685
0.566748
0.677303
0.573085
1.7679
2.68823
1.05625
0.640806
1.29576
0.38182
1.08472
0.379187
1.4015
1.79339
0.19459
0.641281
0.604074
0.134213
2.09443
0.820958
0.0629697
0.821669
1.66789
0.0896941
0.394865
1.20258
0.575765
1.13383
1.79999
0.684514
2.15768
0.794894
0.101605
1.09694
0.767347
2.384
0.614445
0.833829
0.893613
1.2743
0.209056
0.346581
2.83327
1.38102
0.881728
0.162664
1.32111
0.976884
0.360603
0.703923
0.645707
0.686074
0.698428
1.20398
0.567637
0.790704
0.792088
0.726242
0.693561
1.34519
0.119117
1.10075
0.208609
0.114886
1.87951
1.54521
0.791665
0.9414
2.5154
1.2045
2.69477
0.163324
0.0311558
1.16323
0.942827
0.801989
0.66046
0.796486
1.39888
0.258846
1.16477
0.863521
1.20523
0.789176
0.226248
0.99116
0.484521
1.34839
0.554723
0.567675
0.479531
0.791588
2.89819
0.563191
0.817714
1.47172
1.61215
2.37153
2.73914
1.20268
0.789183
2.34508
0.785024
2.01878
0.515787
1.21309
1.40589
2.54033
0.772897
0.729679
0.133081
1.49874
0.732088
0.588423
0.477238
1.27236
-0.149545
0.121582
2.42356
2.05964
0.0680597
0.273722
0.789673
1.17665
0.804286
0.11158
0.366038
0.751465
0.0631032
0.837499
0.715877
2.25089
0.803523
1.27688
0.707261
0.576889
1.13108
2.06456
0.700288
0.853559
2.39194
1.10191
2.75665
2.82199
0.798764
1.25407
2.44742
1.49284
0.953431
2.07573
0.228146
0.551283
2.68319
-0.390379
0.206694
1.46647
1.4802
0.699508
2.61034
0.603935
0.12585
0.735233
2.04348
0.752578
2.69441
2.00566
0.668307
0.732739
0.738313
0.560117
1.47287
0.797731
1.36397
2.0674
0.726276
1.30641
0.639786
1.00048
0.920929
0.0717991
1.53812
0.389072
0.75833
0.868662
0.203252
0.138643
1.33658
0.491929
0.572097
0.106053
0.996579
2.34091
1.15023
0.0646579
0.787113
0.557748
0.616131
0.130904
0.198892
0.495312
2.71291
0.158626
2.06237
0.368934
0.735685
0.612245
0.820563
1.49825
0.765296
0.291104
2.47901
1.98884
1.34563
0.587904
0.456949
0.681531
0.780313
-0.365313
2.96073
1.64381
0.76672
0.705312
0.105763
0.794786
1.45644
1.4903
1.21889
2.73923
0.428533
1.40152
2.60161
1.10419
0.824692
0.977529
-0.489734
0.613348
0.141929
0.411157
1.03685
0.790241
0.777882
2.64502
0.796791
0.806932
0.881141
0.597195
0.742533
0.798646
2.76315
0.795484
0.425448
1.28551
2.39801
1.26288
0.718016
2.42753
1.254
0.778636
0.401944
0.286237
2.4235
0.811835
0.385228
0.52459
2.59825
2.68915
2.10498
0.804993
0.351504
0.567506
0.81083
1.85793
1.47417
0.156935
0.82208
0.166205
0.573593
2.49155
0.79173
3.02117
0.67021
0.0481803
1.77905
1.76893
2.19018
0.560077
2.07784
0.181207
0.235874
0.770204
2.49433
1.18781
0.198791
1.47385
1.74845
0.987942
0.149702
0.550786
0.429718
1.60886
0.742914
1.20306
0.757088
0.699422
0.798302
0.317517
1.02622
2.19457
0.497081
2.69904
0.685188
2.64114
0.166701
0.624024
1.19937
2.88435
1.31727
1.99483
1.4349
0.93402
0.585217
0.680595
2.50181
0.172214
0.634001
0.536289
-0.246119
0.41093
0.736222
0.666483
0.659981
2.07066
2.35943
0.748034
2.3911
1.44566
0.587068
0.181917
2.37651
0.666513
0.539
0.0566345
1.10705
2.27711
1.94883
2.9552
0.859291
0.737012
0.722267
0.176936
0.710286
0.752275
0.926949
0.75637
0.471621
0.618546
0.782235
0.712326
0.562082
2.88365
2.18527
-0.310306
0.614128
2.65201
1.10848
0.0851876
1.2785
1.20579
0.176429
0.646214
0.772342
1.81323
0.600219
0.868114
0.658886
1.35577
0.234139
0.574898
1.28987
0.191288
2.82875
2.425
2.70002
2.71248
0.744125
0.760573
0.699819
0.577435
0.671934
0.673551
0.726732
0.626796
0.74583
0.788885
0.44435
0.815071
1.46909
1.33326
0.0719998
0.864374
0.817155
0.56113
0.719446
2.86004
0.169098
-0.2855
1.46331
0.359053
1.29797
0.406565
0.163993
0.579041
1.06578
0.200487
2.28263
0.163699
0.81793
0.790631
0.528264
2.0611
-0.474833
0.151111
2.61005
0.172372
1.19547
2.61149
0.380454
1.17478
0.820039
0.565468
0.675286
0.0608179
1.42039
1.73689
0.7544
0.887198
0.499068
0.442234
2.67128
0.880706
3.09683
2.75124
0.899079
1.58103
0.686515
1.05481
1.26529
1.84149
0.649754
2.34671
0.794042
-0.494433
0.783692
0.686482
2.70187
-0.328265
1.1166
-0.0453474
2.55665
1.96804
0.401008
1.4054
0.588079
0.874258
0.730726
0.739837
0.757181
0.737462
0.697984
0.784319
-0.391293
0.791724
0.741159
0.352366
0.694596
0.758027
0.229262
0.732792
0.54981
0.199265
1.76003
1.2645
1.09196
0.832665
0.431595
0.318398
1.1942
1.16849
2.44064
0.772392
1.14024
0.8333
1.15658
0.758954
0.723879
-0.165242
0.79377
1.02605
0.555604
2.61193
0.811395
0.980789
0.614322
0.699213
1.19012
0.875972
0.863169
0.810329
1.19055
1.28048
0.865383
0.728164
0.0764197
0.728561
2.72671
0.766338
1.40655
0.761675
1.39022
2.57101
2.54681
0.93375
0.701465
0.664603
0.725449
2.54906
0.754286
1.19401
0.788058
1.51685
0.64899
1.11925
0.76238
1.21935
1.17361
1.68207
0.591613
-0.183667
2.71994
0.654802
1.20496
1.88204
-0.490883
0.698264
0.656455
0.759531
0.36191
0.805709
0.857994
0.586893
1.25054
2.69294
2.35794
0.646368
1.2687
0.667422
0.579197
0.462539
0.614727
0.814641
0.700252
1.04118
1.45078
0.833056
0.710406
0.236834
1.16646
1.07717
1.22821
0.754416
1.83578
0.606091
0.779806
0.326064
0.77403
0.727912
0.764387
1.29215
0.139777
1.74761
1.23057
0.797539
2.08114
0.85364
0.372893
0.696131
2.17817
0.73229
0.554336
-0.273298
0.73501
0.434409
0.743381
0.78683
0.691877
1.36615
0.609016
2.68805
2.64911
1.07608
0.819408
0.5554
1.70384
0.515345
0.595299
0.10233
0.881404
0.745514
0.799837
0.592291
0.594063
0.781832
1.35557
0.717689
2.01951
1.11979
0.659759
0.653452
0.736139
0.493237
0.818018
0.804474
0.481543
0.821607
0.833074
1.81587
0.720749
0.161015
0.762069
0.803383
0.650793
-0.327761
0.70521
1.51024
1.17004
0.154087
1.19944
0.814675
1.09874
0.586277
0.800424
1.03854
0.680288
2.89652
1.03961
0.783593
0.869215
0.83132
1.23525
0.84772
0.75351
0.604504
2.30012
0.765637
0.826459
0.861417
0.76
0.627677
0.827764
0.804064
1.1804
2.42731
0.814754
0.715372
1.51709
1.37061
-0.406749
0.510273
1.47085
0.809862
0.811314
0.586657
0.615865
1.19313
0.994957
0.324908
2.72215
2.86521
0.711813
0.752207
0.568862
0.188488
2.75594
2.36574
0.693671
0.761207
1.27402
1.33711
0.54757
2.90575
0.799389
0.812264
1.64311
0.558377
0.796142
0.586399
0.288749
1.19391
1.13575
1.2078
0.842369
0.295472
0.613282
2.69379
0.7994
0.803631
0.628201
2.70974
2.85935
2.24751
0.832055
0.796813
0.776062
1.23802
0.79677
0.446606
0.158787
0.55376
1.19845
0.764852
0.676114
0.764162
1.40944
1.73087
0.716564
0.767455
0.836413
0.793572
0.949385
0.81606
0.826412
0.79165
1.20156
0.140436
1.04329
0.815776
0.880819
2.70876
0.768027
1.2313
0.597309
0.578824
0.734468
0.791471
0.815088
2.5358
2.26017
0.580322
1.25082
0.755129
0.366806
0.577748
0.715079
-0.154469
2.61745
0.798654
2.58734
0.717532
1.15562
0.769501
-0.218453
1.97932
-0.442188
0.755143
0.779675
0.76576
0.693158
0.805856
0.781782
1.6394
0.759519
0.586378
2.24886
0.813291
0.0438702
1.03924
0.680434
0.784663
0.0866456
0.54908
0.821473
2.78471
0.994741
0.698472
0.979742
0.381755
2.65999
2.76286
0.489772
0.056182
0.729519
0.738685
1.19672
0.751968
1.00589
0.726409
0.80811
1.53883
0.824846
0.80801
2.49146
0.766823
0.830599
1.23682
2.75453
0.219554
0.957493
1.84333
0.703525
0.713382
0.856892
0.582736
0.314886
0.603775
0.192979
0.814764
0.215764
0.61281
1.742
0.20803
1.55928
0.420939
1.10551
0.66389
0.791634
1.12728
0.382361
0.838371
2.23932
0.402167
0.856954
0.185956
0.766655
0.736399
2.69596
0.0542192
0.696575
0.849536
0.67151
0.676502
1.01326
0.881701
0.766205
0.579099
0.718108
1.05537
0.85246
0.366056
0.766411
0.27326
0.570757
0.699362
2.02972
0.60081
0.788111
0.465497
0.36391
0.440538
0.779396
0.589238
0.154988
0.696742
0.767806
0.76691
0.664519
0.908468
0.121096
0.64423
0.658627
0.401435
0.748263
0.579943
0.488358
0.857457
0.508812
2.95339
0.437847
2.27084
0.819265
0.204982
0.695508
0.822762
0.350144
0.587236
0.781556
1.11179
2.50821
2.23017
0.451696
0.590553
1.10748
0.61038
1.26886
0.582778
0.420363
0.64192
0.160083
0.936491
2.73019
0.720307
0.768609
-0.0999858
1.05158
0.236231
2.36572
2.73178
2.73714
2.37552
0.175216
0.716937
0.0797377
0.589817
1.00332
0.723165
0.533851
1.14285
0.720051
2.55014
0.607147
0.775309
2.74806
1.27125
2.70033
0.819615
1.75047
2.79137
2.81709
1.14263
2.61422
1.01053
0.969409
1.29304
1.98875
1.16728
0.101604
2.60039
2.17582
0.8286
1.02236
0.149283
0.793912
0.794448
0.596039
0.56047
1.00384
0.163405
2.61527
0.182739
0.534095
0.135039
2.57444
1.338
1.10533
0.21626
0.596361
1.16197
1.2064
1.03616
0.822769
1.3837
2.43726
2.44615
0.591257
1.06682
0.682835
0.599096
1.26123
2.34988
1.06318
0.495105
0.67948
0.322386
0.940328
1.82853
1.1859
0.174254
2.77957
2.70098
1.19857
0.423063
1.80146
2.16689
-0.216464
0.753209
0.767085
0.0516272
3.08872
2.18593
1.62298
0.774044
0.27803
0.145715
0.222605
0.554935
0.576891
0.596927
0.551044
2.79825
-0.114146
0.695324
0.545976
2.81152
0.587942
0.861407
1.42745
0.961146
1.51621
0.732925
1.39612
0.341895
1.5175
2.03211
0.121542
0.164378
1.94521
2.32834
1.12809
2.54748
2.63653
0.751959
0.63663
0.494
-0.2003
0.917332
0.604924
1.59638
1.37508
1.16161
0.132414
0.154076
1.04543
0.56488
0.527892
0.735672
0.966733
2.7151
0.31553
0.327619
0.0950336
2.65157
1.9895
0.977783
0.559694
0.252129
0.179531
0.536453
0.562434
0.354839
0.914999
0.569419
0.466227
0.760603
1.38402
1.69129
1.19231
2.68676
1.25261
0.170677
2.4941
0.470802
0.552813
0.099258
0.00191827
0.50647
0.158346
0.328769
0.802181
1.02319
2.64838
0.470839
2.69601
2.05624
2.77509
0.434027
0.447646
2.59897
0.593303
1.34769
2.69271
1.70999
0.365106
0.207461
0.467786
2.30151
2.67594
1.88365
2.75684
1.29757
0.69803
2.45902
1.45178
2.32515
1.76652
1.20978
0.510318
1.23759
2.90991
2.24343
2.44884
0.536241
1.81083
1.74678
0.0354856
2.74774
1.04559
0.047266
0.202792
0.479648
1.98323
2.01841
0.591957
0.480844
0.0460077
1.08817
1.30463
2.25239
1.69928
2.49144
1.29154
1.04091
1.83813
1.04347
1.38688
0.292144
0.472391
2.67251
1.31102
1.7705
1.0524
0.943532
1.35048
2.70919
1.97811
1.1409
2.40719
0.32086
0.519408
2.80022
0.190691
2.656
2.67847
1.89
0.198136
1.96397
0.197984
2.01576
2.85394
2.92969
0.94765
0.672972
0.330173
2.56972
0.176348
0.297606
0.590572
1.2869
0.31894
0.706924
1.62783
2.58015
1.94458
0.812451
2.69888
0.940438
0.809394
0.151699
0.618055
1.39941
1.92336
0.814792
2.59796
2.77865
0.754306
0.263818
1.22479
1.04049
2.26359
2.62956
2.73706
0.0907574
0.324512
0.818537
1.27477
1.42025
2.81816
2.94422
2.60659
0.123113
1.40755
0.160774
0.575019
0.723076
1.21496
0.496231
1.35031
0.787673
2.36752
0.513299
1.17723
2.4136
0.317028
0.336171
0.349909
2.72239
2.77312
1.44558
0.27989
1.22119
1.27145
1.88412
0.160846
0.850456
0.733572
1.4439
0.872488
2.87055
0.484442
0.731223
2.49673
0.0959252
1.99854
2.43283
1.06428
0.852443
0.170011
0.58724
0.674886
0.133292
0.147328
2.14256
0.680979
0.148504
2.55618
1.74246
0.183831
0.129078
2.57792
2.26856
1.33524
2.72946
1.77043
0.310474
0.718923
2.60428
0.162232
2.6483
2.59637
0.789233
2.55367
0.170991
0.843984
0.102762
2.73799
1.2781
2.45818
0.162733
2.74702
2.72568
2.27568
2.76591
0.445767
0.156269
0.84291
0.788162
2.64055
2.46622
0.720813
0.93978
0.2766
1.398
0.518881
0.485144
1.21233
1.90897
0.17201
1.08648
2.61583
0.500569
2.73196
1.40501
2.59367
2.65198
3.06798
2.65869
0.404156
2.77932
1.66392
0.578969
2.4821
1.95184
1.56564
0.0580201
1.27963
0.125363
1.39727
0.364959
0.490487
1.69448
2.54357
0.13422
0.502358
0.0330397
1.6205
2.08785
2.90075
0.0945932
0.725752
0.3317
2.72543
1.18907
1.448
2.09476
1.24592
0.463664
0.925334
1.46852
1.18798
2.88208
0.0959534
0.1133
0.132158
2.03295
2.3554
0.0721304
2.65593
1.99225
2.70562
2.45646
1.22699
2.50518
1.68967
0.801605
1.93533
0.143666
2.73165
0.162009
1.91419
0.141753
0.280492
0.913259
0.147405
1.52494
0.648784
2.88832
0.492413
0.690828
0.69511
2.71134
1.91381
2.73893
2.91374
2.70883
0.428701
0.787071
0.171433
0.0573564
0.490731
2.653
2.37505
0.397576
0.531209
2.92951
1.28444
0.186566
2.72633
0.689747
1.6138
0.167077
2.69459
2.66206
2.5799
1.16299
0.598833
0.164062
1.91587
2.6899
0.19608
0.401584
0.553725
-0.457913
3.20798
1.90001
2.56206
2.64351
0.147122
0.763279
1.08978
0.192738
1.96606
1.51131
0.0545489
2.65071
2.53661
1.73825
2.74045
0.605264
0.596104
0.67451
2.59608
0.191935
1.04213
1.4145
0.31614
0.0798642
0.150743
1.44388
0.193578
2.04723
2.65502
0.591347
1.46051
2.79543
1.50023
0.174739
0.828048
0.795945
1.12266
0.240949
0.0843842
2.91376
2.63404
0.110394
0.142429
2.90801
1.32989
2.64911
2.59845
2.40615
2.29247
2.69667
2.3156
0.838687
0.550901
0.401587
2.14583
0.157542
0.157578
0.828045
0.346762
1.3114
0.146877
0.911404
1.29833
0.962841
0.108368
2.34585
1.49453
2.01975
0.38874
1.40802
1.82634
1.99253
2.78144
2.26009
0.202561
0.944347
2.73569
1.02356
2.47168
2.40454
0.407592
2.58111
0.181755
2.8418
0.128673
0.140317
2.56195
2.83247
0.497416
0.801882
0.800509
1.46224
0.125924
0.144527
0.131245
2.83899
0.349905
0.345322
2.73992
2.7009
0.177462
2.69295
0.197589
0.398561
1.62514
0.425721
0.061024
0.865283
0.880151
2.46911
0.1129
2.62013
0.732307
0.116857
0.725765
2.72708
0.163074
2.78269
2.93587
0.20425
0.73156
0.951144
0.543792
0.165395
0.415848
0.94596
1.58732
0.136538
0.806772
1.05198
0.423031
0.428738
2.40325
2.70281
2.48189
1.13107
0.241083
2.6732
0.590573
0.790204
1.07881
2.68125
1.73464
0.684361
1.8388
0.595471
0.169641
0.160757
0.141179
0.783074
2.59023
0.81393
0.683567
3.06014
0.367895
1.73921
0.996712
0.87151
0.59179
2.75181
-0.179004
0.422227
2.52845
2.66693
0.362992
2.9263
0.0180338
1.44751
2.49205
0.568194
-0.412662
0.417763
2.38765
0.831591
0.652452
0.728619
0.351793
0.428772
0.808831
2.86787
2.78033
-0.139188
2.72733
0.145959
2.84206
2.72138
2.60712
0.0997218
1.36029
0.839243
2.58868
0.291416
2.77293
1.75894
0.843414
0.613714
2.65367
2.65772
2.69422
0.186441
0.161573
2.63537
3.01371
0.117326
2.68429
0.81681
1.11304
2.54401
0.353525
2.56822
0.617193
0.733265
0.0790531
1.05465
0.0446225
1.05047
2.57574
0.133507
0.778569
0.106726
1.48063
2.94957
0.233162
2.66643
1.14985
1.12152
0.413903
0.143287
2.87517
0.0513756
0.405797
2.66273
0.0677262
1.45436
0.856672
1.75665
0.767947
1.30241
0.750705
1.01741
1.19983
0.0814293
0.845493
0.18348
1.51203
1.19189
0.402303
0.858543
-0.265118
2.86848
0.196308
0.896615
0.914834
2.50641
2.82413
2.92856
2.79558
1.15877
2.74603
0.307668
0.231637
1.41606
0.12812
2.7176
2.89778
2.70604
2.66013
1.45797
0.106404
1.14705
2.28829
1.23691
0.0891638
0.46061
0.857408
2.65372
-0.445059
1.13102
2.79666
0.114022
0.0974763
0.687013
0.933693
1.64326
0.191936
2.71205
1.30415
2.73122
0.320998
0.185553
2.816
2.44188
0.0704291
0.49736
2.77021
1.63056
0.834788
2.59532
0.547489
0.553877
0.166826
0.556078
0.283149
0.753851
0.786603
2.84436
2.44224
2.89804
2.68512
2.6757
0.356579
0.962458
0.593017
2.84655
0.753215
2.56307
0.555783
0.193204
2.8118
1.35653
0.589944
2.3691
2.00276
0.594732
1.06022
0.293477
1.65121
0.585951
0.689601
1.71827
0.827105
0.819462
1.94373
0.19238
2.77815
0.594644
0.550514
1.85272
0.514745
0.406299
0.537058
0.331484
0.829466
0.832442
0.923608
2.85044
1.20996
0.624994
0.135662
0.18024
0.181129
0.200378
2.56227
0.880973
0.66267
0.104488
2.76993
2.72035
2.9382
0.0344241
0.0607768
0.159895
1.31818
0.323439
2.55744
1.20256
0.829799
2.69207
0.398097
0.284808
2.52628
0.520832
2.70145
0.681162
0.359716
2.68595
0.608531
0.105165
0.108535
0.552827
2.57618
2.68875
0.649654
2.42795
2.67306
0.541769
2.33866
2.75083
0.688369
0.100664
0.719418
1.9003
2.83674
1.06764
2.92819
2.8911
0.818839
1.3276
0.735157
0.823549
0.0275586
2.79279
0.176965
0.911237
0.735721
2.48154
1.95628
2.58448
0.133083
0.842263
0.633604
0.868589
0.782665
0.303458
1.96752
2.85486
0.656919
0.824539
0.595302
2.81386
0.56969
0.823362
1.81213
0.181714
1.98835
2.64346
2.37656
2.46894
0.80326
0.358924
0.589882
2.52028
0.109411
0.0564199
0.0176559
0.834909
1.85988
0.420901
2.35667
0.09916
0.202955
0.131246
0.0954919
0.345466
1.63287
2.9853
0.782199
2.55609
0.231326
1.42779
0.505899
2.59964
0.00645473
0.615105
1.20895
0.661139
0.064586
0.32658
0.750079
0.596643
2.56446
0.071131
1.09356
0.817482
0.0625912
2.39393
0.624935
2.61629
1.66693
0.640648
0.606715
1.36161
0.148253
2.75398
1.13148
0.834418
2.02349
2.81879
2.37123
0.314156
2.77169
0.622648
0.697654
0.680325
1.33321
2.1848
0.651987
0.137992
2.68991
2.63794
1.48135
0.11665
0.337582
2.03806
2.77528
0.117924
0.774282
0.186256
0.240759
0.79466
0.499495
0.67781
1.14512
2.46384
0.357015
0.029247
2.93252
1.26803
0.260152
1.14043
1.1849
0.0628106
0.745732
2.54483
0.668433
2.88573
2.49153
0.837847
2.79466
2.80634
0.0553813
2.89306
0.534126
1.982
2.73715
0.787693
2.92394
0.793067
0.088875
0.0907778
1.45885
2.76633
0.498943
0.726545
1.25299
0.729412
1.26299
1.13249
0.675308
1.37084
1.06749
0.339362
0.599124
2.35655
2.81609
2.15257
1.23008
0.0713929
2.90208
0.741417
1.47597
1.51288
0.0527077
1.07174
1.09094
0.0565662
0.952373
2.90855
2.77879
0.0562722
0.151863
0.722334
1.53641
0.19801
0.553007
2.63492
2.77206
0.831071
1.36402
0.791068
0.0624143
0.548392
1.2379
1.47118
3.06495
2.00045
2.65238
0.755777
0.201811
2.05652
1.15431
0.0898534
0.731875
0.548107
1.72065
0.651942
0.179606
0.65583
2.87778
0.772332
-0.146653
0.183679
0.826724
0.670393
1.10144
0.789896
0.050433
1.73241
0.722872
1.31391
2.54368
0.253085
1.03608
0.150792
0.651598
1.60114
2.03605
0.374173
2.73893
1.3146
1.72714
0.361809
0.723842
0.142987
1.90526
2.4975
1.05968
1.23675
2.71035
0.325297
2.63835
0.0324657
0.0641043
0.142051
2.66483
1.15669
0.595483
1.35245
0.0467071
0.578755
0.157213
0.730068
0.712655
1.77023
0.488831
1.43302
0.193974
0.124615
0.116944
1.05917
0.287898
0.118455
0.559169
0.111091
0.316559
1.17038
0.0408606
2.8685
0.174545
0.725663
0.232875
1.45186
1.43693
0.153298
1.74117
0.480776
2.80224
1.78527
1.36735
2.10284
2.88114
0.717279
0.691209
2.36483
0.107557
0.800729
0.350113
2.90455
0.271556
2.91295
0.0463616
1.25409
0.481604
0.0854766
0.814614
0.462969
1.45487
0.259221
0.730552
1.63046
0.641999
0.566242
1.97403
1.46825
0.100844
0.725151
0.810872
0.739123
0.349084
2.90914
3.00218
2.91963
0.284945
0.448613
0.195798
1.31118
1.12937
0.727239
2.08586
0.189414
0.616716
2.71298
0.183328
0.159878
0.630899
0.137375
2.46251
2.44934
0.501732
1.09125
2.94901
1.69866
-0.440322
-0.438482
0.321757
2.77032
0.0936848
0.72644
1.26329
2.93652
3.11014
1.18201
0.20581
0.581853
1.08645
0.591352
0.164149
0.0836932
1.3129
2.95708
0.858739
0.69701
2.55369
0.636152
2.95868
0.310449
0.159857
1.01248
1.19102
1.17122
3.0181
0.734973
2.02853
1.00938
0.702742
1.14526
0.350047
2.99114
2.85097
0.688804
2.95352
0.636411
1.14662
1.14124
0.482603
0.132011
0.477633
2.9107
2.85319
2.89206
0.700823
0.175937
0.137718
0.0954476
2.78573
0.185826
0.0296559
0.0549873
2.51027
)
;

boundaryField
{
    frontAndBack
    {
        type            empty;
    }
    walls
    {
        type            zeroGradient;
    }
    inlet
    {
        type            zeroGradient;
    }
    outlet
    {
        type            fixedValue;
        value           uniform 0;
    }
    cylinder
    {
        type            zeroGradient;
    }
}


// ************************************************************************* //
