/*--------------------------------*- C++ -*----------------------------------*\
| =========                 |                                                 |
| \\      /  F ield         | OpenFOAM: The Open Source CFD Toolbox           |
|  \\    /   O peration     | Version:  2512                                  |
|   \\  /    A nd           | Website:  www.openfoam.com                      |
|    \\/     M anipulation  |                                                 |
\*---------------------------------------------------------------------------*/
FoamFile
{
    version     2.0;
    format      ascii;
    arch        "LSB;label=32;scalar=64";
    class       volScalarField;
    location    "3.2";
    object      p;
}
// * * * * * * * * * * * * * * * * * * * * * * * * * * * * * * * * * * * * * //

dimensions      [0 2 -2 0 0 0 0];

internalField   nonuniform List<scalar> 
76166
(
1.36147
1.61242
0.921884
0.103862
1.19931
0.810264
2.80534
0.574819
0.690276
1.32598
0.721606
1.07385
1.35085
1.58887
0.899045
1.3467
1.3224
0.908719
0.899051
0.907479
4.50072
0.674784
1.71286
1.15711
1.31947
1.24423
1.09346
1.14297
2.82723
4.73731
0.908781
1.10452
4.30674
0.677251
0.75109
0.209363
0.356376
1.29905
0.368202
1.29963
1.60684
1.16
1.16751
0.643286
4.96465
0.919061
0.60201
1.37437
1.31448
4.91076
0.0234286
0.0172976
0.845839
0.674152
4.07223
1.27738
0.434313
1.12434
1.16481
0.897705
0.744314
0.959197
0.90164
2.05182
3.06144
2.70937
0.372881
0.566604
1.18057
-0.200451
4.51668
4.71507
0.891804
0.990996
1.32919
1.30072
3.18923
4.05814
0.778158
2.76058
1.3487
1.29376
0.911021
4.30223
1.33816
0.906749
1.20933
0.254242
0.742938
4.59745
1.33142
0.34503
0.845675
1.13536
1.48534
1.34028
1.06025
1.32611
1.23489
1.15908
0.487308
1.02364
1.23913
1.00511
1.21574
4.75444
1.31383
0.695801
0.331007
1.29258
0.275789
1.31191
0.44754
0.941949
1.26992
1.55323
1.29178
0.573399
0.509912
1.07828
0.0279087
0.887741
0.546464
4.55438
1.07436
0.320042
0.750999
1.15541
0.514236
1.15984
0.929873
0.543845
3.72564
0.762418
1.06289
0.538355
0.897089
1.06429
1.16018
1.03995
1.10751
2.81368
5.18529
-0.450708
0.784663
1.56097
0.686748
0.930721
0.884627
0.670509
1.61694
0.887752
3.35209
4.31761
1.59281
0.293545
1.53483
0.610994
0.87984
0.779089
0.792313
0.176629
1.6129
0.79239
0.045069
4.50138
1.0436
3.72471
4.56446
1.10478
0.826871
1.04649
2.23986
4.3704
4.73039
4.65515
0.688134
1.02856
4.70863
0.945075
1.2883
1.27359
1.5931
0.793784
0.783229
0.444004
0.462077
3.88415
0.790315
0.993117
4.6464
1.24946
1.07458
0.762549
0.483276
0.959818
0.982797
1.33029
4.11021
0.637214
0.584316
0.759165
0.383952
0.745461
1.33404
4.44415
4.51762
-0.237669
4.85877
0.989576
0.886321
1.12755
1.14414
0.711704
1.00943
0.3535
1.2792
0.67829
1.17178
1.04946
1.05382
0.998865
4.73247
1.16095
1.04426
1.12897
3.11901
1.07122
0.149879
1.24911
1.05971
1.3081
1.08074
0.753613
0.972084
0.931533
0.755364
1.01318
4.43649
4.63156
0.469659
1.61223
0.866368
0.678519
0.280875
0.833995
4.10108
0.741785
4.24564
0.695654
0.803696
1.02445
4.32168
0.599034
0.771336
1.06263
1.24918
0.868513
5.61136
0.756399
1.12562
1.11636
0.802198
1.26025
0.45986
0.857298
0.503264
1.27108
1.24794
1.03317
1.07047
0.0927546
0.72802
4.33465
0.900712
1.27888
1.26739
1.11124
1.38013
4.67274
2.26799
1.04851
0.376307
1.24465
4.89149
0.475689
0.707469
1.05514
0.996992
1.06381
1.02529
4.34205
4.13697
1.19831
4.66821
0.777757
1.0831
1.04899
5.10743
0.408516
1.32043
0.596385
0.688273
4.7194
0.997435
3.6238
0.677191
0.953248
1.15767
0.356056
0.648419
1.32463
1.14392
0.618904
-0.215686
4.95275
4.11462
1.15539
-0.233441
5.45464
1.13371
0.61543
1.25599
0.758826
0.590223
4.32747
0.845309
0.729616
0.681834
0.131097
5.02664
1.15263
-0.104243
2.44742
1.02148
3.64411
3.60821
4.92972
1.17012
1.1944
0.899828
0.853004
0.998901
0.528936
1.1817
1.31249
1.02286
0.888566
0.588406
0.642129
1.11424
1.23727
0.571587
0.326002
0.684408
1.40894
0.689848
3.57268
1.22665
3.12956
0.432193
4.55055
5.18561
4.45751
4.2243
0.696436
3.30097
0.898137
0.884497
0.565097
1.10647
4.2667
1.06692
0.859712
4.87098
1.07688
1.09751
1.39714
1.16059
1.02387
1.1408
0.949539
0.91135
0.469903
0.516027
0.816493
0.745542
1.12178
3.57971
4.53627
0.378218
3.25897
1.27224
0.836442
0.766813
0.894483
4.51138
4.89852
1.12682
1.08763
1.16515
0.00779096
0.150219
0.232075
1.05457
1.07001
1.05464
2.31069
4.29769
4.7916
0.870356
4.96425
4.8835
3.79793
1.0999
0.509216
0.973075
4.33808
1.12462
1.61052
1.81558
3.327
0.904992
0.48297
1.28338
0.749878
0.644431
1.64262
1.03526
1.08303
0.477776
3.71812
1.12054
0.776762
0.04482
0.421487
1.23778
0.326198
0.814304
4.70669
1.12341
1.29299
0.037072
0.960555
4.96245
1.03087
1.20119
4.18449
1.02845
1.1541
1.73721
0.978766
1.26936
0.489656
0.629505
2.84675
0.897962
0.307528
1.15213
0.758007
0.0523765
-0.000581584
0.975559
0.587318
0.533611
1.2661
1.2322
1.13343
5.06827
5.15322
1.18966
0.635811
1.05336
1.31303
1.60667
1.85614
1.02896
0.433678
5.57348
5.46967
0.46002
1.31135
1.25305
1.56071
0.863984
0.346429
1.27121
0.353727
3.85078
0.635897
4.55528
0.581962
1.52892
0.219636
4.17094
1.1559
1.16919
3.42389
0.686871
0.883035
0.475061
0.811482
0.706935
4.57632
0.854821
1.08628
0.813951
0.435788
1.25428
0.669299
1.325
0.789571
1.31307
1.13985
1.01654
0.884514
4.46485
1.57833
1.31375
5.27248
3.72953
5.57907
0.164212
5.06846
1.31981
0.90059
4.7106
1.14926
0.838618
4.55974
4.97191
4.49799
-0.0380101
3.70408
1.32571
4.58603
4.31771
0.962446
0.836557
1.83229
1.27322
0.485901
0.881472
1.1054
1.28773
0.8617
1.18205
1.09826
0.900876
0.10752
1.25421
1.13826
0.887937
1.40631
1.04922
1.14792
1.28809
0.838844
1.23916
4.13821
1.25415
4.51111
1.05726
0.7046
0.376378
4.46359
1.59606
1.05494
1.60048
1.64415
0.647418
0.735571
0.66481
1.70326
4.1093
1.11242
1.3141
0.390503
5.07964
1.07554
1.32273
0.877073
2.10451
0.901406
1.30858
1.15894
2.91031
0.701989
4.46723
3.74918
0.712207
1.33099
1.47078
2.38882
1.21774
4.53028
4.32281
0.759465
4.37118
-0.105409
0.730803
0.589704
4.91447
0.543434
0.71518
1.38001
0.754493
1.24948
3.02705
3.39568
0.10472
0.682323
0.817346
0.740475
1.58887
0.730185
0.463676
4.43081
4.32846
0.973041
0.796403
0.980478
4.61852
0.478782
0.877706
1.66445
1.21461
1.33721
0.847424
0.688849
0.393145
1.55533
4.68827
1.22505
0.164976
4.00286
1.24092
0.650035
0.305581
0.972589
2.65727
4.65655
1.09272
0.819913
1.03307
0.523229
1.11753
1.14946
0.931797
1.25305
0.0969144
0.65588
0.425868
1.28913
1.99485
2.58535
1.05473
0.223896
1.93422
1.24356
2.93601
1.07786
1.13863
0.478089
1.30616
0.0486071
0.355689
0.418925
2.44818
0.961942
1.10907
4.90766
1.09632
0.606302
1.18412
4.06145
1.52888
-0.455826
-0.156671
4.79398
4.64567
0.657756
0.412206
4.64344
1.22291
1.21574
0.799246
4.75527
0.320074
1.00998
0.855466
4.77935
1.24265
4.55774
3.63293
1.23278
1.22725
5.47007
2.54529
1.12681
1.09592
0.748884
0.683968
0.897132
0.945811
0.275063
-0.0870577
1.23083
1.39766
-0.663171
5.20147
1.22282
1.30777
0.971811
3.93119
0.831187
1.24287
-0.48723
0.394503
4.52778
0.485722
2.62128
1.39341
4.45674
1.43495
1.35853
1.2019
1.01973
0.647
1.15575
4.21197
1.27548
1.33071
3.28542
4.84194
0.669703
0.822699
0.0487026
0.693927
1.30754
3.7552
0.732922
0.111518
1.33376
0.764097
1.24567
1.02764
1.10369
1.42598
1.01462
0.774067
0.643901
0.872218
0.168456
0.76729
-0.241555
1.23484
1.35548
1.16799
1.15977
2.87032
0.756624
0.521143
0.636177
0.994604
0.553807
0.0441782
1.52551
0.680172
1.0813
0.692526
0.525046
0.382203
4.82934
1.07361
0.78332
-0.159356
1.04661
1.06054
0.823644
1.32091
-0.515994
0.869245
0.830223
2.4421
4.76854
1.2018
0.245632
1.06321
1.20367
0.43159
1.0415
1.16303
3.05928
0.779108
0.884531
1.16809
1.45587
1.23917
0.388093
1.27514
0.291444
1.21364
0.388229
1.14146
1.34805
0.979513
1.07952
1.03787
4.19444
1.06693
5.51405
1.69303
1.02419
0.327202
0.810326
1.23963
0.695219
1.02916
0.616695
4.7557
1.0336
1.3268
2.82593
2.72951
0.960328
0.320171
1.1791
0.357331
1.04918
1.21019
2.42775
1.0283
4.17353
1.31932
0.489855
-0.132291
0.464611
0.570772
0.905386
3.75295
4.6035
1.05882
4.4104
1.2454
0.913731
0.570823
0.752306
1.21115
1.10774
0.746781
4.17987
1.24307
1.82478
1.47306
3.30376
1.24305
1.17016
1.06825
4.66837
0.655031
0.850698
4.34384
0.488988
2.6921
0.542821
0.807285
0.807235
1.25652
1.2266
1.07148
4.26173
3.61944
-0.11574
4.59451
1.73465
4.0718
1.72441
2.76426
4.76659
1.07327
4.32533
1.13954
0.805527
4.81825
1.24055
1.29315
1.23973
4.75299
1.24377
1.01852
1.25495
1.05531
1.23064
4.56936
4.51245
4.54397
1.24383
0.233375
4.44269
5.30997
0.637257
1.24017
1.24787
1.29264
4.44318
0.0744181
4.3276
0.841375
0.119159
1.14561
1.13537
1.45343
4.25614
2.22219
4.30479
0.965075
4.94459
4.65029
0.568173
0.555093
4.23139
-0.497755
0.843162
0.746144
3.73295
0.452111
1.09731
0.8855
0.955269
1.34161
2.88172
2.03792
0.513063
1.26628
4.62498
0.569505
0.922126
0.96586
1.06225
2.78791
0.274441
0.369517
1.1465
1.03195
0.730984
-0.062282
1.33392
4.66411
1.32453
-0.0593475
0.100685
2.23571
0.562794
0.955297
1.15339
0.0568987
0.656467
0.783595
1.32616
0.968973
4.16812
0.88997
0.144151
0.344334
1.14828
0.312168
1.45203
0.68699
-0.0911097
0.351511
1.0071
4.9507
4.08371
1.29999
2.78729
0.658647
0.776984
1.31435
0.900506
1.39065
-0.102862
1.04201
1.27441
4.60761
4.00466
1.2608
1.25048
3.787
0.572666
1.48228
0.913382
1.35095
0.436093
1.23992
4.75184
0.781918
1.29785
0.905278
1.28458
4.42698
0.752397
4.65457
0.972926
0.272575
2.75008
0.689096
0.959013
3.7722
1.16557
0.974341
0.380106
4.71671
1.13764
1.31052
0.613244
-0.0813256
4.41503
1.05121
0.745423
0.95955
0.0509858
1.28447
1.66263
1.7201
1.01595
5.47657
4.62082
0.933053
0.77757
0.863817
0.890033
0.430001
0.573391
5.4268
1.15414
0.662805
4.62361
0.584504
-0.488842
4.56206
0.631385
0.176128
1.05798
1.49563
1.27795
4.17693
0.784984
0.741081
0.738882
4.48295
0.907893
1.24008
1.03743
1.20176
0.259868
1.31107
0.707732
1.00146
1.28405
4.66946
0.90452
0.775487
0.1655
0.310208
2.47043
0.961353
1.28895
1.52695
2.85236
0.78432
0.761726
3.6486
4.68435
1.30713
4.38468
0.412348
1.16523
1.23843
1.3743
0.735808
0.664112
1.19037
0.25776
0.509797
1.00086
1.08317
2.85514
3.58321
4.64238
1.27914
1.42996
0.892692
1.23439
4.80032
0.760011
1.71091
-0.155467
4.02372
1.17023
2.81708
0.617142
0.501867
-0.125736
1.10183
0.260108
4.43814
1.1811
3.95283
0.98465
5.4278
3.07128
4.16513
1.60675
0.26463
1.01307
-0.515834
0.998835
4.43823
1.1131
1.22535
0.935832
4.80679
0.722859
0.967192
0.530073
4.51459
0.937648
1.26552
1.04463
0.99199
4.65832
0.349275
4.38142
4.69874
2.89951
0.434855
0.411697
1.19726
1.13097
0.928662
1.27181
1.41271
0.876222
0.436117
0.35991
1.28331
1.28995
4.75728
0.0525939
0.879343
1.23039
0.37355
0.605583
1.40791
1.15962
0.736281
1.18062
0.465173
1.2254
1.15746
0.739331
1.13718
3.66246
1.19029
0.177762
5.56539
0.748137
1.51392
0.605572
5.4311
0.91868
0.383633
4.40216
1.23092
5.13902
5.47136
3.616
3.45045
1.60366
0.673077
1.53509
0.763435
0.575343
0.488069
2.91521
0.476143
1.12409
-0.168681
0.759585
0.817171
0.584409
4.93933
4.9477
1.24398
1.00757
0.544553
0.689535
4.16882
0.673467
0.717475
0.563126
0.151101
1.25573
0.973653
0.899196
3.32926
4.91842
4.07954
0.774586
1.75012
0.745871
5.43185
3.7974
4.32472
3.48062
1.03484
1.22094
0.659169
0.736617
1.21202
2.93106
0.78246
1.2158
1.37238
2.12089
3.93588
0.996796
1.25246
0.772843
4.41888
1.22189
1.04129
1.15083
0.336289
1.09148
0.672721
0.238847
0.00421551
3.71253
0.63263
1.11301
0.404965
0.715793
-0.449425
0.88389
4.06321
4.81073
1.35362
0.66032
0.757074
0.961616
4.41063
1.17793
0.935463
0.605627
1.37472
1.12727
4.07295
1.35583
1.11858
1.17957
0.163916
0.673449
0.995876
4.39745
1.10442
0.908146
1.49924
4.06164
0.359891
3.10718
1.09321
0.982047
0.446713
0.395378
0.921236
0.979337
1.20231
0.372623
0.335087
0.806429
0.618361
1.19442
1.09201
3.64242
2.89244
0.957792
4.83321
0.196461
1.13703
0.823171
4.93963
1.27276
0.93248
-0.211839
0.150583
4.47567
0.916073
1.21887
1.08891
0.681275
0.828622
1.21779
1.87162
0.776749
1.195
0.738198
4.70797
0.366261
0.956661
0.662047
4.46359
0.567735
1.11152
4.55372
0.952833
1.0476
0.763695
0.544863
1.27281
0.91119
1.27693
2.91198
1.03959
1.15659
4.88123
0.782476
1.07485
4.35081
0.889546
0.767907
0.852774
0.462373
0.433812
0.236221
1.26901
-0.0316809
0.0973846
0.916526
0.517716
-0.513126
0.615584
0.827508
5.51146
0.361732
0.949684
1.04998
0.584305
0.955645
4.41929
0.773549
0.8078
2.15018
0.866888
0.460936
0.825839
1.18924
1.3178
1.18809
0.336425
1.23823
0.856609
4.30944
1.27585
0.963601
0.743968
1.04141
1.13457
0.998993
1.57055
0.993958
1.24557
4.217
4.20093
1.12006
0.735982
0.921239
1.37275
0.167594
0.861353
4.47722
0.515629
0.706745
1.03223
0.433095
0.872782
0.173741
1.56167
1.12099
0.599666
4.19799
0.921329
0.751307
1.22141
0.412926
1.10371
0.909237
1.07784
3.7879
1.12272
1.03911
0.900298
0.520684
2.25142
1.55363
0.76302
1.37317
0.938695
4.44811
1.09611
0.977083
1.11945
0.794941
-0.0678119
1.11298
1.08206
1.12751
3.10565
0.528657
4.76403
0.879078
1.36767
0.430696
4.61674
4.75981
0.751373
0.880398
1.23551
-0.0363225
0.967277
1.06424
4.14458
1.11152
0.828064
0.610086
4.31054
0.902661
1.23855
2.35904
1.16877
1.24617
4.47114
0.515018
0.73979
0.778511
2.23756
0.351005
3.83732
4.73618
-0.568497
0.727064
2.70652
4.36123
2.29393
4.47871
0.4447
3.75394
1.60765
0.505825
2.39706
0.993551
1.23001
1.06297
3.4674
3.31176
1.8762
1.14575
1.15025
1.05138
2.4558
0.170395
0.776491
2.34123
0.574877
3.73106
5.20614
0.779521
1.09372
4.76511
1.15421
3.78044
1.12667
0.148492
1.14258
0.45233
4.42595
1.06727
4.6622
0.818375
0.902017
3.33391
4.51431
3.71491
2.22291
3.94143
1.14215
0.526844
1.37436
1.0738
3.09626
0.366982
1.2685
2.36494
1.11958
0.392656
0.357944
1.09288
0.840144
1.15792
0.947448
3.40634
0.499611
0.524833
1.62734
1.22011
1.66522
4.77232
4.91282
4.37226
-0.0348398
0.759655
-0.0547768
4.5399
0.532551
2.02098
1.09012
0.0123499
1.049
0.722674
0.957709
1.0782
1.08319
1.31216
0.273376
0.956458
1.19787
1.05428
3.42727
2.03164
0.755095
3.40544
0.938475
0.72922
0.393656
1.25978
0.816207
0.894512
1.04343
1.20716
1.04494
3.17822
2.32403
4.69004
0.31157
0.916194
0.93527
1.58578
1.2562
0.424463
0.413172
0.489518
0.150593
1.12574
0.982178
3.53829
0.794409
1.0415
0.763673
0.95928
1.23195
0.56419
0.565928
2.236
0.563654
1.53923
0.131461
1.14123
4.49707
1.09726
4.42488
0.883845
0.907059
4.73293
4.66842
0.736165
0.971497
1.04604
4.55792
2.49436
2.88875
0.901937
0.782177
1.2483
0.623638
0.940842
4.31572
1.04486
0.659728
4.16709
0.266862
0.974047
2.27611
4.88334
0.51061
0.725077
4.0877
4.22923
0.987211
0.797638
0.76498
1.16877
0.632977
0.00662054
4.72689
0.394496
4.91935
4.6435
1.25473
1.42841
1.04025
0.630629
0.476261
0.838251
0.565854
0.166673
2.68662
1.18821
1.1039
1.61088
0.659745
1.05836
0.282118
0.36635
0.365485
1.23797
2.32894
1.29462
4.46891
0.893901
0.442053
4.86688
1.21733
1.14316
0.741674
0.652398
0.994331
0.31267
4.26846
0.809454
0.675388
1.29357
0.968246
0.715288
0.73581
0.801395
0.0521467
4.64646
0.523598
3.56022
1.14456
1.30564
0.436614
0.891808
1.36649
4.25014
0.748573
1.1654
0.00461753
3.43677
3.18158
1.33232
3.62313
1.16361
4.64488
0.612461
1.2868
0.479843
1.1183
4.62946
0.94755
0.899049
1.26221
0.0221632
0.331191
0.585599
0.509114
0.983489
0.407844
1.24492
1.15548
0.963249
1.17747
0.617307
4.49857
0.570027
5.40558
1.30385
0.803253
4.55526
0.411428
0.865842
1.27139
1.16508
1.27847
4.83436
1.25339
1.17694
3.15615
1.26225
0.74879
1.12959
5.18915
1.14579
0.761293
1.05782
0.395785
0.126177
0.968513
4.51566
3.97735
4.62037
0.660337
1.04163
2.82186
4.03798
1.0308
1.0308
0.364389
1.2134
0.826511
4.94739
0.721716
0.741171
0.942798
4.80118
0.330945
0.952624
0.358856
1.14515
0.940415
0.870002
0.579539
0.557032
0.714935
1.15179
0.567479
1.26353
0.678686
1.33271
0.24209
1.0894
0.800809
4.74883
0.889144
0.950393
0.449614
0.517001
1.06032
3.50985
0.747609
4.62348
0.59168
1.16894
4.27365
1.1693
0.210356
0.981195
0.62811
5.01849
3.18005
4.75782
0.850934
3.50271
0.0287186
5.48889
0.0385532
1.19714
1.00718
5.27672
3.19538
4.70086
0.864718
1.12862
1.05947
0.718418
0.770156
4.71231
0.160157
0.764612
1.1529
0.700329
0.0971552
0.703977
1.59003
1.25689
1.11104
1.07813
4.35484
1.29689
1.0182
4.1331
3.63257
0.785728
3.09153
0.42337
1.24907
0.624586
1.14818
0.308682
0.754616
1.19789
1.07205
2.24944
-0.39927
0.776648
0.959786
4.55779
0.738194
1.10142
0.0930268
5.60557
1.96788
1.19839
0.437517
1.18401
4.51679
3.19623
4.55156
5.60768
1.34034
0.579448
0.919659
0.60123
0.523983
0.617479
0.955786
-0.549899
1.30761
1.23622
-0.475383
1.62025
0.917048
3.71956
4.22195
1.55245
0.805198
0.501176
1.1997
3.26339
5.46709
5.40546
0.475216
2.97231
0.207502
0.338671
4.17993
0.486842
0.92015
1.0745
0.19058
0.496192
1.20026
0.760194
4.48029
3.65343
0.159023
0.439438
4.69677
0.798334
1.07269
0.809497
0.568001
-0.496916
0.651556
0.415695
0.416455
4.44385
1.23434
0.930092
1.30314
1.01196
0.658944
0.611033
1.38723
1.16617
4.05044
5.21693
0.359929
1.25823
0.779294
0.753816
4.65947
1.17934
4.0256
4.95502
4.23504
5.58107
4.6359
1.02331
0.450358
0.883071
1.23412
0.42536
3.3308
1.44667
4.58701
0.450704
1.15865
0.84669
0.529109
1.12579
3.73939
4.22514
4.07349
0.49803
0.73793
1.27162
-0.117806
0.569301
0.197943
2.29129
1.32591
0.641193
1.15021
1.16448
0.971058
4.56478
0.722995
0.535225
1.40334
4.50444
3.56802
3.25729
0.850168
0.475166
1.41119
4.5397
0.577295
-0.350959
1.28436
0.18173
0.772996
0.287685
1.09943
0.454476
2.45297
0.678185
0.772351
0.900132
0.461209
0.794182
3.70302
0.706993
0.706511
0.754105
0.524472
0.880896
0.597808
0.202264
3.45827
3.79715
0.189346
0.881927
0.032903
0.705531
1.19209
1.61526
4.71297
1.27218
1.52686
4.61886
0.814144
0.666549
-0.446142
-0.0484946
1.12218
2.37406
0.798411
2.16316
1.20666
0.199108
0.314159
0.846129
1.29921
0.974355
1.45361
4.66459
5.62377
1.21726
0.780404
1.04145
0.57777
0.360544
1.07154
-0.0301986
1.03856
1.44153
1.48144
0.576526
0.970953
0.0477261
1.26557
0.63511
0.547009
1.06867
0.713251
4.5238
-0.0294095
0.936551
0.416992
1.56269
0.235587
2.66066
1.19211
0.0623479
1.31303
0.666995
4.23358
1.10219
0.422322
1.32404
0.519856
0.84936
2.9227
4.65198
1.31214
3.36241
1.30252
0.646279
1.20207
0.531834
1.13344
0.522081
1.23189
1.4623
0.951731
2.09557
0.930946
0.99938
0.792467
0.722273
0.425261
0.650764
0.511969
3.66759
0.0770519
0.436633
4.58661
0.641292
0.142135
4.21064
0.769773
0.702909
3.91538
2.12055
0.680023
1.45433
0.460263
4.54346
1.21481
1.12586
1.30338
1.27672
1.19727
4.88269
1.05229
4.75383
3.18615
0.879331
0.537603
3.63457
0.847064
1.19855
0.580356
1.18578
1.55201
3.23991
0.633258
0.992022
4.61576
2.61564
0.896215
1.1661
1.14742
0.52452
1.30119
0.337335
0.430819
0.883007
0.958425
4.00707
0.636966
4.18652
0.785528
3.8344
0.575461
0.432297
4.79668
0.807937
0.80885
0.502299
0.9183
1.35595
0.813009
0.85586
0.124108
1.14852
4.72406
1.06109
1.04925
0.0290976
0.0137522
0.14428
0.326822
0.960352
0.403045
1.61381
0.583959
0.614652
0.149923
0.670193
1.88336
0.054088
0.728119
0.363904
0.750939
0.325488
2.29214
0.546238
1.19316
0.530216
1.23212
4.01884
1.05819
0.943833
4.69812
4.06623
1.94776
0.742568
0.84462
0.506725
0.254146
1.20188
4.37417
0.970713
0.289913
0.992464
0.684286
5.45086
1.27251
0.388978
0.573738
1.02595
4.9072
1.55239
0.650491
0.809697
1.3005
0.153466
1.10006
0.951884
-0.641995
3.46901
0.711317
1.28738
4.21804
0.865894
5.28083
4.03149
4.65445
0.662899
0.826288
0.127558
-0.176807
1.65611
0.728775
1.31281
4.54313
1.27172
0.767394
4.44171
3.68503
0.872774
0.985471
4.67023
4.49955
1.21775
0.30098
4.49801
0.789709
0.744542
0.152976
0.479331
4.49676
1.23331
1.12789
1.09462
1.0632
1.13769
4.10967
0.780318
0.362106
0.606962
1.42587
1.05462
1.17351
0.968317
4.38483
-0.185694
4.3247
0.664175
1.42185
0.821499
3.87424
4.1914
0.253766
0.459907
4.46431
1.18668
0.632363
0.794402
0.626293
0.307005
1.32215
1.29283
0.677797
0.944289
5.34481
1.0721
1.06154
0.732781
0.351012
0.694379
3.94258
1.48033
1.27158
2.30022
0.808858
1.63721
-0.337125
0.710623
0.364946
1.32337
1.1715
0.57921
0.823348
1.26362
1.16345
0.81512
0.178602
0.779337
0.968919
4.49339
4.70682
3.01004
1.03084
0.507051
4.00119
0.694012
0.887574
4.75995
4.88384
1.07206
0.63915
4.30237
1.66646
1.07459
3.60269
0.298554
3.42177
1.02449
0.99932
1.42257
4.05203
4.73647
0.593976
1.0448
0.991532
0.693564
1.81735
1.64605
-0.1039
3.72135
0.84926
0.941596
4.03365
1.1819
0.768295
0.959685
1.1608
0.658355
3.2596
4.60496
1.51443
0.412624
1.05045
0.365221
0.815659
1.42777
0.258222
0.909687
0.74168
3.50521
0.767589
1.77967
4.4061
3.94449
0.924722
1.20547
1.14324
1.28759
4.0484
4.71774
1.14399
0.677366
1.49094
1.02412
4.63227
1.46256
4.13305
1.14637
0.748851
4.86108
0.10993
0.926653
4.05548
0.951475
1.18361
0.970006
3.50501
4.61311
0.105593
4.63443
0.977184
1.34988
1.17849
0.827432
1.59047
0.592087
4.8063
1.34259
4.68167
3.8791
4.33905
2.75045
0.531272
1.31753
1.39007
1.3893
3.64113
1.10282
1.07617
4.4735
0.177311
0.616256
4.64483
0.493754
1.12277
5.10001
1.0802
5.14492
4.03371
0.135493
4.7999
0.584136
0.802703
0.558885
0.839513
0.784374
4.33402
0.535732
1.15255
5.17997
0.609381
0.394406
0.857077
0.534201
4.63432
1.15115
1.11519
0.94888
0.932426
0.860008
4.19849
0.59632
0.818364
4.7307
0.637176
0.981845
0.806709
1.17792
0.810582
1.96001
0.367837
1.06094
0.758514
1.42517
1.12457
0.954364
0.496708
0.277728
0.579486
0.99084
0.329687
0.361552
4.68137
0.732617
1.10095
0.376078
0.863439
0.767086
0.769607
3.95758
5.2267
4.52681
0.692532
0.436682
-0.0455272
4.18902
1.07693
4.86211
0.976881
1.25207
0.27169
2.11936
3.9577
0.617985
0.399853
4.53233
4.71411
1.27269
1.12123
3.08258
0.271906
1.28876
0.0837382
0.589438
0.645784
0.772301
3.03886
0.883417
4.43657
1.25016
1.10366
0.495693
1.12816
0.787679
1.06944
0.757642
1.06495
1.38209
0.420031
1.36954
0.73709
0.589227
1.24301
1.25399
1.37686
1.03031
1.04536
4.62959
0.709303
1.05416
0.949305
1.09503
0.958844
3.30807
0.458039
1.77935
4.15031
0.843525
-0.824094
0.301263
3.97892
0.958117
3.72648
0.800472
0.980165
0.383105
0.746839
1.01043
0.981247
0.726544
0.805543
0.817257
2.97839
1.64406
0.86383
1.03992
4.70191
0.776828
0.793946
1.37128
1.43857
1.69767
4.67276
4.83728
0.94963
0.989049
0.936861
0.850831
4.86505
0.52973
0.403038
1.15838
3.6237
1.29124
3.66441
0.931629
0.808573
1.28536
4.98331
0.947961
0.590981
1.14648
0.501082
1.06249
0.37473
0.987044
3.12856
1.12685
0.963568
1.13188
0.793103
1.03004
1.2115
0.899726
1.26952
3.01179
0.998744
1.16405
0.917546
4.76858
4.89042
0.429573
1.26511
1.40413
1.15181
1.07219
0.897789
0.630485
0.80663
1.17256
0.895165
2.17195
1.27154
1.26065
0.836239
0.925997
0.987936
3.0861
0.640898
0.338711
0.89212
0.894539
1.28276
1.1393
0.619376
0.635237
1.02779
3.22707
0.958023
0.381478
1.31898
0.0780933
0.745121
1.15918
1.30215
1.21319
0.932471
1.06344
1.25357
0.304308
1.06309
1.08212
4.73077
4.65813
0.893793
3.64587
0.807789
1.15404
0.981728
0.402708
0.735254
0.818092
4.43078
0.708713
0.945156
1.55085
0.585932
4.24994
0.889613
0.262109
0.866089
4.88601
0.645056
1.30099
1.07531
1.3051
1.34174
3.05627
3.17281
4.66308
0.834137
4.47615
4.63777
0.0534854
0.573779
1.05038
0.955795
1.30154
0.98078
1.19169
1.59761
0.921818
3.29976
0.74977
0.604721
2.68825
0.927292
0.807525
0.72092
0.731428
4.11098
3.07932
2.31665
1.17229
1.55228
4.73885
0.473816
3.28833
0.818951
3.67539
0.774227
0.379193
0.699708
5.25703
1.30116
0.813449
1.13922
0.834321
0.359838
0.939565
1.11585
3.55735
3.01098
1.42213
1.12831
1.02784
0.796641
0.897554
1.42827
0.956355
2.71943
2.84435
4.52444
1.28583
1.15123
4.64568
1.37528
1.24715
1.24837
3.65756
1.31833
1.37732
3.68163
2.12789
1.36186
0.282028
0.993535
4.74081
4.44801
1.07475
4.14953
1.31513
0.875117
4.23188
1.34191
-0.0775039
-0.154967
0.738526
2.2291
3.0964
0.609281
2.20766
0.593607
-0.316861
4.49381
0.478544
0.92487
0.865752
1.53327
2.42383
0.571751
1.16279
3.80243
0.871615
2.29
4.20226
0.770207
1.88564
4.37728
1.06055
1.19221
1.15293
2.82703
0.900141
1.23126
1.58413
0.934352
1.27427
1.02632
0.0353224
1.37872
-0.0240222
0.550423
0.816928
0.699628
0.71859
1.1358
0.83218
1.02151
0.819468
0.952753
-0.455844
2.1264
0.456021
4.81951
4.77526
0.92791
0.0820724
5.64544
0.892469
4.94816
4.75904
1.35734
0.409961
1.0434
0.937055
1.16592
3.47485
1.03415
4.68225
1.11341
0.805316
4.21968
1.23043
1.40265
0.824409
3.36754
1.17257
-0.463207
2.60395
0.29653
1.64563
4.71471
0.96921
0.959417
0.595252
0.93623
1.20287
1.42659
0.728345
0.943701
0.978015
1.16842
1.29666
1.40565
4.99091
4.68731
1.23202
1.10862
1.12454
4.00779
0.738216
1.14348
3.79993
4.5522
4.22086
2.45662
3.58039
1.03062
0.492302
4.65193
1.08758
0.96337
4.60085
0.470722
0.303592
4.17135
0.167062
1.57687
0.744133
1.08182
1.306
0.431795
1.14458
-0.0884332
4.53592
0.715119
1.03701
1.162
1.61013
0.0101247
3.11821
0.769514
1.055
0.762412
4.69376
4.66725
0.740591
0.0384454
0.938199
0.932532
0.174223
0.673885
1.13706
1.13987
0.940676
0.974973
0.763611
4.77719
1.23685
1.16525
1.51966
5.45252
1.26468
4.62378
3.66942
1.12862
0.140168
1.2008
0.628266
0.483089
1.05422
3.63662
0.600788
0.894749
1.01083
1.77549
4.47881
0.812805
-0.0891863
4.20499
0.94861
1.03432
1.55119
2.88485
0.921952
3.29442
3.66
1.23841
0.0812864
1.20061
4.72838
0.689478
1.3151
0.230422
0.3671
1.17417
2.74986
1.52835
0.721283
3.98939
0.176044
2.97548
1.17742
0.706692
1.29013
1.31368
2.58567
0.997797
1.04815
0.076502
0.364628
0.95792
1.01832
0.708726
0.811158
5.07733
0.754204
0.769557
1.16253
0.821946
0.933428
0.896641
0.919824
0.881923
4.61293
0.0128229
1.28717
0.331757
1.34147
1.32042
0.864306
0.747007
1.05802
3.4835
0.565069
1.43281
1.32022
0.613847
2.79671
5.10271
5.04633
0.0171667
1.05507
4.45453
1.29943
0.237722
0.73311
0.68702
0.477449
1.17661
1.22893
0.915666
0.896347
1.06903
0.14244
0.772934
1.1207
0.62279
1.31985
0.938755
1.17982
1.29174
4.39031
4.21305
1.21771
0.138551
2.04026
1.18668
0.925054
1.12515
0.700283
1.16585
4.26087
0.991895
4.88036
1.13271
2.40854
1.3417
1.06328
1.17845
4.5439
4.48143
1.28182
0.464697
5.26137
2.32687
0.458283
1.16989
4.71928
1.52963
1.541
1.20703
0.240112
0.676975
1.21696
4.05399
1.03624
0.775043
4.35977
1.31888
4.4508
0.447816
2.10208
0.342091
-0.323772
1.21794
1.15466
0.531172
0.67021
0.950737
4.14528
0.301704
3.73035
0.468456
4.76026
0.838289
0.948726
1.30825
1.73283
0.957478
1.25599
0.857689
0.695366
1.10124
4.0643
3.27839
0.762091
0.669387
1.17535
4.29485
1.81535
0.76325
5.29304
0.7104
1.08466
5.58348
1.29067
1.0453
2.63904
1.08985
1.31026
0.580807
0.387818
1.16856
0.773972
1.21266
0.705004
0.679514
4.83085
0.633901
4.38816
0.471516
1.26281
0.833296
4.87212
0.952999
0.93507
1.06067
1.087
0.104869
0.857732
0.759024
0.872455
0.460854
0.922206
0.916699
1.20088
1.29021
0.512342
4.81019
0.372343
0.710939
0.643461
0.83353
3.48519
1.28796
1.26981
1.44573
4.54541
0.460095
1.07383
1.30393
0.825813
0.512455
0.510215
0.494336
0.868526
1.02791
0.946277
1.10655
0.978124
1.21168
0.696755
0.790747
1.16552
0.834654
1.21655
1.2977
4.60191
1.36578
0.447911
1.01609
0.534155
3.25257
4.042
0.75443
0.81881
4.11295
4.51166
1.46418
1.20897
3.3004
0.684233
0.969589
1.26269
1.24524
1.33513
0.330118
0.652385
4.96294
0.139986
0.336016
3.24773
0.455092
1.48037
1.59947
1.04849
1.324
1.38025
1.59773
0.47736
3.02854
1.16025
1.12114
0.688361
0.791109
4.43625
0.400768
0.0156431
0.677369
4.35192
0.954369
0.763243
1.18782
0.622844
1.17854
1.25826
0.799299
0.178728
2.47947
4.3633
1.47288
1.54581
0.614834
1.14651
0.897919
1.27286
0.71679
1.17474
0.681599
3.40643
4.59215
1.19339
0.968831
1.49308
-0.466134
1.29261
0.78977
1.09043
0.800043
5.27628
0.621875
0.0251457
3.82854
0.748127
0.758242
4.31627
0.932341
4.14718
2.00602
1.18027
1.43034
0.511581
1.14064
0.731666
1.02442
4.2573
0.915435
0.0773749
0.437271
0.163866
0.0507716
2.84447
1.14448
5.02303
0.772187
1.07902
4.72177
1.09956
0.35139
4.22351
0.57386
4.65205
0.951687
1.45509
0.619782
1.13106
4.75944
0.342893
0.306382
0.349795
0.653779
1.52077
1.15463
0.86243
3.1323
2.81636
0.129174
1.04706
0.591501
1.29099
3.32351
0.836853
0.0410774
0.346048
0.413205
1.16422
5.52546
1.63622
3.19594
4.34021
3.06615
0.686998
0.913541
4.8772
1.07547
0.76815
2.67869
3.57605
-0.299823
0.763679
1.08031
1.23576
1.19221
0.963379
5.42947
1.13181
3.5365
4.78922
2.13293
0.758021
1.68235
1.09002
0.494658
4.51248
1.0897
0.732546
0.914778
0.755286
4.80137
0.932811
4.23617
3.73765
0.421527
0.745366
4.92112
1.19885
5.53858
0.554565
2.62886
0.603139
0.712976
1.15568
0.77076
0.884178
3.18695
0.639915
1.14446
1.16827
5.17409
1.6323
1.3665
4.75333
1.28265
0.490926
4.21474
3.05045
4.33094
1.14457
0.694845
0.983224
0.441265
1.07628
0.394323
0.901955
0.981664
0.901511
2.14555
0.771154
3.20825
0.929722
0.741827
4.56583
1.28104
0.686972
0.115994
0.652867
1.28215
0.786631
4.19835
4.60564
4.67333
4.7575
2.39749
0.411296
0.704172
0.475064
-0.725666
0.901798
4.70034
0.884404
0.747273
0.92839
0.902345
1.25507
0.982191
0.737437
0.782745
0.158219
4.36748
3.00316
1.17282
0.699535
5.59717
0.216886
0.0788295
1.17687
0.533001
1.48084
1.3311
1.08703
0.534516
0.0174928
1.50687
0.363098
1.12909
0.583106
1.59518
1.17936
1.21336
0.253284
0.446557
0.243094
0.132396
0.64551
1.43907
0.750788
5.62965
1.08343
0.542745
1.19551
1.15095
1.10127
0.775753
1.28713
1.33416
1.34954
1.31194
0.988607
1.29727
0.623921
0.367478
4.13113
0.00672572
4.49631
0.73267
1.34977
1.07268
1.09272
4.39334
1.08974
0.290536
4.08114
-0.105067
1.04756
1.15053
1.09421
1.10671
0.996979
4.30207
0.12887
1.30342
0.052182
0.508774
5.44693
3.16677
1.53819
0.702606
1.08378
1.19971
-0.512653
4.68594
0.834889
3.39125
1.37091
0.982388
0.875933
0.801087
0.80659
0.176792
0.76246
0.528352
1.12457
4.88573
0.906255
0.556841
4.42466
0.841361
-0.0119292
1.12502
0.536117
2.88371
4.8805
0.52565
5.30442
1.14913
0.858748
1.18705
4.80256
1.65628
0.56532
0.811272
2.67775
0.407112
2.94093
0.826895
3.22006
0.771019
4.37346
1.14923
0.920494
0.343765
1.062
1.14327
4.82968
0.976542
1.83397
1.2577
0.687608
3.95679
0.662808
0.561249
0.852277
0.585646
-0.0463996
0.448413
1.32342
0.629536
0.897338
1.2417
0.155966
4.06152
4.53056
0.83249
1.36138
1.3666
0.871191
0.685985
1.06356
1.45877
0.773318
1.23914
3.70953
1.29817
0.68059
1.62819
1.29118
4.56238
0.661454
4.23813
1.38232
0.621522
1.25426
3.13834
0.910501
1.0367
0.905663
0.913709
1.12845
3.91644
1.01084
1.03652
1.6138
1.36576
1.09049
0.373617
1.0787
0.167076
0.704276
3.74465
3.84268
0.777607
1.30643
1.30455
4.6669
0.941781
0.785073
0.712612
1.08016
1.19874
0.519497
4.74895
0.394335
0.503937
0.531682
0.386001
4.63398
4.06344
1.10055
1.15058
0.889929
1.40378
1.04581
0.654546
0.568572
1.0119
0.981355
0.266415
0.333493
0.353901
0.219133
0.915998
0.696283
0.601121
1.4002
3.33159
4.35419
0.77654
6.06614
0.797073
2.58174
1.33934
-0.451163
0.477137
0.935851
3.56446
0.492693
0.154247
0.814375
1.07589
0.631952
0.879967
1.21034
0.820345
1.12868
1.3193
1.12922
1.3691
4.64569
1.17665
1.10794
1.34197
1.08927
1.07494
0.76717
4.24041
0.905981
4.6311
1.11392
2.62934
1.6158
4.75187
0.708425
4.35779
1.2789
0.966609
4.64788
4.79136
0.93144
0.398738
0.736036
0.467666
1.24281
1.20025
2.58403
1.1763
4.49836
0.0213039
4.19276
0.0519024
0.183363
-0.47416
0.729128
1.29147
3.54481
-0.440121
0.0129495
1.11171
1.00442
1.04516
5.77615
3.87276
0.820333
0.234694
0.292178
-0.438994
0.348617
0.418795
0.610029
0.561903
1.1328
4.24212
0.54475
4.72148
0.0992889
1.27586
1.44824
0.883494
0.282713
0.403121
3.75217
0.772873
1.3711
0.86047
1.08491
0.9325
2.60861
2.22841
1.12724
4.75866
1.23929
0.392069
0.681953
0.758221
3.54193
1.39805
1.293
0.0054375
4.49051
1.28714
0.552271
0.924818
1.24769
3.84197
1.16655
1.31861
1.53494
5.67159
2.65812
-0.0443323
0.80827
0.642415
1.29539
1.23696
4.53003
1.26089
0.857477
2.15985
0.926784
0.942632
0.768073
1.35839
0.170808
1.31357
1.22878
3.02355
0.833856
1.40682
0.453526
0.855124
1.20936
1.54905
0.606583
0.10522
1.13034
1.24459
5.52912
0.875784
0.926578
0.690005
1.23029
0.383499
1.2436
0.982025
1.03113
0.695031
-0.0212736
0.718108
0.308658
0.509308
3.0543
1.47327
-0.141662
4.21259
0.646332
1.4043
0.767965
4.40123
1.09885
1.39765
0.909883
4.81093
1.16353
0.717289
3.99157
1.07737
0.864741
0.635339
1.00558
0.911475
1.28791
0.943848
4.04732
-0.392258
1.17176
1.07518
0.710541
1.14822
0.401117
4.61865
0.708297
1.81917
0.742601
1.20466
2.49621
4.22046
1.08767
5.12753
4.69093
4.76956
0.419244
4.79171
1.08792
1.112
1.20256
0.606896
1.00263
1.92712
4.83755
4.61339
1.16274
1.23476
4.50951
1.12735
3.5214
3.36945
1.48489
2.18339
1.13731
1.03233
2.92295
4.44849
0.967604
0.744827
0.50841
1.17584
4.06473
0.626182
0.489623
1.02936
2.19862
1.16293
0.84692
0.691059
1.30126
1.0329
0.400982
2.79718
0.80066
1.16543
0.574056
0.71019
0.580437
5.64544
1.26655
4.68697
0.915362
3.08639
1.30133
1.33221
4.298
0.360854
0.942033
1.22981
1.33841
1.29191
0.809873
0.647328
0.500797
1.2408
1.35924
0.655313
1.30208
1.40356
4.90295
0.701904
1.04533
1.19721
0.731447
0.367341
0.962468
3.68671
0.0331254
1.26445
3.16303
0.639749
3.86476
0.980645
2.59642
1.46668
1.37094
4.31162
0.715147
2.92058
0.543933
0.895171
0.703196
1.2045
4.56325
4.96145
4.25773
0.847512
3.73271
1.11797
0.697186
0.805422
4.72533
0.29179
2.9198
0.98586
1.1799
1.4133
0.957197
0.976369
0.411986
1.22636
0.748132
4.87773
5.24694
2.14343
1.26832
0.561499
3.76716
4.62393
0.957817
1.20141
3.82666
0.33347
0.325268
1.16106
1.13517
0.469333
1.9113
1.42216
2.71551
0.626957
1.31029
0.821961
4.66981
1.11713
3.6799
4.62402
1.27026
2.72223
0.989434
0.900937
0.27391
1.07145
0.452683
-0.438366
1.19835
0.773989
2.34752
0.616
0.683158
4.07185
1.26776
0.624343
2.98455
1.3827
4.35596
4.72461
0.592492
1.36446
3.88653
3.92255
4.79442
4.10804
4.30659
0.496807
-0.614113
3.71579
5.41465
0.624461
1.03759
0.774355
1.20995
1.03927
3.5147
1.24536
1.88617
0.0327129
1.55083
0.972654
0.596006
0.927847
4.14022
0.894372
1.02862
1.16582
1.35817
0.741792
0.378632
0.924319
3.03293
0.928052
0.971773
3.89135
2.30204
1.14675
0.867293
4.64576
0.601477
4.81466
0.821079
2.07352
1.55719
0.748152
4.99224
1.02421
1.30543
0.947422
0.913787
1.12668
4.6428
0.193721
0.903405
0.632825
1.11869
1.15663
1.19353
0.886208
0.403332
1.12425
0.550684
0.814091
4.01961
0.0430956
1.39694
1.47776
0.224686
0.781249
1.15947
1.07709
0.465332
0.933872
1.0352
0.794587
3.44708
5.49112
1.09385
1.27757
0.981623
-0.117402
0.455425
4.17371
0.745608
1.08511
3.73953
0.380482
0.667291
4.18791
0.97541
1.07545
0.558503
0.776248
0.610838
0.411069
0.935359
4.70739
0.239934
5.6514
-0.423365
0.649469
0.616641
0.967536
0.824743
0.898403
1.47748
1.37916
3.1065
1.07422
1.06828
1.35286
1.69683
1.5613
4.37161
1.01394
1.83731
0.716567
4.76507
4.79901
1.76566
1.0705
5.00407
2.60546
1.22712
4.3002
0.282037
0.538267
4.84844
3.96466
0.711876
0.864999
0.56744
4.86869
5.41457
1.50125
1.20473
0.621539
0.79095
1.25855
4.48941
1.16763
1.22287
0.702563
2.26895
-0.00765081
0.0556374
0.0986735
1.28385
1.11413
0.645531
-0.207235
1.59895
0.193856
4.53997
0.70104
0.910918
5.05253
0.92424
0.514668
1.11037
0.911103
5.22233
0.194692
1.06283
2.99148
5.19968
4.85837
0.00164595
0.700183
4.41117
0.187201
-0.00249463
0.98882
0.596916
0.914153
0.932069
0.171957
1.2814
0.852541
0.925609
1.39055
1.29577
1.04505
1.19622
0.978267
4.52261
1.29203
1.08823
0.525455
4.22419
3.71018
4.67376
4.43037
1.0553
1.03148
0.859652
1.30662
0.823953
1.16207
4.6931
0.645416
0.897263
0.872979
0.111784
5.32638
0.973755
-0.790678
0.946772
1.18259
0.84097
1.78443
1.00627
4.02852
0.316282
0.85803
1.31609
4.63836
1.06987
2.74434
0.52664
0.934146
3.43583
0.0890141
0.736341
0.61567
0.921045
-0.199077
4.71958
4.05324
3.05222
3.07713
1.03846
0.943194
1.23263
1.31787
1.44336
0.895135
1.2463
0.265308
1.36543
0.761557
0.392273
1.13812
0.651553
0.888926
0.752682
4.15801
0.815806
4.37929
1.55814
3.52178
0.911302
4.77368
5.59596
1.22258
0.775351
2.92647
1.2218
1.06339
3.95042
0.0652425
1.29241
3.15032
0.608592
4.8049
4.84744
0.849251
1.38838
0.301949
0.481799
0.6482
1.29051
0.607127
0.715461
3.35213
1.11587
0.60589
1.11818
0.912308
0.522685
0.982344
1.19718
-0.00579316
0.708742
0.776873
1.17269
3.63222
4.69929
1.16894
0.940887
1.14705
0.684068
4.64398
0.887414
1.06357
4.26155
1.60689
0.57773
0.765363
1.16233
3.9526
1.44461
1.18923
0.712776
0.754513
2.63336
4.55459
-0.0843273
1.2756
0.873872
1.13736
0.480846
0.531227
1.17063
0.599798
-0.00743065
0.0680835
0.969997
3.36128
0.621977
0.575007
4.64295
0.842498
1.07705
0.851693
3.60877
0.20843
1.56751
1.20641
4.14722
0.955091
4.37873
0.117167
0.0971698
1.15748
0.635245
1.05522
1.0775
1.60878
1.0078
1.5902
0.946836
0.731092
0.887144
0.936296
1.2629
0.262251
4.73232
0.907241
4.98625
0.957941
3.05927
1.1481
4.90215
1.23388
0.555424
0.835558
0.621448
1.11452
4.73306
3.28609
1.0683
1.22467
0.319032
0.926332
1.2844
0.41675
0.480609
1.29353
1.26582
4.45949
0.936171
3.02026
0.768383
-0.414552
4.56596
0.822288
1.77592
0.842152
1.02187
0.684318
4.21096
0.903307
0.698344
1.07928
1.02597
3.57625
4.86525
0.880521
0.00811329
1.19174
0.894771
1.11551
1.16816
2.9375
1.36516
0.156189
0.508678
0.844797
0.947671
0.514217
4.73534
0.504795
0.715732
0.893322
0.911471
0.707475
0.911323
1.06949
2.53919
0.213446
4.30901
0.569986
0.878455
0.740673
0.722889
0.783043
3.13122
-0.686633
3.56843
5.48131
1.45944
-0.482958
1.40195
1.04692
3.42396
1.00436
0.466619
1.0799
0.429305
1.37364
0.765425
4.29897
1.06514
0.834602
0.637771
1.38187
4.66066
0.974857
0.957945
0.827913
0.388101
3.03338
0.834261
2.23548
1.18409
0.631333
0.781316
0.727044
0.853568
0.141647
0.178116
0.540464
0.872426
0.888841
4.67238
0.802939
0.930407
1.05202
0.73763
1.40168
1.26325
0.801113
4.73122
0.74016
1.86782
0.76168
1.21446
0.848995
4.00728
0.211831
0.0253948
0.26528
0.553311
0.43576
0.959434
0.348543
1.63096
1.28041
0.447681
1.11674
0.890089
1.26248
0.572466
0.808874
0.79204
0.803744
0.331381
1.2405
0.627528
1.09843
0.809502
1.32791
1.04988
0.323751
0.56596
1.54871
1.26245
3.54171
0.611786
1.20994
0.25936
4.58334
0.645581
2.21761
1.7674
0.591038
0.957178
4.80865
1.20575
1.53617
1.16394
0.786844
5.12623
0.0218287
1.05578
1.40173
0.370501
4.95025
0.924285
0.940551
0.983517
4.31575
1.05349
2.899
0.617878
1.15722
1.04425
2.65469
0.851311
0.80912
1.409
3.23691
2.7464
0.969998
0.674896
0.873507
1.23133
4.89711
0.635884
0.645756
0.570872
2.35352
0.866783
4.05153
4.25266
1.20465
1.13527
-0.296394
1.20061
1.78497
1.21136
1.18591
0.506559
-0.789786
0.940304
1.20155
1.12581
1.24228
0.0598271
0.950986
0.55985
-0.597563
4.77206
0.553957
0.931348
-0.534326
0.740561
-0.00293862
4.64591
4.46974
3.43656
-0.781825
0.668967
0.971661
0.0833479
0.93154
-0.062101
0.718384
1.27778
1.08162
5.40172
1.59667
1.48172
0.687448
1.31337
1.26165
0.618513
0.0914302
1.11505
0.933961
0.884437
1.2921
1.31957
0.463937
4.80324
4.81598
1.31247
1.28301
1.26292
0.679365
0.48351
0.894705
0.00880378
0.678202
4.08148
5.04257
1.05145
0.707621
0.573604
1.38469
0.584073
0.767331
0.855185
0.686402
0.483328
4.82142
1.35599
0.932428
0.492379
1.27855
4.74919
0.150098
1.26338
0.895951
4.89083
1.34041
-0.234335
4.46314
1.18098
1.92874
-0.196375
3.59402
0.580643
0.493193
0.0444075
0.943387
0.644649
0.809544
0.685677
2.13446
0.354032
5.52184
-0.0455587
1.40731
2.60491
2.66307
0.346761
1.08922
1.25892
1.32582
-0.187008
0.365422
0.615877
4.43038
5.37238
1.29535
0.717503
1.26115
0.769233
1.29963
4.09307
0.739349
3.71887
3.6642
1.25646
0.507038
0.246546
0.79335
1.40711
0.651621
1.13003
4.83483
1.95694
0.638705
4.05534
2.28132
0.503946
1.26075
0.938337
1.30873
0.897929
1.37983
1.05037
1.22342
0.290165
1.06679
1.15014
4.00915
3.48861
0.888734
1.27988
0.707117
0.193354
1.11535
2.84235
0.724898
0.794353
1.25169
0.479072
1.30799
4.70873
4.66821
1.08334
0.804158
0.959913
5.55733
0.422546
0.764347
4.95793
0.925649
1.24042
1.11805
0.80845
4.07728
4.85025
1.24542
2.55083
0.752337
4.48953
0.0538536
0.750858
0.513218
0.903831
5.25087
4.75933
0.610434
0.643701
3.58837
3.02279
0.936758
1.06554
2.99918
1.52021
0.802087
1.23985
0.979638
3.72656
4.5777
0.474782
1.32337
4.71221
4.67603
1.04878
-0.375434
5.07349
4.74413
1.13289
5.10504
0.986236
4.17842
0.782705
1.60329
0.642419
2.28974
0.253361
1.02911
0.771193
3.72863
0.110134
1.06683
0.555852
1.01771
-0.158021
1.73731
0.2839
0.953774
-0.000634901
0.775751
4.07156
1.03777
0.0494058
1.20516
0.646139
0.81622
1.21807
0.510316
1.51484
0.224418
1.13969
1.15909
1.86213
0.402377
0.816587
0.358204
4.69036
0.762503
2.81852
0.741807
0.513688
5.08452
0.102363
1.10808
1.12128
1.37124
3.20631
-0.317582
0.487565
4.6018
0.189175
0.930368
1.33848
0.762593
3.38316
3.86489
0.243589
3.7268
2.94891
1.32355
0.664883
1.02142
0.826185
0.302196
0.390357
1.47059
1.40133
1.78311
4.60791
0.190704
0.845211
-0.0377939
-0.00271847
3.85634
3.99198
-0.288894
0.986668
0.942442
0.426565
1.14796
1.15385
4.20798
2.16348
0.908736
0.846414
0.889054
0.463358
0.669855
2.62629
4.91357
2.07978
0.541845
1.13768
0.765666
0.654228
0.741269
0.0358779
0.908431
4.15435
1.08854
0.620062
0.667036
1.14238
0.808834
0.546271
4.30455
0.295398
0.0791462
0.700486
0.609046
4.48452
1.0358
4.68083
1.31287
4.44253
0.34173
0.76822
4.66768
1.37198
4.14509
0.478994
1.11618
1.94139
0.47556
0.385425
0.00910894
0.553863
4.53294
0.534821
1.0677
4.36435
2.55609
1.60928
1.38538
2.87979
1.91768
0.262918
0.668371
1.13059
3.46359
0.0505173
0.049011
0.608923
4.63071
4.08578
1.2093
0.515613
0.405492
0.192869
1.2873
0.438351
0.979742
1.38358
0.739628
0.631977
1.26764
1.46443
0.691018
5.57737
1.39842
3.98607
4.46841
0.758685
0.787532
1.1682
0.58679
0.071605
1.36901
0.331725
1.29157
1.23957
4.19455
1.21726
1.28217
4.09899
1.23806
4.64683
1.50229
0.909373
1.19796
0.791021
0.677465
0.420093
0.751668
1.28612
4.60621
0.905843
1.31799
0.431552
3.11727
0.420651
1.30196
-0.44597
2.08437
1.09245
1.32426
1.12119
4.17281
0.723245
0.90457
0.827873
0.544853
1.14576
1.04407
0.987815
0.656133
0.704823
0.969144
4.99913
1.08899
0.802871
4.09106
0.95392
0.874455
3.63781
1.07587
0.669147
4.56081
0.782454
0.386736
0.931854
0.866332
1.4075
1.2708
0.679139
1.22462
0.31218
0.953001
1.02943
-0.0987803
2.18059
4.78471
0.723458
0.920807
0.682689
0.960982
4.23023
1.37476
1.04469
3.01743
4.7779
4.74852
0.25805
0.731335
0.492653
5.41036
0.636827
4.65563
0.984584
1.26153
1.03643
4.84048
1.61094
4.07833
0.535376
1.26003
1.85406
0.520877
0.0665497
0.819646
3.84574
0.820288
0.492597
0.770698
0.0216653
-0.480984
1.14385
1.15505
1.31335
1.77977
5.35468
1.44568
1.37453
0.649541
1.28498
0.823273
2.06486
0.31197
0.272313
0.956569
1.12234
0.237942
0.780179
0.630867
0.92118
2.26684
0.829001
1.28866
4.78389
4.83598
4.87797
0.513771
1.14828
1.03627
1.55192
5.08525
1.07425
0.744308
0.812603
1.2052
0.567101
1.1446
1.2597
1.38232
1.19016
0.0597496
0.554659
0.483909
1.15022
2.39127
0.75878
1.31189
0.969635
1.20589
0.534857
0.965451
0.934764
1.39922
0.819685
0.723531
4.67262
4.45037
0.962036
0.739776
0.632856
1.45767
0.236424
0.631433
1.50558
0.659447
1.27621
2.431
1.0042
4.28398
0.485707
2.89495
-0.860152
1.33396
1.10218
0.700534
0.879592
1.11729
0.81104
4.30406
1.54971
4.31091
0.855704
0.882724
0.608918
0.542362
1.35328
0.13984
1.05054
1.27799
0.784592
1.19904
0.953827
0.962632
0.0454176
1.78443
1.48206
0.581896
0.26396
3.67701
1.37473
1.03251
0.34013
0.964614
0.369789
4.45733
0.740401
0.796172
0.113146
2.49603
4.28091
0.655794
4.30645
1.45324
4.90516
4.69738
1.23555
2.073
0.642795
1.40166
1.49613
5.08515
2.98065
0.214847
4.72238
5.34329
0.850342
0.388818
0.796191
0.778795
0.890743
3.89433
0.497225
3.76336
0.666384
4.28064
1.61284
0.817507
1.26145
4.70025
4.22547
0.49802
0.440053
3.94278
4.16426
1.29275
0.833129
0.888971
4.38665
4.52085
1.06062
1.04855
0.722175
1.02854
0.470159
0.841712
4.82829
1.35141
0.868428
4.7217
0.81632
0.158193
0.739785
3.48983
0.687112
0.832113
0.266502
2.09079
3.88518
1.37592
0.551894
4.99346
1.49162
1.09945
3.51645
2.17954
0.92524
0.762938
1.31169
0.882713
0.80939
0.66086
1.26956
2.29739
1.06825
4.53305
-0.848976
4.86041
1.4641
1.15702
1.48583
1.52965
0.898199
2.26583
1.05922
4.18786
0.93255
0.00280453
1.55474
0.210119
1.15499
1.40035
1.07262
0.663338
1.37186
0.510343
3.65462
1.27201
0.748755
0.13476
1.59753
1.30894
0.903587
4.32831
1.60275
0.972546
1.08914
4.73456
0.317509
1.99421
0.674608
4.5412
0.909374
4.78322
1.15935
1.21109
1.07719
0.582052
3.02403
1.09712
1.06879
2.88299
1.25224
4.57513
0.654887
0.708684
1.13042
1.04064
0.605619
1.38311
0.475532
0.684735
1.02711
5.11714
0.542577
4.10921
4.36332
0.870335
1.1388
4.08033
2.84019
0.745922
0.913547
4.83866
0.586526
3.12472
0.7759
1.38129
0.722628
-0.00885078
2.16009
0.871121
0.0473654
0.219722
0.889538
1.37255
1.26538
0.669365
0.817793
0.744642
0.934393
0.772633
4.87524
1.56229
1.17992
0.700916
0.391748
1.16073
1.23006
1.98621
1.14759
1.95834
3.24527
4.2248
4.8017
1.41881
1.09359
0.453762
0.600628
0.609533
1.20268
0.0456988
0.487453
0.648643
0.803565
4.87009
0.89617
0.97195
-0.622923
4.67878
1.40906
1.47125
5.22307
1.34276
4.52967
1.20281
0.55129
0.00593989
4.9975
-0.0692633
4.50856
2.17151
1.17147
0.722239
1.92053
3.7723
4.16418
4.51473
1.13899
1.00721
0.825465
1.41601
1.2291
0.950243
0.595072
0.0254049
1.18057
1.4612
2.70631
1.84084
0.675416
0.681093
0.807699
1.45347
4.51519
0.402906
0.53328
-0.714244
1.16371
1.94145
1.17332
1.17536
1.70985
4.64007
1.46542
0.467626
1.22161
4.07972
0.286662
0.138736
0.785685
0.863188
2.95687
1.23631
0.820128
0.239703
3.89256
4.13203
1.15383
1.1794
0.862807
0.919147
3.00401
4.46332
0.893797
2.60227
0.391787
0.602346
1.2186
0.113728
0.970405
0.220332
0.612296
0.807492
4.4993
3.34166
3.72809
4.55334
1.08253
3.32636
0.511166
0.781651
0.600138
0.873722
4.48184
1.1337
1.19907
1.74494
1.29981
2.5634
1.18811
0.945408
1.25215
1.76087
0.609213
4.75756
4.21169
0.926779
0.615766
1.00977
0.829942
0.0820264
1.51544
0.758937
5.18732
1.18837
0.858632
0.634989
0.772643
3.78436
2.08139
4.56354
0.696573
3.05377
4.52715
1.25354
0.337898
1.15812
0.943864
4.91827
0.720308
0.720471
0.943103
0.0968879
0.750875
3.7997
0.615299
2.35926
1.24799
1.02774
1.13562
0.918628
0.550092
1.2768
1.35192
0.151566
0.147297
2.10712
4.85746
0.792892
0.0019507
0.909812
0.912597
5.19715
0.529237
0.948984
0.698599
1.69605
0.689357
0.987835
0.87415
4.13116
5.55883
0.375125
0.455919
1.28125
1.3231
0.319543
4.8505
1.21349
0.296597
1.11162
1.48109
4.73428
0.900638
4.65761
0.310098
4.70681
0.843523
1.34544
0.992219
-0.0153367
1.31856
-0.734433
0.596232
1.01617
1.19811
0.717461
1.22879
0.752022
1.06451
1.13798
3.2132
0.763508
1.40546
4.80269
1.02234
0.738792
0.682764
0.887032
1.00959
0.555031
1.03574
1.1474
0.929702
3.08047
0.640056
3.84633
1.16375
2.53105
1.33487
0.584598
0.913457
2.15928
1.64406
4.08898
0.792432
1.57503
0.764228
5.27596
1.03538
0.916557
1.0763
2.3873
0.801653
1.20276
0.845945
0.810392
4.00597
4.18899
4.07704
0.591336
3.31089
1.63692
1.52133
0.976647
3.68516
1.28919
1.49146
3.7795
0.964424
2.79392
1.26039
1.14291
2.06429
-0.0264514
4.77898
1.61092
4.00189
3.91097
0.636148
1.28689
0.490537
0.484539
4.64168
1.05985
0.612881
3.21238
1.03883
0.811308
0.842196
1.48238
1.31134
0.0954774
2.91717
0.512907
0.659871
4.56999
2.56462
4.62961
5.21314
0.777983
2.42013
0.642913
0.753893
0.575224
1.03973
3.73718
0.76085
1.58247
1.16287
1.05345
1.28878
4.07536
0.969652
0.849004
0.7617
0.494214
0.500621
0.903507
0.689266
1.21382
4.73049
0.508836
0.760232
4.09204
3.26798
1.02667
1.44388
0.918351
0.76705
4.52587
4.00368
3.712
1.45202
1.24592
0.164926
1.45538
2.85049
1.10591
4.06616
0.72027
1.10083
1.25538
0.968248
0.937387
3.68515
0.313443
1.2287
0.754224
0.761173
5.48366
1.44338
0.161385
3.72562
1.1763
1.32932
0.953262
4.4602
4.45682
0.551515
0.864222
5.00114
0.625183
1.06537
0.843808
1.04407
3.58708
2.27539
0.3695
4.09931
0.692895
2.67892
0.338204
2.71216
0.739954
3.70927
3.91223
1.35185
1.27135
0.952808
3.88069
0.758166
1.01684
0.400303
1.14957
0.186655
0.955758
0.977116
0.648481
1.0639
0.654841
0.811685
1.04332
4.3021
0.98156
0.42373
1.52776
1.25688
0.723421
1.3434
3.56008
0.467747
1.35846
0.239295
1.39155
4.42629
1.35808
1.43519
1.04935
0.918949
0.660323
1.08885
0.940595
3.86759
1.44635
0.221289
0.932788
0.848266
1.15544
1.18286
1.20392
2.12167
0.55525
0.826118
0.761189
4.56511
0.853351
0.439356
1.96998
4.27614
0.884459
0.956151
1.22664
0.84776
0.658005
0.678435
6.20311
0.992018
0.820594
0.765685
1.39077
1.05189
1.20715
1.16262
4.33311
1.12131
0.867537
1.04643
-0.158001
1.41584
1.13696
0.562458
4.31902
4.85173
1.63248
1.37398
-0.545392
0.599032
5.08048
0.925776
0.699287
1.26102
4.00929
4.71217
4.72634
0.579712
0.694977
1.07581
0.938519
0.217185
0.873498
4.0376
1.16303
1.02912
0.212846
0.679311
0.797355
1.75145
1.33838
1.38772
4.51734
0.99983
1.41021
0.952715
0.758523
1.39397
0.305885
1.26234
0.823885
0.755684
0.677928
3.57926
0.613874
4.50601
1.42844
0.605852
0.25755
5.48281
0.992586
1.19774
0.461688
2.37494
4.72987
0.49056
0.924845
1.05958
1.01642
4.70861
4.84824
1.01581
0.873945
3.36168
0.532206
-0.000982675
0.4123
5.4491
2.43672
4.35747
0.557184
5.06156
2.5609
4.54258
0.45067
0.710469
-0.106628
0.833339
0.535347
3.57165
0.428812
5.6453
0.934345
2.31549
0.676519
3.02778
0.943739
0.737498
5.41412
1.18129
1.34619
1.2412
0.457162
4.90744
1.16789
0.665411
0.856855
1.40473
4.30026
4.41294
0.712106
0.615769
4.43193
0.799243
0.639423
1.21491
0.456716
1.54243
1.43812
0.111413
1.53723
0.918306
4.71139
3.19017
0.764038
2.57708
1.07118
1.27052
1.31492
0.348222
0.819172
0.80632
1.31135
4.19539
0.560552
2.87423
4.35114
4.75719
4.4036
1.82219
4.18276
1.28474
0.786118
0.256242
4.05318
0.318043
0.41518
0.67167
1.13594
1.2487
0.912874
0.197535
1.38294
1.06019
1.06902
1.32091
0.91497
2.37122
1.19906
0.495863
3.92195
1.14439
0.769315
1.27743
0.173331
0.587941
1.1423
0.729598
0.215501
4.40781
4.0964
1.02556
1.02135
0.275022
0.709237
4.85609
0.222949
0.667916
0.0505099
0.885818
1.78726
1.12369
0.795724
1.35049
0.866112
0.705895
0.757941
1.28009
3.49037
1.27498
0.906857
3.20937
0.590602
1.04191
1.04415
-0.0661205
-0.781609
1.68252
0.699184
4.03507
1.4587
0.764381
4.00086
0.588577
0.896393
1.29442
4.94427
1.04452
2.85015
0.666473
0.992542
3.74024
0.929368
0.588715
0.847963
1.39789
0.638467
4.59724
2.43656
1.26629
0.802159
0.799622
1.29081
1.06744
1.23792
1.18397
0.603517
1.44565
1.25965
3.4641
0.581421
1.0597
4.63007
1.32194
1.44599
4.18235
0.419583
0.99732
0.74969
0.650022
1.6727
0.598473
1.27132
0.175204
1.09284
1.63074
2.81186
2.0171
0.740497
1.31707
1.00102
0.0166056
0.738572
4.13468
1.39196
4.75458
0.704784
1.2638
0.853294
1.06404
0.538202
2.07285
1.17512
4.4517
1.08825
3.764
0.676944
4.82574
1.19038
0.881377
4.58564
0.965072
5.10473
0.931033
0.853422
1.3358
0.821157
0.738228
0.695519
1.10209
3.63382
0.693122
0.0597114
0.613383
0.726921
0.52905
4.02633
0.822797
1.47042
0.477804
1.23497
5.24871
1.19827
4.67541
0.863277
0.891791
0.956667
0.764125
1.27902
0.00897978
0.601436
5.39041
0.42898
0.545468
1.18035
0.985038
1.09555
1.347
2.07637
-0.133085
0.64948
1.15741
2.60235
4.47597
5.65655
0.951838
4.61196
4.56347
3.01064
1.18446
0.422935
0.544639
1.1206
1.21669
0.835588
0.612325
0.587349
5.61985
0.979733
0.689071
1.23658
1.00295
0.901018
0.932162
5.07521
0.755919
0.112794
0.924283
0.799293
3.97954
0.959764
1.22677
1.35938
0.139037
1.03507
5.55761
4.47127
0.638166
4.10663
1.32752
1.07686
0.957336
1.55422
2.3552
1.36668
0.973517
5.65015
4.93687
1.27161
0.589103
0.752181
1.33661
0.997254
0.634736
3.51081
2.68741
1.24798
0.568849
0.711304
4.19843
1.29886
4.55592
0.265302
5.0941
1.27697
1.14417
0.757378
3.61688
1.4241
1.11104
3.90434
2.29943
4.64712
1.30458
0.305896
0.269641
1.17168
0.971232
3.95758
5.65003
0.890242
1.2524
0.336797
1.16646
3.20857
3.43041
-0.828331
1.24037
0.879376
0.340636
-0.216113
0.695536
0.696674
0.533827
1.37113
0.198214
0.523641
0.323518
0.625986
1.22052
0.909448
1.13894
5.11543
4.24738
0.805717
0.861021
0.440557
1.2443
4.75547
1.39198
0.410257
0.169325
1.12462
0.93493
3.70711
0.494793
1.14026
0.54537
3.69941
1.40847
0.518769
1.22336
0.850328
1.16169
1.32165
0.774991
2.42383
0.946255
1.42647
0.628264
1.09833
0.750313
0.215335
0.687481
0.659676
1.1646
1.02994
4.82889
1.08115
0.724336
1.08406
1.02132
4.36216
1.09355
0.645785
0.172061
4.13044
0.202227
4.3956
1.20374
0.800343
2.77739
5.15071
1.28381
1.58474
0.769229
4.05526
4.20751
1.31288
0.745172
0.777724
-0.713722
1.35831
1.03056
0.729064
0.661413
0.564052
0.84163
5.13029
0.704709
0.375454
1.2033
0.899215
1.28039
0.52592
0.657806
4.25509
0.939922
1.20878
0.734149
0.446366
4.52579
0.812101
1.10999
0.597954
1.89241
0.418544
0.914259
-0.230121
0.831622
5.39346
1.08593
1.17947
3.13713
3.73569
0.810133
0.775815
1.36872
5.55269
0.775188
4.40077
1.42732
0.322963
4.12098
2.05115
1.96289
3.11227
1.1022
0.758134
0.569603
0.32602
0.522006
0.15293
1.3793
1.25402
0.972038
2.80632
0.723922
1.07749
0.622944
1.02957
0.942704
4.22811
4.87644
0.798317
1.26035
1.43524
1.28801
0.85179
1.39618
1.14726
0.837866
1.60441
5.56471
4.75521
1.2279
1.04455
1.00566
0.26825
0.895984
1.02959
0.272407
1.30839
-0.241145
0.720389
0.671007
-0.113724
0.564387
1.18769
1.25539
1.14319
0.594577
2.46177
0.699765
0.171336
0.304738
-0.588566
1.08033
0.608135
0.988318
0.76632
4.47015
0.177463
1.19649
0.763629
0.889997
1.27102
1.0719
0.628604
1.16289
1.34942
2.89489
4.82305
1.19167
0.526953
4.81493
1.26388
0.983245
0.922472
0.827242
0.832082
0.641102
0.609597
0.608313
4.78167
0.556081
1.24505
1.4786
0.635116
0.746139
0.771288
0.907923
0.726402
1.08407
0.586168
0.96459
4.78059
1.14622
0.588684
0.482923
0.965997
0.811873
4.19802
4.88938
0.71918
1.25622
2.86346
4.71068
0.802546
1.04864
2.44478
4.01615
0.777267
1.07879
3.13919
1.47734
4.8279
1.04561
1.14943
1.31366
1.17142
0.723691
4.70599
1.38338
0.686931
1.30085
1.16886
4.35542
0.20895
0.883766
3.03909
0.635919
1.15092
4.95591
0.671381
1.20771
1.24726
1.32326
4.63775
0.327992
-0.352107
0.745441
4.30653
4.18407
0.00113611
1.18367
1.11196
1.18398
4.32806
0.172571
4.31719
0.699093
1.30477
0.668541
1.20048
0.949671
1.24006
4.38073
0.791876
0.973971
0.848213
2.74215
0.67511
1.07873
0.37678
0.518156
0.62112
1.2263
3.02862
1.01721
3.464
0.632474
3.84805
0.683599
0.827659
0.972778
2.00369
2.44664
1.08122
0.398667
0.893222
-0.0103228
0.278199
1.14984
0.82582
1.11776
1.40897
1.3756
0.637016
3.17874
1.30464
3.15431
5.54824
1.16372
0.910587
1.20267
4.53837
0.907065
0.799928
3.05915
3.98678
4.52254
1.14499
5.65916
0.579695
0.601876
1.88886
0.823504
1.37598
0.924367
2.1028
0.10503
0.904659
0.79706
0.496752
1.06768
0.722682
1.41623
0.0236606
1.03582
2.95714
0.751911
0.9059
0.980701
1.32266
0.0325205
3.92909
0.320787
0.725607
1.10726
0.859912
1.088
1.27519
0.935217
2.73265
2.52023
1.19152
0.941223
5.11541
0.767647
5.04337
0.627741
1.21848
1.21498
4.29819
0.671047
4.24255
4.66316
1.24537
0.932675
1.20891
4.03625
4.28517
0.925489
0.541379
4.64256
-0.327405
4.04733
3.143
1.44872
0.160524
1.12652
0.702596
0.677976
-0.179594
0.366433
1.03038
3.30951
4.53123
-0.381501
4.74028
0.163679
-0.454071
0.903062
0.682895
0.679951
1.03568
1.3462
0.396081
0.610236
0.0746066
1.03598
0.819268
1.16143
0.590532
0.94177
-0.317259
1.27862
1.16507
2.49615
0.396178
1.25835
0.624857
0.983955
0.316414
1.13489
-0.0220315
0.836605
0.983346
-0.0601409
0.426973
1.21889
1.03912
2.99327
1.18771
0.797229
3.29195
1.0775
3.31622
1.35095
1.17635
5.90826
-0.172545
0.852381
4.09038
5.01103
0.945351
0.176669
0.00145065
5.61692
-0.00524961
0.650177
4.7338
0.794222
0.926267
0.453529
4.8303
1.17775
1.28926
0.567394
1.16073
1.73507
4.76535
0.222969
0.633296
4.72042
0.818044
0.662673
0.866787
0.842786
1.23598
0.706277
5.54467
1.02666
4.06784
0.920551
0.755708
0.669607
3.15762
1.1705
0.86307
4.32609
5.38964
0.837001
1.2533
0.873723
1.13888
0.219552
0.464129
1.37936
0.888827
2.4478
1.0438
0.887163
1.31148
0.770309
1.03258
1.44606
0.644524
0.567298
0.818114
0.505317
4.53386
0.585678
0.751284
1.22986
0.800745
0.247019
0.907645
5.40806
0.383
0.559755
4.22071
3.78591
4.81741
4.72811
0.167985
1.43981
0.985464
1.18623
3.24248
0.98129
1.34948
0.351134
0.617257
0.499449
2.79679
0.810317
0.693966
0.621908
4.17249
0.122359
2.00797
-0.307893
0.852821
0.556189
0.623592
0.803654
0.634675
4.5805
1.02945
1.08074
0.882071
1.29525
1.25893
1.20087
2.3926
1.16982
1.60446
1.05716
0.864396
0.288236
1.15536
1.02285
0.933776
4.65148
-0.494677
0.637946
0.482862
-0.0415453
0.230792
5.23329
5.03905
0.51655
1.32681
0.804966
0.0413083
0.562077
4.15533
1.62325
0.798895
2.24355
0.97153
0.563417
0.976231
1.37231
0.409726
0.671656
5.64184
0.243196
1.00125
4.45953
4.10608
0.659014
0.6569
0.867404
0.462781
4.40552
4.51776
0.709377
0.684014
0.939783
1.12599
0.749874
1.84153
1.0416
0.708208
0.501596
0.673389
0.61112
1.04799
1.07811
0.798147
0.930994
1.08239
0.559107
1.24166
0.963934
0.545634
1.16237
4.82039
0.763175
1.02526
0.832695
1.15744
0.31054
2.58137
0.780122
0.741695
0.103814
3.03102
1.07507
1.40975
0.310389
1.17965
3.39998
0.293246
0.880443
1.20129
1.26983
0.679358
0.540409
1.6027
1.40188
0.510457
0.749168
0.866437
1.03516
1.08277
5.43134
3.25277
4.26737
4.80945
0.344919
0.969445
0.222027
4.11408
1.22397
1.29191
0.686767
4.34442
0.889888
4.25867
4.64402
0.0639562
1.19118
4.68566
1.1096
-0.759356
0.523869
0.8863
0.765061
2.99614
4.5627
0.689178
1.30071
1.16325
0.207261
4.73659
0.584571
4.69815
1.28045
0.650494
0.540546
1.26425
0.995355
1.17081
1.22473
4.10434
0.347469
2.39941
0.975116
0.495068
3.83708
0.290066
0.953681
0.981439
0.633498
0.590992
4.65072
-0.374165
1.40893
0.465912
0.586376
0.782558
0.177795
4.49626
0.840295
4.82383
1.09772
1.96556
0.486908
0.146939
0.601628
1.31352
1.22906
0.754397
2.9666
0.654613
1.25486
0.765271
1.42844
0.618017
1.01932
4.06042
0.693037
0.326496
4.90508
0.311886
0.644268
0.684182
0.398819
0.867678
2.24732
0.815815
1.05239
0.926891
1.11542
0.768747
1.02065
1.16074
0.677568
4.01984
0.386395
0.824459
2.99709
0.627394
0.473517
0.940693
0.517959
1.40104
0.184758
0.952335
4.29292
0.478905
0.838228
0.957543
0.996058
1.28437
0.583732
0.984946
0.970501
1.03005
1.38875
-0.220998
1.42725
0.677262
0.973067
3.65959
1.10474
1.27361
0.795649
0.476166
0.936404
0.305739
4.45153
4.75747
0.913298
1.17116
0.37027
1.39227
2.81116
0.660311
3.15607
0.767099
0.707564
0.833117
1.19737
-0.476302
0.754043
1.25159
3.90754
1.13138
4.71351
0.905123
1.07481
0.516422
1.28527
4.72771
0.512441
3.87896
0.997741
0.369631
1.1178
4.38289
0.618349
0.363732
3.17574
0.472602
2.70049
1.25856
1.15313
1.06642
0.82941
0.954313
4.72647
0.582842
1.3404
2.60539
0.971088
0.969377
0.392225
1.07203
4.50041
1.40445
1.34983
1.25597
0.713405
4.70653
0.898012
0.555833
0.0444686
0.784771
0.598213
1.20769
0.155961
3.51872
1.19284
1.30558
5.3319
1.12037
3.23184
0.711406
0.876976
0.851521
1.28032
1.41999
1.11689
3.46601
0.938332
0.748878
-0.329436
0.894711
0.372657
1.10928
1.61002
1.07453
1.38155
0.903881
2.40826
1.09396
1.56742
1.00353
0.961116
0.831518
1.08746
0.46259
2.5118
1.13135
0.434698
0.465933
1.35324
1.40705
4.58524
4.72314
-0.798341
0.951289
1.38377
3.27879
4.1879
0.412583
0.230423
0.694527
4.5646
5.51948
0.617639
4.38946
1.16878
0.46879
1.21352
1.37598
0.733123
1.22389
1.07394
1.2833
0.750322
0.790532
3.24513
1.25302
1.14565
0.880589
1.01379
0.696659
0.718912
0.864806
0.386898
4.62935
0.910078
1.29387
5.14001
1.15546
3.05268
0.447517
0.108728
0.974589
2.71808
1.07628
0.849857
2.7104
4.63835
1.28911
1.16321
1.16004
0.926636
0.54782
1.12836
0.73384
1.30512
0.67041
1.1781
0.644428
0.801115
3.91718
0.393916
0.734161
0.339794
0.427803
0.664753
1.32159
0.814155
0.449892
4.521
3.21273
-0.0117059
0.88797
1.0001
1.72613
2.02009
0.684342
1.35251
0.993393
2.49159
3.18585
1.54773
0.80638
0.878099
1.12482
5.22898
2.65282
3.42514
0.417154
1.70071
0.697061
2.48592
0.947299
1.27527
4.86951
0.288192
0.624451
0.601896
1.84414
4.04446
3.5389
4.7454
1.2773
0.381652
0.0923707
3.68101
2.52331
0.639844
0.859638
5.05217
0.717665
0.905914
2.11694
3.29164
2.98797
0.890163
5.62422
0.917913
0.00941173
1.34521
0.815224
0.60381
1.16024
0.419179
0.412604
0.90863
1.1067
0.923185
4.92694
1.90867
1.07224
1.55643
4.68904
1.2054
0.975302
1.3724
1.55732
1.11827
0.449839
0.912058
3.11769
0.163783
1.28963
0.750123
2.76768
0.583115
1.01571
4.23009
1.43918
-0.557361
5.22178
1.28418
0.929059
1.17005
3.5432
0.975871
0.809123
1.16539
0.774677
0.637697
3.65101
1.57474
4.45864
5.37216
4.86132
0.955208
0.832915
4.66556
1.27818
3.73349
1.09419
0.676047
2.39239
1.03692
0.671424
0.883203
0.357061
0.546124
0.793345
0.339329
1.16724
0.328171
3.4458
0.270721
4.48442
2.06381
1.37159
0.749658
0.643476
3.86751
4.46929
4.08299
3.71033
0.246857
0.718744
3.72853
1.16418
1.02383
1.25198
0.396268
0.799177
1.29315
0.967721
0.897509
0.247126
1.14415
5.42006
1.03265
1.3994
0.617005
0.970308
0.411281
0.726362
0.715919
0.472158
1.17429
0.60576
0.718237
1.23199
4.1903
4.59451
3.63987
0.686009
1.06761
1.19533
1.89934
0.232362
0.9928
1.23982
0.837272
4.4404
0.367734
0.239874
1.19507
2.12049
0.987476
0.381349
0.740341
0.807451
0.383843
1.56512
1.43705
1.04401
0.424081
4.11564
1.244
5.63772
5.51145
4.11538
0.378846
4.60385
0.911531
1.0652
1.31783
0.943987
1.40983
2.83389
0.498156
0.906792
0.934152
0.978705
4.79254
0.648803
0.846073
1.19432
0.990906
4.33948
1.32666
0.370335
1.22403
0.406588
-1.06657e-05
1.27394
0.959426
3.10417
0.810193
1.06217
1.94988
1.04231
0.615853
0.464078
0.564711
4.23976
1.46001
1.34552
0.778319
5.19462
0.610758
4.45176
0.913598
5.61054
0.332967
1.31154
2.68672
0.421097
1.0223
1.15424
1.25411
0.806121
1.11884
0.407655
0.836152
0.226747
1.15399
0.348227
4.47341
0.446336
3.28655
0.954645
0.45369
4.83675
0.607077
3.95639
1.2762
1.0437
1.36749
0.935256
1.43558
1.57104
1.32508
4.59157
1.28568
1.2677
4.09356
5.22801
0.68001
1.0829
1.12531
4.57721
0.897034
0.786352
1.45366
0.960986
1.40711
5.0422
4.68378
4.60839
0.504988
0.343155
4.41998
3.7372
2.26187
0.487722
4.78694
4.12992
3.47908
1.4515
0.713128
1.33734
4.4124
2.77368
0.764178
1.28768
0.72377
0.947175
1.79229
0.740544
4.87695
1.42382
5.16389
1.45535
0.455884
1.43583
0.768416
4.45626
5.15503
4.32687
1.02681
0.632394
0.5944
0.684025
3.51996
0.874316
4.4366
1.21057
0.694737
2.69527
0.370897
2.28346
1.36524
0.67459
3.45543
0.839103
0.554102
0.696547
4.64226
0.756847
0.705328
0.339772
5.09493
0.841112
1.03698
1.28601
2.74577
0.628186
1.46952
0.46903
0.631982
1.28394
0.407966
1.0612
4.26495
3.81876
3.74223
1.28397
0.192174
4.07185
0.621104
1.39474
0.343051
0.383794
2.21768
1.44549
1.13805
0.684074
0.418202
0.477218
0.888832
3.42738
0.453159
0.887721
0.618465
0.774268
0.721531
0.583436
0.934986
3.54071
0.771157
4.69445
4.45873
0.92645
3.65036
0.753733
0.915754
0.875443
1.0095
1.3765
0.216086
4.7651
4.09342
0.869826
0.908263
3.96893
1.28534
0.753729
0.891124
0.515587
0.480705
0.8438
0.688962
0.840566
0.720131
1.42416
0.849519
0.680463
0.911352
0.965143
0.0478565
0.684725
0.907416
1.32503
2.41913
0.429249
1.14127
4.69774
0.880708
0.482044
1.05147
1.98165
0.209558
3.61109
0.723619
1.20299
0.754233
0.462221
0.884408
1.03049
4.37357
0.267858
0.0431686
1.13701
1.23931
1.27134
4.24449
0.740593
0.941324
2.7165
0.435264
1.08647
1.16017
0.718367
-0.243107
1.09256
0.551624
3.81897
4.66447
1.27692
1.23122
0.543779
-0.253903
4.91869
1.35835
0.960808
0.954967
1.25181
2.03519
0.661404
0.0673195
0.964572
3.74986
5.21983
0.509018
4.5489
4.61896
0.619263
0.746514
4.71175
4.70616
1.23482
0.312032
1.11752
0.858577
1.15471
3.57178
-0.451228
0.464734
1.15733
0.844519
0.872577
0.933616
1.38079
2.86943
1.012
1.04021
0.879638
5.0735
1.27071
0.887356
0.32609
1.45911
0.83919
0.836804
0.771939
1.23723
4.72902
0.71573
1.28258
1.32548
1.33433
0.414174
-0.00459473
1.2606
4.39693
2.4475
0.585493
2.75678
0.8667
1.12495
1.16542
1.15191
4.64086
0.56174
1.26324
1.31388
0.67575
1.21223
1.22637
0.314943
0.87671
0.787807
1.09688
0.881782
1.2147
0.284647
0.68715
0.0699555
0.811206
1.10463
0.616994
1.15912
0.917822
0.938457
0.756697
4.7391
0.802726
1.49919
0.402653
0.884479
2.25405
1.15505
0.719559
3.26978
1.12729
0.296508
0.565425
0.484351
0.559503
1.22056
4.73523
3.1813
1.01714
1.13511
0.929208
0.341396
0.8336
0.601954
0.959926
4.38268
1.17978
0.788687
1.26398
0.492544
0.428662
0.855461
0.371253
1.23716
1.21195
0.8133
1.25332
1.09224
0.746488
5.15312
0.561315
-0.252143
0.899491
4.81569
0.777457
0.26492
1.17344
0.661959
4.81551
0.643456
3.50855
1.11916
0.473359
4.18689
1.08242
3.99783
0.143172
0.973101
0.268809
4.28674
2.43357
0.081485
0.77583
1.37662
1.19637
0.667937
0.970461
1.04671
3.92317
0.22093
0.614008
1.40043
4.9957
3.98328
4.6476
0.517362
0.960902
4.89459
0.61476
4.26362
5.35733
1.04756
0.232451
1.14698
4.57978
0.181602
4.77526
4.68117
1.06826
1.17367
0.331103
1.40673
1.1927
1.21742
1.14752
1.17375
0.923965
0.652192
4.47708
0.473355
1.49834
4.02612
1.45102
0.934421
0.929223
0.869581
4.72458
1.15791
0.671029
0.892437
4.62184
0.87095
0.825381
0.681062
0.415991
2.60869
5.394
0.685328
1.1055
1.25931
3.45498
0.996664
0.389883
0.552726
0.148799
1.5011
1.22356
0.934583
0.692767
4.50816
1.90401
1.30214
2.84482
0.0590183
4.11249
0.488094
1.91551
1.31656
1.2529
0.979996
0.246983
0.714128
0.705367
1.3434
1.31434
2.75121
0.691232
4.368
0.317764
1.02851
1.26971
0.814728
0.790768
2.44244
4.13118
0.343188
1.22743
0.534608
4.89794
0.999147
0.917334
1.28584
0.769996
0.640827
0.132869
4.72077
0.984926
-0.802301
0.803907
0.804007
0.926454
-0.364274
5.07124
0.634082
0.592859
4.37043
1.04122
1.28759
0.573872
0.66041
0.659843
0.668339
1.28592
0.659635
1.21853
1.23581
3.68223
4.72404
0.969827
4.73636
0.671664
4.80317
1.16804
4.55006
1.4542
0.798692
0.38743
0.886419
0.735651
1.21969
4.48304
0.555631
0.893499
0.617214
4.92316
4.54752
0.599811
1.27712
1.30768
1.0916
1.03459
0.958136
1.19987
1.97959
4.99803
0.0133084
0.22426
0.916168
0.885831
1.21113
-0.0593338
1.24607
2.25315
5.04571
0.719762
3.66177
0.3341
0.681913
1.00424
0.467674
1.16553
4.07945
0.910989
1.29959
1.47975
0.959998
1.28065
5.07175
0.791303
1.1951
0.206941
0.568508
0.0357263
4.21014
0.581536
0.0461838
4.72048
0.977105
1.27809
1.11999
0.701642
0.706928
1.30976
0.836081
1.05277
4.73124
5.23011
2.08328
0.774806
0.220119
4.50762
0.609295
1.18594
0.465708
1.42845
4.4141
0.0281686
0.439432
0.80552
4.53453
5.38331
0.75037
0.379108
0.350569
1.15962
0.219306
1.18992
0.0491159
-0.00471155
1.55575
0.701442
0.801798
-0.0483994
0.182429
1.37971
3.30888
1.05558
0.60774
4.49849
2.90611
1.36719
1.67265
1.01944
0.735231
4.41674
0.813599
1.90578
0.856967
1.60778
1.81249
1.42193
1.2592
0.420123
0.530775
1.01004
4.67382
4.52468
1.2827
0.961549
4.11024
4.32741
1.22505
4.30354
0.743062
0.835361
0.719965
0.524028
4.62409
4.25522
4.96988
1.22222
4.87041
1.27185
0.961693
3.59717
1.12566
1.05414
1.24824
4.73063
1.42743
0.902844
1.11736
0.632739
4.6555
1.38787
3.75993
1.21897
1.45204
0.935762
4.83985
2.55878
0.539779
1.27345
0.936081
4.36057
0.891408
5.03149
0.832958
1.32785
0.648716
1.0641
1.06014
0.123446
0.677642
0.904562
4.44697
4.53529
4.719
1.21306
1.27958
5.21568
2.64755
0.574193
0.447155
0.961622
0.53337
1.30233
0.840826
4.73986
3.97711
1.03073
0.469207
0.904041
1.04506
0.972156
4.6965
1.25095
4.69983
1.40003
4.79296
1.21638
0.918779
4.4762
1.17319
0.837049
0.729832
0.924833
4.3255
0.319672
0.984412
1.3316
0.324055
0.736128
4.11515
0.668431
0.618493
0.608261
-0.00217983
1.13425
4.57154
0.875994
0.9507
0.979084
0.986833
4.03289
2.45425
4.7804
0.720233
0.463593
1.90785
4.48911
0.641818
4.22946
1.05064
0.589996
1.26536
2.17534
0.431805
5.25753
0.368023
4.682
0.841612
0.455922
5.26212
1.25551
2.69186
1.01107
0.722485
4.96953
0.793405
0.759561
0.885093
0.458644
2.7355
0.960623
1.11667
2.55462
0.325684
4.09938
1.00072
0.523143
4.37081
4.62327
0.950183
4.55816
3.14809
0.307194
1.06903
0.927871
5.35489
0.799656
1.12067
4.95549
0.732236
0.842382
0.707782
3.88368
1.2415
0.348804
0.60531
1.28612
0.893038
1.1137
1.16553
0.733248
0.0178145
0.621903
0.479881
2.44911
0.806939
0.47003
-0.569125
5.62623
4.52882
3.70416
0.575835
3.74154
0.260303
0.436224
4.07538
1.23413
0.856845
4.27508
1.15884
0.47118
0.862686
3.0181
1.21288
-0.680305
0.974506
0.748432
0.72821
0.855021
1.17437
1.21024
0.822981
1.15249
0.17583
0.670688
0.935846
4.72592
4.59739
0.637119
0.795906
0.602811
3.75552
-0.27131
1.1593
0.575592
0.38024
0.980359
0.580883
3.43562
0.864292
0.697146
0.865414
0.30675
0.683854
1.05095
0.791323
4.45181
1.11549
0.367291
3.90822
1.31057
0.949155
0.692401
0.342359
1.99743
4.53559
0.827111
4.68151
0.572396
1.16701
1.06432
2.69037
1.44245
0.693861
3.67622
1.22658
0.9139
0.945632
3.41059
1.15273
4.00923
4.74522
0.213457
1.61572
0.568334
3.25269
4.34467
0.36089
3.83503
0.736505
0.763774
2.11303
0.778943
0.824755
0.452125
1.75324
0.92537
2.11589
0.789456
0.930282
1.25321
3.50119
0.662325
5.39573
4.45762
0.785825
0.928468
0.212081
1.11057
4.04852
1.55885
0.605621
4.31448
-0.0852609
0.753901
0.316901
0.020775
4.66662
0.882074
0.811447
1.74257
0.661021
1.0065
0.759029
3.80823
1.22713
2.02195
-0.139656
1.04771
-0.311007
4.38676
0.800224
1.17508
0.821089
0.760919
0.648265
1.10529
0.543935
4.9442
0.92411
1.22562
0.653387
0.772236
2.03868
0.862093
0.819941
0.772156
2.18992
1.12668
0.264769
0.802581
4.16121
0.757607
0.77539
0.285637
1.28212
0.780966
1.33084
-0.398661
4.58796
1.13449
0.454974
4.71801
1.14576
1.00677
1.12166
0.926615
1.50682
0.702898
0.459251
0.215805
0.970348
1.16248
1.41287
0.722473
0.827668
1.27062
1.08059
-0.461224
0.913601
0.22993
1.18328
1.19965
0.637504
1.36508
-0.350447
0.894842
-0.0244266
0.408895
-0.746802
0.911925
2.43814
3.639
4.39538
0.193534
0.854764
1.22828
4.65284
0.44469
4.70933
0.571632
1.72915
4.85735
0.956428
0.764788
1.08976
0.697983
0.860977
1.20132
0.957214
1.21782
0.387414
0.721629
1.60013
1.22724
0.547033
0.702394
0.770773
0.878131
0.546346
0.578851
0.608466
5.10508
1.15765
0.776709
0.635262
4.70408
-0.688178
0.465613
0.961659
0.417627
1.11876
0.460707
3.68721
0.973306
4.51564
0.10777
1.16594
4.53817
4.96874
4.25747
0.698633
0.828534
0.854635
2.03312
1.22286
0.486565
0.631822
0.336336
0.737384
4.55403
1.29765
0.761934
0.440721
1.05638
4.8581
0.758372
0.676799
0.0742628
1.0443
-0.763334
-0.00195063
0.493614
1.13464
0.712073
1.43954
1.62179
1.23055
5.13883
1.52382
0.892074
0.162067
0.571257
1.24282
4.15734
1.06424
0.971003
1.24339
1.24171
1.23036
0.016392
0.885535
-0.706564
0.962335
0.967377
0.45809
0.839721
4.01799
1.03916
4.11841
1.00779
1.1158
0.8028
0.895138
4.67396
4.49508
1.43134
0.880898
0.907216
0.604537
4.80224
0.478418
0.953301
0.768955
3.28456
0.216084
0.658655
0.705996
4.17583
5.11978
0.272474
0.978795
4.56968
1.17095
0.706985
0.625115
0.664765
1.66516
4.73026
1.05908
3.68529
1.15619
0.728003
-0.176305
0.526551
3.41114
0.910533
0.330141
1.12403
5.06276
4.34716
0.890903
1.45487
0.784657
0.772786
4.47973
0.793225
1.08586
0.324576
4.90418
0.52513
4.67176
1.80746
0.922138
4.3213
0.77626
0.70971
1.20256
4.39567
4.53453
0.16042
5.64192
1.54291
1.26112
0.804424
0.660744
0.811515
0.873378
1.00357
0.338162
4.65076
0.433328
0.0899303
2.56418
0.464539
2.45468
3.88656
3.59461
0.854219
5.25178
0.852692
0.533255
1.03667
0.682767
2.8544
4.33241
0.639379
4.47987
4.55973
4.88018
1.25911
5.02327
1.23247
0.763247
0.832082
1.5383
0.369855
5.39467
5.35847
0.982031
0.546615
2.39217
2.9889
-0.117671
0.956265
0.863438
0.347433
1.37169
1.19964
0.743391
1.11424
0.475981
0.345995
0.304247
1.26008
1.04063
0.392257
0.0344203
2.86558
0.596897
0.243501
1.31377
0.441959
0.999198
4.75633
1.14865
5.1804
2.19855
1.39217
-0.421643
2.09924
0.759751
0.770371
1.03447
4.40637
1.07559
1.62511
4.64654
0.824078
4.59578
0.396152
0.831115
0.351781
0.0542096
1.01574
1.11396
0.322974
0.878775
0.435486
0.627547
0.795391
0.648613
3.64481
0.404017
1.08252
1.36247
1.10721
1.15617
1.14442
1.1983
4.36912
1.26556
1.14284
0.891042
4.73745
0.77082
0.642399
0.559722
0.985222
1.5618
0.988639
0.573815
1.18824
1.18904
0.148764
4.60419
0.41216
0.958829
1.42606
1.946
4.45028
0.682479
1.21032
0.413839
0.412131
0.516872
1.26784
0.398608
3.85602
4.50939
1.31181
4.62708
4.65343
3.11253
0.803533
4.55295
2.51768
0.850835
0.785164
0.440761
0.929811
3.86739
1.04992
0.84115
4.21269
4.65364
1.16713
0.374392
1.41736
0.963481
0.826557
0.530484
1.1605
1.33287
1.37885
1.98631
0.897383
0.818103
3.73439
3.86747
0.26479
1.13002
0.551807
0.869248
0.432231
-0.733295
0.79955
0.598117
4.57149
2.88625
0.277204
2.48297
4.51858
1.03175
3.67666
5.02839
2.36267
1.14825
0.789087
5.11102
1.28301
0.207933
0.966701
2.37458
1.34779
5.09023
1.19911
4.54008
0.78832
0.531209
0.976059
1.40742
1.04218
1.38849
0.735644
4.54652
4.68397
0.872049
4.87457
0.5922
0.570275
-0.147766
1.23308
0.564475
0.865083
4.36087
5.60016
0.316184
0.958775
1.17556
5.26881
0.649828
1.10642
1.39378
-0.106846
1.21856
2.31468
0.188644
1.07408
1.02677
0.83141
1.35328
0.561186
1.25322
4.26149
1.2713
1.52256
5.31996
1.20253
3.74288
1.18526
0.722981
0.248381
1.28308
0.73954
0.471795
4.97062
0.484945
0.92172
0.564568
4.7212
0.0706327
0.650534
0.755328
4.19093
0.8983
0.837264
1.11592
1.44711
0.710985
1.28407
1.18713
0.653749
1.39601
1.6751
0.840309
0.59462
0.844186
1.23262
4.15931
0.528129
1.2725
3.07631
0.46627
4.47944
5.12835
0.64071
4.22586
0.651001
1.02846
-0.811535
4.73133
4.17996
4.80368
1.24871
0.640611
1.04111
0.139217
1.32087
1.2455
4.34385
1.42411
2.52426
1.03007
0.690087
1.29151
3.25126
4.54688
1.09566
0.2064
0.462862
1.11913
0.445327
0.875467
0.373858
4.16963
1.12783
1.31327
1.26508
0.920649
-0.687816
4.68945
4.55663
1.76288
5.30387
1.00833
0.835028
0.640463
0.927179
1.84483
0.426709
4.47319
5.1683
4.57516
2.74305
0.727154
1.16567
4.4824
0.950715
0.510056
4.52832
3.3884
0.68477
4.7957
3.42216
0.449117
0.788612
0.383298
0.597745
3.2171
4.97697
1.43518
0.52281
0.663063
0.970518
2.2863
0.977746
4.24586
0.639865
4.70934
0.671958
5.66242
4.46467
0.955423
1.26381
4.76849
1.08708
1.99277
0.875318
0.892116
0.837039
1.44377
4.39449
0.513339
0.953764
0.729614
1.1191
5.27072
0.456638
1.08793
0.76381
1.12768
0.916613
0.793814
5.30724
1.10228
0.771652
5.3399
-0.0138756
0.965068
4.27052
5.09392
3.49858
4.59021
0.695586
0.720729
1.13073
0.345448
1.6013
1.11047
1.2618
2.30525
2.10821
1.32418
0.32945
1.54454
0.854502
0.919796
1.27854
4.96716
1.03749
1.33808
0.562436
0.848789
2.5512
0.620938
1.20911
0.584704
0.767903
4.26299
2.21868
3.21958
0.967009
0.780854
1.16425
0.945387
4.7797
0.382941
0.505019
1.08362
3.45335
1.08619
0.674913
0.374409
1.31941
1.05519
1.30761
1.15878
0.732447
1.46993
1.81611
1.38955
0.983024
4.36721
0.032066
1.22024
5.04206
1.23438
-0.498929
1.24398
1.13845
4.55219
0.346101
5.08752
3.36113
0.868985
0.134544
1.26588
0.671867
3.70272
0.548234
1.04684
1.41832
-0.307088
1.15247
0.806633
1.66565
0.222532
0.691479
0.895324
1.18268
1.06329
1.29513
0.584084
0.762196
1.09158
4.59939
0.253902
1.16257
0.68823
4.08689
4.16398
5.33193
0.912569
4.47412
0.0719802
0.671813
0.439101
4.03832
0.360673
0.845642
4.66528
-0.334393
1.36805
4.29343
0.513769
0.970381
5.19012
1.31714
0.441038
0.334621
1.23629
4.55048
-0.00404447
1.26212
1.02238
4.23441
2.65261
0.924405
0.911745
1.11849
4.39609
1.16509
1.09244
4.76234
4.60226
0.658754
0.932801
5.25089
0.91376
1.07742
0.63085
0.446311
0.472928
2.12551
2.51207
0.295395
0.708633
4.83283
1.12515
1.16737
0.212021
4.63446
0.907557
0.841407
0.708192
1.3246
-0.552613
1.17016
-0.46307
1.01366
1.37746
4.73197
1.0276
0.754647
4.82446
0.54282
0.617
3.84204
4.07626
4.79913
0.588959
0.627116
0.674767
0.767593
1.01564
0.879738
0.673315
0.832889
0.43062
4.64932
0.818562
4.40298
5.18381
0.961686
4.56822
0.0786163
1.32983
0.0568508
4.55102
0.203956
-0.349698
0.800835
0.477779
0.920396
3.38313
0.702699
1.81006
0.979851
4.79792
0.433049
3.7773
0.455773
0.907933
0.852208
4.3591
1.44519
0.976924
4.49244
1.30573
0.0571313
0.662911
0.380192
0.486001
0.177564
1.10671
1.45647
0.643991
3.35098
4.2454
1.16424
0.312746
0.519081
4.68064
0.915073
0.645618
0.964522
1.5083
4.39582
0.92101
1.01718
0.669782
0.211122
0.0830087
3.759
4.82835
4.54991
0.836976
0.245708
0.316979
1.04311
1.26772
1.1266
1.31055
4.65164
4.63599
0.680084
1.16182
4.35581
0.282644
5.00115
0.475405
1.07349
1.04385
0.856626
5.22422
1.34427
0.955644
1.54796
0.616415
-0.270475
3.4551
1.61046
1.25689
0.792915
0.167323
0.665761
0.717827
0.647815
1.58421
0.376055
2.34019
0.58758
0.258798
4.99212
1.16894
4.79037
4.44136
1.1038
1.30591
1.35631
0.0474535
1.22327
1.23982
3.65234
1.41462
0.659114
3.82555
0.995466
3.05805
0.924679
0.639441
0.894345
1.13109
1.22233
1.18797
0.584976
0.50409
0.674011
4.35517
0.955622
1.31959
4.54784
1.19864
1.17266
0.472496
0.811317
0.771693
2.51396
0.306705
4.98589
0.560795
0.636678
0.467645
1.55036
0.38879
0.401829
1.2113
2.04948
3.45417
4.11591
0.993885
1.2869
0.278421
2.07269
0.702047
0.779113
0.372518
0.930792
0.615394
-0.796079
0.692739
0.737663
3.98117
0.634977
0.524776
0.282682
0.686649
2.30592
0.483567
1.166
0.862706
1.49515
0.27955
1.16159
4.3823
1.04355
-0.450184
2.57194
0.385979
0.830254
-0.635315
-0.345954
1.15082
0.538114
4.65517
1.12951
4.45785
1.39307
-0.423062
1.28813
4.98384
3.03618
5.56699
0.659714
0.396817
0.729932
4.79013
0.771965
0.967489
0.407878
4.05745
0.672275
0.515297
4.26211
1.14502
1.85651
1.01423
1.01671
1.78207
5.42834
0.641548
4.84654
1.26149
1.26741
0.694381
1.45933
3.19041
4.55013
0.239005
4.42715
1.16641
0.96023
0.552998
4.39392
-0.0698194
0.98511
0.845091
4.48716
0.548791
0.731392
1.5687
5.56109
0.933013
5.28417
0.114761
2.53866
0.642388
1.14598
1.30574
0.883255
0.675114
1.46263
3.0346
0.257864
1.25017
4.07581
0.591468
0.821502
1.36053
0.281394
1.23758
0.0182181
1.0205
3.84346
1.34318
0.0802709
0.666317
4.29629
0.964672
1.24543
0.821784
4.30183
0.96283
0.780177
0.410483
1.17045
0.295002
4.86461
4.62171
5.30679
1.2757
1.26622
4.13218
1.16436
4.33041
2.93528
1.26135
0.616541
1.24998
0.443899
0.545798
0.89628
0.688444
0.800534
5.14088
4.96931
1.25144
4.23279
4.04117
0.69411
0.607529
0.920025
4.84921
0.944362
0.243173
0.360104
0.925579
1.16536
1.25029
0.398936
3.0567
4.95451
1.14922
1.11591
1.15549
0.674031
4.49227
1.23009
0.241603
1.1505
0.464964
4.58411
4.74454
1.41807
0.980994
0.639317
0.0840279
4.3543
3.57447
0.952745
4.52269
0.685562
0.421803
0.676979
1.15055
3.17603
4.82128
0.91519
1.15088
0.974299
5.43553
0.673544
4.63076
0.572992
0.504001
1.44171
0.443801
1.21001
0.679569
0.88887
2.1393
0.962353
1.36998
1.13161
0.0757586
1.34932
0.934929
1.28527
4.29669
1.42952
0.719349
1.03834
0.433427
1.08826
1.12498
0.376772
1.11168
0.444487
0.789471
4.57064
4.08396
1.01819
0.889442
0.839839
0.683965
4.2777
0.395585
1.11324
0.778306
1.18651
4.8236
0.428095
0.70097
1.52308
-0.811114
4.25851
4.68275
1.12385
3.50202
0.801786
1.79632
1.61385
0.658563
0.203965
4.51429
2.56318
4.83221
1.1905
0.0429885
4.40271
0.383593
4.63125
0.459279
3.2504
0.873043
1.07137
0.241424
0.498983
1.27237
0.731738
1.55755
4.96785
0.468001
1.29809
1.26441
2.61649
1.09271
0.684593
0.449483
0.0371377
0.664262
1.52568
5.26208
1.4215
0.477875
0.911996
4.61236
1.21274
0.415074
1.22798
0.516962
3.87419
1.14056
1.09084
1.08232
0.860569
1.14883
0.377376
-0.333395
2.45747
0.942704
5.17717
1.04072
0.376559
0.688661
0.82669
4.56522
1.13096
5.21263
0.152467
1.27391
3.85205
0.428999
3.72941
1.25457
1.35597
1.12634
4.5406
1.15533
3.16727
0.98642
1.26032
4.0112
1.09917
0.766866
0.328208
1.08713
0.703206
1.14746
1.15649
4.88156
1.60217
2.68021
1.04371
0.875449
0.996832
1.56659
4.18577
0.261248
0.375925
1.10306
1.16924
0.793195
0.658452
4.8702
1.1995
0.885781
1.69246
0.996578
1.61717
1.13458
0.878153
-0.0167437
0.672935
1.69439
3.73637
1.24631
0.215876
1.00262
1.31061
1.38948
1.53366
0.842615
0.518352
1.69689
1.31841
3.74524
3.54601
1.27458
0.45741
1.25851
0.973745
0.0851596
5.53976
1.36235
1.20829
1.25398
0.46129
1.26096
1.40069
0.573176
1.14065
2.37258
1.15918
1.11691
0.19965
1.3158
-0.731765
1.0161
0.297923
5.16672
1.37057
1.11748
1.07279
0.497205
0.77348
1.19634
5.32885
1.05746
0.947366
4.41173
5.60472
0.862421
0.401281
0.923531
0.974956
1.11407
4.38879
4.69557
1.83969
0.277565
4.28737
0.947149
0.517244
0.868248
1.23682
1.12872
0.613574
0.550591
0.965362
0.872301
0.862352
0.836236
1.93064
1.26227
1.14335
0.640582
1.10676
0.885922
1.01131
0.30137
0.281609
1.2092
1.14254
1.15369
5.0238
0.77164
0.571603
0.715995
0.919158
1.30189
4.04986
3.05837
0.601358
1.12021
3.29731
1.16054
1.30055
4.98105
1.07634
0.98037
0.752233
1.16357
0.923358
0.811127
0.903834
0.408512
0.901132
0.942211
5.62452
1.37593
0.947133
4.72826
2.4782
1.03415
4.87594
0.736308
4.60262
0.868095
3.33231
0.466317
1.50717
2.22865
2.21661
2.93633
4.68369
0.752686
0.969678
1.3426
3.48659
1.07325
1.23864
0.855744
0.837524
0.526593
0.974668
1.37511
0.578219
0.918584
0.176768
4.46341
1.07414
4.24492
3.10073
1.00699
1.1638
0.775435
3.55646
0.887715
4.34308
1.21064
0.462771
0.612027
0.657749
2.94817
1.9536
0.979789
0.476087
1.15998
2.49898
1.382
4.54819
1.01335
0.9183
0.965033
0.619241
3.9162
1.22667
1.10484
0.70351
1.20288
0.802481
4.38175
0.640732
1.05548
1.26097
1.23764
1.26252
0.529922
4.43328
-0.376832
4.56312
0.875497
0.953361
4.90176
1.20768
5.22988
4.32969
0.807048
0.968167
0.169026
1.19013
0.742518
1.1118
0.831326
1.01764
0.60825
0.917713
4.87287
1.15869
1.21892
4.40633
3.37316
0.668067
4.58456
0.452829
1.12237
4.63882
0.973798
2.09035
1.26483
0.644918
0.412015
0.633286
0.4408
0.802537
1.53166
0.952391
0.830649
0.696582
4.33668
1.14716
1.16307
1.27942
0.415339
0.460543
1.2215
4.5664
0.466761
4.5431
3.02021
0.211825
0.470795
0.842321
0.801654
1.07963
4.63437
4.32641
0.962923
1.55251
0.86851
1.15045
4.26087
0.247494
0.823497
0.111872
3.14666
5.37162
0.763024
0.221606
3.78278
1.23911
0.734477
0.980493
0.830876
0.706721
0.678336
0.854444
0.307401
5.35185
1.08272
1.12811
0.453741
0.328207
4.01457
0.538832
0.0869108
-0.371694
1.37907
5.15749
1.20329
1.37874
1.56697
1.31681
0.119598
1.79152
-0.55763
1.39553
0.947494
0.882096
1.16634
1.45769
-0.183362
0.964661
5.18122
3.43662
2.16646
0.696015
0.937368
2.72673
4.30729
0.313449
0.41513
1.18831
0.590853
4.49447
1.18082
0.935241
0.758168
1.03214
1.28158
0.256069
1.34206
0.866239
0.586725
0.373878
3.14323
1.174
0.754024
0.663306
4.67593
0.944996
0.393506
4.27363
0.838631
3.56998
5.33283
0.923538
4.89569
0.34189
0.628176
0.744284
0.715133
0.832477
1.19409
1.12591
1.13676
4.07305
4.10353
0.427618
1.28628
0.802548
2.75306
5.23693
1.16574
1.11636
5.15641
5.07289
0.810827
1.28807
1.15427
1.26984
4.89678
-0.3012
4.24019
0.694721
1.38437
1.37697
0.687447
0.818706
4.08662
4.41131
4.69109
1.11229
0.389382
5.42251
0.947271
1.2737
1.37242
4.27355
0.0124224
0.882119
0.960837
0.691822
4.26422
1.23989
4.35909
0.86448
0.969377
1.18542
4.27928
0.540757
0.238141
1.37438
4.58866
1.26558
0.51941
0.790454
-0.457046
0.575782
4.98611
1.05979
0.970155
0.873772
1.16152
-0.60713
4.52714
5.06923
0.250289
0.834062
1.16821
5.62305
2.07051
0.842711
0.923713
0.812457
4.03337
1.12459
2.33614
3.76934
4.25339
1.16571
0.65095
0.60831
1.12786
1.29227
1.37573
4.1586
5.00452
4.5161
4.35082
4.63784
0.776354
0.435962
0.663441
0.125293
4.35123
1.31167
0.622639
0.790063
0.764994
2.36709
3.36496
0.841435
1.27646
0.944918
0.00484083
1.75019
3.56584
0.919629
0.651696
0.965039
0.947485
1.05998
3.74434
0.642169
1.32304
1.42403
0.741464
0.824895
0.472977
0.77908
5.59255
0.685459
0.796059
4.25846
0.890559
3.41561
0.605531
4.38276
0.0711155
0.953627
4.63345
0.420229
5.04515
0.516324
4.22629
1.2477
3.62513
4.38286
0.19541
0.503965
0.556499
0.868643
0.390085
0.51367
0.629279
0.781277
0.636243
3.62091
1.08262
3.53152
0.966209
4.902
0.668901
0.757103
0.192764
2.94432
0.43519
0.962598
5.32589
0.697104
0.571896
1.30781
0.566265
4.47466
1.14972
1.25869
0.731854
1.03152
4.96388
1.39576
0.947377
0.422162
0.974213
3.14497
5.37379
0.819493
0.670599
0.165876
1.04378
1.2062
0.523796
3.49631
2.58765
0.882766
0.472827
1.22913
0.12141
1.24642
0.502044
4.34549
3.97763
0.48571
4.58153
1.31434
3.24039
4.41563
0.712297
1.04589
1.30678
4.79462
4.94407
1.00621
1.05915
0.84589
0.678218
1.16803
0.751871
0.422859
0.448042
1.26659
1.26535
0.372778
1.03476
1.85908
4.89983
0.96587
1.16868
1.0191
0.238628
4.67998
4.74278
1.16078
3.98883
0.976423
0.787506
3.85206
1.18741
0.958258
1.25836
1.12508
0.63875
4.62685
1.12977
3.56002
0.687789
0.282679
4.66143
5.15538
1.00739
0.317729
-0.342567
0.497664
5.3234
4.33147
0.139753
0.981411
0.0425952
0.2578
0.5238
1.28844
0.57027
0.272716
0.680891
5.03077
1.54515
1.32467
0.621358
1.50303
0.990068
1.17835
1.28288
4.11155
4.15166
0.205681
4.0436
0.380328
4.34256
4.1817
1.1971
5.1855
0.555357
1.34548
1.35552
1.29118
1.11202
-0.0257454
0.778537
1.13614
1.85304
0.947213
0.586565
4.69394
1.59811
0.528383
1.1752
1.3096
0.765719
0.987423
2.33684
0.746327
4.77117
0.35744
0.851235
2.57506
1.23396
0.21599
4.59795
0.39267
4.87929
0.2115
0.753738
1.02607
0.639831
0.98494
1.05819
0.645058
0.88913
0.783935
4.69772
1.0199
0.81053
1.05396
4.58011
1.1928
1.25097
0.626034
0.75559
1.91669
1.28731
0.501596
1.2442
4.0925
1.17711
1.24279
0.855605
4.24748
0.502729
1.2075
1.32084
1.02082
0.86832
0.899468
0.603813
4.69752
5.03118
0.912209
4.69102
0.77843
4.45223
4.71581
5.3133
1.31598
2.51337
4.84886
4.22806
0.722946
0.977281
3.96965
0.820103
1.08309
2.37306
0.400119
1.05448
-0.355582
4.2559
0.904811
5.59703
0.945624
5.2655
-0.412498
0.239165
0.813674
0.970459
0.978352
1.14392
1.15624
0.671455
0.782625
5.40824
4.12572
1.09706
0.980211
0.874085
4.37519
0.77396
5.03776
-0.713457
0.903442
-0.40466
5.1331
1.77892
0.43303
4.00902
0.592862
4.51808
0.327116
2.77563
2.45878
0.550724
3.79431
0.756218
0.850055
0.452325
4.20953
2.97172
1.11246
1.1632
4.25181
4.34695
-0.401425
0.631478
4.91223
4.36434
3.84363
0.71798
0.782475
0.877697
4.99692
0.111968
3.30169
4.49925
0.69433
4.62749
0.894539
3.30269
0.767584
0.494074
1.05702
0.234643
1.00662
1.29729
0.849548
1.16376
1.17961
0.645034
1.24882
4.19518
4.25012
1.37974
0.6352
0.605671
4.49431
4.43382
1.22846
0.501237
1.57586
1.11184
4.66393
1.32884
1.33212
0.125182
1.24688
0.448813
0.82242
0.586997
0.936113
1.11714
3.81898
0.884962
-0.498735
1.48791
1.37225
0.220334
0.234787
0.360004
1.31052
1.1921
3.23747
0.723694
4.39229
0.48409
4.7659
0.0239838
0.846694
1.38663
1.4885
3.01818
1.252
0.307445
3.80493
0.469106
1.007
1.37606
4.03527
1.3106
0.549565
4.18534
1.5514
1.34344
1.0769
0.844354
1.45381
1.21809
0.0760368
1.75652
3.90089
1.33626
4.76985
0.50293
0.443297
1.79464
1.5232
0.559626
0.562047
2.44335
-0.294167
4.48576
1.07315
4.65378
1.13643
0.635426
4.67496
1.04009
2.67172
4.07639
1.03348
4.19374
0.810749
0.886213
-0.0650035
0.162751
0.971743
3.90685
5.64533
0.911882
0.887521
0.301752
0.618539
0.616274
-0.496707
0.315192
5.765
0.384939
0.428805
3.54474
1.03733
0.796941
1.3667
0.755178
5.27365
0.942819
0.436542
0.99378
0.541576
0.885971
1.17179
4.80769
4.28196
0.729434
1.15191
0.775418
4.55121
3.79271
2.26413
0.86204
0.525772
1.01136
1.13921
4.81422
4.87815
1.33678
1.16401
1.29067
1.02636
1.32353
0.755534
4.50786
0.37046
1.46015
0.3742
1.27857
0.319048
1.09454
1.13487
0.419106
0.523796
1.81639
0.963567
-0.385168
1.10913
1.26654
1.19615
0.753708
1.27649
2.00128
0.078664
4.69578
1.52748
0.958516
0.947932
1.19179
4.4253
4.82778
0.515455
1.2868
0.947285
0.0977115
0.599625
3.48736
0.498113
1.35678
0.432548
1.24408
0.439925
1.168
1.03729
5.08008
4.45047
0.801699
0.807182
4.70308
1.34727
0.430929
1.12962
0.407312
0.855853
1.00317
0.926119
0.31579
0.808142
1.34943
0.910251
0.669617
2.0252
-0.369639
-0.327901
3.89752
4.59953
0.902775
4.44256
4.34879
0.902545
4.76511
3.72568
0.991908
4.47473
1.02377
4.7179
0.508411
1.14529
0.873284
0.55596
0.486289
3.75916
0.633637
1.26647
4.07473
-0.71011
3.68739
1.14934
5.56182
1.32118
1.22589
1.11601
0.772471
0.763284
0.521314
0.974265
1.31754
1.11246
0.628789
3.56072
0.880556
1.10432
4.72928
4.1363
1.3306
4.44266
4.25724
4.72502
1.49618
4.09439
4.56185
0.699696
2.17346
4.31467
0.654832
4.48988
4.29568
0.946755
1.77764
0.534543
4.40381
-0.79545
0.768441
0.693951
0.994891
0.693275
4.92114
5.06748
4.79585
0.712576
4.72347
1.25188
1.28582
1.05109
0.265729
4.11978
3.19834
1.11855
0.32651
1.1671
0.994587
0.482437
0.881463
0.846498
1.35636
0.395848
1.09507
0.3149
4.14767
0.295903
1.14059
1.10112
0.847893
0.509242
2.58912
0.704911
5.43099
1.29693
1.10831
1.33138
0.680932
0.595859
4.90694
0.45635
1.19213
0.915056
0.63925
4.15924
4.42344
0.956887
0.0251366
1.16176
1.23011
0.668464
0.721259
0.456163
1.20096
1.11665
4.43649
4.87138
0.528364
0.386229
1.28822
1.16504
1.22451
4.03842
4.83396
4.95237
3.2783
0.800234
0.532568
4.70706
4.38495
3.9881
1.02693
4.12594
4.13801
0.751577
1.1828
0.343223
4.2413
1.16054
1.17402
3.95948
5.48532
0.586393
1.26578
1.06431
1.29988
1.16888
-0.609505
1.54118
0.947099
1.53567
1.57067
0.551165
1.54476
0.359897
4.31862
1.33059
1.02325
0.850987
1.23552
0.605738
4.87157
4.05157
1.15756
1.16727
4.78408
4.80844
1.29132
3.34966
1.37377
0.501587
0.376629
4.96716
4.77823
0.855384
0.570655
0.692382
0.228374
-0.0176879
0.385292
4.70462
1.03469
0.511423
0.705334
1.45423
-0.47796
4.91868
-0.519521
0.750036
2.21439
0.815087
0.455933
0.655844
0.963134
0.467658
1.28701
1.13976
1.209
1.09847
1.01435
1.60305
4.64571
0.7279
4.92372
1.21902
1.10635
4.89773
1.21497
1.24335
0.554107
4.85404
4.29684
0.496462
2.95522
4.8851
0.228149
1.11265
4.19117
4.34895
1.64037
0.933361
1.36327
3.91675
0.421543
0.98422
5.53849
1.11461
0.878814
0.914422
4.48788
0.934068
4.92447
4.37294
2.8447
0.543386
0.675913
4.41495
0.358325
0.74387
2.77395
4.7322
1.01264
2.24593
0.928863
0.802816
0.984812
4.4266
4.00595
4.30028
4.31162
1.34176
4.38663
2.87416
1.37302
1.35969
0.637039
4.11133
0.869276
1.22417
1.18867
1.19954
0.408713
4.23235
1.26121
4.72858
5.49535
4.36173
0.790278
4.01661
0.985859
4.87442
1.1241
0.638788
1.16165
-0.317132
5.23833
0.562569
0.500822
0.787996
0.519144
1.92366
4.61829
4.77311
1.2784
4.37162
0.0596241
3.8337
4.86151
2.17167
0.369843
0.721373
3.49116
0.665176
0.819583
2.42624
5.0124
3.26334
5.31717
1.17355
5.46731
0.894732
0.837216
0.896197
0.96963
4.74204
1.02919
0.769417
0.659392
0.812607
0.946233
3.06743
1.02694
0.530491
1.41498
0.655079
0.526783
4.85783
1.25948
4.46974
0.181607
-0.715804
0.770037
1.03056
2.11611
0.957493
0.676315
1.14764
1.08582
0.859456
4.55854
4.68834
0.79466
0.504794
0.312336
0.540753
0.473724
0.438665
4.36283
1.27222
4.50354
4.66992
3.02374
4.60917
0.924363
1.21878
1.17233
1.2495
3.43952
0.781486
2.37402
4.73503
0.54654
4.09211
4.67877
0.11373
0.800044
1.03241
5.31313
4.64715
1.12455
0.778864
0.123032
0.564911
0.108163
0.489491
3.11146
4.14663
5.13515
3.35298
0.728151
0.977153
5.54899
0.968915
0.826017
4.13359
0.857143
1.31816
2.89679
1.1073
0.77647
0.876538
2.11873
4.75376
0.895716
4.51202
3.9164
4.40559
0.160579
1.21202
1.15527
0.683953
0.943354
1.19614
-0.231483
1.26717
3.07673
1.16575
4.27543
0.589081
4.17143
0.431468
-0.311824
0.973678
1.34833
0.528726
1.53259
1.59479
0.552041
0.660408
0.703216
4.29322
1.11937
0.955592
2.55287
0.843692
0.496905
3.89175
4.52266
2.88484
0.776569
0.000331639
0.591661
0.758166
4.57064
4.9198
0.432333
1.17755
0.892669
0.425446
-0.427795
0.860838
1.28678
0.9627
0.858805
4.36302
1.0349
-0.619949
2.59835
0.0028252
4.06657
1.0843
-0.345179
0.689149
0.415571
0.581843
4.08004
2.01273
1.58269
0.870978
1.41727
0.543658
0.848377
1.28957
1.50644
4.47128
2.96869
0.893052
1.08215
1.15243
3.49281
4.09816
0.5711
3.12803
2.53717
0.882559
0.649832
1.43304
4.44473
1.20994
0.112639
1.02973
3.58317
0.75577
0.304941
3.40414
0.770164
-0.116256
1.03863
3.2631
0.501226
1.28069
-0.134185
0.66194
5.20882
4.53595
0.925174
4.71176
4.62587
1.14613
5.37854
3.60722
0.34466
0.614028
0.378062
3.54253
4.95985
0.91395
0.501574
4.44451
2.9303
1.62685
0.984169
4.46112
0.565817
4.67502
1.42598
5.34808
2.43475
0.245915
2.5989
4.09683
5.23151
0.625433
1.24421
0.904383
0.604002
5.08568
5.14886
1.30202
0.806517
0.792753
0.263253
1.32199
0.802801
0.764935
1.15357
1.01433
0.977391
0.813531
0.614898
0.935153
1.54816
1.17756
1.51952
4.12499
1.04576
0.617503
0.360445
1.20389
0.552082
1.28084
1.82814
1.19544
0.855967
4.07882
4.72421
0.922223
-0.752243
1.17933
0.690972
0.957653
0.848278
1.35888
4.07994
4.16495
0.442694
0.978599
4.09715
4.4225
0.476517
1.32796
0.949825
1.30112
0.364549
0.540161
0.868721
1.33337
4.51791
1.04416
0.664927
1.5528
2.54706
1.11961
4.40118
1.25617
-0.0338203
1.41973
4.06445
0.978777
4.26869
4.35517
0.816373
1.18663
1.21904
3.67644
1.57902
0.351422
1.7673
0.900694
5.12458
1.1347
1.15098
0.676289
4.61152
4.27168
0.875064
1.22542
0.946489
1.16367
3.84674
0.561972
0.974305
1.35765
0.570376
0.94098
0.628758
4.0122
5.30531
0.604594
0.742258
1.14365
0.817129
0.593165
0.785157
0.47957
4.50311
5.24338
4.69031
0.867101
4.81914
0.972954
1.22656
5.34357
0.595398
0.394309
0.262233
1.22103
3.83654
3.96198
0.738917
4.93644
0.420086
5.13539
0.866309
4.24535
3.85877
1.81724
1.26502
1.14269
-0.350362
5.34559
2.9553
1.17736
2.74929
4.07035
0.980411
0.781509
5.21248
1.16106
0.616189
0.455235
4.86455
1.20157
3.80799
2.64493
0.676719
2.4612
3.59774
0.954225
1.0541
4.2803
1.07601
0.912437
0.564267
3.81993
1.36121
1.16791
3.86067
0.862836
2.05167
0.464329
1.20989
4.51411
0.552898
4.94627
1.07106
0.830154
-0.0179314
3.93746
4.19186
3.3146
0.250528
3.89535
1.01683
4.10301
0.493216
0.548172
5.06999
0.691773
0.913531
0.4495
4.53998
0.919732
1.11471
0.954719
0.858863
4.36054
0.831381
4.21277
0.428545
-0.76006
4.48708
1.28512
0.603745
0.420716
0.845225
1.24768
0.827931
3.65972
3.35918
-0.535381
1.07499
4.89351
1.2184
0.664768
0.389837
4.44856
0.56503
5.03369
0.94519
0.612856
1.14233
4.32098
0.874354
4.74536
4.3614
4.64054
0.709226
0.601467
0.465826
0.154535
1.33772
0.672834
1.06686
0.620078
4.22799
0.959041
0.542959
0.753053
4.8049
0.977489
0.542821
0.230453
-0.336448
3.81613
1.24855
0.75344
1.69324
3.7134
4.77217
0.202632
0.951572
0.764437
0.747496
4.61507
4.61828
1.47053
4.09746
1.0583
0.953953
0.922086
0.93899
1.26044
0.743287
1.11668
0.44477
0.598441
4.70478
0.755222
4.53783
0.330077
4.01638
1.37784
0.773578
0.874254
0.790941
1.38011
0.731951
4.12536
0.707485
1.37881
0.690175
4.2556
1.11042
4.53113
4.4671
2.6503
0.831684
0.232153
4.64227
0.498277
1.20433
0.878109
0.0223549
-0.380801
0.943713
3.76969
0.762755
5.21234
0.415868
1.02391
3.90723
1.59099
0.284032
0.831764
0.961253
0.613412
0.528254
0.572132
1.21096
0.185741
0.182927
0.831228
-0.315654
0.457039
-0.550124
0.860814
5.32085
0.803062
0.860813
1.31414
0.549569
4.78671
2.56262
0.992158
1.10747
0.95022
0.804317
4.43148
2.84366
4.63941
3.04381
1.73817
4.20161
1.00401
0.945741
5.10758
1.19146
3.93246
4.21965
4.27343
0.81533
0.486408
0.950023
2.61879
1.07307
0.608708
1.141
4.38765
4.42425
1.14423
4.24215
1.24646
0.673274
2.20083
4.87373
0.678788
1.63272
0.422945
1.285
0.937268
0.846499
0.999226
0.700045
1.00826
0.631032
1.08524
0.952959
4.36468
0.485126
4.41917
1.16899
0.0278858
0.126684
1.08569
3.77574
0.950254
4.3034
4.66321
4.67223
1.43207
4.131
4.3429
0.893541
4.56521
4.83166
0.80475
0.286154
3.98201
3.7421
1.98873
1.35836
3.88258
0.893036
4.54091
2.56142
3.94291
0.729612
1.76445
4.03526
0.815813
4.25718
1.18665
4.2655
4.2101
1.16587
1.27685
0.541187
4.25221
1.22208
1.39539
4.8412
1.39926
0.322609
0.897116
4.15142
1.26397
0.485172
4.44507
5.42686
-0.303298
4.01998
0.447261
4.69113
4.75332
3.07991
4.43705
4.41913
1.27962
0.915838
4.64458
4.12378
1.08281
4.25867
1.21461
4.36158
1.21483
2.26703
0.959238
-0.109479
3.98827
1.13901
0.804465
1.53162
1.01151
3.98971
0.656485
4.44498
0.963413
0.564138
0.585166
0.420841
1.49796
0.66971
0.490992
1.02114
0.717505
0.870566
4.43433
4.31445
4.41336
3.59699
0.986916
4.55705
4.64146
4.40049
1.0303
4.1068
4.57893
3.01091
4.71517
-0.383211
3.97823
0.887684
4.29074
1.08721
0.524197
0.420096
3.71296
0.49592
1.29585
3.76714
1.76921
4.19018
1.52677
4.82902
0.95343
3.52564
-0.377058
0.981348
2.38557
0.91845
1.2752
0.680306
1.20817
4.44344
1.27426
0.818442
1.24192
1.28735
0.568653
1.15876
3.70454
4.06915
4.11372
1.25103
4.14128
0.897772
0.399367
4.826
1.41029
0.837177
0.66389
1.37959
0.424255
0.822947
4.96261
1.17421
1.09925
4.12053
0.939492
0.556237
0.394076
0.568684
1.14422
1.46006
0.939548
1.03963
1.20752
4.60576
1.38477
4.115
0.483923
1.36924
1.27516
0.510311
1.01101
1.34826
4.88614
1.02907
1.12433
0.540708
4.82992
4.63354
0.952016
0.339157
1.00324
3.51854
1.2146
0.978113
4.54173
1.23827
0.0688037
0.662783
4.83282
3.09283
2.58279
4.12437
4.43295
1.02478
4.32018
0.827624
1.27295
4.34746
0.973236
4.62988
1.38314
1.44208
2.13299
0.943909
1.04388
4.49238
2.20384
0.700131
4.44089
0.831932
0.415105
0.49605
0.898591
0.886449
2.44477
1.00336
0.966186
0.996891
4.06372
0.500399
1.04259
0.726106
4.69099
0.119727
0.643678
1.20017
4.32578
3.34634
0.668026
4.42415
0.340462
0.602027
4.30429
4.27965
1.25987
0.76153
0.794162
1.13671
1.49394
0.718656
3.97841
0.791314
5.63915
0.53994
0.561947
3.76426
3.57698
2.51706
-0.135295
0.884577
3.05186
3.40175
1.34413
0.474994
1.06293
2.45394
1.26404
0.459195
3.63695
3.85507
0.391157
1.08926
1.59835
0.46834
2.71574
0.479871
0.711176
0.896443
2.06805
4.39046
1.05892
0.87486
0.221396
1.04498
0.813617
-0.735735
1.04365
4.24125
-0.618306
0.868054
2.22964
0.94911
1.26966
1.00012
4.57215
4.60998
1.28677
4.86356
4.05305
4.44051
1.35357
0.460222
1.09109
0.0862324
-0.247212
0.968908
2.57267
1.39907
5.36864
1.19661
0.470751
5.31655
0.922716
1.17926
0.772328
4.41583
0.744457
0.851617
0.783143
0.993342
0.71303
1.21915
1.46058
0.103697
3.81342
0.95926
0.633575
4.25935
0.469427
4.92109
4.59294
0.696533
0.558939
0.858967
0.4156
0.874228
1.00631
4.82685
1.24635
1.22214
0.755464
3.78518
1.01455
1.11762
0.806983
3.95139
0.361971
0.971508
0.903784
1.0598
3.54082
5.00339
0.936412
0.659733
4.45262
4.45188
3.70345
4.55149
4.50654
4.30657
0.431594
0.446563
3.47728
1.10112
0.467009
0.542396
0.527067
4.92292
1.21605
1.10353
4.79179
0.7808
-0.325465
0.774648
4.97111
0.838159
0.764315
0.683882
5.28307
0.303785
4.75149
3.98927
3.96815
0.568756
1.07533
3.81647
0.770523
0.169959
0.538319
0.314682
0.498748
1.16332
0.510797
4.79779
3.29571
0.389335
0.166286
1.5671
4.76642
1.51951
3.15302
1.25826
2.6008
1.33149
1.17016
0.710088
-0.443977
1.08004
3.48019
4.04448
3.94633
1.37265
0.966625
0.481657
3.42031
-0.436155
0.962495
1.17574
0.569514
0.472173
1.35384
3.03711
0.875563
0.528934
0.756983
4.90782
3.52947
0.506833
0.404155
1.30328
0.702571
4.48356
1.41581
4.42234
5.38416
0.669167
1.04909
0.915849
1.20523
4.52095
0.716548
1.13277
3.31832
1.11264
0.877109
1.06472
0.977537
0.972224
1.242
0.303283
-0.143019
0.730549
3.44556
2.65233
3.37437
0.359038
0.364206
0.674684
0.824092
0.93161
-0.37023
0.979086
4.79559
0.784565
0.784316
0.770464
3.50067
4.89634
0.575093
3.65347
1.00116
1.59256
1.10114
2.97255
3.90836
0.0918759
1.28667
1.28591
2.04926
1.49925
1.30806
0.891545
0.696784
0.482996
1.20643
3.87958
4.65702
4.95138
1.0267
0.481531
0.343892
0.949755
1.14401
0.289283
1.0207
0.757716
3.7307
0.843625
1.45254
5.08101
-0.00808698
4.56707
4.1097
0.0468406
3.13502
0.869686
0.157376
4.16095
1.20511
1.53305
4.18649
4.71815
4.11685
0.600621
0.882426
1.29844
1.15934
2.83292
0.587039
4.57468
1.25694
0.77838
0.647612
0.657236
0.129722
3.7808
0.822031
0.766716
1.1015
4.5714
0.830479
1.21448
4.26834
1.05298
1.44597
1.16278
0.197624
1.15238
-0.0337864
0.176003
4.20533
0.75948
0.841019
0.937503
0.661617
1.25475
0.456205
1.08238
1.13158
3.74718
0.984917
0.258006
1.30303
3.15839
1.16177
1.81822
2.42915
0.742
-0.61129
0.796389
4.27346
0.777048
5.17256
1.22634
0.792735
4.41295
0.765392
-0.315058
0.236549
4.01456
4.20463
-0.403288
0.91886
-0.82647
1.2639
0.577017
0.664373
4.69773
0.530536
1.58119
-0.195669
0.572461
4.5834
0.96165
-0.456583
3.89474
4.72076
0.944508
0.554105
1.2536
1.11255
3.86495
0.690376
1.72345
0.52002
0.468764
0.926684
0.440934
0.975852
0.354149
1.2692
4.05408
1.32503
4.92381
3.70688
0.762318
1.28228
1.31501
3.82635
4.21777
-0.483695
0.629343
1.40652
3.48929
0.650307
0.898029
0.877468
0.705797
1.14389
0.486977
3.88236
1.12871
1.12515
0.952558
1.06065
1.22102
0.541675
4.72026
0.760698
0.113894
0.589875
1.11519
0.467174
1.15374
0.787479
0.751823
-0.0877577
0.405038
4.48919
1.17506
1.29127
4.73332
1.1185
0.697809
0.187592
0.865667
0.680366
1.29627
0.569986
0.0466419
0.62451
0.91465
1.11125
1.18352
0.463131
0.534692
4.81056
0.133237
1.12371
3.96123
1.11931
3.4101
2.33671
0.15382
1.0341
1.24337
0.98211
0.899801
1.28464
0.0318425
1.47528
0.311789
1.25554
1.56376
1.16791
2.8819
1.15382
1.28519
0.984446
0.931489
1.12862
4.58109
1.08882
0.18586
1.11767
1.34394
4.54995
0.214242
0.491407
0.858936
0.4896
1.0908
3.80454
0.590618
1.11866
0.940377
1.25002
1.02082
0.911975
0.885508
0.52576
4.60679
3.32004
1.33046
1.12415
0.629135
1.16011
0.545007
1.38875
0.192546
1.58023
0.949969
1.16292
1.6813
4.41946
0.94145
0.993618
0.732949
3.81331
4.68251
1.04079
-0.480432
0.503536
-0.0401833
1.20752
0.675033
0.39527
0.759627
0.964351
0.491501
1.32424
0.869616
1.12242
0.638801
1.11221
4.69521
3.34973
0.703383
1.1711
3.83024
4.55173
1.45887
4.61557
-0.0717479
1.51922
-0.159594
1.098
1.23197
5.27876
1.20917
0.809591
0.643261
1.37893
1.24092
0.942058
1.06765
4.61474
4.47643
5.60333
4.17081
3.4488
0.812929
1.06878
0.0732746
4.50764
0.415193
0.466327
0.770875
0.76247
4.21152
1.24736
0.148672
0.767151
0.425173
0.753121
-0.719928
0.268615
0.574042
1.08391
1.65052
1.6101
1.16118
0.317598
0.989939
1.11266
1.04742
1.13303
0.0498197
0.92621
1.03629
3.87192
0.51076
0.412929
1.24046
1.15947
2.77644
0.932278
0.124367
0.652474
1.37943
0.563551
0.583489
1.12421
2.03233
4.13383
0.543092
-0.283183
1.19605
1.05612
0.498161
0.715366
0.364207
4.82283
4.53714
-0.0550057
0.677885
0.737147
-0.690564
0.575514
0.277156
1.22734
1.2384
0.642251
-0.756036
0.495644
0.720038
1.15816
1.08734
0.56958
4.33458
1.52711
1.11448
1.16759
3.73356
3.77378
3.51363
0.580722
0.833621
4.52716
3.53603
1.25931
2.93233
0.972612
1.16891
1.14851
0.651822
1.26202
0.980269
1.0981
0.951765
0.448634
4.53577
0.983272
1.12767
5.12131
1.37022
4.66137
1.31631
0.803974
0.940357
0.951204
0.451416
4.11693
0.860797
0.543835
0.9436
0.93068
0.820541
5.64826
4.05665
0.660594
0.809362
5.54737
1.45263
1.31138
0.965906
5.26154
0.891134
1.22429
0.885096
4.91863
0.530885
1.45362
0.595176
1.11994
-0.317545
0.712954
0.801924
2.78016
0.72051
0.301027
1.03166
0.662344
1.27243
4.14158
1.41941
0.308846
4.70796
4.52632
1.23467
1.07705
0.954947
4.82819
4.56178
2.61624
4.61738
0.998101
4.90484
1.15125
1.07497
4.10951
0.434109
1.12153
2.10342
1.16528
1.9468
0.458636
0.905228
0.614856
0.943006
0.827446
1.27584
0.441453
1.23264
0.99666
4.39647
0.848777
4.73986
0.6142
2.83686
1.47426
1.24392
0.663627
2.04859
0.015968
0.627509
2.54094
4.22956
1.42649
1.08764
0.875808
0.58196
1.11357
0.958571
0.356349
-0.0853138
0.580133
1.11141
0.712391
1.32005
0.625761
1.06787
0.426956
2.36864
-0.23792
4.47638
5.3871
0.92801
0.768008
2.65326
0.395022
0.852841
-0.351378
0.39966
0.975407
0.566167
1.11309
0.842662
0.535378
1.06307
-0.637904
0.291445
0.9399
0.842667
-0.0635968
0.468826
4.5751
-0.647357
4.13546
1.23511
0.907746
0.63132
0.99301
0.357778
0.74894
4.0313
0.259105
2.80256
4.26606
0.810302
3.93031
0.816878
5.11723
1.11635
0.560964
4.39043
0.741991
1.38502
0.966793
0.716918
0.718665
3.70038
1.3921
0.453544
1.22388
5.38129
-0.288346
0.0713132
0.713287
-0.824002
0.869805
0.539136
3.96374
0.402369
1.07954
1.02917
2.52288
-0.476069
0.734696
1.04358
0.780283
0.797537
0.23604
0.537106
0.775214
1.22777
0.921629
0.502981
1.16639
0.765384
0.800506
1.54949
1.17234
0.857564
0.795765
4.417
0.493027
0.941031
4.04814
4.08272
1.29722
0.972265
1.1018
0.436452
1.08189
0.809735
3.2031
0.865522
1.35971
0.65429
0.460152
0.663215
1.53819
4.14784
0.705829
0.85806
1.04206
0.950041
0.333433
4.12938
0.957321
3.21386
1.6564
1.24873
1.21339
4.57718
0.849243
0.454959
1.07672
1.92366
1.18316
1.33366
2.49553
5.57824
-0.34986
0.985703
0.338805
1.19504
4.36702
2.37434
4.55714
0.861924
4.35328
1.45095
0.417313
1.23746
1.06721
1.06367
0.679489
0.521443
1.16819
3.80528
4.22044
1.05034
1.28182
0.659916
0.792829
4.17752
0.757484
0.62126
0.707078
1.03776
0.896882
1.42851
0.857477
1.48454
4.08235
4.33038
0.536154
1.28736
0.474687
1.26208
-0.338339
3.95331
1.08382
0.936231
3.69099
0.506538
1.25841
1.10391
0.767568
-0.427193
0.933552
4.77306
1.0336
4.3339
0.554149
1.37348
1.5195
1.26594
0.833522
0.539305
1.60975
0.819251
1.07201
0.757158
0.599298
1.1764
4.51568
0.669546
0.041173
3.88377
0.0440717
5.37372
0.953832
3.16733
1.12485
0.725262
0.572719
0.767763
1.24489
1.1302
5.14025
0.911189
0.66599
0.913225
1.00116
4.97788
4.26523
0.675224
3.87039
0.760347
4.49939
0.851152
0.213148
1.2303
-0.489592
4.91365
0.761815
0.975674
1.12192
4.40074
0.21294
0.604215
0.0468942
0.705445
3.90731
4.40009
4.25456
2.17866
0.494359
1.01956
0.592291
1.26271
0.549354
0.479711
1.13823
4.47017
1.40042
1.47916
3.33675
0.0413378
0.597696
4.14312
2.67835
1.11778
0.703682
0.0519346
1.32853
0.708054
1.6719
5.10769
-0.281263
0.717048
0.858648
4.5915
0.727733
0.421268
0.822806
0.783776
1.19039
3.26196
4.78797
0.604435
0.739478
1.2394
0.310903
1.00288
1.09821
1.41073
3.53775
0.991006
3.9956
1.38991
1.91477
1.28513
1.27652
2.3152
1.25238
0.422278
-0.738669
0.288476
1.22384
3.86654
0.234872
0.361821
0.48721
0.342859
1.26073
1.13565
0.636415
1.17567
1.29024
0.801797
1.01235
3.7332
4.20976
0.736277
0.559865
0.668476
0.435189
1.15184
1.38257
0.861511
1.1458
3.2469
0.246263
1.20908
1.1433
0.683845
4.47116
1.16226
1.24795
0.801336
4.03165
0.158649
0.662833
0.413034
1.06415
5.5368
5.55709
4.11322
1.29153
0.896446
0.743518
0.787187
0.631202
1.42595
0.607348
4.49648
0.712782
1.39231
1.09515
4.15129
0.375799
4.51548
1.16605
1.32274
0.965379
3.47285
4.87854
0.771679
0.751221
1.5174
1.13321
1.49843
1.36602
3.9636
1.19883
3.96264
1.23186
4.46713
0.660804
1.48075
-0.302896
4.43294
1.28239
1.5995
3.87089
5.19143
0.456986
0.884981
3.97068
0.554931
0.339647
0.928632
0.463443
0.617119
1.28642
1.1338
0.79592
0.480063
2.75006
0.879371
0.541728
0.754576
0.964426
0.911208
0.48812
0.79815
0.856283
1.76866
1.05382
1.03257
2.47888
0.472004
0.924831
0.425078
3.25701
1.07047
0.917001
0.827312
1.18863
2.04987
4.77312
-0.393218
0.437718
0.759604
0.470047
0.555244
1.18903
0.71589
0.900283
4.35977
1.08153
0.588751
1.0796
0.477074
1.37887
0.971213
1.11516
0.47722
-0.130768
0.807107
0.0958557
2.75033
0.0213921
0.516501
0.495564
0.8971
0.734045
3.50901
2.53118
1.00834
1.07562
4.36295
-0.359094
5.71377
5.7113
1.11974
0.778661
1.21615
0.710794
4.47003
1.45213
1.03513
1.11111
-0.652758
0.92086
0.808942
1.13314
0.752943
1.00045
4.15765
0.455192
0.744978
3.91499
1.17851
1.04066
0.24018
0.668115
1.19986
0.80715
0.959331
4.97054
0.854208
0.58641
-0.810399
1.59705
0.823037
0.421052
2.24245
1.14748
4.13135
4.05918
1.10217
-0.600839
0.854073
0.849631
1.04118
0.905914
2.66599
0.354722
1.12516
1.14004
0.511572
3.13556
1.17983
4.35801
0.85004
0.77254
1.00604
1.11329
2.44035
0.714682
2.3102
0.784624
1.05915
1.06926
1.34987
4.53308
0.660503
0.806681
1.3029
1.19357
0.950624
0.346549
1.14213
1.05332
0.890093
0.47123
1.12943
0.545101
1.47787
1.11788
4.80662
4.64066
1.93911
5.04421
1.11336
0.968693
4.00744
1.59045
1.05397
1.00738
1.04479
0.431309
1.15592
1.11123
1.3875
0.994683
4.45529
0.784649
4.46908
2.33704
0.766983
4.62195
3.28731
1.53216
3.81184
2.2006
0.753195
1.15261
2.13205
0.379481
2.57264
0.761952
2.02562
0.576801
1.36236
1.0909
0.536485
0.622681
1.53804
0.650763
0.350426
3.93426
1.05791
4.29171
1.20808
0.347281
0.77865
0.959832
1.14105
2.57252
1.45207
4.5833
0.943215
0.866412
4.57268
0.758314
0.486163
1.82375
2.5026
1.36516
0.835094
0.859447
2.91568
0.660018
4.34375
0.398178
4.76041
0.903044
2.39617
0.666587
0.940927
4.50021
0.816978
1.68035
0.606849
1.06571
0.562705
1.16715
0.617513
1.20962
0.431645
1.19453
0.761338
1.48503
-0.613474
0.748572
3.88947
5.29037
0.86749
1.18992
0.664523
5.21241
0.721453
1.19351
0.826571
5.12915
3.19966
3.76761
1.00578
2.71164
4.38004
0.893702
4.4132
2.14339
0.490704
0.879733
0.90106
1.19496
5.0524
-0.43322
0.581011
4.90073
1.05559
0.512859
0.497675
3.44433
1.19149
3.51696
0.793358
1.03148
1.04089
1.05548
0.0330242
1.16292
4.08791
0.543864
1.90702
1.04471
0.0746854
1.30202
4.14211
0.979042
-0.166234
1.8613
1.41684
1.23561
0.540948
1.1838
0.960517
0.853393
4.69854
0.552907
4.76416
4.03859
1.3247
0.346304
0.434772
1.17409
1.09111
3.13647
0.459623
0.0548504
1.14035
0.758636
0.924405
2.60975
1.00058
0.95936
1.09318
4.35918
0.527322
2.1417
0.723955
1.16696
0.54972
4.33529
1.12278
0.657501
4.44078
2.70441
1.33477
4.23197
2.03608
0.778794
1.33532
1.17778
0.950765
0.955061
0.816931
1.34151
1.1594
1.25754
4.09955
0.715451
0.9219
0.755211
0.53699
1.30698
1.45391
0.981235
4.2994
0.68406
0.916903
1.15949
0.548366
1.13234
1.111
0.266651
1.4981
0.811751
2.11299
4.11082
1.47361
1.13437
1.26639
2.76592
1.04265
1.54208
4.77008
0.468908
1.20421
0.806014
0.553524
3.67063
4.49703
0.886948
2.10049
1.10604
1.15522
0.314344
-0.167234
1.35132
1.15217
0.655678
1.19303
4.95993
0.742508
1.11636
0.559029
1.13538
4.45619
0.93503
4.47626
1.53301
1.27434
1.67644
4.47814
0.757733
0.367568
3.56042
0.783059
0.484736
0.654506
0.390907
1.16098
0.553509
4.52825
2.2381
1.07276
1.19132
1.34011
1.31802
0.855013
0.519132
1.23141
1.02855
0.527159
1.58704
1.02948
0.957006
3.32557
1.81222
1.16047
0.413808
1.27292
-0.128554
3.49498
4.57651
1.11822
0.630265
1.29026
0.802844
1.14035
1.44805
0.934152
0.975261
5.38112
0.549688
0.546462
1.08332
1.50078
1.2519
0.917434
1.3608
4.26
1.09619
2.14502
1.36747
1.09694
1.19949
3.85781
4.55482
1.07805
1.39121
4.96852
1.1511
0.752737
3.75278
1.02251
1.17118
1.3181
0.948682
1.28058
0.428095
0.683394
0.747822
0.7564
1.9402
1.36833
2.63006
4.60999
1.23621
4.43911
1.27628
0.542154
2.95925
4.58374
1.14769
4.73113
0.81351
2.42359
0.512074
0.882738
0.556699
0.749736
1.9166
1.28184
3.08281
1.55151
1.11662
1.15254
0.567224
1.43715
0.834225
0.661454
1.28681
1.18485
0.564345
1.06021
1.06139
1.54465
0.182175
3.90071
3.48906
0.595216
3.91681
1.01998
1.32904
3.70638
0.626167
0.591334
0.627874
4.93994
3.80276
3.3419
0.950395
0.0327408
3.86245
2.16641
4.86134
1.00743
0.418794
3.56604
1.17067
0.963392
1.42967
1.37299
0.94025
3.911
1.91185
0.44256
2.2281
1.15044
0.974351
0.397102
3.83149
2.64577
0.689961
0.642889
2.36244
1.00697
0.738457
0.522253
0.740653
1.0415
3.57001
1.35684
0.727992
1.54703
0.467127
3.98839
0.351674
1.12866
0.950843
0.715548
0.62771
1.0146
0.517215
4.19819
1.1236
4.88006
3.92424
0.39146
0.548188
0.926579
2.38441
1.32479
4.32064
0.754882
4.53682
1.10962
1.19301
0.177302
-0.228835
4.24619
1.16922
3.58511
1.66579
1.79218
1.81593
0.963437
1.57542
0.653684
4.28175
0.148187
1.0744
0.756859
2.50139
0.86434
1.2586
1.04415
3.7066
2.81303
2.60801
3.78493
1.1076
1.30523
1.14489
0.683912
1.02521
1.04224
0.832944
0.331988
0.91126
1.46613
0.936104
0.992873
1.11684
0.882066
2.09447
3.81873
0.97031
0.672606
0.86239
1.30647
-0.475064
0.610513
0.874173
0.402752
3.94422
1.22691
4.42912
1.16597
0.757977
1.04943
0.80437
0.628576
2.46566
0.450386
1.01357
1.37166
3.4591
1.42301
0.709937
0.862901
3.95518
0.026402
4.37689
0.813462
1.13703
1.29133
-0.0967382
-0.0179958
0.413707
0.383518
1.74903
0.823891
2.98221
0.934813
3.37077
0.629978
0.820675
0.553228
3.12323
4.06943
1.27001
0.729702
3.61399
5.07136
5.14194
2.98603
0.673973
-0.363128
0.931825
0.524255
1.12884
0.558281
1.08762
0.694123
0.57444
0.181569
1.18934
0.880532
1.28675
1.36543
0.453419
0.799385
1.1869
0.854057
1.16122
2.5616
-0.111897
4.10513
2.67458
1.83755
0.434489
-0.259174
0.915328
1.28658
1.11481
3.58467
3.99898
1.96219
1.28803
0.757925
1.51745
0.714154
0.89145
1.62238
1.57583
4.60789
0.863838
0.961003
3.52531
0.725971
1.09321
4.386
0.774644
0.78524
3.80035
3.52291
0.399275
0.578992
3.15317
1.36001
0.832536
0.871079
0.970674
4.45806
0.80492
0.857745
0.920317
4.14924
4.56929
4.33368
4.24183
-0.165049
0.472852
0.148391
4.61146
0.848933
-0.262924
1.0947
0.723302
0.766027
3.80341
1.0035
2.49799
0.335448
3.17395
4.89757
0.505915
0.790126
0.945937
2.1917
0.951838
0.554559
1.07601
0.935881
1.26705
4.35862
0.54918
0.464372
0.660857
0.750589
0.279213
0.513865
1.17605
1.06713
1.28353
4.19804
0.563296
1.16632
1.11509
0.577255
1.06038
0.937151
1.04644
0.805416
0.825674
1.20226
1.02103
0.896008
1.01896
1.40767
1.33557
0.161726
1.22337
1.6168
0.607375
1.13766
2.26147
1.38945
4.23656
0.478144
1.1164
1.39507
1.20921
0.55247
1.0087
0.596217
3.46406
1.29519
4.90539
4.17674
1.01804
1.05965
1.18078
0.90682
0.753422
1.17391
0.804888
0.454911
0.897538
0.899694
1.03021
0.890406
0.78438
1.5879
0.570807
3.26691
2.64086
4.89247
0.515581
0.950966
0.649774
1.13744
3.80689
0.781073
0.557987
0.623828
0.900191
1.05749
1.65133
4.37604
0.707252
4.22687
0.495049
-0.793453
0.671225
1.5482
1.02333
1.21787
0.368658
0.413308
0.909519
0.802061
0.868321
3.99665
0.26962
0.807238
1.32128
1.27749
0.578492
1.79182
1.01106
0.0515318
0.871229
0.897247
1.32389
0.520552
1.35994
0.680179
0.973957
1.1555
0.727176
4.25424
1.22483
1.11365
4.0227
1.34126
0.879874
0.747839
2.25619
1.46645
-0.0460048
0.925219
0.107453
0.262441
0.59793
0.539616
0.649443
4.27188
0.633696
1.18463
1.00992
4.41844
1.32662
2.08477
1.17279
3.80657
3.52137
0.762949
-0.00183417
6.09341
1.31667
0.695274
2.24371
0.593153
4.26268
1.32657
1.29174
0.586573
2.52839
3.91248
1.22537
-0.0697072
0.82434
1.69852
1.42792
1.52775
1.09704
1.03189
0.645272
0.404516
1.08104
4.49222
3.17476
3.97693
4.16869
3.12528
1.22847
1.4691
0.728067
1.41818
1.79573
0.772497
1.09516
1.48452
0.874586
3.50622
0.623294
1.36772
3.7187
0.409084
0.462549
0.493273
1.38348
0.75689
1.80171
1.09184
0.782999
0.480055
1.38975
-0.120875
0.481069
0.442648
0.802483
0.88958
1.19333
1.58313
4.60366
3.84212
4.88856
3.97851
1.26182
4.01515
0.592794
1.18937
1.53429
1.38445
-0.200038
0.877191
0.687987
3.23332
0.794448
1.00546
1.03243
0.71593
0.977793
0.442968
0.869154
0.691747
4.42781
4.38938
0.993759
0.141285
1.20064
3.47354
1.52032
0.768598
1.15567
1.261
3.48349
4.48593
4.13129
1.10768
0.911242
0.705608
1.2649
3.45654
4.60011
0.593564
0.635644
1.14083
0.438608
0.785135
4.80421
0.757087
0.948686
0.754878
0.631297
0.425135
0.938507
0.617501
1.00988
1.15653
0.434425
5.36171
1.17284
1.03794
0.879525
1.06006
0.932588
0.0979151
1.19295
0.304212
1.36455
0.998662
0.728865
1.28467
0.867598
0.655014
1.45707
1.57442
3.1612
3.46144
3.72903
0.375388
0.490504
1.02959
0.967042
0.562499
0.744244
1.28479
0.939421
0.839998
1.02422
0.986331
-0.308376
0.912985
1.6545
0.830505
1.44172
0.593633
0.756689
1.00459
1.39219
-0.661871
1.327
0.862316
3.6443
0.834778
1.1779
2.39086
1.3166
0.927728
1.1019
0.662123
1.19612
4.53575
2.32094
1.13075
0.761115
0.983468
0.404467
1.01678
4.80438
1.20806
4.27374
3.57935
0.590232
0.568435
0.62237
1.01131
1.1628
3.23906
0.603119
0.765568
3.765
3.82087
0.826692
0.754368
4.16107
1.15368
0.934481
3.87847
1.29644
2.27025
4.04133
1.18409
1.65423
1.22248
0.69573
0.802032
0.25068
0.554383
1.28395
4.02434
2.71842
1.19433
0.534858
1.02971
0.985125
0.580274
0.645748
0.963813
4.5916
0.442725
1.45361
0.812014
1.29298
1.28271
0.763992
1.2363
0.781365
3.87408
0.895259
2.29063
0.993256
1.24446
0.369164
1.09424
4.70831
1.27024
-0.00484838
0.536832
0.93401
0.918718
4.09723
0.534051
0.727218
0.87237
4.3058
0.720465
0.804446
0.566597
1.88265
1.01827
1.10442
1.33387
1.16026
0.801252
0.78621
0.643639
1.62967
0.954194
2.32009
4.22066
0.00564157
1.36631
0.81241
1.14893
0.762488
1.19084
2.66984
0.736676
2.4229
4.01595
0.378765
1.90462
1.62343
0.868676
0.920776
1.40813
1.27257
0.55751
0.842881
1.12227
4.22089
1.9974
1.41588
1.33288
1.13688
2.46906
1.18142
0.908446
0.380612
0.821842
0.881591
0.758495
0.658182
1.15612
0.82581
0.607575
0.520701
0.626698
1.3683
-0.319142
1.17991
1.33367
1.3229
1.28665
0.850575
4.97562
1.22111
3.67097
0.0696274
1.73619
1.19591
0.579365
3.73117
0.952834
1.64535
0.760399
1.15892
0.55459
3.40652
-0.408109
0.728112
-0.0240284
0.873564
0.947392
1.11583
1.21527
0.845699
3.37248
0.0711569
1.20841
1.16053
1.16087
4.27674
0.472182
0.037025
1.06108
1.39141
3.93344
1.09738
2.46224
1.96862
0.950412
0.544379
0.0375099
0.935351
4.15164
1.20796
4.45505
1.20654
1.19374
1.44593
2.96323
3.98287
0.621673
1.12588
1.52935
0.78239
0.793366
1.10324
1.59612
0.317512
4.28579
4.4599
1.21884
0.68765
0.491696
1.13447
0.980301
1.05969
0.60458
1.28743
0.59152
-0.166959
3.92905
3.15571
4.16777
2.82113
2.86188
0.534038
0.957576
1.5
0.453146
1.13123
1.38794
1.214
4.01862
0.520322
0.26455
2.75226
0.541095
0.968204
1.27744
1.33289
0.886876
4.54778
4.86288
0.572024
1.29212
1.21057
0.615784
3.98961
0.582986
0.706255
0.00669682
0.798329
4.03905
0.629809
3.52223
1.8739
3.87648
4.19996
0.760843
0.560286
0.718337
4.96092
3.56259
0.580962
-0.220358
1.28876
0.319605
1.37106
0.7928
4.03459
2.55783
1.20499
0.216957
1.19696
0.605374
1.10825
2.5983
0.730461
0.729659
0.598055
3.294
2.27025
0.664905
0.975297
-0.0327309
4.16219
0.383302
0.49656
3.24639
3.6393
0.802477
4.65474
1.09651
5.37241
0.826375
0.910146
0.700334
0.93082
5.46238
5.04452
0.270605
1.33843
0.94081
5.2782
3.50971
0.809013
1.50836
4.87618
0.594621
1.01258
0.556218
0.579985
4.11841
1.66321
1.32732
0.538341
0.506346
3.91981
1.28856
0.49301
2.50454
4.91478
3.5851
0.939053
1.14902
1.17332
2.90025
0.802356
0.974249
0.97579
0.91639
1.13485
0.509142
-0.401391
0.974042
1.22728
0.473363
0.276976
0.916228
0.764999
0.198165
0.574376
0.912449
1.10357
1.13834
1.16491
0.538204
0.438559
1.06669
3.4975
0.571237
3.46109
0.838004
1.17091
2.5107
0.605114
0.560789
0.829189
0.698366
0.587745
0.61449
1.12757
1.28707
1.29383
4.79176
0.583763
3.47426
0.356925
1.94543
2.59173
1.21635
0.745899
0.756274
0.517669
-0.205921
4.6673
0.87407
5.50735
0.627544
0.540741
1.38195
0.555426
1.2415
3.39431
0.559986
0.976718
0.632515
3.94856
3.45162
0.445174
1.17295
3.51663
0.311146
1.14015
0.696356
2.47242
4.10717
1.16356
0.959788
0.674936
0.528911
3.55312
0.967194
3.78568
1.21622
0.960651
1.12028
0.46938
0.758004
4.40365
0.858773
0.479708
4.22783
5.17056
0.540146
1.15406
0.61292
1.18156
1.2234
4.6896
0.24391
0.92156
1.48601
1.53749
-0.592331
1.01122
0.733838
0.513372
0.671295
4.37729
0.650452
1.13383
1.16655
5.2664
1.40847
0.753876
0.632815
0.955205
1.15891
0.770177
4.22166
1.26083
1.1494
0.430477
0.897175
1.5066
1.47775
1.15472
1.9616
1.23733
0.637142
0.661817
0.50394
1.20891
0.651188
5.41264
1.32899
1.13222
0.404543
1.22313
0.607219
1.16219
1.26138
1.11655
0.875919
0.802982
4.58347
0.76264
0.863572
1.7247
1.21826
0.608483
0.0128823
0.936594
0.60113
0.959999
0.424222
1.14502
0.393606
0.688614
0.479571
1.04088
0.964006
1.12934
4.16911
3.56203
0.431043
3.24133
1.00956
0.582883
0.849285
0.976475
1.06168
0.787188
0.626444
0.74038
0.862405
2.57654
-0.36672
0.984869
1.10735
1.3425
0.765812
5.45995
1.17059
3.78271
0.637776
0.613922
1.07184
0.828881
0.699967
0.634207
0.875242
0.697902
0.890096
3.59493
0.636577
1.21316
0.953123
3.11133
0.96964
1.09638
0.171305
5.55559
1.15639
0.876819
4.09239
0.545549
2.72608
1.14003
3.70106
0.628846
0.656466
0.565619
0.213087
0.959227
4.51686
0.92575
2.1529
0.49407
1.07367
0.534022
0.963102
0.944537
0.634059
1.34631
0.341458
0.66125
1.15621
0.419972
1.71598
4.08191
3.96427
0.746042
0.963399
0.990793
0.84915
1.00494
0.967545
3.87272
1.11403
1.60726
0.516333
0.957803
0.944614
1.46928
1.27827
0.59059
3.82409
0.483205
0.769095
0.622766
0.936172
0.813477
1.01002
0.196894
1.35273
1.1213
1.05087
1.42144
3.13134
0.975048
0.881126
3.22987
3.55462
0.775053
0.256646
1.21068
1.12353
1.65432
3.77125
-0.4523
3.31579
0.542186
0.963775
2.67047
1.26037
1.15006
0.977148
0.987441
0.49931
1.2214
3.23368
1.47821
1.27395
1.2887
0.68326
2.31157
0.887716
0.639439
4.2926
4.24308
0.863942
0.762007
0.746562
0.71439
0.533459
1.34746
0.51391
1.43188
0.618652
1.19955
0.659481
0.576607
0.981862
0.966699
0.657902
1.24151
1.29955
0.807913
0.564262
0.776133
0.685584
-0.718862
0.248673
0.897667
3.58303
1.11159
0.469409
0.823283
3.35574
0.65619
1.30069
1.11538
1.11155
1.478
0.627295
1.51591
1.08845
0.733612
0.98333
1.22194
0.605268
0.495796
3.81526
5.65915
0.264926
0.604757
1.24496
0.729242
0.758125
0.782054
5.19561
1.01768
0.443328
0.852147
0.805614
4.75559
4.29893
2.57319
1.06539
1.53809
0.963218
1.13725
0.749174
0.513505
0.559362
1.17943
4.36857
0.698797
0.597278
0.749713
1.3875
-0.527125
1.40552
0.430313
0.758609
4.13754
1.04004
0.608299
-0.203126
1.18087
0.79622
1.29802
4.10389
0.764478
-0.748418
0.702256
0.796522
2.12245
0.561207
0.775801
0.937972
1.38582
4.08051
3.66071
1.16291
0.691215
0.183723
2.50767
0.469242
1.16092
1.56259
0.850413
4.2051
1.05705
0.696861
1.17084
4.68122
1.82347
1.86383
0.891678
2.53237
3.9889
1.00857
1.10817
0.766608
0.45544
1.15744
1.62474
1.03334
0.568255
0.976726
0.885116
4.55674
0.659174
0.548264
0.665707
4.73387
4.33175
3.75267
3.82871
2.38766
0.810483
0.596981
0.576682
3.31147
1.21678
1.11161
0.481882
1.1595
0.59611
-0.148694
0.400067
0.564157
1.06992
1.13124
1.09761
0.685992
1.29805
0.589851
0.504113
1.18235
2.78213
4.44324
0.778224
3.31227
0.621035
1.99559
4.09324
0.731786
0.439582
0.901658
1.01181
1.51158
0.767082
4.51364
0.585508
4.89844
0.577423
0.745431
1.12764
1.07505
5.42845
3.8229
1.14537
0.66144
3.91464
4.00877
-0.397073
0.782807
0.654963
3.59526
1.04827
1.26978
1.46937
0.719774
5.09182
1.32176
2.58555
4.81408
1.10267
4.155
0.563946
0.58027
0.687173
0.556483
0.499697
1.07582
1.22672
0.69951
0.626225
0.761372
0.256856
0.548428
1.05373
2.36887
1.04236
1.27917
1.16199
0.395434
0.58867
0.642457
3.67829
1.418
1.60372
0.892338
4.24715
3.72314
0.582479
0.85126
0.779579
1.16063
0.941813
4.6205
0.451559
1.66802
0.620942
0.337266
5.1536
5.05756
3.33204
1.57727
0.819911
0.770147
1.41037
0.988662
-0.251167
4.44176
4.18297
1.15618
1.27852
1.573
0.510826
0.606778
0.995506
1.15328
1.17603
0.287905
1.34202
3.64501
0.407033
0.959884
1.38228
1.40779
1.28575
0.572084
0.482291
0.874122
2.96758
4.06627
1.33104
1.03833
3.58452
1.00473
1.12009
3.11067
1.07538
-0.73817
1.24615
3.47754
1.00184
1.25747
0.935528
0.530766
1.1185
0.903964
1.31632
0.546067
0.565927
1.25429
3.18237
0.363802
4.61661
4.17839
1.04543
0.873473
3.34352
0.788191
0.604557
1.26398
0.49569
-0.627452
2.6833
0.892397
4.73209
0.335333
0.14476
1.87614
0.721851
0.566576
0.555721
1.1437
0.684793
4.70874
0.97977
1.19201
0.553657
0.547189
3.84131
0.615184
1.46575
0.654629
3.88092
0.719726
1.14019
0.577334
4.99621
2.30391
1.25228
0.630669
0.429553
1.37333
0.842997
1.35413
0.590342
0.792879
0.860089
1.16851
4.65415
1.18628
0.699939
1.65403
1.06897
2.01954
2.25251
0.815986
0.442238
0.927281
4.19755
0.855892
2.67838
3.39285
1.34986
0.754067
1.17114
4.06703
1.24408
4.77528
0.968102
1.03484
0.942158
1.1241
2.53053
-0.254283
4.20674
4.09714
3.56224
4.0877
0.311799
1.13161
2.54847
0.619014
1.17583
3.20361
0.857432
1.1963
3.52721
0.952718
1.10237
1.18027
0.751483
1.11234
0.567554
0.762823
3.76412
0.535309
1.17001
0.503645
0.707636
1.31128
2.53363
2.101
4.14448
3.56055
4.09173
3.38864
1.02006
0.648908
3.75285
0.449181
4.31739
0.746106
3.41084
1.14869
3.11063
1.15338
4.10716
4.80363
0.178491
1.19272
0.552212
0.917676
0.130288
4.82469
1.30925
1.09295
0.890938
1.62926
3.964
0.550932
1.17277
0.737273
0.773545
1.13743
0.691403
5.11713
1.09912
1.45676
3.41513
0.247758
0.41617
1.03506
1.09715
0.212534
4.04415
0.710896
0.420907
1.89116
4.09861
3.95048
1.3375
4.10992
1.017
3.5564
1.13577
0.777336
1.29838
2.87251
1.02521
1.25673
0.765012
0.494368
0.610614
0.697602
0.779571
1.09871
0.528534
0.466911
4.80594
4.46821
3.89324
-0.798492
1.21089
2.24281
2.75231
0.804311
0.492153
1.17121
0.780387
0.598561
1.13911
0.871695
1.33348
0.349228
0.611278
1.46095
3.55644
0.666315
0.0541534
0.810155
1.01497
3.35585
0.551451
3.55973
1.30845
4.734
1.42565
0.965545
3.87804
1.0677
0.00177908
4.74768
0.848514
4.86201
1.13636
4.88538
0.53594
2.12826
1.36972
2.75574
0.834024
0.198976
0.607892
1.1266
4.62767
2.80435
0.254858
1.24052
3.56072
0.566216
4.13911
0.56759
0.543736
0.515675
0.895376
0.845441
2.32583
0.839
2.02102
1.3091
1.21215
1.02372
0.9043
0.615289
0.238877
3.28285
0.759442
0.922783
1.32634
1.20904
0.235292
0.618239
1.88378
3.8655
2.60087
4.54726
0.466551
0.815788
0.783523
2.84969
1.09982
0.681431
0.951963
3.55913
3.15532
0.475565
0.969737
1.71496
3.43644
1.0337
0.572942
0.909312
0.672954
1.23121
0.181894
0.555518
4.29115
1.4712
3.19273
5.68045
1.40679
0.418641
0.681757
0.507709
1.13518
1.15664
2.54851
0.477588
1.16342
0.503088
1.1754
0.979132
-0.292188
1.50201
3.23739
3.17577
3.41918
1.5057
1.10229
0.842328
2.21997
1.21053
3.75854
2.74272
1.46561
0.806488
2.20162
4.0864
0.770128
1.14548
0.551588
1.06885
1.90199
0.272625
1.15743
0.902436
2.39095
0.864291
0.428258
0.166111
0.830315
1.02016
-0.426609
1.1372
3.48555
4.87409
0.667426
1.59139
0.433923
0.618626
0.995827
3.2278
1.18795
1.06272
3.41703
0.671754
4.74606
3.83024
0.985215
2.65209
1.1055
1.13794
0.577313
1.70655
1.15814
3.47713
1.3793
0.514173
0.946025
0.904855
2.27209
1.55037
3.51799
1.02265
3.95024
0.646152
0.609914
1.38656
1.22652
1.27066
0.907346
4.80288
0.496297
0.726859
1.29228
0.872739
4.14457
0.784433
0.618035
0.272051
3.0049
0.175686
0.191311
1.01772
3.36928
0.59298
0.747471
2.27747
1.64824
4.60359
0.653155
0.634287
0.808146
0.608626
-0.431802
4.37805
3.83538
1.17875
1.89126
0.869008
3.82808
0.563791
0.843752
1.23095
0.660389
0.555459
3.4212
1.1512
0.770727
1.36317
1.37003
0.805511
1.13895
0.610193
0.806484
-0.165374
0.864239
4.36783
0.407017
0.784106
2.52384
0.778234
0.881596
1.44332
1.55524
1.14923
1.21658
1.11718
2.89204
3.28364
3.93042
1.26903
1.38279
0.575285
3.89567
3.17502
0.666243
0.951922
0.724093
0.57485
5.65403
1.04385
0.795642
4.97754
2.95164
2.77241
0.771248
1.39544
0.969298
1.05506
1.10313
0.390164
0.30412
1.1484
3.63293
0.535101
0.546911
0.751271
-0.372094
1.39146
1.14605
1.39785
1.06675
0.574266
0.627657
1.04087
-0.391328
0.742386
-0.513431
0.940288
3.10261
2.25063
0.59944
3.21918
1.43113
4.91833
1.27005
1.10071
1.04121
0.3263
1.18029
0.621902
3.34045
0.0918892
0.586006
0.578142
0.953939
1.27481
0.984945
4.35384
0.811142
1.3979
1.29567
0.534582
4.25462
0.641768
0.562968
1.14025
4.24092
1.01774
4.09802
1.17301
1.15721
0.628054
4.79265
0.646037
1.21164
0.634504
0.895511
1.24126
2.4042
0.852125
2.31042
2.51053
0.795855
1.19452
1.10717
-0.405143
1.90529
2.95497
1.22053
1.57246
1.02092
1.37649
0.97194
0.376734
1.08166
0.834057
0.83504
3.48003
2.3899
4.94916
1.08271
0.630674
0.7774
0.751194
0.722096
2.72772
0.914109
1.16126
2.58656
1.22681
0.383478
0.763354
0.600611
4.6627
0.474009
4.8104
3.85142
-0.389527
1.2641
0.901586
1.27268
0.666431
1.06883
0.807725
0.780052
1.1777
1.28019
1.16191
0.917691
0.825945
1.43185
1.27224
4.15654
1.02782
4.27084
4.41011
3.46352
1.14245
0.923866
1.57972
0.850512
0.635159
0.538122
1.1609
1.0416
2.43578
4.37986
3.89003
3.38157
1.1859
3.38654
1.31519
0.983386
0.480324
1.26399
0.6845
1.24814
1.11417
0.546843
1.34103
1.08989
4.25535
0.970408
0.770391
0.914209
1.28464
0.926173
3.46318
3.47143
0.590833
0.748625
0.779539
1.93894
0.600861
2.66955
0.208286
0.72522
1.35677
0.346499
0.724799
1.12552
4.29775
1.10795
1.28432
0.586155
0.657032
1.24583
1.17002
1.34348
3.4207
1.34066
1.14929
4.58156
1.11806
0.940564
0.685411
1.42984
-0.208918
0.893328
3.75409
1.19736
1.13595
0.611872
1.54963
0.779642
0.740594
0.613632
0.980696
0.831801
2.99139
0.779602
0.0298552
2.04576
3.5622
3.51886
0.297298
1.26271
1.71362
3.89713
1.28065
1.36037
3.84911
0.845813
0.459084
0.829567
0.909868
4.5738
1.41356
0.906088
0.155882
1.24211
1.12248
0.790027
4.05343
0.946102
3.86336
3.05835
0.400025
1.21204
0.96336
1.28719
2.16386
0.605221
0.607487
1.23728
1.13633
0.99386
1.20672
0.833986
1.1712
1.22558
0.714274
3.90224
0.817886
0.590726
1.2979
1.16294
0.285333
0.514408
4.10101
1.21049
1.07534
1.56293
1.19624
0.980283
1.15843
0.697997
4.16926
0.949265
3.94286
3.5176
4.56159
0.584015
0.986151
1.36275
1.12085
1.37375
1.22724
2.9203
1.06558
0.260227
0.777577
1.08638
0.622481
0.312915
0.846002
2.89856
-0.0389594
1.50332
0.626212
5.34595
1.24392
2.01458
0.96807
2.88412
1.09128
1.29578
-0.213836
1.24071
0.975638
0.604658
0.924374
1.29797
4.29352
1.54946
5.12844
1.1982
2.93153
2.27508
3.61208
0.0933866
0.843131
0.559287
0.508076
5.01392
3.51238
2.35152
4.4244
0.717247
2.96324
1.25939
0.660242
0.604479
0.693569
1.29874
2.80612
1.30909
0.802281
1.81186
1.34894
1.32279
0.834578
4.63832
0.975337
0.775324
0.431698
1.22298
0.755208
0.476052
0.615105
1.37236
0.624904
1.20682
0.576818
4.77444
-0.216201
2.1028
3.8548
0.550861
1.23298
0.787404
1.2183
3.98463
0.398357
-0.151595
4.42831
3.30193
0.897498
-0.00257902
4.15974
0.453115
3.64607
0.926371
0.431766
1.05324
2.41639
0.677804
0.594092
0.515145
1.0081
-0.175938
3.27167
4.29756
1.52817
-0.161165
3.42842
0.338454
2.92732
0.710712
1.72766
0.862362
0.904067
1.01451
1.05084
0.808541
0.879743
1.48938
-0.154362
0.661833
1.02831
-0.193419
0.474065
0.718882
4.16157
1.30248
1.41704
0.667328
-0.244054
1.38773
1.41755
4.7275
0.970212
0.623135
1.09729
0.845644
2.30225
0.875167
0.684712
4.28399
3.38138
0.872897
1.3521
0.957642
0.972339
1.49539
0.75263
0.369461
0.418081
0.648492
0.94667
3.84354
0.625629
1.026
3.16635
1.11789
0.928417
0.623089
0.625688
0.844864
0.482295
0.36558
3.38328
0.718072
1.16237
4.27465
4.29009
0.505875
0.658249
0.883378
0.73309
4.73161
3.45469
0.707476
0.80185
0.781553
0.55589
1.22096
0.480297
3.7684
1.41074
3.26467
0.907266
1.10981
4.61363
0.661202
3.80726
0.661693
0.754107
1.06258
0.679428
-0.0856523
3.6715
0.480434
0.973742
0.58237
0.683907
0.628285
0.468668
1.10603
1.43019
1.30998
1.2167
1.17925
0.347468
0.641567
0.793535
0.73173
0.591813
0.820937
1.29477
4.06237
0.916222
3.35603
0.799953
0.637313
1.11783
0.640353
3.34433
1.00249
0.87396
3.98919
0.792948
0.850113
2.2264
1.18413
3.08796
0.970491
0.539869
1.33485
3.40381
0.621327
0.931526
1.78923
0.325044
0.76459
0.84373
1.15799
0.602422
2.42427
0.998501
3.36781
1.09409
1.15741
0.694933
1.08186
2.02891
2.66094
3.13639
-0.106709
2.8392
1.16756
0.790324
0.935304
-0.0838959
0.650622
0.93214
1.40261
1.08711
3.85831
1.02311
3.80148
0.614516
0.779105
1.60279
4.85518
0.625342
1.01484
4.26999
0.311545
1.02212
0.965136
3.01917
0.83919
-0.534582
1.24981
1.01356
3.86823
5.22361
0.810884
0.54553
0.500644
0.81531
1.1295
1.86349
0.975134
3.69641
0.365026
0.409195
1.12419
3.30711
2.39069
2.58706
-0.137545
-0.00862269
1.42375
1.13995
0.760325
0.591028
2.79751
0.635203
4.05163
1.417
2.8267
2.87032
0.691326
0.0926565
4.19072
1.12691
0.53892
0.748484
0.702991
2.40514
0.912252
0.837468
0.532332
3.53931
1.38861
3.88968
0.854199
1.05162
1.02546
1.0208
0.282138
3.87498
3.3501
1.19914
0.890616
1.03876
1.23372
3.36885
0.761788
0.150113
0.770875
1.08433
0.659832
0.365976
3.20793
-0.328973
-0.68231
0.154848
1.28815
0.79625
1.37439
0.950223
0.798719
0.640867
1.33224
0.653208
0.659092
0.745377
0.779551
3.84503
0.698552
2.36568
1.13953
1.34102
0.823939
2.49856
0.878545
1.15288
0.704994
1.30656
1.10088
0.911183
1.02129
1.81744
1.64413
0.600727
1.13378
0.753198
3.72327
0.230767
-0.362031
1.27781
0.665299
3.84122
1.61313
0.742416
0.21069
0.00552596
0.0781823
3.67801
0.389542
0.110145
0.105634
0.127326
4.06562
0.63389
0.00845268
5.10294
0.478022
4.16055
1.01613
0.808009
1.38127
0.573568
0.846014
0.972713
0.959717
0.494258
0.603254
1.10971
0.558113
0.653119
3.82678
1.99084
3.1255
0.791139
4.86723
0.761479
0.804702
0.204134
1.09405
1.41108
0.113863
0.790983
0.241477
3.38193
-0.542127
1.43122
4.12409
3.80793
0.852077
-0.0295916
1.4327
0.598762
0.559059
1.36718
1.23377
1.53775
0.975921
3.5654
0.802497
0.767046
0.645741
1.15549
0.897761
0.968537
1.06948
1.06466
-0.49013
0.43074
0.65591
0.944411
1.11348
0.507465
0.607295
0.907253
0.99137
1.0551
1.20003
1.43697
1.1364
0.457887
0.668401
0.501919
2.39186
2.91184
3.78225
1.18886
1.19524
0.67563
1.25146
0.664908
0.722202
0.667825
1.85542
0.352428
2.85712
0.992198
1.13576
2.08039
0.784893
0.13261
1.37566
0.00375286
0.445925
0.579293
3.41912
5.23798
1.12545
3.61288
0.975261
4.90713
1.26636
1.00947
0.578228
4.41338
0.96105
0.054159
-0.33602
0.0494675
2.00983
0.562519
1.10898
0.813032
0.989895
5.31818
-0.0604845
0.529956
0.544711
0.934323
0.856011
0.615043
0.116561
0.588289
0.753136
0.62693
0.782575
4.4507
0.613707
0.678064
-0.269721
0.675816
0.761495
2.00999
-0.361985
1.59812
1.08669
1.22657
0.100147
0.932428
0.11897
1.3521
0.924142
1.69931
1.08841
-0.033962
1.18672
1.14727
0.0159547
0.7417
1.26151
3.46027
1.18005
-0.0736666
1.00754
1.20918
1.12249
3.50701
0.606713
2.4629
0.917943
1.15713
0.761585
0.14477
0.54634
2.76686
0.288795
0.756327
0.856209
3.03779
0.550541
0.926162
-0.230209
1.23417
-0.329472
0.606421
1.40406
0.882111
3.97318
0.715844
0.719796
2.49496
3.84027
0.806676
0.806428
0.811092
0.660366
0.0765451
1.89429
0.821701
0.172291
0.0413146
0.689186
0.996677
1.00388
0.485825
4.72435
1.96162
0.591282
0.809898
0.430444
0.926997
0.77211
1.38063
0.588102
0.661863
0.803623
1.19685
1.07224
2.36554
3.2678
0.455778
0.0591038
3.20963
4.198
1.06148
4.28457
1.04016
0.475806
-0.0855253
0.960819
0.57026
0.654247
0.616355
1.68431
0.293217
0.889314
0.562164
1.08877
1.34062
0.697456
0.995615
0.950771
1.3745
1.37178
-0.140395
1.27
0.63119
-0.240912
1.1162
3.47718
0.957689
0.879126
3.21808
1.32591
1.01581
0.775311
1.14665
1.82498
0.949977
3.95625
0.765343
0.605759
0.658981
1.49873
2.09931
0.614173
0.116034
3.35747
3.74186
1.02224
0.740654
0.864392
0.65091
0.870391
1.15403
0.790049
1.16384
0.311317
1.3131
0.527691
1.61719
0.513101
3.04603
-0.0765533
1.27256
-0.165176
1.11116
4.02046
0.936664
1.57178
1.25928
0.611243
1.73022
0.576453
0.413821
3.59366
0.94501
1.06257
0.871152
5.0833
1.23128
1.14216
0.893732
4.92418
3.626
0.923306
2.12645
4.23779
0.858757
2.95036
0.677942
0.8502
0.272706
2.21494
3.19599
4.04881
1.15421
1.28938
1.05721
1.16593
1.24625
0.666951
4.05264
0.953796
1.13949
0.85756
1.38541
0.0141755
4.62256
0.890364
0.898907
0.800018
0.949756
1.49608
0.594177
0.641613
0.593166
0.624738
0.26451
5.35963
1.10693
2.3766
0.930334
2.24723
0.763748
1.02098
-0.0645628
1.05155
1.5327
0.889185
0.108617
0.966825
0.712597
0.649079
1.7791
1.85879
2.86836
1.17001
2.64191
4.20677
4.2442
1.1483
1.91388
0.420688
0.37956
0.656086
3.32623
2.23714
1.69915
3.70032
3.84217
0.664991
3.82656
1.05353
1.33786
1.02406
0.908194
0.741151
1.22136
1.13231
0.824495
1.40102
1.79968
1.2694
1.34534
0.454294
1.29353
0.844632
1.9598
0.337117
1.26856
4.16439
2.43601
1.0699
1.21541
0.970037
3.59064
0.959462
0.430202
0.127753
1.09644
1.06857
4.39851
0.830523
2.02944
3.30003
4.34361
1.06908
-0.339993
3.2316
0.751255
0.665505
0.508712
1.58744
0.550154
1.38892
1.31132
0.885977
1.24271
2.86615
0.886843
1.14857
0.932113
1.19639
1.2466
1.13919
3.86116
1.37435
1.33302
1.41161
4.64196
1.76274
0.425803
0.825761
0.726911
1.4315
0.664753
0.767477
1.7649
1.95163
0.25884
0.901398
4.28842
0.413889
1.43551
1.51176
4.82579
1.15068
1.3463
0.672728
1.27973
0.507459
1.4154
0.794637
1.20178
1.12213
1.25573
0.966498
1.73735
0.217589
0.745182
0.872699
0.713808
1.0143
0.546401
1.14813
1.11659
1.33788
0.692933
0.983866
1.74024
1.28557
1.21886
4.3632
0.193484
0.99813
0.907865
3.27923
0.593663
2.14267
3.65955
1.22656
-0.676007
3.72247
3.75829
1.14395
0.480478
0.886698
1.27832
0.474348
0.945822
1.88261
3.95086
0.46393
0.473826
-0.769322
0.596512
0.651706
1.19132
-0.302526
0.861414
1.22529
1.34015
3.78812
0.611774
0.107175
1.14294
0.382686
1.58452
1.25983
0.241065
1.84621
1.20193
1.30504
3.55951
0.826599
0.803758
1.21067
0.730283
0.00484596
1.12361
0.0229016
0.610779
1.15537
0.392391
0.750724
0.690602
0.634398
4.11048
0.609648
0.445388
2.7756
0.983492
0.432099
2.05887
1.05107
0.61593
0.604829
1.01406
3.24723
2.16819
2.4453
0.27956
2.42333
1.18182
1.2523
0.578532
1.54771
1.05925
0.84291
0.905486
0.295281
1.57563
0.57725
0.759494
0.574849
2.89306
1.44998
0.725691
0.456952
2.04629
0.425474
3.87396
4.42472
1.30903
0.635556
0.892959
2.40745
2.1729
4.67808
0.943796
1.16976
2.30423
1.28431
2.31645
1.39874
3.1504
1.13265
0.601186
3.44872
4.4829
1.09614
3.85809
0.239651
1.37718
1.33439
0.717764
1.30884
0.654658
2.80368
0.756018
3.06872
0.973055
1.07832
0.759402
3.42328
1.06089
4.72401
-0.312552
0.588431
0.838134
0.642094
3.20123
4.2568
0.964423
1.59141
1.03584
1.22593
0.482353
0.0696125
1.1032
0.670725
0.567892
1.18802
0.53816
2.61873
1.18015
0.663631
4.04016
0.568438
0.32052
0.876763
1.28647
0.456064
1.24397
0.968626
2.61355
1.10095
1.91189
3.38039
0.229286
3.71273
0.294487
0.63289
1.34297
0.680288
0.769721
0.739435
2.15375
0.706991
1.0364
1.18452
1.20525
1.46872
0.444692
0.666989
0.891387
2.24674
1.03112
1.10515
0.805871
1.01714
0.397008
0.870409
0.66613
0.766964
0.871221
1.34436
4.66779
0.915676
0.285771
1.282
0.60879
0.848502
3.76726
0.989713
3.83487
3.8813
0.802272
0.876419
0.678742
1.38872
-0.316686
2.72141
0.962101
1.51351
0.804593
3.09707
1.33029
1.17616
0.947113
3.71852
1.27921
2.26528
4.35625
0.570288
4.56039
0.750418
1.16497
0.66747
0.439164
0.47407
0.830469
0.771762
3.2351
1.36331
1.6574
0.525566
3.8616
1.20232
0.615511
0.656037
1.06787
0.523674
4.16511
0.716012
0.719748
1.183
2.60886
0.443812
-0.173105
0.684783
0.814521
2.46272
0.689073
1.2748
1.06294
1.28125
0.657768
1.12195
3.81557
3.02638
0.615226
-0.342109
2.0748
1.72223
0.579907
1.36052
1.0229
3.58895
0.567504
2.76137
1.00035
0.72559
0.333239
2.18872
4.38383
3.58013
0.942393
0.785801
3.26426
0.776407
1.29792
1.24726
0.602962
0.778981
0.56902
1.56779
0.970727
0.791909
0.830807
4.12111
0.780797
1.01453
0.661582
0.61685
3.81204
0.361446
4.28613
0.510093
1.11596
1.49635
-0.231527
1.28896
3.56107
0.122245
3.43526
0.888475
1.1226
3.21825
0.977154
4.26658
0.322734
0.397376
3.48953
0.491834
0.839389
5.12072
0.989978
3.23832
5.15278
0.22762
2.82439
3.84088
3.90826
1.24149
2.1701
3.55368
0.31653
0.733372
-0.0202242
1.71042
0.474148
0.438933
0.796482
3.43527
1.17149
1.40885
4.82919
0.678466
0.615879
0.568774
0.710685
0.762753
0.957504
2.8584
0.163277
0.96154
3.67764
1.24371
0.299309
1.32405
0.818699
2.37441
0.573978
0.929
0.748952
0.330525
4.03564
0.819744
0.669658
0.978456
0.742581
2.84951
0.870847
0.61503
0.543775
1.33006
1.03216
3.04402
0.486439
0.796438
1.09106
0.268839
0.86224
3.82021
1.99654
4.89978
1.32108
1.05118
0.473112
1.26872
1.08184
1.37622
0.569039
1.15503
1.14085
1.28255
0.832156
4.00438
3.84651
2.37214
0.841302
0.656316
1.4732
1.43876
2.0634
1.34369
3.22519
0.869389
1.02853
0.686726
1.07484
1.13184
1.10399
0.460623
1.31403
1.2872
0.922891
3.11116
1.31122
1.43532
1.20061
3.90363
1.07159
0.642942
0.624988
1.12539
0.401032
0.350148
0.437438
1.24542
0.328277
1.06341
0.719809
2.46417
0.69812
1.57205
0.66889
1.80426
1.14331
0.966923
-0.0126407
0.979469
0.779912
2.34929
0.475892
0.0444958
0.674388
0.417046
1.03399
0.629744
0.961049
0.437626
1.36489
0.716093
0.645193
0.994385
1.1415
0.145776
4.79048
1.29295
1.26771
0.488866
0.0240992
1.39647
0.700255
0.91334
1.02504
1.61042
0.902071
1.42566
0.510076
0.358359
0.451645
0.670435
1.27344
1.28525
0.662195
0.933562
3.71832
1.3695
1.14314
0.408785
0.694834
0.736466
1.34043
1.14972
0.479206
0.682603
3.24186
1.0506
0.645281
3.89313
0.652432
2.82281
1.09655
3.49893
0.648566
0.96492
1.82804
0.868937
4.99306
1.22028
0.308659
1.62144
0.787325
0.334521
0.543579
0.12614
0.655509
0.142055
3.13401
1.12224
0.458146
0.271054
0.687228
0.689408
1.17516
0.965352
1.21405
0.969105
0.970958
0.708225
0.217855
-0.645208
1.1975
4.46132
1.01054
0.954826
1.0392
0.621321
0.639611
1.34024
0.855931
1.55034
2.38327
1.9568
2.64537
0.500724
3.69455
4.70563
1.09452
0.188921
3.87533
-0.321886
1.00676
0.690671
0.371221
1.16549
0.504419
1.09971
0.772281
1.07478
0.852116
0.658967
3.62243
0.509442
0.868936
0.620777
0.357593
1.30665
1.03798
0.94204
0.705286
0.434281
1.24569
1.04412
1.33736
2.60652
0.764917
0.984608
2.54316
1.30014
1.78947
2.97939
1.09866
0.525229
1.17096
0.77209
3.17154
-0.275249
0.798072
1.06694
1.32688
0.555469
4.77889
0.776543
1.07245
0.871254
0.0803211
0.902914
1.12554
1.24613
1.37585
0.618868
2.42387
0.9307
0.0303091
0.88916
0.694267
0.576473
3.58175
0.881541
0.698632
0.603825
0.492242
0.691219
1.69377
0.503221
0.423367
1.40229
0.748173
2.64745
0.946462
2.46574
0.637494
0.276132
2.1419
1.41718
2.44324
0.406367
1.18638
0.971439
0.492727
0.759609
1.19732
1.15917
0.729169
0.362973
0.830469
1.35437
1.90905
1.03064
0.889101
0.402952
1.06752
0.489255
1.36955
0.279331
0.58106
1.21394
1.01549
1.19072
1.40142
0.53959
0.695427
3.66021
1.23242
1.2158
1.15618
0.963213
0.557649
0.867576
0.470888
2.32353
0.291732
3.393
1.28037
1.05197
4.24501
4.77322
1.02032
1.18682
0.60583
0.489753
1.39544
0.800153
0.864426
1.11247
1.98191
1.30909
0.744859
0.221485
1.4207
0.814823
-0.147552
1.35329
1.1493
1.19866
1.10668
1.34619
0.438689
1.01467
0.550169
1.5187
1.61626
0.879812
0.904768
1.24104
0.522282
0.746998
1.08067
2.28835
2.43176
1.02636
0.683687
0.904542
1.17596
2.01452
2.30623
2.06755
2.30315
1.13709
0.596772
0.677615
1.11015
0.74261
1.53133
0.232741
1.15423
1.35871
1.65894
-0.38552
1.25273
1.16849
3.16909
0.872553
0.666196
3.99519
1.66057
1.03777
4.20629
4.12238
0.485018
1.22834
0.741607
0.693459
1.33687
-0.21373
1.2292
2.18528
1.9954
0.654838
0.967808
1.919
1.5544
0.851738
4.16611
4.00947
3.78785
0.991865
0.741149
0.358486
1.10689
1.16908
1.13327
1.00342
0.506448
0.478491
0.867976
2.69951
1.09992
1.01155
1.33858
0.439047
1.12453
2.24344
0.274292
1.13927
1.37722
2.38648
1.39429
1.16381
1.13363
0.766526
0.929586
1.59599
1.35502
1.30009
1.39617
0.243374
3.61046
0.109122
3.63461
1.32722
1.22249
0.73865
0.661546
0.922178
0.822376
0.984695
0.647477
0.504211
0.821006
1.09701
0.71508
1.27638
0.406836
0.749286
0.778017
-0.124477
1.11743
0.454533
2.80615
1.08357
2.27129
3.75579
0.591729
1.33102
2.79621
0.971887
-0.521491
0.770202
0.567455
2.79557
1.30172
1.17151
1.03978
0.156094
1.51433
1.06784
1.22699
1.34648
0.1797
0.992074
0.623314
4.09908
0.960207
2.6949
0.749312
2.25957
0.80077
4.39353
1.23236
0.814737
0.976156
0.922796
0.559559
0.39572
0.564465
2.39089
0.395786
1.25436
1.73379
0.519849
3.10848
0.98496
1.68845
5.24346
1.13202
0.543225
2.60349
0.464976
1.18017
1.72173
1.03218
0.469686
0.443956
1.21573
1.35313
0.858641
1.47756
0.540079
1.97519
0.65291
0.578605
1.85031
0.762611
1.14714
1.1632
0.072448
3.74874
-0.113144
0.569247
4.12075
3.58675
0.458137
0.798619
0.602477
0.278245
1.05024
1.33992
0.786133
1.27506
3.47727
4.12659
2.42743
-0.220807
0.764254
0.839311
-0.775971
0.623817
0.653437
1.97289
1.17733
1.15529
1.16492
0.967547
1.29978
1.31333
1.01108
-0.0274366
2.83978
1.31765
4.92191
1.50576
1.03862
0.5717
4.14451
0.567985
0.850609
0.692753
1.43696
0.753446
0.521048
0.534702
0.606133
1.24888
0.260204
0.755178
1.52389
1.04806
0.748371
1.18888
4.31747
0.176591
0.658123
1.16424
0.894424
1.0305
0.317813
0.766862
0.450753
1.0445
1.3468
1.79271
0.618664
1.30038
1.39704
1.49848
1.03792
1.13843
1.38187
0.00367981
1.13283
5.14432
1.18989
0.876888
0.717832
1.49721
3.52492
0.629114
2.51227
1.27398
0.870417
2.70045
0.384242
0.620352
3.84561
1.89964
3.85358
0.739326
0.851971
0.689818
0.318064
1.93743
0.785335
1.97048
1.15856
1.58713
0.972236
0.972089
2.78256
3.11713
4.22078
1.15922
1.02938
1.07122
0.707699
1.17779
1.30281
1.35836
0.888591
0.936595
0.834433
0.73924
1.66857
3.36563
0.588534
0.110822
0.290829
-0.0596967
0.89049
1.74511
0.616054
5.54615
0.941108
1.58153
0.668816
1.09681
1.35126
0.224634
2.09116
0.912038
1.56564
2.66372
0.695862
0.422525
1.45326
0.164532
1.51167
0.948859
1.01666
0.967375
0.606073
0.994379
0.0860774
-0.518273
-0.880062
0.478904
3.49297
0.446844
0.79136
1.08825
0.472946
3.82675
0.813073
1.90583
0.827332
0.523804
1.93371
0.535547
0.462073
1.22716
3.10608
1.2717
0.44801
2.98533
3.64857
0.928158
1.2048
0.285002
4.10976
0.966387
1.14599
1.40605
1.13324
0.810201
1.78221
0.715086
0.603714
0.672919
1.03735
1.01091
1.07883
1.13466
0.939294
4.04756
0.685608
1.09693
0.630657
1.0085
1.06351
0.646178
2.70997
1.30012
0.970728
1.7682
0.874851
0.756598
0.982427
0.477201
1.01077
3.91401
2.30704
1.38715
3.74149
0.628758
0.588642
0.969819
0.732561
0.315413
2.34823
0.834891
0.668614
0.460608
-0.182691
0.872958
1.74678
0.496704
1.38809
1.35351
0.785667
0.294656
2.70636
2.92941
1.36774
4.12239
3.37134
0.707452
0.907881
0.9064
0.914751
4.57349
3.42404
1.22891
1.00211
1.52451
0.853869
0.587002
0.592857
0.628837
3.99681
0.661105
3.06775
0.625466
0.524274
0.583686
3.06291
0.842147
0.994563
0.951936
0.92855
2.85849
3.04748
-0.3087
0.842452
0.483031
1.15953
0.873834
0.309769
0.479907
2.08383
0.912389
0.970781
1.09377
3.2338
2.30534
0.630321
1.19042
1.26482
2.66873
0.784774
2.37913
2.26221
1.06029
0.586623
1.37699
1.39377
3.5284
0.536327
1.26907
0.9206
1.06446
1.07015
1.52594
1.2445
2.32726
0.0696404
2.74892
0.924648
1.0909
0.509104
4.18137
1.2472
2.00912
1.43989
1.00637
0.344867
0.649247
1.22462
0.975736
2.67211
4.04349
4.03391
0.129436
1.22302
0.963642
0.178723
0.806397
2.35879
1.55224
1.16256
0.505775
1.37203
2.24557
0.973408
1.11492
1.97163
0.251329
0.469176
0.485991
0.300463
0.864984
1.12173
1.48279
0.805719
0.483911
1.41707
0.826907
2.50081
2.5077
1.27443
0.462209
1.06728
1.13416
1.02685
1.0798
1.26589
3.46015
4.09669
3.67677
3.63401
1.27331
1.19611
0.882702
3.04852
0.624003
0.943836
0.489507
1.70501
3.19282
2.18125
0.654544
2.99762
3.06145
1.96118
0.295424
1.34282
0.797954
0.651281
2.83227
0.253598
1.01098
1.60695
1.17745
1.09218
0.179596
0.261352
5.47525
0.695908
3.35702
0.00268114
2.58749
0.738161
1.69593
0.774459
1.03261
3.488
1.31251
0.754545
0.90544
0.901217
-0.466816
-0.111113
0.555595
0.837919
0.458823
0.589999
0.629961
0.272916
1.01962
0.969821
0.768027
2.23785
0.606228
2.24547
0.454697
0.063118
0.755295
1.16082
0.645978
0.475411
2.68814
0.301638
1.07077
0.692044
1.6649
0.226159
0.514832
1.83208
0.442233
0.920399
0.352177
0.849925
0.932022
1.26157
3.89076
0.69314
0.963651
4.71277
0.761358
1.14287
1.03002
1.03098
1.02112
1.14232
0.644358
2.54854
1.03501
1.03044
1.85739
0.280896
0.459086
1.03156
0.786177
0.87436
1.31812
1.62132
0.888499
2.64168
0.556207
1.05472
4.48429
0.0733765
0.92547
0.568353
1.0029
0.806768
2.72179
1.02646
0.971164
1.2095
1.76165
0.483494
1.15179
3.24694
0.422352
1.21259
0.558635
0.65034
0.468959
0.608401
1.88304
1.42423
0.98328
0.539823
0.611973
0.440318
0.56669
0.269
0.197821
0.992057
0.698617
0.680838
1.43991
1.94565
0.968078
1.50641
2.63697
1.21343
0.739382
2.20332
0.578738
1.44576
0.631969
0.113395
0.828328
0.964393
1.07491
0.727375
0.490298
1.33326
0.80989
3.68892
1.10458
1.17183
1.5651
0.651364
1.18624
1.06581
0.782812
0.83656
2.11142
1.1247
2.98504
0.280454
0.769093
3.02556
1.21328
0.88206
0.939602
0.66756
2.63945
0.372673
1.02966
1.07461
1.15484
3.23957
0.603827
1.28969
0.627595
2.65268
4.37801
1.35682
0.974008
1.0992
0.634081
1.11636
0.798774
0.653717
1.20405
2.16709
0.568921
0.558491
1.69717
1.26108
2.33763
0.490803
0.551182
0.441959
0.864423
0.602017
0.613546
1.27105
1.03228
-0.22397
0.633023
2.53671
1.36633
1.91447
0.750173
2.97017
0.79402
0.777813
0.551815
0.115184
0.763325
0.988808
1.01211
1.32193
1.15469
2.31213
0.920369
1.70866
0.779206
0.734683
1.26547
0.505923
0.627531
1.26191
3.83662
1.19006
1.01053
0.591327
3.33304
1.23666
1.1665
1.88982
0.754317
0.624314
0.535773
1.30528
1.24976
0.793853
0.659361
1.1483
2.77283
0.195491
-0.380542
5.68334
5.67237
0.878282
0.75091
0.755516
1.95481
0.490332
0.938941
0.751225
0.313324
0.536817
0.931513
0.832993
1.06292
1.05334
0.625988
0.579771
0.586382
1.11951
4.16591
4.24398
1.12804
0.750373
1.13007
0.525799
1.81701
-0.106511
1.27968
0.914867
2.45603
4.0915
1.35901
1.10253
0.482859
4.05153
1.21442
1.00393
0.661731
1.00708
1.08084
0.102657
1.11627
2.63286
1.25559
0.767058
0.535125
0.500286
0.654134
0.877088
1.13079
0.747711
3.07959
0.888426
2.03157
0.0428291
2.31285
0.498311
2.45136
1.13589
4.25094
0.643397
1.34406
0.860199
0.914468
1.36872
0.447401
0.66935
0.704218
0.503954
0.194398
0.345546
-0.57482
2.12599
0.590141
2.57592
1.18208
3.12072
-0.696086
0.791928
1.07042
1.10312
0.523671
0.329017
0.522842
1.88676
0.201396
1.27224
0.370426
0.666982
1.11104
0.0800933
1.59166
-0.00295377
0.491342
-0.75116
1.12631
0.819474
1.11513
0.391814
-0.357257
2.10963
1.8447
0.482217
0.846264
0.502436
1.76336
0.510085
1.16349
1.1287
0.468585
0.802652
1.22618
2.1927
1.09198
1.01669
2.47831
0.0757331
0.936818
0.609837
0.627106
1.17937
0.421497
0.569687
-0.322397
0.25984
2.79074
1.00822
1.0633
1.16014
0.767201
0.186456
1.25221
2.4734
0.578398
0.989015
1.59309
0.797066
0.364904
1.13872
0.65303
1.41602
1.14487
1.36962
0.728275
0.902319
1.4052
0.497895
1.07238
0.541217
2.25473
0.812839
0.992973
2.08341
0.543898
0.620891
3.17867
1.09647
0.716183
1.18921
0.329256
0.385012
1.2374
1.26309
3.29656
0.68029
0.407983
0.986345
0.739478
0.49594
0.680649
1.2358
0.513057
0.849901
1.03014
0.749373
1.66188
0.789721
1.69676
2.46948
2.78778
-0.0606887
1.06384
1.31396
3.32293
1.12327
0.925484
1.23064
1.52231
0.868668
0.9665
0.619352
3.0001
2.87759
1.38804
1.12434
1.26136
1.43916
0.734874
0.553388
1.46383
2.88579
0.593312
1.19091
4.02406
3.09621
1.45113
1.57027
0.862748
0.926486
3.90612
1.42729
0.442724
0.143984
1.16957
1.7525
1.84967
0.697222
1.34999
0.844959
3.3432
1.34288
0.767213
3.79065
0.69416
1.63143
0.734978
3.28347
0.999145
0.855777
1.07331
0.950683
1.4426
0.489875
1.10882
-0.0461659
0.853437
0.752004
0.910474
0.863029
0.848567
1.23534
0.888738
4.03574
1.13594
0.683403
0.611775
2.83069
3.93548
1.52475
0.636339
2.61614
0.621493
0.648565
0.992702
1.70899
2.03837
0.899892
1.25265
0.661921
2.18825
1.37803
0.620081
0.0420795
0.704364
0.543336
1.25102
2.11511
0.31031
3.36895
1.28971
1.08686
3.40559
1.64814
1.38913
1.72381
1.80269
0.945483
0.942927
0.933757
1.22221
0.968481
0.77059
0.749636
1.55435
0.498544
1.14075
0.121071
1.52568
1.07785
0.794179
1.15443
0.329791
1.12675
1.24443
2.8699
2.82366
1.25712
1.01571
1.26774
1.23897
1.66409
0.373221
4.43158
3.16639
1.78453
2.98892
0.466725
0.882036
-0.367008
0.560432
2.57765
2.69336
3.53382
0.906511
1.70688
2.40074
0.381245
1.74415
4.4427
0.578342
0.521029
1.00573
0.629445
1.13451
0.922387
4.00617
0.491073
0.652994
0.627916
2.83383
0.319457
2.38317
1.82672
0.468436
1.22518
2.14561
3.77302
0.997265
0.207934
0.561166
0.214197
1.15049
0.498203
2.77824
0.661809
1.21835
0.675317
4.09753
0.312513
2.05931
3.29592
0.504575
0.837127
0.773783
0.46203
0.985526
1.03423
1.34179
1.14678
1.14244
0.874765
0.92103
0.694631
0.627675
0.956821
0.895336
1.03564
0.674625
0.757549
0.986432
3.45008
0.77366
0.814001
0.586225
1.0008
0.932165
0.65425
0.409051
0.811061
0.684784
0.346004
0.804774
1.62096
0.803445
0.62114
0.629167
1.02898
1.10624
0.773431
0.863056
1.07422
2.9483
0.741081
0.258559
1.33556
1.09156
0.834278
1.15462
1.15241
0.793826
0.638765
1.54473
4.15749
0.659437
0.449281
0.709596
3.69245
0.777222
1.22373
1.40081
0.902313
3.68682
0.731098
0.930858
3.39161
0.854211
-0.482992
3.20112
1.02659
2.65725
1.5864
0.881748
0.825556
0.787278
2.12809
1.68889
1.44607
1.03159
1.74112
0.511941
0.664924
1.16751
1.21097
0.0829019
3.66905
0.818965
0.717944
0.538415
0.545394
1.22353
0.68153
1.12813
2.76763
0.76859
1.1347
4.13837
0.50973
2.18725
-0.22055
-0.000627981
0.919699
2.41808
1.11298
0.869149
0.687816
3.92096
2.88882
0.626184
1.31435
0.990496
0.547173
1.0926
4.51461
1.24352
0.652525
1.02125
0.39726
2.00691
-0.718364
1.29327
0.975369
0.874042
0.698155
0.344758
1.3862
0.683414
0.577154
1.03868
0.8062
4.03079
0.656169
1.16329
1.18783
0.837824
4.75253
1.24268
0.265707
1.27386
0.550138
1.15901
1.10734
1.50739
0.742945
0.132936
2.32951
2.29985
0.392166
0.935705
1.13445
1.16329
0.713039
0.723052
0.79198
0.492776
0.855299
0.804918
1.36936
1.36306
0.929945
3.5056
1.00792
4.28534
0.685647
0.786722
1.24541
1.76858
-0.354396
0.772968
0.603759
-0.275349
0.91801
1.12659
3.00263
0.385956
0.883169
3.28795
0.967657
1.30205
0.298421
2.99297
0.763547
0.454963
3.08555
1.20245
3.28817
0.792283
1.07879
0.65183
1.0428
3.80367
0.745328
1.13779
3.41771
0.754315
0.76344
1.06603
0.631458
0.84126
1.39453
1.14102
1.35028
0.693128
0.511845
1.21859
2.66509
1.13807
1.19233
1.19541
1.53561
0.97575
1.24628
0.966128
0.173778
0.983592
1.0696
1.35212
0.926629
0.754566
0.842863
0.378694
3.89748
0.806103
3.86568
3.35081
0.401989
1.17052
1.13944
2.14485
0.739911
4.08141
0.937086
0.738872
0.615668
2.89124
1.80737
0.531938
1.22097
1.76446
4.3303
3.773
0.545295
1.25564
1.12306
1.75124
2.20225
0.650095
0.816629
1.09717
0.427182
1.14347
0.986652
0.672053
2.88005
0.343248
1.32693
2.36082
2.7027
1.16427
0.423445
0.906613
0.926172
1.21225
1.19349
1.33934
4.77683
0.80885
0.765533
0.402587
0.684126
0.647748
1.81411
1.90679
0.830436
0.649239
1.15193
0.709864
1.27344
0.848581
1.7973
0.629599
1.47918
1.13049
0.751172
0.769556
1.07929
2.95935
2.23753
1.99563
2.01463
1.18983
1.03182
1.98102
1.16144
0.972789
0.542503
1.00662
0.914051
-0.715674
2.51884
1.14981
0.672495
0.871164
0.705267
2.13304
1.16788
0.804089
2.03866
2.43136
1.06426
0.710076
0.68815
4.33232
3.58495
0.629405
0.638397
0.964328
3.60119
2.42872
1.26233
0.419272
0.514744
1.15067
1.14147
0.104938
0.404106
0.813401
1.06801
1.96347
0.97865
1.05003
0.890391
1.23066
1.91027
0.706221
1.54914
1.53674
0.997057
1.36163
0.746496
0.75432
1.10134
3.13543
1.28146
0.605524
0.676865
1.99015
0.823073
1.955
3.94943
1.94704
1.19777
2.87075
0.424149
0.373082
0.909436
0.466338
3.47659
2.21337
0.542243
4.352
0.65759
0.60255
1.1326
0.261614
1.02892
2.75413
0.176989
0.659795
0.797159
2.14973
0.928138
1.10044
0.791255
1.14496
0.786783
2.40546
0.813862
2.56207
0.469984
0.74133
1.50208
1.22624
1.1231
2.50097
0.846698
0.777756
1.22372
0.91024
0.762355
1.24478
0.892527
0.723198
1.00381
2.73619
0.179562
2.82287
0.942644
1.16475
1.18221
2.06534
1.64663
0.0731138
0.70579
0.0402884
-0.333567
1.10867
0.650502
0.736162
0.988124
1.47926
0.530276
0.371618
0.389151
2.78934
0.993769
0.474621
0.653148
1.22111
0.880564
0.813107
1.16359
1.80526
2.87738
3.82967
1.35345
0.680153
0.817571
1.16162
0.719503
0.747176
2.90099
2.4898
0.755516
4.29421
0.565421
0.13318
2.92297
1.71419
0.672712
4.07391
0.972506
1.02632
0.482986
1.45154
4.33039
0.676004
2.70982
0.462439
0.928264
0.741965
0.664556
2.02775
0.362971
0.911594
1.15259
1.08589
1.33343
0.575612
0.631911
3.67397
0.710204
0.688716
1.58666
0.0807901
1.01675
0.896087
1.30316
1.46199
0.513474
4.50945
1.55343
0.781348
0.922892
1.60166
0.700988
1.17454
1.2845
2.48182
0.699343
0.633129
0.657734
3.77938
1.2176
1.16455
0.90377
3.33207
0.74857
0.485568
1.12291
0.659254
0.811958
0.596402
0.856755
1.69006
2.16015
0.152689
2.96487
2.64862
0.571138
1.11339
4.30782
1.28507
0.631399
3.32282
1.92438
0.664583
0.976351
0.617393
1.31264
0.86035
0.951947
1.29972
4.01646
0.561722
0.627228
1.05496
0.0538757
0.975229
3.06483
0.961411
0.626283
1.37194
1.22368
1.04643
1.29236
0.85253
1.17484
0.572142
1.01796
3.71137
1.01395
3.32072
0.768032
1.21551
2.24496
1.20912
0.823394
2.8545
0.344376
0.878121
3.08106
0.164381
1.05592
1.00693
0.575513
2.53819
0.844053
1.31357
-0.547055
3.79945
1.17596
3.09894
1.00213
0.781021
0.875303
0.872481
-0.730567
0.83346
0.958956
0.985488
0.926991
0.595542
0.744111
0.659672
0.741548
0.958404
0.966148
1.39199
0.866276
0.793597
4.15109
4.05989
1.26949
1.11374
0.837133
1.10738
0.946278
0.838417
0.741085
2.0793
-0.0996929
0.695686
1.39873
0.605924
0.725646
0.810731
1.99821
0.762361
3.72721
3.08657
0.665852
0.222002
0.783163
2.19378
1.09995
1.37678
0.803218
0.85902
0.397204
0.72755
1.12194
1.09068
0.890581
0.586541
1.30657
0.998177
1.3369
0.636042
1.01917
1.35086
0.833453
0.782891
0.555804
0.932467
0.247988
3.30962
1.00429
0.871941
1.17276
0.797278
3.62637
1.03852
0.32331
0.877444
0.741818
0.640814
1.01765
0.47952
2.83118
0.632442
0.95448
2.50675
1.02646
1.26863
0.807275
2.65526
0.704377
0.561405
0.912723
0.128923
1.32758
0.954428
4.59246
1.05542
0.722226
0.789102
0.54125
0.672009
0.871993
1.05925
1.20221
0.932178
0.6386
0.627584
0.615267
0.918886
0.634776
4.23201
0.858994
3.74892
0.705859
0.715504
1.07176
1.34665
0.65573
3.56338
3.81866
0.492012
0.602731
1.37129
1.36992
1.21194
-0.0769256
0.793815
1.32212
0.958878
0.851035
2.23884
4.7294
0.145006
0.683379
0.818205
0.59081
0.837558
0.593184
0.728888
1.33286
0.584562
1.04172
1.07798
0.687122
1.16489
0.593176
0.957783
0.595026
0.678938
0.868235
0.655599
1.09992
4.09799
0.871906
2.85095
0.771992
0.954984
0.750158
1.62436
0.0419875
1.84723
0.520593
0.394638
0.920519
1.02669
3.03082
2.86535
0.432901
0.634818
0.735604
0.916284
1.17466
1.16466
0.65889
0.774488
0.754653
3.70269
0.987308
0.632965
0.825687
2.54761
0.663883
0.279005
0.519522
0.596957
1.18496
1.04225
0.554655
0.655947
0.569052
1.09184
1.21737
-0.0942653
4.725
1.15472
2.18493
0.724453
1.19957
1.2603
3.79718
0.307517
1.38724
0.810246
3.14605
0.975821
2.89445
0.729245
5.02288
0.846354
0.654194
0.896157
0.690786
0.489509
1.01795
0.312388
4.8086
0.793604
0.748889
0.830184
0.710029
0.726202
0.954489
0.600129
0.576236
1.26889
1.46259
0.985304
1.05507
-0.424333
0.97897
0.878606
0.518838
3.72923
1.04699
2.10114
0.858953
1.13139
0.783087
2.56589
1.8046
1.55191
1.36421
0.671081
0.735903
0.526287
0.66815
0.995268
1.00662
1.3534
0.745332
0.633329
0.883426
0.740111
0.769163
0.526529
2.17692
3.73781
0.695279
3.71727
0.593509
1.52559
1.36574
1.01986
3.01593
0.565941
0.867222
0.845312
0.671577
0.615698
0.769327
0.792715
0.773923
0.623828
0.931441
0.816206
0.811737
0.421301
0.714198
0.572145
1.10856
1.30086
1.27022
0.978302
3.58366
1.17023
2.80083
1.07234
0.932803
0.671756
1.3245
0.667671
0.912084
1.18217
3.34466
4.19366
3.26028
0.557191
1.03404
1.10785
0.617846
0.746608
0.770629
0.832307
0.735236
1.26475
0.852828
0.803629
1.12831
3.54452
0.857649
0.480449
0.93506
0.657489
0.788071
2.00978
1.01966
0.310169
0.76306
4.84308
0.438231
-0.618184
1.53018
1.19136
0.871944
1.18002
0.703636
4.05092
0.986699
0.601377
1.11432
0.661974
1.53689
0.993588
5.49478
0.889603
0.873622
2.49278
0.76142
3.50235
-0.0753401
3.27756
4.71096
1.06971
0.750844
0.640822
1.30512
0.863742
2.32172
0.587625
1.08665
0.343787
2.80571
1.24664
4.7008
2.95162
1.08667
0.587191
0.962674
0.126163
0.82908
1.00962
0.687715
0.055714
1.2048
0.392363
2.89931
0.931012
1.13302
2.61596
0.836154
1.14667
0.660836
1.16019
0.254321
2.59258
1.2719
0.84622
0.626348
0.978149
0.278841
1.24802
0.943491
0.488942
0.909137
2.33543
3.64017
3.20668
0.842824
0.76254
0.865673
-0.545445
3.65844
0.628047
0.56614
3.77409
0.929143
3.91554
0.711081
0.665746
0.368709
-0.592805
1.04876
0.632862
0.835191
0.731954
5.41231
1.61448
1.20716
3.81636
0.634478
1.40399
0.912642
0.566421
1.16509
1.16892
1.36957
-0.579857
3.27781
0.605524
1.23996
0.643777
1.27989
1.02958
0.955696
0.185831
1.00008
3.04896
0.653049
1.29306
0.788169
0.572017
3.06784
0.98032
2.68839
1.19241
1.21213
3.88942
0.44367
0.954848
1.048
0.401906
0.697065
0.681288
1.06224
2.54276
0.602013
1.0674
0.146182
0.401548
0.596184
0.692037
0.593987
0.733069
1.51694
0.66422
0.680506
0.940237
1.20063
0.651729
0.936235
0.373383
0.221165
0.639389
0.67788
1.24983
0.939299
0.579533
0.898854
0.964899
0.637714
2.45952
1.03452
0.862273
0.492378
-0.78783
1.16937
0.875578
0.587693
0.620003
0.73193
1.15044
0.839515
1.30172
0.841052
3.9609
0.834607
0.468944
1.10232
0.909478
1.33953
0.638262
0.766441
1.1561
0.54418
1.0343
0.383932
0.792345
0.972453
0.730263
1.11866
3.23484
2.70143
3.14116
3.34132
3.382
0.578645
1.40868
3.73987
3.12385
0.697553
1.10543
1.05663
1.23916
0.502547
1.03805
0.927505
1.2411
2.68069
0.722759
0.751869
1.11396
1.38707
2.31922
0.592612
1.1869
3.09414
1.39739
0.546321
1.15132
1.32934
0.840765
0.663588
0.482566
0.80158
0.889558
1.378
1.00872
0.917581
-0.409069
0.796643
3.99489
1.16843
1.03394
2.3103
0.723133
1.02757
1.13577
0.637246
0.867097
0.898042
1.0874
4.63033
0.26375
1.56194
-0.0558837
1.11172
0.859024
0.723215
0.788945
0.773115
0.92867
1.04119
0.722394
2.53165
0.56649
0.821391
0.992147
1.18452
0.971081
1.06254
1.32598
0.910012
0.851261
0.781561
0.846159
0.984574
3.40274
1.09616
0.790048
0.815278
0.739067
0.966486
1.57906
1.26769
0.582706
1.04931
0.941404
1.03485
1.50228
0.813963
0.501323
1.21121
0.0507118
0.0278333
0.687332
0.763356
0.527177
0.926267
1.94618
0.972515
2.16869
1.55029
1.00348
1.02371
3.16478
1.01416
2.46568
3.61445
1.05617
0.644502
0.793667
1.29983
1.24948
0.956488
1.33447
0.911202
0.703268
1.23147
2.30068
0.932539
0.779242
0.884103
0.948794
0.20458
0.231105
0.746127
0.649023
0.710588
1.23168
0.951255
1.34043
1.34452
0.153797
0.532365
1.21105
1.12795
0.969336
1.50597
3.2177
0.675471
0.739084
0.660396
1.20346
1.89981
3.30232
1.12373
0.678632
1.58926
0.66826
0.765914
0.887469
1.04007
0.854729
1.36744
0.66847
0.578182
0.502845
1.46892
4.52322
2.54535
1.02889
1.41072
0.993875
0.70862
0.768699
1.52741
1.58853
0.767671
0.894408
0.627801
4.7061
2.70148
2.15234
1.12948
0.80756
0.829034
1.19285
0.608081
0.777503
0.772316
0.847378
1.15554
0.771509
4.23003
0.69384
1.25824
0.93464
1.269
0.750828
0.56758
0.988709
0.919754
0.49604
-0.0859443
4.07378
0.771272
1.58505
0.883481
0.729461
0.750512
-0.492421
0.472129
0.682231
0.728996
1.55648
0.92667
2.06695
0.746033
0.535386
1.07046
1.2741
0.280536
0.64261
2.79761
0.668912
0.564327
4.62623
4.43098
2.89532
0.903166
0.661935
0.790545
0.651465
0.912789
0.344453
1.16471
1.12381
0.637861
1.14317
3.40771
0.699813
0.817892
3.17548
2.58099
0.701192
-0.544714
0.823706
0.559276
0.687844
0.615539
0.331456
0.409971
0.761616
0.407832
0.910938
-0.176593
0.551708
2.75735
0.576089
0.661213
0.94968
0.582479
2.07137
0.170249
1.12762
2.32044
0.984932
0.786842
1.52897
1.18216
1.62973
0.191751
1.02517
0.401303
0.434029
0.970849
1.00253
0.922648
0.805136
1.0337
1.03487
0.97375
0.889006
0.581049
2.64355
0.369103
0.69908
0.932166
0.878561
0.640063
0.898332
1.15573
0.679787
1.03601
0.823146
1.15906
2.64548
0.964136
1.066
0.532814
1.18798
0.0820698
1.2359
0.673986
2.36395
0.69258
0.625245
0.910988
1.00166
0.690194
0.842927
3.09441
1.19685
0.977016
0.969536
0.680583
0.953143
0.754428
1.03817
0.876655
0.978043
0.786011
1.20696
4.25324
0.00821406
0.610809
2.82533
0.931147
1.13576
0.558912
0.932948
0.680301
0.601278
3.64431
1.14448
1.06687
1.17717
0.935832
0.744632
0.543549
2.33196
3.87211
0.504924
3.90157
0.819089
3.97309
0.891925
1.20216
0.504693
0.54051
0.634459
1.31333
1.08104
1.24412
0.931678
1.46107
0.637007
2.12847
0.576601
0.91448
3.3063
0.757214
2.62496
0.767893
0.260793
0.0814124
0.267905
0.120165
0.794085
1.05977
0.847983
-0.218766
0.033033
0.67569
0.836561
0.47031
0.80015
0.645047
0.957193
3.09283
1.01402
1.20767
1.11988
0.599372
1.26911
0.654892
1.26473
-0.563775
1.13072
0.78656
0.95685
0.83838
3.62904
2.73999
2.22417
-0.26727
1.01294
2.33092
0.589709
0.703709
3.2804
4.23646
0.740675
1.06624
0.983492
3.18294
0.93704
0.879751
0.593468
0.669957
0.992391
0.710615
0.185274
1.46131
1.47805
0.758101
0.703587
0.426463
1.19052
0.769604
1.0808
2.67879
0.956703
1.47194
1.00673
0.717901
0.154627
0.559859
0.518687
1.06227
0.87443
1.13146
1.03185
1.08787
0.884
1.19615
1.17439
3.42659
0.248381
1.33954
0.764846
1.17558
1.1485
0.679985
1.02047
1.28366
0.910597
0.641161
0.776064
0.279461
0.918275
1.20184
2.69082
0.739037
1.10406
2.52426
2.54822
0.229923
0.716175
1.26863
1.03946
0.663238
1.30259
0.514465
1.27554
0.600116
1.2905
0.865019
2.76904
0.262097
1.44252
1.08976
1.36167
0.65907
1.14699
0.745177
1.19709
1.55749
1.79797
1.16423
1.13946
0.885754
4.21686
0.384184
0.665916
1.23861
3.2601
0.899639
0.925337
1.124
1.05743
1.27628
1.10348
0.504523
1.16137
0.348897
1.04351
1.1127
0.8192
3.20969
0.950729
3.1509
0.662918
3.39215
0.681829
1.33585
0.613077
3.15984
0.633171
0.765093
0.948272
0.993132
0.929177
-0.197568
1.22048
1.0023
0.970293
1.36217
0.791564
1.18605
0.901142
0.801998
4.60776
0.685316
1.02854
0.779342
0.647324
0.941419
0.644507
1.04263
3.14695
0.81122
1.20433
2.6969
1.24191
1.27247
0.816728
2.57471
0.578404
0.968814
1.02456
0.685816
1.30811
1.0416
0.60927
0.813014
0.909672
1.02885
0.866059
1.82691
1.2578
1.04363
1.11359
0.820531
0.904651
3.21805
0.904746
0.700318
0.80298
5.51521
1.11383
0.977546
0.923226
0.796019
1.3046
0.448144
0.471921
0.453663
1.08925
1.5711
1.26216
1.33353
0.885995
1.13928
1.01084
0.622851
1.51396
1.02905
3.62109
1.13629
0.862723
0.515654
5.06442
1.2326
1.24562
1.02153
1.01507
2.08251
0.664995
0.963054
1.1929
1.34879
2.8105
1.12833
0.54603
1.32772
0.117065
0.841922
1.0398
3.28285
0.869805
1.3255
0.742352
1.01117
0.498613
1.28772
0.659857
0.908561
2.37762
0.797716
0.839341
1.01074
1.28197
0.711179
0.654325
0.804657
4.04329
1.99568
1.1575
0.950038
1.43666
0.742611
0.174525
0.470402
3.38742
0.959279
0.945713
1.2509
1.1335
0.429457
0.778947
0.367117
0.728337
0.685748
1.10881
1.15798
0.947257
3.44412
0.880323
0.71682
1.06848
1.45794
1.29528
0.877274
-0.311464
0.580758
0.362627
0.753654
0.779073
0.846632
2.91326
0.561369
5.1776
0.780692
0.748934
0.797453
-0.0989003
1.35182
0.654787
0.516458
0.169127
0.75684
1.2459
0.685538
0.548198
0.839856
-0.416799
4.25628
1.12944
1.22751
3.51935
0.668522
0.81051
0.389701
0.773962
0.763146
1.20373
2.15873
0.930602
0.807156
0.809769
0.304401
3.28799
0.4777
0.950023
0.654143
3.65576
1.16602
0.810235
1.93276
0.364167
1.20975
1.75695
0.782024
1.54379
0.66028
0.934528
0.993698
0.289521
2.54264
0.630507
0.58742
1.14981
1.4599
1.15279
1.53517
0.291435
2.40975
0.638055
0.973064
0.653149
3.25626
0.613096
0.810283
0.995468
1.2738
0.606128
0.915202
0.661388
0.551687
0.899599
0.553177
0.868575
1.33775
0.787125
1.31133
0.507746
0.664782
1.09164
0.853978
2.51742
0.855115
0.685411
1.03015
0.854323
0.693369
1.20426
1.28516
0.819605
0.674823
0.648245
0.770117
0.888164
1.10874
1.81199
0.857174
0.728794
3.81382
1.2764
1.30897
0.83254
0.651354
0.943369
1.01784
0.798633
1.2632
1.53495
0.585669
0.825923
0.574708
4.10355
1.19791
0.976054
1.25901
0.550113
0.646015
-0.303403
0.570185
0.206087
0.517986
1.16502
1.13028
2.71336
3.35513
0.603945
0.464663
0.769957
0.989063
1.34616
0.445618
5.43391
0.892624
1.11343
3.16411
-0.297737
1.01724
0.719059
1.28978
0.664945
0.705904
1.30038
2.27003
0.0694202
0.701389
0.537524
1.34238
0.139549
1.13139
0.824241
0.917129
3.68874
1.26543
1.42677
0.699446
0.862799
0.67779
0.985938
0.525925
0.849819
0.856391
0.932023
0.924026
1.1829
0.897858
1.35706
0.941126
3.02022
0.707748
-0.365391
1.34661
2.35556
0.772954
1.20652
0.63164
0.604354
1.16478
0.322395
1.25105
0.937021
0.674956
0.575887
0.305498
3.10038
0.675588
1.28669
0.862244
0.871373
1.21917
2.26896
0.901062
0.549385
0.593562
1.1867
0.585536
0.730969
1.3193
1.28808
0.609592
1.00249
0.749052
1.38764
1.64795
1.34416
1.263
0.479274
0.755102
3.84467
0.0304355
0.817294
0.768315
0.39445
0.19981
0.473817
0.920028
1.01177
0.611322
0.178463
0.597859
1.01329
2.46629
0.391812
4.00287
1.40169
1.2864
3.39253
2.66158
1.35239
0.219112
1.8839
0.96817
1.19465
1.25242
1.27317
2.86188
1.32163
0.852205
0.967932
0.782104
0.973793
3.74923
0.838803
-0.407816
0.767582
0.529959
0.477452
1.04784
2.10064
1.76205
0.654871
0.0718757
0.741112
0.521106
0.671025
1.40024
1.15907
0.974721
1.00941
1.01657
0.851345
1.8499
1.39605
1.15168
0.70674
1.67941
0.706565
1.09605
2.45431
0.938026
1.05087
1.35821
0.655895
1.13945
0.942774
4.98805
0.774928
0.887404
0.92641
1.1528
0.91742
3.35793
1.1476
0.836946
1.37391
0.908421
1.07914
1.06634
0.763927
0.675564
0.788739
0.983872
1.18748
0.804671
0.604467
0.697004
4.56749
0.952086
1.03946
1.09063
0.812746
0.870998
0.786094
1.15187
0.626434
0.821362
0.840453
0.936117
1.03995
0.588014
0.38385
1.67304
0.837652
4.30494
0.511589
3.8831
0.681051
0.310524
0.90643
1.04603
0.559129
3.77398
0.654818
0.808003
0.93692
0.883452
2.99708
0.834329
0.431209
0.957092
0.854796
0.555758
-0.620122
2.64051
1.33929
1.35053
0.695296
0.852737
0.768109
0.870542
0.920073
0.650719
1.08843
0.630815
0.49302
0.716153
0.697737
4.32016
1.27255
0.427994
1.04056
0.820628
0.659312
0.746822
1.17801
2.04831
-0.479005
-0.0593845
0.748909
0.61119
0.841758
0.989168
1.40334
0.918541
2.67558
0.705619
1.03961
1.15237
1.01554
0.791732
0.989103
1.33325
1.3634
0.196165
1.34947
2.02588
0.295947
2.33209
1.53287
0.793144
0.930899
1.60077
0.663009
3.85637
3.52167
0.6225
3.10687
1.03452
0.944535
1.21442
0.561318
0.592542
0.652535
0.718533
0.986223
1.40474
1.10252
3.70366
1.32667
5.05689
1.1497
1.16808
0.934416
1.88936
1.3077
0.958206
0.581701
0.700898
0.748159
3.75195
2.71719
0.931317
0.689234
0.818293
0.824049
0.766789
1.23454
0.790586
3.7567
0.713807
1.26637
-0.278176
0.884799
1.39542
0.798331
1.16873
0.74233
0.768621
1.05917
0.663149
1.42213
0.964589
1.12249
1.16532
0.680718
1.43629
1.34194
0.681447
0.561233
1.47356
0.79411
1.29507
1.45832
1.04689
0.618091
1.09556
1.64031
0.82582
1.06927
1.16987
0.481897
1.0409
1.56681
0.814152
0.857583
0.649939
0.866252
1.02275
1.00538
0.83938
1.19613
1.02567
0.593165
1.39994
1.15109
0.953609
0.90089
0.914671
0.956441
0.567774
4.30221
0.95181
0.659784
2.00475
1.72743
0.676563
0.590774
0.171197
1.50089
0.668954
0.823694
0.650527
0.929648
1.32551
0.216573
0.798169
1.76473
1.27754
2.62859
2.01484
1.15768
1.18581
3.34087
0.563917
0.780271
0.968004
0.853306
1.37826
0.14615
0.652834
0.994202
0.613923
1.03938
1.3582
1.90193
0.758925
1.05526
0.906898
0.607584
1.37603
0.80478
0.880274
1.47658
3.29998
0.789237
0.807144
0.675899
0.779054
1.50733
1.03176
1.4002
0.919804
2.55272
1.30965
1.15566
0.894991
0.713669
0.666632
1.78381
1.39042
1.02807
0.66843
1.78777
0.890983
1.03918
0.790521
1.15337
0.923167
0.844821
0.832347
0.556135
0.662732
3.26801
1.31303
0.972155
1.06638
0.646271
0.774482
1.00868
1.3088
1.15368
0.749835
1.11327
0.936873
-0.666562
0.524569
1.16139
0.951463
1.07006
0.536133
1.33328
0.676319
1.03037
0.792072
0.672044
1.30381
0.905687
1.16382
2.47026
0.542416
0.14827
1.41125
1.40936
1.39263
0.576966
0.96612
0.871917
0.632932
1.01284
3.14631
0.810447
0.825639
0.613209
0.6823
1.24935
1.11593
1.14546
0.674506
0.678584
1.14959
0.857266
0.826593
-0.0126037
0.698835
1.37924
1.13346
0.588857
0.94784
0.834482
0.955637
0.687054
0.9576
0.870437
0.833105
0.692848
3.35526
0.94505
3.25244
0.658258
1.05468
2.72978
1.08492
0.811753
2.95701
1.10798
0.395391
0.280876
0.488892
-0.271309
0.347415
0.195665
0.616582
1.83214
0.540389
1.16055
3.26621
1.26509
0.614679
1.71351
1.89337
1.21088
1.78916
1.3388
0.659763
0.748626
0.870724
0.662315
0.981841
1.58821
1.2025
-0.0231517
1.0349
1.1313
0.349628
2.7131
1.2504
1.09851
1.34991
0.806104
0.952346
1.11693
1.16718
0.927171
0.894439
0.779485
0.513122
0.758827
1.30569
1.52335
0.494351
0.179784
0.927503
1.04848
3.81735
0.235009
3.19309
0.922312
0.856679
0.820282
1.15655
0.840554
0.961387
1.1404
0.963074
0.312745
1.02382
0.649789
1.06291
0.69915
0.95654
0.567055
1.10965
1.04491
-0.0082035
0.738242
0.562733
1.25903
0.854905
1.10694
3.75266
1.46254
0.635409
1.26916
0.528602
3.39771
1.42113
1.41815
4.82914
0.855791
1.15226
0.907844
1.13221
3.75102
0.882469
0.591708
3.28775
0.568179
0.632197
0.800322
0.549937
0.750361
0.886727
0.845168
1.55666
0.00587751
1.0244
0.714187
0.61765
1.01318
0.997868
1.32082
1.45947
0.943823
1.35523
0.913126
3.06263
2.09253
0.619888
0.893315
1.01444
0.886672
0.661268
0.547371
0.784668
1.21937
0.703981
1.03516
0.557771
1.01799
0.977695
1.23521
1.4884
0.90606
0.514608
2.73839
1.16006
0.526687
0.490573
0.795661
4.29966
0.206797
1.54195
0.958134
1.88558
1.01811
0.829879
0.687741
1.5192
1.17432
1.33451
1.30663
1.74753
1.81495
1.39306
2.3253
0.918534
0.303592
1.05469
1.12971
0.785792
0.949881
1.21555
0.69029
1.12646
1.23114
1.06197
0.788929
0.827833
0.874881
3.40939
0.869829
3.14466
1.90723
3.12058
0.963476
0.692904
2.41496
0.776119
0.846677
0.697147
1.6137
1.53033
1.66813
1.98831
1.83273
1.32434
1.2278
1.13482
1.42693
1.1032
0.646156
0.897057
0.671225
1.45285
0.964271
1.14569
0.938006
1.5491
3.87261
3.7975
0.00669769
1.04213
1.15668
0.795389
0.883207
0.700783
1.51492
1.14014
0.539414
0.954367
0.698297
0.682802
1.15395
3.35421
0.837433
0.584941
1.51552
1.33432
2.20574
2.12342
2.92226
2.16189
0.698898
0.697384
1.47944
0.607806
0.98746
1.07383
3.58653
0.755558
4.03483
0.73532
1.27482
3.48431
0.792093
1.06067
1.19231
1.14413
1.48089
0.404229
1.14247
0.822219
0.777019
2.26787
1.06281
1.01901
1.20282
0.846103
0.839434
0.67457
0.6756
0.90199
0.903637
0.92081
0.913599
1.02068
1.53002
0.58263
0.887106
1.15459
0.688144
0.975218
0.971305
0.86122
0.366248
0.664805
1.04626
1.23241
0.687849
0.824606
0.864693
1.05699
1.18289
1.18849
1.00116
0.694519
0.975827
0.966219
0.708219
0.628187
1.52381
0.942704
0.883006
0.98252
0.492767
0.980549
1.98362
0.761526
1.0365
0.661461
0.906855
0.721968
0.638027
1.24527
1.39721
2.40258
2.2654
0.864761
0.972147
0.752604
0.990338
0.650358
1.0343
0.718635
1.20383
0.721563
0.944532
0.570884
4.04111
0.187
3.7828
1.92159
1.03713
0.957307
1.02283
0.749982
1.0309
1.47535
1.00007
0.975267
1.40418
1.69629
2.97986
0.927888
1.32311
2.47866
3.79033
0.76686
0.534436
1.52575
0.685715
1.25093
0.615469
1.17262
0.572517
1.35916
1.27565
0.737221
0.652072
0.693568
0.829929
0.500309
1.41847
1.25281
0.978132
0.57293
1.02467
0.928134
1.93604
0.847117
1.07328
1.0936
1.40472
0.246801
1.35219
0.983079
0.691809
0.945055
0.637603
1.08737
0.924282
1.03415
0.763387
0.633441
0.381985
3.61669
1.84407
1.40615
1.07719
0.89574
0.932101
5.27338
1.1083
0.799018
1.01809
1.00294
1.29693
0.888605
0.974339
0.629154
1.14798
1.29301
2.60597
2.47394
0.647754
5.42965
0.945863
0.999518
2.70486
1.04981
0.529996
1.50588
0.881605
1.10854
0.564957
0.78041
1.39416
2.74329
1.0465
1.15035
1.60748
2.08865
0.936636
0.932658
1.11067
3.50512
0.933538
0.768315
0.760767
0.674978
0.961598
0.86282
0.754512
0.746133
0.664218
0.624943
1.01649
0.492224
3.35315
0.989286
1.11626
0.685687
0.210491
0.680115
1.0333
4.38536
0.581696
1.30756
1.65482
1.34319
0.966177
1.38281
1.35852
0.555304
0.836865
1.15084
1.46797
3.18774
1.40223
0.447385
0.626816
0.793354
1.9077
1.61236
1.12621
0.608534
0.610267
0.55359
2.94417
0.688071
1.11729
1.20448
0.848608
2.43775
0.384301
0.548516
1.24953
0.714827
0.882891
0.875179
0.807431
1.47421
1.14326
0.977966
1.18883
1.98697
0.576021
0.688323
0.907059
0.740285
0.704412
0.678785
1.19575
2.45441
-0.0534576
1.54631
0.945343
0.475462
1.29918
3.18217
1.18377
0.946319
1.38981
0.783942
0.804581
-0.246456
1.22119
1.08887
2.6833
2.8249
1.35138
1.12607
0.76902
0.644527
-0.165319
0.647479
3.28952
0.997272
0.77355
0.897739
1.34746
1.39978
1.2732
1.00917
0.79992
1.34864
0.663472
0.834504
0.941891
0.982062
0.142333
2.80296
0.597211
0.569235
0.925964
1.29957
1.03149
0.732642
2.38921
1.23806
0.759343
0.715208
1.12952
1.10564
0.557298
0.633884
1.53724
1.11471
0.812754
1.06981
-0.349062
0.254752
0.767171
0.920333
1.15432
0.99403
3.38538
1.02033
0.691167
1.31343
1.26279
1.17968
0.721052
0.683863
0.636803
0.838693
0.855641
1.60349
0.953233
1.60887
0.68388
1.01367
0.769647
1.04544
1.22956
0.774985
1.0336
0.498252
0.502122
0.933125
0.628276
0.532792
1.61211
1.37385
3.20924
0.983369
1.05244
1.0323
0.741497
0.775544
0.84621
1.03818
1.03333
1.50509
3.50049
0.772654
0.0664832
0.568508
1.20554
0.516402
0.675432
0.855286
1.35619
1.32817
0.603392
0.975706
1.11974
0.38846
0.68097
0.971845
2.03951
0.512718
3.17154
0.946087
1.61708
1.12794
2.0312
0.826353
1.09218
0.517748
1.3067
0.98731
2.87168
0.529445
0.603053
1.61814
1.20974
-0.0814405
0.759129
0.872058
0.928201
0.912902
0.73088
0.678612
0.794952
1.34467
1.36823
1.64348
1.15885
0.69768
0.943308
1.0272
1.16368
2.87638
3.02546
0.654869
1.59369
1.13113
1.266
1.04243
3.07588
1.01785
0.581908
0.634249
1.02567
1.0629
0.772693
0.406499
1.13559
1.0737
3.58508
1.06293
0.640269
1.15675
0.424048
0.860199
0.733863
1.1315
0.933844
1.23052
1.11
0.543308
1.00899
2.01194
0.669737
1.56438
1.64623
0.995278
1.30573
0.877495
1.50675
0.701499
1.04032
0.801362
3.63448
1.4121
0.961634
0.804786
0.746519
1.09693
1.05925
1.89664
3.55145
1.03585
1.02982
3.0752
1.34554
1.00285
0.708003
0.787295
3.13226
1.29399
0.657482
1.30628
2.716
0.691073
0.969361
0.951424
0.94688
1.58853
1.28415
0.922464
0.863333
1.24009
4.27452
2.13003
3.36525
2.45183
4.24708
0.761695
1.12191
0.727333
1.16466
1.0343
0.900582
1.22309
0.712219
0.737425
1.56604
0.5905
0.940913
1.06966
2.5953
2.65544
0.673854
0.806205
1.57903
2.31865
1.24741
0.862848
3.19938
0.581994
1.03213
1.31777
1.52698
0.989379
0.914032
1.03986
1.18782
1.18447
0.899865
3.57922
1.02238
0.753297
3.35966
4.35759
4.07478
0.68341
0.932704
1.04317
1.16516
1.09068
0.879912
1.01086
0.889156
4.44864
0.825578
1.3259
2.39323
0.897471
1.59924
1.39091
0.568556
1.00673
0.529705
0.524158
1.60314
0.710235
0.963748
4.71974
1.5259
4.02178
1.02424
0.696182
0.694683
3.50246
1.16161
1.59443
0.302295
1.18366
0.989625
0.975527
0.94926
0.505713
0.934455
1.6998
0.840202
2.09773
0.47092
1.39066
1.23046
0.959834
-0.693494
0.665626
0.713808
0.329926
0.569807
1.59913
1.17893
1.16926
0.739067
1.00216
1.1154
3.19321
3.08623
1.08927
1.11607
1.38269
0.755231
0.864178
0.760797
1.30181
0.944778
0.631814
0.960058
0.90969
0.889638
3.8514
0.950911
1.18821
-0.138505
-0.361979
1.07659
1.20071
1.29717
0.943846
0.853759
1.52578
1.04583
0.866384
1.03999
0.738193
0.648737
0.98019
0.905376
1.1776
1.32207
3.6624
1.08206
2.78899
0.645805
0.659346
1.25818
0.658021
4.21805
1.36913
0.0490861
4.70183
0.615621
1.31677
1.11551
1.1264
1.54737
0.647454
1.12154
4.02797
1.37533
0.455482
0.543193
0.971456
1.08228
0.930804
1.03768
0.720671
0.697019
1.04984
1.41849
1.05465
1.35212
0.876729
0.521751
1.36076
0.976168
1.00077
0.848316
1.33862
3.24681
0.368175
0.721333
3.68484
0.809865
0.861222
0.966592
0.784907
1.13889
3.70676
1.10888
1.28715
0.974099
0.757777
-0.047399
0.249671
0.957225
0.91444
1.18268
1.28214
0.940907
0.785705
0.569787
1.1307
1.12035
1.15036
0.555644
1.14416
1.32454
3.58588
1.01091
1.01405
0.945203
0.921562
0.528714
1.0796
0.856513
1.32469
1.29492
1.04245
0.784334
1.49975
0.976521
0.710679
0.703513
0.550408
0.585852
1.31718
0.951173
2.07544
0.940223
4.15226
0.914763
1.1795
1.17863
0.218114
-0.786965
0.758933
0.967532
1.07576
3.25359
3.36074
4.02811
1.96536
1.09653
0.898857
1.15898
0.708392
1.10315
0.887601
0.974998
-0.0839303
1.12129
0.48997
0.365134
1.11324
4.26043
0.740025
0.753176
0.839887
0.824885
0.981714
0.267332
0.884438
1.19948
3.07306
0.583442
1.00671
2.15549
1.16584
1.09047
0.817668
1.10715
2.50109
1.24099
1.12874
0.896792
1.46483
1.1494
0.636369
1.13358
0.478907
1.15796
0.81851
0.536135
1.04973
0.695119
0.0772333
0.790712
0.986274
1.12379
0.603499
0.907671
0.491275
1.35309
1.37724
1.18398
1.48844
0.900748
0.788055
1.05135
1.1098
1.04622
1.12394
0.740855
0.18678
1.09446
1.46514
0.527317
0.444553
0.787859
0.736299
0.960133
1.0249
2.49902
1.0021
1.14311
0.863254
1.19158
0.877019
0.684122
0.267768
1.62512
1.14415
1.00901
1.40557
1.37893
0.528082
3.02203
0.713135
1.00118
1.09147
0.885084
0.750462
3.20049
0.764426
1.31653
0.799194
1.00441
0.749476
0.687649
0.781476
1.01297
1.12135
0.668134
1.13847
0.740841
3.58761
0.959473
0.678155
1.22843
0.771249
0.690024
0.507433
1.16898
1.36665
1.02202
0.829159
0.658196
0.969135
1.18116
1.11407
0.679571
0.739508
1.57856
3.8777
1.07888
1.1288
0.859948
0.700906
1.1675
0.890969
0.908803
1.11924
0.896918
0.60657
1.04365
0.847092
1.17357
1.58473
1.46482
1.08989
0.599918
0.68588
0.0954648
0.740266
0.813627
3.50758
3.18787
1.12312
0.594455
1.0143
0.648608
0.726969
1.02707
1.10499
1.17135
4.15634
0.949171
1.0679
3.52202
3.41161
1.00724
0.816132
0.439869
0.588401
1.62187
1.12124
1.08883
0.609031
1.32454
0.975585
0.519015
0.65922
2.43657
0.327891
1.30336
1.33379
1.12148
1.07988
2.82713
3.98275
1.36216
1.21451
1.24488
1.21749
0.747345
0.646648
1.1959
0.952371
0.759878
0.6522
3.42513
0.754251
0.868387
1.10267
0.665742
0.779445
-0.186514
0.954539
0.539726
1.53559
0.759899
0.682472
3.59155
1.37057
0.832049
1.22151
0.641555
0.700756
4.5431
1.0887
1.37385
3.07445
1.49159
1.21792
1.41
0.933792
3.80583
0.573295
0.36998
1.25454
1.2287
1.07876
1.16655
0.944441
1.06433
0.529219
0.574483
1.29452
0.798563
4.28655
0.627324
0.652547
0.965714
1.12835
1.05395
1.50154
0.686097
1.15622
1.37105
0.664247
1.26724
0.739308
0.503837
1.29014
3.07428
0.791119
1.11834
1.1255
4.4565
0.889558
0.773607
1.19512
1.12806
1.14265
0.935292
0.631476
3.81406
1.16111
1.00128
0.716606
1.14317
0.855456
1.4057
1.1642
0.392156
1.01696
1.38197
1.10265
3.44145
0.969028
2.77927
1.09678
3.37298
1.29578
0.804426
1.01055
1.06573
1.35796
0.334436
0.984388
1.02121
1.11769
0.647917
0.674863
1.16853
1.11113
-0.644409
0.583629
2.67228
1.14436
1.04852
1.0743
0.502431
1.93761
0.996448
1.2892
1.17292
1.0485
1.37661
1.29205
1.25636
0.725147
1.06581
0.928136
0.614135
1.10316
1.15644
2.15054
0.816723
1.30629
0.501722
1.14365
0.936407
1.25318
0.837513
0.305914
1.12306
0.6147
1.04583
0.896259
0.944712
0.862597
0.975597
1.00618
3.54538
3.61466
1.31252
1.17018
0.87587
1.15937
0.230185
0.850614
3.64088
1.09289
0.500254
-0.531255
0.965242
0.771874
1.04324
1.2909
0.563293
0.817239
1.15244
1.29742
1.1649
0.878529
0.819069
0.553533
0.401391
1.33097
3.86626
3.61482
0.669403
1.32458
1.25518
0.641519
1.31898
0.836889
1.36739
1.15355
1.07095
0.781763
0.722084
0.73833
1.0295
0.585788
-0.288905
0.572199
1.18269
1.125
0.868403
0.718571
1.03288
1.09049
0.819959
1.44376
1.09273
1.29918
1.24816
0.727542
1.15274
1.45551
2.21327
1.06965
0.771333
0.449985
1.10364
1.16013
0.53011
0.913982
0.597808
1.24238
4.33439
1.98159
0.696261
0.880473
1.22952
1.13905
0.812877
1.03365
1.27879
0.921523
1.11887
0.708664
0.937859
1.42086
2.22803
1.16238
0.864006
0.781731
0.891719
-0.711544
0.888061
1.30244
1.10669
0.821248
1.10286
0.899474
1.46329
0.538413
3.35062
2.93175
0.573372
1.14698
1.10094
1.16804
1.14835
1.4316
1.24611
0.996457
1.20951
0.908595
3.66686
0.673529
1.2259
4.13681
1.10742
1.60645
0.630637
3.76899
0.328663
0.800248
4.38726
1.58701
0.0140315
0.961152
0.597077
0.980552
1.21631
1.28818
1.13661
0.67419
1.27741
0.790003
0.960326
4.62774
1.12945
0.765226
0.647802
1.03591
0.929504
0.731963
1.11566
1.583
0.721884
1.24401
0.837551
1.37493
1.00736
0.477863
1.1545
0.936639
0.518448
0.983811
0.634064
1.1422
1.35349
0.794112
1.64724
1.24162
0.444157
0.887599
0.940476
3.87131
0.656977
2.19529
0.688176
0.685881
1.26066
1.10931
0.694748
1.16088
0.931373
0.935107
0.922807
0.776492
0.699329
4.70833
0.0587302
0.603905
0.639603
2.50468
1.28454
0.627397
0.754233
0.661541
0.830773
0.615979
0.959569
0.742266
1.17459
3.41217
1.15655
0.984297
1.47124
-0.199504
0.670898
0.988551
0.662746
1.0305
1.02925
1.21858
1.27403
1.14289
0.947904
2.46152
1.88061
1.16875
1.12072
0.724755
1.02738
0.764009
-0.32898
1.17884
0.725139
0.381471
1.18856
1.39919
0.791493
1.25437
0.921243
0.666903
0.956053
1.34605
0.97758
1.02206
3.70472
3.78069
1.1393
3.00367
3.11
4.2497
4.28688
0.862755
1.50679
0.961109
0.72978
0.783586
4.07796
1.08003
0.654611
0.817132
1.41691
0.744669
1.4111
1.11825
0.818982
3.81852
0.703777
0.678345
-0.441143
-0.506037
0.737035
-0.0364063
4.01151
1.09468
1.20837
1.0238
1.05513
0.763207
0.951349
1.00809
1.05455
1.25593
1.30343
1.11185
0.847149
0.79992
1.40236
1.0149
0.863686
4.19215
0.660847
0.0242547
0.991702
0.99817
1.44568
3.77461
1.10124
1.05237
0.689656
1.16644
2.79835
0.913201
1.0405
1.25464
0.900592
2.02281
0.616813
0.918008
3.21502
1.11873
0.678641
1.39705
0.909576
0.332196
0.591995
1.15055
0.961211
0.725734
0.647376
0.912909
0.9564
0.476315
4.30708
1.24119
1.20844
1.12662
1.04097
0.92435
0.776907
0.973099
1.15023
0.716063
3.79074
0.716778
1.16228
0.902292
0.935042
0.220639
3.39222
0.903757
0.950325
1.13002
1.15849
4.99798
1.06787
0.848261
0.895274
1.11106
1.02892
0.945201
1.21444
1.22738
0.828866
1.46748
1.15198
0.78801
1.16106
1.12144
1.16489
0.948326
0.528878
0.34806
1.09067
0.978248
0.644201
1.13063
1.27166
0.617625
0.96002
0.734752
1.18067
1.1759
0.644552
1.15829
1.51096
1.22058
1.17735
1.15085
1.02882
1.21218
1.20769
0.735365
1.15667
1.14144
0.918796
0.750301
0.743051
1.16568
0.997328
1.06936
0.516811
3.98332
0.965002
1.28394
1.5959
0.749534
1.01361
1.03728
3.84891
3.75601
0.877322
1.30705
-0.711404
1.20076
1.14782
1.20492
1.15599
0.688628
1.20237
1.17532
1.25286
0.65809
1.12015
0.40732
1.04656
0.909583
1.05941
1.41537
0.841006
1.08228
1.16005
0.957708
0.940733
2.36527
1.09164
2.53792
1.14149
1.16429
1.45857
0.970761
1.5509
1.12813
1.19557
3.42347
0.751725
1.12024
1.23023
1.11945
1.08052
1.22209
0.970028
0.797242
0.0823622
0.921918
0.791032
-0.222893
1.20909
0.811624
3.53525
0.960367
1.23399
1.28588
1.15017
0.961165
0.571999
0.956917
1.0191
0.911352
0.557441
1.52883
0.470307
1.20543
1.44228
2.20946
1.03784
0.965795
1.60705
1.49342
1.05346
1.54185
0.964268
0.157322
0.987148
1.24316
0.735966
0.511693
1.54135
0.639627
1.20636
1.31641
2.83074
0.86059
0.985894
0.924644
1.50561
1.13954
1.20955
0.90681
1.13472
1.11951
0.716893
0.225382
0.93348
1.08458
0.841564
0.561421
1.33526
0.575575
1.06728
1.31809
0.753293
1.73776
0.686544
1.22311
1.09511
1.12251
1.35671
0.952778
0.98944
1.03094
0.441189
1.16301
0.563959
0.599178
1.46069
1.14569
1.1417
0.64024
1.1699
1.16222
1.5318
0.0942611
0.764644
1.14203
1.14715
0.784711
1.03561
1.26894
1.04976
1.3614
1.38467
0.645154
1.00105
1.02901
3.82776
3.90252
0.893309
0.694065
0.969861
0.662579
1.22911
1.12412
0.580088
1.06622
1.31524
0.733651
1.27173
1.50662
1.15342
1.05346
0.950364
0.447635
1.43759
1.07489
0.714847
1.57816
0.65067
1.42308
0.976698
1.13375
0.611913
1.23728
0.901479
0.731574
0.701088
0.374451
1.13787
0.837155
0.824096
0.130474
1.27636
0.966094
1.22037
1.02227
1.03696
3.00478
1.13838
0.632019
1.39987
1.2049
1.16496
0.80303
0.909021
0.690865
1.21491
1.38748
0.739246
0.701082
0.994064
1.01737
1.02939
0.851669
0.965902
1.61223
0.927797
1.20336
1.11737
1.06096
1.09969
0.615796
1.10267
1.47966
0.899112
0.782557
0.959651
0.301393
1.14969
1.29886
2.53429
0.987163
1.13484
1.15873
1.6034
1.3791
1.11783
0.89177
0.740127
0.903226
0.495691
1.07355
0.702227
1.0084
1.10768
1.18914
0.939882
1.71366
0.600896
0.503849
0.804822
2.4842
0.759041
3.45824
1.42497
1.15686
0.735283
1.05175
0.742239
1.03958
1.40468
1.19247
1.10789
0.860027
1.35405
0.848734
0.597791
1.23077
0.881612
0.927732
1.09179
0.967929
1.34369
1.35766
1.09167
0.806959
0.782028
1.04572
1.09215
0.96196
0.9437
0.567737
0.723214
0.678593
0.84403
0.909292
1.35686
1.4795
2.4052
0.864039
1.13621
0.711208
1.04574
1.08453
1.31422
0.730988
1.4034
0.777741
1.22512
0.853113
0.841413
0.816293
0.829442
0.744745
0.827263
0.469151
1.1522
1.11349
1.40636
4.13878
0.283987
1.36159
1.03613
1.37255
1.08219
0.89308
0.46709
1.48408
1.06853
0.737313
0.88035
1.09231
1.14733
0.985106
0.785062
0.596983
0.983987
1.39464
1.03553
1.13636
1.07864
1.08299
0.900952
0.33033
1.25754
1.08156
0.0907642
0.766542
1.12778
1.15358
1.56965
1.03751
4.06632
0.963296
1.3567
0.775201
1.54331
1.31461
0.690188
2.61071
0.630699
1.06241
0.446022
1.11169
1.43522
1.08743
1.01201
0.665807
1.39967
1.74311
0.714369
1.16588
4.2984
0.643009
0.766594
0.602728
1.13537
0.99118
1.50316
1.31774
1.08336
0.755931
3.93421
4.00973
1.04587
1.04491
1.05704
1.12973
4.19653
0.973766
1.12802
0.507364
1.13056
0.755338
1.59311
1.26178
1.04163
0.338522
0.82973
0.824275
1.23307
3.45447
3.02846
1.02364
0.805735
0.654689
1.14814
1.73024
1.10047
0.682954
1.25986
1.07902
0.677683
0.761626
3.2984
1.29104
0.693089
1.32373
1.12782
1.21881
1.05544
0.574712
0.984295
1.07053
0.84115
0.749144
0.978561
1.10216
0.645527
1.11876
0.266983
1.18202
0.94715
1.20927
1.03091
0.412515
1.33067
1.07513
1.14194
1.20746
0.587627
4.66041
3.09164
1.03137
0.948776
-0.706636
1.49791
0.777987
1.26152
0.627252
0.652159
1.11004
0.62484
1.27765
1.20689
0.777265
0.208861
0.959353
1.28878
1.02606
0.77573
0.710483
1.15572
0.767474
0.816983
0.611158
5.55443
0.774961
1.14979
1.18
1.11322
0.787796
0.44267
0.786173
1.08549
1.10366
2.35514
0.467232
0.677236
1.15911
1.09368
0.76864
1.01232
0.807698
1.13875
0.661336
0.925323
3.93822
1.51258
5.11925
0.770016
0.714924
1.14364
0.773144
1.40979
3.70694
0.866375
0.513009
0.96948
1.07811
0.789945
1.79778
0.0931195
0.752424
1.18127
1.0685
1.11441
0.950925
0.931625
0.576271
1.02789
1.1421
1.30659
0.72474
0.764775
0.856385
4.06486
3.98982
1.02175
1.05943
1.23192
1.06797
1.15103
1.30736
1.13838
3.27459
0.613562
1.03114
1.50387
3.19301
1.13458
1.27502
1.10228
1.40433
0.54148
1.35916
1.36357
1.37136
1.22668
0.923742
0.782244
-0.149358
0.708921
1.04745
0.785776
1.13317
0.445207
0.975391
0.898715
1.398
0.977908
0.564512
1.1474
1.38015
0.44617
0.704574
1.04365
1.08104
1.08399
1.49586
1.07008
0.949871
2.5137
1.40615
1.12934
1.22214
0.785603
1.60842
1.02549
0.70577
1.44393
0.947459
1.23642
1.1303
1.14938
1.25515
0.718911
1.10705
1.16146
1.12709
1.01038
0.698755
1.14249
1.2134
1.04802
1.98959
0.804883
0.773144
1.14961
0.576965
1.47664
0.542383
1.262
1.13529
0.234093
1.05384
1.14744
0.70871
1.14116
2.23843
1.02322
2.45188
2.70634
1.13439
1.08645
1.14586
0.503823
0.708736
0.729399
0.692503
0.652809
1.45223
4.16581
1.09069
1.1097
1.09959
0.981932
0.987125
4.66902
3.20708
0.581235
0.722959
1.07438
1.48574
0.747702
0.91076
1.05604
4.43875
0.900762
1.52511
1.28341
0.79775
0.784143
0.656914
0.286084
0.912101
1.14438
1.02644
1.02734
0.771644
1.44946
1.18606
1.1124
0.904913
3.3723
1.12574
1.25687
1.21081
1.49562
1.11867
1.10276
0.399367
1.13255
0.626441
3.38938
1.02227
0.888224
1.12107
1.16538
0.831253
1.37597
3.7017
-0.510988
2.36783
3.56585
1.08633
1.16523
0.515153
0.929864
0.550444
3.13437
1.51282
0.733784
0.595901
1.13599
1.1395
1.32976
2.34292
1.49254
1.11841
1.26233
2.3016
0.331238
1.08979
1.46256
0.370215
4.66691
0.786327
4.07089
4.10979
1.05949
1.09214
3.7475
1.04259
1.18929
4.44244
0.741716
0.892934
0.98466
1.14563
1.10891
0.740947
3.85177
0.602967
4.72774
0.715775
3.23851
1.39691
3.61988
0.314817
0.906097
0.776258
1.50009
1.13258
0.735506
1.21848
0.580086
0.999849
0.963924
1.17444
2.86063
0.52171
0.825988
1.00648
0.933119
0.964034
1.6042
1.10858
0.745255
1.50608
1.15959
1.07136
0.33049
0.525358
0.964292
1.04113
1.3707
1.04006
1.09008
0.749979
1.10294
0.820704
0.701004
1.0942
1.20448
1.05349
0.913339
0.517807
1.10426
0.637882
1.40185
0.816664
1.78377
0.807323
1.15831
3.93923
0.75395
1.02333
3.95158
1.2998
1.1492
0.792783
1.13133
1.57995
1.01452
0.589999
0.920837
0.639884
1.15451
1.18595
0.381931
1.11074
1.49013
0.846047
1.14552
1.41805
0.790936
0.658143
1.1793
1.14252
1.11223
0.640093
0.787177
1.11959
1.06013
1.06788
3.32733
0.620643
1.36029
0.616887
0.746829
1.41604
-0.151866
-0.199491
2.79575
-0.250921
1.10334
0.443915
1.1085
1.06118
1.13295
0.842254
0.806231
1.15504
0.878714
1.21754
1.35012
1.09468
0.520586
0.7157
0.979617
5.29901
2.46821
0.932826
1.61327
3.85136
2.04926
0.838938
1.23342
3.87137
2.46424
1.15167
0.914538
1.14796
0.813031
0.898309
0.201104
0.132011
0.208408
0.688711
1.13483
-0.205015
1.04562
0.943974
0.467056
0.889039
1.15023
1.20948
0.493045
0.502166
1.31261
1.18032
0.849792
1.09695
0.913021
1.12139
4.08516
4.15886
0.893632
1.00185
1.39236
0.699213
3.90994
0.927733
1.0611
0.902543
4.73111
0.613635
0.723591
1.09775
0.972732
0.690316
2.23414
1.24218
0.575523
1.1307
2.42204
1.14986
1.01146
1.15319
1.08499
0.607355
1.49656
0.811953
0.939379
1.0071
0.911014
0.905086
1.15879
0.899346
0.0967312
1.18246
0.995923
1.0879
1.1498
0.655887
1.15866
1.43218
0.818018
1.25572
1.26372
1.39768
1.28888
0.779038
4.66437
0.298485
0.726689
1.23889
-0.461072
1.06451
3.87756
4.12818
1.10186
1.13816
1.07557
1.16429
0.714456
0.918665
1.1499
4.04074
1.13045
1.06118
0.601557
0.798965
0.826064
5.01059
1.12149
0.804483
1.12784
1.23526
0.685729
1.14053
0.539976
1.17358
0.487532
0.675153
1.49564
1.18684
1.23356
1.06746
1.12849
0.788013
0.910729
0.8868
1.1833
0.830731
0.146395
1.12048
1.39109
1.50826
0.932569
1.18389
0.0914304
1.04028
4.18323
1.2301
0.417838
4.0031
0.886237
1.26072
0.934278
1.18153
1.09098
0.761556
0.758409
0.293158
1.39823
1.31133
1.50751
0.363802
1.1637
0.971641
1.32133
0.955612
1.45662
0.691233
0.961072
4.29424
1.12577
1.13438
3.3257
1.322
0.58189
1.27501
0.774148
1.25791
0.514387
0.788273
0.642506
-0.0811287
1.16576
0.74678
0.925864
1.42528
0.69439
1.36413
0.856737
0.649517
0.422487
0.829721
1.01634
0.598262
0.976737
0.84903
1.40462
1.58643
1.37965
1.11781
1.12871
0.918693
1.15822
0.847808
3.89181
1.06252
0.99894
0.966201
1.51439
2.53172
0.673589
0.547537
0.756962
0.738705
3.38523
1.08409
0.919727
1.20263
0.969109
1.31533
0.9665
1.14629
1.1173
3.92441
0.360494
1.15893
0.943915
4.18814
4.12709
1.1522
1.35191
1.14253
1.01942
1.03068
0.796432
0.84873
1.08761
1.15667
0.81662
0.493819
1.01066
2.71114
0.990053
2.59604
2.27428
1.1131
1.1011
4.18705
0.80755
0.248372
1.29896
1.15347
0.682503
0.664156
1.28774
1.11676
1.14537
3.00129
1.24426
0.736013
1.14398
4.05815
0.791576
0.875545
0.800129
1.08555
1.10322
0.652456
1.12843
1.04386
0.953239
1.151
0.511607
1.20841
1.00236
1.10006
1.14136
1.52543
0.989389
3.39402
3.56837
2.20728
0.885446
0.356697
1.11984
1.13279
1.12795
1.26054
0.140323
0.96723
1.49921
1.15311
-0.681989
0.923173
1.08833
0.998712
1.13913
0.815047
0.872174
1.2139
1.09249
4.36761
1.28108
1.26275
0.642244
1.15385
2.94547
3.22016
1.08085
1.08238
-0.0324408
1.08921
1.5117
0.765092
0.766008
0.871187
0.562079
1.16076
0.894382
1.48968
0.907265
1.11303
1.01243
0.616597
0.808333
1.11339
1.09794
1.15916
0.537614
0.730509
0.924499
0.404997
0.655397
1.11037
0.61176
1.09351
1.2628
0.626236
1.09429
0.878759
0.638168
1.13204
1.14957
1.19901
0.887903
1.54215
0.853266
3.2687
0.71509
1.25961
0.792448
1.10866
1.1657
1.34668
1.93045
0.645701
1.33052
0.911467
0.735734
0.99542
0.79032
1.11137
1.0391
1.18744
3.20622
1.18522
1.18449
1.08697
1.14749
0.856388
2.81551
1.85835
-0.437414
1.15438
0.851254
0.812266
1.11116
1.31398
1.50988
0.690821
1.27117
1.0968
0.88709
1.20302
1.14563
1.22923
0.622414
1.18392
3.44139
0.628002
1.27836
1.16135
1.43206
0.957184
0.862407
0.789759
1.1073
0.877076
0.627652
3.32336
1.43714
1.04314
0.976743
2.90394
1.29608
0.64123
0.71909
1.27164
0.842948
1.0999
3.59634
0.230547
0.644486
4.20495
4.26058
3.86546
1.1076
0.857563
1.16566
0.211479
1.74311
0.830939
0.742718
0.755534
3.24547
1.28068
1.16666
1.03842
0.667162
1.16248
1.55672
0.670721
0.919751
1.32149
0.902186
1.33064
0.772838
0.931463
0.967476
1.13317
1.13753
1.24303
1.00777
0.879927
1.04148
1.15663
0.950135
1.45286
1.13619
1.02807
0.918483
0.87414
1.04066
2.77473
0.935181
0.884387
1.38672
1.21014
1.10838
0.951992
0.640388
1.08126
1.18771
0.65117
0.579586
1.03514
1.27991
3.90837
0.954217
1.12289
0.64449
0.730801
0.567342
1.38142
0.458754
0.898107
0.913263
0.824495
0.875258
1.39755
3.48792
1.15847
-0.269902
1.05586
0.604345
1.56001
0.538948
0.854792
1.1418
2.59177
1.15045
1.0967
0.84768
1.49622
1.27969
1.26245
0.984816
0.950526
1.35391
1.38002
1.34818
0.870453
1.4801
0.93185
1.08091
1.11295
3.55914
3.029
1.57846
1.13651
0.980397
1.14547
0.862156
0.689111
0.918342
1.04486
1.31951
1.01464
1.08794
0.854555
0.918236
1.44959
0.964874
0.784584
1.15416
0.735876
1.60907
1.25719
0.927106
1.15822
1.08686
0.491922
1.16693
1.17817
1.17462
1.12284
0.681497
0.950381
0.000290205
0.755031
1.2767
1.0997
1.17506
2.66114
0.975263
0.750896
1.14865
1.04651
1.11086
2.55057
0.81518
0.539932
1.0894
1.1388
1.21427
1.13727
1.08209
1.14811
0.972488
3.48583
0.698944
1.23754
1.11665
1.13435
0.644912
0.487859
1.01182
3.87411
1.4298
0.531951
0.892109
1.4675
1.08155
0.908748
1.31361
0.89598
1.07261
1.32058
0.63356
1.16695
1.13758
1.48617
1.23338
1.08875
0.982915
0.559564
0.719776
1.00282
1.3709
1.30176
0.643557
1.00188
1.03947
1.56999
4.0778
0.667987
1.13351
0.831681
0.997056
0.932188
1.18884
1.16583
1.44378
0.96765
0.963121
1.07067
-0.0589727
1.07955
0.777188
0.79015
2.56017
1.38214
0.522103
1.1346
0.87416
0.750756
4.28351
4.21473
1.20296
0.921556
1.203
1.42672
0.615332
0.951575
0.655378
1.14313
1.17475
1.11318
1.09382
1.4843
0.859468
1.19051
0.813459
1.19697
0.666602
0.847027
1.04447
1.13666
0.673617
0.855392
0.835608
0.216829
2.72636
0.521701
0.800873
0.911317
0.920872
0.816751
0.757955
1.12724
1.19989
0.755257
1.28832
0.701283
0.967615
1.12801
1.15699
1.1218
1.16494
1.12797
0.756263
1.25847
1.1335
1.16703
0.739254
1.27147
0.809587
0.887785
1.11127
1.15394
4.01667
0.40046
1.25801
0.870009
1.20027
-0.0920419
2.72702
1.1213
1.19972
1.16105
1.31589
1.19974
1.26025
1.1027
1.36582
0.614565
0.840912
1.30779
0.805319
1.4386
1.1426
0.82625
0.724806
1.40494
0.641088
0.962143
1.08261
1.03558
0.987408
0.618435
1.08844
1.03088
1.17443
1.19096
0.60633
1.16768
1.35488
0.798404
1.3709
0.791281
3.22378
1.22486
0.689363
0.975518
0.756757
1.24679
1.16314
4.06582
1.26154
0.914117
0.968937
0.758782
1.47262
1.18161
1.40806
0.223627
1.38454
1.08018
1.06258
1.13383
1.11997
1.16643
1.25755
1.04934
1.1179
1.35934
1.12314
1.16672
0.699808
1.1954
0.744814
3.92645
1.15878
1.22636
1.3444
0.637174
0.56128
1.03653
1.04691
1.14699
1.3005
1.34124
0.848241
1.13631
0.936976
1.03126
1.16101
3.42147
5.13434
1.38177
0.837825
1.23455
0.9153
1.14654
0.849999
0.60185
0.99315
0.533407
0.883971
1.05175
0.657011
2.76374
1.3511
1.21046
4.17218
1.15334
0.919895
3.79025
0.739936
1.16113
2.92782
0.805773
0.636693
0.680684
1.35177
0.978922
1.49757
1.49011
0.914829
1.12751
0.56693
0.795111
0.745422
3.31952
0.770652
0.976368
0.51287
3.17158
1.11453
1.24475
0.702974
0.60103
0.880907
1.1359
1.06184
1.25455
1.30791
1.15617
0.660395
0.978387
1.47375
0.960961
1.17223
1.53744
1.59113
1.02414
1.22816
1.09438
1.0963
1.14231
0.623031
1.39671
0.554327
1.1364
0.545636
1.02898
0.66735
1.21892
1.16574
0.541277
1.19136
0.762923
0.982365
0.728179
0.641166
0.842364
0.785362
1.13178
0.965703
1.11861
1.14044
4.20657
1.0675
1.41681
1.16624
1.26092
0.507098
1.24837
0.909264
0.310968
0.736807
1.1302
1.14313
4.17002
1.20197
0.751077
1.06416
1.46053
0.770391
1.15453
1.16377
0.814756
4.66986
1.00851
0.765904
1.13885
1.15858
0.834721
3.62609
1.14692
1.18283
0.922441
1.11905
0.972633
0.734559
0.745321
0.824637
1.13803
0.778157
0.84367
0.625936
1.17715
0.922562
0.856863
1.18014
0.39092
-0.073937
0.62658
1.08082
0.922012
1.15744
0.679685
1.13136
1.26729
1.148
1.11156
1.11341
2.12162
1.03448
0.943125
1.9355
1.18471
1.04199
1.14141
4.06315
1.18207
1.16103
1.13196
0.838779
0.51468
1.28659
0.308594
1.15002
0.952651
3.75005
0.481118
1.06437
0.239631
1.44125
1.1849
1.24657
1.28044
4.52937
1.47103
1.19073
0.742663
0.948348
1.17041
1.13088
0.287425
2.33867
1.486
1.07178
1.1689
0.868383
1.35752
1.20371
0.772311
1.14656
1.16027
0.756189
0.989033
0.742577
1.00913
1.22909
0.890293
1.15547
1.15451
0.971812
3.8417
1.1708
0.767621
3.85146
0.612994
1.08481
0.881908
1.13164
2.14209
1.05358
0.844099
1.02858
1.22796
1.14561
1.33037
0.975499
2.23846
1.08205
1.21148
1.15604
0.863017
0.664546
0.755554
0.714342
0.191836
-0.279987
3.6119
1.2812
0.799537
0.966649
1.31089
0.648054
1.12507
1.14666
1.6453
1.40342
0.591805
1.14004
1.02251
1.14993
1.2791
1.20518
2.17572
1.42634
0.932579
1.06824
0.788623
1.51532
1.30877
0.819007
1.25847
0.815756
0.911908
1.15422
1.14684
1.14014
1.12809
0.746723
0.973917
1.49667
1.30079
1.07681
1.14995
1.00187
1.16482
1.29059
1.03577
3.73229
1.50871
1.16005
1.29003
3.00477
3.1118
0.864251
1.25866
1.0578
1.39409
0.636917
2.79149
0.884728
0.98444
4.05105
1.18493
1.33911
1.00319
1.22603
2.854
0.997228
1.58583
1.30009
1.09081
1.25922
0.768928
1.13615
1.09669
1.14641
1.06459
0.830285
1.25564
1.61049
1.42983
1.48441
1.15487
0.871539
-0.659966
1.24192
0.93674
1.1494
0.964098
0.701151
0.95443
0.551566
1.19459
1.17976
1.15459
1.04443
1.15212
1.30884
0.926292
0.660238
4.09192
1.15464
0.703855
1.54396
0.923147
0.657336
1.23724
1.32549
0.76127
1.13205
1.43463
1.40882
0.637208
1.59539
0.852652
0.649722
0.872796
0.900602
1.16804
0.254099
0.764681
1.06411
1.39833
0.949751
0.83932
0.731651
4.17921
0.547222
0.883128
4.18553
0.759111
0.747752
1.1269
1.27544
0.741108
1.09772
1.47203
1.15628
1.28531
5.57211
1.7305
1.55633
0.738284
0.722208
0.700768
0.744154
1.45598
0.645346
1.12774
0.846307
0.784504
0.778645
0.925893
0.687172
0.782356
0.286173
1.17838
1.27317
0.546413
0.362195
0.957329
0.708901
1.37115
1.26211
0.562918
0.762165
1.06894
1.50892
1.21223
1.14104
1.60727
1.39493
2.09964
1.06492
0.643842
0.780011
2.34265
1.18746
1.20383
0.815635
0.939026
1.07195
0.396816
0.593941
0.793985
0.74775
0.921479
1.03268
0.850204
2.94408
1.14602
5.02341
0.972911
1.05448
2.86549
0.776298
1.55198
0.879458
1.26038
1.15573
1.08483
4.84366
-0.141656
1.13685
1.05837
0.833138
0.933935
1.25236
0.651596
0.582114
0.880572
0.958205
1.01535
1.1808
1.14924
1.36195
1.25993
3.90005
0.787645
1.10396
0.378245
1.32013
0.888818
1.15782
0.734718
3.89196
1.05691
1.35769
0.645751
0.72706
0.724401
1.13079
0.782595
1.32239
0.74543
2.71137
0.793836
0.984536
2.94771
1.19101
0.919645
1.15572
0.90322
0.878023
2.85727
0.904621
1.43651
0.933002
0.854323
1.12779
1.17858
1.15377
0.686057
1.02911
0.832211
0.922184
0.657998
1.74703
0.504936
0.701947
1.15179
1.02452
1.26489
2.78415
0.36774
0.984936
0.688253
1.5131
0.740858
1.14375
0.899792
0.69636
1.11047
1.2181
0.935379
0.980488
1.37877
0.853798
1.14604
1.40772
1.27731
0.581751
1.17376
1.08448
0.550086
0.533505
0.724724
0.906272
1.10088
0.781323
2.09918
0.719266
1.25068
5.4828
1.09044
0.68639
1.10287
0.803677
1.13055
0.647986
0.977222
1.60637
1.11865
0.858979
1.45876
1.17589
0.963259
1.46055
0.848178
1.18775
1.31358
1.12612
0.818826
0.72466
1.16186
0.865486
1.37113
0.996773
0.812771
1.11308
5.0791
0.884536
0.556351
1.18929
1.15593
0.465323
0.779767
0.887999
1.18789
1.22763
0.530868
1.1814
1.15747
1.16713
1.17592
0.836617
3.74433
1.43403
1.28038
0.581406
3.79141
1.11331
1.2063
1.17828
1.3416
1.34583
3.78019
1.02723
0.675194
1.125
0.970303
0.905087
0.766491
1.13487
0.874819
1.32055
1.03057
1.04198
0.796317
0.870203
1.20711
1.13667
3.26362
1.40696
3.24302
0.91514
0.8977
0.531948
0.683987
1.05155
0.647981
1.19077
0.695947
0.812261
0.919793
0.704396
0.723643
0.947422
1.29941
1.15188
1.071
4.28551
1.20905
0.970266
1.152
0.780722
1.15635
0.55839
0.905679
1.34143
1.29202
1.18329
1.16216
1.00506
1.32098
0.967761
3.72051
1.08782
0.168236
1.15596
3.74123
0.756634
0.797882
1.3915
1.16091
0.764251
0.740885
0.673452
1.02064
1.16363
0.551565
0.696833
0.793779
1.2129
1.03751
0.611735
0.763256
1.16178
1.141
3.25555
1.12559
0.799608
1.19089
0.935465
0.86333
0.144941
0.738807
0.824713
1.39825
0.847966
1.38644
1.19071
1.61277
0.774328
0.855131
3.43472
0.809604
1.1606
1.09383
0.655975
0.672725
0.94543
1.18539
0.79104
0.771987
1.02965
1.16514
4.36757
1.02863
1.17681
1.05713
0.780303
0.949378
0.985829
1.14099
0.752427
0.934631
0.913536
1.17382
1.13324
0.666035
0.129909
1.44888
1.11542
0.0953608
0.894236
1.25047
1.37323
0.885407
1.122
1.36346
0.707182
1.06405
1.25318
3.90878
1.00984
0.801499
1.33976
0.926582
1.11508
1.21509
0.635394
0.796862
1.15756
2.15873
1.27028
0.858909
4.36429
1.2317
1.3985
0.553585
0.758612
3.31803
3.97206
1.25671
1.11039
0.965359
1.10881
2.01712
0.893485
3.07962
1.29026
0.830269
0.892662
1.23128
0.508568
1.02988
1.26161
1.43267
0.853466
0.579705
1.14064
1.21178
0.693365
0.584859
1.01132
0.90199
0.57439
0.970617
1.37881
0.694233
1.22221
0.695311
0.799162
1.59583
1.289
4.1318
0.853141
1.61534
0.615961
2.8709
0.494675
1.26034
0.5917
0.721342
1.03641
1.02294
1.37546
0.946399
1.04007
1.14269
1.0056
1.07128
2.63929
1.22392
1.12837
1.37108
0.97026
0.491696
1.15668
0.801033
1.49711
1.145
0.560094
1.08929
0.61861
1.36236
1.47995
1.23566
0.910285
4.15487
1.13797
3.45208
0.921197
0.996476
1.13114
1.28972
0.29626
1.15446
0.960131
0.843209
0.902503
0.913556
0.814988
1.20871
0.530644
1.30424
1.04563
1.1019
3.28368
2.7184
1.12094
1.30837
1.18923
5.20617
0.862516
1.12231
0.564567
1.06528
1.59618
0.611511
0.981398
0.908264
0.892434
0.834802
1.05642
1.21673
1.14426
0.924163
2.00879
0.870824
1.32297
3.72424
0.316414
0.630579
1.398
0.821901
1.3369
1.12974
0.898199
1.30662
1.32308
0.738772
0.828633
3.21898
0.911807
0.777342
1.1383
1.3066
1.21528
1.33845
0.856108
0.927265
0.0202652
1.22247
0.608378
0.963165
2.70495
1.16557
2.92494
0.97256
0.770593
1.55524
1.10256
0.852138
2.90833
0.856981
0.152028
1.31547
0.84925
1.09756
1.10475
1.27016
1.60921
1.05932
0.963939
0.958315
5.65666
1.23103
1.14903
1.22625
1.18855
1.25965
1.32144
1.04734
1.15092
1.05496
0.72199
1.35946
0.566341
0.793925
1.14556
1.17741
0.738108
0.662492
0.0139337
1.15154
1.37364
1.3879
1.30233
1.16214
1.1506
1.34746
1.27316
0.753479
2.86726
0.751104
0.822325
0.755548
1.02586
0.869701
0.926804
1.43571
0.742592
0.84874
0.820709
1.49292
4.15693
0.836691
0.927298
0.776633
0.563021
0.744445
1.03838
1.24969
1.16885
0.336495
1.26277
0.983126
0.760934
0.915003
0.833471
0.843335
1.01905
0.548777
1.05903
1.15009
0.173495
0.820156
0.568826
1.16651
0.666462
0.92314
1.16766
1.13895
1.21366
0.766593
0.794624
0.771881
1.14834
1.40904
0.918328
1.11795
2.8967
1.30165
-0.279626
1.17717
1.02046
1.15903
1.10656
1.3296
1.2953
0.919194
1.29629
1.1173
0.505439
0.701371
1.1005
1.15857
1.10358
4.7261
0.959409
0.81516
0.94924
3.50875
0.795667
0.355675
0.820768
0.968163
1.18244
1.17499
0.672433
1.10307
0.908995
2.29506
1.06023
1.03797
1.21308
1.45811
0.642767
0.887205
1.17074
1.00112
0.767339
0.585602
0.75768
0.869704
0.663858
0.727536
1.10828
1.05993
1.07715
1.1165
0.989669
1.16863
1.2657
1.25012
1.01553
1.24219
1.414
1.14698
0.966967
1.41671
1.30002
0.834515
1.14786
0.954641
1.50778
1.48616
1.00684
2.27891
0.995306
1.11477
1.04032
1.16626
1.21189
1.33002
1.09532
1.18549
0.902449
1.05032
1.30872
1.07625
1.13928
1.5008
0.859878
1.40222
1.03432
0.851698
1.59904
0.907114
0.769062
0.998988
3.91948
0.702975
0.654479
0.843801
0.554204
1.97538
1.03525
0.699669
0.811869
2.59684
3.76057
0.914519
0.43884
0.733859
1.167
0.626265
0.0889576
0.782836
4.73101
1.09201
1.14962
1.15099
1.05604
0.719533
0.965544
1.14516
3.26694
1.29773
0.775219
1.14019
1.28413
0.793827
0.706242
0.53749
0.470391
1.09549
3.74603
1.52133
0.803848
0.921281
0.560402
1.14433
1.40136
1.13294
0.779353
0.604807
0.72736
1.2941
1.04179
0.835585
0.781997
1.4078
0.949104
0.905466
1.5144
0.931674
0.948695
0.670834
0.871614
1.08705
0.922013
0.903822
0.730257
1.17429
3.77073
1.46611
1.19568
0.765492
1.37544
0.844541
1.02284
1.18127
1.24846
1.00642
1.07252
1.32206
0.770582
1.61978
0.904293
0.814964
1.04608
1.0648
1.19863
1.1489
1.32843
0.927243
1.08435
1.13356
0.916723
0.287137
1.22022
0.679123
1.24388
1.35714
1.04781
1.02203
0.879582
1.12417
1.11941
1.08547
2.66131
0.670935
0.657423
1.02404
1.22477
0.989072
1.51096
1.40695
1.17149
0.88725
0.923378
1.18452
1.14961
1.31002
1.16845
1.48733
0.60851
1.02122
1.15993
1.34431
1.12292
0.360316
1.38159
1.36742
1.32808
1.11685
0.565356
0.779829
0.759417
0.78411
0.82781
1.13388
1.17533
0.733958
1.33975
1.2475
1.38506
0.826711
1.581
0.553924
2.39867
0.501509
0.667249
0.907104
1.22064
1.22476
0.72213
0.810018
1.01272
1.41978
1.29762
0.594094
0.888672
1.28829
0.881156
1.18079
1.04602
1.41811
0.743006
0.843264
1.26978
0.802052
1.38407
1.18641
1.40023
1.24012
3.03734
0.565878
0.918601
0.665256
1.15081
0.820732
1.20355
0.968185
0.903682
1.12053
0.62072
1.13168
0.6923
1.00891
1.01523
3.72821
0.886797
0.938195
0.870019
1.03808
1.09386
3.90594
3.61487
1.26906
1.21532
1.20072
1.23413
0.170096
0.845889
0.799782
1.25102
1.28794
0.844837
1.34762
1.48258
1.29682
1.35644
1.1196
0.932711
3.30579
2.78728
1.13099
1.16114
1.03214
1.14528
0.717704
1.31008
1.52348
1.1555
1.24425
1.11188
1.19873
4.53638
1.2593
1.18594
1.24873
1.15901
0.976852
1.20281
3.40663
1.14617
2.54591
0.890577
2.92356
0.952748
1.38619
1.61398
0.933353
1.3771
1.14171
2.56306
0.954461
1.34881
0.566002
1.20082
1.06927
1.18481
1.15047
0.910066
1.22615
1.26218
1.14334
0.847799
0.747076
1.13789
1.20655
0.83755
1.09162
0.295577
1.08419
0.984351
0.997966
0.855374
1.536
1.27952
1.31435
1.23891
-0.627452
1.16242
1.43311
0.738532
1.49676
0.913526
0.832138
1.25013
1.19776
1.18278
1.31681
1.06578
0.655111
1.14644
1.36737
1.29622
1.54284
0.521119
1.29892
1.03022
3.80797
0.639625
0.749489
1.20807
1.21573
0.924602
1.51051
1.26979
1.28651
1.48012
1.14719
0.812741
0.736757
0.579735
0.923537
0.931344
1.36139
1.26723
1.04283
0.926006
2.48989
0.908847
3.39503
0.908716
1.2816
1.26442
1.28231
0.792138
0.812853
1.06291
1.20479
1.35555
1.25228
0.5814
0.90869
1.17916
0.862556
3.80995
4.27321
1.60061
0.903832
1.37608
1.18312
1.23955
0.960413
0.568589
1.36575
0.709272
1.33736
0.781067
0.83425
1.2023
1.19397
0.783566
4.23225
0.943401
0.902187
0.811844
0.787402
0.759706
1.36308
1.20032
3.93087
0.731509
0.834273
1.28168
0.889054
0.801577
0.905808
1.31721
1.36315
0.886592
1.15342
1.30416
1.16825
0.71144
0.640241
1.08516
1.2192
1.34274
1.36226
0.868159
1.2174
1.30181
0.851972
1.27124
1.21247
1.22344
1.3868
1.18039
1.45259
1.07254
0.953246
1.11629
1.15465
1.12857
0.640331
1.21314
0.681656
0.507051
1.22412
1.35957
0.651966
1.19055
1.30112
0.888791
3.78764
3.87224
0.818072
0.941219
0.914858
2.10082
1.122
1.13102
1.22329
2.90048
1.17324
0.741512
3.93174
3.59912
0.776919
0.680406
2.61955
-0.214011
0.941877
1.20057
1.02397
0.572153
1.28434
0.800111
0.88687
1.13101
0.929418
0.949699
0.285398
0.881565
0.388177
0.764583
0.969508
0.921043
0.768747
4.07251
1.03515
1.18997
0.969177
0.853656
0.804497
1.15798
0.884552
0.657484
1.18656
1.18811
1.3184
5.40424
1.00741
0.946079
1.07161
0.911711
1.40488
1.53705
1.19703
0.387803
0.948216
1.19409
1.30231
0.880882
1.32138
0.972159
0.0532341
1.14562
0.86984
0.530718
1.38618
1.16275
1.18856
1.04478
0.724723
0.925145
0.966489
1.13204
0.62598
0.950476
0.993964
0.602772
0.940964
0.995595
0.896708
1.40605
1.20491
0.902607
0.737272
1.02846
1.17008
0.612056
0.999171
1.15454
2.9279
1.25559
0.624491
1.03396
0.764499
1.03588
1.42085
1.60381
0.860782
0.385462
0.681903
5.50064
0.913172
0.816696
0.605091
1.16423
4.30183
0.663246
0.875298
1.31144
1.10757
0.932778
1.11099
1.16308
0.723583
1.01218
0.685166
0.74613
1.17892
1.1469
1.34838
1.27199
0.628798
1.28466
0.218267
1.17677
0.772884
1.17641
0.690653
1.22639
1.20051
1.0862
1.21654
0.231528
0.859927
0.854903
0.211309
0.853951
1.00257
0.214939
1.15027
0.925571
0.712681
1.2694
1.00085
5.29854
0.826922
0.899701
0.916481
1.15005
0.613128
0.946907
0.809347
4.13003
1.20254
1.16622
1.31114
0.896551
1.83523
0.563143
1.13641
0.846301
1.18958
0.901
5.53872
1.27682
0.951847
1.22634
1.1778
3.2574
1.25749
0.582897
1.17034
1.2802
0.995993
0.987016
1.28381
0.600864
0.93982
1.14717
0.751031
1.07135
0.964208
0.730071
0.277509
4.36606
0.899319
1.12886
1.14472
2.57562
1.36708
0.691395
1.17209
1.35715
1.25933
4.98319
1.07022
0.970984
0.888633
1.18064
3.06339
1.3454
1.18231
0.909468
1.17972
0.793018
1.30118
2.63803
1.19458
1.43437
1.19765
1.05808
1.31707
1.31251
0.676865
0.889147
0.938742
1.10297
1.05468
0.600484
0.830815
0.713117
4.7564
0.796625
0.253784
1.13865
0.973319
1.17229
1.46133
0.812346
0.630849
0.602239
1.2431
0.929126
1.15688
0.821014
0.43376
0.810481
0.908081
1.16017
1.17556
1.04163
1.26589
1.17237
1.13832
1.03265
0.980668
2.74009
0.962436
0.587375
1.14023
0.879879
1.28847
1.28598
0.952638
1.16201
1.18869
1.01822
2.05068
1.12471
1.15228
1.14621
0.702032
1.54601
1.03271
1.19591
0.914474
2.3652
1.09712
0.837711
1.51894
0.659146
1.46563
1.14239
1.18379
0.969154
1.11858
0.723277
1.1351
0.8217
0.635665
1.15605
0.956892
0.949287
1.05148
0.974706
1.1845
1.4789
0.875579
1.24512
1.15536
0.779797
1.25599
0.809574
0.494193
1.14846
1.13308
1.18498
1.15499
1.11761
1.27332
0.663437
1.03265
1.34786
3.66321
3.19635
1.28453
0.786019
0.479063
1.11419
1.37929
0.514758
1.32951
1.24775
0.91367
1.39945
3.42525
0.614349
0.80205
1.04211
1.11132
1.04347
0.87613
1.09026
2.72493
0.977478
1.57873
1.05317
1.01569
4.01854
0.861466
3.71778
-0.263313
1.16192
1.03554
0.758386
1.05523
0.910737
1.11775
1.08896
0.863116
1.57702
1.11619
0.195516
1.22422
1.16638
1.05957
1.27051
1.10493
0.719632
0.710856
0.948757
0.711442
0.935997
0.593434
0.695846
1.36313
2.90382
0.923723
1.15393
1.1317
1.12658
1.03708
1.22757
1.08992
0.599233
0.984044
0.981909
1.26735
0.907587
1.307
0.727593
1.27345
1.41869
3.62101
1.12353
1.20202
1.12837
1.31797
1.10756
1.19192
1.20578
1.21149
1.04548
0.601057
0.70569
0.836623
0.796671
0.796392
0.960254
1.27112
1.1419
0.763248
0.952831
0.927644
1.12663
1.20255
0.802032
1.10619
1.12294
1.48027
1.07899
1.40557
1.13084
1.18438
0.978614
0.493516
1.18004
1.29653
0.961456
1.04913
0.896015
0.891765
0.950023
0.905514
0.685016
1.21777
1.18563
0.985488
1.24854
0.87327
0.860976
1.18377
1.03395
0.734046
0.566248
0.721852
3.75531
0.671817
0.702757
0.780694
1.36207
1.12172
1.26382
1.21699
1.22354
0.774543
1.08673
1.32093
0.263026
0.79295
1.21333
1.42713
1.30245
0.96364
0.734994
1.28485
3.25441
0.978604
0.949721
4.13454
0.899271
1.12143
1.43634
0.682486
1.07213
3.09972
0.964578
0.965771
0.823975
0.928928
1.18972
0.972188
1.0857
1.1012
0.982425
1.30341
0.930968
1.37969
0.241809
0.58655
0.95521
1.38565
1.26529
0.723147
1.09375
0.753264
1.151
1.48792
1.36142
0.781388
1.253
1.26376
0.557204
1.22197
1.9407
0.901346
0.879687
1.05826
0.692697
1.11069
0.928207
0.847322
1.07992
0.941068
1.16609
0.974411
0.599928
0.695014
1.14419
1.17806
1.13874
1.41993
1.16193
0.94896
1.2563
0.572729
0.820899
1.20043
1.28078
3.35072
0.72108
1.31539
-0.272629
1.03009
0.634947
1.30861
0.951318
1.20146
0.924313
0.922698
1.16688
1.20287
1.35414
0.737853
1.16803
1.22159
1.11047
1.16389
0.97376
0.913991
1.27635
0.820243
1.1039
1.12593
0.836429
0.715227
0.760377
1.15636
1.22831
1.34673
0.967442
0.608984
1.26527
0.933423
0.948946
1.06586
3.92032
1.33488
0.800746
1.11399
1.2751
0.914408
1.26278
1.1654
1.33375
0.903434
1.12732
3.43183
0.960353
0.93126
1.37092
0.917895
0.880592
1.27935
1.20157
1.15336
0.955009
1.37772
1.22081
4.31266
1.13544
0.929346
0.852906
0.971015
0.88056
0.865916
1.2594
1.30727
1.11499
1.33932
0.979697
1.34864
1.25097
1.07368
0.933945
2.32548
1.17699
1.36316
1.04627
1.30236
0.882023
1.29904
1.14716
0.641344
4.11533
1.23782
0.926674
3.17835
0.94241
1.10572
1.05973
1.11824
0.917853
0.699025
0.640042
1.01876
1.09643
1.19656
0.806475
1.22188
0.725639
1.20562
0.609521
0.885409
1.04439
1.21279
1.18225
0.741836
-0.591528
1.17181
1.06037
1.30234
1.07416
1.23645
0.771804
3.46916
0.671614
0.845096
1.01177
0.96719
0.548978
1.1905
1.04807
0.101737
0.67262
0.122966
0.25571
1.29265
0.859216
1.04816
0.970507
1.47335
3.3586
0.463748
5.51276
0.935185
0.766086
1.35855
1.20262
0.769178
1.21198
4.52682
1.34692
3.90983
1.31858
1.03236
1.0733
1.138
1.28623
1.00355
0.659262
1.19394
1.17584
1.0109
0.904987
0.963741
1.31287
1.29897
0.706772
1.15746
1.24358
1.08454
1.45511
1.07899
1.20331
0.992377
1.29506
0.953703
0.959197
0.786294
1.10697
0.975948
1.03934
1.09304
1.41672
1.04605
1.16941
1.24114
0.82136
1.2997
1.14921
1.24553
0.458654
1.11703
1.16621
1.177
1.20716
1.3055
1.24644
1.01847
0.823111
1.35458
1.21687
0.898516
1.26377
0.950048
1.07146
1.1962
0.981275
1.10983
1.1786
0.261694
1.12489
1.33232
1.15087
1.00386
1.03439
0.87197
1.02851
1.2432
0.778625
0.953621
0.764931
0.925282
1.06779
1.08771
1.26272
0.968586
0.870063
1.19093
1.1492
1.08743
1.52205
0.634552
1.2701
0.793303
0.913808
0.478101
1.0505
0.87107
0.957763
1.1409
1.31767
1.11312
1.1767
3.37371
0.775694
1.34045
1.3992
0.82031
1.05368
1.28529
0.934318
0.925863
1.30765
0.970185
0.950929
1.0767
0.789192
1.07125
1.20929
0.859401
0.941071
1.22099
0.965189
1.28167
0.646933
2.56269
1.20071
0.623428
0.963473
1.38162
1.28859
1.03159
1.28825
0.621245
1.21558
1.13224
1.08297
1.08612
1.07754
0.999768
1.13877
1.34468
1.3225
1.36409
0.972714
1.28234
1.14819
1.0561
0.917273
1.15053
1.12783
0.10691
1.26387
2.55612
1.30903
0.861237
3.96148
0.898972
1.37607
2.68872
1.32312
1.30511
0.717337
0.931345
0.858068
1.36222
1.20288
1.07546
0.805459
0.776402
1.52668
0.852677
0.269024
1.35902
0.982455
1.28474
1.53535
1.27231
1.31417
0.787977
1.19961
1.16535
0.864708
0.828906
1.09432
1.15668
0.802338
0.815814
0.863092
0.811709
0.919019
2.18828
0.929634
0.875355
1.49935
-0.842637
0.0230681
1.4903
1.21644
0.77525
0.975163
0.932379
0.71764
1.3277
1.56374
1.12275
1.29387
1.62417
0.920474
1.36639
1.25372
1.15693
1.14595
1.18104
1.14611
0.97558
0.756479
1.05852
1.22454
0.159699
1.38238
0.787168
1.1513
0.840758
1.19964
1.10847
1.17771
0.932591
0.100641
0.547688
1.09655
1.09365
1.25527
1.06155
1.40441
1.27592
1.20266
0.77332
1.35914
0.92838
0.94961
0.619625
1.60477
0.20527
1.61449
0.972856
0.901575
1.27552
0.97749
0.897818
1.39887
1.35623
1.07347
0.952041
0.918947
1.21233
0.832345
1.17852
1.44632
0.897416
1.29981
1.17384
1.61608
0.773407
0.281296
1.06906
0.524149
0.991198
1.11085
0.772551
1.32222
0.919216
0.700857
1.00384
1.19648
0.769461
1.24392
1.25248
1.23603
1.17224
1.16203
0.768606
1.157
1.23334
0.95663
1.1759
0.979957
0.937274
0.911186
0.877957
0.664539
1.25818
1.06004
4.22184
4.2581
1.04677
1.13313
1.32014
1.26561
1.05067
0.707912
0.927543
1.30213
1.15652
1.20813
0.832494
1.16518
0.655401
0.955978
0.909726
1.26178
0.888113
1.33458
0.748508
1.08774
0.586236
1.12298
0.853481
1.1621
0.909454
0.382822
0.671369
1.16631
1.11352
0.882228
1.15588
1.20454
0.58618
0.743
1.1411
1.35425
1.41495
0.821715
0.92882
0.535173
1.34993
1.6053
1.01478
1.27163
1.18122
0.934165
1.15548
1.26979
1.23607
0.925644
1.3787
1.20897
1.09726
0.9031
1.06174
1.02328
3.92583
0.71656
0.594286
1.49007
0.534367
0.892073
0.109517
0.847643
0.780661
1.07066
0.983562
0.920132
0.746652
1.47683
0.917181
0.91177
0.64693
1.14675
0.962208
0.840137
0.921473
0.931216
0.822607
1.49904
1.02242
1.02061
0.826755
1.05496
1.07965
0.965132
1.61518
3.51077
0.97843
1.52004
0.741876
1.34427
1.2903
1.39299
1.32262
0.812483
0.976961
0.632984
0.890602
0.0144604
0.546225
-0.45332
1.24854
0.346103
3.14067
0.673889
1.13247
0.0573619
4.29784
1.26674
1.23943
1.21243
1.2024
1.09052
0.574771
0.815394
0.986894
1.1622
1.12059
0.728273
1.17407
1.20535
0.89827
1.08347
1.0271
1.37623
0.670762
3.44653
1.24714
1.23713
1.21128
1.13824
0.824323
0.868552
1.26991
1.14402
1.11348
1.39865
1.0711
0.759623
1.31528
0.909042
0.935637
0.916084
0.731745
1.06325
0.959578
1.30242
0.965948
1.2947
0.863434
1.2939
0.861656
0.25364
1.23014
1.03495
0.886603
0.673034
0.713784
0.808213
0.965963
1.24026
1.16859
0.514794
1.24848
1.163
1.19696
0.773861
0.911461
1.06643
1.12209
0.949814
0.77492
0.957561
0.970943
1.31269
0.357929
0.742331
0.890649
0.758407
1.23232
1.22657
1.07494
1.10709
1.14811
0.939329
0.893491
0.760723
1.32977
1.21628
0.962165
0.600955
0.756247
1.19556
0.733472
0.69297
0.934642
0.888597
0.901433
1.20123
1.13925
0.559344
0.897052
0.830827
0.795793
1.05993
0.609857
0.33131
1.19526
0.978575
1.35292
1.11952
1.16073
1.38808
0.66968
1.50717
3.46957
1.08666
1.22645
0.90898
1.26916
0.869282
2.43191
1.24983
0.789009
1.08709
0.742618
0.980102
0.863507
1.4344
1.33748
1.25077
1.26012
1.05466
0.646365
1.08659
1.21267
1.08655
1.21611
0.791604
0.993167
0.805554
0.816865
1.06131
1.16682
1.13958
1.25303
0.95578
0.974066
0.0143628
0.856762
1.13222
0.545293
1.16721
1.15395
1.16832
1.44866
0.935594
1.19422
0.975961
0.108613
1.43194
1.13139
1.21968
0.662624
1.41541
1.33961
0.95039
1.02877
0.786853
0.835671
1.29975
0.932855
1.66615
0.980379
1.10868
0.908086
1.04615
1.26286
0.869683
1.37717
1.2977
1.13863
0.632182
1.1836
1.29166
0.496479
1.15464
1.37678
1.01262
0.111163
1.22115
0.049632
1.35914
4.14012
1.1259
1.01684
0.78611
0.569346
0.697654
1.42272
0.931863
0.93364
0.789794
0.936489
1.28358
0.0646074
0.734342
0.951602
0.856845
0.777763
0.814731
0.313703
1.55698
0.859238
1.38195
1.21227
0.22035
1.04555
0.934848
1.20025
1.37367
1.20972
1.18469
1.01013
0.949034
1.1882
1.37916
0.927969
0.751869
0.759935
0.957448
1.24468
1.18131
0.842116
0.964646
1.10955
0.957568
0.707433
2.60174
3.88473
1.08641
0.873796
1.18603
0.855472
1.17699
1.23447
1.141
1.16263
1.27801
0.320119
4.13594
1.26269
1.13664
1.00075
1.21288
0.795083
1.22055
1.09812
0.189592
0.814484
0.760325
0.612375
1.27578
1.13338
-0.25967
1.22666
3.50792
0.938198
0.866031
1.18474
0.969167
1.15341
1.13776
1.15393
1.2829
1.30455
0.473664
0.84824
1.15445
1.0183
-0.202018
0.657549
1.23574
0.92365
1.41228
0.746253
0.880269
0.941587
1.13182
0.795176
0.898505
0.804952
1.02082
0.983987
0.959367
0.340683
1.18381
1.2736
1.00311
1.21781
0.893052
1.18586
3.5704
1.12163
1.35586
1.00756
0.769569
1.18256
1.18902
0.936676
1.25116
1.04819
1.0671
1.14904
0.908037
0.717344
0.800701
1.11245
0.93669
1.04848
1.18915
0.734732
0.436467
1.21037
1.27169
1.36674
0.681896
1.36137
0.942559
0.52039
1.22451
0.903918
0.938935
0.923674
0.925553
1.09056
2.4977
1.11979
0.783267
1.59291
0.919733
0.963218
0.934
1.28281
2.97417
0.95714
0.767275
0.978044
0.901129
1.24514
0.980814
1.3688
1.22949
0.561132
0.85024
1.12974
1.25245
1.22807
1.28635
1.11274
0.80297
0.584662
1.08757
1.04191
1.59585
0.935592
0.590982
1.04385
1.29806
0.805175
1.20197
0.718767
1.19936
0.98155
0.927595
1.06771
1.1326
1.14137
1.54388
1.18063
0.863738
1.03085
1.0217
0.898928
0.777121
1.11221
0.820645
3.43338
1.30051
3.32673
1.09207
1.57667
1.31827
0.795464
1.20262
1.29786
0.861338
1.13265
0.877287
1.05645
1.10482
0.776494
1.14216
0.705831
1.11829
0.869771
0.79736
0.787555
1.29079
1.2128
1.09774
1.25405
0.826449
1.10005
0.636387
1.1983
0.186599
0.816278
0.959007
0.979878
1.1134
4.09797
3.17741
1.27238
1.18611
1.35627
3.6391
0.930774
1.50007
0.918219
0.824918
1.11508
0.830047
2.07252
1.05092
1.17028
1.06696
0.674802
0.756219
1.20731
0.907083
1.21399
1.01064
0.816799
0.668326
1.49246
1.12345
1.23775
0.917417
1.3351
0.906986
1.2701
4.55998
0.779853
0.646679
0.729486
2.27968
0.956625
3.08289
1.35348
0.925546
0.46394
1.49083
1.38495
0.9137
1.2473
0.838479
0.883798
0.973989
1.53347
2.20591
1.16193
0.163095
1.31635
1.13375
0.993469
1.46629
0.975697
1.11262
0.691611
0.667162
1.20088
1.13019
0.94325
1.53988
1.40123
0.998912
1.36563
0.939455
1.43809
0.764514
1.008
1.59664
0.877448
0.914934
0.604306
1.01588
0.951591
4.13218
0.981286
1.01683
0.853787
1.52643
1.14911
1.46778
1.00388
1.27662
1.206
0.962749
1.20957
1.15766
0.832688
0.784901
0.857351
1.27125
1.30223
0.979289
0.814554
1.27407
0.828035
1.16355
0.304975
1.18134
1.08945
0.579726
1.11514
0.693069
1.16425
0.793423
0.92593
1.37966
0.645959
1.57074
1.13719
0.912116
1.25261
1.25981
1.35465
1.10135
1.25418
1.19568
0.904593
0.943811
0.939855
3.85605
1.33876
0.935019
1.08507
1.40251
1.08348
1.39701
1.01053
0.920363
0.78773
2.32606
1.58458
1.39091
1.39779
1.19538
0.997335
0.915009
1.17077
0.918218
1.17781
3.10086
-0.0409419
1.3026
1.13606
0.994829
-0.0523288
0.944903
1.16754
1.14877
1.17862
0.87882
1.36737
2.61004
1.30768
0.767945
0.940831
0.942063
1.1961
1.26567
1.19333
1.17387
1.25005
1.13543
1.14167
1.17224
1.17192
1.10299
1.39474
4.01329
0.980332
0.684666
1.15015
0.807769
0.951901
1.31087
1.19463
0.772949
1.13471
0.662451
1.18413
1.21278
0.901667
0.90685
1.55975
0.976765
1.00183
1.39174
1.29342
3.91133
0.941815
2.4885
0.978514
0.928857
1.29987
0.784606
0.605526
1.36
1.51294
1.17434
0.889309
1.174
1.19112
1.19723
0.934617
1.08859
1.14411
0.783551
0.601034
1.37739
0.777122
1.26454
0.876861
1.10294
1.14083
1.18764
1.11389
0.920677
0.932951
1.07402
1.12989
0.929811
0.976987
1.17514
0.891563
1.19533
1.02855
1.375
0.942749
1.35252
1.15667
1.10519
1.00413
1.16002
0.310841
1.34667
1.49315
1.15891
1.01973
1.29253
3.69464
1.03708
0.751445
1.09105
0.699631
1.2971
1.03155
0.959483
1.09604
1.40411
1.09414
1.22818
1.09277
3.89286
0.852861
0.950175
1.83835
1.33844
1.56619
0.992629
1.15391
1.19721
0.893409
0.767922
0.777841
1.09756
0.837603
1.36833
1.38537
0.96688
1.06909
1.60491
1.29351
1.02426
0.534258
0.688872
1.26765
1.16843
0.9279
0.839571
0.952526
1.12844
0.928332
0.999937
0.63038
0.898156
1.15305
1.28415
1.12201
0.601365
0.705641
1.37531
0.995798
0.506277
0.65113
1.02918
0.893225
0.97936
0.974986
1.12418
1.15629
1.01202
0.83307
1.18829
0.793749
1.33774
0.907447
1.40284
0.919947
0.92966
1.01864
1.13406
0.917877
1.26546
1.13473
1.04845
0.773879
1.14154
1.20905
0.823074
-0.308892
1.05016
0.913767
-0.0748087
1.22775
2.79503
0.784785
0.825021
1.57985
1.30567
1.17344
1.13529
0.911688
0.901899
1.17581
1.14184
0.941026
1.24951
1.37983
1.15646
1.18528
0.458036
1.33889
1.06887
0.585695
0.940849
1.10397
0.944153
1.10211
1.20573
0.895263
1.2598
0.216159
0.786291
1.20329
1.26161
1.05117
1.11803
0.923784
0.84947
1.18023
1.0402
0.913497
0.903926
0.992512
1.58749
1.47844
1.22886
3.79236
1.07402
0.541645
1.3225
1.12913
4.12884
0.967453
0.865355
1.02659
0.811837
0.404076
1.11163
0.690535
1.3262
2.24467
1.31695
1.37242
1.20188
0.733958
1.2117
0.838237
0.961747
1.18686
1.38565
3.18884
0.669136
0.882982
1.18665
0.931168
0.871415
0.735992
0.86032
0.737026
0.673186
3.79549
0.950005
1.28183
0.366016
1.02559
0.936517
0.615717
1.29682
0.700584
0.971818
-0.242985
0.86856
0.701993
1.2971
1.14146
0.915622
3.47022
0.989406
0.677349
1.02842
1.23384
1.51758
0.755549
0.933434
0.982624
0.897184
0.901234
0.973527
0.977933
0.990253
0.851148
2.84539
1.39066
1.60905
1.19811
1.08356
1.21049
0.660095
0.683414
0.945577
0.958501
1.23419
0.0369994
1.1302
1.18667
1.08338
0.914082
1.55614
1.14402
1.39335
0.511391
0.804213
0.878496
0.922861
1.15525
1.16016
3.75357
1.29632
1.49652
0.97713
1.06659
1.16413
0.656462
0.688317
0.962063
1.02467
0.862027
0.922216
1.25068
1.15796
1.11908
0.83841
0.907123
0.894726
1.09621
1.19858
0.860622
0.944129
1.00094
-0.000422979
1.60603
1.33985
0.791013
0.653293
1.00193
3.68596
1.22777
1.12168
3.49613
0.923239
0.927762
1.02445
1.19456
1.22742
1.51897
1.46268
1.23113
0.860975
0.968252
1.16226
1.13872
0.925149
0.956911
0.772878
0.845064
1.13085
1.42076
1.11267
1.25105
0.968184
0.642849
1.2575
1.4263
0.841116
1.37879
1.21417
1.37608
1.16777
0.761717
0.817571
0.886368
0.58355
1.16838
1.04818
0.965723
0.968721
1.01715
0.930428
0.895576
0.975355
1.41857
4.47029
1.07165
1.1544
1.15289
1.20794
0.896347
0.897818
0.825979
-0.57237
1.43296
0.854282
1.31235
0.917094
0.899459
1.36709
0.951354
0.716312
0.83848
1.04897
1.29929
3.07869
0.495634
0.572699
1.17532
1.02382
1.103
0.951179
1.23553
1.46742
0.791788
0.927954
0.799141
1.24181
0.959513
0.948636
1.09346
1.3064
0.873552
0.911888
-0.235438
0.562065
0.764996
0.611716
1.29131
0.600491
0.837002
0.802751
1.40657
0.285248
1.11393
0.944784
1.3867
1.38008
1.16467
1.43746
0.910307
0.485851
0.901624
1.29776
1.30566
1.37702
1.34041
0.908276
1.37257
1.29569
0.559659
1.15285
1.39266
0.608231
0.872031
0.762519
0.973102
0.925086
1.38102
1.36606
1.14651
1.12661
0.921027
0.947849
1.46888
1.53787
0.339311
4.31106
1.76596
1.09878
0.956489
1.01255
1.12831
1.25977
1.24328
0.406837
1.33174
1.16183
1.29192
0.881974
1.14334
1.20804
0.830306
0.728337
1.89263
1.12414
1.05973
1.32007
0.908064
0.625448
1.14303
1.4294
0.896447
3.78754
1.15238
0.882759
0.671157
1.40065
0.769182
-0.0959023
1.23544
2.61085
0.869126
0.952689
1.27999
1.40802
1.11005
1.16011
0.975443
0.945873
1.21951
0.956307
1.32862
1.38949
1.15211
0.956891
0.950835
0.140204
0.79544
0.956498
0.498745
1.14445
0.946016
1.60315
0.664227
1.25731
1.38514
0.673456
0.693337
0.932909
0.0636415
3.94164
1.28113
0.929309
1.35261
1.12724
0.927901
1.19529
0.864428
1.29749
1.04693
1.1863
0.966873
3.84658
1.09133
3.80567
1.14874
1.28051
1.12931
1.16116
0.930367
0.911676
0.85299
1.02907
1.27236
0.829752
1.16981
0.656026
0.362558
0.725672
1.27013
1.19161
0.839306
1.16986
1.26898
1.07783
0.986388
2.41574
1.20281
1.19943
0.794168
1.12957
3.94817
1.39678
0.934267
1.03045
0.960348
0.859339
1.16103
0.903899
1.2242
1.11544
1.25624
0.89953
0.932937
0.60009
0.872444
0.764481
1.3962
1.12032
1.08662
1.13283
0.844515
1.29273
0.699512
0.31958
1.25213
3.02659
0.855847
1.2086
0.832185
0.970872
1.10062
0.528471
1.11923
1.37874
0.919939
1.38967
1.38861
1.38976
0.960214
1.2842
1.36302
1.15011
0.992044
0.646907
1.39397
1.18339
1.37244
1.18951
0.948389
1.19333
1.12299
1.20295
0.980994
0.949566
0.953863
0.678541
1.16238
0.932427
0.597764
3.68801
1.38171
1.19036
1.49375
0.187109
1.34191
-0.168889
1.22478
1.01476
4.32954
1.15735
0.781776
0.879288
1.29194
0.970644
1.25815
1.05358
0.874514
0.64178
1.29763
0.945672
0.869567
0.745662
1.21256
0.941045
1.30517
3.18415
0.889877
0.911891
1.26228
1.34159
0.746964
0.913077
0.854238
3.4502
1.16311
0.963138
1.0943
0.496385
1.10722
1.01935
0.925288
0.656688
0.928555
0.944173
0.896448
1.19278
0.94377
1.09136
0.790395
1.07097
1.12155
0.940384
1.32494
1.25428
0.886753
0.930513
1.32317
0.913474
0.793804
1.37726
0.810769
0.785914
0.721213
1.54471
1.41822
1.02801
0.944602
0.921054
1.27066
1.16775
1.31525
1.29938
0.856338
0.889303
0.901966
1.41089
1.33597
0.499006
1.36254
0.877827
0.796839
0.0735934
0.764661
0.475581
1.20213
0.777961
1.18319
0.991006
1.0898
0.291206
0.92555
0.533901
0.899
1.22882
0.647896
0.976287
1.13123
0.776803
1.14545
0.691481
1.22279
1.463
1.19302
1.34142
0.962665
0.534279
1.14623
0.893293
1.19055
1.16378
1.10338
1.20418
1.5291
1.14421
0.6674
1.02139
0.693163
1.1023
1.22085
1.42278
3.18311
1.13696
0.924758
0.894914
1.37551
1.05543
1.00423
0.952308
0.693036
1.07236
3.28999
0.923788
1.10392
0.902296
0.8155
0.673162
0.877969
1.14616
4.80479
2.36699
0.950927
1.17295
1.3774
0.950995
1.45879
0.950277
1.21662
1.37178
0.919823
0.874576
0.913244
0.736647
1.08079
0.970925
1.51716
0.89792
1.1039
0.89288
1.57956
1.40286
0.829551
0.988496
0.894334
0.0793955
0.919774
0.884875
1.01949
1.15812
1.15896
1.23032
0.909626
1.22618
0.95834
0.566743
0.954229
0.869804
0.897225
1.2425
0.80983
1.39699
0.615748
1.17281
1.15899
1.33537
1.22755
1.13793
1.40244
1.22966
1.35441
0.915524
0.948487
1.12003
0.827155
1.35586
0.702333
0.998301
0.818089
1.19395
1.2975
1.20314
1.15365
0.422876
1.29904
0.985416
1.12646
0.944171
0.898953
1.22053
0.908744
1.11158
0.445375
0.502957
1.05922
1.21244
1.39907
1.30017
1.19883
1.03893
1.21014
1.55495
0.678913
0.969922
1.13637
0.922677
1.4456
0.823186
1.45506
1.15622
0.914024
0.657156
1.53788
5.54973
0.760062
1.21414
0.905739
0.815755
1.25189
1.36415
1.00476
0.928104
0.283567
1.20008
1.16107
0.953389
1.11048
1.2
1.199
0.213851
1.37708
4.3204
3.54984
0.913239
1.00065
3.58143
0.882695
0.936956
3.56274
1.09829
3.51857
0.901271
0.836232
1.48834
1.11292
1.36763
1.35665
1.17763
0.648367
-0.357297
0.950471
1.15945
1.17353
1.18381
1.27257
0.610758
1.21085
2.91093
0.928365
0.781837
0.998238
0.981349
0.779832
1.58854
0.701608
0.958563
1.31113
1.33598
0.630708
0.956846
0.920105
0.939311
0.889605
0.915609
0.799498
1.10841
3.82993
0.782705
0.951399
0.533992
1.2212
0.676065
0.916746
0.91178
0.893069
1.13112
1.12208
0.995446
1.08915
4.58987
1.0951
1.02711
1.07107
3.30981
1.08399
3.63975
0.671489
0.939393
1.22567
1.12674
0.898133
3.09752
1.01762
0.729707
1.07564
0.964581
0.951812
1.3762
0.709261
1.36939
0.76543
1.38524
1.3721
1.05966
0.261586
1.31805
1.24072
1.17959
0.668462
0.976846
1.40697
0.760247
1.23705
1.15087
1.39587
1.53439
1.18341
1.11393
0.962173
0.818136
0.82133
1.29192
0.891133
0.864764
0.488567
1.22149
1.10638
1.05242
0.977304
1.25889
1.03839
1.31923
1.58317
0.803287
0.751021
0.55783
0.891285
0.833443
1.19237
1.27758
1.54744
0.939862
0.872512
0.934158
0.892102
0.831256
1.17427
0.913678
0.859987
1.0588
0.933717
0.595811
0.987194
0.701524
1.27719
0.942069
4.87463
0.894906
0.796047
1.53219
0.915749
0.80507
1.11753
1.17929
1.4908
0.927488
0.847295
-0.469133
0.931874
1.00834
1.30509
0.794777
0.962153
1.4587
1.28684
1.02761
1.20332
1.60381
0.784916
1.17439
0.800885
1.32865
1.5104
1.14008
1.27959
1.01193
0.888312
1.1313
0.79305
0.875424
0.740467
1.41156
0.774163
1.31102
0.742974
0.768753
0.854293
4.16283
1.21951
0.952353
0.655748
1.60044
1.13794
1.20915
3.92879
-0.275142
1.22511
1.2271
1.40262
0.7524
0.889753
0.638902
1.15898
1.25259
1.06948
3.15469
0.901139
0.834854
0.753843
0.91844
1.02884
1.28936
1.30248
0.973876
1.00755
1.23764
0.743
1.02646
1.12778
2.39056
1.13168
0.324007
-0.534941
1.28701
1.15849
1.40074
1.45582
0.918959
0.905068
1.18794
0.815136
1.24744
1.23555
0.960744
0.959443
1.24613
5.53335
0.882235
0.413909
0.94689
0.6648
0.456824
0.923858
1.25693
0.915668
0.962313
0.823373
0.945916
1.8699
0.946899
0.84249
1.05125
1.23939
1.13739
1.3126
0.764844
0.762062
1.41887
1.22134
0.923396
0.595704
0.818874
0.994163
1.18834
1.19804
0.415997
1.02175
1.25404
0.930563
1.06542
1.29576
2.54992
1.27062
1.02574
1.13648
0.923568
1.0679
0.949897
0.976709
0.646907
1.17967
0.869077
0.948582
1.2008
1.10992
0.965701
0.928472
1.27191
0.915226
0.955957
1.13732
0.912427
0.849488
1.3281
0.079966
0.972835
1.37858
0.949517
1.33751
0.943178
0.937331
0.968942
2.34268
1.13385
2.36862
-0.138665
1.37666
1.21634
0.743544
0.936612
0.961752
1.19852
1.19628
0.952683
0.73161
1.34252
3.81495
1.41965
1.14336
1.37391
1.14436
0.860907
0.912075
1.41302
1.28125
1.08942
0.937392
1.56959
0.932941
1.21466
0.740369
-0.139956
1.57215
0.573243
0.841003
0.912643
1.45889
1.04257
0.866703
1.19433
0.890757
1.02967
1.1778
1.20572
1.23924
0.378161
1.21274
1.28261
0.899668
3.25146
0.963912
0.830946
0.981693
1.59772
1.19447
0.910107
0.963605
1.29145
1.34721
0.929411
0.940443
1.25019
1.31869
1.1929
2.67582
0.881341
0.90567
0.747814
0.835892
3.00966
0.661399
1.20203
1.19705
1.18852
1.28091
0.793079
1.16175
0.866372
0.900837
1.40652
0.625956
1.26774
1.28633
1.31163
1.14533
1.3781
1.20741
1.19221
0.910785
0.893055
0.677939
1.23546
1.47615
1.58231
1.16349
1.192
0.987214
0.529325
0.76905
1.17348
0.909746
0.822174
0.950723
0.733081
1.48923
1.42636
0.936555
0.733422
1.06029
1.37112
1.16677
0.707464
0.943415
1.04059
3.15261
0.936968
0.956956
1.06698
0.952727
1.26032
1.1099
1.39124
0.940881
2.80342
1.4785
0.923771
0.800639
0.95251
1.08086
1.27545
1.25707
1.04372
1.38018
1.11875
1.70875
0.934436
0.920924
1.20761
0.95776
0.838991
0.814916
4.12566
1.57674
0.93321
1.08561
1.41785
0.724197
0.746167
1.09522
1.37743
-0.0352421
1.14662
0.998707
1.15772
0.364306
0.912247
1.06045
2.45685
0.914656
1.31266
1.19287
3.274
1.32741
1.39377
2.68232
0.805887
1.12478
1.1254
3.68098
1.1757
1.24403
1.23137
0.887042
0.704531
0.595969
1.28646
1.18959
0.188183
0.924856
0.980269
0.955622
1.28851
1.12195
1.36612
0.869347
1.01928
1.32672
1.16693
0.79741
0.911989
3.17396
0.96817
1.4395
0.892866
0.947219
1.344
1.2915
0.645473
0.69991
0.918625
0.830248
0.907024
4.51728
1.05468
1.21043
1.16527
1.40825
0.757271
1.2117
0.465217
1.04153
1.16551
0.757497
0.918188
1.2403
1.23461
0.852089
0.891842
1.25817
1.39466
0.9505
1.24502
0.947047
1.34032
0.873984
1.74731
0.886546
0.943974
0.653751
0.804269
0.954908
0.876616
1.40891
0.688478
1.10609
0.94434
1.14479
0.9265
0.896746
1.24497
1.22214
0.892833
0.799279
1.28914
0.967927
1.34709
0.701578
1.18875
0.869476
3.92115
0.949594
0.907696
0.696156
0.929447
0.835953
1.19046
0.698536
0.940647
1.33746
0.962806
0.981984
0.892619
0.717352
1.04511
0.894533
1.1493
0.892235
1.35399
0.905878
0.944726
0.770452
2.2709
0.656818
0.957076
0.0730873
1.02176
0.831755
0.906135
1.02928
1.12092
0.793953
0.917853
0.886411
1.38511
1.38061
0.97652
0.779248
0.895048
0.958422
0.876938
1.54533
0.943832
0.969256
0.766486
1.2411
0.981306
0.94923
0.62847
0.895157
0.920792
1.156
1.25082
1.17016
1.0673
1.18828
0.843658
0.849102
1.42383
0.991542
1.58677
1.11407
4.05336
0.889565
0.952406
0.913397
0.494
1.29256
1.24462
1.00019
1.20463
0.922447
0.533986
1.17632
1.11439
0.687214
0.721402
3.69635
0.90366
0.588793
0.670943
1.00266
1.15838
1.26762
0.900961
0.677008
0.574761
1.41228
0.948847
0.685088
1.25811
0.975113
0.820848
0.778139
0.936406
1.14574
1.16697
1.25501
1.3993
1.394
1.10644
1.23334
1.33515
0.840498
0.74936
0.881499
1.40018
1.46543
1.06084
0.892375
1.19077
0.879336
0.600226
1.18556
0.676908
0.865819
1.15437
0.928661
0.902765
1.07097
-0.21726
1.08054
0.923637
1.28959
1.38838
0.974061
3.62858
1.09293
1.0199
0.957417
0.796351
0.854059
1.25523
1.33416
0.970001
0.915416
1.26912
1.00121
1.14672
2.9195
0.805113
0.950259
1.39509
0.789622
0.910456
1.27453
0.988307
0.967673
1.25886
1.15097
0.954755
0.753624
1.17898
1.40939
0.889842
0.512789
1.00703
1.24858
1.38371
1.25795
0.965442
1.51663
0.867119
0.952213
1.45777
0.791067
1.47879
1.1333
0.805799
1.0531
0.93137
4.75191
1.40587
0.837269
0.739574
1.49772
0.770122
0.721094
1.36553
0.21385
1.18319
0.724615
1.23914
2.73269
0.664867
0.963126
0.752698
0.84792
1.4962
1.2034
0.788928
0.880483
1.23674
0.950882
1.11996
1.40364
0.109714
0.928134
2.00658
1.24139
0.682779
1.26437
1.21203
0.980914
0.630761
0.533725
0.682645
1.29155
1.17174
0.880132
0.932299
1.62383
1.06468
1.13653
0.93719
1.15568
0.945111
1.46571
1.26657
1.01791
0.93538
0.643443
1.0001
0.888216
2.64286
1.1036
0.946303
1.27021
0.850462
1.16518
0.896242
1.23519
0.973398
0.697891
0.402178
0.713398
0.659317
1.38013
0.89439
0.931632
4.78456
0.943158
0.870054
1.96177
0.908841
0.843143
1.14387
1.16022
1.27883
1.28419
0.921954
1.26897
1.10159
0.869038
0.762419
1.38496
0.831854
1.27986
0.827365
1.00421
0.643197
1.01704
0.918448
0.941388
0.90028
1.23605
0.918906
0.742251
0.631155
0.920932
0.956206
1.2493
0.87794
0.798456
0.95474
1.9208
0.847304
0.888057
0.820109
1.28392
1.20724
0.723799
0.868874
1.28239
0.913832
0.968928
0.896358
2.01311
0.951283
1.3261
0.869828
1.23381
2.37791
0.366718
1.33494
0.922277
0.703678
1.28778
1.00317
3.74895
1.24795
1.26607
0.900996
0.848938
0.776256
0.878787
0.811836
1.31647
1.15977
0.759899
0.885385
0.952816
0.999242
1.03781
0.810497
1.26474
0.877998
1.39509
0.637312
0.513571
0.995144
0.775062
1.12379
0.924881
0.701684
0.969255
1.48304
1.23563
0.781116
0.931325
0.775927
1.17506
1.16458
0.9483
0.842963
1.04814
1.21657
0.856988
0.96956
0.94387
0.755507
1.15
1.24037
0.943722
0.888114
1.20779
1.39402
1.41934
1.23257
1.20809
1.05047
1.27146
0.805883
0.860308
1.07604
3.16157
1.25252
-0.450095
1.12864
4.13697
0.868397
1.29563
0.842877
0.914696
1.14627
0.883067
0.891617
0.993451
1.21186
1.1154
0.904087
1.29238
1.30337
1.36438
1.14497
1.09997
0.914178
1.20912
1.13175
0.895243
1.00005
0.78464
0.646887
0.907365
0.825932
1.45677
0.873082
1.28398
0.915347
0.944772
0.556656
1.00573
1.00987
0.522808
1.38596
1.27761
1.39419
0.868828
1.39736
1.25214
0.855493
1.32345
0.825355
1.0048
1.32275
1.0591
1.3217
0.785907
1.33406
0.997228
0.75248
0.909137
0.888953
1.25715
0.956879
0.849007
1.00025
0.936688
1.2887
1.25404
1.41449
1.25072
0.51486
0.952981
0.503062
1.39809
0.80576
1.20888
1.17676
2.82844
2.76792
0.953649
1.22149
0.974724
0.834643
1.13334
0.849322
0.995395
1.0144
0.974194
1.04015
0.461665
0.868238
1.23796
1.2898
0.974644
1.3922
0.972804
1.24091
0.948576
0.972216
1.16186
1.20333
0.876413
1.17854
1.29082
1.40626
1.35716
0.86353
1.32657
0.926947
0.986701
0.910151
1.1632
0.767752
0.810986
1.0519
0.94958
0.840049
1.17907
1.05876
0.92014
1.02536
0.996888
0.953455
0.623237
1.15815
1.14924
0.703838
0.898121
1.02402
0.794793
0.97474
1.26542
1.28479
0.681331
0.887885
1.24902
1.35802
0.892864
1.27109
1.22198
0.687524
1.15984
0.698605
0.817792
0.946719
0.871312
1.29928
0.850955
1.93938
1.24345
0.942085
0.790423
0.886807
1.12744
1.26429
1.45738
0.79409
0.988939
0.134947
0.639817
1.5096
0.930013
1.85005
0.955209
1.30117
0.911575
0.838467
1.19711
1.25317
0.919838
0.947949
1.29727
0.683041
0.886548
1.2557
1.21141
1.18324
1.399
0.780458
0.878196
1.27851
1.38095
0.852227
1.32158
0.541766
0.862974
1.26636
0.844046
1.24624
0.78391
0.955646
3.28621
0.890225
1.21006
4.51806
0.803124
0.853016
0.923161
0.778893
0.918499
1.25954
1.3204
1.1465
1.13693
1.25864
0.661948
0.925692
1.20644
1.28311
0.867202
0.946178
1.39698
0.675589
1.31343
1.25447
0.897759
1.39599
1.29533
0.9471
0.978329
0.711653
0.970024
0.916035
1.16437
1.26934
0.880475
1.37213
0.926427
1.17386
1.24518
0.635335
1.28717
1.00393
0.651524
1.00333
1.38283
0.921204
1.34199
1.26045
1.14732
0.854498
0.826326
1.05457
1.00807
1.37526
1.09531
0.973218
1.12
1.39746
0.973299
0.877623
1.11181
1.16503
0.899863
0.827833
1.9769
1.29507
1.25668
1.20492
1.13002
0.750866
0.858634
1.34682
0.979406
0.950547
1.19539
0.783209
1.28637
1.01643
1.19886
1.3174
0.967163
1.29295
2.53823
0.977182
0.859573
0.868733
1.39666
0.974653
0.752587
0.837928
0.985326
1.02702
0.739451
1.18551
1.7867
0.836508
0.898548
1.15494
1.32914
1.28926
1.22659
0.566627
0.978251
1.15289
0.864452
0.604798
1.27263
1.22667
1.15153
0.916435
0.733024
4.78159
0.863501
1.25514
1.14354
-0.00159757
0.737492
0.746747
1.23576
0.965878
0.860374
0.906614
3.4284
0.647386
1.36628
0.948888
0.624663
0.93621
0.913918
2.73575
1.15148
1.29611
1.02444
0.957682
0.866648
0.958476
0.954026
1.24093
1.30091
0.829781
1.27331
0.753039
1.24909
0.543513
0.652155
4.20894
1.05473
1.24516
0.766046
0.952055
1.25105
1.2399
0.974208
1.17408
1.39916
1.32579
1.11224
0.967972
1.16445
0.840996
0.992429
1.30148
0.720823
1.04985
1.39121
1.08195
0.969804
0.918872
1.1948
0.967596
1.32947
0.82291
1.25426
1.29902
0.685536
1.28274
0.969626
1.20996
0.889806
1.02509
0.743839
0.589535
0.863726
0.951278
1.97942
0.861201
0.0899361
0.734901
1.29414
0.723003
1.00269
1.26693
1.57477
1.18114
3.5418
1.40065
1.36249
1.78339
0.74333
1.23416
0.894886
1.15257
0.95116
3.88978
1.24929
0.832527
0.77317
0.893618
1.40485
1.4791
-0.808373
1.28153
1.07729
1.42695
1.25392
0.575852
0.884494
1.3979
0.905838
1.40456
0.644135
0.91748
0.251728
1.05637
1.2942
1.44907
1.30754
1.26231
0.834989
0.856908
3.03756
0.788841
0.805908
0.632333
0.767606
0.930202
1.03712
1.20479
0.725092
0.935155
0.715093
1.23111
1.46472
0.844219
0.9447
1.27889
0.773407
0.453865
1.25706
1.27302
1.26386
0.908126
0.85076
0.689947
0.788028
1.42314
1.2035
1.2681
3.6384
3.82433
1.30879
1.73688
0.816692
0.703948
0.412762
3.26868
0.95593
0.552133
0.652844
0.920095
1.0431
1.32881
1.08677
1.28491
1.33745
1.14653
0.668316
1.16759
0.54135
0.951432
2.80272
0.527904
0.871204
1.16002
1.30307
0.895831
1.36286
1.14586
0.965907
1.01003
1.26378
1.02449
0.911818
0.916791
0.773105
0.980199
1.28454
1.139
0.956656
0.834981
0.651087
1.20532
1.38817
1.35055
1.07664
0.914032
0.878259
1.17562
1.09242
0.8441
1.34697
1.14276
0.862833
2.08702
0.870273
1.25096
1.32684
1.25905
0.600085
0.76871
0.638774
0.861011
0.949173
1.33762
0.902445
0.848974
0.720926
1.32064
0.64127
1.41805
1.1569
1.1968
1.14861
0.839938
0.571305
1.05878
1.13144
2.97157
4.11048
1.34926
1.32999
1.02644
0.801126
0.800388
-0.125693
1.14587
1.15315
-0.208447
-0.579373
1.3902
0.899392
1.14406
1.49648
0.919794
0.983314
0.730897
1.41275
0.822006
0.726924
0.951219
1.20503
0.869882
1.27759
0.646209
0.955965
1.31369
0.549011
1.37091
1.06018
1.25919
1.28836
0.927485
0.649808
1.35992
0.655446
1.2414
1.26245
0.901075
0.613064
1.82316
0.845431
1.18004
1.35943
0.856491
0.888672
0.892865
3.68063
0.377675
1.27654
0.658694
0.917845
0.806711
0.919667
1.02336
1.29192
0.554977
1.13769
0.633672
1.36542
1.27764
1.39281
0.945337
0.977175
1.23149
0.656464
1.23357
1.18785
1.34864
0.435724
1.16857
0.976943
1.01867
1.25872
1.01334
0.852627
1.16151
0.935557
1.39743
0.970657
0.687392
1.08161
0.772758
0.912372
1.21542
1.10824
1.29023
0.673183
0.217063
0.889243
0.554061
1.26383
1.17638
0.297
1.12052
0.64054
0.83829
1.21116
1.09437
0.80409
1.23192
0.709025
0.63799
1.29842
0.84748
0.994162
0.775254
1.31367
0.834652
1.04471
1.20216
0.913884
1.11745
3.07807
1.32098
1.28664
1.14758
0.958035
1.02233
0.976623
1.28283
0.923254
1.37283
1.16176
0.580885
0.799956
1.12786
1.0152
1.31699
0.94211
1.22253
0.872586
1.26397
1.28002
0.877936
0.969135
1.17443
1.26146
0.951806
0.822805
0.80876
0.898389
0.834021
3.7933
1.22903
1.1263
0.862864
0.644168
1.42433
0.966659
0.935999
1.20651
0.602936
1.18836
1.19204
0.846921
0.687541
1.23045
0.93379
3.18174
0.407473
0.97761
1.47902
1.39164
1.23926
1.41156
1.37821
0.622124
1.13478
0.84401
1.49578
1.18621
1.20622
1.05187
1.10254
1.23806
0.825066
0.982786
1.18822
1.02614
1.05521
0.587665
0.905219
1.39176
0.960117
3.7861
0.767749
0.644159
1.20279
0.88769
1.39144
1.2198
0.976406
0.481853
0.604166
0.261445
1.28934
1.22461
0.951186
0.958644
1.14862
1.31966
0.967466
0.972496
0.99126
0.541268
1.03954
0.868179
0.864433
0.720611
0.811875
1.36482
0.589507
1.33123
0.940663
0.952835
0.72802
0.780606
0.90901
1.18803
1.2829
0.734383
0.576797
0.858354
0.854271
1.17165
1.02171
1.14216
0.558727
1.42801
1.0556
1.31298
1.19951
0.567416
0.929615
1.37916
0.949456
1.27572
0.870021
0.618689
0.697909
0.873668
1.62275
0.662869
1.34634
0.974111
1.2635
0.974402
1.19158
-0.0634297
0.80331
3.72799
0.781448
2.0027
1.29718
1.16855
1.25263
0.977331
1.39054
0.910807
1.24991
0.832677
0.806427
0.960814
0.771009
1.21475
0.936493
1.25112
1.18279
0.0525001
0.727039
0.230186
1.06555
2.201
0.73327
1.23449
1.36729
1.21276
0.680955
0.924266
0.666489
0.930365
1.28493
0.83622
0.601244
1.41857
1.32457
1.01328
0.785193
1.16792
1.28328
0.675992
1.04995
0.960369
1.28628
0.905068
0.562436
1.26287
0.521421
0.782829
0.913593
1.03091
0.97773
1.13122
1.17824
0.978208
0.530783
1.36657
1.2544
1.39117
0.778648
0.938835
0.962838
1.35032
1.14319
1.18726
0.662895
0.803945
4.03626
1.3976
0.741618
1.24704
1.03187
1.42094
1.38209
1.05708
0.618616
0.885454
0.53346
1.39908
0.791074
1.61599
0.926082
1.06567
1.2941
1.3092
1.28353
0.912313
1.1826
1.34711
1.30657
1.14477
1.253
0.95834
0.903707
1.32496
0.241448
0.981444
0.950817
1.34721
0.842539
1.15296
1.41756
0.780998
0.845865
1.21757
0.917847
1.12539
1.28575
0.928433
1.36783
1.30797
0.475623
1.33574
1.56165
1.15427
3.48713
0.77906
0.954527
3.02588
1.28674
3.29711
1.04624
1.30951
0.963299
0.538785
0.913077
0.710978
0.76189
1.24835
0.971376
1.22326
0.77116
1.46509
1.3452
1.31455
1.17185
1.33748
0.953117
1.26442
0.857428
1.27925
1.15131
0.705836
1.25148
1.39127
0.744584
1.36524
1.09079
0.82001
0.985619
1.18363
1.36177
0.682468
0.730628
1.21721
0.952649
1.15509
0.932556
0.752898
0.926868
0.973933
0.674819
0.868763
1.13104
0.92069
1.30508
1.30874
0.750323
0.952867
0.932888
0.921494
1.30035
0.564886
0.925709
0.770288
0.994719
0.925816
1.15412
0.832539
3.9337
1.4046
1.40658
1.19674
1.01376
1.27018
1.05449
0.842816
1.15124
0.927493
0.916383
0.799973
1.40535
0.805148
1.39143
1.18713
1.04042
1.02163
1.28221
0.938162
1.25921
0.768875
0.604688
0.637443
1.20249
1.45612
1.16128
0.680108
1.0865
0.730607
1.34858
1.30182
1.2787
1.63049
0.779842
0.632375
1.37146
0.925095
1.15115
1.24036
1.15637
1.41523
0.955135
0.424251
1.22431
1.31796
0.990675
1.17032
0.853255
1.10016
1.21454
2.7492
1.03947
0.958392
1.88665
1.59878
0.539976
0.951337
0.691094
1.20339
0.966757
0.707997
1.10208
1.19341
0.650753
2.03296
0.664192
0.820606
1.18619
1.13846
0.811125
1.40137
0.923575
0.554133
1.2722
1.34488
1.10158
0.688539
0.948919
0.54534
1.26876
0.921426
1.08037
0.903158
0.756284
1.28558
1.27502
0.913579
0.566414
3.76851
0.891158
0.556986
0.797438
0.942327
1.27739
0.91054
1.28346
4.42715
0.978738
0.521219
1.13928
0.69987
1.01327
1.68578
1.1123
1.20989
0.958674
1.16095
1.33982
1.3424
0.973181
1.26744
0.601619
1.03934
1.27148
1.40911
0.730107
1.2602
0.87037
0.90926
0.892943
1.25066
0.845599
1.47136
1.36851
0.95933
1.33318
3.73678
1.52507
1.12593
1.39289
0.577653
0.697984
1.09729
1.18357
0.587812
0.91527
1.00737
1.02497
0.907896
1.3953
1.15597
0.803603
1.20501
0.952059
1.3276
1.12055
1.30069
1.18172
0.8553
2.9121
1.03637
0.887714
1.2718
1.25939
0.918748
0.909146
1.0518
1.2153
0.956004
-0.200352
1.27255
1.42878
1.01044
1.03695
1.23212
0.628997
1.19028
0.905819
0.760052
1.27197
1.05414
1.03758
0.816035
1.30943
1.15003
0.78836
1.07437
1.25501
1.334
0.97285
1.18384
3.12116
0.647065
0.937303
0.78175
0.941924
0.994217
1.17852
1.16979
1.28658
1.37177
0.634858
0.879084
0.784713
1.17406
1.03063
0.506113
0.967597
1.15258
0.922114
0.855914
0.954338
0.279172
0.839762
0.846555
0.898652
1.33654
0.900863
0.911185
1.26983
4.20814
0.902329
0.653815
0.900142
1.27168
1.1557
2.34801
1.00356
0.920025
1.09425
0.57282
1.19285
0.768571
1.32387
0.63379
0.654571
0.860379
0.642111
0.881463
1.20494
1.2805
0.704063
1.37397
1.35554
1.39884
1.32716
0.910005
1.28711
1.37359
1.37153
1.2845
1.29804
1.15822
0.800356
0.743959
1.38907
0.703738
1.26305
0.525238
0.89757
1.24592
1.13447
1.13349
1.21702
0.909724
1.2277
0.66274
0.574819
0.915922
0.925165
1.33769
1.40133
0.652233
1.17727
0.858681
0.772149
0.644637
0.941721
1.39544
0.858737
0.752366
1.31088
1.27116
1.20926
1.30408
1.52002
0.819714
0.494108
1.03316
0.98095
0.838706
1.29296
1.12613
1.29218
1.2646
0.831365
1.30753
0.654415
1.28462
0.878752
0.734301
1.32079
1.07778
0.859581
1.14477
0.88946
1.3821
1.37118
1.05433
1.09642
0.918951
0.763792
1.23585
1.83254
0.900783
1.46285
0.752526
1.26548
1.46166
1.18982
0.86445
0.85855
1.29503
1.1977
1.16884
1.36876
1.11637
0.612582
1.03035
0.748887
1.37641
0.753465
0.879743
0.863615
0.581396
0.953395
-0.203171
1.19987
1.29878
1.24513
0.621374
1.06142
0.725882
1.13429
0.740364
0.57277
0.482062
0.69252
0.555603
1.24417
0.914604
0.894437
1.25865
0.913589
0.984508
1.14364
0.652829
1.3034
1.23838
0.836707
1.01107
1.27076
0.953247
1.27602
1.32503
0.953445
1.32649
1.15203
0.853564
1.22178
0.799161
1.00865
1.47804
0.910123
1.37229
1.16592
1.29353
0.882781
0.913412
1.44246
0.671413
0.872932
1.09856
1.27898
0.92095
3.37762
1.15055
1.26361
1.1702
1.02403
0.858205
1.34187
0.915531
0.635877
0.534729
1.01093
1.39627
0.93254
1.34963
1.14051
0.925536
-0.481419
0.91722
0.562764
1.22711
2.13386
0.938258
1.66453
0.740706
1.1289
4.83328
0.895854
0.975211
0.917934
0.739945
0.173782
0.796273
1.27672
0.516527
1.52555
1.3452
1.01942
0.80316
1.26384
1.29057
0.654246
0.923705
1.00638
5.0413
0.7596
1.32858
1.22738
1.39762
1.19594
0.957423
1.20928
0.666521
1.32445
1.37761
0.941729
0.684077
1.01912
1.37034
1.18159
1.49697
0.820219
1.25532
4.77597
0.906571
1.52317
1.24953
0.733555
1.14128
1.49448
0.92454
0.941493
0.889378
0.897918
0.990679
1.33372
0.829049
1.06487
0.957405
1.35076
0.858236
0.915315
0.875959
1.27603
1.16708
1.38931
1.38641
1.25874
0.522945
3.17913
4.84762
1.32031
1.31393
1.25053
1.3956
1.14622
1.03188
0.833878
1.27899
0.902875
0.867913
0.803836
1.15853
0.979819
1.36932
1.15496
1.1828
0.702606
0.881633
0.976657
1.25291
1.30661
1.29264
0.565731
1.35768
1.19462
1.2048
0.841857
1.58914
0.913847
1.28455
1.15848
1.08436
0.897226
1.47238
1.26231
1.49789
0.643271
1.23427
1.57957
1.29017
0.722991
0.711151
0.766144
0.764514
1.2152
1.16671
1.12745
1.07328
1.21014
1.27691
1.27211
0.765228
3.5774
1.32487
0.752546
0.845295
0.752947
0.758211
0.976679
1.37873
1.23361
0.737937
0.579512
0.865906
0.0615024
0.818766
0.551735
1.28436
1.27123
1.02152
1.30271
0.825059
0.807579
2.51903
0.750329
1.29951
0.56198
0.903414
0.574866
1.00182
3.77129
0.933183
0.947463
0.679045
1.18956
1.13376
1.38204
0.94587
1.13293
1.24708
1.04583
0.637964
1.27955
0.949631
0.988996
1.00859
0.871928
1.27287
0.310793
0.826484
1.28167
0.744785
0.696281
1.10914
1.28424
1.40415
0.785461
0.814791
0.629229
1.2507
0.62692
1.31915
1.25319
0.969574
0.468128
0.730243
1.17437
0.845226
0.348131
3.655
0.56811
1.35382
1.37496
0.955272
1.27894
1.22421
0.884496
0.678555
0.859803
1.17232
1.26384
0.861497
0.805846
1.24387
1.23261
0.934491
1.16738
1.09679
1.23242
1.00209
0.792072
1.261
1.0309
1.09214
1.41689
1.30813
1.2552
1.22058
1.28501
1.23555
1.37055
1.26968
0.65549
0.897463
1.26424
1.21113
0.764665
1.2133
1.51852
1.18789
1.25572
1.16108
1.13646
1.21038
0.580066
0.923011
1.26252
1.50234
0.83763
0.9783
1.28735
0.741229
0.773513
1.11856
1.5268
1.22521
0.555904
1.36232
1.36813
1.28053
1.2147
1.26735
0.498846
4.30896
0.491951
1.13441
1.32541
0.697118
4.32214
4.28331
0.93856
0.91596
0.958722
1.24497
1.38132
1.37957
0.978007
1.27673
0.964995
1.30585
0.6533
0.665933
0.951452
0.895574
1.35323
0.913007
1.25542
1.22702
0.655379
1.19553
0.0881418
0.672081
0.982155
1.2988
0.818121
1.16899
0.798828
0.894869
0.946543
1.02794
0.893667
0.95321
0.974742
0.607907
1.28729
1.43397
3.42263
0.792266
1.25119
1.28301
0.929816
0.887024
1.37294
0.795862
0.872855
0.917218
0.909023
0.956642
0.647779
1.16441
1.34563
1.15733
0.872504
0.923983
0.709039
1.27115
0.91114
1.2433
1.26012
0.691653
1.20285
0.919051
1.22384
1.17092
1.00833
1.2876
0.892899
1.13509
0.836553
0.907433
0.64749
1.07179
1.15055
0.587422
0.571551
0.706088
0.707357
0.986907
1.21598
0.969606
1.36091
1.26532
1.36846
1.272
1.27268
0.50271
1.32058
0.633666
0.840604
0.617732
0.921269
0.807696
1.2142
1.28607
0.782471
1.27569
0.850702
1.39019
1.0363
0.519511
1.3333
0.894031
1.63919
1.13311
0.908134
1.49162
1.28484
0.985206
1.28462
0.811402
0.825776
1.38599
1.42415
1.35912
1.15354
1.26838
2.5063
0.919276
1.21232
0.922535
0.712755
1.1213
1.29091
0.796446
0.905552
1.0647
0.934769
1.19181
0.8634
0.953961
0.860081
0.789605
4.15009
1.73166
1.23426
0.653109
1.19561
1.23462
1.18901
0.859285
1.28101
0.91517
1.23984
1.28041
0.908047
1.37188
1.11666
1.29279
1.27714
0.886027
0.842592
1.2695
3.02211
0.905273
0.715055
1.31791
0.558954
1.27582
1.27792
3.53762
0.735769
1.29671
1.16373
0.616652
2.93973
1.19328
1.33284
0.955648
0.737227
0.920275
1.37842
0.901552
1.38575
0.63741
0.88946
0.998346
0.908966
1.14851
1.43084
1.19018
0.803783
0.822915
1.3485
0.960582
1.29272
0.962681
0.840814
1.27809
0.791924
0.552746
0.74992
1.25545
0.661869
1.168
1.04705
0.905446
0.586225
0.75109
3.74965
1.31809
1.32412
1.18326
1.39041
0.841234
0.959237
0.390284
0.81118
0.749848
1.10012
0.588604
0.715859
0.911798
1.30239
0.859939
1.36757
1.20349
0.940121
1.20775
1.32227
1.18739
0.874019
0.899544
0.955252
0.825978
0.263212
0.998916
0.883903
0.600044
0.909429
1.23956
0.945595
0.62789
1.24664
0.958055
0.619624
1.21459
1.14325
1.09128
1.06613
1.01064
0.85328
0.951486
0.840548
0.669179
0.50832
0.980878
1.51476
0.83174
1.29961
0.917405
1.27464
0.5986
0.918712
0.958084
1.25138
1.31447
1.41637
0.626751
0.920182
1.33005
1.06751
0.921741
0.911754
1.19825
-0.433757
1.05257
0.92581
0.784662
0.804889
0.955548
1.31798
1.35923
0.751626
0.813308
1.04616
0.909016
1.19411
3.51686
0.784141
1.20691
1.30968
1.26472
0.661696
1.28989
1.28818
1.41765
0.577629
1.2789
0.501349
1.28362
-0.491495
1.25366
1.38106
1.14264
1.2795
1.20484
0.924284
0.880778
1.10375
0.616474
0.732834
0.790913
1.14375
0.977036
0.818456
1.2692
1.30419
0.756258
1.29698
0.658303
1.22708
0.93168
0.521489
0.821508
4.00724
1.27642
0.788669
0.891592
1.29082
1.27566
1.21166
0.974892
0.62863
0.932648
0.676624
1.11111
0.544423
0.91818
1.07099
1.43391
0.95437
0.711063
1.27208
1.26302
1.18483
1.3775
0.558613
1.31445
0.864823
0.71455
0.696918
1.28278
0.990698
0.932934
2.0678
1.19865
1.27364
0.606871
0.92196
1.25598
1.12003
0.920764
1.40528
0.969928
1.0446
0.629189
0.771636
3.49065
1.39865
0.593049
1.35596
0.700619
0.972679
1.07682
1.16056
2.42609
1.20871
0.932143
0.939012
1.45851
0.926459
0.927063
0.92881
0.937704
0.654081
0.961842
1.26472
1.23556
0.625106
0.946427
0.626089
0.913633
1.26015
0.918843
1.09489
0.749354
1.02815
1.28384
0.716018
0.471183
1.15063
1.40749
0.645709
1.29018
1.3964
1.26763
1.28972
2.09896
1.05849
1.25988
0.995819
4.28057
1.23038
1.2738
0.924179
0.658749
1.13164
0.807655
0.766246
0.752173
1.23969
0.792164
0.91843
1.20226
0.84834
1.0265
0.936554
0.856562
0.745628
1.28674
0.798283
0.811211
1.30714
1.27881
0.103207
0.803284
0.918011
3.91654
0.966163
0.497877
0.865871
1.27457
0.815451
1.07353
-0.678578
0.83083
0.820503
0.729525
0.690772
0.824944
0.581841
1.29345
0.607903
1.24589
0.776086
1.16089
2.17636
0.781881
1.13656
0.853717
0.796639
1.2474
0.94717
1.88257
0.961367
-0.314373
0.641281
1.16707
1.48341
0.876476
0.885991
1.25992
1.29653
1.32333
1.29443
1.30348
1.41004
1.40244
1.34213
1.27963
1.29062
0.781215
0.758452
1.43674
1.38786
0.613848
0.771063
1.39383
1.3097
1.28513
1.25559
1.2893
1.18648
0.894401
1.06805
1.35829
1.44682
1.21931
1.37524
0.558216
1.25804
1.13634
1.36163
0.832791
0.768536
3.73784
1.22587
1.23925
1.3493
0.692193
1.05444
1.25679
1.24815
0.546729
0.963794
0.867629
3.25327
0.224315
1.29644
0.867744
2.50541
3.43602
0.952217
1.2859
5.69685
-0.584916
-0.169122
-0.664863
-0.854263
5.38992
-0.574815
-0.0446155
5.64298
-0.874711
-0.11473
1.93254
0.0155144
-0.537119
0.252308
0.404934
-0.510321
5.5763
-0.265252
-0.890413
-0.588555
-0.892258
-0.520552
-0.0482273
5.66531
5.67993
4.14666
1.176
0.800361
1.10012
0.845257
0.924371
0.8792
1.24271
0.843637
1.10727
1.32184
1.18616
1.29216
1.10493
1.27545
1.15571
1.25961
1.299
0.881984
1.3239
1.03123
1.19621
1.24683
1.57442
0.918712
1.0055
1.11608
0.750637
1.44576
1.38942
1.17572
1.20487
1.07637
1.36193
1.26076
1.43404
0.867121
0.629889
1.26161
1.28797
0.947007
1.35913
1.25424
0.588946
1.23588
2.05149
0.926907
1.38362
1.47509
0.792077
1.00703
0.910419
1.19333
0.894695
1.23954
1.23655
0.895769
0.794953
0.59391
0.770974
0.654218
0.583007
0.903315
0.570797
0.952375
1.13601
1.23871
0.295679
1.29993
1.29029
0.987955
1.00873
0.55572
1.45765
1.41341
1.28186
0.523188
0.873694
1.27618
0.927941
0.922041
0.783457
3.39318
1.43435
1.26798
1.26036
0.994121
1.04525
1.25718
0.576856
1.12938
0.916941
0.878605
1.26998
0.562784
1.19033
1.12598
1.14441
1.19128
0.551796
1.04155
1.50856
0.920706
1.01651
0.652096
0.584133
0.936631
1.29343
1.47885
0.878583
1.35232
1.68918
1.42996
0.844175
1.3857
0.77558
1.15679
0.562667
1.24689
0.909955
1.19774
0.960738
1.39031
1.16722
0.965772
0.95581
0.8777
1.26205
1.3109
0.549855
1.31381
1.43119
0.852354
0.9282
0.983265
2.39806
0.783274
0.951584
1.04331
0.814447
0.646993
1.26601
0.91313
0.912081
0.937925
0.580709
1.01691
0.8866
1.16635
0.967456
1.16753
1.1583
0.487621
1.32854
1.35561
1.23897
1.2606
0.760685
0.546918
1.20427
0.892419
0.953552
1.3707
0.849072
1.59741
1.07134
1.40847
0.92686
0.744091
0.566733
0.783077
0.922002
0.801614
0.94398
1.37917
1.37603
1.42148
1.3727
1.28526
0.934427
1.45098
0.992426
1.36758
1.69957
1.20589
0.702867
0.759297
1.06953
0.772165
0.786709
0.909613
1.27205
0.829706
1.08411
3.75509
0.814346
0.571786
0.555322
0.877437
0.950608
0.780078
0.776332
0.973919
1.29624
1.24408
0.743181
0.676366
1.20545
1.26579
0.833312
0.871322
0.883893
1.27178
0.974047
0.856589
1.42381
1.16845
0.924108
1.18839
0.934578
1.24546
0.690331
1.00408
1.52624
1.36665
1.02318
1.3943
0.813074
1.21507
0.90384
1.36048
0.737391
0.879151
1.15606
1.2451
1.26318
1.30676
1.14007
1.01699
0.680077
0.765744
1.29586
1.4375
0.959461
0.98222
0.819218
1.30397
1.14722
0.825744
1.45872
1.07545
1.29929
0.795472
1.01568
0.627141
1.00745
1.15547
1.37148
1.27963
0.77928
1.30148
1.0577
1.2452
1.38092
0.520237
1.35238
0.816619
1.2659
1.59367
0.338214
1.31258
1.01817
0.84952
0.891538
1.16261
0.861393
1.28708
1.0099
1.28618
1.30249
1.24572
-0.372991
0.909571
1.30221
1.19164
0.811382
0.93948
0.68344
1.30626
1.13759
0.971475
0.930555
1.20939
0.766587
1.03306
1.28531
1.27388
0.631051
1.20441
0.910308
0.929396
0.924282
0.695278
1.24106
0.557105
1.34027
0.676985
0.729398
0.887844
1.34772
1.25338
0.742572
1.02816
1.33419
0.65096
0.706445
0.587584
1.32508
1.24877
3.95134
3.24806
0.809036
0.961289
0.920124
1.09974
0.743974
0.976308
0.545136
1.32844
0.636073
1.14703
1.06241
0.831289
0.933107
1.28062
0.920978
0.939987
0.806936
0.909763
3.15149
0.932097
0.627012
0.582336
0.955624
1.37519
0.66086
0.827217
0.537391
1.38783
0.841436
1.0084
0.531434
0.878418
0.91905
0.491192
1.27773
0.552285
-0.166759
0.845049
1.20669
1.38944
0.977327
1.24146
1.27972
0.739107
1.37752
0.967027
1.29046
1.20481
1.37012
1.05879
0.883224
0.821893
0.84831
1.25341
0.57195
1.22258
0.975236
0.557356
0.798842
0.991194
3.46698
1.34775
0.768188
1.25647
0.564057
1.04399
1.00362
0.81092
1.04222
1.06682
0.763454
0.801244
1.31901
1.24091
0.821553
0.7199
1.30664
0.561139
1.28389
0.711957
0.926725
-0.210799
1.24911
1.2834
0.515675
0.871253
1.30972
1.46452
0.619774
0.917292
1.57498
1.14957
0.826718
1.14874
1.28621
1.44145
1.0265
0.548846
0.874804
0.69638
1.1456
0.53635
1.27985
1.22519
1.28136
0.654772
0.79586
1.40069
1.40493
0.816017
0.885035
1.33187
0.742097
1.3859
0.919904
0.568492
3.82865
0.829759
0.877808
1.27152
0.468371
0.873859
0.91465
1.12107
1.0359
1.21108
0.762862
0.888632
0.614413
0.790601
0.865123
0.942728
3.23982
1.28274
1.1799
0.603883
1.03079
1.01312
1.17295
0.814962
1.28002
1.27846
3.47112
1.0453
1.01206
1.15802
1.27727
1.35757
1.17218
1.21966
1.10366
1.38706
0.892936
0.589581
0.872699
1.40208
0.884647
1.29228
0.778673
0.993088
0.786371
1.17643
1.32594
1.29571
1.32806
0.957475
1.32532
1.44922
1.25715
0.905468
1.07599
0.880179
1.30793
0.956447
3.24619
1.63421
1.27842
0.931621
0.751592
1.10405
0.771895
0.796635
1.24617
0.827209
0.913003
1.23149
1.39306
0.905033
1.29225
1.08185
0.991435
0.823668
1.14505
0.988983
1.35195
0.504019
1.39458
1.262
1.07649
0.967733
0.955468
1.14199
0.743156
0.999481
1.43961
0.829452
1.06291
3.31706
0.905629
1.23986
0.869318
1.36515
1.3598
0.591156
1.06927
1.23443
0.89929
0.513144
1.32476
1.33363
1.17247
0.863255
0.994319
1.05891
0.711717
1.36045
1.37352
1.28827
1.14451
0.968549
0.584948
0.805773
0.53062
0.685437
0.710045
1.28366
1.44364
1.29975
1.15194
0.633079
0.888324
0.925463
1.26589
1.13398
1.21495
1.36044
1.3448
0.835417
1.30815
0.369199
1.31544
0.824379
1.23444
0.637743
1.12584
1.2464
1.272
1.21826
0.717137
0.775771
1.43824
0.797382
1.39848
0.872701
0.554798
1.3146
1.27597
1.22741
3.84632
1.06968
0.914405
0.161941
0.845046
0.597193
1.17134
0.92779
0.860551
1.17838
0.619002
1.45715
1.29104
1.41313
1.27142
1.37065
0.9333
1.28604
0.542381
1.12969
0.897942
0.982138
0.77483
0.757444
1.30296
1.28779
0.745498
1.38044
1.06337
0.923506
1.29127
0.871794
1.02394
1.14553
3.34189
0.575635
1.33611
1.30296
0.626901
1.14481
1.19949
1.29992
1.28663
1.0549
1.33311
1.46479
1.3822
1.25784
0.771098
1.11162
0.961081
0.673675
0.828614
0.88489
1.17991
0.819571
1.31334
0.903601
0.926275
1.07643
1.32784
1.15537
1.20321
1.31158
1.06427
0.83483
0.744142
1.2669
1.38083
1.32488
1.01288
1.26395
0.867437
0.901958
1.30924
2.56869
0.822883
1.26359
1.17207
1.00114
0.573891
0.716043
1.28686
0.861649
1.29258
0.862463
1.09579
0.561051
0.969675
1.37149
1.28856
1.34517
1.05355
0.921011
1.26156
1.12074
1.22533
0.986248
1.04424
1.22069
1.12768
0.747816
1.13853
0.956007
1.17169
0.794552
1.28143
0.971202
0.927057
0.925444
1.16492
1.13903
0.685273
0.908186
0.960186
1.30237
1.3811
1.15228
2.74268
0.528095
1.33536
1.29444
1.03454
1.21049
0.86222
0.878043
0.84343
0.629537
1.25864
1.17518
0.865042
0.580868
3.00681
1.2947
0.952617
0.979381
0.906105
0.749221
1.4081
0.750508
1.3311
0.641241
1.22876
1.11548
1.1537
0.903816
1.52221
1.1755
0.546869
0.989451
1.16437
1.33893
1.41012
0.923762
0.850095
0.505538
1.28977
1.29763
0.88309
0.978346
1.53441
1.0239
0.875504
1.01805
1.35622
0.572029
0.909267
0.945225
1.38846
1.31705
1.29006
1.29504
1.20278
1.19918
0.546485
0.746883
0.953665
1.26993
0.847006
1.12562
1.14414
0.649927
0.872479
1.15605
0.671618
0.863446
1.39426
0.738932
0.953708
0.937094
1.15838
1.03104
1.36898
1.11373
1.06725
1.16496
1.31024
0.872629
1.24477
0.934318
1.20831
0.768758
1.00469
1.21169
0.974763
1.1242
0.829993
1.16623
1.17828
0.611226
0.85825
1.21756
2.28748
1.16235
0.820184
1.23564
1.47115
1.39674
1.28236
1.22768
1.28252
0.895825
1.1687
0.751304
1.18587
0.713808
1.28175
3.34992
1.12514
0.662005
1.35605
0.954935
1.39271
1.15505
0.394405
0.954901
0.967315
1.24698
0.986907
1.28345
1.6742
0.734685
0.781754
0.916798
1.22216
1.17421
1.28269
0.75175
1.01026
1.05598
0.535552
1.32203
1.03068
1.26885
1.18338
1.21895
1.28699
1.25027
0.987679
0.726675
0.577675
1.08755
1.48088
1.35039
1.1352
1.27111
1.30001
1.29638
1.21525
0.631465
1.24936
0.62926
1.06903
1.00252
0.700687
0.902631
1.26874
1.2575
-0.22249
0.687154
1.33617
1.35953
0.856893
1.02343
0.7854
1.23936
1.3704
1.23738
1.16506
0.894162
1.34281
0.292567
1.27784
1.1149
1.26042
0.570751
0.801422
1.32953
1.14574
1.35287
0.653739
0.949796
1.15071
1.29625
0.920378
0.704623
1.38275
1.26078
3.23167
1.34949
0.93614
1.21501
1.12099
0.955835
1.04711
0.802448
0.676109
1.0116
1.05391
1.02614
1.13881
1.1585
0.86579
1.29247
0.832974
4.14316
0.845133
1.35085
1.25334
0.844631
0.596613
0.757809
1.02474
1.28836
1.02658
1.10768
0.562708
1.29798
1.36052
0.990287
0.657668
0.929701
0.824182
0.671391
0.789052
1.3883
1.223
0.975132
0.584412
1.26228
0.967117
0.992087
0.911914
0.75642
1.29609
1.13365
0.573922
1.23112
0.64461
1.22626
1.27728
0.757089
0.817049
1.24521
0.672291
0.779638
0.661124
0.0886425
0.877145
1.021
1.32248
0.994064
0.641748
1.274
1.16134
0.912168
0.772024
0.875515
1.04035
1.28141
0.765194
1.35793
2.00359
1.09397
1.24872
0.579903
1.29211
1.1548
1.20731
1.19568
1.15066
0.937242
0.980619
0.970322
1.23351
0.91407
1.53113
0.829662
1.2424
1.23578
1.21696
0.84473
1.29783
1.19263
0.436373
0.600621
0.930303
0.618801
1.3018
1.20674
0.751972
0.686828
0.704882
1.28147
1.34554
1.44889
1.33342
1.24944
0.927426
1.29185
0.708077
0.823004
1.40605
0.893223
0.931733
1.29353
1.3019
1.32354
1.25673
1.31407
1.29477
0.529041
0.906343
1.2848
0.900676
1.15357
0.800452
0.904194
1.28416
0.993257
0.847267
1.26035
1.10486
0.978221
1.00131
1.15817
1.41931
0.442588
1.2745
1.19903
0.457834
0.969904
1.105
1.00512
0.801081
1.16998
0.747026
0.920742
1.28036
0.986337
1.39018
1.26989
1.19925
0.915685
1.51829
0.817399
1.01316
0.780958
1.27182
1.0026
1.29479
1.11239
0.839982
0.998036
0.864683
1.29501
1.09407
1.19897
0.833649
1.34608
0.975927
1.29571
0.929867
0.72939
1.07246
0.937386
1.15462
1.29814
0.549011
1.33941
1.26326
1.26735
1.27681
0.830881
0.943028
0.943053
1.02434
1.11768
0.975911
0.777011
1.04763
0.606847
0.794007
1.30129
1.42147
1.48813
1.25027
1.29245
1.40877
1.28755
0.724549
1.25658
0.11251
0.696132
0.936944
0.584584
1.23609
1.39541
1.08223
1.01
1.24683
1.36562
0.884128
1.36598
1.27724
1.16022
0.533517
1.00374
0.863397
1.13086
1.40483
1.46856
0.973925
0.754767
0.636442
1.19985
0.960242
0.623963
0.664614
1.33453
1.2401
1.04624
0.936015
0.964113
0.869029
1.17268
1.19593
1.15198
1.10616
1.27472
1.30057
1.39608
0.719649
1.2491
3.74833
1.26538
1.17567
0.616327
1.26728
0.802395
1.29294
0.909235
1.29106
1.16091
1.08815
1.30127
1.26391
1.14795
0.70576
1.32526
1.28039
1.26498
1.17302
1.3523
1.27476
0.751933
1.26774
1.21404
0.615703
0.939985
0.776294
1.27313
1.18197
1.28214
0.762332
0.662944
0.878638
1.27486
1.26344
0.680241
0.775817
1.15472
1.28514
0.300344
1.153
1.35103
1.36858
0.927097
1.19225
0.978338
1.27774
1.14173
1.4305
0.770594
0.530002
0.744576
1.26185
3.02085
1.30082
1.19132
0.788253
1.25732
0.983138
0.583225
1.3155
1.21342
1.26782
1.07757
0.953866
1.29647
0.952034
1.06611
0.474406
1.06356
1.26382
1.40392
1.23208
0.864908
0.737654
1.19158
1.27174
0.996336
1.40572
0.806722
0.922313
1.32958
1.35224
0.685648
1.22225
0.714212
0.68086
1.16629
0.987891
1.11124
1.49979
1.34725
1.00133
0.657218
1.22801
1.29028
1.32337
1.04572
0.624814
1.26072
1.33778
1.19139
1.48764
1.1319
0.810705
1.01326
3.94809
1.2857
0.847299
1.24421
1.27826
1.25138
1.23205
0.750553
1.1736
0.881485
1.35145
1.23674
0.881257
1.27969
0.699627
0.967047
0.9759
0.926984
1.34348
0.920064
0.990312
1.24515
1.49832
0.930836
1.33477
0.927136
1.15698
1.13381
1.1636
1.28407
1.0645
1.3195
1.23835
0.97154
-0.139344
1.27214
1.02312
0.908364
1.40092
0.839909
0.940322
1.26303
0.846416
1.30531
1.08491
1.51476
1.38609
1.01458
0.959866
1.26824
1.14582
1.02248
1.11245
1.21819
0.847937
1.21605
1.34805
1.23905
1.28807
1.37117
1.06411
1.09608
1.19553
1.42805
0.82688
0.93262
1.04841
0.950552
0.758011
0.904203
1.28341
1.36017
0.643345
0.976868
0.952624
0.941139
1.13155
0.75371
1.04739
1.10578
1.28873
1.23828
1.21983
1.13461
1.21467
0.624391
1.27059
1.2711
1.32743
1.11264
1.2337
1.02955
0.718647
0.972695
0.726369
0.638228
0.891883
0.869549
1.28805
0.970903
1.08269
0.951706
1.40587
3.37507
1.0253
1.24439
1.23895
0.552777
0.969051
2.24687
1.30941
1.29045
3.45472
1.28825
0.606384
0.764094
0.747739
1.07445
1.26043
1.22577
1.16833
0.837766
1.39094
1.26735
1.16505
1.42915
1.2969
0.987926
1.23736
0.671552
1.26593
1.00129
1.27008
0.862153
1.30702
1.38033
1.21907
1.16629
0.923021
0.702197
0.912634
0.819172
1.22213
1.32352
1.36219
1.1663
0.935684
1.29112
1.12445
1.26497
0.978158
0.833428
0.928584
0.958186
0.793618
0.711394
1.33318
0.94165
0.775578
1.30338
1.02681
1.26586
1.26552
1.0125
0.765275
0.756238
0.901878
0.953371
1.08542
0.568316
1.06084
1.32105
0.83454
1.18152
0.830491
1.19349
0.943921
0.645209
0.971385
1.23032
1.23665
0.954931
1.26228
1.23508
1.22217
1.23743
1.30489
0.969537
0.657995
1.33958
0.931675
1.00042
1.26299
1.43722
1.24913
1.31564
0.714425
1.05196
1.30311
0.785348
1.19572
1.24208
0.968403
0.899517
1.35177
1.33278
1.09959
0.809364
1.22394
1.30053
0.960532
0.670524
0.598725
0.759045
1.33786
1.46923
1.05953
1.12567
1.28497
1.43671
1.345
1.35214
1.38218
1.36379
0.751742
1.22963
2.68158
0.631251
0.650077
1.2256
0.860467
0.928572
0.951578
1.33986
1.22703
0.929195
0.748727
1.25118
1.26444
1.0172
1.20688
1.21253
1.23984
1.1999
0.912639
1.13401
1.25015
1.19783
1.20441
0.9568
1.24638
1.27738
1.25413
0.677051
0.937258
0.904982
1.39548
0.945328
0.999039
3.11258
1.28623
0.887091
1.27608
1.39446
1.16612
0.736103
1.82784
1.02491
0.941974
0.608518
1.22042
1.28501
1.14081
1.22434
0.795642
0.913053
0.844567
1.08907
1.40576
1.49783
1.18033
0.974978
1.3445
1.10845
1.29893
1.23119
0.779297
1.02434
1.17983
0.845802
1.25981
1.23198
1.38221
1.24378
0.910592
0.842414
0.985721
3.51031
1.24216
1.2835
1.29312
1.10782
1.03281
1.30827
0.35994
1.12439
1.35957
1.42472
0.868663
1.35551
0.765
1.24404
0.669845
0.991675
1.44905
1.3167
1.3865
1.33709
0.948133
1.15589
0.913137
0.724764
0.928546
0.94848
0.843183
1.40367
0.654258
1.38958
1.00862
1.35253
0.768052
0.927329
3.43029
1.3375
0.903487
1.07892
1.06177
1.24007
1.10915
1.13494
-0.102244
3.30409
1.31277
1.32568
0.806553
0.809158
3.68607
1.33133
1.25404
1.07679
1.0914
1.29174
0.89036
1.3417
0.743951
0.884397
1.23159
1.02092
1.06519
1.33451
1.25522
0.682462
1.95364
1.34284
1.25517
1.15134
0.730991
1.26333
1.29407
1.31152
1.40464
0.99903
1.13088
0.652121
1.03312
1.30745
1.35673
1.16013
1.23465
0.910284
0.915223
1.24624
1.21874
0.939125
1.46114
2.9315
1.04361
0.688534
0.929584
1.25792
1.16415
1.21641
0.524902
0.545738
1.32057
1.01428
1.29902
1.53227
1.13549
0.898849
1.34737
1.01362
1.29193
1.29543
1.08865
0.638405
1.1386
1.25244
1.07693
1.27855
1.27464
1.26526
1.01656
1.09286
1.09261
0.516463
0.857803
0.506242
0.746411
0.598943
0.898147
1.09351
1.07633
0.756201
1.09429
1.08548
1.31318
1.36153
0.947214
0.706641
1.46145
0.738006
1.4011
1.27069
0.82886
1.45629
1.06306
1.22946
0.566978
1.23865
1.44593
1.24614
1.29896
1.05912
2.77674
0.773602
0.906808
1.39563
1.30625
0.924468
1.22762
0.783885
1.15145
0.918451
0.843128
1.32055
0.742823
0.95041
1.14306
1.26378
1.24683
0.979319
1.28985
0.687479
0.923697
1.30439
1.21428
0.83988
1.15505
0.930934
0.48852
1.31332
1.17963
0.92974
1.31628
1.28122
1.28511
0.883316
1.11678
0.847538
1.24508
1.31526
0.825159
0.941307
1.27678
1.18711
1.49999
0.679193
1.15
0.721677
1.32741
0.929417
0.839568
0.962711
1.33009
0.986944
1.14343
1.43843
1.38271
1.43475
0.954784
1.31936
1.60608
0.755377
0.652782
1.17819
1.31656
1.20667
1.45748
1.05552
0.752131
0.814408
0.847254
1.15338
0.772906
1.37195
0.840282
1.0131
0.381995
1.31921
1.02572
0.950089
0.97106
1.16274
1.14982
1.0212
3.0238
1.21809
1.08191
1.15973
1.27807
1.30741
1.35249
1.24876
0.704208
1.33398
1.02434
1.14144
0.895137
1.01488
1.22733
0.832078
1.44109
0.590732
1.35551
0.748403
1.33356
1.02912
1.0396
1.17338
1.15832
0.888134
1.4439
1.18187
1.3077
1.28338
1.30175
1.57255
0.587438
0.99313
0.934901
1.30459
0.951132
0.794888
0.9555
1.29511
0.842693
0.63014
1.14632
1.12629
4.327
0.974924
1.01437
1.19606
1.33606
1.45237
0.645234
0.975577
1.09101
1.3812
1.18217
1.0517
1.26643
1.23245
0.940271
1.12239
0.744866
0.819265
0.757887
0.839194
1.08993
0.96917
0.938327
1.14309
0.862025
0.904351
1.34593
0.898541
1.18033
1.24802
0.917292
1.27699
0.939092
0.989797
1.37944
1.43229
1.36429
1.3186
0.610629
1.17448
1.43885
-0.298448
0.804484
1.04048
1.2625
1.2841
1.186
1.34751
0.943696
1.1075
0.775948
1.25219
0.930509
0.986361
2.2131
1.14695
1.26519
1.10262
1.03275
0.98067
1.26815
1.34868
1.33841
1.28215
1.0347
0.692411
1.00553
1.26638
0.700404
1.44492
0.974633
1.05934
0.658459
1.27799
1.30528
0.906599
1.01226
1.31331
3.34474
0.76831
1.27374
0.661306
0.947786
1.01532
1.39229
1.28417
0.430943
0.795693
1.31969
1.29915
1.26725
1.0965
1.31652
1.05727
1.16337
1.10427
0.534725
1.27785
1.25314
1.86594
1.0795
1.28323
0.873962
0.893674
1.26069
1.25581
1.05724
0.794873
1.36229
1.34486
1.07958
1.2527
1.01679
0.919086
4.49347
0.936496
1.25337
0.909203
1.16913
0.469162
1.04908
1.27445
0.883323
1.40702
1.00236
1.331
1.1544
1.23979
0.863764
1.06447
1.25082
1.35869
0.981693
0.90325
0.893281
1.3305
1.27148
1.34111
1.04455
0.74625
0.77511
0.75778
1.23534
1.05217
1.17491
1.07944
1.38491
1.22179
0.660486
1.32487
4.6836
1.42747
0.985977
1.2683
0.902923
1.23122
0.662607
1.12405
0.645814
1.28226
1.2366
0.731898
0.892704
1.4121
1.05834
1.21043
0.851505
0.743049
0.922472
1.29408
0.767139
0.99235
1.34384
0.748649
1.3253
1.27552
1.27202
0.750267
0.992657
1.35595
0.796073
1.3828
0.920523
0.847297
0.518782
1.36479
1.10673
1.14961
1.31307
0.836718
0.927152
1.15635
0.856078
0.937127
0.934012
0.95119
0.826766
1.06431
1.26137
1.46074
0.682079
1.3052
0.699362
0.679125
0.832683
0.871573
0.918035
1.1732
1.43484
1.04095
1.20412
0.977076
1.02422
1.37688
0.782303
1.38613
0.861914
1.25534
0.828177
1.36905
1.466
0.895516
0.65728
1.38305
1.36876
1.23088
1.36132
0.842019
1.34852
1.3021
1.27056
1.01495
1.04555
1.33905
1.33041
0.753645
1.42163
1.33182
1.35679
1.26421
1.19974
0.648952
1.28593
0.955292
0.822143
1.13444
1.31734
1.33109
1.35659
1.44107
1.17626
1.22624
0.651312
1.36962
1.29803
0.933284
1.33092
1.05235
0.919869
1.25978
1.24045
1.08356
1.36713
0.572611
3.42457
1.26653
1.34013
1.31053
1.22556
1.36495
0.952517
1.26897
0.957858
0.976315
1.26541
1.0433
1.3144
1.27036
1.30949
1.08691
1.25965
1.38811
1.27094
1.81611
1.38095
1.18438
1.21795
1.29846
1.29871
1.29537
1.44069
1.27175
0.846695
0.969695
1.26595
1.23916
1.16421
1.24857
0.858905
0.822268
0.847907
1.2813
1.08137
1.26075
0.783044
0.937933
1.18056
0.976064
1.27608
0.86834
1.22724
1.24278
4.20641
0.935534
1.29688
1.48185
1.31616
1.46299
1.03993
1.31949
0.912027
1.3427
1.17512
1.32911
1.31192
1.3093
0.868021
1.2003
0.627026
1.32189
0.680365
1.29831
1.31676
0.870984
1.31237
0.828766
0.870377
1.29429
0.544679
1.06444
1.1078
1.24811
1.19041
1.26554
0.818242
1.3385
1.19488
1.35144
0.823182
1.26321
1.23932
0.79671
0.775581
1.34865
0.931524
0.821089
1.35355
0.919395
1.37848
1.10192
1.12759
1.31565
1.16723
0.790535
1.94327
1.16465
1.42786
1.30593
0.732418
1.23927
1.17598
1.33337
0.654513
1.43739
1.07992
1.44907
0.849692
0.772618
1.28579
1.43952
0.190622
0.866149
1.35834
1.30218
1.45581
1.3505
1.14645
4.3178
4.12265
1.11241
1.28957
1.43475
1.37496
1.29556
0.936832
1.26055
1.2302
1.33276
1.17382
0.772435
1.45327
0.80282
1.13445
1.30155
1.36633
2.5441
1.36037
1.13148
1.44719
1.29054
0.939595
1.20223
1.2441
1.28063
1.16641
1.36107
1.12424
1.02978
1.30213
0.766177
1.33743
1.5421
1.21118
1.27528
1.27807
1.36352
2.8341
0.857777
1.21089
1.26942
0.601684
1.43679
1.28144
0.859136
1.11192
1.3197
2.67168
1.03378
1.30187
0.736301
1.30343
0.998149
1.38928
1.31564
1.26166
1.26898
1.29854
1.23366
1.04009
2.41289
0.846305
1.24049
0.76039
0.690121
1.1771
0.597911
1.3112
0.771377
1.2095
1.27357
1.2739
1.13057
1.06303
1.35101
1.21978
1.32481
1.25273
1.05691
0.996679
5.53584
1.51918
0.827182
1.1493
1.41907
1.10519
1.24804
1.27483
1.34449
1.06092
1.3719
1.39548
0.897047
1.32193
0.643716
1.25364
1.32209
1.29493
0.473762
0.941135
1.32736
0.495583
1.01928
1.29197
1.2558
1.22064
1.3198
1.20252
0.556891
1.20139
0.88751
1.15475
0.894198
1.00796
1.07944
1.27095
1.12534
1.30682
1.29273
1.28796
1.24837
0.59796
1.20837
1.13697
1.32107
0.876699
1.19283
1.23075
1.00533
1.05639
1.34702
0.949425
1.3293
1.55608
1.31097
1.09541
3.82102
1.29755
0.894468
0.9049
0.974589
1.13833
1.10241
1.40051
1.32025
0.661569
0.868646
-0.265976
0.8592
1.30502
1.42424
0.783381
1.30453
0.830148
0.810961
1.39103
1.35368
1.31587
0.543586
1.17458
0.960561
0.888702
1.12482
1.43999
1.23097
0.984907
1.33217
1.29442
1.59698
1.3295
5.5566
1.26655
1.11325
0.883067
1.27935
1.2644
0.850475
1.40143
1.11997
1.29097
1.37622
0.0569987
0.928912
1.26097
0.802748
1.28396
1.43418
1.14598
1.12232
1.05795
1.25215
1.13609
0.735801
1.37779
1.3685
1.26282
0.941129
1.27739
1.21064
1.45864
1.16076
0.749625
0.688606
0.985734
1.29263
1.31472
1.06298
0.907771
1.35307
1.01407
0.635451
0.95992
1.33535
0.967185
1.31049
0.533539
1.4129
0.889182
0.782848
1.10826
0.816075
1.10459
1.37232
1.1903
0.707567
1.25042
1.06069
0.912426
1.36234
1.23531
1.11459
1.29452
1.23006
1.26823
1.29699
1.32796
1.24798
1.23519
1.32735
1.54961
1.32265
0.550584
1.32226
1.34639
0.790376
1.28406
0.871786
1.34118
0.850075
1.26428
1.4449
0.481734
0.8499
0.951232
1.38336
0.856943
0.858727
1.06256
0.796224
1.18869
0.980925
1.26553
1.43426
1.32189
0.709412
1.23159
0.77711
1.00905
1.32178
1.30777
1.23248
0.828689
1.15243
1.42601
0.935835
0.958305
0.8509
1.33174
1.3269
0.525836
1.44793
1.38029
1.244
0.983198
1.29516
1.35291
1.32721
1.30294
1.31548
1.28694
0.897198
1.24409
1.3821
1.60015
0.834309
0.933774
1.38487
1.31128
1.02822
1.18056
1.1401
0.797787
1.41118
1.26846
1.27622
0.719535
0.926239
1.23038
0.756028
1.23101
0.825247
1.37117
1.28699
1.08026
2.5452
0.821254
1.04441
1.0672
1.38602
1.14207
0.79435
1.18296
1.08516
0.381207
1.05176
1.27454
1.13884
0.838961
1.23598
0.93333
1.31172
0.718263
0.834422
0.943759
0.922586
1.31902
1.29924
0.844664
1.13825
1.14383
1.36778
1.1653
1.20514
1.27183
0.941702
1.08496
1.29748
1.26449
0.935477
0.589268
1.34575
1.01699
1.26933
1.27549
1.08992
1.19555
0.868914
1.31206
1.36426
1.24901
1.2684
1.31944
1.15897
1.14421
1.34602
1.37983
1.32101
1.34595
1.25826
1.23856
1.37047
0.682383
1.3029
1.11915
1.33613
0.466214
1.26189
1.31802
1.26894
1.32914
0.724376
0.746591
1.24699
1.45274
1.25218
1.19383
1.28197
1.12262
1.18677
1.30241
0.982171
0.767912
0.521523
1.17909
0.934753
1.20825
0.86746
0.900857
0.861556
1.15353
1.24532
1.26513
1.24782
4.70225
0.692885
1.04554
1.39531
1.25686
1.28433
0.913142
0.68096
0.886692
1.18767
0.848234
0.650704
1.09055
3.90485
1.30595
0.810173
0.824476
1.31514
0.838461
0.673992
1.25395
1.14178
1.24174
0.901161
1.27843
1.21121
0.927434
1.38853
1.30042
1.29582
1.35063
0.860229
1.26624
0.767922
1.54661
1.1382
0.873601
1.32885
1.26923
1.24882
1.06849
1.27644
1.23925
0.641757
1.10312
1.03613
0.73049
0.90797
0.940167
1.10356
0.825909
0.772333
0.91386
1.3772
1.01702
0.77269
0.754097
1.38644
0.645491
1.48539
1.34147
1.30288
1.30449
1.25246
1.32205
1.32381
0.892943
1.2694
1.36196
0.758391
1.20154
1.45693
1.28771
1.32105
0.828886
0.846077
0.891487
1.34561
1.30107
0.656594
0.917546
1.03866
1.05512
1.36143
0.951925
1.31657
1.06726
0.797121
1.317
1.23678
1.14463
0.907876
1.32425
1.28025
0.648006
0.91795
0.979062
0.811013
1.08273
0.859682
1.34113
1.06456
0.851958
1.25751
1.31612
1.29986
1.29382
1.08487
1.29748
1.16312
1.2483
1.38989
0.790245
0.886852
0.857077
1.098
1.23433
1.40158
1.25318
1.30921
0.861044
0.835852
1.27339
1.29404
1.33421
1.47247
1.3662
1.3011
1.32068
1.29242
4.71711
0.669404
0.834288
1.56473
1.02642
1.27513
1.31198
1.30411
0.504463
0.766488
1.02467
0.939332
0.732555
1.27813
0.865765
1.34092
1.32545
1.10129
1.43373
0.876401
1.44325
1.31747
1.30027
1.39582
0.804242
1.30437
1.12779
0.607459
1.23256
1.20842
1.26918
0.963859
0.870977
0.898889
1.31573
1.4015
1.3455
1.35183
1.37259
0.905183
0.846646
1.12622
1.39499
1.31914
0.534189
1.32869
0.836756
0.848802
1.13145
1.11899
1.4036
1.06628
1.35468
1.11675
0.834463
1.39178
0.833427
1.43196
1.1429
0.885031
1.31601
1.1959
1.25339
1.26288
1.30944
1.08587
1.2266
1.12553
1.36628
1.18784
1.36395
1.38065
1.2959
1.35728
1.18214
1.40564
0.691947
0.718352
1.06733
1.31277
1.07194
0.916545
0.876729
0.546855
0.296362
1.32836
1.27229
1.15314
0.944538
1.35531
0.857324
0.895718
1.16203
1.32794
1.39297
1.39995
1.24572
4.28429
1.39
0.504381
0.916942
0.41074
0.572604
1.2862
0.551581
1.02819
0.983467
1.16829
4.28504
1.39743
1.39392
2.21692
0.853682
1.25265
0.810078
1.35464
1.32309
1.34523
0.947115
0.983532
1.26132
1.35432
0.936834
1.11929
0.935641
1.38882
4.64465
1.18424
0.914141
1.23257
1.59141
0.809577
0.799998
0.6201
0.949859
1.38409
1.40067
1.31458
1.04349
1.37643
1.29231
1.12523
1.38551
1.34351
0.817637
0.834151
1.36963
1.32295
1.32695
0.545508
0.818293
0.887682
1.29063
1.29007
1.36668
1.14467
0.702469
1.29357
0.790536
1.28627
1.2041
1.31326
1.23263
0.0267785
1.26562
1.39972
0.910744
1.30183
1.175
1.15464
1.16922
0.950418
1.38184
1.31635
1.23748
0.918505
0.830596
1.27325
1.27839
0.833292
0.916331
0.637933
1.19034
1.31648
0.938408
0.521582
1.11985
1.34922
1.43296
1.26074
1.2822
0.868889
1.14329
1.30082
0.901415
1.45049
1.03904
1.43203
1.40191
0.740325
1.36174
1.20947
1.28196
1.21709
0.89341
1.12022
1.32939
1.0691
1.26071
0.969273
1.2777
0.953703
1.1878
1.52845
0.576158
1.46686
1.12883
1.34575
1.32696
1.27899
1.91905
1.27476
1.39042
0.795305
0.901934
2.19983
1.34034
1.32625
1.20036
1.32322
0.332275
1.30756
1.23945
0.886365
1.26283
1.2839
1.1962
0.792929
0.800544
0.978109
0.646631
1.14792
0.937125
1.2871
1.30246
0.75551
1.10315
1.3078
1.24025
0.633719
1.29984
1.29377
0.53814
0.730743
1.27987
0.648671
0.830628
1.39312
0.660193
1.28211
1.06399
1.17326
3.15032
1.44517
0.738102
1.32035
0.917378
1.02975
1.15149
0.742269
1.31474
1.75078
0.758305
1.35324
0.687585
1.355
1.39207
1.29709
0.923901
0.926576
1.31833
1.08396
0.881153
1.19203
1.36772
1.38536
1.02092
1.25
1.18034
1.29211
1.37168
1.13343
1.30423
1.39657
0.97595
1.13903
1.05838
1.38449
1.37748
1.08663
1.38243
1.5368
1.24553
0.788321
0.895419
1.2815
0.607411
1.05892
1.31061
1.20009
1.1822
1.34117
1.30698
2.27577
1.19131
1.23745
1.45492
1.38969
-0.415643
0.853861
0.983812
-0.388648
0.944962
1.20225
0.810302
1.14055
1.29969
1.37463
1.29369
1.30261
1.28122
1.30935
3.29491
1.38342
1.29638
1.18643
0.939339
0.957802
1.30903
1.08159
0.801967
1.15179
1.26662
0.808203
1.29784
1.28199
1.3776
1.2764
1.44291
1.36394
0.676513
1.398
1.33801
0.679636
1.27169
0.860857
1.34017
1.09154
1.36841
1.34845
1.29919
1.36914
0.879446
0.737509
0.914783
1.05076
1.13145
0.885723
0.772981
1.59198
1.03935
1.3636
1.33181
0.779786
0.713206
1.29917
1.45379
0.593179
1.22575
1.29921
1.35617
1.32796
1.31762
1.10243
1.11243
0.849759
1.366
1.18032
1.29528
1.08862
1.2339
1.3173
0.826791
1.09987
0.792119
1.15636
1.21106
1.32169
1.36965
1.27405
1.29766
1.27547
1.31952
1.27376
0.8804
1.2947
1.21035
0.903216
1.16865
1.43575
1.27484
1.13995
1.37624
1.31014
1.13776
1.36079
1.07564
1.33253
0.954611
1.33353
1.36986
1.30378
0.524676
1.10812
1.2082
1.37822
1.10801
1.23522
1.29333
1.26283
0.624143
0.669874
1.44376
0.529882
1.07216
0.806902
1.45774
0.753136
0.561104
1.30041
0.703668
0.955346
0.976724
1.3115
1.23252
1.38079
1.40012
0.727742
1.38857
0.620292
0.793327
1.30257
1.02025
1.32702
0.944529
0.796608
0.969429
1.30127
1.2265
1.40311
0.816576
1.2843
1.01826
0.930073
1.09946
1.36602
1.30983
1.30734
2.50883
0.947481
4.06872
2.83004
1.25191
1.41505
0.593106
1.20415
1.288
1.45335
1.39338
1.2143
1.12283
1.10977
0.518499
1.34258
1.26231
1.26846
1.30508
1.31462
1.31452
0.969812
0.930416
1.20196
1.3392
0.73931
1.26618
1.1036
1.19135
1.28726
1.1211
0.767193
0.790423
1.25189
1.27662
1.35857
0.804468
1.29952
1.31764
1.19925
1.40736
0.990296
1.20431
1.22048
0.812129
0.766645
1.31766
1.39827
0.973995
0.85324
0.959769
1.35612
0.846594
1.22937
0.947354
0.843186
0.994052
1.37857
0.90153
1.31013
1.30057
1.1919
1.0295
1.2062
0.76433
1.28947
1.40083
1.32458
1.40614
1.20121
1.17375
1.28325
1.29849
1.25815
1.30956
0.942712
1.37546
1.38024
0.249013
0.839257
0.838909
1.43759
1.2094
1.29335
0.86089
1.20324
-0.0767788
0.889283
1.02716
0.707216
1.27881
0.975451
1.30598
0.752947
0.963437
1.33078
1.27691
1.28482
1.26648
0.769446
1.38065
0.53133
0.919696
0.973729
1.36616
1.47101
1.30176
0.918288
0.807606
1.22594
1.21575
1.19249
0.750861
0.764354
1.17348
1.20089
0.970543
1.25831
1.14521
1.11198
1.28944
1.01027
1.11243
1.29912
-0.353064
1.212
0.947985
1.23197
1.38889
1.39666
0.694137
0.793693
1.19397
0.834901
1.07415
1.04659
0.780064
0.899134
1.27583
1.30062
1.11416
0.514382
0.833532
1.31126
0.916369
1.0362
0.998782
1.0496
0.95263
1.20754
1.28379
1.32734
1.27205
0.743575
1.04851
0.775126
1.43818
1.28685
1.28244
1.28635
1.14324
1.11242
1.3423
0.723213
0.941769
0.755296
0.790945
1.3365
0.765144
1.24467
1.31984
1.36259
1.26774
0.952546
1.33013
1.23715
1.31701
1.14448
1.2453
0.880898
1.24551
1.40297
1.23364
1.26696
2.83821
1.37386
1.25128
1.19853
1.40856
1.11212
1.30361
1.3442
1.26442
1.20861
1.31041
0.851279
1.35681
1.35826
1.34441
1.24326
1.21067
1.28134
1.23033
1.27635
1.29833
0.701348
1.38798
0.751533
0.812236
1.09329
0.802531
1.25397
1.30534
1.34667
1.26553
0.791085
1.41009
0.740288
0.966365
0.820482
1.25435
1.39567
1.07668
1.31984
1.76295
0.904796
1.21155
1.31241
1.30969
1.09036
1.15654
1.30739
1.22936
1.24401
1.09998
1.31377
0.877567
1.16281
1.31033
1.19951
1.25084
0.742567
0.761348
0.789988
1.29175
1.23991
0.929154
1.32913
0.940075
1.4286
1.33269
1.14504
1.25355
1.34855
1.22374
0.76908
1.14139
1.34131
1.41748
1.14543
1.20992
1.16685
1.30603
1.2981
1.282
0.796521
0.762886
1.29845
1.31469
0.979069
0.484649
1.29665
0.772954
0.952207
1.38991
0.933896
1.31977
2.36734
1.4324
1.27921
0.948688
0.91542
0.896321
1.26217
1.21471
1.306
1.05039
1.3236
0.964791
1.27687
0.894858
1.01415
1.38205
1.31302
0.841761
1.17358
1.07812
1.2989
1.05114
1.30702
0.565407
0.671845
1.37611
0.932455
1.3075
1.29478
1.34748
1.37051
1.39517
1.38892
0.534504
1.25404
1.14265
1.07605
0.9154
1.11218
0.804855
1.22262
0.763056
0.916407
1.07659
1.31969
1.23414
1.13175
1.39482
1.31104
1.36566
0.991332
1.26518
1.58585
1.14911
1.31121
0.815865
1.29885
1.27612
0.957819
0.813259
0.87107
0.721989
0.999133
0.884125
1.30103
0.824673
3.44622
0.888211
1.21699
0.789784
0.812937
0.778983
0.813502
0.798806
1.12247
1.3242
1.31241
1.09494
0.748338
1.24448
0.79865
1.20568
1.27471
1.2656
1.28883
0.963869
1.03335
0.897017
0.784905
1.37059
1.39944
1.21988
0.888201
1.19428
0.973535
1.15708
0.844167
1.18388
1.30552
1.35446
1.33587
0.732673
1.40573
1.21171
1.886
0.847999
1.31477
1.06259
0.85965
0.907138
1.20346
1.12536
1.0106
1.45544
1.2999
0.775636
0.708568
0.719331
1.36404
1.3094
0.169428
1.39414
1.29897
0.673297
1.22052
1.30789
1.32177
1.61782
1.25973
1.22993
1.17852
0.878714
0.844677
0.842458
1.23931
1.39094
0.945166
1.11556
1.29325
1.97124
0.768777
0.593544
0.576771
0.931487
1.15708
1.12058
1.30164
1.11086
1.29865
1.45839
0.618133
0.613656
1.21431
1.29632
1.3761
1.39773
0.868349
0.822281
0.748357
1.27349
1.31199
1.22734
1.29716
1.37611
0.860049
0.749355
1.21443
1.28631
0.88236
0.946933
0.933215
0.832784
1.05892
1.32568
1.20311
1.13902
1.40508
2.44879
0.746877
1.23856
1.29302
1.32865
1.35331
0.558701
0.884178
1.01362
0.900743
1.18232
0.944072
1.13182
1.23803
1.13988
1.18402
1.31371
0.900164
1.34199
1.02535
1.38821
0.713708
1.29389
1.09794
1.29926
1.2845
1.29538
1.2811
1.30391
1.2127
1.33729
0.788727
0.797971
1.30277
1.42121
1.28714
1.07222
0.897696
1.16223
1.17837
1.33814
1.29274
0.848717
1.0657
1.25351
1.03043
4.47021
4.51624
1.05986
1.13352
1.26464
0.970962
1.26806
1.36779
0.998343
0.809413
0.83575
0.823015
1.40615
1.37521
1.2565
1.34041
1.38222
1.2798
1.28839
0.974175
1.13728
1.04623
0.695834
1.29052
1.32167
1.05354
1.10537
1.27224
1.16527
1.08082
1.29115
0.918708
0.853873
0.849449
0.766403
1.15367
1.15557
1.19904
1.30952
1.08902
1.29847
0.688729
0.957343
1.06288
3.96981
1.28464
1.43997
1.43725
1.23971
1.22964
0.567944
1.25991
1.38779
1.14862
1.26626
1.23113
1.43716
1.26697
1.21212
0.870474
1.19703
1.28046
1.4059
1.11653
0.968179
0.711088
1.27976
0.929573
1.27524
1.24459
1.39966
1.43455
0.928168
1.177
1.25314
0.74057
1.31025
1.10835
1.26454
1.27774
0.987586
0.958946
1.19218
0.925375
1.14223
1.30347
1.29599
1.27453
1.41173
1.4024
1.20798
0.998693
1.28809
1.29517
1.77784
1.21608
1.45169
1.26113
1.2651
0.761886
0.997406
1.35306
1.19448
1.32488
0.925033
1.32602
0.699803
0.83041
0.948996
1.27894
1.40659
1.23334
1.06994
1.28815
1.30408
0.713333
1.22535
1.28477
0.778866
1.3152
0.946434
1.28298
0.900412
1.36575
1.41569
1.29569
1.15619
1.16107
1.40155
0.673442
0.767645
1.31822
1.24006
1.13717
0.966613
1.17191
1.1179
1.15656
1.39198
0.755521
1.09186
0.798983
1.2984
1.3707
1.14489
1.28393
0.818257
1.30795
1.08063
1.22859
1.26097
1.27293
0.802825
0.951273
1.29391
1.45203
1.25808
0.838977
0.983946
0.854376
1.23163
1.30507
0.663337
1.33615
0.985775
1.20369
3.17893
0.855638
1.53224
1.3949
1.26785
0.744859
0.951344
1.311
1.29707
1.29382
1.24002
1.37595
1.55296
0.751955
1.36317
0.863512
1.06052
1.31715
0.987338
1.15703
1.33778
1.3153
1.09281
1.16769
1.35246
1.23597
1.24612
1.28028
1.32797
1.18336
1.2627
1.2727
1.2674
1.22179
1.30589
0.956396
1.30165
1.23652
1.07201
1.16636
1.37277
0.894005
1.00157
1.07963
1.35707
1.31643
1.38997
1.23254
1.29733
0.744061
1.28174
1.30613
0.872451
1.15075
0.968222
0.714313
1.04164
0.637086
1.21777
0.95609
1.34263
1.1001
0.697082
1.24104
1.27156
1.23606
1.25626
3.36163
1.26384
1.32
1.1141
1.38418
0.87915
1.27937
1.2087
1.31896
1.18469
1.03463
1.29965
1.14754
1.33873
1.34435
1.32215
1.14572
0.818474
0.685925
0.923459
0.477
1.30948
0.644581
1.27093
1.20235
1.27761
1.41211
0.700529
1.30229
1.31406
1.28408
1.28359
1.38373
0.584589
1.3062
1.15556
1.02109
1.28335
0.675305
1.23803
1.08261
1.12664
1.2398
0.890924
0.823781
1.29849
1.00147
1.29614
1.14648
1.21255
1.04125
0.954746
1.36906
0.853264
1.30981
1.27797
0.527089
1.24923
1.19251
1.1502
0.932061
1.21127
1.45624
0.959383
0.611832
0.836529
1.06236
1.25054
0.919867
1.21438
1.1537
1.26656
0.967536
0.884956
0.828008
1.0743
1.32509
1.03878
2.46045
1.01694
1.0857
1.36309
1.16572
1.1143
1.22649
0.927781
0.817543
0.802557
1.20845
1.29445
0.915372
1.30238
1.24382
0.679037
1.23151
1.30718
1.25268
1.30922
0.937033
0.675852
1.45916
0.866453
0.875263
1.28205
1.22195
0.988022
1.30685
1.07642
0.871247
4.12307
1.31074
0.797004
1.03033
0.799981
1.3231
0.922238
1.23081
1.26858
1.25562
0.595277
1.24224
1.29672
1.464
1.08174
0.900748
1.52454
1.22523
1.25262
1.35141
0.619532
0.703089
1.13148
1.16202
1.24131
0.774598
1.33942
1.15649
0.832053
1.28484
1.28406
1.40083
1.46052
1.4389
1.28797
1.34776
1.27857
0.699664
0.838734
1.22717
1.24172
1.2854
1.46638
1.46639
0.746852
1.15307
0.967952
0.856187
1.0023
0.498938
1.24744
1.27782
1.24464
1.13036
1.36056
1.23677
0.804948
1.28246
1.04267
1.32122
1.04548
1.28622
1.23107
1.2249
1.25395
1.2617
1.04243
1.28876
1.03597
1.12834
0.938244
1.27409
1.25492
0.826995
1.26434
1.04773
1.21022
1.22745
1.27586
1.05323
1.0549
1.22808
1.29051
1.29082
1.26199
0.77663
1.24295
1.27057
1.28572
0.715588
1.23836
1.25626
1.13569
1.27699
1.13957
0.917744
0.975878
0.356368
1.27134
0.935412
1.3168
1.31486
1.29136
0.939523
1.32735
0.863596
0.893598
1.28619
1.17307
1.31277
1.43466
1.06741
1.21074
0.994541
1.31275
1.16723
1.17505
1.11695
1.28766
1.12373
1.15112
0.834049
0.796446
0.651167
1.1926
1.16793
0.446341
1.19778
2.48828
0.514455
1.23356
1.26475
1.11733
1.30891
0.824237
1.03306
1.30759
0.990257
0.917376
0.896714
0.695611
1.43691
1.24264
1.26919
0.935607
1.28874
1.09861
1.34346
1.26728
1.2359
1.42853
1.23821
1.25185
0.923291
1.31253
1.25037
1.30413
1.28128
0.55335
1.13509
1.32774
1.0445
1.2373
1.38406
1.21529
1.44622
1.33469
0.752486
1.22854
0.694292
1.27456
0.792598
1.3427
0.944936
1.13961
1.45318
1.4999
1.36085
0.771326
1.20537
1.14668
1.3126
1.1171
1.27881
1.23515
0.62229
1.08284
1.27632
1.4826
1.26781
1.00681
1.27101
1.27092
0.984443
1.40642
1.24888
0.908397
1.14731
1.21391
0.99851
1.32726
1.3385
1.25809
0.746582
1.11726
1.16114
1.36469
1.27256
1.45804
1.17078
1.17008
1.30463
1.332
1.00703
0.760568
1.14362
1.34944
1.32136
1.45607
1.96966
1.21972
0.803642
1.287
1.12932
1.34794
1.31262
0.781131
1.40727
1.33011
0.840809
1.25401
0.84773
1.37991
0.96379
1.26172
1.20443
0.976923
0.895568
1.08636
1.44129
1.20298
1.15831
1.40469
0.968021
1.20765
1.39274
0.633968
1.05808
1.21289
1.31958
0.814959
0.953479
1.02386
1.24843
0.908232
1.16342
1.20721
0.84159
1.05097
1.20359
1.27965
1.21809
1.19289
1.22536
0.955023
1.21556
0.954323
1.23963
1.27881
1.09922
1.28854
1.25507
1.30212
1.29453
1.30321
1.32137
1.23785
0.708858
1.08938
1.36903
0.912595
1.29503
0.997424
1.37705
0.721778
1.30112
0.803347
1.27703
1.35306
1.34723
1.29911
1.28938
0.810037
1.02464
0.879428
1.38689
1.28441
1.08429
1.19824
0.782766
2.5434
1.32824
1.37782
1.24635
1.34088
1.16262
1.1072
0.798805
1.27714
0.953501
1.39857
1.28542
1.27653
1.00866
1.25434
1.17483
1.33066
1.03987
1.16826
1.28193
1.22342
1.2263
0.751024
1.25125
1.23445
1.27113
1.42034
1.11323
1.22639
1.28214
1.1151
1.3657
0.077035
1.29027
1.06758
1.10537
1.2663
0.981485
1.214
1.3058
1.25865
1.24593
1.30902
1.17638
1.27972
1.12412
1.07979
1.10217
1.05606
1.27986
0.916247
1.30348
1.27379
1.27173
1.32702
0.996638
0.913302
1.27776
1.18975
0.818298
1.16068
1.35113
1.17458
1.207
1.27426
1.15908
0.920241
1.27405
1.26409
1.40555
1.27474
1.20476
0.763008
1.20803
1.25098
1.27277
0.963069
1.33877
1.27632
1.26927
1.30082
1.0538
1.27392
1.05712
0.653791
1.36289
0.918112
1.28501
1.34058
1.29417
1.25263
0.996006
0.90434
1.27142
0.502627
1.0576
1.25387
1.26234
1.09264
1.31271
1.33028
1.30487
0.999166
1.25525
0.793544
1.44634
1.26659
1.20881
1.2769
1.24522
1.22631
1.23173
1.21249
1.28309
1.27359
1.08462
1.12703
1.2779
1.33193
1.2526
1.24762
0.877095
0.983384
1.29236
1.25945
1.19267
2.38673
1.26402
1.30157
1.12894
1.25242
0.961301
1.01619
1.2473
1.33343
1.32688
0.934251
1.40499
1.38949
1.27009
1.25928
1.14638
1.14724
0.982567
0.952159
1.13733
0.808375
1.33979
1.272
1.2736
1.30266
0.746853
1.08654
0.839032
1.43645
0.87306
1.24827
1.30235
1.23986
1.23855
1.42945
1.01412
1.00294
1.40203
2.02363
0.883717
1.22349
1.30782
1.31578
1.24319
1.21674
1.16012
1.31495
1.29941
1.39715
1.25005
1.09353
5.02242
1.36777
1.39018
1.11973
1.46282
0.845109
1.25563
1.40981
1.25858
1.20323
1.42359
0.876109
1.30767
1.28475
1.25544
3.99856
1.24202
0.947672
1.40362
1.21836
1.27172
0.938353
1.32346
1.2379
1.22901
0.570085
0.557107
1.2847
0.895076
1.26878
1.05906
0.956299
1.27064
1.57851
1.25336
1.16414
1.2553
1.31491
1.10937
1.25369
0.743881
1.40696
1.25596
1.32174
1.19038
1.10235
1.24577
0.841768
1.46062
1.24367
1.38824
1.03291
1.3149
1.36834
1.31964
1.28416
1.17392
1.28475
0.953243
1.28485
1.26442
1.09707
1.18392
1.09464
1.07358
1.37769
4.14151
1.11523
0.735441
1.297
1.32797
1.2627
1.46693
1.2814
1.17023
1.2793
1.43746
1.00716
1.16397
1.23805
1.3418
0.908504
1.30851
1.25765
0.665439
1.00375
1.3178
1.287
1.26385
1.3116
1.33516
1.32719
1.2762
1.19736
1.2924
1.27525
1.27037
1.27332
1.07681
0.828117
0.817617
1.08723
1.23823
1.05289
1.05599
1.18842
1.16049
1.2436
0.944938
0.94064
1.19154
0.857597
1.29656
1.31047
1.14217
0.859837
1.23213
1.22757
1.05669
0.74851
0.766436
1.30737
1.28395
1.1912
1.26897
1.08704
1.07523
0.751672
0.924411
0.613904
0.960695
1.3083
1.06728
0.973777
1.27461
0.815361
1.40179
0.89765
1.34064
1.24248
1.36816
1.13082
1.0398
1.28338
1.20783
0.971462
1.20083
1.43125
1.39597
1.33046
1.34683
0.605191
0.797551
1.18747
0.50833
1.26588
1.20835
0.533862
0.8339
1.21046
1.46865
0.431051
0.887006
1.04893
1.36824
1.46163
1.09031
1.24264
0.879398
1.2936
0.963872
1.3018
0.746049
0.703351
1.84344
1.08308
1.25309
1.29494
1.13307
0.893288
0.795547
1.29496
1.30765
1.19781
1.27085
1.01864
0.842559
1.05692
1.29001
1.32824
1.28833
1.11085
0.907636
1.02789
1.27237
0.753065
1.3008
1.40693
1.40911
1.42455
1.32291
1.30868
1.18941
0.972039
1.02135
1.31008
0.756246
0.75917
1.40842
0.965304
1.39345
1.2915
1.40584
1.27058
4.19557
1.20582
1.13772
0.84899
1.2801
1.22224
0.809782
1.24234
1.2348
0.816627
1.29325
0.748166
1.29113
1.3063
1.17699
1.27808
1.32396
1.26819
1.25751
0.934544
1.08455
0.811889
0.444227
1.25816
1.11876
1.27739
0.566643
1.22554
0.7033
1.26493
1.25384
0.809262
1.25781
1.21559
1.22958
1.28082
0.759211
1.1555
0.551255
0.998774
1.42658
1.28006
1.31911
1.30242
1.05236
1.28958
2.25489
0.732857
1.24811
1.25335
0.757626
1.30316
0.324883
0.865326
1.12532
0.918163
1.29566
1.23226
5.56162
5.58513
1.19719
1.23917
1.44521
1.10478
0.745728
0.842338
1.29566
1.31551
1.01481
1.08177
1.05413
1.26249
1.22134
1.1826
2.85172
1.29621
0.943604
1.40398
1.23859
1.27067
1.39872
0.968644
1.30206
1.17976
1.27154
1.34344
1.26147
-0.271266
1.24823
1.25406
1.08699
0.683415
1.33809
0.981678
0.952265
1.19978
1.26616
0.978949
1.23559
1.17214
0.776376
1.10862
1.16631
1.31623
0.973741
1.29635
0.925302
1.3173
1.32844
1.2794
1.36325
1.57242
1.26851
0.536644
4.41223
1.17865
0.746665
1.00161
1.10343
1.29546
1.28236
1.2541
0.886005
1.29038
1.23907
0.76301
0.96378
0.957021
1.30534
0.948064
1.14419
0.792914
0.5161
1.22489
1.34454
1.15578
0.825287
1.13768
1.2923
0.806471
0.982708
1.25415
0.745017
1.26993
1.2616
1.20883
1.26257
1.23434
1.00745
1.26163
1.24556
1.31304
1.26396
1.01519
1.25562
1.24738
1.18787
4.73147
1.29701
1.29856
0.782115
1.29343
1.01224
1.39454
0.944154
0.788641
1.37196
1.39859
1.30712
1.26384
1.09782
0.767993
1.00873
1.16526
0.778352
1.24799
1.35335
1.27241
1.28481
1.23081
1.40147
1.377
1.33798
1.30339
0.919586
1.29187
1.25918
1.08413
1.15555
1.07003
1.30699
0.930635
1.23746
1.31085
1.41647
0.960193
1.10564
0.803941
1.26298
1.32215
0.945228
0.786595
1.41143
1.13122
1.33742
0.801573
1.25446
1.28269
1.27496
1.3193
1.25287
1.03341
1.18117
1.19723
0.848523
1.09826
1.27354
1.29096
1.28219
0.745744
1.30362
1.30482
1.12674
0.904431
1.2397
1.25132
1.18015
1.05968
1.18668
0.955256
1.14534
2.08099
1.25391
-0.342675
1.28009
1.27652
0.931608
1.44891
1.30583
1.21952
1.07919
1.30434
-0.0622222
1.35209
1.26834
1.28311
1.15
1.21979
0.923831
0.652447
1.22212
1.2981
1.28548
1.27433
0.961083
1.31112
1.21544
1.24809
1.31481
1.1714
0.87897
1.00991
0.92582
1.28459
1.16696
1.26109
3.30554
1.161
1.29639
1.11689
1.30252
0.770578
1.17947
1.37085
1.33755
1.06384
1.29879
0.760784
1.31338
1.26691
1.24245
1.15603
1.38367
2.1556
1.27397
0.958327
0.857983
0.948443
1.2394
1.04748
0.863595
1.28795
0.923534
1.39482
1.28425
1.2562
0.60329
1.26198
1.36627
1.24036
1.2801
1.26264
1.15387
1.28693
1.33444
1.27726
1.26926
1.20976
1.83554
1.13751
1.22855
1.01746
1.29347
-0.0908204
1.26258
0.838737
0.768925
1.22897
1.35213
1.3145
1.2466
1.45293
1.31548
1.28046
1.28683
1.44925
1.2648
1.26745
1.29946
1.43792
1.61251
1.40058
1.28547
1.27343
1.25291
1.31779
1.28113
1.15526
1.28378
1.24068
1.14712
1.29361
1.33856
1.26096
1.08846
1.09752
1.05242
1.27506
1.26144
1.24681
1.27175
0.587041
1.26222
1.00029
1.27372
0.523445
1.36995
1.1518
1.12642
1.27257
1.24262
1.41723
1.34689
1.23741
1.29015
1.05418
1.27911
1.30064
1.28461
0.976292
1.27055
1.27299
1.26157
1.27657
1.26779
1.29496
1.19714
1.40236
0.711671
1.32274
0.856923
0.776814
0.864648
1.29666
0.956763
1.16875
1.0837
0.976278
1.20935
1.28935
1.29799
1.26602
1.14757
1.2942
1.30985
1.19547
0.489658
1.83055
0.944314
1.02884
0.981351
1.25706
1.28265
0.151393
1.32789
1.31887
1.2682
1.28785
1.28375
1.18887
0.837624
1.25742
1.24557
1.41955
0.768541
1.25441
1.09083
1.23078
1.27486
1.25099
1.13114
0.746016
1.17692
1.15388
0.650616
1.32805
0.973944
1.21106
1.24926
1.35201
0.716348
1.34653
1.20272
1.44383
1.202
1.0379
1.27352
1.36964
1.29191
0.933086
1.2344
1.17136
1.16923
0.803003
1.12684
1.25964
0.48922
1.27
1.30058
1.2751
1.26575
1.25391
1.30412
0.947467
1.28706
1.26108
1.438
1.15488
1.29683
0.955865
1.07511
1.27015
1.31953
1.06436
1.27716
1.2732
1.26976
1.2678
1.13713
1.31876
2.7593
1.2235
4.18722
1.41064
1.27068
1.25297
0.933306
1.36088
1.0905
1.30017
1.28139
1.29965
1.26345
1.03469
0.988834
1.41574
1.27605
1.30306
1.42577
0.73744
1.23865
1.30101
1.13798
1.35007
1.29696
0.968675
1.23046
1.35803
1.27407
1.30195
1.20753
1.28439
1.34135
0.965336
1.20452
1.31909
1.30196
1.31101
1.44917
1.39354
1.21788
1.40497
1.44787
1.29116
1.21156
1.13128
1.389
1.28811
1.19878
0.912368
1.28608
0.93233
1.18949
1.28026
0.698395
1.28799
1.17278
1.2975
1.26466
1.25469
1.27863
1.42728
1.25868
1.29755
1.29083
0.685717
1.10206
1.26489
1.12411
1.27049
1.27694
1.48482
1.31866
0.945853
1.30644
1.36915
0.894722
1.11832
1.26454
1.26832
1.29314
1.42145
0.831268
1.24117
1.41906
1.24704
0.886857
1.06809
1.05451
1.24382
1.2621
0.711961
0.864195
1.27764
2.86839
1.34257
1.2642
1.24291
1.30875
0.876533
1.27047
0.847214
0.932062
1.00758
1.34933
1.24238
1.35329
1.13524
1.31799
1.12236
1.26623
0.951454
1.08067
1.28154
1.29201
1.28512
1.21113
0.961769
1.1692
1.26698
1.27885
1.20055
0.968967
1.25705
1.28129
1.26626
0.414391
1.28989
1.28383
1.31885
1.34666
1.46273
1.05898
1.45307
1.26031
1.26062
1.30625
1.10962
1.3237
1.26115
1.26723
1.26554
1.26613
0.676365
1.09593
1.14336
0.907417
1.43907
1.52535
1.17275
1.23137
0.874805
1.31789
1.3983
0.789737
1.27059
1.26932
1.29003
1.24498
1.25821
1.26801
1.32248
1.38651
1.55606
1.25789
1.08331
1.31657
1.27946
1.35512
1.27329
1.2821
1.41917
1.38664
1.2966
1.12056
1.32934
1.07982
0.768664
0.966668
1.36806
1.07202
1.40448
1.33809
1.17304
1.24036
0.789297
1.30553
1.3298
0.755734
1.30336
0.773349
1.33314
4.3138
0.870091
1.31636
1.26253
0.495825
1.20747
0.930433
0.993309
1.19579
1.27897
0.889089
1.14006
5.59327
0.680785
0.968166
1.34664
1.23395
1.12219
1.08802
2.32475
1.39339
1.30307
1.30048
1.58207
0.78598
1.26424
0.971817
1.23932
0.764917
0.517705
0.773071
0.522168
1.02892
1.17002
1.21427
1.29845
1.23646
1.23207
1.01698
1.29619
1.10207
1.39173
1.30674
0.813575
1.30177
1.26136
1.31651
1.12497
1.27677
1.18259
1.0972
1.2737
1.30656
1.23344
1.35948
0.9632
1.26361
1.37686
1.28594
0.7073
1.29553
1.38815
0.761718
1.29221
1.28992
1.24019
1.16792
1.21587
1.25423
1.00951
1.32261
1.27319
0.801336
1.26008
1.41284
0.755812
1.26881
1.29998
1.27405
1.35509
1.26001
1.24533
0.908465
1.2646
1.39856
0.148029
1.26986
1.31315
1.00913
1.39703
1.26315
1.28442
1.27163
1.27541
1.26521
1.29103
0.879064
1.24806
2.32345
1.19062
1.29173
1.30249
1.31026
0.649259
0.88864
1.28671
1.15018
0.933435
1.05169
0.96924
1.29404
1.35225
1.41547
1.24555
1.44222
1.15574
1.29095
0.840353
0.956485
1.19107
1.29633
1.12731
1.17688
1.29432
1.15921
0.336023
1.15813
1.22341
1.24103
1.29808
1.19903
1.23784
0.787473
1.25919
1.25841
1.15882
1.38329
0.997012
1.11815
1.10339
0.915708
1.14376
1.26322
1.18837
1.29888
1.29037
0.930244
1.29781
1.22356
1.4715
1.27145
1.31149
1.33401
1.29103
1.37275
1.26725
1.33751
0.967214
1.0697
1.23119
1.28883
1.01218
1.26955
1.03468
1.26638
1.30109
1.27906
1.22864
1.27346
0.944594
1.16813
1.2541
1.05321
0.94692
1.38324
1.28474
0.824856
1.08329
1.29939
0.78096
1.26251
1.32912
0.956066
1.44179
0.892084
0.891387
0.558881
0.565032
0.457004
1.01999
0.982911
1.01262
0.432893
0.791305
0.649468
0.844214
0.701809
0.947889
0.53441
0.706995
1.05588
0.955666
0.868766
0.945021
0.873605
1.2253
1.25032
0.649615
1.2711
1.20912
0.770889
1.12488
0.942545
1.31114
1.31153
1.30584
0.879518
0.840785
0.841286
0.795419
0.766619
0.748401
0.708197
0.623639
0.620784
0.583463
0.629238
1.15323
1.15824
1.16772
1.23185
1.24094
1.26398
1.27121
1.07168
0.954164
0.485797
1.33735
0.870422
0.820093
0.925504
1.31498
0.527624
0.97515
0.938822
0.52928
1.03797
0.812801
1.01493
1.07097
0.790825
0.956646
1.10824
1.1299
0.897152
1.12649
1.25411
0.919282
1.28845
1.2665
1.2937
1.30836
1.04987
1.3118
0.853637
1.36346
0.47928
1.35416
0.895857
1.38956
1.38126
1.23619
1.26195
1.2833
1.2713
1.26216
0.79751
1.37318
0.907929
1.28934
1.25617
1.34672
0.915218
0.989934
1.26078
1.25908
1.31445
1.28407
1.26655
1.36563
1.02692
1.25824
0.880932
0.910264
1.13831
1.27648
1.27249
1.37788
1.27672
1.40719
1.27546
1.39773
1.3438
1.27747
1.27492
1.39269
1.35706
0.851666
0.796838
1.39741
1.41234
0.775658
1.36521
0.936149
1.26779
1.26318
0.960588
1.0526
1.16359
1.25292
1.41595
1.24808
1.32353
1.31338
1.27737
0.904024
0.928105
0.88317
0.745785
0.642848
0.581011
0.519702
1.30965
0.800507
1.4148
1.07469
1.1499
0.780822
1.27664
0.909731
1.2726
1.27464
1.02462
1.38274
0.887002
0.645641
1.26865
1.26642
1.34703
0.950987
1.3838
0.775981
1.00686
1.07017
1.27689
1.34267
0.877722
0.57028
1.02791
1.39341
0.768487
1.25546
1.27503
1.2252
0.81036
0.863664
1.0141
0.720822
1.27893
1.23151
1.26912
0.909966
0.97646
0.789348
1.35999
0.840497
0.945805
1.08486
1.39098
0.864786
1.30667
1.24952
1.19356
1.30299
1.39759
1.25838
1.38637
0.703214
0.812247
0.958017
1.29796
1.29797
1.28789
0.682105
0.670998
0.562611
0.546167
0.519856
1.11667
0.916696
0.902938
1.24125
0.881199
0.971525
0.931249
0.765953
0.413054
0.849511
0.855947
1.05617
0.986855
0.965985
1.26734
0.956661
1.0536
1.11342
0.809844
0.480324
0.929011
0.602168
0.660876
1.09016
0.800176
1.01268
0.976715
0.791838
0.953233
0.457154
0.777773
0.878933
0.902037
0.980557
1.27164
0.700715
0.872335
0.87953
0.811252
0.865924
1.13887
1.18012
0.831811
0.744144
1.31795
1.30823
0.533965
0.788191
0.783854
1.34136
0.497509
0.793578
0.893248
1.05483
0.847639
1.05818
1.04526
0.942707
0.49203
1.04898
0.556616
1.08095
1.07012
0.776826
0.863891
0.77465
0.555445
1.0601
0.507334
0.571443
0.88406
0.557314
0.561061
0.53108
4.78171
4.9039
4.88224
0.0648174
0.105217
0.137687
0.067555
4.96729
0.125566
0.33179
4.83384
0.143767
0.34752
0.444831
0.275038
5.15824
4.36419
4.42657
0.243543
0.606113
0.78347
0.336722
0.017929
0.107496
0.196002
0.297654
0.376173
0.319084
0.301352
0.201663
0.136607
0.0291676
0.0246978
0.404309
0.993522
0.863621
4.34979
4.38555
4.45422
4.5771
4.67095
4.89247
4.96703
4.47496
4.4494
4.43734
4.34756
6.00578
4.58944
4.39334
4.85674
4.78804
4.40456
4.42849
4.50487
4.55709
4.63871
4.66774
4.76493
4.77997
4.84285
5.01363
5.29911
5.26635
5.15614
4.94819
4.86986
4.76629
4.75575
4.66349
4.6444
4.59858
4.52147
4.31257
0.205169
0.467231
4.48728
5.96713
0.270133
0.180653
0.114751
0.0479963
0.359427
0.0501888
0.0371695
0.121765
0.410746
0.964191
0.395375
0.387569
0.245757
0.171232
0.0830877
0.0745161
0.0663224
0.039696
0.00266646
0.0190726
0.022629
0.0567016
0.0680872
0.0876653
0.157871
0.170811
0.180282
0.226616
0.253987
0.30672
0.341213
0.347565
0.361756
0.434286
0.44417
0.492512
0.493708
1.05743
0.286475
0.136628
0.822159
0.430677
0.0690444
0.0637261
0.0425882
4.35645
5.51877
5.49328
0.37022
0.015255
0.368233
0.0207523
4.78283
4.78199
0.805727
0.0980809
4.81675
0.0773357
4.39531
0.388217
0.380615
0.328496
4.46571
0.218286
4.50351
4.50503
4.31566
4.69807
5.05069
0.260037
0.0249716
0.116174
0.238521
4.76881
4.5048
5.05849
0.195724
0.0280602
4.90674
0.243092
0.452273
4.90412
4.98866
4.50695
5.20543
4.85833
0.372403
4.78806
0.104169
4.7965
0.0280103
0.153429
0.0622197
4.42369
4.87304
0.448538
0.0521766
0.207751
0.0653655
5.46016
0.225441
4.50972
0.327307
0.20132
0.0250627
4.9249
0.130902
4.92887
4.86045
5.13111
0.144513
0.354776
0.330091
0.0160763
0.0518567
4.47145
5.12832
0.273616
0.448855
4.4493
0.394671
0.0644138
4.38991
4.83236
4.36234
0.365247
0.433781
0.333157
0.393456
0.936186
4.75647
1.00295
0.0784443
4.50879
0.0211295
0.209506
0.252865
0.099639
0.369109
4.78573
0.887725
0.0355742
0.0339777
4.99091
0.504442
4.35363
0.2425
0.345805
0.128242
0.331259
0.17675
0.186069
0.351282
0.772121
4.62352
0.631283
1.05767
0.237743
0.00888309
0.342303
0.119905
4.36877
4.95842
0.396537
0.0295019
4.45997
0.46877
0.303651
4.74712
0.496872
5.30815
0.0549809
5.31122
0.271879
0.136835
4.44137
0.198488
4.49858
0.827651
0.0636432
4.48388
0.0713157
0.0458704
5.62532
0.0818847
4.7929
4.35628
5.63986
0.00825075
4.81219
0.0739196
0.432623
0.0898763
0.389789
0.814553
4.77451
4.77423
0.0134461
4.90011
0.0351575
4.47437
4.86131
0.221535
0.3594
4.47829
0.362073
4.34858
4.40383
0.379188
0.32142
4.89566
0.246769
4.49063
4.70875
0.0193466
4.763
4.51816
5.03201
0.111057
0.255827
0.204003
0.228158
5.00659
0.0235731
0.459004
4.88738
4.90526
4.93184
4.78087
0.113619
0.0742927
0.145209
0.0430564
0.0606712
0.0787772
0.0951981
4.48838
4.76908
0.030222
0.0695476
0.0660904
0.0924271
4.7949
0.0306262
4.51408
1.45375
4.76315
4.78535
0.11814
0.118629
-0.518502
3.93218
1.26631
0.823315
1.23634
1.42887
-0.441831
1.30084
1.2598
1.34667
1.29062
1.28944
0.992916
0.658698
1.27399
1.08054
1.29363
1.37124
1.44754
1.24645
0.948295
1.23211
0.536733
0.805808
1.21652
1.16117
1.24719
1.39821
1.38733
1.28644
1.19031
1.236
1.25532
0.907691
1.27357
-0.460346
0.796098
1.43819
1.05216
1.10043
0.934686
0.0407651
1.09182
1.27192
1.36727
1.60544
1.23704
1.27803
1.30104
1.23882
1.27501
0.580677
1.3033
1.43158
0.953219
0.670391
0.941062
1.40044
1.27464
1.27487
1.06842
1.29414
0.941676
2.38898
1.3072
1.25827
1.21702
1.13417
0.961287
1.01978
1.26637
1.34684
1.2665
1.53033
1.25422
1.26026
1.31642
1.29776
1.10766
1.30492
0.951305
1.2622
1.1441
1.20715
0.587922
1.33393
0.835583
2.18546
1.19486
1.30156
1.22171
1.29591
1.36196
1.07209
1.2951
1.36715
1.34499
0.450572
0.99677
1.26673
1.35428
1.33087
1.32069
1.12289
1.0971
1.27848
1.27091
1.30123
0.86556
1.2301
1.26797
1.2648
1.1778
1.11783
1.3173
1.2796
1.3903
1.09791
1.26972
1.23247
1.28286
0.774785
1.13628
1.27881
1.26356
0.625626
1.34565
1.36088
-0.529938
1.03909
1.16952
1.3205
1.26687
1.37903
1.26982
1.27185
1.17654
1.26223
0.595896
1.07162
2.33125
1.44165
0.929766
0.848471
0.959646
1.18541
0.98883
2.13706
0.676849
1.25818
1.00486
1.46498
0.962858
-0.0432414
1.23625
1.25223
1.09744
1.29054
0.983352
1.36674
1.15808
-0.719906
0.732751
1.13748
1.3891
1.26291
1.29617
0.534137
1.19536
1.28253
1.29024
1.02494
0.644563
1.34447
1.14944
1.25977
0.540874
1.24467
1.3981
1.81368
1.11156
1.28419
1.13304
0.956825
1.21548
1.27441
1.29126
1.39373
1.28462
0.922619
0.842793
1.33069
1.40121
0.992349
1.22113
1.0262
1.34346
1.26893
1.23363
1.33402
1.17698
4.289
1.43575
0.928853
0.806822
0.83672
0.841033
1.32007
1.27618
1.09003
1.26487
0.893725
1.29561
1.16442
1.28213
1.19499
1.2747
0.822717
1.27671
1.22929
0.966757
1.21643
1.36686
1.26478
1.2612
-0.395632
1.29054
1.12181
1.30388
1.27205
0.685998
1.10832
1.25759
1.22269
1.46891
1.31142
1.36725
1.18403
1.06773
1.2291
1.30753
1.28314
1.27935
0.924703
1.03666
1.36572
1.26574
1.28951
1.25082
1.22115
0.860511
1.37866
1.22448
1.3691
1.30938
1.26289
1.2644
0.898859
1.13476
0.591929
1.01494
1.18424
1.25609
1.15801
1.3154
1.19076
1.29599
1.28725
0.9315
0.964913
1.30705
1.26955
0.944638
1.25486
1.12816
1.37731
1.1578
1.33257
1.30003
1.26338
1.31948
1.25944
1.26507
0.978743
1.29723
1.27635
1.09943
1.18975
1.23478
1.32365
0.989981
4.39354
1.22416
2.44514
1.28161
1.28614
1.12006
0.51689
1.03203
1.45751
1.24852
0.938626
1.30876
1.29284
1.30445
0.939198
1.29956
1.29778
1.25719
1.30725
1.29515
0.957431
1.2505
1.27647
1.26595
1.46325
1.33086
1.32841
1.39645
1.41946
1.26455
1.2701
1.33762
1.31472
0.739129
0.679441
1.02589
1.27088
1.29603
1.26578
1.08689
0.836385
1.27751
1.17092
0.971329
0.871567
1.31037
1.247
1.3371
1.46062
0.802566
0.903314
0.909398
0.98151
1.45847
0.986959
1.20839
1.24641
1.3794
1.29735
0.961692
0.625278
1.40323
0.931016
0.883912
1.30089
1.18728
1.3414
1.27008
0.0765471
0.625727
0.75606
1.35749
0.738818
1.353
1.46537
1.35473
1.30223
1.27928
1.21115
0.788315
1.24368
0.962385
1.11368
1.13702
1.32541
1.27747
0.845772
1.0543
1.27488
1.29749
1.29965
1.46642
1.43483
1.00209
1.11048
1.29489
0.819458
1.11742
2.16786
0.905326
1.04163
0.764245
0.949123
0.675781
0.561178
1.06792
1.44604
0.962831
0.905107
1.19911
1.29829
1.27744
1.43592
0.771545
1.11796
0.648306
1.45338
0.838899
1.2815
1.07132
1.33374
1.2084
1.2614
0.975435
1.19102
1.23104
1.26853
0.684646
1.13605
1.11746
1.2229
1.28967
1.36004
1.35449
0.85776
1.29938
0.896126
1.28851
0.733654
1.22174
0.738649
1.28633
1.21565
1.28651
1.19989
1.22232
0.663327
1.35259
1.32667
1.39541
0.884258
1.20037
1.31111
1.14914
0.70081
1.20263
1.26415
1.03511
1.07398
1.11537
1.12117
1.21959
1.4641
1.2553
1.23108
1.13947
0.748233
1.24572
1.24504
0.835352
1.89421
1.26006
1.27614
1.26969
0.865682
1.20073
1.1557
1.28673
1.36728
1.1768
1.22119
1.27098
1.33865
1.27439
1.29091
1.09392
1.16291
1.241
1.39307
1.27904
1.16903
0.964469
1.35002
1.24176
1.28081
1.24904
0.972181
0.894854
1.33113
0.913797
3.52118
1.45826
1.29941
1.38767
1.30536
1.31847
1.27443
0.937584
0.553321
1.24214
1.30233
1.26751
1.30171
1.08177
1.32278
1.21038
1.30227
0.506729
-0.276933
0.774036
1.30724
1.26873
0.933806
1.0001
1.37184
0.756949
1.30199
0.933489
1.31554
1.29617
1.3172
1.32756
1.41614
1.16324
1.2353
1.28832
1.24353
0.504008
0.744776
0.950333
1.2324
1.29093
1.11655
1.27217
1.28904
1.14642
1.22678
1.25549
1.35045
1.29556
0.937609
1.26212
1.12601
1.43413
1.28417
1.37284
1.27539
1.15334
1.30984
1.38661
0.822989
1.21935
0.507374
1.24698
1.24271
1.32699
0.717563
1.18901
0.928655
1.26334
1.27323
1.30116
1.07482
1.1809
0.997308
0.701203
0.946433
1.32451
1.23674
1.50289
3.94604
1.32411
1.19004
1.34208
1.23293
1.25917
1.38824
1.32206
1.32256
0.892612
1.48865
-0.523733
-0.528752
0.811492
1.36142
1.30037
0.743361
1.22057
1.28423
1.2424
1.17261
1.28158
1.1477
0.977991
1.30953
0.753876
1.16702
1.37256
1.24184
0.749179
1.13096
1.37663
1.27486
1.27484
1.03302
1.31314
1.26191
1.11968
0.740496
1.2403
1.28384
1.35967
1.23574
0.94692
1.35777
1.23253
0.842445
1.20843
1.34347
0.615742
1.4215
1.00584
1.29121
1.17125
1.46964
1.34771
1.31859
1.28625
0.965084
1.10009
1.35643
0.867243
1.13208
0.88743
1.28594
0.592983
1.35516
1.3164
1.28218
1.26484
1.3212
0.961881
1.2586
1.25906
0.908372
0.949053
1.2736
1.23404
1.31974
0.392919
1.30488
0.656057
1.26465
1.20367
1.15341
1.2434
1.13547
0.842555
1.8283
1.28518
1.27983
0.862738
-0.198438
-0.085485
1.18305
1.23115
0.563423
1.27973
0.885647
1.36284
1.41269
1.19708
0.744525
1.19879
1.25774
0.593939
1.34157
0.796903
1.36616
2.09766
1.27679
1.24968
1.22771
1.1708
1.27725
1.27587
1.16606
1.25454
1.32467
1.17604
1.33071
1.30495
1.27791
0.855338
1.261
1.33091
0.599143
1.34015
0.719969
1.13544
1.255
1.07129
1.26973
2.52688
1.30719
1.17783
1.25815
1.02579
1.07818
0.926703
1.37101
1.36969
1.14321
1.23328
1.29385
1.31031
1.23383
1.29468
1.3073
1.23749
1.2727
0.574999
1.25018
0.51414
0.828951
0.832853
1.27745
1.28403
1.30061
1.29836
1.26826
1.30986
1.2709
1.26425
1.26733
0.908129
1.16832
1.40291
1.26087
0.953712
1.26635
1.25865
1.29933
1.27338
1.34699
1.05
1.31871
1.21028
0.64421
0.799558
0.929838
1.29018
1.33654
1.06692
1.30991
0.972136
1.4122
0.698057
1.2752
0.826844
0.957603
1.40103
1.27054
1.18417
1.24014
1.26372
1.26702
0.950344
1.44698
1.2522
0.590764
1.30038
1.41565
1.28504
1.21504
0.935879
0.824962
0.391348
1.30816
1.279
1.18154
0.928157
0.970692
1.2793
1.3459
1.28456
1.23527
1.23674
1.26244
0.886738
1.20872
1.36205
1.28165
1.22301
1.29282
1.25118
1.29332
1.0862
1.26883
1.27623
0.986273
1.27597
1.25588
1.28272
1.22473
1.24739
1.23306
1.31975
1.21782
1.00642
0.877747
1.28039
1.20099
0.983553
1.28904
1.30765
1.30261
1.28299
1.06623
0.915156
0.77756
1.23213
0.815303
1.28194
0.962596
1.33178
1.20752
1.28852
1.22116
1.30372
1.14811
1.30973
1.29643
1.27819
1.13356
1.26486
1.15072
1.46243
1.41521
0.935145
1.26383
0.727598
1.22088
0.847482
0.898606
0.766607
0.974937
0.944256
1.16733
0.828812
1.14857
1.24899
0.811767
1.21614
1.30819
0.891038
1.41082
0.85596
1.18822
1.30143
1.231
1.26926
0.964096
1.41721
1.1675
1.36204
1.16265
0.873345
1.27929
1.32956
1.23733
1.23263
1.28092
0.961478
1.29629
1.20036
1.13062
1.31871
1.05821
1.01082
1.17458
1.28985
1.21383
1.22929
1.31073
0.750942
0.66159
0.80066
1.52421
1.27889
0.867998
1.24638
1.27761
1.2461
1.20782
0.954574
1.42362
1.13834
1.46847
1.27427
0.999154
0.786055
1.39571
3.13186
0.943787
0.799697
1.30392
1.28202
1.11348
1.13228
0.864398
1.41077
1.28034
1.23089
1.25234
0.706101
1.30665
1.21798
3.31064
1.22621
1.30675
1.31602
1.33506
1.46272
0.954862
1.30527
1.2513
1.30285
0.764963
1.32589
1.29851
4.29639
1.29176
0.518128
1.15803
4.49168
0.704726
1.13132
1.30218
1.23095
1.06493
0.737549
1.21884
1.22802
0.577064
1.29436
1.3037
1.40703
1.20486
0.853108
1.33369
0.778642
1.27069
1.25158
0.711683
1.25922
0.96754
1.30599
0.697212
1.26284
1.2969
0.696482
1.09948
0.652244
0.751094
1.96218
0.979658
1.06206
1.27895
1.29409
0.983404
1.2917
1.30788
1.22774
0.998884
1.29281
1.33776
1.13059
1.23331
1.13994
0.976502
1.24978
1.24319
1.20801
0.67159
0.480551
1.18182
1.10493
1.27951
1.03946
1.30399
0.887672
1.40154
0.79881
0.785116
1.31248
0.908946
0.79782
1.27804
1.17512
0.441381
0.192672
1.31495
1.24147
0.968673
1.28022
0.797327
1.44045
0.903703
1.29651
1.24034
1.30378
1.1566
1.30423
0.923038
1.30792
1.28889
1.08611
1.2887
0.971131
1.25114
0.757636
1.06557
1.24073
1.30021
1.18785
3.55032
1.32263
0.983367
0.925405
1.95546
1.0827
1.25628
1.56173
1.30902
1.3136
1.13798
0.424367
1.21438
1.09696
1.34141
0.952194
1.42404
1.44111
1.14438
1.14353
1.19893
0.722946
1.26029
1.2542
1.33455
1.21052
1.3147
1.4146
1.28832
1.03073
1.24712
1.24145
1.41786
1.28289
1.30622
1.33886
1.2801
1.26456
0.921338
1.08858
1.2243
0.955046
1.31404
1.05116
0.710356
0.917267
0.838483
1.30608
1.10115
1.28452
0.773457
1.30679
1.37947
1.19213
1.28266
1.37568
1.28512
1.28443
1.1172
0.749766
0.954838
1.03118
1.32556
1.0054
1.198
0.816238
1.22637
1.64315
0.488513
1.38072
0.89675
0.974222
3.96724
1.14293
1.18519
0.931241
1.32695
1.23706
1.28691
0.964222
0.727415
3.01527
0.67697
1.13204
2.19544
1.3037
1.34325
1.31359
0.898782
1.27331
1.23562
1.11449
1.24842
1.31433
1.06186
0.87791
0.683526
1.11213
1.2238
1.30003
1.16338
1.2999
0.659188
0.766368
0.900443
0.888576
0.789078
1.056
0.693073
1.57647
1.21814
1.28456
1.08914
1.20233
1.33879
1.2399
1.2823
1.12615
0.637684
0.826989
1.08279
1.28071
0.747172
1.43581
1.36418
1.25332
1.03858
0.9029
1.31747
1.24899
0.972745
0.815961
0.907003
1.2246
1.08425
1.15154
1.19473
1.36044
0.937385
1.18027
1.09762
1.23366
1.30181
0.818018
1.25952
1.31123
1.30655
1.08719
1.28781
1.27773
0.97575
0.736698
1.28372
1.12524
0.160978
0.79563
0.815189
1.27845
1.29263
0.728243
1.01378
1.05798
1.98964
1.15932
1.23102
1.27511
1.22953
1.15706
1.3308
1.06764
1.25198
0.868437
0.850349
1.25239
1.26752
0.882294
1.30249
1.21127
0.882811
0.596397
0.95488
1.17365
1.2425
1.34925
3.87849
1.06677
1.20112
1.33391
1.18199
1.22277
1.27769
3.87214
1.31791
0.945753
0.890285
0.593152
1.29646
1.27124
1.33876
1.27038
1.31211
1.2513
0.645021
0.681696
3.37266
0.633407
1.1236
1.30834
1.25629
1.0477
1.75573
1.17871
1.10637
0.921485
1.20055
1.3162
1.28889
1.285
0.543338
1.02949
0.935017
1.29953
1.23261
1.22491
1.30999
0.925939
1.2302
3.8638
1.15084
1.09401
0.95399
0.953736
1.28345
1.42471
1.35759
1.05785
0.834751
1.22453
1.02449
1.27588
0.850346
0.993016
1.21243
0.912057
2.05151
0.635437
1.32907
0.792939
5.07183
1.24168
1.26872
1.28381
0.914349
1.33211
0.954577
1.16902
0.681237
0.808503
0.799285
0.818317
1.04617
1.21708
1.15507
1.19699
1.18006
0.800446
1.28016
1.03876
1.11859
1.25995
1.16369
0.803926
3.69214
0.757176
1.05432
1.40951
2.86394
1.15497
1.28248
1.31905
0.798156
1.19844
1.38811
1.18849
1.19844
1.60288
1.30804
0.723258
1.18979
1.29968
1.39236
1.12693
1.41764
1.24924
1.21506
1.40923
0.92988
0.951249
1.25935
1.32927
0.77727
0.634191
0.573285
0.301167
4.65843
0.877508
0.605658
1.28205
1.00695
0.336743
1.04794
1.29086
1.21883
1.3648
0.850436
3.78505
1.29368
1.28864
1.35079
1.04752
1.23174
1.45073
1.25854
1.43893
0.640161
1.36792
1.2843
0.922251
1.11359
1.2742
1.33251
1.64226
1.25407
1.79596
1.25408
1.24213
1.28308
1.24777
1.30887
1.4298
1.2138
1.28097
1.28977
1.36856
0.989443
0.710224
1.34248
1.13284
1.19977
1.1761
0.971989
1.08965
1.07221
1.29423
1.22006
1.30652
0.774413
0.968456
1.32446
1.2485
1.30009
1.30105
1.33527
0.674343
1.00825
0.105932
1.27291
1.3415
0.848357
1.26126
1.27777
1.28667
1.29844
1.09013
1.14034
0.800426
1.27257
0.598053
1.21187
1.27997
1.05122
1.27312
1.2773
1.31368
3.92032
1.2837
1.25139
1.29935
1.44611
0.846637
1.25911
1.20483
1.29883
0.89
0.701472
0.952224
0.999184
1.3015
1.25517
0.690278
1.33017
1.00213
1.31316
1.32027
1.43422
1.26682
0.793651
1.15346
0.968612
0.878136
1.25671
1.28045
0.337805
1.2826
0.922581
0.959306
1.27771
0.950948
1.31115
1.18657
0.813183
1.27371
1.3038
1.303
0.588087
1.24349
1.44238
1.31998
0.885923
1.30847
1.11047
0.89157
1.05253
0.98489
1.35032
1.29537
1.33165
1.29719
1.24256
-0.0689949
2.89326
0.729217
0.931672
1.04671
1.38358
1.16714
1.31239
1.26715
0.613947
0.931559
1.60673
0.74142
1.29314
1.0432
1.21431
0.918752
1.22865
0.96297
1.28022
4.27255
1.2535
0.925296
1.15702
1.27336
0.908703
1.2824
0.617546
1.25911
0.529879
1.3643
0.828028
1.29648
0.722274
0.612716
1.02483
1.30895
1.01608
1.2917
0.903026
0.755982
1.16319
1.30218
1.3101
1.16215
0.0897475
0.931203
1.32598
1.40509
0.588992
1.32128
1.27995
0.633711
1.22293
1.12991
1.27217
1.31027
1.30016
1.44057
1.10305
0.920186
0.922042
0.794404
1.18044
1.27568
1.30579
1.10703
1.04737
1.15563
0.640187
1.43286
1.26341
3.48719
1.2371
0.693392
1.34982
0.857919
1.38193
1.31035
1.03391
0.99792
1.20115
0.849348
1.23011
1.29134
1.3377
1.07393
1.41688
1.20071
0.892143
1.28791
0.908426
1.33527
1.19405
1.34818
1.27327
1.28824
1.36717
0.877374
1.30883
1.2141
1.2778
1.3129
1.01599
1.34536
1.1951
1.32597
1.08018
1.24229
1.26063
1.12924
1.19122
1.15555
1.30737
0.838166
0.783262
1.09604
0.929523
0.936815
1.28365
1.30187
1.29817
1.08037
0.821733
1.30466
1.14048
1.27475
0.902503
0.947454
1.41278
1.30877
1.22867
1.44733
1.07339
0.991183
1.3023
1.31253
0.954299
0.946558
0.922568
0.608855
1.20389
1.35903
1.30886
1.19315
1.01447
1.1852
0.860531
1.27757
0.855317
-0.265679
1.38149
1.13853
1.33002
1.41697
0.950939
0.876867
0.695534
1.28958
0.84966
1.30614
1.06375
1.28833
1.4359
0.588947
1.30422
1.29746
3.27446
1.11763
1.1753
1.29345
1.11095
1.28228
1.27033
0.875209
1.10421
1.28231
1.34063
0.744471
0.828491
1.3074
1.25436
1.28144
1.1669
3.41248
0.688952
0.866301
1.2339
0.87918
1.21273
0.136112
1.36557
0.839843
1.15626
0.988284
1.36169
1.40324
0.987053
1.38444
1.24438
0.635018
1.21765
1.27204
0.850793
1.46247
0.937248
1.31531
1.16734
1.32342
1.27861
1.55264
0.707696
0.919398
0.718445
1.25572
0.92325
0.946643
1.42951
0.461064
0.762106
1.51213
1.33985
1.31142
1.31136
0.536168
0.794176
0.716076
0.826939
1.294
1.36101
0.647779
1.31666
1.17112
1.22506
0.597008
1.31444
0.573815
0.652102
0.910405
0.77617
0.98501
1.27904
1.28628
1.3174
1.31614
1.28938
1.33041
1.32142
1.37413
1.31663
1.27414
1.31242
1.27191
1.19962
0.802184
1.21059
1.3332
1.27168
0.825776
1.37046
2.91804
0.925227
0.915655
1.86308
1.93454
1.28702
1.17263
1.20024
1.35253
1.32009
0.936297
1.27583
0.76145
1.23928
1.3206
1.32382
0.859452
1.08352
1.08009
1.3253
0.831019
1.31302
0.650287
1.18109
0.774024
1.2997
0.931608
1.13789
1.20522
1.291
0.742913
1.32593
1.1241
0.978469
1.26293
0.998527
1.16725
0.610294
1.29509
1.25745
1.14917
0.832063
1.39374
0.99891
1.38015
1.1418
1.28056
1.28526
0.686529
1.29322
1.2169
1.31143
0.849967
0.800967
1.27863
1.15811
1.41372
0.88253
0.823621
1.27727
0.701746
1.32395
1.22379
0.801463
1.27468
1.24112
0.80903
0.96343
1.29389
1.03736
1.37665
0.851119
1.3157
0.92331
0.747534
1.29978
1.13755
1.3093
1.28021
0.827306
1.14633
1.29372
0.873456
1.16039
-0.518295
1.13272
1.29514
0.941403
1.44943
1.07656
1.26961
1.26722
1.21061
1.18168
0.778964
1.26097
1.2772
0.947199
1.26107
0.803186
0.875819
1.25253
1.30963
1.36732
1.28503
1.29159
1.27455
1.22154
1.27512
1.36612
1.29724
0.978251
1.26677
1.42472
1.06655
0.632955
1.23475
1.41288
1.31732
0.817293
1.25035
1.38023
1.09614
0.919183
0.899163
1.27966
1.29464
1.32839
1.16263
1.25766
1.31008
1.31842
1.2136
1.13753
1.10187
0.862399
0.771131
1.19637
0.913777
1.27961
0.935707
1.43037
1.32255
1.25623
0.795122
1.46762
1.17322
0.346428
0.79183
1.31426
0.929344
0.734932
0.741722
1.24127
1.06653
0.571426
1.07377
1.40734
0.92277
1.04199
1.18662
1.20551
1.19552
1.09007
1.31391
0.960742
0.893309
0.85427
1.22593
1.29003
1.33595
1.01667
1.15646
1.18019
1.28861
0.838247
0.766718
1.28559
1.29222
1.35076
1.08304
0.737275
1.22645
1.26514
1.22402
0.99952
1.297
1.31916
1.31858
1.30274
1.25961
1.30086
1.19691
1.31628
0.94021
1.25806
1.16404
1.33606
1.39996
1.2817
1.77798
1.34129
1.31659
1.21493
1.3064
1.17899
1.31301
0.870373
0.877457
1.26426
0.733896
0.970299
0.726231
1.10712
1.31797
1.26752
1.24066
1.17726
0.867414
1.11268
1.3342
1.30355
1.20604
1.20818
1.22465
1.08533
0.956153
1.16747
0.650772
1.11589
1.29615
1.17765
1.089
0.900859
0.869624
1.28056
1.2034
1.32766
1.20804
1.30804
1.36723
1.31484
1.23464
1.31617
1.10122
1.28093
0.903175
0.831265
1.03437
3.53661
0.886666
1.32536
1.31453
1.36588
0.596773
1.46083
1.35941
3.64509
1.29755
1.39402
0.86775
3.32715
0.806561
1.19072
1.34243
0.976694
0.911997
1.35709
1.29607
0.936191
0.712757
1.84656
0.791795
1.19999
1.375
0.845618
1.94767
1.3168
1.40347
1.28622
1.27946
1.30747
1.28881
3.49855
1.37902
0.9764
0.960379
1.22335
0.864236
0.927178
1.30137
1.46223
1.3948
0.741117
1.16625
1.25698
1.54695
1.319
1.31029
0.793201
1.46912
0.615114
1.11282
1.31417
1.00314
0.959699
1.44801
1.16868
1.36632
1.13211
1.25315
1.05605
1.17969
0.748135
1.35883
1.37104
0.916865
1.20711
1.30366
1.316
1.13308
1.26653
0.78861
0.960663
1.33888
1.33156
1.37853
1.17041
1.30756
0.778212
1.26826
1.14172
1.24432
0.86726
0.900435
1.05188
1.34594
0.763948
0.928051
1.29188
0.956204
0.908055
0.509048
1.0756
1.15149
1.20774
1.38092
1.04077
1.46861
1.12161
1.32324
0.986054
1.22776
1.06287
0.538026
1.28112
1.46853
1.31101
1.3021
1.20225
4.42487
0.840153
1.43952
0.549374
2.24043
0.744818
0.967379
1.40758
1.13062
0.930221
0.948701
1.27244
1.26159
1.25614
1.19126
1.30845
1.21214
1.16059
1.17876
1.38008
1.00674
1.31815
2.00069
0.917324
0.958603
1.46514
1.39945
1.22595
0.628393
1.1846
0.945261
1.29288
1.46111
1.19015
1.30659
1.26194
0.726844
0.790673
1.25672
1.29368
1.29085
1.0554
1.29009
1.46084
0.968485
1.20865
1.13576
1.30088
1.31993
1.45378
1.30018
1.36707
1.32303
1.46429
0.824045
0.953582
1.12411
0.862215
1.08988
1.39021
1.32584
0.780525
1.41199
0.793978
1.28444
1.38948
0.939731
1.0066
1.12004
1.0421
1.26394
1.13707
1.33903
0.815776
1.46679
0.941133
1.29666
0.607996
1.28568
1.26825
0.738753
3.22901
1.30396
1.33453
1.30826
1.32427
1.28864
1.38608
1.17572
0.962626
0.997061
1.34224
1.30948
1.35081
1.07078
1.23913
1.30654
1.21168
1.34175
1.41445
1.34485
1.25133
1.17416
1.36607
1.19572
0.901605
0.671717
1.04444
4.9424
1.3711
1.08669
1.18413
0.789792
1.29627
4.60525
0.946824
1.38339
1.22338
1.32288
1.16913
1.0976
0.775205
1.14447
0.682291
1.45131
0.742435
0.66282
0.732904
1.26032
0.934275
1.23278
1.28105
1.10568
1.17651
1.20448
1.19769
1.2497
1.31143
0.983439
0.94454
0.899505
1.25472
0.891007
0.972576
0.787943
0.737705
1.27512
1.17822
0.820392
1.45699
1.38717
0.652083
1.25364
1.30706
1.31215
1.32234
1.29466
1.1866
1.43035
1.16648
1.3906
1.43748
0.756256
1.30016
1.42369
1.44407
1.43539
0.576243
1.23139
1.1883
0.638371
1.32058
1.42058
1.16332
0.935765
1.23706
0.930928
1.3596
1.31226
1.32852
1.36444
1.2638
1.4257
1.31228
1.12956
1.39443
1.34381
0.806267
1.11468
1.28743
1.29845
1.37219
1.31429
0.707376
1.3444
1.32879
1.29291
1.21934
1.30296
0.925341
1.25398
1.29686
1.25385
1.01986
1.29766
0.765881
1.41972
0.867199
1.43561
1.28298
0.920319
0.950106
1.3431
1.33588
1.34464
1.35241
1.31588
1.26984
1.1338
1.32869
1.31916
1.14728
0.789898
1.36408
1.38379
1.17218
1.1384
1.2932
1.28065
1.18574
0.971369
0.512639
0.727657
1.19775
0.512802
4.58043
1.35208
1.28315
1.09234
1.22875
1.09969
0.913086
0.813932
0.74135
1.34389
0.984119
1.3056
1.12586
1.35054
1.2006
0.998238
0.964311
0.655845
1.42525
1.42673
0.720124
0.961702
1.35963
1.20416
0.64035
1.27763
0.768307
1.27784
1.22296
1.03804
0.995165
1.32436
1.12064
2.31233
1.3256
1.30934
1.3006
0.79061
1.06666
1.34974
2.60043
1.28894
1.37136
1.15459
1.16965
1.27921
1.32445
1.22646
1.30678
1.31754
1.30713
1.30779
1.24201
1.29679
1.28974
1.25449
0.927652
0.703247
0.797988
0.827824
1.14732
1.15437
0.689825
1.32772
1.21485
1.31399
0.759289
1.15605
1.29254
1.38781
1.13433
0.950729
1.29347
1.44782
0.867722
1.10998
1.42412
1.0017
0.959794
1.29147
1.33444
1.26119
1.29641
1.28194
0.796997
1.35274
1.70641
1.31225
1.29896
1.17285
1.19924
1.19224
1.3595
1.30653
1.29774
1.11491
0.928535
1.37824
1.39301
0.955713
0.805277
1.29179
0.720551
0.890569
1.4656
0.790623
1.30632
1.3214
0.912398
1.42013
0.977485
0.99201
1.03653
0.804363
1.30965
0.921121
1.32942
1.32825
1.42003
1.34986
1.0249
1.30922
1.20068
1.08395
1.29046
0.857426
1.23907
1.40625
0.664546
1.19867
1.27877
1.26455
1.06552
1.04685
0.951681
4.28878
1.27525
1.12076
1.2527
1.39283
1.30587
1.16974
0.780259
1.45612
0.931966
0.809179
1.33617
1.32003
1.16679
1.32103
1.28769
-0.512682
-0.563677
1.2678
1.36794
1.27517
1.22051
1.12657
0.857058
1.30457
0.939886
0.96632
0.931328
1.29724
0.745184
0.783013
1.35798
1.29061
1.27074
1.12908
1.34693
1.08323
0.774274
1.3426
1.30823
0.813662
0.94844
1.36313
1.04629
1.23704
1.4452
1.32506
1.31236
0.934287
1.2365
1.31714
1.36321
1.11696
1.15625
1.3861
1.09505
1.32565
1.26264
1.2733
1.19806
1.26526
1.37793
0.958361
1.43571
1.30726
1.12179
0.758826
1.25923
1.25682
1.33985
1.31188
1.42047
1.09929
0.574459
0.952018
1.27183
0.742689
1.30612
0.981594
0.998912
0.651357
1.07132
3.31943
1.32572
1.29838
1.28387
1.21113
0.513477
-0.262553
1.19382
1.29043
1.32769
0.494835
1.3211
1.31097
1.36212
1.29663
1.30395
0.964125
0.949291
1.29495
0.850065
1.33564
0.912174
1.19376
1.28693
1.13203
0.807615
1.32994
1.34244
0.80712
1.12522
1.31832
0.813603
0.824456
1.31166
0.730111
1.16427
0.981954
1.18336
1.35149
1.14815
1.27845
1.31842
0.481967
0.836774
0.93824
1.29565
0.952071
1.28013
1.34571
1.42178
1.29419
0.855538
1.29243
0.787935
1.22857
0.993869
1.3195
1.07378
0.836986
0.579794
1.28351
0.925406
1.33734
1.40947
0.78579
1.20797
1.31878
0.486348
0.920317
1.26118
1.27776
0.547632
1.14016
0.87748
1.31849
1.23942
0.523997
1.28112
1.34765
1.30526
0.586456
1.41134
0.873045
0.950001
1.25882
1.28779
1.2972
0.93219
1.28265
1.29217
1.26776
1.32884
1.27913
0.516435
1.01539
0.962393
1.32172
0.535813
1.17158
0.828019
1.22382
1.42178
1.31624
1.21057
0.471678
1.38792
1.40739
1.28658
1.31204
0.876484
0.977426
1.35926
1.26854
0.960129
1.30205
1.15634
1.30822
1.33217
1.00493
1.17696
1.4321
1.22706
1.07473
1.73071
1.17299
1.29475
1.38608
1.289
1.28822
1.28078
1.32691
1.32924
1.1014
0.859411
0.922065
0.947857
1.3414
1.37887
0.945167
1.31563
1.35582
0.829685
0.946812
1.30469
1.26338
1.24664
0.981257
1.41996
1.34766
1.19769
1.43017
1.20996
0.921222
1.2091
1.04653
1.30295
1.15656
1.21564
1.15444
0.600565
1.34646
1.09051
1.43764
0.464844
0.932886
0.921417
0.752809
1.25073
1.26036
0.949778
1.31654
1.30666
1.2979
1.45202
0.888477
1.31297
1.17958
1.19725
1.1972
1.11744
1.39111
1.11954
0.96718
2.06789
0.9623
1.41774
0.929501
1.02726
1.21524
1.11022
0.835868
1.4
1.16596
1.29644
0.922123
1.11554
1.31285
0.933429
1.30506
0.808256
1.46748
1.22354
1.27866
1.26806
1.261
1.30687
1.46483
1.33764
1.26498
1.44169
1.40428
1.45715
1.48058
2.73281
1.23538
1.18777
1.4423
1.26808
1.10696
1.31151
0.690646
1.41561
1.12653
1.29536
0.818353
1.1053
1.26968
1.36845
1.30244
1.24439
1.23706
1.44618
1.02854
1.24774
0.861515
1.43193
1.38224
1.37181
1.38441
1.12793
1.46995
1.27116
1.31557
1.46707
0.7066
1.42833
1.44699
1.2943
1.31158
1.41763
1.3169
1.03994
1.37323
5.10495
1.40853
0.512178
1.27309
1.24448
1.39131
1.40906
1.13024
1.26034
1.30558
-0.146741
1.36683
0.829634
0.670972
0.702535
1.35031
0.811259
1.24737
1.37592
1.3758
1.3861
1.12111
0.633598
1.29683
1.30814
0.929898
1.29379
1.36445
1.31436
1.25756
0.548771
0.887884
1.3592
0.950222
0.812138
0.935422
1.25996
0.713847
0.900412
1.27087
1.44733
1.2586
1.04704
1.08355
1.24348
1.33239
1.32882
1.17228
0.724971
1.10033
1.13262
0.733383
1.31276
1.33694
1.04698
1.40326
0.830613
1.34546
0.963163
0.877828
0.966449
0.658632
1.25336
0.483011
0.88314
1.26411
0.837784
0.89704
1.43604
1.32468
0.916055
0.959948
1.1922
1.21048
1.37449
1.03096
1.28782
0.489777
1.16984
0.964159
1.05342
1.32859
1.23012
1.30673
1.37337
1.3191
1.1334
0.978753
1.36634
1.20235
1.3814
0.947366
0.881964
1.27876
1.33038
1.32817
1.16658
1.37637
1.29145
1.25817
0.920975
1.27365
1.25892
1.43734
1.40459
1.15254
1.33714
1.38206
1.3092
0.994864
1.28738
0.733627
1.37766
1.31229
1.24969
0.802294
1.3329
1.2563
1.24051
1.28947
0.468731
1.18549
0.617044
1.15751
1.27013
0.83589
1.31331
1.33944
0.861718
1.24046
1.28734
0.933561
0.898146
1.25841
1.24759
0.919834
1.32804
1.25539
1.33092
1.33399
1.26497
1.34588
1.22664
1.27084
1.26147
1.33882
1.33469
1.38827
1.32286
1.19764
0.945622
1.42354
1.37719
0.991393
0.745193
1.33265
0.956562
0.965215
1.16377
0.947717
1.3198
1.31985
1.30411
3.22701
1.26824
1.04134
1.35104
0.688319
0.865603
1.26788
1.3234
1.14911
1.22417
0.62348
1.30597
0.886217
1.17768
1.37595
1.23523
0.945655
1.34758
1.35001
1.30691
0.987176
1.111
0.813556
0.759218
1.17807
1.10024
1.01188
1.31306
1.41391
1.3504
1.30722
1.36133
0.810491
1.27559
1.2625
1.15387
1.31708
1.30853
1.19137
1.2223
1.46688
1.35018
1.2671
1.4187
0.478237
1.31901
1.12545
1.10321
1.29369
1.26792
1.32141
1.28115
1.03985
0.701781
1.27527
1.72276
0.58314
1.29346
0.754029
1.31068
1.37384
1.23391
0.685107
1.43438
1.33715
1.32973
1.32882
1.41104
1.2851
1.08419
1.23742
1.30714
1.30578
1.34373
0.00929416
0.477777
0.893252
1.34804
1.46115
2.27665
1.27972
1.28725
0.970807
1.46748
0.736585
0.704923
1.32859
0.852001
1.2305
1.25305
0.760124
1.33447
1.34316
1.30624
0.79902
0.465876
0.739696
1.28423
1.29763
1.3321
1.32593
1.20935
0.845665
0.926249
1.34668
1.3438
1.13618
0.970801
1.28234
1.03513
1.27913
1.39272
0.830633
0.825935
1.2672
0.733667
0.969493
1.33793
1.31107
1.3363
1.28775
1.19954
1.13091
0.961892
1.34981
0.821938
0.92962
0.927513
1.19523
0.707119
0.932858
3.84063
1.25688
1.34253
0.242405
2.99119
0.938848
1.30294
0.843936
1.30596
1.31981
1.27505
1.17912
0.463459
1.2349
3.33399
1.33375
1.12736
1.33252
1.19524
1.33877
0.737483
1.39431
1.46908
1.45444
1.32003
1.11467
1.33324
1.30925
1.19139
1.42767
1.15727
1.17664
0.834858
1.31292
1.34116
1.19392
1.19203
1.36294
0.83208
1.46897
1.22578
1.44599
1.34864
0.852978
1.31659
1.22001
1.46879
1.16124
0.973233
0.926824
1.20964
1.08798
1.26084
1.25214
1.37544
0.929252
1.29458
1.28007
1.3716
1.27919
1.32844
0.764883
1.99747
1.15496
1.4636
1.33842
1.3056
1.01848
1.32582
0.966259
0.763204
1.23487
1.33325
1.15149
1.3468
0.953031
1.2456
0.948129
1.03234
1.26201
1.16372
1.28262
0.965698
1.3921
1.24213
0.955772
1.25159
1.32663
1.45874
1.40072
1.32116
1.34044
1.23329
1.12831
1.30628
0.602106
1.26961
1.38658
0.963441
0.799703
1.28094
0.764147
0.925087
0.802881
1.41764
0.581852
1.31818
1.35342
1.32756
1.29425
1.15759
1.35676
0.543029
2.25889
1.25646
1.29623
1.44696
1.27132
0.811255
0.957928
0.87139
1.27727
1.33438
0.4752
1.38712
1.2456
1.04373
1.30625
1.25249
1.24059
0.507023
0.880165
0.500145
1.12917
1.19454
1.28131
1.11672
0.936657
1.40126
1.16268
1.36747
1.26484
1.30636
1.25475
1.01748
1.17783
1.41144
1.41636
1.22425
1.16554
1.30914
1.46391
1.27258
1.29261
0.827099
1.15146
0.978656
1.40964
1.08199
1.16691
0.981266
1.43665
0.591604
1.35037
1.14745
0.879485
0.515533
1.03521
1.22758
0.820844
1.46665
1.21854
1.15679
1.09379
1.38744
1.34367
1.46849
1.30533
0.88402
1.36893
1.27696
0.667151
1.44737
1.18891
1.22383
1.34596
0.892439
1.23148
1.13327
0.854697
1.40109
1.2602
1.08739
0.748183
1.19451
1.33727
1.43952
1.09644
0.821842
1.243
0.918875
1.32299
1.43034
0.732524
0.884197
1.38443
1.25564
1.13003
1.27333
0.980267
1.26492
1.32107
0.886038
1.29469
0.984631
0.8837
1.39732
1.4608
1.32366
1.28138
0.681457
1.20998
1.16599
0.907467
1.2802
1.40831
0.943828
1.38011
1.25233
1.35123
1.44739
1.1749
1.31494
1.17971
1.33727
1.31525
0.516034
1.06315
1.1579
1.35302
1.1956
1.17404
1.42494
1.29213
0.865302
0.999566
1.29071
0.914976
1.04373
1.37007
1.42828
1.43892
1.2556
1.27851
0.860795
1.17025
1.2672
1.42995
1.11915
1.16782
0.605211
1.4194
0.793061
0.999159
1.30008
0.935711
0.924429
1.26182
1.3952
1.321
1.30451
1.42512
1.2247
0.978928
1.20622
0.922634
1.20734
0.663169
1.18469
1.24747
0.869859
1.42514
1.31337
1.27678
1.22074
1.09313
1.15449
1.30978
1.36977
1.22892
1.33071
1.05088
0.913014
1.07879
3.17292
1.2625
1.26973
1.4566
1.15732
0.983267
0.991446
0.66757
1.19223
1.31964
0.968782
1.27134
1.40932
1.38296
1.31993
1.3048
1.33312
1.21883
1.32803
1.23278
1.2739
0.931186
0.94669
0.87035
1.09915
1.01452
0.869142
1.07158
0.830737
1.37048
1.20646
1.26308
1.17415
0.950387
1.24395
1.33779
1.29118
1.03393
1.3811
1.29801
0.800359
1.4542
1.33695
1.27351
1.30982
1.02109
1.33077
1.35005
0.952725
1.17885
1.1259
0.797519
1.2684
0.900071
0.964822
0.773929
0.756917
0.850181
0.75077
0.582563
1.32177
0.813122
1.07708
0.748641
1.13174
0.909035
0.937052
1.40669
1.35357
1.25344
1.24439
1.14751
0.74761
1.17386
0.66016
1.24776
0.670161
1.42327
1.25304
1.33334
0.741446
1.11769
1.34717
1.43628
1.2688
0.64667
1.15575
0.792572
1.27437
0.807716
1.28904
1.03346
1.39831
1.27486
1.2869
1.35097
1.0089
1.3037
1.23319
1.11024
1.2415
1.426
1.27989
1.24281
0.957389
1.26988
1.24356
1.2117
1.29505
0.568263
1.33025
1.42562
1.25114
1.11966
1.4413
1.1815
1.34099
0.962116
0.766467
1.15104
0.924331
1.34291
1.26534
0.950594
1.46868
1.35159
1.3402
1.16468
1.43328
1.27748
1.05054
0.60167
1.28468
1.09784
0.765411
1.02262
0.95819
0.936716
1.26853
1.06299
1.38814
1.30432
0.898929
1.32653
1.30294
1.42454
0.704394
1.11075
1.30635
0.754925
1.2717
0.745756
0.86649
1.31641
1.33645
1.26893
1.35731
1.34102
1.40475
1.08061
1.32918
1.27405
1.07626
1.38428
0.604642
0.862144
1.16659
1.27651
1.09823
1.19011
1.24974
1.39718
1.23212
0.771826
0.598672
0.829837
0.913035
0.566564
1.16276
0.857545
1.27445
1.0519
0.952174
0.851738
0.902371
1.41555
1.26959
0.893635
1.41142
0.822723
1.1769
1.40072
0.910809
1.03332
0.976442
1.13081
0.8684
1.28388
1.30573
-0.230657
0.851011
1.06617
0.942636
1.17558
1.43003
0.48267
1.40861
1.14455
0.772225
1.25591
1.12418
0.755199
1.32002
1.2415
1.12811
1.18314
0.874965
1.26951
0.942012
0.928997
1.37307
1.09305
0.703392
1.31865
1.30232
1.30041
1.32148
1.29039
1.14743
1.2932
1.36918
1.41367
1.27922
1.25992
1.18002
1.36025
0.743753
1.26285
0.579518
1.31747
0.67583
0.80363
1.31728
1.19107
1.16311
0.755327
-0.581219
0.84993
1.39519
0.523644
1.2484
1.12021
1.37219
1.23426
1.36267
1.36615
0.642615
0.847607
0.780095
0.803492
0.742984
1.16239
1.30858
1.3532
1.32423
1.2696
0.965506
0.712761
1.05955
0.788127
0.751317
1.42454
0.462867
1.41065
1.382
1.39729
1.44816
1.11897
1.32605
1.02278
1.27014
1.2584
0.631677
1.3491
1.33921
1.24742
1.19576
1.37947
1.19081
1.37824
1.34476
1.09962
1.21797
1.27412
1.31555
3.15251
1.33431
1.26813
1.09829
1.25777
1.24965
1.38048
1.19797
1.32542
1.17897
1.278
1.32497
1.33236
1.4111
1.17246
0.972934
0.718762
0.900349
0.939988
1.58792
0.73455
0.910346
1.40616
3.56158
1.25847
0.974406
0.837232
1.28678
0.959926
1.03257
0.956597
0.811205
1.21358
0.729542
1.34441
1.30126
1.25304
1.44668
1.19022
0.797063
0.932563
1.13222
1.34517
1.08205
0.905647
1.37945
1.06235
1.29938
1.11356
1.28314
1.30005
1.39701
0.730545
1.30932
1.37218
1.44486
1.29515
1.34547
0.961278
1.31289
3.15326
0.901872
1.45565
1.2487
1.15187
1.30347
0.998231
0.809276
0.525028
1.00199
1.11552
1.18647
0.918436
1.34444
1.41924
1.39341
0.900277
1.29759
1.21978
1.12621
0.791326
0.557238
1.20066
1.39763
1.29324
1.58759
1.56574
1.36238
1.31016
0.86254
1.10746
0.954896
3.56535
0.893411
1.28682
1.33642
1.03593
1.29804
0.908263
1.29202
0.870217
1.1539
1.81866
0.985039
1.22017
1.04284
1.32191
0.742117
0.744599
1.37783
1.27079
0.979823
1.28807
1.35294
1.45276
1.29029
1.36939
1.29149
0.830798
1.29167
1.05976
1.1519
0.975599
3.9431
1.13521
0.9009
1.19442
0.730995
0.658916
1.24875
1.29029
1.26024
0.536179
0.732276
1.3401
0.911978
1.08892
1.07043
1.26283
1.47597
1.06285
1.04392
1.17827
1.32437
0.997516
1.37851
1.43305
1.19377
1.05702
1.27057
1.31649
1.22386
1.09778
1.37811
1.30193
1.34705
1.41941
1.18804
1.40402
1.26154
0.798693
1.38668
1.07793
1.23581
1.21827
1.33364
1.36287
0.834526
1.43217
0.707476
1.23896
1.05705
0.683454
0.820007
1.36275
1.17499
0.958315
1.15342
0.789694
1.27345
0.869605
0.698626
1.0758
1.18565
1.19355
1.20142
1.27573
1.02792
1.34644
0.778566
1.1582
1.29257
1.36661
1.34496
1.28439
1.08384
1.26923
1.23498
1.31713
1.3555
1.11623
1.31069
0.887825
1.26007
1.3943
1.0379
1.25319
0.632319
1.06807
1.40435
1.35581
0.833177
1.31295
1.41068
2.06134
1.27166
1.21476
1.25148
1.15182
0.816894
1.12753
0.912163
0.947605
1.32144
1.27053
1.22299
1.26595
1.21625
0.727223
1.37234
1.41008
0.733701
0.946535
0.496947
1.28971
1.09175
1.03446
1.0219
1.32686
1.30062
1.25226
1.26693
1.26005
1.37506
0.75834
0.685466
0.668401
1.21804
1.33583
1.3761
1.29106
1.34039
1.16607
0.625731
1.30027
1.29237
1.2139
0.877902
1.34275
0.807317
0.628279
0.988036
1.07547
1.05069
1.10893
0.714634
0.966878
1.14674
1.16777
1.27759
0.959931
1.15093
1.03164
0.694956
0.994376
1.22663
1.01505
1.0508
1.34591
1.33299
1.29518
1.18244
0.995196
1.34902
1.04261
1.13206
1.28426
1.26577
1.09148
1.49306
1.24129
0.986297
1.45178
1.33527
1.40303
1.21229
1.31896
0.956014
0.886145
1.62506
1.38997
1.26295
1.01356
1.20737
0.883719
1.15345
0.626168
0.859874
1.227
1.31051
1.37533
1.14752
1.15696
1.40782
1.31024
1.38569
1.41065
1.27324
1.35801
1.0586
1.29793
1.14656
0.787008
1.08072
0.98331
0.957674
0.989004
1.19175
0.90354
1.029
0.236256
0.843838
0.881073
1.01053
1.31419
1.26664
1.02284
2.97931
1.0581
1.31719
1.16394
1.13569
1.31475
1.16763
1.42748
1.03526
0.618237
1.31848
1.33104
1.29555
1.26161
1.18678
0.585649
1.35712
1.42987
0.627319
0.705625
1.34759
1.15415
0.716308
1.30836
1.23344
1.05979
0.873631
0.93759
1.41396
1.09041
1.07827
1.02857
0.669666
1.133
0.878896
1.2885
1.04703
1.06385
1.4217
1.50221
1.31865
0.939391
1.05953
0.728116
1.27745
1.33242
1.3079
1.35369
0.972378
1.2976
1.2476
1.28596
1.46855
3.3751
1.40009
0.983584
0.727198
1.28906
1.0265
1.14419
0.193399
0.940043
1.15744
1.29885
1.09719
1.03857
0.503233
1.27929
1.10982
1.00152
1.24374
0.883271
1.77145
1.1468
0.895756
1.41491
1.278
1.40036
1.15658
0.976351
1.2845
0.650048
1.07458
1.39601
1.24132
1.40793
1.24983
0.880489
1.28846
1.29865
1.37396
0.962234
1.32866
0.630084
1.21632
1.26558
1.2936
0.864643
1.34607
4.11397
1.452
1.18523
0.874574
0.704142
0.90583
1.1541
1.15274
1.40405
1.25265
0.524586
1.17204
1.30407
0.857693
1.0738
1.31871
0.493512
0.929515
1.40027
1.07925
1.3442
0.682991
1.26391
3.30427
1.10979
0.725166
2.44733
1.42376
1.1547
1.12355
1.1941
1.27142
1.44909
1.0251
1.09282
1.21977
0.949608
1.3079
0.551511
0.629492
1.1696
1.32363
1.30737
0.752686
1.13756
0.502894
1.2455
1.26383
0.963984
1.17213
0.874508
0.624908
1.34908
1.39468
0.841138
1.13992
1.16249
1.22573
0.98435
1.12569
1.03319
0.908726
1.23588
0.940978
1.12546
1.15934
1.07147
1.29665
0.994362
1.33653
1.01496
1.23398
1.25303
0.796481
0.959435
1.35661
0.799056
1.31845
1.33062
0.710112
1.10719
0.762461
1.2589
0.94871
2.86829
1.14219
1.44333
0.791171
1.02165
0.787318
1.19968
0.858231
0.956272
1.3841
3.01565
1.33479
1.31166
1.26252
1.31023
1.22984
0.990031
1.20948
1.16003
1.04072
1.16893
0.590295
1.3568
1.30754
1.1537
0.958088
1.06563
1.28555
0.95206
1.15828
1.20299
1.37504
1.2266
1.2724
0.045496
1.30214
0.424786
1.39497
1.291
0.675898
0.783868
1.01099
1.36906
1.42174
1.38255
0.757095
1.25698
1.24539
1.28769
1.09925
1.39007
1.34938
1.13516
1.36391
0.806997
1.23331
0.758581
0.597629
1.30539
1.02883
1.23473
0.901366
0.885891
0.81786
0.0172552
1.35249
0.898607
1.25149
1.2988
1.43076
1.29829
0.980102
0.879549
1.06955
1.11076
1.13508
0.936571
0.853996
1.3187
1.16247
1.29885
1.35489
1.41756
1.34189
1.32568
1.27155
1.2932
0.919959
1.2319
0.850553
0.875388
0.687706
0.715827
1.36988
1.24941
1.04333
1.40656
0.875094
0.863824
0.883231
1.30074
1.23827
1.36422
1.30605
1.38014
0.958168
1.25616
0.796999
0.9978
0.741739
1.1501
1.33765
1.25
1.29095
1.23135
0.931163
1.06117
1.05372
1.04629
0.864609
1.25754
2.59697
1.43924
1.30013
0.562473
1.30089
1.28979
0.780479
0.946018
1.40215
1.3934
1.28872
0.676838
1.31317
0.990275
0.895542
1.41005
0.829158
1.20746
0.885611
0.880744
1.36376
1.02692
0.816797
1.34594
1.17149
0.973203
1.0423
0.89995
1.28143
1.38565
1.24154
1.37912
2.89345
1.26582
0.848445
0.965923
1.11599
1.31092
0.874096
1.25203
1.30686
0.783032
1.18563
0.745792
0.75906
0.84591
1.2535
1.25397
1.33429
0.90412
0.783695
0.921786
0.794017
0.879717
1.29703
0.746565
1.18456
0.883482
0.72926
0.787229
0.638698
0.813124
1.16565
1.35656
0.299359
1.34671
1.22398
3.23589
0.959976
1.38408
0.930383
1.00448
1.16138
0.854287
0.874364
0.699072
1.50883
1.35042
1.30892
1.40975
1.21942
1.16058
0.979432
1.04582
0.780511
1.33587
1.30991
0.741994
0.931976
1.22643
1.2457
1.25446
1.32163
1.32585
1.31975
0.957627
1.21251
0.970659
1.12673
1.03109
1.29656
1.14612
0.745101
0.973282
0.823874
0.999948
0.852945
1.40329
1.28835
1.24041
1.37873
0.841105
0.857156
1.29037
0.746711
1.28618
0.986749
0.770507
0.647574
1.24543
1.05513
1.12425
1.26991
1.00931
1.3487
1.14589
1.33556
0.89008
1.38325
0.779058
-0.76693
1.21296
0.812231
1.35295
2.94215
3.04069
0.493436
0.934113
1.40818
1.3038
0.913382
1.10517
0.820028
1.18279
1.26042
1.12083
1.04991
1.27621
0.837135
0.651993
1.29371
0.894885
0.852544
0.904876
1.30228
0.856681
1.33555
1.21161
0.895196
2.66475
1.46847
1.29094
0.755472
1.27499
1.25902
0.621837
0.935117
0.635448
1.33858
1.27936
3.46439
1.28878
1.32566
1.13542
1.34238
0.807739
1.02867
1.41031
1.32531
0.977257
1.25274
0.927859
1.39757
1.23781
0.542958
1.03685
1.32884
1.16594
1.35637
1.16855
0.501053
1.47636
1.28417
1.38313
1.34839
1.38113
1.14586
0.921367
1.36421
1.33818
1.3552
0.705591
1.03868
0.963255
0.877222
1.15005
1.28496
0.958191
1.19392
1.38142
1.29193
0.823558
1.22558
0.879206
0.312226
0.824668
1.22266
1.41895
1.34967
1.23844
1.28308
1.33085
1.15764
1.32153
0.762102
1.20542
0.632174
1.21178
1.28912
1.31339
0.735608
1.00764
1.36022
0.762964
1.08591
0.927551
1.90815
0.95223
0.915749
1.12347
1.12693
1.1192
1.35494
1.26629
0.626939
0.713194
0.985715
1.2547
0.901087
1.57656
2.20271
1.28665
0.929793
0.875857
1.12272
1.35602
1.29732
1.21672
1.23309
1.3214
0.639184
0.981698
0.86084
0.873859
1.37702
0.870866
0.705671
0.954796
0.806322
0.864081
1.48296
0.870303
1.05935
1.33565
0.761051
4.1585
1.24018
0.872178
1.27439
1.20852
1.2862
1.27979
0.749593
0.585106
0.710483
0.600368
1.02789
0.77797
0.996891
1.17006
1.13563
1.33071
1.02507
1.36062
1.24912
0.806358
0.825563
1.38423
1.41418
0.92585
1.33258
1.18884
1.29919
0.960797
0.863789
-0.532863
1.03309
1.46963
1.00025
1.14042
0.750096
1.18531
0.951641
1.27693
1.33465
1.26444
3.35601
0.680904
1.16656
0.990642
0.671639
0.820739
1.09341
0.90817
1.27493
1.15484
1.35315
3.27528
1.32062
0.82938
1.23839
1.24798
1.26962
0.922173
1.35267
1.16367
0.913796
0.822743
0.316756
0.872484
0.85869
0.887566
0.848605
1.25439
1.35793
1.35421
1.41464
0.999482
1.0812
0.97394
1.2562
1.0149
0.865045
1.14373
1.24994
0.602236
1.30717
1.03273
1.50354
1.39869
1.38202
0.847061
1.00778
0.886808
1.30993
0.960514
0.476839
0.724449
1.33667
1.30616
0.906424
1.27955
0.785732
0.673839
1.39983
1.35021
0.841107
1.19628
1.30128
1.36897
1.0588
1.04877
0.872588
1.33324
1.35589
0.956322
0.954021
0.925774
1.19248
1.30532
0.957717
2.32296
1.38799
1.29285
0.738209
1.05315
1.22292
1.34794
1.27401
1.30808
1.40703
1.48282
1.17116
1.31105
2.38505
0.677966
1.27427
1.21999
0.944077
0.972292
1.29085
0.693206
1.11776
1.1887
1.12794
1.28453
0.627885
0.976131
0.684472
0.90028
1.30259
0.50331
0.646012
1.31464
1.28583
0.890004
1.14876
1.2051
1.24351
1.2713
1.10826
1.27715
1.14652
1.13536
0.797002
0.950978
1.26693
1.30196
1.20871
1.31483
1.19454
0.53526
0.849389
1.57962
1.19104
1.45198
1.35536
1.26809
2.45875
1.41909
0.86564
1.14679
0.566515
1.14738
1.25768
1.46392
3.58797
1.13236
1.35485
1.27827
0.95702
0.9466
1.2264
0.862533
1.26235
1.21843
1.44167
1.11678
1.41338
0.963705
0.892893
1.22078
0.753751
1.17395
1.30194
0.984735
0.892324
0.80058
1.32046
2.1151
0.761534
0.694055
1.36037
1.32228
0.869071
1.23656
1.29331
1.40866
1.2879
0.710185
0.94046
2.89225
1.39354
2.87206
1.3526
0.980603
0.847931
0.757008
1.46689
1.19703
1.07833
1.01203
1.25731
1.30684
0.85
1.27256
0.794427
0.821258
1.206
0.58588
0.82069
1.35473
0.600167
1.2541
1.23192
0.775972
1.07754
0.861117
0.767834
0.971716
0.835038
1.36417
0.879349
0.897373
1.17473
1.29916
0.711599
0.407113
2.11449
1.12495
0.770087
1.33921
0.871586
0.909887
1.29873
0.545413
1.22861
1.26995
0.70367
0.978989
1.28075
1.02004
0.988695
0.00510526
1.31501
1.31726
1.13779
1.25033
4.26718
0.615712
1.00795
0.609033
1.32057
1.30749
1.06487
0.99381
0.756642
1.10137
1.37659
1.46531
0.93522
1.09624
1.36372
1.09011
0.891368
0.498987
1.44738
1.08695
1.36773
1.39881
1.31706
1.27928
0.40871
0.918774
0.910248
1.37032
1.54723
1.44581
0.833854
1.40893
0.75368
0.923029
0.969772
0.686884
1.4026
3.825
0.959732
1.34701
1.20457
1.30583
0.48234
1.37924
1.35922
0.724612
0.900437
1.36912
1.21388
3.72689
1.31572
0.901965
0.618654
1.27866
0.971197
1.31243
1.21136
0.80018
1.44491
0.828194
0.708188
1.33387
1.20415
1.21165
1.07159
1.27242
1.30254
1.0727
1.28966
1.05855
1.30666
1.34244
0.800148
1.37773
1.32986
0.517104
1.07457
1.04093
0.655632
1.33798
0.835521
0.910133
1.25458
0.923661
1.18343
0.492736
1.26584
0.526548
0.977678
1.28002
1.32581
1.23487
1.29134
0.502781
1.32505
1.25102
1.07111
1.31352
1.27681
0.633981
1.34086
1.11102
1.27221
0.874272
0.95117
1.40489
1.28499
1.21789
1.35842
1.16897
1.41941
0.849504
0.990073
1.27276
1.27097
1.22787
1.46524
1.09257
1.24218
0.934949
0.664097
1.30636
0.955493
0.942416
0.560638
1.44026
1.33319
1.1246
1.0682
0.644607
1.27315
0.773841
1.3428
1.13401
1.14598
0.53455
0.832785
0.913553
1.32323
1.24669
1.1849
0.783555
0.943097
1.08374
0.775466
0.799559
0.77233
0.832259
1.06474
1.19353
1.39931
1.44357
1.39715
1.16482
1.54777
0.583035
1.26701
1.23617
0.943131
1.20962
0.960294
1.0658
1.36001
0.787137
1.31212
1.42179
1.32124
0.936087
1.43844
0.71136
1.36049
0.768422
1.36373
1.22131
0.978908
1.35564
0.78332
0.908991
0.896801
0.897614
0.488009
1.27789
0.723018
1.15866
1.06591
1.4223
0.767389
1.06318
1.12724
0.50404
1.36544
1.20598
1.22042
0.781597
0.759556
1.29306
0.971315
1.38995
1.84305
1.33257
0.94045
1.36795
0.789367
1.36099
0.980553
0.820059
1.25729
1.28027
1.30946
0.977734
1.42582
1.35014
1.41344
1.38953
0.946681
1.28794
1.43183
0.791792
0.772609
0.473556
1.11566
1.01387
0.878363
1.37259
0.844875
0.808874
0.643565
0.813987
0.859624
1.37397
1.34044
1.29394
0.919547
1.26772
1.19743
1.25531
1.16739
1.06564
1.43205
0.937208
0.976546
0.748819
1.36527
1.08289
0.744532
0.65286
1.31463
1.24648
1.31091
1.19483
1.26078
1.40044
1.35556
3.89062
1.44046
1.07087
0.762977
0.9558
1.25685
1.40582
0.807755
1.38713
1.32241
1.45391
0.70232
1.27667
1.3645
0.975323
0.476784
1.31035
0.637122
0.755487
1.32912
0.744529
1.11487
0.918143
0.938455
1.28613
1.19029
1.39964
0.682005
1.30028
2.7603
0.96903
1.24282
0.925274
1.09599
0.513164
3.06711
1.46883
1.16623
0.563697
1.07961
1.29433
1.29894
1.18758
1.17455
1.23736
1.34447
1.44621
1.33295
0.765027
1.03672
0.919081
1.11405
1.22545
1.1247
0.856312
1.27951
0.798064
1.42282
0.847345
0.504267
0.982141
1.13685
1.08225
1.4112
0.852658
1.2849
0.834381
1.34948
0.811496
0.674313
1.35388
1.07279
1.18475
0.916418
0.727698
1.41141
1.13981
0.881182
0.680328
0.946079
1.37745
0.975461
1.27926
1.15903
0.470279
0.907322
1.21428
0.481264
1.421
1.07551
0.988593
0.824963
1.27746
0.869088
1.25664
1.4838
0.259764
1.21335
1.41688
0.283926
0.823702
1.23066
1.39046
0.601492
1.18999
0.825105
0.937116
1.39272
0.729127
1.322
1.21995
1.18428
0.502054
1.02202
0.729962
1.3911
1.37319
1.47377
0.521656
0.893431
0.923541
1.38399
2.57237
0.838645
1.29128
1.37175
1.19444
1.21392
0.79826
0.9465
0.794931
1.1106
1.03338
1.34712
1.22705
1.13866
0.827798
1.30673
1.05037
1.32942
0.487536
0.932848
0.688295
1.26675
1.3568
1.31916
1.18545
1.07097
1.18909
1.25603
1.1406
0.669249
1.27917
3.8272
1.17662
1.23716
1.20335
1.06885
0.76068
0.775105
1.19589
1.32138
0.809387
1.34737
1.35197
0.721185
1.28595
1.20725
1.94895
0.980613
0.806261
0.555804
1.31649
1.30634
0.816244
0.995192
0.78151
1.05223
0.562858
1.12937
1.22098
1.28169
0.864725
1.20887
1.29881
0.825677
0.794768
0.893038
0.852798
1.27277
1.34925
0.961684
1.0679
1.3522
0.981964
1.13523
1.2401
1.23541
1.31085
1.38371
0.614839
0.967201
4.29345
1.2606
0.78235
3.22271
1.20036
0.756716
0.609451
1.26383
0.950757
1.17952
0.898608
0.909897
1.30697
1.04587
1.24908
1.44545
1.34177
1.28814
1.36993
1.10656
0.629038
1.25842
1.36057
0.975296
1.18343
0.866617
1.35682
1.29558
0.906423
0.690021
0.950819
1.12124
0.968845
0.920667
0.965601
0.797612
0.476984
1.22641
0.710694
0.889454
0.910991
1.29489
1.16917
0.895536
1.26816
1.2235
1.31182
1.44175
1.28409
1.13887
0.912574
0.803779
0.903179
1.2629
0.99349
0.804453
1.44605
0.508114
1.12025
1.35151
0.901689
1.21234
1.29884
2.20517
1.16097
2.11782
1.42029
1.22504
0.872001
0.538341
1.39604
0.696256
1.34162
0.847854
1.32412
0.926542
1.33012
1.29439
0.731601
1.00545
1.2735
1.0363
0.995448
1.15841
1.2157
1.05062
1.05682
0.912129
1.26346
1.33429
1.2567
1.25451
0.926139
0.784121
0.824454
1.29184
1.37972
0.565556
0.605666
1.27245
1.34029
0.958156
1.33712
1.42282
1.16699
0.797535
1.25947
0.975874
1.46322
1.59394
0.955196
1.27872
1.3658
1.35229
1.28937
0.830652
0.59067
1.15386
0.853253
0.91712
1.08689
0.624082
1.24116
0.674329
0.485563
1.46501
1.19466
0.759305
0.935203
2.50907
1.46659
0.622641
0.822013
1.4362
1.33725
0.733316
0.734463
0.465175
0.880222
1.24206
0.963243
1.03556
1.24016
1.30905
1.08722
1.25459
0.866056
0.973947
1.14615
1.10163
0.613556
1.31015
0.897577
0.771052
1.27198
0.976224
0.952671
0.910851
0.469643
1.35335
1.27795
1.27235
1.45758
1.32713
0.785516
1.27703
0.945155
1.10543
1.07505
0.854913
0.801835
0.488938
0.995293
0.901325
1.2194
2.72677
1.02391
1.42846
0.695703
0.940085
1.41266
0.942936
0.551887
1.33601
1.12013
0.976855
3.44963
1.31245
0.799687
0.75096
0.978758
1.37187
1.14355
0.926671
1.2598
0.659606
1.02278
0.841388
0.707363
0.558982
0.968499
0.908998
1.27346
1.23913
1.24917
0.780489
3.10709
1.23404
0.642388
1.106
1.2823
1.2355
0.887998
1.25412
1.33327
1.06196
1.42515
0.724198
0.833526
0.498076
0.844924
2.63601
0.821984
0.631583
0.766593
1.10927
1.14556
1.24007
1.22851
1.13436
1.04161
1.28515
1.27757
0.939765
1.03617
1.02708
1.18993
0.608449
1.15001
1.33022
0.787774
1.46783
1.22539
0.599125
1.33105
1.30663
1.51476
1.02014
1.00284
1.18638
1.37567
1.212
0.797752
1.34527
1.44153
1.30742
1.25176
0.779373
1.18982
0.915636
1.16399
1.27567
1.35959
2.89898
1.29328
0.519317
0.900184
1.29275
0.833473
0.818309
1.38395
1.23734
0.475756
0.877412
0.790998
1.29823
1.18226
1.33681
1.17239
0.921681
0.853449
1.24596
1.4172
1.44051
1.2562
0.79105
0.85772
1.13965
0.763546
1.14904
0.781426
0.975339
1.31144
0.604195
0.717299
0.508594
0.823545
4.39206
1.34239
1.33522
1.23967
1.39563
1.17253
0.805909
1.28078
0.554197
0.705778
0.518628
2.81583
0.748246
1.31519
0.992658
2.32996
1.05532
1.00917
1.1748
0.751399
1.32053
0.722787
-0.606262
1.16987
1.26424
1.20813
0.922257
0.801299
1.14576
1.14075
1.36384
1.17774
0.939968
1.3293
1.14332
0.662767
0.506664
1.05341
0.722723
1.23455
0.846967
0.619734
0.820935
1.01616
1.2652
0.923032
1.42805
0.969922
0.513897
0.605253
0.844794
0.934573
0.920405
1.28079
0.522586
1.44728
0.542215
0.928072
0.964513
1.17558
0.906278
1.26904
1.3895
0.898392
0.788934
0.916666
0.761831
0.672221
1.16527
0.81069
0.890011
0.934808
0.650121
0.748591
1.54774
1.24503
1.27242
1.46563
1.24958
1.27231
1.26246
1.24768
0.774265
1.20555
1.28807
0.956656
0.633278
1.34621
2.68524
1.3049
1.31186
0.89429
1.28558
0.756342
1.145
0.917383
1.24146
0.857945
1.24409
1.36507
1.39529
1.09923
1.21292
0.90265
1.32452
1.24244
1.07627
1.41092
0.533793
1.36441
1.30955
1.17198
0.465976
0.771514
0.780036
0.498554
0.917238
1.33557
1.45993
0.843899
1.26922
0.898986
1.21651
0.759742
1.27226
1.10321
0.915856
0.88252
0.947411
4.76304
1.34957
1.30863
1.33098
1.30291
0.786213
0.848768
0.604719
1.23894
0.900239
0.949074
0.993556
0.611025
0.508683
1.20797
0.846914
1.20166
1.36231
1.28303
1.44468
2.70037
1.34256
0.972672
0.867131
1.26794
0.803235
1.14607
0.997965
2.72016
1.20833
1.16781
0.912229
1.35279
1.13653
1.02733
1.12231
3.77746
1.30239
0.869376
1.25209
1.35789
1.50827
0.574713
1.17197
0.788539
0.883745
1.21573
0.891498
0.89252
1.02247
1.22878
0.523522
1.40461
1.5602
1.35643
1.19852
0.878023
1.01367
2.68755
1.18175
1.36254
1.23078
1.06277
1.31817
1.10086
1.2613
1.3323
0.548622
0.681002
1.36815
0.417165
0.871972
1.10775
1.23139
1.33344
0.784006
1.40368
1.41663
0.942896
1.27654
1.15612
0.930319
0.548094
0.657458
1.03462
1.34649
0.903124
0.938326
1.22674
0.794346
1.33272
1.04639
0.828775
1.13655
1.4071
0.726081
1.35984
1.37377
1.41697
1.26407
0.715491
0.497924
0.464816
1.42902
0.686232
0.859537
1.21478
1.44318
1.12505
0.768928
0.977432
1.13176
2.67914
1.0104
1.30561
0.893176
0.073706
0.952118
1.03482
1.32413
1.24017
1.04214
0.903889
0.96056
1.27724
0.999255
1.42281
0.989336
1.29726
1.36615
1.35798
1.3113
1.14641
0.990452
1.22923
1.07241
1.23144
0.928729
1.16608
1.17453
1.27189
0.62201
1.41302
0.966144
0.886023
1.09443
2.76509
0.780213
1.26218
0.459081
1.3039
1.38474
1.23635
0.73085
1.26902
0.898222
4.3892
1.34254
1.22047
0.738402
1.3719
1.22411
0.921145
1.12122
1.20391
1.24715
1.34363
0.95334
1.31134
0.986908
0.948385
0.760144
1.33373
1.24345
1.34856
0.77689
1.07599
0.926566
1.25593
1.25811
0.73068
0.930006
1.16371
0.932276
0.919437
1.26086
0.846228
1.15087
1.151
1.26224
0.93587
1.09768
1.76972
1.05114
0.0168957
0.802034
0.760623
0.960577
0.632365
0.90005
0.567983
1.29708
0.807218
1.37612
0.683426
1.36942
0.700929
1.43024
0.918079
1.23763
1.219
0.93256
1.26572
0.865892
1.16821
0.838856
1.25431
1.26544
0.886842
5.97096
0.804915
1.13791
1.40816
1.21384
0.835711
1.42628
0.99812
0.752159
0.953956
0.835462
0.85499
1.2055
1.30708
1.31563
1.24223
1.25388
0.813817
1.21236
1.19479
1.23285
1.36389
1.27694
0.887564
1.17975
0.943366
0.780867
1.27317
0.692892
1.22523
0.936265
1.40924
1.32677
1.15337
1.34646
1.26811
1.26321
1.29516
0.905088
1.16558
1.28042
1.3806
1.22473
0.750347
1.38794
1.91857
1.2595
1.38847
1.32159
1.26809
1.45361
0.94588
0.761009
1.31084
0.879903
1.22276
1.37165
1.3684
0.807061
1.3481
1.39468
1.28879
1.41675
0.940008
1.28674
1.26932
-0.0567467
0.752671
1.30074
0.939946
0.814352
0.953931
0.786251
1.24515
1.18571
0.778897
0.891693
3.80489
1.39214
1.26683
0.940015
1.26469
0.92343
0.670305
1.13195
0.908454
0.76895
3.09651
0.643574
1.16485
1.29297
1.1202
1.25781
0.956171
1.22371
0.790899
0.78302
1.3856
0.883573
1.2292
1.26052
0.467053
0.741298
1.89505
0.955356
0.963139
1.43933
0.951832
0.884639
4.26506
1.3266
0.912353
0.489826
1.37551
1.36511
1.27826
1.10191
1.17184
0.857268
1.12622
0.932272
0.744628
1.26086
1.24382
0.954212
1.17598
0.767878
1.46227
1.3618
1.24944
0.85799
1.16642
0.940149
0.675072
0.44973
1.10587
1.1148
0.584768
1.22396
1.41366
0.923126
1.28202
1.24509
0.915134
0.929729
0.788857
1.16084
0.973601
0.821043
0.532431
0.461689
4.24936
0.880277
0.845519
1.3921
0.835942
1.44509
0.592147
2.33731
1.29422
0.975067
4.48171
0.7989
1.23724
0.936402
1.25726
2.5477
0.961566
1.29953
0.493654
1.28168
0.716482
0.872358
0.945906
1.21553
1.36614
0.862506
1.40218
1.33596
0.888115
0.735667
0.9404
1.29669
1.29073
1.37797
0.80375
0.630681
0.967486
1.29031
0.79958
1.32873
1.39527
0.941305
1.33297
1.09578
1.2026
1.42415
0.818979
1.25691
0.654121
1.41047
1.2617
1.09478
0.689286
0.834789
0.554299
1.25486
0.959206
1.26917
1.37637
0.829232
1.18143
0.794598
1.28789
0.912739
1.25843
0.888311
0.790918
1.13583
0.982747
1.42996
1.38176
1.39169
0.903214
1.46119
1.17623
1.22793
1.27371
1.31216
0.955758
1.38407
1.22121
1.46856
1.15687
1.08509
1.07844
1.28519
0.896477
1.20466
1.08991
1.4343
0.926929
0.928191
0.779149
1.22967
1.13549
1.40288
0.939706
0.984077
0.779364
0.77377
1.20668
0.645992
0.821561
1.15598
1.08857
1.38056
1.14569
1.36091
1.44399
0.929632
1.12037
1.3138
1.25229
0.985368
0.965704
1.33242
1.25417
1.24491
1.25568
1.17202
1.28084
1.05712
0.505123
1.38766
0.81129
0.730112
1.17404
0.721824
1.42538
0.785406
1.23916
1.14035
0.941175
0.742914
0.742633
1.23661
0.525147
0.915185
0.804833
1.27384
0.891117
0.815318
1.37517
0.842033
1.34453
1.01009
1.23273
1.38559
0.929179
0.965533
1.36885
0.879104
0.976903
1.01508
1.25021
1.43885
0.932479
1.27452
1.28158
0.956361
1.2969
1.14027
1.27704
0.492322
1.48225
0.744726
1.36072
1.22162
0.930771
0.980769
0.518947
1.39612
0.719772
1.17246
1.25067
1.12275
0.7705
1.2987
0.769293
1.24547
1.14549
1.10906
1.04774
1.22144
0.916845
0.941159
0.903266
0.732334
1.04051
2.92392
0.913547
1.21196
0.874895
0.753343
1.25481
1.21198
2.40892
0.932611
0.914008
0.785512
0.830283
1.38492
1.06449
1.42154
0.55938
1.25286
1.42884
1.33924
0.532158
0.861979
0.549147
0.78096
0.751985
0.611031
0.701497
0.915777
1.11617
0.760009
1.11946
0.837103
1.44164
0.661806
1.15163
0.815439
1.24217
1.15102
1.39909
1.40401
1.38732
1.24584
0.960112
-0.188292
0.525189
1.38802
0.802815
1.21193
0.773813
1.23107
0.736554
1.24499
1.2576
1.09748
1.25276
1.40051
1.40387
1.26162
1.23889
1.34449
3.45459
0.940018
1.25334
1.34877
1.04961
0.917329
1.28965
1.24185
1.35437
0.953942
1.32695
0.768631
0.917608
0.941034
1.25107
0.778065
0.93846
0.931742
1.35014
1.29632
0.928744
5.03354
0.947625
0.798031
1.29311
0.826421
0.926281
3.01337
0.919818
1.24043
1.15299
1.29206
1.40814
1.33935
1.27233
1.31123
0.966193
1.22086
1.37877
0.95683
1.27601
1.02306
1.39973
1.19705
1.34086
1.26052
0.942127
0.522105
1.11679
1.25596
1.23812
0.822914
0.743204
0.297274
1.29972
1.27862
1.33907
0.921049
1.2921
0.812174
1.33311
1.28659
0.839084
1.29598
1.30862
0.937366
0.813755
0.922177
3.7944
0.616825
0.93924
0.887626
0.954751
1.35675
1.22678
1.27609
1.26564
0.968673
0.732796
1.15828
0.944421
1.2582
1.43788
1.31383
1.32631
1.10443
0.817878
0.923456
1.39347
1.15862
0.923486
0.631262
1.37847
1.1833
0.966553
1.37274
1.1604
2.32116
0.970369
1.26913
0.638391
1.26089
0.786134
1.25385
0.949386
1.34738
0.734791
1.13141
0.951017
0.831992
1.30041
0.973496
0.940706
1.24572
1.12926
0.90243
1.23382
0.912288
0.924801
0.954416
0.751719
1.21197
1.33034
1.22376
0.471627
1.00644
1.04073
0.72752
4.60571
1.31674
1.30001
1.06384
0.985166
1.23411
1.1801
1.25981
1.1214
0.921678
1.37426
0.962547
1.2996
0.940649
1.39611
0.751105
1.35801
0.86432
1.25014
1.20057
0.853775
0.799581
1.1433
0.810608
1.24405
1.18047
0.640899
0.819706
0.917999
1.17154
0.754632
1.15057
1.26144
1.17099
0.932719
1.16692
1.03432
0.859259
1.1092
0.612027
1.38806
0.698418
2.81202
1.20007
1.15431
1.18223
0.523233
1.03009
1.22441
3.85995
1.15538
1.41275
1.1721
1.10086
1.16302
0.93737
0.890146
0.42954
1.38106
0.920693
0.706166
0.446741
0.839701
1.39754
1.3688
0.875655
1.3098
1.30168
0.842483
0.839393
0.870209
1.27389
0.958944
1.26499
1.48712
1.36676
1.15588
0.95194
1.17899
0.95605
0.712114
0.797329
1.37395
0.923105
1.15822
1.37205
0.963436
1.26643
0.934539
1.07235
0.818169
0.827089
1.03926
1.07206
1.24708
0.712712
0.745241
0.928025
1.29219
0.847834
0.804523
1.42329
0.896492
1.33115
1.27413
0.949613
0.785109
1.15216
1.23037
0.767265
1.21127
1.1426
0.71536
0.967516
1.01837
0.808993
0.882732
1.22458
1.16265
0.803716
1.31863
0.943124
1.10926
1.3013
1.17812
0.640836
0.220051
1.20568
1.27879
0.758216
0.785868
1.46437
0.920938
1.33007
0.876758
1.02298
0.929858
0.983249
0.851816
0.856039
0.51368
1.17643
1.15692
1.25807
0.95474
0.851866
0.92815
0.808905
0.621737
0.946139
1.38116
1.21728
1.4593
1.33781
0.746761
1.23143
1.22401
1.25661
0.657165
1.33079
1.22454
0.948796
1.39738
1.40745
1.2082
1.29004
0.79625
0.962468
1.5081
1.29204
2.98919
1.29687
0.591066
1.14561
0.824159
1.29152
0.771493
0.970367
1.17213
0.945977
1.22227
0.956657
1.2046
0.91598
1.36542
1.063
1.24135
0.899086
0.660684
0.566251
3.30358
1.06504
1.26967
1.08516
0.82946
0.831197
0.943216
0.832576
1.22549
0.963159
0.979361
1.30629
0.099223
1.43976
1.37821
1.01564
1.25616
1.17405
1.23968
1.04749
1.36252
1.1029
1.35164
1.20225
0.916376
0.966783
0.913775
0.863033
0.766718
1.25637
0.61652
1.20782
0.750633
1.15345
0.878176
0.656084
0.925613
0.950153
1.26207
0.783637
0.542476
0.812229
0.935863
1.2183
0.915496
0.997934
1.15774
1.33806
0.827759
0.953761
0.924934
0.80926
1.05365
3.44356
1.04711
-0.107423
1.27065
0.931961
1.02418
1.35371
1.30268
0.641502
0.907109
1.35114
0.964109
0.843371
0.881685
0.734675
1.27022
1.37686
0.58639
1.3831
1.2759
0.615742
4.47151
0.900434
1.25191
0.738444
0.761998
1.35607
1.21294
1.1606
3.29075
0.8776
1.35099
1.02202
1.23421
0.739696
1.3828
1.22979
1.03667
1.00709
0.664225
0.736982
0.820359
1.22335
1.43341
1.36901
0.945617
0.883684
0.732612
1.24065
0.990987
2.79173
0.716689
0.952181
0.62297
1.38642
1.30292
0.703018
1.20151
1.38288
1.43503
1.16644
0.778446
1.05149
1.33969
0.98218
1.12456
0.978218
0.383991
0.986024
1.24879
0.914649
0.922196
0.869699
0.454005
1.11652
1.39195
0.772219
1.41309
0.871856
0.943848
1.14025
0.712579
4.43862
1.20886
0.943468
1.29416
0.804545
1.08597
0.898578
0.837097
1.20864
3.35892
1.18929
1.0583
1.0939
1.99482
0.928132
1.32763
1.35866
0.247192
0.949009
0.708458
1.24595
1.50666
0.875706
0.961833
1.22334
0.883041
0.863481
0.879606
0.520326
0.541005
1.24122
1.17649
0.950734
0.680559
0.741722
0.956372
1.30939
1.37305
1.12198
1.07308
0.957935
1.25751
1.37917
0.50128
1.40361
0.847404
1.26238
1.26605
1.26032
1.00619
0.918999
0.958368
0.831812
1.09618
0.720882
2.10291
0.116325
0.794431
1.26889
1.00257
0.950609
1.47444
1.11127
1.34938
0.95541
1.22358
0.811874
1.28855
1.25957
3.79066
1.38394
1.06567
1.1483
1.27145
0.900931
1.27289
1.38096
0.641777
0.548485
1.27242
1.2246
0.949865
0.717964
1.13695
0.808458
1.19044
1.08709
0.881592
0.671487
1.31548
0.789283
1.15584
1.14571
0.489592
1.12522
1.2473
1.32612
1.15837
0.879675
0.886453
1.32905
0.942577
1.27263
0.751981
0.870455
1.29938
1.06647
0.847248
1.18627
1.28787
0.925394
1.16396
1.03939
0.939501
0.768469
1.16787
4.3249
1.40265
0.931452
0.926829
0.881913
1.17903
1.2676
1.27885
1.1194
0.814779
1.40424
1.12967
0.955659
0.838511
0.778409
0.997937
1.47195
1.07098
0.914419
1.25364
0.53269
1.06291
2.05006
1.18671
0.552948
1.21877
3.99158
0.873071
1.2932
0.940315
1.26462
0.886912
1.23449
1.34026
1.1744
1.4236
1.12834
0.730173
0.774078
1.14535
1.2442
1.22012
1.27312
1.17074
1.18022
0.9065
1.14721
1.16749
0.549426
0.933968
0.965208
0.944261
0.880319
1.13073
1.27482
0.93717
1.14733
0.520239
1.29441
1.21085
1.52535
1.21656
1.16313
0.831428
0.837456
0.960011
0.905332
1.24227
1.31484
0.814185
0.812673
0.854679
2.54702
0.990042
1.42871
1.07736
1.32265
1.40059
0.669204
0.780099
1.20753
0.97492
0.900505
1.24053
0.662158
1.24306
1.26439
1.42428
0.972704
1.42211
1.22109
1.39499
0.665479
0.76393
0.912852
1.03356
1.32981
0.900731
0.765462
1.24044
1.32432
0.792672
1.33693
1.23606
0.989696
1.05773
0.775101
0.926648
1.19926
1.04714
0.917075
1.19653
0.982181
1.16978
0.716815
0.928948
1.1505
1.27534
1.39954
3.07095
0.925645
0.655151
1.25275
1.15403
2.13225
0.770923
1.38948
1.10038
2.81776
0.996193
1.33436
1.21609
0.86748
1.1542
0.898194
1.35669
1.0953
1.33644
0.582787
1.08137
1.44807
0.770248
1.41098
2.95436
0.74104
1.19846
0.972358
1.22025
0.950566
1.1636
1.25122
0.974996
0.161961
1.15023
0.857376
1.36896
1.48022
0.851775
1.15626
1.26902
0.813357
1.16328
0.938717
0.894355
0.839745
3.54816
1.00156
0.80134
0.672242
0.983465
1.29398
0.972751
1.04706
1.19543
0.742648
1.0252
0.94158
0.813157
0.659469
0.901159
1.16645
1.3713
0.847701
0.756258
1.15135
1.15871
0.849265
0.923424
0.860515
1.37695
0.943688
0.479931
1.39119
0.974804
1.22405
1.40997
0.810171
0.773356
1.40899
1.25532
0.935881
1.25596
1.2387
1.25947
1.09202
1.40077
1.16223
1.2371
1.32725
0.914351
1.3804
1.1605
1.20917
0.99023
2.91547
1.37881
1.25768
0.711166
0.97352
0.921765
3.81826
1.1575
1.31695
1.37253
2.85922
0.915941
0.929633
1.15277
0.756828
1.40304
1.44194
0.686176
0.470283
1.4702
0.963852
3.90354
0.268984
0.897918
0.633838
0.924026
1.31224
1.16358
1.34426
0.811317
1.16091
1.17116
1.11277
0.950467
0.943118
0.970945
1.16013
0.710203
1.17452
1.23812
1.31401
0.977165
1.10509
0.6398
1.28296
0.546365
1.23744
0.871863
0.927464
1.17867
1.29179
1.25197
1.37877
1.16797
0.717456
0.703325
1.29358
0.755311
0.953598
1.14746
1.86795
1.39366
1.11766
0.885433
1.20833
1.19759
0.790914
1.21007
0.75357
0.892459
0.984499
0.90578
0.889681
0.721947
1.36054
0.76659
1.16896
0.909431
0.867014
1.33123
0.634703
1.31314
0.545931
0.908387
3.05696
0.758152
1.16706
1.41079
0.995901
0.917172
0.676658
1.16715
1.22659
3.34778
0.945253
0.719215
1.28763
1.2652
1.29433
0.842122
1.29207
1.14995
1.33931
1.15123
1.32876
1.24561
0.914513
1.0637
1.40547
0.921553
1.33934
1.24759
0.914498
0.971955
2.26589
1.154
1.0741
1.29599
0.94639
0.918338
0.937658
1.0332
0.956518
0.843041
1.3204
0.964369
0.859793
0.92167
0.961582
0.79976
0.937834
0.708726
1.3293
1.3565
0.977675
0.932053
1.05158
1.27583
1.43406
1.35141
1.37429
1.20052
0.31063
1.47646
1.15327
0.895918
1.23643
1.01631
1.30046
1.42555
0.946687
1.15226
0.719943
0.96199
1.31691
0.621302
0.868781
1.1654
0.640763
0.904958
0.607689
1.22516
1.33047
1.34195
1.25902
0.877093
0.899765
1.08653
1.25187
1.09182
0.923052
1.243
1.25322
1.24194
1.17933
0.306591
1.1015
0.952045
1.00674
1.03766
1.25146
1.31288
0.515442
0.825075
2.4223
1.30654
0.795195
1.31138
0.950358
1.20709
0.910916
0.728131
1.2397
0.694351
0.953496
0.907561
0.943099
1.13566
1.1868
1.2641
0.679893
1.0473
4.74938
1.42691
1.37368
1.18821
0.945104
1.32964
1.23125
1.43553
1.19954
1.29457
0.663921
0.982532
0.739196
2.53998
0.956832
0.929826
1.23507
1.29853
0.912619
0.910384
1.17749
0.615726
0.660081
0.943479
0.697148
1.14612
1.3866
1.22598
1.60229
1.40602
1.30589
0.783478
0.817436
1.01971
1.54126
1.11161
0.979594
0.91156
0.696245
0.807835
1.08993
1.37751
0.609272
1.39944
1.24011
3.49734
0.776007
0.94198
1.24558
0.791098
0.735649
1.42063
1.23639
0.673953
1.04485
0.940736
2.43728
2.96881
0.713558
0.871965
0.96214
1.29445
1.13431
1.25362
0.925619
1.26505
2.95203
1.24202
1.23649
1.07916
0.86654
0.925119
1.21776
1.25669
1.28357
1.36697
0.942627
0.519715
1.23626
1.38072
1.24672
1.34092
1.19273
0.930449
0.908045
1.26945
1.10705
1.23093
1.37869
1.2057
0.884572
0.834318
1.3415
0.879319
0.70286
0.988591
1.90482
0.982711
0.901953
1.26847
1.18426
0.914196
1.28885
0.835274
0.958173
0.814271
3.56394
1.33503
1.22846
0.695058
0.669196
1.25407
0.876791
1.37051
0.947074
1.38467
0.803092
0.752329
1.23102
1.14889
1.29278
0.958258
1.2345
1.2611
2.07433
1.1665
1.11726
0.849064
1.36922
1.24754
0.87639
0.770072
1.1114
1.20165
1.15937
0.963846
1.22398
1.56732
0.823077
1.09865
1.53591
0.895209
1.15641
4.25697
0.904635
0.994581
0.755317
1.27671
1.14399
1.22949
0.5713
0.949747
0.961938
1.24536
0.624742
0.910891
1.25132
0.639705
0.940799
0.950869
1.37346
0.745675
0.974089
0.877735
1.24277
1.41059
1.2824
0.711396
1.13861
1.34641
1.39924
1.24171
1.1492
1.13718
1.39484
1.36194
0.993987
0.940665
0.936785
1.35214
0.922219
1.09931
0.906892
0.608737
4.39121
1.14473
1.22624
0.491893
0.921991
1.00689
0.767042
1.31768
1.15352
1.10627
1.36711
0.746062
0.972344
0.765295
0.928044
0.97003
1.26872
0.904963
1.21004
1.17888
1.35342
1.16276
1.20025
0.482907
0.879868
1.40359
-0.555231
-0.560589
1.0476
0.778531
0.937859
0.933046
0.901982
1.35683
1.23634
0.667331
0.745657
0.557356
0.928628
1.14273
0.902669
1.23867
1.43322
1.18789
0.92925
0.933365
0.558738
1.21818
0.970827
0.94466
0.936788
0.617244
0.794797
1.24026
0.77794
1.34262
0.786694
0.6329
1.35852
1.38614
0.818309
1.22181
-0.147854
0.962243
0.923732
0.949133
0.900727
0.947029
1.19672
0.835429
0.900849
1.27709
0.943261
1.19061
1.31342
0.929032
0.951679
1.21498
0.879413
1.03072
0.849227
1.2128
0.858152
0.526496
0.802976
1.23522
1.14671
1.2081
0.792376
1.29639
0.825418
1.1594
1.18346
0.888876
1.51386
0.442463
0.867296
3.3398
1.38881
0.885525
0.905675
0.971138
0.710648
1.36023
1.21299
1.27727
0.91347
0.945728
1.34653
1.00107
1.03825
0.878111
0.843704
0.737317
0.636473
0.859022
0.905005
3.06232
1.39051
1.23295
1.04712
0.791765
1.3902
0.380371
1.09355
1.4115
1.44529
0.961206
1.22262
1.01124
0.933945
0.728871
0.747759
1.19094
1.24214
0.879899
0.931975
0.900993
0.673931
1.34417
0.814466
0.889373
0.407341
0.8678
0.972997
0.785975
0.618501
0.96706
1.32967
0.784201
0.920584
1.33233
0.925455
1.12319
0.931071
0.896344
0.764945
0.958127
1.24452
1.29534
0.888038
1.11858
0.774828
0.807032
3.59412
0.960714
0.771097
0.965285
1.23622
1.38799
0.876884
0.978587
1.32558
1.37607
0.801624
1.22544
1.32965
1.0576
0.893214
1.22948
0.646075
1.39337
1.49452
1.19713
0.816329
1.27586
0.941956
1.22151
1.16744
1.21978
0.935343
0.962631
1.22148
1.10533
0.391506
0.796416
0.903372
0.908521
0.702226
0.86355
1.38301
1.29043
0.908856
1.38525
0.816256
1.212
0.769797
0.911896
1.27528
0.898177
1.20359
1.50369
1.36241
3.4589
1.02649
1.23857
1.40578
1.35693
1.2001
1.25982
0.987217
0.906752
1.48136
0.941926
0.834797
0.959514
1.20137
0.967844
0.897455
1.58514
0.811593
0.904398
0.841733
1.18517
1.58373
0.951857
1.14718
1.32807
0.633992
1.39478
1.26516
0.500066
0.612711
0.787149
1.31964
1.12515
1.25163
0.9688
0.94125
0.969778
1.17561
2.42713
0.869625
0.860987
1.39066
1.40935
1.22657
1.40128
0.967853
1.31387
1.33982
1.12889
0.91672
1.21168
0.937412
1.2394
0.736391
0.654965
1.11793
0.948306
1.13603
0.663648
1.3299
0.613373
0.814245
0.390445
0.897809
1.33374
1.00217
1.15826
1.24119
0.726586
1.19035
0.98502
5.26649
1.05591
3.5168
1.27967
0.797659
0.509598
1.2881
3.10004
0.523529
1.85754
1.56746
0.71083
1.16435
0.917382
1.25543
1.26471
0.873456
0.971033
0.917639
0.894342
1.35041
0.931607
1.30558
0.791896
1.11977
0.786887
1.44364
0.749768
0.736882
1.27322
0.975628
1.16289
1.0445
1.21665
0.86387
0.706596
0.940349
0.961392
0.940734
1.23872
1.36008
1.33555
1.2616
0.958899
0.968213
1.22358
0.792397
0.876625
1.02621
1.02896
1.15738
0.978249
1.47578
0.993254
0.809951
1.44816
0.813154
1.21173
0.665584
1.2665
1.1281
1.26137
1.10676
1.22409
2.10412
1.12639
1.11801
0.922302
0.936268
1.40526
1.29058
1.38973
0.969405
0.8894
0.935976
0.92673
1.189
0.974255
1.33501
0.897972
0.97942
0.515118
0.685225
0.920931
0.613779
0.916956
1.23667
0.933485
1.20133
1.48871
1.18175
0.918641
1.25288
0.98876
0.528444
0.587812
0.886249
1.23169
1.17985
0.964976
1.4335
1.1158
1.22417
0.799389
1.13665
1.44711
0.943915
1.03156
1.28449
1.321
0.954481
0.304758
1.10902
1.07327
1.39645
1.27786
1.56789
0.827031
1.24462
0.542137
1.4114
0.888374
1.09629
0.953783
1.22659
1.39779
0.914332
1.23796
1.32191
0.854975
0.981691
0.787421
1.38575
0.954165
1.11275
1.24559
1.05045
0.811625
1.28212
0.767035
0.780598
1.34476
0.932208
0.922307
1.25292
0.968342
1.15212
0.842669
1.19217
0.952882
0.973584
1.3318
0.836183
1.23592
1.19447
0.881157
0.947456
1.40123
1.15223
0.844351
1.42332
0.870511
1.21783
1.03148
1.17231
1.00986
1.22771
1.37873
1.17738
1.22055
1.39925
1.2249
0.912197
1.3315
0.957227
0.861452
0.849508
0.824407
0.550061
1.31233
0.975055
1.17436
1.20429
0.779652
0.78175
0.838038
0.95631
0.964534
1.38567
0.643495
1.33407
1.0035
0.642668
0.995898
1.33086
1.42233
2.89576
1.05776
1.30527
0.937046
0.257967
1.14316
0.935969
1.26962
0.802055
0.569744
0.938996
0.895716
1.30743
1.36055
1.3143
0.836962
1.162
1.30692
1.23339
1.29236
0.919352
0.91841
0.910918
1.01684
1.29749
1.33471
0.620842
0.833532
0.947934
0.883782
0.940787
0.663232
1.38373
0.957885
2.82974
0.940778
1.22644
1.20524
1.3387
0.79082
1.19855
0.955674
1.02625
1.39355
0.933613
1.03379
1.14659
4.74468
0.493153
0.766951
0.515888
-0.658892
1.09696
0.508048
1.08628
1.21484
1.21172
0.888791
1.02528
0.981208
1.18752
0.899555
0.89111
1.4363
1.15842
1.17158
0.957922
1.17478
1.2664
0.967299
0.558426
0.982746
0.888469
4.13929
1.22388
0.960132
5.62083
2.38519
1.23737
1.31876
1.02003
0.853563
0.893982
1.38047
1.26611
1.28873
1.09474
1.50361
1.52145
0.951596
1.22272
1.12739
1.40858
0.914162
1.43469
1.33239
1.38981
0.972321
1.02628
1.37041
0.483962
0.88569
1.33981
1.29128
0.928814
2.22875
0.9671
0.478275
1.19553
0.891711
1.22366
1.22406
0.873104
0.922819
-0.195003
1.42774
1.2881
1.03627
1.40725
1.40242
0.467528
1.04943
1.37801
2.37942
1.35105
0.807782
0.936973
1.2146
0.994049
1.32795
1.16842
0.894646
1.37292
0.974439
0.961994
1.38363
0.91628
1.34176
1.04929
0.988475
1.20621
0.481633
2.36139
1.21316
1.24143
1.21314
1.41131
0.535278
1.1743
0.516814
0.789929
1.18338
1.06024
0.947677
0.924364
2.37251
1.40702
1.40777
1.32322
0.917233
1.22705
0.971135
0.957218
1.38348
0.93961
1.22156
1.23436
1.13793
0.940997
1.34223
0.940678
0.983377
1.04467
0.478939
1.34077
0.893908
1.21197
1.12642
0.918204
0.815634
1.22756
0.945185
0.75439
4.7149
0.633422
1.18695
0.820455
1.48904
1.07063
0.94523
1.30985
3.46939
1.12083
1.38625
2.97751
1.22211
1.33565
2.71909
1.16072
0.85886
1.21794
1.40688
0.949792
0.880421
1.11853
1.21698
1.01312
1.24552
0.954683
0.677587
1.40299
0.831138
1.17368
1.21998
0.974629
0.718395
1.28708
1.32849
1.30388
1.33122
1.0857
1.55645
0.896968
0.797226
1.1511
0.995707
1.15147
0.87724
0.690748
0.970024
1.01042
0.747826
0.946217
0.970674
1.26029
1.34435
0.971833
1.0425
0.766325
0.866137
1.20463
1.31709
0.804573
0.974968
0.601499
1.44058
1.27421
1.1602
0.850836
3.87051
0.875449
1.15259
1.22773
4.13993
0.955351
1.06291
0.839189
0.930329
2.27442
0.89018
1.32263
0.977982
0.142763
0.601786
1.29848
1.28021
1.20687
1.15576
1.39637
0.976493
1.20369
1.39925
0.939225
0.82644
1.33511
1.31817
0.972563
1.44958
0.253034
1.33978
0.90229
2.16126
1.48106
1.29478
0.49922
0.760612
1.45182
1.19947
0.945748
1.051
0.949901
0.947537
1.13875
0.895956
0.648075
1.27734
1.28473
0.960417
0.999985
0.788477
0.75206
1.38733
0.916866
3.67954
0.786286
0.822511
0.955938
0.606609
1.2425
0.954569
0.961117
0.983447
1.19975
0.827329
1.28795
1.34398
0.942557
0.694645
1.47928
1.29923
1.19876
0.964741
0.953749
1.25032
0.44406
0.832268
1.42985
1.39544
1.28448
1.41899
3.93784
1.40431
0.858293
0.79481
3.96476
0.786646
1.47424
0.9199
0.934846
0.883622
0.708884
1.25482
1.37378
0.372639
1.21739
1.28977
0.95356
0.89156
0.921012
0.91043
1.2092
1.35614
1.3835
-0.0775475
4.34751
1.40408
1.23445
1.2058
0.855309
0.282876
1.28908
1.13229
0.93271
1.40291
1.36599
1.17499
0.933414
0.951192
1.06861
0.465358
1.07823
0.717631
0.713525
1.23253
3.04074
1.29309
0.853551
1.25069
1.30593
0.965702
0.75275
0.872006
0.900843
1.13695
0.336024
1.46156
0.994222
1.13484
1.25776
1.40568
1.02983
0.711105
1.39391
0.874953
0.915119
1.40072
0.695301
0.9817
0.949358
0.821553
1.36602
0.621739
1.35544
1.28962
1.359
1.23193
0.872394
0.832888
0.922523
1.22043
0.922377
0.809081
1.39755
1.35996
1.1299
1.13801
1.10685
1.20751
0.797571
0.752849
1.25345
3.50535
1.27542
1.24097
1.20114
1.16088
0.893073
0.655164
1.20975
1.2803
0.968551
0.946994
0.958054
1.25692
1.21049
1.11359
1.05148
1.39503
1.39601
0.877023
1.27131
1.25575
0.45848
1.01338
0.858894
1.3346
1.16103
0.875686
0.878888
0.632814
0.952233
0.768282
0.920314
0.971512
1.06845
0.956316
0.922891
0.94031
1.27246
0.909348
1.20306
1.21367
1.17443
1.40887
0.911491
1.15695
1.06882
1.37363
1.36546
1.05812
1.14327
1.02305
1.40537
1.1993
1.26159
1.07242
1.40323
1.24563
0.996216
1.30218
0.788976
0.8032
-0.141665
0.819727
0.950995
0.887588
1.34211
1.21012
0.892146
1.1209
0.934156
1.13503
3.07166
0.858198
1.48546
0.91524
1.43259
1.30707
1.25073
0.778538
0.890979
0.939703
0.481347
1.40527
1.01827
0.787183
2.01334
0.908879
1.01848
1.21037
1.0672
0.79128
1.26218
1.21606
0.961132
1.11966
0.895587
0.778699
0.942199
0.208901
1.19542
1.16758
0.853967
1.02262
1.37956
1.46329
0.941859
1.27839
0.946314
1.18057
1.21054
4.37904
0.587694
1.10754
1.49355
1.404
0.743893
0.623315
1.35059
1.24167
1.18349
4.33531
0.941052
1.31928
1.24662
0.928186
1.21787
0.981725
0.887083
0.704998
1.16952
0.984851
1.18516
1.2204
0.644124
1.14728
1.24686
1.12876
0.932528
1.38942
0.912932
3.07548
1.1473
1.16588
0.959228
1.44403
1.27039
1.36674
0.863877
2.98934
1.32506
0.786241
1.27803
0.708515
1.33878
0.315311
0.937727
1.36139
1.15611
3.21661
1.19028
0.75943
1.28357
0.77933
0.885264
0.791171
0.623175
0.944468
0.895706
0.984855
0.926209
1.08498
0.556493
2.60991
1.26032
0.806546
1.28962
1.22886
0.957647
1.29464
1.29875
0.908145
0.970935
0.816458
1.06524
1.31241
0.94827
0.623037
1.15387
4.19911
1.33827
1.29908
0.642036
0.786035
1.20772
1.93206
1.29139
1.42018
0.938727
1.37508
1.29842
1.51152
1.46741
1.18488
1.16121
1.17334
1.39381
1.42182
1.02031
1.39347
1.40542
1.10738
0.635976
0.917881
1.19599
0.576338
1.26194
0.933159
0.92368
1.16855
0.867241
1.3919
0.870698
1.22519
0.554225
0.94919
1.06652
1.43688
0.971185
0.810267
1.33153
0.926371
1.05366
-0.663695
0.786369
0.757449
1.34108
1.23352
0.472065
0.907658
1.35181
1.42827
0.469464
0.938559
0.985822
1.12265
0.959564
1.00805
1.2277
1.39194
1.19379
0.951387
1.40101
1.15209
0.611393
1.38677
0.445142
1.47042
0.864109
1.06977
1.31238
0.653733
0.80003
0.978591
1.0974
0.535842
0.950724
1.4774
0.535617
1.31279
0.859098
0.83914
1.39056
1.12412
1.35315
4.93857
-0.18142
1.2031
3.22659
0.0982645
0.770828
0.980059
1.28867
1.20472
0.944417
0.958286
1.21285
1.18374
1.34266
0.968145
0.91212
1.39912
-0.155111
0.73155
1.18044
1.00727
2.91785
0.620576
0.900769
0.684534
1.05272
0.989292
1.21526
1.1384
0.941591
0.693191
0.811731
1.13557
3.59625
1.2987
1.06096
0.795551
0.607231
1.05519
1.29662
1.13898
1.00292
1.35568
1.34625
0.970542
0.965793
0.768555
1.13665
1.00859
3.65252
1.23859
0.616005
1.19425
0.788117
3.25439
1.31357
1.29047
1.4119
0.974925
0.915833
1.35447
0.0798101
0.956008
1.43151
0.96345
1.1581
1.40701
1.29658
1.13106
1.14894
0.822174
0.867322
1.15555
1.38407
1.01689
0.984893
1.25225
1.1262
0.712892
1.09201
1.36144
0.848905
0.889999
0.83788
1.20353
1.19869
0.456412
1.19528
1.40639
0.947972
1.30278
3.15792
1.06077
1.33422
0.678131
1.18216
2.99264
0.856453
0.935942
0.987664
1.38446
1.30215
1.34921
1.31242
0.933338
1.21652
3.34372
1.15691
1.26552
0.668773
1.06903
0.696178
4.10372
0.921755
1.25705
1.12325
0.329162
0.856612
1.32813
1.23884
0.959878
1.19525
0.914163
1.39065
0.838179
1.17566
1.15025
1.41002
0.937399
1.14356
0.740361
1.16694
1.13518
1.39252
1.37709
0.896444
0.489237
0.929657
0.494603
1.33212
3.53239
1.29265
0.545054
1.29231
1.21522
0.754996
1.05296
0.952329
1.44347
1.38123
0.285054
0.0843166
1.38089
1.11257
1.20338
1.20885
0.594977
0.498273
0.863245
0.984058
1.11956
0.861479
1.33547
0.947351
0.807515
0.717339
0.713633
1.09955
1.08166
0.912087
1.24337
1.29409
0.918633
0.867424
1.27173
1.20121
2.98073
2.91228
1.1459
1.12722
0.675575
1.16165
0.762928
0.947684
2.83142
0.738285
0.733503
1.44373
1.16945
1.28068
1.226
0.815914
0.89237
0.897468
1.35641
0.613759
1.21932
0.848659
0.941808
0.751158
1.18092
1.34358
1.29293
0.726599
1.18401
1.21276
1.30148
1.25599
1.08369
1.33557
0.722335
1.14618
0.920697
0.922413
0.911888
1.19937
0.905457
1.40655
0.849392
1.2229
0.89309
1.25664
1.36533
0.595064
1.19991
0.907491
1.22647
0.2496
1.1959
0.768639
1.20884
1.28227
0.96609
0.866876
2.8997
1.61594
0.947117
1.35062
0.605802
0.938752
2.17707
1.19939
1.48938
1.2141
0.744847
0.81605
0.769249
1.03718
0.934367
1.11716
0.855144
1.198
0.96332
0.560464
1.20955
1.25856
0.6796
0.905453
0.858473
0.732525
0.912141
1.20827
1.19739
1.44813
0.804675
1.19341
1.15737
0.297119
1.13322
0.426461
1.27349
1.18854
3.0097
2.65072
1.04395
0.736284
0.834764
1.13503
0.851285
2.25108
1.15536
3.54809
1.32786
1.3826
1.12853
1.36558
0.938768
1.18944
1.21257
0.538469
1.08413
0.766565
3.81278
1.7606
1.27748
0.656932
0.842443
0.759398
1.09965
0.96476
0.462605
1.21381
1.23187
0.537502
0.975968
1.3685
0.922812
1.1252
1.32693
1.04736
1.24228
1.2781
0.959454
1.1993
1.34161
0.70221
1.02195
4.18083
1.2964
1.42055
0.544343
1.1656
1.15848
3.14268
0.914537
0.839716
1.26174
1.29717
1.19648
1.22057
0.827737
1.43616
0.925408
1.18107
1.16132
0.977293
1.20129
1.32292
1.21848
1.26915
1.26819
0.883657
0.913518
0.917218
1.20824
0.917818
0.6115
0.821523
1.23304
0.920922
1.3739
1.39184
1.39606
1.24922
0.915664
0.68391
1.38283
0.114104
1.15782
1.33475
1.19525
1.12359
0.928968
1.29479
0.833733
0.62623
3.17623
0.985344
1.12204
0.89192
1.4477
0.918151
1.25309
0.853933
1.21727
0.95492
1.26704
1.21432
0.809977
0.813873
1.33061
0.65608
0.95909
1.15667
1.49691
0.930994
0.28972
1.24193
1.10408
1.17251
0.59985
1.0304
1.02522
0.537894
1.30446
0.408911
1.34595
1.23516
0.910729
0.914422
1.14277
1.40495
1.22007
1.19412
3.34317
1.44752
0.819157
0.857099
0.890543
1.04995
0.935673
1.13036
1.22051
1.21874
0.840655
0.733101
0.922243
1.0416
0.914543
1.143
1.3157
0.928557
0.839889
0.624771
1.37947
0.813967
1.40156
1.0513
1.1949
1.12127
0.958675
0.881841
1.11204
1.35605
0.943137
1.13285
0.53534
0.969463
0.553529
0.708542
0.959029
0.558882
1.06993
1.40557
0.966042
0.842735
1.46868
1.21817
1.03378
0.834756
0.836617
1.15944
0.929819
1.15314
0.926094
1.07997
1.39891
1.03513
0.748855
0.919252
4.08427
0.912882
4.02133
0.819701
0.72561
0.796804
0.726234
1.15415
1.44272
1.16959
1.03646
1.35405
0.909425
1.32651
0.678611
1.39093
2.52104
1.39127
1.33678
1.07475
1.38499
0.891212
0.831392
1.075
0.915894
0.746469
3.20843
2.72993
1.2571
0.956904
2.75058
0.970526
0.833022
0.888551
1.34412
0.825205
1.27619
1.19686
1.17855
1.31627
1.24887
0.870131
0.785056
0.930911
1.25154
1.2317
1.27962
1.17724
0.741099
0.869196
1.17257
1.21345
0.867054
1.33974
1.02788
1.12795
1.21434
1.12174
0.777691
1.04237
0.823417
0.641737
1.23119
1.18487
1.25378
1.3854
0.608437
1.22042
1.22773
1.29232
0.920771
1.69639
1.06535
0.556995
0.849314
1.40286
1.33237
1.21252
0.867923
1.20431
1.05801
0.905708
0.827691
1.16244
1.39828
1.17134
0.812727
1.01617
1.1281
0.635849
1.35354
0.921191
0.933407
1.20789
1.38286
1.29419
1.09707
1.28297
1.3878
1.17156
1.18814
0.927407
1.41367
0.86618
0.910124
0.84484
1.31658
1.19067
1.21908
1.38557
0.769339
1.40635
0.812281
1.02434
0.918927
0.550114
0.766772
0.93917
1.34559
1.06091
1.04549
0.941541
1.31832
1.17777
1.15765
1.16674
1.10193
1.37507
0.958048
0.956883
1.39295
2.95454
1.37028
1.24857
1.59105
1.27705
1.19028
1.385
1.47415
1.23293
1.22971
1.32676
1.11214
2.33547
0.857685
1.40178
1.43451
1.09116
1.33459
1.06772
1.28385
1.24242
1.18025
0.581776
1.13979
0.922382
0.961198
1.24994
1.16813
0.894646
0.98092
0.93101
1.10659
1.35902
1.24648
1.13194
0.118769
0.969733
1.15159
1.17814
0.836444
1.44049
1.26085
1.1894
1.51303
1.2262
3.05636
0.954157
0.870101
1.37277
0.423623
1.045
1.11031
1.61606
1.13382
0.982057
0.972169
-0.0721021
1.36711
1.08577
0.934502
1.22388
0.529235
0.795608
1.38031
1.47883
0.874506
1.24884
3.49683
4.61232
0.832275
1.17797
0.529201
1.18053
0.913306
0.886786
1.09379
0.829481
1.26437
0.939647
0.785131
0.971294
0.919456
1.13255
1.22907
0.953965
0.839766
1.24919
0.959893
1.17041
1.38443
1.46597
0.889445
1.06787
3.31683
1.85366
-0.673981
0.942072
1.16225
1.1204
0.688041
1.49323
0.936151
1.39036
1.32033
1.30051
1.04314
0.979141
1.08984
1.52863
1.2431
0.930127
1.33613
1.45169
0.782699
1.17631
0.569575
0.831899
1.20259
0.552988
1.42937
2.15327
0.905736
1.2859
0.598613
0.925861
1.18593
0.486988
1.32657
1.4032
0.51685
1.04406
0.809065
1.26409
1.09111
0.947078
0.753444
1.25992
0.908984
1.39608
0.99991
0.857191
0.595927
0.82863
1.39771
0.820623
1.28778
1.20459
1.2282
0.708864
0.631021
0.961439
0.888658
0.81791
1.06892
1.39635
0.614074
1.40359
0.808701
1.11359
1.52154
1.39263
0.935692
0.90563
0.547021
1.19551
1.34962
0.885471
1.40624
1.38258
1.27271
1.14654
0.887868
0.923009
0.965178
0.826213
1.39558
0.753997
1.23854
1.3549
1.11349
1.14049
1.35237
1.11724
1.48127
3.03638
1.27941
0.903874
1.13676
1.41669
1.53451
1.17825
0.716038
0.927992
1.25786
1.21173
0.840798
0.836486
1.18753
1.31562
0.971944
1.31281
1.55434
0.925171
3.9783
0.768057
1.20984
1.19382
1.05886
1.33961
1.58177
1.56685
1.38799
1.22539
1.24911
0.442551
3.37943
0.857233
0.884466
1.59351
0.913884
0.726889
1.4364
0.820585
0.923493
2.42519
1.60084
1.3326
1.20832
0.705248
1.01336
1.23468
0.965518
1.27329
0.844606
0.264512
0.799521
1.25218
1.41253
1.35006
3.65953
0.184684
1.0873
0.915117
1.23107
0.922599
1.18708
0.81107
0.857587
1.3829
2.83603
0.767219
0.813576
1.43607
0.954444
0.925096
1.26496
0.954769
1.4058
1.28242
1.11657
0.91574
1.56553
0.648147
0.868313
0.819218
1.33946
0.933576
0.753507
1.29235
0.971994
0.962897
1.14286
0.879579
3.9802
1.34022
1.06731
1.15213
0.744024
1.27333
3.50889
1.4074
1.25053
1.03147
0.830075
1.19212
1.27088
0.936522
0.805746
1.01327
1.44877
1.07235
1.39043
1.40634
1.16114
1.25962
0.658941
0.91214
1.30917
0.768226
1.08915
1.2815
1.40319
0.895975
0.948896
1.26188
1.11559
1.31291
0.826081
0.924339
1.17475
0.9724
1.07325
0.996235
1.27608
1.32742
0.930258
1.37474
1.21394
1.30551
0.744277
0.866736
0.947748
1.06206
3.05331
0.764852
1.32848
0.843443
1.11541
1.18301
1.1817
1.02217
0.913409
0.91689
1.36866
2.96813
4.2362
1.41508
0.823767
0.571531
1.40506
1.10721
0.962652
1.31638
1.21448
1.3435
1.30142
1.09392
0.95869
1.12843
1.08505
1.3296
0.953225
0.81391
0.733623
0.939659
2.925
1.10702
1.33237
0.853723
0.983278
0.724945
1.17153
0.738005
0.767227
0.632698
1.38593
1.20478
0.91484
1.32935
1.05782
0.652513
1.1083
0.678835
1.19719
1.29255
0.921012
0.806071
0.604369
1.20877
0.929501
-0.206832
0.774978
1.051
1.60073
0.971279
0.812407
1.09879
1.28684
0.731923
0.63974
0.900617
0.836355
0.618513
1.19939
0.926988
0.927672
3.16482
0.894692
0.649395
1.30753
0.89406
1.30426
1.20316
1.44256
0.95363
1.41354
0.908071
0.922921
1.17796
1.4679
1.16602
1.38152
0.927957
1.15677
3.12481
1.41144
1.19258
0.965996
0.906233
0.951079
0.898773
1.18027
0.97927
0.732121
0.966885
1.26696
0.800203
1.24553
3.45085
0.866034
1.14263
0.3721
1.16778
0.928733
0.7843
1.12179
1.26763
1.13664
1.42955
1.22956
0.761204
0.869705
1.40223
1.11206
0.219657
1.16883
0.991851
0.929493
0.875229
0.817654
0.864378
1.18141
1.44198
1.23523
1.2762
0.955389
1.23657
0.915951
2.60585
1.37027
1.07782
1.38056
0.595721
0.764272
1.19413
1.18714
0.91169
1.04944
0.885614
1.10201
1.16659
0.557214
1.39069
0.782812
1.29266
1.44354
1.32099
0.913738
0.475009
1.22329
1.27882
0.96904
0.624977
0.789933
1.21433
0.933949
1.17722
1.33905
1.38262
1.4603
1.37976
1.10309
1.39842
0.923656
0.236815
0.935509
1.10597
0.943956
0.837444
0.909431
0.903376
1.116
1.27973
1.13133
1.37423
0.995128
1.27649
0.98471
1.16055
1.32006
1.33426
0.920263
1.45504
0.623703
0.599224
1.29399
0.920409
0.931164
0.914157
0.698031
1.13481
1.19838
1.21918
1.04254
1.24312
1.33635
1.30613
1.57786
1.12795
0.910898
1.39117
1.39011
1.32856
0.508616
1.03549
1.28992
1.23628
0.557428
1.19249
0.858797
0.854795
1.12311
0.951596
1.38744
0.372926
0.65225
0.91354
1.28011
0.902624
0.652754
1.00916
0.552524
1.22213
4.11371
1.21918
2.53972
0.910064
0.861472
1.17311
2.68393
0.705005
3.58298
0.944142
1.17952
1.06613
0.817542
1.33168
0.731007
1.37699
1.05444
1.08934
0.966114
1.50631
1.40514
1.40742
1.13379
1.38498
1.24475
1.55692
1.1259
1.1543
0.924538
1.33459
0.814258
1.40075
1.25843
1.32504
0.944369
1.0861
0.944896
0.850794
1.22674
1.50275
1.20899
1.06432
1.06887
0.860696
1.36659
1.33338
1.06212
1.37138
0.908318
1.51325
0.821905
1.39509
1.39442
0.488072
0.906326
1.2193
0.855523
0.842666
1.306
1.32594
0.982335
1.28849
1.40853
0.759072
1.2699
1.19986
0.630818
1.33746
1.39985
2.87854
0.95443
0.785216
1.32519
1.04922
0.79822
1.36904
0.965624
1.25092
1.17467
1.25704
0.855123
1.1824
0.921278
1.06161
0.875133
1.17331
0.904151
0.903255
1.33032
1.15771
0.512349
0.965933
1.4079
1.19085
1.45791
0.920604
0.888919
0.957704
1.20426
1.26369
1.25508
0.935624
1.15448
0.408404
1.22287
0.765386
0.969734
1.17496
0.962726
1.19855
0.800522
1.40141
1.4157
0.760946
1.24815
0.236182
1.38102
1.02229
0.964751
0.874285
1.47454
0.746755
0.948932
1.226
0.813809
0.61356
1.20436
1.15849
0.93364
0.891208
0.876079
1.33592
1.19713
0.821209
0.862633
0.947926
0.950235
0.903919
1.06109
1.20426
0.916014
1.41245
1.29595
1.16404
1.30499
1.22847
2.51301
1.23342
1.10168
0.960239
1.28037
1.50141
1.21688
0.640943
0.909465
0.573879
0.792985
1.32173
1.12912
1.08364
1.17579
0.491684
5.25874
0.708507
0.810824
1.49622
1.46912
0.912958
0.949015
0.637187
0.840999
1.17583
0.93286
0.940273
0.743577
1.19078
0.965706
0.865916
1.14513
1.10406
1.48877
0.919395
0.801694
0.299701
1.16773
0.718482
1.23644
0.814016
1.21892
1.06557
1.15694
1.22921
1.56305
0.521828
0.746059
0.0152472
0.589047
2.71138
1.23928
0.819482
0.861511
3.20718
0.834662
1.05968
2.97303
1.20291
1.24788
1.45182
0.805779
1.15305
1.22568
0.589954
1.32533
3.13231
0.882968
1.38462
0.96426
0.77757
1.17775
0.960338
1.33045
0.803331
1.49118
0.723672
0.935407
1.29791
0.773036
0.311533
2.42171
0.957631
1.18486
0.502131
0.880839
1.19332
0.971043
0.767145
1.24413
1.37674
0.885389
0.960716
1.32852
1.26342
0.808435
3.92493
0.93834
1.08344
0.6251
1.47694
1.04214
1.26716
0.65
0.590718
1.00491
1.095
0.856917
0.767963
0.904948
0.701189
1.30479
1.32308
1.2352
0.943537
0.932926
0.790565
1.23329
0.963713
0.486514
-0.668475
1.32972
0.829745
1.37136
0.943749
1.20401
0.881748
1.28674
0.957237
0.660813
1.15966
0.953287
1.29721
0.919013
0.81863
0.839555
1.23216
1.37657
0.566697
5.03142
2.78885
1.23599
1.05477
0.816173
0.796007
0.784683
1.14018
0.697088
1.18096
0.80423
0.659424
0.939078
0.654241
2.08756
0.677013
0.788898
0.691978
1.04436
1.15674
0.297618
0.828504
0.902807
0.910907
0.686127
0.390765
0.850396
1.30332
1.53193
0.813053
0.859157
1.16587
0.617844
1.1503
1.17361
0.964602
0.942239
0.877979
0.986552
0.907397
0.5727
0.676309
0.721199
1.21857
1.31386
0.836712
1.21215
1.15342
1.45992
0.933028
0.526289
1.08412
0.830971
1.51334
1.26984
0.907395
1.2767
1.41322
0.937835
1.35472
1.53186
1.29875
0.85321
1.09117
0.890329
1.15578
-0.221299
1.38792
0.607502
1.1881
1.3787
1.37092
0.984805
0.817329
0.921119
0.665748
1.13458
1.0653
1.4109
3.41872
1.04786
0.589955
1.18616
1.36125
0.925371
0.907212
0.871156
0.716243
1.79097
1.03434
0.624818
1.10077
1.33835
1.19422
1.17068
1.08859
0.918246
0.830747
1.35975
0.870433
1.1927
0.997186
0.80896
1.31501
1.25166
0.630426
0.930512
2.69743
1.02058
0.771807
0.642045
1.2053
0.836676
1.17622
1.36594
0.154569
0.912924
1.45624
1.38537
1.27187
0.747996
1.20025
1.38999
0.797012
0.774028
1.04428
1.57661
0.847781
0.851946
0.441216
1.1162
0.813118
0.763795
1.14719
1.22521
1.07187
1.15879
0.883719
0.845008
1.4214
1.40165
0.686462
0.652716
1.33336
1.54927
0.363225
1.31302
1.22856
1.19502
0.853714
1.07398
0.89507
1.18304
0.857923
0.916294
0.956007
1.35585
1.16158
0.525364
0.622526
0.943601
0.13133
1.49912
3.29982
1.35699
1.20596
1.32408
1.25284
0.591195
3.92639
1.40009
0.705553
1.17
1.3754
0.250151
1.12745
0.894979
0.781098
1.17564
0.938744
1.06763
1.1719
1.03467
1.18602
0.87207
0.799711
0.876771
0.741262
0.611213
1.29084
1.07195
0.908992
3.79288
0.962291
0.777757
0.963132
0.963738
1.24542
0.704809
1.54502
0.756637
0.921626
1.24852
1.06291
1.40419
1.21598
0.7219
1.29474
1.37724
1.38864
3.42109
0.952557
4.39123
1.17414
1.06564
0.611826
1.42798
1.04802
0.78743
1.65073
1.18754
0.899339
1.38709
4.003
0.690536
1.51777
1.1831
0.84237
0.89896
0.902285
0.724785
0.754792
0.90762
1.41315
1.38715
1.40489
1.33718
1.27138
0.885279
0.804494
1.17316
0.271068
2.78944
1.00314
0.959644
0.904772
0.215708
1.18562
0.795453
1.23544
1.24612
1.09365
1.16393
1.23601
1.38614
0.663978
1.16533
1.21442
0.903919
1.39317
1.22862
0.906528
0.892015
3.16074
1.0066
1.47649
1.38234
0.525569
-0.261065
0.961782
0.824514
1.21246
1.22995
0.957506
1.44676
1.2732
3.1937
0.809964
1.04793
0.901413
1.43454
1.14403
1.4548
4.20041
1.38038
0.674996
1.21786
0.928924
0.889286
3.15195
3.30822
2.16022
1.39684
1.15574
0.826374
1.41998
1.43194
1.26723
1.02413
0.983316
0.905689
1.38457
1.56986
0.875053
0.753202
1.40409
2.97921
1.33244
1.35024
0.773011
0.943613
1.41058
0.938094
1.29819
0.851739
1.26635
1.37377
1.07056
0.932784
0.659683
1.25216
1.22613
1.3502
1.07645
1.32029
1.5221
0.611074
1.06529
1.15679
1.2293
1.3417
1.42339
0.815331
0.813667
1.12573
1.34163
0.874671
0.827392
3.69758
4.43436
1.18881
1.61909
0.977578
1.17531
0.927731
1.30159
1.27274
1.14834
1.20926
0.821531
1.12602
1.29633
1.36647
1.44343
0.833194
0.58021
0.939673
1.16891
1.34308
1.46885
3.64473
1.10152
0.88181
0.887665
0.863861
1.18584
1.09588
0.830964
0.913364
0.723629
1.17422
1.2323
0.88706
0.891604
0.810954
1.40475
0.889581
1.21226
1.06305
1.11972
2.94743
0.961026
0.815997
1.18261
0.89562
1.14492
1.12586
0.337674
2.32557
0.909057
0.967976
0.84998
1.15621
0.659897
1.36233
0.926073
0.659593
1.16688
1.17013
1.15792
1.29286
1.06023
0.923328
1.37211
0.943335
1.41051
0.924408
1.14383
0.784123
1.1649
0.836754
0.899219
1.33682
0.9344
0.979052
0.765269
1.1954
0.699901
0.987292
1.17696
1.77964
0.759667
1.37469
1.31536
0.912629
1.38789
1.28549
1.4595
1.16145
1.04803
1.0574
0.827043
1.18004
0.824228
0.0941808
1.2784
0.764544
1.47856
1.36941
0.901515
1.01065
0.903728
0.88658
0.791271
0.772015
0.815105
1.28895
1.39596
1.60397
1.58786
1.58747
4.63774
0.921468
1.29886
1.06641
1.43041
1.57324
1.34146
1.09161
1.29868
1.17247
1.43701
0.893347
1.25841
0.983696
1.52811
1.54563
0.964837
1.56053
1.50801
1.09677
0.947325
1.48848
0.677123
0.866101
1.464
0.849827
1.26689
1.25844
0.820865
0.956443
0.797335
0.727595
1.55846
1.21192
1.25867
0.873942
0.833067
1.52132
1.35642
0.914826
2.60901
0.911083
0.907505
1.13319
1.32899
1.13598
1.1889
1.13116
1.29404
1.33801
0.824284
1.06804
1.03264
1.17042
0.995185
0.843411
1.17735
0.894505
0.97906
1.15491
0.855666
1.20255
1.05853
0.723623
1.25828
0.656103
0.95044
1.15331
1.33476
0.757517
0.909966
1.42649
0.738799
1.34531
1.25993
4.11629
1.32823
1.38259
0.90783
1.31266
0.759076
0.196962
1.15958
1.39081
1.06843
2.97928
0.348335
0.828675
0.901797
0.817235
0.964494
1.10487
0.943444
1.15477
0.979182
1.18426
0.88529
1.27781
1.26772
1.42377
1.02648
0.789756
1.22522
0.937595
1.28078
0.91809
0.743673
1.1269
0.617433
0.206536
0.788357
1.5641
0.693556
1.08371
1.36877
1.04738
0.9689
0.787723
0.959928
1.01525
0.918301
0.861434
1.08232
1.3489
0.937532
0.781318
1.40734
1.00507
1.23421
0.902042
0.881526
1.01376
0.941132
0.975688
0.767477
1.12165
0.913328
1.27773
0.903376
1.56145
1.17429
1.2076
1.27685
0.844268
1.29388
0.973911
1.14254
0.200356
1.19193
1.30516
0.868721
1.12578
1.4283
-0.714855
0.869621
1.34187
1.15014
0.713671
0.960971
0.930974
0.951118
4.09944
1.35407
0.916098
0.897152
1.73853
0.94407
3.38825
0.958026
1.33011
0.294916
1.57103
0.956161
0.693364
0.807128
3.84308
0.812246
0.942771
1.25178
1.31567
0.731836
0.508256
0.489711
0.961544
1.00294
0.794831
1.16734
1.45577
0.811206
1.21576
0.97836
1.21629
1.16616
0.98137
0.810489
0.705614
0.536746
1.11286
1.40572
0.943677
0.896866
3.10762
0.955369
0.885146
3.53689
0.739283
0.820366
-0.228276
1.11645
1.10619
1.24497
1.10606
1.28141
0.756185
0.808444
0.812959
1.14075
0.881539
1.56458
1.06656
1.2996
0.372548
0.916983
0.961796
0.234046
2.74439
0.895176
0.79792
0.937289
1.43316
0.814584
1.03852
1.12501
1.2458
1.17602
3.46621
0.881521
1.21983
1.17732
1.11719
1.44121
1.22321
-0.666443
3.20745
1.24176
1.33224
1.25184
2.54694
1.2313
1.02161
1.16154
1.37318
0.751216
1.64273
1.03509
1.33454
0.969637
0.5935
1.11386
0.778898
1.23232
0.678189
1.20373
0.870707
2.55646
0.866671
1.23232
1.37943
0.952615
1.27283
0.860649
1.21931
1.9921
0.587296
0.829787
1.24802
1.1707
1.21169
1.21335
0.973567
1.17669
1.09211
1.49073
1.31791
0.652595
1.06979
-0.655435
1.4102
0.685
3.10703
0.858928
0.57488
0.960123
1.54946
0.966043
0.859616
1.15657
0.631369
1.23246
1.01934
1.19909
0.915431
1.02247
0.750357
1.08031
0.886243
0.945613
1.16178
1.35297
0.900272
1.21937
1.2227
0.924505
1.08158
1.26092
0.936235
0.992289
1.24098
1.14985
1.14285
1.24459
0.457536
3.18453
0.95085
1.75707
0.893633
0.943705
0.339551
3.26665
1.3696
0.712853
1.53702
1.42683
1.46463
0.845395
1.15258
1.01252
4.4066
1.06733
0.618663
1.14817
1.36144
0.891604
1.3238
1.03296
0.887199
1.19409
0.825945
1.5197
1.15516
0.944691
1.23594
0.964414
0.947711
1.29492
1.20548
0.811695
3.75144
1.34271
1.13329
0.759238
0.876069
1.36305
1.2513
1.15292
0.698179
0.775349
0.649234
1.23428
0.973014
1.06095
4.00186
1.16004
1.08575
1.12406
1.09189
0.340679
0.699008
1.29534
0.574114
0.421795
1.25903
0.959749
0.692088
0.613147
1.31425
1.18487
0.935232
1.17488
1.26408
1.13028
0.755058
1.60866
3.09407
0.694672
1.52226
1.35986
0.901373
1.0022
2.63497
0.544668
0.858103
1.16263
0.864914
1.19713
0.875718
1.4115
0.919466
1.24197
0.526668
0.807084
0.852877
1.30042
1.12924
0.767533
0.940809
0.966092
1.14376
3.91279
0.608968
0.861666
1.22961
0.661992
0.320605
0.614507
1.00918
1.03583
0.909878
1.17944
1.15532
4.68561
0.575401
1.13989
1.18496
1.26402
1.29775
0.796497
1.26051
1.03974
1.41112
1.42035
0.94401
0.943732
0.798986
1.16255
1.22281
1.15748
0.734896
0.855574
1.14613
0.844796
1.14226
1.14113
0.170667
0.839901
1.17287
0.924199
3.13473
0.974926
0.763447
0.668745
1.13556
1.40649
1.34939
1.32351
1.00332
1.45532
1.21288
3.64465
0.911267
0.576723
1.28401
0.385832
1.3814
0.604227
1.14817
1.28031
1.22785
0.616599
0.691313
0.733929
1.28975
1.15543
0.963128
0.993164
0.943118
1.30307
1.30646
0.992172
2.82876
1.33843
0.961342
1.16592
0.635941
0.927141
3.18836
0.869886
0.936717
1.22045
0.81437
1.37388
1.35853
1.40721
0.869331
0.700726
3.67909
1.31446
1.15269
1.27173
1.15761
1.19193
1.51026
1.25253
0.667516
1.3954
1.15329
1.17722
1.04064
0.783203
1.22198
0.935856
1.17042
1.24618
0.892536
1.3183
1.1757
3.39596
0.942478
0.863465
1.14067
0.621092
1.40738
1.17774
0.63117
3.69528
1.31893
1.23332
1.40804
1.19266
0.877805
0.919839
1.04492
0.781454
1.00005
0.670089
2.63195
0.889504
0.985664
1.16489
1.16513
1.18545
1.13895
0.844528
0.870422
0.790912
1.31823
1.35725
1.29511
0.868437
1.26457
0.879435
1.30888
3.42053
0.790061
0.912025
0.751927
1.17362
1.04381
0.783629
0.997344
4.42091
3.52392
1.16577
0.864986
1.1539
1.21522
1.03994
1.4682
1.33866
0.655335
0.935321
1.3557
0.957038
1.13928
1.14567
0.589569
0.880247
1.16166
1.33629
0.78288
1.17009
1.40309
0.972964
1.22313
1.16001
1.16051
0.859269
0.302844
4.0253
1.28294
0.966418
0.72398
0.74032
0.936428
1.43027
0.685541
1.1683
0.639631
3.90871
1.0199
0.945162
0.991534
1.39048
0.885149
0.927899
1.02779
1.2573
3.29769
3.33735
1.02997
0.913051
1.17813
1.13753
0.643996
1.06313
0.930079
4.912
0.986843
0.960461
1.2083
3.97317
1.03314
1.83908
0.487577
0.769705
0.643236
0.882978
1.14811
0.746345
0.915277
1.58415
0.989103
1.17368
3.86367
0.798749
0.932454
1.35944
0.941543
1.16446
1.16049
0.316068
0.30754
0.900784
1.15968
1.16072
1.30352
0.935745
1.07171
0.799342
1.09445
1.19853
0.481434
1.05119
1.40865
1.32619
0.85631
1.39689
0.925495
1.1179
1.22782
1.15898
1.37867
3.05029
1.13937
1.11501
1.12261
0.972941
0.587057
1.1503
0.9162
0.769653
0.169444
0.729839
0.830107
0.787707
3.51833
1.00085
0.885539
1.80204
1.03953
1.34353
1.22908
0.917209
1.02232
0.890076
0.677107
0.567522
0.959047
1.06443
1.26946
1.12044
1.01895
0.659316
1.31594
1.1531
0.9435
4.52161
1.35091
3.51077
0.135548
1.335
0.870994
0.795464
0.860063
1.19913
0.797974
1.1397
0.977589
1.14481
0.696309
0.939482
0.944412
0.198107
1.12585
0.656911
1.07692
0.518679
1.24798
0.783227
0.769883
0.586012
1.2433
0.893076
1.46311
0.75615
1.35561
1.38303
1.38322
1.23759
1.59446
1.33324
1.13478
1.18552
1.00123
0.985858
1.03931
1.27438
0.819886
0.835729
1.32625
4.89588
1.29304
1.38421
1.16973
0.921375
1.20266
1.59698
1.30492
0.772511
1.25853
1.15504
1.16246
1.34382
0.758036
1.04163
1.38311
1.18601
1.1979
0.964062
1.33706
1.55537
1.04567
0.878109
0.983608
1.26363
1.04826
1.56964
0.912117
2.05324
1.1374
0.801637
0.829502
1.21551
0.705738
1.45346
0.89075
1.3991
0.946325
0.653781
3.59109
0.838483
0.916734
0.877928
1.21151
1.38374
0.627476
1.32796
0.967951
1.13537
1.19908
1.23132
1.39506
1.42447
0.883067
1.16296
1.94376
1.29072
0.802694
1.23808
0.905866
2.5353
0.573034
1.15031
1.15473
1.1274
0.780354
1.10223
1.14597
0.678353
1.13808
0.74072
0.713101
0.733263
0.973357
1.07312
1.19667
1.07227
0.710602
0.828094
0.860435
1.12551
1.17858
1.17914
1.30583
1.3628
1.10384
1.33727
0.484874
0.76983
1.45039
0.810008
0.884951
0.773964
0.724943
1.22283
0.0678092
3.94452
3.09381
0.680814
1.16927
1.32451
0.932821
1.11949
0.610221
3.66198
0.719887
1.1489
0.423932
1.18679
0.94641
1.32699
0.635
0.769564
1.16319
0.670964
0.963891
1.40924
0.756137
1.50102
1.15589
1.15642
1.11196
1.20255
1.103
0.828111
1.15062
0.747727
1.24611
1.13
1.02064
1.17134
0.775142
0.694742
1.34545
1.12644
1.3596
1.35498
1.38016
0.897759
0.9533
1.3238
1.17092
1.09075
1.12343
1.36093
1.59965
1.17679
1.09136
0.577971
1.38892
1.38023
0.751685
1.31995
1.11516
1.26193
0.856167
1.38348
0.9389
1.10562
1.23975
1.20035
1.13135
0.484965
1.23509
0.973707
0.963058
0.742091
0.821931
1.03928
0.913915
1.15239
1.10495
0.743214
1.40068
0.995519
0.890511
0.459577
1.20259
1.25457
1.26418
1.30363
0.940184
1.103
1.32792
1.15169
1.16068
0.94867
0.579543
1.58382
1.29515
0.750984
1.22165
1.1763
0.822891
1.24956
1.57491
1.00643
1.47156
0.942878
1.19937
1.095
1.16776
0.941012
0.97432
1.13754
0.819085
0.724795
0.945452
1.16643
0.974811
1.38537
1.33903
0.568029
1.13455
0.484236
0.631857
0.779794
1.1121
1.1889
0.53506
0.827104
1.12184
1.15735
1.26143
1.15866
1.21549
0.993818
1.03127
1.14484
0.893022
1.1295
0.64536
0.855626
0.711556
0.825232
0.995745
1.10537
0.754621
1.11207
0.870007
0.939204
0.926868
0.802472
1.21414
1.1668
0.880261
0.492714
3.59232
0.631726
3.39598
0.919153
0.763776
1.11641
1.15727
1.06785
1.60316
1.22072
0.993874
0.720165
0.736771
1.21725
1.19773
0.862385
1.32148
0.694794
0.989816
1.29763
1.17081
0.969394
1.13799
1.02416
1.05356
-0.227941
1.06906
0.526477
0.919776
0.671132
1.1453
1.26982
2.16015
1.1397
0.93956
1.1514
1.17621
0.822993
2.51474
0.959443
1.28502
1.53282
1.15666
0.599132
1.263
1.05504
1.05182
1.15468
0.489922
1.19789
1.20669
1.40591
1.36541
0.77302
1.14347
2.61325
1.27812
0.940136
0.831466
0.560381
0.831695
1.20951
1.55068
1.29635
0.807811
0.724639
0.782017
1.0985
1.55242
0.993518
1.26642
1.39459
3.8013
1.23118
1.35078
1.12369
1.17939
0.973041
2.89003
0.813613
1.2182
1.09128
1.1782
1.08099
1.12333
1.06531
1.21976
2.8344
0.75434
1.29572
1.32351
1.32636
0.618949
0.997852
0.728984
1.29532
0.716355
0.500928
1.00311
1.19343
0.744927
1.21811
0.747591
0.955897
0.906251
1.03309
0.925779
0.860663
0.87202
1.29696
1.20741
1.34851
1.28961
1.24663
1.19904
1.34399
1.22935
0.998392
1.159
1.33056
0.748033
1.16635
0.601831
1.02728
1.38792
1.04185
1.4077
1.00055
1.16743
0.205493
0.929638
0.940394
0.0371951
1.08095
0.732709
0.678961
1.15851
1.05654
0.868539
1.1648
1.01877
2.04825
0.431575
0.743327
1.15516
1.21555
1.28484
0.969826
0.920501
1.10059
1.23927
0.441397
1.36641
0.418383
0.637036
1.49693
0.828325
1.1848
1.14076
0.934968
0.861274
0.828476
0.757581
4.06747
1.15869
1.23522
0.853143
1.17009
1.34129
0.443919
1.15716
0.775045
1.14867
0.725534
0.95392
0.7603
0.993532
1.24993
0.635082
1.58645
1.37682
0.676424
0.667096
0.814346
1.17746
0.719272
2.30137
-0.623591
1.56159
0.8156
1.27215
1.09729
1.42113
1.09151
0.964128
0.650766
1.26834
0.919703
2.83282
1.12369
1.13633
1.09156
1.00291
1.14768
1.17067
3.94347
1.05235
1.00784
1.19373
1.25247
4.20208
1.22708
1.16672
1.55945
0.678184
0.722141
0.368172
0.867078
2.75015
2.89202
1.14445
1.29845
0.74358
1.13711
0.778412
1.27135
0.817937
1.17061
3.58482
1.1028
1.28061
0.617535
0.648657
1.2051
0.494212
1.1169
0.756467
1.18166
1.1491
0.59347
0.938489
0.36451
1.14554
0.815349
0.680628
1.01613
0.794684
0.768738
0.773072
0.725697
1.28918
0.711306
0.91247
0.879431
0.923068
0.736119
1.36032
1.23442
1.17924
0.936269
0.861086
1.11637
1.4099
0.854174
1.17895
0.9374
0.827486
0.792108
1.39039
0.472583
0.942927
1.16392
0.942688
1.11679
1.2913
1.1536
0.312055
1.26772
0.671782
1.16117
0.797616
1.14324
1.1579
1.14864
1.12334
0.759365
0.889058
1.5749
1.04409
0.900441
0.843269
0.708726
0.855469
1.29595
1.1504
0.95607
1.22431
1.09014
1.32
1.12187
0.614462
1.16007
1.41724
1.38306
0.590289
0.625615
1.09198
0.954948
0.513714
1.37356
1.01986
1.32178
0.716137
1.28015
0.921904
0.956395
1.32175
1.10191
0.791349
1.34064
1.09922
1.41483
1.15499
0.735906
1.24068
0.832337
1.11631
0.922736
1.20952
1.48336
1.27378
0.929788
0.762695
1.2764
1.10303
0.73143
1.16075
0.872147
1.27569
0.780072
1.16796
1.21654
3.70603
0.777735
0.747122
0.900163
1.32525
0.894227
1.05714
0.904239
1.3385
1.15654
1.15816
1.02001
0.662651
2.96342
0.708646
1.07818
1.20025
1.34123
0.808697
0.917088
1.12756
1.12023
1.1104
1.35727
-0.399426
0.71297
0.446909
1.40257
1.10744
0.649271
1.09977
0.926899
1.38004
2.46185
1.34145
1.18842
1.16046
0.726616
1.03268
1.23945
1.08965
1.41031
0.760128
0.755835
0.623654
0.831645
1.16943
0.787541
1.18934
1.04842
0.941119
1.23642
0.736383
1.10084
3.47061
0.952861
0.880659
1.03044
1.50359
0.937033
0.592348
0.878695
1.12605
0.921737
1.33582
1.2774
1.09669
1.38865
0.86884
0.780536
4.03035
3.14794
0.650063
1.39209
0.65999
0.879788
0.761254
1.22888
1.52111
0.891436
0.942664
1.11594
1.27615
1.49947
1.29567
0.765517
1.39034
1.15242
1.10433
0.33063
1.27819
0.623018
1.15403
1.16653
1.16263
1.15866
1.20331
0.738208
0.933718
1.17541
1.06238
3.44468
0.625683
1.13853
0.79745
0.545283
1.33271
1.40005
0.817486
1.27763
1.245
4.22146
1.43606
0.922105
0.650809
1.0244
0.898649
1.15175
1.36114
0.920021
1.24945
0.523037
1.10259
1.78569
1.11998
1.14465
0.73322
1.30508
1.10491
0.77638
1.21126
0.818611
0.704665
1.32965
1.24845
0.996672
1.46452
3.81683
2.64013
0.792982
1.25157
1.00054
0.639942
0.749206
1.32984
2.92552
1.07376
1.10005
1.13574
1.14317
1.02916
0.596586
0.684121
1.02534
1.23715
1.15002
1.11921
0.754187
1.17214
0.822887
0.51051
1.15543
1.29339
1.53615
1.09401
0.707545
5.27194
0.909678
0.460987
1.1783
0.866675
1.46481
1.40711
0.905873
0.461839
0.810274
1.28923
0.85085
1.15891
1.15156
1.51114
0.820062
1.15515
3.23235
0.94421
1.35673
1.21785
2.77604
0.253797
0.806103
1.24752
1.18342
1.31932
1.58786
0.730191
0.718316
1.15559
1.1322
0.631942
1.02711
1.15197
1.2125
0.913461
0.94072
0.970146
0.727815
1.16821
1.18016
0.701887
1.57246
1.14735
1.1518
1.07728
0.924101
1.36406
1.19299
1.09344
2.95078
1.11312
1.11493
0.948785
1.15789
0.751068
3.47989
0.697117
1.02465
1.16888
0.910822
0.819352
1.20685
1.11041
0.75039
0.867357
1.15884
1.0868
1.15901
1.16236
0.910809
0.930034
0.657655
1.15413
1.17267
1.16019
1.05866
0.74352
0.936456
1.39632
0.247584
2.74365
0.923529
1.16771
1.09934
0.772724
0.955882
0.949402
0.93418
0.482258
1.30761
0.557732
0.849473
1.10934
0.657277
1.21426
1.2204
0.839683
1.38372
4.48794
1.21754
0.84168
1.28488
1.39118
3.18428
1.16018
1.55305
1.10266
-0.222786
1.39533
2.09269
0.395504
1.25761
1.33484
1.28561
1.22362
0.943376
1.22352
3.89989
0.558624
1.33838
1.30892
0.797036
1.16841
1.08671
3.14583
0.650069
1.01694
1.50976
1.15706
1.22225
1.14604
1.59086
1.3367
1.29644
1.24047
1.34183
0.792473
0.641371
0.567058
1.30959
1.08832
0.672714
0.992142
0.63376
1.38733
1.02888
1.31513
1.15157
2.02483
1.1558
0.923486
2.29486
3.65116
1.19713
1.19032
1.02926
1.44733
2.59563
1.18639
1.1223
3.76821
1.20663
0.956527
0.715386
1.2138
1.09147
1.01128
1.08385
0.686087
0.720144
1.38592
0.972764
1.29777
1.14595
0.500586
1.06434
0.708901
0.707387
0.645508
0.948788
0.843081
1.17534
0.546195
1.15004
0.91006
1.41561
1.28707
3.68001
1.07721
0.91144
0.677648
1.33814
1.06951
0.754941
0.860548
1.10154
0.21864
0.81067
1.385
0.979493
1.24593
1.04272
0.866438
1.11693
0.678332
1.57103
1.16178
0.926239
1.00362
0.656713
1.0188
0.763927
1.24027
0.833828
1.28437
1.13536
0.716164
1.08597
1.41129
1.40661
0.628772
0.811594
1.17614
1.95026
0.973194
0.824163
1.22217
2.31609
1.22166
2.99353
1.12149
0.987702
0.721667
0.638733
1.3083
0.943908
0.852433
1.17366
1.08973
1.11625
0.288378
0.750071
1.16151
0.833831
1.15765
1.10316
1.12897
1.34567
1.28092
1.09477
1.29981
0.788497
1.41703
0.839145
0.629558
0.946352
1.19913
0.789954
1.20429
1.24551
1.35842
1.12832
1.29556
1.25007
1.1898
0.754088
0.606897
1.16037
0.724138
1.1884
1.07595
1.11217
1.40965
1.26724
0.61383
0.490842
1.32965
0.768308
0.863662
1.16461
1.08009
0.489807
1.17398
0.982473
1.29087
1.24216
0.782055
0.845171
1.57149
4.25658
1.28027
0.891229
0.79386
1.05134
0.999005
0.827488
0.832716
0.699611
1.03619
0.635994
0.920473
1.19543
0.77874
1.17115
0.26954
1.11284
1.54778
0.64302
1.13401
1.13698
1.02162
0.93657
1.3252
0.949787
1.13805
1.16813
1.41797
0.855436
1.4863
1.08663
0.930512
1.23274
1.37042
0.995712
1.17288
1.13279
1.02232
1.35602
0.254561
1.35519
1.41528
1.38251
0.301579
1.20044
1.1215
0.238155
0.746161
1.18426
1.38491
0.985378
1.31972
3.60181
1.01616
0.545907
0.743932
0.938307
0.923909
0.992162
1.24452
1.2719
1.09778
2.33436
1.25949
0.876553
1.19794
0.371726
1.06841
1.13706
1.20063
1.13546
3.40828
1.0899
1.49571
0.778006
0.793734
0.615495
1.02394
2.39187
1.01827
0.812896
1.28791
0.918317
3.51342
1.09847
1.13836
0.534616
0.805163
0.802767
0.951858
4.1235
0.773588
1.18597
1.09856
0.910679
1.16327
0.596985
2.41306
1.10884
1.06639
1.00021
1.25187
0.564735
1.10379
1.27211
1.12482
1.13082
0.685309
0.964764
1.08822
1.15969
1.20277
1.16611
1.42595
0.817942
1.17078
0.796819
1.14266
0.928741
1.40423
0.824074
1.40488
1.40006
1.11074
1.10727
1.45978
0.779567
0.914573
0.53931
0.85323
1.14184
1.42137
3.45794
1.23619
1.36156
1.14876
0.98374
0.719227
0.788613
0.863707
1.04183
2.24914
0.703465
1.59084
1.38293
1.0776
0.746451
0.29639
0.813958
-0.59865
1.2746
1.19001
1.182
1.09683
1.09894
1.20019
0.829895
0.881949
0.659074
0.706972
1.19485
0.622516
0.644477
0.946033
0.255297
0.821401
0.763527
1.18669
1.18206
0.780505
1.14379
3.05473
1.15167
1.41072
0.956358
1.40987
0.93142
1.09666
1.31811
1.08326
0.750593
1.23199
1.29622
0.765387
0.964587
1.06432
1.03521
0.740752
1.19866
0.759414
1.36848
0.274354
0.243873
0.836736
0.964749
1.20782
0.81826
1.03558
0.545776
1.22805
1.17639
1.08651
0.641747
1.15206
1.39965
0.945184
1.25912
1.1364
1.5424
1.29271
1.337
0.741153
1.12651
0.637287
0.712888
0.842831
0.689262
0.859777
1.01917
0.835148
0.802694
1.35226
1.08968
0.79456
0.711074
0.842729
1.34773
1.41984
0.934894
1.34351
4.14404
1.16672
0.991873
1.2548
0.712839
1.15262
1.02213
0.698866
0.853372
0.753857
1.25256
1.09816
0.303908
0.472003
1.04961
1.17945
1.47865
0.690013
0.550763
0.03974
1.14008
-0.214148
1.13494
0.727918
1.40093
1.32298
1.16738
1.11088
4.53296
1.15115
1.14819
1.31232
0.800456
0.777081
0.951706
0.316254
0.710099
1.11258
0.772974
4.0446
0.701962
1.08979
0.798218
1.07654
0.833802
1.48816
3.79301
1.43547
1.12662
1.23371
1.36869
1.11643
0.749682
1.29742
1.28317
1.39415
0.64022
1.08235
0.776277
1.23384
1.42657
3.46877
0.77259
0.203861
0.747333
0.703168
1.39289
0.335318
0.815103
1.12871
0.790644
1.11471
1.18527
0.593413
0.851856
4.12057
0.630168
0.521403
0.780797
1.06361
1.15677
1.13772
1.13159
1.39285
0.552722
0.926684
0.480626
0.937211
0.768083
0.894878
1.37892
0.921398
1.15613
1.07811
1.21351
1.15532
1.35608
0.765115
1.38445
1.15252
1.11791
2.95189
1.40326
0.82774
2.98369
0.641633
1.40178
1.36706
1.14987
0.914425
1.02739
1.24379
0.925016
1.14206
1.15403
0.743461
1.034
0.78736
0.799417
1.15225
3.49178
0.945147
0.791093
0.72839
1.0935
0.581143
1.05766
1.25595
0.873235
1.14949
1.15126
0.96516
0.980204
1.41068
0.729221
0.878844
0.79944
3.21456
0.676761
1.22926
1.09761
1.16275
1.18543
0.982161
1.21179
1.36605
0.861971
1.27948
1.41101
0.661842
1.36437
0.707696
0.616283
1.37035
1.07349
0.451333
1.16437
0.703851
1.21803
1.13707
1.18889
1.13616
0.769282
1.33728
1.30947
0.985205
2.31906
1.41421
1.0855
0.664087
1.29161
0.901581
1.18089
0.518534
0.909436
0.840692
1.26069
0.767504
0.83881
0.568489
1.15033
0.906792
0.875617
1.3293
1.05549
0.830924
1.14351
0.756635
1.18085
3.61938
1.15302
0.792857
0.870055
0.636495
1.0987
1.15583
1.22165
1.24667
1.16952
1.85602
1.01981
1.15766
1.03938
1.40651
1.50342
2.4236
1.28367
1.24832
1.29843
1.08662
0.703152
0.952477
0.887612
1.14347
1.08389
0.739636
4.35348
0.92106
0.98473
0.516874
0.821547
1.092
0.776102
0.0902292
0.547623
1.24864
1.34092
0.566557
1.33155
1.12457
1.32659
1.15558
1.39378
1.31107
0.536004
3.25352
0.856377
1.04814
1.05567
1.15009
1.14893
1.13321
1.13108
0.76703
0.860104
1.15141
1.0638
2.23773
0.200231
1.39441
1.56456
0.952489
1.29286
1.16959
1.12151
0.812598
0.910576
1.05774
0.158859
0.954132
1.08741
1.291
0.921098
1.12384
1.38724
0.782865
1.12307
0.68696
1.11063
3.19283
1.34015
0.949334
1.04164
1.4287
1.31427
1.22231
1.05288
0.60708
1.03019
0.710803
1.12642
1.14233
0.881337
0.241187
0.585619
0.769343
1.05545
0.803841
1.20101
1.38511
0.607399
1.30118
0.821852
1.24395
1.2949
2.0735
0.77284
0.0061479
0.635714
1.03854
1.04809
0.801479
0.81945
0.757081
0.627965
2.9005
1.0039
1.0198
0.805489
1.33086
0.722776
0.718715
0.719218
2.57702
0.744495
1.41314
1.1002
0.73627
1.0428
0.918135
1.32514
1.18951
1.60345
1.08841
2.65694
1.1882
0.878645
0.457017
0.727153
2.27175
1.06537
1.32001
0.755318
1.15921
-0.563307
0.646688
0.977874
1.13242
1.01854
1.08504
0.904313
0.955712
0.809127
1.07626
0.72321
1.16028
1.2187
0.364169
0.945535
0.614627
0.906921
1.082
1.26426
0.968377
0.38497
1.39404
1.06722
1.0526
1.33072
0.70197
0.405472
0.805791
1.13071
1.02955
0.783302
0.420813
1.39313
0.926998
1.3381
0.908396
1.13263
3.02137
1.14267
1.39748
2.48942
0.767635
1.37768
3.01783
-0.194968
0.744182
1.18641
1.18609
1.09774
0.931974
1.09176
1.40281
0.682517
1.10256
3.88663
1.36172
0.528762
3.89497
0.90736
1.12995
1.38641
0.777783
1.09119
1.16282
0.742005
1.27963
0.936054
1.15426
2.93602
3.69512
0.856944
0.352095
0.541371
1.40613
0.963621
4.96811
1.10974
2.38931
4.69112
0.826768
1.2241
3.60155
0.892343
1.09838
1.37686
1.15754
0.929624
1.16986
1.14171
3.05689
0.882405
0.835309
1.38779
0.668441
0.799007
1.45582
0.880105
1.12614
1.39088
1.30611
2.384
1.54808
0.874925
1.0612
1.21282
1.49919
1.26482
0.883549
0.78851
2.19178
1.09977
1.32002
1.34354
5.30045
0.4412
1.37153
1.07949
1.38346
4.52627
4.46619
1.04433
1.15543
0.991674
0.464298
1.20138
1.07025
0.780481
0.673768
0.499208
0.59986
1.08529
1.10615
1.05777
1.48004
1.07471
1.04012
1.1111
1.38666
0.707374
1.36281
0.669413
1.1808
2.19322
0.886107
1.10385
1.45869
0.818666
1.39352
1.18276
0.914446
0.808139
1.45133
1.39485
0.736507
1.18495
1.11075
0.844245
3.55791
0.945234
0.760737
0.696112
0.71934
0.714054
1.14634
1.15341
2.06626
0.73407
1.06275
2.23162
1.14521
1.05579
1.16522
1.06935
1.55211
1.40165
0.952411
0.794525
1.37734
0.943087
0.873306
0.966544
0.76392
1.112
1.41193
1.18952
1.13488
1.04148
0.907387
1.15616
1.12037
0.765211
1.14403
1.35543
1.08509
1.17481
0.947205
3.59285
0.967191
0.509601
1.10732
0.656361
0.837047
0.907127
1.15354
1.30446
1.13615
0.545624
1.15576
0.710597
1.55836
1.10819
1.01802
0.404514
0.419959
0.578046
1.85614
1.43176
0.645592
0.75899
1.52876
3.9116
1.03214
0.425763
0.692944
1.15781
3.71193
1.15639
1.26739
1.1211
1.12102
1.20227
0.914231
1.2649
0.710077
1.11056
1.33262
2.96741
1.09381
1.01021
1.13099
1.13123
0.947903
1.09087
2.50045
2.97049
1.10165
0.740547
1.00226
1.1105
1.24136
1.40894
0.621431
3.67036
2.249
1.15721
1.00296
1.15154
1.07709
1.18348
0.760486
0.810863
1.53284
1.41943
0.500795
0.733133
1.02178
1.26148
1.33211
1.22291
0.692663
3.57942
1.20704
0.784687
1.30707
0.758897
0.891249
1.43019
1.30503
1.46414
1.52231
1.47832
0.834335
1.11014
1.86244
0.821744
1.10086
1.54119
0.974435
0.942114
1.44583
1.11949
3.12854
1.00162
1.54067
1.24172
1.29455
1
0.823908
0.732715
0.837939
0.896826
1.15974
1.10436
0.723597
1.04448
1.08184
1.41397
0.82052
0.817879
1.5805
0.894974
1.50258
1.03941
1.28294
1.33996
1.09136
0.696767
1.18346
1.09475
0.714254
1.05004
0.24238
0.916329
1.16015
1.37335
1.52082
0.874975
0.752525
1.03838
0.885744
1.10471
0.770549
1.15611
1.51282
1.59301
0.97169
1.10439
1.04904
1.22374
1.09675
0.942335
1.10062
1.27195
0.712795
1.01599
1.12805
0.965316
1.46044
1.55384
1.33869
0.691686
1.13197
0.600712
1.07667
0.900079
0.886867
0.566628
1.26771
0.790193
1.33561
1.11975
1.6606
0.729243
1.14972
1.14732
1.07689
1.07436
1.34309
0.738985
3.47898
0.991136
1.40112
0.845654
0.788234
0.83885
1.21883
0.825194
1.38914
1.20476
0.985482
0.848052
0.985852
1.16593
1.15475
0.774348
1.04406
0.962946
1.01166
1.13679
0.854231
1.09262
1.23329
0.913148
1.38527
1.32912
1.04583
1.07891
0.903912
1.49825
1.09929
3.14445
0.682139
1.09974
0.774251
1.77414
0.816841
0.770287
0.725259
1.0543
0.899971
1.35975
0.986373
0.725479
0.549604
0.936263
1.24994
0.818407
1.29322
0.880909
1.36489
0.609098
0.627984
1.23626
0.833437
1.33037
0.830694
0.947404
1.12592
1.181
1.07962
1.15263
0.805695
0.73729
0.618704
0.244505
0.821389
0.566167
1.13145
1.28716
0.778311
0.846931
1.52581
1.15702
1.01479
1.33081
1.22594
0.675552
0.845571
0.894687
4.7703
1.06625
1.07172
1.33696
1.16683
0.712018
0.635874
0.910401
1.15089
1.09879
0.408666
1.0912
-0.326989
0.904893
0.931207
0.577655
1.31013
1.08381
1.73218
0.79322
1.26653
0.264116
1.09504
0.545735
0.799003
1.41192
1.20846
1.52855
1.48118
1.29265
1.23376
2.4355
0.442097
1.36154
4.74616
0.888703
1.92031
0.96021
0.910643
0.678314
0.81902
0.766997
0.920565
1.19343
2.09508
0.62535
4.69305
0.953279
0.743431
1.15801
1.55717
1.13878
0.697343
1.49206
1.37107
1.54842
0.710028
0.682431
0.897132
1.14271
1.37836
0.516748
-0.0477561
1.10679
1.28644
1.38107
1.29859
1.10462
1.08712
0.512535
0.786142
1.1755
0.762761
2.45188
0.126361
1.27541
1.14345
1.5744
0.968811
0.998108
0.751954
1.07784
1.03541
0.77515
1.04717
0.901986
1.61725
1.22615
2.21502
1.36355
1.06853
3.15126
1.14614
0.669939
1.09142
0.949321
1.35292
1.07844
1.09139
0.725285
1.38093
0.744037
1.17169
0.752407
1.39382
0.868379
1.69116
0.815685
1.13713
0.970426
0.815334
0.487441
1.13444
1.37378
1.01972
0.247484
1.27233
1.08134
1.31688
0.975637
0.610947
0.699326
1.04841
1.2438
1.13702
1.22576
0.728765
1.34657
2.63572
1.33205
0.95492
1.08636
4.75373
1.59994
0.888819
1.14572
1.54751
0.99292
1.014
1.14035
1.1684
1.22273
1.20573
1.09109
0.605357
1.36711
3.34806
1.29228
2.17446
0.695904
1.15236
1.14494
0.947274
1.30177
0.789527
1.23941
1.31558
0.323539
0.802571
0.699188
0.917435
0.830458
2.95736
0.69195
0.903934
0.8821
1.15574
1.6764
1.32357
0.772626
0.743008
0.831595
3.53875
1.53565
1.15469
1.12149
1.19631
0.949428
1.10228
0.821721
0.904931
1.57483
3.8206
1.46295
0.665838
1.19379
1.23619
1.09571
1.13646
4.08433
0.998796
1.1559
0.982988
0.876891
1.10177
0.759622
0.605338
1.13766
0.812695
0.748142
1.05765
1.16025
3.26958
2.76899
0.827733
1.44187
1.05221
3.58169
0.799776
0.55783
0.860815
2.03442
0.179308
1.06836
1.07511
1.23959
0.781277
0.599339
1.32821
0.64662
2.50322
1.46518
1.51696
1.03246
0.83748
1.10288
2.70295
2.18192
1.03382
1.57428
1.30432
0.718165
1.07139
0.928331
1.25773
0.875012
0.948321
-0.166836
0.593769
1.51644
1.10875
1.29294
1.16022
1.26079
1.11737
0.701409
1.33904
0.754339
0.825944
1.3823
1.15373
0.907436
0.985498
1.04267
0.927412
1.50272
0.675921
0.912579
1.40899
0.587779
0.948471
2.77344
0.510815
0.886468
0.303603
2.78117
1.16035
0.798723
0.709066
1.04107
1.47514
0.981148
1.00502
3.58424
1.31178
2.33186
1.50277
0.747867
2.56672
0.704403
1.31735
1.14931
0.438524
1.3791
0.916112
0.651274
0.818507
1.06563
1.13434
0.677055
1.50731
2.29967
1.22902
0.984866
0.705258
1.15539
0.733094
1.05989
1.0974
1.91456
1.05492
1.04119
0.900988
0.682066
1.40399
0.632277
0.659869
1.2461
1.13765
2.02695
0.877554
0.730107
1.03911
1.02994
0.693611
1.01057
-0.74334
1.3492
4.56221
0.89039
0.569189
0.819653
1.04435
1.31479
1.73988
1.00216
0.91106
1.25949
0.514509
0.646996
0.810602
1.15017
0.982649
1.10971
0.625627
0.589597
1.2826
1.13805
1.3596
0.705222
1.53354
0.610572
0.664096
0.946283
0.930551
1.33744
5.55655
0.657374
1.14444
1.09297
1.0905
0.702251
0.771402
1.16133
1.0956
2.36741
0.530669
1.29545
1.0972
0.769111
1.26594
1.23002
2.40344
1.24991
1.10096
1.2704
1.4422
1.17525
1.4305
0.290002
0.813417
1.15843
1.15247
1.03787
2.11606
1.30318
0.876802
1.00189
0.694411
1.14678
1.14044
0.765336
5.51759
0.765714
0.95633
1.00297
2.9636
1.44513
1.42303
1.06596
0.99813
1.35622
1.07059
1.18694
1.36132
0.989654
1.30857
0.90698
4.35414
0.357369
0.70246
0.960385
1.02354
0.812536
0.869188
1.01516
0.580919
1.14201
0.627791
0.969178
1.05308
3.6018
3.96462
0.801739
1.13546
0.733402
0.707175
1.45067
0.0707602
0.960683
1.24124
1.16402
0.937795
1.49754
0.599558
1.05054
0.571482
1.38318
1.16534
0.851486
0.761088
1.02087
1.4407
1.07512
1.25517
0.583544
1.46494
1.15569
1.35164
1.06596
3.62433
1.03457
1.0746
0.950163
1.11369
1.13387
1.25491
0.579035
1.44624
1.10401
2.91183
1.30949
0.950622
1.15461
0.780636
1.20867
2.2254
0.704001
1.26142
1.08504
1.07369
1.27441
3.9385
0.678146
0.815333
1.06155
0.915073
1.06968
1.08915
0.675866
1.14059
0.997747
1.14833
0.784861
1.07016
0.669994
0.752738
1.22777
3.65955
0.993484
1.51903
0.89291
3.24334
0.595908
1.20897
1.32143
0.748203
1.4875
1.42581
1.40874
1.21903
1.10418
1.32615
1.15224
1.3816
1.2167
1.32585
1.15527
1.09233
0.630859
1.89691
1.09554
3.68368
1.46287
0.76013
1.13005
0.988816
2.93977
0.825238
0.915936
0.622145
1.35125
2.41334
1.10655
1.06077
0.987903
0.775508
-0.500919
1.10223
0.836605
0.278783
0.604638
3.42106
3.561
1.10539
0.439794
0.916476
1.06852
1.15729
0.75337
1.1884
0.912334
1.28664
1.3627
0.886916
1.56678
0.767861
0.59843
0.525339
1.15877
0.816675
3.20794
0.803741
0.903076
0.861237
0.969827
0.794117
1.09796
1.23577
1.13666
4.6426
0.701336
1.07258
1.05572
1.15324
1.39579
1.32957
1.14894
1.15795
1.12048
1.06276
0.713893
1.33697
1.24022
0.256893
1.15643
1.17664
0.708265
0.291078
2.81958
0.897935
1.14485
0.72412
1.14917
0.643698
3.03081
1.20174
0.677974
1.14145
-0.149048
0.991542
1.2158
1.01441
1.15623
0.786071
0.654173
1.14676
1.0132
1.32568
0.50872
1.12923
0.747773
1.18532
0.981798
0.797945
0.915908
1.26432
1.17697
0.886873
0.704707
0.676156
0.970625
1.15617
2.83736
0.691256
1.15628
0.820216
0.0350279
1.35071
0.757884
1.38412
1.09866
0.87924
1.35329
1.01434
0.917699
0.768837
0.655616
2.63358
1.01677
0.404423
1.03119
2.70827
1.33023
1.07352
0.795404
1.0538
0.853406
0.806687
1.09229
0.91133
0.291704
0.859273
0.74075
3.82799
1.55523
1.32257
1.02483
1.1447
0.901591
0.658997
0.929209
1.08632
1.10226
1.1028
1.16801
1.03611
0.592191
1.3495
2.63366
1.17921
1.19188
1.05046
1.31139
1.32188
1.07254
0.608994
0.711198
1.14749
0.986632
0.935323
1.12075
1.29772
0.694068
0.768466
1.15377
0.725072
0.639153
1.14665
0.805016
0.756538
1.03788
0.598284
1.08358
3.37952
1.31919
1.09253
0.807696
0.883243
0.769072
1.12052
4.41118
1.29613
0.967957
1.14543
1.25834
1.14179
0.884951
0.794751
0.96712
0.537025
0.984954
2.05165
1.19045
0.663147
1.30242
0.651234
0.499896
0.488577
0.921551
1.32699
3.2785
0.960861
0.87439
1.31611
1.23624
0.735273
1.24345
1.3515
1.34118
1.03833
1.05162
0.72982
0.295507
1.3471
1.35791
0.951562
1.0966
0.913214
1.03105
0.81267
3.9225
1.03839
0.917622
1.04466
1.15563
1.03352
1.11637
0.882848
1.75955
1.05875
2.07229
-0.00937177
0.845175
1.06382
0.729965
0.916832
1.3254
0.764493
1.24066
0.638604
1.43959
1.31193
0.331227
1.40256
1.15132
1.10156
1.16963
1.10588
0.798903
1.03775
0.694725
0.77181
0.952884
0.87853
0.579993
0.417257
0.581104
0.649318
0.884273
0.346371
0.873134
2.76641
0.62455
0.711881
0.987204
1.03194
0.952166
0.507287
1.27115
3.46988
1.39457
0.454107
0.769555
0.511184
1.5199
0.745604
1.39733
2.50523
0.898132
1.12867
0.290993
0.660991
1.04144
0.75033
0.668104
1.19824
0.952
0.655514
1.55333
1.32261
0.641103
1.13387
0.683513
1.01304
1.28602
0.912285
0.935684
1.13476
0.867281
1.15333
0.531497
1.23838
1.12162
1.16725
1.08664
0.264601
1.54075
2.28558
0.962235
1.2264
0.71962
1.72498
1.13397
0.750251
3.74714
2.82761
3.53676
2.03783
0.509657
1.21523
0.726701
0.701684
0.802386
1.57907
0.939012
1.11715
1.1107
1.31348
1.12091
1.26597
0.787852
1.09341
0.732774
1.07529
2.57651
0.503277
0.606596
1.13785
2.15567
0.732719
0.870559
1.538
1.15975
1.29242
0.812534
0.761604
2.49707
0.939268
0.765988
1.03869
0.903481
1.11405
1.47409
0.770595
0.579002
2.62709
1.35978
2.87876
1.15576
0.919546
0.723392
3.38491
1.51538
1.14453
0.655639
1.16201
1.41086
0.648179
1.15759
0.944401
0.362008
1.33112
1.503
0.252369
1.90006
1.40412
1.27644
1.39926
1.02667
1.14687
0.927946
1.44705
1.31229
0.949916
1.33619
3.56655
1.34184
1.15603
0.81319
1.0493
1.16392
0.652175
4.68969
0.651574
0.280078
0.798004
1.93596
0.983876
0.49924
0.803482
0.619439
1.29986
1.24118
0.686402
1.05696
0.598248
1.29894
0.693887
1.86959
0.90446
0.48316
-0.124158
0.930216
0.42411
0.478106
0.122842
2.3714
2.39548
2.00291
0.59727
0.717981
0.860129
1.19572
0.788967
1.0999
0.839877
1.15993
0.614969
1.28058
1.06837
1.30357
1.02664
0.773627
0.283457
1.11682
1.13332
0.785943
1.30005
1.0243
1.96365
0.968608
1.3115
1.04312
1.20596
0.819981
1.3239
1.15723
1.0616
1.30114
1.14437
0.453801
-0.230293
1.54207
0.905693
0.580315
0.646644
0.540853
1.12835
0.754543
0.842293
1.09619
0.669935
-0.0963058
2.53299
1.38848
1.06804
0.953739
0.773945
0.834032
1.243
1.01933
1.1591
1.05283
0.76791
0.907149
1.14363
0.772116
4.33068
0.959295
1.34592
1.33157
1.02987
0.869495
1.60791
0.850956
1.99054
1.33152
1.26937
0.32579
1.80206
0.57188
1.471
1.15676
1.05026
1.21896
1.05949
1.10456
1.20138
0.526331
0.53891
2.74924
1.08335
1.34497
0.99392
0.456625
1.03822
1.30794
0.699043
1.15483
1.20582
0.645903
0.60104
0.821528
4.28298
1.04271
0.680106
0.63885
1.26189
1.07707
1.151
0.643452
0.637331
0.0824088
-0.0653705
1.15612
1.01965
1.05163
0.44096
1.00487
1.27106
0.803526
1.04359
1.43858
3.94409
1.22159
1.23465
0.845889
1.09048
0.884265
0.894985
0.980616
0.737371
1.32159
1.26569
1.04576
1.15064
1.13329
0.598374
1.10333
0.849245
0.819384
1.1081
1.12702
1.05246
1.19945
1.26049
1.25468
0.775958
1.51873
1.42936
1.16945
0.84898
0.924878
0.726031
0.927351
1.38892
1.18896
1.22092
1.25384
1.07116
0.247229
0.442008
3.10917
0.997795
1.15316
1.17031
3.81179
1.34636
1.10693
0.570603
0.908073
1.25997
1.21529
0.864969
0.92781
1.06798
0.641491
0.968733
1.04754
0.663917
1.04307
0.866895
3.55278
0.28406
1.09062
0.105523
0.873163
2.47266
0.788997
1.0246
0.480918
0.566786
1.5243
0.760294
1.43972
0.728483
4.04877
4.08477
-0.18959
1.00123
1.28096
1.3077
0.47958
0.807136
0.792956
0.946847
3.38042
1.53732
1.08703
1.20143
0.690016
1.01044
0.346742
0.659599
1.23088
1.1553
0.696875
0.898447
0.713986
0.782447
1.01119
0.675835
0.920466
0.906167
0.69058
1.13383
0.91024
0.946977
0.791446
1.11235
1.0617
0.97413
1.00646
0.865357
1.18564
0.803183
1.00425
0.99266
0.820461
1.19815
1.76943
2.50171
2.43441
1.38703
0.727519
0.470949
1.13816
0.917442
1.30416
1.10207
0.126547
0.725387
0.958247
0.856424
1.66382
0.912163
2.50265
1.04211
1.1693
0.628544
1.2829
0.670825
2.47721
0.700094
0.923108
0.876801
1.13586
1.04088
0.903969
0.57472
2.69933
0.993753
0.726148
1.21404
0.145344
0.983035
1.18767
0.702982
0.601383
0.797102
0.812442
2.41976
1.28983
1.00657
1.0065
0.937975
1.45081
0.954281
1.25084
3.68082
1.36001
3.41992
1.25642
1.15193
1.06916
0.878033
1.93262
1.21561
1.02208
1.31581
0.548245
0.981208
0.74821
1.00745
1.12937
0.788885
1.18147
0.942614
1.09246
1.17877
1.02278
0.405657
2.82888
0.988449
0.977316
1.19914
1.18208
1.04407
0.869727
0.619197
0.82239
1.07521
2.51314
1.08839
1.4889
1.09673
1.35199
0.649779
0.606745
-0.26355
1.02701
2.84899
0.497728
1.14356
0.807929
1.41119
0.752605
0.282605
1.04315
0.441371
0.64379
1.09603
1.0812
1.272
0.935314
0.886182
1.23735
0.865863
1.10903
1.10742
0.831514
0.472883
1.00174
0.653267
0.919551
1.27518
0.593139
1.00866
0.608784
0.720232
1.38078
4.11761
1.1257
1.10645
0.907215
0.468104
0.867583
1.36464
1.1695
1.15961
0.934697
3.65482
1.09741
0.35546
0.747461
4.63074
1.31061
0.967849
0.486945
0.815943
0.723599
1.26218
1.1986
0.729581
2.18899
0.99824
0.806274
4.15611
1.23992
1.20221
0.838346
1.01133
0.77202
0.786246
1.13406
0.806051
1.14934
0.89346
3.2631
1.78104
1.32489
1.25573
1.06803
1.23335
0.831814
2.34274
0.43752
0.822838
0.721244
3.15137
1.02262
0.908767
1.05763
1.6944
1.44288
4.58913
1.31704
0.997616
1.11667
1.28477
1.10536
1.24275
0.702188
0.288637
1.01219
2.18087
0.977854
0.725396
0.689908
1.80205
0.508421
3.91915
1.7341
1.01293
1.28637
0.894603
1.0039
1.08195
0.978454
1.28961
1.11794
3.59405
0.693095
0.74183
0.888919
2.03098
1.09375
0.845532
0.627172
1.6997
0.565312
0.6183
0.996713
0.923411
0.694824
0.581792
1.25715
1.36282
1.34048
0.855391
0.966969
1.17431
1.37528
0.909577
0.957119
0.640308
1.03229
1.4658
1.16452
3.55892
1.02726
1.45822
1.13909
1.33476
0.620394
2.76711
0.864754
0.580328
0.804481
1.87562
4.53571
1.95755
0.570707
1.12467
1.00582
0.535779
0.629237
0.292497
1.07397
1.30687
0.967494
0.768363
1.31924
1.42592
1.7586
0.394423
1.19693
0.993091
1.24693
1.07424
0.611995
0.627942
1.2259
0.917861
1.08474
1.15712
0.989744
1.37546
0.913902
1.10736
0.505277
0.788021
1.41384
0.761249
1.36442
0.477323
0.809094
0.713843
1.36636
0.985179
0.779487
1.22196
1.16508
0.931855
1.15622
1.60443
1.37083
1.17502
0.44193
1.31213
0.76392
0.166607
1.2108
1.05567
0.924142
0.853542
0.943614
0.628728
1.29285
0.844068
1.32868
1.14799
1.06457
1.25208
1.24843
1.05068
0.97193
1.32855
1.14247
1.09117
-0.151855
1.13521
0.946226
0.71756
2.75256
1.0084
1.09095
1.05842
0.825584
1.05932
0.429266
0.838021
4.10272
0.204361
1.38214
1.13997
0.236812
0.924807
0.779533
1.02429
0.898509
1.38207
2.12075
0.322067
2.06064
1.24939
1.41896
0.884205
1.05997
0.935048
0.94166
0.815236
0.853158
0.915129
0.836575
1.42225
1.23577
0.815356
1.18113
1.12949
0.621457
2.94764
1.37358
1.08332
1.38461
1.38965
0.820078
1.04743
2.16216
1.0392
1.07862
1.18963
0.649822
0.790768
0.890533
3.60821
1.05252
2.67957
0.823677
0.847032
1.04035
4.03635
1.33236
2.04578
4.10269
0.352336
0.0937856
0.763294
1.86915
0.649004
1.22661
-0.0448881
1.05611
4.01819
1.25748
0.729962
1.23893
4.63567
0.834233
1.33893
0.891937
0.706698
1.38427
1.38678
0.547242
0.867207
-0.0420753
0.329309
1.4867
1.34292
1.18851
0.768067
0.860382
1.05315
2.54721
0.98407
0.620526
1.4396
3.59805
1.08019
1.26814
4.02792
1.25528
0.992763
0.927746
1.16261
1.10765
2.01082
1.10035
0.386532
-0.00687184
0.861791
1.29668
1.11169
5.32109
1.20851
0.728883
1.05785
3.94911
1.08996
3.31918
0.956193
0.819899
3.57861
0.577832
0.316089
1.96118
1.04848
1.30885
0.214424
0.996074
5.66536
1.16495
1.33542
0.632881
0.836472
0.581262
1.07528
1.37228
-0.500029
0.703123
1.10575
0.730825
0.54787
0.996604
1.82245
0.722738
0.202651
0.554977
1.12862
0.302362
0.788281
0.691416
1.15356
1.30631
3.93819
1.12051
1.15878
2.86363
0.957161
5.02165
0.626233
3.93748
0.605159
1.25614
0.816541
0.290364
0.780918
2.9404
2.98873
3.42844
0.699274
0.76695
0.981185
0.925341
0.829178
0.96457
1.23442
0.87824
0.668331
1.27708
1.13456
1.35069
1.05062
0.794307
0.706847
0.684527
0.886142
1.03142
1.31004
1.12363
0.534548
1.25899
2.39858
0.969425
0.889427
0.751356
0.6945
0.748057
1.25584
0.896682
0.980285
0.784678
0.697806
1.40262
1.34586
2.29681
0.730228
2.9348
0.671159
0.85576
1.15201
1.00999
1.0846
4.08704
0.650967
0.787596
0.639797
0.372497
0.785218
0.941834
0.89449
1.45529
0.99911
3.48011
1.0279
1.20316
1.12511
0.955858
1.08082
0.851468
1.28656
0.437582
0.878762
0.179341
0.319929
0.919972
1.0452
0.984624
0.768656
0.717272
0.989027
2.14239
1.35747
0.61077
0.817064
1.09525
0.977456
1.04025
1.10193
0.98405
0.863036
1.13695
5.03172
0.632774
0.656476
1.09611
2.55118
1.11978
0.992156
1.26058
1.02978
0.56263
1.09732
1.74822
5.63672
1.11836
0.306827
0.944511
0.961354
3.19728
0.737951
1.62592
1.29648
0.985972
3.63374
0.792883
1.15988
0.701398
0.543421
0.182199
0.415262
0.785342
1.05524
0.38504
-0.18106
-0.53079
-0.217815
-0.0243341
0.961087
1.1509
1.05317
4.59129
1.05388
0.998784
0.676477
0.828654
1.09857
0.941054
3.50324
1.39274
0.608101
0.657714
0.786627
0.653907
0.736535
0.0665757
0.42628
0.620674
0.890982
0.658975
0.60426
0.40704
1.01525
1.16602
1.45659
1.16493
1.14772
1.14792
0.975437
1.08349
0.0663451
0.312105
1.12238
3.55407
3.99916
0.251658
1.94466
2.0597
0.732322
1.21817
1.10557
0.895724
1.04118
3.52084
0.0453548
1.03568
1.1852
1.48786
3.38594
1.02296
0.819818
1.10845
0.711471
0.792027
0.552097
0.871314
1.17501
0.666179
0.895188
0.379851
0.849716
0.839898
1.15052
1.18767
0.969224
1.27001
2.26122
4.07004
0.782877
1.15537
1.06838
1.05023
0.871134
1.17456
0.975394
0.772824
0.951251
0.809983
0.5629
0.768955
0.631599
0.985618
0.972939
0.80137
0.597004
0.78456
1.14553
1.0962
-0.154088
0.662221
1.09722
0.87886
0.603302
0.760826
0.360675
0.00570514
0.580443
1.14562
1.02945
1.08098
0.82183
1.12808
1.00593
3.62749
1.30539
0.637062
0.989531
1.23413
1.26226
0.705599
0.791109
1.26421
3.51313
0.649913
1.25636
1.17243
1.02478
0.883973
1.01139
0.597728
0.653869
0.68758
0.625446
0.769365
1.05113
1.10511
0.0425171
1.3939
0.687411
1.15096
0.823313
0.927094
1.26855
0.724008
3.3187
0.484159
1.11373
1.3218
1.04099
1.10081
0.937849
1.03565
1.05315
-0.545007
-0.763769
-0.40745
-0.671936
-0.426235
0.729829
0.0974043
1.10681
0.885373
1.24149
1.19166
-0.261809
0.105531
0.432314
0.607969
5.67626
1.26427
0.715414
2.15797
1.15273
1.00597
0.551688
0.670217
0.282861
1.05823
1.23094
1.4108
1.14355
1.08122
1.13221
1.43644
0.877647
1.37746
0.684617
0.600401
-0.420527
1.01781
1.13584
0.949985
0.959475
1.13842
1.14132
1.20103
1.1761
0.304089
0.937528
0.815814
0.874371
1.36308
0.433459
0.91842
1.77017
1.36254
1.05117
1.13529
1.13013
1.04126
0.868781
0.68301
0.820778
0.779834
-0.560888
-0.869689
0.367218
1.29725
0.79596
1.28989
4.01453
0.841549
1.30507
2.31852
1.39925
1.12399
1.22959
1.28983
0.667274
1.46012
1.3433
1.08675
3.97261
0.974936
0.922549
1.04745
1.14121
1.44881
-0.159951
1.22496
0.742519
1.28439
4.21176
1.4953
1.14964
1.22745
1.1564
3.12233
0.558763
0.224808
0.868779
0.836816
2.50784
0.967252
1.30484
0.64829
4.65995
0.710538
0.919229
1.45148
0.843576
0.94564
3.99904
0.202201
0.951314
0.546764
0.705746
1.20436
0.885562
1.24223
4.37149
0.71971
0.703584
0.713215
1.04012
0.759302
1.15423
0.742326
0.972092
1.14593
1.10247
0.887351
1.16355
0.874263
0.975295
0.970599
0.868863
1.15364
0.852419
0.97672
0.969384
3.44065
3.13554
0.623751
0.857052
3.70463
1.0484
0.758876
1.25443
0.196872
1.15842
0.793709
4.56206
0.948782
0.843617
0.656437
1.36744
0.76133
0.804495
0.417718
0.0982654
0.635086
1.04
1.15294
0.656056
1.2252
0.823473
1.16018
-0.314026
3.39918
0.940527
0.824037
0.696147
1.20402
0.73216
1.3141
0.675409
0.602238
0.840228
0.757974
0.825144
0.608564
1.13767
1.22994
0.759251
1.09285
0.661945
0.758236
0.713317
3.63868
0.778546
2.03469
1.31122
2.78538
0.989582
4.12288
3.61428
1.17944
0.647087
0.88594
1.11546
1.25185
0.811192
1.20459
1.12429
1.3963
0.821387
3.29489
1.1306
1.25804
0.68904
3.61434
0.7253
1.26653
1.40335
1.06892
1.19233
0.64857
0.630997
0.631389
0.16579
1.03281
0.81692
0.861651
0.504153
0.964729
1.13174
2.92456
0.737439
1.16694
0.696071
1.23703
1.18407
0.872142
1.27796
0.90396
0.699646
1.11354
0.540849
2.98228
0.755192
0.636183
0.686275
1.14272
1.10373
3.37491
0.970993
1.35595
0.726768
0.754147
1.26952
1.56515
1.70458
0.611511
0.894325
0.713626
0.588603
0.195659
0.908125
1.00757
-0.456661
1.10054
0.743055
0.872753
0.633358
0.510001
1.09171
0.656988
1.0727
1.17571
0.0917856
1.1009
0.602901
0.707968
1.25211
1.01758
1.49397
1.22756
1.05551
0.806249
0.997779
0.907319
1.14226
1.77854
0.303386
1.10242
1.41715
0.257394
0.995423
3.49639
0.59618
0.872795
1.17305
0.466442
1.2934
1.32304
0.759354
0.812599
4.59237
1.07626
0.711393
1.30805
0.44064
1.26791
0.980979
0.896763
0.785135
1.17848
1.29133
0.857336
0.693797
0.948742
0.999624
0.8144
1.39708
0.751352
0.924616
1.00193
0.729245
1.20132
0.243756
4.60798
1.14847
1.24652
0.944995
0.977381
1.61201
1.22626
0.362526
1.00991
4.29527
0.822615
-0.454343
-0.00073954
-0.205822
-0.0450589
0.0595669
3.3895
5.52098
-0.591703
-0.587196
1.11412
-0.833346
-0.123219
5.67569
0.335044
-0.531626
-0.552277
1.82368
5.68855
-0.845885
-0.234243
0.974678
0.486225
5.53026
-0.481736
5.01173
-0.600705
-0.320574
0.219688
-0.425726
5.62768
5.39347
4.7831
-0.855695
5.30966
-0.817261
5.62461
5.39275
-0.525491
5.64493
-0.422289
5.57772
-0.0933002
5.65772
4.94336
0.044181
0.253909
-0.810243
-0.408706
-0.617519
5.22284
-0.283669
-0.377849
-0.0935852
-0.240565
0.718889
1.21466
1.32044
0.981335
0.592823
1.13729
1.07308
0.874869
1.0551
0.940538
0.689637
1.33071
1.14217
0.862805
1.04749
1.40671
1.22567
1.10439
0.910597
0.192049
4.55526
2.95985
0.939034
4.07044
1.17422
1.43307
0.78508
1.06808
2.78012
1.1249
1.23363
0.72605
1.03081
1.10471
1.03005
0.646027
1.11131
1.11563
1.01447
1.04798
0.742863
0.898879
3.50344
0.929048
1.08637
1.17859
4.43897
1.14704
-0.155894
1.08178
0.779157
1.07884
4.85172
1.12642
1.39858
0.669307
0.703227
0.375252
1.26011
0.428235
0.686618
1.53804
1.30633
1.09959
1.01494
1.06429
0.261293
4.21147
0.276986
3.90487
0.957806
0.946246
4.84596
0.689792
4.33721
1.18987
1.16347
0.973254
3.57192
1.00812
2.93241
1.1265
1.28357
1.45435
1.18444
0.595161
0.867608
4.6434
0.880333
1.14381
1.08309
4.22831
0.532178
0.351498
3.89126
0.998451
0.234802
1.11174
1.00588
1.06073
0.933972
2.22179
1.18856
0.60511
1.11583
1.1105
0.825413
0.317668
1.00856
0.937087
0.691626
0.936147
1.95525
0.680635
1.22164
0.782247
0.758241
1.18472
0.817073
1.73099
1.08088
2.91984
1.30853
1.08174
2.85043
2.8236
1.25593
1.3214
1.18018
0.651469
0.877578
0.979254
0.635252
0.761033
0.823372
0.716514
0.883355
1.34521
0.757859
0.611853
0.91494
0.996205
0.762796
0.123786
0.687542
0.988137
0.990183
1.14912
1.0301
1.94222
1.0922
1.12072
0.0235415
1.02607
0.9147
1.02369
1.40672
0.566163
0.549078
0.637812
0.862696
0.572677
0.786569
2.60114
0.806201
0.747608
0.9939
1.10202
1.20738
0.832793
0.816242
0.971784
0.949378
1.14839
0.946085
0.646407
1.34693
1.06032
1.04052
1.03299
0.389504
0.464652
1.30493
1.10493
2.95104
0.915793
1.13304
0.69054
1.35049
1.74711
1.17387
0.842172
1.48528
1.23258
0.128442
1.04119
0.371416
0.68003
0.40348
0.251435
0.754279
2.88124
1.14967
1.00516
1.08981
1.30159
1.1903
1.95382
1.05137
0.87695
1.06861
0.943839
0.823972
1.10553
0.690509
1.26321
3.65654
0.132883
0.553904
1.15979
0.981483
0.779349
1.1744
0.751754
1.11638
-0.310946
0.715194
0.847193
0.972393
0.64906
0.660327
1.28294
1.2399
1.32988
0.944317
0.741206
1.04528
0.293009
1.29736
1.40468
1.1065
0.83017
0.73135
0.953829
0.942056
1.1625
0.790182
2.60907
0.962527
2.0574
1.14016
1.30524
0.985566
0.763199
1.90683
1.25819
3.88531
0.588591
0.704288
0.463326
1.1465
3.23003
0.781082
1.03626
0.950513
0.812733
1.18467
1.14317
1.0137
0.907292
0.539141
1.12942
0.835096
-0.263243
1.9804
0.742469
0.739137
1.03516
0.677261
0.912299
1.18682
1.11741
1.16167
0.941916
2.99164
1.0412
0.68607
1.04148
0.859854
0.951566
1.1752
0.59201
0.901189
1.08665
0.909101
0.68373
1.09746
2.02632
0.641255
0.699826
0.801995
1.08161
0.682015
0.894953
0.947099
0.625075
0.884732
1.72247
0.85029
1.18084
1.2323
1.17485
1.05901
0.722922
0.75842
0.655208
0.628692
3.75864
1.06586
1.22009
0.688907
0.453287
0.747471
1.30516
4.13753
0.84438
1.43124
0.933648
0.930798
1.39887
1.10743
1.00167
0.600333
1.36087
0.797846
0.949532
0.761088
0.227441
0.94929
1.42451
0.913102
3.96006
0.972336
3.58809
4.75742
1.54803
0.996261
0.754434
0.766017
0.76481
3.16118
0.640542
3.36634
1.1571
0.904434
1.02729
1.14947
0.908363
0.74801
1.08311
1.22222
1.12595
1.29005
1.1812
1.18418
2.64869
0.63006
1.00958
0.596708
1.1584
0.945887
1.21678
0.766355
0.647341
3.66588
0.809248
0.781394
1.30714
1.28021
0.991306
1.38588
0.937745
0.698421
1.02921
1.14029
1.11071
1.26513
1.29497
0.991299
0.728112
1.15334
1.25108
0.470579
1.39115
1.31736
1.2109
0.794783
1.15892
1.72802
1.20328
0.73854
1.21452
0.826451
1.06365
3.91456
0.997249
0.973698
0.936043
0.651214
1.33174
0.86871
0.88691
0.339887
0.580885
0.844313
0.91364
0.869524
0.789465
1.21603
1.29776
3.72644
1.18783
1.1639
0.946881
1.03691
2.21897
2.58243
0.145476
1.60557
0.675683
0.816425
0.780118
4.50558
1.09079
1.06264
4.14766
1.06267
1.10316
1.20126
1.31254
1.10491
-0.105158
0.942087
1.06048
1.24248
0.728316
0.818333
1.33173
1.49743
0.260252
0.623288
0.70301
2.93628
0.681835
0.471975
0.999297
1.14548
0.638386
1.27978
0.658236
2.88742
0.921615
4.0958
0.945659
0.815095
1.09579
0.039727
1.04803
1.14506
0.775717
0.979378
1.22381
1.27242
4.37206
1.04262
0.886429
0.970172
2.99018
1.00406
1.0353
3.7873
0.713649
2.70969
1.25399
-0.415426
1.28158
0.99835
1.18875
1.01515
1.03937
1.14361
0.975249
0.621942
0.831829
1.40475
1.04719
0.711198
0.596446
0.954263
0.746932
1.18022
0.913773
0.678254
1.00115
1.15543
1.29001
0.594639
1.10618
0.675897
1.20688
0.493532
2.88413
0.768124
1.04895
0.628943
3.16274
0.695862
0.758765
1.0373
0.994892
0.643212
0.82235
1.13077
2.86812
0.707611
1.24384
2.37894
0.790643
0.976038
0.84305
0.906402
1.48142
1.05939
0.952746
1.03148
1.19211
0.962233
0.925099
0.908344
0.712453
0.746472
1.13136
0.728661
0.820211
1.02214
1.37267
0.988995
0.627036
0.630767
1.07259
0.935779
1.33395
1.16614
0.805423
1.16516
4.44952
2.82857
1.76212
0.379395
4.44114
2.35178
1.18731
1.07886
1.22482
3.0376
1.15415
0.612039
1.00988
3.16455
1.24269
1.18271
0.992995
3.33382
1.23415
0.413112
1.00897
0.850122
0.830711
0.492232
0.601987
1.00299
0.628519
1.04905
1.15569
0.788493
0.679567
0.602632
0.820088
1.94817
1.32228
0.553142
1.5142
0.774899
1.39606
0.802095
1.37432
1.01144
0.91521
1.01808
1.65213
0.581267
1.77977
0.994802
1.14179
0.747286
1.73794
1.31887
1.14526
1.21037
1.51154
1.01404
0.772339
0.89003
2.5229
1.09478
1.4688
0.745984
0.525247
0.967793
0.797982
1.14455
1.2393
0.96051
0.730804
1.06092
0.988943
0.402831
0.653715
1.15535
1.26051
0.988356
4.1171
0.646146
3.30862
1.20243
1.02748
0.943322
0.250879
0.966341
1.13519
0.602355
1.13541
3.37028
3.60252
0.764453
0.518311
0.885881
3.43156
1.10861
0.350144
0.758495
1.25371
0.528788
0.958485
0.687441
1.08658
0.680321
1.11024
0.612562
0.969457
0.769778
0.980464
0.0552581
1.157
0.803531
2.98178
0.892318
0.661656
0.545043
0.67094
0.610482
0.928684
0.785742
1.11387
1.10253
0.932107
3.48281
1.07195
2.85401
0.82303
1.01761
0.56365
1.08757
0.76913
1.05467
1.15488
0.836868
1.14573
1.29407
1.01697
0.817799
1.32673
3.18543
1.44849
1.22161
0.764445
1.40222
0.734286
2.63067
1.13459
1.10971
0.707076
1.12039
3.14612
0.541307
1.09359
0.764551
0.96072
0.622146
0.449764
3.1141
0.599441
2.93828
1.47897
0.898488
0.322556
0.330211
1.09138
0.713573
1.53706
1.2919
1.27624
1.62475
1.03857
0.811796
1.02385
0.447428
3.59028
0.824475
4.01113
3.68111
1.09755
4.07263
0.81617
1.58426
1.15907
0.624529
0.777343
0.82971
0.647769
0.942965
1.41542
0.750218
0.728682
1.00732
0.9617
1.03739
0.744967
0.751833
4.00495
0.791358
1.02938
0.359311
-0.403779
1.25277
0.630348
0.604143
0.497442
0.808716
0.622955
1.52775
0.958662
0.785621
0.695823
0.635851
0.961571
0.991048
1.11635
0.653754
0.89076
0.846681
3.26382
0.827008
0.280502
0.705366
0.984284
1.21405
3.85762
1.26168
1.01446
4.7218
4.74359
1.15433
0.992838
0.457001
4.05882
1.22401
0.208194
1.43704
1.12937
0.931732
1.26972
2.84316
0.73092
0.783351
1.2174
1.08361
0.829606
0.459756
0.794014
0.538733
0.543272
0.836022
0.996743
1.17595
3.39541
1.11292
0.848174
0.935952
0.891355
0.801175
1.22649
1.18113
1.15727
0.780098
0.330214
0.993089
0.576716
0.945173
0.786844
1.14154
0.845321
3.12456
0.718969
0.91598
0.61186
0.104289
0.863018
0.695064
0.8571
3.53027
1.69444
1.0333
0.707343
3.70057
3.31401
0.608008
1.38977
0.710085
1.1508
2.07673
0.823898
1.34586
1.11547
1.31603
3.17405
1.10085
1.42977
0.545554
0.751504
1.54081
1.28076
0.84768
2.031
0.813181
0.48963
0.584489
1.00768
3.21792
0.830069
0.659188
0.749749
2.92861
1.1016
-0.142863
3.50575
0.663048
1.15393
0.710496
0.508335
0.614663
0.862687
0.626007
0.830588
1.14611
3.82391
0.752746
0.771522
0.974253
1.16576
1.31341
0.644328
0.667282
0.508821
0.554925
0.275578
0.837131
0.687309
1.33088
0.562511
1.28948
0.873954
3.46034
0.651683
1.39016
1.50274
4.13434
1.35005
0.915899
1.152
0.677734
1.39229
1.17049
1.87719
0.126024
0.686519
3.98622
2.63272
1.5294
1.30754
1.20387
0.852836
1.50167
0.901756
0.769829
0.871538
0.674787
0.670338
0.931658
1.04955
0.735033
0.988112
0.781573
1.2363
1.32197
1.17017
1.27585
4.23743
0.245449
4.67712
0.791403
1.20641
0.70698
1.13243
3.08291
1.43597
0.787868
0.499903
1.01066
0.373139
0.640455
1.19808
0.56562
1.15771
0.750169
1.37976
0.561607
1.13566
0.216696
0.638898
0.517019
0.777003
0.664584
0.727202
1.14533
1.07535
0.614435
0.844892
1.16755
0.29766
1.26805
1.07325
0.791155
0.301144
0.217361
0.982202
0.692035
1.42657
0.503504
1.50838
2.74784
1.14887
0.926263
1.09147
0.9654
0.494349
0.815471
1.12311
1.2396
1.30835
0.101184
1.5223
0.345331
0.710295
1.13304
1.23462
0.649538
1.02648
0.956644
0.756482
0.487094
4.32699
1.16623
1.09202
1.53506
1.37962
1.15894
0.929062
0.95681
1.25234
0.647837
1.25924
1.03771
1.30087
1.00767
5.18463
1.16974
0.612553
1.13316
1.1478
1.04032
3.50023
0.797824
4.13762
0.818853
0.298942
0.711394
1.55441
0.689266
0.455019
0.80002
0.0872795
0.80892
0.580756
1.03778
3.549
0.596971
0.662329
0.974074
4.45615
0.668748
1.08503
1.08969
1.05699
1.22461
1.16121
2.25126
1.0599
0.917304
0.630846
0.865538
1.50519
0.931145
0.785391
2.80025
1.48248
1.15998
0.79306
1.34698
0.693213
0.910978
1.50665
1.18838
0.961652
0.784713
0.899246
3.01181
1.25928
3.2727
2.306
3.61437
0.700093
0.59577
1.19878
-0.0284965
1.11815
1.07576
1.72433
0.628717
1.03235
0.771582
0.709546
2.33673
1.0021
0.764934
0.658878
0.878042
3.79166
2.98301
0.750362
0.993861
1.14553
0.930006
0.632576
1.32365
1.15827
1.36528
1.14206
0.990347
0.735808
0.639335
0.146665
1.08555
0.33757
1.28447
1.09419
0.72871
0.668887
0.957116
0.942999
0.736404
0.748885
0.86369
0.495935
0.990866
0.916517
1.20657
0.955748
1.19502
0.535569
0.67707
0.686709
0.794965
0.672781
0.747087
0.965666
0.976104
0.617933
0.712208
0.514448
0.828468
3.46784
1.29364
0.0439753
0.843527
1.52055
0.958871
0.858507
1.16759
1.16395
1.38003
1.15731
1.2119
0.757095
0.772069
0.314958
0.847462
0.581971
1.3471
0.875937
0.834339
4.00806
0.744673
2.58935
0.411857
0.383216
1.02229
0.717584
0.996339
1.278
0.827401
0.799276
1.12136
0.606693
0.765079
1.09775
3.07624
1.0496
1.15028
1.31117
0.80051
0.786612
0.669489
0.801528
1.02857
0.914957
1.16416
1.50132
0.471659
0.696446
1.03341
1.08095
4.54694
0.54105
0.725246
1.15379
0.888625
0.656964
0.845987
0.626177
-0.0288864
1.09557
0.969765
0.773978
0.78381
3.85685
0.910612
1.16404
1.04159
4.1209
1.52937
0.643712
1.18602
0.924727
0.966937
1.22308
1.05496
0.856044
0.878526
0.828163
1.15912
0.696045
0.791121
0.487179
0.5115
0.644575
1.31145
0.848981
0.979168
1.12617
0.665496
1.01543
0.672715
0.564742
0.795594
3.56315
0.531637
1.16876
1.15912
0.809164
0.624429
0.794382
0.807992
1.08833
1.04297
0.585751
1.41572
0.362517
0.906073
0.610105
1.2487
0.737395
0.795856
0.670315
1.56282
0.990559
0.911318
0.831132
3.7917
0.230062
0.919545
0.832373
3.92
0.648169
0.776559
1.26518
0.984062
0.755944
3.46854
1.31993
0.712219
0.753614
1.39314
0.849915
0.692846
1.16133
3.7731
0.0307348
0.938272
0.289596
0.652939
1.06978
1.01777
1.32523
1.12361
1.03197
2.754
0.907898
1.27133
0.857992
0.722948
1.12675
1.21764
1.15039
0.653815
0.781637
0.636641
0.970817
0.641143
1.53196
0.374253
0.510813
0.693195
1.47729
1.04762
5.68481
-0.431904
0.0818928
5.721
0.941036
1.23904
0.68008
1.2974
0.678276
0.560049
2.74822
1.29516
4.65964
4.67818
0.51701
2.79988
1.27853
1.11126
0.943645
2.67144
4.03518
0.952018
0.93303
3.03468
0.926234
1.13581
0.714972
0.536694
1.12709
0.891688
0.646589
3.74507
-0.389297
0.926445
1.10439
0.376394
0.695992
0.808379
1.17676
1.03464
1.08767
2.1981
0.649961
1.15149
0.994004
-0.284179
1.31064
0.797656
1.01619
0.69046
1.14711
1.17352
0.932326
0.179023
0.49918
5.40052
0.886355
0.974142
0.94219
0.390554
0.884261
1.13005
0.67576
0.598322
0.543899
0.479742
0.16024
0.640493
1.0584
1.20473
0.538059
5.10283
3.57393
1.16252
0.795739
0.784538
0.902704
1.26105
0.703187
1.02521
0.882098
0.34475
2.52715
0.726707
1.56987
0.620671
0.857673
4.68558
4.17462
3.54133
4.23359
0.646596
1.25773
0.572111
1.16966
2.8245
0.569868
1.38429
0.77686
1.35459
0.994926
0.918349
-0.0225267
0.883573
1.2255
0.465049
0.665004
1.13114
0.662188
0.510767
0.553354
1.42915
0.949711
1.49148
0.798453
1.0091
3.24995
0.697065
1.54887
1.12571
0.757771
0.539275
1.37896
0.80054
0.32485
0.588814
1.23263
0.638724
1.0248
4.82433
0.814447
0.782307
3.19479
0.655808
3.76505
0.648548
1.07013
1.19117
0.783759
0.475796
0.463954
1.55342
0.760702
1.15718
0.854313
0.796132
1.06858
0.67362
0.316293
0.878396
0.617572
0.454832
0.797902
4.37503
0.866325
0.89643
-0.604422
0.64921
3.94098
1.10793
0.775653
0.757132
3.07197
0.596183
0.975831
0.971308
0.704619
-0.309365
0.96488
0.591947
1.12217
1.2392
0.664331
0.360682
0.75894
0.811553
1.39188
1.22961
0.234967
0.968093
1.13869
0.833936
0.899593
1.15019
2.74286
0.320536
1.3339
1.15068
0.663929
1.10914
0.446568
0.801445
4.51771
0.878509
0.938695
1.28371
1.07639
4.23612
-0.708913
0.833288
0.535516
0.454317
1.05591
0.754184
0.975033
0.669325
0.793219
0.968823
1.41457
0.730907
1.12632
1.56646
4.0406
0.641011
2.76347
3.01387
0.933011
0.699464
0.331928
0.642934
1.14382
1.07704
1.06561
1.34242
3.10577
0.153987
0.488845
0.787671
4.58857
1.09056
0.226643
0.531714
1.70423
1.95283
1.11247
1.27387
1.49874
0.831206
0.759419
0.635719
1.27319
1.14563
0.771066
0.796195
1.16885
0.257351
0.0150287
1.04157
1.15284
1.08629
2.30287
1.34215
0.634957
0.999915
1.10361
0.954521
1.38364
1.0777
0.526069
1.29538
0.589471
0.79107
0.743838
0.638402
0.761467
0.847791
0.881552
1.07726
0.768505
3.71741
0.965159
0.934144
1.1402
0.61032
-0.0223569
3.45818
1.03417
1.41837
1.37166
0.329239
3.80606
0.954956
1.12256
0.751633
1.03044
1.06586
1.08884
0.730937
1.44661
0.897276
4.0001
1.8986
3.54121
0.868793
1.02425
0.980936
1.08578
2.10705
0.489137
2.57353
0.756615
0.936362
0.678501
1.14264
1.40558
1.15447
1.11629
0.940582
3.63268
1.07678
0.838588
0.63608
3.08979
0.694995
1.01234
0.554941
0.967746
0.716839
1.15129
0.994545
0.940742
1.04323
3.48951
1.01095
1.18574
3.12435
0.584917
0.936582
1.02641
1.2686
4.00456
0.667473
0.908504
1.94264
1.16116
1.05511
1.32521
0.760076
0.916072
2.0862
0.593784
1.15584
0.760923
1.34077
0.761199
4.68133
0.451701
0.883537
0.344183
3.0398
1.13173
0.756897
0.437217
0.705331
0.400274
1.79999
0.606849
0.459067
0.764403
1.56384
0.806805
0.620307
1.11802
0.868157
0.85969
0.732454
3.96737
4.38917
1.12843
0.468871
0.615696
1.22001
0.849829
1.02812
1.1501
0.577972
2.02288
0.792711
-0.140862
1.70077
1.06328
0.903674
4.55235
1.28932
0.177609
1.58685
1.04114
0.951142
3.32425
2.40687
0.853491
1.38113
1.18735
0.402728
0.638528
1.27146
1.18553
0.730739
1.26416
1.31552
1.56697
0.802262
0.391506
1.2788
4.37081
1.00838
0.950684
1.35981
0.956656
0.755729
3.06142
-0.0503997
0.647718
3.44819
0.969764
3.51454
0.637413
0.611661
0.207876
0.59975
1.03231
0.683915
0.958867
1.25075
0.561156
0.853146
1.09933
3.00956
1.36044
1.27677
1.03944
1.35993
1.10775
1.25145
3.60459
0.537485
1.02416
1.0369
3.46929
3.08349
0.983925
0.74346
1.27754
0.639515
0.360895
0.372474
0.251467
1.05543
1.94555
4.56073
0.690654
5.52053
1.30548
1.18226
0.563555
2.57316
1.87076
1.14447
1.44082
1.32222
1.25484
0.399524
1.16425
1.34823
0.776098
3.38968
1.10755
2.92296
0.606914
1.23766
0.767141
1.16839
0.355145
0.983023
0.796223
1.10536
1.17902
3.79429
2.91254
1.02761
0.349363
1.37639
3.18939
0.622895
0.607795
1.06038
0.441482
2.63308
0.91715
0.320609
1.31946
0.323349
0.570132
1.16166
0.718208
4.81984
0.954337
1.31169
0.697385
0.991412
1.44188
0.8128
1.15081
0.751274
0.93001
2.27404
1.06406
0.688248
0.730487
1.11298
0.915926
0.925723
1.38484
4.02771
0.733011
0.616589
1.21606
1.1304
1.29761
0.767545
0.894482
0.596346
0.692237
0.878506
0.8269
0.947582
0.75858
0.42714
1.04397
-0.197945
0.378461
0.515344
1.26996
2.71873
0.878066
2.59395
0.735546
0.711058
1.80454
0.861885
0.48498
4.34933
3.88223
0.717498
0.493858
1.94715
1.33591
1.7653
0.447866
0.645357
0.546579
1.03588
1.66702
1.39212
0.956902
1.12614
1.07551
4.55671
1.66511
1.02406
0.562097
0.218285
0.643214
0.556712
0.755031
1.22527
1.51188
3.83305
0.794128
0.655226
0.3714
0.910514
1.08006
0.334205
0.739716
0.627004
0.762683
2.5413
2.5675
3.11687
1.16209
1.21994
1.35541
0.905434
0.245956
1.12254
0.99252
1.0187
0.610171
1.04414
1.00586
0.839254
0.721709
1.1771
0.687509
0.586738
1.59536
1.95296
1.17629
0.746418
1.09168
0.767348
1.06569
1.17402
0.229241
0.513381
0.407463
1.21112
1.3097
1.30348
0.571615
0.259329
0.545512
0.723083
0.876095
1.21486
3.06966
0.469854
1.51823
0.890085
0.95199
0.946821
1.5576
0.432492
0.956141
0.744331
0.983125
1.13037
0.752263
1.1735
0.407067
0.63311
2.72063
1.13681
0.561192
1.08287
0.721266
0.26998
0.590832
1.14929
1.1305
2.81209
0.799102
0.632061
0.452511
0.148574
2.8714
0.9313
1.23564
0.961422
0.927445
1.15085
1.00455
1.75139
0.942389
4.4331
0.523164
1.09547
0.669273
4.62527
0.950509
1.27458
2.20705
1.02102
1.12149
0.348001
1.09085
1.81635
0.703834
1.43359
1.102
2.84738
1.86959
1.26993
2.27915
4.04187
2.4599
2.47659
0.678747
0.760182
0.771132
1.73162
2.10534
0.727378
1.37292
2.04589
0.587616
1.00479
0.602944
1.34273
0.635454
0.857897
0.635942
0.665574
0.608507
0.897228
0.945474
0.653976
0.123402
1.11958
0.903808
0.53991
3.49812
1.37582
2.77985
0.801466
0.910883
1.16825
2.61567
0.767121
3.34921
0.957081
0.717017
0.618468
0.286927
1.37045
1.1234
0.991334
0.931804
0.918556
0.658581
0.561744
1.13977
0.899666
0.775008
0.567246
2.90783
0.527834
0.886605
0.296736
0.395417
1.59036
1.20592
0.76649
3.39019
0.918294
2.30742
0.883017
0.271181
0.73292
3.33046
1.14881
0.528337
0.849755
1.08109
2.40399
1.14266
1.04913
1.08744
0.268324
0.548587
1.05695
0.796542
1.11259
-0.213617
1.02924
0.617854
1.04377
0.7943
1.24969
0.88297
1.28082
1.28152
2.47333
1.10022
3.96336
2.40866
0.562896
0.827437
1.0409
1.13418
0.318695
0.770464
1.15202
0.511748
1.21788
0.63549
0.267695
0.720566
1.82843
0.422625
0.618319
1.26233
0.9023
0.509976
0.769279
0.442357
0.573671
3.52512
0.545953
1.1806
5.38094
5.31183
1.11487
3.91691
0.995551
0.40102
0.781403
0.714666
-0.0702528
2.56795
1.22712
3.37225
0.740594
0.509963
0.794597
0.916128
0.863286
1.94297
3.81953
3.71519
0.663469
1.95109
4.798
0.634819
0.757604
1.17199
0.811226
4.64533
0.851657
0.986192
0.716598
0.410008
1.22554
0.580565
0.650963
0.722642
0.232572
1.23988
0.751073
1.18995
0.804989
0.734513
1.26995
0.547174
0.700265
1.49331
1.31244
2.90512
0.668629
1.00362
1.24195
1.09733
4.08229
-0.122552
3.67446
0.713349
0.754549
1.20211
0.981888
0.80031
0.785425
1.10949
0.835241
1.09247
0.79969
1.0129
0.623471
1.08592
1.26148
1.40092
1.27668
0.459957
0.949421
1.99185
0.973031
0.65917
0.978926
1.10984
1.05782
1.06229
1.04975
0.838716
2.70698
1.14675
0.708713
1.19761
0.814543
0.968438
0.581291
1.08295
1.34604
0.636536
0.535212
1.10696
2.04826
0.224398
1.29583
0.574918
1.15454
3.95015
0.899006
0.669956
1.19019
1.09443
3.67992
5.02613
1.75346
0.572684
2.99435
1.36644
3.82087
1.0597
1.68231
1.14895
0.879096
0.916944
1.1187
0.913507
0.76932
1.14424
2.09117
0.644111
0.518685
0.633079
0.687518
0.608675
1.14136
1.16865
1.05448
1.31245
2.04312
1.25057
1.05952
0.569534
0.346226
1.23385
0.529143
0.925633
0.166838
3.62987
1.35714
1.43317
0.647026
1.3008
1.29668
0.642024
0.932395
0.215117
1.10709
2.04562
0.610202
1.07817
0.733801
0.719908
0.601598
0.62078
0.877693
0.88031
2.90516
1.13091
1.8423
0.341995
0.268443
3.35882
4.56515
1.09746
3.55432
0.535287
0.928062
1.17935
2.65356
0.532423
3.40912
1.00838
0.445601
0.720504
1.11701
1.27054
1.25505
0.768204
1.40788
2.04045
1.20733
3.77057
1.15862
1.0397
0.821652
1.79614
1.40933
0.690816
2.84658
0.684173
0.637922
1.19719
-0.344309
1.1251
3.2831
2.87573
0.630044
0.284674
0.722923
1.03237
3.74532
0.484576
0.92581
0.587254
0.879731
0.581756
0.57248
1.16832
0.627344
1.06699
0.865855
0.657438
1.26934
1.12161
1.14827
1.12774
0.87593
0.999045
0.841631
1.55726
0.537798
1.03687
1.55371
1.5156
0.865567
3.16545
0.720378
-0.229686
0.979457
0.716821
1.12727
1.26398
3.80814
1.08475
0.117814
0.631859
0.643645
1.33871
0.26244
0.972809
0.645707
1.05733
0.568119
1.38325
0.798487
0.0832574
1.45341
1.325
1.46687
0.808433
1.06947
1.05061
0.555464
0.903664
1.06449
1.39279
-0.324397
1.29704
0.643405
0.88894
0.772396
1.4442
1.23169
1.03606
1.052
1.16252
4.23252
1.4788
0.839078
3.83006
1.06271
1.31869
1.0856
2.21097
0.677383
0.600423
1.3965
0.999918
1.0556
1.42463
0.571601
2.84875
2.96174
0.241601
0.287532
0.667276
2.95174
1.34745
1.92605
2.34879
1.17643
0.980951
2.94583
0.974784
0.625458
0.476916
0.96862
5.0027
0.478807
3.97469
0.684708
1.18595
2.54292
2.95349
1.01761
0.928829
1.36466
0.369944
0.750407
3.86962
2.67342
0.995402
1.23846
4.64414
3.62995
0.34531
0.49287
0.558448
0.73839
0.8109
0.996079
0.796898
1.11382
0.516725
4.50388
2.9773
1.30972
0.610774
1.45
1.08741
0.5599
0.256527
2.44323
2.99913
3.60868
0.9888
0.886038
2.77621
1.29021
2.35172
1.01498
1.75373
1.35205
0.629669
0.968522
0.726175
1.09824
0.788385
0.696065
0.781937
1.40166
4.08822
1.17916
0.92376
1.06404
0.735899
0.723533
1.1684
2.89762
0.847409
0.788471
1.05674
0.628667
0.709388
1.39133
0.730816
1.16094
0.901075
0.461584
2.96539
1.89525
1.37266
3.91173
0.586616
0.875275
0.94095
0.317727
0.928414
0.964219
0.541274
0.658833
1.35588
0.255468
0.673978
2.98414
0.555006
0.666523
1.41728
0.513674
1.7033
4.49331
0.302803
3.41886
0.4253
2.63384
0.789823
3.0094
0.78797
0.848776
1.03251
0.815476
1.11639
1.05838
0.76902
0.935328
0.114769
0.985194
0.167799
1.07994
1.32017
2.26322
0.9841
0.0576905
0.522152
2.97079
0.657515
1.82498
0.664812
0.536469
1.11377
1.48154
4.23979
0.313672
0.598498
0.639243
0.64736
1.33238
1.92484
3.9813
1.35844
0.854526
3.64992
0.591028
0.878584
1.14535
1.12613
1.22119
0.498054
2.05335
0.367852
1.59238
1.15371
4.29338
0.90656
2.88109
0.534608
0.102267
0.708909
1.06842
0.667922
0.683455
4.52755
0.629066
1.07215
0.681997
0.864328
0.72611
3.51876
1.29105
1.08334
3.93756
1.03143
0.610724
1.40211
3.53286
0.829572
1.91478
5.0429
1.1425
0.643187
0.720758
4.47026
1.1331
2.14962
0.758366
0.578368
0.639944
2.39957
0.553234
1.20148
0.979684
0.647567
0.329919
0.694808
0.762687
0.788088
0.926868
0.889063
1.01287
1.10344
0.472671
1.35728
0.963352
0.837546
0.356154
0.752084
1.25407
4.12545
1.15844
0.606228
1.02227
0.896633
0.603579
1.01286
4.51413
2.37461
0.681332
1.1572
1.51322
0.834196
0.402764
0.809644
1.34321
1.1806
1.18337
1.00751
0.657877
0.677435
1.31981
0.622512
1.38943
0.669407
1.12964
1.39711
1.23902
0.54371
2.56132
1.05128
0.582072
0.901185
2.84452
1.15301
0.48918
1.1322
1.31811
0.99068
1.06389
0.981634
1.70614
0.731688
1.22556
0.271743
1.18054
3.44073
0.507967
1.09218
1.3904
3.81102
0.973209
2.32893
2.50606
0.505267
1.21328
1.02757
1.29972
3.41488
1.24105
0.656834
1.15363
0.695502
1.88885
0.013707
0.752615
0.351534
1.1403
1.23222
2.65026
0.291702
1.90356
-0.188262
1.11972
0.630378
0.591125
0.949842
0.576169
1.79525
1.01475
1.06791
0.564156
2.38283
3.07302
0.269253
1.53745
1.17483
1.02266
1.01369
1.02277
1.20756
0.983532
1.29487
0.70164
0.81301
4.39905
1.54614
1.13843
-0.276756
0.809955
0.613944
1.3913
0.676298
0.855063
1.01522
0.502078
0.89677
0.759014
2.6015
0.793808
1.22634
0.152755
3.65199
-0.297547
3.24904
1.2554
3.62367
0.646401
0.531005
1.1333
1.3563
3.99003
1.03885
1.43935
2.51577
0.682583
1.50276
1.01847
3.80902
2.88666
1.22229
0.382568
0.578307
0.87684
0.881969
0.889019
0.952017
1.47783
0.796966
1.40637
1.27984
0.776122
1.03797
0.891563
1.14604
1.20615
0.589696
0.62862
0.929811
3.31612
0.686007
1.02494
1.14274
0.78784
3.92208
2.00471
0.95589
1.06031
-0.376719
0.969124
2.23266
1.12907
3.16326
1.14225
0.852349
1.02473
1.60058
4.08639
1.07671
0.642529
1.41075
0.793305
1.08639
1.0254
0.644696
1.12709
1.0135
1.19802
1.02687
0.67886
0.77515
0.905927
2.01678
1.06992
1.11645
1.22678
1.16113
1.94468
1.15154
1.34683
0.944878
2.42123
1.93456
1.26968
0.69337
0.559301
0.530191
3.86427
1.05015
0.668338
1.01034
2.96034
4.27732
0.841331
1.15602
0.626493
3.99037
1.04744
0.806931
2.13594
0.854108
4.50961
1.08712
0.826423
0.958694
0.21478
3.30521
0.686924
1.24005
0.964079
1.11959
0.614888
0.233785
1.04397
-0.306587
1.35456
0.636029
1.1678
0.777057
1.05146
3.08729
0.92177
1.9186
2.33722
1.16802
1.01021
4.69621
0.957758
0.369361
1.1834
0.939346
2.61251
0.79585
2.79533
-0.269632
0.713594
0.307146
0.669379
0.246023
1.97401
1.67592
2.55328
-0.369767
0.380624
0.466678
1.38271
0.404094
1.10539
0.706935
0.641064
0.416839
3.99373
1.07883
0.838901
1.04019
0.874717
1.27629
1.10416
1.08214
1.87377
0.214245
0.733869
0.93092
1.56311
3.07556
1.82593
1.1635
0.878205
0.160074
0.664855
0.766403
0.76369
1.65215
1.38707
0.895513
1.29221
1.27891
3.4952
0.539725
2.28452
1.19599
1.28543
0.567097
0.634509
0.577185
0.705736
1.31562
1.0372
1.14358
0.54344
2.0219
0.857151
2.90012
0.468711
0.652984
3.08388
0.543713
0.961772
1.99382
0.634762
0.649364
1.16752
1.13956
0.630844
1.111
0.842489
0.598109
0.730975
1.33712
0.860802
0.354888
0.625037
1.04194
0.799598
0.942
0.144149
0.318764
0.913186
1.40176
3.49078
0.618926
1.31922
1.12697
1.67055
0.987935
3.24285
0.491238
0.819754
2.96567
1.07286
1.03948
1.66129
1.23686
2.46614
0.766049
0.437756
0.971767
1.08161
1.95189
0.863965
0.653087
0.655443
0.524418
0.0867528
0.0795538
0.420874
0.674538
1.25106
1.09111
0.915202
1.151
0.678054
0.96387
3.47284
1.22794
0.995673
0.00699632
1.06473
0.734596
3.59819
0.428053
1.67804
0.784935
0.889372
0.448806
1.20186
1.51471
0.14516
0.359336
1.11134
0.718898
0.125096
0.441143
1.59598
4.37435
0.920745
1.66541
0.681413
0.249333
1.41016
0.578315
1.63021
0.746496
0.624688
0.953976
1.02738
0.523402
0.602918
0.812866
0.715192
0.911913
1.38392
3.40863
-0.197384
4.73526
2.27915
0.852877
0.245925
3.9269
0.600656
1.24791
0.246453
1.00292
0.297043
1.08688
0.617008
1.49052
0.836846
1.19458
1.08646
1.0623
0.28069
0.857419
0.191671
0.677794
1.09713
3.25335
1.18282
2.17422
0.982935
1.36042
2.95727
1.26495
0.65563
0.648834
0.129192
0.441342
0.850373
4.56354
1.27457
0.844766
3.65629
0.373176
3.5235
0.855461
1.8009
1.73791
4.58998
0.965484
0.957586
1.22091
1.47592
3.66409
1.28738
1.81092
0.846696
1.32942
1.09088
0.951394
1.75715
0.109544
3.64813
1.15945
1.12717
0.942048
0.659397
2.85927
1.11349
1.0142
0.871495
1.10096
0.745947
0.915878
1.20704
1.04675
3.95149
0.776282
3.74714
1.23143
1.82948
0.971639
0.672904
0.66768
0.57542
0.352191
0.804731
2.56075
0.909867
0.777619
1.49312
1.1928
0.17155
2.04602
0.02539
0.677207
1.18219
2.07606
-0.170466
1.04034
0.890347
2.1478
0.547069
0.859335
0.621352
0.863184
0.410864
0.637443
1.38697
0.869731
2.09027
1.05989
1.07438
0.910867
0.751658
2.16415
0.64399
0.766357
0.670055
0.635497
1.15978
1.05097
2.24867
0.63648
1.3004
1.12705
1.31253
0.504573
0.821951
0.554377
0.896869
0.735398
2.80053
1.25981
1.11643
1.46709
1.15398
1.25414
3.62283
0.880681
0.629374
0.83931
0.637464
1.26107
0.769246
3.96835
1.13203
1.38822
1.14629
1.21409
0.511229
2.83995
2.94924
1.00188
1.1353
1.38722
0.569151
0.719874
1.09601
1.16229
0.587646
2.2737
1.37633
1.0059
0.813204
1.08654
-0.10359
1.30002
0.966187
2.54804
0.923152
0.73987
1.15633
2.01145
0.782407
0.527547
2.07001
1.03513
0.880566
1.34807
4.77951
0.793937
0.280115
0.632388
3.91872
2.43087
1.05111
0.971144
0.484475
0.430375
3.23495
0.558218
0.846386
1.13156
1.20164
4.13923
1.03921
0.890818
0.766818
4.00418
0.907602
0.927451
0.580269
1.1437
0.887029
1.07085
0.546082
0.946724
0.899962
0.469815
1.01162
1.09146
0.988069
1.18878
0.281296
0.245244
1.2582
2.22422
1.1211
1.61297
0.933342
3.72329
0.839595
1.2522
1.21273
2.92608
0.958311
0.292749
-0.1269
0.613279
0.576172
0.936405
4.53954
1.14864
2.0893
0.87418
0.722956
0.322488
0.0903693
0.905642
0.61871
0.477778
1.15139
0.61257
0.90619
1.15237
1.21286
1.3028
0.994592
0.544296
1.08231
0.802061
1.17048
4.36627
1.15844
2.55558
0.666727
1.1874
0.329103
1.16912
1.19524
0.215549
1.0356
0.289287
1.13745
0.807976
0.801133
4.685
0.996744
0.828135
1.04965
1.03297
0.622273
0.979948
0.80954
-0.49343
2.38612
1.28577
0.468137
1.17437
1.01534
0.772928
0.546099
4.14797
1.29186
0.83087
1.40392
0.934652
1.03186
1.49762
1.27256
1.1503
0.674836
0.747109
1.13925
1.47444
0.64152
0.23547
0.463066
1.30069
4.4636
4.5799
0.656896
0.900836
0.820769
0.919875
0.633664
1.367
1.06894
0.94533
-0.155135
0.666743
1.09839
1.05554
4.12655
1.02
0.359591
0.95413
0.622603
4.41082
0.769468
0.698486
1.20336
1.3752
0.961255
4.40205
0.513728
1.0988
1.47146
2.81608
0.587421
3.68168
0.878866
1.18006
1.38761
0.657694
0.891896
3.86528
0.635253
0.646873
0.234427
0.488131
0.557559
2.72069
0.943688
2.96689
1.13108
0.867478
1.04674
1.39791
0.3848
0.591957
1.12645
0.626819
0.694272
2.19238
1.05021
0.510797
2.14231
0.953003
0.933513
1.04592
1.40612
0.542775
0.279173
0.521286
0.578997
0.937221
1.18112
1.45782
0.748709
1.96686
0.979753
0.661015
1.74653
0.739975
0.985721
0.623675
2.04501
1.25731
0.790468
4.77362
1.33614
1.03783
0.726463
0.62447
1.19852
1.166
3.38811
0.384034
2.92154
0.0302454
-0.0936222
-0.346058
0.598745
0.828294
2.86069
0.927384
0.711787
0.96946
1.03315
0.921997
0.691005
3.74875
1.39406
1.1573
0.772605
1.27184
1.37102
0.640346
0.912277
1.15633
1.12816
-0.127883
0.338517
0.311584
2.68045
1.02947
3.67737
0.522568
1.17607
1.85732
1.23484
3.31223
1.30413
1.09604
-0.174742
1.09669
0.593906
0.708021
0.569657
0.728105
3.01493
1.02333
0.78694
2.53383
1.37398
0.0916219
1.16751
1.1818
0.735992
0.885322
1.18686
0.890641
0.74595
0.939133
3.91445
2.08259
0.724447
0.540966
0.704903
1.03335
0.190545
1.30857
0.972756
2.14007
1.04028
0.583461
0.39939
0.602382
4.95704
3.2209
4.17087
4.28429
0.938191
0.478034
0.901493
1.12809
0.631138
-0.0243803
0.740615
1.54709
1.42419
0.775287
1.35821
0.943094
0.689798
1.38395
0.542061
0.498127
3.63833
1.04319
3.90575
0.768094
1.09499
1.37461
3.10477
0.651281
2.79755
1.27295
1.02504
1.20824
4.2602
0.305935
1.45449
1.15459
1.00791
1.02141
0.757076
-0.588458
0.758803
5.05634
1.46164
1.04685
1.10654
3.2416
1.12394
0.484637
4.60702
2.87989
0.832269
1.65634
0.801734
1.4115
1.29806
1.27018
2.23028
1.07871
1.16265
0.681395
0.651446
0.515153
0.40088
-0.126438
0.67136
1.26808
0.60711
0.529525
2.85258
0.230006
1.35745
0.51879
0.971336
0.86644
0.887964
1.01636
0.774073
2.74564
1.39443
0.813355
0.821234
0.427187
1.43803
-0.0733336
1.08685
0.436614
1.29069
1.01671
0.984336
0.306859
1.11559
0.47213
3.35
0.644779
2.29085
1.01278
0.316879
1.65427
1.0404
1.04309
1.03489
0.755041
0.680055
1.02676
0.12794
3.32157
1.06699
3.6265
0.617766
1.05357
1.41131
0.454619
1.11442
1.24376
0.823027
0.785664
1.16562
2.09073
0.601788
0.867072
1.16855
1.28763
3.50869
0.730505
1.87213
0.369353
0.842635
0.0951492
0.899478
0.686638
0.547894
0.82956
0.95305
-0.631768
0.706599
0.822565
0.569002
1.48028
3.80232
0.898481
1.0655
1.95472
3.97774
1.17124
1.47749
0.671698
0.612236
-0.504145
1.05328
0.525004
0.955439
1.03751
-0.183261
0.76111
0.246877
0.631929
1.11508
0.44296
0.847304
0.598159
0.379419
0.714915
1.51142
2.59637
0.609599
0.460224
3.05244
-0.122533
0.495026
0.544451
4.2286
0.440266
3.58731
3.67246
0.560637
0.937736
-0.00297434
0.656805
1.11759
0.568009
1.19155
-0.165271
1.15911
0.451662
0.746511
1.0392
1.59591
1.19803
1.30727
0.744986
0.298147
2.94851
1.26987
1.86722
0.922394
1.21399
1.16753
0.232696
1.05091
0.273787
0.231795
0.928645
0.660329
0.949164
0.809611
0.770628
2.2523
0.383592
0.840473
0.186778
0.628284
1.01493
1.7252
0.281715
0.522622
1.28451
3.5058
1.15829
0.693259
0.525979
1.41688
5.37992
0.495417
1.02291
2.67961
1.3039
1.01164
3.97414
1.51274
1.43474
0.616268
0.773105
1.19585
0.750088
0.883835
0.295173
0.802772
1.15727
1.36252
0.342635
0.190151
1.05492
2.59065
0.78218
1.31188
1.38063
0.926198
1.32532
4.49664
1.22334
0.80639
1.34537
0.544096
0.700838
0.482593
3.59935
0.221993
3.1201
1.73845
0.561718
0.510143
1.15718
1.15997
1.15835
1.32914
0.745255
5.09797
0.992699
1.40688
1.14749
-0.142639
0.888039
1.30002
0.789895
0.656905
1.02076
1.30421
0.465395
4.14142
0.810447
0.81659
0.619495
4.40904
0.692583
1.3691
0.0467698
1.25502
3.78194
0.834292
4.17617
0.616771
4.21345
1.31831
4.58868
2.43733
1.1353
0.549322
1.81982
2.00486
1.13954
0.470744
2.71678
0.597433
1.3295
4.1926
2.63087
0.782885
1.18837
0.788423
0.407712
0.765796
0.391783
0.810015
1.83376
0.566901
0.662724
0.531426
0.537781
0.293752
0.669338
0.695335
0.632649
0.705737
4.85572
0.220843
1.13516
0.968489
0.454408
1.61794
0.4595
0.717807
0.214628
0.640653
1.6515
1.40156
1.13334
-0.615126
0.626292
0.694038
0.954473
3.83751
1.01908
2.70824
0.635044
0.471694
1.02234
0.985628
1.04623
1.43125
1.44701
1.5037
0.927192
1.38429
1.27451
0.993669
0.626498
1.03159
0.624642
1.07215
0.360249
0.999242
0.85148
1.04361
4.82029
1.0529
0.793736
1.20399
0.954324
0.363934
4.57851
0.761199
0.999981
1.13551
1.05483
1.17783
1.02517
1.38696
1.34498
1.30888
0.774601
0.0398254
0.677058
1.57548
1.18304
0.990623
0.914212
0.625264
0.147951
1.18994
0.521399
1.00039
1.5571
1.38872
1.01448
0.854369
1.56101
1.227
3.76551
0.715715
0.855088
0.754851
1.40213
3.56514
0.580864
3.17942
0.711694
0.430038
0.926131
1.33757
1.44204
1.10983
0.368141
1.21199
1.04054
0.868425
0.447534
1.10065
4.03836
0.94693
1.16038
0.321869
0.946802
1.16866
5.31056
3.944
1.37451
0.858134
1.26588
4.76376
0.777866
1.02871
0.909782
0.947964
-0.144819
1.08596
0.623065
0.638376
0.0948473
0.854443
0.0774798
0.260412
0.744174
0.908635
0.169218
3.86344
3.08482
-0.193239
-0.54953
1.40687
1.42011
0.968213
1.01615
0.837236
1.13587
1.4134
1.25098
2.06126
0.994963
1.30376
1.37778
0.662383
4.80401
0.686865
1.1465
1.16281
0.31168
1.16344
1.19911
0.927253
1.06097
1.41587
1.01745
0.797787
0.602986
1.15733
0.469196
3.02696
0.618779
4.29933
0.95177
-0.361438
3.21457
0.316052
2.19995
1.52474
0.491244
0.572038
0.452441
1.44478
0.128976
0.525968
1.04674
3.02307
0.624881
1.3147
0.443114
0.287388
1.39973
-0.346163
0.511406
2.5594
1.38528
0.940359
0.50587
1.23224
1.04721
0.909366
0.372367
0.495574
1.10384
0.430159
0.510428
0.773963
0.698262
2.54644
1.33412
0.603797
0.548394
1.1516
0.59314
1.06673
0.992779
0.614744
0.584134
1.15244
3.30924
0.472776
0.747147
2.03598
0.24505
0.9793
4.08538
1.2316
1.24374
1.40125
0.929363
0.885952
1.22364
0.900408
-0.28078
1.0293
1.18384
0.438505
1.97873
0.854466
0.821941
0.798595
3.05514
1.05947
1.05141
5.11777
0.532989
1.08931
1.86361
1.14856
1.15498
0.765571
1.29678
3.77733
0.655475
0.976264
1.07825
2.55015
4.385
0.605088
2.10023
0.525302
0.863005
1.25674
1.08666
0.0951044
1.14454
0.359579
0.803329
5.16555
0.601424
0.486315
1.17514
0.376673
1.07509
1.17245
2.89347
1.31173
1.21418
0.849033
2.14977
1.31193
1.08918
4.00699
1.20655
3.30353
0.812683
1.09579
0.673642
2.59844
0.394016
2.84593
1.28292
1.33976
3.19368
2.59174
0.723071
0.593726
1.29593
1.28857
1.2295
0.437736
1.43378
0.739576
1.21169
0.892439
1.37212
0.469162
0.889354
0.658419
3.8277
3.21227
1.95914
0.621822
0.613581
0.761506
0.746969
1.22669
0.495193
4.69197
0.992116
0.565382
1.37944
1.03756
1.14845
1.06686
1.33415
0.98697
0.314552
0.264707
1.09237
2.09444
4.55778
4.63489
1.49636
0.765437
1.20131
3.09206
0.787639
1.16799
4.59389
0.669924
0.851352
0.725294
0.820143
0.983496
-0.767973
0.456824
0.524201
2.29495
0.762697
2.28907
4.75352
0.216518
0.546188
4.26724
1.28138
0.986199
0.717825
1.22708
1.12743
-0.610373
0.48042
2.80045
0.962139
3.9811
0.781079
0.625614
1.26504
3.8635
1.02377
4.47082
1.31849
3.95922
0.967498
0.827908
0.930353
0.396855
0.604015
0.590216
0.936047
0.657339
1.1106
0.631576
0.550902
1.02881
0.133868
1.37447
0.946376
3.39258
0.816113
0.550885
-0.0684397
3.31859
1.2752
3.78841
1.13991
1.16074
1.37073
0.797379
0.534251
0.956877
0.777464
0.776011
0.861648
2.98373
1.42727
1.03978
0.138458
0.424613
0.553662
0.790906
0.748352
0.63347
0.360924
0.920133
0.836407
3.84917
0.504502
0.257902
0.787207
0.929481
0.845688
1.15965
1.06678
2.78388
1.03947
0.543
1.35603
3.80851
0.851692
0.662635
1.06798
1.03486
0.66777
0.611687
0.648475
0.652793
0.654898
1.05415
0.872192
2.13371
0.469679
0.909301
0.620194
0.638458
1.15739
0.620611
2.59098
1.42411
0.00730354
0.597147
0.88772
1.15906
1.15098
2.87472
1.24751
0.167725
3.80469
0.963225
0.948048
0.105374
3.59049
1.14315
0.732924
0.13318
3.53549
3.02124
1.00961
4.17097
0.433366
0.111602
1.07508
2.40363
0.840266
1.21274
1.09002
1.16186
3.25052
0.968867
4.79515
5.06742
0.886563
-0.0951875
0.862283
0.97429
2.48006
0.62257
1.29781
1.14629
0.638758
1.28107
2.12076
0.737572
1.18617
1.29662
3.12691
0.108631
1.43392
2.65705
1.15639
0.305278
0.876181
1.15416
0.547479
1.4344
0.463442
2.91897
0.80648
0.410339
1.04849
0.842357
0.826108
4.8849
1.18274
3.6615
0.519937
1.8091
0.983976
2.9464
0.536763
1.38234
4.4072
0.881104
0.82615
0.887956
0.785303
2.96041
2.93191
1.1764
5.3838
0.62426
1.05341
1.27697
0.905893
1.20016
0.709763
1.4043
2.22383
0.590944
1.15634
1.39742
1.12675
2.88856
1.2669
1.19125
0.876619
1.15815
1.22636
0.582351
0.340757
0.426911
1.15515
0.649011
3.95596
2.92214
0.692642
0.621676
1.40286
0.644817
0.463747
0.764919
3.80899
0.588606
0.336565
1.25778
1.22563
2.10193
2.82039
1.18603
0.722219
1.05701
0.494779
2.91029
0.923504
1.18478
1.10875
1.19036
1.25692
1.40402
0.505329
1.11818
0.826453
0.710804
1.0168
1.27903
0.389013
0.775942
0.91525
1.39604
0.926914
1.19306
0.625165
0.946448
1.08653
1.50383
1.13563
0.651621
0.80474
2.10142
3.00586
0.628845
0.995883
1.39466
3.05173
1.17442
0.948369
4.20717
0.484272
0.642568
5.62511
0.575174
1.03689
2.15681
2.81687
1.08141
0.898358
0.62429
0.825912
0.464696
3.32908
1.43915
0.838463
1.12284
0.88152
0.935295
0.932434
0.612864
4.31459
1.18009
1.0059
1.27545
0.545711
1.23328
0.473197
4.23613
1.18662
0.539229
1.15946
1.40511
0.636389
1.0234
0.869438
0.476742
1.51073
1.0037
1.37666
1.15358
1.0849
0.64073
3.99115
1.41132
0.594367
0.586619
0.158447
0.326071
0.98755
0.794516
1.16901
0.179107
0.150537
0.773393
2.90256
0.969177
0.894396
2.64606
0.636157
0.641053
1.30587
1.27015
0.284577
3.93931
2.2829
1.15291
0.6116
0.804457
0.627465
0.184848
0.411237
0.64359
0.79398
0.0346144
0.704164
1.38154
1.03604
2.48911
0.426336
1.05757
1.15438
0.247856
0.895244
1.1535
3.3354
1.70502
0.494304
0.593938
0.494337
0.279536
3.85875
1.15499
0.313165
0.430699
0.398359
0.329675
0.761675
3.65784
1.23806
0.915222
1.047
1.49533
3.40218
1.20395
0.597506
0.645048
0.307109
1.15539
0.678472
0.714998
0.975098
0.667388
1.00549
1.10686
0.444369
0.873977
4.04554
0.632099
1.35449
0.474294
3.55293
1.24295
3.99336
1.14227
0.679756
0.589771
1.93154
0.6416
0.568051
0.878599
0.598661
3.5808
1.35415
0.821338
4.27232
0.678237
2.44388
1.98003
1.01017
0.643936
4.7937
1.74634
0.906206
0.890932
1.09879
0.884201
3.57692
4.2877
0.832104
0.617451
2.25029
4.6691
4.38454
1.4361
3.52426
1.10983
1.16314
0.73814
1.16339
1.03502
0.70451
1.16284
3.30172
1.1946
1.13517
0.96329
3.62337
0.987736
0.972709
1.14339
4.2602
0.601461
0.898996
0.479567
0.512005
0.844114
4.52768
4.87278
0.812087
0.683663
1.41111
0.605226
0.587892
0.62479
4.13254
1.15253
0.52865
0.884357
1.15417
0.761063
0.958419
0.899668
1.15507
0.502565
0.888408
1.2355
0.878902
1.32441
1.05887
0.610657
0.962484
0.146972
0.90335
1.16205
1.16259
3.33274
1.37468
0.818393
3.962
1.40982
4.1452
1.32468
1.08631
0.0501726
0.764896
0.380056
1.49902
0.778177
2.90424
0.333029
0.674383
1.12299
0.615352
0.207388
-0.0631657
4.07435
1.27128
3.94958
0.84474
1.18388
1.12225
1.1879
1.15921
0.72801
1.39756
1.008
1.21743
0.678956
0.62592
0.604536
1.06681
1.82459
0.828728
0.840077
0.742891
0.857694
1.29902
1.12005
0.992332
3.1361
3.87382
0.549282
0.826991
0.720659
3.98815
1.4675
0.760744
1.00779
0.957027
0.775932
0.545079
0.673488
2.62962
1.04075
5.27934
0.939762
0.7367
0.991062
3.76982
0.540609
1.22928
1.53235
0.874653
0.696604
0.942654
0.584512
1.55135
0.990757
1.36953
1.0352
0.506349
1.21572
1.11391
0.946115
0.611197
0.9582
0.669777
1.20396
1.19281
2.63344
2.86581
2.96853
0.985679
1.2624
3.56067
2.41899
1.03589
0.586394
0.736668
0.794168
0.875043
1.15276
0.769107
3.58332
0.635082
0.580324
0.597771
1.71623
0.755231
1.94755
1.11652
0.403035
1.28778
4.32217
1.1408
0.836821
0.738339
1.01823
1.24123
1.09654
3.88468
0.446012
1.09843
3.86227
0.901209
1.39749
0.300972
3.86708
0.218684
3.30952
1.21787
0.375191
4.65606
0.467149
1.062
0.576433
1.05295
4.38995
0.359854
1.15233
0.8969
0.331267
0.537651
1.60671
0.0464181
4.86604
4.96834
1.06292
0.505435
1.22924
0.565781
0.554022
0.692974
-0.874106
-0.872829
1.44754
0.695487
1.30094
0.942207
0.0360335
0.314366
1.72733
1.00688
1.26317
1.2624
0.674323
0.844495
1.32178
0.879235
0.847744
4.34678
-0.692976
0.584822
0.0729986
0.681299
0.341198
1.10183
1.26692
2.04954
0.766138
0.732378
3.20328
1.37101
1.18332
1.24184
3.04516
1.30475
0.867959
0.78083
0.825309
1.90398
0.972012
0.761898
0.524807
3.38557
0.848688
0.39779
0.885124
-0.294332
3.26068
1.41918
1.20104
0.502841
1.14398
0.994053
0.702511
1.6043
3.98577
0.83907
1.12066
0.434206
0.531655
1.06716
4.01656
0.748845
0.794233
1.42138
2.71426
0.574775
0.309024
0.607525
-0.279976
0.696422
0.337406
0.80179
0.622103
3.18234
1.12553
0.621639
1.03293
1.39784
0.86588
0.745002
0.622401
3.237
0.673068
1.24768
3.95218
0.632926
0.940387
1.06438
0.953235
0.946718
0.802486
0.667935
4.29256
0.796789
3.98161
0.616564
1.14792
0.638602
2.4774
0.757204
0.903545
1.52653
0.859013
0.673955
4.17943
0.979984
0.489694
3.02037
0.0471531
0.842507
1.04782
1.11537
0.955781
0.778026
1.16961
-0.0836344
1.27279
0.738637
4.01654
4.03432
0.606903
0.668089
1.21398
1.21396
2.92904
4.3193
0.571798
0.64699
3.38957
1.30411
0.499316
1.46268
1.40975
1.23131
3.20286
0.608835
2.04257
1.60568
1.10677
4.26161
0.999377
0.642515
0.823835
1.06074
0.967513
0.765459
0.992998
0.645845
3.60406
0.206041
0.815229
0.301171
0.789585
0.897839
2.96944
0.908516
1.14417
0.384293
0.528971
1.16083
3.10574
1.07577
0.785654
3.91591
4.68403
0.868755
0.512673
1.05497
0.735335
0.972316
0.594451
4.51189
0.974802
1.32755
0.849008
0.18122
0.709852
0.333824
2.00671
0.804592
1.29025
0.672135
0.91384
0.640409
3.69095
4.64337
0.491762
0.674542
1.28834
0.77346
1.93408
0.305761
1.6232
1.25829
5.22506
0.289269
0.814057
3.33463
1.21922
2.06025
1.61579
1.13536
3.16197
1.08655
0.723787
0.651292
2.02465
1.15338
1.19262
0.977647
0.668202
0.527872
0.578334
3.89916
1.08658
1.31705
-0.0689263
1.9882
1.0864
0.510888
0.537705
0.635351
0.331729
0.607431
1.27306
3.05256
2.37479
1.2556
3.54079
0.651544
0.59285
5.02823
1.02584
1.23225
0.450229
0.0506728
1.29544
0.873532
1.26501
0.669366
2.81401
1.32564
0.68048
0.897301
1.03848
4.93175
4.67654
3.31445
0.561767
3.08712
0.442242
1.35469
0.852262
0.249576
1.09637
1.18691
0.839801
4.73435
0.827508
3.60399
0.837652
0.291732
0.587451
0.294399
4.12116
0.928267
0.759568
0.718764
1.20891
2.20113
1.24835
3.53463
0.276696
0.540676
0.319833
0.620273
1.13224
0.578576
0.501469
1.03728
0.621101
0.488108
0.623462
0.536799
0.489831
0.949189
1.25801
3.44422
2.57253
0.68987
1.17002
3.83895
4.11294
0.131078
0.694129
1.11142
0.244196
0.653138
0.566315
0.801487
1.31156
2.91186
4.21401
0.716667
0.753827
1.03695
3.03782
0.54313
4.75955
2.49222
3.28097
0.817525
1.10797
0.958975
0.676752
1.17789
0.291471
3.0526
0.788378
1.27378
1.08913
3.23134
1.15422
0.652909
0.766003
3.54834
4.72117
0.773027
1.39055
1.35054
0.610874
1.01351
0.581494
0.296176
4.73951
3.83052
0.717022
1.49396
0.812718
4.99263
1.39302
0.600338
1.03156
0.946823
0.613185
0.0843939
1.43675
0.735785
1.28421
1.68611
0.980108
0.950744
1.01956
0.612465
0.974451
0.337517
1.42089
4.65592
1.22361
3.59918
0.303284
0.761254
5.23027
0.793566
0.609847
2.22179
0.620986
0.963986
4.39044
0.297067
1.23598
0.416711
3.83203
1.13132
1.07862
0.490485
1.3091
4.13461
1.16061
3.10853
3.68962
0.646331
0.484541
0.896637
0.912677
1.18239
1.05456
1.09677
0.66494
0.270825
4.66452
0.530743
1.1005
1.15543
0.563909
0.623003
3.31018
1.24476
-0.254531
3.48399
0.520988
2.14575
0.605627
1.3419
0.899943
0.901315
0.892066
0.59389
1.24122
1.14204
0.806591
1.2659
0.520958
3.1501
0.97918
1.47601
3.78034
3.5505
1.07158
1.29175
1.11977
0.505654
3.09275
2.1917
2.95237
0.74285
1.4154
0.227738
4.48926
0.564005
0.672707
3.38677
2.64444
1.03961
2.33894
0.332439
3.81506
0.820405
3.42668
1.09577
0.886276
0.604493
0.943608
1.15748
1.02118
0.234259
0.832958
0.62686
0.599854
3.51092
3.9136
3.30855
1.37164
1.22413
0.565669
0.635958
1.20177
1.28848
1.38998
0.31181
4.20915
0.945992
0.689165
0.512126
1.24514
0.579007
0.475869
4.45861
0.819364
0.433822
0.974931
0.824458
-0.414251
0.602465
0.573344
0.909234
1.37501
3.50655
1.27465
1.58333
1.38726
0.964197
1.20553
3.46165
0.392874
1.76096
1.14519
1.15006
4.80802
0.305911
1.15617
1.07713
0.61626
3.95985
1.05764
0.54861
1.53702
0.92048
0.719928
0.262787
0.742904
0.647101
0.939604
0.903474
0.31779
1.27569
4.5993
0.947151
0.585495
1.15757
0.884452
2.61034
0.949866
0.633509
1.13292
0.772486
4.17024
0.289234
0.593669
3.56818
0.429042
0.661115
4.13508
0.322189
0.41905
4.98754
0.0902804
0.647377
0.134485
0.127627
1.35765
0.562932
1.01232
1.03421
1.19693
3.39999
0.388135
0.502804
1.05931
0.563188
1.22142
4.74695
3.23889
1.21251
4.28089
4.33211
2.3472
1.16432
2.59827
3.12174
1.22907
3.36456
1.19153
-0.3601
0.658975
0.556874
0.896643
1.377
0.560994
3.06441
0.568832
0.851207
0.590345
0.481853
1.38158
0.152601
0.576878
0.732285
3.40239
0.592027
1.29371
0.813969
0.690245
1.33514
0.26414
0.211113
1.19712
1.43896
1.03192
0.966888
1.29165
3.07563
0.950712
0.647032
0.125414
1.16137
1.41616
4.31407
0.491339
1.13778
0.663864
2.81578
3.54585
0.59319
0.527604
3.1386
0.496239
0.48075
0.5654
1.54693
1.10728
0.971754
1.14677
0.83148
1.06892
1.11146
0.970992
0.489555
1.11532
1.28193
0.502464
0.620209
0.723905
1.39763
1.08494
1.41577
0.900847
0.870954
-0.193102
3.39605
1.04877
0.512118
1.09192
0.700476
1.2844
0.675806
0.773959
1.10872
0.360113
0.679766
-0.32012
1.12588
2.51288
0.343673
0.59636
0.969055
5.13126
0.454817
4.11587
1.25002
0.5563
1.28064
1.1651
1.22761
0.82725
1.22382
0.703745
3.4241
1.11623
2.34806
0.593259
1.00537
4.03088
1.25147
1.16156
4.14453
3.44944
0.735512
4.20131
2.68768
0.555613
1.52039
2.35627
0.505475
1.00225
0.693128
0.491302
1.178
0.721659
1.42847
0.813864
0.536052
0.617884
4.03405
0.561425
1.11811
2.82092
1.16842
4.18673
1.14422
1.40308
2.73829
0.73819
0.828094
1.9377
0.471494
1.47249
3.63067
1.16154
0.662511
1.17393
0.417174
1.54108
0.563043
0.478781
0.715885
0.840468
2.63375
4.54099
1.20926
0.456765
1.16788
0.118639
3.98423
2.09489
4.65143
-0.0470527
0.433618
0.954834
0.625407
0.901089
0.883686
0.761302
3.88433
0.845715
-0.17377
0.620788
3.03616
0.073055
0.809711
3.42911
0.686465
1.15125
0.615221
1.35475
3.84279
1.05873
1.21001
0.474154
0.781952
3.83444
1.25114
0.102576
-0.190575
4.29433
1.24557
2.75774
1.38559
1.04547
0.640964
0.550601
1.21442
2.13313
2.83901
0.314655
-0.140557
0.658352
4.28697
1.16194
4.58343
-0.186077
0.628185
4.73513
-0.128155
0.184342
-0.0425582
0.532325
0.182787
1.15436
1.26438
0.879286
-0.00565766
1.18652
4.14825
2.99251
0.0845291
1.56641
1.15226
1.11863
1.14659
1.24858
3.2752
0.608195
1.40643
1.16473
0.59492
0.987027
1.14706
0.576186
1.43956
0.908284
1.12226
3.54419
0.615718
0.632934
0.552695
2.69519
1.22024
0.580381
0.476807
1.18456
1.20693
1.1024
0.935034
1.31301
3.02304
2.13456
0.863978
0.923533
0.562
2.63602
1.19964
1.54511
1.38288
1.26991
0.290979
3.55701
1.26242
0.850415
0.276402
1.16417
0.951864
0.835022
5.16097
1.50225
0.517659
1.38477
1.31446
0.976916
0.592619
0.331308
0.51132
1.27307
2.18301
1.38156
1.16626
1.36024
1.10088
1.27411
0.42901
0.836235
0.585456
0.828203
1.40844
4.33383
0.848415
0.796519
0.605335
3.56697
2.21221
3.63508
0.629512
4.81741
0.996566
0.667775
1.37466
1.33356
1.05765
1.09801
-0.7313
0.339316
3.61641
1.7709
0.228359
0.184489
1.39627
4.16835
0.52352
1.02471
0.597766
0.702896
0.763806
1.03696
4.17041
0.604084
1.25749
1.04939
4.45774
3.96583
0.978754
0.180176
1.39998
0.334506
1.33132
1.22513
1.10346
1.16322
1.01168
1.11243
0.739912
3.89013
0.710958
2.10622
0.502633
0.840034
0.76657
0.9247
1.01323
0.723929
0.629144
0.527761
0.583442
1.39065
3.86945
0.98902
0.0364894
1.2374
0.899514
0.554532
1.43861
0.638488
1.31445
0.397402
1.23533
4.42139
0.639273
1.1903
2.0829
1.54049
0.715348
1.10265
0.243452
3.88941
1.11589
0.269513
0.918604
1.38976
0.628322
0.903146
1.31121
0.634062
0.213478
1.52875
0.875675
0.843474
1.16473
3.5416
1.27128
-0.0301066
0.851054
2.16813
1.00968
4.33599
2.68278
1.28853
1.43506
0.909276
1.01039
1.54648
0.932395
0.589506
1.01356
4.33639
1.30769
0.525681
1.23823
1.32287
1.30555
0.405616
3.85599
1.80331
0.582436
2.97587
0.421892
0.324446
0.603622
1.26864
1.77491
0.713528
4.00526
0.875851
0.840888
3.59263
0.708917
0.578842
1.32079
-0.551808
1.26984
1.05763
0.852408
1.32517
0.584092
2.08488
0.310822
0.46995
0.310362
1.15441
3.63884
-0.0715447
4.88116
0.759259
1.12737
1.08188
0.516508
2.88013
1.00113
0.583058
1.41106
0.281377
0.802838
3.27961
0.524975
1.42553
1.21874
0.556645
1.1611
0.56709
1.10393
1.02041
3.85816
0.280906
2.10176
1.17658
-0.595764
2.9739
1.08939
1.04963
1.88774
1.23346
5.00197
1.28649
1.14129
1.58763
1.08233
0.566841
0.596847
0.452165
1.31613
0.881323
4.12205
1.13447
0.629343
5.0965
0.61859
3.7508
0.538787
3.53927
1.13543
1.11216
1.18604
2.6949
1.1816
0.697477
1.28795
1.38811
0.960971
0.433126
2.49419
0.766223
2.98687
3.93352
2.61076
1.15578
1.36801
-0.516367
-0.0463238
1.80924
0.741052
0.991414
0.529067
0.510423
1.1993
0.630795
0.660727
0.79012
1.32832
1.16566
0.372206
0.623927
0.551779
0.331747
1.73559
0.929774
0.152557
1.0004
0.856538
0.534596
1.02326
1.0206
0.721839
1.0296
1.5409
1.12307
1.42762
0.179916
0.751153
1.33773
0.703681
2.72791
0.918944
1.26709
1.38733
0.62007
0.655279
0.519757
0.48713
2.90507
1.28747
0.329717
0.770112
0.837219
0.949749
0.436881
1.02091
1.13046
5.59917
0.343668
1.26734
0.518491
0.653835
1.16628
0.591145
4.45241
3.17786
1.29959
2.19275
2.67261
1.0668
1.01471
0.852941
1.31533
1.19171
0.969973
1.27857
3.50415
0.458804
1.40823
0.578331
0.682222
0.941522
0.63171
1.01982
0.995983
0.524495
1.18996
0.966932
0.977505
5.23066
1.38763
0.952222
2.89693
1.10821
1.40463
0.427498
0.633246
1.47259
0.54155
4.26078
0.897719
0.429311
0.47703
0.627127
5.4394
0.788382
0.191509
1.01419
0.884667
4.36178
3.61576
3.13657
1.28524
3.97513
1.31861
2.46205
1.07766
0.723837
3.64275
1.19086
1.4676
0.407609
0.759482
3.897
3.44262
1.05891
0.572836
2.05214
0.636992
1.27578
0.64602
0.588989
1.03936
4.46361
1.11565
-0.125541
1.51042
1.05119
0.634521
0.800705
2.17254
-0.154691
0.872266
1.31189
1.07285
1.30911
0.535876
1.88785
2.97827
0.414112
1.04259
0.532595
0.583344
0.62263
5.22972
0.464958
0.889198
0.769658
0.302649
0.245301
3.58101
1.05989
1.30463
1.30954
0.597705
0.46028
0.960363
0.898465
1.14782
3.28676
0.908997
0.966077
3.61021
0.609071
0.817544
3.65239
3.35119
0.548742
3.03154
0.487383
-0.572502
3.57665
4.13147
0.946382
4.13662
0.861806
0.202727
0.449822
1.24889
-0.475915
0.795236
-0.0471711
0.327914
0.954575
0.726209
0.499142
0.924098
1.3517
0.463767
1.21529
0.93591
0.231968
1.1757
1.09706
0.62759
-0.128844
0.757637
0.671064
1.37052
1.28893
2.54249
0.421542
0.275758
1.46719
1.18053
0.670306
0.632436
1.20616
0.943002
1.01185
1.50224
1.46543
3.39973
2.92145
1.39682
3.75598
5.37532
1.2543
1.13702
0.204976
2.78781
1.91091
0.927836
2.46726
1.12307
0.57634
0.493759
3.09265
2.09906
0.584547
1.38775
0.589507
1.62206
0.647568
-0.385446
0.230039
0.54639
0.293323
3.81802
3.85395
0.718742
1.13751
2.98819
0.913391
1.21734
4.53785
1.28867
1.14342
1.04072
0.389426
1.10148
1.25063
1.04093
0.833
5.03054
0.50246
1.15553
1.04067
0.726811
1.1243
4.3328
1.40358
-0.00446025
0.838588
0.657564
1.03332
0.963136
0.792638
1.25312
1.14068
1.07675
1.08666
1.316
1.15678
3.39009
0.651453
3.24531
1.28697
0.419319
0.854816
3.8518
0.975504
1.46058
3.24438
0.534082
1.25156
3.0556
1.04041
0.822691
0.433126
3.90723
0.763336
0.418002
0.260693
0.796996
1.21656
0.841932
0.762373
0.882741
1.16001
1.10813
0.897331
0.255591
0.329522
0.53158
0.223455
0.594569
3.82854
1.3051
1.03098
0.345078
0.926615
1.35648
1.54023
0.9688
1.19852
0.909018
4.68622
0.985662
0.88603
0.624882
3.46212
0.63307
0.86852
1.27078
0.647834
3.7046
0.849741
1.10765
0.892289
0.692541
1.03854
1.05487
0.787009
1.0487
1.2838
1.41508
1.20081
4.52008
1.32896
1.23286
2.308
0.771041
1.16842
4.6978
1.15323
0.742752
1.1131
0.60655
-0.252606
1.1143
0.406819
0.778896
0.56254
3.97873
1.34241
0.364358
0.482435
1.98382
2.88966
2.38972
0.916395
0.639168
1.15221
0.69593
3.26609
2.57187
3.9458
1.15155
1.13663
3.60185
1.6254
1.16605
3.39859
0.943
0.682424
0.198724
4.96465
1.22549
0.514929
1.21033
4.42065
0.76175
0.473373
0.594958
1.03454
0.644054
1.38065
1.19274
0.411641
0.636157
0.807754
-0.488944
1.36264
0.490625
0.487723
4.23254
1.08681
2.31688
2.0089
0.8687
4.34707
2.05996
3.75213
1.23017
4.69777
0.301044
3.997
4.01013
1.91394
0.768788
1.15925
0.510588
1.16302
1.47613
0.975562
0.992976
3.42381
0.603189
4.47378
1.3846
1.08098
0.501387
0.483717
0.768765
1.04435
2.67669
3.13115
0.948091
1.031
1.07582
0.948719
0.744479
3.96562
0.66997
0.632308
5.28823
1.41213
1.22081
0.995048
0.245713
4.09386
4.3784
2.63646
1.02092
0.785619
0.774225
1.08487
0.640076
1.1918
-0.28523
1.24676
1.19954
1.20807
1.01107
1.20781
2.21657
1.20241
0.826269
1.28972
1.16194
0.942276
0.430652
0.979981
0.138212
1.31471
4.35772
0.904816
0.803592
0.394134
4.68714
3.35283
2.77972
0.318636
1.30772
0.555398
2.26047
3.53047
1.26459
0.598843
5.36096
0.758098
-0.000728465
1.62641
0.849847
3.74281
2.38451
1.34907
1.17112
1.32359
1.3837
0.740071
3.34227
1.03253
0.819189
1.16559
2.19028
0.482722
1.55066
1.06521
0.262851
0.345551
0.334785
1.11189
1.08468
3.97425
0.514161
0.657519
0.826308
1.82093
0.865769
1.19046
1.37959
0.537622
1.19468
0.28085
0.228449
3.4771
3.14495
0.808561
0.230341
3.46569
2.90071
0.56764
1.17642
1.30288
3.30978
1.11145
0.401365
1.42932
0.0468665
1.93623
1.08587
1.33812
3.45244
1.16061
0.914807
0.472223
0.69243
0.443437
1.21699
0.84439
3.43631
1.1938
3.83858
1.26063
1.18892
1.42057
0.833531
0.457105
0.73665
1.24311
0.727076
0.242512
2.18818
0.885271
5.55003
0.719144
1.06595
0.810076
0.424154
1.40543
0.92117
2.25338
0.580264
1.26925
0.50778
1.30797
0.801786
1.1729
0.397303
0.635287
1.09882
0.427551
1.72375
0.907286
3.89215
0.452913
0.827312
0.688275
0.588652
1.25326
0.0942408
0.371744
3.20515
1.25157
-0.319068
3.18145
0.358659
1.39299
1.35966
1.35979
1.45068
1.85066
0.869985
1.15852
0.104962
1.28985
3.24942
2.15191
4.63564
0.715498
1.2951
1.15022
0.634974
0.776407
0.517755
1.19431
1.80977
0.282767
1.18017
1.10553
1.06283
0.694676
0.976245
1.26136
1.43467
1.08575
0.53811
1.32157
1.35756
1.03875
5.51668
5.45868
4.22142
0.821934
2.12658
2.52819
0.26667
1.19036
1.03809
0.583905
0.898435
0.774616
1.08062
1.26774
2.4798
0.683815
0.50862
0.315317
0.585868
1.40433
0.789552
0.987134
4.54644
3.93366
0.305553
0.304458
0.334492
1.21938
0.202599
0.213537
0.341002
0.792435
-0.354217
3.11518
1.41405
1.01354
2.1255
0.940645
0.493015
0.643977
1.4756
3.72752
0.605073
0.846389
0.972859
0.855238
0.70684
1.14966
0.757578
3.87756
2.52128
0.609611
0.835075
0.59195
2.63202
0.984705
1.55788
0.375492
0.0317225
0.876483
1.18286
0.573727
1.5447
1.15841
4.11782
5.15461
1.32893
1.06171
3.08138
0.249048
0.694588
1.2263
1.1598
1.28957
3.8822
1.16243
1.57317
3.46272
-0.157196
1.37027
2.00835
0.918151
3.05482
1.25555
0.653937
0.809225
0.920857
1.10131
1.2418
-0.765215
0.960688
0.300739
1.16806
0.685938
3.98201
2.70875
2.13565
1.15387
0.551218
1.15507
1.31785
0.156464
1.02183
0.848645
1.03312
1.06595
2.5949
1.09591
1.16802
0.0894214
1.33781
1.05457
0.580918
0.833131
0.615311
0.522994
0.545047
2.05354
4.07692
1.16026
0.696145
0.557084
1.08116
1.49724
0.529284
1.38555
1.08765
1.26239
0.94941
1.19752
5.08226
0.656213
0.864461
0.982022
0.641431
1.18046
2.13764
4.95806
0.764852
1.16753
0.362622
-0.0291884
2.5929
4.43087
0.902565
0.613351
0.832568
1.02307
0.885321
0.548272
1.16025
-0.624877
1.05098
0.544701
4.08571
0.675788
4.44232
0.77045
4.51206
0.947062
1.18737
0.789411
3.72544
-0.157065
1.14394
1.3743
3.8612
0.479626
0.269163
1.44075
1.05319
1.38105
1.5908
0.806223
1.04141
1.3998
1.40891
-0.0911005
1.31529
0.80537
0.567253
4.28534
4.24316
0.639908
0.84347
1.1699
0.851089
0.587173
-0.123049
-0.0792239
-0.111467
1.13732
0.637875
-0.289061
0.862261
0.622987
0.311675
0.962704
1.15316
1.07513
1.20937
0.648848
1.23586
4.1811
0.825724
1.98657
1.20176
-0.152757
1.4974
0.886229
4.3644
3.96699
0.94933
1.05818
0.596227
0.928058
0.196461
1.26172
1.5635
3.81229
0.866166
1.35688
1.28292
-0.090513
3.91997
1.3087
4.39027
5.43773
1.07047
3.94909
4.15366
-0.130416
4.01498
0.766005
0.601509
1.16409
0.582965
4.20622
3.21534
1.12969
0.575157
0.463885
1.90068
-0.0165306
0.563575
1.08648
1.95418
1.38879
0.410521
1.13059
-0.448462
0.620279
1.38621
0.593892
4.1591
0.992824
0.920968
0.872435
1.3089
0.580451
1.1482
0.617553
0.505736
0.485699
4.0304
0.602169
1.0407
1.08296
3.71582
2.42736
0.612278
-0.0590148
0.492707
3.94297
0.97937
0.784067
3.07613
0.0342633
3.9535
3.00585
2.11414
0.961335
0.611609
0.388864
0.845474
1.37905
0.923296
0.713476
1.45172
1.02779
0.753519
2.82059
1.14525
0.426986
1.0554
0.556668
0.779013
0.130508
1.15693
0.907094
3.27771
3.88157
0.536177
1.11674
1.46133
0.973587
4.70755
1.39385
4.56896
1.19446
1.24964
0.947412
1.39113
0.950021
0.669836
2.77298
3.32485
2.77843
0.498805
1.27784
0.442291
0.721917
0.448839
0.552044
1.01911
0.764113
1.24431
1.18955
-0.0168181
0.730796
-0.123057
0.692244
3.89593
2.84681
1.52821
-0.129229
0.875465
1.32197
1.21711
1.11931
0.825298
0.520699
0.462453
0.909837
0.271086
0.386793
1.40823
0.972634
0.433983
1.02376
0.501297
0.0146575
1.38842
0.852882
1.40871
0.584776
1.159
1.1881
0.827305
0.802806
1.30198
3.31411
0.255946
3.76519
1.24704
0.909634
4.83727
4.05884
0.623167
1.19659
1.14888
0.526138
0.547522
5.15521
4.54426
0.490657
1.03077
1.15945
1.19601
1.08284
0.913479
0.985368
1.40411
-0.0346302
1.15487
1.33176
0.274907
0.826198
4.35956
1.30371
0.794071
-0.443256
3.9251
0.666448
0.522988
3.90451
4.19843
1.31958
1.32677
1.16806
0.680926
0.710785
0.670233
0.223771
3.23149
0.747076
0.518839
1.04922
0.953563
1.25598
0.951752
0.588328
0.562032
3.52203
4.08295
0.895886
4.51789
0.652553
1.10051
0.539097
0.786246
1.39459
0.906701
0.655993
1.41219
3.94929
1.15954
0.404726
5.28715
0.491481
0.683895
-0.486138
0.872236
1.26588
0.559988
1.42411
0.675469
0.665451
1.02395
0.841668
5.47551
0.562782
1.24159
1.27999
1.90653
1.37917
4.73313
1.27271
1.39792
1.37568
0.373775
0.51638
0.628594
0.978546
2.24836
0.431491
0.420737
0.87494
1.2506
0.570903
-0.63498
-0.00167971
3.93253
1.1918
3.37539
1.20446
0.758741
1.12311
0.782634
1.08431
4.30137
1.84047
0.679494
1.45969
1.40345
0.585487
3.02316
0.753606
0.954567
1.06254
0.270814
0.446667
3.68623
0.950327
1.42996
0.640823
1.17897
0.820598
0.767268
1.28596
5.22161
1.11034
1.27659
0.812027
1.67674
0.833634
4.55017
3.39223
0.957518
1.17762
0.868452
1.37112
1.29537
3.52197
0.289638
0.619088
0.775805
1.39752
1.18343
0.618127
1.3047
-0.576352
0.458445
2.97387
0.966196
0.950452
0.898103
1.34216
0.63113
1.30624
1.04649
0.0910034
1.40294
2.93308
0.808643
0.0365271
0.723524
1.09684
3.17237
0.849303
0.593349
0.545776
3.84337
0.631461
0.962381
1.30265
0.940055
0.506398
4.63069
1.92466
1.11149
0.882223
0.945651
4.25622
4.37776
0.912112
0.895908
0.932748
0.743269
1.02925
0.790453
1.93473
1.32425
0.952399
1.91837
0.944347
1.23292
1.27094
1.53533
0.108786
1.05199
4.22695
0.578133
0.592648
4.94218
0.62759
2.06663
3.28616
0.259081
2.18867
0.84675
1.40184
4.09908
3.83074
1.12916
4.19705
1.45993
0.88263
1.10795
1.40283
1.12004
0.352764
0.550848
1.28946
0.7818
1.1055
0.672583
-0.168844
0.632957
0.829842
1.09016
4.70599
0.500152
1.28791
0.410124
0.674092
4.37363
0.490964
0.61403
3.83763
4.35754
2.0665
1.13323
0.912993
1.20712
4.78809
3.47237
-0.539998
1.2953
4.23635
1.3253
0.950692
1.33896
0.0117586
0.756479
3.49429
0.29026
0.641569
3.75559
0.583628
0.545415
0.763923
1.24125
0.804824
0.597036
0.699542
1.36462
4.17784
1.25102
1.34822
0.542283
1.12056
0.341644
1.38725
3.75781
3.43083
0.505903
3.78715
2.2941
1.3841
0.496494
0.890238
4.37825
4.54487
1.08139
0.315589
1.04703
1.11315
1.07815
0.944826
5.25743
0.469951
1.33405
1.13279
3.97856
1.38929
1.54463
1.35832
2.74589
1.81276
-0.500494
0.712095
4.8674
1.06879
3.22269
0.516204
1.19038
0.897237
0.835823
0.482001
1.41343
0.576618
0.885674
4.02033
1.48398
0.580321
1.52455
1.34957
0.354947
0.0804915
4.4172
3.20429
1.02075
2.93893
0.591049
0.474423
0.610745
1.02355
1.15785
0.91598
0.977641
1.18399
1.35936
2.00917
0.610259
0.490402
3.62846
3.5044
0.953279
0.426806
0.952103
4.34208
1.17945
1.11865
0.673465
0.513649
4.86746
4.33516
-0.265284
2.57236
0.221917
0.436637
0.528362
0.00195297
4.11865
1.21956
0.556699
-0.108077
1.1591
1.15866
4.11398
1.25561
0.782304
4.40653
0.567732
1.84783
4.30783
0.124415
3.32243
1.15024
3.96606
1.38696
0.987418
0.90265
0.725558
3.31492
1.05885
0.663044
1.27356
1.40879
-0.528288
1.16928
1.17114
3.34921
3.81366
1.01879
4.29029
3.06788
3.53819
0.964345
0.851617
0.232627
0.629619
4.84868
0.68726
0.916443
0.876202
1.20102
-0.548999
1.21334
1.33696
1.15662
0.457663
1.15458
1.28812
4.40731
0.97714
4.49503
4.32107
1.33431
0.857564
0.597802
0.636768
1.11848
0.594276
1.34126
4.84387
1.05427
1.23369
2.99636
0.321538
1.30455
0.460469
0.762015
0.526822
0.596312
0.00203503
0.713481
0.449141
4.81741
0.819515
0.789208
1.26994
3.83783
1.17063
0.945502
1.18126
3.18888
4.20163
0.958695
5.02711
1.03908
4.72278
1.31498
4.54944
1.18172
0.66315
0.503101
0.766291
1.06906
0.664054
1.61959
1.3994
5.50703
1.17202
0.817385
1.07861
4.43337
0.694388
0.635357
2.70924
4.38551
0.635431
0.746115
0.728531
1.08154
0.6669
0.215981
-0.0230965
3.58888
0.532784
1.48387
1.2894
1.30516
1.15883
0.894461
4.14239
1.06177
3.63444
0.511591
0.773823
0.839108
2.61517
0.967034
4.13052
0.457529
0.688242
0.986924
1.29972
2.45512
1.40532
0.778739
1.23236
0.527443
1.30996
1.05962
0.654916
0.567576
0.170097
4.97831
1.15208
0.73667
1.28416
0.832362
0.628829
5.0725
3.97461
0.657474
0.946867
1.40662
2.283
0.874443
0.450718
4.66933
-0.57059
-0.205956
1.32799
1.15846
4.4599
4.35744
1.06169
1.12677
4.41416
1.10292
0.467452
0.386796
1.02533
1.15847
0.861923
3.61585
3.38646
1.56796
0.950631
1.24728
0.635356
3.90357
0.815822
4.07856
0.686914
5.10754
0.517581
0.425797
3.54632
1.19026
0.768884
-0.0450703
1.0193
1.06346
0.584207
0.711026
1.11956
0.472629
0.513374
2.11897
3.70722
0.229954
0.399194
0.715571
0.950042
0.41534
1.21394
4.0443
1.38453
1.47335
1.05472
0.675898
1.40831
1.45774
0.819668
0.983888
0.511694
-0.372901
1.16498
2.21432
0.903622
1.36728
0.592368
0.97374
-0.652541
1.3844
0.756171
1.04985
1.37044
0.291158
0.733091
0.867555
3.20453
1.41696
0.428778
1.0412
0.881998
0.525435
-0.400191
1.27157
1.12163
3.72313
0.947495
0.884282
0.838558
3.76663
1.42513
-0.61431
0.652235
1.42261
3.78648
0.364624
0.668085
2.71739
3.54599
1.17991
1.30021
0.979809
0.735683
3.69169
3.7201
3.65149
0.681021
0.841392
1.89446
0.769523
0.500362
1.12114
4.73231
1.26434
3.71874
1.24805
1.54306
0.221654
4.60112
0.755595
-0.421311
0.637984
0.925193
3.47929
1.03295
1.45605
0.88966
4.14098
1.16297
0.650923
0.504683
4.18633
0.329994
0.998966
0.827115
0.42629
1.00408
1.11563
0.592325
1.40803
1.59061
3.38169
1.53534
1.16935
4.70127
1.16986
1.42934
0.718415
0.43306
2.3751
1.28682
0.559938
0.958635
2.45143
3.19072
1.36983
1.20531
1.05396
0.43493
1.33759
4.31257
0.845269
1.14407
0.673834
1.02331
1.26404
0.296799
0.638636
0.891233
1.40373
3.95734
0.616643
0.862863
1.18051
0.963322
5.08726
4.00232
0.449166
0.925432
0.583543
4.32205
0.422213
0.94405
3.45768
1.43039
0.744486
0.418392
0.596724
1.03296
1.17044
0.950696
0.486704
1.2791
0.478457
1.35243
1.82945
0.622247
3.95219
1.23995
0.843008
1.37844
0.957667
1.3896
5.02648
4.22329
1.24946
0.509504
0.45465
0.751463
1.07485
1.62678
1.02351
1.2148
0.829431
1.05273
4.38471
1.2757
4.49316
3.24568
-0.812911
1.19267
0.37782
0.730805
0.498468
0.502217
0.374599
3.96401
2.98137
4.39279
3.83137
1.13904
1.11533
0.670309
4.35494
0.923987
3.68816
0.644942
4.19116
0.94341
0.41037
1.05077
0.559968
0.621919
1.12272
1.15582
1.32732
2.77784
4.25378
0.471962
0.722121
1.01798
0.581592
0.575379
0.935829
4.72172
1.0975
4.15256
0.679259
1.30833
1.19703
5.5243
0.302022
0.962563
3.74126
1.0743
1.53959
0.772449
0.897588
1.31687
1.2566
0.560831
-0.608867
1.07665
1.2469
3.92269
5.55518
1.17015
0.689542
4.6062
2.67865
-0.56849
3.61612
5.29438
3.61402
1.38039
0.271326
-0.139478
0.570727
0.69614
4.83541
0.758525
3.66114
0.483164
3.98148
4.97574
1.27293
4.29639
0.730543
1.10764
1.01733
0.585155
0.672908
4.74826
1.20402
0.965897
0.534979
0.476149
0.899289
-0.84556
1.13295
0.997637
1.30196
1.2703
1.19136
4.38956
1.18784
1.10156
0.0312149
1.119
0.939744
1.37636
1.94921
3.48776
5.03541
1.14712
0.625813
4.46396
4.81595
1.35817
1.14591
1.18925
0.408131
0.866669
1.19846
3.71807
4.61997
0.705536
3.8548
0.65044
1.32501
1.58089
0.266307
1.7659
-0.134092
0.286064
0.954794
1.35139
1.51475
1.28618
0.847371
1.16834
1.42128
1.53972
1.15722
1.6808
4.86055
3.76946
0.488332
0.534944
3.17386
1.16711
0.542957
1.15728
1.11822
3.6645
4.05751
1.08356
1.13135
0.538858
1.30083
1.67343
1.10201
0.492877
0.972062
0.688951
1.2262
1.16303
5.40597
1.47227
1.36263
1.24071
1.20027
0.0971355
0.64401
1.3947
4.37782
4.51527
1.14507
1.37987
0.941311
4.3353
0.40674
1.46751
0.618394
1.4531
0.865477
0.707713
1.01673
0.644042
0.801995
0.583179
3.65006
0.623024
0.84562
0.951228
0.803291
1.04264
0.461489
3.88692
2.53084
1.1963
0.954046
4.61051
4.45184
0.260922
1.43662
0.278877
0.952001
1.01505
0.985535
1.46226
1.62723
0.626187
1.37185
0.490095
1.16569
0.93491
0.757116
1.17071
0.398746
0.658061
1.44652
0.67925
1.36341
-0.342817
4.11273
0.919901
4.9797
0.805257
3.34867
0.982346
1.27613
1.064
1.40112
0.725363
1.12158
3.30335
3.33964
1.19251
0.687587
4.49135
0.591885
3.97768
0.504387
0.972674
0.539551
0.388635
0.825731
0.561663
2.7846
1.1777
3.76748
1.07806
1.14672
1.12137
0.344954
3.85582
0.932099
0.0542452
0.376581
1.34787
0.677276
0.733803
0.922699
1.31522
4.18182
1.55258
0.253076
4.79937
-0.189459
1.17434
0.443302
5.49706
0.644196
1.14517
0.512893
1.02338
0.740688
1.78577
0.900154
0.533794
0.937105
0.383845
0.914061
0.746314
0.6255
0.832273
5.43125
0.721591
3.55783
-0.0765482
0.52068
0.461641
0.274655
0.468291
0.707454
0.765028
4.24246
3.92966
0.970127
0.982569
0.809821
4.08193
0.0454038
4.7017
0.806147
3.57238
0.954724
-0.241265
3.27069
1.16414
0.293307
0.332952
1.30706
4.66112
1.32201
3.63789
1.2641
1.18452
0.471158
0.358429
3.95848
1.95591
1.29662
0.380181
1.1458
0.905549
0.517447
0.573622
4.46503
0.0589488
4.57462
0.902697
1.16379
1.36072
2.38038
0.420289
1.006
-0.190909
1.82393
1.37222
1.36413
0.782902
1.18934
0.619139
0.804596
0.310351
0.803122
1.0107
0.673295
1.01948
0.980902
3.93101
1.26837
1.14479
1.9295
0.570422
0.631946
1.34276
0.666862
0.676979
1.12027
0.896653
1.10628
2.98447
3.96046
4.27294
0.844588
1.19396
0.69956
0.213482
1.24471
1.17346
1.13068
1.14417
1.03294
4.93387
0.799221
3.79843
0.607285
1.98666
0.431018
0.48514
0.113153
0.511216
4.13311
0.352251
0.623947
0.827828
0.843636
3.23797
0.245182
5.13832
1.21772
4.07232
1.39477
1.31962
3.73411
3.5527
0.630143
0.997793
0.840383
3.92925
1.15083
1.46396
2.96642
1.4606
1.11926
1.63437
4.38462
3.84417
1.12641
0.864977
0.81474
1.12568
1.34547
0.659148
3.92813
1.38377
1.05358
2.81184
1.18982
0.291719
1.07752
0.361666
0.637741
1.38767
0.910582
0.619082
0.577827
1.0834
0.554134
0.67599
1.04419
0.537903
1.40571
1.63053
1.37751
0.592138
0.185627
0.804699
0.428814
0.884882
0.979778
1.28424
1.03655
3.61451
1.85131
0.582707
0.77988
1.26488
1.43083
1.32424
0.850634
1.3122
0.893943
1.16812
1.23624
0.939609
4.70727
1.25303
3.62985
0.764341
1.15703
0.0411718
1.13543
1.38634
0.582387
0.0111903
0.818791
4.90336
1.29686
3.64987
2.6446
1.2485
1.24681
1.23737
1.18407
4.76646
0.888971
0.894438
3.46346
4.7063
1.35057
0.534046
1.17327
1.08701
5.26176
5.36107
1.0772
1.08012
1.2888
0.754913
0.690905
0.530563
1.36904
1.28751
0.586088
0.610122
1.09148
1.11136
1.2452
1.15857
0.662767
0.506738
1.25223
0.614958
1.06492
0.626901
3.80254
0.756624
1.18716
1.1616
1.40176
0.545895
4.16286
0.704778
3.68436
1.17221
0.837185
0.656444
4.84771
1.26421
5.50242
0.754997
0.666977
0.317444
0.913242
0.610309
1.40304
0.94227
4.31951
5.64673
0.856289
0.809972
0.490863
2.4137
1.20689
0.298274
0.691357
1.38987
1.55062
3.58903
0.855323
0.551038
0.955214
1.23957
0.377212
0.613618
0.855391
0.576316
4.74638
0.92035
2.44538
3.9344
0.834741
4.68698
0.523244
1.19688
4.46241
3.7575
0.508745
3.97669
3.05185
0.703883
1.15928
0.0323977
3.85536
0.796988
1.45705
0.444472
0.936465
1.14823
0.46645
3.74506
4.35032
0.520163
4.70182
3.0332
1.2971
0.794455
3.86027
0.523011
1.22885
4.5923
1.29858
1.21758
0.884052
1.28769
3.53753
1.35282
1.1714
3.12728
0.545999
0.209911
4.25815
1.47479
1.03543
0.537157
2.5473
4.75087
3.82473
5.32502
0.045918
0.543819
0.600876
0.663829
2.01043
0.77762
4.01881
1.15428
0.776433
1.23089
1.12787
0.677303
1.1786
0.915319
1.26502
0.96924
0.719924
0.689992
0.693601
3.62637
3.48069
0.979586
0.422803
0.579277
0.551168
1.16226
1.40229
1.35039
0.602265
0.874712
0.982239
1.22542
1.18749
4.54595
3.14725
5.53694
0.920742
0.529716
1.19727
1.01768
1.24084
1.3262
1.06177
1.42722
0.780342
4.66829
4.89573
0.661484
0.651531
4.65006
1.22645
5.60926
0.488753
1.13477
1.17084
1.3152
1.08641
0.602078
0.463349
1.04544
0.783491
0.797551
0.762369
3.22464
1.32621
3.7207
0.835567
4.07171
1.03809
1.32644
0.313771
0.638672
1.0237
0.682205
1.21682
2.91333
1.36715
0.649504
0.809847
0.503408
1.58368
5.45224
0.699616
1.10367
1.13993
1.44605
0.719047
1.20857
1.12133
0.576439
4.48346
0.985999
1.53261
4.50464
0.396227
3.8923
4.55672
0.763381
1.35904
1.04129
0.63275
0.757843
0.714569
5.1645
1.31706
0.976145
0.86074
0.927922
1.20174
0.688101
1.26363
1.38947
1.15945
4.7684
0.328104
0.457538
1.49483
0.523955
0.584767
0.526914
1.05156
1.62555
0.751823
4.36718
4.45666
1.38456
0.751887
1.33685
1.2003
3.94325
0.61783
1.20248
0.517652
5.13418
1.15964
2.6735
0.919694
3.64123
5.27852
1.19346
1.28979
0.414418
1.20763
0.9821
0.32007
4.66555
0.513622
1.7575
0.400263
0.397203
4.10803
3.37469
0.72403
4.0581
2.94889
1.30356
4.37122
1.22185
4.46176
1.15092
0.411854
1.68054
4.15515
0.541009
1.19249
4.06363
2.75518
0.951828
3.95537
0.87054
1.06862
0.893065
0.517466
1.25819
0.607107
1.14201
1.01858
1.05805
1.02289
0.775831
3.79758
5.09139
2.61688
3.93268
2.09178
0.921632
0.905841
1.1728
1.02858
1.02142
1.28322
3.44691
1.31301
0.495951
0.970533
1.37318
3.04155
4.89185
1.21005
1.15766
0.696967
0.516486
4.15104
0.517504
4.28067
4.36337
0.875258
0.07298
1.29994
0.613821
0.544858
4.25705
5.01633
1.11423
1.33268
1.95145
0.609102
1.36867
0.500396
0.207252
0.789396
4.17185
1.71927
0.26802
0.912354
0.362429
4.13141
0.522737
1.04474
0.77493
4.81676
0.188485
3.94717
1.66011
0.991134
1.16755
0.451971
0.980466
1.54155
1.02673
0.768769
4.71498
0.481165
4.43467
1.32407
4.19114
0.477294
4.16959
4.42778
1.30039
0.653267
4.01817
4.49857
0.862076
4.47483
1.03558
3.91229
5.09777
4.05594
1.31769
3.65342
1.30267
0.966883
1.16097
1.0186
4.13339
4.29846
0.624318
1.86133
0.514947
0.932318
1.26808
1.21425
0.565522
0.658903
0.598793
3.44576
2.75082
1.12774
0.73078
-0.38748
1.35391
0.607941
0.462763
3.8327
0.481072
0.879417
1.06389
1.20007
1.16264
5.33486
1.04982
0.729652
3.97506
3.44537
1.13899
3.93049
3.22065
0.412889
0.432115
3.22356
4.34107
0.950651
4.1715
0.599483
1.0812
0.91086
0.267383
0.72363
4.07786
1.20529
0.580976
4.33255
1.30494
0.648494
0.80102
0.980374
4.05704
1.22444
3.95652
0.881128
0.584362
2.09886
1.07915
0.380915
5.31836
1.87309
0.335437
0.736666
3.3643
-0.582559
0.574927
5.40728
3.2239
1.60249
0.458632
0.694558
0.776848
0.818715
0.956546
0.594441
0.497301
1.45334
1.14132
0.884409
0.57372
3.72188
1.09874
4.00305
0.597651
0.715369
0.807329
1.03262
0.309987
0.924991
1.21757
4.56552
0.410946
0.979006
0.0617337
4.30122
0.99046
0.80638
1.18957
1.03387
3.12566
1.90994
1.39965
1.1669
0.316192
0.667191
0.433041
4.3152
0.77894
0.479052
1.04226
1.28732
0.488465
0.599625
0.881656
0.555375
0.533133
0.943965
0.739807
1.34973
3.41246
1.126
3.82858
4.21194
1.35476
1.39957
0.727528
3.14535
1.35285
1.0244
1.04218
3.97906
1.18109
0.931779
1.54247
-0.420979
4.29449
0.843869
0.531599
4.58381
1.68913
1.09668
2.28606
1.01139
0.781806
0.986945
4.13182
1.16541
1.28664
1.28493
1.11123
1.18385
2.10816
0.672516
0.353282
0.852192
0.697656
2.16582
4.16035
3.58468
1.33139
0.917267
0.311494
0.643555
1.50936
1.41566
1.33324
4.41596
4.84744
1.31191
0.798009
1.05944
3.87831
4.58204
5.6661
0.650094
1.1921
2.14857
0.54173
1.17
0.935807
1.17429
1.52041
3.91201
1.45258
1.06862
0.701748
1.88324
0.554159
2.17779
0.948171
-0.28735
1.16646
1.18779
4.4476
3.31019
1.21994
4.06828
0.694222
1.13651
1.01279
0.579891
0.776599
0.495406
0.640101
1.15831
1.27197
1.33368
1.12964
1.09467
1.16285
1.4863
0.821063
1.11747
0.639723
4.58248
0.876427
0.627675
4.82592
0.563755
2.30873
0.469411
1.42528
0.959102
1.36389
0.74427
1.51412
0.32954
1.15337
0.978956
1.48147
1.099
0.792224
-0.532739
1.30794
1.13027
1.37214
0.147388
0.635113
1.32061
4.22216
1.04687
0.541599
4.172
0.488472
3.44151
1.03731
1.06961
2.75461
0.339534
1.27922
1.14557
1.15753
0.908814
0.934961
1.21157
1.01554
0.611318
1.30105
1.02732
0.955224
0.710596
4.64867
0.842487
1.34756
4.17009
1.11687
0.885848
1.15689
0.913589
5.18853
0.527792
1.13898
0.868789
0.685351
0.297334
0.854716
1.1958
4.14221
3.77846
1.25071
1.19449
1.12027
1.33227
1.02956
1.11872
0.937907
1.52628
1.2805
0.636614
0.0834457
0.609297
1.16531
0.378826
4.15112
3.52216
1.15368
0.896543
4.85115
1.04831
0.722745
0.831644
0.568655
0.855011
0.480167
0.784986
3.33632
0.658331
1.0541
1.16067
4.7268
1.05136
1.40947
4.10665
0.668935
2.15176
-0.281529
0.739389
0.683268
4.75634
1.12614
3.55205
0.902211
0.592307
0.860243
3.42764
4.2978
1.36221
4.42589
1.03455
1.30155
2.81267
0.977444
3.58496
4.31005
3.74808
0.786428
0.667882
1.28389
0.883641
0.495962
1.46924
1.30815
0.709576
1.20991
3.94398
1.33289
1.29409
1.6227
0.984371
3.78659
1.55979
0.834234
0.943734
1.23627
1.11536
1.10638
0.791103
1.27737
1.06218
0.691269
0.514267
4.85304
0.844629
0.518509
0.138313
3.70777
1.08942
1.16843
0.662736
4.55637
4.20428
0.237144
1.3085
3.38624
1.05186
0.673359
1.32009
0.702402
0.870853
0.239224
0.760342
1.06535
-0.103727
4.03273
1.28211
1.01458
1.31308
0.276711
0.727572
4.61708
0.532641
1.30589
0.538354
1.38273
0.537676
1.13405
0.800114
0.520965
1.14758
0.833084
4.02034
1.17871
0.76205
3.72041
0.878659
1.45099
3.58026
1.30162
0.614687
0.365261
0.940044
3.96911
5.06781
0.649444
3.78106
4.60743
0.762689
1.20168
1.37363
0.680867
0.565175
1.22659
1.3022
1.18368
2.93388
1.40594
0.961277
1.49237
1.56183
0.622536
1.15407
1.26624
0.528412
0.96039
4.7156
0.858681
1.15692
1.3258
0.771617
0.95833
0.485913
1.24293
1.57255
4.49983
0.920206
0.615281
4.33402
3.65383
0.627974
0.65655
0.888528
0.641545
0.505551
2.1571
0.081861
1.16844
0.911601
0.961753
1.11972
0.373502
1.17294
0.593365
0.0675789
0.5174
0.468138
1.53969
0.635277
1.10108
4.58275
0.817748
0.547666
0.963992
0.920298
1.04015
5.03616
1.16217
0.963413
1.04268
2.6737
0.834845
-0.124359
1.13985
1.17719
0.701508
0.725009
0.45477
4.14811
0.25329
1.02755
0.637418
0.662913
4.41205
1.21484
0.971776
0.911059
0.885723
4.4087
0.986363
4.90437
0.506115
1.19025
0.722352
0.861417
0.425281
0.526454
0.634541
1.39322
4.45067
0.947446
0.245572
1.35041
0.193535
4.76762
0.510499
1.46191
0.517755
4.40724
4.41116
1.37133
3.35296
0.193816
0.777878
1.26487
0.774409
1.36422
1.17784
0.659117
0.94125
0.477039
1.12791
0.68406
4.19175
0.627013
0.624743
0.114097
1.26946
3.96585
4.82853
4.23665
1.83544
1.23373
0.252526
0.513622
0.668605
0.55313
0.346816
4.8074
0.28469
1.20009
1.30161
0.574358
3.85362
0.566664
0.974127
1.18197
4.75334
0.840358
1.2333
0.639938
1.13779
0.544598
1.27472
1.25284
-0.519035
0.935076
4.95498
0.727859
1.39301
0.898887
5.34047
4.18164
1.4172
1.11117
1.17402
0.478253
0.730268
0.552551
0.514604
0.844191
0.483515
0.654734
4.52754
1.16558
4.43593
0.57257
0.173881
1.32489
1.55082
1.0851
0.884166
3.75765
0.482177
4.74843
1.32467
0.129095
1.37642
0.449415
0.512444
0.520018
4.80792
1.26963
0.88172
0.75476
3.41541
1.2761
1.20616
3.21744
0.890875
1.08471
1.26573
0.245689
0.621312
0.679063
1.32328
1.32738
0.983901
0.81822
4.34877
0.646618
1.44118
0.851078
0.551107
1.31401
0.41207
0.196156
4.86398
1.13443
0.688261
0.606791
0.77969
3.99706
1.09567
1.24262
4.02233
0.930458
0.770853
4.49688
0.801736
0.676204
0.634631
1.32947
0.609144
1.20346
4.28106
4.55208
0.137537
0.731207
3.24825
1.10265
0.120859
1.37658
0.857196
0.273902
3.69701
-0.462249
0.467918
1.46451
1.24649
1.35585
1.24237
1.24084
0.875557
3.65416
0.818053
0.978711
5.05113
3.89189
0.583345
1.33018
1.03929
0.573528
1.37916
4.03384
1.17265
4.17747
0.791543
0.772511
4.95357
0.635231
0.423868
4.32063
1.19064
0.255954
0.18622
4.73084
0.666908
4.99809
0.522706
4.36503
1.11568
0.630816
1.22703
1.16471
1.658
4.4419
0.962722
0.905514
4.39101
1.2877
0.788536
0.915148
4.10951
5.50505
0.521593
0.0310192
-0.372321
-0.332258
0.578268
0.594365
0.472318
0.764122
0.504798
0.968333
0.247266
0.79286
0.780424
1.17552
0.685895
1.24282
0.596313
0.465193
4.02052
4.62452
1.1733
0.677653
0.711847
0.619623
1.26805
0.576937
1.23398
0.931369
3.89588
4.22442
0.95657
1.21119
1.1348
0.603352
1.55818
0.57043
1.15594
3.95941
0.162218
3.76155
0.814055
1.2698
0.590728
1.17571
0.421286
1.38163
0.518094
0.429043
0.3582
0.450537
1.48623
0.73049
0.733094
0.591103
2.3634
1.17534
2.26719
0.544679
0.634467
0.466254
1.33005
1.26872
0.879413
4.9414
4.90499
1.10972
1.7824
0.664627
0.970728
0.858833
3.47159
1.14538
0.948575
1.24997
0.925774
0.3847
0.847788
0.934372
3.47427
4.32788
1.4857
0.96658
5.3941
0.910729
0.0952387
0.640001
0.989022
0.969688
0.259472
0.753761
3.72383
1.42798
0.660787
4.41232
1.46868
0.882022
4.33359
1.23502
0.918014
3.08891
1.30562
0.248875
5.54962
1.2913
4.00281
4.38696
0.670188
1.0168
1.20905
4.41448
1.22624
0.946587
1.12493
1.38024
1.37619
1.4111
0.494705
0.569677
0.278649
1.36866
1.43491
1.15832
1.05968
1.16551
0.966471
1.2372
3.74105
1.31968
0.261857
0.906006
3.27536
1.24879
1.18857
0.606221
1.24491
1.26447
0.633582
1.13822
1.44413
0.673058
1.11254
1.19928
0.54044
1.14567
0.775442
0.889504
0.602409
0.875763
1.3307
0.881338
0.381038
1.19358
1.31118
0.51873
1.13259
0.17757
0.904657
0.912873
0.914555
1.2492
0.482768
5.0118
0.931789
0.633906
0.428551
0.638542
0.750644
2.99261
0.952216
0.767455
0.0444504
0.876853
4.06447
0.892692
0.625881
4.92425
3.65914
0.534088
4.46104
0.507764
3.70876
1.57206
4.81188
1.53549
0.962027
0.915411
0.520729
-0.437177
3.33931
2.15626
1.15948
4.674
0.73587
1.28674
4.17935
1.21913
0.61012
0.424706
4.57941
5.37044
5.39093
0.461763
0.464099
0.938929
-0.0626309
1.36463
0.338595
4.60403
0.337173
1.02365
0.896893
-0.0826883
1.22632
1.17102
4.20581
0.733598
0.787448
1.89037
4.92428
0.186368
1.31106
3.66342
0.956696
0.96566
1.3206
3.80594
1.25973
0.730235
0.467218
1.11558
0.0536217
2.12332
0.937734
1.13635
0.642215
5.02698
1.25621
1.13369
1.16129
0.522667
0.406154
0.584895
1.73167
3.67391
1.64419
4.73646
1.21177
0.769844
1.15476
1.41753
1.18103
0.620429
1.38925
0.716991
0.737816
1.12123
0.992553
1.17458
0.707731
1.12087
1.71783
0.1869
3.27761
3.78831
4.11852
1.38345
1.27209
1.30083
0.541618
0.399118
1.16538
1.38789
0.763025
5.28272
1.41619
0.827688
3.09507
0.286494
0.226897
0.701782
0.966888
1.3828
4.8615
0.904128
0.664155
1.29453
0.90224
4.02755
0.752436
1.84808
4.3546
1.16483
1.26948
0.712349
1.13299
1.01211
0.649129
0.756379
0.526529
3.09967
2.85491
0.910908
4.13823
3.40009
1.2476
0.536652
1.31157
0.521778
0.734835
0.772685
0.809702
1.22623
1.06179
1.16695
1.30891
5.23855
2.42727
0.710927
0.783028
3.83372
0.62899
3.296
4.319
1.54004
0.521194
1.24056
0.726526
0.524185
1.37564
1.26318
0.697102
0.721836
4.53351
0.501859
1.42005
0.76738
4.10083
0.795779
1.13313
0.048246
0.918203
2.05121
0.409525
3.04546
0.98901
0.926672
0.925329
4.36052
1.38987
0.462101
0.919124
0.745924
1.42961
1.49038
3.88609
1.15161
3.96462
0.911824
2.46676
1.56244
0.915407
0.508541
0.827681
1.29327
-0.719739
1.30398
0.928177
0.913811
1.14464
1.5391
0.791287
0.955139
0.729176
1.56794
2.7059
1.17085
0.780666
1.15656
5.37318
1.22898
2.25969
0.905256
0.526659
0.931278
1.14037
4.01088
4.30295
0.948592
1.19418
0.609729
4.84419
1.37016
0.589092
0.881575
0.726488
1.38272
4.02745
0.148283
0.177759
4.10888
1.06188
0.772191
1.38905
0.597332
0.639581
1.15126
4.35272
4.69646
0.669873
4.43925
0.60158
0.612851
0.740824
5.30604
0.954196
1.25759
3.86883
1.25809
0.197526
0.248527
1.39293
1.19372
0.974884
0.614167
5.00826
0.476053
0.552164
1.18948
0.499659
0.51454
1.45347
0.589952
1.32498
1.15582
0.965751
1.00619
4.30844
4.59259
2.3585
5.18347
0.462097
0.215584
1.57534
0.39604
0.721543
0.0105501
0.863523
1.28211
2.98661
0.928075
2.50728
1.18162
4.05316
1.45181
0.748562
0.427962
1.60961
1.21232
1.16828
1.11215
3.22882
0.352728
0.554706
1.02636
3.95746
0.990269
0.748377
1.0374
0.735916
0.959077
0.758879
0.856007
0.759291
0.668594
1.5062
0.958814
0.881571
0.830181
1.02642
0.277117
0.811718
0.857142
0.984764
0.538821
0.78875
4.31567
0.646995
1.28541
3.13516
2.58319
1.11671
0.808392
0.881394
0.0900029
3.4446
1.37812
1.16015
0.943705
4.20094
4.57321
1.37096
0.584505
1.08999
4.46787
1.20966
4.55859
1.1437
0.340896
1.26719
1.33996
0.53825
0.587867
0.372235
0.964897
0.685848
0.633684
1.07777
1.03728
1.05925
2.01122
0.770043
0.648243
1.07565
0.266748
2.7358
0.778293
1.24149
3.6881
1.25997
1.20952
1.31847
0.768395
1.05861
1.29352
0.813354
4.20255
0.486387
1.33538
4.43616
1.37332
3.24856
1.22883
1.24498
1.16915
1.16505
1.27706
0.207129
0.526727
2.71897
1.37501
0.897641
5.03713
1.3182
1.41319
4.29937
3.46901
1.55051
1.18077
1.08284
3.52075
0.953573
0.505797
1.11721
0.598088
1.34457
0.567694
0.683162
0.709226
0.839704
1.24754
5.64358
1.04421
5.19515
4.17582
1.34547
1.22231
0.398732
1.145
0.524692
0.940654
0.91727
1.02795
1.01033
4.0865
0.718867
0.189733
1.3247
0.400692
1.30348
1.20632
0.551463
0.566971
1.3515
4.3935
1.26318
3.86827
1.26621
0.632482
0.940141
0.758262
0.601933
0.151757
1.38553
4.0484
0.941487
1.14673
0.100733
0.963657
1.31261
1.19501
4.50287
1.08405
1.73213
5.06036
1.48367
4.49205
0.400605
0.157958
1.08233
4.08685
1.45946
3.9752
0.502022
0.777985
1.18808
4.11213
3.93171
0.818131
0.963438
4.58291
0.603682
4.25013
1.46818
4.61996
3.63507
3.87247
1.28387
0.856782
3.90777
0.0462935
0.772031
5.125
1.13123
3.64733
0.950616
1.13455
1.13144
0.151615
1.19402
4.73516
4.82117
0.867862
1.21602
3.39639
1.14548
5.56625
1.59728
1.0421
4.21713
1.38285
0.843742
1.11035
2.19925
0.629115
0.964793
5.33101
1.01568
1.44995
0.969613
0.371726
0.965503
2.45472
4.72427
-0.0724783
1.03125
4.69399
0.953728
0.059452
4.41009
0.951093
4.70877
4.99447
0.66587
0.601251
4.1711
0.660739
0.47261
1.32369
3.96345
0.394731
1.13042
1.00307
4.32796
0.798709
4.13018
3.88017
0.767124
1.20944
0.670591
0.367663
0.962929
1.37845
1.20057
0.696828
0.618208
3.97947
0.953594
2.87825
-0.0428714
1.16232
1.31973
1.27937
0.875229
4.63616
1.26349
3.64142
0.853839
1.39313
2.99268
1.04515
1.38708
0.535464
1.12354
1.15171
1.23569
1.43451
4.16982
0.74872
1.01074
0.503521
4.45354
1.11846
1.15838
4.74741
0.132428
0.527283
1.15536
1.16229
0.958393
0.994997
0.605867
0.784933
1.01027
4.89574
3.94901
1.21649
0.902701
0.858452
4.04442
1.13903
1.0801
0.940769
0.699818
1.31069
0.980652
0.876499
4.79322
0.501372
1.05392
0.740665
4.07678
0.633212
1.54517
-0.126608
1.06481
0.23231
4.12527
0.216694
3.95989
3.68607
4.71174
0.811537
1.39111
1.26434
0.585935
4.64648
1.43379
0.943696
0.821175
3.99172
1.1003
1.15168
1.29078
0.393437
0.692717
0.799924
0.663113
0.647005
3.51984
3.51232
0.095854
0.104299
2.70537
0.122754
0.719362
1.45377
1.82813
0.547532
1.55232
0.974774
0.828699
-0.120543
3.81657
1.18069
1.26386
1.723
0.571899
1.2785
1.16722
0.455354
0.841882
1.26678
1.31435
0.92234
4.85229
1.00519
1.15623
0.589233
1.15536
0.673199
2.26946
0.69983
4.83654
1.1908
1.03559
1.25267
1.44528
0.626888
0.460363
0.691037
0.580336
1.22962
0.890824
1.07245
1.24651
4.26323
1.16631
0.902304
0.646526
1.38145
0.967359
1.38634
0.359259
1.03681
0.0757002
1.0404
3.8628
0.656852
0.820885
0.799204
0.178449
0.858846
1.27067
0.8579
1.16697
0.967557
1.29783
0.0105776
4.9356
0.657609
1.27119
3.91327
0.988418
1.01333
0.83705
2.4234
-0.442646
0.828913
-0.498411
0.882
1.09843
-0.281258
4.40407
0.170301
1.27376
1.43138
1.59786
1.15049
0.608276
0.4228
3.82688
0.475501
1.20943
0.86509
1.35006
5.5353
5.47406
0.700201
4.75716
0.553686
2.48947
1.14867
4.06222
0.806322
0.74881
4.90962
0.695212
0.809752
0.366306
0.737383
0.499029
0.795349
0.642421
1.16332
0.590058
1.21823
0.924895
0.123433
0.136213
4.44013
1.08801
0.972955
0.296157
1.00413
4.72706
0.979493
1.06952
1.05964
3.37218
1.02728
4.21098
1.72957
1.19884
4.85312
1.52024
0.992175
1.89319
3.55615
0.740601
0.655039
0.622498
4.15616
1.02612
1.24148
4.89067
0.646792
-0.275621
0.626481
1.19422
-0.830941
1.18006
0.361788
4.47566
1.43113
0.633424
0.774894
3.38025
-0.713259
4.16269
3.62249
0.584479
0.460224
1.13574
1.10582
1.0229
0.60269
4.05864
2.95123
0.492621
1.11747
4.02894
3.11556
0.813374
4.43898
2.54512
1.2611
0.524375
0.338363
1.38299
1.24635
2.86004
0.412573
3.75699
3.46102
1.16353
0.806512
0.419772
0.69196
0.464349
1.40192
0.581275
0.17468
4.18462
4.22505
1.28242
0.59772
0.889392
3.80068
1.26865
0.524033
0.143389
1.30027
1.56605
0.708656
0.945675
1.29468
0.590952
1.12889
1.02398
1.29116
1.3004
1.05968
1.56019
-0.7306
-0.300248
0.787601
1.03613
4.38895
1.18835
2.90306
0.350715
0.67291
0.34267
0.557072
4.79322
1.04087
1.07561
3.63215
4.36747
1.11976
1.06121
1.02775
1.16831
0.548909
0.896102
1.18432
4.00614
0.761059
0.987272
1.19176
0.902557
-0.143006
4.82594
1.18678
3.53495
0.41667
0.571545
0.979416
1.02974
4.90764
1.30578
0.907999
3.17736
4.30028
3.83806
1.39294
0.464649
1.09734
0.627252
0.506464
0.449758
1.58038
0.46366
4.62686
1.60172
0.839929
0.196021
0.760869
1.15601
0.603492
0.641215
0.69082
4.97303
0.463777
0.595875
1.20252
1.33066
1.12437
1.31491
0.533841
1.26695
5.00581
0.0466862
1.06508
1.33725
1.24939
0.0890612
0.983413
0.832836
2.01358
1.05581
4.42051
0.818613
1.15662
1.31228
1.07182
0.851352
3.63341
0.649108
0.721631
1.18881
0.641936
0.855339
1.15914
0.982433
4.18114
1.26733
4.17777
4.24982
0.456275
0.559077
0.69524
1.27206
1.26894
4.35832
4.37149
0.745235
1.32309
0.292863
0.815649
0.741695
1.10303
0.722304
1.03876
0.981444
1.30437
4.92058
2.47375
1.21929
0.622939
0.831322
3.76221
4.72295
1.20018
1.61435
0.424865
0.726255
4.79758
3.60102
0.180879
1.01477
1.33369
2.42688
3.08687
1.24738
1.11535
3.657
1.2853
5.22304
1.24241
1.19331
3.66751
1.31054
2.6702
1.04111
0.580639
1.13689
4.11491
1.38874
0.744158
1.22377
0.66299
0.976384
2.66152
1.18141
0.862656
1.10002
0.419238
4.29998
3.93909
2.10552
0.969436
0.740986
0.568617
0.967469
5.01849
3.05526
0.44552
4.99502
0.801511
0.959049
4.5599
2.59539
0.718559
0.757128
1.2722
3.87448
1.22246
0.626886
1.27956
0.512622
1.96669
1.1389
1.28484
1.06358
1.04976
0.959579
0.021836
4.13208
1.20232
4.28765
0.463782
1.27814
4.31854
1.31803
1.06149
1.29397
0.313844
0.941876
1.29
1.43178
0.955722
1.12222
0.123558
5.18686
4.74467
0.944817
4.95491
3.87311
1.27948
0.818498
1.16466
0.625192
1.07061
0.929372
0.645522
0.737773
3.13935
4.71683
4.12891
4.90783
1.16969
1.0453
1.15668
1.33666
0.575442
0.639712
0.235098
4.97619
1.15534
0.740701
0.454104
0.875335
1.04027
0.160913
0.935925
0.467137
1.17773
0.647948
1.31034
1.36528
1.27931
1.30195
0.424613
1.18994
1.17651
1.2039
0.917814
3.97926
1.04605
3.74963
0.909666
0.384617
1.20027
0.940683
3.37198
0.136894
1.1445
0.849853
1.10098
0.993833
1.28767
3.98973
0.846867
4.93373
0.636555
1.21341
0.651215
4.71546
3.94515
0.483676
3.55391
4.81028
2.13741
1.29147
0.867031
0.59788
0.798308
0.945479
0.904627
0.320437
1.20666
0.901897
1.16203
4.487
0.569781
0.946424
4.61016
4.31847
1.14819
0.297532
0.380066
0.959027
1.41757
1.1574
0.361073
1.04326
1.05944
0.354223
1.28737
1.28069
1.32686
0.317492
1.28251
4.46461
1.35986
1.80128
2.1928
4.80516
1.05849
1.57643
1.30225
1.261
0.34052
4.66204
4.1444
0.596183
0.67701
3.08278
1.13042
0.554412
0.678382
4.86728
0.813918
0.8389
0.850893
0.477991
0.945182
1.07656
4.713
1.07159
0.47157
0.299565
1.05431
0.969176
0.9207
1.40543
1.05843
1.12647
2.36857
1.26151
1.37045
0.973489
0.883332
2.62011
3.8203
1.35527
0.721705
2.65239
5.12529
4.17044
4.27851
0.640904
4.49486
1.26933
0.515528
4.70993
1.28862
1.15727
0.774071
4.25285
1.37226
0.522525
4.0969
0.00200943
0.962908
4.91688
0.622381
0.453272
3.97336
4.43189
0.690107
1.36451
0.805999
4.52244
0.476598
0.79735
5.21468
0.513227
1.03449
2.71116
4.45267
4.62147
1.26344
1.20815
4.82424
0.21428
0.794113
0.27379
0.546281
1.18804
1.55116
1.06743
0.516116
0.890459
0.720588
1.20254
0.458311
1.45653
4.24826
4.59795
0.832951
4.50056
4.53026
0.489872
1.48218
0.898121
4.79157
1.28064
4.55942
1.08831
0.991928
1.19801
0.691033
0.967632
0.761708
4.26868
0.375118
0.778626
1.04518
1.28141
4.86385
1.28739
4.5151
0.632488
0.927728
1.10876
1.29184
2.09303
1.32624
1.29717
1.22665
0.357144
1.85595
1.28368
0.181305
4.4011
0.592266
0.806423
0.954223
0.66513
0.160567
4.49537
2.27804
0.580849
0.834219
5.43131
1.27975
0.456521
1.38146
0.672102
1.5069
0.773391
0.842134
1.1493
0.898246
0.998433
0.859456
0.579985
1.28655
1.00954
0.628781
1.25594
1.29371
1.14861
1.39394
0.950105
1.37554
0.888974
0.504383
1.16742
0.463066
0.445808
1.2787
4.02198
1.3961
1.17031
1.40359
0.79253
1.50518
4.65605
0.767907
0.206704
2.96112
1.38567
1.32103
0.711148
4.19945
0.933816
0.410952
3.82254
0.926256
3.59788
1.26258
1.54263
0.58893
4.60159
4.90275
0.77672
1.38725
1.52271
1.11989
1.24659
1.40065
4.85531
0.948545
4.61309
2.11553
0.528635
0.446339
0.597791
1.69907
0.781919
1.11299
1.20424
1.19143
1.41617
0.567766
0.901675
1.35353
0.483475
0.96404
2.62179
0.895121
0.461708
5.14845
1.27753
1.275
2.51084
4.78133
0.536899
0.835367
0.375738
1.32431
1.59212
0.00898036
1.27288
4.99556
0.377147
4.82805
0.920961
1.30885
4.72734
1.15062
2.62062
1.35183
0.644867
5.00633
1.0586
0.755776
4.52382
0.533441
1.00758
0.974453
3.88861
1.27403
1.15251
1.50268
1.18369
0.764309
1.1961
0.650918
1.13822
4.55086
3.71398
0.135903
-0.0112061
0.589088
-0.0409029
0.945525
0.958006
0.522508
1.16102
4.01092
0.322068
0.554268
5.49518
1.87408
5.49047
4.38091
5.25806
0.713534
4.18913
0.333674
1.22199
0.913335
0.355682
2.24975
3.91046
4.40922
0.608875
0.530528
3.26629
0.415914
1.24211
2.19922
0.465618
1.32412
5.23338
1.63685
0.523626
1.15134
5.57551
0.41807
1.38895
1.36158
1.57917
1.16684
0.981921
0.829292
5.08038
4.43288
0.774256
0.26274
1.19374
0.866558
3.31996
0.979902
1.25359
1.2094
1.2642
0.403457
0.883494
1.36164
1.205
3.15861
1.07414
0.723123
0.736159
0.642007
0.450062
1.85384
4.70351
0.444194
1.24662
0.0766739
5.42582
1.1097
0.849291
0.748871
4.40712
0.950865
1.4789
1.25616
0.421019
4.89104
0.568781
0.763001
0.979121
0.608193
4.32867
0.587381
1.0628
0.854681
0.489829
0.530732
0.972695
4.39468
1.32188
3.67925
0.722924
4.36844
3.72556
0.475046
3.27708
1.30763
1.42057
0.462934
0.711525
1.34292
1.06379
-0.223733
0.44788
0.956179
0.673338
1.27757
1.27094
1.18969
0.975024
0.892794
2.78054
4.40996
0.80238
1.16268
1.53715
0.628064
4.7091
0.924801
1.22238
0.510919
1.16826
0.62625
3.9521
-0.522851
0.47029
0.694812
5.09504
0.232943
0.195999
0.599461
0.486261
5.08232
1.03507
4.68158
3.65121
0.779232
0.263685
0.331861
4.41647
1.53964
4.27645
1.30163
1.47515
0.865773
0.825713
5.41867
0.903102
1.2879
1.02449
0.617051
5.01885
0.957984
1.12228
4.90747
1.37842
4.72757
1.57742
1.40583
1.17491
2.84362
4.30773
2.95763
0.454715
0.766905
0.782829
5.21196
1.10463
1.95306
3.82868
0.810452
0.852944
0.179231
1.044
0.812643
0.938222
4.77282
0.743016
1.19978
1.38773
1.39009
0.351358
0.918634
1.16214
1.3822
3.36247
0.50432
5.24077
0.709322
4.27197
0.0883746
0.0771644
0.855288
1.16148
0.979352
1.19102
0.413194
0.486262
3.57412
1.07969
1.03602
1.22818
2.52154
1.14512
0.550644
0.204637
4.18051
3.72756
3.37398
0.282782
0.867908
0.720357
5.1733
0.252396
0.804632
1.2675
1.03229
0.771405
-0.235391
0.89623
3.97198
1.07366
0.504585
1.07321
0.85129
0.794597
4.24681
1.08064
1.33811
4.42004
1.20418
1.85989
3.70081
0.440232
1.6371
1.2268
1.84641
1.05239
0.773306
0.975265
3.67907
1.00877
1.31415
0.659662
1.23206
2.96082
0.453945
0.426205
0.572571
4.51194
0.589216
1.22153
0.76064
2.48977
0.929917
1.38696
0.0307878
0.382631
1.31662
1.26059
4.95878
1.85705
4.83388
4.4265
4.23286
0.384262
1.20042
-0.181754
1.29036
3.54526
1.37514
0.495675
-0.432826
0.959494
0.947493
0.337446
0.901648
0.936467
1.08345
0.769594
0.916495
1.26002
0.573114
0.956997
1.12681
4.32909
1.30599
1.38794
1.31153
0.596634
0.73781
1.05638
0.7201
0.669523
3.31472
0.92672
0.630428
0.936556
0.724167
1.231
1.29884
1.06691
1.04109
0.00657874
4.91433
0.812015
2.2436
0.0368246
1.57376
1.20532
1.21491
1.00766
0.560263
4.15211
1.02383
0.712755
1.3873
5.46187
0.541562
0.558213
4.63598
0.848638
1.12504
4.68289
2.61002
1.37724
0.94502
1.16475
4.19143
1.09754
1.17301
4.26926
1.2004
1.07105
0.630821
1.0522
1.04461
0.766173
0.715729
0.419649
0.471904
2.70665
1.21928
4.79645
1.07592
0.902612
1.46102
5.25856
4.19128
1.39108
0.34986
1.15718
1.22672
-0.293421
1.00982
1.25982
2.88135
0.90285
0.239933
1.02619
3.88581
1.37882
4.30349
4.7184
0.287109
1.25724
5.50717
0.497084
0.503198
1.58518
2.58603
1.13062
0.169253
1.38454
3.02741
1.25448
0.943978
0.894356
0.415907
4.27516
4.2362
0.90933
1.39666
0.712888
1.1772
0.906859
1.04069
0.930945
0.528507
0.93969
2.17215
0.849589
0.436552
0.986858
3.67621
-0.0464528
4.55103
1.39179
0.950538
1.46031
4.11007
0.244151
1.30645
0.837542
0.759898
0.277976
2.9762
4.24631
0.121503
0.0370887
0.811834
1.31405
1.22447
4.32145
1.16731
0.933635
4.29258
0.635383
0.825898
4.65945
0.561614
0.985327
0.810322
1.05404
1.34499
-0.262214
4.72735
1.35983
1.36821
0.943656
4.33807
0.713489
0.792939
1.19933
0.400297
3.66003
1.23977
0.703236
1.2859
1.28824
2.84531
0.999895
0.809648
0.857441
0.691504
1.06734
0.876192
1.26946
1.03779
0.580157
4.78583
4.81408
0.728194
1.19083
1.22134
0.987371
1.20718
1.0821
1.40274
2.75051
0.379448
1.077
1.4065
4.03338
4.32457
1.38761
4.3156
3.95309
0.37749
1.06281
2.90034
3.01682
0.313167
1.13642
1.04379
1.89083
1.15889
0.889816
0.907841
3.27588
1.24149
1.16912
0.22493
0.215976
4.26423
1.14608
4.25052
5.24937
0.763716
0.463195
1.43736
4.45836
2.4563
0.820568
0.794013
1.1417
4.16781
0.831725
4.10716
1.06083
0.850525
0.318165
1.18617
1.0891
1.22594
1.19867
1.02786
0.834702
3.95024
1.32028
0.947321
0.959531
3.49233
1.26713
1.63641
0.659141
-0.0647334
0.985054
1.2016
1.27928
1.23453
1.00128
1.16407
3.18299
1.39296
4.55729
3.45499
0.991046
0.863437
1.40187
4.96789
1.4282
4.64941
4.43772
4.68796
0.744234
2.39216
1.07966
0.790181
0.505953
1.41853
0.29089
1.01474
0.84947
-0.380448
0.76971
0.500546
1.24022
0.765908
0.907964
4.43687
-0.250531
1.50871
0.677909
0.742405
3.85552
0.882719
0.953643
0.763185
0.703988
1.37105
0.324445
1.05997
0.963928
1.24488
3.99558
4.574
1.26278
0.970502
0.875333
1.38015
1.10486
0.637362
1.25909
0.958538
0.961648
5.57645
3.17107
3.99076
3.25378
0.457637
1.09273
-0.0940588
1.16511
1.1909
1.47507
-0.00845658
1.15699
0.0143058
4.04994
1.05064
0.789543
0.585025
1.27343
2.94354
0.975294
1.28947
0.981395
4.22922
4.00268
1.3878
0.658474
0.893645
1.21768
3.5609
1.0277
4.44545
0.814826
0.787356
1.15435
0.981033
3.38596
1.13792
0.388034
1.42921
0.630449
4.00075
1.25982
0.872178
1.10818
0.997143
0.376937
2.75282
0.292969
1.56502
1.36779
1.43567
0.684518
1.03977
1.40462
1.09906
1.15727
1.05954
0.924018
1.35738
1.16594
1.288
0.900451
0.922481
1.16008
0.926306
4.72762
-0.0317558
0.893302
4.12889
0.822352
3.20075
1.38853
0.65692
0.682887
1.31174
0.963029
5.15811
5.46377
0.680511
1.20255
1.07852
1.11478
0.667808
0.223168
1.28038
1.25885
1.27314
1.28652
1.02845
-0.058725
1.3954
1.2761
4.63392
5.42379
0.369214
0.812313
3.88207
0.617621
0.47826
1.61254
0.667657
1.12308
1.25657
0.939895
0.572586
1.16171
1.32924
3.04892
0.271634
1.13834
1.22345
0.44017
1.294
0.470318
1.55545
5.20896
4.74675
4.73913
1.29095
1.12484
-0.222
1.39969
3.8491
0.686674
1.14961
4.68115
1.09652
0.574731
0.92879
1.15382
0.890787
0.663268
0.763035
1.10018
3.20484
0.760894
0.564987
0.877966
0.729349
0.572269
1.3447
1.2031
0.413676
0.68816
0.934906
1.40876
0.838146
1.37496
3.81495
0.952866
1.31679
1.39533
0.32758
1.15758
0.28871
1.12087
3.50324
1.15732
1.16312
0.910435
1.03977
0.677237
1.40798
0.98195
1.02893
0.626248
0.133696
4.46237
1.06815
0.666876
5.37789
4.16152
0.405978
4.39604
0.998595
0.481867
1.17202
-0.0274195
1.1686
5.45278
0.791326
0.960104
-0.220021
1.26063
-0.70325
1.35836
0.495104
0.879345
0.501119
1.25307
0.536323
4.41568
0.747094
0.0679593
1.81296
1.27366
1.1813
0.781117
1.11304
1.34267
4.25018
0.398494
1.8067
0.758209
1.37043
0.939108
1.24203
1.24592
0.8287
0.954558
0.385767
0.685709
5.36927
0.485837
1.01839
1.12883
4.65892
0.634804
0.453765
1.20838
1.19602
0.437969
1.34881
2.33738
3.77484
1.21372
0.677699
0.144267
0.794234
3.46834
1.3567
0.76924
1.12535
1.11272
4.39113
1.08004
1.26431
2.26879
1.26014
1.7673
0.125088
3.15579
2.74484
0.562779
0.33458
1.37744
0.514292
0.669168
1.34605
4.78392
4.24357
3.18858
0.695007
0.224538
4.27647
0.487738
0.397805
3.62711
2.9823
0.870061
0.334622
1.92954
0.420382
1.27531
2.71068
0.396607
4.60528
1.06125
1.1516
0.791676
1.00418
0.915056
0.936021
0.957014
1.21385
4.66016
0.561731
4.22795
1.6743
3.5644
0.941367
1.08013
0.700269
1.03353
1.57047
0.281419
0.933219
0.777662
0.767812
0.69404
1.05614
1.13236
0.262101
0.487928
1.24975
4.76761
1.28393
1.26573
0.738797
4.2727
4.39245
1.26835
4.229
0.145149
0.947774
0.170395
0.829024
1.14551
0.972015
4.28285
3.12834
1.00598
0.970219
1.37514
1.07222
0.807461
0.98125
3.89694
0.567745
0.567026
1.20345
1.54923
0.705485
0.907135
4.62086
0.125913
0.365218
1.04292
0.616957
-0.15408
3.89657
0.27342
0.86136
1.15906
0.0940921
0.911118
0.631172
0.681412
5.4709
0.936726
1.06109
0.909134
0.835861
4.30422
3.70106
1.41701
1.31082
4.72391
4.01908
4.01809
4.8054
-0.0136145
2.3211
3.42529
0.396814
0.916221
1.13183
0.893848
0.255936
0.604975
1.17033
0.638252
0.328724
1.33577
4.80381
0.484017
1.40647
1.36017
0.507989
0.392608
0.525674
1.11142
5.06719
0.819205
1.27935
0.767737
0.976758
1.2036
4.59345
3.11981
1.08869
0.819924
0.573719
5.60063
0.97387
0.861924
0.994924
4.00157
1.38459
4.64194
1.39829
0.957392
0.834576
0.204553
1.26233
-0.840758
1.01253
5.58384
1.02539
0.81438
1.29175
1.29092
1.57656
3.13488
0.415935
0.741533
0.677582
0.847845
1.23617
0.855812
3.50938
4.41313
3.14188
1.39419
0.608955
1.1237
0.584605
0.893441
0.877995
0.619048
4.38283
3.26697
1.73052
0.871745
0.951656
1.28253
1.18775
4.34514
1.1729
1.36658
0.339855
3.92351
1.04555
0.68841
1.55382
0.990314
0.866698
1.21605
0.924652
0.942623
4.37451
1.37434
0.975113
-0.10714
1.23868
1.13689
1.21551
1.06747
0.662768
0.396139
0.447151
0.849437
1.43273
2.25862
4.38708
0.411299
0.48682
1.03502
0.893267
1.26003
0.809377
0.408282
1.35808
0.795929
0.707398
4.56516
1.13956
1.10724
4.34434
5.06009
0.459511
4.13558
0.909811
1.10071
1.58891
0.496359
1.428
5.46375
0.928908
0.95145
1.18079
1.13777
0.632431
1.31408
1.28425
1.5748
0.706714
0.644868
0.492336
0.729466
1.37078
4.51383
0.399034
5.35763
5.59378
0.596837
0.626716
4.57387
1.3995
1.06015
1.02491
3.18607
0.84515
1.80017
1.43692
0.846679
0.93526
0.825763
4.72003
1.16461
2.37342
5.3669
4.15802
1.50947
0.198678
0.845138
0.951348
3.63724
1.22892
0.972979
0.852265
-0.537805
0.676633
4.29974
1.03634
1.02414
0.600613
0.774377
0.467329
1.04367
1.31667
1.33456
0.926724
1.39508
0.931587
1.14402
1.28752
1.29789
0.817536
3.79415
0.527845
1.29999
3.1916
0.847082
3.4104
0.876532
0.978936
4.61524
0.845382
1.24891
1.39108
0.672958
0.262569
1.36892
0.971939
1.15794
0.528825
4.42149
4.19653
1.03192
0.778303
4.98276
0.762272
3.03453
1.59628
1.1626
0.591044
1.12235
0.881669
0.615
3.52844
0.470732
1.22483
1.30174
0.554932
1.21123
0.828685
0.397994
1.06388
4.25915
2.53452
0.822399
1.07136
0.87772
0.82209
1.2943
1.14117
4.58526
1.74239
4.57786
1.06895
0.962269
0.630319
1.12597
4.38111
1.03696
0.142734
0.977703
1.00999
1.59835
0.519991
4.42721
0.957467
0.149702
0.972731
0.432462
0.442099
5.28871
0.976157
1.32285
0.949487
0.894671
1.25139
1.03793
0.463018
1.19715
1.03977
1.52783
1.33516
0.739395
2.62475
4.18542
3.96827
0.469771
4.68231
1.51235
1.2103
4.43316
0.663354
2.59705
1.36199
0.525979
1.20835
3.81601
1.01293
0.699445
0.713891
1.07242
4.4559
1.18927
1.03937
1.03724
1.35606
0.529021
1.18483
5.30135
4.15499
1.07662
4.08813
4.86054
4.22701
5.21927
4.24084
1.29944
0.520016
5.07119
0.841687
1.30591
0.521468
1.29356
0.913904
0.659781
1.22132
0.935308
0.550485
1.21482
0.219602
3.44022
1.01383
4.91681
3.6569
4.26857
5.47785
0.839125
3.34197
0.0675232
0.571301
2.3012
0.679459
1.29705
0.61149
1.15067
1.35468
0.99669
0.703809
0.250107
0.704514
0.043562
1.20527
0.6867
0.952486
1.63502
1.10109
1.23079
3.57813
1.26201
1.0034
0.70092
1.53505
3.91602
4.94402
0.0699312
-0.000609858
2.75062
0.303915
1.39445
4.70435
1.37395
0.419824
1.18582
3.9074
1.34428
1.11977
1.36233
1.08078
4.67147
1.24253
1.05899
1.45998
0.697615
1.19465
0.119635
0.884393
4.72441
1.01709
1.0152
0.350938
0.742923
1.29609
1.15014
0.786239
4.71596
0.986473
0.979043
3.28383
1.29864
0.940666
3.88114
1.3173
1.174
1.05782
1.17124
0.351166
1.36505
0.860607
0.72657
0.388675
0.95446
0.07763
0.94223
0.316436
1.38057
0.703982
0.68882
0.556686
1.01267
0.698772
0.827
0.591643
0.60111
4.72242
1.30222
4.37869
-0.0202115
4.96328
0.844889
4.22651
0.747454
1.15689
0.101374
0.940566
1.28428
1.08782
0.721495
0.850338
0.93319
0.419252
1.16041
0.134811
0.906396
4.11102
4.46829
1.28765
0.590767
1.1397
1.16811
0.632264
1.011
0.670626
0.824497
1.30911
0.0663763
0.626603
1.48761
0.749407
4.67088
0.708072
0.436144
0.969296
0.926229
1.10389
0.963386
3.31612
0.755947
0.525005
0.78931
1.20302
2.95714
0.647758
0.165594
0.0495419
0.898688
3.66881
0.527256
1.23755
1.23758
2.3068
4.76678
1.26416
0.25937
2.2463
1.32264
2.09457
3.69843
1.58695
5.32668
0.266466
4.82882
1.12312
1.31215
3.72491
0.682247
1.30654
1.19164
3.12907
4.41476
0.361217
1.07736
4.29514
1.29839
4.30111
0.965109
4.34763
1.05847
1.11245
0.675819
1.30813
1.02797
4.00952
0.42259
0.49961
0.799212
1.15763
4.87136
1.30114
0.119532
1.23013
0.870522
0.678668
4.40624
1.12907
1.19808
1.04223
3.03153
1.27261
1.33706
0.53088
1.35992
1.30951
1.05431
0.857426
0.675448
1.07012
1.07415
0.521416
4.30797
0.919928
1.2289
0.847847
4.46607
1.35924
1.51169
1.59426
0.804084
1.20316
0.321834
0.669139
0.699888
1.22104
4.21211
4.59774
4.65913
1.45596
1.00199
0.640869
1.21418
0.532557
0.883311
0.354135
1.38768
0.5373
4.37613
0.973813
4.30339
3.75536
1.43891
0.328383
0.831363
1.19272
1.12745
0.939952
1.09304
4.51887
0.680823
4.6185
4.75096
0.656176
0.657158
1.34023
0.821064
0.836967
0.885901
2.35135
1.14918
0.685183
0.68222
1.36533
0.759875
1.30374
1.37155
0.351499
4.18546
0.716609
1.24421
1.89373
0.476243
0.848611
4.1087
0.573919
1.42693
0.766637
0.991218
1.3482
0.941257
0.645668
1.24882
0.765709
4.10462
0.992013
0.857408
3.66943
4.39746
0.858493
3.94583
4.3201
1.25617
4.49721
1.02112
1.02541
0.806473
1.17252
1.28478
0.758844
0.948973
4.77634
0.780432
5.03657
1.22421
4.71491
3.57224
1.16412
1.16128
0.821141
1.30271
4.18534
0.925086
0.385262
0.960961
0.999096
2.66472
1.26914
0.160969
1.12917
5.24707
0.329002
0.957711
1.47319
1.30365
1.90089
0.718152
0.7289
1.01078
0.626053
1.19248
0.86042
1.33625
1.23508
1.51477
1.09316
5.29054
1.13829
0.723222
0.462358
0.480633
1.61219
0.634498
0.308928
4.23561
0.915729
0.54611
1.06142
1.44017
1.37093
0.620574
0.517154
1.20761
2.96494
2.26986
0.461353
0.483958
1.21033
0.516092
4.38065
3.94088
0.117369
0.108394
0.869637
0.817218
1.38489
1.4332
2.99529
3.99735
1.30094
0.770799
0.705888
1.30347
4.20184
4.34993
4.32733
4.45703
1.38505
0.94868
0.867963
0.255874
0.0300996
1.28539
0.86479
0.817446
0.531625
0.804909
0.78809
0.292835
1.30522
0.776497
4.16606
1.01643
1.29585
0.966426
0.332966
-0.00841049
1.26956
3.41346
4.26194
0.771724
4.29085
0.849456
1.05333
0.564661
0.488631
1.29335
4.37856
1.29584
0.551213
0.9605
0.614138
0.474653
1.30427
0.71051
4.35329
1.12304
4.57902
3.56804
1.14436
3.33853
3.97469
1.14324
0.970818
0.570672
0.721833
1.38246
-0.0918477
0.848546
0.107254
5.51042
4.38038
0.787139
4.7935
0.412367
0.952859
1.35939
0.601814
3.22784
4.4907
0.616081
1.31314
4.5317
0.630691
1.19037
1.19627
0.854186
1.39469
4.73299
1.20186
0.848359
0.222074
4.6833
1.26959
4.00253
1.18803
1.2449
4.50601
1.16345
1.36569
1.06756
0.891002
4.30291
4.04498
1.24358
1.19094
0.554086
1.03405
1.14888
0.117184
5.54517
1.36047
1.37965
0.919838
0.977259
0.53966
0.956345
1.20723
0.263752
0.50768
1.13086
0.973343
0.460625
1.08071
0.93335
1.30434
0.708461
1.0382
0.781354
0.382615
0.442262
0.543713
1.37631
1.16869
3.43626
4.40236
3.93265
1.37102
1.35891
4.1331
0.223721
0.678684
0.491975
1.06876
1.2936
0.904851
1.30229
0.914783
0.707056
2.11333
0.407408
0.443459
4.60041
0.75344
5.64148
0.241664
2.14075
0.779568
4.49552
3.32786
4.18408
0.658471
1.23724
0.00442057
0.761103
0.475593
0.737162
1.0484
1.31781
0.799279
0.835436
0.509872
1.56338
4.3913
1.20457
0.84426
1.44604
0.0841853
0.552951
4.47106
4.58085
0.962258
4.32644
1.2103
5.02968
1.36769
1.06425
0.385279
4.26811
1.31009
0.942334
1.25594
0.838921
0.895203
1.20713
0.74329
2.57043
1.14171
0.97801
1.11887
1.27478
1.42747
0.875854
1.21015
1.17749
1.19158
0.879839
1.0618
4.92933
4.6697
0.676853
4.67887
1.30231
1.39125
0.638049
0.782731
0.55165
0.70815
0.808187
3.83827
0.996492
5.19614
0.975337
0.839457
4.0512
4.05821
0.809013
0.961983
1.91131
0.521073
0.919529
0.730969
1.33631
1.24934
3.09859
1.32492
1.32749
1.39978
5.35536
1.00291
0.933583
0.730991
1.35206
1.02589
0.315608
1.56403
0.658882
1.22911
0.768888
0.884259
1.25579
3.17838
4.97221
0.708907
4.43268
0.503419
3.99536
0.609691
1.49745
0.354666
0.585742
0.814451
-0.456929
4.05012
1.11219
0.777136
1.24482
0.708083
0.508171
1.2248
0.412369
1.24733
4.50478
4.22414
1.08947
4.18217
1.28605
0.819573
0.6988
1.13874
1.25579
1.33063
1.10689
0.348876
0.811165
1.36424
1.06064
-0.499971
-0.0304375
0.736424
0.582114
5.47742
0.766224
4.52735
0.294658
0.66835
1.2247
1.03541
4.43811
1.08931
0.994467
1.03459
4.08025
1.04156
3.42236
1.62027
2.77649
0.369117
0.930973
1.29639
1.30827
0.865418
2.32777
0.023941
2.03952
1.44799
0.920469
0.701016
0.76106
1.21301
0.496686
0.522639
1.3413
0.386893
0.834474
4.71461
3.98502
0.449282
4.1886
1.30634
1.19672
1.00551
0.987297
4.21802
0.595627
4.20475
0.878659
0.712037
1.43537
4.1609
1.16454
4.24088
0.504086
0.918924
4.48496
0.838727
0.942367
1.28145
2.04131
0.972664
1.37074
0.051276
1.16091
4.28055
1.69156
1.30604
0.843691
0.556731
0.680396
0.276578
0.497344
0.785913
0.605449
0.989096
4.29687
0.479887
0.876661
0.946173
0.64269
2.2013
0.468758
1.16633
0.512814
0.817089
1.22004
4.69672
0.954448
0.628087
2.72861
1.22153
1.01885
0.844502
0.980392
1.22615
1.11403
1.36336
0.725814
0.769233
5.61377
5.60102
0.189989
4.40504
1.12191
0.815643
0.462769
0.697778
1.3174
2.6781
0.766628
1.03752
1.12492
1.29078
0.908992
0.661413
0.964889
4.31648
0.929084
1.90038
1.65032
1.23527
-0.00272517
0.699576
1.14898
1.3621
0.760356
0.913395
1.36512
0.740892
0.779401
0.962825
0.587394
0.961936
0.228409
0.409568
1.2326
1.33303
0.627755
0.45839
1.6479
1.39685
4.86499
1.16021
2.89605
1.67171
1.07709
1.1276
0.463575
0.850547
1.33457
1.05876
0.393775
1.00968
0.641375
1.28029
1.66703
4.55095
0.965748
0.805955
1.3174
5.11675
0.840788
1.4096
0.929226
0.915022
1.00618
4.47975
-0.256129
0.915977
1.55449
0.742536
0.428271
4.63543
0.608663
4.51132
4.37306
1.38533
3.19847
0.295732
1.59213
3.45525
0.933066
4.83326
-0.136073
1.14607
0.57949
1.25615
5.06959
1.35705
1.61042
3.65209
1.18684
1.3294
4.50274
1.18702
0.563652
1.87841
1.51939
1.52204
1.06671
1.08575
3.88045
0.837315
3.92493
1.10807
1.25766
4.14462
5.18172
0.543578
1.0776
0.808812
1.16574
3.44754
0.286474
4.38705
0.0696127
0.175327
4.58498
0.398982
0.980737
0.763626
0.675481
0.52466
0.187739
3.27498
1.48656
0.982869
0.369298
0.917508
0.668502
1.39764
1.03345
1.48013
0.650482
1.06272
0.798462
0.743493
0.814779
0.964583
1.25843
1.17733
0.424341
0.775067
0.208694
0.493673
0.837081
0.415962
0.546758
5.0711
0.617079
0.79233
4.71381
0.764774
1.22114
1.4319
4.17707
1.67288
2.68049
1.32483
1.3052
1.29715
0.791488
0.397204
0.756824
4.17773
0.950074
1.26105
0.548243
0.731659
4.66349
3.70882
0.194045
1.20384
2.18905
1.33279
0.627402
1.14486
0.802822
0.508138
0.478977
0.947467
0.548683
0.904248
3.61746
1.20274
4.18448
1.8298
0.692761
-0.0243802
4.11214
1.25171
0.768267
0.822583
0.748622
3.43698
1.46645
0.946236
3.02161
0.35131
0.295669
0.810314
3.01369
0.429518
1.35099
0.862443
1.17401
0.688081
4.24004
1.27448
0.768049
0.856339
0.633628
0.972099
0.822364
1.07795
0.705145
0.846889
1.31961
3.21578
4.72594
0.729425
1.19812
4.02
0.720902
3.3321
0.823041
0.665015
1.1514
0.891927
0.528347
1.13468
0.768801
0.773975
0.661782
0.803741
1.0423
0.194682
0.782976
1.00872
1.00916
0.561829
0.373377
4.12825
3.23527
4.24167
0.947096
4.71718
1.5855
0.729296
1.14407
0.796349
1.16562
0.196973
5.0321
0.58786
0.167931
0.855385
0.417883
1.31503
1.06079
0.825575
1.1713
0.765941
0.99671
1.27535
0.438492
3.91859
0.95274
3.28106
1.36583
1.2
0.648785
4.62059
0.965681
2.16989
0.643432
1.25645
-0.294368
0.277916
0.643739
4.24804
1.30112
2.78812
0.510892
0.518344
4.45039
4.44877
0.222681
0.347159
2.6528
0.803576
0.314088
0.874623
0.802355
0.97765
1.16544
0.951587
1.3065
0.416769
0.663607
0.903728
4.07411
1.16627
1.2651
1.28208
0.614076
1.00178
1.26299
1.26006
0.684979
4.85476
4.21696
1.19581
0.864105
1.29318
0.848886
4.59968
0.333604
0.651235
4.43338
1.09797
0.977843
1.26699
3.78607
0.439496
4.17734
0.948594
3.68011
1.1736
1.01639
4.70996
4.65966
1.21487
0.630007
0.62339
4.12819
1.59484
0.457622
0.887861
1.06493
4.51969
1.41569
1.29544
0.333252
0.803597
1.16819
3.11865
1.30797
1.2696
1.00507
1.11277
0.447521
1.59371
1.27104
0.968311
0.827999
0.419474
1.16291
0.897739
1.29038
0.464729
1.25811
1.36227
5.06139
0.768684
1.37834
0.852166
0.826856
4.29144
0.93623
1.14876
3.57775
1.48984
1.14253
1.43779
1.31349
1.14244
0.151422
0.984302
0.87861
3.84717
1.26453
0.634169
1.45123
3.97975
0.46959
0.500138
0.755735
0.294518
0.223199
0.74146
3.39926
1.3642
0.573175
2.37601
1.30185
3.43448
0.757422
0.933572
4.60629
0.534308
3.59051
1.06384
0.602713
4.44142
1.87506
0.469522
2.19496
5.16235
0.763552
4.66734
0.858719
3.42942
3.62051
1.31657
1.31101
0.610989
1.36284
0.552433
1.27899
1.16081
4.62493
4.61169
0.601073
0.957378
1.6806
0.653044
2.83974
4.42565
-0.214234
0.442921
4.25459
4.59438
0.211632
1.13834
0.969038
5.29103
4.20527
1.69907
2.87482
4.55701
0.758317
4.29078
0.932651
0.882045
1.00255
0.899067
0.604919
1.32687
1.38856
4.41627
1.0012
1.63556
4.40339
4.12624
1.15875
1.25937
1.31646
1.08647
1.04723
1.21198
1.42836
1.02316
1.2974
4.12987
0.0889889
0.558388
0.542332
3.96533
0.431283
0.21623
1.07401
0.996111
2.23313
4.33646
0.593525
1.15261
1.08045
0.777685
0.128861
0.815028
0.572141
0.797644
0.447731
0.448861
0.906244
1.03267
5.6059
0.936897
2.09672
1.20197
0.43957
1.03634
0.597076
0.709962
0.9404
0.980239
0.909684
1.27472
0.190944
0.934278
3.06078
4.57705
1.1303
1.38835
0.860069
2.16837
0.892824
0.07818
0.768396
0.579336
3.3454
4.15364
4.18915
1.39206
1.03084
3.3508
0.57908
4.10735
0.965601
0.96868
1.29933
1.30432
1.3143
1.30826
1.22007
0.852668
0.622027
-0.0184995
1.30004
1.29619
0.870701
3.49596
0.305921
1.1156
1.28612
0.769191
1.13481
0.747147
1.23445
1.26679
0.864984
0.945275
1.21616
1.33822
0.454407
0.220476
0.354733
5.33153
1.28589
1.40992
4.48936
0.83474
0.741899
0.235023
0.780715
1.28207
3.76477
1.44382
1.20458
1.07567
1.22119
0.755251
4.79979
1.17198
0.632727
0.916384
1.20132
4.71729
1.26729
4.68753
0.898009
2.10063
3.96895
0.300267
1.32364
0.685139
1.23612
0.245254
-0.795894
1.10085
2.20631
0.792135
0.624035
4.50378
0.249347
3.96556
4.1453
1.55378
1.57234
4.2595
1.33983
0.760271
0.584706
0.95292
1.27755
1.433
1.2328
4.66786
1.10569
0.653606
1.20758
1.0479
1.33442
0.585248
2.14984
3.52895
0.474376
0.902587
0.632972
1.30183
1.04542
0.897615
0.454637
3.7714
0.983593
0.534015
1.32304
1.2449
0.540424
4.11366
0.289208
0.177468
1.32462
1.02442
0.668254
0.53951
0.759705
4.0294
1.25059
4.51174
4.31409
0.972368
1.21217
1.06604
1.32311
5.1933
1.15408
0.839526
0.747751
0.75985
-0.334043
0.920226
1.86975
0.845745
0.754216
1.2255
1.02878
5.19012
0.363745
0.943541
0.268813
4.45354
4.42465
0.819875
0.724816
0.640584
1.41018
0.981318
0.938265
1.28509
5.25387
1.11435
0.621815
1.32712
1.29906
4.67164
1.38854
4.4716
2.77678
1.21568
1.43775
1.11488
4.28925
4.39896
0.3343
0.618542
4.45946
0.699645
1.32065
1.43931
1.24938
0.874836
1.98314
1.28848
3.49499
1.29571
1.32074
0.522531
2.74359
0.638811
0.525448
0.854535
0.873099
0.787008
1.31242
0.996897
0.563612
0.882253
1.37078
1.1815
0.911169
1.27565
1.30656
4.41603
1.25111
1.45162
1.31608
0.732201
1.02333
1.19777
0.341791
1.27036
0.988981
0.831585
0.740498
4.55182
0.609392
0.967581
1.21209
0.824314
0.797016
1.29511
0.650164
4.58565
0.933751
1.13636
0.273286
1.30729
1.23134
3.79
1.54633
0.692326
4.71617
1.55693
4.70887
1.3211
0.306037
1.14472
4.12658
0.157979
0.836725
0.616403
1.32194
0.807656
1.89472
1.33671
0.890518
3.86177
0.548997
1.05459
1.13901
1.18944
1.12275
4.56595
-0.102026
1.19634
0.996331
1.54627
1.32747
1.31406
1.28071
1.16307
1.3183
0.706381
1.18583
0.423152
3.71488
0.831939
4.09263
0.250247
0.396361
1.41752
0.911509
1.10185
0.67247
0.283869
1.39224
0.840845
0.874863
0.916281
0.16497
0.673472
1.25624
0.844282
3.98981
4.6387
0.568231
0.388288
3.7196
-0.0647477
1.27799
0.977937
1.31469
0.92057
1.15315
1.00262
0.706245
0.955012
1.15316
1.28921
0.0919618
0.855737
0.27282
5.03844
5.23137
1.23958
1.21634
0.906033
1.35433
1.08541
3.64819
4.63228
3.89231
1.29879
0.806116
1.46391
1.38953
1.09423
0.211028
1.43267
0.894943
1.28226
0.462604
1.00202
1.00907
1.32099
0.909852
3.56392
1.29063
4.61503
4.00986
0.758367
0.53351
0.963695
1.00863
0.913962
1.29853
1.12914
1.1986
4.59385
1.14503
0.98207
4.69309
0.903082
3.70165
1.42165
0.706994
1.01535
1.33666
0.490962
1.05415
4.4265
4.77426
0.603328
0.681392
-0.288585
0.176918
1.11569
1.02891
2.61637
0.95713
4.39971
0.266534
0.45503
0.753692
1.23243
4.40831
0.699747
1.19664
1.28829
1.04817
4.42327
0.923218
1.04133
3.24838
1.15848
1.41188
0.603001
4.58116
0.449629
0.122843
1.27029
0.953586
0.852558
0.303834
1.18653
3.96696
0.767822
1.6494
1.24619
0.881712
0.558407
1.01593
1.27654
1.22564
1.26329
3.24336
1.19637
5.34283
1.01088
0.927049
1.31176
3.52076
1.32851
0.740819
1.11237
0.769311
4.52212
4.94165
0.84054
0.84074
4.47236
2.63738
1.03642
1.43855
0.424699
1.29502
4.51141
0.962596
2.49977
1.19504
5.41817
0.957087
3.92654
0.32188
1.05582
1.21212
1.29574
3.75285
1.47319
3.05452
1.20038
1.26161
3.46692
1.34504
5.6235
0.0956071
1.28142
5.18807
0.497022
1.4042
1.01371
0.659962
0.202798
0.431745
1.33641
1.07735
0.915512
0.717607
0.564881
0.631748
1.5953
2.66906
4.60941
1.15212
0.782186
1.0431
2.62257
1.09152
1.29407
4.69425
0.606386
5.14206
0.974402
1.67936
0.655089
1.15701
0.608773
0.978441
0.728359
0.929277
1.24767
0.0172333
0.646566
1.13576
0.957849
1.28129
0.576838
0.894624
1.42045
3.94249
0.262663
1.5022
1.25327
0.437416
0.810098
4.32736
0.883288
-0.24929
0.187821
0.460689
-0.188027
1.31466
3.88197
0.734421
5.5274
0.305546
0.927816
1.29477
1.16666
0.962734
0.285188
1.19536
0.532409
0.62542
1.27293
0.969014
0.405769
0.973674
1.56854
1.37242
1.29005
4.34705
0.733357
1.37112
0.616323
0.804178
0.793517
0.619919
0.908589
1.24584
1.0327
1.17155
1.15602
3.8478
0.439259
5.43649
0.928994
0.832855
0.898974
1.14989
1.28218
0.548222
1.37137
1.18905
0.600942
0.895336
0.897942
0.986329
0.946042
1.36503
0.314848
3.28794
4.66231
1.01758
0.732163
1.15609
4.79726
4.41121
0.983654
0.933704
1.32271
1.2068
0.524638
0.35713
5.26699
3.97528
0.166104
-0.470732
0.556081
0.940927
0.493928
0.510323
4.54413
0.773866
4.52759
0.345939
0.608057
1.56972
1.26584
0.89843
4.23969
4.19818
4.2047
1.2661
0.979941
1.39661
4.53509
0.270795
0.43356
0.617654
1.26883
1.2602
1.17029
0.59859
1.23355
4.76944
1.1167
0.605442
0.866634
0.671416
0.487271
0.627236
4.30294
1.66727
0.779876
1.5423
0.999102
0.869848
1.22766
1.02061
1.07405
3.98894
0.399976
1.12255
4.32779
1.07139
4.84384
0.265108
1.20004
1.21843
0.666219
0.739855
1.07524
0.759321
4.51163
1.14007
1.15612
0.647429
3.99072
0.737304
0.746181
1.30227
0.770033
0.452347
3.11278
5.62209
1.20167
4.28099
4.29413
0.873322
0.221478
1.17446
4.25878
4.77789
0.440899
0.415118
1.19309
1.06534
1.38482
1.41726
1.11192
0.211135
1.24217
1.09023
0.543498
0.873181
0.587725
1.71771
0.899013
0.483504
1.84436
1.31394
0.890859
0.70689
2.22456
1.22815
2.73576
0.966018
0.472274
0.95869
1.13744
0.627592
0.973451
2.6287
2.05617
3.69917
0.923677
0.850363
1.2471
0.571748
1.41699
4.66971
1.17016
0.779001
0.693583
2.48935
0.963935
1.00433
2.92457
1.16553
1.29446
0.37186
3.90576
2.84079
1.01579
1.14976
1.11513
1.26106
4.32629
0.177874
1.16495
0.0211793
0.808499
4.62441
5.12371
0.702264
1.06317
0.972858
0.916101
4.04366
0.616236
0.589011
0.377818
0.781275
1.19036
0.721064
2.7083
1.0294
1.42769
0.560191
4.79668
0.881272
0.824628
0.827392
0.507301
4.70512
2.17439
1.07157
1.3123
0.915804
1.41403
0.910388
1.205
1.22753
4.33081
-0.327242
1.54782
1.07608
0.583386
3.39271
1.12866
0.887234
3.69192
3.1374
0.625072
1.27653
0.977456
0.905673
0.670484
0.657979
1.32365
0.758573
1.30845
0.381574
0.508809
1.18799
0.960141
4.29963
0.921382
0.930779
4.68418
0.918014
1.00668
1.29018
0.295055
1.31387
1.11681
1.0335
1.14086
4.23372
4.5259
0.523917
1.39177
0.757735
0.256777
0.903711
3.15546
1.40249
4.19766
5.33625
0.231959
1.13042
3.31751
0.889045
0.89482
5.15669
1.26357
4.96604
4.48418
0.946448
1.28972
0.408751
1.14097
1.09606
0.598911
1.05703
1.25906
1.27743
1.78938
0.91441
1.19432
1.16456
0.197831
1.43172
1.02482
1.20918
3.59511
0.636228
1.0814
1.28792
1.29249
4.34617
1.37798
0.625113
0.923171
1.2424
1.1661
1.16531
4.99604
0.970042
0.922714
1.16061
1.80059
0.645365
1.32366
1.07895
0.719246
0.746572
3.6632
0.820145
1.27174
1.37806
1.11633
4.45732
0.58459
0.805907
4.31228
0.41626
0.710453
4.61344
0.4809
0.88373
0.585585
1.11315
0.692307
0.824404
1.263
0.970399
0.93866
4.74483
0.885687
0.786949
1.26631
1.04586
1.45945
1.14092
1.27656
1.36901
1.08166
0.903799
1.29049
0.902366
1.02174
3.96564
4.2619
4.68013
0.879414
2.34376
0.92876
0.717365
1.24217
4.78782
4.82968
0.9414
1.03005
0.737394
1.14868
0.747354
-0.149355
0.73733
1.32175
0.561403
1.13151
4.73254
0.493826
1.29074
1.90093
0.897326
0.0249057
0.425352
0.36696
0.998728
1.32432
1.09329
4.19941
1.09252
1.05274
0.866369
0.595751
0.274288
0.0274357
1.29144
0.924482
0.201076
0.812487
1.142
2.09854
0.765018
0.997726
1.24043
1.00196
4.86077
0.464459
0.0327425
0.947508
0.869975
0.833127
0.808499
0.97064
1.28682
1.27955
0.135892
3.99348
0.938768
1.21878
1.33601
-0.225397
5.3374
1.12758
1.03841
3.70451
1.21323
0.846161
4.59006
1.24321
0.315965
1.01836
0.606484
3.47735
4.28539
0.632056
0.825571
0.166463
0.750782
4.6513
0.886105
4.5862
1.12132
-0.705692
0.835736
0.90168
1.1918
0.626648
0.843337
1.60991
1.21658
1.12759
1.06862
1.26247
0.833075
4.74156
0.292197
4.80516
1.12056
0.298306
0.840364
0.427441
0.939618
1.28962
1.17762
0.727146
0.764534
0.723144
0.90312
1.23457
4.74625
0.940769
4.50412
4.39862
1.14459
0.580626
0.984964
1.89662
-0.279706
1.30363
0.547604
1.37788
0.663314
4.42395
1.56868
1.45752
0.526051
0.773102
0.537321
0.891115
1.04199
1.40632
0.673679
3.29066
0.278609
1.19484
0.75451
0.926726
1.35727
0.724246
0.635938
0.767413
0.81542
0.329052
0.938918
0.678191
3.64088
1.1202
1.20753
5.27361
0.542375
1.35602
0.933434
0.81677
0.993435
0.369428
1.03713
0.921864
3.7338
3.63598
1.21498
5.41186
0.839838
1.13857
1.10068
1.41952
1.21691
0.844799
0.869492
0.767597
1.21795
0.428905
0.848181
1.18245
1.24547
0.900819
1.00015
0.311112
1.39868
2.41299
0.841453
0.43361
0.266237
1.17753
0.891099
1.20827
0.893325
4.81384
5.00046
0.973048
1.04479
0.0303046
1.24501
0.312527
-0.672828
1.38251
1.30998
1.37572
0.354689
4.3639
1.42019
0.289475
0.776678
0.989236
0.360163
1.36215
0.255637
1.23745
1.00263
4.11252
0.678662
1.30778
4.65475
0.916948
1.44314
4.75747
3.39257
1.21561
0.930477
1.15546
0.490837
2.23361
0.669395
0.769669
0.441526
1.31572
4.32825
1.19062
1.2882
2.62902
5.15154
1.15875
1.4077
1.3184
0.912546
1.46549
1.41843
0.766427
4.49395
1.32987
0.751927
1.38516
0.638376
1.52094
1.32629
1.22774
1.26849
-0.437043
-0.00830852
4.53351
0.460638
1.22336
0.649052
0.57867
1.38496
1.08088
0.925333
5.16565
3.91103
0.338092
0.752985
0.2404
0.920628
0.719147
2.59339
1.35419
4.17314
1.15066
1.0439
0.955695
0.986776
0.93103
1.04202
0.579463
0.798724
0.889246
4.1667
0.703233
0.745616
0.85852
5.47747
0.938477
0.647388
1.12923
1.44948
0.714713
0.89052
4.94556
0.551038
1.02892
1.19205
0.879844
4.03485
0.653958
1.3007
0.581045
1.16679
0.668405
1.17365
4.80942
1.11731
1.13755
0.905664
3.06146
1.24062
0.653695
1.14934
0.410494
0.88108
0.961096
3.94557
3.96927
1.03068
0.365581
1.30367
1.2982
0.939553
1.41383
0.828086
1.4456
1.32543
1.44335
0.721095
3.81178
1.29895
-0.510972
0.677568
4.60833
5.28333
0.819211
1.31949
4.17713
0.773052
4.76966
0.533358
0.984725
1.37248
1.18772
1.44517
2.50473
0.64732
0.917415
0.21397
0.901353
1.3255
0.82048
1.36741
1.30586
1.17995
1.37799
1.01193
0.979924
1.25204
0.890154
1.02976
0.631152
1.4617
2.99029
0.570828
1.32251
1.11567
0.698416
4.9127
1.35727
1.27315
4.39421
4.93163
1.24269
0.920322
1.1728
0.848743
4.89801
1.1143
0.621573
1.39719
0.421184
5.43458
1.27144
1.23576
1.21309
0.916762
0.613721
1.00953
0.721067
0.847799
1.25036
1.54833
4.85376
1.21794
5.17867
1.00185
0.826321
4.53829
0.944224
0.919303
0.525997
0.898628
1.29806
4.00036
4.79306
0.366686
0.558206
3.28035
0.755191
0.461176
4.92092
1.06184
1.69143
1.05824
0.474729
1.61252
0.657444
3.66274
1.20015
1.25395
1.17558
0.785184
1.26027
0.820681
1.1158
0.875142
0.604647
1.00468
3.90005
0.757366
4.55827
0.782474
0.642697
0.962389
0.692764
0.924393
1.01347
0.700386
1.36407
0.768407
1.31343
0.718338
1.19537
0.97007
1.20307
0.420631
1.30092
4.89291
4.48721
1.30803
0.0341321
1.32577
3.68188
1.33641
1.37955
4.39486
0.225189
0.600892
1.03907
4.36547
4.50321
0.819186
0.560759
1.2825
1.36212
0.843274
0.87744
4.65727
1.14825
0.224895
0.729194
1.3161
0.734269
0.586018
1.02602
1.13672
1.34151
4.50123
0.626093
1.10903
1.37412
1.32127
1.25318
1.02256
0.917287
0.831737
1.35642
4.20618
1.22166
1.34712
0.52325
0.746597
4.43456
1.30208
1.29844
0.579455
0.712213
1.15772
5.39717
0.811192
4.34201
0.880749
1.24793
1.54561
4.21803
2.25785
1.45648
1.3043
0.916293
1.5615
0.828974
5.2006
1.21716
1.23141
1.37182
2.00024
1.19515
0.405468
4.98547
1.1833
0.89606
1.24085
0.317334
0.824072
1.32916
1.5714
0.972968
0.523207
0.906114
0.912957
0.273405
4.37449
1.45125
1.38512
1.45375
0.968201
1.07599
1.18156
0.974034
1.03003
1.24413
0.513758
1.41178
1.20998
1.39
4.47112
4.34793
0.775188
0.504578
0.631697
1.41397
3.60054
4.67735
4.66347
0.940881
1.59519
1.21601
0.846457
0.822465
4.89458
1.37027
1.11542
1.23063
0.631702
0.718725
1.06147
0.96012
0.789228
0.782777
1.12453
1.32884
1.25322
0.93996
0.0530497
0.700364
1.47201
0.336058
0.906623
0.69002
1.27094
0.903487
1.48203
0.892881
0.39408
1.19745
4.62325
0.710749
0.695879
4.48216
1.35003
0.923067
3.37465
0.81137
1.22645
0.854806
1.19641
7.84425
-0.013628
7.74355
1.55302
1.30886
1.33004
0.902193
1.2537
1.43114
0.927123
0.836538
0.86121
1.25541
1.68999
0.0606808
1.09773
1.28394
0.918394
0.907079
1.34186
1.19073
1.45711
0.925392
0.664592
0.914103
1.17851
1.57753
3.9055
1.3764
1.03913
1.26425
1.23962
2.83715
1.45396
0.713437
1.29091
0.826824
0.617572
1.13577
1.40184
4.46042
1.18448
1.30158
0.899696
0.868763
1.291
1.45866
0.726372
1.31404
4.96031
1.1693
1.12482
0.518666
0.536002
1.03971
3.08904
1.18617
0.948126
0.920862
1.14443
1.22264
1.37975
2.31826
0.584181
1.1845
0.7718
1.25429
0.42119
3.21199
0.44516
0.933405
1.26963
4.30712
7.00244
6.90305
0.00368508
1.04606
1.13044
4.57498
0.71797
1.1307
1.19782
0.71481
0.870784
1.3009
1.37429
1.28357
0.972071
4.59189
1.09877
1.28871
0.781521
2.21825
0.847612
1.5836
1.19327
0.410207
1.28043
0.73922
0.746951
0.86711
0.105647
1.04577
1.07938
0.561161
0.590056
0.964965
0.164536
0.115159
1.30098
0.912237
1.25139
1.55817
1.29828
0.706142
3.96416
5.49114
1.25403
0.872426
0.890466
1.07351
1.16238
1.20723
3.3352
1.46307
0.776384
0.802562
1.30981
0.960243
0.688517
0.596387
0.918793
0.923497
1.21678
0.590691
4.94986
0.9846
1.47581
1.30007
0.915501
1.30191
0.957241
1.31366
1.36618
0.914483
0.899991
0.527354
1.37809
0.12998
0.120154
1.30944
0.809011
0.805602
1.23472
0.719657
0.45182
0.586552
0.895977
1.14499
0.442896
0.871301
1.07028
0.948708
0.892939
4.47713
0.775656
0.858936
0.863911
0.863947
1.16969
0.907386
4.38813
1.3071
1.17851
0.489351
0.641768
4.01452
0.728907
0.865789
0.901095
2.3768
1.28437
0.862551
5.34026
0.958539
4.55734
4.82229
0.90889
0.949957
1.36276
4.74889
0.775457
1.26822
5.20095
0.78465
0.896508
0.103507
1.3879
1.2513
0.830507
4.6972
0.41578
0.653337
0.665253
0.42607
1.40839
1.17125
0.306426
0.799768
1.43674
4.78647
1.39845
0.269207
0.488113
1.05361
1.18118
1.37179
0.323823
4.32757
1.2287
1.50359
1.31041
-0.126151
0.956712
0.705218
1.38336
0.0773765
0.123478
1.28443
0.923417
1.39747
0.440516
0.507606
1.26078
1.51391
1.32026
0.603785
4.33266
3.3926
1.39341
1.3561
0.98138
0.935602
0.865484
1.32819
1.00288
0.922812
1.15229
1.31101
4.982
1.30635
1.24856
1.34486
0.752363
0.814702
1.2952
5.71814
3.62016
1.3034
1.31159
1.42427
0.795518
0.839134
1.21396
3.51134
1.42181
1.1291
0.793542
0.663626
0.272895
3.49833
4.50914
1.27406
1.14703
0.932066
4.25341
4.59148
0.684366
5.27816
1.08692
0.701998
0.730275
1.26147
1.17109
1.09241
0.723802
1.07666
1.45148
5.62427
0.473612
0.607848
1.24229
0.414747
0.822627
1.34235
1.01527
0.671652
0.309368
0.777055
0.298129
0.927726
0.589427
2.71049
0.729846
0.713416
1.24585
5.26571
1.28032
1.29135
1.03507
0.500177
1.35676
1.30989
0.963744
0.919219
1.24078
0.218945
0.920415
1.16389
1.21168
0.652492
0.557116
0.453776
1.41503
4.18829
2.27796
1.14443
0.960671
1.12985
0.750063
4.19982
1.26753
1.16286
1.13137
1.31786
1.27676
1.26398
1.29659
1.28899
1.26198
4.83807
0.969916
4.39952
1.1349
1.19559
4.6542
3.83759
0.741758
0.941123
2.59895
0.812394
0.736864
0.377296
0.71224
0.629067
1.20708
0.942109
1.23671
1.16818
0.959529
0.917971
0.772142
0.944794
1.2731
0.929517
4.06101
0.793739
0.787781
1.33051
4.0461
1.31445
4.35073
0.278698
1.16188
1.27048
0.914961
1.17142
0.561263
1.24712
0.412558
0.912751
1.26634
0.957298
4.52941
1.32567
0.990628
1.58366
4.47777
0.719235
4.83529
5.06358
0.740791
0.916019
0.65109
1.06423
1.10632
1.34213
0.717096
0.591794
1.24968
0.659854
0.849734
0.991649
0.85077
5.06546
1.25712
0.706974
0.975497
4.6414
0.705148
0.0695188
1.33834
0.355959
0.655552
1.12659
1.28534
0.98886
1.42835
4.98747
1.26089
4.7484
0.402158
1.32021
1.31237
0.755287
1.28138
4.19819
0.561545
0.963497
1.58418
1.34631
4.35608
0.485645
1.28555
0.951625
1.25872
0.520625
0.98203
1.32295
0.0864973
1.35594
1.07991
0.917628
1.36044
1.2604
4.31561
1.13359
0.87962
1.17832
1.30889
0.277177
0.778229
4.92213
1.20808
1.04757
1.12234
0.659305
1.17513
1.4171
1.32426
0.940557
1.56436
1.20248
1.13483
0.637367
1.04027
1.252
0.953658
1.00019
0.838307
3.89098
1.27516
0.974135
0.938785
0.918585
1.31146
4.52316
3.1932
1.41802
0.0537772
1.37125
0.943293
1.3174
1.17984
1.13107
1.28635
1.59241
3.57218
0.42157
0.481141
0.610848
1.73024
0.496639
4.75391
0.912169
0.796244
0.816789
0.976599
1.21079
4.60287
1.37087
0.471141
0.914679
0.648772
1.20774
1.4351
0.952503
1.34838
0.910773
2.67771
0.770063
1.21307
0.959089
0.979806
0.88327
0.94054
0.608875
1.03819
1.37692
1.21653
0.747349
0.98117
0.640005
0.784186
4.37382
3.98996
1.14291
1.10703
1.59153
5.46572
1.04138
0.538807
2.90732
4.54538
1.46381
0.911736
0.297517
0.62782
4.04357
1.03161
0.35561
4.69765
1.30069
1.30633
0.525779
1.20713
0.971936
0.682595
0.188212
1.61179
1.56839
1.40739
0.869723
4.22181
1.57452
3.89537
0.483938
0.619541
0.956753
0.82658
4.26288
0.790635
0.132151
0.865628
1.06055
1.58427
0.0157198
0.496598
0.804752
0.895715
0.918526
0.924569
4.74292
1.49109
0.826535
1.17575
0.96049
1.20928
0.683608
0.636576
1.32474
2.70352
0.919957
1.5448
0.91032
3.56961
0.624198
0.885035
0.973922
0.272453
1.00631
0.941823
3.08782
1.12192
0.418641
0.386222
0.791352
0.916555
2.81729
0.881619
4.12044
0.226021
0.873496
0.270522
3.52939
-0.181018
0.397245
0.639935
0.734662
0.972908
3.52432
1.11802
0.928271
1.18656
0.220724
0.738876
1.17103
0.831924
0.00182211
1.20785
1.0271
0.946671
0.978103
1.10776
-0.0890828
0.912604
0.774101
-0.364262
0.172584
0.442853
0.958249
0.424542
0.445072
1.32448
0.785392
1.13022
0.77068
4.40189
1.54792
0.656711
0.641808
1.19508
4.40227
4.66277
0.927369
0.56315
4.8831
4.25809
0.386187
0.827893
0.704843
0.50231
0.7453
1.14014
4.67707
0.635716
0.947893
1.31351
3.47189
3.79004
0.74261
0.926051
1.25569
0.70379
0.939608
0.122029
0.907222
1.26275
4.61008
0.940337
4.54047
0.52146
1.60327
3.53818
1.3879
1.06557
0.311403
1.21112
2.76535
0.707765
0.897553
0.382455
1.1289
0.380445
0.931893
1.11557
0.436217
0.355633
0.873148
0.300199
0.937038
4.73642
4.4639
0.643988
4.65111
0.769218
0.47726
4.2735
1.56026
0.414334
1.20759
0.914724
0.84049
1.39809
4.34833
1.3463
3.37955
0.934283
0.951305
1.05936
0.135167
0.769195
1.24891
3.46568
0.760531
0.736512
1.95089
0.932103
-0.189226
3.77096
0.852209
1.36011
0.822982
1.3012
1.00666
0.880981
1.19386
0.494651
0.906716
1.23925
0.258426
1.23519
0.41477
0.824496
0.683776
5.46421
0.746657
0.966178
1.25481
5.16495
1.19757
4.59591
0.608721
0.811809
4.95346
1.19355
1.27014
4.04554
1.18523
4.44541
2.7885
1.16066
0.806903
0.395367
0.66433
1.03935
0.674493
0.691311
0.616577
0.938016
1.20248
-0.0364596
0.844717
0.542148
1.13756
0.814148
0.5186
4.43836
5.15942
0.894796
0.484898
0.552089
1.27317
1.25231
4.63866
0.979486
0.888619
3.58383
1.05181
1.26376
1.27731
1.26545
1.31546
1.03272
0.702422
0.466143
0.820217
1.24773
4.3512
5.23674
1.35139
0.633828
3.59584
0.297877
1.13574
1.38171
1.05287
1.19714
0.790092
0.753026
1.1424
3.29304
0.877902
3.73271
0.794816
0.210872
0.861387
1.38795
1.10852
0.47214
5.32248
1.38034
0.38408
0.956935
0.723567
1.06206
1.25614
0.0965287
0.809867
0.490503
0.374585
0.866571
0.530764
3.90736
0.844315
1.06732
0.46051
4.69221
0.708194
4.0405
1.00899
1.33944
4.62948
0.394358
0.767569
4.21598
4.15926
0.384697
1.26519
0.741525
1.28438
0.38796
1.08269
0.262393
0.704606
5.10166
1.59715
3.87256
5.62049
1.18899
0.8502
0.517585
4.50603
1.14213
0.556125
0.948214
-0.129789
1.0053
1.40849
0.709329
0.112102
0.947978
3.03643
3.41939
0.503913
0.631837
4.49187
4.45348
1.11626
1.29455
3.24687
0.933127
1.27048
1.57221
4.33429
4.51677
0.45742
-0.211442
1.58512
0.219392
0.164228
1.60612
4.1557
0.712937
1.06639
4.41842
0.573445
1.1551
1.2628
4.78596
4.34801
1.96284
2.2545
1.06542
3.31822
1.21155
1.14162
0.662707
1.20888
1.55232
0.593483
1.21325
0.95982
-0.147282
0.160544
1.22274
1.00344
0.826029
2.62964
1.15679
0.764838
1.04631
3.39965
0.0820498
-0.375008
4.78462
1.59847
0.570959
4.0498
1.40047
1.24174
-0.010751
1.03092
0.952374
1.32939
0.985848
1.13313
1.27471
5.19226
1.13357
0.936617
0.791187
0.636604
3.68026
0.852086
0.11406
1.13005
1.36915
2.60059
0.624102
1.16128
0.905672
-0.0632834
3.88237
0.97372
1.32049
1.57762
0.968547
1.16491
1.00103
1.13554
1.08102
4.23967
0.310212
3.71257
4.05366
0.908446
0.3812
0.918452
3.4549
0.944635
3.97158
1.16567
2.97992
0.692575
0.00596186
0.389902
0.944859
1.04526
4.16551
2.54886
0.941832
0.529536
4.01123
1.08046
0.464203
0.436697
3.42923
0.579964
0.918787
0.995393
0.403288
1.36347
-0.0909704
0.764923
0.634426
0.850526
1.10987
0.946414
0.444976
0.164402
0.781065
0.707978
0.713995
1.47482
1.18321
0.514752
0.898405
0.588823
0.779159
0.987477
1.17464
0.591691
1.00446
0.741429
1.72562
4.26907
1.30718
1.11637
1.16002
1.3104
0.83708
0.303713
0.72733
1.18691
0.538926
1.20338
1.17773
1.49371
1.26305
4.39822
0.649746
0.87448
1.38264
1.23755
1.36233
4.76193
3.64638
1.62573
1.38931
0.946737
3.0426
0.729889
0.955843
0.456139
3.07726
0.619438
0.804261
1.04301
4.74058
0.448741
1.39918
1.101
5.4833
1.38245
0.461438
4.03657
0.085675
1.21023
1.31215
0.710843
2.70684
1.24573
1.35647
0.800971
0.188937
0.876928
0.930936
0.50488
1.15371
-0.478993
1.16097
4.19115
1.45246
2.9368
1.4652
1.13846
0.426402
0.94676
1.25147
1.16185
0.290426
0.402823
1.32008
1.18381
0.766038
1.70143
1.22738
0.768662
0.147392
0.734676
1.39779
0.767963
2.12164
0.958158
0.594607
0.446494
3.79328
5.01978
0.688094
5.6106
0.657039
0.727403
0.974626
0.617882
0.680208
0.863002
-0.311517
4.32501
1.13805
2.33377
0.917513
2.8046
1.06191
0.816394
5.45913
3.8012
0.18812
3.94183
4.18028
3.36546
0.607133
0.75928
1.52616
1.19527
0.994462
4.09975
4.62077
0.583976
0.656927
1.17649
0.599356
4.39418
4.00618
0.205813
1.156
1.26707
0.92996
4.2148
1.39319
5.09
1.12441
1.27684
0.0861218
0.426562
1.27334
1.25655
0.756797
1.22652
0.771956
0.992229
4.48813
4.89728
0.905009
0.473987
0.777447
0.150505
0.830631
0.819072
0.763525
0.63279
1.11254
0.662397
0.162382
0.635665
2.7779
2.75939
1.02387
0.907266
1.15285
0.763864
0.718614
4.613
1.41598
0.434744
3.94788
0.822845
4.95181
1.22261
1.02677
0.694207
1.26351
1.29834
0.42565
1.20398
4.228
3.19559
1.15454
2.9603
0.700605
3.60307
0.71635
4.35012
0.548084
0.397905
0.406596
1.04983
0.934502
1.09146
0.924412
0.908573
0.999022
1.17991
0.833182
0.735105
0.456607
0.455891
4.60036
0.0385239
0.316481
-0.497254
0.702322
1.95498
0.731797
4.23868
1.62173
0.954538
0.547854
1.38984
0.937579
2.77684
0.688504
1.16358
0.639865
4.62806
1.84632
0.56652
3.56808
1.22074
2.17762
1.18874
1.60748
4.60952
0.924058
1.06026
4.215
3.9672
0.978331
4.4232
0.697015
1.16151
4.81193
0.769717
0.650414
0.111088
1.26332
-0.175916
1.51082
0.847893
0.303098
4.78651
0.692511
1.47891
4.23276
0.551497
5.27042
4.67645
0.56273
4.73969
0.679856
0.62594
1.22761
1.28476
1.34621
4.02706
5.34992
4.45859
0.366742
0.788642
0.600311
0.983625
1.04322
4.32041
1.0837
0.451968
1.00375
0.572588
1.23676
0.477539
1.19446
1.24056
3.26054
0.810686
2.99472
0.681589
3.66695
0.516205
1.04635
0.402462
5.54612
1.14863
0.901546
2.75807
0.765149
5.30807
0.952351
1.26818
1.87661
1.26916
0.677261
0.419207
0.69614
4.74714
0.649192
0.80922
4.9216
1.24983
0.70774
0.661162
0.943764
0.495598
0.711841
1.41336
0.559085
4.56755
4.7146
0.743547
1.08657
1.01835
0.890863
0.749005
1.12855
0.427973
0.149731
0.976942
1.23125
1.35115
0.961844
0.224745
1.14127
0.964093
1.10637
4.02651
0.749134
0.960259
0.842214
0.110536
2.34841
0.773761
4.70555
1.38952
0.622247
4.44432
1.20268
1.38072
0.587391
1.14058
0.179953
0.594296
0.707029
4.70562
0.102778
0.260823
4.28839
3.03306
0.962592
0.820917
1.31588
4.53492
3.54799
4.30574
0.893141
1.50698
4.80201
5.56608
0.896206
4.6411
1.37737
1.23136
0.679213
1.51374
4.08152
4.56401
0.711434
-0.0336936
0.766444
0.456081
1.08509
0.00521459
1.31548
0.411587
0.253447
1.44694
1.04789
4.80645
0.638093
1.44858
0.415432
4.37962
1.31661
1.39612
0.93795
3.93038
0.502549
0.00850043
1.10212
1.30425
0.290142
4.56562
0.223065
0.576142
0.315279
3.00555
3.52774
4.08717
0.369843
0.927939
1.34459
0.547382
0.806886
1.27049
0.982406
0.681852
4.61747
0.493651
1.26748
0.518823
0.396452
0.633762
1.51346
0.61257
0.951298
3.65728
0.673322
0.743218
0.152928
0.256821
1.52595
0.86416
1.14539
1.30195
1.38132
0.136746
1.13627
0.605383
0.128555
1.15957
5.09015
0.453479
5.32893
0.793228
0.723047
1.68674
0.597304
0.861483
4.74357
1.29458
2.85688
0.911703
0.710421
1.0365
0.551751
1.06578
0.942018
4.57401
1.32748
0.935293
-0.586452
4.22703
4.40235
0.456716
3.11405
1.3808
0.690705
0.817522
1.46331
1.38333
1.28181
-0.148442
0.401835
3.62676
1.01233
0.861424
0.763425
0.92146
0.792959
1.21875
1.19445
2.85029
0.745699
1.07328
1.10042
1.2808
2.02315
0.953194
0.915019
0.957079
0.594629
0.485511
0.685365
0.54141
4.62928
0.347123
0.573359
0.395585
3.37227
0.907574
1.13813
4.72635
3.66879
1.20616
1.19734
3.31143
1.05961
4.38441
-0.175754
0.599952
0.632391
0.745461
0.639373
1.68059
1.10068
0.729437
0.87113
1.20386
4.63162
1.38753
1.3484
1.12624
0.668358
0.918852
1.69485
-0.304399
1.3793
1.27251
0.8178
4.28895
0.507874
0.732602
0.650113
0.852173
4.31174
1.03369
1.28285
0.750276
0.978697
0.365146
0.596987
0.124009
1.16778
0.659468
3.37629
0.616881
0.696265
0.773439
0.794539
1.31077
0.914314
0.330276
0.741503
0.444515
0.557383
4.39038
0.706186
1.2893
0.410644
1.56383
1.29925
4.74759
0.387365
1.20236
1.43875
4.33863
0.93581
3.45431
4.59463
0.664371
0.613972
0.684018
1.08074
1.23875
0.521892
0.530192
0.990138
0.787409
0.853311
4.60331
0.487189
1.14355
0.0558331
2.25546
0.598689
4.61846
4.33571
2.93407
0.714035
4.44228
1.41304
1.20572
0.602741
3.79872
0.912267
1.24172
1.33888
0.372613
-0.362566
1.83715
1.10707
1.5645
1.33331
1.00689
0.639505
0.797727
0.381633
5.47755
0.914615
4.97771
0.833665
3.77495
4.84705
0.330338
1.05048
0.0148601
1.02419
0.748194
0.81258
0.962773
1.38489
1.23648
3.07905
0.627049
0.122733
1.04682
0.922874
0.931084
1.69714
4.43023
0.553868
0.622432
1.0173
4.63098
-0.543862
0.867627
0.890079
0.967562
1.14577
0.409933
1.15142
1.17675
4.59296
1.05325
0.993432
1.21097
0.559749
1.02403
0.915044
0.726126
0.165256
4.54261
2.93703
1.19803
0.936319
0.0374306
0.225612
4.16282
1.48298
0.41246
1.19918
1.56432
1.75118
3.95883
2.57932
4.36275
2.12857
0.468565
4.57707
1.14429
3.77501
-0.360269
1.27464
1.11311
0.884348
0.561206
0.556624
0.61079
1.57107
5.07199
0.56542
1.07523
1.23224
0.555355
0.454615
1.102
1.43865
0.923222
1.07044
1.43079
0.245067
3.65646
4.54098
1.20259
0.426218
0.690594
0.395117
4.04839
1.38454
0.646574
2.95118
0.880023
0.630475
1.14314
1.07459
0.580018
4.61021
1.18913
0.906161
1.05414
0.92314
0.78243
0.498858
3.76988
4.68054
1.03571
0.662642
0.211231
1.03408
0.539336
1.19785
1.35172
1.10458
5.13564
1.31103
3.40908
0.635785
0.625017
0.708166
2.92061
0.0971695
4.66283
0.712558
0.0388016
1.00824
0.861648
4.38835
0.557183
4.55721
4.52402
1.50483
4.28099
1.56206
0.598352
0.4679
0.390684
1.06723
0.603676
1.30721
1.01631
1.53555
3.80617
1.02021
0.267001
1.1413
1.02
1.37815
1.27556
0.0228582
1.04377
3.69393
5.24969
0.624481
0.983955
0.834972
0.884487
1.4214
3.79994
0.503173
4.5754
0.995089
4.50047
0.863289
0.52452
4.72077
1.01292
0.599911
1.18973
1.19754
0.937718
0.150105
1.02364
0.953987
1.33838
1.22768
1.39549
4.73352
0.516626
4.83651
-0.484833
0.666035
4.79035
1.2064
0.956859
0.764821
3.63115
0.809925
0.675843
5.30698
4.18256
1.18066
1.07247
1.23266
1.18017
0.502856
0.836343
5.05331
4.61938
2.19476
1.21395
0.791702
0.58659
4.2343
0.935625
0.95808
0.702428
0.655072
4.48602
1.10428
4.72041
0.978937
0.448015
3.50741
0.848155
0.912979
5.30665
1.20105
0.865053
1.06556
0.718761
1.05352
4.65643
0.965596
4.97566
1.2029
0.619552
0.966985
4.51223
0.967107
2.43773
0.974084
0.741551
1.62299
0.404536
-0.75385
1.01184
0.938474
4.79211
1.107
0.942792
0.736515
4.63686
0.210257
0.979586
1.39126
0.411149
1.26645
0.924851
0.470225
3.39287
0.634886
1.03093
0.683774
1.08403
1.27421
0.319875
4.70054
0.395955
1.10664
0.12229
0.975454
4.38749
0.565478
1.27556
0.690469
0.477431
0.410226
1.28799
0.871002
1.2307
0.470707
3.33531
1.28624
4.92724
1.3136
1.44398
0.64202
1.15817
-0.251843
0.620335
0.741263
1.1569
0.562398
0.686763
0.564225
1.04992
-0.448019
0.801805
5.59829
-0.309435
1.18291
4.97953
0.656251
1.07443
0.441391
0.311404
1.28834
0.770289
4.20651
1.16471
0.163721
0.991268
1.02921
3.64521
1.28849
1.14574
4.43177
0.740845
3.62058
1.13679
1.04335
1.01726
0.613769
1.03987
0.572574
4.73434
4.22777
1.28436
1.39867
-0.102146
1.31005
0.520421
0.867761
0.719701
1.308
0.508552
0.70999
0.153136
2.02036
1.04601
1.18612
3.12292
1.13331
2.47246
4.56764
4.34592
0.040574
5.0533
1.29422
1.05449
0.780726
0.605189
0.686734
0.0955072
1.25277
1.83211
1.29274
1.67011
1.38582
1.46664
0.728613
1.10973
1.3841
1.04636
0.741486
1.28655
0.759575
1.31806
1.2782
1.28557
1.28875
4.18487
0.751496
1.27522
0.878939
1.29085
0.995461
3.11186
1.26932
4.80853
1.46001
0.428599
4.93883
-0.15836
0.760475
1.26904
0.955875
1.31408
1.0722
1.20882
4.35843
1.24169
1.23621
0.319248
4.55852
0.888053
4.34611
0.613101
0.8664
4.71941
1.3883
0.804509
1.16331
0.869969
0.576188
0.965353
1.08717
4.14366
1.07695
3.35372
3.9668
0.945338
4.51085
1.28061
0.399627
1.25474
0.829046
1.27341
0.755965
0.834187
1.28054
1.29778
1.15047
1.15989
1.0712
1.21458
1.16355
0.873816
1.27516
0.841283
1.28363
2.28992
5.14331
0.380361
1.64446
0.920432
0.0849986
1.26863
1.53249
2.76056
1.08793
1.05819
4.37672
0.768701
1.14965
1.1156
1.01568
1.45647
1.29381
0.638714
4.72813
0.899515
1.23941
1.26669
1.15038
4.69512
0.879479
1.19047
1.09316
0.646345
0.35448
0.910806
0.941468
1.28602
2.93755
0.991598
0.982545
5.01054
0.972264
1.22999
4.50261
4.67105
1.18496
3.92835
4.66827
0.591801
0.781437
4.49373
1.30602
0.07402
1.28846
0.195062
1.22312
-0.0149432
0.550549
0.752719
1.11485
4.03621
0.706634
0.315781
1.06416
1.20101
1.26617
0.10905
4.64136
1.17025
0.415311
0.80525
0.525163
0.474334
1.2105
1.59794
4.362
0.455533
1.06065
0.732718
1.9472
-0.377292
0.0681792
1.17027
1.28904
1.52053
0.743681
0.952421
0.264597
1.19593
0.914316
1.17276
0.384781
-0.0854593
0.583764
0.40039
1.2987
0.930205
1.13938
4.63748
1.21496
4.68085
0.362785
0.611598
2.22893
0.73235
0.586142
4.23201
0.683103
1.39684
1.16687
5.37698
1.15787
3.80835
5.42448
1.06711
0.595267
1.00401
0.721964
1.27507
1.14285
1.30523
4.20174
0.181717
0.975584
0.761039
0.629753
4.38458
2.33237
1.26069
0.106205
1.18868
0.41158
5.37445
1.04064
0.785281
5.48311
0.315073
0.466986
4.51807
0.474218
1.38533
1.06999
1.2367
1.04436
4.18648
0.943233
0.321945
0.90943
0.875093
0.196247
0.561279
1.21236
1.16818
0.5908
0.725959
3.02578
0.823369
1.11339
3.67822
0.334529
0.87929
0.968108
4.44432
1.13241
1.06455
0.840624
4.46181
1.26555
1.21634
5.04666
0.424515
1.24394
1.29343
0.344097
1.14537
0.807968
0.509554
0.897341
1.18307
0.0707131
1.13444
1.52291
0.223756
1.07726
0.104593
0.976259
2.34263
0.526245
1.1365
5.04382
1.16288
1.14653
0.128745
0.933942
0.428048
0.251281
0.87539
0.470431
0.747503
3.69404
4.56248
4.65703
2.18976
4.82264
0.982151
1.5861
1.27999
0.930271
1.58644
0.430149
1.07833
1.49835
0.923513
0.938713
1.31204
0.659475
0.621825
1.31228
1.37833
1.26646
1.9727
3.13774
1.34389
4.73295
4.07609
1.41979
4.57534
0.303685
1.42166
0.340926
4.49997
1.27511
0.74129
1.14667
4.91754
2.09258
0.492818
4.69068
1.02338
0.684924
4.32889
5.46368
4.18042
0.605199
0.476815
0.575815
0.0792401
4.78289
0.370354
3.0125
4.39253
1.0101
4.47971
0.939771
1.906
0.820746
4.4573
0.399957
4.69404
3.84284
0.928453
0.883228
1.04455
1.3283
0.50831
0.61827
0.59045
0.732267
0.918006
1.30683
5.1229
4.40138
4.70833
0.925009
0.447805
0.778652
0.650245
1.12563
0.673605
1.22089
0.957041
0.810615
0.486315
4.59235
1.02802
1.22814
-0.310367
4.2022
0.450674
1.11019
2.65603
0.686823
4.46434
0.109577
0.148255
5.59884
0.695093
0.748004
0.14364
0.921161
0.65062
3.88928
1.18811
0.0464689
0.711328
1.01108
0.94297
4.39789
0.498386
1.1354
0.654104
3.16039
0.483139
1.37541
0.762203
1.03174
1.28499
4.76793
1.28468
0.26116
0.86827
3.79972
4.05275
1.1914
0.881709
0.399682
1.00075
4.7266
1.34454
0.91781
1.04385
0.448292
-0.530116
4.63432
5.36813
4.41826
4.07676
3.81917
4.46119
1.06239
0.59969
0.74748
1.46262
0.364895
2.223
1.20377
0.67661
0.910312
3.8942
0.417561
0.669895
1.2892
1.32243
4.11112
0.800775
1.11125
1.37875
1.26067
0.848363
0.346203
4.97775
0.670674
1.21534
0.760587
1.01351
0.981846
1.47391
0.613405
1.41011
1.39214
0.986148
1.18855
0.551096
1.32348
0.503115
1.32127
0.64172
0.693959
1.17197
0.924269
0.444912
1.19268
1.5513
0.961585
4.71033
1.28377
0.676064
0.370499
1.27733
0.604566
0.890193
0.700671
1.26205
4.57928
1.27513
0.842866
1.25405
0.601583
0.233102
0.918356
1.24678
1.57751
0.615739
1.31928
1.26922
5.26739
0.383926
4.06546
0.486041
0.509281
4.18482
0.705248
0.179922
1.19827
1.29266
0.451497
0.84681
1.34435
1.38109
1.10283
0.0827131
0.33647
4.67673
1.13425
0.88347
0.810701
0.721613
0.570631
0.441998
1.28603
0.92235
3.70447
4.37002
1.23446
0.640918
0.622229
1.26164
1.04541
1.37224
0.800899
0.347557
0.452616
1.38593
1.14541
5.58741
3.49014
1.22986
0.917228
4.23401
0.947148
1.26637
1.26586
1.30516
0.199618
1.4636
1.58587
1.39184
4.7905
1.07064
0.681998
0.192401
0.887093
0.592743
1.40438
0.747141
3.90908
1.36831
1.12074
4.52615
4.43283
0.711779
0.836506
1.08615
1.2233
0.351352
0.756542
0.8664
0.532342
3.11948
1.0931
0.94935
0.879918
1.22713
1.19331
0.923225
1.17068
4.79799
0.162606
1.27661
1.20911
0.630903
1.53114
4.23513
4.79904
1.12726
-0.399613
0.954961
1.3886
1.17885
3.08039
1.23088
1.36602
1.30139
1.29896
0.887219
4.72409
0.501723
1.40414
0.359547
2.85745
0.727542
0.937166
4.51829
1.0963
1.14886
0.936386
1.11961
0.524783
1.05171
0.6563
1.01634
1.1995
0.909126
0.548564
0.699223
0.732182
1.18675
0.9837
0.736835
3.36879
0.538786
4.67684
2.39941
0.700173
0.681947
3.95031
3.52527
0.608242
2.8606
1.01876
0.630729
0.0761434
0.0716335
0.71237
4.61745
2.08241
0.483959
0.196369
1.31452
0.744507
5.58197
0.930049
1.28916
1.16124
1.08098
0.780832
1.21363
0.752203
3.58658
1.31118
0.837763
3.34467
0.672078
0.293644
0.811364
4.77313
0.776028
1.20497
1.22996
4.71495
1.01979
1.21145
0.939581
1.18004
3.5337
0.510497
0.335923
0.169062
3.75701
0.151138
0.679666
0.561496
0.672385
1.25623
0.355947
1.04496
0.569406
0.983905
-0.623507
0.479747
0.765048
3.99553
0.0539467
1.20439
1.04678
3.28316
4.78225
0.714686
1.26449
0.885684
1.90276
1.24532
1.28552
-0.0252393
5.20117
3.86906
0.271141
0.925012
1.47598
1.23363
0.502135
1.01285
0.97565
0.130362
1.26988
0.386355
1.24489
2.20998
2.32819
1.47708
1.46089
1.07743
1.02007
0.47881
0.559667
0.00752846
1.25065
0.171256
4.37904
1.18746
0.213782
0.849921
0.580963
2.80703
1.06278
0.412921
1.45593
0.975948
4.60043
0.723259
1.22588
0.996738
3.8556
4.75366
0.0846782
1.14649
0.0359019
1.01245
1.13914
1.3377
1.1142
0.822425
0.704572
0.715899
1.82358
4.6823
0.918031
1.23158
1.22919
0.900159
0.795496
1.00076
0.399214
0.918406
0.3536
0.359584
4.77131
2.16564
0.632778
4.51586
4.45437
0.603936
4.25506
4.70134
0.190247
2.84564
0.875571
0.938352
1.07944
0.595689
1.09182
1.30157
3.11493
1.22439
2.72221
1.03804
0.148702
0.804282
0.540105
0.900146
4.8177
2.19282
1.71476
0.892237
0.267848
1.05282
1.07518
4.56168
0.911162
1.10605
4.54925
4.53049
0.0859424
1.25647
0.877728
0.395803
1.54193
0.492002
4.49207
0.875053
2.9656
0.83559
0.728216
1.15285
3.26289
3.85349
0.643781
0.244558
0.762262
1.28148
0.0798062
0.196213
0.503809
1.28829
3.53383
0.923389
0.223647
1.11846
1.24282
0.675066
0.727375
1.1886
0.462239
0.985572
0.469297
0.66296
1.20873
1.20795
1.38555
0.770004
0.834988
1.35793
1.16517
0.586943
0.0576458
3.60045
1.07837
4.25606
0.667304
4.27221
1.27058
3.16101
2.04317
0.713869
1.12412
1.24682
3.93622
4.00141
1.32926
3.31614
0.049382
0.734082
1.06817
0.544914
1.00449
1.22961
0.99615
4.59382
0.155913
1.17891
3.52165
1.37573
4.77196
0.736952
1.25104
0.805189
3.41649
0.717078
0.863596
4.65798
0.569697
3.29561
0.206919
1.17591
0.866444
2.23395
3.9835
1.2403
0.652513
0.93533
0.337362
0.339831
0.651358
1.23784
0.98576
2.93556
1.25149
0.763567
4.73288
1.19955
0.776553
1.05582
1.10712
4.41259
0.0965823
3.46355
0.816441
3.1597
0.761474
0.530606
5.26108
0.675183
0.99327
1.50997
0.791078
0.983924
0.659765
0.954319
0.653969
0.846446
0.622004
4.29049
1.19017
1.26362
1.08102
0.651611
2.1937
4.79291
1.45775
0.536777
1.31429
3.66797
5.08437
0.939013
0.789995
1.27596
4.70038
0.470991
0.84133
0.710297
4.96484
1.23634
4.75616
0.0479581
0.305708
0.693177
3.77338
3.73306
2.08625
1.33667
0.446067
1.29154
0.392971
4.52379
0.728836
4.63335
0.919822
0.640059
4.29144
1.38129
1.20307
4.73571
0.796426
2.54859
0.224739
0.952705
1.9415
1.3553
1.29606
0.945265
1.45251
0.856826
4.22683
1.86344
1.36523
5.08207
3.91211
4.64294
0.690488
0.987937
0.783863
2.77829
1.40474
4.56815
4.66048
1.24613
5.44423
0.579406
0.975752
0.860603
1.08706
0.982978
5.3512
2.85212
1.28098
1.0816
0.194523
0.42985
0.426085
0.663244
3.66139
1.73017
0.850117
0.5263
1.4344
1.27209
1.04972
1.53044
0.723942
0.421171
1.26589
5.02538
2.23609
1.03265
4.22832
1.29015
0.638391
1.05731
4.66845
0.332813
0.144809
1.21403
1.21387
0.790905
0.0702285
1.46216
1.29592
3.3457
1.26028
1.04621
2.87864
0.103292
0.983954
0.922275
1.06465
-0.487003
5.52755
0.889146
0.986189
0.676011
1.02785
0.963266
0.940439
1.01931
1.05261
0.84153
4.91276
5.05292
0.681268
0.871394
1.4665
0.100999
1.28113
0.901605
0.937378
0.83909
1.3642
1.8238
1.29189
0.643521
3.03252
1.52502
4.3217
0.969584
5.01635
1.00906
0.920342
3.86737
4.31957
0.672302
5.15691
1.57449
4.25709
1.12628
1.06128
4.25594
1.30525
3.97101
3.65387
0.354171
1.92276
4.57035
0.674224
0.946785
4.75235
2.15279
0.51158
0.618957
0.812813
0.231162
0.621879
0.0326472
1.22593
0.404539
1.15406
0.495736
4.82265
0.801717
1.45502
1.05591
4.03533
1.57308
0.983803
4.54277
3.89222
1.89904
1.28813
0.911684
0.745306
0.564767
3.75725
1.3931
1.01239
1.02969
1.21751
0.796207
4.83793
0.590124
1.15614
1.095
2.74461
0.868918
1.26009
1.25189
4.34851
0.678057
1.07546
1.14039
1.21842
0.914247
1.40073
2.77889
1.96488
0.48432
3.75495
0.931632
4.91305
1.04563
0.942231
1.40595
0.675314
0.241452
0.324007
3.70486
0.821104
1.21369
2.74233
1.26286
0.903357
0.686353
0.932225
1.40665
1.20941
0.993469
0.99999
1.32479
0.741022
0.901978
0.724493
1.01767
0.539249
0.957492
0.886098
0.784891
1.20953
0.634198
1.25107
0.570213
4.02594
0.896167
0.743692
1.33306
0.597675
0.125027
1.6436
0.553956
1.03219
3.92323
1.26201
1.44165
1.31488
4.74425
1.45622
1.12826
4.72636
1.19437
0.918569
0.746211
0.65177
0.907728
0.472533
4.55191
1.0441
0.706204
4.02747
0.900471
1.21214
1.20362
1.07859
0.733625
1.35505
4.02601
4.45974
4.38632
2.47569
0.498505
0.568939
4.35044
0.862726
4.99801
1.06417
1.26816
1.44607
0.915002
1.15096
0.947677
0.946453
0.964228
1.30059
2.31937
4.64211
4.7586
0.918534
1.03316
1.51314
0.339808
0.6565
1.59914
1.05648
0.292476
-0.345625
1.20042
1.37753
1.07829
0.369222
1.04917
0.601815
0.954851
1.0297
0.535023
1.22324
4.56793
0.480996
0.338472
4.4904
0.302287
4.33173
3.7791
0.0368504
1.28091
2.20532
4.46924
0.618543
1.81455
0.940468
1.23423
0.484493
0.766556
0.131367
3.32898
1.31667
5.09054
4.32737
0.89528
0.868517
1.3324
1.31157
0.863855
1.27713
1.22298
0.100955
1.19221
1.24222
4.74096
0.777333
0.719552
5.49261
2.80488
0.77784
3.80328
1.00995
1.15214
0.656792
0.0662573
1.39451
1.18749
2.45642
0.431846
4.17079
1.03773
0.856353
3.93925
4.91802
1.10348
1.54966
4.61454
0.572159
-0.247708
4.74086
1.08139
0.870709
0.933655
4.32366
0.988529
0.889645
4.54178
1.401
2.83377
0.11892
0.85455
2.86739
0.329207
4.60434
0.937353
0.68759
0.67
1.20199
4.25701
0.291983
0.915372
0.133245
0.922053
0.144544
0.922558
0.767316
0.632772
0.27981
0.69092
-0.338112
0.910688
1.39536
0.928291
0.741372
0.459983
1.1407
1.37782
1.16045
-0.111821
0.423428
0.663682
0.251267
4.49312
0.654625
0.816184
0.199309
0.501934
1.27076
0.920418
1.34468
4.45324
0.748748
1.26825
0.596642
1.25889
0.765956
1.01886
0.943214
3.11133
0.819756
1.29039
1.19673
-0.00788083
0.704247
0.515518
4.70214
1.41722
1.27446
4.1791
4.67453
0.849996
1.15117
0.805851
0.934834
1.22985
0.706956
3.38343
0.914524
4.54027
0.268602
0.629983
0.191213
0.586301
1.20915
4.63163
0.826997
5.17855
0.272997
0.647925
0.933207
1.16456
0.333989
0.891131
5.18818
0.484787
1.91887
1.27752
0.219556
0.503341
2.0869
4.74913
0.11641
0.731833
4.64081
1.40974
0.251897
1.06505
1.30771
4.05137
1.12768
5.09426
1.26443
1.11699
0.235775
0.99157
1.19966
2.50145
1.19591
1.20006
1.3958
0.770152
1.85169
0.902843
1.19994
0.668092
0.903901
1.14464
0.293842
1.05644
1.2335
0.00484955
1.23065
0.271765
1.10767
0.308026
0.603682
1.00323
1.2717
1.01598
0.758095
0.794013
1.31234
0.642889
0.913538
1.27271
0.507296
-0.0368412
1.26524
4.21667
0.0226729
0.910614
2.14437
1.45949
0.0580898
0.928541
-0.0560894
3.41293
0.992719
4.35217
1.13883
-0.255312
0.647279
0.923994
0.0113619
0.600416
1.26069
0.545873
0.822336
0.61673
1.06739
2.77668
3.60872
4.7513
0.245104
2.43527
1.66798
0.580488
4.69656
1.01451
0.139223
1.03156
1.36141
1.17385
4.41837
1.5902
0.927871
0.89671
3.63848
1.12303
1.13398
1.14393
4.33672
0.331241
4.61203
1.34921
0.903587
1.21134
0.488416
1.06204
5.07877
0.724535
1.23498
0.778611
0.723042
0.967111
1.20554
0.45841
0.696403
0.956227
1.15423
0.890142
0.469319
1.05413
1.30323
0.926447
0.620072
4.6871
0.422497
5.3466
0.702978
0.884457
0.897441
1.37779
0.858178
0.938885
0.119344
1.01596
0.0429453
0.700658
0.0854288
0.868795
0.879137
1.1547
4.87757
0.768948
4.59538
0.905895
-0.0442043
4.79465
2.57252
0.518399
4.07532
4.28597
0.881256
0.451958
1.0152
0.979447
4.28598
0.0808984
4.86106
0.479214
3.68101
0.920431
0.860621
4.74314
1.10808
0.348606
0.364651
4.00835
0.173294
4.35485
1.57988
3.71158
4.86958
1.28264
1.01695
1.30465
4.46691
4.33245
1.25359
1.11564
1.01004
4.30591
0.683573
0.778068
0.916307
4.48911
0.984727
1.40093
0.131587
0.246721
0.836138
0.944405
3.74051
4.41369
0.0155543
0.613685
1.19828
1.45713
4.64973
0.61637
2.6015
0.568073
1.42869
0.969927
0.261139
0.562605
2.33332
4.84897
0.862689
1.02836
3.16589
1.36835
0.98155
0.413378
4.44792
4.25059
0.790596
1.64518
4.46418
4.53571
0.543998
1.29548
0.83347
3.43683
0.423603
0.613553
0.508146
1.06235
0.574961
1.01177
0.329733
0.220398
0.558501
2.05227
0.595189
0.701349
0.830435
0.162866
0.730869
1.1415
1.29201
1.58629
5.35761
1.38984
1.53329
0.974513
1.20808
1.28648
0.656196
1.23825
1.1377
1.01557
1.24729
0.0805459
0.779538
1.09013
0.968112
4.43817
1.20493
1.938
1.28424
1.5524
1.27339
0.918662
1.37768
1.20555
3.20831
4.32506
4.68373
1.23856
0.78653
0.982833
1.4222
5.21858
1.16532
4.40564
0.904304
1.12463
0.425388
-0.276762
0.771874
0.493098
0.590052
3.664
0.612065
1.00308
0.385084
0.926121
0.707872
0.712397
1.61859
2.84287
0.636325
0.538877
4.3193
1.30511
1.27213
2.71277
4.39082
0.419869
0.967532
1.32344
1.26202
5.62198
0.482227
1.17916
4.3684
0.349367
0.678069
0.724519
4.58323
1.13324
-0.000759361
1.21523
1.3272
1.22436
0.637971
1.08941
1.2812
-0.151778
0.616054
5.57444
1.00176
0.887312
1.30836
5.36334
1.19955
1.27218
4.22892
0.583358
0.655658
0.540601
0.982922
0.128748
1.22185
0.987595
1.08487
0.789284
1.15306
0.60814
0.968295
0.436138
1.14709
1.13105
0.983108
1.35764
0.708106
0.507894
0.606956
0.96694
2.22064
0.914765
0.489909
1.24475
0.830335
3.60189
1.21594
0.740588
5.02047
4.21377
0.377931
-0.240101
0.283978
0.491874
5.20164
1.27129
1.57164
1.00107
0.659266
1.23974
0.924958
2.60925
0.386912
3.10957
1.21912
0.728178
0.644948
0.701438
0.597025
4.73645
3.85616
0.921498
4.49294
1.25354
0.420417
2.39838
0.990351
0.885025
1.07577
0.85797
1.01105
1.0438
0.923012
1.32714
4.30985
1.32677
1.31844
1.22968
4.54987
0.261942
1.18956
4.3714
4.35814
4.46674
3.9721
1.11197
5.15205
1.38966
1.32081
0.971385
1.3267
1.26553
4.05198
1.26973
1.75561
0.680814
1.81412
1.27321
1.27714
0.93666
0.983246
0.721321
4.8385
0.686519
1.07645
0.706774
1.13832
4.40517
0.891751
1.3998
1.18123
0.429152
0.479877
4.26787
0.644526
2.4011
0.0418173
1.04321
0.985456
0.885258
0.668594
0.910163
0.839136
2.16328
1.05321
0.725653
0.498194
1.57678
1.12015
0.378055
0.132762
1.20951
1.0388
3.81974
0.906122
0.398049
1.03072
0.713923
3.08427
4.61763
0.0369758
0.748673
3.47297
4.82893
1.06468
0.816059
0.912669
0.127174
0.607338
1.38233
3.34328
1.16042
0.887734
0.817624
3.66524
1.22917
0.605096
0.396184
0.100779
1.35667
0.441882
0.977654
0.756603
4.3522
4.83793
3.134
1.14972
1.00576
0.924769
1.29036
5.25987
3.96621
0.640891
3.37381
1.0184
0.918603
0.241942
0.471149
0.522819
1.44638
0.829988
0.733191
0.783263
0.0478966
1.21721
3.60539
0.608185
4.46913
0.198263
1.45615
0.50905
0.918544
0.434313
0.752933
1.28493
0.117202
0.949945
0.746871
0.68651
0.618654
1.30026
0.924114
0.785716
0.632355
0.779433
0.92627
0.723038
1.20912
0.696713
1.57674
5.39654
0.146499
0.846141
0.870687
1.56378
0.109889
1.09612
4.39347
2.12074
0.921889
1.3765
1.45812
0.406408
1.30999
0.837271
1.12305
0.376187
0.612484
1.32008
1.29722
1.12482
5.26256
3.35597
1.25946
1.08437
-0.165725
0.544889
0.394932
0.94192
0.493488
0.390083
0.5413
-0.56768
0.920686
2.0019
3.67343
5.05437
0.51928
3.2093
1.28879
1.56885
0.828022
4.2973
0.679479
0.776916
1.02167
5.53283
0.709438
1.30445
4.73873
1.21099
4.63381
2.04474
1.46053
2.97515
0.945884
0.634393
1.04728
1.3334
0.723463
1.113
0.802105
1.24805
3.28073
1.38108
1.29856
0.441148
0.717054
1.20162
0.268728
3.83512
1.19933
1.24869
0.795096
1.27364
1.55801
1.37073
0.712614
0.91672
4.26166
4.69906
4.58225
1.22863
1.43163
1.64939
3.39424
0.963223
0.0827861
0.775483
1.00241
2.9471
1.38004
1.46663
4.55648
4.21399
0.72022
1.27245
0.62782
1.18834
0.343771
2.23725
0.8989
2.6634
1.26507
3.88618
0.981656
0.592951
1.38196
3.00783
0.921096
1.27847
0.357923
0.562271
1.36427
4.38352
1.38627
4.71912
0.957614
0.533687
-0.503901
0.179236
0.844272
0.92875
1.15917
4.37626
0.692486
1.12388
1.57888
0.927772
1.07572
5.23373
1.24135
0.745646
2.02905
5.66044
4.68952
4.23877
1.42002
1.26501
0.696937
1.27575
1.27473
1.21464
1.31342
1.38483
2.69659
0.691533
0.846914
1.26594
0.863572
0.815843
0.431104
0.0178109
0.180575
0.315981
1.28293
0.134743
0.87709
0.033723
5.53175
0.761944
1.11246
3.96125
1.0282
1.27433
1.57646
0.155122
2.18436
0.507052
4.36091
0.536056
1.22354
0.225381
1.34803
0.666141
0.915644
0.612146
0.572877
1.23605
0.859382
1.30676
1.21372
0.0275345
1.06289
1.18212
1.27094
1.14026
1.0429
0.812475
0.889716
1.28414
0.956514
4.54714
4.39004
0.710385
1.27745
0.827159
0.854805
0.745269
1.30702
1.30535
1.05106
4.90071
0.635608
1.31161
0.669691
1.19778
1.25171
4.46704
4.8892
0.992617
1.08248
1.14362
0.476388
3.09056
5.19473
1.17309
4.11949
4.60336
0.451479
0.936768
1.37657
0.375698
4.90511
0.0550836
1.70701
1.07114
0.841277
1.03609
1.29821
1.17726
4.23174
4.26221
0.673664
1.27689
4.48738
5.23802
0.925186
0.553598
0.834128
0.442105
4.44546
2.80725
1.58003
0.388442
0.727591
1.33202
0.528001
0.0264349
0.657752
1.17265
0.306601
0.133182
0.0966809
0.365948
1.745
2.43085
0.798763
0.668849
0.861669
1.33908
1.08102
1.29935
3.73586
1.37874
4.86023
1.22385
0.931233
1.23015
3.93045
1.29347
0.979608
0.511071
4.4734
1.11609
0.334419
0.871926
1.02537
0.810369
0.722429
0.739701
2.26882
0.721755
0.44172
2.06627
0.904811
0.722151
2.55937
2.04969
0.690315
0.193537
1.29748
0.333206
0.967596
1.28167
1.17993
2.25539
0.851833
1.66056
1.24325
4.77808
1.31076
0.115217
1.29733
4.36309
0.456175
1.03921
4.98096
1.07877
0.82492
0.909382
0.281366
1.63339
0.759847
0.68023
0.173579
0.191604
1.29329
1.04906
1.03411
0.330721
1.36279
1.13771
3.71335
1.28614
0.744995
1.59698
0.774408
0.774574
1.13838
4.94266
1.30421
1.40368
5.42277
0.792233
0.975873
1.30256
1.08103
0.226341
0.810768
0.80755
1.22582
4.21622
4.93663
0.10292
0.178327
5.00905
1.30269
1.36571
4.14693
0.35918
0.722107
0.654142
0.534156
1.29322
0.782972
5.49557
0.477681
0.0457497
1.30472
1.31341
1.30962
4.6256
0.102869
1.45564
5.09112
1.21903
3.98721
1.21643
0.795735
0.607732
0.914994
4.70875
1.25528
1.14161
0.478171
1.23838
1.02064
1.48626
1.30235
0.1141
4.14576
1.21373
4.65887
1.01012
0.649846
1.31847
1.34573
3.09691
5.11736
1.24728
4.32409
5.06239
0.871288
0.205065
0.230208
4.73867
1.1902
4.65392
1.29345
0.771036
0.626173
1.24754
1.22128
0.84614
0.450971
4.50826
1.31835
1.41062
0.362353
0.751186
1.29397
1.60903
1.04101
-0.797768
1.38299
1.37556
1.62524
1.36022
1.36598
0.624122
0.144888
1.39131
4.83297
0.711832
0.770269
0.608798
0.734588
0.569633
0.624243
1.14863
1.3085
1.58882
1.30149
1.80765
4.57897
4.79412
1.29982
1.30402
4.9203
1.30022
0.309302
0.812072
4.53948
1.1471
0.836255
0.660708
1.08991
1.61523
4.65877
1.28451
1.30803
0.970418
1.2673
4.57441
0.556374
1.30721
0.860786
1.0312
0.978982
4.68031
0.553767
1.40226
0.589184
3.98795
0.980062
1.30684
1.35953
1.03988
1.30982
-0.415088
0.618167
4.27782
0.865899
1.08989
5.09613
1.29571
1.2951
4.74717
0.179908
1.12776
1.30407
0.612489
2.32159
3.93368
1.30466
1.30618
4.60952
4.30162
0.618262
0.897946
4.62091
0.773808
0.765459
0.343936
0.852882
0.490748
0.615069
0.937573
0.680084
4.02317
0.473918
0.864559
0.849617
0.32533
1.08848
0.399966
5.55248
0.585644
0.870489
0.391571
1.27836
1.4564
2.80897
0.766732
0.99733
1.05086
1.39669
0.9672
0.871233
4.69835
5.04707
0.0181656
0.365007
4.76027
0.731185
3.26525
0.82723
0.343409
1.37
0.419957
0.629343
4.06356
1.61352
0.58003
0.131918
0.635464
3.36953
0.437656
0.977179
0.769256
0.705267
0.753273
4.48691
1.39304
1.38885
1.42307
1.426
0.0391352
0.143691
0.152549
1.29935
0.551554
3.25876
1.03881
5.12267
0.596061
1.32396
0.748973
0.954043
1.35834
0.321207
1.30058
0.913432
1.30012
0.808182
0.981132
1.33945
0.91427
1.41082
0.694138
3.08644
0.530048
0.436212
0.489953
2.22687
0.926915
3.41316
0.322339
1.29231
0.524306
0.157309
0.986133
4.7136
4.58834
0.219497
0.905898
0.828361
1.78084
4.01282
4.59816
1.23185
1.34343
0.950284
0.838125
0.956767
1.43648
0.834265
0.590602
0.895959
1.25638
1.22012
1.36368
1.37032
3.06581
1.57686
0.899105
0.971095
0.734597
4.38472
2.15062
4.62444
0.757428
0.999351
1.14712
1.30197
0.936137
0.495321
1.32265
1.23461
0.69596
1.37533
1.07908
3.69926
0.0887665
1.31755
0.985449
4.48967
0.524767
4.7476
1.06185
0.808496
1.39521
0.289271
1.03394
3.09578
0.287751
1.19714
0.754726
0.829431
0.829123
3.8286
1.16523
0.265517
0.887069
0.736596
4.58468
5.09538
1.06039
0.729717
0.848065
3.62437
3.17094
1.28896
0.924534
0.429908
0.976583
0.278514
1.05947
0.364675
1.26848
0.680799
0.300672
0.651454
0.959385
1.23723
1.32444
0.921526
4.87622
0.979459
0.621719
1.37606
0.63664
1.2533
1.60763
0.590963
4.38607
0.594611
1.09469
-0.38385
2.09482
0.284653
1.25939
2.35762
0.993715
0.366809
1.24212
3.11232
0.386456
1.58307
1.4523
0.972892
0.479793
0.654576
0.619435
1.30144
0.614764
0.850351
0.401262
4.62774
0.658193
1.3499
0.877741
4.23744
0.869842
4.04936
0.780582
0.817038
0.639361
0.995312
-0.0550666
2.3596
1.91173
4.21803
1.20236
5.21415
0.986062
0.917924
2.22646
0.967052
0.584464
1.05223
1.19152
1.28493
0.403104
0.33428
1.40033
4.41225
0.360361
1.19323
1.2082
1.65794
0.641851
1.35992
0.627202
1.15399
1.03831
4.1355
0.40457
0.689734
1.71094
4.76266
0.941085
1.20103
4.03771
0.227827
1.04865
1.4451
0.705105
4.23554
0.733531
2.84016
0.105016
3.80894
0.766171
0.929288
0.732339
1.05599
1.0236
0.974196
0.39077
1.04959
3.42174
1.68269
1.19873
2.78951
1.22423
4.5122
1.47053
1.45691
1.38099
1.08588
4.26948
1.23264
1.13912
1.09899
0.605941
0.372077
0.661732
0.363971
0.692633
0.405668
1.03412
0.510564
0.6547
3.5371
0.38406
0.870488
0.899296
0.851458
2.57364
0.850742
0.928543
1.24836
1.41786
1.2496
0.202553
1.3783
4.45397
0.444776
0.0775101
4.07677
0.17939
1.3931
1.33285
1.19718
3.88254
1.16945
0.337211
4.84934
0.847308
0.996529
1.35372
3.82446
1.17402
0.872031
4.1456
5.34498
1.21843
1.02973
1.21416
0.634596
0.741732
1.25486
0.813922
4.64144
-0.223637
5.0241
4.76219
4.44776
5.04883
1.01549
1.37475
0.833335
5.05906
0.923891
0.458068
1.34733
1.31578
0.322205
4.03768
-0.377555
1.09123
0.257376
0.927435
0.0810327
1.5903
4.25525
-0.00222449
-0.309872
1.24227
0.0713411
3.47356
1.35256
4.55506
0.901801
0.682738
0.380464
1.23702
0.872413
4.9427
0.692451
4.36688
0.768346
0.415059
0.910017
1.25358
3.88585
1.76593
0.9516
0.799278
1.01048
0.946695
1.34009
3.23061
2.03165
1.26302
0.8296
1.4214
1.27037
0.702899
3.07822
1.24178
1.15303
1.17363
0.684288
1.01974
1.29199
1.0197
0.839762
1.31488
0.833015
1.25699
0.720974
-0.495117
0.937301
1.03421
0.610463
1.25718
0.797548
1.33116
1.18076
0.319558
1.29577
0.498563
0.936941
0.593046
0.532266
1.15482
4.48058
0.918888
5.24898
3.49618
0.883274
0.386212
0.832131
-0.495192
4.77668
1.34205
2.39784
0.907852
1.29394
5.21853
0.887639
3.17296
4.40761
0.59249
0.0334998
0.83599
0.531554
0.67443
4.37774
1.15345
1.20642
0.138616
0.636775
1.13938
1.31054
1.0744
3.75453
0.942153
0.965138
4.52572
1.01901
1.14411
0.416803
1.07583
4.30103
1.50255
0.394838
1.00725
1.35185
1.33469
1.75939
1.11622
5.17761
1.10274
1.10276
1.40343
4.63589
1.29541
0.992828
0.77363
0.423168
0.833488
1.13781
1.31329
4.72506
0.622816
0.922519
1.31336
0.687871
0.948789
0.840123
4.56207
0.764717
0.349213
0.972288
1.02708
1.29189
1.78685
0.739879
0.476167
1.06523
1.44687
4.4747
0.893958
1.022
1.00778
0.984019
1.38444
1.31912
1.29671
1.27302
0.935068
0.473914
0.780214
-0.415346
4.46064
0.830219
0.829557
0.143241
1.32046
0.95002
1.25689
0.964049
0.00546763
0.395502
3.9291
1.11571
4.06123
4.04868
1.60703
0.97669
0.947465
-0.36967
1.1754
1.26354
0.983648
1.28052
0.736302
3.46131
0.560524
0.920957
0.965875
0.566553
0.95394
1.28848
5.60423
4.05781
0.765438
0.0892506
0.759875
0.0694896
3.60034
4.12704
4.72043
0.401357
4.76336
2.51736
5.12499
0.825561
0.786518
0.674198
0.829158
1.39451
4.08086
0.83262
0.17308
2.37721
4.20769
0.871647
0.290423
1.46605
1.00018
1.04869
0.730533
1.2255
0.441079
1.07635
1.23183
1.3218
0.995565
0.530004
1.04043
0.255176
1.0771
0.689222
4.54227
1.22895
0.518671
0.874925
1.60125
1.32277
0.806651
0.765023
0.97351
5.49367
2.2923
1.38144
0.822517
0.902142
1.2847
0.973087
0.491635
0.555119
0.0780291
0.822487
0.722897
0.884404
-0.68115
0.88434
1.28517
0.999848
0.82498
1.33887
0.948622
1.32765
1.20257
1.4543
4.35041
1.16991
4.53568
0.764196
3.839
0.830487
0.809716
0.771129
1.02732
5.094
0.852168
0.434766
0.773355
1.26892
0.968001
3.25961
0.556101
2.64079
1.26188
0.831486
0.961864
1.12245
0.629412
1.02983
1.6186
1.27613
0.825218
1.42635
0.964997
1.05183
0.820416
1.04641
1.16515
1.04224
1.00994
0.257991
1.20959
0.705071
0.910974
0.0826776
1.23121
0.627764
2.21115
3.96455
4.47143
0.606103
1.09012
1.16209
0.844822
1.19867
0.868863
0.753366
0.0142278
0.895774
3.65497
0.82123
0.265703
0.243003
1.274
0.679297
0.645761
0.259682
1.24963
0.34545
1.22181
0.0327985
-0.161966
1.00221
1.16027
1.30648
5.65026
0.856641
0.530272
0.626815
0.96169
1.23889
1.04129
0.182417
1.71857
0.0786207
0.447692
5.11771
0.600584
0.693771
0.834209
1.05323
4.30328
1.47173
0.412818
1.38952
1.4534
0.736576
4.75714
1.28119
0.409685
1.40918
1.36139
1.26622
0.82326
1.1603
4.76272
1.36244
1.27666
1.32681
5.00061
0.442341
0.839558
4.93219
1.11516
0.85882
1.27765
0.866263
0.353775
1.37706
1.29242
0.64008
0.822776
4.33432
2.26605
1.26395
1.19085
0.769694
0.965583
1.14026
1.20505
1.32126
2.61849
0.744305
1.01896
-0.302265
0.83554
1.24138
0.82951
1.14271
1.44865
1.27906
0.830464
0.259938
1.23534
1.45776
0.749606
0.623732
1.31195
0.596383
1.32462
0.614435
0.921117
0.721113
1.33746
0.843626
0.870492
3.62777
1.15228
3.62872
1.42793
0.406132
1.27235
-0.239008
0.54962
0.803829
0.999808
0.095296
1.14524
4.08154
0.649779
4.70118
1.19948
1.29683
3.54105
0.343184
1.14645
0.821951
0.864009
1.42592
0.833695
1.52393
0.78027
1.55003
0.909513
1.45828
1.00212
3.64853
4.59984
0.732896
0.385999
0.47001
1.17783
4.68119
1.23035
1.129
1.31814
0.829108
1.18318
4.44165
0.348773
4.86623
0.89609
0.979764
1.27709
0.555969
1.17218
0.100677
0.917332
1.40674
0.78104
4.00821
0.0437926
1.68479
1.26234
4.43228
3.85524
0.649389
0.664307
1.09603
0.444221
0.183268
1.30405
0.120508
0.686243
0.917959
1.32623
4.23814
0.939623
4.00129
-0.0670883
4.7653
1.20431
1.30565
0.998774
0.322657
1.60925
0.705509
4.5256
0.898721
0.636655
4.1575
0.306304
4.85991
0.662963
1.26772
1.05243
0.409208
1.36531
1.08868
1.05707
0.645309
1.31417
0.731844
0.372259
1.06903
1.31592
1.28251
4.07937
1.0243
1.05027
4.59101
1.01909
1.39661
0.810317
0.100376
0.899172
1.14187
1.19279
1.20936
0.25371
1.27649
0.420401
1.3943
1.27831
0.737365
1.26477
1.39346
0.829748
3.72105
4.34541
0.488012
1.06197
1.28621
0.86986
0.615089
1.30522
0.924208
0.200776
0.598251
0.763608
0.996289
1.02016
1.39938
1.1282
0.54744
1.30534
0.655102
1.4005
2.48412
1.00925
1.30112
0.698863
0.74221
1.1961
0.48866
4.74036
0.992152
0.637272
4.59446
4.81313
1.06202
1.00392
4.73624
4.14241
4.06588
0.877032
0.842805
0.17512
0.464247
0.827382
0.881689
-0.116757
0.40367
4.45322
1.02363
0.382021
0.939295
0.566343
3.93664
1.39158
1.05305
0.630324
2.40471
1.00468
3.04177
4.74688
1.31056
2.46283
1.20516
0.726383
0.837013
4.36751
4.86106
1.06447
1.10422
3.31207
0.99907
4.32573
5.6023
4.76897
0.815071
0.622262
1.4498
0.24567
0.890829
1.29519
0.0480203
0.446961
0.719285
0.849397
1.31198
4.17046
0.617991
0.915269
1.28398
0.776307
0.0237176
0.0484225
1.24008
1.26745
4.75994
-0.00100705
1.11858
1.1654
0.354208
0.705704
0.221479
1.75422
0.263186
0.92071
2.4948
1.35845
1.3107
1.23513
0.174445
1.19236
0.716225
1.256
-0.330305
3.3802
5.31474
0.224355
1.27809
1.23945
1.29551
1.24472
0.515199
0.449022
0.275083
3.43866
0.383846
1.07014
0.134885
1.21714
1.39484
4.07641
1.31157
1.28644
1.22994
1.11009
2.95331
4.63917
4.09267
1.3034
1.41477
1.38133
1.20605
0.96956
4.30932
0.455327
5.08839
0.660063
1.17241
1.29612
1.12928
1.21179
1.3206
0.839236
0.258517
0.325826
0.486115
1.32092
1.0267
1.39681
1.29464
0.950056
1.28075
4.36644
4.58656
0.680798
0.424579
4.09386
0.735591
4.70667
3.04688
0.712564
0.252896
2.35242
1.14517
0.742789
0.641285
1.3196
0.0213069
1.18455
0.483824
3.51333
1.32246
1.15067
0.77393
1.38215
0.168802
3.7458
1.32578
0.756911
1.07885
1.01739
5.30795
1.30524
0.414648
0.676742
0.898605
0.578492
1.21542
3.7107
3.99124
0.50543
1.18541
5.67286
0.0912405
0.81768
4.82946
1.18866
0.656443
0.934343
0.399341
1.37179
3.30928
1.30084
4.49278
3.40794
1.42078
1.23452
0.761033
1.18396
0.668558
0.388963
0.134966
0.280583
0.771
0.708977
0.699596
1.20535
0.96521
0.742545
1.1539
0.84
4.42929
1.32365
0.328906
1.20483
0.752321
1.19156
0.0800365
0.336926
0.512032
0.904168
3.6453
1.32104
1.30246
1.27104
3.92933
3.65365
4.23204
1.09847
3.40659
0.873314
4.76307
0.99408
4.25724
0.662248
4.56277
1.14659
4.88086
1.73614
-0.00488037
1.36223
1.31025
0.506258
1.31669
0.191635
4.30682
4.64876
0.0198739
0.0300801
1.13029
0.464094
3.71289
0.206584
0.850859
-0.0772682
1.21815
1.2632
4.03236
0.729761
0.496819
1.29564
1.32459
0.817511
1.14594
0.531507
4.73764
0.641504
0.738145
4.55709
0.200699
1.51661
3.01688
0.0758806
1.02317
1.00525
5.39532
5.64455
0.843436
2.2764
4.40541
1.31305
1.27518
1.2726
4.41437
0.921067
4.01932
0.591146
-0.474796
1.42113
1.22484
0.920793
1.29963
1.32026
0.983915
0.803156
0.985607
1.30629
0.731332
1.10169
1.41639
0.676563
0.107757
0.919883
5.50885
4.30448
0.969337
4.74816
0.992948
1.11778
0.210018
0.490267
4.11704
0.726779
1.60074
0.46526
0.889883
1.23392
1.00965
5.07938
0.266722
0.83605
1.31409
1.41959
0.856555
0.809862
1.52995
5.31409
1.00203
1.14057
5.68645
0.98157
1.31745
1.3176
1.30847
1.42198
3.65839
4.68181
4.57781
0.637306
4.34583
0.131772
0.575924
0.778439
1.254
1.13715
0.549662
0.625202
0.230574
1.3142
1.20186
1.06289
0.814794
1.05692
0.737138
1.31325
0.3095
1.042
1.26412
1.19542
0.955803
0.498542
-0.17638
1.04992
1.31654
1.43142
0.663263
4.81643
1.31545
4.37701
0.906031
0.628741
0.342147
0.507949
1.28461
1.18434
5.1611
1.22399
1.0141
0.67255
0.890322
0.88813
0.161996
0.0580304
1.32878
4.13541
0.700514
1.25229
0.735717
0.190731
1.30992
0.751228
1.28326
1.37305
0.502233
0.676157
1.25011
2.47437
0.451781
0.966439
0.918399
0.677022
4.83385
1.07319
1.72201
0.195729
3.56843
0.772259
0.109602
4.97221
1.30633
0.860147
0.163823
0.897489
1.45871
0.020009
5.8599
4.64198
1.28121
-0.0669198
1.29598
0.735243
1.01734
0.75189
1.32581
1.25346
4.26018
2.33246
4.18661
0.45258
0.580116
0.986987
4.74468
1.75963
0.382701
1.25951
0.539805
1.28411
1.06266
4.58703
1.22674
4.58804
4.08328
0.726809
0.902909
1.31958
4.88819
0.933205
1.1257
4.71604
1.28748
4.34544
4.48922
0.914074
0.924732
4.27102
-0.22447
1.18249
0.577009
0.645238
0.903028
1.20056
0.529426
1.38377
0.426248
1.21401
0.829113
1.15803
0.698894
1.09296
0.788548
4.7419
0.489991
0.467866
0.786172
0.881122
0.925531
5.34462
0.743823
1.19521
5.23359
0.612597
1.17561
4.58946
1.29223
4.68204
1.53655
4.67887
2.23427
5.53991
1.41139
2.50954
0.525568
0.486927
0.417056
0.771343
5.33161
1.23257
3.35484
0.716585
0.53229
2.73821
0.745021
4.6634
1.19134
0.946065
-0.255435
0.962437
1.14879
2.84525
0.140464
0.391328
1.20441
1.64997
0.631769
0.526227
1.05149
4.60139
3.79089
1.19786
0.617461
0.685321
0.895931
1.77252
0.423634
0.128765
0.919873
0.783204
1.28217
1.36208
1.42319
0.794039
0.883784
1.208
4.04952
4.47027
0.828531
0.0618234
4.48258
1.28121
4.76671
0.658825
0.328598
4.07582
5.20654
3.48629
4.64669
0.483632
1.94978
1.35496
0.149736
0.994516
0.501677
0.484516
1.35075
4.09036
0.899165
1.40537
4.61087
2.52178
-0.0184813
6.39959
0.557483
0.73459
0.903527
4.72235
1.05835
-0.316669
0.890283
0.735828
4.48813
0.973204
1.28068
4.74404
0.740936
1.41149
1.41137
0.74421
1.40948
1.2702
4.84157
1.15893
1.23803
1.38206
0.910929
3.7485
0.0884836
4.26093
0.877196
0.998484
0.874216
1.04644
0.75289
0.731937
0.734156
4.82139
-0.0326027
1.41255
0.685539
1.43392
0.920839
0.216727
-0.491348
4.16492
1.40991
1.10011
1.86483
0.821686
1.13016
-0.507024
1.37874
1.41079
4.0313
1.2214
1.36548
2.83672
0.25856
0.918446
1.12334
0.359299
1.27312
0.788832
0.717951
4.58451
1.28978
0.830248
0.613928
0.630307
2.4608
0.675813
0.753303
1.04735
1.25056
0.975953
0.584762
1.25062
0.3014
1.06631
0.996241
1.31332
0.620196
1.36946
0.400758
1.959
1.42194
4.24453
3.6815
1.23489
4.03786
1.18529
1.00694
0.9651
0.71751
4.3497
5.66598
0.645666
0.740812
0.0225408
0.813786
0.77168
0.418128
1.25702
1.31648
4.33912
1.306
4.46644
0.269782
4.70868
0.630996
1.12232
3.39494
0.787549
1.43945
2.76076
1.24127
1.23694
1.34247
1.21926
1.23996
1.43158
1.37681
1.29992
1.24103
0.757731
0.7183
3.75225
1.36908
1.6213
1.38057
1.03259
1.28216
4.78888
1.20648
1.15144
0.264143
4.75808
1.01824
3.58747
0.0468949
5.42859
0.658458
0.081763
0.483565
4.75202
4.49987
0.616796
-0.445174
0.416413
4.24033
3.76431
0.51205
0.960445
3.61281
0.248971
0.937206
1.11184
0.583331
1.30209
0.918123
-0.06243
1.24407
4.65512
0.234925
1.23252
1.27691
0.728639
0.947666
1.33287
5.3193
1.18621
0.000233406
0.846618
3.68588
1.06136
2.42302
0.636817
0.496482
1.0319
4.5336
1.063
0.278774
1.30157
0.937109
1.33928
0.824452
0.36665
1.21765
0.671066
1.14033
0.605858
0.603956
1.19004
1.24388
5.15496
0.677831
3.24374
0.578569
1.21671
1.184
1.21188
1.00335
1.02851
0.667822
0.232974
5.0964
0.874391
0.91584
1.1784
-0.778325
1.34344
0.981562
-0.32024
0.889365
0.986821
1.29889
0.482007
3.01163
0.611297
1.19716
1.00505
1.89648
1.20134
0.616718
1.3031
1.06928
0.433248
1.24027
4.83776
1.15463
1.21183
1.46069
0.217179
0.66962
1.25981
0.252013
0.886893
0.37932
1.2783
1.33343
0.652453
0.924978
4.87953
0.443801
0.729544
1.29293
0.673515
0.922174
1.19026
0.974418
-0.00494453
4.4087
1.3272
0.920493
1.05136
4.60454
1.34105
0.710662
1.37002
3.07301
1.02271
2.12472
0.791458
0.632629
0.372945
3.35093
1.27311
1.11086
0.16439
1.29533
1.15564
1.32277
4.72327
3.67749
3.93882
1.02989
1.28472
0.13593
1.30645
4.28746
0.906166
1.20493
1.01097
0.500486
0.983977
1.2464
0.495829
0.645499
0.946712
0.921022
1.0527
1.21784
3.84677
-0.0341949
0.952635
0.952724
1.22815
1.29333
5.54357
0.916708
0.15368
1.53641
0.806535
0.227456
4.70203
0.903004
0.674057
0.963745
1.60589
3.58368
1.31365
1.29995
1.7936
1.21795
1.22846
0.604419
1.35583
1.24872
0.943939
3.67975
0.424253
0.744875
1.39171
0.582596
1.27406
0.659776
1.05436
4.31264
4.42223
0.980495
0.792119
4.25741
0.192088
0.930745
4.41538
0.951267
1.21233
0.856414
1.18119
4.20032
1.12004
1.04251
0.45396
0.985897
0.354789
1.39301
0.410936
4.67375
0.487404
1.09677
0.917881
0.991872
4.44843
0.620866
1.30106
1.3008
1.12229
1.9199
1.276
0.263665
0.360101
0.326759
0.307417
1.04449
0.458101
0.346831
0.464402
0.494516
1.36791
0.50495
4.94744
0.980775
0.870563
1.20819
0.875315
3.30576
1.23028
0.851072
1.26641
5.09061
0.66471
0.941963
1.27506
0.0213861
1.25265
0.884805
4.32482
0.242121
0.251906
4.21618
1.36542
0.9428
4.94354
1.27095
1.18555
1.18972
1.31859
4.74257
0.385698
0.998714
1.21367
0.980042
0.411561
0.905
0.726704
0.346713
0.89818
0.634631
0.711823
4.83952
1.44431
4.72861
0.724314
1.08964
0.693638
4.90847
0.97912
0.289664
1.25308
4.64451
0.70421
0.980706
1.31316
1.29627
4.17091
4.67045
3.21888
2.65654
2.9014
1.17522
1.20025
1.28921
2.04566
0.868016
1.18505
1.32883
0.670296
4.74006
1.15838
1.11977
1.22398
0.646231
1.30386
0.025109
1.23385
1.19211
5.51393
0.612861
0.564207
1.26986
1.06846
0.783124
0.95254
1.90439
0.91281
3.86116
4.72484
1.16592
1.57885
4.68597
3.92189
0.873154
-0.366044
0.288562
4.78373
1.05911
0.833734
1.28704
0.433043
0.883328
1.05099
0.467614
0.283612
4.67973
0.581347
0.950712
0.731029
5.04293
0.473564
4.70591
1.39288
4.63176
0.953366
-0.834469
1.29052
4.89532
3.78472
0.522011
1.01754
0.446325
5.14972
0.535625
3.73303
0.702487
3.46065
1.33821
1.25981
0.88484
1.53189
0.930862
0.428079
0.922617
3.69667
0.911155
0.982781
4.34848
1.08133
4.64783
0.396802
4.26556
2.66566
0.925794
1.21876
0.799266
0.838256
1.37648
1.27696
0.928352
1.10452
1.11579
0.800639
1.37291
4.12354
1.26789
0.751487
0.642213
1.15384
0.828135
3.84201
2.49347
0.97865
0.768246
0.708467
0.998661
0.622549
0.348134
0.35458
0.661717
1.29283
1.26548
1.39839
0.978833
0.487811
4.21308
1.06491
1.37939
0.676511
0.491425
1.03942
0.619945
4.06456
1.26942
0.432058
0.835609
0.916089
0.384006
1.04108
1.25094
1.20033
0.848217
0.166724
4.71683
0.610869
0.434989
3.70581
0.860014
4.75306
1.07936
1.02287
1.14825
1.39595
0.453524
0.436196
5.12928
0.25249
2.01978
1.32862
4.78928
0.926819
0.0438935
0.658805
0.892445
0.14872
0.811683
0.711768
0.62344
1.1197
5.12504
1.83807
1.02074
5.03753
3.61138
0.73008
0.333624
1.31532
0.526451
0.994846
0.686996
2.27581
1.00512
0.781767
1.03807
1.22105
1.61274
0.821725
1.31112
5.68792
0.940644
0.610777
0.907726
0.915238
0.65325
1.53964
0.533201
4.68316
0.835866
0.757526
1.18018
0.41204
1.08539
0.380079
4.57863
0.984759
1.21678
0.926267
1.12387
1.14218
4.09679
1.11491
1.28135
0.911002
1.12838
2.03939
1.31289
4.23778
0.899002
0.675882
-0.424884
0.925318
1.2581
0.852884
0.660931
4.53536
1.30744
1.18948
1.3703
1.23093
1.14531
1.15369
3.45886
-0.550153
0.886939
1.11374
1.18315
4.43347
0.913636
1.37972
0.364234
1.37072
1.27816
1.22304
1.246
0.920182
1.59203
0.816185
0.252528
0.0455779
1.31726
4.75179
4.72637
4.77455
0.870312
0.457755
3.03415
0.55773
1.30096
1.37344
0.724294
0.647609
1.57409
0.475824
0.186647
1.20975
0.990798
1.36763
4.77524
0.300515
1.15234
1.2216
1.13525
0.919061
1.01559
0.70924
0.30182
1.31
1.34918
4.43171
4.70068
0.958737
3.7184
1.4039
0.0825587
4.96249
0.917985
0.551619
1.4494
1.27515
0.0297587
1.22511
3.9786
1.28404
0.725879
0.17164
0.575809
1.83536
1.04334
0.666662
1.44153
1.31788
0.478786
0.611027
1.0182
4.9597
5.50001
3.44261
0.442686
4.87592
4.46159
4.77774
1.51518
1.34866
0.926249
0.690396
0.763285
0.614248
1.15831
1.37034
1.20024
1.20858
1.38069
1.32323
0.0366498
3.9671
0.979002
0.713849
1.45519
0.558706
0.981587
0.62415
0.340137
4.78438
1.26058
0.962857
0.811654
0.325872
0.702154
1.27416
0.910828
5.11145
3.68329
0.709418
1.50055
2.35391
0.772564
1.2697
0.855628
3.97052
1.26351
0.586506
0.321812
0.858678
4.10292
0.959378
0.907334
0.539822
1.31308
0.624534
0.361108
0.925321
0.688481
0.578103
4.18288
4.53239
1.30217
1.19592
0.534995
4.49797
4.77457
0.630343
4.79446
1.27043
1.02481
1.01497
1.27102
0.93616
4.11664
4.25736
0.683709
4.628
4.58042
2.64545
0.913293
3.21956
1.20773
0.0430192
1.2154
1.35761
0.172978
1.2345
3.6393
1.12501
0.87758
4.03882
4.66572
1.2821
0.88402
0.683378
-0.422336
0.811414
0.832296
0.432642
1.14501
1.28684
1.30101
1.47338
1.30712
0.799922
1.37206
1.27985
0.697913
1.31652
1.16783
0.923134
1.27777
1.37791
5.25073
4.74423
1.38561
1.27712
1.13466
0.867712
0.66697
1.74768
1.36226
4.91986
0.300441
0.288377
1.29633
3.05908
3.99146
0.868871
0.701149
0.681691
1.66536
0.0420896
1.13704
0.984839
4.79287
1.36576
0.452649
0.872035
0.582491
0.902514
0.285315
0.631537
1.15139
0.272556
0.823865
1.01885
0.793423
1.36949
5.23049
4.7662
0.818318
0.904248
0.872643
1.12627
0.860044
0.664899
4.33527
1.45481
0.523114
1.21506
0.197308
0.812978
1.31135
0.792665
1.45208
0.685258
0.666918
0.779238
1.62224
0.28172
1.38856
1.44505
1.33559
4.64713
0.686239
0.905774
3.26792
0.973005
1.11576
1.59316
0.704943
1.25469
0.866548
0.572825
1.0867
0.626981
0.806922
0.192556
1.45748
0.655091
4.34601
0.449157
1.29876
1.38653
0.971212
1.23924
4.08845
0.895465
1.01984
0.012577
0.59162
0.942212
5.00287
4.13538
3.79005
4.78645
3.77372
1.23504
0.983639
1.46277
1.18588
4.72642
0.0461169
0.852285
4.22365
0.989776
0.303672
1.01318
1.2945
1.18855
1.80096
1.12778
1.46551
0.346358
0.629445
1.26217
1.28935
1.4483
1.22869
0.964484
0.465578
4.78757
0.937147
1.27475
1.37267
1.25643
0.209071
1.11969
0.344823
1.31691
1.15053
4.73065
0.996626
1.14633
1.05189
3.91063
1.30305
0.645179
0.838842
4.8728
1.30315
1.1402
0.73357
0.370227
4.57026
1.16285
1.58954
4.39247
0.582079
0.744198
0.992114
0.687215
0.666452
0.713116
0.0171321
0.739562
3.9
1.28223
1.25067
4.74852
0.727109
0.896812
0.717544
0.325864
1.3791
4.61537
0.184492
0.960025
1.17977
1.45209
1.29579
3.64989
1.31314
1.2692
1.39784
0.588542
0.926696
0.437902
1.13763
0.881529
2.30515
0.877758
0.895802
4.56066
0.727186
1.33432
0.650158
1.12142
0.871365
1.30451
0.724729
1.08559
4.58532
1.01844
5.20163
1.11572
0.943095
1.10704
1.3891
1.10825
1.44975
3.17638
1.21988
3.79848
1.37876
1.24964
1.32869
1.20185
0.734776
0.616845
1.34862
1.12268
1.32737
4.18436
1.37946
1.1056
1.05086
4.83413
1.33874
4.74779
1.23678
4.72868
1.05257
0.945963
0.167882
0.727692
1.19942
0.681326
1.19345
1.37477
4.56576
1.31307
0.695086
4.53987
1.38284
0.871063
4.61942
1.20307
0.410272
1.21272
1.41517
0.900038
0.618281
1.07452
0.621425
1.40003
3.98092
1.19308
1.37244
0.857061
4.89033
1.11298
1.25243
0.582773
1.13731
0.723664
0.622423
3.99827
0.485973
0.8854
1.2998
0.96909
1.38426
0.382638
1.43482
1.19913
1.00589
0.927725
3.81154
1.40837
1.65586
5.66212
1.42875
0.609029
0.682624
0.380229
1.17924
1.0516
1.26473
2.73241
-0.021368
1.35692
2.36672
0.870724
0.910771
1.38918
1.07596
0.841623
4.32731
-0.1086
0.968781
1.38464
1.44964
4.63565
4.98647
1.45945
1.19723
4.72042
1.24655
1.11347
1.3089
4.25416
0.976048
5.0161
0.641924
1.26522
0.878243
0.642095
0.271344
0.381602
0.927018
4.1419
5.03916
3.36675
-0.41276
0.82906
0.833189
1.29259
1.1744
0.922982
0.386189
0.998704
1.29233
0.928039
0.448345
0.847904
4.77845
1.373
1.45972
1.43623
1.4363
1.44986
0.930303
1.24353
0.293306
0.993045
0.9457
1.25809
1.19816
4.75256
4.20271
0.875463
1.27365
0.459479
1.00696
1.34501
5.2212
0.989823
0.858534
0.844329
1.19861
4.71659
1.27719
1.25093
1.2791
1.42234
4.58061
-0.282299
4.69457
1.16407
0.79465
0.271087
0.521008
1.27852
4.43407
0.720969
1.03575
1.12926
4.15403
0.72219
0.888529
0.477582
0.738047
3.23156
3.90086
0.723966
1.1332
4.25148
1.22913
1.38479
0.27254
1.14254
1.11753
1.3134
1.22882
0.302682
4.44789
1.1441
1.27299
0.706622
4.20479
3.3858
1.38868
0.0995688
3.4387
-0.377321
1.31245
0.93072
0.296583
4.47397
1.20273
4.33322
0.509226
0.855781
1.30153
1.3803
0.886244
1.01167
0.8874
0.848791
1.31453
2.23126
1.17273
2.32456
0.910727
0.929498
0.592252
1.35465
3.39975
1.04596
1.27325
1.30309
1.20626
0.860286
1.44373
0.375359
0.775575
-0.1488
0.953494
0.610388
1.16198
1.13519
1.04431
1.60673
0.895966
0.125481
0.974832
0.95081
1.44968
0.478424
0.538803
0.940736
0.906849
0.955565
1.35862
0.990551
0.953534
0.72741
1.41426
2.44845
0.914994
1.94442
1.58404
1.31109
1.66229
4.06161
1.40426
4.47289
4.51039
0.961854
5.05037
1.318
0.479986
0.811276
0.0418764
1.28645
1.36509
0.954286
1.27028
1.2923
1.12035
1.26238
0.109908
0.955265
3.36223
0.664001
0.955243
0.999732
4.03535
0.326226
1.2587
0.846246
5.01849
1.67422
2.24501
3.22512
1.45319
0.973427
0.956831
1.07458
1.08054
0.961542
0.726949
1.14137
4.55028
0.962372
5.52641
0.963685
2.62342
0.677296
0.957038
0.949094
0.821635
2.79749
0.919014
0.754608
1.27419
1.117
-0.169259
1.27634
0.954163
0.708418
1.10151
0.85361
1.08951
0.954263
0.586083
1.14178
1.05811
1.5659
1.20663
0.903412
0.955991
1.45638
1.00296
1.07244
1.15691
3.59375
3.38237
4.37004
1.03519
1.2726
1.38938
0.292411
0.721316
0.71212
1.12361
0.493102
1.34789
0.0873727
1.06931
0.287539
1.29735
0.556466
1.40119
1.1329
1.38435
1.31032
1.40894
5.03369
0.770069
1.0072
1.01173
0.751785
1.26418
4.25506
1.12841
0.630282
1.50322
1.13511
0.592744
0.313705
0.723678
4.53666
0.386808
1.36501
0.379119
1.42099
1.29945
0.991436
0.871788
1.37428
1.15497
4.26792
1.15943
1.42691
2.71327
1.15324
1.52337
1.17971
0.957168
3.36125
1.36792
1.60792
0.865634
1.26368
1.11418
0.953621
1.35994
4.59367
0.997632
1.86173
0.948806
1.29026
1.18507
1.45578
1.19126
0.947404
0.971244
0.847886
1.35736
3.7019
1.24411
0.169681
0.913386
0.925721
0.33726
0.0229503
4.31588
-0.296481
3.65653
0.886462
0.818011
1.15955
1.17455
1.11798
1.27537
0.723301
4.94596
1.26411
1.38706
0.280953
0.927964
0.274628
1.04352
0.917808
1.06261
1.15239
1.04604
0.985546
1.22993
1.30038
1.20877
1.36774
1.33012
0.360939
5.18032
1.32559
4.34528
1.05353
0.692311
3.04241
0.626204
1.34833
1.45075
0.831541
1.19158
0.0405618
0.858325
0.973064
0.00418113
6.15675
6.15361
0.923284
1.36809
0.584612
0.699002
0.769055
0.655582
1.18759
3.43188
1.10001
0.737197
0.942022
0.537837
1.21276
0.948562
1.1381
0.789195
0.619319
1.35561
1.01195
1.34736
0.254505
0.843311
1.34301
0.723378
0.622609
1.05183
1.18749
1.35758
0.838221
1.05538
4.34543
0.882956
1.41278
0.821715
1.45634
0.479947
0.714188
0.781404
0.95658
0.195828
1.23585
0.34549
2.78178
1.27826
1.06318
0.837885
1.2154
0.244772
0.853461
-0.0204549
0.416832
1.2427
0.98128
0.0840451
1.32429
0.698935
0.593239
2.67338
1.39003
4.41709
4.63918
0.896129
1.23138
1.46358
2.69152
1.20506
0.872875
1.17263
0.0317753
1.10199
0.876391
1.30988
1.27327
0.895757
1.31226
0.712083
1.10718
1.26298
0.576808
0.731926
1.30833
1.30889
1.18541
0.589267
1.38834
1.29487
0.355812
0.891956
0.824323
0.590851
1.42016
1.01583
1.29231
1.07933
0.646035
0.959402
1.30947
0.52959
0.96974
0.70107
4.14359
1.52697
1.13376
0.727367
0.00398916
4.77663
1.02513
0.736522
0.712482
1.31178
1.35838
1.31435
0.87888
1.14396
1.17274
1.34056
1.24133
1.06973
1.0238
1.37105
1.35263
0.851882
1.29691
0.898285
0.847119
5.66687
1.12604
1.28769
0.237342
1.42178
1.19431
1.01206
0.605097
0.816574
1.51816
0.809855
4.8132
1.3134
0.920831
1.12512
1.16274
1.25291
0.808251
2.4388
1.10632
1.42902
1.30041
-0.0696211
1.61859
1.38364
1.06239
4.21052
1.24307
1.04554
0.0121078
4.55852
1.1309
4.45643
1.15247
0.902582
0.577751
1.11654
1.02166
0.518276
1.29818
0.216977
0.904324
1.08735
1.4263
0.504296
0.857168
1.04795
0.643727
0.942258
1.03287
3.60391
0.717866
0.81635
0.898131
0.447157
1.0611
0.660214
1.29033
0.583157
1.02334
0.70245
1.42815
0.941332
1.35227
0.677654
1.29686
3.9724
0.751441
1.13681
1.29672
0.215451
0.556255
4.03578
1.48759
1.26718
0.825886
1.31032
0.547762
1.29475
4.18185
4.68626
0.604064
1.35646
0.742651
1.30263
4.45742
4.46869
-0.0594401
0.980473
1.00335
1.00693
1.10191
5.53699
1.15692
1.18692
0.719324
0.837519
0.250051
1.0038
0.273032
4.44362
1.01473
1.17268
1.37908
0.931531
1.48157
1.17582
0.30665
0.792691
1.73159
1.35036
1.17272
0.850441
0.858028
1.23273
0.561787
0.854736
1.30079
1.44653
0.387271
3.45855
1.28815
0.772629
0.922365
0.646483
1.05462
0.85303
1.73745
-0.196799
0.141451
0.957359
0.677263
1.13504
1.00054
4.48757
1.21768
1.43092
0.650448
0.699903
0.476434
0.795783
1.07148
1.213
0.200986
0.844821
0.698404
0.854823
0.994408
3.7904
1.03311
0.642818
1.06235
1.01882
1.45333
1.04796
1.36274
1.41378
0.967341
4.13813
0.214722
1.29673
0.898377
4.26472
1.33506
0.607654
0.811481
1.3845
4.57107
1.16627
0.630525
1.0947
1.39511
0.308611
1.28596
1.35399
0.795167
0.938337
1.35921
1.45415
1.31466
1.3848
1.46914
3.0773
0.35523
0.927028
1.29767
0.85769
1.45134
0.194239
0.706636
3.33535
1.28303
1.18361
0.881675
3.86687
1.45641
1.34884
1.25961
1.2596
4.49989
0.885925
1.22341
0.713969
0.847353
0.746308
0.864149
1.26051
0.520154
0.959616
0.246507
0.835942
0.914689
1.31656
1.4548
0.991748
5.56518
0.764254
1.43228
1.29396
1.31892
3.79651
0.97378
0.992589
1.30415
1.26775
1.00565
1.02169
4.1296
0.484246
0.879934
0.280128
0.860228
0.921866
0.945823
1.14468
0.925487
0.981402
1.80033
2.66578
0.932173
0.289101
0.906538
0.6125
1.36744
0.876851
1.97333
1.31801
1.45604
0.824444
0.560468
1.81703
0.933316
1.1886
0.937636
0.537409
3.66694
1.29301
3.94583
3.77697
0.702091
0.739255
4.6791
0.499299
1.35874
0.709782
0.675359
0.627581
0.522118
0.0809492
0.896279
1.29918
0.787734
0.762511
3.17037
1.31455
1.23454
4.90204
1.2872
0.747705
1.31237
3.65941
0.577891
1.03269
4.00719
1.3565
0.449363
1.60437
0.578553
0.52844
1.12735
0.328436
2.03887
1.33862
1.28537
0.92651
1.4217
1.28568
0.573532
-0.26811
4.37293
0.872363
0.872717
-0.120084
1.10854
1.22398
0.870648
1.10099
1.54483
0.611579
1.143
0.773621
0.613741
2.77766
1.44065
0.0226021
1.38256
0.889647
1.29196
1.08386
1.37007
0.584326
1.30916
-0.358405
1.30342
2.35854
1.22813
0.591274
1.10039
1.32376
3.80791
1.29252
0.910707
0.838936
1.3184
0.1302
0.271255
4.6985
1.04079
0.8229
1.14068
-0.205432
1.22902
0.767074
1.36033
1.18672
1.27392
1.36598
1.38506
0.560192
0.992012
0.898066
0.944012
0.946781
1.03585
1.29025
0.964303
0.642098
1.2965
0.749988
1.00741
1.45377
1.33993
4.08183
0.0156407
4.44929
0.611972
1.12739
1.21569
1.34539
1.45084
0.694609
0.856836
1.03843
0.72257
1.36811
0.609629
1.38888
1.0484
0.16317
0.882618
0.438361
0.95378
0.553533
1.56825
0.907967
0.987368
4.81057
1.40949
0.41797
1.34128
1.42488
3.56665
5.50843
0.145691
0.943518
3.04903
1.00806
2.54845
0.721898
0.703407
1.10792
4.29057
0.944606
0.920471
0.116072
0.488365
0.936893
0.668412
0.673434
0.920093
1.1262
1.29831
3.39168
1.85375
1.13208
1.03793
0.996419
1.39282
0.922209
0.592629
0.780398
0.938596
1.12916
1.08172
0.925117
3.2491
0.91981
-0.22502
1.17487
0.613647
0.853592
0.860641
1.18451
0.973816
3.6559
1.11635
4.52584
4.75091
0.975858
1.33482
3.46066
0.484105
1.41923
2.72152
0.69119
0.544208
5.14021
1.15695
0.645432
0.903754
0.455283
1.2772
4.84565
0.78668
1.30092
1.26258
0.714111
1.18539
5.10303
2.47973
1.03791
0.938501
0.924539
0.554131
0.758492
0.966911
1.02854
0.708948
0.919388
0.708804
1.47003
0.876751
1.23324
0.433371
1.1845
1.21905
1.24787
0.833321
0.642929
1.30062
0.783572
0.444945
0.580448
0.380858
0.88494
3.04206
1.38533
0.509038
1.00149
1.33313
1.14581
1.30018
0.280886
0.446084
4.49238
0.623249
1.76734
0.292922
0.928902
0.790288
1.03942
1.03163
1.02545
0.719942
3.70263
1.97757
0.778809
1.27551
1.31927
1.45506
0.945109
1.15772
5.08164
1.09003
1.08154
1.30527
0.584341
0.505403
0.730627
1.04911
0.912456
4.54075
0.881067
0.772648
4.56498
1.10981
0.485454
0.879182
1.15419
1.34704
1.30146
1.0191
0.344369
1.05033
0.961923
4.27674
0.972623
0.892669
0.811673
0.667826
1.26086
0.930106
4.50804
0.920815
0.657199
0.933142
3.87061
0.914555
1.26849
3.85465
0.681335
1.23544
1.0998
0.673459
4.01793
1.25416
0.790029
0.918791
4.1926
4.50343
2.81644
0.923452
0.808149
0.55674
1.02045
0.43545
0.888921
1.30123
0.797374
1.3027
0.736696
4.09155
0.86379
5.22312
1.29473
1.10167
1.48458
-0.264388
2.497
1.26777
2.75249
1.14214
0.702723
0.946629
4.09376
1.35919
0.225714
0.895137
0.251638
1.22478
1.30222
1.19132
0.381686
1.46453
0.941481
1.38308
0.978974
0.878607
0.882165
0.62369
1.07601
1.57169
0.467727
5.05995
0.905753
4.80065
1.30376
1.29669
1.16132
4.84464
1.47166
2.44082
1.37169
0.843362
0.977611
1.26217
4.31547
1.06501
1.11047
0.925852
1.14295
0.345243
1.34906
1.29984
0.891961
1.81012
3.68119
0.937788
3.81449
0.913379
1.21552
0.66001
3.74436
1.36132
1.28021
0.509565
1.07213
3.3733
2.27032
5.03941
0.901128
0.957549
0.925241
1.29891
1.27718
0.919668
1.19894
1.32535
1.17421
1.29553
0.943031
1.36438
0.569048
4.82795
2.35699
1.1485
1.01843
4.34599
0.224727
1.15277
1.12321
0.707637
0.647703
1.46187
1.3308
0.659764
0.720777
0.861397
1.29331
0.967989
0.275731
0.684513
1.49726
1.30349
4.71188
3.40075
5.08158
4.62932
1.22067
0.947828
1.18166
0.592748
1.35563
0.933792
0.938635
1.3172
0.927817
1.02195
1.30389
0.919201
0.91052
0.776614
0.547957
0.613148
0.920173
0.783544
1.06019
4.7603
0.634541
1.14715
0.890188
0.788711
0.798734
0.463546
0.380908
0.663246
0.989768
0.241553
3.36675
1.15514
0.464081
0.673791
0.50269
2.68465
1.13926
0.608655
4.22558
0.109152
1.18201
4.5053
1.42476
1.37874
0.774533
0.562179
0.913584
1.09585
-0.881691
0.41734
1.25153
1.56727
1.04563
0.654238
4.57938
0.813395
5.50061
4.5418
1.23577
0.582486
1.35775
0.801801
1.01884
1.09396
1.00819
2.54667
0.933905
1.14082
0.948866
1.35646
5.15624
1.14538
1.35968
1.16349
3.95165
1.60974
0.396452
1.37998
1.58007
0.867074
0.87774
0.956687
1.259
1.30301
1.36249
0.878803
1.13948
0.921749
0.962007
0.801052
1.26476
1.16314
1.30545
0.957423
1.25441
0.643201
0.569327
1.31814
0.975818
1.09405
0.376008
0.685479
1.14199
0.140469
3.45762
0.943929
1.32331
0.74213
0.880333
1.2501
0.960055
1.15241
0.920121
1.30921
1.34251
4.27461
0.503844
1.31667
0.841683
1.35964
0.837849
1.63025
1.54264
0.474283
1.40813
1.01324
0.893337
0.918996
1.09031
0.958837
4.49125
0.953413
1.08066
0.958136
0.740296
4.73294
4.00357
0.414048
1.162
0.926606
0.915878
4.1738
0.857588
1.40132
1.18847
0.675476
1.05439
1.34453
1.32501
1.21568
1.18674
0.623704
1.09071
1.11021
4.53007
0.891839
1.39503
2.18639
1.14861
0.947685
0.915427
1.24302
0.824762
0.874215
1.52212
1.00176
1.34624
4.99806
2.97
0.890331
1.01828
0.928295
0.66104
1.32246
1.27243
0.703435
0.954571
0.867128
1.14264
0.728625
1.36365
0.677127
1.36993
0.993421
0.683442
1.21016
1.30727
1.11306
1.28992
1.2646
0.841943
0.885911
0.945161
1.22148
0.442302
0.553157
-0.0736091
0.95474
2.44482
0.691496
1.16105
1.29756
3.06513
0.960047
1.42366
1.14478
0.958263
0.789213
0.589637
1.25714
1.13208
0.868116
0.815896
4.4368
4.34757
1.00544
1.27208
1.41624
0.228318
0.735581
1.11559
0.486253
1.52619
0.953463
0.956404
0.631362
0.638868
0.886798
0.850686
0.956504
1.47446
1.2652
1.10788
1.09908
0.888814
0.747751
0.480308
0.697254
1.15315
0.468139
1.30425
0.634428
0.955283
0.608396
0.975524
0.95983
0.897449
1.154
0.554127
-0.704988
1.36065
0.636283
1.38978
0.867925
0.238035
1.00687
0.95535
0.302159
0.924685
4.8482
1.21772
1.13719
0.848237
0.955835
0.242488
1.32251
0.969141
0.807762
3.44454
1.02831
0.785024
0.617784
0.968451
0.866065
0.990973
0.959604
1.1772
3.42067
0.844246
0.95903
1.1441
0.764088
1.15656
0.469145
0.928047
0.685217
0.865093
1.20888
1.26769
0.712652
0.334802
0.620531
4.72779
4.78563
1.35903
1.32287
1.34101
0.611976
4.53913
3.72671
0.950808
1.2239
1.32235
0.958916
0.96994
4.84991
1.26188
0.996439
0.501147
1.34403
0.703589
1.34881
1.30774
1.3931
1.36989
0.964422
1.33594
0.715968
1.13353
4.96801
0.688715
0.959275
1.17926
5.3735
4.75676
3.26595
1.43924
0.694563
1.0643
0.283608
0.955809
0.957381
0.102975
1.34171
1.56846
1.22873
0.934418
1.22296
1.115
1.60165
1.27792
1.02278
0.712377
0.953606
1.33208
1.0411
0.469089
0.953393
1.24703
0.0703659
1.26599
0.706877
0.819471
5.35628
1.20233
-0.0463611
1.11943
1.17183
0.899574
0.691376
0.853171
4.28298
3.31443
1.18596
0.700914
1.31738
1.3123
1.19731
0.945748
1.22501
5.00319
0.967821
4.58366
0.91538
1.3636
1.20492
1.10803
2.37644
1.15194
0.986511
0.939679
0.591711
1.27873
0.701816
0.95263
0.639611
0.951825
0.745578
3.26089
0.864661
0.023376
1.32755
0.93709
0.92285
1.22453
0.814648
1.26823
4.73307
0.88537
1.35471
1.04888
1.31327
4.36277
4.5833
0.74499
0.0326044
1.36983
1.32754
1.17172
0.956148
1.32191
1.26674
0.865465
1.0175
0.802144
1.04735
3.68342
1.0218
0.813927
0.691967
4.5923
0.682582
1.30072
0.785943
0.908113
0.912233
0.83801
1.16289
0.756651
0.750501
0.311683
0.863343
0.683646
1.25263
0.521773
1.1335
0.662851
1.31391
1.36515
1.2915
1.11513
0.94571
1.31204
0.930836
3.23422
1.31268
0.607182
0.225208
1.02739
1.40431
4.87044
0.075029
1.31298
1.28492
1.05853
0.901011
1.32825
0.852546
1.02276
0.664979
1.37604
0.341453
0.860365
0.813611
1.29668
0.216937
1.31784
0.803039
0.538184
0.722785
1.17481
1.31378
1.31404
1.313
1.00346
1.1209
0.0959195
0.896683
1.02722
0.89511
1.27051
1.30767
1.09157
1.30896
1.25698
1.31311
1.31826
1.34863
0.748249
0.917535
1.31565
5.03725
1.31225
2.72854
1.17817
0.138348
1.3043
0.487239
1.31074
1.13681
1.61737
0.215551
4.39349
3.20082
1.3005
1.10864
0.861817
1.13772
0.984274
1.14885
1.3131
1.14744
0.628117
1.3827
5.44644
0.88588
1.0179
1.12261
0.288494
1.15308
3.70344
5.5986
5.62511
3.76878
0.110558
1.3668
1.15883
0.62505
1.56739
0.899108
0.958231
1.58896
0.913848
4.01695
1.07946
0.571167
5.62501
1.54177
5.06465
0.50118
0.502223
4.66567
4.75893
1.34912
4.41182
0.323647
0.383078
0.680637
2.42588
1.36568
1.09353
4.63829
3.04956
0.47888
1.61848
0.0908373
0.888147
1.05265
0.714637
0.554914
1.59077
0.597661
4.4251
0.138217
1.19653
0.179635
4.27392
0.837983
1.16988
0.645991
1.36594
1.57641
1.52705
1.59637
0.818208
0.878318
3.4592
3.4907
1.3643
0.303003
0.943689
1.07299
-0.227841
2.91585
1.60619
0.487059
0.935519
0.655791
1.14722
-0.557558
1.1681
0.123492
4.66526
4.69858
1.20815
0.895645
0.514895
3.01513
1.09309
0.865521
0.705145
0.0131025
5.39729
2.37409
0.533249
1.01859
1.04696
0.6062
1.30519
0.646608
0.669414
0.673993
0.548904
4.61874
1.15841
1.04381
0.652854
4.73492
0.615122
1.15463
1.39312
0.885947
1.29264
0.91783
1.10127
0.65102
0.790433
2.2265
0.389301
0.509896
1.49212
3.55364
1.585
4.00369
4.35154
0.788308
0.922331
0.479164
1.08269
0.891841
0.798568
0.952776
0.767003
1.38892
0.0675733
0.573587
0.862995
0.552827
0.953229
1.06632
1.05146
4.47819
0.757416
0.623198
0.069222
4.54609
2.42219
0.329961
0.548936
0.651296
0.645985
0.519854
0.646537
0.626908
1.44363
0.673409
0.418513
0.954895
1.07865
0.72716
0.652951
4.97416
0.991442
0.111597
3.76113
0.419322
0.647861
0.116392
1.1386
1.31473
0.383566
0.249293
1.00667
0.313211
4.43431
0.873461
4.88384
2.65417
4.63344
0.378054
0.896065
4.28207
0.688907
0.851991
4.40991
0.734503
0.289393
0.224102
0.899939
2.86636
4.88146
1.40366
5.68962
0.826076
0.689662
4.06076
0.514306
2.77758
1.42146
1.39628
0.927566
0.252354
4.8582
2.50181
3.5201
0.970626
1.03008
-0.0388314
1.15658
4.51253
0.334496
0.507448
0.130241
0.772077
2.01173
1.45546
0.609261
1.137
0.000740515
0.841566
0.820393
3.26064
1.64887
4.35816
-0.395362
0.341433
1.30218
1.02624
1.07938
0.522587
1.22096
5.04537
1.084
0.573833
0.340193
1.26813
-0.38014
4.45635
1.28286
0.944678
3.19027
0.773123
0.587105
4.68906
0.667407
4.8424
4.75466
0.496418
0.387652
1.97765
0.248244
2.52139
4.798
4.89759
1.26895
0.932329
1.28365
4.2501
0.417182
0.570937
0.624569
0.816972
0.249144
0.961748
0.246965
4.29353
2.32067
1.04058
4.86311
1.06001
0.700011
0.516706
1.26624
1.02838
1.09573
0.695194
4.81288
4.5751
0.931551
0.217667
0.625234
0.764637
3.24452
4.38415
5.59291
0.0250751
0.565327
0.763985
-0.120704
1.37165
4.69696
4.94706
4.39122
0.600106
0.997748
0.104177
0.580166
1.30424
1.3743
0.995703
-0.40308
1.18566
3.71012
0.473926
1.37184
3.93936
0.7574
0.257895
0.65339
4.57255
4.56743
0.948659
0.418594
0.641431
0.810245
1.37127
0.10078
0.974466
0.956261
1.38682
1.06529
4.75578
0.676128
1.25502
4.05324
0.0867817
1.36045
3.43885
0.272904
0.947391
0.639513
0.603806
1.31218
0.551194
0.560965
2.73866
0.939669
0.566937
3.93986
0.531277
0.127572
0.0530975
4.05581
3.27811
1.07024
5.52687
-0.373886
0.237639
0.935086
4.56193
0.614195
4.77911
4.3696
0.954893
4.07552
0.636794
0.85549
0.0679005
4.71368
0.439249
3.56353
0.225706
5.64147
4.57119
3.37156
4.58126
0.384172
0.528156
1.01611
1.13693
4.75035
3.50672
1.60872
0.392368
0.210547
1.11007
0.946673
0.827884
1.37562
1.4385
0.107065
0.276496
4.24259
0.962392
4.62247
0.768176
4.51592
4.35169
5.43059
4.60792
0.337512
4.65133
1.38562
0.650973
3.98504
1.56188
1.14674
0.0197837
0.822223
0.0561955
1.08962
1.12369
0.445425
0.743388
4.31656
0.524325
0.73614
0.0762038
0.202346
2.75175
4.84786
0.0441278
1.29525
0.75021
4.73258
1.23016
0.684997
2.52624
0.278417
0.77472
1.06189
0.714406
1.36666
4.85424
0.375051
0.592109
0.529276
1.82938
3.6864
0.000133142
4.67501
1.63794
4.68437
3.94299
1.20676
4.05733
0.736329
0.948428
1.73886
0.511246
4.60669
0.642528
0.636673
0.563899
0.527955
0.84706
0.0820401
0.674092
1.59633
4.85897
0.480548
0.956566
0.943282
4.7566
1.51284
4.54773
4.92238
4.75327
0.856298
0.882469
0.106933
0.51999
0.475582
4.61921
3.70484
0.384766
0.502596
4.96904
1.30583
1.28086
5.45255
1.32254
0.239464
0.115672
4.98584
5.15058
4.30923
1.39553
0.710661
0.540885
2.24951
4.95358
0.218532
0.345661
0.938683
1.15153
5.78315
1.4489
4.59133
4.56534
0.56911
1.03135
1.2057
0.185156
2.30337
1.1482
0.039348
4.25718
4.57566
0.567222
4.71132
1.32728
0.6604
0.558659
4.22211
0.126936
1.08161
0.766243
0.256917
0.465635
0.101029
0.741164
0.640858
2.31635
4.3519
0.749329
0.708531
4.66342
0.671612
0.115078
0.773339
0.931272
0.872677
0.703571
0.452121
4.91152
4.33296
0.07235
0.546675
4.90235
0.288129
4.51227
4.29354
3.90885
3.38403
5.11567
3.49799
0.987483
0.574751
1.30026
2.30748
0.606003
0.594783
0.920068
0.728716
-0.599417
0.226432
1.06799
1.06675
1.32769
0.449246
3.38206
0.684462
2.54592
1.22998
0.898157
1.75543
2.46278
4.56656
1.99795
1.28455
0.361268
4.47244
1.22299
4.23242
3.91545
0.341675
4.0692
1.08676
4.78097
0.447034
0.0610468
4.37832
4.77472
0.963371
1.44358
1.45334
0.731375
0.0696102
0.555855
0.0591729
4.78354
1.23573
1.31003
4.53453
4.65253
0.197738
4.94804
0.19039
0.329187
1.0602
0.849031
0.0197298
0.623723
0.864398
3.61169
0.0656947
4.26228
1.25452
0.373299
1.2934
4.52934
0.588837
4.73871
4.9333
0.237877
1.07806
1.05354
0.532724
0.10254
0.340146
1.20837
1.39567
0.0760928
0.924905
1.56475
0.365738
0.733985
3.88989
5.33321
3.5974
1.37912
0.194258
4.43223
1.32413
0.955246
0.785488
4.94001
0.714466
1.6041
0.00550333
1.45381
0.211402
0.382414
1.2598
0.890128
4.15693
1.62549
1.31979
5.37441
1.31485
0.251666
1.32135
0.881506
1.43462
4.58413
1.13757
0.360304
4.55503
5.17922
0.288334
4.93671
-7.36329e-05
0.740468
3.69233
0.946541
1.15057
0.363336
3.84242
0.920651
0.739347
1.33237
0.79362
1.13949
0.942754
4.73164
4.64476
1.22117
4.51802
0.0851139
4.73995
4.48546
4.40808
0.0434989
1.13183
1.04949
4.81092
0.443844
4.61066
-0.118553
0.832103
1.25403
5.11864
4.37281
4.69104
0.306418
0.371579
4.62301
5.15273
0.10504
4.93045
0.843883
0.232663
3.93573
0.274981
4.2493
0.970294
1.28675
0.0496828
0.863566
0.488751
1.33263
4.63187
0.0860278
1.26241
1.15742
0.713281
4.99328
0.690791
4.39981
1.40965
1.07953
0.358891
0.193199
4.82143
0.492059
0.814273
4.38652
0.455616
0.91886
0.925485
-0.357414
0.849184
1.0664
0.966783
1.3225
0.217389
0.512288
0.47191
0.251156
0.682693
0.873933
0.338984
1.37109
1.12193
4.8095
0.237866
1.30046
1.29428
4.44014
4.76686
4.99908
4.74474
0.131526
4.485
0.224467
0.167964
0.764972
0.0618414
4.73318
4.89305
4.45652
4.37012
0.916859
0.459615
1.18258
3.41812
0.0201276
1.27539
0.404288
0.905294
4.3395
1.1408
1.28099
4.59857
0.131348
1.28173
1.14729
1.29699
1.35242
1.15611
5.25618
1.09416
4.71161
0.237064
0.154237
4.62586
3.46994
0.0406874
0.449277
4.63541
1.06649
0.948615
4.34449
1.4067
1.41483
0.618748
0.562869
0.414346
1.17729
0.954911
4.74404
3.87306
4.87163
4.95286
4.8022
0.778286
0.342589
1.21958
4.68938
1.3056
4.58273
0.557968
1.25167
4.70292
0.76943
0.74824
3.67137
2.12214
0.647815
0.355145
0.432111
0.932047
0.972031
0.905268
0.262687
1.43902
1.40219
1.53815
0.268041
4.57793
0.961276
0.540843
0.97837
0.581221
0.806875
0.511612
0.265277
0.72367
0.73674
1.30671
4.77011
0.188394
0.960095
0.396913
0.127193
0.10638
0.651535
4.23819
0.818319
1.45874
0.140055
4.52661
5.30415
4.94259
1.10672
0.0375051
0.375546
-0.194116
0.262597
4.19091
0.180135
1.44766
4.44357
0.331212
0.443826
4.53633
1.3333
4.61663
1.00937
0.65746
4.39665
1.08467
0.383817
0.590073
1.40395
4.75387
4.97629
1.04528
3.99971
4.4217
1.31597
2.49096
5.60558
0.970068
0.579059
1.45612
0.51014
4.77621
0.302272
4.97003
4.86431
1.43974
-0.328752
1.14445
0.923601
-0.00166732
4.72073
0.102682
1.34278
1.27772
3.67
0.954043
4.03391
0.37821
0.918961
1.19932
1.34274
1.29352
0.627241
2.33282
4.771
1.43236
0.810651
1.4289
4.66073
1.2224
0.810385
0.610517
0.116619
1.34766
4.22746
2.78805
4.05104
0.925937
0.694838
1.34675
4.17118
1.26548
0.0293137
0.0395277
0.457414
0.235995
0.730988
3.09487
0.466639
0.206107
0.427694
0.447702
1.28904
1.32082
5.09221
1.03642
4.19724
1.05782
1.00961
1.2192
4.22843
0.0134883
0.839792
1.37108
1.24216
0.0114234
0.249798
1.15611
0.668946
4.2059
1.28508
0.857336
0.767629
0.0272617
3.2547
1.30058
4.23979
1.41115
1.27435
1.33597
0.766287
0.0709065
4.56434
1.3171
1.00676
1.50271
4.75567
3.66356
0.236727
4.55117
1.30643
1.45428
1.21102
0.311715
2.36869
1.3512
0.071423
4.96138
5.08886
0.711439
0.0880713
0.726022
1.57766
4.55409
1.09466
1.44887
0.230413
0.159227
1.44795
1.31929
1.27559
1.31063
3.59084
0.65451
0.0159921
4.9151
1.31541
0.19693
1.37852
1.17401
0.0346265
1.10455
4.10264
1.26122
4.83371
3.69297
1.40751
4.66788
4.64686
0.497629
4.85553
0.505113
1.59317
4.69615
0.95335
4.87219
0.988678
0.455934
0.46224
1.34005
4.62525
0.98749
1.27325
1.33315
1.26308
-0.210009
1.28418
1.29369
0.866841
0.84364
1.14503
0.666105
3.46869
4.68718
2.35308
0.224803
0.022556
4.89991
0.919306
0.87848
0.684413
0.0239349
0.281952
0.96757
1.28024
0.348035
4.9181
4.64502
0.0302473
0.576132
0.906547
0.833488
0.240734
0.545974
4.64964
4.55169
0.467997
1.01795
1.33878
0.526997
1.40661
1.34967
1.22229
5.31972
2.47342
4.43997
0.78746
0.132123
2.66129
0.845404
0.581479
1.61026
0.938211
0.230589
0.98578
0.291595
1.11672
4.81686
1.24224
1.22408
0.140123
0.723421
1.0736
1.23082
0.917566
0.497051
0.430152
1.27928
0.833966
4.62746
0.196242
0.871001
0.520269
1.45773
0.0885178
1.55989
1.0137
5.51853
0.846812
0.330712
0.688193
1.36473
0.283509
0.554852
3.6661
0.323357
1.35071
4.74277
0.257992
4.53277
0.0127562
0.536215
0.0815961
5.01308
0.844254
0.648818
1.13856
0.501715
1.26416
1.14653
0.900994
1.31215
-0.18413
0.852789
0.934679
0.123404
0.0602815
0.410525
0.371079
0.715039
0.598874
1.35007
0.169915
0.684119
1.42125
-0.00361498
4.75595
0.111858
0.944448
1.30481
1.37815
0.962571
0.0678396
0.351247
1.20682
4.62425
1.49019
1.04552
2.80366
4.8256
1.35838
1.2856
3.51326
0.457972
0.964849
0.811393
4.89239
1.04645
4.8754
0.493369
1.33502
0.7421
0.0291269
0.711526
0.890859
1.08197
0.700988
0.930319
1.30161
1.13567
1.57479
2.38154
1.17952
0.0517569
0.9432
0.699475
1.3944
1.31527
4.91595
5.11016
4.94169
1.30815
0.904579
0.157752
1.48109
0.847468
0.885114
2.75283
1.13482
0.994938
4.47204
0.246295
0.20313
1.05347
0.412367
3.34891
3.30962
1.18624
1.25457
5.0223
1.50231
1.17187
1.1571
0.245111
4.55766
0.0592584
0.938622
1.31388
4.94758
5.49776
0.877291
0.240821
1.23449
0.988535
1.33641
0.28741
0.571373
1.50637
5.0769
0.839956
0.921421
4.66502
1.18711
5.03863
0.681597
0.101
0.862064
0.895056
1.40622
5.20497
0.922106
1.54079
0.854318
0.953375
1.18009
0.803997
5.09193
4.76803
0.908776
4.97329
1.19309
1.5468
1.55304
0.748906
0.0826008
1.17343
4.88656
4.77003
4.86632
0.95007
0.118825
0.073848
0.0252075
4.62764
0.147331
0.0241606
0.00905594
4.44816
)
;

boundaryField
{
    frontAndBack
    {
        type            empty;
    }
    walls
    {
        type            zeroGradient;
    }
    inlet
    {
        type            zeroGradient;
    }
    outlet
    {
        type            fixedValue;
        value           uniform 0;
    }
    cylinder
    {
        type            zeroGradient;
    }
}


// ************************************************************************* //
