/*--------------------------------*- C++ -*----------------------------------*\
| =========                 |                                                 |
| \\      /  F ield         | OpenFOAM: The Open Source CFD Toolbox           |
|  \\    /   O peration     | Version:  2512                                  |
|   \\  /    A nd           | Website:  www.openfoam.com                      |
|    \\/     M anipulation  |                                                 |
\*---------------------------------------------------------------------------*/
FoamFile
{
    version     2.0;
    format      ascii;
    arch        "LSB;label=32;scalar=64";
    class       volScalarField;
    location    "7.4";
    object      p;
}
// * * * * * * * * * * * * * * * * * * * * * * * * * * * * * * * * * * * * * //

dimensions      [0 2 -2 0 0 0 0];

internalField   nonuniform List<scalar> 
76166
(
-2.53618
-4.87235
-5.37954
-0.333946
-3.6835
-1.15839
-4.00355
-0.728536
-1.09154
-2.46957
-0.962463
-4.33126
-2.52253
-4.62283
-4.44497
-2.50996
-2.46995
-1.71731
-1.94644
-1.19468
-3.42677
-4.57976
-4.55294
-3.89745
-2.32758
-2.23432
-4.26125
-4.89369
-3.69272
-3.59245
-1.71894
-2.80975
-3.03569
-1.05386
-1.09083
-4.74989
-4.77311
-2.24079
-0.411909
-2.23027
-4.89632
-4.70261
-3.16609
-1.15456
-2.5499
-5.63713
-0.775697
-2.52222
-2.33412
-2.79082
-0.029939
-0.0811257
-1.24149
-4.63489
-3.39303
-2.20201
-0.497633
-3.96101
-4.6699
-1.78498
-1.09381
-4.34197
-1.4485
-3.98043
-3.88694
-4.09852
-4.75208
-4.73962
-4.69252
-4.95985
-3.37701
-3.56136
-1.78161
-4.91476
-3.16907
-2.386
-3.79963
-3.37249
-4.61644
-4.06633
-2.50868
-2.38889
-1.50444
-3.06793
-2.50362
-5.15951
-2.79287
-0.635633
-0.953568
-3.56365
-3.14969
-4.72646
-5.19653
-3.90008
-4.43969
-2.50341
-1.5247
-2.51006
-2.96768
-4.65574
-1.01779
-1.98963
-2.23029
-4.86266
-2.18054
-3.57187
-2.31472
-4.56942
-0.809904
-2.57838
-4.73943
-2.31645
-4.70326
-4.97908
-2.29048
-4.5977
-2.31354
-1.00286
-0.611476
-2.02415
-4.80839
-1.17151
-5.2217
-3.38544
-4.70731
-0.847955
-1.26119
-3.7733
-0.59368
-3.69309
-1.26361
-1.00495
-3.52618
-4.8432
-4.62398
-1.17911
-1.93194
-5.47328
-4.76853
-4.72262
-4.4115
-3.99337
-2.39061
-6.0825
-1.08145
-4.64225
-5.14485
-5.67778
-1.14944
-1.05975
-4.88558
-5.17878
-3.46701
-3.41761
-4.78683
-0.730193
-5.11375
-0.784674
-1.16219
-1.08961
-1.42351
-0.502099
-4.74053
-4.52433
-4.80057
-3.4945
-4.71779
-3.53549
-3.59567
-2.77812
-1.12954
-4.55531
-4.08138
-3.41671
-3.68502
-3.63665
-4.63754
-4.20172
-3.53218
-4.97082
-2.55781
-2.8077
-4.42363
-1.1601
-1.81897
-0.512333
-4.67792
-3.22884
-4.87271
-1.40723
-3.60929
-2.31378
-4.58707
-4.84165
-0.62027
-1.58551
-4.92435
-2.49943
-3.17657
-1.63206
-4.73797
-4.88318
-4.70103
-1.10907
-2.49802
-3.46507
-3.30143
-4.98232
-3.58886
-4.95203
-1.64465
-2.04635
-3.76072
-4.76626
-5.32458
-4.71882
-2.31369
-1.07143
-4.719
-4.7375
-4.25224
-1.41015
-3.59824
-3.77886
-4.24634
-3.8741
-3.84918
-1.47736
-0.526262
-2.21561
-4.4859
-2.30178
-4.57248
-1.26666
-1.7321
-5.131
-1.09613
-4.31524
-3.5139
-3.5613
-1.00778
-4.69429
-1.14263
-1.05488
-4.71879
-1.12951
-3.36672
-4.81719
-3.08012
-4.62998
-1.10453
-4.79273
-3.45251
-1.05593
-4.86037
-1.56343
-2.23173
-1.16831
-2.06916
-1.14476
-3.83431
-2.05462
-1.10308
-2.40407
-0.953954
-1.14518
-4.74643
-2.4159
-2.22625
-1.44275
-4.60707
-0.313331
-1.57129
-3.48108
-1.22783
-2.43179
-2.93292
-4.41519
-2.96673
-3.59418
-4.34883
-1.46589
-0.395435
-2.24396
-2.81644
-0.997573
-4.76191
-5.46845
-4.27228
-1.56401
-4.27393
-3.44274
-3.09826
-4.72444
-3.63486
-4.85407
-2.03385
-1.47052
-2.45881
-4.75035
-3.23024
-1.05555
-1.08632
-2.75971
-4.9586
-3.38446
-1.08524
-5.10983
-3.45429
-0.697606
-1.62851
-3.22695
-3.75289
-0.782778
-4.969
-3.60223
-3.16791
-3.43285
-4.98194
-2.20235
-4.72066
-1.11977
-2.37043
-1.14983
-4.73813
-3.42184
-5.44106
-4.55086
-1.0859
-0.267967
-2.50248
-4.71132
-4.90363
-4.23584
-4.63492
-3.50597
-3.38501
-2.65408
-4.47075
-4.70161
-1.67035
-4.56172
-4.30105
-0.665918
-4.44724
-2.53209
-4.26969
-4.44467
-0.746922
-1.16791
-4.09933
-2.39623
-0.716716
-0.328316
-1.08889
-3.76423
-0.991481
-3.55772
-2.37944
-3.83941
-0.951449
-3.01791
-2.3186
-2.80719
-3.09534
-0.950405
-3.72719
-1.66824
-1.18659
-4.77764
-2.03031
-3.37308
-5.42519
-4.5548
-3.62932
-4.24945
-4.74854
-3.75157
-4.60646
-2.01034
-3.48125
-1.74914
-1.42394
-4.67699
-0.999107
-1.11601
-4.63316
-3.76784
-3.63198
-3.46374
-4.78904
-3.75265
-2.26694
-1.15273
-5.29508
-5.45833
-3.17437
-3.61767
-3.4239
-5.2728
-3.12366
-5.59549
-0.181317
-0.264122
-1.49694
-5.4325
-2.03585
-4.31844
-3.48309
-3.56773
-5.17338
-2.61993
-2.6204
-3.44185
-5.2435
-0.99556
-1.97198
-3.42948
-3.81217
-4.2755
-4.51861
-3.47786
-1.24191
-0.566657
-2.43556
-5.31415
-1.15768
-4.25684
-4.36111
-2.02579
-0.552926
-3.28163
-3.49398
-1.39146
-0.0673248
-0.979115
-2.62128
-0.755295
-1.11352
-3.26722
-3.42879
-2.57093
-0.125591
-4.34432
-2.57171
-1.43672
-2.09397
-3.49794
-4.78128
-3.88808
-4.19867
-1.97583
-2.29446
-4.74464
-1.12621
-3.6893
-5.46594
-0.327724
-3.67808
-1.20817
-0.0595969
-0.035152
-1.56761
-5.17941
-1.17863
-3.92792
-2.24269
-4.22531
-3.56616
-3.52087
-2.11023
-1.13883
-4.6539
-3.1639
-4.86111
-4.49112
-1.66415
-0.995229
-2.10158
-2.13409
-0.550115
-3.15676
-2.37736
-4.52844
-1.33645
-0.367694
-2.30502
-0.365114
-3.39295
-1.13033
-3.59313
-5.18651
-4.59195
-0.237937
-3.16564
-4.59579
-4.71454
-3.67995
-0.947628
-1.62893
-0.62084
-1.87335
-4.56442
-3.58381
-1.15666
-4.28304
-5.23732
-5.2562
-2.25595
-1.06216
-3.09314
-5.43107
-2.51712
-4.21087
-2.03694
-4.44498
-3.36436
-4.65622
-2.32138
-3.41664
-3.48146
-2.08877
-0.202015
-2.4892
-2.5023
-1.19569
-3.64704
-3.64362
-4.56396
-3.37959
-2.4763
-3.30284
-5.02845
-3.53405
-3.08106
-2.9382
-3.05941
-1.34063
-5.11874
-4.58891
-2.81339
-0.552887
-1.62045
-4.22539
-2.4804
-4.46211
-2.0895
-4.26301
-1.47116
-0.183054
-2.43154
-4.08099
-1.18173
-4.37239
-1.48723
-3.7366
-2.47158
-4.55309
-2.12549
-3.17534
-2.42797
-3.48099
-1.49497
-4.7431
-4.71815
-3.42878
-4.72496
-4.93894
-4.21124
-4.18192
-1.01349
-1.10102
-1.04514
-4.15787
-3.35998
-4.21924
-2.33016
-4.72114
-3.54885
-4.31224
-3.02211
-1.60661
-3.96214
-4.44279
-2.52981
-3.85552
-3.81929
-1.13126
-3.50613
-3.30841
-1.24451
-2.99394
-4.33937
-4.30221
-3.64096
-3.37541
-3.44813
-0.979615
-3.40906
-5.10613
-1.00499
-0.76369
-3.63655
-5.23065
-4.79144
-3.45077
-0.97525
-2.12764
-3.61889
-3.68419
-0.330793
-4.75619
-5.23761
-1.10578
-4.50806
-4.74387
-0.960857
-3.36863
-3.47789
-1.57925
-1.16683
-1.34651
-3.52158
-1.03793
-1.60118
-4.5995
-2.1099
-4.63557
-1.15347
-4.76024
-0.532415
-4.22699
-3.59316
-3.67924
-0.463215
-3.49539
-2.13913
-1.02425
-5.50712
-1.35465
-4.08715
-3.59546
-4.32624
-1.83048
-4.79957
-0.62929
-4.91288
-2.86203
-1.26167
-2.20775
-0.346379
-1.02906
-4.74269
-2.40159
-4.65782
-4.12741
-4.47568
-4.74203
-4.41057
-2.15651
-3.92454
-4.3267
-3.90756
-0.578692
-2.29686
-5.57431
-0.690642
-4.73246
-4.26298
-5.02745
-3.1168
-3.60692
-2.89321
-0.758366
-4.2395
-3.39046
-4.13188
-5.33156
-4.95322
-3.66314
-3.36707
-4.64792
-4.75448
-3.33034
-4.70523
-2.08035
-5.01894
-2.73015
-0.347973
-4.84363
-1.24673
-3.58464
-2.26538
-3.51976
-3.52752
-3.64707
-4.95677
-2.13004
-4.15193
-4.96811
-4.72122
-5.03676
-5.2478
-4.58012
-4.92459
-4.71709
-5.66957
-4.94618
-4.37266
-5.51525
-3.4554
-2.17854
-2.32497
-1.34554
-3.20268
-1.16715
-2.61467
-5.36567
-0.854139
-3.17967
-1.10125
-4.10856
-4.77679
-2.84174
-3.87568
-2.97986
-4.37342
-2.03814
-1.15458
-3.8276
-3.41112
-3.18462
-2.52422
-3.74031
-3.55082
-4.78026
-4.55191
-0.0849709
-4.70461
-2.30646
-3.46943
-1.0937
-4.7715
-2.52398
-1.43276
-3.66805
-4.63631
-3.0818
-3.85913
-4.46213
-5.45189
-5.25639
-1.58698
-0.535974
-4.88093
-5.60013
-5.04309
-3.5988
-4.89038
-4.64705
-3.99557
-4.98985
-1.17124
-1.13877
-1.36281
-4.70412
-0.075444
-5.12043
-1.08093
-2.06695
-5.25309
-1.16986
-0.362565
-2.65698
-4.31422
-1.3803
-5.73785
-4.95292
-4.96079
-4.55976
-2.32962
-5.42109
-1.57405
-1.82461
-4.20492
-2.95133
-3.48492
-0.277135
-4.65426
-2.08962
-0.95642
-4.28281
-4.65853
-3.60361
-1.42955
-4.44334
-4.91954
-4.76002
-2.1265
-0.864244
-2.30065
-4.80616
-2.53107
-0.407381
-4.01279
-3.82631
-1.38132
-4.28123
-1.51551
-3.1161
-4.65987
-2.11022
-4.55922
-1.66097
-0.339579
-1.11103
-2.37521
-1.00554
-1.66574
-1.12027
-3.63165
-1.65703
-2.93826
-3.69408
-4.04655
-5.01288
-0.801696
-2.07042
-0.365221
-1.54472
-2.53284
-4.21213
-1.9983
-3.49658
-2.93825
-0.56979
-4.94237
-0.5258
-1.03045
-1.9255
-3.51953
-3.56816
-4.98197
-2.86454
-4.70842
-1.26575
-4.74033
-1.92341
-4.1644
-2.76027
-5.28834
-3.42599
-2.36595
-4.64768
-4.75418
-3.73093
-2.39405
-4.65008
-4.75095
-3.49757
-4.63671
-4.59605
-3.40532
-1.10943
-4.06893
-4.72533
-4.55121
-4.61969
-2.17087
-2.62521
-2.0359
-3.07521
-3.52501
-4.90226
-3.58598
-4.09241
-3.44021
-4.11339
-4.02845
-3.53242
-4.99479
-3.37767
-4.06387
-5.1881
-2.92414
-2.16002
-2.53008
-4.73432
-3.59561
-2.16476
-1.99973
-2.39421
-4.9514
-2.09773
-3.48008
-3.62127
-2.98595
-4.87194
-4.74547
-3.3609
-2.22937
-4.82405
-2.24981
-3.63166
-4.32437
-3.49586
-5.55468
-3.41374
-5.16986
-4.76531
-3.32729
-4.68529
-3.80098
-3.37053
-3.86518
-3.40668
-4.35092
-2.68157
-3.38697
-1.03275
-1.00992
-3.37992
-6.2179
-4.89842
-5.3008
-3.27966
-4.68814
-2.83281
-1.63874
-1.75969
-4.89164
-3.98609
-4.62773
-0.669167
-3.66596
-3.54711
-0.726469
-1.25307
-1.58419
-1.52459
-3.70779
-0.290259
-0.559936
-3.33291
-4.54657
-0.985673
-5.06752
-3.04454
-3.20651
-3.05442
-5.08518
-5.54816
-4.07952
-4.77217
-1.74761
-3.88137
-0.254782
-4.58981
-1.29019
-3.29105
-1.74164
-3.37642
-1.3981
-0.188012
-4.80445
-5.02652
-0.756477
-3.79293
-5.30116
-4.88851
-0.376924
-4.29686
-2.496
-3.37894
-5.0527
-3.70685
-4.74463
-4.86371
-4.81504
-1.51976
-3.77723
-5.10712
-1.51725
-2.34074
-2.95947
-3.4902
-4.85589
-2.25363
-3.289
-1.08612
-4.33699
-1.46335
-4.88648
-4.71438
-2.16002
-3.57297
-1.04168
-2.30883
-1.82365
-4.85736
-3.4308
-1.92791
-3.56857
-4.2986
-4.74559
-3.70593
-5.30289
-1.33867
-3.51533
-4.48728
-1.54766
-0.397216
-3.61131
-4.97219
-2.30381
-1.01435
-5.05511
-3.51452
-2.00925
-0.993453
-1.75128
-0.0449008
-2.30245
-4.60461
-4.0791
-2.01123
-2.12936
-3.53096
-1.24537
-4.84764
-5.01203
-1.78612
-0.923377
-1.08225
-2.22606
-3.88972
-4.7565
-3.58604
-0.705667
-5.33701
-2.84142
-1.17979
-0.495807
-4.64562
-4.43822
-2.30954
-3.12679
-4.87469
-1.1051
-1.1041
-3.2617
-1.41279
-2.15939
-5.21138
-2.662
-0.227444
-2.99653
-1.23557
-1.98364
-2.27245
-3.50291
-1.93038
-4.86172
-0.348461
-0.773478
-4.22374
-4.35566
-4.86753
-4.11326
-3.97274
-1.48122
-5.20577
-3.51959
-3.61312
-2.99925
-3.35589
-0.517267
-4.72575
-2.14544
-3.7939
-5.19406
-1.609
-3.81567
-0.278085
-0.63816
-1.98563
-4.74081
-3.98365
-3.6198
-2.77846
-2.91014
-4.7377
-1.41304
-2.1974
-2.95286
-1.78005
-4.13626
-5.55308
-3.48606
-4.63636
-4.00812
-1.00405
-1.05216
-4.91514
-4.62092
-5.5364
-3.42518
-4.35926
-3.35747
-4.88951
-2.20624
-3.85125
-3.4007
-4.76432
-0.273151
-1.99878
-5.35405
-2.00825
-2.94113
-2.75197
-2.18562
-1.28517
-3.57602
-5.10793
-5.15734
-1.01277
-3.4185
-1.28017
-3.22081
-5.19882
-1.9817
-3.32067
-0.354133
-3.29013
-3.62499
-3.95896
-0.603159
-0.908189
-4.36923
-2.77437
-4.33722
-2.55107
-4.6784
-1.18794
-1.00043
-4.75988
-2.56346
-2.30011
-3.45485
-0.0402662
-4.91463
-2.14539
-0.880702
-0.795983
-3.47072
-4.76403
-1.08035
-4.39065
-0.540045
-2.16
-5.02835
-1.58167
-2.05217
-3.49853
-3.65454
-0.538898
-2.09961
-5.21354
-4.21542
-4.73707
-2.21283
-5.66709
-4.74133
-3.44045
-2.13464
-2.34968
-2.17277
-3.52814
-3.47028
-4.67415
-0.881094
-4.15162
-1.78747
-0.727107
-1.04946
-3.6549
-1.06071
-5.16658
-4.93435
-5.18307
-1.40481
-1.15026
-2.55596
-2.68536
-3.97692
-4.73388
-4.7435
-1.13458
-3.39253
-4.58024
-1.09435
-4.73956
-4.75869
-3.1757
-1.58394
-1.34294
-3.52295
-2.74976
-3.38821
-5.15739
-4.11275
-5.39984
-2.22877
-3.39617
-3.08429
-3.61878
-4.70598
-2.34216
-1.61425
-5.20104
-2.16995
-3.94006
-1.66778
-2.09655
-3.7062
-4.42753
-3.37778
-2.02142
-2.90468
-5.28282
-3.52397
-2.33682
-5.79525
-3.84561
-0.343215
-2.85107
-0.882287
-0.269715
-0.104921
-3.45778
-1.18855
-2.76147
-5.28974
-4.69424
-6.00158
-4.69208
-3.37176
-3.57189
-3.00715
-0.860585
-5.389
-4.27963
-3.28553
-2.95494
-1.45443
-0.785904
-3.70273
-4.97379
-3.37013
-4.79735
-5.2009
-3.79416
-0.477916
-1.07962
-2.03611
-3.4538
-4.72753
-2.05379
-4.21621
-3.38891
-4.71898
-3.67409
-4.73695
-1.9956
-0.621797
-5.41837
-4.78966
-1.36276
-4.15008
-4.69548
-0.320086
-1.86802
-1.17194
-2.5495
-4.7881
-3.58137
-3.65708
-1.72536
-3.61875
-0.547054
-5.16567
-4.89745
-2.56642
-2.4441
-4.93984
-4.98566
-4.76251
-2.95322
-5.5015
-3.41646
-4.7856
-1.08015
-5.09882
-2.10962
-4.13189
-4.53522
-2.53805
-1.44825
-3.28013
-4.77459
-1.35639
-0.867676
-3.45486
-0.8411
-2.04036
-2.96257
-1.35988
-4.61824
-4.7435
-0.646451
-4.68108
-1.82385
-2.563
-3.64852
-4.18432
-4.69716
-3.65778
-1.38767
-1.53316
-3.32106
-4.9321
-1.0254
-1.3915
-4.71182
-0.963963
-0.606777
-2.70886
-5.62812
-0.34481
-1.263
-0.967554
-5.45165
-1.05949
-5.13838
-2.11838
-4.69473
-1.39459
-2.06575
-1.15113
-1.74063
-3.36358
-1.74539
-1.23089
-4.29489
-1.1611
-0.946469
-1.60721
-4.69518
-3.85967
-4.70468
-4.73842
-2.47587
-4.60072
-3.50748
-2.26276
-1.99199
-1.08525
-4.32194
-4.20682
-2.02555
-4.39753
-2.02034
-3.17826
-3.2497
-3.32871
-4.71956
-1.08897
-2.07075
-3.01406
-4.7642
-4.91393
-3.29985
-0.96266
-1.12951
-4.27449
-0.465885
-1.17635
-0.509882
-4.63606
-4.22329
-4.74016
-3.38601
-5.52968
-4.85332
-2.11482
-5.27749
-4.72415
-4.4358
-3.28616
-3.41559
-4.72109
-1.98426
-4.94387
-0.860014
-4.26862
-4.33317
-4.85045
-3.70621
-1.27451
-3.12134
-4.13062
-1.72801
-3.75017
-5.00347
-5.0334
-2.04347
-4.86871
-4.70255
-3.83353
-0.997698
-3.06214
-4.46424
-4.78377
-0.920401
-3.53816
-3.59259
-5.225
-1.92621
-2.40906
-5.62935
-1.97661
-2.00297
-3.40113
-3.71551
-1.40262
-1.06105
-3.50103
-1.38573
-2.39719
-4.24961
-4.74817
-2.23797
-3.36903
-0.670069
-5.37867
-1.42583
-4.39494
-4.78015
-3.41646
-3.07651
-5.47585
-4.80592
-4.07516
-3.45192
-4.33502
-2.91309
-4.67866
-3.472
-4.56175
-0.615053
-3.81619
-1.70257
-2.62513
-1.44175
-3.42635
-3.49651
-4.6105
-4.70823
-3.59008
-4.24738
-4.13496
-4.76087
-1.00865
-4.32926
-0.733654
-3.47777
-2.43569
-1.74809
-4.74519
-2.97486
-3.73666
-3.46036
-4.95409
-0.478226
-4.40029
-0.508377
-3.42825
-4.6145
-3.43925
-1.86364
-1.33567
-3.48768
-3.50175
-3.28248
-4.40202
-3.20645
-2.21299
-1.17892
-3.71009
-3.24456
-3.86834
-5.4165
-2.27967
-4.24834
-5.21153
-4.72877
-4.80896
-4.99491
-1.1366
-2.14732
-1.98015
-3.6622
-1.10499
-0.836464
-4.14296
-5.03184
-4.18071
-2.72986
-3.57059
-3.31227
-5.01056
-1.20073
-5.62676
-3.09534
-4.74296
-4.52792
-4.86528
-0.074902
-4.24228
-5.29089
-1.71349
-2.09065
-4.98537
-2.50928
-0.330606
-4.90689
-4.7272
-2.13135
-3.44528
-4.52403
-5.22769
-3.47324
-1.4173
-4.74892
-4.72994
-4.50729
-1.25627
-4.44878
-2.12181
-3.80043
-4.26414
-3.61943
-4.20428
-3.23383
-4.79589
-5.61486
-1.28242
-4.51883
-2.4713
-5.27928
-4.6987
-0.939176
-4.75349
-4.64985
-1.35807
-3.63505
-1.65395
-5.28131
-4.78755
-1.73673
-2.22224
-5.22678
-0.701138
-4.2788
-1.03262
-4.15467
-0.468002
-4.6236
-3.24959
-4.44526
-3.25344
-1.95166
-1.39622
-2.87677
-3.50772
-5.30331
-1.56378
-5.81789
-3.54918
-4.14488
-3.6679
-1.39603
-1.09863
-2.71384
-0.804759
-5.36883
-3.48374
-5.24979
-5.17414
-3.07943
-0.281984
-4.3147
-4.37508
-3.56531
-4.74354
-5.12047
-3.18251
-3.09576
-1.71992
-1.82164
-4.93486
-2.56875
-4.88797
-0.0159154
-3.07917
-4.72478
-2.49617
-3.34645
-3.20147
-3.59979
-2.00661
-4.90158
-0.541954
-1.28573
-1.02606
-0.178959
-4.08473
-2.14685
-4.43403
-4.54915
-5.18625
-1.53553
-5.8052
-4.78481
-5.3111
-2.13158
-4.41701
-2.29282
-3.10169
-4.43726
-4.74615
-2.84188
-3.23156
-4.00117
-5.29636
-5.18761
-1.71317
-0.339981
-3.40513
-5.07169
-0.895247
-2.28408
-1.7397
-1.09203
-4.81363
-1.2242
-0.0781197
-3.58615
-1.00857
-3.62439
-3.64211
-2.88784
-0.949064
-2.00647
-3.8154
-3.39585
-1.09339
-2.28425
-0.0330715
-3.64315
-3.54938
-4.8032
-3.41839
-2.07761
-2.6992
-1.18724
-2.37065
-1.01136
-4.74305
-2.94921
-1.40534
-2.01483
-3.21383
-0.0581478
-0.790405
-0.739061
-1.05991
-4.29279
-0.509011
-3.14442
-2.26827
-4.89473
-4.70397
-0.804211
-3.4461
-4.70686
-2.24729
-2.88458
-5.4691
-3.46129
-0.889741
-1.35111
-3.93239
-2.0856
-2.40214
-3.63005
-4.35364
-2.63486
-3.55862
-3.21962
-1.90164
-3.99896
-2.39024
-4.9812
-1.24839
-4.66632
-0.871376
-0.107396
-1.73216
-3.15296
-3.19061
-2.83161
-1.06935
-4.56727
-3.66626
-3.38032
-4.33507
-2.04863
-5.44944
-2.77771
-5.4735
-2.57001
-1.2614
-4.59205
-1.21727
-2.89094
-5.4758
-5.0275
-4.7231
-4.21953
-1.95251
-4.46785
-1.04535
-0.691729
-1.26043
-2.60157
-1.01969
-2.23427
-5.15627
-4.40611
-4.73624
-4.71713
-1.13835
-3.00016
-1.21938
-1.28705
-4.96802
-4.7433
-5.78794
-3.60044
-4.82647
-3.55266
-0.738931
-3.71516
-3.40823
-4.05014
-0.254891
-1.97251
-5.2555
-2.53208
-3.79194
-2.9711
-1.14778
-3.41513
-0.160162
-2.12626
-0.135248
-2.66489
-1.99016
-2.33781
-3.53906
-3.60615
-1.17746
-4.58095
-2.07131
-1.90678
-1.81939
-3.59706
-0.187956
-4.88798
-4.20333
-1.89861
-0.198839
-5.25447
-4.54256
-2.21922
-3.69701
-3.20614
-3.40859
-5.05303
-4.7406
-3.16025
-3.41008
-1.10326
-3.58485
-5.27835
-4.35137
-5.28988
-2.59952
-0.763494
-0.9899
-2.34598
-5.78308
-4.26332
-5.11848
-1.39412
-1.72293
-3.61222
-1.09032
-3.65921
-0.326586
-2.05006
-4.67052
-2.33087
-4.75804
-3.72669
-3.38147
-3.78253
-3.51314
-3.19276
-3.82812
-0.742104
-1.79394
-4.68994
-0.648963
-0.79589
-1.70262
-5.49269
-2.49328
-4.357
-5.45408
-4.54619
-1.44737
-3.56157
-3.41029
-4.2868
-4.55762
-0.55123
-2.08169
-3.56042
-2.15005
-2.24896
-4.73408
-3.90514
-0.525427
-5.32685
-3.39909
-0.96819
-1.79426
-4.42735
-0.555932
-1.10117
-2.78113
-1.82613
-3.41835
-3.41058
-0.185452
-0.953808
-3.24285
-1.96419
-5.31622
-1.22939
-0.714783
-6.12186
-5.09224
-4.71981
-5.31775
-3.42966
-2.14403
-5.65895
-4.48342
-1.99266
-5.18095
-5.18572
-4.9897
-2.65494
-3.44944
-2.29927
-0.857423
-2.31417
-1.48996
-1.19683
-3.58385
-5.03091
-3.17717
-2.57373
-3.39669
-2.09434
-3.08518
-4.48058
-0.941296
-1.36083
-3.42545
-1.0102
-3.70683
-4.58539
-3.5952
-0.942141
-3.8415
-1.88926
-1.07577
-3.4306
-3.55212
-3.37462
-3.26167
-4.74347
-1.45123
-2.44083
-4.90184
-1.04626
-0.597506
-4.32758
-4.40555
-1.12419
-3.53702
-4.57362
-1.7303
-2.97562
-4.80184
-4.93259
-4.68139
-3.4591
-3.61139
-3.75011
-4.92557
-4.74841
-4.65914
-3.03531
-5.21154
-5.8952
-2.28647
-5.4401
-4.69984
-4.85116
-5.25562
-0.48942
-4.13463
-1.06549
-5.17408
-1.37521
-0.982454
-4.87771
-3.54208
-0.909166
-1.07629
-1.82945
-1.00521
-1.88959
-5.18989
-0.556442
-3.45152
-3.52887
-5.42805
-1.17727
-5.57563
-1.0746
-2.07785
-4.54369
-3.64702
-2.34822
-4.26128
-3.60313
-1.24526
-0.870582
-6.09635
-5.10101
-2.76993
-3.84922
-4.8538
-4.13239
-4.95586
-0.549826
-0.721699
-4.92176
-2.26967
-1.54122
-2.55919
-3.62314
-2.05808
-4.94683
-1.10906
-4.70934
-0.728452
-4.73678
-4.71971
-5.11119
-2.00973
-2.56602
-4.66062
-5.21958
-1.33637
-0.137776
-5.06589
-1.15767
-0.997261
-4.15102
-1.12954
-3.50304
-0.0691089
-1.30639
-5.3846
-4.30127
-0.258199
-4.02668
-4.56891
-0.0468209
-2.50354
-0.948318
-3.16633
-2.8938
-0.916355
-4.86792
-1.00509
-4.91369
-3.93368
-3.5934
-4.87437
-3.68702
-2.63542
-1.11711
-2.07549
-1.79369
-2.10566
-1.00498
-2.23715
-2.52091
-1.96036
-4.35742
-4.40981
-4.25105
-1.12467
-4.90149
-4.75067
-5.18919
-1.08279
-3.39758
-0.304133
-0.949699
-3.56205
-1.11543
-4.75318
-3.40822
-1.8214
-0.907665
-3.3124
-4.34147
-5.17076
-2.51185
-0.987103
-3.10528
-3.08527
-5.02276
-2.81863
-2.50234
-4.5386
-3.68618
-1.52068
-2.78247
-3.56419
-1.35284
-1.05059
-3.3325
-4.91679
-2.67778
-1.14349
-2.97793
-4.35376
-3.76124
-5.27295
-1.98141
-3.5632
-3.99508
-1.22477
-2.06896
-3.95687
-0.997706
-2.81394
-5.22365
-0.524291
-1.1794
-1.71121
-3.24414
-1.1164
-3.19542
-1.94657
-3.27532
-0.733196
-0.453018
-2.85854
-1.0775
-1.87026
-0.665789
-5.3939
-3.13826
-1.16677
-4.89832
-5.46914
-2.62114
-3.19681
-1.5852
-4.73182
-0.0774225
-0.0902312
-5.45667
-0.341925
-1.2847
-5.29308
-4.77952
-1.03455
-4.80679
-0.295554
-1.07903
-4.05342
-0.0856096
-4.70745
-0.573393
-5.19492
-5.2163
-4.28557
-1.80834
-2.67304
-4.94758
-2.6498
-3.3554
-4.73097
-4.39666
-3.59732
-3.08417
-4.39239
-1.02405
-5.251
-0.666115
-0.251551
-2.31082
-3.44291
-4.90455
-0.277363
-5.03442
-1.27262
-2.14477
-2.45569
-4.73238
-1.14212
-1.67304
-3.69573
-4.30002
-0.849796
-1.87469
-2.62473
-0.455048
-2.07811
-1.69162
-5.71845
-3.63753
-5.15263
-2.29567
-3.32033
-4.91695
-2.25452
-3.35147
-3.61948
-4.58904
-1.50027
-0.138299
-5.86301
-4.52828
-5.13935
-2.91535
-3.5277
-2.44701
-5.30841
-3.21519
-3.4021
-1.94808
-1.35323
-3.21467
-3.36902
-4.10287
-0.766098
-3.5633
-1.22565
-1.09457
-0.157357
-1.11995
-3.15628
-2.64596
-2.6284
-2.06311
-2.04279
-2.86008
-3.4703
-1.14927
-0.39492
-1.15206
-3.4976
-1.67546
-5.03498
-2.00963
-3.53957
-4.9491
-3.46412
-0.933516
-3.51131
-1.40359
-3.38365
-3.38125
-0.704735
-0.937604
-3.36085
-3.71261
-5.19151
-4.5642
-5.19264
-0.744018
-2.88942
-4.83113
-1.14029
-5.72669
-2.21586
-5.33851
-5.81711
-1.89122
-0.866337
-1.08757
-3.1849
-5.10204
-2.29644
-4.28308
-1.89922
-4.69112
-5.88379
-4.60931
-0.402739
-5.05995
-2.06936
-4.7403
-1.50312
-2.27679
-4.25191
-1.09775
-0.202254
-1.03548
-1.33923
-3.48369
-3.32354
-3.894
-2.02977
-1.0014
-3.37257
-0.90706
-1.40497
-3.7125
-3.62565
-1.50826
-5.18833
-3.37857
-4.86965
-4.46916
-3.60733
-0.744023
-3.43203
-1.66772
-1.99306
-4.66746
-3.21578
-3.62596
-5.21189
-4.93788
-4.89446
-1.13196
-4.7068
-4.68162
-5.13382
-3.4599
-5.27219
-1.42281
-3.38436
-5.04002
-4.5586
-1.72894
-4.25099
-5.19042
-3.74974
-3.57833
-4.98684
-0.896874
-4.72229
-4.7498
-1.40543
-4.64866
-0.708754
-1.97198
-1.01648
-3.45162
-4.58068
-4.07528
-2.98306
-3.36868
-1.27973
-2.30504
-3.38383
-2.37723
-3.22751
-3.2638
-3.49406
-5.1717
-5.11285
-4.95466
-3.56834
-4.69639
-3.01033
-3.39417
-1.09552
-2.7968
-0.152507
-1.28688
-3.39649
-1.69562
-4.18117
-5.02044
-3.41872
-3.65489
-4.78206
-3.42648
-1.55308
-3.57692
-4.19216
-4.88892
-4.46419
-5.22228
-3.61594
-5.06303
-3.44743
-3.3116
-3.08138
-3.90095
-1.06753
-2.32841
-3.70057
-3.68944
-3.60055
-3.38488
-4.35
-3.51976
-0.512582
-1.1849
-3.60816
-0.696915
-2.2238
-2.37343
-2.07421
-2.41668
-3.35221
-0.135333
-3.64805
-1.03708
-1.18421
-5.22325
-1.29455
-4.69643
-3.42906
-1.05071
-3.94054
-2.46422
-1.13814
-4.72598
-1.9176
-0.641984
-3.61031
-2.83169
-2.20915
-1.68683
-1.26997
-5.01534
-3.39072
-0.872898
-4.87906
-2.71648
-1.13644
-1.38807
-1.62508
-2.90228
-1.16014
-4.50202
-4.81188
-1.60801
-4.97705
-4.91026
-2.2075
-1.70093
-4.74338
-0.714107
-4.6924
-1.69885
-0.332093
-0.850315
-3.58537
-4.77707
-5.00101
-0.418999
-1.16211
-4.83422
-4.9145
-3.37699
-2.29475
-3.45037
-1.07436
-5.17551
-0.0706989
-3.25633
-4.48783
-3.61728
-1.72511
-2.60125
-0.282095
-4.46744
-3.17461
-1.10441
-5.29241
-3.51764
-3.62325
-4.52846
-5.13218
-3.59421
-0.289004
-4.53575
-0.31399
-5.57894
-5.18926
-4.55154
-3.86937
-1.78688
-2.94349
-2.60799
-5.0061
-4.87884
-5.17503
-1.21954
-4.78899
-1.19083
-4.95473
-4.63652
-0.472474
-2.44818
-5.15043
-0.748308
-2.62029
-2.60039
-2.44973
-5.05049
-4.46568
-3.14587
-4.70586
-4.72767
-1.42597
-2.1122
-1.7167
-3.72377
-4.68965
-4.17768
-3.44827
-4.83833
-5.65659
-5.2695
-3.36711
-1.27972
-3.39018
-1.41125
-5.07865
-0.403017
-5.09799
-4.90394
-1.72258
-1.09197
-1.87149
-1.86965
-3.91292
-4.69642
-1.15661
-1.43467
-3.34033
-5.3529
-1.89689
-4.62935
-4.89491
-4.6607
-3.40989
-3.60875
-1.29783
-1.71744
-1.43003
-5.02305
-2.70388
-1.16511
-0.454289
-2.08787
-3.56665
-2.53686
-3.57832
-1.9429
-1.90343
-2.29686
-3.54761
-1.69041
-5.57655
-3.47595
-0.609716
-1.52273
-0.84715
-1.70183
-3.57101
-4.42714
-4.34166
-5.01803
-5.32439
-4.94781
-4.6739
-1.93963
-2.49587
-3.62199
-1.38598
-4.20018
-4.96464
-2.6659
-2.67733
-4.70254
-2.45862
-3.31297
-3.92907
-4.77082
-1.87879
-0.805731
-1.89605
-2.06428
-1.87821
-4.55638
-2.39829
-4.94252
-1.3899
-1.2303
-1.41746
-3.84988
-4.64879
-0.343499
-1.83746
-1.83531
-5.04705
-4.06125
-1.18667
-4.81421
-2.00568
-3.53973
-4.35569
-5.47758
-3.26411
-0.223353
-5.05006
-3.84203
-2.75181
-2.2
-5.16421
-1.55835
-4.43677
-0.759743
-1.66491
-4.1451
-3.54226
-3.62099
-1.86126
-3.55512
-1.22101
-4.74302
-4.29649
-0.877119
-4.82101
-1.21218
-3.00385
-1.07334
-1.68144
-4.31254
-1.03017
-3.3083
-1.86204
-0.697372
-1.94035
-2.81669
-5.20975
-2.42174
-3.05414
-3.34251
-3.51317
-3.86752
-3.79794
-3.53394
-5.06205
-2.96377
-3.1045
-4.80237
-4.72539
-4.38764
-4.35824
-4.31725
-1.40773
-2.75556
-4.53455
-1.66188
-3.72792
-5.13463
-1.09952
-4.01004
-4.97862
-4.51997
-1.45624
-5.28425
-3.37462
-3.59529
-4.41754
-3.61062
-4.54874
-2.69505
-1.06327
-3.73149
-5.11738
-3.48948
-1.2914
-4.70311
-1.13
-3.43494
-2.74459
-5.09877
-2.11318
-1.89412
-5.44269
-5.14531
-4.44119
-3.57304
-3.89823
-2.47753
-4.74203
-4.53469
-1.06867
-4.69137
-2.47272
-1.70552
-4.15864
-3.76418
-2.76261
-2.30062
-4.57518
-3.6118
-4.88516
-2.14287
-5.04464
-3.36359
-2.30514
-3.82908
-3.57627
-4.46414
-3.81522
-0.717294
-1.313
-3.61541
-2.81544
-2.08146
-3.15142
-4.22019
-4.45035
-3.35392
-3.53318
-4.90458
-4.94821
-1.10026
-4.36661
-3.84644
-1.11622
-4.3766
-0.826195
-5.90182
-3.37791
-4.71544
-1.79626
-4.45704
-4.74269
-3.8257
-0.716563
-2.25826
-3.28824
-1.38509
-4.47214
-3.14834
-5.349
-4.11984
-3.11262
-1.5698
-2.90198
-3.95615
-3.98838
-5.62503
-2.1133
-4.47001
-4.93422
-2.25963
-4.81012
-5.55168
-4.89148
-4.86679
-0.696836
-4.51364
-5.53541
-4.79994
-3.53948
-1.51756
-4.89504
-1.22322
-1.74235
-6.00703
-4.55843
-4.6593
-3.55286
-3.6185
-1.75302
-0.326431
-2.02731
-1.95383
-2.72343
-2.79338
-5.08203
-0.954755
-4.74003
-4.9317
-2.25262
-3.45542
-4.92151
-3.5745
-4.41179
-1.07193
-3.36349
-5.0466
-3.61449
-5.08165
-3.70154
-5.13282
-5.16477
-3.7854
-5.61569
-4.14732
-3.57805
-1.73534
-1.73761
-0.970119
-1.28182
-4.98202
-3.81821
-5.10026
-1.68512
-1.35734
-4.54145
-2.41332
-5.09096
-3.62723
-3.553
-2.19147
-2.08344
-2.73355
-3.09695
-1.00984
-3.78987
-3.49986
-3.25153
-3.05692
-4.16487
-3.38237
-4.74105
-0.684884
-3.53882
-4.9909
-1.96152
-3.55225
-4.72244
-0.748647
-3.48034
-0.491256
-4.72478
-5.23043
-4.73075
-3.91495
-5.70654
-2.16851
-4.88554
-3.2847
-1.08311
-2.02386
-2.77416
-4.1711
-0.0363926
-3.82331
-1.04112
-1.51522
-4.81916
-3.64433
-3.41176
-1.10141
-0.177715
-1.26635
-1.43927
-5.09524
-0.947071
-2.82948
-2.16701
-1.67604
-1.54632
-1.0642
-2.73963
-2.16547
-4.38588
-4.27525
-2.19688
-4.33651
-3.57612
-3.35568
-2.77518
-0.408705
-2.08446
-0.84344
-1.09059
-4.48141
-3.61433
-5.22054
-1.40355
-2.02608
-4.62406
-3.35506
-1.0916
-5.14529
-3.47866
-1.6446
-4.77486
-4.72608
-3.74085
-1.24513
-3.74859
-3.30255
-5.00661
-0.289864
-2.95621
-3.28864
-1.10955
-3.28756
-0.61889
-4.706
-2.77186
-3.72185
-4.56073
-1.09052
-3.19177
-0.19627
-3.87397
-4.47104
-4.80314
-2.56325
-4.31684
-4.08056
-4.25541
-4.49485
-4.78653
-0.880047
-1.71877
-4.93133
-1.25146
-4.69106
-2.38631
-5.35931
-1.03246
-2.57726
-1.91011
-4.38394
-4.81798
-5.69789
-4.46749
-3.51033
-0.0551205
-2.29919
-5.60198
-3.51393
-2.83525
-1.32077
-1.8945
-1.52055
-3.41797
-1.01727
-4.47287
-2.69682
-1.18473
-4.00481
-3.594
-3.53683
-0.0255181
-2.15072
-3.00259
-2.52621
-4.67944
-1.00446
-1.10969
-1.05743
-3.20374
-3.45323
-1.2423
-1.2021
-4.98659
-0.394397
-5.32833
-2.78794
-5.25874
-2.82386
-1.67934
-2.59642
-2.52329
-3.3629
-3.3669
-2.2229
-0.457922
-4.36104
-4.71399
-1.80037
-2.20661
-5.16363
-4.80722
-3.38193
-2.01888
-3.58573
-4.08207
-3.87945
-3.86038
-1.61994
-2.60603
-3.40614
-3.51181
-2.4198
-0.542589
-2.26215
-3.92603
-0.945225
-4.69565
-3.60614
-4.17508
-4.74726
-3.49197
-4.67741
-0.971426
-2.37879
-3.29088
-2.02316
-4.85362
-3.26343
-2.70741
-3.29636
-5.36391
-4.32566
-0.75521
-5.61649
-2.37048
-2.17135
-1.07656
-1.15352
-4.92229
-3.49212
-0.339455
-3.40218
-0.772271
-3.07791
-1.97337
-5.14328
-2.68255
-4.20124
-1.70676
-2.20328
-1.32004
-1.2166
-3.35024
-3.37223
-3.74043
-1.01071
-1.02112
-4.73224
-3.47837
-4.44618
-1.05749
-2.25211
-5.15714
-5.36113
-2.06831
-2.48582
-5.81628
-3.77197
-2.08554
-2.66479
-5.21368
-4.68979
-3.56481
-5.49284
-3.11558
-1.0932
-1.27102
-3.60955
-1.14547
-3.57046
-0.544886
-2.29301
-1.53127
-3.64759
-5.1242
-1.67071
-4.53624
-4.52363
-0.365573
-1.15526
-4.9957
-1.94139
-5.2604
-1.25234
-1.24642
-2.09719
-2.36687
-0.627979
-3.5798
-5.31279
-1.12486
-4.7317
-1.33108
-3.45414
-2.36294
-2.57441
-2.49471
-3.53162
-0.781565
-5.27657
-2.65942
-4.50422
-1.05851
-0.632389
-0.953743
-1.4376
-4.96763
-1.45399
-5.01339
-4.31936
-4.63809
-5.25772
-1.89344
-4.80065
-1.19781
-3.99161
-2.44068
-3.54622
-2.48658
-1.05391
-4.45829
-0.635933
-3.51071
-3.39868
-1.09864
-4.95165
-3.36606
-3.43722
-2.52064
-4.60456
-3.73338
-1.06607
-1.5295
-2.15747
-2.1588
-2.87277
-5.367
-1.02156
-3.53509
-0.412475
-0.775313
-3.51414
-0.520944
-3.91471
-4.62488
-4.44377
-2.86898
-3.82014
-4.9843
-5.25303
-3.61115
-4.20856
-2.23178
-4.77798
-4.87391
-3.2395
-4.67762
-0.045903
-1.2718
-3.40113
-1.69659
-4.84485
-2.84334
-4.73344
-3.11845
-2.45688
-5.47631
-0.171025
-3.85423
-2.99427
-3.90487
-4.89366
-5.27678
-4.40098
-1.18858
-2.57749
-1.07559
-2.84275
-1.06527
-3.67094
-3.61777
-3.78955
-1.60115
-4.38331
-5.293
-2.77351
-1.05957
-3.43322
-1.14721
-2.2605
-1.18334
-0.0937299
-3.48185
-1.10691
-1.56218
-3.45633
-1.37096
-3.15908
-4.65909
-3.10597
-5.0925
-4.72104
-3.61412
-1.09231
-5.81207
-3.30656
-4.39831
-0.132128
-0.95692
-0.189806
-0.0793888
-3.99828
-4.00847
-2.53202
-4.86603
-2.0377
-3.03117
-4.99672
-0.873303
-3.25014
-0.749498
-3.62747
-1.63807
-4.55891
-1.10613
-3.47445
-3.57028
-0.397232
-0.335046
-0.791269
-1.1633
-4.12677
-3.44163
-1.44045
-3.82493
-4.04609
-5.52639
-4.39832
-5.20757
-2.53285
-3.71913
-1.12223
-0.222957
-0.836128
-0.907695
-2.17679
-2.10978
-4.83127
-3.52582
-3.40443
-3.59606
-1.26269
-1.24774
-3.56454
-2.02189
-4.76175
-4.09787
-3.56341
-5.02859
-4.87832
-4.6193
-2.42619
-2.95212
-1.33053
-2.22958
-2.04042
-3.44244
-3.61462
-4.30172
-5.24753
-4.13042
-4.98835
-4.78623
-3.49591
-4.94123
-1.90191
-1.73534
-1.85787
-2.87804
-1.67443
-3.3919
-3.25219
-0.968866
-1.1045
-3.57628
-2.10241
-3.25513
-5.22904
-4.17723
-1.14579
-5.5097
-3.45173
-4.87189
-1.95221
-3.62642
-4.72812
-4.01419
-5.01591
-2.41195
-4.76348
-3.70735
-3.68201
-2.32752
-1.1023
-3.46065
-3.87385
-3.49755
-4.02912
-1.20538
-1.96912
-0.97465
-4.45468
-5.29492
-1.52219
-5.03351
-1.43911
-4.28984
-4.87881
-3.77853
-1.74704
-5.27102
-3.5822
-2.30003
-1.21195
-4.77993
-1.16167
-2.29529
-1.9052
-3.02789
-3.42452
-3.40526
-2.59833
-4.3835
-4.68735
-5.25374
-0.979482
-5.76598
-1.65564
-3.56273
-1.19976
-1.86091
-1.66621
-1.53232
-3.95115
-4.30405
-5.2608
-4.86832
-0.469576
-3.54517
-3.62226
-4.68977
-1.0953
-2.0681
-5.40786
-0.147454
-4.44491
-4.76219
-4.70442
-3.29737
-2.09273
-4.83568
-0.180666
-4.22701
-4.70147
-4.71591
-0.674377
-4.74114
-5.00971
-2.15964
-0.648622
-4.98293
-5.75521
-0.172746
-0.852405
-3.84677
-4.83618
-2.04455
-2.17749
-4.76165
-2.92934
-2.13045
-4.9592
-1.55613
-2.31308
-3.49842
-2.81094
-4.91825
-1.70513
-2.2613
-0.839839
-5.47923
-3.46787
-0.0142421
-3.28885
-1.29022
-4.81334
-3.12486
-2.03529
-3.49828
-3.37819
-0.319019
-3.37549
-5.65604
-1.99766
-2.07909
-2.03925
-3.42992
-4.54307
-3.48955
-4.75663
-2.26449
-0.17246
-0.621087
-2.1614
-3.56236
-4.30645
-4.69435
-2.03384
-4.98059
-5.32359
-3.60504
-1.14011
-3.70348
-4.25376
-4.28559
-1.18871
-5.3976
-4.89321
-4.74135
-5.21963
-1.01053
-4.83906
-3.57326
-1.96004
-0.705011
-3.35952
-4.7957
-4.96297
-2.09713
-5.62578
-3.95543
-2.52167
-5.3103
-2.24668
-3.96712
-1.80273
-3.64246
-3.66809
-4.56125
-0.823826
-4.89512
-3.75316
-0.418107
-3.96434
-1.30339
-3.61273
-1.8291
-3.2502
-3.96226
-1.2512
-0.362608
-4.47516
-4.83886
-3.62456
-4.27605
-4.43385
-2.16439
-0.906745
-3.27972
-1.0304
-4.82426
-1.14827
-4.69607
-5.61776
-1.00971
-2.51477
-5.28075
-1.94623
-2.19411
-0.461107
-3.2702
-3.26946
-1.32178
-3.83047
-3.82414
-5.29808
-1.13319
-1.52971
-2.51356
-4.7734
-2.19628
-3.29184
-2.7073
-1.1367
-4.575
-2.36483
-3.48387
-4.72819
-3.23729
-2.46846
-5.27432
-2.16658
-3.81127
-1.97309
-4.19272
-1.20864
-1.81855
-4.84401
-3.30593
-2.1298
-4.51731
-4.93332
-3.81167
-3.41343
-0.861805
-2.91945
-5.49821
-4.74661
-3.55297
-3.36311
-1.94289
-2.37596
-2.38027
-3.45949
-4.92261
-1.15088
-5.13972
-4.54319
-2.1974
-1.04144
-3.57012
-0.646512
-0.993981
-4.74838
-0.871024
-3.51647
-3.35111
-2.86219
-3.5052
-1.18604
-4.29328
-4.18137
-1.19099
-5.26634
-5.06885
-4.29604
-5.38081
-5.43944
-0.335604
-0.1943
-1.81168
-1.12565
-0.815093
-5.08605
-3.70985
-3.42456
-1.93948
-2.82001
-1.89587
-4.26087
-3.48623
-5.2594
-1.09052
-1.94462
-3.40975
-5.33502
-5.81654
-5.36793
-4.33694
-1.72395
-1.90174
-3.03816
-1.09664
-3.37432
-2.76901
-2.76382
-3.82461
-3.58271
-2.16943
-4.4972
-3.49316
-3.45925
-4.57154
-4.81718
-3.3661
-1.23743
-2.82976
-4.68752
-4.12805
-4.55699
-2.76669
-4.74478
-3.48152
-2.78828
-1.40814
-2.80996
-2.97474
-1.38026
-4.69103
-1.25123
-5.1767
-2.50782
-5.03944
-3.7512
-2.76133
-3.45494
0.0103746
-3.09354
-0.0529893
-5.43283
-6.12706
-1.27205
-2.35997
-3.43588
-6.18563
-0.0732413
-4.60577
-5.10977
-5.35376
-3.01074
-3.1797
-5.0582
-5.07735
-4.73251
-5.46626
-0.835084
-4.6883
-1.11573
-1.01958
-4.07927
-3.44345
-1.00617
-3.17206
-0.146703
-2.3673
-4.42764
-1.2051
-0.70621
-0.435189
-3.54991
-4.8501
-2.97844
-1.80136
-2.88514
-1.25598
-4.05444
-4.31935
-4.15898
-3.43066
-2.50852
-0.868391
-0.902158
-1.01895
-3.5749
-2.9491
-2.35536
-0.0708131
-3.35545
-2.69494
-1.01293
-1.30686
-5.0388
-3.39045
-2.79415
-2.75858
-4.32294
-2.00511
-4.1299
-4.98584
-4.89538
-0.83836
-2.35359
-2.22822
-2.79242
-3.23404
-5.31535
-4.12211
-1.24534
-1.42988
-1.87744
-3.11244
-0.476771
-2.51245
-3.40639
-3.91996
-1.93955
-3.46265
-0.935997
-1.16363
-2.20565
-4.66656
-5.08086
-0.31211
-3.36771
-4.84361
-2.13942
-1.39951
-1.97631
-0.927106
-2.0763
-0.857256
-2.41776
-1.33811
-1.63917
-1.22788
-4.98035
-1.88818
-0.320914
-1.10944
-3.6142
-4.90343
-5.86403
-3.47645
-4.75161
-2.61038
-1.92385
-3.50915
-2.82049
-2.61731
-1.46644
-3.58106
-2.06787
-1.10901
-3.27249
-2.04195
-5.5248
-1.16663
-2.12637
-1.86333
-2.55327
-4.56342
-3.33643
-6.12735
-2.10592
-4.43599
-1.08349
-4.9947
-5.72349
-3.5139
-4.7312
-4.16117
-4.68882
-2.14131
-4.31914
-3.09897
-3.34254
-2.52815
-2.67524
-3.60834
-5.27791
-2.86878
-3.37761
-4.01825
-2.14274
-1.09667
-1.69467
-4.70624
-3.63666
-3.61609
-3.5603
-4.9878
-3.5678
-4.15197
-3.40572
-3.46288
-4.89026
-4.09996
-3.75269
-4.58444
-3.97892
-2.95616
-1.53532
-5.21098
-4.75218
-2.30018
-3.20821
-1.18013
-1.12593
-2.03459
-4.51238
-4.73623
-1.13423
-1.08733
-2.29694
-1.66698
-4.75958
-4.07438
-4.77747
-3.6594
-1.03593
-1.09063
-1.02677
-2.03612
-2.29893
-3.38307
-1.86187
-3.60046
-3.42655
-3.27301
-3.43284
-0.466175
-1.94486
-5.03877
-3.29236
-3.21392
-1.89157
-4.75498
-4.75462
-3.98944
-3.81689
-0.832841
-2.28834
-3.484
-2.76123
-1.21168
-1.66225
-2.23335
-1.88335
-0.872996
-4.30205
-3.50509
-4.93795
-3.22338
-3.80502
-1.0918
-3.47646
-5.00581
-4.17085
-4.53991
-3.08421
-3.29017
-0.997714
-3.98049
-4.74441
-1.77056
-1.06979
-2.084
-3.44645
-3.62547
-3.23174
-1.91324
-3.55511
-4.95705
-1.07251
-1.47987
-2.75651
-4.74565
-3.77933
-1.3547
-4.97227
-2.63403
-4.37788
-1.96796
-4.71099
-2.15753
-1.25113
-3.61662
-2.36408
-4.41676
-3.33277
-0.70752
-3.45556
-3.58241
-5.15913
-2.7591
-3.39166
-4.71854
-5.72418
-4.73356
-3.2818
-4.68545
-4.59616
-2.62672
-4.10134
-4.6373
-2.52052
-5.05569
-3.5135
-4.58254
-3.55597
-3.53962
-2.28664
-4.07607
-4.27543
-1.7669
-0.693054
-4.73378
-0.70648
-5.23298
-2.24176
-1.08259
-4.08409
-5.18891
-1.19757
-3.37161
-2.29714
-1.17728
-3.92103
-3.81163
-2.92743
-3.5936
-1.06293
-3.82328
-3.3136
-3.30818
-3.55914
-3.37224
-3.27959
-0.9955
-5.71354
-3.44986
-2.24606
-1.04428
-4.68704
-1.87689
-3.04646
-4.57892
-3.4439
-3.98208
-4.05228
-5.11755
-4.66175
-1.4011
-4.74072
-5.69782
-3.01264
-1.93024
-4.60073
-2.76394
-4.81169
-5.22527
-4.6997
-1.24649
-3.8908
-1.7879
-1.55026
-3.46256
-3.9305
-3.67988
-1.93003
-2.79273
-0.871312
-3.60284
-4.68623
-4.34792
-4.31406
-1.83558
-3.67485
-4.31713
-2.52418
-4.38513
-1.67282
-2.69658
-3.45103
-0.204508
-1.47
-1.13389
-3.28019
-3.73294
-2.95767
-5.46959
-4.76909
-4.11014
-1.06178
-1.48035
-3.49927
-0.209448
-4.77923
-3.97346
-5.10119
-1.67497
-4.71591
-3.01838
-5.30071
-1.23641
-5.18602
-1.80147
-3.65823
-2.12677
-4.22209
-2.37462
-4.65409
-5.85317
-0.713178
-3.47747
-1.18528
-2.82179
-3.44711
-0.481568
-5.19805
-3.45037
-1.73696
-3.17081
-0.831749
-1.94044
-5.19565
-5.67191
-1.42415
-3.57575
-0.676051
-2.02324
-6.18932
-1.18483
-5.20294
-1.31925
-4.91569
-1.22948
-3.94908
-3.8405
-3.85923
-4.62166
-4.63223
-3.61089
-4.12707
-4.38975
-3.13211
-1.68911
-4.64408
-5.14259
-2.78203
-2.75491
-4.74727
-4.58014
-3.5572
-4.13741
-4.99064
-3.41527
-0.29335
-1.00345
-3.66173
-3.49762
-1.87814
-5.45764
-1.10933
-2.77963
-3.35584
-4.22734
-3.00034
-5.2168
-1.65471
-4.95249
-2.90033
-2.13036
-4.96957
-5.35662
-4.26919
-0.0195659
-5.53018
-0.09046
-2.79671
-4.44112
-1.18152
-5.88691
-4.64582
-0.215044
-3.54997
-1.17238
-1.2494
-2.51382
-1.62066
-1.04221
-5.01725
-4.81032
-3.50494
-0.53929
-2.13063
-3.6716
-2.38273
-3.62096
-0.0121855
-1.23463
-3.51876
-4.75558
-0.0345408
-5.07382
-5.20025
-1.962
-1.48352
-0.14855
-2.77553
-5.16614
-1.27473
-3.46791
-3.41867
-4.74228
-2.76177
-2.0139
-3.50116
-3.21594
-2.01244
-1.16751
-3.09441
-3.39169
-2.76338
-2.81802
-4.44619
-4.68594
-4.46797
-4.17983
-1.10928
-4.95436
-3.60142
-0.840157
-1.96018
-5.10342
-0.343074
-2.28403
-4.78674
-5.53299
-1.94043
-3.61386
-4.49745
-4.13021
-5.07621
-3.29869
-0.80493
-4.73052
-3.35201
-3.38609
-2.03242
-4.0942
-5.20566
-1.26845
-3.66697
-0.322225
-1.18417
-5.20293
-1.61485
-5.8439
-3.25016
-3.38531
-3.91532
-3.84219
-1.67308
-1.40904
-2.2025
-3.29036
-4.24116
-1.96023
-3.20605
-0.690265
-4.89174
-5.01194
-4.72799
-4.43325
-1.17837
-1.38546
-1.24984
-3.42827
-4.88821
-3.12914
-4.14305
-3.40217
-1.4408
-2.61892
-2.08184
-2.20899
-1.82821
-3.90737
-2.16913
-5.74518
-3.49958
-0.225907
-2.31654
-3.8089
-0.782592
-3.56313
-3.62009
-1.13799
-3.16138
-0.299388
-1.02213
-0.90773
-2.55039
-1.84694
-5.14813
-3.71152
-4.54599
-5.19693
-2.21779
-1.43537
-4.7471
-1.38156
-4.17162
-0.0247963
-0.992441
-1.10142
-2.13644
-3.50654
-3.15755
-4.3897
-5.75385
-3.95472
-1.07762
-3.55346
-1.20858
-4.1523
-3.25767
-4.74555
-1.04054
-1.25175
-4.40138
-3.37324
-2.48959
-4.19024
-1.10623
-1.09439
-3.88313
-3.53088
-4.88573
-2.32276
-1.11902
-4.38274
-1.02395
-1.00924
-3.45834
-1.13851
-0.0229767
-5.11573
-1.98864
-3.68671
-1.71634
-1.03624
-3.18354
-1.49984
-4.42195
-4.48639
-3.39176
-0.607763
-4.66009
-3.05654
-3.06072
-1.75281
-3.22971
-5.10871
-0.292248
-4.68541
-1.16867
-5.74807
-2.94782
-4.6175
-4.87835
-5.01623
-4.93062
-0.964783
-1.94782
-5.76968
-2.18974
-0.674048
-3.58059
-1.81807
-3.61238
-1.97252
-3.85267
-5.13561
-3.63559
-2.22241
-4.74769
-5.04004
-5.21482
-4.06912
-3.14455
-3.75448
-4.35917
-2.22438
-0.306361
-1.4885
-2.37017
-5.3243
-0.984305
-4.27008
-2.47282
-3.48572
-1.74233
-3.65414
-4.86586
-5.70605
-3.25765
-4.8916
-4.49148
-1.79212
-1.67705
-1.13112
-3.09988
-4.58408
-1.86681
-2.1659
-1.67926
-3.40347
-2.55632
-1.53374
-4.93473
-4.24735
-1.95986
-2.75794
-2.2333
-3.9143
-4.31429
-0.150037
-1.15846
-1.22758
-1.50246
-0.61654
-3.57555
-1.13528
-5.3438
-1.223
-1.22137
-5.33213
-1.81755
-5.77739
-4.2784
-0.216437
-3.43137
-1.02499
-5.11899
-4.54597
-5.37747
-1.12421
-3.82384
-5.35078
-3.59415
-2.17589
-4.61773
-5.27794
-3.32384
-4.37159
-3.64603
-1.97969
-1.04708
-4.63378
-0.999776
-3.25965
-5.42627
-3.49308
-1.57926
-1.12991
-4.75746
-3.36557
-3.3779
-5.10327
-1.74349
-4.8907
-0.861798
-3.92924
-1.12148
-4.31791
-2.79311
-1.03042
-1.04673
-1.13332
-1.94405
-0.189493
-0.183178
-0.986382
-4.46009
-1.52094
-2.67238
-1.07104
-4.83132
-1.64997
-5.24317
-3.62381
-2.14819
-0.996194
-3.01093
-1.18222
-4.56296
-5.01974
-4.9761
-1.78804
-3.36531
-4.74976
-0.144304
-0.264584
-5.22267
-4.68181
-1.95616
-0.862586
-4.868
-2.76982
-0.51508
-4.78726
-4.56424
-5.05191
-5.19101
-1.08326
-1.42559
-4.88305
-0.536461
-2.18749
-1.85912
-4.99056
-1.07016
-3.4363
-4.39706
-0.82271
-1.00478
-5.11209
-2.58518
-3.38826
-0.79238
-2.70518
-0.266421
-3.49144
-1.17046
-4.2598
-4.67199
-4.74026
-1.73269
-2.56572
-2.71415
-5.12506
-3.10526
-1.88683
-2.44792
-0.159646
-1.6453
-3.58599
-5.31366
-3.74962
-1.31086
-1.75627
-1.37358
-3.39621
-5.82
-3.96813
-1.03839
-2.21714
-5.21313
-3.82406
-5.16575
-1.90565
-4.89412
-3.76255
-4.14305
-1.95925
-1.14023
-5.00411
-2.11474
-3.70632
-4.75529
-1.15151
-5.21805
-4.39836
-4.47733
-3.23351
-2.98
-2.71248
-4.29193
-5.07371
-2.84369
-4.48097
-5.17836
-4.13197
-0.60341
-5.53901
-1.3329
-2.08642
-4.12922
-4.36902
-4.80386
-1.41883
-0.702538
-5.73506
-2.84274
-4.67066
-1.74415
-5.52128
-1.09194
-5.116
-3.57322
-3.49042
-3.65424
-5.59679
-4.80972
-1.54108
-0.275449
-1.79362
-5.01351
-1.57859
-2.94213
-3.31411
-2.22481
-4.6938
-4.67799
-5.15951
-2.59967
-4.43774
-5.19452
-0.298024
-4.53423
-1.97669
-4.92923
-2.37049
-3.45321
-1.10642
-2.60936
-3.56641
-3.46334
-2.30297
-2.30076
-1.86129
-4.74341
-1.7559
-0.00470522
-5.22047
-3.22857
-3.5402
-4.67967
-5.14595
-1.02474
-2.53533
-0.950488
-4.76222
-4.92299
-1.1486
-4.74298
-3.58911
-3.26345
-1.28995
-0.605763
-2.33425
-3.53034
-0.20174
-2.58697
-1.96329
-2.7712
-3.56365
-5.87406
-3.56032
-2.30459
-4.58776
-4.95607
-3.58074
-5.18886
-1.12762
-0.163993
-1.50749
-0.895254
-5.19754
-1.09122
-4.1194
-4.74452
-2.13747
-5.61112
-2.46462
-4.19572
-3.8682
-4.68693
-3.3415
-2.42734
-2.39063
-4.94964
-0.844227
-4.64722
-3.47741
-2.25109
-2.52232
-5.36693
-2.30585
-1.8366
-2.52406
-3.07294
-1.85688
-3.56202
-3.41092
-2.50333
-1.15947
-0.268291
-1.05818
-5.10783
-1.87187
-4.84681
-2.82272
-4.00676
-0.973149
-3.15856
-4.44375
-1.11117
-4.36248
-1.33493
-3.43931
-1.75605
-2.53406
-1.99783
-4.09631
-5.36764
-2.14185
-2.12135
-3.50034
-3.6035
-1.2156
-2.44612
-1.58559
-0.579583
-4.49661
-4.07043
-5.10488
-1.08094
-4.06683
-1.09081
-2.59705
-3.26359
-3.24352
-5.3611
-1.97375
-1.51692
-2.10936
-0.901151
-1.02107
-2.55273
-1.28049
-4.05879
-2.09204
-1.80468
-3.19696
-2.87069
-3.97615
-4.19843
-1.44367
-2.90275
-4.80882
-4.69862
-4.74481
-1.62369
-2.29578
-3.57578
-4.63414
-1.12697
-3.57653
-3.87659
-5.72499
-1.60284
-3.8831
-4.67272
-1.89493
-5.02824
-4.46367
-3.39932
-3.55024
-1.62678
-2.38896
-3.50431
-3.15069
-1.65819
-5.45385
-3.56585
-3.56089
-2.04257
-2.55004
-1.97746
-3.41727
-4.88331
-4.98182
-0.965755
-4.2567
-0.333099
-2.00826
-1.07969
-3.54477
-0.160493
-2.01754
-0.716001
-2.01548
-4.9314
-4.83106
-4.74015
-1.95481
-5.15563
-1.2186
-3.05779
-5.03177
-0.0903483
-2.99081
-1.17895
-1.18091
-3.45593
-0.605744
-4.0786
-5.84674
-3.27644
-2.90254
-4.12257
-0.758018
-1.80082
-0.840594
-3.54603
-1.91894
-4.02889
-1.85195
-4.75048
-2.40961
-0.360954
-4.02836
-4.78702
-3.82464
-3.78009
-5.08992
-0.987537
-3.57093
-0.193385
-1.7807
-3.55547
-1.87333
-3.68711
-3.37976
-0.24314
-3.39976
-3.76352
-3.41406
-5.24368
-1.42942
-1.29493
-0.785548
-5.44623
-4.62618
-4.89545
-4.80211
-2.73801
-4.75069
-1.97959
-5.15907
-0.198674
-3.35425
-3.4955
-6.13077
-1.36435
-1.23573
-1.00966
-2.91658
-4.34387
-3.48155
-4.35395
-1.4859
-1.1909
-1.18095
-0.53346
-4.5835
-4.07677
-3.64687
-4.52719
-1.00478
-4.34286
-4.8251
-1.06477
-1.11577
-0.0735855
-4.96558
-3.45885
-3.25446
-4.70167
-1.85019
-5.1467
-1.85717
-1.0533
-3.41851
-0.727242
-0.149229
-1.15831
-5.09904
-3.56273
-4.37947
-3.35895
-2.39162
-3.53582
-0.380434
-1.15637
-3.52041
-3.62988
-3.42391
-1.62936
-3.2496
-4.08614
-1.09741
-0.732506
-4.82973
-1.04217
-3.53998
-5.19692
-4.34431
-3.36436
-4.16751
-4.68877
-3.81605
-4.00409
-4.44516
-0.24739
-1.15671
-4.17494
-3.43846
-0.080746
-0.0880434
-1.18671
-3.51329
-3.12593
-4.86633
-0.662021
-0.438239
-0.20662
-2.95399
-0.996262
-4.83986
-3.79345
-1.85093
-1.15478
-2.39118
-4.67806
-5.24469
-2.07033
-3.71892
-3.49612
-3.53151
-5.3705
-4.99822
-3.55291
-5.21169
-0.281721
-3.63113
-0.830021
-2.24487
-4.74634
-3.19727
-5.19739
-2.38602
-3.34348
-2.14765
-3.12834
-3.98716
-1.49341
-4.14487
-1.07398
-5.24156
-4.68263
-1.00232
-2.23494
-2.90682
-1.58509
-3.42499
-4.73467
-3.8259
-4.73336
-2.39398
-5.23046
-4.34965
-4.31882
-2.40082
-3.23488
-3.39709
-1.13445
-1.58238
-1.90819
-1.06902
-4.11684
-1.59693
-4.82334
-1.19398
-1.16212
-4.46468
-2.44073
-3.31186
-1.91567
-3.47276
-4.56499
-4.91671
-3.60038
-3.09941
-5.26565
-3.16034
-1.81582
-0.427534
-1.77871
-1.16715
-3.55458
-2.25895
-5.25577
-3.13165
-4.83678
-4.45277
-1.65271
-4.8923
-4.30268
-3.64881
-1.45948
-1.75984
-1.27324
-1.3275
-3.36684
-4.24342
-1.60401
-3.87254
-3.4867
-2.70172
-4.74252
-4.84638
-0.98831
-2.17481
-1.16546
-3.60504
-1.30432
-2.32033
-4.74901
-2.86583
-4.34446
-3.45554
-0.985506
-4.84974
-4.62076
-1.06363
-0.254005
-1.29561
-3.3816
-4.72646
-0.558875
-4.86581
-0.00415415
-5.51545
-5.21599
-2.88331
-2.46818
-4.08959
-2.28783
-5.12011
-3.82002
-4.59234
-2.22792
-5.07908
-4.36387
-4.82694
-0.366044
-1.523
-2.71157
-4.73243
-1.85643
-4.73343
-5.68556
-3.94502
-1.11032
-2.22674
-3.57694
-3.63941
-3.71924
-0.612121
-4.3108
-5.22233
-4.24394
-3.64338
-4.4074
-4.54675
-5.50372
-4.37893
-1.02276
-4.40018
-2.2948
-3.77904
-4.49762
-0.106076
-5.33533
-1.61676
-5.18542
-3.8109
-1.85677
-2.46894
-4.43813
-5.02876
-1.08215
-1.86706
-5.11116
-4.25564
-1.18283
-1.18506
-3.55362
-2.92804
-1.86431
-1.84713
-0.814052
-2.56228
-0.220875
-1.15823
-4.03488
-4.58878
-2.36286
-4.17526
-1.28862
-3.4149
-0.572458
-4.0242
-5.67567
-2.68025
-5.75924
-1.16377
-1.20322
-2.19057
-1.29611
-3.42314
-4.30622
-3.44486
-4.65165
-1.53724
-4.74062
-0.995498
-2.66121
-0.181189
-4.7027
-2.41779
-1.81254
-4.3921
-1.51039
-1.52952
-5.15092
-4.66481
-4.02922
-4.74418
-0.277189
-3.4199
-3.81261
-4.46623
-0.821094
-1.52246
-0.852011
-3.38008
-5.11649
-5.39294
-0.225636
-4.23393
-3.41439
-1.05574
-3.02249
-4.3214
-3.62396
-3.60621
-4.15172
-4.15227
-1.11894
-3.25849
-4.19947
-2.5131
-3.95965
-0.60894
-3.20888
-2.22019
-4.92461
-0.879691
-5.28496
-1.85081
-1.21871
-3.35659
-1.05363
-3.54814
-1.14807
-3.40168
-4.80662
-1.62196
-2.32342
-2.78751
-3.08355
-0.947481
-1.04631
-3.37668
-3.22843
-2.37587
-5.02972
-4.45104
-3.2976
-3.39897
-4.39575
-4.64334
-1.0833
-4.39509
-4.68795
-1.92541
-3.56771
-3.31971
-1.17506
-3.65647
-1.90539
-5.12256
-4.84331
-3.42332
-1.27633
-5.04769
-0.316659
-4.13524
-3.51791
-3.80427
-0.696844
-3.56106
-4.1722
-3.31246
-3.64233
-4.30799
-1.67231
-1.21219
-2.54449
-1.2118
-1.18518
-4.7284
-2.35042
-3.93736
-2.1527
-3.39228
-5.63464
-3.55838
-4.5653
-4.32343
-4.68605
-4.18381
-1.21883
-4.13274
-2.13986
-3.47956
-1.26213
-0.00735938
-4.33507
-0.595265
-4.72064
-3.32989
-5.30623
-1.23633
-3.69414
-0.622995
-3.5871
-2.33163
-1.09983
-0.188615
-4.84772
-2.54068
-1.69049
-3.48391
-4.86887
-5.13501
-2.04339
-3.04658
-0.281027
-4.00054
-0.888784
-2.75101
-1.66492
-3.57315
-3.85449
-4.94832
-2.9925
-0.952454
-3.61232
-2.10407
-5.35972
-3.97514
-3.95351
-3.57355
-4.82329
-1.1302
-4.17698
-4.96805
-4.63114
-3.82126
-1.67299
-1.13455
-2.07703
-3.55585
-1.0563
-3.2409
-2.99269
-1.37232
-4.56174
-3.36256
-4.02695
-5.16286
-1.23711
-2.90098
-1.83208
-3.82375
-4.98504
-4.76179
-4.73957
-0.0188253
-4.39935
-4.50289
-0.178942
-0.587855
-1.21693
-3.70287
-2.36427
-1.19444
-1.92806
-1.09226
-4.92985
-1.21358
-2.54563
-4.53894
-3.31787
-4.62009
-0.626976
-3.79887
-3.51366
-4.00524
-2.80359
-4.41313
-3.75985
-3.14521
-2.7742
-2.51215
-2.09738
-0.931335
-5.30676
-1.18936
-4.95931
-0.0761015
-0.626722
-4.73741
-1.91615
-3.5922
-4.65406
-1.53439
-5.32874
-3.62956
-2.52454
-2.5464
-2.36716
-3.32226
-3.50383
-3.774
-0.705615
-0.0585628
-2.52913
-5.15596
-3.50492
-4.35232
-2.78333
-1.50035
-4.53088
-3.54084
-2.98644
-3.5281
-4.05787
-4.66271
-1.89422
-3.42305
-2.3167
-1.51565
-4.74272
-0.00431286
-2.72982
-2.59933
-4.02702
-4.04993
-4.75672
-4.71311
-1.90079
-2.60831
-3.2134
-0.952904
-1.00342
-5.81504
-3.81159
-4.5098
-3.40205
-2.2387
-4.65983
-3.41803
-2.53585
-1.66507
-3.48454
-3.46773
-0.691897
-0.450923
-1.07984
-1.1604
-3.90337
-2.62857
-1.26964
-0.632572
-3.15644
-3.45734
-5.45942
-2.55191
-4.50358
-4.92969
-3.88772
-3.10493
-1.63815
-4.23986
-4.67429
-4.62866
-2.45721
-0.391148
-1.73159
-0.627518
-4.73875
-1.63727
-3.23143
-3.70374
-3.55072
-3.55136
-4.32069
-3.7162
-1.03271
-1.8657
-4.7853
-5.46199
-3.49192
-5.02037
-2.29
-4.15191
-2.26059
-3.76958
-2.55737
-5.25701
-5.03812
-4.62821
-5.21775
-3.56775
-3.43754
-4.9584
-5.20424
-4.30342
-1.9181
-4.77674
-4.67937
-1.01467
-2.38586
-2.91986
-1.16047
-1.15428
-4.83928
-3.23762
-4.29627
-2.72938
-1.15842
-3.59063
-3.1215
-2.15573
-4.71028
-2.06788
-1.45994
-3.56638
-5.13036
-1.18076
-4.91723
-5.13962
-1.83217
-3.49742
-0.786547
-3.85545
-2.15008
-4.54643
-4.53178
-1.29024
-1.07875
-2.69567
-3.60479
-0.451711
-0.465003
-3.93494
-3.65908
-1.12756
-0.00286084
-1.94711
-1.68629
-3.50108
-0.67065
-4.45169
-1.59505
-4.7121
-0.897991
-1.99459
-1.37801
-3.43221
-2.10292
-4.73582
-0.529506
-2.70304
-3.42673
-0.72324
-3.6325
-3.4366
-0.320144
-4.25053
-4.69267
-3.55819
-1.20647
-2.78699
-4.67542
-3.06155
-1.91074
-4.65497
-1.99956
-5.57826
-3.48646
-5.4401
-1.09518
-4.54353
-3.63866
-4.78375
-4.98981
-1.04845
-4.52182
-4.04633
-3.77601
-1.82406
-3.65664
-3.59098
-1.69138
-0.971875
-1.27554
-5.64956
-1.70274
-4.7463
-4.4625
-4.82405
-1.96866
-3.60372
-4.80957
-3.48072
-2.26457
-4.15232
-2.82234
-0.750929
-1.2157
-4.18255
-4.09988
-3.46095
-1.1583
-4.35965
-1.72105
-2.34247
-4.70757
-1.68686
-4.6775
-4.20427
-1.44598
-4.02604
-1.17579
-1.85786
-3.49343
-3.42291
-3.3096
-4.64216
-3.7199
-4.17567
-4.46171
-4.56697
-3.47469
-2.48531
-3.95096
-3.46267
-4.90703
-3.66342
-2.51375
-3.99715
-4.02637
-0.0368378
-3.00033
-4.93125
-3.09873
-3.34053
-1.15491
-2.38427
-1.14181
-1.13251
-2.7248
-1.41078
-1.10408
-3.53707
-4.95313
-1.08968
-1.81198
-4.17478
-2.30591
-0.30258
-4.00293
-0.619863
-1.22674
-3.17781
-3.80497
-3.57667
-3.53458
-1.84931
-3.81431
-1.12524
-5.10447
-1.02818
-5.02447
-3.33322
-1.86253
-4.51772
-3.36898
-5.02415
-2.35677
-3.05092
-4.37962
-1.4562
-1.90019
-0.752612
-4.86833
-4.91974
-1.06901
-2.20129
-3.06289
-1.00135
-5.14279
-3.30223
-3.74592
-1.68761
-4.23638
-5.711
-4.79216
-3.55675
-3.34125
-3.34401
-2.51723
-3.24028
-0.488831
-4.51245
-3.92571
-2.8552
-3.21919
-4.78824
-3.15538
-2.23162
-1.96318
-1.27937
-3.38743
-4.68536
-3.49912
-1.86867
-1.86335
-2.14413
-2.56545
-0.475453
-3.28721
-3.29461
-2.4613
-5.52969
-3.09413
-3.56748
-1.0796
-1.19071
-3.70797
-5.19494
-1.61592
-1.12781
-1.61225
-3.60971
-4.20371
-0.395673
-3.46786
-1.216
-4.04185
-0.351848
-3.74014
-1.85876
-3.40943
-3.15201
-4.76908
-5.04594
-1.40598
-3.35696
-1.85542
-5.09349
-0.884498
-5.45644
-0.537291
-1.73901
-4.33823
-1.1247
-4.25058
-0.865259
-5.38149
-1.56364
-3.20298
-4.5699
-0.907501
-4.46212
-2.37043
-5.39767
-2.44604
-3.59247
-4.71898
-4.0652
-0.639911
-3.71468
-3.5122
-3.62065
-4.3987
-2.15015
-1.95606
-5.29728
-4.34937
-1.27145
-3.40267
-4.45257
-0.281257
-4.95596
-1.18009
-4.61592
-2.81514
-4.17845
-4.3288
-4.84605
-1.11018
-5.14419
-3.56303
-1.93183
-4.70084
-4.51332
-3.41936
-1.60341
-1.73968
-3.13152
-4.47777
-1.16306
-4.74189
-2.68547
-4.88696
-1.90368
-5.41117
-3.16464
-5.30937
-4.01903
-3.75116
-3.02591
-4.21743
-4.809
-1.57118
-5.80355
-4.6234
-2.08376
-4.70307
-2.94619
-2.87498
-4.34406
-3.19948
-6.18613
-1.09123
-2.542
-1.28686
-1.24116
-2.24863
-3.25921
-3.2241
-3.0193
-1.03436
-1.0671
-4.8192
-1.26332
-5.40552
-1.5911
-3.38531
-2.91663
-4.60494
-0.596503
-0.9285
-1.07157
-4.50717
-3.55313
-3.71397
-3.5427
-4.5389
-3.26081
-1.25969
-4.80949
-3.58608
-0.791942
-3.32471
-1.9
-1.07473
-5.195
-3.38015
-4.80072
-3.50198
-4.23815
-4.74458
-0.671625
-2.16558
-4.28314
-3.55774
-0.954393
-3.85767
-3.55892
-4.70242
-1.97645
-2.02055
-4.39271
-2.89067
-3.63935
-1.69878
-1.77902
-3.68786
-1.06993
-0.0213929
-0.91912
-2.16498
-4.14114
-3.29526
-4.74392
-3.54221
-3.80969
-3.4397
-5.51152
-5.14636
-6.03588
-1.27134
-5.19814
-3.37386
-5.33826
-2.039
-4.52387
-3.90575
-1.06863
-3.84036
-4.82174
-1.45256
-2.24452
-2.76834
-5.09203
-4.36426
-0.940538
-2.50838
-2.17884
-1.80965
-1.16237
-3.55524
-3.44867
-3.50385
-0.945566
-1.17978
-2.99811
-4.98823
-4.59984
-3.08393
-0.517738
-4.17512
-4.44814
-0.444161
-4.34193
-1.27093
-3.06763
-3.78574
-1.8655
-4.09186
-5.72613
-2.39815
-4.59161
-4.74658
-4.78184
-1.90208
-2.29015
-3.37566
-5.22834
-3.94639
-3.29998
-3.56354
-3.11137
-4.45851
-3.47184
-2.53927
-5.47237
-0.261948
-3.06362
-0.326144
-0.433718
-1.03461
-2.80152
-5.00416
-1.2421
-0.495985
-5.06835
-1.6375
-4.45366
-3.46765
-1.22419
-4.41252
-4.92605
-1.75583
-3.37731
-2.21566
-1.88343
-2.41043
-4.72551
-0.934769
-4.03293
-1.24038
-0.58233
-3.29411
-3.40108
-4.68051
-4.62854
-0.703312
-1.12149
-3.57029
-4.70385
-1.14316
-0.163001
-1.77411
-4.25918
-4.3715
-1.89723
-2.71507
-1.19451
-5.19804
-1.82537
-2.27237
-3.64644
-4.85696
-1.23572
-3.53974
-0.963932
-5.44875
-1.61934
-6.01128
-5.65012
-4.31542
-1.08968
-3.1019
-2.52661
-1.86234
-3.25433
-5.20836
-1.2241
-2.31884
-3.56212
-5.07259
-3.65499
-1.21055
-5.02528
-3.39924
-1.75315
-4.63898
-4.6597
-3.50147
-1.07131
-3.58202
-4.36691
-2.22236
-1.82763
-4.97329
-2.31701
-5.72306
-2.13775
-2.18524
-1.18228
-4.50386
-2.18658
-3.63618
-5.20316
-1.63053
-3.59953
-3.45428
-4.37523
-3.21702
-0.918064
-1.71279
-1.02168
-0.836923
-4.56653
-1.13929
-2.22727
-0.523902
-1.62082
-4.89066
-3.97806
-4.37866
-1.08559
-2.54023
-1.52107
0.0169241
-0.983709
-3.4309
-3.1071
-3.54281
-5.12736
-2.19001
-1.14717
-2.00983
-1.17787
-4.01835
-4.66985
-3.47458
-5.66585
-3.32296
-1.06897
-2.89406
-4.94044
-4.5786
-3.55634
-1.59223
-2.51674
-1.45802
-5.14948
-2.52064
-4.90807
-1.29071
-1.09929
-4.92958
-3.50623
-5.22592
-0.110095
-1.18773
-1.00833
-1.00378
-3.2316
-1.19121
-3.86158
-1.0258
-4.37812
-2.35796
-2.75666
-3.19954
-1.17606
-5.6035
-1.42005
-4.95198
-4.83742
0.00361731
-4.62523
-3.39063
-0.613776
-4.7344
-2.18572
-1.97278
-3.20721
-4.68357
-4.23618
-5.73122
-5.23377
-4.19808
-4.10807
-3.4278
-2.01076
-4.37299
-3.28071
-3.52814
-3.91723
-2.81407
-4.73248
-4.74514
-2.68451
-2.09944
-1.20578
-0.781934
-4.73966
-2.06135
-1.96465
-0.934088
-2.59698
-1.70975
-1.19852
-1.644
-2.47281
-1.35232
-0.360076
-4.42189
-1.43915
-3.50111
-4.38552
-3.42875
-2.48097
-0.443799
-4.19949
-2.0883
-3.47966
-1.14348
-3.17747
-2.52566
-3.15749
-5.53218
-4.19321
-4.14931
-2.48651
-5.80336
-2.03479
-3.72848
-2.27678
-0.833079
-1.038
-3.86818
-4.25867
-1.03783
-3.63692
-4.04092
-2.14444
-4.74467
-0.961772
-3.46739
-2.47906
-3.58233
-0.677571
-3.52572
-2.28424
-3.62076
-5.3739
-3.37989
-5.08444
-4.49781
-3.38019
-3.9157
-3.57029
-2.46328
-0.312249
-0.299016
-5.00151
-1.58739
-3.12549
-2.03506
-1.19147
-2.143
-0.360439
-2.64538
-3.52519
-3.67358
-5.58891
-2.12937
-1.60434
-4.70786
-4.97097
-1.13239
-1.17172
-1.00473
-2.48841
-4.7172
-1.06949
-0.36001
-0.795024
-2.09749
-1.77672
-3.50439
-2.44359
-3.47477
-1.89345
-1.93057
-0.483479
-2.12784
-3.53716
-3.74325
-4.73095
-5.49013
-2.22667
-1.64567
-3.5625
-0.993793
-3.56578
-1.07785
-3.38904
-4.2597
-1.12932
-5.03973
-5.49497
-2.15493
-2.48409
-1.10753
-4.00108
-1.66915
-4.23819
-1.83811
-3.2359
-1.09718
-0.240189
-5.23941
-1.15147
-3.38335
-4.43144
-3.58284
-5.69731
-5.13066
-5.24917
-2.08969
-3.00838
-5.26397
-5.17635
-0.349761
-3.45752
-0.609047
-3.15512
-2.4904
-1.17203
-4.06851
-2.35417
-4.28066
-4.21198
-1.11148
-3.35963
-3.4645
-2.4783
-1.09262
-4.87115
-5.43474
-3.80849
-2.09164
-1.18561
-4.83087
-1.02259
-1.15373
-2.42137
-1.12547
-4.81094
-3.09678
-5.13003
-2.33707
-5.45727
-5.27231
-3.40121
-1.67239
-3.11451
-4.86441
-0.927198
-3.56343
-1.89464
-4.50669
-4.73875
-4.20372
-5.43045
-4.42864
-5.42022
-1.88207
-2.26692
-2.17899
-2.07046
-3.80863
-3.51378
-1.84448
-1.48306
-4.11853
-2.1093
-4.86263
-3.22282
-3.72456
-0.788915
-3.15897
-4.36756
-4.53013
-3.57159
-4.71609
-0.997574
-4.67612
-0.825091
-1.78099
-0.467582
-2.51447
-5.05512
-1.36126
-4.04594
-1.27845
-3.06931
-1.85349
-4.40572
-1.28194
-3.06175
-2.62791
-1.12753
-2.992
-3.75661
-2.506
-5.15803
-3.62152
-4.17447
-1.39773
-4.5577
-2.10871
-3.54069
-2.60872
-4.45907
-4.57658
-4.71462
-4.42671
-2.09911
-0.744913
-4.95778
-6.10135
-5.1154
-0.88137
-5.76107
-5.20839
-4.38646
-3.15532
-2.7764
-1.03253
-3.80971
-0.927531
-0.499766
-4.74394
-5.76209
-3.07841
-5.20425
-1.72053
-4.82898
-3.50469
-4.72385
-2.19794
-4.82274
-1.19408
-2.26687
-4.36672
-1.04832
-3.56352
-2.51706
-3.93513
-2.72869
-2.93793
-5.23751
-3.60018
-3.1302
-4.92956
-4.39969
-1.91236
-1.82265
-1.06294
-1.16542
-1.12922
-3.51349
-0.721582
-4.25631
-4.36957
-1.15732
-0.996331
-1.81845
-1.97117
-4.56737
-5.66898
-4.63602
-1.48577
-3.63457
-5.0684
-4.62905
-0.980662
-1.95935
-1.12678
-3.38761
-3.72263
-1.69332
-2.20764
-3.98922
-3.55017
-1.1269
-2.13046
-3.86809
-3.29914
-1.87457
-3.0866
-3.55723
-4.01187
-3.58765
-1.57991
-4.13451
-2.52215
-4.70261
-1.68001
-3.5316
-3.75366
-1.18236
-2.4423
-4.94001
-3.01821
-0.574388
-1.18198
-3.61078
-0.83317
-2.63692
-2.55802
-1.1371
-2.49755
-4.29484
-2.41452
-3.01724
-0.326582
-5.93914
-5.03822
-3.22527
-3.45377
-0.0239144
-2.07023
-2.78199
-3.26697
-3.09889
-0.216788
-3.11731
-1.12719
-2.26499
-1.01526
-2.70559
-1.38139
-4.70293
-3.47071
-1.8117
-1.96327
-5.17668
-4.0804
-1.11453
-2.96206
-0.714473
-0.624839
-1.12034
-3.44535
-3.6145
-1.45292
-3.66277
-4.61381
-3.47673
-4.62115
-1.19371
-1.96253
-4.00246
-4.09889
-2.90711
-0.941517
-1.52946
-5.58335
-0.719444
-2.8065
-1.13449
-3.95545
-3.55109
-2.46325
-1.16128
-3.53985
-2.51736
-3.80754
-2.12228
-3.41926
-1.21492
-5.01267
-3.01337
-1.95918
-1.35442
-3.60084
-3.31142
-3.562
-2.64627
-2.0273
-1.83476
-4.66717
-4.45588
-4.66606
-3.45163
-1.25211
-4.09217
-0.163765
-1.23347
-1.34432
-1.05771
-4.74104
-1.23926
-3.68543
-0.104361
-2.00489
-3.88729
-1.12186
-1.66495
-4.95842
-3.38152
-0.017356
-3.1716
-0.771011
-0.964504
-4.68062
-5.51954
-4.16817
-2.35744
-4.9325
-3.99066
-3.8328
-3.33627
-5.26813
-2.54424
-1.86209
-2.41459
-4.76075
-2.45534
-4.80839
-3.46282
-5.57074
-3.37596
-3.52772
-2.4828
-1.29623
-5.04928
-3.47822
-3.50269
-1.25657
-1.02008
-3.40148
-5.05274
-3.48599
-3.81454
-3.79395
-0.489599
-4.19617
-4.7107
-1.06403
-5.82001
-0.837981
-1.49075
-3.49863
-3.21618
-5.93447
-3.11578
-4.73226
-5.18377
-1.20716
-4.83215
-5.25864
-4.30946
-3.5844
-0.424453
-1.15805
-0.303477
-4.53222
-4.55418
-4.32216
-5.20075
-1.31516
-5.04154
-2.37679
-4.21246
-3.90464
-0.399631
-4.35561
-4.7591
-4.89727
-0.83347
-5.11414
-5.59922
-1.906
-4.93165
-0.0820962
-1.02194
-3.17328
-1.52787
-3.94961
-4.82937
-5.18444
-3.4992
-4.35056
-3.49161
-2.72938
-2.61863
-2.8794
-4.94648
-1.94426
-3.14647
-2.52084
-1.74475
-0.50793
0.00590208
-3.15807
-0.00260592
-1.18783
-3.15947
-1.06616
-1.95742
-0.960773
-2.89763
-2.60755
-2.6956
-1.79281
-2.80425
-4.29009
-3.59108
-0.605829
-0.829055
-3.31901
-1.92767
-0.851289
-4.68413
-1.50985
-5.05315
-0.941584
-3.1737
-4.61682
-3.05684
-1.22921
-1.12669
-1.23252
-3.79715
-4.72408
-1.59939
-3.47755
-2.2443
-5.16132
-4.95951
-1.99728
-4.24545
-0.595898
-0.524644
-3.58092
-1.6258
-3.86307
-1.53628
-5.46564
-4.92556
-0.994486
-1.64565
-5.11808
-1.1722
-1.20263
-1.11997
-4.7687
-2.78603
-1.04241
-4.76306
-3.38767
-1.81504
-4.68922
-1.24093
-2.25095
-0.381892
-0.797502
-3.19562
-3.54244
-3.59245
-3.26068
-0.502431
-2.506
-1.96679
-2.87022
-3.75903
-1.72484
-4.65163
-0.351299
-1.18781
-0.760519
-4.02724
-1.89814
-1.1546
-1.18179
-3.48392
-0.378756
-4.39166
-5.4418
-1.15481
-1.05713
-0.808821
-1.81488
-1.16502
-3.48073
-4.22095
-2.86003
-4.43915
-3.26636
-2.99258
-3.49632
-4.16794
-2.5855
-4.59261
-4.46189
-1.98952
-5.36494
-4.89164
-4.21992
-1.39906
-3.56737
-6.14038
-1.06288
-5.22466
-5.65029
-0.616359
-2.30326
-3.57132
-4.74624
-2.46807
-5.15695
-0.207292
-1.02948
-3.47584
-4.72115
-1.11592
-4.22039
-1.55752
-5.26401
-1.56031
-2.45786
-0.422844
-1.10194
-2.04104
-5.41763
-1.97172
-3.19576
-3.28458
-1.20131
-4.72772
-1.30104
-0.917927
-3.15984
-3.24245
-4.57532
-0.888504
-5.00159
-2.68156
-1.83567
-4.23356
-1.66994
-1.21482
-0.765117
-1.20047
-5.21836
-1.5873
-4.71922
-1.80847
-4.9849
-2.89393
-0.842892
-2.22717
-4.6566
-1.01664
-2.87849
-2.92142
-1.83895
-4.20598
-1.88779
-2.05806
-0.762129
-4.12316
-1.8281
-1.83698
-0.154453
-3.91158
-4.72246
-5.10057
-0.287874
-4.39859
-3.44022
-0.74737
-4.59997
-3.6137
-2.29395
-1.15605
-1.0063
-4.5648
-2.46571
-0.612199
-4.75586
-5.35089
-2.14031
-2.84465
-2.17926
-3.75498
-2.92833
-2.75631
-0.368113
-4.34357
-0.212988
-3.02896
-4.67761
-2.35193
-1.19979
-3.4907
-1.61663
-3.08397
-3.53527
-4.80265
-4.46928
-3.32094
-4.46295
-5.77215
-5.20593
-5.03828
-1.00623
-3.59396
-3.62498
-1.26045
-2.32102
-2.05645
-0.184454
-3.14288
-4.74147
-3.55316
-2.27219
-4.60659
-0.612099
-2.28487
-5.69156
-3.44798
-2.20693
-3.33008
-4.71288
-3.94429
-1.55144
-0.58949
-3.21556
-4.73784
-1.25363
-5.01078
-1.0448
-1.05356
-3.31609
-6.15831
-2.63943
-1.69652
-4.63261
-1.8531
-0.525452
-2.77745
-1.12827
-2.9089
-2.02319
-4.48696
-1.62098
-5.45399
-1.17891
-2.47548
-2.25067
-1.86891
-3.92477
-1.16003
-3.11546
-1.83033
-2.63323
-1.19169
-1.45125
-3.29719
-1.12914
-0.634545
-3.74099
-0.321139
-1.16193
-1.20775
-0.438679
-1.15372
-4.06254
-1.15682
-4.50069
-1.7662
-4.86334
-5.48329
-4.29
-3.50673
-1.12264
-3.38171
-0.926637
-1.79873
-3.92909
-4.64828
-1.7202
-1.49478
-1.7699
-2.63438
-0.539397
-1.34096
-2.98057
-5.23271
-1.346
-1.96529
-1.67363
-2.49686
-4.66386
-1.72199
-1.95569
-4.85344
-2.44589
-6.07769
-2.62411
-1.07156
-4.88159
-3.5813
-2.0244
-2.23623
-1.18436
-0.980403
-1.27551
-0.311549
-3.50578
-3.43749
-1.26465
-2.5988
-0.410766
-2.44463
-3.8681
-5.29521
-3.81105
-1.86287
-5.35667
-1.15649
-3.36171
-6.04057
-1.87373
-2.90673
-3.348
-2.06716
-3.28576
-4.55728
-4.34262
-0.635304
-2.51033
-3.19403
-0.633948
-3.3892
-1.66683
-0.408742
-2.71605
-3.26715
-1.12947
-0.84796
-3.79896
-0.551193
-4.02556
-4.49151
-4.18804
-2.00751
-1.1402
-1.33288
-2.76139
-4.75417
-4.36466
-4.24089
-4.95326
-1.94826
-4.79118
-4.73162
-2.9245
-2.46662
-3.59342
-2.9198
-1.15196
-3.18537
-1.22797
-4.74943
-4.8082
-1.88426
-4.69134
-4.86124
-0.461794
-3.59197
-3.10411
-3.31247
-2.30955
-4.22328
-3.54811
-4.78902
-1.37167
-1.78794
-2.56546
-4.71071
-2.7858
-3.4071
-1.95691
-1.28483
-5.14627
-4.44623
-0.841106
-4.23671
-4.97347
-2.00843
-2.44072
-5.66774
-4.15446
-4.87621
-4.19259
-1.97712
-4.97903
-5.1337
-4.92825
-1.68861
-4.05859
-2.66714
-0.911746
-4.7829
-2.4456
-2.50652
-3.60414
-3.24815
-5.5756
-5.71087
-3.76926
-3.73824
-3.39012
-0.558149
-0.600757
-4.73408
-3.58979
-2.1485
-4.76415
-3.04835
-2.75949
-0.584998
-3.08407
-2.45906
-5.37064
-2.6084
-4.48452
-2.64214
-1.3529
-1.12625
-3.52808
-3.26381
-2.77953
-1.77626
-1.9779
-0.919867
-4.56714
-1.79764
-5.73565
-2.87934
-1.26112
-2.31111
-2.51825
-2.63635
-3.85998
-4.69583
-0.131068
-1.72903
-4.115
-5.69811
-1.56221
-4.07974
-2.7883
-2.62177
-2.6228
-4.37258
-1.47452
-0.815576
-2.64161
-4.75844
-2.29033
-5.21457
-2.88605
-1.17791
-4.73361
-3.17322
-0.576723
-0.976992
-0.619425
-0.496934
-4.75447
-3.38704
-4.67213
-4.69113
-3.4797
-3.77138
-0.00773442
-1.38994
-5.13705
-4.11557
-3.98774
-1.17362
-2.4458
-5.00394
-3.91137
-3.77212
-4.35648
-1.3822
-1.77668
-4.06228
-2.3128
-3.82904
-3.64655
-0.973441
-4.71427
-1.20699
-4.13944
-4.36694
-4.34445
-3.57755
-0.717505
-4.72831
-4.62218
-4.13687
-3.38454
-3.63111
-3.01937
-2.50703
-0.444616
-5.71241
-3.3099
-3.82844
-1.08663
-1.7853
-2.43591
-1.10988
-4.65268
-4.13629
-3.50862
-3.89411
-1.81015
-2.05538
-1.4148
-4.82932
-4.66369
-1.11309
-5.24232
-3.4916
-5.2748
-4.68743
-1.32465
-3.26361
-1.29127
-2.73387
-4.04636
-4.29274
-4.4024
-3.40868
-4.84682
-1.35601
-3.81446
-4.38375
-3.25355
-0.518395
-5.16832
-3.83467
-0.496085
-4.40092
-1.12074
-3.87319
-0.84108
-2.02212
-3.09038
-5.11477
-6.19767
-3.45959
-2.79306
-4.93743
-2.87551
-3.39513
-1.59119
-1.19078
-3.76522
-1.25838
-1.13145
-3.59285
-4.94518
-3.51591
-2.20522
-3.62838
-4.35599
-1.79419
-3.36359
-2.3847
-3.4344
-4.15769
-1.19405
-4.27014
-4.20938
-5.30141
-1.39235
-4.71689
-4.69497
-4.87558
-0.464626
-3.67059
-0.349322
-3.46744
-0.676834
-3.52439
-4.46287
-3.63228
-1.83198
-1.14786
-3.17348
-2.89181
-3.33183
-3.40946
-0.650838
-1.06048
-3.27755
-3.70524
-2.02888
-2.57526
-5.29096
-1.46226
-2.37164
-1.34075
-1.76855
-0.651352
-5.07536
-2.22381
-1.3623
-2.50789
-4.79704
-4.337
-0.456936
-0.975431
-0.957646
-4.70974
-2.76411
-4.69964
-5.18898
-4.5419
-3.46246
-2.85779
-3.40991
-1.13007
-4.29302
-4.8897
-4.55285
-4.74042
-1.34937
-4.63892
-1.54719
-3.48311
-0.524641
-0.630131
-3.11792
-4.31995
-5.72574
-0.385176
-1.13303
-1.84217
-0.861852
-4.39236
-4.37239
-1.54478
-4.71028
-3.18769
-3.28581
-2.04122
-2.15022
-3.3406
-0.853571
-3.54435
-1.22216
-4.42696
-2.37327
-5.71486
-4.24387
-3.96639
-0.618627
-1.76475
-1.31822
-4.96415
-2.62005
-1.84433
-4.5464
-3.7115
-1.3654
-3.209
-2.38145
-0.856492
-2.61405
-0.524689
-5.57614
-2.40809
-1.30072
-3.59337
-1.88624
-4.50935
-4.38135
-4.49565
-1.11925
-4.68033
-1.0295
-3.07715
-4.89705
-3.58032
-1.88633
-2.40301
-1.81608
-3.49543
-4.96011
-2.06546
-4.68295
-4.8803
-4.09681
-5.26977
-4.31795
-3.57296
-4.2793
-1.87388
-4.39593
-0.930128
-4.47984
-0.614831
-2.53815
-4.68871
-3.50996
-4.677
-3.73567
-1.24938
-1.0166
-2.5643
-1.04785
-3.50122
-2.49689
-4.88496
-3.84113
-1.4977
-2.6188
-4.65882
-2.37977
-3.49137
-2.75522
-2.26305
-3.48367
-2.30334
-1.07333
-2.07733
-4.20163
-3.53099
-1.20771
-1.05127
-4.51035
-1.34911
-2.46143
-3.50467
-2.83907
-2.9491
-0.774214
-0.367606
-3.48115
-3.40551
-4.0474
-1.73553
-2.60674
-3.28099
-3.63218
-5.10952
-5.36392
-3.54758
-3.11093
-4.04402
-1.90031
-2.73271
-4.7863
-1.59691
-4.80236
-1.84299
-2.64095
-2.63396
-2.42274
-3.82836
-0.978724
-2.50189
-1.8427
-2.79658
-3.43904
-3.48393
-2.13988
-1.14379
-1.80986
-1.13752
-3.42763
-1.92248
-3.25158
-4.44746
-1.24184
-4.16656
-0.65205
-4.21246
-3.63875
-1.21265
-3.66108
-1.13036
-5.1928
-1.8178
-3.62378
-1.09928
-1.81883
-4.79485
-2.45336
-1.80007
-1.50012
-4.65672
-4.10961
-1.04585
-4.64831
-1.01408
-5.22121
-2.47025
-0.945814
-4.2585
-3.27028
-3.21954
-3.26496
-2.35421
-0.536841
-3.357
-0.830857
-3.1176
-4.70225
-0.844336
-4.2641
-4.34822
-4.3333
-4.59033
-0.979381
-1.66585
-1.18819
-3.66333
-1.00016
-1.77354
-1.19352
-5.10667
-0.958252
-4.65809
-1.94298
-3.62975
-1.84623
-2.78617
-3.52163
-1.25587
-3.32666
-4.85457
-1.26623
-1.64467
-5.04848
-4.56207
-0.273426
-2.91122
-3.24081
-1.78065
-1.63711
-3.49852
-3.91932
-1.24736
-1.15335
-5.23405
-0.524522
-1.79939
-1.15971
-1.22259
-1.113
-2.486
-4.6854
-1.48228
-4.42927
-1.73463
-0.141967
-1.07661
-5.13564
-2.38726
-4.15507
-0.487355
-3.98535
-3.38471
-1.65825
-4.76045
-4.50217
-4.481
-0.513189
-3.32827
-1.07061
-4.8422
-1.86192
-0.933687
-1.18606
-4.58411
-3.46111
-0.694807
-0.154637
-3.99277
-5.01768
-2.8714
-2.94433
-1.84251
-4.93315
-3.7321
-4.82551
-4.53791
-2.09744
-1.24519
-4.98781
-3.29393
-0.713378
-3.37987
-3.56131
-4.70977
-2.14835
-1.0786
-6.09759
-3.76194
-4.58893
-5.6835
-1.38153
-2.4063
-4.56216
-5.21415
-0.215244
-1.43453
-3.54596
-2.37792
-0.611767
-3.54129
-3.29576
-4.61572
-1.03209
-3.33642
-2.82633
-2.13149
-0.628526
-4.00935
-5.0237
-3.92304
-3.37563
-6.18239
-4.81114
-3.88
-1.56175
-5.45612
-4.55599
-4.97142
-3.95988
-4.97058
-1.49181
-1.19643
-2.47489
-2.43228
-5.1518
-0.822421
-2.51928
-4.73144
-1.1302
-4.85367
-3.04823
-3.18423
-5.18281
-2.45402
-2.65402
-5.06497
-0.926141
-5.98033
-2.14873
-3.27417
-3.9247
-0.799689
-3.99393
-1.78149
-2.87089
-3.75621
-3.91721
-3.57002
-5.28648
-2.4035
-2.3772
-1.15836
-2.21065
-4.52102
-0.313047
-1.19569
-1.05221
-4.7017
-1.92665
-3.03772
-4.68613
-5.20555
-0.201279
-4.87793
-3.81411
-1.1351
-2.87504
-4.42273
-1.74926
-1.09762
-3.42201
-5.02323
-5.03306
-5.34301
-1.4502
-4.13346
-5.02618
-5.38692
-3.52611
-4.66336
-0.746662
-1.02949
-1.66573
-5.22341
-2.72847
-3.12372
-3.79197
-4.44694
-4.39423
-1.76927
-0.349069
-1.22883
-4.6247
-4.53128
-3.09602
-3.31137
-1.1237
-2.58112
-0.584834
-0.447555
-5.593
-4.69378
-4.0832
-2.52417
-1.0901
-3.44751
-3.10474
-1.09862
-2.49929
-5.18747
-4.99801
-1.62795
-3.67343
-1.03255
-4.73939
-3.41068
-1.14731
-2.76681
-0.874089
-3.44877
-5.26901
-1.08742
-3.47918
-5.4004
-3.09703
-0.407506
-1.39987
-0.682255
-2.97753
-3.96377
-0.0944905
-1.03478
-2.44383
-4.1171
-4.59857
-5.79712
-1.55363
-3.46051
-0.628389
-4.69338
-4.67865
-2.53733
-3.48818
-3.16337
-0.633658
-1.32165
-2.54485
-4.76308
-3.23725
-2.26628
-4.66832
-0.65955
-2.10675
-3.49021
-5.44813
-2.89742
-3.08684
-4.29068
-2.61084
-4.7048
-4.24961
-2.57575
-3.17724
-5.20261
-2.74033
-1.77971
-1.05728
-3.34038
-0.553249
-4.8898
-3.37455
-4.69974
-2.07142
-4.53803
-5.01352
-3.30185
-2.84888
-5.2074
-1.2042
-2.80674
-5.00707
-1.11
-1.13439
-0.90909
-4.001
-2.26419
-1.06604
-3.19521
-4.49798
-3.6513
-4.31728
-0.929979
-0.677827
-0.44184
-4.88455
-4.37271
-1.75212
-4.72738
-3.57099
-4.10142
-2.37704
-4.0807
-4.80087
-3.50164
-0.594376
-4.54705
-2.38091
-2.40586
-1.33208
-4.73325
-5.39188
-5.14387
-3.57247
-3.87707
-4.08174
-1.07541
-3.47696
-0.452331
-4.6468
-2.39421
-5.54655
-1.82214
-3.93191
-3.1403
-0.339959
-4.11734
-1.00338
-2.71719
-1.58234
-1.768
-2.31756
-4.87741
-5.28426
-0.11017
-3.30562
-5.73485
-5.68976
-1.85847
-1.86453
-4.69218
-5.08127
-2.48755
-1.07659
-1.13443
-3.45983
-4.70024
-2.31631
-1.03298
-5.2318
-1.06533
-5.30353
-2.45201
-0.863414
-4.85649
-3.36533
-3.35809
-3.28717
-1.29596
-3.16882
-1.1433
-2.58238
-2.73652
-3.07113
-4.34889
-1.07276
-0.451551
-1.39905
-1.13179
-3.10874
-3.38136
-0.669383
-1.36549
-5.25566
-2.59121
-2.86615
-1.17283
-2.89949
-3.44109
-3.22232
-5.33301
-2.0877
-4.12105
-4.39735
-2.54005
-4.8361
-0.25856
-1.24445
-1.21728
-2.69867
-5.6655
-2.1974
-4.33822
-2.57148
-1.14504
-3.49244
-4.70295
-1.07029
-5.01844
-1.69153
-2.11893
-3.38365
-4.37664
-5.03228
-4.2371
-1.3118
-2.87521
-2.53207
-1.00872
-2.83809
-0.581858
-1.094
-5.0787
-3.01289
-4.74234
-0.143777
-3.6216
-1.72693
-2.34831
-2.79127
-1.28667
-1.14197
-3.45187
-4.94077
-4.34666
-3.22015
-2.42104
-4.33221
-1.03316
-0.247135
-3.5601
-1.19342
-2.86963
-1.69219
-3.44591
-3.54071
-0.115914
-0.4999
-4.61765
-3.34548
-2.19177
-4.86079
-4.68285
-0.381666
-3.88599
-0.632925
-2.10141
-0.0815117
-5.87033
-4.65212
-1.88463
-1.11877
-5.72222
-0.540971
-2.53081
-3.49372
-5.02108
-0.810958
-3.63261
-3.94063
-3.67401
-4.52503
-4.88822
-0.988652
-2.97708
-1.90442
-4.40006
-1.58606
-4.96012
-4.78807
-2.46049
-2.36816
-4.74245
-1.7781
-1.98372
-3.17246
-3.31666
-2.48133
-4.33664
-3.35916
-2.96922
-2.13709
-3.29535
-1.28366
-1.91381
-1.89631
-0.600922
-3.01871
-3.36512
-3.587
-4.71327
-3.62412
-5.02237
-4.91527
-3.37055
-2.66446
-4.63318
-2.1656
-3.27291
-4.65744
-4.91906
-2.08046
-1.07263
-3.28799
-2.53737
-3.41347
-2.13645
-4.9037
-1.42966
-3.58388
-4.11196
-5.19841
-2.94186
-4.92845
-3.45091
-1.66075
-2.59341
-5.57015
-3.51195
-5.21774
-4.24867
-4.28081
-0.39469
-1.06554
-4.94621
-3.22515
-3.22918
-2.61269
-2.95734
-2.562
-3.42621
-4.06048
-4.66198
-0.536532
-1.33555
-1.76756
-3.43706
-5.01149
-3.61361
-3.14857
-2.06862
-4.75283
-4.96937
-4.6908
-1.56351
-3.18591
-5.0473
-3.60369
-5.10947
-3.55158
-4.38593
-1.24122
-3.24143
-2.79257
-5.03649
-1.09389
-4.81571
-3.03604
-0.328189
-1.96478
-5.06699
-0.32307
-4.56672
-3.18603
-0.91195
-4.79786
-1.04381
-4.85951
-2.19785
-3.21526
-1.45103
-1.3513
-5.7562
-5.71062
-3.11071
-3.98599
-3.63966
-1.14545
-1.66576
-4.404
-3.3307
-5.19083
-3.41368
-4.82991
-1.03357
-2.34771
-4.38256
-4.6878
-2.33663
-0.374495
-3.2502
-1.14964
-0.962604
-2.27979
-4.31691
-4.02074
-4.30085
-0.984866
-3.59516
-5.34044
-1.83942
-1.38484
-0.5306
-4.01007
-1.40835
-4.67472
-4.10885
-0.776687
-3.14941
-1.36239
-1.12324
-3.49784
-3.22364
-5.69898
-3.30461
-3.54835
-5.3493
-4.27068
-4.99147
-2.30086
-4.8182
-4.3286
-2.63387
-5.14188
-5.0243
-0.940488
-3.40479
-3.06349
-0.856428
-4.64627
-2.2604
-4.43207
-2.19146
-5.16518
-4.83255
-0.0616378
-0.926883
-1.12602
-3.91686
-1.17706
-4.74228
-5.73946
-2.04581
-3.55198
-3.38571
-1.20033
-3.48705
-4.73663
-5.31818
-3.31616
-3.99382
-1.57748
-2.96541
-2.77447
-1.65812
-1.32294
-3.86697
-2.12938
-5.37818
-1.39955
-1.49207
-4.82485
-4.98736
-4.718
-3.1679
-1.80969
-3.61635
-4.76177
-1.20412
-4.80714
-3.08541
-2.82795
-0.820537
-1.83124
-1.10722
-3.25281
-5.64118
-2.75171
-5.20422
-0.387931
-1.35887
-1.63627
-3.64743
-4.47049
-1.07781
-1.79325
-0.737068
-1.06928
-5.10451
-5.36142
-3.4403
-2.14116
-0.369072
-3.45919
-3.45667
-4.94679
-1.07451
-4.73322
-4.14802
-2.89754
-1.14051
-3.4284
-0.932987
-2.55274
-4.68004
-4.04424
-4.29818
-1.17452
-3.31171
-4.6407
-1.94205
-1.74648
-3.44798
-5.06823
-3.12297
-2.75836
-0.564363
-4.77095
-4.6588
-3.523
-3.4418
-0.354906
-3.21255
-4.77345
-1.84144
-4.08134
-5.13672
-5.55821
-5.25573
-4.83297
-2.07083
-3.99559
-1.0538
-4.56054
-3.12899
-3.61867
-1.19012
-2.25654
-3.48376
-5.06659
-1.75509
-0.5738
-4.63615
-3.36282
-4.32881
-4.74258
-3.2046
-5.68723
-1.10405
-4.791
-0.00797191
-3.336
-1.54732
-1.12462
-4.26158
-0.864084
-1.62549
-1.09929
-3.53752
-4.66266
-4.49294
-4.91943
-5.00922
-6.10328
-3.17751
-5.2505
-2.74362
-1.50045
-4.7972
-0.878891
-4.35852
-0.787489
-3.67956
-1.94295
-5.04103
-1.05715
-4.97253
-4.4192
-1.16335
-1.80111
-1.86727
-4.28569
-2.88075
-5.77
-4.81952
-3.13796
-5.06567
-1.16785
-4.71341
-2.42747
-4.87142
-3.52695
-6.15079
-3.23713
-5.03589
-0.931057
-3.16196
-3.98481
-1.61736
-2.14253
-1.40006
-4.42739
-1.08005
-1.00237
-5.44572
-1.38876
-4.85653
-2.46826
-5.19399
-1.54984
-2.35212
-4.27174
-6.0501
-1.32889
-0.618277
-2.73888
-2.53521
-1.07587
-3.00748
-6.11244
-1.78466
-5.59446
-0.885065
-5.78848
-1.40315
-4.10646
-3.58663
-3.18343
-5.85233
-5.39032
-4.14973
-3.56065
-4.74199
-3.21427
-5.18723
-4.15128
-2.72558
-1.41575
-1.37578
-4.78538
-1.07703
-1.78409
-4.5193
-1.72685
-2.35455
-5.34781
-4.74637
-4.96458
-2.9426
-4.67524
-4.57449
-4.83472
-1.92391
-4.75004
-5.28086
-1.1806
-2.44835
-4.5506
-4.88096
-5.24881
-3.10595
-5.39084
-0.937983
-4.8975
-0.599651
-5.02031
-0.952915
-3.29643
-4.32481
-2.91896
-4.83426
-2.24344
-3.12035
-2.61676
-3.21324
-1.22055
-1.11636
-1.15386
-4.16546
-3.99014
-1.67776
-1.61797
-0.75706
-5.11653
-3.19566
-3.24894
-1.13273
-0.511592
-4.41746
-2.8427
-1.48952
-1.12943
-4.99568
-4.60728
-5.48637
-0.0397208
-0.59536
-5.70128
-5.38031
-4.23741
-4.80997
-3.99893
-2.5009
-5.11633
-1.18546
-0.477557
-1.79252
-4.13824
-3.19746
-4.60369
-1.7315
-2.25399
-2.25764
-2.30125
-0.0102843
-1.92746
-5.60017
-1.7636
-1.73276
-0.506869
-1.19373
-3.33234
-1.99354
-3.16345
-1.58031
-3.41242
-1.8591
-1.1919
-3.52839
-2.88746
-2.50593
-1.25033
-5.0288
-0.782108
-2.91353
-0.600828
-5.67687
-1.10743
-3.50817
-4.6992
-5.3129
-0.935063
-3.34217
-2.5257
-0.287643
-2.00318
-3.19548
-3.89559
-4.83903
-0.844041
-5.24947
-4.56405
-2.64136
-4.61538
-3.5017
-5.04332
-5.40543
-5.39379
-1.00486
-3.67733
-1.24074
-4.73424
-3.31276
-2.46214
-3.47697
-1.9502
-4.23586
-1.16068
-1.03302
-3.50557
-1.17243
-2.14123
-0.802356
-3.62782
-0.998275
-3.57591
-4.47424
-4.9514
-3.50563
-1.15586
-0.951741
-2.68373
-3.4291
-3.18059
-4.73518
-2.0405
-5.04433
-4.03379
-1.80771
-0.852581
-1.8043
-5.10538
-4.30787
-4.7393
-3.19447
-0.479488
-5.91169
-3.78558
-0.567885
-3.90905
-3.33352
-3.36735
-4.77548
-2.40121
-1.91636
-0.688511
-1.50864
-1.09436
-3.81214
-3.41185
-4.81019
-3.45935
-3.5498
-3.63757
-4.42255
-2.64947
-5.04902
-5.18426
-1.911
-4.19877
-0.446593
-2.23572
-3.36974
-4.72652
-1.01978
-3.95286
-3.95637
-5.76105
-1.75393
-1.79881
-0.549587
-3.79666
-2.92518
-1.33847
-4.48533
-5.2318
-0.446577
-0.753951
-2.84534
-4.55566
-0.404303
-0.0144933
-3.83439
-4.68414
-0.640291
-4.97302
-0.510857
-4.8656
-3.45673
-4.40244
-2.32233
-4.08156
-3.67577
-5.51065
-4.38792
-1.83079
-1.43012
-4.84634
-3.32508
-4.38366
-4.49186
-2.92572
-1.13554
-3.5152
-0.545508
-1.17881
-0.349249
-0.0399209
-5.01818
-3.91022
-0.553158
-1.19634
-5.47655
-0.85066
-1.85081
-1.18222
-3.48385
-0.907952
-4.36059
-4.35814
-3.86418
-3.78695
-5.6549
-2.27617
-3.45443
-2.81965
-5.67138
-1.20411
-3.58392
-1.71266
-1.61825
-1.03114
-4.9279
-4.57615
-4.37907
-0.797599
-2.10683
-2.08949
-0.446886
-3.48275
-5.27148
-1.96645
-2.48802
-4.17807
-3.46738
-1.06422
-4.00718
-0.922224
-0.545698
-5.26738
-2.35568
-0.951899
-3.5315
-3.33045
-3.46454
-3.12884
-3.3627
-3.60029
-1.85635
-3.08113
-4.12628
-1.82675
-1.85932
-0.967702
-4.5168
-3.27658
-2.04785
-5.56954
-3.17581
-3.2145
-2.25778
-0.410283
-4.71641
-1.90277
-1.90215
-5.21998
-2.25066
-2.38902
-4.92513
-4.06224
-1.21332
-1.18831
-3.26142
-3.19827
-0.698967
-3.25419
-1.7853
-1.18164
-5.70257
-5.50572
-1.85438
-0.767425
-3.27258
-3.82139
-0.287725
-3.98649
-3.26077
-4.73775
-3.57798
-3.61491
-4.18141
-4.0874
-1.30429
-2.46774
-2.33771
-5.44992
-1.73398
-4.17132
-3.57134
-2.57286
-3.14452
-3.32096
-5.04821
-1.00021
-1.7274
-4.24565
-1.5178
-3.73666
-1.44987
-2.92161
-3.38527
-1.41288
-2.64748
-4.7451
-0.773089
-5.7024
-2.48089
-1.01539
-4.98382
-3.43272
-2.05175
-0.474327
-4.32145
-3.30356
-3.44649
-0.881965
-4.69614
-3.62005
-4.8966
-5.02636
-4.0254
-0.221395
-4.40659
-5.02869
-5.37952
-4.54761
-0.711854
-4.04635
-3.4544
-2.1893
-4.15522
-2.29196
-3.1579
-3.55173
-2.99358
-1.45934
-0.656737
-2.35355
-1.11442
-1.69976
-2.45621
-0.949719
-1.47614
-5.19112
-2.66756
-4.90649
-5.21979
-4.85602
-3.49012
-1.63562
-1.79445
-2.81417
-4.7059
-1.12037
-4.4154
-2.56156
-0.916481
-2.6007
-4.6209
-1.41877
-0.943204
-4.95718
-3.01171
-3.45511
-0.677597
-2.97822
-3.83914
-5.29693
-3.48835
-2.36432
-1.16297
-3.20526
-0.888411
-4.53334
-5.79828
-3.42719
-3.44372
-2.92432
-2.63707
-4.5989
-1.99203
-0.50073
-3.49483
-4.99753
-3.47725
-4.27383
-4.12942
-4.64068
-5.33693
-2.46507
-3.5232
-3.33555
-5.62755
-0.578259
-1.68345
-5.49561
-0.930196
-1.16635
-0.480738
-3.21337
-3.15031
-2.3347
-2.8556
-1.25174
-5.41812
-2.67989
-3.53993
-4.24414
-2.25187
-4.8937
-1.90315
-0.826626
-1.24386
-4.58641
-5.2756
-3.49373
-2.35329
-3.16027
-3.99414
-5.16669
-3.60175
-3.44319
-1.32086
-0.625669
-3.52134
-3.68764
-4.64413
-2.90362
-3.43116
-1.04683
-1.48907
-0.843341
-4.64436
-3.53414
-2.48732
-4.2973
-1.18186
-1.18042
-4.93936
-3.87459
-1.39011
-3.40996
-1.12918
-2.68042
-1.22465
-2.01931
-3.3192
-4.90536
-4.77866
-2.80924
-4.32906
-4.6682
-1.18623
-1.37261
-5.02054
-5.11023
-3.50603
-0.635767
-5.69325
-0.960989
-5.27007
-2.36314
-4.78208
-4.30983
-1.00049
-5.54895
-1.46243
-1.81337
-2.25388
-5.58437
-4.93066
-2.22713
-5.69606
-1.38569
-3.05244
-3.50679
-3.38828
-3.06151
-1.25274
-5.39696
-4.35124
-4.77385
-4.80665
-4.25776
-2.26103
-4.30658
-4.38586
-2.32141
-0.789767
-5.11415
-1.4568
-4.92843
-2.82846
-2.6222
-5.17491
-3.556
-0.711882
-5.59392
-4.10588
-1.17698
-4.13789
-0.819113
-1.04425
-3.44413
-4.11515
-3.77194
-1.37813
-4.88086
-4.45365
-1.32508
-2.97245
-0.395205
-0.994898
-4.3706
-3.63898
-2.13852
-1.09508
-0.38779
-2.37283
-4.92667
-2.67529
-4.34266
-1.49776
-4.48115
-4.085
-3.66849
-4.85046
-2.99999
-5.00796
-2.35412
-2.56201
-2.73913
-5.73628
-3.22659
-4.3018
-3.1806
-4.69032
-3.56117
-3.46822
-5.58871
-0.454687
-2.18285
-1.20174
-3.56525
-1.05893
-1.98744
-2.62533
-5.5477
-5.06789
-1.86041
-4.8932
-4.69954
-1.18598
-5.64641
-3.27462
-5.22686
-2.30018
-0.769971
-1.87172
-5.63371
-3.24572
-0.235537
-3.84378
-1.25087
-3.29456
-3.46453
-2.23864
-5.7452
-3.42274
-0.27173
-1.17422
-0.491932
-3.39163
-4.72465
-1.5955
-2.68457
-6.14215
-5.08909
-3.22437
-1.17455
-1.90606
-2.4095
-2.3684
-0.475347
-5.33251
-3.19127
-3.41771
-5.63482
-4.70715
-5.01192
-3.22583
-4.06341
-1.78203
-4.64191
-2.70642
-3.33494
-2.49279
-4.3204
-3.01694
-3.50265
-1.16844
-1.44775
-3.38616
-1.95021
-4.39258
-1.07887
-0.525994
-4.67697
-3.98724
-4.11926
-0.308107
-0.96592
-3.58116
-2.21062
-4.05891
-0.606205
-2.88199
-1.21434
-1.16072
-0.941762
-2.37037
-6.20886
-4.8113
-5.71002
-4.80863
-3.66872
-3.58618
-4.61037
-1.84921
-2.88143
-0.752223
-0.805046
-3.41058
-3.18629
-2.91667
-4.78965
-5.21403
-0.919423
-1.13436
-2.0178
-5.00564
-1.24564
-1.14274
-5.26412
-2.67345
-5.24358
-3.04683
-2.44915
-1.73882
-3.19962
-4.85306
-2.61051
-5.50547
-3.57006
-4.82523
-5.49521
-1.8513
-1.72662
-1.25767
-3.67875
-4.73293
-4.07994
-1.34261
-2.95137
-4.73805
-3.39926
-0.996969
-1.89942
-1.60966
-3.09265
-4.63944
-1.9612
-3.20017
-5.01245
-0.106299
-1.03703
-0.922668
-0.626229
-0.563916
-5.54001
-5.11541
-4.59749
-3.69661
-3.18121
-3.8504
-0.77683
-1.70735
-2.98972
-1.78708
-1.84398
-1.96917
-4.3949
-3.43733
-1.25841
-5.04389
-1.17365
-0.199623
-0.301812
-3.35387
-2.868
-3.55377
-1.54921
-0.608347
-5.34033
-1.98971
-3.1626
-2.03804
-2.37254
-3.62265
-3.33877
-1.17087
-4.82892
-3.19273
-0.294689
-2.67729
-1.11962
-4.38063
-4.93256
-1.18673
-2.43007
-5.11748
-1.95666
-4.37011
-1.82676
-6.0851
-3.63884
-4.82286
-3.27655
-1.81598
-0.240392
-1.17087
-1.09237
-0.832815
-4.97315
-0.872164
-4.41051
-1.09889
-0.672945
-2.5446
-2.08579
-2.94979
-3.30895
-5.78257
-3.44075
-4.66508
-5.93674
-2.21551
-4.85427
-3.43824
-4.6643
-0.925399
-3.52925
-4.8344
-3.60215
-5.6893
-5.22238
-1.79949
-3.1216
-4.43019
-2.08801
-1.12975
-1.76318
-0.925023
-3.44714
-1.7426
-5.00636
-3.0516
-2.08088
-2.10303
-1.09413
-1.81353
-1.82519
-4.12314
-5.35834
-3.61986
-5.2089
-1.10563
-5.24572
-5.05397
-0.88185
-5.2868
-3.32376
-4.1232
-3.64728
-3.20032
-1.52338
-2.34499
-0.306542
-4.34318
-1.2923
-1.68212
-0.382761
-1.9041
-5.20725
-5.65807
-0.949814
-5.19646
-3.48754
-5.19664
-1.78109
-0.533287
-0.900428
-4.03714
-0.581865
-4.88104
-1.16951
-4.36877
-0.676108
-4.73033
-3.44059
-4.90722
-6.12211
-4.08492
-4.69641
-1.41806
-5.68599
-6.15891
-3.95524
-1.19072
-2.79474
-3.94481
-3.24791
-2.50313
-5.1265
-2.25836
-2.62764
-3.61484
-2.08347
-5.29946
-0.435768
-1.0999
-3.67997
-4.85045
-1.44873
-0.929572
-3.2141
-5.17865
-1.77495
-3.24024
-4.72268
-4.36048
-2.03515
-4.79072
-4.10167
-2.17437
-1.13795
-2.84076
-2.56968
-2.36598
-4.56826
-2.59286
-3.5466
-3.23415
-5.05848
-3.32156
-4.9141
-4.36487
-0.686749
-3.45443
-5.32815
-4.57635
-1.30993
-3.47209
-5.2134
-4.55262
-5.09441
-3.16614
-5.68429
-2.3173
-0.456291
-4.09901
-0.839694
-2.04969
-3.32685
-1.79168
-1.13768
-4.23544
-3.93618
-0.31143
-2.45375
-3.30406
-0.766235
-1.49259
-4.52507
-0.296519
-4.79859
-5.63609
-4.66236
-3.21762
-3.88056
-5.77075
-1.20179
-3.23722
-4.98339
-2.30577
-1.39932
-3.12045
-1.28224
-4.62222
-0.893267
-2.62213
-0.289971
-3.70598
-3.50247
-2.25897
-2.26549
-4.40841
-3.21124
-3.22127
-3.43099
-3.95205
-2.21328
-1.14221
-2.45023
-1.06136
-0.764367
-1.37103
-4.58386
-1.19632
-2.37484
-2.49436
-2.15217
-3.40362
-3.24664
-4.68344
-5.2286
-1.26444
-2.82895
-1.35113
-0.640394
-0.368211
-5.34635
-2.81244
-2.20344
-0.4545
-3.71305
-3.59284
-4.04079
-2.82459
-2.82567
-1.22326
-3.5286
-2.10856
-5.82686
-2.81398
-1.09715
-3.22077
-3.1281
-5.01602
-1.72373
-4.63741
-5.05471
-3.40433
-3.61412
-4.37732
-2.77317
-4.65642
-5.27831
-4.57512
-4.08403
-3.63995
-3.61816
-1.47886
-2.05072
-4.86555
-2.16083
-5.31159
-3.23586
-0.930993
-1.16161
-5.09377
-0.722079
-2.09187
-1.06473
-1.21732
-4.40845
-1.96151
-3.6912
-2.57505
-5.51692
-4.49672
-4.93822
-4.00678
-3.31705
-5.10904
-0.968522
-1.51296
-4.75381
-4.27376
-4.75122
-0.698138
-4.2077
-5.26152
-1.88214
-3.57205
-3.32257
-2.01946
-4.99686
-1.38677
-1.18142
-3.18776
-5.29588
-5.48704
-1.04352
-3.28939
-2.65165
-0.482573
-1.87588
-4.14607
-5.74969
-3.2648
-3.55546
-2.14986
-3.39603
-5.23683
-4.48455
-4.54952
-1.04831
-0.295015
-2.77627
-3.89773
-2.75276
-2.31326
-0.100641
-3.51546
-0.405626
-2.73674
-1.02945
-3.74721
-1.31458
-1.5851
-0.660253
-5.2431
-4.83474
-5.13574
-4.6052
-2.56099
-0.552678
-4.38581
-3.27245
-3.86537
-4.34956
-1.86457
-5.47138
-0.0824916
-1.84001
-4.18308
-2.39244
-5.09092
-0.636605
-1.28465
-3.61006
-2.09244
-0.907209
-2.12007
-1.17047
-3.37938
-5.18715
-4.12322
-4.38817
-1.91597
-4.4616
-0.739605
-5.05726
-3.81158
-1.24905
-2.33075
-5.48459
-4.97849
-5.16269
-1.61053
-3.55101
-2.07584
-2.44251
-0.474507
-2.39991
-3.38671
-4.6826
-3.52555
-2.58693
-3.84391
-2.2228
-3.21139
-2.79593
-3.83951
-5.55878
-3.15792
-3.39617
-3.7134
-1.8323
-5.33894
-4.55205
-0.927338
-3.97531
-4.15877
-2.55679
-4.98123
-3.74992
-4.51235
-1.17903
-1.71485
-4.5348
-3.19208
-0.663449
-0.903891
-3.76275
-3.81478
-1.88616
-1.1545
-2.80085
-2.53238
-1.79254
-4.53294
-4.51421
-4.75742
-4.32777
-4.6451
-4.84768
-1.84301
-4.13137
-3.40757
-5.01628
-4.72891
-1.3672
-2.37183
-3.83341
-4.85163
-5.56547
-0.692338
-4.57723
-2.37933
-3.43069
-3.63498
-3.18458
-4.74187
-2.20509
-1.57095
-0.0961138
-2.10527
-4.65532
-4.00493
-2.15553
-5.3124
-2.17936
-2.59805
-1.54272
-5.09841
-3.89805
-5.05774
-4.23393
-0.576052
-5.03268
-5.59954
-4.87592
-4.73702
-2.34914
-3.55687
-4.04799
-2.11691
-1.14455
-4.97494
-2.59933
-2.31546
-4.47625
-1.79263
-3.02192
-2.0494
-4.60591
-0.430502
-1.96313
-1.41558
-4.19873
-3.45041
-3.45641
-4.44968
-0.277596
-3.22287
-1.78654
-0.730671
-1.91876
-2.12049
-4.04269
-1.10105
-1.19926
-4.92235
-1.57427
-1.54519
-5.38375
-4.09663
-2.35989
-4.01077
-1.10226
-4.24238
-1.2006
-4.69909
-0.716466
-0.733186
-3.55139
-2.79903
-5.03131
-2.64496
-5.0945
-0.785032
-4.83655
-1.27028
-2.54425
-3.35236
-3.59195
-1.18253
-2.21393
-3.50466
-3.02929
-2.79477
-2.69691
-2.97558
-1.34786
-1.095
-2.74643
-1.2339
-1.94539
-1.40685
-0.88969
-1.20551
-2.04365
-3.1743
-5.09408
-1.80258
-3.23444
-3.79428
-4.61762
-2.78705
-1.33806
-3.14102
-4.46184
-3.48547
-1.06022
-4.91462
-4.35012
-4.36464
-3.64484
-3.53102
-5.1582
-1.73036
-4.96824
-3.3983
-2.06082
-2.12254
-1.18341
-5.03788
-0.643137
-4.96416
-3.1973
-0.763125
-5.33581
-0.462126
-3.53152
-4.42467
-3.01568
-3.82468
-1.37623
-4.98937
-4.98492
-3.42328
-1.43105
-3.45633
-4.77069
-0.961965
-0.824081
-1.15853
-3.93762
-4.45602
-1.71834
-1.72807
-3.15036
-3.88507
-4.68002
-3.52615
-5.04917
-1.22431
-1.97139
-1.06806
-3.36725
-2.25495
-5.55057
-1.13869
-5.03778
-1.41531
-3.28805
-1.16886
-4.68423
-2.48472
-3.98396
-2.23788
-4.74612
-3.13898
-6.15585
-3.09861
-1.40541
-1.30457
-2.7996
-3.75669
-2.42456
-2.97407
-1.85452
-1.64098
-0.172217
-2.91153
-1.2625
-2.7719
-1.24202
-4.88223
-0.772121
-1.23307
-2.81429
-3.14179
-2.23773
-3.53379
-3.6883
-4.74404
-2.7378
-0.950401
-2.70541
-3.56709
-4.32843
-4.3057
-4.69676
-5.24463
-0.466966
-1.15153
-0.49352
-1.51082
-4.86644
-5.33858
-4.82862
-5.34588
-3.02604
-3.96094
-2.48613
-2.54527
-0.979169
-4.68287
-3.49966
-3.14288
-1.67682
-3.22928
-3.7375
-4.70693
-1.71147
-4.93134
-1.06218
-4.37373
-3.39839
-3.41305
-1.95756
-4.26522
-5.01624
-2.16874
-3.39882
-0.665633
-1.13789
-0.347393
-3.79797
-2.28434
-1.84352
-0.574784
-3.34823
-2.94044
-0.97934
-1.71738
-1.7975
-1.16466
-4.63772
-1.15605
-5.35212
-2.27328
-2.16858
-4.35159
-4.67503
-4.68868
-3.12669
-5.25593
-0.13588
-5.2763
-3.75451
-2.499
-2.11119
-3.17641
-5.04921
-2.37888
-5.83377
-4.81179
-6.1968
-3.62521
-1.79481
-1.21226
-3.71868
-4.6898
-4.95246
-1.35076
-2.47508
-3.42377
-4.05143
-1.10897
-1.2676
-4.01132
-3.19774
-0.30517
-4.69841
-4.03147
-1.13562
-3.27149
-3.08279
-4.50186
-1.86402
-4.63453
-2.54332
-5.77785
-2.4052
-1.38405
-1.79902
-0.886706
-3.58077
-3.06869
-1.09666
-4.72961
-3.00669
-1.96006
-0.850282
-3.48881
-1.15336
-3.62037
-2.32365
-1.41195
-2.76131
-0.791197
-4.77026
-5.10971
-0.970051
-1.80108
-4.03255
-2.62134
-4.35434
-3.10392
-3.0796
-0.487232
-3.92074
-1.24315
-3.71822
-2.31348
-3.26835
-2.71844
-2.37038
-2.42979
-1.24751
-2.46413
-4.73112
-4.3611
-2.7514
-5.10281
-3.45839
-5.33466
-3.59021
-2.54635
-1.17537
-4.55886
-3.50063
-2.93519
-3.57364
-4.68605
-0.418884
-2.16081
-1.78061
-2.35863
-5.00877
-3.32117
-0.0765347
-5.00404
-1.99853
-4.82934
-3.38683
-2.60887
-2.8482
-1.17982
-4.43403
-4.08595
-3.41979
-4.74788
-0.271258
-2.54588
-2.96923
-4.77349
-1.18222
-1.89017
-5.69444
-4.73792
-2.49207
-4.69934
-1.9731
-1.19953
-3.03517
-5.72724
-3.52225
-2.59241
-4.70809
-5.11336
-4.43342
-2.0573
-4.58325
-5.315
-4.55439
-1.84048
-3.07187
-2.60452
-3.8864
-3.49261
-3.20191
-2.73687
-5.24871
-1.03785
-2.78605
-2.47188
-2.87481
-3.05987
-2.67007
-2.90645
-3.50082
-2.68412
-1.88433
-0.530435
-4.71013
-5.90034
-3.3868
-2.32098
-0.839238
-1.37887
-1.42907
-3.90437
-3.70713
-4.70047
-2.48
-5.21699
-0.0319625
-4.51144
-3.43809
-1.26463
-1.80099
-4.35635
-1.78849
-4.35168
-3.48317
-1.17045
-2.38183
-2.62398
-5.22229
-1.18939
-0.97179
-1.87646
-2.08514
-5.32728
-1.11553
-3.3045
-1.93015
-3.46762
-1.193
-2.9344
-5.82132
-1.73279
-3.03431
-0.466516
-2.62033
-0.992506
-3.10146
-2.9523
-3.42297
-3.51649
-0.554122
-5.24199
-4.74038
-1.8137
-0.917309
-1.16717
-0.821657
-1.82506
-5.19605
-3.52834
-4.8452
-3.42113
-4.95066
-2.55221
-1.14124
-1.8646
-0.205627
-3.79049
-0.490212
-4.37973
-2.28906
-0.955845
-5.2171
-5.05531
-5.23724
-3.49737
-2.83586
-2.17397
-1.09075
-4.66137
-2.72129
-3.72653
-1.98541
-0.953635
-4.88935
-3.56425
-2.26029
-1.16143
-1.11927
-0.496801
-2.12195
-4.84989
-1.01415
-3.44517
-4.09696
-4.43959
-0.633429
-3.43677
-4.76073
-3.14361
-1.76282
-3.18898
-3.38445
-4.73141
-2.89924
-5.03806
-3.52831
-3.30141
-1.14288
-5.45737
-3.27641
-2.77437
-2.74589
-4.85622
-4.34021
-4.68108
-1.24792
-3.61918
-1.09751
-0.468468
-0.504928
-2.37856
-2.40244
-5.01206
-4.59914
-4.44495
-2.78394
-4.3274
-3.04304
-2.02693
-4.7062
-3.45668
-3.54071
-3.54672
-3.14665
-4.88105
-5.4181
-3.51351
-2.88362
-1.99387
-2.18382
-2.63878
-1.15457
-3.16546
-4.35623
-3.43219
-1.16944
-5.38101
-2.67303
-2.47395
-4.88648
-0.76867
-5.94754
-1.018
-2.30203
-3.41468
-5.02902
-1.94383
-4.81285
-0.672944
-4.66851
-4.33459
-0.830836
-0.30029
-1.06712
-2.49021
-4.77579
-4.77621
-1.19098
-4.30601
-4.42882
-2.8837
-2.45056
-3.38773
-3.18781
-0.587152
-3.28009
-4.72426
-2.94267
-3.20987
-4.01843
-2.39222
-1.02674
-4.2804
-5.0912
-2.46663
-5.20167
-0.0508245
-1.12094
-4.37284
-4.0993
-1.77527
-0.928184
-3.29453
-4.73214
-1.18563
-4.17061
-2.69179
-1.42279
-4.87321
-4.28377
-5.3263
-3.61836
-0.822194
-5.35184
-4.12202
-3.05939
-0.598865
-3.16386
-5.64837
-3.71205
-0.586397
-1.10046
-1.42329
-4.82152
-4.85099
-4.82908
-4.73283
-4.58651
-1.87859
-3.13174
-2.00794
-1.51146
-4.34459
-2.74419
-2.08554
-2.93674
-1.18095
-1.85697
-4.51583
-4.69052
-1.76397
-4.80171
-3.37724
-2.78932
-4.95561
-5.02311
-3.2596
-0.595173
-4.43213
-4.99415
-4.65642
-1.59121
-1.19877
-1.1052
-2.90154
-3.57275
-4.54491
-3.06321
-1.81973
-3.01487
-2.8338
-2.25987
-2.38342
-4.30242
-2.54615
-3.18105
-1.09012
-4.38519
-3.31154
-1.53507
-4.3428
-3.99102
-5.29032
-5.28726
-5.70056
-3.35505
-1.47049
-2.0823
-2.05015
-2.35075
-5.97964
-0.242055
-1.12685
-1.57309
-5.66099
-3.98847
-3.02101
-1.07518
-4.55719
-2.2492
-3.22702
-4.28751
-1.33762
-1.2031
-3.06953
-1.85469
-2.51635
-5.4621
-1.28575
-5.28117
-2.52656
-4.12106
-1.04022
-3.26509
-0.994851
-3.52135
-0.389721
-4.06258
-3.84685
-5.26138
-3.53676
-5.06068
-1.79974
-0.935249
-3.40452
-3.6141
-2.75361
-5.2364
-3.38958
-3.44654
-5.1157
-4.77158
-2.60171
-3.4279
-3.38562
-1.08708
-1.11382
-1.19102
-2.62619
-5.70916
-3.72622
-2.97441
-1.10879
-3.52339
-1.37815
-3.49266
-5.31933
-1.14559
-4.34939
-0.624039
-4.45037
-2.47943
-1.81706
-4.68495
-2.91619
-0.880809
-4.0456
-3.41081
-3.16218
-4.24691
-1.12456
-5.20715
-3.11763
-2.99085
-5.18099
-0.980815
-5.03239
-4.22828
-3.25678
-2.66101
-5.01462
-5.46597
-5.05786
-1.0712
-1.90305
-1.04025
-4.93505
-2.75782
-3.49533
-5.0367
-6.07207
-5.10758
-2.53375
-0.605827
-4.69355
-0.840517
-3.36943
-2.31357
-3.52762
-1.68595
-3.38704
-5.26771
-2.72744
-4.84429
-4.78743
-3.73242
-4.4844
-3.6196
-2.2062
-5.35109
-3.45194
-1.10865
-4.54474
-4.63851
-3.37946
-2.53223
-1.66214
-2.99157
-4.21055
-3.87994
-4.71615
-1.9076
-2.54213
-2.97865
-4.94727
-4.49897
-3.39015
-3.40711
-2.99674
-0.983283
-0.473573
-4.12188
-4.45489
-1.54938
-1.71714
-4.03282
-5.85721
-2.78575
-4.42401
-3.53363
-4.55653
-5.21266
-3.30184
-4.35455
-3.74317
-3.13718
-5.06198
-3.40516
-1.19968
-1.20092
-4.89316
-0.511808
-1.5763
-3.18846
-2.02405
-4.61621
-5.16298
-4.72176
-4.77726
-1.18648
-6.04679
-0.638796
-3.01411
-0.406788
-0.483707
-3.56586
-4.91497
-1.81009
-3.83836
-1.85445
-2.36439
-5.31243
-0.488006
-1.35484
-0.69719
-1.80903
-2.75017
-3.59165
-3.21259
-1.68724
-4.13584
-1.87219
-3.2908
-3.3889
-3.90794
-1.16853
-1.62145
-1.42065
-4.29763
-2.6155
-2.74925
-5.05219
-2.81712
-2.47805
-1.47078
-2.37173
-1.7323
-3.51495
-4.74111
-2.58908
-5.30404
-3.30834
-0.785362
-3.14021
-2.90869
-4.73756
-1.17071
-4.21459
-1.47672
-5.69933
-4.21518
-2.20509
-5.19513
-1.73407
-4.28982
-4.3532
-5.87592
-3.60295
-4.37181
-2.02134
-1.41338
-4.03572
-3.27733
-2.68244
-1.7699
-2.9562
-1.78312
-4.90742
-0.771703
-3.622
-5.22002
-4.27379
-4.74005
-4.94604
-0.733039
-3.80763
-4.89137
-2.5563
-3.48858
-1.88795
-1.14357
-2.85165
-3.83909
-0.971808
-4.35179
-0.451109
-5.59196
-4.26094
-4.43272
-0.269977
-5.03539
-3.79538
-5.46049
-1.08023
-3.98685
-6.13988
-6.10894
-3.32505
-3.51129
-1.65128
-3.15258
-3.21419
-1.19982
-2.97325
-3.55903
-1.707
-2.95071
-5.06273
-3.38774
-1.69825
-4.1048
-5.07519
-1.12918
-1.13702
-3.50411
-5.25035
-2.21796
-3.43549
-5.6113
-3.47005
-2.77005
-2.07888
-2.52374
-3.46907
-4.2406
-4.84234
-1.02709
-0.662882
-1.33117
-2.52035
-2.76274
-5.41762
-3.35356
-1.9388
-5.19417
-3.20816
-3.15312
-2.56462
-3.08645
-3.40678
-3.36189
-4.30033
-3.33476
-2.84512
-1.1406
-4.18135
-3.10135
-1.82921
-2.89799
-3.15086
-1.77078
-4.8289
-1.19144
-2.84374
-5.76276
-4.84029
-0.962982
-5.67415
-0.934017
-2.60333
-3.61309
-2.946
-0.939794
-3.55829
-4.37105
-2.36136
-4.76496
-0.257291
-3.32072
-3.54574
-4.38923
-4.69958
-5.11666
-1.97077
-4.67647
-1.20753
-4.97
-4.47707
-4.74543
-3.08014
-5.01536
-3.14416
-5.71487
-2.92939
-4.39364
-5.54118
-1.15153
-4.25172
-4.57477
-2.21724
-3.22899
-3.86505
-4.99056
-1.17103
-1.00157
-2.79722
-0.940331
-3.60013
-1.27801
-1.15199
-3.11377
-3.17071
-4.36051
-5.55964
-2.05756
-3.02478
-0.91936
-1.32164
-0.513521
-4.42996
-3.07995
-3.1446
-2.84738
-1.18054
-0.910225
-2.33291
-3.65466
-3.43481
-3.07283
-2.90964
-3.69519
-3.51227
-1.81093
-0.665748
-3.36416
-3.49487
-3.10678
-4.61899
-3.30381
-3.28735
-1.85899
-4.03197
-0.386005
-3.17104
-2.49109
-5.22048
-3.49437
-2.14694
-1.10182
-4.22882
-5.75426
-5.13449
-4.94006
-5.66557
-4.24853
-1.77782
-4.48525
-4.91603
-1.02718
-4.38278
-5.18913
-3.18704
-2.55565
-1.98375
-1.91097
-2.95445
-5.20151
-2.84895
-3.38047
-2.10911
-3.32835
-2.80575
-2.91728
-2.34503
-3.70456
-2.80388
-0.608886
-4.96437
-2.5758
-2.96995
-1.15992
-4.67932
-5.20671
-0.611834
-5.03511
-5.41608
-2.63964
-4.62785
-1.05173
-1.1435
-2.52269
-6.04795
-2.61796
-6.17581
-1.09474
-3.91937
-1.1319
-1.04372
-1.06633
-5.6032
-0.969953
-3.37169
-2.09898
-4.10793
-5.5936
-4.86944
-4.81802
-3.03487
-4.71266
-2.77441
-3.02485
-4.68862
-3.7771
-4.9706
-2.13501
-5.57639
-2.64758
-3.45875
-4.75945
-3.74902
-2.82753
-4.75318
-4.16486
-3.40063
-3.49656
-4.54234
-4.94269
-2.82103
-3.38446
-0.480248
-1.96354
-2.10934
-2.76834
-5.00858
-1.27043
-3.3157
-2.0881
-2.49171
-3.50268
-4.03231
-1.19141
-1.25976
-3.41442
-0.386636
-4.86096
-3.99668
-3.34331
-5.05161
-4.46274
-2.08038
-1.37157
-1.32615
-3.04661
-3.17236
-3.05761
-3.18208
-3.46495
-3.06972
-3.63454
-3.0757
-3.84748
-5.19671
-3.38154
-5.10563
-2.95624
-2.8827
-3.11553
-0.432816
-3.38743
-2.33298
-2.84012
-2.16666
-3.50509
-1.11299
-3.37027
-4.42369
-2.6575
-2.7475
-1.83316
-3.88206
-5.67891
-2.26646
-1.01332
-4.70775
-1.81697
-0.641436
-4.47755
-3.49922
-2.7027
-4.81206
-3.50145
-0.237435
-3.52337
-3.5886
-3.96123
-4.72022
-0.958686
-3.41867
-1.23929
-1.90812
-4.33768
-2.66034
-3.51679
-2.32814
-2.71895
-2.18863
-1.20197
-1.59235
-1.932
-4.34516
-2.66785
-1.405
-4.88987
-1.83145
-1.95267
-1.76622
-3.58424
-2.01677
-0.767537
-2.63315
-1.06575
-1.61271
-2.8732
-4.828
-3.074
-5.50315
-5.71154
-1.7908
-1.98775
-4.26962
-1.42032
-1.17685
-4.12025
-4.85226
-4.91372
-2.86917
-2.76578
-1.03991
-4.66689
-0.739509
-0.783594
-0.557906
-0.501009
-3.50322
-2.24849
-2.96098
-3.14056
-3.70172
-3.63553
-1.98748
-2.81306
-4.83151
-4.33354
-3.42268
-5.35708
-3.99984
-3.32484
-1.77519
-3.22502
-2.92558
-5.48502
-5.07246
-1.48143
-2.33424
-2.94264
-2.08759
-1.11569
-0.396665
-5.19317
-4.96135
-0.968514
-3.67983
-3.45044
-2.43182
-3.70372
-1.32314
-1.33882
-2.12361
-5.73751
-1.81453
-3.4783
-1.79449
-4.865
-3.66485
-2.07784
-1.13187
-4.95527
-4.54739
-2.88887
-1.19667
-3.20026
-3.15281
-2.99135
-5.71819
-3.16426
-2.78234
-0.904281
-1.26116
-2.95925
-5.0354
-4.32136
-3.593
-3.24143
-3.00806
-0.759521
-3.22
-4.69043
-5.85677
-1.55667
-5.08785
-1.76781
-4.74423
-4.99952
-4.75719
-1.15646
-4.69945
-3.41949
-3.08902
-1.30649
-3.78262
-1.14992
-1.05502
-3.19344
-3.14882
-3.70089
-1.82279
-0.0398959
-0.974931
-4.81335
-3.58647
-2.67659
-4.74065
-4.54586
-4.43201
-0.48418
-5.99028
-5.13073
-2.38087
-1.4121
-5.55375
-2.96462
-4.62898
-5.33068
-4.10539
-0.0357713
-3.1012
-2.83335
-5.89135
-0.920659
-0.487983
-0.738804
-3.37566
-4.47065
-4.35036
-1.79683
-4.27333
-1.13984
-1.17922
-3.38404
-4.08351
-3.45654
-3.97085
-1.37392
-4.33656
-3.91775
-3.64617
-3.34415
-4.74075
-3.6696
-4.14381
-1.36105
-5.19979
-4.51148
-2.88353
-3.02314
-4.76568
-4.56919
-3.42924
-1.57375
-0.756633
-3.67375
-1.13713
-4.90513
-4.46671
-3.5154
-1.12678
-2.36203
-6.02415
-5.20945
-2.38844
-2.87788
-1.24937
-3.41085
-2.84154
-4.02594
-2.27174
-3.52433
-0.823609
-1.03851
-0.859508
-3.56797
-2.57299
-4.56718
-4.68048
-3.51336
-3.64758
-4.75618
-4.30344
-3.30687
-1.19047
-2.77157
-2.61992
-2.27821
-3.95759
-0.268308
-4.21874
-3.38884
-2.2961
-0.828501
-2.32235
-1.93578
-1.03897
-2.55755
-2.42256
-2.29508
-1.83041
-1.81483
-0.673014
-4.82331
-1.07794
-1.7728
-3.92785
-5.57242
-4.97207
-1.13176
-1.06131
-1.94853
-4.83333
-4.52616
-4.45889
-3.24907
-5.01113
-5.03257
-0.836454
-3.07983
-5.18975
-4.78917
-4.57251
-2.626
-1.30021
-3.41191
-3.02981
-5.01323
-5.49373
-4.92401
-5.20077
-1.74108
-1.13783
-4.5925
-3.34265
-3.11936
-0.98997
-1.45678
-3.03433
-2.98487
-5.25237
-2.42294
-1.72354
-2.45151
-4.68462
-0.665937
-5.47254
-2.39235
-2.89992
-4.68509
-1.14709
-4.24024
-4.10391
-2.71446
-3.50258
-3.97322
-5.66328
-4.97447
-3.29141
-4.92076
-3.37344
-3.50385
-1.8096
-3.34535
-2.40189
-3.36718
-4.87423
-4.73717
-4.12987
-1.19565
-3.48577
-4.33226
-4.07633
-1.5008
-3.4914
-3.21894
-1.17414
-4.8732
-1.77353
-2.98675
-3.39337
-0.701667
-5.622
-4.99786
-4.74282
-1.43067
-0.923038
-3.48184
-2.34865
-1.09828
-1.09384
-5.51689
-5.062
-0.773169
-5.18922
-0.57698
-3.35265
-2.36478
-3.52774
-1.79374
-2.92822
-1.54979
-5.03288
-2.27062
-1.10552
-0.946216
-0.280173
-3.99395
-3.3942
-3.30803
-4.75228
-2.75684
-0.467084
-2.45299
-1.16991
-3.40256
-3.28827
-4.57538
-2.37232
-4.6055
-5.17578
-2.3075
-3.90246
-2.5127
-4.0099
-3.05045
-1.94327
-1.02245
-2.39578
-2.49748
-1.06707
-5.29773
-2.76882
-3.08344
-3.23595
-4.0844
-1.09398
-4.24506
-3.33157
-1.41529
-4.7473
-3.39312
-3.13549
-5.66259
-0.815781
-3.23331
-2.74943
-3.49655
-3.39092
-1.53591
-4.14807
-1.10003
-5.03903
-2.94061
-1.79591
-2.66314
-4.858
-5.31309
-5.53899
-3.50302
-3.04927
-3.71775
-4.69348
-3.37686
-4.55697
-3.21886
-4.74812
-1.19955
-2.59514
-1.49247
-1.26265
-0.937946
-2.91308
-4.80156
-4.10894
-1.37145
-4.97854
-3.49281
-5.34945
-3.40296
-0.908435
-5.49067
-2.97017
-2.37834
-5.19495
-0.472935
-4.55237
-2.38656
-1.2132
-3.37028
-3.45844
-6.10655
-4.81212
-3.76779
-2.48065
-1.167
-0.862705
-2.93181
-1.01777
-2.58115
-1.76235
-1.1931
-3.98479
-3.04452
-4.53902
-3.02478
-3.49815
-3.56367
-1.07652
-0.769724
-0.950262
-0.163305
-3.46377
-4.99262
-4.30723
-1.82709
-3.10445
-1.7325
-5.21401
-1.15078
-2.55082
-1.33872
-1.19212
-4.71494
-5.9038
-3.21044
-2.83642
-1.12451
-4.57482
-3.5709
-2.9941
-5.46688
-5.68813
-5.38318
-1.86443
-2.91665
-3.47754
-5.11464
-3.3933
-1.99988
-4.48054
-4.9816
-4.37995
-2.39482
-0.991331
-4.19163
-5.25762
-0.786113
-3.39717
-1.83314
-3.55911
-0.773546
-3.34899
-3.72048
-1.10893
-5.00254
-1.11168
-3.82961
-1.2538
-3.02478
-5.3618
-3.08181
-0.956259
-3.03365
-3.7454
-2.88512
-2.99447
-4.19993
-1.15624
-0.6304
-3.51824
-1.05927
-4.0169
-1.1911
-0.0338047
-6.10956
-5.66964
-3.25333
-1.82763
-2.43769
-0.625086
-4.64911
-3.46263
-4.92757
-0.714521
-5.11444
-1.41355
-1.06193
-1.01354
-1.6055
-2.27138
-0.519961
-0.530158
-1.81491
-5.16642
-0.497981
-5.68664
-1.79813
-2.29558
-5.28632
-4.99295
-2.45074
-0.787465
-2.93339
-3.93978
-4.87266
-4.19865
-5.36488
-4.52486
-2.94957
-3.66068
-2.68338
-3.85169
-4.54364
-3.3501
-5.82884
-1.76903
-2.55263
-3.52409
-3.37058
-2.96033
-3.17739
-5.0819
-5.28878
-1.79763
-4.23359
-4.35583
-1.19615
-4.11453
-3.41763
-3.02011
-2.93667
-3.01116
-4.82648
-1.07162
-4.25235
-2.51452
-1.24475
-4.13564
-0.47497
-2.58818
-1.21355
-1.15757
-4.38539
-5.18824
-4.7528
-1.08961
-2.80751
-1.75344
-3.43111
-0.967493
-3.2687
-2.75547
-0.0970596
-0.421098
-2.99739
-3.38685
-4.94462
-3.18659
-3.11541
-3.58055
-4.92568
-3.38963
-3.45592
-1.91512
-2.84944
-3.60316
-5.08674
-4.74665
-3.37647
-3.5071
-4.50555
-4.97953
-3.16772
-1.19346
-3.57645
-4.08279
-3.13615
-1.64988
-4.60089
-3.12564
-1.87581
-3.05559
-4.9074
-3.05842
-3.39697
-2.5054
-3.33455
-0.662623
-2.93643
-3.06622
-4.97796
-2.8975
-3.13108
-0.344329
-1.45804
-2.99852
-2.64802
-0.693053
-3.02153
-2.18782
-5.11808
-3.32043
-4.7437
-3.08476
-3.04126
-3.88998
-2.93105
-3.4525
-3.34843
-1.79199
-3.04962
-3.17329
-2.01472
-3.40816
-2.63019
-2.86149
-2.94403
-4.28677
-4.37539
-5.66712
-3.49505
-2.10747
-1.8615
-4.18042
-1.44041
-3.30301
-0.865469
-3.47117
-1.27937
-1.13664
-1.10946
-4.73906
-5.05232
-1.24123
-0.578324
-4.22053
-4.5752
-1.18322
-2.95018
-3.02763
-2.92651
-3.43119
-5.74655
-3.24397
-3.61744
-3.31637
-4.61245
-3.39413
-3.21384
-3.93411
-3.05775
-6.09831
-3.10521
-1.17997
-3.48176
-4.93682
-0.993196
-4.73511
-3.54943
-5.22352
-4.8699
-3.41644
-4.60357
-3.34764
-4.20235
-2.66252
-1.70141
-3.45002
-5.30996
-1.44867
-3.91368
-1.25027
-2.56647
-1.25676
-3.16798
-2.99698
-3.93836
-1.13371
-2.40561
-3.212
-0.715525
-4.98073
-3.51024
-3.29839
-3.08683
-4.24171
-3.39137
-1.19189
-0.893155
-2.79001
-4.63833
-1.93188
-1.20441
-3.77149
-5.27903
-1.10393
-2.67512
-2.87997
-5.13536
-3.39112
-1.24166
-5.39739
-0.892293
-0.723242
-3.55825
-5.0312
-4.38753
-4.57907
-2.62288
-3.18052
-2.42651
-3.33301
-0.559224
-5.07804
-2.55373
-4.74327
-4.848
-4.65718
-2.51596
-4.59728
-4.49725
-1.60503
-2.69797
-3.14884
-1.74799
-5.33785
-5.04946
-3.38789
-4.96294
-4.32804
-2.86051
-3.2792
-0.0695505
-1.12803
-2.68329
-3.89089
-4.24441
-3.12498
-3.3011
-1.39093
-3.13549
-1.79718
-4.02149
-3.02964
-4.80678
-2.9664
-2.50368
-4.52801
-4.31278
-1.75826
-4.34412
-2.94328
-4.51846
-1.08333
-3.52494
-1.54504
-0.452617
-0.577632
-1.78097
-1.79197
-3.80734
-1.42035
-4.97249
-4.36266
-3.35391
-0.594354
-4.50866
-4.76812
-2.81557
-0.366586
-5.19232
-2.08847
-3.02436
-3.4666
-1.08107
-3.49548
-5.33912
-1.06204
-3.039
-3.38493
-2.45234
-4.55241
-1.4954
-4.7475
-4.33695
-0.940895
-3.34848
-1.11687
-2.04368
-1.61712
-1.1277
-3.39579
-3.37684
-3.98233
-5.68662
-1.37225
-3.60249
-3.44352
-3.78334
-5.23392
-5.0098
-3.85238
-2.47361
-0.942774
-3.59466
-3.17929
-5.29124
-2.01744
-4.69623
-0.528932
-4.03061
-1.11775
-1.07954
-1.36211
-4.39865
-3.4002
-1.64087
-1.20338
-5.72418
-1.66331
-5.07215
-5.59683
-5.07453
-3.06733
-5.69027
-1.60015
-3.87244
-1.79601
-2.9085
-4.56933
-2.72778
-3.09702
-5.06961
-2.64368
-3.3473
-3.47487
-3.54815
-4.68326
-3.04461
-5.48292
-6.10027
-4.3331
-3.9391
-3.70137
-2.26651
-2.53641
-0.565933
-2.31003
-1.25332
-4.04023
-5.14962
-3.49647
-0.988227
-1.15718
-5.32456
-5.06146
-4.71838
-4.00938
-4.91834
-5.4362
-3.52599
-1.73888
-0.861105
-3.08622
-0.619746
-2.76529
-3.51102
-1.49779
-1.20467
-1.62177
-4.77353
-1.24996
-4.7278
-2.67527
-2.62401
-3.4643
-1.09334
-3.38373
-4.22062
-2.61066
-1.5155
-3.36552
-0.414001
-1.70991
-1.77548
-1.64473
-3.57026
-2.58794
-4.54728
-1.13443
-2.94954
-3.32993
-3.46617
-3.55907
-2.88679
-3.01872
-0.912609
-0.557802
-3.4022
-4.82921
-1.04646
-1.16846
-4.65922
-2.60564
-2.6192
-4.25251
-2.97322
-1.52465
-5.37441
-1.44505
-2.57667
-1.14694
-5.14616
-1.07928
-2.34977
-4.7217
-2.9083
-3.17516
-3.12258
-0.785213
-1.50897
-3.29933
-1.86473
-4.80178
-5.22961
-0.768267
-0.609627
-3.8661
-1.00299
-3.58208
-3.49804
-0.867411
-5.50958
-4.54248
-2.82942
-4.93298
-3.79396
-3.26107
-3.75409
-2.70719
-4.80786
-0.944093
-5.19349
-4.58639
-3.60793
-3.15734
-3.17268
-3.30865
-4.35151
-4.70653
-3.65713
-6.04093
-4.9549
-2.50667
-1.0988
-5.60568
-2.42578
-3.85295
-4.52845
-0.757795
-1.40759
-2.59566
-3.42978
-0.620175
-0.881214
-3.27496
-4.69817
-3.55125
-4.5075
-3.50685
-2.21028
-4.75251
-5.13873
-1.77299
-2.94586
-3.54182
-4.73467
-5.23594
-3.72163
-2.03055
-1.79276
-1.61103
-1.31556
-4.95445
-4.08519
-0.78095
-6.03971
-1.09298
-3.65165
-4.20022
-3.48791
-0.82934
-0.381755
-1.09679
-1.86881
-1.25664
-5.34075
-4.37936
-2.68805
-1.83073
-1.47361
-1.87508
-3.39327
-2.61522
-1.02493
-3.49474
-1.98232
-4.43515
-3.27701
-3.98659
-3.37492
-5.57641
-2.53311
-2.52694
-4.63017
-5.11472
-2.47415
-1.36771
-0.894571
-0.547915
-3.04837
-3.27608
-2.82138
-2.73844
-1.46215
-0.568957
-0.830256
-4.49569
-4.38315
-0.714947
-4.63414
-1.87054
-3.4987
-1.19634
-4.21237
-2.47116
-5.29547
-2.88537
-3.31411
-5.66073
-3.8132
-1.37445
-0.430161
-3.15017
-4.32401
-4.20211
-2.97757
-3.13484
-3.12081
-4.61897
-1.43201
-2.54184
-4.88919
-3.6504
-0.864867
-2.85122
-2.31636
-4.98731
-4.76227
-0.899625
-5.27237
-3.4272
-1.89491
-1.85002
-4.2554
-3.3121
-4.93611
-2.64579
-3.39258
-5.07246
-4.68761
-3.82892
-0.567169
-2.11153
-4.96947
-5.43943
-3.38336
-1.65858
-5.27955
-1.2307
-1.22884
-3.10417
-0.562875
-4.81229
-4.47565
-3.44614
-5.67514
-0.271541
-2.46002
-3.83399
-5.26929
-4.10021
-3.82091
-4.78856
-5.31112
-1.64181
-3.11696
-1.46763
-2.47578
-2.39493
-1.05282
-3.51697
-4.93925
-5.27847
-0.664969
-3.2462
-3.3935
-5.2165
-1.75844
-5.74994
-3.30012
-1.04174
-5.23711
-2.8016
-0.663349
-4.43402
-5.01758
-1.03234
-3.28057
-1.73674
-5.16263
-3.35301
-2.73702
-1.76533
-1.19687
-2.38492
-2.08383
-3.5159
-0.974753
-4.52209
-0.997123
-0.544145
-4.77544
-1.04203
-4.95656
-4.74504
-2.24676
-3.42393
-2.48375
-2.61845
-3.4697
-1.76208
-3.1965
-2.45533
-3.3758
-3.35481
-5.21197
-1.09532
-3.82155
-3.61493
-0.860164
-1.39552
-4.84972
-5.31838
-5.47095
-0.583479
-3.33681
-2.57992
-2.10503
-1.74149
-4.43112
-2.17754
-1.59585
-2.85415
-4.8158
-4.91143
-0.757879
-2.73548
-0.848018
-5.04574
-4.88951
-1.09107
-5.64395
-0.894266
-3.50414
-4.04682
-2.46799
-2.80632
-2.03241
-5.33588
-5.42949
-1.1898
-0.907095
-3.23322
-1.2035
-0.061196
-1.07261
-4.43471
-5.75954
-2.70148
-0.948654
-1.65986
-2.9514
-4.87593
-5.25249
-3.49009
-3.73197
-3.43512
-4.19234
-5.05482
-1.43925
-3.16408
-5.56504
-1.84641
-2.36108
-5.54894
-4.66521
-4.69187
-2.38057
-4.43927
-5.1158
-3.64742
-4.01414
-2.35491
-5.11056
-5.34712
-5.50292
-2.88055
-4.71271
-0.531095
-3.68596
-5.08208
-2.88023
-5.85461
-4.72918
-1.17009
-1.00357
-4.34226
-3.37868
-1.80984
-5.57324
-4.42323
-2.20971
-4.51968
-1.76201
-1.37552
-1.66983
-2.85455
-3.49143
-2.51312
-3.1173
-1.11044
-5.03078
-0.670739
-3.82481
-5.00174
-4.57749
-2.08537
-2.12294
-4.57054
-3.39951
-1.28026
-1.4008
-1.36598
-3.22285
-3.42207
-1.66777
-5.34661
-1.12891
-5.60729
-2.6089
-1.064
-0.466385
-4.97331
-1.73385
-1.67279
-2.37457
-5.089
-2.85067
-1.135
-2.09155
-2.92119
-3.46389
-1.07926
-2.70214
-3.39593
-2.91086
-4.40367
-3.56838
-4.87794
-4.14186
-5.71413
-2.08917
-4.31641
-2.34649
-2.26847
-1.12962
-1.17931
-3.58794
-5.18289
-1.75465
-4.33278
-2.69696
-2.78862
-2.07543
-3.4365
-3.6755
-1.23838
-2.07316
-0.0853876
-2.89994
-4.74515
-0.546627
-1.86857
-5.03619
-3.39103
-2.16887
-4.80292
-1.77915
-0.435056
-1.10779
-5.49097
-4.7097
-1.80301
-2.07584
-4.59346
-4.83439
-5.00708
-4.73802
-1.72425
-4.95776
-4.88733
-2.7687
-5.03226
-5.54366
-4.62247
-3.17762
-0.868482
-0.897612
-5.0598
-3.04462
-3.68949
-4.76496
-5.47964
-5.19202
-3.84444
-0.772494
-5.55237
-4.11008
-4.37444
-3.33468
-1.13268
-5.36484
-2.07079
-4.5027
-0.60538
-5.13408
-0.388793
-2.93439
-3.4685
-4.86573
-1.10176
-5.08478
-5.44243
-5.20228
-0.687545
-2.99113
-5.05815
-4.7784
-5.5517
-0.602992
-0.950964
-2.54421
-4.30558
-5.54057
-3.4903
-4.86832
-3.11237
-4.74434
-3.25175
-3.40952
-3.38522
-1.16458
-1.14914
-2.9379
-3.63157
-5.05831
-3.94468
-4.74978
-3.80868
-4.69346
-1.1594
-3.16138
-1.34656
-2.05917
-1.32867
-0.932886
-3.27435
-4.73359
-5.41458
-3.47233
-4.87531
-2.72675
-3.91886
-1.88704
-1.26271
-1.73765
-1.07592
-3.29895
-5.00526
-1.64166
-1.60697
-4.79273
-5.46805
-2.02715
-3.21916
-5.12582
-5.41546
-2.0876
-2.544
-3.33233
-1.54946
-2.35663
-1.7913
-5.04801
-4.65774
-2.72545
-1.1438
-4.47684
-1.10126
-5.58237
-5.25254
-0.988418
-1.08497
-3.84589
-1.11173
-5.35283
-4.49289
-4.64202
-2.57977
-3.31936
-4.4915
-0.743159
-2.74824
-3.52855
-2.1186
-2.2199
-4.50259
-2.92319
-2.78275
-3.74219
-2.72722
-4.84451
-2.59606
-4.33306
-2.2151
-3.02424
-0.916526
-3.46408
-4.31941
-5.23318
-4.53598
-0.579321
-4.62883
-0.780571
-1.7612
-1.62407
-2.96228
-4.95542
-3.35652
-5.65913
-3.49057
-1.55017
-3.13538
-0.786153
-3.94115
-5.11053
-2.63166
-1.1706
-4.41702
-0.047634
-1.11008
-4.10319
-3.3497
-4.62785
-3.48837
-5.01714
-1.02994
-5.00382
-4.32793
-0.833561
-5.65062
-1.56292
-4.17404
-1.49013
-4.79239
-5.2037
-1.49909
-4.68454
-4.39536
-5.78483
-3.53588
-3.30082
-4.95991
-4.83259
-3.89113
-0.886879
-1.18158
-5.34935
-4.74898
-1.30863
-1.20027
-3.96234
-1.79134
-1.65136
-1.54717
-5.36095
-0.319628
-1.75052
-4.4934
-5.99316
-0.607387
-3.05126
-5.70479
-3.3827
-2.50024
-1.88974
-1.17542
-4.2922
-0.508091
-5.02987
-3.35313
-0.677331
-3.96442
-3.35948
-5.12434
-3.30205
-5.53933
-2.53262
-4.17392
-1.18872
-3.41244
-4.82495
-5.00272
-1.85434
-4.75732
-0.994985
-3.31481
-3.35406
-5.26344
-4.00004
-2.27761
-5.85761
-5.29898
-4.74475
-5.72444
-1.18295
-0.666812
-3.11691
-5.7344
-4.70715
-4.5901
-4.01841
-5.2275
-5.20855
-2.02918
-4.85574
-5.03781
-0.622299
-0.656425
-5.10689
-2.12709
-1.75676
-1.15754
-2.85408
-4.76811
-5.53211
-4.60465
-2.8838
-1.98228
-5.10988
-3.51007
-5.24468
-4.51868
-3.34947
-3.28624
-4.28319
-5.70416
-5.71163
-4.68893
-2.06001
-5.10526
-3.54029
-5.62569
-3.62427
-1.16109
-0.947154
-1.48641
-4.71529
-3.39024
-1.14019
-5.07968
-4.36691
-1.4156
-0.434334
-3.38128
-5.22857
-3.77533
-4.24613
-3.09399
-2.40748
-2.8707
-5.31533
-4.74155
-4.6281
-4.0679
-2.46034
-4.37893
-3.93013
-2.09854
-5.67602
-1.37995
-5.32956
-2.52048
-3.27166
-4.39367
-2.86973
-1.35576
-3.16811
-4.27495
-0.89831
-2.3987
-4.28307
-1.52363
-0.93899
-0.992151
-5.16449
-3.39413
-3.47875
-1.63969
-4.81606
-1.05818
-1.87835
-3.15408
-4.81325
-1.06007
-1.11342
-2.0571
-1.80351
-3.91192
-5.08797
-4.82949
-3.30991
-3.44065
-1.17963
-2.49036
-0.559426
-2.58579
-5.05888
-3.28752
-2.06058
-1.97087
-3.40108
-1.16228
-3.97035
-4.64719
-1.82842
-5.1398
-5.33206
-2.89754
-1.45542
-3.5025
-0.681954
-3.88508
-4.14314
-5.0611
-1.14841
-1.68836
-4.74661
-1.52777
-4.9158
-1.11074
-4.89145
-2.84987
-2.97898
-0.874532
-5.93232
-3.51573
-5.61738
-2.19644
-4.7762
-3.78204
-2.59088
-0.956989
-5.37154
-1.73583
-3.14299
-3.45882
-3.53127
-1.26809
-1.20137
-1.96281
-4.34925
-2.62168
-3.34404
-5.18833
-3.5149
-1.83822
-2.96825
-1.554
-5.47141
-4.09379
-5.74501
-2.63744
-5.13546
-1.31137
-4.095
-3.24018
-5.022
-4.7666
-0.193409
-5.34026
-3.42319
-3.41409
-3.37772
-4.03927
-0.60024
-1.70075
-0.773104
-2.41516
-4.7718
-4.66731
-2.04409
-3.14029
-3.6521
-4.32338
-3.49112
-0.129332
-1.19041
-3.4719
-3.83179
-5.13826
-0.947593
-5.53462
-3.9023
-4.71929
-4.71788
-2.46632
-6.10249
-1.08096
-5.02246
-3.16179
-4.57491
-0.462953
-1.2185
-4.85731
-2.5592
-3.74795
-3.56971
-1.62784
-5.1143
-4.82698
-5.37277
-1.41202
-4.26569
-4.64186
-3.37932
-4.97037
-3.25717
-4.2702
-4.43665
-2.54873
-2.25371
-3.89977
-2.36294
-4.73504
-5.53467
-4.7212
-2.74558
-3.21293
-5.39862
-0.854249
-4.66744
-0.804208
-2.79878
-5.53648
-0.829593
-5.17272
-2.51465
-1.83231
-1.7
-3.44243
-3.39557
-4.55798
-1.19386
-1.2445
-0.933628
-3.91332
-5.08407
-1.17465
-5.6345
-3.79096
-0.651455
-2.51027
-4.27412
-1.83628
-2.9223
-3.30829
-2.24536
-1.84031
-3.36161
-5.87216
-1.87857
-0.9034
-5.74261
-2.1332
-2.11723
-3.38566
-4.7534
-1.20379
-1.08884
-5.12316
-1.04815
-3.74621
-4.73649
-3.28982
-4.72462
-3.00039
-2.9686
-3.30253
-4.99572
-3.24799
-4.7256
-2.38345
-4.95631
-3.61337
-2.65933
-1.78438
-1.02418
-4.10204
-5.41607
-4.01484
-4.97493
-3.37318
-3.65799
-3.27955
-2.39498
-2.92929
-1.82974
-4.28167
-5.03239
-2.84044
-2.93728
-4.8089
-3.28771
-2.31886
-4.70844
-1.21056
-3.37652
-0.693087
-0.483488
-5.31974
-4.73249
-1.62687
-2.44614
-4.80875
-1.88388
-0.957517
-3.99346
-1.37572
-1.71644
-4.7874
-1.41023
-1.96399
-5.58305
-1.84628
-1.14807
-4.81823
-4.97122
-4.97495
-4.13449
-0.508781
-1.77057
-0.496658
-3.7778
-4.50394
-1.29356
-5.09465
-3.50785
-4.44392
-2.79903
-5.71454
-0.938035
-1.73799
-5.29433
-0.696889
-2.07688
-4.75861
-5.35107
-3.41278
-4.13905
-0.876333
-4.92003
-0.548778
-3.84522
-1.30643
-2.70066
-4.68417
-5.68446
-1.12255
-5.01849
-3.83777
-5.06637
-5.35821
-5.27763
-1.84666
-0.968267
-3.38442
-4.1813
-4.57917
-1.6494
-3.00016
-5.07539
-1.98044
-1.97523
-4.41919
-1.83219
-4.49853
-0.995596
-2.96784
-3.81852
-2.07239
-5.2659
-5.38975
-1.77679
-1.86668
-4.15675
-1.09094
-4.81067
-2.99983
-4.72178
-1.64153
-3.31315
-2.84706
-1.66946
-4.75051
-5.49227
-2.4287
-5.13554
-5.39176
-2.46528
-1.16724
-1.10635
-5.66191
-4.41096
-1.97506
-5.32313
-4.25583
-5.62456
-3.38241
-3.38055
-4.3246
-5.31349
-1.89273
-5.11047
-5.31858
-4.52972
-4.0693
-4.73154
-4.04055
-4.00208
-4.74356
-3.81707
-2.56452
-3.00017
-4.8414
-1.82191
-5.73192
-3.91139
-4.19411
-4.55687
-4.26294
-4.88711
-5.04172
-1.60591
-2.90801
-3.16699
-1.13005
-5.12357
-3.42035
-2.68505
-1.73151
-0.724013
-5.66158
-4.36775
-1.46142
-4.73744
-5.25695
-1.69696
-4.31372
-4.38284
-3.5673
-2.84591
-4.38637
-2.58966
-2.72165
-5.64286
-3.30612
-4.6622
-4.93304
-4.9004
-4.49623
-4.74358
-4.15139
-4.65365
-3.74235
-5.69358
-2.81687
-1.81585
-3.01936
-4.24342
-1.66848
-3.48841
-3.73888
-4.62454
-3.38156
-4.44089
-1.27593
-2.95803
-4.06149
-0.46125
-4.11867
-1.75461
-4.41051
-1.20191
-4.73047
-5.0474
-1.72634
-4.6347
-4.79091
-5.06986
-0.849047
-3.37802
-1.63808
-3.13851
-3.04667
-0.806213
-4.56172
-1.41794
-4.23966
-3.79415
-2.52498
-2.84128
-5.06294
-1.63085
-3.45271
-4.85494
-4.67368
-4.48652
-4.28808
-3.04182
-1.98758
-1.18645
-3.6799
-1.15909
-3.43023
-0.890079
-2.60788
-1.78466
-4.2191
-1.06105
-1.75774
-2.89373
-4.68087
-4.62224
-1.19886
-4.34367
-1.2005
-4.79595
-1.04879
-2.61071
-0.922244
-2.58749
-1.75621
-4.63782
-6.23271
-1.08974
-3.24991
-2.27801
-1.19488
-3.57239
-0.871411
-2.33297
-1.13959
-4.02964
-4.86461
-2.39287
-3.82501
-3.26898
-4.7462
-4.02853
-2.97834
-1.95529
-3.22754
-4.35067
-1.74675
-1.48806
-5.09153
-4.78732
-2.44709
-5.25922
-1.20223
-2.59819
-4.49626
-5.22685
-1.15101
-3.66277
-2.68219
-3.38534
-5.4441
-5.17486
-4.41315
-1.63522
-4.81817
-4.95828
-3.29271
-5.20996
-4.42836
-4.18602
-0.227857
-2.47544
-3.38634
-4.33512
-5.72722
-4.50012
-5.03108
-4.25327
-0.674862
-3.32507
-1.30538
-1.145
-2.88321
-1.72633
-3.6412
-3.07126
-2.4463
-4.71519
-0.651774
-2.89573
-3.42485
-3.85647
-0.614486
-4.82174
-3.59433
-5.40626
-1.77351
-4.1309
-4.79387
-1.93123
-4.27666
-2.89657
-0.904092
-3.97024
-1.48196
-4.67542
-0.685883
-2.8883
-2.59653
-4.73811
-3.49751
-3.89887
-5.03656
-3.40272
-4.51188
-5.11206
-3.22838
-2.71838
-4.51752
-1.28027
-5.5576
-4.86536
-3.80482
-4.48948
-3.37691
-5.14539
-1.73716
-1.85075
-0.673942
-3.27499
-4.26441
-4.53851
-3.48665
-1.12225
-5.25002
-3.24738
-0.702416
-4.34376
-5.77834
-0.297919
-4.33249
-5.04394
-4.373
-3.38397
-4.25921
-3.98098
-4.03171
-3.69669
-4.39421
-4.43846
-2.91824
-0.596687
-4.46643
-1.50876
-0.803782
-3.30248
-3.50092
-1.19325
-3.97476
-4.91018
-3.92409
-0.752081
-5.84417
-3.4933
-5.5958
-1.15719
-4.96509
-3.61545
-1.38851
-2.25914
-0.698557
-4.20488
-3.53316
-5.1935
-3.02467
-4.19428
-2.46978
-4.78372
-2.99409
-4.79819
-0.845724
-3.62567
-1.06184
-1.07774
-1.12704
-0.511069
-4.33164
-1.20327
-3.50272
-4.30781
-4.71084
-5.08454
-2.50173
-2.32115
-1.99141
-5.23649
-2.72253
-4.75888
-5.21953
-4.34526
-1.68279
-4.8942
-3.49723
-4.16886
-4.6686
-4.67404
-2.89212
-5.44374
-3.39777
-3.51499
-2.74111
-1.14009
-2.48405
-1.1358
-4.30761
-4.69048
-1.23623
-2.0136
-2.20738
-0.946112
-0.706443
-4.31752
-4.29671
-2.48941
-1.22018
-4.57337
-3.08044
-3.62654
-4.0491
-3.98565
-2.18353
-3.1375
-3.26073
-3.48333
-4.36553
-3.76221
-2.50775
-4.4545
-4.69052
-3.39483
-4.43046
-2.3125
-2.32998
-1.72882
-2.50407
-4.73695
-1.11974
-4.56605
-1.74907
-4.40217
-3.94187
-4.19407
-2.81651
-3.04682
-2.96562
-3.94605
-0.67563
-3.89468
-3.3624
-4.06393
-3.00163
-1.12741
-4.26769
-0.999681
-1.21006
-1.70708
-1.7269
-4.37766
-3.93609
-3.90735
-4.59248
-2.70982
-2.11258
-0.710819
-4.63548
-1.98225
-4.71893
-2.46609
-2.83179
-1.15296
-4.42955
-1.59544
-4.71546
-0.519669
-3.37802
-3.39909
-1.17497
-3.14431
-4.78747
-2.42863
-3.35173
-5.20845
-1.63569
-5.20013
-3.55221
-3.44022
-3.71376
-4.62646
-4.83286
-3.37847
-3.96577
-3.63389
-4.87049
-5.2826
-3.56145
-2.50876
-1.30439
-3.82816
-4.46479
-5.38501
-3.39831
-4.23311
-1.07657
-4.39443
-2.12063
-1.72234
-0.88157
-3.34085
-3.92026
-1.27584
-1.83355
-4.19628
-4.41808
-1.08798
-4.67505
-4.78588
-5.57431
-3.35364
-2.91312
-1.25497
-4.68802
-1.10116
-3.36323
-0.832414
-5.56299
-4.38726
-5.33302
-1.04874
-4.35718
-1.00989
-2.97371
-2.62055
-2.63102
-3.33718
-0.877483
-4.68161
-1.82874
-4.19497
-3.40528
-3.49477
-5.11048
-3.55477
-3.03086
-2.07608
-4.79934
-5.37502
-3.07386
-2.06374
-3.36041
-4.29273
-4.47143
-4.50805
-4.95297
-4.41054
-1.80972
-3.37395
-4.90632
-4.36939
-4.79683
-3.87958
-5.24836
-3.12228
-4.416
-3.358
-3.79632
-3.9582
-3.47426
-5.08633
-5.09839
-2.98433
-1.89027
-1.50127
-4.4674
-4.93093
-4.7427
-5.26025
-4.21755
-5.05793
-4.59721
-4.15725
-1.37292
-3.9788
-3.38413
-4.35485
-5.39993
-4.65062
-3.37967
-5.17609
-1.05065
-4.88244
-0.890923
-3.2943
-2.39795
-3.25999
-2.08345
-4.77433
-2.03616
-5.28574
-1.12894
-4.17601
-5.2601
-4.35827
-5.08812
-3.41676
-3.79786
-1.08333
-5.0197
-3.2835
-5.86662
-3.20128
-1.82747
-2.84593
-2.47339
-5.76908
-4.84399
-0.991995
-4.68765
-4.45984
-5.54591
-3.97654
-1.23707
-3.70159
-1.14503
-1.09113
-1.15144
-3.63821
-3.27388
-2.60637
-0.985564
-3.32286
-2.49087
-2.51267
-3.87913
-1.06115
-5.09049
-4.61013
-0.897288
-2.63688
-1.19867
-3.02966
-1.14505
-1.19788
-5.07389
-4.28334
-1.38681
-2.57007
-3.05359
-0.923641
-4.76687
-2.6387
-1.35784
-2.8347
-4.16017
-5.7937
-3.03079
-3.96205
-4.19659
-0.522057
-4.99996
-5.00086
-2.42395
-5.23605
-3.54379
-3.37117
-4.3963
-2.58387
-1.43132
-4.12032
-5.17056
-5.04181
-4.31351
-4.21039
-3.5935
-5.26782
-5.12369
-3.59534
-4.75885
-4.35736
-3.50149
-4.85722
-4.86995
-3.21305
-3.59615
-0.451336
-5.21524
-3.56194
-2.53515
-1.55286
-1.64141
-4.50029
-3.02076
-1.12595
-1.97361
-1.83499
-3.39195
-3.35561
-3.22958
-2.99999
-6.06536
-1.71006
-5.87203
-2.92905
-4.53564
-5.00722
-2.23269
-1.08247
-1.21189
-3.47108
-5.70352
-3.82721
-5.3491
-3.55182
-3.76704
-1.63042
-1.83111
-1.42914
-4.33505
-1.28675
-4.77231
-4.47541
-1.24114
-5.06513
-3.41648
-0.68985
-4.67562
-1.83937
-1.71112
-4.73592
-0.661498
-4.1838
-4.30121
-2.97319
-3.43248
-0.697056
-2.51356
-4.32657
-1.10185
-1.61794
-1.74663
-4.47415
-4.54596
-1.98043
-4.77518
-4.37157
-5.08515
-4.43132
-3.89829
-2.43821
-4.87595
-4.31423
-4.69401
-4.76791
-4.34178
-4.3265
-4.71011
-3.37969
-0.66061
-2.79564
-3.72604
-3.05433
-1.02891
-5.71934
-1.03548
-3.65053
-4.4627
-3.65882
-3.44573
-1.69439
-5.37723
-4.43435
-5.17403
-1.69547
-4.05034
-1.11827
-1.08331
-1.7867
-1.96018
-4.19991
-4.8474
-1.82838
-4.62759
-0.861815
-3.744
-4.10879
-2.70579
-1.02472
-5.22185
-1.16259
-3.98465
-3.38771
-1.04722
-1.58869
-5.1895
-1.38379
-4.40272
-4.14086
-3.48688
-4.56122
-3.4311
-1.06984
-5.58332
-1.06373
-4.19928
-1.69492
-3.03424
-0.846166
-4.70018
-1.72457
-5.10729
-1.22193
-3.37957
-4.74685
-1.13716
-5.0859
-2.54039
-0.741547
-4.29981
-4.7276
-0.0717056
-5.28937
-5.15064
-2.36149
-0.673912
-3.52419
-1.09982
-4.82691
-3.91595
-5.10379
-3.41448
-4.31974
-4.8256
-3.38161
-2.4484
-1.37002
-1.38505
-4.30138
-4.38167
-5.98609
-1.83542
-4.9444
-4.71473
-1.55621
-4.77699
-5.19177
-3.4743
-1.17222
-2.86287
-1.43243
-3.28017
-3.9055
-4.47604
-2.06497
-3.38753
-3.58239
-4.96974
-0.001157
-2.75479
-2.38273
-5.26802
-4.4959
-0.767424
-3.48151
-2.38175
-2.46062
-0.753862
-4.20784
-3.49816
-3.04719
-4.90414
-1.11268
-4.12693
-3.95293
-4.59783
-3.66657
-4.96323
-5.20145
-0.943078
-4.43071
-3.42087
-3.84235
-3.2821
-3.35492
-3.57355
-2.51428
-4.25416
-5.40401
-3.77795
-4.07458
-1.83305
-4.75439
-4.27716
-1.38941
-3.3837
-0.813448
-4.485
-3.36932
-4.72789
-0.993021
-1.68129
-2.56306
-1.70068
-4.57475
-4.49238
-4.9085
-0.568976
-4.72141
-5.79671
-4.67039
-1.057
-1.83721
-1.93809
-2.45952
-4.2083
-3.06141
-3.19682
-2.56507
-3.48108
-2.63654
-3.15436
-5.18818
-3.567
-4.19408
-4.98504
-6.08514
-1.47541
-5.17505
-3.79396
-1.61551
-4.51524
-4.85993
-1.00087
-1.34324
-0.492747
-1.36713
-1.01649
-3.52087
-3.48049
-4.86441
-5.54877
-5.03489
-3.46065
-4.86757
-1.45225
-5.35517
-3.9558
-3.39858
-3.11204
-3.34675
-5.22906
-1.84855
-5.14236
-2.57304
-3.4191
-2.98213
-1.19338
-1.0497
-5.3835
-0.921761
-4.87821
-3.62887
-1.8663
-1.29772
-4.81069
-1.11751
-5.27383
-1.75352
-0.788863
-1.40617
-4.06873
-0.920032
-2.22828
-2.51729
-4.62569
-5.02041
-1.62589
-1.92139
-5.91852
-4.38679
-5.52326
-3.81715
-4.36679
-0.965341
-2.88546
-1.54989
-1.16653
-4.64004
-4.89499
-3.61825
-3.62281
-3.50185
-4.74824
-1.63945
-4.47661
-4.80995
-0.970058
-1.08986
-2.54667
-4.8428
-5.24679
-4.64654
-4.35604
-5.97736
-1.84019
-4.28747
-1.91499
-4.88516
-0.805538
-1.86427
-1.71258
-3.73505
-5.38166
-3.38466
-1.17485
-3.54153
-1.19904
-2.98321
-4.17452
-4.83792
-5.5377
-4.74484
-1.13602
-3.4797
-3.51867
-4.26721
-2.9012
-1.47314
-4.34617
-5.28335
-4.96281
-3.56036
-2.56482
-3.40579
-3.41948
-1.19922
-5.19241
-1.13411
-4.6225
-3.26113
-3.77896
-1.76061
-1.13289
-3.43156
-3.43591
-5.29607
-1.71732
-3.39599
-3.93836
-1.2307
-3.33713
-2.6822
-4.36268
-3.32934
-2.47622
-4.59577
-3.34408
-1.47764
-1.12625
-4.80866
-0.687471
-2.36251
-3.38001
-3.87023
-2.34158
-1.77784
-5.00595
-4.50852
-0.711284
-0.856923
-1.84994
-3.53737
-0.923893
-4.24015
-1.90817
-2.45057
-2.37757
-5.25852
-2.44975
-1.47437
-3.18594
-1.47571
-4.42867
-4.3318
-2.39166
-5.47201
-2.93742
-2.63923
-2.62037
-4.83613
-1.6245
-1.742
-1.84225
-3.30808
-4.7755
-5.12081
-1.20119
-3.4869
-4.56787
-1.17413
-1.10947
-4.08997
-4.23181
-3.2205
-4.97124
-5.25563
-1.12415
-1.12968
-1.15622
-4.87138
-4.52835
-4.36372
-2.95405
-5.03631
-3.82004
-4.93539
-3.53276
-4.56399
-3.113
-3.88544
-5.07548
-4.03244
-3.35793
-0.855262
-4.63893
-4.83662
-5.07672
-4.97868
-5.08551
-2.85867
-1.192
-1.54966
-3.08172
-3.41855
-4.36933
-3.63721
-2.61721
-4.33878
-3.87302
-2.81738
-1.77891
-0.848052
-5.2935
-1.3649
-1.6795
-1.05833
-3.95714
-5.30807
-5.19973
-0.921971
-4.60728
-3.82292
-6.13351
-4.36973
-2.833
-2.37679
-2.64828
-1.95838
-2.70696
-3.01223
-3.53136
-4.98333
-4.7384
-4.0937
-0.7603
-3.43991
-1.90855
-4.31037
-1.08486
-3.03724
-0.689657
-3.65727
-6.13779
-4.54978
-4.85077
-1.97534
-1.72249
-5.71152
-3.99567
-1.82478
-3.45996
-5.58952
-2.19686
-2.51546
-4.38134
-3.39892
-0.958093
-4.81895
-5.01847
-3.72724
-3.38129
-4.89832
-3.80682
-4.20343
-5.41001
-1.08124
-0.149028
-1.42131
-3.32323
-3.3058
-3.34096
-5.0377
-4.31244
-4.58956
-3.63205
-3.35775
-0.957612
-2.77282
-4.7134
-1.92498
-5.1889
-3.56419
-4.83716
-4.69552
-3.02431
-3.45282
-3.49448
-1.14602
-1.14169
-2.63844
-4.3657
-1.62781
-5.18532
-2.41855
-0.764915
-5.34544
-3.41541
-3.84032
-3.43705
-3.66516
-3.70439
-0.946376
-1.29759
-4.0672
-0.578281
-4.17542
-5.09014
-2.2059
-3.24071
-0.656617
-0.674272
-4.06404
-0.693249
-1.50446
-4.02084
-2.37592
-1.20853
-2.9732
-2.77928
-1.16178
-2.6713
-3.9998
-5.19678
-3.25984
-0.746082
-5.26523
-0.0180401
-1.84372
-3.22852
-1.10545
-3.60173
-4.44715
-3.36427
-3.43332
-1.68506
-1.02384
-5.38207
-2.72948
-3.43921
-0.744518
-5.76816
-3.21751
-0.781512
-3.82339
-1.48893
-3.08416
-4.18525
-2.08615
-4.81918
-3.70454
-0.775702
-4.36401
-3.85351
-1.09827
-5.3385
-1.18748
-3.50727
-4.22609
-5.18052
-1.3139
-5.7426
-3.28514
-4.69871
-1.63851
-3.5662
-3.55129
-1.83
-2.89611
-5.03923
-2.27892
-5.08931
-1.71228
-5.2759
-1.82826
-2.18422
-2.62506
-0.264808
-2.37178
-4.99012
-2.37626
-3.38598
-1.87182
-4.87535
-3.71298
-1.07771
-4.93549
-0.699626
-0.736367
-3.45385
-4.14441
-3.43742
-0.763367
-1.16125
-3.36931
-4.21977
-5.23548
-3.98454
-2.70236
-3.40468
-1.40798
-2.99795
-3.63415
-3.92319
-5.08808
-1.30665
-1.33879
-1.22861
-3.20342
-4.743
-6.03849
-4.32198
-5.18478
-0.670346
-5.32075
-4.9345
-1.6641
-5.04821
-4.6835
-1.27474
-3.4705
-2.96961
-3.84641
-1.78815
-0.921189
-1.62808
-3.39251
-0.764589
-3.66099
-4.53819
-3.51609
-4.11504
-4.61826
-0.967277
-5.3138
-0.95483
-1.20054
-1.09976
-4.10746
-2.66217
-2.6696
-2.72191
-1.17243
-3.40128
-0.81358
-4.7043
-3.83693
-3.03561
-4.77044
-1.29478
-0.985499
-5.49117
-3.50246
-1.21455
-2.13477
-5.19067
-4.77399
-4.22598
-1.79577
-2.71373
-3.47177
-1.57937
-4.34578
-5.33204
-3.35876
-3.63721
-0.93078
-2.72931
-3.40133
-0.763703
-5.03338
-5.15531
-3.86754
-3.3497
-4.96847
-4.35073
-1.06333
-0.943007
-3.58575
-4.87946
-3.25299
-3.2986
-1.37074
-3.64047
-0.952313
-4.75715
-3.0973
-1.95863
-4.74201
-3.42796
-2.48511
-1.15822
-4.7547
-1.19326
-2.49628
-2.10487
-2.83304
-4.71789
-5.49871
-4.61799
-4.58752
-5.64301
-1.40732
-1.65089
-0.992857
-0.897292
-3.49683
-4.76381
-5.42868
-3.85193
-2.27345
-3.70245
-5.11295
-0.817496
-1.87648
-3.87961
-1.94716
-3.42067
-2.39375
-3.71685
-0.514208
-5.03077
-4.58835
-4.97284
-3.96642
-4.59507
-2.40524
-0.985761
-1.15283
-0.815733
-2.63063
-5.20405
-2.16941
-2.37168
-4.31897
-4.73774
-2.53699
-1.18094
-3.20964
-2.40704
-4.21227
-4.46984
-4.87558
-3.00526
-1.83115
-1.22908
-4.63553
-2.5994
-0.777214
-5.04954
-1.27955
-1.19074
-4.64068
-0.471488
-3.9943
-5.28722
-4.87107
-5.23534
-1.64765
-4.35922
-2.7002
-3.39317
-3.55443
-0.926384
-3.52538
-4.73388
-0.749608
-1.58621
-5.42322
-1.61516
-1.05885
-4.68867
-1.47471
-4.79674
-3.75986
-5.42475
-4.35637
-4.18123
-5.05394
-4.8302
-2.16721
-3.81579
-3.40561
-1.80366
-0.808009
-5.08032
-5.28002
-0.976313
-1.14194
-5.2344
-1.1427
-5.00846
-3.53189
-5.00179
-3.06653
-1.29752
-3.58188
-4.89041
-3.37894
-4.76318
-2.10063
-3.02778
-1.46174
-3.3004
-0.97041
-4.15367
-4.16556
-3.46193
-1.13785
-1.05974
-1.13216
-4.75048
-1.34488
-3.11086
-1.22883
-4.0988
-4.66424
-4.74942
-0.660318
-1.33739
-1.71967
-1.15293
-3.48937
-0.81792
-1.05867
-5.40524
-0.905414
-4.62921
-3.44303
-3.38081
-4.7757
-4.36006
-1.72277
-1.17379
-1.70637
-4.32226
-3.34108
-3.12394
-4.1675
-0.918291
-1.88701
-1.99548
-4.25887
-2.62724
-1.01672
-3.37519
-5.23061
-5.09606
-0.963146
-4.46256
-4.88402
-5.58007
-4.8027
-5.04352
-3.68834
-5.54774
-4.86327
-3.82812
-1.70827
-4.99778
-3.79121
-3.586
-4.55256
-0.674515
-3.17953
-5.47143
-4.59184
-3.32945
-5.2971
-3.72334
-0.9669
-2.02739
-3.76981
-4.24497
-5.49147
-1.98408
-1.72064
-0.978961
-4.70538
-3.78434
-4.56112
-2.92661
-4.02674
-1.00877
-4.18787
-4.98421
-0.847939
-3.4805
-3.46675
-5.10143
-1.66316
-0.995568
-0.954779
-1.18123
-3.4798
-0.873528
-4.52206
-0.793478
-3.49632
-1.81995
-0.966
-5.04616
-5.39819
-1.21741
-4.93195
-2.4298
-1.12433
-0.743559
-5.09808
-1.48878
-5.44951
-5.38383
-4.43014
-3.57235
-2.83883
-1.65842
-1.10885
-3.47403
-4.73733
-2.42062
-5.73341
-4.0757
-4.43267
-1.10002
-4.48253
-2.97442
-1.27257
-1.38059
-2.54965
-0.738663
-0.975855
-3.31896
-2.02434
-4.70205
-1.19026
-2.81796
-1.13835
-4.78085
-5.12358
-2.4572
-4.44789
-0.92419
-4.5325
-1.83481
-3.02166
-2.93014
-3.79196
-2.04798
-4.4014
-5.04429
-2.87201
-1.00128
-5.21573
-0.758901
-2.4966
-3.51236
-0.934612
-1.19813
-1.08936
-3.80246
-5.24423
-3.67985
-4.73752
-5.03138
-3.44279
-4.82772
-1.05203
-6.05506
-4.04599
-4.55596
-4.24197
-3.32562
-4.97216
-5.49776
-1.11456
-1.83444
-4.57337
-1.20446
-1.88331
-4.92749
-3.83184
-3.32188
-3.37631
-4.9993
-1.14373
-0.552277
-3.85943
-0.634689
-5.03352
-4.81195
-4.87586
-3.49179
-4.45384
-1.13921
-3.53327
-3.10829
-4.63163
-4.09104
-5.06966
-3.81464
-3.29425
-4.74884
-3.0738
-1.44682
-4.74517
-2.54977
-4.25924
-4.35384
-0.748881
-4.3159
-4.95856
-3.45174
-1.13691
-0.776654
-0.888533
-3.18072
-3.44304
-3.49229
-3.38398
-4.23152
-5.54084
-5.19641
-0.844531
-3.50076
-4.01251
-3.01168
-1.64731
-3.89399
-0.764796
-4.92692
-0.927105
-1.14123
-5.7133
-4.07453
-2.07193
-1.02348
-4.79919
-1.06492
-4.66305
-2.47593
-3.88863
-3.45801
-5.21801
-3.72745
-1.18886
-4.43248
-3.37384
-1.36625
-0.920033
-5.24217
-1.41711
-5.10971
-4.89485
-3.17001
-0.754121
-2.79159
-1.1067
-5.17191
-4.01374
-3.0064
-2.2101
-3.46722
-4.20575
-1.1659
-3.35978
-3.38377
-5.2525
-4.9705
-1.21147
-3.42687
-4.47167
-2.22538
-4.1944
-4.73105
-3.49257
-4.89716
-4.06319
-2.94603
-5.04393
-3.38305
-1.14778
-0.792581
-1.11748
-0.991237
-0.846186
-4.67206
-2.10396
-5.14754
-1.53061
-1.87388
-0.617072
-1.02931
-4.44488
-4.23857
-4.60091
-2.30755
-3.10252
-0.425404
-0.749069
-1.13824
-3.28655
-3.75212
-4.76594
-1.1953
-3.47529
-3.34939
-0.743732
-1.17849
-4.89412
-5.24502
-2.09452
-3.20684
-4.74262
-4.46761
-0.794274
-0.799653
-2.41282
-2.48374
-3.48828
-4.62689
-1.10077
-4.92417
-4.99264
-1.72636
-5.81961
-3.34926
-3.38535
-4.93755
-2.64108
-5.09134
-0.984483
-0.794938
-4.27402
-3.01343
-2.08927
-0.729491
-5.07799
-3.50324
-0.90529
-4.3459
-3.11851
-4.25202
-2.6182
-1.15612
-0.958984
-1.22355
-3.98741
-3.06108
-2.78089
-4.70063
-3.57278
-4.75377
-4.34639
-3.59969
-4.73275
-5.56509
-4.69316
-3.39968
-4.84001
-4.79447
-1.74962
-0.680277
-5.61275
-4.41998
-2.35727
-4.65948
-0.709007
-4.68857
-3.55012
-0.702463
-3.07586
-2.97979
-4.54897
-1.19832
-3.48573
-4.8736
-1.19729
-2.96718
-0.974412
-5.34946
-4.1869
-4.98625
-3.05101
-4.71395
-4.93639
-4.54469
-4.76561
-0.948503
-0.986786
-4.16713
-1.1454
-3.07795
-1.72454
-3.57599
-4.75208
-1.00922
-3.43044
-4.62234
-4.71403
-1.11821
-3.36936
-1.61537
-2.92061
-0.969019
-2.67232
-4.22443
-4.82773
-0.809068
-4.71764
-3.68276
-1.17093
-3.76055
-1.0638
-1.17897
-1.95013
-2.72019
-3.13887
-4.80571
-5.3226
-4.53958
-2.04789
-4.38672
-4.47792
-1.82395
-0.934933
-1.99188
-2.98702
-1.90098
-4.16551
-3.45129
-4.08879
-1.42474
-2.51119
-3.34211
-2.39886
-2.99975
-4.3589
-4.66743
-5.01125
-2.71045
-3.81756
-5.41534
-3.1676
-3.02989
-3.35393
-3.3271
-5.35805
-4.01816
-3.86051
-1.07111
-3.78123
-3.53942
-4.48451
-2.48034
-3.40369
-4.92811
-4.72829
-3.05664
-1.4036
-3.0667
-1.00772
-4.80713
-3.47976
-1.18708
-2.49988
-1.04173
-1.07796
-2.35517
-3.77899
-4.59066
-3.33815
-3.35636
-3.48777
-3.44831
-1.41075
-0.845816
-3.36985
-0.926868
-3.4801
-5.409
-3.43675
-5.02097
-3.57634
-5.03723
-3.43208
-2.62754
-0.508527
-3.58136
-4.74151
-4.82608
-4.81553
-2.80057
-4.96362
-2.98935
-1.18971
-4.80518
-3.3626
-1.0201
-2.30835
-1.08899
-1.94968
-2.63057
-0.928424
-2.3648
-5.73445
-4.20862
-3.65072
-5.19457
-0.458817
-1.67604
-2.91862
-5.7669
-3.36148
-5.15372
-0.463911
-4.42438
-3.20871
-3.38194
-2.78585
-3.34728
-4.84655
-3.58063
-5.3876
-4.87737
-3.23588
-3.78876
-4.83146
-2.84584
-1.83394
-0.969879
-1.19398
-0.930264
-1.46823
-2.07257
-0.999605
-1.03701
-2.96
-2.8102
-3.38951
-5.70394
-4.87359
-4.21318
-3.77531
-1.17076
-0.579993
-4.05505
-1.91115
-1.03438
-2.95644
-1.44918
-2.43494
-0.813841
-0.790659
-3.85615
-3.57938
-1.15219
-0.180342
-4.9598
-4.37513
-3.48305
-5.23632
-3.35848
-2.28741
-2.82189
-5.02428
-5.72808
-3.26348
-4.3867
-5.67472
-3.10272
-1.1424
-2.81645
-4.23474
-2.83171
-0.647933
-4.29108
-3.66195
-3.85727
-5.58311
-5.43194
-1.0907
-4.17596
-3.17056
-3.81815
-5.40642
-3.10912
-3.35964
-1.00541
-3.44338
-1.10189
-1.00848
-1.09178
-1.48884
-1.80376
-4.14932
-1.89181
-4.04933
-3.90012
-2.59832
-4.5837
-4.42594
-1.19127
-0.23928
-3.51002
-1.09598
-4.93202
-4.81958
-2.36749
-5.74393
-1.0499
-4.43444
-3.38047
-3.84811
-3.06016
-5.3801
-4.75691
-1.63171
-3.7822
-3.41844
-0.909688
-1.86261
-3.36327
-3.56008
-1.0954
-4.31831
-4.55402
-3.66254
-2.06347
-0.720947
-1.30481
-1.10122
-2.40081
-0.542672
-1.01873
-3.43219
-4.22449
-3.54417
-2.00702
-3.75055
-0.901613
-1.48394
-1.00382
-5.47579
-3.92106
-4.26198
-0.981984
-4.57885
-4.67189
-2.69797
-4.31368
-5.16476
-4.65382
-3.51512
-3.55173
-3.65993
-4.05728
-3.81478
-1.15021
-4.44256
-3.37304
-3.50674
-3.99321
-4.4039
-1.10106
-3.90593
-3.36977
-1.64694
-4.47465
-0.951175
-4.83861
-4.64925
-0.254323
-2.2887
-4.92568
-4.31648
-1.18622
-0.91462
-5.44463
-1.33678
-1.48993
-5.39923
-4.34857
-3.63382
-2.52669
-1.16676
-4.16785
-5.66767
-4.77422
-4.84585
-3.52462
-2.85093
-5.08376
-3.6564
-1.07092
-3.40825
-3.47803
-5.72555
-4.18613
-2.24416
-4.09616
-1.0217
-4.63105
-4.18844
-3.62179
-3.13844
-4.66436
-1.91459
-1.31039
-4.39362
-4.79394
-3.58496
-4.36449
-3.391
-4.6856
-1.13844
-2.55665
-4.31405
-2.43949
-5.46467
-3.55304
-0.58118
-4.73419
-2.60639
-1.98439
-3.4806
-1.11934
-1.18784
-4.69196
-3.65165
-0.521654
-0.538612
-1.46088
-3.47018
-1.18624
-4.79742
-4.21213
-4.24144
-3.20053
-0.852891
-1.14727
-1.83107
-1.19338
-5.36587
-3.54994
-3.38706
-2.48943
-4.41287
-1.38052
-3.39192
-0.759064
-1.1548
-4.30542
-0.86308
-4.75283
-3.66581
-5.43349
-4.99105
-4.83663
-3.02217
-1.12639
-5.54453
-1.04547
-1.86354
-5.00304
-1.56632
-3.0182
-0.8845
-1.63637
-4.28052
-5.14235
-1.18204
-3.78667
-4.7964
-4.06492
-2.61526
-4.06552
-3.74924
-3.72988
-3.36324
-2.8409
-2.48351
-1.02179
-3.36503
-3.57297
-1.0577
-1.29665
-0.973634
-1.58127
-2.02446
-1.66364
-4.87341
-2.6946
-3.78137
-4.09776
-1.87033
-2.56341
-1.4157
-4.23855
-4.61673
-0.885487
-5.03632
-2.27864
-3.35123
-0.669565
-4.76486
-1.08947
-5.54611
-5.08677
-4.0618
-3.63071
-1.533
-1.19203
-1.04326
-4.55344
-5.10311
-5.425
-5.62205
-1.28522
-3.58016
-4.48208
-1.19565
-3.53345
-5.04265
-2.71711
-2.96532
-5.03427
-4.85887
-0.786916
-2.47121
-1.06142
-3.48482
-5.08977
-0.980694
-1.02529
-1.87387
-2.39492
-4.89887
-3.49722
-5.34399
-2.53824
-2.28515
-1.01049
-3.41477
-0.834546
-0.70462
-4.78789
-3.40426
-4.7095
-3.35361
-2.86384
-4.13274
-1.18226
-2.97797
-4.7802
-3.06828
-1.14447
-1.20219
-3.35867
-4.36973
-4.99209
-4.18294
-3.85427
-1.11329
-4.86449
-3.53351
-5.13715
-4.06877
-3.96859
-2.95434
-4.78653
-4.87059
-3.23085
-5.71882
-4.67867
-2.17772
-1.80992
-1.14852
-3.63692
-4.37784
-3.6076
-2.81946
-1.12129
-1.95494
-0.992578
-1.09762
-3.80225
-4.41414
-5.30978
-3.75076
-2.52648
-4.75148
-4.82446
-1.18034
-2.88215
-4.68203
-2.86649
-3.39046
-5.40179
-4.81345
-4.97808
-3.16668
-4.7496
-1.59771
-1.0411
-5.44841
-4.75739
-3.14701
-2.71923
-4.85662
-1.95546
-4.63127
-3.29624
-3.35099
-4.22259
-3.38751
-3.40717
-3.61984
-3.94297
-1.74661
-4.96728
-1.16246
-0.8341
-0.667581
-3.88408
-4.93367
-4.14343
-3.43131
-3.26296
-3.67428
-2.89452
-3.67094
-3.40598
-5.6406
-1.11841
-3.0984
-1.0637
-3.9781
-4.18507
-4.7746
-2.60124
-4.20965
-3.48028
-1.5414
-1.22607
-1.23359
-4.77414
-1.73122
-3.61987
-3.65454
-1.19492
-5.03633
-1.13602
-4.41972
-1.14651
-3.77283
-5.42198
-5.12262
-3.79233
-0.80677
-5.39069
-4.98979
-3.39081
-2.71992
-4.68621
-1.03488
-1.13831
-2.73063
-2.83269
-2.406
-3.43142
-2.38443
-4.06456
-3.2313
-4.71433
-1.90136
-1.87361
-4.8236
-5.45146
-4.98375
-3.33874
-2.44703
-4.00321
-1.1812
-4.94732
-4.96891
-4.55243
-1.19149
-1.33714
-1.19056
-3.71885
-1.42991
-5.65509
-4.35187
-3.36353
-3.58385
-4.74615
-2.37873
-4.15005
-3.37264
-2.48738
-4.05425
-3.37768
-5.59229
-0.602393
-5.00812
-1.25435
-2.7241
-3.68375
-1.19911
-5.4577
-2.48719
-5.02902
-5.21406
-3.48814
-4.94554
-3.29925
-3.64207
-0.876339
-2.11975
-1.40788
-2.52163
-4.2742
-4.63786
-1.18614
-2.30842
-4.80345
-4.81204
-3.35595
-1.99036
-4.32535
-3.4268
-1.10229
-3.24898
-1.08778
-5.19976
-2.23575
-2.55911
-5.33809
-1.09191
-3.41953
-4.78625
-4.22213
-5.10844
-4.78299
-4.30159
-2.96702
-1.725
-3.46899
-1.85033
-3.13595
-3.62026
-2.99414
-1.03624
-4.97411
-4.43687
-2.69059
-3.05892
-4.30338
-3.9084
-2.08808
-5.4031
-1.1122
-2.22978
-4.77558
-4.99827
-1.09658
-3.77647
-5.35096
-4.31697
-5.18397
-2.30367
-2.73077
-4.37182
-4.34719
-4.04654
-4.22466
-2.48489
-5.78392
-2.49888
-5.70881
-5.06156
-1.25496
-2.48025
-3.37807
-4.36236
-2.50486
-4.30359
-3.71921
-4.19249
-3.55984
-5.42207
-1.37014
-1.61485
-5.22291
-2.64858
-3.62206
-4.13622
-3.523
-1.08451
-3.67551
-4.96681
-1.05586
-1.03989
-0.90837
-3.90101
-3.67549
-4.33054
-1.11328
-4.12197
-4.56246
-4.65361
-4.89867
-3.40689
-4.96353
-1.11766
-0.917846
-2.66877
-1.02401
-0.958923
-1.0729
-4.68065
-1.18263
-2.57828
-0.742207
-2.83164
-5.58242
-4.31116
-3.33669
-1.11196
-2.46972
-5.24175
-2.14156
-3.16787
-0.871573
-5.74861
-3.12755
-3.74389
-4.99397
-5.57762
-3.30793
-0.938598
-3.49976
-1.71805
-5.24458
-4.36054
-4.31144
-4.84661
-1.04629
-5.21314
-4.82905
-4.99401
-3.51206
-3.05049
-4.88961
-4.98935
-3.42706
-5.34923
-3.91768
-5.16027
-4.81836
-4.52024
-1.72474
-4.42139
-1.44852
-1.8278
-4.96391
-4.83212
-5.7513
-1.2263
-4.21065
-5.31111
-5.33749
-0.953253
-3.47442
-5.08123
-5.09992
-1.09782
-5.81238
-4.72683
-3.71295
-3.61871
-5.60886
-0.945605
-4.56143
-5.03314
-4.24065
-4.54402
-1.59239
-3.4138
-3.47825
-4.91441
-2.45708
-5.4597
-1.31497
-4.07168
-5.45032
-0.839828
-0.433454
-1.05683
-1.3006
-3.37336
-1.10052
-5.70703
-3.82662
-3.44602
-4.97688
-1.14321
-1.18382
-1.79142
-0.96601
-4.68391
-3.67673
-0.966619
-4.73817
-3.48969
-3.36518
-4.67021
-1.05958
-1.38673
-0.972859
-3.31041
-3.63595
-4.56316
-1.10276
-5.1559
-5.19481
-2.65423
-4.74137
-3.33732
-3.93175
-3.7459
-1.97905
-4.08668
-2.90926
-4.74177
-3.3916
-5.28286
-1.09357
-4.68013
-5.30793
-6.01248
-3.52903
-5.14963
-1.38094
-0.745518
-0.891068
-1.04782
-5.63448
-4.38782
-2.48361
-3.89706
-4.08311
-3.25213
-4.68091
-5.24885
-5.24618
-4.54606
-1.04816
-1.82185
-2.2333
-3.48352
-4.86747
-3.47947
-1.14949
-1.13596
-2.84389
-0.835356
-3.48237
-5.06233
-1.81465
-3.48525
-1.11899
-1.51539
-4.46958
-2.30202
-3.88024
-4.31229
-0.928649
-4.879
-3.43831
-4.7374
-1.35344
-4.08991
-5.48479
-4.81791
-4.82655
-3.18867
-1.18864
-4.07794
-4.82537
-3.47675
-4.29872
-4.82968
-4.75577
-4.29735
-4.35472
-3.73842
-3.79727
-5.72622
-3.97643
-4.14278
-5.46019
-1.46424
-5.70696
-1.16715
-1.9128
-5.07073
-4.82172
-3.46325
-4.33576
-3.31942
-4.77171
-1.06305
-4.16904
-2.86843
-1.06966
-4.49441
-3.48672
-4.71406
-4.9078
-1.3662
-3.85998
-1.14731
-6.12346
-2.52755
-4.71749
-3.18911
-2.43096
-5.29849
-0.681458
-0.564893
-1.53116
-2.92197
-4.46064
-1.44723
-3.52006
-0.828982
-0.461182
-4.37706
-3.72118
-4.3571
-3.96715
-5.5926
-5.66414
-4.4679
-3.17589
-5.45836
-1.09687
-4.07719
-1.17674
-3.31066
-4.5924
-3.80815
-3.77338
-1.09421
-5.50457
-3.42469
-4.38176
-4.74141
-1.09587
-0.931187
-4.08656
-4.44042
-1.34844
-1.5899
-3.39278
-3.67914
-3.38096
-4.67451
-5.51684
-2.17164
-4.3468
-4.66596
-3.46263
-3.69867
-3.49127
-4.98955
-4.34111
-2.11536
-3.48037
-4.95355
-4.94822
-5.00328
-4.78231
-1.08084
-5.14144
-3.53997
-5.89246
-5.63249
-4.73969
-5.09242
-5.32883
-2.46904
-4.47433
-4.8801
-5.21565
-2.61606
-5.02472
-0.878695
-1.12141
-1.45235
-3.30929
-0.924067
-4.20395
-4.17684
-2.52395
-1.14329
-3.93306
-1.3645
-5.49352
-0.924751
-2.30863
-3.76295
-1.2303
-4.93303
-4.48823
-4.37009
-1.05641
-4.80473
-1.30349
-3.54551
-5.4044
-6.05408
-2.37511
-1.08444
-3.46468
-4.89293
-4.77416
-4.72219
-5.60879
-5.56794
-3.47544
-0.905624
-5.4918
-4.77341
-5.25107
-3.36044
-1.79323
-5.60924
-2.47116
-0.714069
-3.43007
-4.22694
-1.12945
-3.1246
-1.56493
-1.15991
-1.38021
-5.70455
-4.66771
-5.19722
-5.50313
-1.1058
-1.16743
-3.4301
-4.37888
-3.56378
-1.68025
-3.56352
-1.08612
-1.86601
-5.42375
-3.16747
-4.26269
-5.55352
-5.31265
-5.4024
-3.46458
-5.65764
-4.87419
-3.37304
-3.4655
-1.83329
-5.67864
-2.47887
-1.05864
-0.726235
-2.46399
-2.13936
-4.80516
-5.07192
-3.35086
-1.13618
-5.16211
-1.16495
-2.85591
-4.98326
-1.39382
-4.6894
-4.32451
-5.61088
-0.497788
-5.18751
-1.29065
-2.78996
-4.65775
-1.14184
-5.22499
-4.43263
-1.4908
-2.11129
-4.85385
-4.27003
-4.68357
-1.11787
-5.22428
-4.17855
-3.74094
-3.38811
-2.32888
-5.0286
-0.891943
-4.79213
-1.15027
-0.970055
-1.14936
-4.49951
-4.71085
-3.96363
-4.97098
-4.23443
-4.09008
-1.11016
-5.08431
-2.43219
-5.71442
-4.73963
-0.737578
-3.43194
-2.35744
-4.02589
-3.42764
-4.31376
-2.79059
-2.37033
-1.47127
-0.777416
-2.89574
-5.24451
-5.58566
-5.52944
-5.63031
-4.32839
-1.20001
-2.85635
-1.09684
-1.59561
-2.335
-5.62448
-1.67842
-4.66622
-1.40164
-1.14836
-1.1935
-5.48061
-5.22412
-4.80269
-1.1313
-1.81907
-3.14498
-1.1506
-0.889211
-5.30295
-1.82616
-1.87606
-4.41665
-6.11539
-4.91375
-4.26803
-4.13349
-0.10744
-1.99274
-0.138981
-4.42997
-4.92985
-4.54233
-4.2057
-5.75537
-2.45853
-4.07141
-4.96351
-5.05549
-5.06101
-3.64889
-4.86217
-5.28842
-5.65506
-2.6148
-3.59815
-3.3837
-1.06592
-4.18333
-5.10029
-4.86504
-4.70047
-5.53138
-5.32146
-3.67888
-4.72603
-5.41907
-1.18441
-3.60595
-1.0893
-1.22153
-4.981
-2.51309
-5.05695
-4.80199
-5.05638
-1.94092
-3.49297
-4.7318
-0.993563
-3.79591
-3.3864
-4.87813
-4.95354
-5.07408
-1.06897
-5.61225
-4.69665
-1.58867
-0.221636
-4.9642
-1.09441
-4.98519
-5.64412
-4.72882
-2.8623
-4.40099
-1.06657
-5.07407
-5.26956
-1.72298
-5.12921
-4.82389
-1.57192
-1.07983
-4.86707
-4.72042
-4.33423
-4.19887
-3.51776
-4.74617
-4.9239
-3.53724
-3.47752
-4.67384
-3.47254
-4.96633
-4.69384
-5.36253
-1.36806
-1.09177
-1.21362
-1.15494
-4.48805
-5.6796
-4.98004
-1.09026
-5.03236
-4.81115
-4.84683
-1.97139
-1.86125
-3.68029
-4.20337
-5.30597
-2.56102
-1.10784
-5.31471
-4.44752
-3.40095
-4.94572
-1.2049
-3.5347
-4.72289
-4.71439
-1.03882
-4.57142
-4.42492
-1.2906
-3.49282
-1.87557
-1.06825
-4.82472
-4.21262
-4.27737
-1.07367
-4.7689
-3.68849
-3.39456
-4.59603
-5.06601
-1.61037
-1.1655
-1.2305
-4.28223
-5.33824
-4.33879
-5.3469
-3.33255
-0.656024
-4.68912
-4.91531
-3.60188
-4.87767
-2.79276
-5.43174
-4.40563
-3.48771
-1.34568
-5.0851
-3.1495
-0.804123
-4.80765
-4.77361
-4.73612
-3.33559
-1.2687
-5.33232
-1.37289
-2.58109
-5.05136
-2.90806
-4.92666
-2.76684
-3.34209
-1.73383
-4.3575
-3.47658
-1.88414
-3.71131
-1.83585
-4.96195
-4.98995
-4.02799
-3.563
-3.34104
-3.02068
-2.49702
-4.16794
-4.2797
-3.07215
-0.882379
-3.48815
-1.43681
-5.15993
-1.18164
-4.9076
-5.32425
-3.6062
-5.02615
-4.92456
-4.88745
-4.36066
-4.21238
-0.807874
-1.1712
-4.66575
-5.26561
-5.3915
-2.29466
-5.73445
-3.8869
-1.73711
-4.12135
-5.17389
-5.63675
-5.777
-4.64628
-4.78867
-1.97514
-0.350461
-1.53473
-1.07617
-1.15798
-4.78038
-4.1954
-3.70304
-4.64023
-3.94887
-3.44134
-3.40665
-4.89513
-4.37387
-5.41296
-0.854486
-1.06714
-3.48292
-3.88114
-4.21323
-3.40206
-3.38996
-0.873706
-3.46202
-2.06003
-2.51652
-4.36443
-1.25967
-1.14232
-4.29987
-5.41158
-1.8178
-3.63404
-4.07776
-4.00799
-2.42756
-4.76495
-4.47834
-1.18554
-4.0673
-0.374942
-2.38604
-3.33924
-4.20249
-4.69561
-2.28572
-1.42949
-3.3387
-1.44593
-0.500835
-5.47385
-4.66788
-5.80156
-2.85568
-5.12454
-4.55817
-3.72469
-3.48678
-2.07336
-5.20458
-3.53199
-4.79927
-1.1002
-5.35055
-4.63185
-1.09635
-2.56582
-4.51113
-1.21591
-2.45101
-3.94827
-4.88093
-4.81545
-1.74474
-2.77382
-2.5191
-3.88162
-3.37524
-4.92204
-5.09193
-5.01076
-3.54287
-4.44451
-4.74157
-1.66271
-1.09794
-4.99873
-1.15976
-4.79117
-4.17367
-4.41416
-5.20627
-1.70901
-3.35121
-0.894036
-3.92037
-4.889
-2.84811
-3.68512
-4.44939
-5.26016
-2.51573
-0.894821
-4.69877
-1.44564
-2.60245
-5.01709
-3.22316
-1.31992
-4.63176
-5.41297
-1.47988
-1.78949
-0.945091
-5.26932
-1.63302
-2.91557
-4.18672
-2.37465
-1.14112
-5.05013
-4.50027
-2.37086
-4.13327
-3.17174
-5.42521
-5.0506
-4.99947
-3.7386
-5.29045
-4.28547
-3.52035
-3.20908
-5.67661
-3.35572
-3.39731
-4.17233
-4.71795
-4.57282
-4.78965
-4.69726
-1.4479
-4.41257
-3.15388
-0.632155
-4.70714
-5.59087
-1.54126
-1.06953
-2.51495
-5.29712
-4.90411
-3.42455
-2.42043
-3.47006
-1.07478
-4.9302
-3.97695
-4.68166
-4.89673
-4.85324
-5.40077
-4.09176
-2.5881
-2.39914
-3.35729
-5.34551
-5.31475
-3.3677
-0.973914
-4.83125
-4.31551
-5.29399
-1.07666
-4.98013
-0.86864
-5.13617
-5.17779
-1.04901
-3.42839
-1.55486
-4.7574
-3.79232
-4.94558
-4.71113
-4.32531
-4.42561
-1.07026
-1.19898
-1.46191
-3.53611
-4.08368
-4.1347
-5.36505
-3.86101
-4.38538
-2.46586
-1.09915
-5.1096
-4.8409
-5.09377
-4.93652
-5.37748
-4.94338
-1.57243
-1.16228
-1.06095
-3.93337
-4.5991
-0.961874
-0.948326
-4.46964
-4.7273
-3.32533
-3.46159
-4.76296
-0.89074
-5.07777
-3.82329
-4.34222
-3.3427
-1.40163
-2.30125
-4.20736
-2.37629
-4.25307
-4.2431
-3.59107
-4.88767
-4.77755
-3.42137
-3.07467
-4.47629
-3.53009
-4.68809
-3.65312
-2.36782
-4.73856
-4.32764
-0.927266
-3.85203
-4.81448
-3.59194
-2.12278
-5.78186
-4.80689
-3.46202
-5.24935
-3.2342
-5.42069
-4.8857
-5.09313
-4.62578
-3.78962
-3.13042
-5.06878
-4.6123
-4.59394
-3.21523
-4.76111
-4.79309
-4.12287
-1.85235
-1.10651
-4.85298
-1.57218
-4.07667
-2.4852
-1.15655
-3.309
-5.22912
-4.9798
-5.05599
-2.46113
-5.31284
-4.7826
-1.39815
-4.07493
-4.99587
-4.166
-3.47412
-4.99945
-3.40124
-0.762742
-1.17914
-2.36951
-5.31868
-1.88066
-5.12754
-4.39246
-1.09278
-5.16381
-2.10686
-4.32125
-5.12409
-4.94082
-1.1029
-5.12484
-4.10192
-5.65442
-4.17511
-5.14607
-4.42399
-4.6849
-5.0977
-1.08378
-1.42838
-1.96972
-2.37965
-2.89525
-4.54064
-4.70095
-2.49154
-1.02511
-4.57729
-3.39853
-4.58927
-3.52726
-3.38667
-5.05146
-1.83087
-1.0017
-4.00384
-5.22704
-3.84594
-4.36371
-4.23779
-5.09651
-3.87184
-4.39229
-3.36359
-5.43744
-3.40324
-2.42174
-3.99995
-3.28154
-1.03516
-3.2614
-5.25007
-4.30467
-1.19214
-5.31795
-5.25159
-1.94552
-1.11771
-3.52865
-3.00425
-4.55163
-5.2544
-3.45816
-4.8041
-1.0842
-0.851896
-5.50874
-0.99719
-3.48808
-4.84929
-0.943414
-2.81633
-4.07332
-5.38741
-4.97481
-0.917658
-5.11292
-4.13122
-5.32938
-2.42799
-4.33163
-2.90306
-1.16927
-4.09282
-3.39052
-3.66622
-0.928205
-5.06974
-3.98107
-4.26194
-1.09242
-2.94967
-4.69834
-3.34127
-0.950356
-4.04798
-4.43499
-5.15526
-5.33139
-4.27302
-3.40406
-3.54357
-1.39161
-5.0942
-3.74811
-4.86272
-2.45536
-4.72377
-1.54678
-5.08054
-4.74535
-4.81326
-4.31534
-1.42074
-1.14442
-3.48159
-5.11634
-1.47022
-5.185
-1.13461
-3.48009
-0.842597
-3.33795
-4.66126
-2.22512
-4.62177
-5.36012
-2.31065
-3.55784
-4.89414
-3.46074
-5.34922
-4.39604
-3.54667
-1.96389
-3.46646
-4.73036
-0.881424
-3.62166
-0.794181
-1.13532
-2.53824
-4.83845
-3.77644
-2.4196
-4.73581
-3.68958
-3.3738
-3.50616
-3.10202
-4.27721
-3.64788
-0.330033
-1.10166
-4.84571
-4.51953
-4.70017
-0.553864
-1.12059
-3.45527
-4.6237
-4.67515
-2.84422
-5.31855
-1.08435
-1.03354
-1.13573
-5.1124
-4.71684
-3.94919
-5.00017
-1.32536
-3.37327
-4.81906
-5.37632
-2.44239
-4.59869
-4.22918
-1.06452
-4.87836
-1.15131
-5.33556
-3.22535
-1.59452
-5.25392
-1.60719
-1.15682
-3.95063
-5.6286
-4.80457
-1.19314
-2.4524
-4.34364
-3.83947
-4.72257
-1.12066
-4.6875
-5.38811
-1.54141
-3.38365
-4.17643
-2.77555
-4.89256
-4.52226
-5.2488
-2.86118
-5.79802
-3.1115
-0.851549
-4.11577
-4.99637
-2.81863
-1.1443
-3.48707
-3.52549
-4.27992
-4.90306
-0.887842
-4.81966
-4.75476
-4.45158
-2.37855
-3.53403
-4.83674
-4.84618
-1.14289
-4.49811
-2.26097
-4.7618
-4.67032
-2.56579
-4.56274
-1.21818
-3.88035
-2.52477
-3.96274
-2.50543
-3.29156
-1.56336
-1.17402
-1.09033
-4.82597
-0.885747
-4.71255
-4.6838
-3.06742
-4.7131
-4.71814
-1.02166
-4.21946
-4.72805
-4.62636
-5.23659
-4.51451
-4.14498
-4.78692
-4.84059
-4.50585
-1.04642
-3.92543
-4.71169
-4.80789
-5.56537
-4.74531
-4.20536
-0.891368
-1.32804
-4.74178
-4.89843
-1.08163
-1.17578
-4.62611
-2.63743
-4.85848
-2.784
-2.43802
-4.8115
-4.67482
-5.61349
-3.72166
-1.03844
-5.22638
-4.49488
-4.61041
-1.37586
-4.8662
-0.749578
-5.32144
-4.67961
-4.82717
-4.7976
-4.8098
-5.48659
-4.47456
-3.3865
-4.87025
-5.18693
-4.73555
-4.84767
-0.982479
-4.79199
-4.24268
-4.68692
-0.921039
-3.75914
-4.86701
-1.16995
-3.45813
-1.15067
-3.75953
-3.52256
-3.43765
-0.928619
-1.31671
-4.13543
-4.56418
-3.54457
-4.29837
-4.71245
-4.24938
-1.38618
-5.32792
-4.7317
-4.98481
-1.16185
-4.99375
-3.82127
-4.89917
-5.24699
-5.79859
-1.12278
-0.913592
-2.81
-1.49196
-4.60565
-4.88327
-5.19796
-1.08246
-5.45838
-5.64339
-4.28716
-2.93821
-4.97401
-1.92031
-4.73948
-1.1831
-1.17358
-2.44547
-1.83091
-4.95421
-3.87964
-4.44239
-3.76244
-0.980728
-3.4809
-3.43452
-4.12389
-4.8158
-3.38308
-5.3603
-4.84766
-1.27195
-4.76332
-4.27394
-4.66284
-3.71015
-1.46498
-4.8428
-1.90505
-5.33803
-3.51742
-4.72894
-5.30884
-1.09092
-5.31065
-4.76877
-4.58759
-1.34281
-1.07594
-0.91621
-2.44123
-1.66159
-4.73776
-3.78203
-1.94198
-1.96999
-4.16829
-4.50325
-4.71222
-3.62195
-3.67074
-4.72966
-4.36889
-4.89071
-3.58117
-5.13661
-4.558
-4.16023
-5.07266
-4.78512
-2.93371
-5.41655
-4.15401
-1.19606
-0.258801
-1.95727
-5.61081
-4.77726
-3.10184
-1.09367
-4.17501
-1.26121
-0.226637
-1.18347
-1.01943
-1.05969
-3.6174
-5.24305
-1.0329
-1.11044
-0.865767
-1.71643
-4.54211
-4.74684
-0.905683
-3.63363
-1.01227
-3.82267
-1.33873
-3.83604
-1.15478
-0.295101
-3.9523
-4.70126
-4.18689
-5.62861
-3.40001
-5.5979
-4.66619
-1.10075
-3.11998
-4.32476
-1.14675
-0.828706
-4.50041
-4.18124
-4.422
-4.53423
-4.99985
-0.903462
-4.36269
-0.972379
-4.82093
-4.70693
-5.19011
-3.27499
-4.8209
-4.02113
-2.56768
-5.2645
-5.21109
-3.2963
-3.41139
-2.79514
-2.62687
-4.92515
-5.61816
-1.37753
-0.663276
-4.07958
-5.36444
-3.47157
-2.86881
-4.18012
-3.4542
-3.60296
-4.9822
-5.08031
-1.03325
-5.28931
-2.55824
-1.07303
-1.8322
-2.23479
-4.39035
-2.37246
-5.42571
-4.73929
-5.09498
-5.28036
-5.83062
-3.84456
-4.67656
-4.81042
-4.35265
-2.85576
-0.933146
-4.32629
-1.01948
-4.59292
-4.61083
-4.5708
-1.24312
-5.05928
-0.996769
-4.58432
-5.74812
-3.87844
-4.32497
-5.72191
-0.992589
-5.19895
-2.09741
-4.03481
-4.23324
-4.38758
-4.27367
-5.20656
-5.2124
-1.17046
-2.97928
-1.14221
-4.18071
-4.71931
-4.06546
-4.3708
-4.65308
-6.05291
-2.44311
-4.19578
-3.80037
-1.17426
-1.06175
-3.48141
-4.6581
-1.44674
-3.10346
-3.1563
-0.817016
-4.78001
-0.989203
-4.61114
-4.74207
-5.05403
-2.48011
-4.32781
-4.0358
-5.10883
-5.11676
-4.08865
-4.18822
-1.36818
-3.34004
-3.37905
-3.39686
-4.88005
-4.75897
-5.31989
-5.12562
-4.87378
-2.93459
-4.97824
-0.983121
-0.764246
-1.82954
-3.72197
-2.20672
-4.85587
-2.36559
-0.927408
-3.14098
-4.26976
-5.37196
-5.41629
-3.8293
-4.25371
-3.70048
-3.05785
-2.55576
-4.91204
-1.34593
-4.75499
-5.05745
-2.44268
-3.40381
-4.73087
-3.42401
-4.78751
-3.35482
-2.5022
-4.07026
-0.978858
-1.15747
-4.95383
-4.95724
-1.96743
-1.162
-0.981415
-1.33887
-2.88966
-1.07562
-3.1109
-4.74339
-1.85105
-5.20482
-4.96629
-5.04776
-5.32414
-3.97798
-5.01366
-4.43495
-3.40694
-5.18809
-3.52191
-3.66953
-4.67859
-5.7016
-1.17776
-1.05533
-3.80296
-3.38117
-2.08525
-1.45402
-4.81864
-4.66634
-4.40501
-4.78446
-2.36772
-4.91779
-1.97662
-1.51038
-3.27713
-1.38129
-4.02413
-0.998157
-4.37749
-1.48815
-3.43699
-2.45945
-1.22695
-1.59859
-1.27533
-1.6621
-4.7354
-0.737724
-4.18469
-4.74039
-2.18863
-4.67903
-4.65556
-3.58042
-5.09903
-4.52951
-2.41082
-2.56376
-4.74856
-4.072
-0.678513
-2.08934
-4.1952
-4.83929
-0.725874
-0.583234
-2.89613
-4.99281
-1.66141
-4.82245
-5.19958
-4.03778
-1.14117
-0.856398
-4.06592
-1.28105
-4.80505
-4.86547
-4.79545
-3.39709
-4.94821
-1.05766
-3.45202
-3.34498
-0.639486
-4.66818
-1.19961
-4.68476
-4.92732
-3.67645
-1.10887
-2.43217
-3.42571
-3.47301
-3.85598
-5.0452
-1.0954
-5.42173
-5.54525
-1.09864
-1.12573
-4.05658
-2.92689
-3.01338
-5.37151
-4.47341
-2.40797
-4.66137
-1.4055
-4.85123
-3.9529
-2.48085
-2.5875
-4.61838
-1.67714
-1.02191
-3.46412
-4.79371
-1.90262
-5.17425
-4.87629
-1.15861
-1.00937
-4.65222
-1.1324
-2.17397
-5.01311
-5.10412
-4.43578
-4.18292
-4.68538
-2.4622
-3.49014
-4.90459
-1.2231
-4.06187
-1.61267
-4.54989
-4.71051
-1.08096
-0.610535
-4.57062
-5.00157
-4.57568
-1.78723
-2.30571
-3.40204
-4.61741
-4.52957
-5.02049
-4.42089
-5.26552
-2.826
-2.43488
-4.32596
-1.95116
-5.12074
-4.12438
-3.41196
-1.04583
-4.10257
-3.12662
-1.48652
-3.87686
-4.73671
-1.10259
-3.42562
-4.33694
-3.35715
-1.09184
-5.3859
-1.70463
-4.71419
-4.16177
-4.91104
-4.43757
-3.71883
-4.61546
-1.38498
-1.31034
-4.00966
-3.56936
-3.46561
-3.47907
-1.49278
-4.84973
-0.956978
-2.6803
-2.3796
-2.96859
-1.19386
-4.65571
-5.32897
-5.07043
-4.3683
-3.6919
-0.763233
-4.88836
-4.69448
-5.63309
-1.21942
-4.24248
-0.947228
-2.08681
-4.74038
-5.07818
-4.76254
-4.82002
-2.89113
-4.71845
-3.99971
-1.76146
-4.32977
-4.04279
-1.11563
-0.478208
-4.56095
-4.82828
-4.66319
-1.90564
-4.89422
-4.95659
-1.19406
-4.85543
-4.92626
-5.72536
-5.72964
-4.67828
-3.6347
-0.981167
-1.10937
-4.24106
-5.24508
-3.39122
-4.94997
-4.51815
-5.56688
-4.66665
-4.0601
-1.0115
-5.2224
-4.07175
-3.61274
-5.03113
-0.685706
-3.90641
-3.49609
-1.22325
-4.30893
-4.69292
-3.33253
-1.4313
-4.80944
-3.66547
-5.35752
-5.32978
-4.1599
-1.07834
-1.04104
-1.09889
-4.57721
-4.9662
-4.28402
-4.09326
-1.89033
-3.48122
-5.16726
-3.65977
-5.19915
-4.36695
-4.56705
-1.16603
-3.82459
-2.37423
-1.35748
-4.73612
-1.60701
-1.87284
-4.28039
-0.698717
-4.83962
-3.34534
-4.20344
-4.8577
-3.29642
-4.71809
-5.18891
-4.31969
-5.24053
-5.34292
-3.8424
-1.57285
-1.22076
-4.70108
-5.02367
-1.95093
-4.60223
-4.72598
-5.05941
-4.43041
-1.05124
-4.70031
-3.8507
-4.00854
-3.04043
-3.37989
-3.46559
-0.934277
-1.2561
-1.56532
-4.47353
-3.1458
-3.65751
-4.26757
-5.20039
-4.34922
-4.64787
-5.19124
-5.60299
-1.10643
-3.36316
-1.1383
-3.83218
-1.1072
-4.67299
-1.08739
-3.90504
-5.14657
-5.78492
-4.42782
-1.29246
-3.7346
-3.65654
-5.19871
-1.88324
-4.6724
-4.32968
-1.48032
-4.70725
-0.960499
-4.38104
-4.62535
-4.45815
-4.82609
-3.7636
-3.98581
-1.1482
-2.52736
-5.05663
-3.9338
-1.49466
-4.22041
-4.26148
-1.62108
-0.983605
-2.47519
-4.82227
-3.42897
-1.57992
-2.87465
-1.77264
-4.70185
-2.07201
-4.59916
-3.95966
-4.22247
-4.96657
-3.79696
-4.6257
-2.19702
-0.982288
-3.46536
-2.75674
-4.32426
-5.05231
-4.86372
-5.35124
-1.16657
-4.82271
-4.59982
-4.02929
-3.49018
-3.48866
-5.47944
-4.41304
-1.65026
-5.44275
-1.46435
-4.19353
-4.3238
-4.68237
-0.980997
-3.80585
-4.02465
-4.36427
-4.45649
-4.5412
-5.69328
-0.959692
-0.966926
-4.70526
-1.41111
-4.73924
-5.12216
-4.6717
-5.35706
-3.70309
-4.96201
-3.79175
-4.15298
-2.9735
-5.23844
-1.60151
-2.75184
-4.64321
-4.23388
-2.22014
-3.41313
-3.42543
-3.41113
-3.39058
-2.57112
-3.65264
-1.67585
-3.85713
-1.10906
-1.94897
-0.962553
-4.2605
-3.77177
-4.06683
-1.72137
-3.63898
-3.59542
-4.39244
-0.744395
-3.70756
-5.29997
-1.05828
-3.99518
-4.71522
-4.36563
-4.57886
-2.82275
-3.57807
-4.87703
-4.71748
-2.17192
-1.17659
-3.69475
-5.58312
-4.05952
-0.986416
-4.52002
-5.24495
-5.26457
-3.61788
-2.37834
-1.09806
-4.99338
-4.46156
-5.17052
-5.6763
-0.695639
-1.80721
-4.72717
-1.06817
-1.17853
-4.67151
-4.70478
-4.82642
-5.19099
-4.33806
-1.02513
-4.49221
-4.71469
-5.04667
-1.09481
-4.25797
-1.16889
-4.67266
-4.08071
-0.307737
-4.2188
-4.75094
-4.54071
-4.75036
-0.939579
-4.41415
-4.67755
-4.44577
-5.31689
-1.80035
-4.50808
-2.35024
-3.44281
-5.15566
-5.21081
-3.62915
-1.02075
-5.63939
-4.83206
-4.34009
-4.4912
-5.02157
-1.10249
-4.08256
-1.67427
-4.57524
-4.54685
-0.744503
-5.24348
-4.89709
-4.86904
-4.52496
-2.35873
-4.18772
-1.1961
-4.05929
-5.19222
-2.06944
-3.46546
-4.78698
-1.7027
-5.18946
-4.48494
-1.15074
-4.04627
-4.83928
-4.36706
-2.65256
-4.26225
-0.741181
-2.63417
-3.76134
-5.38972
-2.58415
-1.08576
-1.15525
-4.67226
-1.52378
-4.19226
-4.65245
-2.01962
-1.01713
-1.03709
-0.497611
-4.66731
-5.70581
-4.73213
-5.05253
-5.21231
-5.19825
-4.8089
-4.39386
-1.35857
-4.23469
-4.05703
-4.06071
-4.54336
-4.32011
-1.09433
-4.65315
-1.1507
-4.97557
-4.53583
-1.28806
-2.17918
-1.10327
-5.079
-2.48074
-4.53982
-3.47304
-2.23246
-4.85493
-4.17974
-1.20371
-4.32324
-4.47523
-1.39923
-1.65817
-4.11318
-4.15658
-3.68506
-5.32293
-1.01308
-3.92044
-4.35178
-5.64043
-1.27594
-1.71165
-4.08303
-4.73866
-1.68796
-4.16742
-3.91346
-3.59226
-1.53111
-2.37481
-1.0832
-3.7274
-3.42195
-4.16245
-4.30409
-4.19862
-1.10706
-5.70133
-1.46698
-1.13345
-3.454
-4.37732
-1.09365
-1.09431
-4.34368
-2.54114
-4.1978
-0.789182
-1.08974
-0.928868
-5.0633
-1.04632
-4.6759
-4.46929
-4.5196
-5.81372
-1.04643
-4.16798
-2.98563
-4.06182
-1.20549
-3.63368
-1.95881
-1.11239
-5.198
-5.02569
-4.72756
-4.86494
-4.98806
-4.74211
-4.07609
-4.2959
-1.77171
-4.19319
-5.42522
-1.10531
-4.79618
-5.2156
-1.11548
-3.11082
-3.53495
-4.82945
-4.83084
-1.03252
-3.4942
-2.62472
-4.43629
-4.54005
-5.34211
-1.18203
-1.01706
-2.43813
-5.18036
-4.54244
-1.08328
-4.31282
-4.01168
-5.43249
-5.09032
-2.00024
-2.01492
-5.05174
-1.86661
-1.84586
-4.14634
-5.23886
-4.46033
-1.58185
-4.70096
-1.0191
-5.6997
-1.57807
-4.88103
-4.40021
-1.11667
-1.05588
-5.19492
-4.86274
-3.42603
-3.48757
-4.34327
-1.86578
-2.92803
-0.673876
-4.08265
-4.95031
-4.3902
-4.96573
-4.19476
-3.41329
-4.10646
-4.88182
-4.74404
-3.22707
-4.32281
-5.02605
-1.16254
-4.83887
-4.39133
-5.41987
-4.53935
-4.05504
-2.24996
-1.02701
-0.755478
-4.66748
-1.06024
-1.93027
-4.08911
-1.12442
-3.86992
-5.49345
-4.45139
-5.94361
-3.97692
-0.838925
-4.28383
-5.17805
-3.49495
-1.16793
-4.30193
-1.39682
-1.30982
-5.06002
-4.68362
-1.13537
-4.70652
-0.88612
-4.84446
-4.68257
-6.18829
-4.09876
-1.09188
-3.90381
-2.61062
-3.81703
-5.40811
-5.05236
-1.60677
-4.60102
-5.20642
-4.69614
-5.07589
-4.0699
-4.74978
-2.57209
-4.72015
-1.15537
-4.38131
-4.7949
-5.06065
-4.83861
-5.24204
-5.80443
-4.00662
-4.91156
-2.62717
-4.74515
-5.24007
-4.54562
-4.27309
-4.74209
-1.34602
-4.67451
-4.3047
-0.994314
-2.12423
-4.24818
-4.74139
-1.47444
-3.99523
-4.05476
-4.51985
-4.94115
-3.98313
-4.78861
-4.48069
-0.853311
-1.13708
-4.35709
-4.68566
-5.22736
-5.67631
-5.42084
-3.96678
-1.40222
-4.91388
-4.55084
-4.5467
-5.51014
-4.33827
-4.12262
-5.18841
-1.63289
-4.87329
-1.13425
-4.6936
-3.20577
-1.81939
-4.61614
-2.62999
-4.73733
-4.77398
-1.7745
-4.33642
-4.74267
-1.58691
-5.20326
-4.01432
-1.82059
-1.39246
-4.44296
-4.67568
-5.19444
-3.83158
-3.59109
-5.16029
-2.83686
-5.36222
-4.68431
-4.41143
-3.96045
-3.5025
-1.09769
-4.74027
-4.32309
-1.09393
-4.74275
-5.17951
-4.84221
-4.65811
-4.53111
-4.558
-4.78268
-4.89342
-1.48964
-4.47196
-4.27764
-3.76979
-5.5027
-4.15799
-2.40126
-3.49464
-2.6719
-1.25233
-4.68683
-4.19197
-1.19864
-2.01638
-1.04967
-3.59939
-3.9346
-4.25854
-5.01814
-2.27703
-4.38957
-4.78519
-1.56594
-4.34345
-3.93361
-5.19811
-2.47185
-3.49246
-3.82057
-4.25763
-4.20464
-5.05252
-1.70894
-3.44287
-3.8132
-4.74576
-4.74754
-4.65627
-4.17047
-4.54649
-1.11824
-3.60002
-1.89442
-3.70519
-4.78992
-4.87022
-3.48752
-4.62266
-4.14603
-4.77341
-3.51323
-4.25995
-5.08467
-1.53173
-4.37351
-4.22683
-5.23517
-5.13171
-4.85861
-1.96548
-1.00412
-1.24788
-1.18763
-1.55712
-3.44006
-4.46341
-3.4889
-3.95077
-1.06715
-1.76117
-3.96473
-3.44493
-4.33685
-1.12191
-4.12168
-1.03902
-4.7341
-4.3586
-4.76581
-4.03087
-1.29619
-2.31385
-1.68939
-4.36773
-3.79148
-1.0429
-5.67426
-5.16747
-1.01565
-2.74261
-3.95941
-0.785879
-3.47802
-4.90304
-5.71494
-3.46921
-4.17892
-4.02214
-4.55234
-4.48271
-4.52206
-1.88208
-4.9621
-2.95341
-4.34956
-1.05166
-4.5475
-4.65557
-0.976056
-4.18905
-5.57284
-4.23082
-4.32264
-1.62098
-2.61208
-4.73558
-4.45596
-4.70793
-3.93526
-4.08088
-2.81374
-2.0085
-2.42717
-2.70182
-4.71766
-4.73309
-3.33161
-3.79873
-4.09432
-3.88669
-5.24622
-4.55547
-5.32864
-0.731956
-4.26111
-3.70839
-3.39189
-4.47426
-4.75368
-4.2102
-4.72243
-4.10136
-3.52771
-5.20148
-5.20384
-4.41422
-1.12409
-2.74021
-1.22077
-3.50653
-4.74395
-1.16429
-0.953962
-3.75682
-0.283125
-4.26171
-4.07073
-5.2492
-3.37287
-4.43719
-3.48749
-4.83589
-4.79616
-4.74112
-4.74071
-4.42871
-0.979821
-3.9684
-1.11942
-2.59562
-1.1315
-3.47807
-4.71335
-4.48876
-3.7322
-1.0028
-1.96059
-5.00484
-4.68056
-4.83917
-1.43191
-2.36491
-2.92515
-4.38304
-5.05262
-1.35562
-4.87961
-1.12462
-4.90043
-4.97345
-4.48552
-5.30826
-1.09586
-4.36841
-3.46474
-1.92386
-4.92794
-0.738131
-1.42995
-1.5391
-5.42114
-4.73953
-4.59631
-1.80903
-4.66701
-5.24485
-4.30051
-4.90751
-1.54037
-1.14805
-4.49278
-4.74805
-4.90086
-1.62407
-4.77746
-3.89808
-1.12368
-4.69515
-3.89158
-4.25854
-5.05927
-3.94676
-4.87092
-4.88812
-0.862161
-4.19816
-3.48225
-1.16031
-0.960101
-5.27941
-3.47007
-4.91047
-2.24063
-2.58055
-1.91574
-3.41133
-0.968685
-1.35539
-3.69291
-1.82068
-5.18859
-3.78933
-4.87847
-4.04231
-4.17313
-4.9167
-4.94946
-5.27075
-4.32735
-4.15609
-4.64878
-4.55152
-4.60051
-0.984228
-1.71212
-2.49392
-4.30909
-5.00815
-3.41022
-1.82083
-1.03448
-1.01607
-5.19336
-3.45345
-1.06484
-4.07736
-3.83155
-5.02227
-4.38179
-3.47959
-5.2797
-4.28161
-5.58351
-4.8636
-4.98069
-4.16457
-4.08472
-1.96254
-1.0658
-3.44367
-3.92688
-5.12361
-2.39284
-4.82824
-5.20951
-4.41054
-3.34274
-4.94901
-1.14901
-4.22059
-4.73658
-4.11748
-5.6849
-4.20315
-1.36732
-5.06078
-4.56868
-5.33627
-3.12175
-1.25985
-1.057
-4.44031
-5.43678
-3.49322
-1.14049
-2.5835
-2.52259
-4.9731
-3.54007
-4.69857
-5.37432
-3.15511
-4.65038
-5.02407
-4.39526
-4.65382
-4.79622
-5.57828
-4.32551
-4.22283
-5.29526
-5.56966
-2.04264
-3.61826
-1.2677
-1.14524
-1.81973
-5.23144
-1.52642
-1.13369
-5.05519
-2.38348
-1.24413
-3.62113
-5.68598
-3.32219
-5.21591
-5.13125
-2.13393
-4.09299
-5.64348
-1.35599
-5.18972
-5.86296
-1.66532
-2.91597
-3.63841
-4.73256
-5.03326
-3.73349
-4.41359
-2.40159
-0.745845
-3.7288
-5.02497
-4.74013
-3.84358
-2.99671
-3.73882
-1.92867
-4.14626
-1.13018
-1.47183
-3.24751
-1.40923
-3.91906
-3.64889
-1.58324
-4.81648
-4.16025
-1.13308
-5.09122
-3.95719
-3.9937
-2.36814
-4.5717
-5.2227
-4.35573
-3.91261
-3.83126
-4.33031
-3.58917
-4.65126
-1.96367
-2.52412
-4.49743
-5.02841
-1.34574
-1.57345
-4.03853
-1.2953
-5.00427
-5.08199
-5.31377
-3.32272
-1.70178
-3.38183
-3.48747
-0.982022
-3.06411
-2.10839
-3.95022
-0.991964
-3.48316
-4.41744
-4.54488
-4.79074
-3.66125
-4.47
-0.648362
-4.30935
-4.53023
-3.19898
-3.36031
-1.01554
-2.53436
-4.02686
-4.12985
-4.26061
-1.05543
-1.6959
-4.2263
-5.26994
-3.18463
-4.96049
-1.49555
-3.64979
-4.70791
-2.50388
-3.95045
-3.83565
-4.6549
-4.77734
-1.38256
-1.27214
-4.6975
-2.76866
-3.55646
-3.50871
-5.09422
-5.17531
-4.68182
-1.14263
-1.16581
-4.68645
-4.18957
-1.14056
-0.859757
-3.00681
-4.5688
-2.82849
-5.3467
-4.21435
-1.13284
-3.92819
-4.15103
-5.32771
-4.89664
-4.72909
-3.90961
-4.24036
-4.52939
-4.36668
-2.48283
-4.55016
-4.12219
-5.02755
-1.32743
-5.19752
-5.77725
-1.79649
-5.66562
-4.20884
-4.20548
-5.27563
-5.08043
-1.03281
-4.29447
-4.81143
-5.00271
-4.54373
-3.8857
-4.66355
-1.07404
-5.27876
-3.04854
-3.34864
-1.14633
-5.22879
-1.443
-3.42863
-3.81993
-2.5997
-4.74172
-4.92695
-5.37095
-4.08438
-5.63401
-4.74423
-5.084
-1.57515
-4.1574
-5.73498
-4.81869
-1.92138
-5.05323
-4.41631
-5.29012
-4.65324
-4.64006
-1.43041
-3.51571
-4.77377
-5.22662
-4.21808
-3.58352
-2.48303
-1.10754
-4.76385
-4.44721
-5.33021
-4.04007
-3.44666
-4.65658
-2.66747
-3.73057
-0.91945
-4.71839
-4.96866
-4.74141
-3.44482
-4.06666
-1.01416
-3.41608
-5.27613
-1.19799
-2.58742
-4.80852
-4.58285
-3.77061
-4.89079
-5.26256
-5.08132
-4.26752
-1.73965
-3.33581
-5.26184
-5.09674
-4.89907
-4.25648
-1.07921
-4.23847
-0.956327
-4.541
-5.00411
-5.20431
-5.00831
-4.11141
-1.56168
-4.91148
-4.70493
-4.98452
-5.17264
-4.76909
-5.51687
-1.10339
-1.45961
-3.99135
-5.85921
-3.68936
-4.41849
-2.72509
-2.65533
-4.10408
-4.45894
-5.67136
-1.08233
-0.0903797
-5.91869
-4.8726
-1.05583
-1.90646
-4.26439
-4.73627
-4.75004
-4.67462
-4.68734
-4.01993
-5.02401
-4.76026
-1.15608
-3.00417
-5.06646
-1.84459
-4.33496
-4.36342
-4.02173
-3.38535
-4.22042
-1.1274
-1.40824
-2.0911
-5.30398
-4.80973
-3.97141
-4.20125
-1.00624
-3.49218
-5.55196
-4.75362
-4.02431
-4.51217
-1.15093
-3.48379
-4.89707
-4.67726
-4.74002
-4.82035
-3.40033
-1.07047
-4.09049
-1.03906
-4.65137
-1.00598
-5.25065
-4.23917
-4.7163
-1.76492
-2.9232
-4.39364
-4.78306
-1.07713
-1.14969
-3.36422
-4.75767
-1.13677
-4.57689
-4.80454
-4.70903
-4.99198
-2.27498
-4.63249
-0.990201
-2.99424
-4.68472
-5.34683
-1.23432
-5.01404
-1.1147
-3.05257
-5.06188
-4.21202
-5.16788
-1.14298
-1.05991
-3.50071
-2.56039
-4.73449
-1.24013
-3.49687
-4.77949
-5.38865
-3.64417
-1.10411
-5.24699
-5.20203
-1.31181
-4.13252
-4.29742
-5.4536
-3.94497
-3.81788
-1.0444
-2.08478
-3.16657
-5.02842
-1.14223
-3.50337
-4.61697
-1.15565
-1.35476
-5.19246
-2.37956
-1.87559
-1.28892
-2.28162
-3.31297
-5.02911
-5.1986
-1.48361
-0.200608
-4.44811
-3.84286
-4.34883
-5.22
-4.99539
-4.69823
-4.72768
-2.3796
-1.15366
-3.69302
-1.0227
-1.6928
-3.40031
-4.40889
-3.7179
-4.70501
-3.33114
-4.11734
-2.64987
-5.21629
-3.76525
-5.65869
-1.77982
-3.82089
-5.7308
-5.06119
-4.80056
-0.73241
-3.80404
-4.58649
-4.74442
-5.66111
-3.3271
-4.03949
-3.58349
-4.34467
-4.92302
-1.95986
-5.38757
-5.78005
-1.12315
-4.35731
-4.41971
-1.28479
-0.754321
-1.93001
-4.62671
-1.08744
-1.42354
-4.34092
-3.98106
-1.24345
-1.09083
-3.37936
-3.4757
-3.94201
-4.3483
-4.77319
-5.69756
-1.28723
-5.21741
-0.979292
-4.51945
-4.89411
-5.34576
-3.64576
-5.20571
-1.36911
-5.07652
-4.08869
-4.74374
-3.33961
-3.85586
-1.16445
-4.71576
-1.29857
-4.02258
-3.3781
-4.91898
-1.83595
-1.64786
-0.903904
-0.971124
-5.03776
-4.18782
-5.38818
-1.06068
-4.94683
-4.90044
-3.54134
-1.053
-1.51102
-2.53573
-5.07709
-4.92655
-5.20145
-1.81558
-0.43991
-3.73416
-4.35256
-1.36884
-3.77306
-4.89206
-3.41852
-4.57072
-5.68215
-4.46581
-1.83851
-4.68047
-4.352
-0.964791
-4.01789
-0.995257
-1.33962
-4.16363
-4.91709
-2.85457
-4.9118
-4.12454
-5.35272
-1.15598
-4.42298
-4.75858
-5.03859
-4.91454
-3.17855
-1.62485
-4.76715
-4.54876
-4.7542
-4.77896
-5.07024
-4.69777
-2.9249
-1.82117
-4.74136
-4.74336
-4.74615
-4.54479
-1.15331
-3.43896
-5.22029
-3.52039
-1.10341
-4.78347
-1.57367
-3.58361
-4.73969
-3.36605
-3.37784
-0.979474
-4.74896
-4.97884
-2.54458
-2.88737
-4.87871
-5.28365
-4.68631
-5.20091
-4.99766
-4.38035
-3.33891
-4.9219
-5.33076
-4.93287
-4.75176
-1.99421
-5.19018
-4.7763
-2.37486
-4.77371
-5.70732
-4.3425
-5.33898
-4.60835
-1.14616
-5.57445
-5.20902
-1.14726
-1.26799
-5.20812
-3.63221
-3.31736
-5.25575
-4.00243
-1.38354
-1.32301
-4.80626
-4.16327
-5.70617
-4.66819
-5.2167
-4.85815
-4.40828
-4.35669
-3.62225
-3.66308
-5.0956
-1.15152
-4.77129
-1.56324
-2.63394
-4.05144
-4.62059
-4.84301
-1.91154
-3.39773
-1.60573
-4.73148
-4.54126
-3.87591
-1.08995
-4.736
-0.993736
-5.18652
-2.07079
-4.67894
-4.75973
-5.24919
-4.76628
-4.29736
-3.99464
-5.3258
-2.6852
-2.26653
-3.92929
-4.55478
-2.47055
-3.14157
-3.39212
-0.775405
-4.83762
-1.3495
-3.56377
-1.37103
-3.94415
-4.73994
-2.58424
-5.32466
-4.77605
-1.59997
-5.28866
-5.2345
-5.67423
-4.73213
-2.68238
-1.05993
-5.08018
-4.95489
-1.08003
-4.55896
-1.49351
-5.18507
-4.75507
-2.39257
-3.97676
-4.35284
-4.39988
-6.09464
-4.87165
-4.76819
-0.99746
-3.55755
-1.45566
-4.42437
-1.79652
-3.92853
-1.11584
-4.1521
-4.24287
-5.11364
-4.20274
-1.13661
-4.78842
-1.14599
-1.13119
-4.4421
-4.74162
-2.93307
-1.08843
-1.103
-5.22077
-4.7795
-5.15258
-5.20733
-4.41976
-3.38055
-1.13503
-3.41147
-5.18356
-5.0955
-5.08999
-1.48195
-3.87247
-1.02058
-5.24526
-1.1522
-1.16493
-1.04119
-5.09482
-4.838
-4.56844
-1.09122
-5.05175
-5.31607
-1.94105
-4.67966
-1.09636
-5.22731
-4.88637
-4.46168
-3.09075
-1.626
-3.42653
-4.35919
-3.99677
-2.10072
-1.81118
-0.984413
-3.89087
-4.58708
-1.76502
-3.49485
-3.4721
-3.46924
-3.75033
-1.57152
-4.87687
-4.47622
-1.07163
-4.78216
-5.08951
-5.22783
-4.77532
-2.42753
-4.76112
-5.14287
-4.39825
-3.6087
-5.42229
-4.68564
-4.51153
-5.23726
-4.88082
-4.48455
-4.71651
-5.15615
-1.87747
-3.60563
-0.492766
-5.3061
-5.10916
-3.51809
-4.86875
-2.06972
-4.75115
-3.48847
-1.62429
-4.78199
-4.37641
-4.82939
-4.35422
-5.6237
-2.15886
-5.22652
-5.62067
-4.02459
-4.72589
-3.60383
-5.56965
-3.51321
-2.76782
-5.26585
-4.80919
-5.20367
-2.28732
-4.89149
-3.96419
-0.736246
-4.20709
-4.73182
-4.03065
-2.13888
-3.04105
-3.66147
-4.4984
-1.09537
-4.84621
-4.76677
-1.98697
-4.74479
-1.12529
-5.54052
-4.86994
-4.69995
-3.68505
-4.85335
-3.76873
-4.14847
-5.07389
-3.97721
-1.16379
-2.71069
-5.41922
-4.21388
-2.82265
-1.12819
-1.08274
-1.44642
-4.69733
-3.40431
-5.59223
-4.67387
-1.26301
-3.85262
-3.42172
-3.77424
-4.97937
-5.42962
-1.37052
-6.1268
-3.41131
-1.09395
-1.03601
-3.36702
-1.38838
-3.31278
-5.36082
-5.28449
-5.32753
-5.7047
-1.48191
-4.81749
-1.35783
-0.99613
-2.21583
-4.46417
-3.46376
-3.34363
-1.14329
-2.45557
-1.26306
-4.75719
-3.04948
-3.72272
-4.91311
-5.29691
-3.51161
-4.80599
-3.08083
-5.23783
-2.35249
-4.6573
-1.44661
-4.86114
-4.85183
-3.83424
-1.06997
-3.35684
-4.54524
-5.24315
-3.87993
-4.30929
-3.7929
-2.31875
-2.55437
-3.52212
-5.26934
-4.94554
-4.68106
-4.67969
-1.70925
-5.28362
-1.53148
-3.97793
-1.06594
-1.62026
-4.74693
-4.75455
-1.56398
-1.14807
-4.7855
-5.38709
-4.61601
-4.7831
-5.2226
-1.5958
-2.44651
-1.1635
-1.23244
-5.30292
-4.70141
-1.07623
-4.5796
-2.53181
-5.57754
-4.79512
-4.4663
-4.88777
-1.16208
-4.21777
-4.85549
-1.15329
-4.74358
-5.8009
-2.71446
-1.78056
-4.78899
-1.53295
-1.24814
-5.38441
-5.3126
-2.29809
-5.45577
-3.39802
-1.1169
-4.74017
-2.93334
-1.98662
-2.83855
-1.16424
-5.47405
-4.76658
-0.905123
-1.50207
-4.67889
-4.81117
-1.30217
-4.54828
-4.127
-3.52734
-3.79442
-3.82897
-3.70083
-3.68518
-4.75447
-4.22702
-3.38629
-3.57159
-5.21925
-2.91581
-2.08136
-4.32627
-4.68973
-4.85189
-1.30321
-3.97146
-3.79153
-4.59455
-4.788
-3.62721
-2.41441
-3.87505
-5.22451
-3.55697
-3.82643
-2.44873
-4.74229
-2.93347
-2.73152
-1.1664
-1.15425
-4.74138
-1.07695
-4.44235
-3.7451
-4.48722
-4.45086
-5.95822
-5.46846
-3.49741
-3.01098
-4.66323
-4.1431
-1.09999
-5.02037
-5.47814
-1.15098
-4.96507
-1.77408
-4.72735
-3.31957
-4.69694
-4.74958
-5.38651
-4.35534
-5.27964
-1.07887
-5.27961
-4.89424
-4.93228
-4.59278
-4.85687
-4.1408
-1.02112
-4.53122
-4.67401
-5.02406
-4.33871
-5.05345
-5.04876
-4.41912
-5.07026
-4.81161
-1.15025
-4.29702
-3.47613
-2.23869
-1.08311
-1.13142
-1.25013
-4.41835
-4.49475
-3.1381
-4.79214
-5.17558
-1.53796
-5.19586
-4.08762
-5.11166
-0.980776
-4.78242
-5.52962
-5.55198
-1.09891
-5.4645
-1.09715
-1.31877
-4.39845
-4.34295
-4.27709
-5.10127
-4.89456
-4.63147
-3.55643
-5.01942
-3.81047
-3.51954
-4.83674
-4.73712
-1.08558
-2.39716
-2.47665
-1.31933
-2.37865
-4.87387
-1.2654
-2.29171
-3.86738
-4.97037
-5.16896
-1.94013
-4.37396
-4.72054
-4.73396
-1.00911
-1.19732
-1.0755
-3.01635
-1.36517
-2.38026
-2.87308
-4.89064
-1.58203
-3.01556
-4.06642
-5.29581
-4.14204
-3.77285
-5.27333
-4.86061
-4.75931
-2.54667
-4.70057
-3.50981
-4.06875
-1.16467
-4.59859
-4.62177
-4.94584
-4.91331
-4.53879
-1.17957
-4.41639
-4.75697
-4.75221
-4.70437
-4.15805
-3.08396
-3.85579
-4.68797
-4.78851
-1.39239
-4.8491
-4.88349
-4.2375
-4.16755
-5.1805
-1.4759
-1.17114
-3.25011
-3.79833
-4.47103
-4.13277
-5.0095
-1.80509
-3.63215
-1.09213
-1.10377
-5.16415
-4.95057
-4.15127
-5.4818
-3.10822
-1.1229
-2.1521
-4.9399
-2.43738
-4.7374
-1.6198
-4.85827
-5.41885
-4.74248
-5.80398
-3.28313
-4.83339
-4.565
-1.61501
-1.03333
-1.93806
-5.38536
-0.559231
-5.31706
-1.10355
-4.75177
-4.43752
-4.3431
-5.42041
-5.65294
-1.56427
-4.65096
-4.70385
-1.17664
-3.76774
-4.76637
-5.24346
-2.68469
-2.81523
-3.65978
-5.0206
-0.901787
-5.14547
-1.20756
-1.33619
-4.74215
-4.04727
-3.71996
-4.76648
-4.18393
-3.47958
-1.8889
-4.76886
-3.80096
-4.09431
-1.13244
-6.23026
-4.9693
-1.55554
-4.77155
-5.1888
-0.352473
-0.883946
-5.45391
-5.2955
-4.41337
-4.97797
-1.00883
-3.79637
-5.19132
-5.26868
-5.61408
-1.00193
-3.98335
-4.75513
-2.67977
-3.88626
-4.3211
-5.16385
-4.65204
-3.21631
-4.54633
-5.21227
-4.86246
-0.43701
-0.916482
-4.95045
-4.95627
-1.26453
-1.08499
-4.9631
-1.67696
-4.86261
-4.76118
-0.880393
-3.73217
-5.30119
-1.1477
-1.87773
-1.17696
-1.17239
-4.49506
-4.12898
-4.77513
-4.49676
-1.09821
-4.59865
-3.76087
-4.36124
-4.97377
-1.01897
-4.35807
-5.63518
-5.00936
-1.15956
-4.30567
-4.84121
-1.51797
-4.41481
-5.23021
-1.80028
-4.89833
-3.84326
-5.00869
-4.34008
-4.33479
-4.7633
-4.90333
-5.11166
-1.66864
-4.51456
-4.33125
-1.39936
-2.71295
-3.41593
-4.97928
-1.19545
-3.96369
-1.81702
-4.09907
-1.02274
-4.39224
-1.1249
-1.08589
-3.41979
-2.73057
-4.85598
-2.31528
-4.43576
-4.79943
-1.02515
-4.21354
-3.51065
-0.985868
-3.50504
-4.96704
-3.30649
-1.98272
-4.2538
-4.74697
-1.74529
-1.11676
-2.57461
-5.09015
-4.70276
-1.23446
-5.02498
-4.73589
-4.36786
-1.05813
-4.76409
-3.50159
-4.86628
-3.89982
-5.41433
-4.68281
-4.78812
-4.68587
-4.76319
-4.869
-4.86455
-1.66584
-4.97399
-4.81179
-1.71251
-1.17306
-5.25125
-4.88225
-1.51717
-4.8643
-3.57498
-4.72769
-3.46915
-4.88705
-1.53355
-3.93752
-5.28868
-5.01598
-5.62456
-4.70772
-5.09932
-1.42169
-4.97858
-3.38722
-4.03401
-4.05119
-5.01015
-4.72377
-4.25349
-1.01645
-4.84828
-3.7436
-3.39145
-4.57352
-5.0589
-4.88912
-3.77984
-5.49866
-5.04832
-0.759807
-1.15159
-4.79107
-4.56184
-5.73316
-4.80073
-4.21931
-1.40136
-1.22354
-0.966048
-4.50104
-1.04735
-4.81723
-4.07038
-5.09485
-4.18794
-4.87517
-1.89427
-4.7449
-1.01821
-1.5968
-4.68118
-4.97006
-4.08601
-2.00304
-2.77337
-4.98648
-3.48547
-4.81002
-3.64697
-5.59805
-2.5013
-1.34384
-4.95512
-5.31931
-0.980695
-4.34324
-4.18266
-1.22197
-1.144
-4.84766
-4.69031
-4.47517
-2.77688
-3.79488
-1.26614
-4.97909
-4.23506
-3.76709
-5.47409
-5.2874
-3.147
-1.47404
-1.05651
-2.30521
-0.98751
-2.89264
-1.09961
-2.64605
-5.02256
-3.99578
-5.43214
-4.46961
-5.0853
-3.07394
-1.1433
-4.9642
-1.35744
-4.0234
-4.40806
-4.16113
-4.53982
-4.99807
-5.05386
-3.36455
-4.73145
-1.13921
-2.31125
-3.74903
-4.89244
-1.69287
-5.56034
-5.68217
-2.38082
-2.73308
-1.68918
-5.46025
-0.803988
-2.18086
-5.71157
-4.8459
-3.53909
-1.34271
-3.57687
-4.77183
-3.48281
-1.09585
-3.9061
-0.790333
-3.56126
-4.73915
-4.82667
-1.94974
-4.35747
-4.42512
-5.75441
-2.92622
-1.37395
-4.86023
-2.4873
-1.83926
-4.7234
-5.42436
-1.33734
-2.93297
-1.14866
-4.40762
-5.40833
-1.18853
-1.43481
-1.1835
-4.45765
-3.55716
-5.13137
-3.45909
-3.70494
-4.70301
-2.59303
-1.12576
-4.0882
-1.17438
-1.29892
-1.50964
-1.16674
-2.36087
-4.54431
-4.73592
-5.02475
-5.38323
-4.59248
-1.42356
-4.69059
-4.29915
-4.87128
-5.70036
-4.81892
-1.22758
-3.77455
-4.45338
-1.12127
-1.45773
-2.14404
-2.03398
-5.56321
-4.97279
-4.88274
-2.31346
-5.26475
-5.25354
-5.24824
-4.81652
-4.71736
-2.38532
-2.7651
-4.46851
-3.4936
-5.69915
-0.808318
-5.10315
-5.68406
-3.4258
-2.73206
-4.90734
-4.75088
-2.40625
-3.37944
-2.60152
-4.68486
-4.62077
-4.43214
-5.29501
-5.4699
-4.32563
-3.86234
-3.96404
-3.36322
-1.0043
-4.53074
-4.77445
-4.89952
-4.63603
-3.50707
-1.64419
-2.399
-1.35792
-5.6307
-0.996657
-4.68099
-4.7705
-4.42472
-4.01332
-5.16549
-1.1666
-4.82123
-2.43391
-4.74513
-1.16593
-1.12135
-3.47523
-4.05354
-4.94899
-1.77452
-5.05056
-4.71925
-5.54069
-4.68757
-3.4817
-1.44732
-1.46522
-3.03093
-4.99329
-0.931816
-1.46292
-5.33565
-5.20788
-4.74004
-2.2001
-3.87885
-1.83934
-3.67053
-5.05015
-1.11608
-1.57056
-4.22466
-4.79195
-4.91716
-5.0454
-1.147
-5.31188
-1.00868
-5.1284
-4.51366
-3.63297
-1.03233
-2.41539
-1.44201
-5.04358
-5.21643
-4.91793
-3.48727
-1.21884
-5.25103
-4.86556
-1.34239
-2.52947
-1.13989
-1.09829
-4.48919
-5.71478
-3.07655
-2.73258
-2.97201
-3.6065
-1.12411
-1.47787
-5.14114
-5.11411
-1.85599
-4.94663
-4.55493
-1.57119
-5.41781
-5.18898
-4.70024
-3.49947
-4.74382
-4.88011
-5.27839
-3.41899
-4.99973
-4.8707
-4.41261
-4.68184
-4.70043
-4.49416
-5.09335
-4.2207
-1.23536
-5.37541
-4.81458
-0.514851
-4.22833
-5.20419
-1.06791
-2.88171
-5.0017
-2.2536
-4.19149
-5.39915
-4.24804
-5.1981
-4.8653
-1.20097
-3.75326
-4.77231
-1.82524
-1.37301
-2.20547
-0.771139
-4.4103
-1.0947
-1.02039
-4.87444
-4.79197
-1.20687
-4.96692
-5.14374
-3.43707
-0.650225
-5.28327
-4.86341
-4.95596
-3.77728
-1.92737
-4.78833
-4.57148
-1.96493
-1.12062
-2.53191
-3.32564
-4.86869
-1.1787
-1.19521
-5.10401
-4.89442
-4.11174
-4.63399
-5.21362
-4.72089
-3.35203
-2.38734
-2.4818
-1.11589
-1.51478
-5.35817
-4.69299
-1.13501
-3.09174
-4.30305
-5.18878
-1.47297
-4.74168
-3.47253
-4.32819
-1.69058
-2.28043
-1.04457
-5.21097
-6.02234
-1.16572
-0.489945
-1.07298
-2.71535
-5.68305
-4.13493
-3.68892
-0.778734
-4.69441
-4.92791
-5.59828
-3.96474
-5.25737
-2.22647
-1.19629
-4.62622
-3.81036
-6.03611
-1.69461
-5.21493
-2.39867
-1.87121
-1.1466
-5.0733
-4.03372
-5.2306
-1.09807
-0.923177
-2.82043
-5.60116
-4.95294
-5.43761
-4.78355
-3.57206
-2.28199
-5.03943
-1.11167
-5.42314
-4.61254
-4.31911
-0.635848
-1.13461
-5.00272
-4.95692
-1.68587
-3.62106
-5.63167
-4.38285
-5.64657
-3.88552
-1.13154
-5.08848
-4.77671
-3.91823
-4.9293
-2.70818
-4.81317
-5.19888
-5.25332
-4.74144
-3.03679
-4.88149
-5.25926
-5.19549
-4.73206
-3.8167
-4.7809
-4.76861
-5.31454
-1.21844
-3.34213
-4.25178
-5.53362
-4.74122
-4.76121
-2.52798
-1.08514
-5.386
-4.78577
-2.39522
-4.77814
-2.03181
-1.32976
-2.58345
-4.84829
-3.49508
-2.45495
-0.964281
-4.6215
-3.45962
-4.81563
-1.90741
-4.61412
-5.31738
-5.43222
-0.980161
-4.71956
-4.94054
-1.03848
-4.81838
-1.04751
-4.67593
-3.8344
-4.72801
-3.27571
-3.72769
-2.42339
-3.45056
-3.71903
-4.07219
-5.40859
-4.05005
-1.29098
-2.07078
-4.7609
-2.22495
-3.93624
-3.49086
-4.90831
-4.34676
-1.07121
-1.43891
-3.55244
-1.59373
-5.12733
-1.45999
-0.996397
-0.970013
-5.05481
-4.06985
-4.09872
-4.59979
-4.79642
-1.08966
-4.69421
-1.13395
-3.69557
-3.9757
-1.96204
-1.70348
-1.99293
-1.47529
-4.06499
-3.71523
-4.18396
-4.56408
-4.13009
-1.11995
-4.5638
-3.9024
-4.4308
-4.68979
-2.39388
-1.15284
-4.17566
-4.92642
-2.58355
-1.19195
-4.9252
-5.46123
-2.08105
-5.5738
-3.70709
-5.0214
-1.11837
-4.7682
-5.6139
-5.48736
-1.56298
-4.93797
-1.14982
-4.92659
-4.29364
-2.83749
-4.53914
-1.14577
-0.931903
-2.93323
-4.37147
-1.59144
-4.40903
-1.12301
-5.02777
-4.93913
-4.81572
-1.12901
-4.88917
-1.15251
-4.45473
-5.74241
-5.18384
-4.68168
-4.34549
-5.5915
-3.39762
-0.986628
-3.51489
-1.20309
-4.7278
-1.59767
-4.47844
-4.74255
-3.51601
-1.20743
-1.8271
-5.60785
-1.18337
-3.62072
-1.16437
-0.527542
-4.9715
-5.61707
-0.749266
-5.62531
-3.8637
-4.7244
-4.23974
-4.76945
-5.11505
-1.11446
-1.43736
-5.63873
-1.49549
-4.14617
-5.34582
-4.6715
-5.3842
-5.30303
-3.17203
-3.07461
-0.908845
-4.51911
-5.56558
-1.21424
-1.21385
-3.74011
-4.02221
-6.03885
-5.74093
-1.85333
-1.10089
-1.9722
-4.36606
-4.75831
-1.25404
-3.72502
-5.36387
-1.55589
-4.23721
-4.70115
-5.51299
-1.57608
-5.08778
-4.71791
-4.70981
-5.0974
-4.02579
-4.70968
-4.29277
-5.02437
-4.89542
-1.82245
-4.60479
-1.09029
-3.38053
-3.44921
-4.73874
-3.58045
-5.66083
-1.90382
-4.31454
-0.746948
-1.04529
-1.50723
-4.55652
-1.56605
-3.74763
-3.6836
-3.55016
-2.37018
-2.51397
-2.6138
-3.71308
-4.4428
-4.16819
-2.47007
-1.42105
-5.1831
-5.35449
-5.4323
-3.34627
-4.01332
-1.28302
-0.997181
-1.41118
-4.76581
-1.04369
-4.76343
-4.91365
-3.54756
-1.11993
-4.92644
-6.03924
-4.50125
-3.69123
-1.19763
-4.78666
-5.05661
-1.83327
-4.73864
-1.16321
-4.59186
-4.3472
-4.0994
-5.38095
-1.14503
-4.74593
-4.40311
-1.14845
-1.02331
-4.73084
-1.93532
-5.01973
-4.72971
-4.85136
-4.74225
-5.68766
-4.58823
-4.84665
-4.47135
-2.52873
-0.577252
-4.53423
-4.61673
-1.44443
-5.2455
-1.07318
-4.47165
-4.63645
-4.29232
-1.69836
-5.00858
-1.47248
-4.7463
-5.10057
-3.94563
-5.64425
-5.06236
-5.50449
-5.75192
-0.710671
-3.38394
-1.70876
-1.09921
-4.02844
-4.51438
-0.991874
-5.21443
-4.727
-4.94597
-1.16308
-4.53893
-1.05696
-1.99961
-4.66516
-5.70309
-5.43627
-4.53503
-2.90312
-4.05299
-4.15937
-4.85345
-2.6827
-3.49758
-1.01838
-1.10282
-5.78587
-1.86591
-3.71247
-5.65851
-0.851612
-1.39141
-5.2036
-4.54541
-4.07065
-4.22095
-5.45701
-5.29478
-5.0506
-1.07229
-4.85413
-1.41544
-1.17553
-5.09366
-3.50514
-1.11386
-5.21578
-4.62115
-5.4625
-4.71834
-4.87344
-3.82739
-1.24146
-3.86845
-2.44515
-3.93863
-5.07421
-1.14811
-1.22779
-4.24371
-2.58573
-4.67673
-1.25253
-4.28322
-5.66254
-1.44521
-1.19434
-4.37721
-4.43829
-1.49122
-4.51884
-1.01368
-1.21972
-3.51234
-4.80068
-5.67825
-4.1564
-5.05122
-4.87583
-2.01005
-3.98679
-5.46022
-1.8474
-3.57994
-5.44883
-5.62138
-1.69746
-4.8764
-5.60603
-4.43853
-4.74274
-5.01774
-1.13212
-4.62145
-4.90434
-1.1489
-2.33006
-4.4816
-3.45542
-4.31284
-4.66809
-4.81965
-2.59752
-2.5804
-3.9991
-1.59665
-1.33013
-5.6417
-1.12043
-4.71124
-3.81325
-1.12436
-1.16735
-5.23817
-1.87689
-2.74673
-4.80275
-5.15894
-4.83132
-1.13175
-4.77453
-5.31835
-1.11585
-5.25838
-5.34408
-3.81269
-2.0759
-4.77487
-1.27912
-1.16372
-1.43607
-1.22813
-4.34662
-4.53673
-4.89753
-4.96048
-3.46863
-5.71669
-3.52267
-1.12673
-5.14999
-3.77062
-5.70472
-1.09059
-3.63504
-4.79888
-4.74099
-4.71611
-5.2316
-6.05408
-4.70671
-4.71241
-1.56162
-4.49457
-1.00866
-2.27024
-3.74463
-4.809
-1.05096
-4.56036
-4.44648
-3.47762
-4.51247
-2.37664
-1.09688
-1.38609
-4.91439
-5.2221
-4.98507
-4.93086
-4.06932
-4.845
-1.59294
-4.01084
-4.69633
-4.04753
-3.43127
-4.37959
-2.38417
-1.82193
-1.84892
-3.58272
-4.15794
-4.39771
-1.23232
-4.86939
-5.31248
-1.85932
-2.34685
-4.2902
-0.996138
-5.43527
-1.75673
-4.56165
-3.52165
-4.68655
-3.54431
-5.707
-1.86817
-5.0648
-2.64221
-5.06535
-4.94923
-2.74414
-5.07123
-4.68618
-4.81377
-0.840051
-4.41666
-1.11853
-1.36286
-1.0194
-5.59879
-4.81552
-4.84356
-4.80463
-4.66784
-2.3308
-1.86166
-5.70871
-3.39394
-4.70696
-0.824569
-2.47629
-5.20132
-3.68666
-4.83314
-5.07466
-2.65145
-4.54092
-4.69691
-1.2155
-2.59172
-3.40091
-1.37934
-5.1952
-3.51358
-4.75074
-4.67599
-5.07264
-1.00534
-5.26879
-5.53054
-5.0432
-4.69439
-4.8273
-4.68218
-0.945938
-0.794548
-4.98723
-1.7161
-2.66673
-4.78954
-5.11442
-2.37946
-5.03945
-3.62054
-4.34457
-4.7407
-5.02097
-5.65958
-4.44673
-1.0704
-1.01197
-4.86392
-3.34734
-1.11708
-1.62413
-1.01737
-4.74148
-4.35519
-3.02977
-4.12123
-1.80513
-4.66105
-3.70299
-3.86901
-4.6565
-0.97816
-1.8399
-3.36949
-4.82708
-4.64046
-4.35117
-4.46781
-4.22845
-1.1239
-1.14982
-4.58752
-5.03368
-2.80455
-2.57131
-4.07071
-4.45858
-4.81523
-4.19961
-4.94399
-5.34924
-1.65381
-5.56022
-5.07892
-1.41388
-3.33577
-5.33047
-4.09501
-3.42667
-2.05582
-5.08469
-1.23203
-5.0602
-3.67865
-1.1749
-3.55573
-4.58201
-3.81173
-4.33867
-4.83833
-3.87257
-5.08414
-5.05569
-5.33515
-4.84294
-4.17904
-4.52584
-4.37574
-4.07035
-2.42558
-4.93115
-5.66789
-5.06287
-4.35169
-1.06736
-1.90631
-1.23252
-5.0774
-5.7461
-5.02278
-2.08754
-4.58672
-3.51568
-3.38291
-5.70071
-1.67056
-3.08214
-5.48362
-4.83354
-4.5829
-4.15257
-2.82605
-4.65344
-1.51583
-1.24138
-1.70253
-3.92103
-3.49074
-4.78589
-4.66825
-4.5981
-4.27615
-4.25805
-3.91862
-3.92904
-4.29024
-4.63069
-1.11164
-3.91837
-4.67197
-5.02459
-4.45188
-3.43103
-1.07475
-3.27571
-4.8534
-2.19297
-3.64731
-1.06598
-1.52936
-2.80844
-4.36968
-5.08408
-4.68782
-4.11688
-4.89152
-5.17212
-4.23691
-4.39133
-4.69072
-2.78283
-1.17187
-1.16922
-1.1646
-1.24152
-4.42999
-4.93295
-1.2389
-5.55227
-4.68118
-4.99674
-0.844684
-5.04412
-5.291
-1.09792
-1.36822
-1.70489
-5.30284
-4.71502
-1.08621
-4.45199
-5.02993
-4.83739
-1.82016
-1.16857
-4.16998
-2.07714
-4.02468
-4.26076
-1.14819
-4.33125
-5.04615
-1.1134
-0.816056
-5.10318
-1.24245
-5.11936
-5.42984
-0.593463
-5.66443
-4.0314
-4.81747
-4.55652
-1.0921
-1.22138
-1.14933
-1.15329
-4.30064
-4.64649
-4.15973
-3.8805
-1.93007
-1.36852
-1.86914
-4.7046
-1.07116
-4.5365
-1.13929
-4.28312
-1.19663
-4.37738
-0.985616
-3.40235
-4.71729
-3.5403
-4.39191
-1.45901
-4.35886
-1.42176
-5.10933
-4.56414
-4.62952
-4.81085
-1.43709
-2.58502
-4.62698
-3.61597
-5.59286
-5.02014
-4.11913
-3.35578
-4.84217
-5.2287
-4.32728
-1.89486
-2.74599
-5.20606
-4.2922
-4.76722
-5.03703
-2.3915
-1.14876
-4.84267
-1.15981
-5.48845
-5.2148
-2.47487
-4.80198
-1.35774
-0.987957
-4.83908
-5.04493
-4.44428
-5.45509
-5.20877
-2.77809
-3.3748
-4.68287
-2.38174
-5.61515
-5.30288
-4.93944
-0.836523
-5.71915
-4.46151
-1.55759
-1.10328
-1.56883
-4.74178
-3.52137
-4.12278
-5.06583
-4.32685
-1.2239
-1.86822
-2.32942
-4.45599
-1.37025
-4.60227
-4.68377
-2.45034
-1.8206
-5.76924
-1.12016
-4.32954
-4.68435
-4.05931
-3.79893
-1.07605
-2.22001
-5.47363
-4.99705
-4.00866
-4.46492
-0.730274
-4.59662
-5.0686
-4.12048
-5.19817
-5.00129
-5.05185
-3.77182
-1.65568
-4.28399
-5.00862
-4.31149
-1.85994
-4.44729
-5.00813
-3.63705
-1.79938
-4.86747
-1.09991
-1.08638
-1.51564
-4.9718
-1.09303
-1.26293
-0.871118
-1.125
-4.91225
-0.967051
-3.48931
-5.70911
-3.53836
-1.25527
-4.75486
-1.24541
-1.62557
-3.49911
-1.05488
-2.32083
-4.53743
-2.38044
-4.32454
-4.88131
-5.03974
-1.01412
-4.90185
-4.55934
-4.22945
-3.79125
-4.98928
-4.68262
-1.10969
-1.12039
-4.11828
-4.97456
-5.01989
-0.930006
-1.04848
-4.65072
-3.66337
-5.21941
-4.08863
-4.2737
-1.39755
-4.28744
-4.68652
-1.10381
-4.68924
-1.11293
-4.99453
-1.93576
-5.4799
-4.80711
-4.14279
-5.02318
-2.70094
-4.41978
-4.87438
-0.909308
-4.41841
-1.15395
-1.04925
-0.857621
-3.07232
-4.03142
-4.86491
-5.09962
-5.69227
-0.954628
-3.93226
-3.54559
-2.07161
-5.62759
-4.78873
-4.86201
-1.32874
-6.05571
-4.69762
-4.3382
-3.71721
-3.9466
-3.52544
-2.68954
-4.9109
-4.8191
-4.93905
-1.0744
-3.73513
-5.77618
-1.01222
-1.20242
-3.98418
-3.69536
-2.47896
-4.24
-4.87912
-3.4968
-1.08819
-4.81543
-1.25151
-1.47274
-0.370978
-3.68578
-1.0741
-1.02794
-1.31104
-2.32374
-4.26681
-1.19609
-3.90787
-2.39379
-4.86264
-4.85053
-2.57061
-4.14258
-4.76058
-4.78256
-4.58661
-4.20857
-5.50306
-4.39793
-5.96442
-4.70653
-4.85607
-4.94915
-5.56293
-1.71556
-3.67798
-2.04503
-1.13697
-4.74827
-3.2359
-3.4766
-5.36964
-4.84132
-1.10453
-1.9
-1.38633
-5.03063
-5.48698
-5.00395
-1.128
-4.71369
-5.03322
-2.18733
-4.2934
-5.48284
-4.20916
-0.971957
-0.977554
-1.80659
-1.14086
-1.00223
-4.97515
-3.79119
-3.78089
-2.02054
-4.17481
-4.52066
-5.38711
-5.01645
-1.90176
-4.19465
-4.20782
-5.08895
-3.6388
-5.44027
-4.79393
-4.75814
-5.04348
-5.2061
-0.890738
-1.4362
-3.52592
-3.50712
-1.08241
-5.77112
-3.5412
-4.7016
-1.16613
-4.31094
-4.39472
-4.66727
-3.55351
-4.96012
-4.87627
-2.92222
-4.46309
-1.15164
-4.25689
-4.66163
-2.43033
-4.31237
-3.65013
-4.66188
-1.03816
-4.92347
-2.49539
-5.2779
-1.87342
-1.17538
-1.78967
-1.26636
-1.15116
-4.79273
-5.15383
-5.01674
-3.62888
-4.23252
-4.91114
-1.13584
-4.92753
-4.35525
-4.70067
-3.64727
-3.84624
-1.05373
-5.06612
-5.70833
-4.76204
-4.5919
-3.60002
-5.77789
-1.06376
-1.50783
-4.61109
-4.36871
-5.47411
-4.73451
-2.5832
-4.42131
-3.54035
-1.51773
-1.16443
-3.69253
-5.26829
-1.38061
-1.38392
-2.66495
-1.41728
-3.22626
-4.89839
-4.75474
-4.81878
-4.07646
-1.1612
-5.09314
-4.14629
-1.7057
-2.34826
-1.41171
-4.64212
-1.14862
-5.72634
-1.1186
-3.58269
-2.46588
-4.89455
-1.11114
-5.43503
-4.26567
-1.64863
-4.41616
-3.43544
-4.84315
-4.3416
-3.82571
-4.82129
-5.01731
-5.21286
-1.34406
-3.56712
-2.61798
-1.70019
-2.33856
-3.73096
-1.25839
-4.34051
-1.54743
-4.94048
-4.70576
-4.80336
-5.21244
-1.79315
-5.05742
-3.47605
-4.30926
-3.48383
-4.15393
-3.48106
-5.44191
-2.24918
-0.965195
-5.42571
-5.77426
-4.97789
-3.35705
-1.11727
-5.0772
-5.08274
-4.79372
-4.93882
-4.37563
-4.01313
-3.96968
-1.49451
-1.85334
-5.07266
-4.01436
-2.56442
-1.94105
-3.51622
-1.75327
-4.496
-4.33392
-4.78092
-4.9981
-1.25787
-4.51075
-3.33821
-2.65384
-1.91737
-3.374
-4.99764
-4.77708
-3.68662
-3.14834
-3.47788
-5.32863
-1.25767
-5.68521
-4.32176
-3.58378
-5.27843
-5.68481
-5.26732
-3.43116
-4.89057
-2.74787
-4.03486
-5.25256
-5.04346
-3.70049
-1.62836
-4.99711
-5.20389
-4.6569
-5.03302
-1.11616
-5.66334
-3.22388
-4.6794
-3.39212
-4.40061
-1.26885
-4.61377
-3.44859
-5.0812
-5.05037
-4.66947
-4.81149
-4.96349
-4.30496
-1.56201
-4.90171
-1.36872
-4.51436
-1.12629
-4.3653
-4.74136
-3.73125
-2.63449
-5.17732
-5.60237
-1.10257
-4.6156
-4.69858
-1.74619
-5.03929
-4.04733
-3.07128
-1.21124
-4.34449
-4.69904
-3.7727
-3.56673
-3.39195
-2.2066
-3.39772
-5.43068
-1.21405
-1.83364
-4.84257
-4.9341
-1.85337
-4.79388
-4.41585
-1.21802
-3.2987
-4.45358
-4.31784
-5.2886
-6.01096
-4.30649
-2.50481
-2.4576
-1.89238
-1.9042
-5.09403
-4.86208
-1.48064
-4.39776
-5.39893
-1.19804
-1.44492
-5.23916
-2.65415
-2.71486
-3.38191
-5.80331
-3.98039
-5.26594
-1.22506
-5.04829
-1.07224
-3.40774
-2.45256
-0.189949
-3.14285
-4.80764
-3.36586
-4.09439
-4.15292
-5.08789
-5.19534
-4.15548
-3.38431
-5.07327
-4.73882
-5.202
-4.97398
-4.31453
-4.96739
-1.47243
-1.01418
-1.07401
-4.84723
-4.08229
-1.64658
-5.06536
-5.09441
-0.988151
-4.85272
-1.45763
-4.97104
-5.03059
-4.02615
-3.52199
-0.837798
-1.21131
-3.31813
-4.88964
-4.51423
-4.45223
-4.85639
-2.96215
-3.36434
-4.83331
-4.84432
-5.45125
-5.45005
-5.67331
-0.356069
-1.301
-4.9133
-3.70483
-2.2779
-1.28385
-5.50663
-1.02934
-2.6647
-4.05593
-4.33151
-1.13161
-2.98475
-2.69877
-3.35032
-5.01928
-5.69483
-4.97136
-1.66695
-5.32717
-5.12722
-4.90508
-2.74725
-5.06758
-4.96283
-5.08061
-4.8321
-4.84087
-5.22215
-1.27178
-1.60706
-1.18147
-5.02487
-4.83532
-4.32313
-4.95587
-3.47604
-1.34243
-2.06742
-2.53836
-4.80731
-5.58459
-0.998652
-4.34858
-4.68403
-3.51604
-3.69964
-3.47337
-4.55769
-4.24713
-1.81833
-2.79889
-1.28267
-2.96417
-1.90666
-4.29948
-6.01941
-4.1938
-4.74732
-4.72973
-5.57868
-3.14484
-1.02956
-1.16348
-4.89683
-1.43656
-5.69621
-4.74257
-4.91119
-4.83525
-3.58805
-1.06615
-4.45439
-4.33623
-5.17863
-4.20723
-4.89012
-4.32161
-3.9483
-2.71737
-5.48461
-5.2094
-2.5944
-5.60421
-1.00792
-2.22282
-1.64893
-3.92156
-5.11949
-1.00643
-1.65322
-4.83832
-5.51163
-1.14412
-5.17371
-2.04391
-1.12271
-1.43121
-1.07464
-4.82571
-2.40604
-2.67813
-5.1264
-1.8027
-1.11565
-4.31921
-4.11293
-4.23885
-4.96945
-4.85857
-5.43224
-3.0221
-5.12109
-4.74569
-5.25003
-4.60739
-1.11773
-1.31261
-4.62816
-3.82475
-4.25043
-4.08057
-5.61766
-3.62604
-1.17201
-1.07265
-4.69911
-4.6986
-4.17367
-1.68458
-3.68343
-3.72945
-4.78213
-3.90784
-5.13131
-4.97033
-4.23905
-4.55712
-1.08132
-3.78437
-4.96315
-3.88949
-1.45055
-5.80424
-1.86341
-1.16933
-1.10533
-4.42526
-2.22115
-1.14213
-5.23615
-1.32802
-3.56421
-5.56452
-1.07739
-3.26791
-5.46421
-1.1256
-4.67216
-4.11735
-4.90911
-1.66812
-1.70364
-1.16398
-5.72127
-3.69915
-5.55003
-1.88599
-0.983423
-4.638
-3.45762
-5.78867
-4.09688
-1.5462
-5.14977
-5.03049
-4.9231
-1.25195
-4.55759
-5.42857
-4.78333
-2.00561
-1.40509
-4.84906
-4.75127
-4.769
-4.18595
-4.78709
-1.20269
-5.58898
-5.18466
-4.75288
-3.63698
-3.53904
-4.04654
-4.79043
-5.03953
-1.85944
-1.2239
-5.67958
-2.8869
-2.54381
-3.3763
-4.34132
-4.64783
-3.63106
-3.47201
-4.92728
-1.94773
-4.92591
-4.79687
-4.40958
-4.14036
-4.71364
-4.70875
-3.82117
-1.35995
-0.991057
-1.1456
-3.87922
-4.70923
-3.56019
-2.41529
-4.17326
-4.99948
-3.82606
-3.34277
-3.60666
-4.62115
-2.47676
-2.9836
-1.07312
-1.17157
-4.67966
-1.96526
-4.9949
-1.20789
-3.47247
-5.09324
-1.17611
-4.17406
-1.24228
-5.48981
-5.29294
-4.41609
-1.02532
-4.1617
-1.06691
-1.48431
-3.40679
-2.40033
-1.16938
-5.12888
-4.8003
-1.14433
-2.93522
-4.39151
-2.45817
-3.58991
-4.79618
-4.05197
-5.07907
-1.29056
-3.53622
-4.78118
-4.67757
-5.01791
-5.00695
-4.21278
-3.21028
-5.63927
-4.84547
-5.21579
-1.5454
-3.3496
-4.76219
-3.30387
-4.78556
-1.09895
-4.87626
-5.41567
-4.47191
-4.72306
-4.5777
-4.19481
-3.80301
-1.06185
-3.26045
-5.40841
-4.67737
-3.48249
-3.85403
-5.50749
-4.70809
-2.06497
-3.12658
-5.58889
-5.42714
-2.60519
-4.15314
-2.63403
-1.8792
-1.05432
-3.54036
-4.31971
-4.33704
-1.28496
-5.45861
-1.87389
-2.57315
-5.20721
-4.74283
-4.88874
-5.0693
-2.22336
-3.46991
-5.22235
-3.98243
-4.85202
-3.697
-4.65392
-1.20842
-5.2456
-2.2044
-3.56071
-5.32574
-1.462
-2.04406
-5.09405
-1.12701
-1.08492
-4.93211
-4.78907
-5.35162
-1.02897
-4.07022
-4.14248
-2.15117
-5.52991
-4.68322
-4.29329
-4.98719
-2.63921
-3.02964
-5.04128
-3.65344
-4.76784
-3.19778
-4.857
-1.60667
-1.26644
-4.77956
-4.17971
-4.30051
-4.17692
-1.90743
-2.41208
-4.68828
-5.39192
-4.94604
-2.56571
-1.16466
-4.70993
-5.09974
-0.941233
-5.63632
-5.6397
-1.73952
-1.19335
-4.29761
-4.6468
-3.44305
-3.61314
-3.73654
-5.05008
-5.38775
-5.10759
-5.41485
-1.95769
-3.4158
-3.61329
-5.224
-5.22482
-1.34004
-5.45261
-5.14556
-2.61189
-4.7864
-1.10464
-3.91414
-4.81261
-2.76126
-1.18748
-1.90815
-5.24369
-0.927132
-5.0824
-3.52308
-3.42512
-1.69145
-2.38538
-3.00236
-4.8156
-2.63481
-5.07688
-4.81482
-5.02842
-5.8144
-1.12487
-1.29634
-1.17332
-1.68296
-5.21276
-5.99309
-1.05004
-4.15803
-4.18964
-1.78921
-1.09641
-4.50638
-2.80052
-5.10128
-4.27098
-2.75136
-2.50599
-3.18752
-5.15957
-4.96617
-3.92759
-4.30743
-5.05005
-4.73055
-0.932632
-4.19929
-3.71445
-1.00006
-1.27486
-4.77141
-5.03184
-3.4024
-4.14132
-1.12359
-4.65552
-3.27329
-4.70883
-5.16244
-4.54513
-3.40726
-1.3335
-4.08045
-1.14852
-5.66523
-4.84535
-4.01219
-4.91373
-4.90264
-1.1251
-4.99028
-5.57986
-5.65165
-2.46687
-4.71783
-5.06893
-4.55239
-4.98791
-2.60478
-1.00435
-3.70923
-3.98793
-1.06538
-4.1106
-4.13082
-4.81073
-4.86676
-4.99793
-3.13972
-4.87124
-3.9997
-4.53376
-3.41869
-1.16766
-2.9734
-3.37553
-4.10987
-4.52476
-1.13619
-3.55071
-4.70617
-5.00527
-3.01203
-4.93854
-0.0239712
-1.3079
-1.03738
-4.9134
-2.11997
-5.02098
-4.86749
-1.08529
-2.38905
-1.83366
-4.7677
-3.50746
-2.81336
-1.02273
-1.16888
-1.98282
-1.78763
-5.0901
-4.16333
-4.84441
-1.09553
-3.08731
-1.1527
-3.6238
-4.23828
-5.2269
-5.03157
-1.86929
-1.13915
-1.37231
-1.16778
-2.81656
-3.58313
-1.14691
-4.71802
-4.94689
-4.73792
-1.22797
-1.23805
-3.53223
-1.07384
-4.51197
-1.1647
-1.15623
-2.42964
-4.9711
-1.07821
-4.8088
-4.95071
-1.24353
-4.75647
-1.93054
-1.31468
-3.53553
-5.08657
-4.75024
-4.74267
-4.24311
-2.29496
-4.74559
-1.09228
-4.74215
-1.16216
-4.74783
-5.27112
-1.16016
-2.86543
-3.43606
-3.90194
-4.27541
-4.81165
-6.03926
-1.5017
-1.97421
-1.14542
-4.4054
-4.71031
-4.57277
-2.42788
-2.53964
-1.27993
-4.21101
-4.24017
-4.99731
-4.77475
-1.19358
-4.85387
-1.1663
-6.13397
-2.57683
-1.09529
-4.94432
-4.28321
-2.44701
-1.11912
-2.53894
-1.57207
-4.83407
-1.27296
-4.53542
-4.27842
-4.58569
-3.3948
-3.54416
-2.7657
-3.61773
-3.83717
-3.38507
-3.47229
-4.94623
-4.5535
-5.72837
-1.29735
-4.89791
-3.48628
-5.05333
-4.73892
-1.09149
-4.81377
-1.85738
-4.56109
-4.14555
-1.34776
-3.5307
-1.13462
-0.887975
-6.15297
-6.20274
-1.3095
-4.85844
-3.36598
-4.36164
-5.03785
-4.38111
-5.23573
-4.9619
-4.92413
-1.44178
-5.4796
-2.7599
-2.36664
-3.92178
-1.19352
-1.16683
-4.62427
-4.70192
-1.93435
-3.40105
-4.59298
-4.82606
-5.18061
-4.7796
-5.11059
-3.55394
-4.70739
-4.57866
-4.83932
-4.68779
-3.9786
-1.33266
-4.4644
-2.68283
-4.99908
-4.10323
-1.77721
-1.31911
-3.76214
-4.1614
-1.49172
-2.54982
-5.01118
-4.72777
-4.75301
-4.2057
-1.32369
-1.10068
-1.05469
-1.25594
-1.29634
-0.557646
-3.49061
-3.97598
-3.96508
-3.79268
-4.92477
-1.22486
-1.04022
-1.32594
-4.31598
-5.36988
-3.3885
-1.1504
-4.14416
-1.77077
-1.75429
-5.60915
-3.46198
-1.80473
-4.9138
-5.68942
-4.1529
-2.46313
-4.16793
-5.24441
-5.38429
-2.0332
-4.49518
-1.2765
-2.63777
-2.98476
-1.15784
-5.12631
-4.13122
-4.86764
-4.10295
-4.12628
-4.55583
-1.84976
-4.77731
-4.68099
-4.38823
-4.84602
-1.05497
-4.13158
-2.96883
-1.57703
-1.31381
-1.11516
-4.33106
-4.6982
-1.05352
-3.85426
-5.1269
-2.94307
-3.68888
-4.10045
-1.681
-2.40816
-2.83451
-5.41222
-3.91578
-4.08365
-4.4116
-1.1882
-1.30964
-4.62223
-4.95343
-4.4107
-0.663764
-3.49771
-1.32493
-2.4186
-4.74204
-4.79999
-4.23621
-4.54208
-3.5248
-3.40314
-1.78583
-2.49963
-5.5439
-2.72973
-4.28171
-2.80575
-4.80103
-4.75946
-2.70907
-4.60616
-3.10327
-1.09523
-4.69564
-5.28067
-2.14122
-1.77971
-1.51491
-4.53844
-1.80352
-5.4481
-4.06341
-1.41306
-4.86582
-4.36828
-3.50238
-3.80305
-4.05256
-4.75165
-4.17502
-1.33815
-4.77957
-3.98493
-5.03825
-3.46886
-1.32244
-3.70395
-2.60773
-5.01532
-5.45708
-2.62307
-1.73526
-1.3171
-4.7811
-1.24995
-5.10228
-5.28899
-2.67057
-4.89058
-3.62985
-1.26325
-3.39483
-2.45274
-4.07291
-1.72024
-1.0246
-5.41861
-2.02765
-1.76395
-1.03276
-5.12167
-4.7444
-2.68914
-4.67832
-4.21587
-4.50285
-5.7487
-4.71201
-4.66518
-5.72701
-4.24353
-4.32019
-5.19561
-1.71917
-5.0495
-4.77732
-4.72067
-4.23621
-1.1691
-2.18324
-4.73023
-3.67161
-1.4495
-4.88144
-5.63389
-4.78415
-3.92758
-2.68874
-1.27854
-4.10678
-4.17846
-5.1665
-5.41942
-1.80287
-3.31387
-1.14424
-1.7459
-4.87065
-4.77705
-5.18576
-2.68288
-1.41709
-4.79377
-0.906745
-4.0481
-5.78038
-4.09623
-4.64854
-5.0658
-1.41853
-4.50352
-4.68225
-4.93736
-1.02073
-4.7631
-3.88443
-4.71483
-4.23898
-1.01984
-4.09606
-2.86576
-4.63062
-4.79092
-1.39425
-2.97165
-4.35759
-1.11421
-4.61065
-5.06715
-4.48256
-5.10312
-2.55622
-1.52457
-4.23633
-4.51196
-3.39357
-3.51904
-1.81775
-5.17404
-1.69264
-1.23727
-2.57399
-4.62607
-4.75575
-4.31824
-3.44743
-5.26801
-5.07023
-5.00518
-3.86787
-4.82346
-4.43917
-4.75116
-5.08816
-4.69611
-4.85138
-4.78061
-1.13688
-2.48647
-1.6964
-3.37405
-1.04224
-3.08742
-1.50023
-5.1297
-4.84558
-4.7282
-3.97458
-1.14338
-1.53236
-0.16309
-2.78989
-1.73509
-4.2633
-4.98351
-5.63275
-3.87225
-4.30618
-1.06309
-5.0677
-4.34402
-5.02851
-1.12007
-1.76518
-4.74233
-2.90503
-4.98118
-1.08383
-1.24926
-4.95389
-4.96492
-4.99031
-1.78815
-4.94701
-4.82238
-1.79787
-2.77907
-4.11853
-4.96665
-4.33205
-4.6848
-4.5079
-4.84449
-5.19162
-1.36076
-1.27711
-4.72936
-4.75249
-2.28488
-4.14394
-5.25957
-5.15119
-5.47414
-4.75561
-2.58119
-4.13149
-1.43497
-1.12219
-5.62319
-4.75119
-1.58175
-1.12164
-1.38512
-5.11165
-3.12612
-1.88036
-4.68183
-1.83547
-4.69357
-1.83884
-4.13545
-1.32268
-3.45261
-2.46242
-4.78538
-1.13902
-4.17464
-1.39176
-4.9992
-4.50785
-5.00203
-4.42616
-1.38606
-2.4173
-5.06238
-4.71574
-2.94327
-1.42399
-1.79467
-4.97838
-1.32948
-4.19847
-2.46779
-4.27656
-1.14061
-4.78742
-1.65777
-5.21196
-1.32116
-1.54737
-5.19136
-1.20061
-1.1923
-1.79273
-1.80473
-2.39312
-4.79292
-4.20158
-5.34118
-5.02035
-1.22918
-4.87103
-3.2389
-2.65177
-1.14605
-4.60567
-4.84628
-2.60054
-5.34481
-5.34808
-5.34644
-5.3478
-1.12011
-5.44562
-5.35984
-3.6509
-5.01287
-2.50193
-3.16656
-4.72687
-4.22218
-4.82117
-5.06284
-4.4502
-1.28558
-5.24407
-5.00564
-1.55811
-1.03308
-1.18643
-4.67563
-2.90254
-1.34408
-4.98589
-4.74297
-1.47826
-3.73157
-5.05041
-4.04195
-3.10263
-3.16801
-1.24447
-4.95804
-5.04535
-3.04005
-4.78409
-4.82748
-5.73177
-3.37694
-4.71651
-4.5735
-3.4827
-5.34357
-3.79244
-1.17184
-4.6191
-2.55024
-1.14053
-3.8645
-1.14461
-5.82103
-4.69876
-5.72218
-4.59924
-4.89702
-1.68308
-1.23146
-3.34331
-4.53325
-4.75042
-5.09796
-3.35506
-1.17057
-1.33487
-1.03915
-4.08445
-4.85522
-4.84025
-5.07861
-2.98179
-4.78817
-3.38235
-3.49053
-4.44742
-4.18647
-4.33721
-3.1536
-3.11093
-1.41719
-5.0111
-4.69802
-3.29612
-5.01185
-5.06791
-2.15931
-4.64063
-0.359403
-1.14204
-1.31704
-4.21836
-3.64192
-3.6062
-4.80371
-1.97151
-1.06328
-3.30243
-4.40584
-4.79457
-4.77753
-2.51902
-4.19757
-5.30046
-5.40032
-3.73262
-4.75025
-1.47364
-3.48402
-5.14868
-4.76441
-4.6634
-1.0386
-1.45947
-4.68473
-1.57856
-5.44111
-4.94271
-3.01615
-1.19009
-5.68219
-4.72487
-4.13043
-1.29075
-4.69568
-2.12296
-4.71348
-4.50428
-5.76557
-2.72356
-3.58443
-1.0324
-3.09644
-3.58169
-4.99059
-1.94978
-5.51137
-4.13852
-1.04204
-2.48613
-1.05173
-1.10837
-2.22491
-1.11535
-2.79628
-3.10225
-1.10394
-4.75182
-1.97322
-3.35895
-4.66365
-4.73046
-4.75687
-5.27641
-4.83405
-5.03163
-1.51676
-2.11818
-1.3349
-5.30182
-3.59555
-3.97218
-4.86325
-5.25709
-1.11208
-3.12822
-3.07266
-3.96129
-4.7404
-1.20988
-2.75603
-5.72301
-1.26461
-1.37839
-1.30813
-5.1138
-5.25566
-1.21907
-3.43995
-4.76173
-2.43701
-1.0995
-1.14557
-3.239
-1.41934
-4.48556
-3.56872
-1.1837
-4.70269
-4.88714
-5.08912
-1.36935
-4.74809
-4.77641
-5.02794
-4.2963
-1.53257
-4.02206
-1.48112
-1.81239
-5.22135
-4.82462
-4.1409
-3.33968
-1.15044
-1.44189
-1.90648
-3.4821
-3.38319
-4.4232
-4.16738
-2.50398
-5.22145
-3.88316
-2.35458
-3.17041
-3.74378
-1.03925
-4.62764
-4.70261
-3.54589
-3.11123
-2.39112
-4.35909
-3.83143
-5.25706
-5.02659
-3.01548
-3.63063
-4.23225
-1.75708
-1.34682
-6.0223
-5.14464
-2.0748
-1.12577
-4.03383
-1.03137
-4.88874
-1.79011
-2.58697
-1.58822
-1.06267
-4.8928
-3.55853
-0.940668
-5.20897
-4.58623
-5.16073
-2.9289
-4.49168
-4.8062
-1.43021
-4.26744
-3.61637
-3.22163
-2.09927
-1.81462
-4.88894
-5.0386
-5.17243
-5.08885
-4.98888
-4.05697
-5.33968
-4.87169
-2.99603
-1.09493
-3.81262
-4.23457
-4.98567
-4.8075
-4.76972
-3.13655
-4.2777
-5.15367
-4.07928
-1.18846
-5.27255
-4.99973
-5.18891
-5.12334
-1.02317
-4.19294
-3.05664
-4.71627
-4.69876
-3.02748
-4.8461
-2.23944
-4.00152
-4.90946
-4.14341
-4.04736
-4.32134
-4.70759
-3.07927
-0.637133
-1.12096
-1.36353
-4.75118
-1.05324
-3.84639
-3.15146
-3.57199
-4.59388
-3.65386
-1.48883
-5.07835
-3.05305
-3.53702
-1.02969
-1.09367
-1.54728
-4.90633
-5.43073
-4.42838
-5.73968
-3.04666
-1.2511
-4.74067
-2.44735
-1.14564
-5.41818
-4.78732
-4.96817
-1.25627
-4.1995
-4.95432
-1.42115
-5.35138
-5.11974
-3.54833
-4.14952
-1.24445
-3.4835
-3.32149
-3.17189
-4.49584
-5.11767
-2.03712
-4.46585
-4.7281
-4.10837
-1.12219
-3.67772
-4.27036
-1.27472
-3.86394
-5.18207
-5.21587
-3.05376
-3.33965
-5.21039
-3.9421
-3.34989
-3.41723
-4.84301
-1.60629
-1.27082
-1.1545
-3.57042
-4.31019
-1.15185
-1.20068
-3.8126
-2.74868
-2.41485
-3.93635
-5.12928
-2.03565
-2.16119
-4.05748
-4.73533
-5.05586
-5.11793
-5.29932
-2.81979
-5.36226
-3.36614
-3.48288
-4.36164
-4.13379
-3.55651
-4.80755
-2.59938
-3.27743
-1.39788
-1.20946
-5.763
-5.1836
-3.61011
-4.77973
-3.52698
-1.77062
-3.3879
-1.0971
-3.75601
-3.69513
-3.39863
-4.69096
-1.70129
-1.46567
-5.12447
-2.61342
-4.85381
-2.09688
-1.00201
-4.24867
-1.27971
-2.67114
-3.67624
-4.70566
-1.15687
-4.86018
-5.67141
-1.32415
-4.68049
-3.56886
-5.05648
-5.12402
-4.7345
-4.15419
-4.74615
-4.80434
-5.75568
-4.8367
-3.53733
-4.55172
-5.78493
-1.37931
-4.1399
-1.43188
-4.83906
-3.37495
-3.5346
-4.6875
-5.65539
-4.74648
-4.56485
-1.05108
-2.50675
-1.19653
-4.64272
-1.87402
-2.61805
-3.37516
-4.8123
-5.76426
-3.44233
-2.37483
-4.07049
-1.1337
-2.87817
-4.5923
-4.73154
-1.04463
-4.48103
-1.05596
-2.97078
-3.10515
-0.906028
-3.52402
-4.40167
-1.89828
-5.11413
-4.98932
-1.34712
-1.10183
-5.07243
-4.76876
-5.02126
-5.22483
-1.36072
-3.74629
-5.0406
-4.27924
-3.48165
-1.10866
-5.10011
-1.84191
-4.78301
-2.47741
-4.93345
-4.95377
-3.74825
-5.28006
-4.5188
-4.74341
-4.1116
-4.31985
-4.04408
-1.32752
-1.43825
-4.12822
-4.92195
-4.83194
-5.09157
-3.33005
-4.69745
-1.09869
-5.77467
-2.31874
-4.16875
-1.77716
-4.91211
-3.52917
-4.34491
-1.40388
-5.0436
-3.38378
-4.30825
-3.94923
-1.39195
-5.02078
-5.21665
-1.21216
-0.553038
-0.194011
-4.74213
-1.23812
-4.10452
-5.79557
-4.66991
-1.40788
-0.538109
-1.51494
-5.02622
-4.0613
-4.71079
-0.980276
-2.37159
-2.84053
-1.4587
-5.07815
-4.88692
-2.80646
-3.39628
-3.4778
-1.79258
-5.77051
-2.56885
-0.923693
-3.43743
-1.63679
-4.40816
-1.77078
-3.37234
-0.920315
-5.11374
-4.24477
-1.34982
-4.77398
-4.04
-2.58082
-1.54967
-5.2054
-4.10265
-3.97918
-1.39219
-2.61219
-4.21879
-1.06878
-4.60575
-5.2657
-1.23621
-4.37339
-1.27033
-1.43582
-4.02819
-1.23883
-5.49983
-2.81289
-1.36207
-3.34814
-3.46145
-1.05479
-4.10935
-4.06226
-1.13556
-2.26465
-2.37421
-5.068
-2.2772
-4.85053
-3.60924
-4.69482
-1.23627
-2.59411
-6.14855
-2.16895
-3.51535
-3.37924
-5.66792
-2.55114
-5.06854
-4.4898
-1.11992
-1.63544
-2.97894
-3.49187
-4.087
-4.27626
-1.03808
-1.35816
-5.49733
-2.5178
-4.09845
-5.43385
-3.09064
-4.0371
-4.81251
-3.078
-1.07711
-4.14139
-4.68915
-4.74704
-5.12171
-3.11161
-4.92661
-4.34159
-5.01717
-1.48854
-1.80821
-4.81062
-2.52801
-1.92382
-5.46256
-2.73196
-4.38394
-4.5243
-1.78293
-2.78184
-5.23432
-4.53302
-3.46899
-3.28974
-5.28343
-3.37931
-1.52035
-2.43718
-1.85936
-3.51536
-4.65961
-5.079
-1.03276
-5.38742
-4.4564
-4.80826
-4.06551
-4.73537
-3.16184
-4.3281
-4.70306
-5.30564
-4.62659
-1.11178
-1.47024
-3.47592
-4.13252
-3.08139
-3.49766
-3.89177
-0.789224
-2.46805
-1.10376
-2.15387
-0.647678
-5.30856
-1.05289
-5.9901
-4.6876
-1.16351
-1.26364
-5.07738
-5.17769
-4.16278
-1.21552
-1.05207
-4.68052
-1.20378
-4.98894
-1.06954
-1.56806
-4.87375
-2.47831
-4.81818
-2.40945
-4.16411
-5.58959
-1.21617
-3.83316
-4.51964
-3.50866
-1.54087
-4.96794
-5.44343
-4.7036
-4.13564
-4.58232
-1.02029
-1.16514
-1.14682
-3.45311
-4.70754
-1.64927
-3.50642
-5.28977
-2.41494
-2.08218
-4.08567
-4.02652
-3.43829
-4.7152
-3.83924
-1.27617
-3.48893
-3.4047
-3.93795
-2.42329
-5.67756
-1.41051
-4.66716
-1.21586
-5.21232
-4.21951
-4.06034
-1.13575
-4.74199
-4.72243
-3.92754
-1.6146
-4.102
-3.99009
-4.40434
-2.98343
-3.47302
-1.35837
-4.97274
-2.3813
-3.40433
-5.18091
-1.67865
-2.27211
-3.91471
-5.13593
-3.89566
-2.19381
-4.62738
-5.31899
-3.48978
-1.05932
-1.36755
-1.51089
-3.27174
-4.47619
-1.05694
-3.86696
-4.50956
-1.29845
-3.63227
-5.23378
-3.62362
-4.7981
-3.55938
-4.91009
-4.58675
-4.82664
-3.47625
-3.43763
-4.47599
-1.82314
-4.67365
-3.02673
-2.65516
-5.43666
-4.77807
-4.75425
-4.89849
-4.63858
-2.93362
-5.46184
-4.89919
-4.19436
-4.79711
-5.13538
-1.36879
-1.26179
-2.65605
-4.37574
-3.46579
-2.58613
-2.40228
-1.05227
-2.60445
-3.90415
-3.52637
-5.04778
-4.41794
-5.60711
-3.45597
-4.26657
-4.81062
-1.82187
-1.63128
-1.1099
-3.45075
-1.42131
-4.57194
-1.3194
-3.65699
-4.97685
-5.21101
-5.5322
-5.73964
-3.7163
-2.94507
-1.58805
-4.76796
-1.31151
-4.67822
-1.06085
-3.86555
-1.10503
-3.6174
-4.97373
-0.880406
-5.07332
-4.52073
-1.06505
-4.88096
-4.04881
-3.27979
-4.99529
-5.1114
-1.49118
-3.50509
-1.32467
-4.71827
-1.18589
-3.01808
-2.82416
-4.04044
-4.14982
-0.916712
-2.88444
-1.6488
-1.0867
-1.37397
-5.11205
-3.61773
-2.05619
-2.75671
-3.53653
-4.03263
-4.03234
-4.17105
-3.33034
-1.33404
-3.72709
-4.60033
-5.60579
-5.53943
-5.30649
-1.5321
-4.35687
-2.3667
-4.61517
-1.04018
-3.31242
-4.60793
-1.78228
-4.01681
-2.62745
-3.26742
-1.07411
-4.96719
-3.46161
-1.1344
-3.34643
-5.05156
-4.24769
-1.333
-5.06081
-1.81168
-5.05089
-5.42905
-5.22258
-3.71432
-3.89267
-4.5497
-1.34199
-3.98528
-2.29042
-1.05357
-1.9005
-4.98491
-1.20985
-4.41861
-3.4295
-4.79713
-1.09979
-3.38827
-3.46926
-3.52028
-4.10645
-1.48894
-3.85009
-5.41694
-4.52339
-5.52179
-1.38203
-1.83715
-3.7561
-2.86644
-4.98849
-4.87076
-4.7358
-5.44385
-4.31235
-5.18461
-1.39073
-2.39906
-1.22644
-3.87853
-1.37162
-4.49526
-1.35583
-5.53432
-5.44474
-2.68828
-4.91976
-1.82701
-4.27814
-3.31169
-2.06481
-5.07608
-4.26736
-1.99164
-1.73176
-1.28165
-5.75641
-4.12582
-5.19759
-1.28762
-4.59562
-4.00383
-4.112
-5.71196
-0.851248
-4.27856
-3.11832
-1.19224
-4.76314
-1.46322
-2.42469
-3.50021
-1.29244
-2.22712
-1.068
-1.08469
-4.78004
-3.77977
-4.75119
-1.37218
-5.66636
-1.36943
-5.33521
-2.57031
-3.63661
-3.88972
-5.26588
-4.34902
-1.0385
-4.65
-1.15148
-1.60235
-3.26311
-3.83342
-4.01174
-4.20965
-5.26763
-5.00006
-4.21691
-2.28465
-1.96984
-1.8378
-3.81326
-3.79513
-3.85661
-5.07957
-4.06379
-1.80826
-3.19948
-2.96096
-3.55907
-3.88548
-4.75467
-2.87424
-1.51862
-3.44235
-1.62293
-1.07372
-1.21925
-4.48835
-2.37791
-1.49989
-5.06781
-1.85458
-2.02536
-4.76744
-1.4822
-1.81579
-4.07825
-1.08535
-4.7801
-5.02829
-1.77223
-2.98818
-5.1031
-1.06771
-4.87077
-4.12273
-4.04142
-3.00786
-1.07306
-1.47087
-5.9501
-1.092
-2.58114
-3.03655
-3.43893
-4.0676
-1.33561
-4.7902
-3.19569
-1.46081
-3.62667
-3.89677
-4.49545
-4.67608
-2.8372
-4.45794
-3.3847
-3.19083
-3.12935
-3.94316
-5.04782
-3.64753
-1.07458
-3.97755
-4.05786
-2.85222
-5.22998
-4.8129
-5.7925
-3.44412
-4.77601
-4.70842
-1.26668
-4.75603
-3.06591
-4.97431
-2.41817
-1.25938
-2.16889
-2.49553
-1.14161
-3.11472
-3.1337
-4.74003
-2.58985
-2.87914
-4.30175
-0.762967
-1.10172
-1.39516
-3.56746
-3.9159
-1.17626
-1.70939
-4.56234
-4.68737
-3.35382
-1.69627
-3.07894
-1.38005
-1.37618
-1.80439
-2.43942
-4.75001
-3.83698
-4.42417
-4.33431
-5.11008
-5.71003
-3.0077
-4.85408
-5.16571
-4.02148
-2.41421
-0.638779
-3.69732
-1.34274
-4.81083
-3.48223
-3.4192
-2.75435
-1.23184
-2.60534
-5.10636
-5.21372
-1.43087
-1.86794
-3.98686
-4.8831
-2.68755
-2.87509
-4.43242
-1.21161
-5.03311
-1.65522
-3.62513
-1.05979
-5.00347
-4.60758
-4.03295
-4.83775
-1.21638
-1.90843
-4.9743
-4.03313
-4.74254
-5.18997
-1.80013
-5.57285
-1.61672
-4.53137
-5.03943
-3.53574
-5.1038
-2.40898
-1.0701
-5.24882
-4.55641
-3.88611
-4.08821
-2.95887
-4.09592
-1.42029
-3.95131
-3.99378
-4.7473
-5.40927
-3.00995
-1.87796
-1.35309
-2.82796
-4.78625
-3.48827
-4.73047
-2.26257
-4.54448
-3.3095
-5.65589
-3.76906
-4.11427
-4.48813
-2.83752
-2.60437
-3.50813
-4.01248
-4.23222
-4.86555
-0.832733
-1.38054
-2.44814
-5.53928
-3.83928
-5.40944
-1.67631
-4.74945
-2.44877
-4.76733
-1.52559
-2.95118
-1.45466
-1.72039
-1.04609
-2.79897
-1.4273
-2.60594
-4.02462
-1.04902
-5.04391
-3.52951
-1.0627
-5.04964
-1.20242
-3.52944
-5.04956
-4.79102
-4.87242
-1.85107
-2.46601
-5.1482
-3.46169
-2.46556
-4.97665
-1.73628
-4.53039
-4.37528
-2.73342
-4.78097
-4.73323
-4.78413
-3.18515
-2.11764
-3.00535
-3.81176
-4.75205
-4.96687
-1.46626
-4.03183
-4.78492
-2.95896
-2.69472
-1.08094
-2.62137
-1.20169
-3.49956
-5.50802
-2.38088
-4.73768
-1.07789
-1.0292
-1.44539
-4.92127
-3.92899
-3.92014
-3.49837
-1.39027
-3.87895
-1.24018
-4.4107
-2.80926
-3.67516
-2.45722
-2.4635
-1.68415
-3.98672
-1.37465
-3.00372
-4.85452
-1.53882
-4.27986
-1.03974
-1.82407
-1.47425
-0.944923
-3.99422
-3.5086
-2.86965
-3.34901
-4.86381
-1.2228
-3.54717
-1.0858
-4.61948
-3.93745
-1.07681
-1.05045
-1.06577
-2.38753
-5.63671
-4.58068
-5.10032
-1.66904
-4.15397
-0.772266
-5.35433
-1.40264
-3.7207
-1.10454
-1.37037
-1.1347
-3.81959
-2.9142
-3.61542
-1.09224
-0.800211
-5.00735
-3.86565
-4.41943
-2.76165
-2.3686
-2.78337
-1.87736
-1.34542
-4.02288
-1.30902
-3.6805
-4.62189
-4.93915
-4.66386
-4.68187
-5.70581
-4.23081
-3.41136
-1.05258
-2.4701
-1.13582
-3.76866
-4.71034
-4.67193
-1.09577
-2.64246
-4.50159
-4.78307
-2.7694
-1.15802
-1.39753
-1.08519
-1.17106
-1.89683
-5.34552
-3.02234
-5.51355
-5.5272
-4.20546
-3.44092
-2.1122
-3.67307
-3.83551
-4.66248
-1.60489
-2.58094
-1.58559
-4.73498
-0.976628
-4.25378
-4.92026
-3.29122
-2.61033
-5.11734
-4.29213
-4.32117
-4.71142
-3.90136
-3.84328
-1.31947
-3.34039
-1.70245
-4.53418
-2.85844
-3.89042
-1.46442
-3.42498
-3.95002
-2.70295
-1.76357
-4.09839
-5.49407
-1.36778
-1.08901
-1.55293
-4.01039
-1.6726
-1.89897
-1.04671
-3.74617
-1.36532
-1.3905
-2.82018
-4.67378
-5.53292
-1.17829
-2.13809
-1.75716
-4.82676
-1.06255
-4.15299
-3.33744
-4.16939
-2.93021
-3.48319
-4.28317
-4.61384
-1.60757
-4.556
-2.72964
-1.45777
-5.34127
-3.36589
-2.78784
-5.03713
-3.34125
-4.98737
-1.00846
-3.19633
-5.36023
-3.57105
-1.76765
-3.40437
-0.959018
-1.61389
-4.69936
-3.79766
-4.32619
-2.16104
-4.64793
-3.5363
-5.00157
-2.66378
-1.08741
-5.09398
-3.67724
-3.12736
-4.68688
-3.85088
-4.60492
-5.03781
-3.67376
-1.2228
-2.39137
-2.45156
-4.53413
-4.1072
-2.58927
-4.79572
-1.41002
-1.0598
-4.35206
-3.03655
-5.10687
-3.89202
-2.75817
-1.33683
-3.5257
-2.9997
-1.16888
-3.22667
-5.11816
-2.89948
-4.94998
-2.57573
-4.29007
-4.4381
-1.91936
-4.20688
-4.92248
-4.35993
-2.90476
-5.22612
-3.91526
-4.29631
-2.59443
-4.11324
-1.26448
-5.29714
-1.38075
-4.62469
-4.9719
-5.24663
-3.61242
-5.0515
-1.13208
-5.18022
-2.62119
-5.19183
-5.19131
-4.24235
-4.60631
-3.61608
-4.62599
-2.83459
-4.20969
-4.13053
-2.85513
-4.01081
-4.47676
-2.49976
-1.28056
-5.69909
-4.79618
-4.09129
-2.59111
-1.85883
-3.96279
-4.94073
-1.80402
-4.16524
-4.28589
-5.18587
-4.31527
-1.19313
-1.30908
-4.46223
-3.65381
-3.26276
-4.09707
-1.38332
-2.83836
-2.4687
-4.79311
-3.39352
-4.00325
-4.33102
-2.27763
-3.87495
-3.80568
-1.40046
-2.56833
-1.50135
-4.5727
-1.17409
-3.99856
-1.43516
-5.47553
-3.48166
-2.76199
-4.48819
-4.86265
-4.0492
-3.97965
-1.43905
-4.87632
-4.63486
-2.76354
-5.0627
-4.83001
-3.85909
-2.16322
-4.15452
-1.55641
-1.40335
-4.73816
-4.75679
-4.60143
-4.40327
-4.10384
-1.9245
-5.41998
-3.93541
-1.26788
-4.06851
-1.48835
-1.25631
-4.45914
-1.19684
-2.17979
-4.32597
-2.73415
-4.78547
-3.94433
-2.52776
-1.7291
-1.7063
-3.47715
-4.06401
-1.07857
-4.50253
-4.40781
-5.19069
-3.15164
-2.76489
-4.53336
-3.19131
-3.80096
-3.63451
-1.16156
-4.87317
-1.85889
-1.05782
-1.40029
-1.237
-4.93336
-0.665459
-4.83261
-4.57794
-3.59709
-1.74365
-1.43085
-4.55351
-3.50669
-1.67829
-1.22529
-3.08873
-4.53212
-4.54287
-3.67909
-4.18035
-4.54401
-3.28908
-4.34671
-4.75216
-4.74156
-2.08789
-4.56384
-4.23535
-5.15061
-1.08322
-4.57
-1.08686
-4.1468
-1.07776
-5.36441
-1.93337
-1.11229
-4.60266
-1.42697
-1.0754
-4.71344
-4.67594
-3.64344
-4.98315
-1.1062
-0.765389
-1.9542
-0.942268
-3.53486
-2.15634
-4.70918
-5.27299
-4.35708
-4.04883
-2.49616
-2.71787
-4.64127
-3.68426
-3.99251
-4.76578
-1.17128
-1.17255
-4.2337
-4.09677
-2.73172
-1.09799
-1.25036
-1.55831
-4.73185
-4.77027
-5.36918
-1.08801
-5.33524
-1.58393
-5.06795
-3.92958
-4.08157
-2.51771
-4.53629
-4.60888
-3.98331
-5.12662
-4.29437
-1.41025
-2.27366
-3.88414
-4.39642
-2.88835
-5.70053
-2.7283
-4.41244
-4.94743
-1.75483
-3.18477
-1.08119
-1.02315
-1.22948
-1.51594
-1.69824
-3.64988
-5.00885
-4.73465
-3.92401
-3.27893
-1.31814
-5.01122
-5.31506
-4.77054
-1.51332
-3.85607
-1.31651
-3.29062
-1.48957
-3.50678
-1.05857
-1.08765
-1.08563
-2.70435
-5.14376
-3.85636
-1.85638
-4.06514
-1.87084
-1.72577
-3.93396
-2.43755
-5.02909
-3.90663
-1.57686
-1.39853
-3.67232
-1.78626
-4.57797
-1.55948
-1.42388
-2.61339
-3.6947
-4.16082
-1.6648
-1.45202
-1.32792
-1.65759
-1.0547
-4.49173
-1.03879
-1.89493
-4.13104
-4.68108
-2.20142
-4.03144
-0.832985
-1.38854
-1.2442
-4.3518
-4.79742
-4.31833
-1.55668
-1.27453
-3.67556
-4.99322
-5.48402
-1.53429
-3.80789
-1.9091
-4.07107
-2.59308
-2.57961
-1.61182
-2.86643
-2.21609
-1.73859
-4.65251
-1.07994
-1.91923
-4.33909
-1.11079
-4.41456
-0.956341
-4.9097
-2.17865
-3.5349
-1.0721
-2.19221
-1.15217
-3.26767
-1.05405
-4.29357
-4.55707
-2.21366
-5.35698
-4.14017
-2.56276
-4.88935
-4.29276
-1.59036
-3.66861
-5.07253
-3.60216
-1.80036
-1.08633
-3.87421
-1.62535
-2.40557
-4.6555
-4.50285
-2.99967
-2.54207
-1.35974
-1.02419
-3.6208
-4.02466
-0.951428
-1.11102
-1.41005
-2.73573
-3.98738
-5.2269
-3.00963
-5.52888
-3.84846
-2.90394
-1.57227
-3.55663
-4.18517
-2.76538
-1.06702
-3.53497
-5.65792
-2.4521
-2.67892
-4.97927
-2.41054
-3.50224
-4.92787
-1.06288
-2.79483
-1.49501
-1.23954
-1.11761
-3.65931
-1.90089
-2.37691
-1.54765
-4.67686
-4.89959
-4.50145
-2.83745
-4.33665
-3.51745
-3.63887
-3.75967
-1.34144
-5.12899
-1.00748
-0.939248
-1.47251
-4.82355
-2.73117
-1.0709
-1.86373
-1.42709
-1.07247
-0.956185
-1.75821
-3.89687
-3.8622
-4.9319
-3.49045
-2.91475
-4.56933
-5.57033
-4.53353
-3.82269
-1.10031
-1.23663
-3.4289
-2.37263
-3.6568
-4.56293
-5.20574
-2.41449
-2.09068
-3.44687
-2.78624
-5.53162
-3.87554
-3.26874
-5.34005
-1.11874
-3.64277
-3.85191
-1.40515
-1.08561
-1.14541
-5.00044
-4.62775
-5.26685
-1.07254
-1.13038
-2.89121
-4.99998
-5.1881
-1.09715
-3.72916
-2.89449
-3.51553
-4.52574
-1.11877
-4.65623
-1.41223
-1.27157
-5.46458
-1.91289
-1.14989
-3.60148
-1.90038
-3.56037
-2.70872
-4.67669
-4.75383
-1.37125
-3.46633
-1.19304
-4.49833
-4.6989
-1.057
-1.22792
-1.27574
-2.68598
-4.53248
-5.11288
-4.7417
-4.69056
-3.40271
-1.52862
-4.16276
-2.15082
-1.10961
-5.60845
-1.35459
-4.39353
-1.93617
-1.28418
-5.21318
-4.77447
-3.14312
-1.06261
-4.75608
-4.26974
-4.04769
-5.89725
-1.41932
-3.0614
-3.52501
-1.45118
-2.65877
-2.39965
-1.07445
-5.62462
-2.15406
-3.26711
-1.47981
-1.22144
-4.83719
-1.34984
-2.25388
-4.63657
-1.1078
-1.19116
-3.82733
-4.2562
-3.25888
-1.60613
-3.24431
-3.41602
-3.36443
-5.19375
-1.10174
-3.50056
-3.3799
-3.27064
-2.69849
-1.34781
-5.67376
-4.50795
-1.20911
-3.59015
-2.3047
-1.11571
-1.90994
-3.3624
-5.22695
-1.61815
-4.80391
-3.76021
-1.16598
-1.54721
-3.11778
-3.45112
-1.07284
-4.70817
-4.73446
-1.41833
-5.18499
-1.32848
-5.07792
-1.07566
-2.99008
-1.07199
-1.30835
-4.57091
-3.57784
-3.41649
-1.85216
-4.7933
-5.28149
-3.82759
-1.61218
-4.75091
-5.2237
-1.07945
-4.59201
-1.41884
-4.03807
-1.45917
-4.62543
-4.69984
-5.00186
-5.58834
-3.81376
-2.1666
-5.71564
-3.77491
-1.32023
-0.973567
-4.80113
-4.53092
-4.21122
-3.62527
-1.06428
-5.71998
-1.11102
-3.53363
-5.12649
-3.38533
-4.84379
-3.1504
-4.93827
-3.66486
-1.71903
-1.61218
-2.80829
-2.28879
-5.38905
-2.8018
-5.04465
-1.14684
-1.35136
-5.2241
-1.94822
-2.69125
-5.20966
-2.54223
-4.56642
-4.19632
-3.56933
-3.7026
-4.0625
-2.46641
-2.68342
-2.40415
-4.86862
-2.20906
-5.18928
-4.38211
-4.63756
-1.82468
-1.35646
-1.42816
-1.23611
-1.81556
-5.65167
-3.99945
-3.11998
-1.67647
-4.13613
-1.9703
-2.39454
-3.39118
-4.74295
-1.06347
-4.20484
-1.19988
-3.28108
-2.2515
-5.54868
-3.83456
-2.4365
-5.15139
-1.81674
-3.53339
-1.93459
-1.12488
-2.86279
-2.41313
-2.63407
-3.42692
-4.50158
-1.72517
-5.56468
-2.61965
-1.59442
-1.423
-4.07892
-3.75894
-3.64174
-5.02224
-1.42634
-4.27229
-4.43741
-4.77763
-3.71953
-1.90052
-4.7593
-2.45064
-1.27604
-2.0493
-4.11451
-3.14515
-4.70372
-4.68022
-1.97134
-4.97425
-2.01716
-2.60513
-4.04348
-3.40574
-2.52537
-2.96112
-2.40053
-1.49965
-5.08199
-4.42177
-1.49241
-3.49107
-4.7931
-1.12974
-3.06654
-3.58882
-0.974796
-1.06204
-0.108958
-2.77581
-3.06724
-3.56431
-3.25492
-3.09391
-2.25793
-3.55995
-3.00657
-5.42129
-3.97399
-1.19721
-1.44326
-1.42587
-1.99677
-1.62247
-5.55602
-5.09499
-5.32615
-1.33688
-4.52677
-4.17784
-3.46599
-1.9172
-4.86823
-1.10193
-4.76988
-1.85945
-1.46681
-3.96578
-3.17318
-5.36042
-3.22229
-1.48337
-1.92526
-1.42693
-4.98076
-1.38275
-1.51929
-5.22067
-4.39516
-2.75116
-4.96595
-1.89913
-4.64876
-5.15661
-1.06323
-1.75025
-2.78334
-2.58473
-3.45073
-4.83949
-1.11725
-1.10103
-3.0157
-2.48416
-4.84793
-4.65377
-3.64524
-2.51463
-5.2203
-2.72541
-4.69166
-2.82899
-4.10358
-2.57902
-4.66751
-1.33394
-3.30683
-2.66901
-4.74397
-1.07642
-2.87255
-3.00179
-2.81735
-3.41222
-5.62752
-1.18852
-4.90819
-3.59173
-1.11572
-0.820522
-4.49083
-1.29352
-2.99738
-2.8435
-1.06272
-2.97705
-1.20947
-4.21608
-1.51055
-4.60832
-4.68133
-5.10854
-1.10543
-1.34999
-2.97424
-1.42164
-1.44946
-1.53625
-1.94419
-4.97614
-1.10522
-5.31245
-2.87126
-1.50777
-5.55403
-2.83868
-4.86726
-4.72749
-4.7009
-3.08105
-1.41271
-3.97344
-5.11855
-2.83192
-4.36316
-2.4557
-2.33092
-4.52492
-4.13872
-1.50434
-4.23215
-3.93867
-1.39366
-4.02306
-1.55416
-2.19267
-4.53622
-4.67924
-2.59004
-2.56778
-2.73066
-3.66319
-1.71674
-4.36567
-4.0169
-4.54087
-2.24852
-5.12802
-1.19081
-4.43387
-2.00358
-5.01343
-5.03982
-1.29234
-5.10396
-5.72661
-3.50419
-1.07255
-0.862438
-1.79328
-1.00599
-4.09162
-1.45815
-1.07231
-1.80525
-3.8444
-3.55913
-1.24996
-5.215
-1.09637
-4.83935
-1.57789
-5.62002
-1.54596
-3.35365
-4.13497
-2.72849
-2.9691
-2.19383
-1.08143
-1.95804
-4.34509
-3.52139
-2.46846
-4.92984
-3.13522
-5.00306
-1.74384
-1.07462
-0.667419
-1.65599
-5.1155
-3.24945
-5.11992
-4.83695
-1.43668
-1.0141
-4.04143
-2.59562
-2.69471
-4.8883
-1.0743
-1.0813
-2.58421
-4.49146
-1.20573
-5.24059
-2.51547
-1.76751
-1.23475
-5.06537
-1.66517
-1.29642
-1.10333
-1.90932
-4.38385
-1.30592
-1.24299
-1.08359
-3.68446
-3.55583
-2.60624
-4.01929
-1.09678
-3.61982
-1.13391
-4.98529
-3.54593
-2.59937
-4.94373
-1.57854
-2.37351
-1.0996
-4.63901
-1.24902
-1.18679
-4.47958
-1.51592
-2.51223
-4.17032
-3.50606
-1.43529
-5.51281
-3.18674
-1.93606
-5.36295
-2.10782
-1.06623
-2.40578
-5.04011
-4.65447
-1.5305
-1.63619
-4.14016
-3.29326
-5.06516
-3.8343
-1.08651
-1.08489
-1.98835
-3.58044
-1.5557
-4.31853
-3.63815
-4.12039
-1.21488
-1.37033
-2.07132
-3.93875
-2.3738
-3.76913
-3.96869
-1.6028
-5.75394
-2.61919
-3.2152
-5.737
-5.31649
-4.40113
-4.03535
-2.5945
-4.07136
-1.20687
-1.47327
-1.73833
-1.82766
-1.15446
-2.79713
-4.36303
-1.08547
-2.84952
-2.15272
-2.49055
-1.31073
-4.58449
-1.01101
-4.31791
-1.01792
-1.06719
-1.8066
-4.48344
-2.30824
-1.0861
-1.84722
-5.72143
-4.10491
-2.31212
-1.1088
-1.52618
-3.15939
-5.54454
-4.49246
-5.05045
-2.46047
-4.80946
-1.37243
-3.93602
-4.872
-3.74923
-3.66265
-2.49314
-2.59121
-3.86634
-1.02679
-1.4861
-1.21562
-2.60196
-1.4723
-2.68728
-1.52657
-1.19641
-2.70411
-1.0476
-2.90872
-1.07814
-5.20037
-5.19671
-3.40163
-1.21574
-1.44336
-1.2574
-4.51747
-2.74134
-3.33981
-3.41834
-2.80825
-3.89585
-3.9146
-3.88199
-4.72974
-5.04094
-1.12426
-3.87276
-3.84734
-1.15968
-3.19596
-4.15915
-2.59031
-4.96911
-2.69585
-1.44442
-3.7216
-3.70176
-2.72811
-5.40888
-1.53922
-2.96082
-1.27777
-2.4123
-4.27886
-2.71183
-2.41383
-2.66728
-2.72608
-3.4697
-2.73609
-3.06259
-2.72598
-5.51372
-1.51007
-2.45255
-3.4743
-2.58123
-3.76988
-5.20003
-3.64597
-1.32881
-2.47062
-4.73433
-1.26772
-3.58518
-3.06157
-4.08274
-1.26634
-5.08708
-5.21624
-2.7055
-5.14692
-2.07279
-4.97131
-1.24429
-3.16644
-3.09977
-2.78665
-1.21251
-4.81181
-2.70529
-2.66702
-1.17865
-5.46583
-4.69777
-2.84179
-4.99877
-4.82266
-1.84865
-4.9927
-2.75827
-3.43441
-3.02226
-5.37157
-3.01398
-3.75137
-1.08702
-3.97465
-1.30854
-1.48642
-2.46301
-4.3232
-3.78839
-3.87085
-1.52294
-1.07521
-3.93466
-4.73546
-3.99377
-4.29953
-4.74274
-3.40464
-4.56518
-3.538
-1.55987
-4.61218
-2.67142
-2.91676
-1.80808
-4.27613
-3.85836
-3.36883
-5.12278
-4.00928
-1.80425
-1.08466
-5.22405
-1.77575
-1.94266
-4.00607
-2.42313
-1.47981
-1.7753
-3.92452
-1.93317
-3.69016
-1.62962
-3.28453
-2.4173
-5.00222
-1.4957
-1.32749
-4.44953
-3.50904
-3.69241
-2.59175
-1.02693
-1.6917
-2.55221
-1.34639
-3.48404
-2.93144
-4.60541
-1.60544
-3.52837
-2.5152
-2.39084
-1.58002
-1.02249
-4.05183
-1.07693
-3.88054
-1.11272
-5.10401
-4.01071
-4.92573
-1.10873
-3.47493
-1.45286
-1.35894
-4.93593
-1.11525
-1.01443
-3.49411
-2.46002
-3.28421
-1.11848
-1.14003
-4.70732
-2.00923
-5.36961
-1.25254
-2.35961
-3.60409
-1.21448
-4.92616
-4.67285
-2.48009
-1.08584
-1.54461
-5.76848
-2.09597
-3.85619
-5.05722
-1.17421
-3.38871
-2.46561
-1.20708
-5.0697
-4.7834
-2.62752
-2.59144
-4.05069
-5.08546
-1.58772
-1.53626
-2.65574
-4.19886
-4.17939
-5.19079
-3.11853
-1.15114
-0.986739
-3.99513
-4.02042
-1.50259
-2.08825
-2.43074
-1.64739
-3.40097
-3.5248
-1.45141
-4.44081
-4.4618
-4.45823
-4.58666
-4.31889
-2.30542
-3.64937
-2.75071
-0.998627
-3.50816
-3.53021
-4.79706
-1.08801
-3.73918
-5.59506
-1.27484
-3.07286
-5.71245
-0.724145
-3.18728
-1.11755
-1.21567
-3.81285
-1.65393
-1.77828
-4.67117
-1.35415
-5.30189
-1.86998
-1.30318
-1.36725
-4.88103
-3.21144
-1.46385
-3.67267
-4.49572
-4.52104
-1.51713
-2.59119
-1.65989
-5.47756
-2.49273
-4.16428
-2.3691
-2.18799
-4.8179
-4.97878
-1.55408
-1.8347
-4.49986
-5.11602
-2.59962
-0.41693
-1.45106
-2.80829
-3.90354
-1.82684
-2.41302
-1.37982
-0.253329
-2.99098
-1.87359
-1.57944
-2.4648
-2.99298
-2.52297
-5.6782
-1.3639
-1.47823
-1.28641
-4.49045
-5.19267
-1.2689
-1.36627
-4.70811
-1.27187
-4.97267
-1.36178
-4.82668
-2.82799
-1.92757
-1.11877
-1.42955
-3.66625
-1.81524
-5.66558
-2.74176
-3.90754
-2.19731
-5.19161
-1.51912
-4.82738
-5.6974
-3.91058
-4.90029
-1.21935
-4.72422
-1.06986
-3.21838
-1.63898
-1.53735
-0.844814
-3.15177
-3.40379
-1.13681
-1.33624
-4.46942
-4.68895
-4.9484
-3.91965
-2.86066
-1.02014
-2.03593
-1.10077
-1.08827
-2.57056
-4.38579
-3.4626
-2.31299
-1.07813
-2.28858
-0.225571
-2.46342
-1.10034
-2.51949
-1.51141
-2.78639
-3.55203
-4.49791
-2.65014
-5.46232
-1.16478
-1.18519
-5.4953
-1.15554
-4.34261
-4.69892
-3.92093
-1.27458
-1.09948
-3.03875
-1.97958
-2.3499
-1.15352
-1.19808
-1.28567
-2.97686
-5.19312
-1.74952
-4.94475
-3.41929
-2.79975
-5.31812
-2.5563
-1.28739
-4.09977
-1.01567
-2.60426
-5.05329
-2.84305
-1.93206
-2.09919
-3.27122
-1.57228
-3.98745
-2.72327
-3.51694
-2.41532
-5.21122
-3.72632
-4.46798
-4.35884
-4.34884
-4.74133
-1.20033
-4.38687
-2.91202
-1.09342
-1.56969
-1.31083
-1.09818
-5.37136
-3.1537
-1.2317
-4.11677
-4.20601
-4.20232
-3.52791
-4.78473
-3.6705
-4.25825
-2.27551
-2.69694
-5.07241
-5.74204
-1.20788
-3.70027
-3.84625
-3.57552
-2.67758
-1.20635
-3.73839
-1.81381
-4.69453
-4.10651
-3.53447
-3.83428
-3.54382
-5.20053
-2.36606
-4.74275
-1.67079
-1.39339
-1.29015
-2.05774
-4.67082
-1.83548
-1.39392
-5.29808
-3.61863
-1.11266
-4.69961
-4.00124
-1.37676
-4.07376
-3.92794
-1.9055
-1.07646
-1.03684
-2.57643
-1.55028
-3.40178
-1.46147
-0.929999
-1.9044
-1.93032
-2.9383
-3.05224
-1.46479
-2.43582
-2.89128
-2.56542
-4.21652
-1.47659
-3.77013
-2.0576
-1.8273
-2.94204
-1.20703
-2.25509
-2.27996
-1.46088
-4.11232
-2.66005
-4.70211
-4.58236
-5.52935
-4.13873
-4.18992
-1.0729
-4.99331
-1.56583
-2.49139
-1.24293
-4.1784
-4.44662
-1.57712
-4.67749
-4.6791
-2.60022
-2.97766
-3.37986
-1.68684
-2.03799
-1.08951
-3.06314
-1.15167
-1.08735
-2.88561
-1.4581
-2.05613
-4.17776
-1.54039
-2.74115
-3.92697
-4.51526
-3.12776
-3.88329
-1.37228
-3.09621
-5.51576
-4.68635
-5.13791
-3.76573
-2.54905
-5.56252
-3.98257
-2.33219
-1.08135
-4.69408
-4.77255
-3.5404
-3.77527
-3.30633
-1.32627
-4.74332
-3.9677
-3.7875
-1.02174
-3.46753
-3.21282
-1.24861
-4.24947
-3.6725
-4.73869
-4.91497
-2.16695
-4.16021
-4.65933
-1.22095
-3.37772
-4.13883
-4.34979
-4.84553
-1.55216
-4.33663
-3.38464
-5.03198
-3.56601
-5.84772
-4.9882
-1.57536
-1.10191
-1.49841
-1.25065
-2.86366
-3.16913
-1.51274
-4.93171
-3.81487
-5.84154
-2.97294
-3.71027
-1.55273
-2.23935
-3.56915
-1.1003
-1.08159
-1.28243
-1.07745
-1.8886
-4.76108
-5.2859
-3.49786
-3.70774
-1.26078
-2.92597
-4.06367
-2.9013
-4.59226
-2.58499
-3.33409
-5.2037
-5.27545
-4.8428
-3.26398
-5.067
-2.51027
-1.09743
-2.34716
-3.70911
-3.43442
-3.07466
-2.33544
-2.59364
-2.38884
-3.52206
-2.51338
-4.54194
-2.66874
-4.81656
-5.19325
-1.07342
-1.16124
-1.5333
-1.2049
-1.46904
-2.43095
-4.00187
-1.10513
-1.28786
-4.40849
-4.08412
-2.48995
-1.20875
-4.18924
-2.89529
-4.01866
-3.34027
-2.44821
-3.06639
-3.65757
-2.03301
-1.62336
-3.64376
-2.44388
-1.71564
-4.46446
-1.22509
-1.77826
-1.79045
-1.62143
-5.26842
-2.9325
-2.4477
-4.31139
-3.07007
-1.22586
-1.20858
-3.10411
-1.45602
-4.61803
-0.719668
-1.08616
-3.55619
-1.06861
-1.07417
-1.35699
-3.65078
-4.52064
-3.23817
-2.57374
-2.10001
-1.1215
-4.26957
-4.62559
-5.31257
-1.11717
-2.67269
-3.74422
-2.35577
-1.48742
-1.08249
-3.28356
-3.75281
-1.524
-1.33274
-3.47937
-1.2292
-4.0105
-3.75607
-1.24052
-1.58419
-3.83396
-1.46554
-1.71846
-1.15263
-4.45957
-2.71524
-4.34709
-4.86345
-4.20307
-4.41475
-2.42949
-1.77894
-3.10356
-4.68177
-1.03194
-4.439
-3.76923
-2.23493
-4.61557
-3.3693
-1.42216
-4.65622
-4.31994
-3.57016
-1.43401
-3.17782
-2.37055
-5.19525
-2.10624
-4.45979
-5.0798
-1.79672
-1.61461
-1.2532
-2.77638
-1.33003
-1.48516
-5.7508
-1.59929
-3.66026
-1.34902
-1.03491
-4.57583
-4.23702
-3.6361
-2.94991
-2.48999
-3.00019
-1.82704
-3.95535
-4.79581
-5.10039
-3.10551
-2.58845
-3.70151
-1.08571
-2.36597
-5.19124
-4.42299
-4.7013
-4.42051
-1.27674
-2.77384
-1.32957
-1.26233
-4.87492
-2.65002
-3.99308
-1.84318
-3.66273
-4.65913
-2.74949
-5.39916
-1.55799
-5.05481
-2.39325
-1.13777
-3.01121
-4.02782
-1.15257
-1.08814
-1.09576
-2.98792
-2.39119
-3.55416
-4.33815
-4.71308
-2.56954
-1.79581
-1.75829
-1.54919
-3.25325
-3.46775
-1.84337
-2.83344
-2.35749
-4.49503
-3.39348
-3.71402
-3.8429
-1.22584
-2.74637
-3.46403
-5.28932
-1.78549
-3.81799
-1.76167
-1.20924
-3.91206
-2.74986
-2.58205
-1.2901
-4.42261
-2.63603
-3.02221
-2.56662
-2.0128
-1.79135
-1.37657
-1.2087
-5.03961
-2.42121
-3.92913
-5.63038
-3.55066
-1.67571
-4.71875
-2.40411
-4.34924
-1.24432
-4.30341
-3.08849
-3.64425
-1.47473
-3.34033
-1.20981
-2.2986
-4.58206
-1.05089
-3.39361
-2.18883
-1.80251
-3.54161
-4.41243
-4.29864
-4.29921
-4.10046
-1.25276
-1.09919
-0.868221
-1.67492
-3.51209
-3.04311
-1.1244
-2.48787
-1.08322
-3.41016
-1.57028
-1.23252
-1.66009
-3.43184
-3.65109
-1.72285
-5.32435
-2.69393
-2.06627
-2.38209
-4.39384
-4.908
-1.82116
-3.45196
-1.05452
-1.16842
-4.89404
-1.47636
-0.678238
-2.65841
-1.66269
-4.7856
-1.8855
-5.59623
-5.43153
-2.40369
-1.16413
-1.64978
-1.47256
-3.88271
-3.487
-0.82837
-2.1554
-4.41154
-1.09857
-4.87919
-2.50112
-1.10749
-4.24279
-3.44214
-3.58302
-3.5124
-4.45244
-1.60105
-4.33137
-4.68979
-2.26116
-1.70725
-1.11402
-2.43435
-2.67421
-1.6787
-5.6698
-1.31547
-3.90384
-2.40574
-0.979946
-3.91185
-2.59764
-3.0548
-4.66459
-1.61839
-3.55857
-5.45443
-2.525
-4.41042
-1.29801
-1.11058
-4.3182
-1.32994
-1.48193
-3.32865
-2.52964
-4.97412
-2.60528
-4.14827
-1.28106
-3.53161
-5.11738
-4.7678
-0.952159
-2.7124
-2.95294
-2.07337
-3.56122
-2.34098
-2.59883
-1.98625
-1.13886
-4.02334
-2.10377
-1.23517
-4.63836
-4.44301
-5.19968
-4.02412
-1.68194
-3.48052
-3.09627
-4.67694
-4.80566
-3.87962
-2.53296
-1.45089
-1.60972
-1.20116
-1.44265
-3.12259
-1.10989
-4.362
-1.74328
-1.76101
-1.56479
-2.94343
-4.31171
-4.34356
-1.62752
-2.76081
-3.96073
-3.18141
-5.11584
-5.19849
-4.19653
-1.06123
-1.30932
-1.70884
-4.55947
-1.16799
-1.30493
-2.74348
-3.48065
-2.8044
-3.08188
-3.46328
-1.46047
-3.86596
-3.34132
-4.97882
-1.64757
-3.54347
-1.29508
-4.40945
-2.49266
-4.3364
-1.74007
-1.64267
-1.11344
-1.583
-3.42179
-1.611
-5.42403
-4.31095
-1.31566
-3.17391
-1.05216
-4.14965
-3.44769
-1.18906
-2.02963
-2.58145
-2.41255
-1.44841
-3.45423
-0.937637
-2.65171
-3.8113
-4.19623
-2.22348
-4.87396
-1.97439
-2.55009
-3.46026
-3.89197
-3.64869
-1.48348
-4.62256
-4.44611
-4.34668
-5.69442
-4.73804
-3.29122
-5.39279
-2.97337
-4.21007
-4.93887
-4.82655
-3.50383
-1.22732
-2.4009
-4.02378
-3.39907
-3.80794
-4.57414
-1.2832
-4.78457
-3.55442
-4.10613
-3.26909
-1.86166
-1.10943
-4.55656
-1.59238
-4.681
-3.63085
-4.31236
-2.56776
-5.10154
-2.82394
-2.35906
-1.11766
-3.54637
-3.04468
-1.50095
-1.5565
-3.28996
-4.80962
-1.8637
-1.51588
-1.4702
-1.84878
-4.93676
-4.40596
-4.41224
-1.36308
-4.29412
-5.72733
-5.74689
-4.37103
-3.14983
-1.10986
-1.47973
-1.78933
-1.18574
-2.61284
-4.72271
-4.08712
-3.36659
-4.8879
-1.74051
-2.39353
-3.24905
-4.37878
-4.88737
-4.26276
-4.51232
-1.57833
-1.09819
-1.6419
-4.1973
-4.95791
-4.163
-1.14568
-3.9238
-1.57456
-3.64761
-2.99796
-3.73807
-1.27192
-4.83634
-1.78552
-4.62316
-4.14409
-2.43315
-4.38874
-3.56668
-2.93834
-2.72799
-4.94508
-3.63208
-1.28218
-1.76851
-1.04172
-5.0126
-4.74537
-4.97438
-1.67743
-4.50835
-2.34266
-1.35308
-1.24306
-4.18272
-2.53122
-3.23429
-1.52648
-4.40592
-2.89553
-1.15931
-2.9016
-4.99595
-1.23701
-2.49654
-2.0642
-4.93738
-1.34624
-4.68437
-1.53856
-1.59169
-5.23755
-3.08768
-5.08876
-3.43974
-4.41007
-1.0794
-5.74951
-4.25317
-1.88114
-3.05584
-2.5873
-2.60943
-3.81485
-3.85659
-1.09917
-4.74947
-3.1603
-5.72726
-5.03495
-4.4055
-4.38363
-1.30357
-1.20633
-1.0758
-2.15358
-1.6
-3.39642
-3.4864
-4.40406
-2.78411
-2.37897
-3.13034
-1.65419
-1.11497
-1.37882
-4.29036
-2.61044
-2.86165
-1.14502
-4.27251
-1.536
-1.39832
-1.32156
-3.14
-1.68831
-3.8771
-1.12547
-5.53963
-1.02922
-2.83983
-1.176
-5.48019
-1.25501
-4.72458
-1.05955
-3.39499
-3.7784
-5.65123
-3.88151
-2.48951
-5.19557
-1.84613
-5.47092
-3.54646
-4.22645
-5.07236
-4.50045
-1.70608
-3.99472
-5.03378
-1.49125
-3.26229
-4.78727
-5.71513
-3.2507
-2.37973
-3.18549
-5.10624
-3.68019
-2.50058
-2.03446
-4.92825
-4.16798
-2.05323
-3.30747
-1.10282
-5.22861
-3.9634
-1.05599
-1.57926
-4.77758
-4.9038
-1.33367
-1.57856
-1.54705
-4.40686
-1.3026
-4.46096
-1.24438
-1.20817
-1.06086
-3.07428
-1.30603
-1.78299
-1.32447
-1.40776
-5.05133
-4.2537
-4.85961
-4.69258
-1.36007
-1.64159
-5.01388
-4.33456
-4.84447
-3.61899
-1.48718
-4.99563
-1.40199
-4.68091
-2.31447
-3.7035
-3.79239
-1.13345
-1.49067
-4.69432
-1.52312
-5.73932
-1.02312
-5.15188
-3.20074
-4.69047
-3.80139
-1.52383
-4.82169
-4.80307
-3.34014
-3.0546
-4.18438
-2.48006
-2.64663
-4.13361
-5.52296
-1.13008
-4.84001
-4.69751
-2.83122
-1.48275
-2.4738
-2.83074
-1.50539
-4.22738
-1.63403
-3.79477
-5.25653
-3.454
-2.4835
-2.18085
-2.67443
-3.41425
-1.13622
-4.91137
-2.39086
-2.97264
-2.72358
-3.68863
-1.60991
-1.17759
-4.46266
-1.64212
-1.79338
-1.42138
-1.26244
-1.63343
-4.49049
-4.61095
-1.707
-2.4186
-1.16672
-2.53891
-1.18397
-4.712
-3.39825
-1.99257
-4.91869
-4.69212
-1.08413
-1.12982
-4.40828
-2.48179
-2.59933
-5.65657
-3.96441
-5.06568
-3.53867
-1.10403
-1.2462
-2.19911
-4.04434
-5.00095
-4.92642
-1.31369
-1.49497
-3.90303
-4.71241
-1.08713
-5.01156
-1.77693
-2.9419
-3.07937
-4.28171
-3.56953
-5.15987
-1.75702
-4.456
-4.52917
-4.67789
-3.28621
-4.33973
-5.20317
-1.42963
-3.57849
-1.92637
-4.81459
-1.85044
-1.65498
-1.23706
-3.0291
-2.7722
-1.68781
-1.23957
-1.11556
-1.92834
-1.60983
-1.04096
-4.67984
-2.44367
-1.34834
-3.84342
-3.62976
-3.88467
-3.7599
-0.971216
-4.03524
-3.65331
-2.81501
-3.62104
-1.24268
-2.41368
-1.88001
-3.81347
-3.07449
-4.94115
-4.28617
-1.84505
-1.49767
-1.60768
-4.0868
-3.52972
-2.69665
-3.23249
-5.03405
-5.20497
-2.8526
-3.69649
-2.14648
-3.44013
-4.92813
-4.86435
-4.91962
-1.09741
-1.50683
-5.13805
-3.9621
-2.58487
-1.73244
-1.36304
-4.83396
-1.16288
-2.92991
-4.74298
-5.21097
-4.05936
-5.27772
-4.24244
-1.73633
-3.52901
-1.61882
-4.77524
-4.22247
-2.85659
-2.97814
-1.05846
-4.20257
-3.53254
-1.8377
-4.65728
-1.10647
-1.56483
-3.37876
-1.30073
-4.77048
-1.49447
-4.10066
-1.24666
-1.49086
-2.4092
-1.19233
-3.78714
-2.56445
-5.52827
-1.55297
-2.07463
-3.3428
-5.24451
-5.48664
-3.74524
-4.86303
-5.64226
-3.14489
-0.078292
-3.63617
-3.32885
-2.66962
-5.24483
-4.95514
-1.67848
-1.08067
-3.71098
-1.68187
-4.63486
-1.12978
-4.94243
-2.83008
-0.269611
-1.20734
-1.30459
-1.25605
-1.10733
-4.80711
-4.70133
-4.93473
-1.16617
-3.80202
-3.42631
-4.90397
-2.17244
-1.7628
-2.18084
-2.55396
-4.69728
-5.02423
-4.71301
-1.78145
-2.81941
-3.0949
-1.26502
-1.09568
-1.85733
-1.30365
-3.08882
-2.45912
-1.1553
-1.33431
-4.55752
-1.56794
-1.50377
-4.18973
-3.37508
-3.3718
-1.62135
-2.84876
-1.93079
-3.66542
-3.0707
-5.21272
-3.80242
-4.77546
-4.71896
-3.32016
-2.73655
-2.83102
-4.41005
-2.14823
-4.90803
-3.29897
-2.02313
-4.71469
-1.13447
-1.76554
-0.901263
-3.38238
-2.69583
-5.16014
-3.02257
-3.38389
-1.28533
-1.92565
-3.70857
-1.3723
-3.89624
-2.24222
-3.02424
-2.24176
-3.41636
-1.7158
-5.0708
-4.33348
-1.66389
-4.99981
-5.24248
-5.00744
-4.4
-3.70417
-1.85455
-1.18476
-1.35286
-2.97337
-1.8334
-1.50003
-1.07936
-4.40469
-1.41915
-1.34359
-5.32771
-2.323
-2.32311
-1.69608
-4.80277
-4.51433
-4.83266
-3.54892
-2.92823
-3.61966
-1.50151
-1.10508
-3.09944
-3.45767
-1.26908
-4.8056
-1.64404
-1.55931
-4.28197
-5.09698
-1.08072
-1.86054
-5.7485
-1.27295
-4.70529
-2.44545
-1.08676
-4.73932
-3.57004
-2.53653
-3.77556
-1.15775
-4.36938
-1.29795
-1.58618
-3.31023
-1.24031
-1.74115
-1.65364
-1.26141
-2.77791
-3.89691
-2.69873
-1.11436
-4.89922
-4.40295
-1.50507
-1.78664
-2.72717
-3.89956
-1.31822
-4.83356
-1.39783
-1.91782
-2.59541
-1.50226
-2.39597
-2.80429
-0.737028
-1.62697
-2.8777
-4.17396
-2.58115
-2.78948
-3.81479
-5.34345
-1.04247
-3.48852
-4.72383
-5.03819
-1.72072
-1.75357
-4.39812
-3.90122
-1.48047
-2.33714
-1.0788
-2.43257
-1.50549
-1.26572
-1.57769
-4.85111
-3.8345
-4.58834
-2.69757
-5.62664
-4.82587
-1.68802
-4.98128
-1.43549
-2.72737
-1.13571
-3.67048
-4.78401
-3.71499
-2.02149
-4.55732
-3.91629
-1.06177
-2.77578
-3.21518
-1.16952
-2.66023
-1.20112
-1.64666
-3.74668
-1.10969
-3.02331
-4.77819
-5.71803
-1.16909
-1.86239
-1.86931
-3.14328
-2.47893
-4.57234
-3.16325
-1.13619
-2.03729
-0.89885
-3.63747
-4.92957
-1.50672
-1.42587
-1.51002
-4.18039
-3.38482
-3.81187
-2.43768
-4.1071
-3.62634
-3.50229
-1.79139
-4.55295
-1.76004
-1.1497
-2.80937
-1.1392
-4.1259
-1.65849
-3.62436
-1.58579
-1.14749
-1.91806
-3.23507
-1.22884
-3.52465
-4.22886
-1.13553
-4.78522
-4.53874
-5.68232
-3.33464
-1.45196
-3.42303
-1.22935
-2.29934
-2.95021
-5.08227
-1.05089
-1.91808
-4.35042
-1.34274
-3.82959
-3.60938
-1.79932
-1.01208
-4.72157
-2.59125
-1.83095
-3.18218
-4.92311
-1.63539
-4.32889
-4.28962
-4.03796
-3.88204
-5.55843
-3.4411
-4.08987
-1.43925
-3.88943
-5.26621
-4.3761
-1.66765
-5.17681
-3.10146
-5.63449
-1.75471
-4.22586
-3.67573
-1.46041
-3.8196
-1.72577
-5.06969
-1.84902
-4.8662
-4.84676
-1.42557
-1.86886
-5.19271
-1.69656
-1.35342
-3.31109
-1.51303
-2.03268
-1.79883
-5.05485
-2.60856
-5.07748
-1.4809
-2.83215
-2.99572
-1.31459
-2.90012
-4.76507
-1.14388
-1.14213
-1.84262
-3.22719
-3.40148
-4.87276
-1.68189
-3.29597
-1.13686
-2.68967
-5.77896
-3.74593
-5.17776
-1.02864
-3.92833
-1.06922
-5.38061
-4.91732
-1.6149
-3.77753
-5.23276
-5.07253
-2.54654
-1.22698
-2.45246
-2.45521
-3.61682
-4.23548
-3.34887
-3.20594
-1.80947
-1.52707
-1.42503
-3.51875
-3.20236
-1.94391
-4.33352
-3.67248
-5.27814
-3.67182
-1.52145
-1.2139
-1.11765
-4.00442
-5.05957
-2.43784
-3.7008
-3.64752
-1.69714
-1.62622
-2.77834
-1.32409
-3.0898
-3.57781
-5.38542
-2.4103
-2.64159
-4.47977
-5.47634
-1.28044
-5.34143
-2.63997
-3.04566
-1.1846
-3.59948
-4.10757
-3.41267
-4.92722
-1.96242
-1.83137
-2.7351
-2.21419
-3.24739
-3.67617
-2.47245
-2.95021
-2.83997
-2.30203
-2.8197
-5.77688
-3.66323
-3.471
-1.52074
-0.944548
-3.92765
-5.06964
-1.30397
-3.70876
-3.00868
-1.87268
-5.58438
-0.907383
-2.59334
-3.0145
-1.22487
-1.24386
-4.61915
-1.35481
-4.28154
-3.21362
-2.39402
-3.27978
-1.74538
-4.1916
-1.51028
-1.78289
-2.47776
-1.83588
-5.21901
-3.55091
-4.15816
-3.84432
-5.08705
-3.07385
-4.50603
-2.7814
-1.6716
-3.52433
-2.87083
-1.84064
-1.1969
-2.41224
-1.32705
-3.31348
-5.28112
-5.64589
-2.80943
-2.63208
-2.88533
-5.04322
-1.69934
-3.30466
-4.19745
-1.3635
-1.51813
-2.74923
-5.0612
-3.04401
-1.99847
-3.85028
-1.73033
-3.60157
-2.27183
-4.8229
-1.69249
-5.45061
-4.70355
-4.1802
-5.08379
-4.71251
-4.21659
-3.3826
-3.40877
-1.99294
-1.10992
-3.56517
-1.19183
-2.38092
-1.67588
-1.31125
-3.60773
-3.49378
-2.74295
-3.31956
-5.7973
-3.51171
-1.24749
-1.96911
-4.21304
-3.49805
-4.85295
-1.71491
-3.01433
-2.4328
-1.36607
-1.87987
-1.9303
-2.1779
-1.89561
-3.74102
-3.61655
-5.32762
-2.12593
-5.01348
-2.29933
-4.21076
-1.02118
-1.02965
-2.27069
-2.83538
-1.77035
-4.75557
-1.30009
-2.84696
-1.57865
-5.05074
-1.15653
-1.23548
-2.60735
-2.78296
-4.30756
-5.21663
-4.68386
-3.84554
-1.71299
-1.60858
-5.19165
-1.68431
-1.64756
-1.54293
-1.50263
-5.6389
-3.89553
-1.70519
-1.78935
-3.72268
-1.33862
-3.537
-1.20205
-3.6384
-1.55183
-1.412
-5.16858
-2.84344
-4.4047
-2.21883
-4.28757
-4.90124
-1.10204
-2.81061
-3.41671
-1.40793
-5.89262
-4.47245
-1.80344
-5.80065
-3.36094
-3.74512
-1.11246
-1.14227
-4.54276
-4.7806
-2.70428
-4.5348
-1.22702
-1.22497
-3.081
-2.78019
-1.36369
-2.57834
-3.7757
-5.51312
-2.7667
-4.70433
-5.07623
-4.39064
-1.82877
-1.94569
-2.17942
-1.58931
-4.30358
-3.40464
-5.09321
-2.96763
-4.89299
-1.10867
-2.42134
-2.27317
-1.65055
-4.29807
-1.76709
-1.40976
-2.72155
-1.67085
-1.54223
-1.24158
-4.99961
-4.6738
-4.12749
-3.41111
-3.27936
-5.81426
-1.73837
-3.46967
-2.9071
-3.30221
-1.32521
-1.16398
-4.49717
-1.12936
-4.70545
-2.76662
-4.81919
-4.77146
-4.35014
-3.88303
-3.79312
-3.59735
-1.12227
-2.53304
-1.35678
-1.87631
-3.11165
-5.04699
-3.5632
-1.0939
-1.79786
-3.05867
-1.71519
-4.95959
-1.19976
-1.83639
-1.10571
-1.16887
-3.53945
-1.28437
-2.81869
-4.69171
-4.35793
-1.57971
-5.2098
-2.319
-1.47943
-1.67115
-5.03848
-1.78275
-1.08412
-2.32005
-2.93324
-1.23754
-3.45788
-1.66406
-1.20316
-1.68284
-2.17433
-4.99944
-4.54225
-1.71506
-1.35653
-1.76857
-1.23933
-1.52715
-1.46817
-1.71764
-1.83571
-3.66066
-3.71634
-4.71532
-3.59537
-5.80917
-3.49294
-5.21041
-1.71778
-1.73466
-1.74603
-2.38665
-0.075959
-5.65522
-2.74063
-2.9062
-1.21186
-5.08227
-2.0851
-3.59656
-0.988467
-1.12315
-1.1821
-1.48257
-3.00873
-4.80475
-3.296
-2.28415
-4.77763
-1.52944
-1.59373
-2.73752
-4.62134
-1.068
-1.32473
-1.43163
-1.16057
-1.71849
-2.48202
-5.52855
-2.69001
-1.15033
-1.86638
-5.02442
-4.38202
-3.22756
-1.16644
-1.74977
-1.70853
-4.83169
-4.86483
-3.86888
-1.11227
-1.07977
-4.24091
-3.57665
-4.34295
-3.99202
-3.59875
-1.36191
-1.37446
-1.54937
-2.99425
-2.38951
-4.24245
-2.52569
-3.17867
-1.16441
-1.32573
-2.81792
-5.63382
-1.6256
-1.30137
-1.77498
-1.13339
-4.27138
-3.95387
-2.03259
-2.60859
-1.53706
-1.16472
-2.15858
-4.24882
-4.96506
-3.61532
-2.88605
-3.08838
-3.84086
-1.11715
-1.15049
-1.6724
-1.80349
-2.06303
-1.65703
-1.70174
-1.32093
-1.6991
-4.42585
-1.23199
-1.63574
-3.75556
-3.26105
-5.00005
-2.99954
-4.07982
-2.30142
-1.25022
-1.38627
-1.91129
-5.29243
-4.57464
-1.15942
-2.32647
-1.7561
-1.19905
-3.00457
-4.91565
-1.08436
-1.49987
-1.65418
-2.36963
-3.63291
-1.031
-5.19778
-3.2359
-4.48085
-3.03352
-1.28782
-3.30045
-4.1202
-5.07625
-1.77393
-4.87435
-2.15233
-1.7702
-1.74853
-3.54286
-3.39844
-1.7983
-1.38579
-5.12236
-1.70304
-1.35671
-1.78636
-3.32898
-1.83676
-4.47965
-1.12354
-3.59188
-4.67113
-2.73979
-1.75036
-3.76408
-3.75969
-3.05086
-4.64546
-1.21047
-1.65713
-5.00778
-3.62075
-2.41804
-3.72045
-3.4863
-1.23751
-3.08656
-2.55753
-4.79355
-5.57041
-3.70556
-5.22382
-1.8029
-1.82608
-1.53832
-1.32187
-4.18351
-4.14357
-5.6055
-4.37178
-1.22215
-1.73916
-3.88118
-5.08497
-4.70357
-3.22316
-4.70898
-5.41775
-1.26456
-4.35392
-4.05706
-2.26251
-3.29907
-5.27805
-3.87842
-2.5821
-2.36931
-1.18926
-2.75197
-2.42028
-5.06076
-1.08093
-4.68945
-2.67438
-4.59795
-5.08316
-1.20685
-1.58636
-2.57633
-2.51338
-1.65789
-3.5419
-3.00095
-1.43708
-4.76831
-3.32068
-1.12048
-4.88768
-3.18978
-3.77262
-1.16716
-1.31262
-2.38663
-5.05937
-2.79442
-2.59899
-4.29558
-4.93668
-2.85734
-5.03947
-3.39653
-3.6527
-2.70609
-1.29568
-1.74705
-5.60953
-1.45972
-1.72828
-5.56375
-2.97911
-1.75387
-4.66417
-1.05977
-2.57135
-3.13985
-1.77901
-1.06957
-1.72966
-4.81147
-3.38008
-3.32774
-1.42289
-3.54542
-2.73928
-1.79805
-3.6364
-1.88456
-2.32757
-1.65184
-4.0667
-1.54844
-3.51721
-4.62464
-3.54077
-2.60122
-2.232
-5.1758
-4.78792
-1.78377
-1.21419
-1.92638
-1.44378
-2.48703
-1.17056
-3.71705
-1.67269
-4.73457
-1.08488
-2.98985
-3.08798
-1.41344
-5.03084
-2.29142
-4.72908
-4.97465
-4.23273
-2.7521
-3.13758
-1.53875
-2.90444
-3.50908
-3.71907
-1.76397
-4.46736
-1.54609
-1.38002
-2.78051
-1.95636
-3.30481
-2.85241
-2.61638
-1.2341
-1.23814
-1.79601
-1.7242
-4.78185
-3.69035
-2.88346
-4.67472
-4.13211
-1.52229
-2.34272
-1.07072
-4.70661
-3.32456
-3.85578
-1.41127
-3.52137
-1.55512
-1.45035
-5.05248
-1.73494
-2.23508
-3.55157
-1.32458
-3.81562
-3.21258
-3.72391
-1.30395
-3.29269
-2.99105
-2.57432
-1.37682
-1.16577
-3.70966
-2.32021
-5.02304
-2.07592
-1.74907
-2.73716
-4.11158
-3.14494
-1.38923
-1.74337
-1.37075
-1.88469
-5.0642
-1.26858
-1.80541
-3.28144
-3.99204
-2.71268
-3.99316
-4.75242
-4.77004
-5.52065
-2.87652
-1.68711
-3.48313
-5.08076
-1.41247
-1.18875
-3.30577
-1.33727
-2.15086
-5.80791
-1.16939
-1.05603
-3.34155
-5.7246
-1.93899
-4.6731
-4.04284
-1.75207
-5.00957
-3.79467
-1.19893
-1.21851
-2.44459
-5.02743
-1.72882
-1.23658
-5.05965
-3.4564
-3.04335
-2.06669
-2.75518
-1.64873
-3.8654
-2.11327
-1.80412
-1.16464
-1.29193
-1.74837
-1.6707
-2.69089
-1.68372
-5.76184
-1.13001
-4.56087
-2.75993
-1.56708
-2.49206
-2.14173
-1.26523
-5.4368
-2.49513
-1.79933
-1.11777
-5.04206
-1.12167
-5.07909
-1.07984
-4.26442
-4.72338
-1.56733
-1.75085
-1.75578
-2.74516
-3.03764
-2.3339
-2.38687
-4.4741
-5.04761
-1.8155
-2.52077
-3.44714
-0.612266
-3.50496
-1.59423
-1.92029
-0.074159
-1.10278
-0.99253
-2.49718
-1.81676
-2.5881
-1.71982
-2.02339
-5.36325
-1.29193
-1.58133
-4.99089
-2.39071
-1.05469
-1.49623
-2.64498
-4.68379
-4.12054
-1.07289
-2.15555
-2.61061
-2.76082
-3.46403
-1.34789
-1.59771
-2.96233
-1.39766
-2.59418
-5.03133
-4.96589
-2.75563
-4.25079
-5.40849
-1.06947
-1.69109
-1.11536
-2.98563
-3.04234
-3.78749
-3.79292
-3.00786
-1.77894
-1.955
-3.60857
-1.64067
-1.98413
-1.55649
-1.30007
-1.5928
-3.50075
-1.77225
-2.92276
-1.21989
-1.40772
-1.59229
-1.83097
-2.61968
-3.58809
-4.29768
-1.74811
-4.07878
-5.06391
-1.74852
-4.63907
-1.74784
-3.28118
-3.0041
-1.71192
-1.92506
-1.82463
-1.1595
-3.34003
-1.3764
-5.08399
-1.8101
-5.75498
-1.35157
-4.99514
-3.62939
-1.4028
-5.74879
-1.99573
-5.67735
-1.704
-5.07241
-1.4345
-2.93068
-4.36079
-2.89588
-5.67467
-4.02998
-1.55713
-5.23076
-1.39015
-5.01219
-1.19434
-2.37941
-1.98303
-3.67565
-1.57899
-2.28733
-2.73265
-3.85504
-3.42187
-4.19773
-3.68134
-2.84923
-2.53498
-1.33257
-1.76259
-5.67038
-1.1388
-3.56189
-1.67098
-1.71023
-1.58868
-3.68558
-3.38938
-2.75146
-3.90931
-4.68145
-2.32989
-4.27049
-2.89578
-1.56808
-1.92758
-3.29413
-1.76933
-2.82264
-5.68905
-1.61346
-4.65531
-2.47995
-3.66473
-2.33797
-3.0611
-4.7919
-2.96488
-4.97808
-1.48734
-1.50574
-2.72654
-1.47916
-3.80998
-1.41649
-4.18031
-2.09022
-1.67646
-0.843312
-4.25876
-2.1083
-1.10205
-3.37935
-1.81152
-4.9212
-2.57036
-3.58491
-1.70952
-1.2569
-4.66673
-4.05337
-2.61851
-1.58094
-4.96867
-2.75242
-2.13092
-4.88107
-3.69866
-2.89456
-3.42243
-1.27774
-1.3968
-3.4356
-1.49952
-1.24133
-3.61762
-2.02504
-3.62421
-5.00236
-1.14535
-3.9516
-2.21759
-4.65249
-3.97882
-4.03458
-1.0575
-5.94253
-1.69423
-4.09129
-2.13445
-2.53302
-2.8633
-5.20745
-2.6932
-3.93275
-1.77921
-1.13953
-4.28911
-4.95471
-1.11298
-4.53522
-1.07065
-1.86365
-3.9132
-2.89097
-5.22401
-1.4354
-1.31817
-1.46759
-1.21657
-1.20864
-1.45149
-5.67896
-3.53337
-1.10672
-1.5686
-1.74776
-3.22608
-1.87569
-1.79838
-1.25502
-5.05196
-2.68494
-2.88949
-4.96168
-2.01876
-3.34874
-5.6829
-1.58575
-5.66926
-3.50249
-5.6776
-3.5488
-5.21919
-1.64296
-3.25718
-4.28662
-5.22531
-3.8478
-1.67055
-1.09464
-2.01334
-1.74215
-1.75277
-4.86563
-1.46921
-3.90427
-5.46537
-3.97076
-2.41026
-4.27037
-4.70598
-2.37335
-3.19196
-2.454
-1.88074
-1.72953
-3.53592
-1.22226
-2.38427
-3.81166
-3.70821
-5.02579
-2.69664
-2.71484
-1.31244
-1.14666
-1.80313
-2.4326
-1.20038
-1.8637
-0.964805
-2.57962
-4.16693
-1.64425
-1.32307
-3.00181
-4.62826
-2.36725
-4.52252
-1.80629
-1.77065
-5.20089
-1.3566
-1.81225
-2.74579
-2.21446
-4.26187
-1.75265
-1.41004
-1.58034
-1.18989
-1.48023
-3.02146
-1.23879
-1.83807
-1.6166
-1.72774
-1.5791
-1.58582
-4.78637
-3.25679
-1.5797
-2.74414
-1.18802
-1.12258
-4.14217
-1.86413
-1.49578
-4.9677
-3.69468
-4.0895
-1.25853
-5.60025
-5.64338
-1.2369
-4.96858
-3.3756
-1.89633
-1.34142
-4.25511
-2.73443
-1.4533
-3.02646
-4.67081
-1.12896
-3.06709
-1.13876
-2.44763
-4.43043
-2.70148
-3.379
-1.41476
-1.46028
-2.86633
-1.42484
-1.97801
-1.91304
-2.5342
-1.81961
-2.48115
-1.09322
-1.88081
-1.56569
-3.39093
-3.0299
-1.75813
-1.49972
-4.61569
-2.63364
-2.13884
-3.33669
-5.82475
-3.37112
-2.92387
-3.60945
-1.1303
-1.39821
-0.910707
-3.87562
-2.25446
-4.88032
-3.54293
-1.80639
-1.13583
-1.44833
-1.25489
-1.52053
-2.31999
-2.3202
-1.50247
-2.06528
-3.35988
-1.04731
-1.60302
-4.05628
-3.86922
-4.13286
-4.69501
-6.15553
-2.37456
-3.88825
-4.55268
-4.11193
-1.21222
-1.23726
-2.78762
-1.44508
-2.38094
-2.18385
-1.45909
-1.3302
-2.40591
-2.13002
-1.48551
-4.73286
-1.34943
-1.87149
-5.26178
-1.33031
-2.47508
-1.7977
-1.73862
-1.90192
-1.75318
-4.64421
-2.00419
-1.39814
-1.65152
-3.19925
-2.68042
-3.41179
-1.82466
-1.1018
-3.75642
-3.40243
-1.59262
-1.82781
-1.44956
-1.71506
-4.7945
-3.00826
-4.68975
-1.69217
-2.58259
-1.7725
-1.60025
-2.51311
-4.18575
-2.81005
-1.61955
-2.69566
-1.81143
-4.24268
-1.26028
-1.32861
-5.20814
-2.76877
-1.83945
-1.27092
-3.44203
-3.3705
-1.3325
-1.80161
-2.52945
-1.35567
-1.35085
-2.24159
-1.20481
-1.42307
-2.53552
-5.51675
-1.36425
-3.73664
-1.77262
-2.86891
-4.95824
-1.71708
-1.37265
-4.27397
-2.71986
-4.40926
-5.38826
-3.65584
-2.45825
-1.30151
-1.95085
-1.73564
-2.77115
-2.66359
-1.76356
-1.10247
-3.44763
-3.39478
-3.89329
-3.96984
-4.18344
-2.79839
-1.16309
-1.3503
-2.45027
-2.76944
-4.20133
-1.73247
-4.48223
-1.59246
-2.6544
-1.3641
-4.91496
-4.82753
-1.55728
-1.51568
-1.30067
-4.74697
-1.66552
-1.87099
-4.34807
-1.36165
-5.66441
-5.02711
-2.86433
-3.3528
-4.72123
-2.42282
-2.227
-1.70692
-3.51654
-1.33991
-5.57269
-1.52582
-4.61603
-3.58356
-1.76884
-1.28814
-3.27366
-3.57625
-1.79354
-1.73724
-2.37362
-3.44344
-2.3166
-3.95892
-1.18975
-1.20307
-1.71165
-1.47575
-3.90168
-1.76549
-3.50122
-2.42711
-2.53663
-3.08664
-1.46385
-3.65461
-1.85831
-1.3536
-3.49009
-5.21194
-4.83676
-2.33211
-2.31311
-2.82853
-3.76345
-3.51427
-2.66471
-1.25832
-1.34773
-1.51431
-3.18411
-4.73481
-4.58464
-3.03088
-2.71514
-1.71988
-0.67334
-1.10353
-5.03188
-1.34518
-1.15559
-1.26454
-1.37696
-4.57872
-4.54468
-1.35963
-1.38386
-2.0145
-3.58308
-5.32298
-0.934087
-1.74797
-1.66309
-3.79788
-1.76143
-1.30631
-4.20783
-1.7699
-2.73436
-2.79957
-3.77676
-1.72196
-3.74833
-4.59982
-1.21516
-1.54736
-1.39387
-4.17828
-2.82455
-2.2636
-1.66538
-3.66405
-4.14406
-4.52475
-1.61331
-1.60522
-2.87373
-1.31032
-1.16546
-5.54606
-3.29331
-4.60443
-1.71176
-2.03199
-3.93171
-1.07948
-1.0535
-4.45551
-3.83202
-4.85228
-2.85916
-5.79498
-2.58786
-5.3395
-1.60665
-5.7731
-4.24305
-1.34938
-2.3725
-2.32067
-3.51467
-2.60184
-3.73581
-3.74174
-1.48911
-2.64156
-4.96111
-3.47865
-2.4639
-3.30165
-3.17313
-1.52682
-1.80957
-0.822733
-2.30709
-2.32748
-5.43151
-1.71599
-1.96863
-1.30264
-2.50821
-2.59969
-3.98071
-1.7849
-1.99008
-3.47999
-2.56985
-1.43005
-1.34382
-3.55098
-1.31695
-4.75975
-1.84052
-2.04004
-2.4445
-3.31615
-1.56168
-1.65783
-1.35521
-1.15831
-1.22345
-3.30247
-1.63849
-3.4932
-3.86149
-3.62301
-1.84328
-3.31844
-4.68875
-1.48247
-5.0364
-1.01118
-1.36118
-3.15381
-3.236
-1.40719
-1.91338
-2.50536
-2.5836
-1.74517
-3.05934
-1.36068
-3.54511
-1.99808
-4.67507
-1.73539
-1.26687
-0.936456
-1.1279
-1.70411
-1.81708
-3.59956
-4.74217
-4.15538
-1.97278
-2.76917
-1.7993
-1.92548
-2.37737
-2.10031
-1.94573
-5.52052
-2.2204
-1.56785
-3.45627
-5.22371
-3.12057
-1.16633
-3.26677
-1.78446
-1.38162
-1.07599
-1.30142
-1.40952
-5.00947
-1.06878
-1.75253
-3.01475
-1.27919
-1.49954
-1.35338
-1.49545
-5.00301
-1.3423
-2.89063
-1.81348
-3.60902
-1.765
-2.01692
-1.44407
-4.31424
-4.96861
-1.48106
-4.79976
-1.63616
-1.40055
-1.65529
-2.11339
-2.82066
-4.87003
-1.68764
-5.28938
-3.75675
-3.77218
-1.73021
-1.42996
-5.27681
-1.87447
-5.30112
-4.31459
-1.72666
-1.32427
-1.47855
-3.32348
-1.4758
-1.36997
-5.19777
-4.52116
-1.96797
-2.05951
-2.17314
-2.56084
-4.55227
-2.56215
-1.43585
-1.15318
-2.46477
-1.71666
-4.63434
-2.11633
-3.32121
-1.59153
-1.77666
-1.82863
-0.975111
-3.19584
-3.16182
-4.81407
-2.58909
-1.81407
-5.0322
-2.5484
-2.21905
-1.88892
-1.34922
-3.57568
-5.26269
-1.1124
-1.08916
-4.37607
-5.18897
-2.27491
-1.62097
-1.06271
-5.61183
-4.03983
-1.95081
-5.17202
-3.2422
-1.506
-1.13952
-1.14138
-1.7876
-2.72411
-2.28266
-3.04465
-3.66539
-3.36114
-4.22267
-3.28179
-2.75012
-1.39482
-1.77148
-5.41862
-3.70051
-3.87419
-5.00246
-1.25803
-2.63695
-1.18062
-1.19145
-2.50425
-1.66243
-1.74162
-2.766
-1.23415
-5.10026
-1.59846
-5.09264
-4.84274
-1.95206
-2.26541
-4.45044
-5.69578
-3.42147
-4.16726
-4.97543
-1.71447
-1.15029
-1.4666
-3.16611
-3.5133
-4.43717
-1.80249
-4.32729
-2.0937
-2.74097
-3.95744
-1.80671
-1.42433
-3.97529
-1.11557
-1.6186
-2.20592
-4.88666
-4.90382
-2.62896
-2.59712
-1.31374
-4.68358
-2.67808
-3.57421
-1.63624
-1.59632
-1.70496
-3.24512
-3.76087
-2.14697
-1.62438
-4.19625
-1.84412
-5.03304
-2.51773
-4.65811
-4.89308
-2.94333
-1.87005
-1.49919
-1.67533
-2.75902
-3.54979
-1.64434
-1.49398
-4.00457
-1.8125
-1.08268
-3.56551
-4.8693
-3.70199
-1.46253
-4.01702
-3.7089
-1.52773
-1.59376
-1.44432
-1.17658
-4.11409
-3.60334
-5.47434
-1.85178
-3.13707
-1.43855
-4.85875
-3.59281
-5.68776
-1.3542
-4.37159
-3.02446
-5.22734
-2.42078
-2.91345
-1.72526
-4.7396
-1.01165
-1.63938
-2.24338
-2.91918
-1.81663
-1.80131
-4.36926
-2.1913
-2.83217
-1.37802
-3.88966
-1.74569
-4.37621
-2.52227
-1.65165
-1.37098
-1.5303
-4.36047
-1.18627
-4.12857
-3.33767
-1.73096
-3.23486
-1.28733
-2.95281
-1.22082
-2.86795
-1.46083
-1.07031
-4.68397
-1.50964
-1.16443
-3.79951
-1.95269
-1.2679
-2.68311
-1.74118
-1.17059
-4.18613
-1.78421
-4.4759
-4.43723
-2.7153
-2.3782
-3.1232
-1.81811
-2.3605
-2.11407
-1.70808
-4.97674
-3.31771
-1.15019
-2.35773
-1.79943
-2.00526
-5.19233
-4.27837
-1.24773
-5.49537
-1.6342
-3.34572
-1.7629
-0.99311
-1.13058
-1.38175
-1.30572
-3.12483
-1.27929
-1.11889
-1.2631
-4.03442
-1.17278
-1.35457
-1.88976
-2.75334
-3.5821
-1.08163
-1.89835
-2.522
-1.76102
-4.98704
-1.70447
-4.37758
-1.74511
-2.52569
-1.78467
-3.35227
-3.98264
-5.30459
-2.7704
-1.81103
-5.16637
-2.22983
-1.97723
-3.5358
-2.15019
-4.16168
-1.7681
-1.19105
-1.81827
-1.65261
-1.7889
-2.34585
-2.55819
-1.77498
-1.77357
-1.74191
-1.97991
-1.67055
-1.8772
-2.36882
-1.78331
-4.05675
-1.85941
-1.62942
-4.32709
-1.10565
-4.09051
-1.32308
-1.62883
-1.51557
-4.08793
-2.91387
-1.10775
-1.22951
-1.83755
-2.31346
-3.84143
-1.73521
-1.47586
-4.82246
-2.88471
-1.84113
-1.3032
-1.75793
-1.86981
-5.61461
-3.34331
-1.25026
-1.64926
-2.99467
-3.71386
-4.76663
-3.40187
-2.88296
-1.52002
-2.78596
-1.87525
-1.47498
-2.21689
-3.80181
-3.02228
-5.56398
-2.83632
-3.38665
-1.40571
-2.35698
-1.47563
-1.37361
-5.65672
-1.92606
-1.96065
-4.25325
-4.91152
-2.84324
-1.39314
-2.36291
-2.50487
-3.6589
-2.86477
-3.76555
-1.45626
-2.30322
-3.97809
-1.34667
-1.7104
-1.18254
-4.62043
-1.25594
-4.4917
-3.88583
-1.19972
-2.73424
-1.27418
-1.75341
-1.1083
-1.68047
-1.98012
-5.239
-3.34083
-3.05055
-3.30896
-1.78158
-4.49035
-2.37196
-1.18051
-2.3797
-1.5402
-1.39137
-2.72521
-4.41879
-3.47974
-1.53259
-2.52123
-1.70754
-1.44474
-1.79948
-1.22431
-3.16399
-1.27861
-1.38645
-1.71054
-1.75295
-2.22861
-3.08771
-3.8989
-2.99435
-1.04659
-1.25851
-0.611275
-3.66947
-1.41655
-3.13116
-2.79683
-4.01379
-3.81081
-1.74489
-2.85738
-1.55663
-1.80799
-4.02485
-1.9274
-1.71424
-1.66608
-2.08152
-1.67217
-4.67636
-1.66906
-3.33667
-3.36847
-1.32241
-2.43851
-4.47996
-2.38065
-1.25587
-4.30371
-2.16895
-2.66671
-1.77794
-2.53987
-2.25721
-3.50922
-3.53906
-1.18863
-2.61991
-1.23044
-1.64995
-1.84211
-3.86261
-1.43988
-1.13188
-2.01396
-1.73992
-1.15695
-2.58764
-5.65493
-1.82052
-1.68781
-1.69425
-5.5878
-1.53335
-4.87433
-3.9367
-1.89525
-1.22841
-4.26239
-1.42616
-1.32681
-2.36679
-3.27007
-1.88835
-1.79643
-2.7072
-2.40565
-1.77735
-2.36525
-2.47108
-1.52595
-2.26636
-1.7423
-1.13467
-1.25761
-1.19709
-2.4974
-1.38931
-4.5236
-2.69222
-1.84069
-1.12608
-1.77534
-2.69471
-2.93309
-2.54045
-4.88204
-4.35774
-4.76831
-0.840547
-4.35879
-1.27488
-4.2468
-1.33836
-3.38751
-1.20788
-1.80866
-4.89908
-2.25286
-1.82448
-1.75412
-2.53184
-1.88281
-1.81646
-3.20019
-2.86613
-2.4501
-3.67547
-1.81815
-1.6656
-2.54523
-3.71421
-1.16249
-4.49602
-0.650786
-1.79224
-3.32419
-1.58646
-2.37452
-5.00219
-1.26795
-3.50383
-1.81954
-3.47136
-3.5523
-1.12225
-1.18594
-4.8869
-5.01815
-1.83038
-2.36671
-4.27046
-2.53053
-2.66006
-3.05059
-1.19442
-1.80636
-2.855
-2.30994
-1.78365
-1.9702
-2.4629
-4.73726
-4.30991
-3.03805
-1.2268
-4.77088
-2.61598
-1.25613
-1.51678
-1.6378
-1.61374
-1.29738
-2.58562
-2.44781
-1.2102
-4.77279
-1.29838
-3.01783
-3.11751
-1.56271
-2.25059
-2.09538
-1.63921
-5.80349
-4.5638
-1.76205
-4.01159
-2.92644
-2.61063
-1.84641
-1.80986
-1.53697
-1.70426
-3.07815
-4.96043
-1.33547
-4.05701
-3.65944
-1.33165
-1.77994
-4.10233
-2.5996
-1.59841
-1.7986
-4.57693
-2.29069
-2.50322
-3.60922
-2.83256
-1.09126
-1.45082
-4.77227
-1.34399
-1.74472
-4.41667
-1.10796
-2.35321
-5.64013
-3.63026
-2.37596
-1.45352
-2.35978
-4.04044
-1.72565
-1.68812
-1.68282
-3.80785
-5.08913
-1.84133
-4.86263
-4.76835
-1.43701
-1.84765
-4.93941
-4.76535
-1.79763
-1.19534
-2.74841
-3.50905
-2.35439
-2.63415
-5.18574
-1.3654
-5.22231
-1.19254
-1.53704
-2.35982
-2.87645
-4.37124
-1.95904
-1.08315
-2.72372
-1.81904
-2.96087
-4.83971
-4.84132
-1.08463
-1.84317
-3.3188
-1.30048
-1.4328
-1.24771
-3.47047
-1.50985
-2.9978
-4.75467
-1.15118
-1.95994
-1.32928
-4.07122
-4.08789
-2.31242
-1.48047
-1.72681
-1.43343
-1.28543
-1.77634
-3.33942
-2.39922
-1.39739
-2.36216
-5.44124
-2.66987
-1.57468
-1.72214
-3.4817
-4.21954
-3.11098
-4.82744
-1.96143
-2.25406
-3.36073
-1.72864
-3.77399
-3.29018
-2.57138
-4.13588
-1.95926
-2.60209
-4.64042
-2.09062
-3.19277
-0.952674
-4.8167
-2.59919
-4.52709
-1.62741
-1.83541
-2.1213
-2.07765
-4.46032
-1.13325
-3.11743
-3.15552
-1.77825
-2.7808
-4.31811
-2.51165
-1.21943
-4.20814
-4.54018
-1.58753
-1.42801
-1.91735
-4.44946
-1.16891
-0.0969877
-1.08356
-3.17895
-1.47151
-1.97516
-2.26279
-4.50668
-3.15917
-3.43905
-3.65292
-4.28963
-4.60534
-1.091
-3.32189
-4.62051
-4.06849
-1.74977
-3.50159
-4.20056
-1.40699
-5.03488
-1.22882
-3.47399
-4.67999
-5.6261
-2.24815
-5.81018
-3.71965
-2.68457
-1.10992
-1.40517
-4.25145
-1.28894
-3.66077
-1.16936
-1.82159
-4.74906
-1.55382
-3.11821
-4.20396
-3.22606
-2.29244
-1.79505
-1.42726
-3.63726
-1.21802
-1.60455
-0.988074
-5.05014
-1.78269
-2.11112
-2.43472
-1.84704
-1.23577
-1.1985
-3.34233
-2.54218
-1.84269
-1.74857
-2.36129
-1.64756
-5.25797
-2.22862
-2.76093
-3.99297
-1.82861
-1.70556
-1.67815
-1.45852
-2.5038
-2.75613
-2.93796
-3.55696
-3.37852
-4.80872
-4.30828
-1.74468
-1.07417
-5.09167
-3.74292
-1.3318
-1.01357
-1.87093
-1.32566
-5.02012
-2.50239
-5.50291
-2.29873
-2.7987
-5.2491
-1.87725
-2.5757
-1.74804
-1.75507
-3.96488
-1.77277
-1.94329
-4.78554
-2.48873
-1.94523
-3.39973
-2.15396
-1.55684
-1.9777
-3.12869
-4.82286
-5.24623
-1.82582
-1.02697
-2.09317
-3.24764
-2.65112
-1.39257
-1.76794
-1.66649
-2.73304
-3.948
-2.4882
-3.14867
-1.21454
-1.20564
-3.46875
-4.47913
-1.72627
-4.38377
-4.07064
-1.41775
-4.50681
-1.81204
-4.00672
-3.4001
-2.69878
-1.52975
-1.09067
-4.61922
-1.70179
-1.76359
-2.44354
-1.76608
-1.63993
-1.47841
-3.87994
-1.57539
-4.71374
-4.71416
-3.58918
-3.81726
-1.51869
-1.02025
-1.58673
-4.03061
-3.88058
-3.37248
-4.27263
-3.50182
-4.81617
-1.42168
-1.89898
-5.68551
-2.73699
-2.25631
-5.75188
-5.26225
-3.31627
-1.233
-2.06761
-4.10591
-1.2169
-1.49129
-1.46136
-4.26958
-1.48982
-1.46459
-1.76148
-2.73423
-1.82075
-2.53181
-1.66114
-1.8336
-2.43524
-1.02131
-3.8116
-1.56985
-2.7513
-3.04489
-1.281
-1.08922
-3.57661
-1.07607
-3.37978
-3.04302
-1.24211
-5.20718
-4.07275
-1.41857
-3.58777
-3.46545
-1.17186
-1.47148
-1.35855
-3.41017
-4.75477
-2.28026
-1.52158
-1.69634
-1.80844
-1.85696
-2.15809
-3.08154
-1.65047
-2.74519
-1.84974
-2.40313
-2.21846
-3.61895
-1.40415
-1.32588
-2.84922
-1.14765
-3.23481
-2.82022
-2.85369
-5.59392
-5.27094
-5.20059
-2.03984
-2.66293
-2.07599
-1.72037
-2.29923
-1.75449
-3.60003
-2.01225
-1.65095
-2.13874
-1.47622
-1.66081
-3.52979
-3.86218
-2.39678
-1.76874
-4.85735
-1.97458
-1.69547
-3.01915
-3.68924
-4.70987
-2.86904
-1.67995
-1.74566
-3.55016
-5.74243
-4.73913
-2.89517
-1.87796
-1.52421
-3.03676
-1.83971
-1.98791
-1.8359
-2.42449
-1.7959
-4.22861
-3.55188
-1.863
-4.10592
-3.61408
-2.37742
-3.10647
-2.60326
-1.84668
-4.78108
-1.3421
-2.49029
-1.5513
-3.0661
-3.28877
-1.55369
-1.81815
-2.77752
-1.40931
-2.35959
-1.39975
-3.3509
-1.18818
-2.92639
-2.35894
-1.27139
-1.39371
-2.06613
-2.5143
-1.76701
-1.81691
-1.45785
-1.23573
-1.44401
-3.48288
-2.39332
-4.10712
-1.82578
-1.56994
-3.92896
-1.30748
-1.79689
-2.46872
-1.15783
-3.66598
-2.33176
-1.74057
-1.22461
-3.22087
-1.98694
-3.78184
-4.73844
-1.53239
-4.26647
-3.77721
-3.24556
-4.43923
-3.64228
-1.59392
-2.23598
-1.47598
-4.22049
-4.94196
-2.51849
-1.48895
-4.42716
-4.28974
-1.13368
-1.65947
-2.58484
-1.42655
-1.63549
-1.6306
-1.23679
-4.24897
-1.53668
-3.53439
-1.09756
-1.06973
-2.72849
-1.20543
-4.40639
-2.9051
-1.32105
-0.972056
-1.61182
-4.72988
-2.43433
-3.40425
-1.58961
-1.86192
-3.17692
-2.3956
-5.15739
-5.28391
-4.90851
-5.20617
-2.12216
-1.80176
-1.93227
-1.48535
-1.12776
-3.65585
-0.763533
-2.79158
-1.40273
-1.26179
-1.46849
-1.47365
-1.25119
-2.63199
-2.78346
-1.48829
-1.6498
-1.16069
-1.20718
-2.48974
-2.02021
-2.24831
-1.57055
-4.23817
-1.6026
-3.37266
-2.42566
-4.78382
-1.79679
-3.78697
-1.77454
-2.45999
-1.91302
-5.19582
-1.50797
-1.91475
-4.77671
-1.55803
-3.55674
-1.31741
-2.33265
-1.51701
-2.60769
-4.87522
-1.63391
-3.56727
-4.87338
-4.37717
-3.00312
-3.36968
-2.18207
-1.33113
-4.86756
-1.37476
-4.39452
-1.95266
-1.97694
-1.85956
-1.46849
-4.93333
-5.30509
-2.36595
-2.66047
-5.7098
-1.4757
-4.91215
-1.54717
-4.35304
-0.97132
-3.319
-2.98313
-2.48955
-1.51994
-1.28691
-1.21145
-1.2392
-4.5495
-1.14657
-1.53159
-2.45401
-2.35917
-2.08556
-5.29999
-2.59248
-2.49027
-1.07117
-4.79729
-2.00419
-2.35775
-1.20458
-1.55289
-2.31373
-0.993766
-1.47232
-1.83604
-4.80542
-1.33593
-2.64559
-2.64179
-1.35357
-1.78462
-3.43266
-2.44201
-3.64211
-1.46591
-1.4324
-1.40769
-4.26334
-2.15025
-2.61494
-1.779
-1.82484
-3.47992
-2.45458
-1.84885
-3.04502
-5.00224
-3.72023
-3.139
-2.0172
-1.52753
-1.91016
-0.740309
-2.4388
-1.81385
-4.71604
-1.84971
-4.40237
-2.96627
-4.38722
-2.20999
-1.96363
-2.86897
-3.03774
-2.54593
-2.17281
-2.43496
-1.27251
-1.24576
-3.36533
-0.640064
-4.27869
-1.77459
-3.01647
-1.76126
-4.0404
-3.92063
-1.81867
-1.81074
-2.67876
-1.88086
-4.17577
-2.21762
-1.75886
-3.80485
-2.33828
-4.76013
-3.38405
-4.18189
-4.68071
-3.44476
-1.10738
-1.82156
-3.73022
-2.3567
-3.72624
-1.6461
-2.488
-1.28346
-1.58761
-1.24554
-1.90796
-1.09509
-2.39724
-1.73057
-2.50896
-1.03227
-4.24827
-3.56911
-2.36731
-2.80255
-3.85469
-4.35011
-2.42585
-1.8289
-2.3081
-2.87384
-1.11787
-4.75816
-4.20519
-1.84076
-3.65958
-2.02019
-1.85927
-5.24869
-2.65258
-2.40031
-1.16057
-1.08066
-2.51331
-1.38765
-3.99137
-1.69313
-5.02745
-1.34908
-4.31594
-1.63094
-2.01724
-2.88017
-1.72492
-2.37326
-2.30621
-1.69609
-1.35562
-1.70871
-1.8643
-2.53378
-1.55793
-1.40707
-1.82343
-2.06365
-1.76077
-3.80104
-1.89217
-3.23851
-3.53839
-3.40995
-4.01377
-4.27269
-3.01424
-1.617
-1.39406
-4.52751
-1.54933
-1.79134
-1.85875
-4.11155
-1.82996
-3.29604
-2.71144
-4.57534
-1.43309
-2.75842
-1.963
-2.45371
-1.09903
-5.19877
-1.06689
-2.6261
-3.84073
-2.63199
-1.07425
-4.25014
-4.76738
-3.44067
-2.44047
-2.90067
-4.1458
-1.85813
-4.61764
-3.62899
-1.76121
-3.23635
-2.13831
-2.60793
-2.46764
-1.6788
-4.74125
-3.94925
-2.35288
-2.05337
-4.04028
-1.8121
-4.11443
-4.75595
-4.03206
-4.37995
-1.95568
-4.10057
-4.63008
-1.56932
-1.28286
-1.07093
-2.42395
-1.64289
-1.31065
-4.93791
-3.10709
-1.53963
-4.33267
-1.16105
-1.13364
-2.52853
-4.00988
-1.42282
-5.06444
-1.87463
-1.56452
-2.90275
-2.41187
-4.18096
-1.47709
-1.82755
-1.66936
-2.89901
-1.22329
-4.40146
-1.45754
-1.48715
-2.41172
-2.36776
-1.93571
-1.66894
-3.39788
-1.22312
-1.74599
-1.82643
-1.2582
-2.37861
-1.48942
-3.07015
-3.45027
-1.50804
-1.60483
-5.26955
-1.78698
-1.97991
-4.39758
-2.71881
-2.50793
-1.26904
-2.57645
-2.44062
-3.17872
-1.36381
-2.28277
-5.20381
-1.6651
-2.55368
-3.52092
-1.50259
-2.92072
-1.64662
-1.21394
-1.69384
-3.08011
-1.80757
-3.91457
-3.41274
-1.87711
-3.46484
-3.37382
-4.12011
-4.80149
-2.47703
-1.70735
-0.913304
-2.16572
-4.02685
-1.54114
-1.74958
-2.04947
-4.80735
-1.31732
-4.77136
-3.29168
-1.86657
-2.72979
-1.82478
-2.36322
-2.97557
-2.29047
-4.78385
-1.83627
-3.90969
-4.23501
-1.19361
-4.72835
-3.00911
-1.72639
-1.46221
-1.63163
-3.43348
-1.78727
-5.06654
-2.27953
-2.50147
-1.68813
-2.14076
-2.38823
-1.07675
-2.59249
-1.24962
-1.82918
-4.96366
-1.5074
-4.58966
-1.82401
-3.41877
-3.60166
-1.88222
-2.21048
-2.25412
-3.43267
-1.38032
-2.11439
-3.81805
-1.05452
-1.39814
-1.90428
-1.62498
-1.97522
-2.06944
-2.60718
-2.22165
-4.71636
-1.8594
-1.1792
-1.43649
-3.77996
-4.51256
-1.6223
-1.29469
-4.78673
-1.42219
-1.27237
-4.94837
-4.7218
-1.85965
-5.02873
-1.99864
-3.41116
-4.85966
-1.2667
-2.37395
-3.33522
-1.77881
-1.56951
-1.45219
-2.40526
-3.35943
-3.96999
-5.61232
-1.89184
-2.16895
-1.82219
-2.33521
-1.82522
-2.5293
-1.12976
-1.76461
-1.82888
-1.12668
-5.09662
-3.55459
-2.79865
-1.51859
-3.69948
-3.49522
-3.26972
-2.86968
-1.76905
-2.28485
-3.58603
-3.57284
-2.56528
-2.29304
-4.4858
-1.85787
-1.83995
-4.16226
-1.49838
-3.0137
-5.21148
-1.45705
-2.6915
-2.74255
-2.675
-2.9334
-1.33834
-3.31283
-1.54244
-1.72684
-1.63095
-1.81
-2.49409
-2.4757
-1.16391
-2.06936
-1.85952
-1.87498
-1.86885
-1.9638
-2.46966
-1.80289
-1.3047
-2.37208
-3.93394
-2.42292
-2.34142
-4.2253
-1.5838
-1.6391
-4.94888
-1.35648
-1.14869
-2.60834
-4.13615
-2.35677
-2.88725
-1.57261
-4.37062
-1.55126
-2.41023
-1.78314
-5.08882
-3.32027
-2.02471
-1.80679
-2.23937
-1.65972
-3.13084
-4.3745
-2.18671
-5.44356
-1.93477
-1.9031
-3.37475
-4.45947
-1.46425
-2.61591
-1.06618
-2.30985
-2.53402
-4.13171
-1.8565
-1.15728
-2.59341
-2.58203
-5.09332
-3.02945
-4.79895
-1.58671
-1.67783
-1.83777
-3.05646
-1.84028
-1.20988
-1.85182
-1.68672
-1.57828
-4.95506
-2.52354
-3.32907
-3.04702
-1.52539
-1.52218
-1.81
-2.9193
-1.8565
-5.62067
-1.71305
-1.57578
-1.0374
-3.01053
-1.25856
-1.77639
-2.43975
-1.85465
-1.6665
-2.60093
-1.57761
-2.3359
-3.29747
-1.80421
-2.03648
-4.75451
-1.30165
-2.86792
-4.77669
-4.59759
-2.34379
-5.44263
-1.79093
-3.98824
-1.90621
-1.99675
-4.34512
-1.20384
-3.59915
-2.62134
-2.93054
-1.90435
-1.48545
-2.48549
-1.06435
-1.53084
-2.02466
-2.52523
-1.84952
-3.68026
-2.15198
-2.67581
-2.67497
-2.09433
-1.26727
-2.44506
-4.44495
-1.04771
-1.16722
-4.81107
-2.46252
-1.72198
-4.77003
-2.67051
-1.98539
-6.01641
-1.75124
-1.76516
-2.50049
-4.38969
-1.45962
-4.14234
-1.85209
-2.23147
-2.70081
-5.01655
-1.32421
-1.76643
-1.45465
-4.76301
-1.85295
-2.55364
-1.59865
-4.4192
-3.52678
-2.15227
-1.73699
-2.71142
-4.57584
-1.53021
-1.47495
-1.70399
-3.55155
-1.29128
-2.55072
-3.38367
-3.70335
-2.64668
-1.6709
-4.00067
-1.87675
-2.47404
-3.43436
-1.75593
-1.27766
-2.04373
-3.0781
-3.53785
-4.26131
-1.52229
-3.0074
-3.47949
-1.64229
-5.03929
-2.1345
-1.38688
-4.00999
-4.84629
-1.81138
-1.55878
-1.18625
-1.29594
-5.58239
-2.36415
-5.24726
-1.53791
-1.38372
-2.39905
-1.15188
-1.66622
-1.80526
-2.41228
-3.10698
-4.22669
-3.20228
-2.3684
-4.74277
-3.63476
-3.63396
-2.3763
-4.49123
-2.70737
-3.35041
-3.54067
-2.07701
-1.81891
-2.39616
-4.51599
-1.87592
-1.41231
-4.43584
-1.38365
-3.48861
-2.05705
-2.10837
-1.32323
-1.62797
-1.3372
-2.59561
-2.47218
-3.28737
-1.64101
-3.48295
-3.59687
-2.72923
-1.84807
-4.55964
-1.28911
-2.23639
-3.87209
-4.1347
-1.33735
-3.97924
-2.23266
-4.32264
-1.1713
-3.22995
-4.19925
-2.26183
-4.77565
-1.46932
-4.82246
-4.79422
-4.58979
-2.28675
-2.66646
-4.25802
-2.44031
-2.26061
-2.54527
-1.87716
-3.41522
-2.3645
-1.83378
-1.44825
-1.83626
-1.79725
-1.3493
-3.76814
-3.97613
-1.85088
-5.19605
-1.51274
-5.52377
-1.88123
-1.57347
-2.34997
-2.40702
-1.68964
-2.39882
-1.14186
-5.26954
-4.09603
-1.84556
-4.73008
-5.20511
-2.01127
-1.74685
-4.80194
-3.53381
-1.75838
-5.53011
-1.53524
-3.09319
-5.50451
-3.04335
-1.71312
-5.28185
-3.96202
-1.47164
-1.55416
-2.83351
-1.7458
-5.65739
-1.44977
-1.83641
-2.92794
-4.69417
-1.52661
-2.40983
-1.84906
-1.50057
-2.72092
-2.39131
-2.46252
-1.04556
-1.81409
-1.14224
-2.67037
-1.06028
-3.34107
-2.5123
-2.02335
-1.69752
-5.21667
-5.02953
-1.32206
-0.373194
-3.57767
-1.05528
-2.94425
-2.58431
-1.83489
-2.79127
-2.15787
-1.3554
-1.78654
-1.90792
-5.03188
-2.23386
-1.19387
-5.49577
-3.28077
-3.3167
-1.97772
-2.06611
-5.00305
-2.3918
-2.03844
-1.11333
-2.50427
-4.98117
-2.11257
-2.54276
-4.00406
-2.42524
-2.21629
-2.49726
-3.19565
-3.80072
-2.3126
-1.5666
-1.93513
-2.24003
-2.35107
-1.73768
-2.89147
-5.11806
-3.70575
-3.05748
-2.93882
-2.87163
-2.44903
-1.76624
-1.81701
-2.30883
-4.43062
-1.79668
-5.55058
-2.40644
-1.7659
-5.13547
-2.2126
-4.13482
-3.38347
-1.71237
-3.0235
-3.07925
-3.03392
-3.4703
-2.8812
-1.65503
-3.48083
-1.63563
-2.04345
-3.92175
-1.82335
-3.48743
-3.40749
-1.39331
-1.92651
-1.41706
-2.12658
-3.02467
-2.59208
-1.33279
-2.76367
-1.89633
-2.39069
-1.87359
-1.67343
-1.39059
-1.8113
-2.42216
-1.84815
-2.68465
-2.62676
-5.18785
-2.74973
-0.248459
-1.51609
-5.5006
-3.36374
-1.5278
-3.61386
-1.86563
-1.82151
-1.94848
-4.59003
-1.77982
-1.82197
-1.36316
-0.774021
-2.70371
-2.49914
-3.68235
-4.87047
-2.21679
-2.79929
-1.94303
-5.59696
-4.14331
-1.63995
-1.88894
-1.87238
-1.50032
-1.84809
-1.53187
-2.09772
-2.88392
-3.79467
-1.83494
-1.76255
-1.33727
-4.75762
-1.80235
-2.38979
-2.22298
-1.29275
-2.55904
-1.84807
-2.48002
-2.06784
-1.70161
-2.39004
-1.45131
-2.94941
-1.8939
-1.96092
-1.59305
-4.31489
-2.16366
-1.78601
-1.78444
-1.47234
-5.35185
-1.53471
-2.4686
-1.49535
-4.71622
-2.24795
-4.34483
-2.85789
-2.86544
-1.75749
-2.37586
-1.5381
-1.85422
-1.57013
-1.82462
-1.4203
-2.51949
-2.40082
-1.66803
-2.40345
-1.56993
-2.59969
-2.16999
-1.61429
-2.49056
-1.35471
-4.17361
-5.12834
-1.72767
-4.06954
-2.5428
-1.64256
-2.703
-1.52245
-1.13467
-3.37743
-4.12751
-3.36899
-5.13363
-2.33195
-4.1589
-1.98714
-2.66672
-1.82056
-1.10096
-2.23532
-3.02862
-1.85942
-1.71806
-5.16326
-1.60024
-2.32376
-4.8529
-1.35277
-1.42081
-1.11113
-3.31829
-4.11066
-2.58655
-1.87251
-2.62946
-3.00952
-2.53273
-1.5046
-2.53625
-1.88744
-2.39441
-2.73368
-1.23485
-3.04944
-2.6805
-2.3675
-2.52827
-1.77694
-1.95641
-2.5718
-3.62513
-1.21749
-1.87875
-2.5376
-1.81118
-2.97099
-2.42064
-3.58326
-1.45445
-2.26976
-4.62772
-0.863744
-3.74211
-3.66858
-3.37698
-1.86283
-1.85495
-1.82983
-4.76008
-1.34573
-3.22601
-1.58532
-1.81614
-1.71211
-1.95172
-2.82458
-2.49839
-2.32521
-1.81853
-1.80229
-2.38412
-1.86394
-2.89572
-1.73594
-1.87064
-2.51074
-1.85999
-1.58132
-1.86049
-3.08534
-1.65012
-3.03957
-2.174
-1.71402
-1.82925
-1.8563
-3.53099
-3.91969
-2.59053
-3.21077
-3.67704
-1.86077
-1.73857
-4.72806
-4.88249
-1.86271
-2.18374
-1.64065
-4.76471
-4.74387
-2.47274
-1.7841
-4.3073
-2.90474
-1.45475
-2.71252
-2.37043
-2.51971
-1.3946
-1.92631
-1.84943
-1.88583
-5.37541
-2.00866
-1.19432
-1.62122
-1.31261
-2.1358
-1.70575
-1.84367
-3.02232
-1.27734
-1.60409
-2.99509
-5.04672
-4.22246
-1.55435
-2.0069
-1.91504
-1.8246
-1.42844
-1.15108
-1.67098
-4.96317
-4.52296
-1.42451
-2.53848
-1.2587
-2.20215
-1.59498
-1.58418
-1.74152
-2.98768
-2.66191
-5.0202
-1.5229
-1.9779
-2.84822
-1.5697
-1.76229
-1.49408
-2.5698
-5.96455
-5.44888
-1.31421
-1.84988
-1.85052
-1.326
-2.34227
-2.44228
-1.86743
-1.89652
-4.80991
-1.20107
-3.67468
-3.58445
-1.82807
-2.6882
-2.41899
-3.03734
-5.19483
-5.07379
-5.07113
-3.88007
-1.65954
-2.4015
-1.66348
-5.06637
-6.22649
-2.13876
-3.10655
-3.47894
-5.05828
-2.84053
-1.80032
-1.93495
-5.06863
-1.8409
-1.17335
-1.84769
-2.28236
-1.72651
-1.88249
-2.80175
-3.35955
-1.87012
-2.45228
-1.1044
-2.50369
-5.0198
-0.983101
-1.75983
-3.30254
-2.57339
-1.1407
-1.34508
-2.86128
-2.24154
-2.48799
-1.54691
-1.55548
-2.01353
-1.72122
-2.75014
-1.69533
-2.01267
-2.02182
-3.7787
-1.42448
-1.80116
-2.50722
-2.46705
-2.07726
-3.71627
-1.81068
-2.47922
-1.88514
-5.22777
-1.89433
-2.81268
-2.03283
-2.00431
-4.42549
-2.58328
-5.04938
-1.8386
-1.47468
-2.95397
-2.86422
-1.48015
-4.18165
-5.52049
-2.01234
-4.61523
-1.86857
-3.45622
-3.28526
-1.61076
-2.47881
-1.90305
-1.31914
-5.80084
-5.50012
-4.1685
-2.53615
-1.46506
-1.24703
-2.52103
-1.4403
-1.29858
-1.22565
-1.75635
-1.67011
-1.2753
-2.39152
-2.60953
-1.85486
-1.74503
-1.82719
-1.95692
-2.69774
-1.79554
-2.15775
-1.83857
-4.57106
-2.39668
-0.950779
-1.69424
-4.02676
-3.6399
-1.69268
-2.37796
-3.4003
-2.30397
-2.70293
-3.96192
-2.01764
-2.46426
-4.80212
-3.43404
-3.38841
-2.93128
-1.46959
-1.86605
-4.2624
-1.80799
-1.89422
-1.87081
-3.32498
-1.81954
-1.74858
-2.52005
-5.27883
-1.98873
-1.46214
-2.00277
-1.47714
-2.25008
-1.80965
-1.13195
-2.38595
-2.55578
-4.78153
-1.87166
-1.44653
-3.37087
-1.60036
-1.74778
-1.93856
-2.92574
-1.89891
-2.13629
-5.81315
-1.87529
-1.41271
-4.78614
-1.87247
-1.85107
-1.60321
-2.45881
-1.57146
-5.00325
-1.10785
-4.94843
-3.92355
-1.8888
-3.42219
-1.79097
-1.83708
-2.49302
-1.25115
-4.04898
-1.31456
-5.03727
-1.84677
-2.156
-4.2127
-1.17128
-1.17991
-2.66269
-2.41882
-2.36127
-3.06353
-2.44207
-2.44541
-3.73296
-3.03054
-2.2818
-2.40045
-1.88811
-1.86875
-3.7742
-4.70732
-1.80753
-1.84882
-2.59501
-2.38165
-2.51941
-2.72148
-2.39169
-2.80061
-1.5161
-1.58451
-2.3903
-3.80365
-2.09753
-2.41569
-0.726208
-2.57647
-2.04508
-2.43045
-1.88993
-1.87223
-3.32403
-3.38714
-3.19241
-2.87542
-1.89866
-1.63204
-2.4499
-4.92084
-1.71217
-1.40354
-1.84565
-3.75282
-4.84485
-2.55269
-1.16454
-3.81303
-3.65181
-1.25652
-2.69638
-1.98152
-5.781
-5.62089
-5.3329
-5.79193
-2.17296
-6.14115
-5.60864
-2.01058
-5.77068
-5.66219
-4.70813
-5.56181
-6.09457
-5.83129
-5.7324
-6.05483
-2.05721
-5.80049
-5.71108
-6.17093
-5.74897
-5.77405
-5.56694
-2.0011
-2.00989
-3.30937
-3.6286
-1.11516
-4.65891
-1.92637
-1.76126
-1.35741
-4.12034
-5.58232
-4.79599
-2.46122
-2.0804
-2.8268
-4.12687
-2.29666
-3.91606
-4.98599
-2.39286
-1.36637
-2.51001
-4.37723
-2.18896
-2.58092
-4.64787
-1.76302
-2.1408
-3.97672
-1.89194
-2.55883
-2.43406
-3.06204
-3.59077
-3.22039
-2.46768
-2.20855
-2.56909
-1.93123
-1.85721
-3.07811
-2.64846
-2.03094
-2.56561
-2.72251
-1.58771
-3.27984
-3.97373
-1.58886
-2.42663
-3.92812
-1.87387
-1.99149
-1.49915
-3.98333
-1.94123
-2.47114
-3.11218
-1.44584
-1.81257
-1.54391
-4.8629
-1.76463
-1.12961
-1.24579
-1.56052
-1.42612
-4.42171
-3.31096
-5.14746
-2.98373
-2.79416
-1.9817
-1.50959
-1.63653
-4.10395
-3.8867
-2.22283
-1.74025
-1.79269
-2.93512
-1.75441
-1.29363
-1.89638
-3.44553
-5.02458
-5.03784
-2.20389
-2.13561
-1.99448
-2.21288
-1.8222
-2.72231
-1.94033
-1.91844
-2.83974
-1.73594
-2.31535
-2.90999
-2.69141
-2.6716
-1.80134
-4.53326
-4.22099
-1.31759
-2.00966
-1.87328
-1.69885
-4.89936
-2.35499
-4.11677
-1.89212
-2.46644
-4.20825
-2.47906
-1.39952
-2.59715
-1.88506
-2.05583
-1.69763
-3.23722
-2.06772
-2.50097
-1.27885
-3.19048
-3.39015
-1.59701
-1.75015
-1.70253
-2.4196
-2.40281
-1.57746
-2.33558
-4.31774
-1.38989
-1.76922
-2.12942
-3.89597
-1.81757
-1.93636
-1.99436
-1.51668
-1.86244
-2.25473
-1.49981
-1.24344
-1.5638
-1.71794
-4.57148
-1.7744
-2.08724
-1.96434
-2.06156
-2.69074
-1.74343
-2.3807
-2.43582
-2.42615
-2.40602
-4.80657
-1.04518
-3.13411
-1.52454
-1.83584
-3.03451
-1.38401
-4.66441
-4.15303
-4.74962
-1.4014
-1.91575
-1.75546
-1.20051
-1.85681
-1.89795
-1.24984
-3.77663
-2.49316
-4.20117
-3.07148
-2.3657
-1.45498
-2.51182
-2.09477
-3.66743
-4.14877
-2.47951
-1.86538
-1.11488
-2.02463
-1.82273
-1.89127
-2.0005
-2.46451
-1.91269
-4.54304
-3.37563
-1.42687
-1.60405
-1.65964
-1.77985
-1.25405
-1.88731
-1.87916
-1.37522
-2.94931
-3.15494
-5.06831
-1.08933
-2.54626
-2.29558
-1.56781
-1.88733
-1.92022
-2.30444
-1.65423
-1.76943
-3.77844
-4.78364
-1.86649
-2.67246
-1.74939
-3.25406
-1.88913
-2.1513
-4.61308
-2.40375
-1.53822
-3.38498
-1.92231
-3.51089
-1.90685
-2.41922
-1.82483
-1.17832
-4.05473
-4.59443
-2.96577
-2.39581
-2.04549
-2.14498
-1.89072
-1.43536
-3.10247
-4.22043
-1.27933
-1.32657
-1.91665
-3.17533
-3.96243
-1.7384
-2.60057
-4.64158
-3.9284
-1.85661
-2.00469
-4.61263
-2.07458
-2.85547
-4.77138
-2.28816
-1.8869
-3.13615
-2.11962
-3.28187
-2.47577
-1.60451
-2.47532
-1.87583
-3.12359
-4.60601
-4.71227
-3.39204
-5.21887
-1.90236
-1.90067
-4.61156
-1.50803
-2.43579
-2.12163
-2.47265
-2.33533
-2.20525
-5.21175
-4.91162
-3.01895
-2.11512
-1.93087
-5.64094
-1.26941
-3.89263
-4.85942
-1.33742
-1.23063
-2.09534
-1.95043
-4.52703
-2.92055
-2.54434
-4.66366
-2.51119
-1.76285
-1.27322
-1.97831
-1.64887
-3.23347
-1.6205
-2.51442
-1.72931
-1.36923
-2.04631
-3.59083
-2.56355
-1.45847
-2.14812
-2.97843
-4.77435
-1.65984
-1.82431
-2.9502
-3.11735
-3.30393
-3.75703
-1.41138
-4.33505
-1.64186
-2.1949
-1.93207
-1.31854
-1.63707
-2.36394
-1.59343
-2.70796
-2.13793
-1.81792
-1.22843
-2.26826
-1.88416
-1.27549
-1.89543
-1.22073
-3.82066
-1.29134
-1.14478
-1.73756
-1.84816
-3.11294
-1.72277
-1.91035
-1.68764
-3.1777
-1.51477
-2.11244
-1.59463
-1.89942
-2.02828
-1.07354
-2.88738
-1.72906
-5.0283
-1.55675
-2.18883
-2.4191
-1.34044
-2.46111
-2.89528
-5.50388
-3.52339
-1.2889
-2.67382
-2.52281
-2.43232
-4.37467
-1.47408
-1.98838
-1.6796
-3.07984
-1.73664
-2.4719
-1.66125
-1.56365
-1.88786
-2.08539
-3.46732
-4.6598
-1.10231
-3.14875
-4.65862
-4.65755
-1.48979
-1.84183
-2.10771
-2.00646
-1.82685
-1.89158
-3.43301
-3.27487
-1.89414
-1.65508
-2.56103
-1.72925
-2.44349
-1.8324
-1.93356
-4.96916
-3.27003
-2.69674
-1.61205
-5.04147
-3.21118
-3.89432
-1.61054
-1.20996
-4.67953
-2.71373
-1.94652
-4.02178
-2.40464
-2.5686
-2.13921
-1.76492
-1.83737
-1.65194
-3.77775
-1.65381
-2.84493
-3.4409
-2.45184
-1.05815
-4.98677
-3.33476
-3.29736
-1.98527
-1.77337
-3.51641
-5.41811
-3.17599
-2.07309
-1.77224
-3.5315
-1.88488
-1.45497
-2.42884
-5.24146
-5.56943
-1.9351
-2.22367
-4.50442
-4.64689
-1.87029
-1.90911
-1.83119
-1.96829
-1.85027
-1.44787
-3.75426
-2.51867
-3.0317
-1.82893
-4.42606
-1.69944
-2.56367
-1.87883
-2.2656
-2.23863
-3.45119
-2.16556
-1.39265
-3.816
-2.55303
-2.92615
-2.82841
-2.21582
-2.1905
-3.15369
-1.92615
-1.77948
-1.82128
-2.5332
-1.94177
-2.67201
-1.91934
-1.97936
-1.42566
-2.15788
-3.36006
-2.3456
-2.36483
-1.42881
-3.87536
-2.61682
-2.44263
-5.56838
-4.8075
-1.69322
-2.54718
-1.81858
-3.76896
-4.58811
-3.32501
-1.29318
-1.46763
-2.11486
-1.8741
-1.06569
-2.44049
-1.91331
-1.47992
-2.43252
-2.44844
-1.35731
-2.38672
-2.16333
-1.9911
-1.90824
-2.16595
-1.99196
-2.47764
-1.6303
-2.43688
-2.22496
-4.28802
-1.73509
-1.74476
-2.27402
-1.85052
-2.01655
-2.50798
-1.9079
-1.62052
-3.72713
-1.2233
-2.41236
-1.78003
-2.42866
-2.56573
-1.77665
-2.14472
-3.36816
-2.04048
-1.7633
-2.48732
-2.36865
-2.8334
-2.02652
-2.13089
-1.6338
-1.65779
-2.96252
-3.12342
-2.54795
-2.06828
-1.30154
-1.75692
-1.81459
-1.67076
-1.50568
-1.90722
-2.76647
-2.48963
-2.36512
-3.90903
-1.85873
-1.92204
-1.89357
-2.38805
-2.22557
-2.5138
-3.64016
-2.5212
-1.79429
-2.53263
-5.3112
-2.3475
-1.53025
-2.42106
-1.00666
-2.21021
-2.39764
-2.71421
-2.15244
-1.34961
-1.45949
-4.73945
-1.49306
-3.63956
-1.92485
-1.7651
-2.40861
-2.26037
-2.38431
-3.36036
-2.15049
-1.99452
-4.76152
-1.91154
-1.77982
-3.7215
-1.22613
-1.7865
-3.67723
-1.84717
-2.52442
-2.2343
-2.4614
-2.19401
-2.49996
-1.65537
-2.7658
-1.72155
-2.67147
-1.81936
-2.0256
-1.88425
-1.83195
-2.39321
-2.41988
-1.92706
-2.58931
-2.12856
-2.04659
-5.07461
-1.89863
-2.10441
-4.05923
-3.69769
-1.77263
-2.49123
-2.54618
-1.83427
-2.24083
-2.10517
-2.43601
-2.66731
-1.62905
-2.48747
-2.54716
-3.67536
-3.04235
-1.45289
-4.27724
-1.73784
-1.65777
-1.91305
-4.63453
-4.58869
-1.43651
-2.3664
-2.00239
-1.27107
-2.14234
-3.34356
-3.85678
-2.8319
-2.54479
-2.01403
-1.97678
-1.92496
-2.37379
-2.5416
-3.46133
-2.08496
-2.55155
-1.82228
-1.3546
-2.32771
-4.08207
-1.88346
-3.94313
-2.96925
-4.34751
-1.77464
-1.46235
-2.65031
-1.82679
-2.7612
-1.90956
-2.22855
-1.80664
-1.97002
-2.57466
-2.52467
-2.3833
-1.64671
-1.2543
-3.12304
-2.74236
-2.92469
-4.60323
-2.06396
-2.10521
-4.51292
-1.84256
-2.04409
-1.80039
-2.58095
-1.24094
-2.53512
-2.1165
-1.2335
-2.05522
-3.42862
-2.25304
-1.64685
-1.95303
-2.02704
-2.47231
-2.41632
-5.37851
-3.99432
-1.68765
-2.36756
-2.64181
-2.16207
-2.51053
-1.92016
-1.21703
-1.8995
-1.5154
-2.3524
-3.572
-1.72981
-1.81989
-3.88968
-2.39253
-1.84972
-1.34281
-1.77074
-1.85314
-2.52877
-1.83772
-2.96859
-1.8651
-2.48723
-2.25293
-5.0411
-1.92955
-4.7622
-2.19748
-1.79944
-5.48167
-2.27203
-2.52175
-3.55112
-1.95105
-1.78776
-5.21999
-3.90941
-2.58739
-1.88499
-1.47605
-4.07495
-2.08353
-1.5261
-2.01406
-2.83961
-1.81763
-1.80808
-1.82996
-3.63187
-2.35669
-2.30334
-2.87782
-2.43187
-3.11799
-1.7996
-1.84796
-1.95256
-2.28686
-1.80376
-2.04048
-3.94051
-1.16708
-1.91409
-3.91872
-1.88267
-1.93315
-3.79388
-1.92042
-1.81894
-1.95702
-4.5438
-1.4373
-3.05109
-2.2451
-2.13696
-2.74594
-2.35107
-2.02579
-2.2132
-1.78067
-2.48092
-1.64282
-1.99156
-2.52306
-1.31612
-2.2225
-4.89216
-2.7334
-2.30917
-1.52008
-1.9187
-2.101
-4.00929
-2.05727
-1.15141
-3.29564
-4.72699
-3.59359
-2.20572
-2.37398
-2.85671
-1.84431
-2.27972
-1.85977
-3.59342
-1.69804
-2.74776
-3.6936
-2.03842
-1.73405
-2.9596
-1.26065
-3.69575
-2.28057
-0.432861
-1.9539
-1.98123
-3.23179
-4.68225
-2.85225
-4.5713
-5.39509
-5.06256
-1.9551
-3.40599
-2.31719
-2.43077
-1.09775
-1.39449
-2.20067
-1.75764
-2.42993
-4.54927
-4.91324
-2.30282
-2.45698
-3.98738
-2.37743
-1.99247
-1.2046
-1.8135
-2.17727
-4.49496
-2.46468
-2.27581
-2.97334
-2.35786
-2.91124
-2.09382
-1.85322
-2.20895
-1.81773
-5.62088
-2.10469
-5.33518
-1.49571
-2.2783
-3.20805
-4.97974
-1.88969
-4.72346
-2.39686
-1.51084
-2.15742
-1.88372
-3.27578
-2.41067
-3.35382
-2.30657
-1.48266
-3.15736
-0.32497
-2.52819
-4.08436
-2.56544
-1.79183
-1.12232
-2.75203
-2.28825
-3.47256
-1.09585
-2.06825
-2.08432
-2.61224
-1.93696
-1.69904
-3.11726
-5.06344
-3.53427
-2.38964
-4.59616
-2.24273
-3.0277
-2.02907
-1.65916
-1.43378
-1.86108
-5.12531
-4.3654
-2.11531
-2.0844
-2.25219
-1.23762
-2.4071
-1.79444
-3.30027
-1.92287
-2.90396
-2.4105
-1.85147
-1.82064
-5.09504
-1.68844
-2.63296
-4.60833
-2.18004
-1.80666
-2.58319
-3.55308
-1.36196
-1.85669
-1.64481
-5.51503
-4.59132
-1.52631
-3.71504
-2.10884
-2.05836
-1.79364
-2.22633
-1.32389
-2.12826
-1.36908
-1.86943
-2.5686
-2.26969
-5.21369
-3.21183
-1.85304
-2.34018
-2.51481
-1.79733
-1.54245
-3.22386
-1.75255
-1.63173
-1.4923
-4.79334
-1.9162
-1.98155
-3.43739
-1.70651
-1.83741
-2.72985
-3.70768
-1.93261
-1.10496
-1.83234
-4.98705
-2.73809
-1.87664
-2.39881
-4.45989
-2.22051
-2.40156
-1.81374
-2.66824
-2.29773
-2.09226
-2.5095
-4.71418
-1.94473
-2.12253
-2.0173
-4.76093
-1.95571
-4.19869
-1.86436
-2.14589
-2.35866
-2.32091
-1.845
-2.28607
-2.52182
-0.918416
-1.82085
-1.95825
-1.54693
-2.34101
-2.50185
-1.55662
-1.07648
-1.47641
-2.25308
-2.41149
-2.56905
-3.49246
-3.25726
-1.85778
-2.26972
-1.89947
-1.6038
-2.45687
-2.0165
-1.95427
-2.84399
-2.46451
-2.38304
-2.36179
-2.64915
-2.51093
-1.70448
-2.0599
-2.54118
-1.93657
-2.29138
-1.86908
-1.95307
-3.28937
-1.97165
-1.55194
-2.45665
-2.20385
-1.35587
-2.14207
-4.5317
-2.47735
-4.74471
-2.54102
-2.5217
-4.73981
-4.99115
-2.20467
-2.01463
-1.80735
-3.56146
-1.68986
-1.93877
-2.22762
-1.9485
-2.47236
-2.40268
-2.08317
-1.95398
-4.07633
-1.80053
-4.6522
-1.66442
-2.99406
-2.0858
-2.58024
-2.15097
-1.90861
-1.46955
-1.93931
-2.80965
-2.2089
-2.08284
-1.91714
-3.56181
-1.36944
-3.38092
-1.79972
-1.46534
-2.01038
-5.49362
-5.11408
-2.54363
-1.55895
-2.37299
-2.21999
-2.92984
-2.75631
-1.88818
-1.75495
-1.66846
-1.55783
-2.10521
-2.06765
-1.9537
-2.12379
-4.66211
-1.58237
-2.51354
-4.82694
-3.95909
-2.4209
-2.77751
-4.04536
-2.43562
-4.84693
-2.41509
-5.0593
-1.18529
-1.79107
-4.65988
-3.29628
-3.66213
-2.15568
-1.69972
-2.16732
-3.37621
-1.90304
-2.49882
-3.35062
-3.8412
-1.72142
-2.13299
-1.83381
-4.11483
-3.69643
-4.11091
-1.72995
-1.68025
-1.81329
-3.22345
-2.09689
-1.09339
-1.87092
-2.44496
-2.20111
-2.11895
-1.80484
-1.65138
-1.28035
-2.59511
-2.53586
-3.66261
-2.13462
-2.67918
-2.37856
-2.59659
-1.91242
-2.13052
-3.26947
-2.3236
-2.2587
-1.84712
-2.32269
-1.96083
-2.64464
-1.93753
-2.63682
-2.91903
-2.1774
-2.50787
-2.3145
-5.02961
-1.19176
-2.85892
-2.72601
-3.42011
-2.31265
-2.38674
-2.23338
-1.46699
-2.18231
-2.54158
-1.8469
-1.94661
-1.67734
-2.78692
-3.38146
-2.5635
-1.94266
-1.7546
-1.36888
-2.36938
-2.30679
-1.76321
-1.88414
-2.0518
-2.36793
-0.323182
-5.58037
-2.91828
-3.57551
-1.32304
-5.02624
-2.0924
-2.57527
-3.38667
-2.48649
-1.86708
-1.75763
-1.85926
-2.30218
-3.88027
-2.51786
-2.2604
-1.81266
-2.27704
-1.96607
-1.53964
-2.45259
-2.98453
-2.33843
-5.58302
-1.80286
-2.63927
-1.82686
-2.13842
-5.69436
-1.60811
-2.34562
-2.46281
-2.32593
-1.7842
-1.34887
-2.3345
-2.46715
-1.97588
-3.38484
-1.59965
-1.96063
-2.37535
-3.45745
-1.07079
-2.6379
-1.0934
-1.64144
-2.26979
-2.06792
-2.16113
-3.99334
-2.86823
-2.14473
-4.75897
-2.25605
-2.30785
-2.73285
-2.01272
-1.84753
-3.11103
-2.37656
-2.72353
-4.51979
-2.63509
-1.08363
-1.69958
-3.50212
-2.44563
-1.57662
-2.57309
-2.40361
-2.38334
-3.33984
-1.74379
-3.45891
-1.77695
-5.00573
-2.48213
-1.9183
-2.8482
-1.88849
-1.37742
-1.381
-1.88467
-3.0009
-1.92946
-1.97819
-2.37621
-4.83766
-1.27738
-2.85443
-4.95769
-3.87706
-2.0754
-4.17615
-2.41508
-2.13167
-2.35665
-2.2342
-1.97879
-4.99728
-2.43956
-1.42364
-1.34555
-3.31856
-1.91347
-1.75596
-2.29741
-1.88378
-2.47387
-5.53994
-4.70661
-2.48808
-2.09531
-1.64945
-2.42715
-2.77831
-2.16595
-3.73593
-3.4286
-1.87021
-2.09341
-2.37862
-2.23591
-2.45116
-2.92366
-2.08795
-2.05007
-2.46627
-2.47652
-1.88734
-1.85008
-4.99389
-4.43238
-1.87262
-1.21701
-2.78578
-3.63954
-1.86451
-2.04326
-1.29342
-1.95336
-2.06563
-1.47425
-4.43028
-2.0275
-2.44677
-2.23568
-2.36338
-2.17157
-3.47145
-1.83778
-2.53352
-2.89449
-2.83303
-2.19777
-2.49223
-2.03669
-1.59278
-1.35699
-1.63128
-1.50155
-1.92344
-1.84049
-2.3981
-1.3861
-2.16718
-2.02665
-3.37525
-3.70139
-2.16474
-2.4262
-2.47118
-5.19435
-1.29594
-4.29592
-3.41206
-2.30955
-3.46821
-2.52825
-0.99787
-1.75075
-1.86661
-2.19453
-3.1283
-4.89285
-3.00802
-1.2645
-3.25854
-2.33454
-3.31902
-2.56055
-2.36875
-1.72026
-2.37878
-1.6795
-2.67662
-1.71002
-2.76421
-1.57736
-2.46836
-3.75022
-4.22913
-2.19381
-2.01347
-1.49102
-2.03345
-1.90966
-2.47924
-4.6022
-2.39142
-3.37744
-1.82013
-2.44196
-2.2344
-2.28296
-1.92847
-1.58988
-1.70577
-1.97701
-1.89553
-1.09572
-3.12647
-1.3337
-1.8185
-2.3272
-1.42908
-2.2936
-2.30545
-2.00153
-1.22557
-4.57139
-1.38165
-1.68171
-2.20563
-5.19796
-1.51694
-2.4819
-1.9949
-2.20009
-1.14037
-2.33895
-1.45266
-1.12826
-1.3951
-2.15632
-2.37704
-1.36089
-2.4357
-2.11176
-2.10746
-2.1316
-2.50144
-1.96001
-1.85514
-3.53437
-1.25871
-1.97418
-2.27325
-2.48012
-3.23912
-2.33248
-1.11343
-2.00114
-2.36023
-1.96067
-2.20704
-3.25873
-1.97272
-1.96464
-3.52995
-2.35567
-4.71534
-1.97829
-2.36934
-2.51682
-2.04049
-1.88194
-1.58663
-1.78582
-2.81072
-4.66609
-5.65472
-2.20866
-2.5184
-2.49724
-2.48251
-2.39904
-3.21141
-3.47522
-1.21827
-2.43682
-4.0244
-1.54628
-1.13981
-2.49713
-1.2463
-5.45496
-1.42826
-2.50846
-2.36945
-1.97269
-1.83513
-2.44529
-2.50009
-1.98305
-2.08782
-2.96337
-2.23892
-2.51335
-1.93308
-2.93762
-2.39815
-3.08613
-2.49059
-1.4174
-2.24734
-2.88874
-2.39203
-1.50658
-1.96601
-1.85123
-2.44656
-1.44745
-2.00793
-3.83265
-2.43021
-1.92071
-3.97998
-3.27078
-3.48653
-1.906
-4.49177
-1.68792
-1.24827
-1.79615
-2.09846
-2.29042
-2.22974
-2.60419
-1.86616
-2.04077
-1.86188
-5.4985
-2.44654
-4.28841
-5.03057
-1.96784
-2.37477
-2.20185
-2.50636
-2.23228
-1.62566
-1.57673
-2.28982
-1.38458
-2.26457
-3.32595
-3.97437
-2.45067
-1.49462
-1.85717
-1.42772
-3.44656
-3.27298
-2.45699
-2.41494
-4.41739
-1.44507
-2.35319
-4.73976
-3.74744
-2.40965
-2.48841
-1.19883
-2.39618
-1.82395
-2.14288
-1.72781
-1.44925
-2.49315
-2.35125
-2.60107
-2.46736
-1.6809
-5.0964
-1.49341
-1.88953
-1.26592
-1.95213
-1.85047
-2.46878
-1.85481
-2.45488
-2.00454
-3.59457
-1.78993
-1.99125
-3.64475
-2.50368
-1.23086
-2.16821
-2.00547
-2.41727
-4.5438
-3.12132
-4.96294
-3.72766
-2.6195
-2.47283
-4.5327
-1.9037
-3.4205
-2.38816
-2.3913
-2.15296
-2.16657
-2.30886
-2.03504
-3.92772
-1.85465
-1.51145
-3.38385
-2.12289
-2.14477
-2.77724
-4.89169
-4.81717
-4.05815
-2.84015
-2.56015
-2.28622
-1.08707
-2.44307
-2.41176
-2.59207
-2.45591
-1.99967
-3.24567
-1.52237
-4.65508
-2.58054
-2.39559
-2.06113
-2.27178
-1.94726
-2.05027
-2.14622
-2.36014
-1.45609
-2.54706
-3.67729
-4.4551
-4.57308
-1.722
-3.14045
-2.27068
-2.46364
-4.74456
-1.04938
-2.46025
-1.99711
-2.56035
-4.55393
-2.2238
-1.76916
-2.48545
-4.86965
-2.40939
-2.44146
-2.14504
-4.78439
-4.1491
-2.41082
-2.03948
-2.46423
-2.85943
-2.52651
-2.10136
-2.15578
-2.17385
-1.74018
-1.48942
-1.75661
-1.84369
-1.55002
-1.23139
-2.16303
-2.20305
-1.82947
-2.05319
-2.19186
-2.58577
-2.46128
-2.02918
-1.75641
-2.5974
-1.84873
-3.41826
-2.40205
-1.59733
-2.50219
-4.34892
-2.43651
-1.80945
-2.4234
-2.4886
-2.27481
-2.36096
-2.02878
-4.10808
-1.92335
-1.81161
-3.30794
-2.64385
-1.34723
-4.54995
-4.85941
-2.2352
-2.00372
-1.923
-2.33668
-1.73843
-1.67932
-2.26225
-2.36423
-2.24621
-1.40562
-2.23435
-1.87203
-1.93837
-2.38457
-2.1353
-1.80515
-2.2548
-1.46562
-1.62251
-2.34678
-2.31841
-1.85885
-2.56333
-2.29092
-2.72625
-4.49551
-2.19301
-4.90591
-2.40583
-2.44938
-1.91297
-2.0247
-2.60656
-3.0985
-5.12885
-1.17761
-5.0987
-1.88902
-2.39254
-1.94067
-1.87114
-2.00729
-2.41886
-2.02773
-2.73529
-2.48684
-2.54427
-2.62827
-1.9547
-2.37815
-4.87172
-1.75054
-1.74845
-2.79319
-2.34111
-2.08718
-2.56617
-5.00149
-1.67573
-1.44976
-1.44212
-4.09066
-1.84883
-3.01946
-1.80424
-2.13943
-0.410083
-2.37952
-1.59393
-1.95608
-1.33593
-2.28906
-2.18803
-1.62882
-3.59503
-2.32258
-2.17817
-2.26977
-2.82478
-2.32085
-2.47034
-2.43081
-1.67578
-2.35275
-1.61166
-2.69593
-1.2152
-1.98654
-2.34138
-1.88991
-2.48275
-1.57876
-2.51354
-1.74495
-2.35196
-2.09112
-2.08538
-2.80927
-2.25239
-4.72986
-2.61577
-2.66396
-2.43437
-2.24622
-2.48276
-4.84263
-1.02974
-1.97078
-1.93564
-2.32477
-1.74656
-1.64243
-1.68926
-2.38892
-1.18102
-1.81269
-2.77963
-2.10337
-3.49281
-1.9029
-2.15829
-2.61256
-2.46575
-2.6196
-1.07994
-1.34224
-2.01998
-3.78246
-3.15362
-2.11778
-3.03794
-2.11076
-2.06415
-3.06218
-1.84922
-1.14782
-1.90584
-1.92007
-2.10227
-1.39283
-1.94208
-2.65541
-1.93291
-1.31255
-2.55069
-1.94661
-2.75406
-2.42219
-1.33101
-2.41545
-2.0549
-2.12456
-3.69541
-4.62985
-2.52537
-2.44048
-1.56241
-2.28675
-2.48366
-5.03656
-1.8974
-2.11388
-2.34661
-2.82
-2.78815
-2.47501
-1.94839
-2.94913
-1.79297
-2.37396
-1.88634
-2.04888
-4.27826
-2.25964
-2.44727
-2.14561
-2.17377
-1.93517
-2.35201
-2.43971
-2.52808
-2.47052
-1.99063
-1.73399
-4.99485
-2.25109
-1.89991
-2.49667
-1.35272
-2.0047
-1.64956
-2.39015
-2.63038
-1.97231
-1.98298
-2.34891
-3.69704
-1.10579
-2.95789
-1.15867
-1.38973
-2.13666
-2.53306
-2.39584
-4.744
-1.92351
-2.44175
-2.55511
-2.54788
-4.58395
-2.49201
-2.17689
-2.28708
-2.15239
-1.7927
-2.19447
-2.29189
-4.47791
-2.1346
-2.36459
-1.78513
-1.38246
-3.10988
-2.26801
-4.30222
-5.51469
-2.40671
-2.54601
-3.33856
-2.71232
-2.11215
-1.79304
-3.23254
-1.75285
-2.39061
-1.98735
-3.16472
-1.6492
-2.11365
-2.9133
-1.94174
-2.46271
-1.68834
-2.36832
-4.51246
-3.25197
-1.93151
-1.55103
-3.19152
-3.6248
-1.37119
-1.81525
-1.95164
-2.44095
-2.36963
-2.54649
-2.07445
-1.85443
-1.10988
-1.78668
-3.07402
-2.18396
-2.09901
-2.14964
-2.50419
-2.22631
-1.75684
-2.47033
-2.75421
-2.48608
-2.02864
-2.31091
-1.9535
-2.3841
-1.65631
-2.23071
-1.68292
-2.44813
-2.3592
-1.8332
-4.54493
-2.45332
-2.13047
-2.50438
-1.88382
-1.70711
-1.46902
-2.36415
-1.7921
-1.97006
-2.52369
-1.78148
-3.88031
-2.73251
-2.43984
-1.86034
-2.10109
-2.54951
-1.92279
-2.53439
-1.76157
-1.92262
-1.58864
-3.79942
-2.02907
-2.08165
-2.53697
-1.8731
-1.84224
-3.86285
-1.90605
-1.80289
-1.96711
-1.76846
-1.9727
-2.00883
-2.88027
-2.60681
-1.69975
-2.34822
-1.69011
-1.06373
-1.93901
-5.35344
-1.41617
-3.52438
-2.49684
-2.1229
-2.13345
-2.03176
-1.68523
-2.48904
-1.81245
-2.51229
-1.78989
-2.2571
-1.14593
-2.47908
-2.60174
-1.51654
-1.08671
-2.43352
-2.4177
-2.25834
-2.419
-5.53317
-2.54336
-2.45839
-2.32243
-2.06681
-2.10789
-3.53815
-2.73233
-1.86685
-2.47582
-2.44536
-2.38095
-2.30447
-2.34152
-1.16814
-2.52591
-1.97844
-1.138
-2.75594
-2.35624
-2.35166
-2.41084
-2.49193
-3.42194
-2.32736
-1.49485
-3.59123
-2.41583
-1.39244
-2.74341
-2.00427
-5.4169
-2.19894
-2.2346
-2.16435
-2.54206
-1.59529
-3.67548
-2.29275
-2.4417
-3.45746
-2.11638
-2.3915
-1.38229
-2.31766
-1.7001
-1.98951
-2.36295
-4.68168
-3.4104
-3.55512
-2.43642
-2.03319
-3.10914
-2.58487
-2.32266
-4.27825
-2.55219
-2.52677
-3.39451
-2.30963
-2.3096
-2.50774
-2.62301
-2.32719
-1.90964
-1.38836
-2.30605
-2.23355
-2.30288
-3.20526
-5.54971
-1.81319
-1.90405
-2.79039
-2.0173
-2.36876
-4.95401
-1.98301
-2.1928
-1.36567
-2.84646
-1.90572
-2.56912
-2.23673
-3.23054
-1.78422
-2.41977
-4.07414
-2.35105
-2.55647
-2.00098
-3.87543
-1.4474
-2.44781
-2.31333
-2.71909
-2.57572
-2.34
-1.91051
-2.18651
-0.97245
-2.43912
-1.74578
-2.51204
-2.34385
-1.95533
-2.63232
-1.90252
-1.95584
-2.44515
-4.65891
-2.03741
-2.12239
-2.20701
-2.63082
-2.29697
-1.90708
-2.36067
-2.11892
-2.55898
-1.10262
-2.27178
-4.67506
-1.82453
-1.79701
-2.87268
-1.75897
-4.48938
-2.5563
-1.70919
-3.08009
-2.19144
-2.04206
-2.6037
-3.28059
-1.82049
-4.49153
-3.59601
-2.47279
-3.94425
-1.9174
-2.23529
-2.16554
-2.73706
-1.87473
-2.51246
-2.10136
-2.50059
-1.90541
-4.83995
-2.70577
-2.51016
-5.19473
-1.85272
-2.55166
-2.43463
-3.83828
-2.38094
-2.13537
-2.88602
-3.41023
-2.05849
-2.35143
-2.47525
-2.55498
-2.35023
-1.81875
-2.72051
-2.39564
-2.34176
-2.21761
-4.54544
-2.62419
-5.2379
-3.72357
-2.41194
-2.55663
-4.0866
-2.94758
-2.04549
-2.49157
-2.35873
-1.25344
-2.18934
-2.16183
-2.28499
-5.31978
-2.39397
-2.25739
-4.64161
-2.48952
-1.58919
-2.99443
-4.18375
-2.36702
-2.25124
-2.53533
-2.57459
-3.74252
-1.43065
-2.48777
-2.33323
-1.84048
-2.48542
-2.35499
-2.02307
-2.06142
-2.33886
-4.0421
-2.03211
-3.43638
-1.75024
-2.41976
-1.98726
-2.52957
-2.36158
-2.3858
-2.34948
-2.31047
-2.32841
-1.67084
-4.3937
-1.87676
-3.14726
-4.82316
-1.06791
-2.25967
-1.59531
-2.35757
-1.87695
-2.35615
-2.43371
-2.71863
-2.65052
-2.13464
-2.4462
-2.22058
-2.49977
-3.09867
-2.00332
-2.00153
-2.13612
-4.22934
-1.889
-2.05291
-3.6736
-2.02818
-2.12854
-2.43521
-2.51376
-1.53511
-2.40413
-3.68497
-1.22098
-2.46402
-1.71606
-2.41444
-2.49626
-2.56173
-1.68887
-1.44632
-2.55408
-1.7388
-1.64414
-2.45989
-2.36688
-2.22058
-2.34742
-2.63384
-1.6119
-2.34607
-1.44468
-4.27011
-1.77632
-1.67494
-2.02161
-2.9115
-2.16968
-2.52002
-2.45948
-2.61486
-2.15551
-1.81251
-2.2143
-2.0509
-2.41569
-1.9775
-2.17844
-3.34003
-1.99185
-1.62927
-2.45818
-1.99591
-2.48244
-4.62202
-2.48208
-5.45226
-3.53478
-2.47228
-1.61374
-1.7697
-2.0354
-2.14227
-2.06063
-2.54601
-2.42445
-1.07813
-1.54886
-5.81838
-1.79238
-2.38776
-4.52943
-1.80144
-2.47663
-1.45539
-1.12747
-2.5059
-3.45078
-2.54873
-1.62865
-2.29932
-1.83309
-1.93306
-2.16496
-2.48107
-2.47968
-1.39552
-3.84771
-2.55249
-4.64791
-2.50056
-2.1119
-3.00259
-2.03351
-1.53219
-2.69582
-2.35476
-1.48879
-2.61233
-2.2188
-2.35207
-2.40603
-5.53184
-1.47145
-2.21283
-1.88319
-2.45537
-2.47566
-2.04959
-2.03752
-4.70376
-2.36138
-2.07625
-1.09156
-2.448
-2.43011
-2.43436
-1.71904
-2.91817
-2.14036
-2.56172
-2.08848
-4.85215
-1.71235
-1.9695
-2.58709
-2.48724
-5.02137
-1.97205
-3.20301
-1.65996
-1.58601
-1.95445
-2.82553
-1.42514
-2.45656
-1.64546
-2.47013
-1.77762
-1.88304
-2.16241
-1.81168
-2.24007
-2.45448
-2.26373
-1.7787
-3.28235
-2.00613
-1.63365
-2.40269
-2.39514
-2.05838
-2.30832
-2.22756
-2.18288
-2.53611
-2.49877
-2.3323
-2.11591
-2.75828
-4.58297
-2.40147
-1.79071
-2.72439
-2.87376
-1.11769
-4.68403
-1.93645
-2.47413
-1.80805
-2.42599
-2.5705
-1.73805
-1.87887
-1.74235
-2.42011
-1.89402
-1.54104
-2.0034
-1.82878
-2.57445
-2.00486
-2.31545
-2.48391
-2.44884
-5.13796
-2.4877
-1.95685
-1.98271
-2.38146
-2.4972
-2.4735
-1.90171
-2.05337
-2.47476
-1.8265
-1.71226
-1.80374
-3.85438
-2.41461
-1.66254
-2.62004
-2.44095
-2.58435
-1.71705
-2.42654
-3.27331
-2.47139
-2.44309
-3.87993
-2.44986
-1.21185
-2.19678
-2.45432
-4.58403
-1.12309
-1.34003
-2.44855
-2.34062
-2.01441
-2.20122
-2.13114
-1.81036
-3.54404
-2.22929
-2.37667
-5.12316
-1.27272
-2.22448
-1.10014
-2.80494
-1.90434
-2.53536
-2.24368
-2.03221
-4.00674
-1.53135
-2.07667
-1.56649
-2.41853
-2.63663
-1.89026
-2.32683
-2.0518
-5.61809
-1.99997
-2.71375
-2.04539
-1.87403
-2.11586
-1.84191
-2.52226
-1.86822
-1.59231
-1.98834
-1.43916
-2.40202
-2.37485
-2.00584
-2.048
-2.96613
-2.58149
-2.19526
-2.80838
-2.2489
-1.99959
-3.29202
-2.29612
-2.37721
-1.72016
-1.5573
-3.84585
-2.02046
-2.2738
-2.18716
-2.01843
-2.20764
-1.37614
-2.34807
-2.49987
-2.38184
-2.28119
-2.39314
-2.83226
-2.04882
-2.53673
-3.72858
-2.38297
-2.55212
-2.1874
-2.20126
-2.39459
-1.88291
-4.78104
-2.03583
-2.46203
-1.7026
-2.49142
-2.37926
-2.34155
-2.47516
-1.61872
-1.79248
-2.24376
-2.62411
-2.37555
-2.57718
-2.35711
-2.70349
-3.44521
-2.36747
-2.00412
-1.80267
-1.67968
-2.07015
-1.4135
-2.21407
-1.8662
-1.47536
-1.50041
-2.09645
-2.39077
-2.19363
-2.24519
-3.45707
-1.6269
-2.03269
-2.46595
-2.65422
-3.98662
-1.46726
-4.83613
-1.78173
-2.12488
-1.8844
-1.10366
-5.19772
-3.38483
-2.3661
-1.89726
-1.85516
-3.63967
-1.18472
-1.88348
-2.25743
-2.04921
-2.23953
-1.33486
-2.62623
-4.50695
-1.6468
-2.44137
-2.48778
-2.51367
-2.48198
-1.88912
-2.27245
-1.87935
-4.69643
-2.08198
-1.88179
-2.56411
-2.30136
-2.24637
-2.03927
-3.49501
-2.26055
-1.75912
-2.20553
-1.67558
-4.82173
-5.39596
-5.38049
-3.0102
-1.86816
-1.82315
-5.37674
-2.4612
-2.02022
-1.8833
-1.7593
-5.09513
-1.05442
-4.01671
-2.42244
-2.48639
-2.37626
-3.2052
-2.38385
-2.41244
-1.92271
-2.29089
-2.96821
-1.80779
-2.16056
-2.57715
-2.69465
-2.36014
-1.81025
-1.79605
-1.91385
-2.51428
-2.41282
-4.66762
-1.33722
-4.48153
-2.14089
-2.45701
-1.81038
-2.34231
-1.59909
-1.55883
-2.51023
-2.86701
-2.28324
-1.53215
-2.38767
-2.85001
-1.86491
-1.97376
-2.08423
-1.81737
-2.10891
-1.88336
-2.50795
-5.81722
-1.9224
-2.14488
-2.35765
-2.45858
-2.42853
-2.16414
-2.52619
-5.41495
-2.27688
-2.49992
-1.65241
-1.51431
-1.91756
-2.07956
-2.19132
-3.83991
-2.20232
-2.37747
-1.1607
-1.52638
-2.95364
-2.35238
-3.86833
-4.803
-3.80114
-2.35827
-2.67818
-2.30061
-2.73201
-1.78897
-1.86775
-4.61127
-1.98641
-2.69933
-2.35858
-2.37804
-1.61755
-1.85372
-4.38378
-1.94354
-1.80182
-2.88165
-1.1703
-2.53066
-2.7132
-2.06548
-2.53975
-1.49731
-2.50116
-2.37129
-2.51518
-2.44091
-1.51612
-2.31866
-2.07434
-0.925765
-2.2333
-2.13227
-2.19943
-1.35602
-1.89656
-1.34198
-3.89229
-2.44061
-2.53122
-2.5464
-3.51968
-1.92429
-1.87687
-2.86991
-2.43377
-2.48757
-4.64802
-2.50798
-1.4364
-1.2626
-2.64295
-3.49922
-2.46941
-4.71114
-3.18222
-2.97243
-1.86658
-2.50862
-1.51313
-2.51543
-2.55659
-1.92303
-2.35911
-3.26041
-2.34531
-2.26463
-2.38966
-3.44661
-2.1408
-2.03544
-2.40858
-2.11707
-2.42187
-2.49443
-2.39457
-2.45121
-2.11928
-2.52653
-1.07976
-1.90076
-2.05585
-2.33496
-2.0069
-1.21554
-1.92461
-1.8041
-4.69399
-2.5292
-2.33022
-2.09903
-4.95861
-2.53975
-1.93682
-1.9135
-2.06188
-2.53721
-2.42747
-2.43323
-2.3756
-3.43522
-2.42229
-1.07776
-1.76719
-0.450628
-1.81753
-2.70779
-1.77506
-2.00341
-1.46764
-3.26829
-3.29132
-2.4271
-2.42236
-4.25958
-1.42721
-2.35761
-1.97817
-2.51455
-2.33813
-2.47915
-1.94792
-1.45193
-2.20794
-3.83177
-1.24927
-2.03454
-1.55719
-2.52092
-3.24859
-2.27691
-1.94462
-2.48899
-4.81074
-1.62111
-1.8297
-1.60184
-1.57042
-2.54218
-2.53416
-2.32811
-2.00721
-2.41876
-2.38113
-2.03965
-3.95335
-2.38097
-1.81709
-4.51417
-2.54479
-2.60163
-2.42867
-4.64513
-1.60763
-1.1906
-2.25058
-2.66364
-2.5249
-2.04659
-1.82587
-2.2912
-1.61493
-2.36198
-2.7811
-2.3368
-2.11775
-4.81827
-2.32935
-3.40915
-1.48477
-2.3903
-2.06631
-2.99558
-2.19583
-1.81394
-4.84406
-2.35234
-2.50949
-1.97169
-1.17663
-2.3357
-2.41784
-1.58906
-1.761
-1.84892
-2.10722
-2.6157
-1.66258
-1.69669
-4.1984
-2.51447
-2.62756
-2.48899
-2.58798
-1.462
-5.43882
-2.35408
-1.23347
-4.59435
-2.01034
-4.88836
-2.44827
-1.61299
-2.40126
-2.50288
-2.73274
-2.13938
-1.93521
-2.03519
-2.47943
-2.0086
-2.38478
-1.38604
-2.67825
-1.9521
-2.3212
-4.23517
-1.80938
-5.07153
-2.07275
-2.45482
-2.46132
-2.21008
-4.45172
-2.69479
-2.55594
-1.96791
-1.77475
-4.43445
-2.35784
-2.52854
-2.12785
-2.34572
-0.416944
-2.54647
-2.15487
-1.4661
-2.43625
-2.52501
-2.12362
-1.58758
-1.82187
-1.96429
-1.73243
-2.05145
-1.94985
-3.81622
-2.46598
-1.91839
-2.03754
-2.42497
-2.20344
-1.1434
-2.33877
-2.60385
-1.70453
-1.33469
-2.45579
-1.86501
-1.80168
-2.49259
-1.16855
-2.46202
-5.47165
-2.06751
-3.56446
-2.50473
-4.81076
-2.34743
-1.7931
-2.00228
-2.05137
-1.85154
-2.35013
-4.77555
-1.82559
-3.4848
-4.73756
-2.39462
-2.42846
-2.30323
-1.27732
-1.27965
-2.47543
-2.0169
-1.91009
-2.5021
-2.46669
-2.42824
-1.44163
-2.15986
-2.12942
-2.6333
-2.49729
-2.04079
-2.2752
-3.67648
-5.29982
-2.09259
-2.01147
-2.55933
-2.47954
-2.1715
-2.49615
-4.24127
-2.40885
-1.8383
-1.22694
-2.80651
-1.83132
-4.16788
-2.30776
-2.08953
-2.07568
-2.35546
-2.33124
-4.27491
-3.35277
-2.3819
-2.54762
-2.42792
-5.34645
-1.50113
-1.96177
-6.00557
-1.94461
-2.12171
-1.89625
-5.49936
-2.29968
-2.48246
-2.41619
-2.51608
-2.55993
-2.28318
-3.73032
-2.4271
-2.30279
-2.17671
-1.87034
-2.01468
-2.30509
-2.15006
-1.81434
-2.06447
-2.27085
-1.82333
-2.32084
-4.93689
-2.42954
-2.61126
-2.63154
-2.57186
-5.29083
-2.43035
-2.37289
-1.55173
-2.19037
-1.90579
-2.35592
-2.02097
-2.46679
-2.85282
-2.41822
-3.67805
-1.78709
-1.27476
-1.76677
-2.01901
-2.04291
-1.77816
-1.68014
-5.06219
-2.00838
-2.43015
-2.74409
-1.66404
-1.65032
-3.99546
-2.62367
-1.78958
-2.15168
-2.26165
-2.55554
-2.58307
-2.37332
-2.04302
-2.04482
-1.87575
-2.44682
-2.89847
-2.57481
-2.16585
-2.16483
-2.32845
-1.88367
-2.04341
-1.8462
-2.10088
-2.09143
-2.50306
-2.40592
-2.35918
-2.42488
-2.8737
-2.35116
-2.74698
-4.78246
-2.2529
-2.86211
-1.94384
-2.11672
-2.48459
-2.20331
-2.15839
-2.4278
-2.30981
-2.04692
-2.55043
-2.01247
-2.39256
-1.94981
-2.36701
-2.55713
-2.27467
-1.71377
-2.04608
-2.14162
-2.55863
-2.18928
-2.19324
-2.38959
-2.32215
-1.54774
-1.86629
-2.62609
-5.21004
-2.14325
-1.88815
-2.61027
-1.86442
-1.75565
-2.39035
-1.88355
-1.74298
-1.64474
-2.42271
-3.3639
-2.48604
-2.61406
-1.84859
-3.25294
-1.85279
-1.86449
-2.31207
-1.69327
-2.51181
-1.86466
-1.17839
-1.96609
-2.30146
-2.8305
-3.63397
-1.80668
-2.44971
-1.69523
-1.9389
-2.02298
-2.45911
-2.52087
-2.30238
-4.11145
-1.81254
-3.16823
-4.06187
-2.18554
-2.61664
-1.6782
-2.13343
-2.61971
-5.04673
-3.71721
-2.09476
-2.69414
-2.68642
-1.74998
-3.42355
-2.36205
-2.19424
-2.30817
-2.34569
-2.40596
-1.97198
-1.93766
-2.12778
-2.47176
-1.90068
-2.16389
-3.70018
-2.44554
-2.29816
-2.05366
-1.69699
-1.85259
-2.17493
-2.61571
-2.40519
-1.53624
-2.26731
-2.33266
-2.1358
-2.45393
-1.97511
-3.18739
-2.15926
-1.81176
-5.12676
-2.38829
-3.34595
-1.73021
-1.16703
-1.92354
-2.4497
-1.57284
-2.17174
-1.89469
-1.94871
-4.37546
-3.10183
-1.33858
-2.28775
-2.36133
-2.29562
-1.99313
-2.09345
-1.71213
-2.50373
-2.45721
-2.39813
-2.47092
-2.2836
-2.28522
-3.34702
-2.6243
-2.21451
-2.31664
-1.91767
-2.44226
-2.40715
-5.03521
-1.91153
-1.81264
-2.62891
-2.14857
-2.26504
-1.78678
-2.09283
-4.88105
-1.51008
-4.6255
-1.63371
-2.833
-1.34176
-4.44389
-1.45357
-1.9551
-2.41528
-2.64146
-2.66697
-2.33892
-1.81284
-3.80849
-1.73089
-2.03692
-1.95897
-2.44386
-4.15014
-2.38125
-2.01014
-1.883
-2.10429
-2.09594
-2.0811
-1.09101
-1.14642
-3.51319
-3.13169
-2.02447
-2.19769
-2.05064
-2.10109
-2.24164
-1.98384
-2.04307
-2.25755
-6.01531
-2.09451
-1.81723
-2.15674
-2.47384
-3.69904
-1.69147
-1.9359
-2.08032
-1.87793
-2.1191
-2.00011
-1.84676
-1.22704
-2.22163
-2.4933
-2.78899
-1.75518
-1.92188
-2.32967
-1.64444
-1.99965
-1.98145
-2.11885
-1.68479
-2.08795
-2.23328
-2.41254
-2.21181
-1.75558
-2.00199
-1.91759
-5.01749
-2.28281
-2.76817
-2.79406
-2.54157
-2.09246
-2.43188
-1.90729
-1.87068
-1.86705
-1.87235
-2.3928
-1.78356
-2.19841
-2.50953
-3.8169
-2.25931
-1.77613
-2.51506
-2.91227
-2.36422
-2.05212
-2.24428
-1.90859
-2.24428
-2.43385
-2.44726
-2.20071
-3.93602
-2.42533
-2.18613
-2.07959
-2.4455
-2.03072
-2.50509
-3.45882
-2.20874
-3.09979
-2.314
-1.95109
-3.57937
-2.46296
-3.85681
-2.17487
-2.34867
-2.8425
-2.15939
-2.25216
-2.50034
-1.89934
-2.50129
-1.85833
-1.93455
-2.84835
-1.81207
-2.40885
-2.37178
-2.38124
-2.40528
-1.85831
-3.7997
-1.73873
-4.38679
-1.90603
-2.41115
-2.4489
-2.09969
-2.46538
-4.12132
-1.94844
-2.0896
-2.59744
-2.30012
-2.11669
-2.07315
-2.32241
-2.11022
-2.57087
-2.18553
-2.34432
-1.20613
-3.03674
-2.60993
-3.60953
-2.17457
-1.81981
-1.43982
-1.81702
-2.45725
-2.21682
-1.97521
-3.4881
-1.76976
-2.53063
-2.42488
-2.67603
-2.20363
-2.39953
-2.36237
-1.82672
-4.46121
-2.42108
-2.47995
-2.04636
-2.09819
-2.15485
-3.90365
-2.2479
-2.65771
-1.87835
-1.72851
-2.32523
-2.33074
-1.9879
-1.70343
-2.39866
-1.88136
-4.42141
-2.4268
-1.94607
-2.57305
-4.30898
-2.47781
-2.19819
-2.0938
-1.33219
-1.22572
-2.17646
-2.09362
-2.38361
-2.08508
-2.46012
-2.11059
-2.62781
-1.94322
-1.99776
-2.44024
-2.34002
-2.00188
-2.1362
-2.01476
-2.47521
-4.40574
-2.27912
-1.71977
-1.63942
-3.08816
-1.55919
-2.30033
-2.42704
-2.81567
-3.04196
-2.43033
-2.41999
-4.74261
-2.17884
-2.04659
-2.01201
-1.93719
-3.86947
-1.8815
-3.00289
-1.87396
-2.06541
-3.11746
-2.5813
-4.06765
-2.13587
-3.31191
-2.56744
-2.42856
-1.99978
-3.1126
-4.5019
-2.05432
-2.33866
-1.14335
-2.42779
-2.20183
-1.74071
-1.76652
-5.35086
-5.16922
-2.01629
-2.03682
-2.26108
-1.14683
-3.46002
-1.96777
-2.09727
-1.64654
-1.96538
-1.82158
-1.88099
-1.94302
-2.2292
-2.58224
-2.6105
-2.02304
-1.85304
-2.12388
-1.43422
-3.51492
-2.24935
-2.37472
-2.22912
-2.00052
-2.03202
-1.92927
-1.81403
-2.41878
-3.6798
-2.10357
-1.93487
-2.07931
-2.0321
-2.57653
-1.13582
-2.09062
-2.61411
-2.93159
-2.45335
-1.45765
-3.59752
-2.09128
-4.52075
-1.83736
-2.35204
-2.12286
-5.35994
-1.23337
-2.08361
-2.04046
-1.98474
-2.5066
-2.37511
-1.44772
-1.73433
-5.35256
-2.56459
-2.53843
-4.75931
-2.45652
-2.45115
-1.65694
-2.14939
-2.55854
-2.41393
-4.57284
-2.62961
-2.12196
-2.09058
-1.90285
-1.90095
-1.80818
-2.13705
-2.44714
-1.94891
-2.82901
-2.24455
-4.42648
-1.5507
-1.1573
-1.5479
-1.27169
-2.26144
-2.8108
-3.30459
-2.0313
-2.40495
-2.61742
-1.79814
-1.80641
-2.23601
-2.24662
-2.58286
-2.43876
-1.47548
-1.88754
-1.45674
-4.95062
-2.33716
-2.1198
-2.25505
-2.44067
-1.97328
-1.84614
-2.66838
-2.23944
-1.92072
-1.67411
-2.02995
-1.89411
-2.16479
-2.38077
-2.0903
-4.08002
-3.62058
-4.14161
-1.78131
-2.26544
-2.2761
-2.93
-2.49085
-4.64208
-2.01226
-1.422
-1.77439
-2.14537
-1.29116
-2.03933
-2.1199
-2.04811
-2.10138
-2.44301
-1.34844
-2.37544
-2.09646
-3.28776
-5.12621
-2.28598
-2.19419
-2.37196
-2.72245
-2.23564
-2.21109
-2.32361
-2.09743
-2.72568
-1.89275
-1.82964
-2.32858
-2.46151
-2.21907
-2.0174
-1.99065
-2.06198
-2.10513
-2.41619
-2.41139
-5.36192
-2.12365
-2.21902
-2.06588
-3.21911
-3.46008
-2.01552
-2.07099
-2.67461
-1.96382
-2.89199
-3.80543
-2.00729
-5.35937
-5.36297
-5.36226
-3.6161
-3.04301
-2.14697
-2.38795
-3.76371
-2.25888
-2.22941
-1.34443
-2.04254
-2.00794
-5.31875
-2.25071
-2.37981
-2.19513
-2.05294
-4.30689
-2.8982
-2.02693
-2.28534
-5.65269
-1.42173
-1.14062
-1.86054
-2.10082
-5.34487
-2.09633
-2.38067
-2.03916
-2.27562
-1.88001
-1.70649
-5.03457
-3.50281
-2.22352
-2.48494
-2.48267
-2.12374
-2.15423
-1.0201
-2.17826
-2.60295
-2.69704
-2.24358
-2.12829
-2.57267
-2.18819
-2.146
-1.17682
-2.08807
-2.21654
-3.54739
-2.88686
-1.51502
-1.19608
-2.37765
-1.66371
-2.67499
-2.11738
-2.43434
-2.51132
-1.98398
-3.41268
-2.25378
-1.92407
-2.41283
-2.10092
-2.6618
-2.19921
-1.99672
-1.73944
-2.33814
-1.9593
-2.07199
-2.34781
-2.25557
-2.19931
-2.46987
-2.52028
-2.34682
-1.9761
-2.23666
-2.74464
-4.51586
-2.94782
-2.5059
-3.30901
-2.1963
-1.83115
-1.98387
-2.955
-2.08154
-2.4989
-1.96364
-2.38771
-1.66758
-1.85928
-1.36556
-2.37146
-3.53838
-2.12241
-2.0206
-2.22246
-2.48461
-4.74041
-2.11091
-2.82515
-1.8755
-2.34487
-1.9733
-2.20581
-1.2157
-2.43763
-2.45823
-2.31472
-2.14459
-2.05854
-3.36886
-1.74648
-1.84755
-2.35476
-2.11871
-4.727
-1.98517
-2.06809
-2.05513
-2.98017
-2.45313
-1.83584
-2.20671
-1.12355
-2.35197
-2.41137
-4.33836
-2.20615
-1.82818
-2.50694
-2.93666
-4.47918
-2.18946
-2.60047
-1.90138
-1.96739
-2.44045
-2.54373
-2.19242
-1.86976
-1.36432
-1.9288
-2.46397
-2.55164
-1.06095
-2.95634
-1.97617
-2.0901
-3.78982
-1.80009
-5.10833
-2.4498
-2.75614
-1.47033
-1.74146
-2.37869
-2.29352
-2.29785
-2.11984
-2.56955
-5.10399
-1.84046
-2.88405
-1.79634
-2.02344
-2.34288
-1.95889
-2.08256
-3.85752
-2.29956
-2.06146
-2.09781
-3.11355
-2.27432
-2.12932
-2.20716
-2.55302
-2.07526
-2.20448
-2.18669
-3.05613
-2.13455
-2.2896
-1.27479
-2.32957
-2.1159
-4.34583
-2.27019
-3.09696
-1.95009
-1.982
-2.16862
-2.47039
-2.4958
-3.61183
-2.11083
-2.33286
-1.85755
-2.82225
-2.40207
-1.94173
-2.05465
-1.61619
-1.32629
-2.07787
-1.15941
-2.50205
-1.69519
-2.46165
-2.04957
-1.48648
-2.12325
-2.20779
-3.23187
-2.1938
-3.48904
-2.15187
-2.39141
-2.62798
-2.41003
-1.90086
-2.3545
-2.09395
-2.64675
-2.86679
-1.67055
-2.28043
-2.06844
-2.39155
-2.36598
-2.38694
-5.28901
-1.91064
-1.73304
-1.2869
-1.64184
-2.51972
-1.7479
-2.30866
-2.49771
-2.65738
-2.46434
-1.48034
-2.30178
-2.33855
-2.47868
-2.69615
-2.43793
-1.57088
-2.42619
-2.72038
-1.99438
-2.21947
-5.2865
-2.22681
-2.146
-2.06254
-2.12112
-5.40729
-1.91015
-2.36651
-1.9947
-2.48983
-2.07823
-2.098
-2.01376
-1.91016
-3.06107
-1.18307
-2.38151
-2.69247
-5.21546
-2.13469
-2.29649
-2.10083
-1.79801
-2.90999
-2.59221
-1.5841
-1.1106
-1.91882
-2.02049
-2.28403
-1.2525
-2.09888
-2.62202
-2.16309
-1.60304
-1.92029
-1.46211
-2.04916
-2.34452
-1.49098
-3.81326
-2.01596
-2.0481
-2.45899
-2.567
-2.0592
-2.166
-1.9938
-5.51621
-4.7692
-2.10213
-2.28386
-1.92871
-2.38139
-3.20785
-1.77202
-2.47605
-2.33326
-2.37115
-2.5062
-2.0624
-1.74192
-2.61976
-2.01945
-1.94822
-2.34737
-2.11897
-1.97759
-2.30992
-2.14102
-1.49978
-3.28403
-2.3284
-1.89597
-2.00801
-1.84276
-3.31769
-4.45614
-2.10784
-2.17924
-2.64939
-1.76985
-3.31866
-2.31041
-2.5708
-3.25398
-1.92777
-4.77684
-2.90898
-2.41668
-2.44231
-0.874012
-1.70831
-2.22721
-2.05926
-2.16416
-1.84585
-2.47742
-4.26333
-1.81509
-2.21136
-2.25101
-3.36883
-2.61524
-2.55919
-2.34024
-2.89325
-2.22463
-4.75725
-1.15431
-3.40555
-2.13703
-2.45906
-2.60649
-2.56447
-5.25501
-2.09269
-1.73153
-1.91874
-4.97843
-1.61524
-2.18188
-2.21817
-2.12942
-2.06551
-2.41602
-2.38472
-1.84568
-2.60443
-2.01939
-2.3893
-2.093
-2.23245
-2.12176
-2.10468
-2.13934
-2.22425
-1.65759
-2.23612
-1.47073
-4.73093
-1.94104
-2.32075
-2.40584
-1.86868
-2.93614
-1.63809
-2.08853
-2.10659
-2.19812
-5.67974
-2.0415
-2.11328
-2.63322
-2.38474
-2.15777
-1.75771
-2.34841
-2.17296
-2.29176
-1.53815
-2.17151
-2.1444
-2.24394
-2.19551
-2.25447
-1.22426
-1.33873
-0.370912
-2.21975
-1.75013
-2.37371
-2.35126
-2.26016
-1.67806
-2.52341
-2.01328
-1.1934
-2.49495
-2.29084
-2.37404
-2.47916
-2.09874
-2.14034
-1.9847
-2.35755
-3.7612
-2.12319
-2.06042
-2.2624
-4.14328
-2.77666
-1.43024
-1.88167
-1.08353
-2.13222
-2.10012
-0.785419
-3.642
-4.19703
-1.59861
-2.11131
-2.70914
-2.07588
-2.46856
-1.98419
-2.04555
-2.29276
-2.03694
-1.93536
-1.52237
-1.49356
-2.6216
-2.16284
-2.23546
-1.89847
-2.24635
-2.16267
-2.38873
-2.16675
-2.12767
-2.47468
-2.14124
-2.13686
-1.93133
-2.48332
-2.16894
-2.53184
-2.40581
-1.75533
-2.07901
-2.5264
-1.50867
-2.38681
-2.41742
-2.15628
-2.50517
-2.83408
-1.76068
-2.11695
-1.68811
-2.18336
-1.45351
-2.40636
-1.82042
-3.78725
-2.62804
-4.61253
-2.9894
-1.54232
-2.14236
-2.10129
-2.4563
-4.03905
-2.23277
-2.12951
-1.07671
-2.03893
-2.22837
-5.12092
-2.18375
-1.9888
-2.29413
-2.17708
-1.97199
-3.57262
-2.1688
-1.23476
-2.60835
-2.47245
-2.06723
-2.63423
-2.52869
-2.1512
-5.13222
-2.06815
-2.11164
-2.40392
-2.72623
-2.62363
-2.28743
-2.11621
-2.52327
-2.50602
-2.00126
-1.45499
-2.97162
-2.8566
-2.5961
-2.53674
-4.41062
-2.51875
-5.3074
-2.25615
-2.08003
-2.39113
-2.45893
-1.88112
-3.51794
-2.45635
-1.89451
-2.1962
-1.99015
-2.57647
-1.95659
-5.0253
-3.56909
-4.35755
-1.19562
-2.15058
-2.54937
-3.19084
-3.85093
-3.47091
-2.08905
-2.08956
-2.43633
-1.04744
-1.59214
-2.141
-2.38137
-1.83148
-1.99845
-1.68345
-2.15277
-1.34017
-2.05794
-2.33913
-1.91738
-2.01095
-2.08317
-2.26145
-2.14453
-2.11654
-2.18812
-1.73466
-3.16186
-1.31182
-2.38448
-2.1947
-2.08766
-2.66638
-2.21467
-2.52387
-2.3967
-2.35285
-2.40393
-2.55117
-4.79758
-2.14905
-2.96769
-1.48981
-2.27163
-1.97847
-3.79995
-1.83692
-2.25093
-1.85191
-2.66144
-2.55674
-2.53688
-2.41516
-3.99757
-1.83762
-5.73993
-1.92142
-2.50616
-2.23078
-2.0854
-2.73564
-5.23944
-3.94087
-2.76901
-2.41734
-2.39634
-2.4941
-2.59432
-2.17859
-1.87997
-2.26701
-1.6986
-2.50164
-2.2424
-2.2468
-1.98835
-2.14498
-2.47644
-2.47175
-4.6683
-2.27617
-2.24117
-3.48652
-2.44753
-1.60471
-2.78567
-2.12669
-2.78607
-2.61709
-3.44104
-2.37546
-2.27255
-2.78657
-3.02492
-4.79961
-2.45781
-2.11519
-2.04982
-2.19057
-1.96475
-2.35829
-2.27029
-2.40607
-2.15813
-2.60079
-2.30289
-2.25623
-2.05929
-3.22036
-2.05634
-1.57727
-2.28833
-1.71694
-2.43995
-2.35858
-2.41666
-2.44301
-2.13668
-1.99519
-2.24032
-2.12413
-1.89165
-3.01043
-3.05254
-2.06438
-2.13206
-2.22784
-2.58913
-1.75804
-2.18803
-2.17723
-2.52959
-2.21791
-2.49629
-1.09653
-2.08675
-2.21151
-2.19026
-1.95342
-3.05502
-2.25463
-2.17948
-2.46817
-1.52491
-2.23249
-2.02598
-1.09325
-3.33952
-1.7845
-2.23664
-2.38471
-2.56149
-2.4115
-1.38274
-1.32484
-2.21495
-1.0839
-5.70057
-2.17693
-2.15789
-2.76254
-2.49829
-2.3673
-2.37002
-1.97267
-2.41941
-1.83592
-2.50074
-2.40154
-2.63397
-2.58778
-2.40992
-2.32356
-2.12165
-2.09159
-2.51593
-2.18442
-2.14192
-2.21201
-2.3423
-2.64143
-2.13956
-2.37539
-1.91919
-1.72122
-2.47767
-2.37701
-2.32177
-4.17343
-2.22992
-2.44041
-3.39724
-2.40938
-1.28035
-1.98133
-2.41716
-2.57779
-2.73396
-1.93945
-3.54428
-3.73434
-2.19997
-2.1813
-2.07644
-2.18772
-1.98308
-1.78871
-2.11647
-1.89534
-2.80014
-2.21771
-2.68427
-2.24341
-1.86383
-2.15354
-1.39563
-2.48968
-1.44581
-2.11076
-2.35054
-2.18273
-2.16829
-4.35038
-1.69529
-1.70606
-3.37657
-4.40125
-1.94801
-2.10228
-2.28399
-2.35114
-2.13831
-2.10714
-2.07935
-2.59433
-2.4941
-3.30853
-2.13778
-2.20669
-2.59715
-3.48521
-2.48979
-2.2337
-2.61153
-1.79942
-2.29501
-2.47524
-2.24118
-2.08789
-4.0477
-1.77772
-4.28841
-2.49482
-2.17821
-3.3528
-2.1229
-1.26138
-3.64275
-2.37124
-2.43725
-1.95343
-2.52608
-2.11777
-2.10576
-1.80312
-5.20202
-2.34829
-1.76966
-2.20795
-2.00281
-1.71978
-2.35626
-4.4886
-2.14329
-2.09453
-2.26722
-2.36069
-2.05009
-2.17896
-1.09638
-3.49806
-2.1846
-2.56121
-2.15789
-2.03488
-2.1302
-1.15538
-2.53032
-2.39652
-4.40483
-2.08679
-2.6711
-2.40654
-2.46063
-2.26881
-3.02443
-2.49847
-1.76393
-2.54476
-2.26839
-2.0507
-2.1179
-2.04272
-2.0273
-3.52669
-3.29
-2.05612
-1.65471
-2.41936
-2.38423
-2.17007
-2.55548
-2.1985
-2.14283
-2.41722
-2.6319
-2.06273
-2.80674
-2.12904
-2.85911
-1.96198
-2.26949
-2.15711
-1.7837
-1.40335
-2.41284
-2.68405
-2.18219
-2.64091
-2.49318
-2.81423
-2.22938
-2.08781
-2.27505
-2.22456
-2.17742
-2.25878
-3.19433
-1.892
-1.85789
-3.09213
-2.11763
-2.00637
-1.6078
-3.21362
-2.18149
-2.18029
-1.95702
-1.98582
-2.14245
-1.78491
-2.50007
-2.58858
-2.09244
-1.9245
-2.37875
-2.10588
-1.54193
-1.84178
-1.4388
-2.37975
-2.67377
-2.15194
-2.20566
-5.14517
-2.01044
-1.86377
-1.95004
-1.52513
-1.95671
-2.55909
-2.02361
-1.35225
-2.26473
-4.50796
-2.47476
-1.51101
-2.37571
-2.41142
-2.57784
-2.06864
-1.99992
-2.31389
-2.09264
-4.31181
-2.11316
-2.62106
-2.47757
-2.42911
-4.00975
-1.55451
-1.87065
-2.08187
-1.64495
-2.19479
-2.0905
-1.79308
-1.91638
-2.09719
-2.59598
-4.73557
-1.96092
-2.18003
-2.50756
-2.61553
-2.01825
-2.43999
-5.11138
-2.25884
-1.86924
-2.32179
-1.84713
-1.07476
-4.44327
-4.71621
-2.42582
-2.31543
-2.04609
-1.79637
-1.81068
-2.26152
-2.57411
-2.13581
-2.2174
-1.98414
-1.92625
-1.5599
-2.38643
-2.80153
-2.52275
-2.05236
-1.93774
-1.99492
-3.34615
-1.83314
-2.44683
-3.64531
-2.54968
-2.637
-2.7905
-2.35669
-2.74723
-2.03114
-1.98983
-2.33551
-5.00888
-4.98415
-3.50236
-1.63208
-3.38328
-2.28166
-3.43863
-2.44493
-2.974
-3.2101
-2.25809
-1.13475
-2.27697
-2.22727
-1.80465
-2.19196
-2.1116
-1.90222
-2.40231
-1.85816
-2.23422
-2.36572
-3.22366
-3.36368
-2.45194
-2.21372
-2.19217
-1.94313
-2.01629
-1.90387
-5.2546
-2.25749
-2.03763
-2.35692
-1.782
-2.15113
-1.56786
-2.17251
-2.22052
-1.14453
-2.26452
-2.2883
-3.36261
-2.34244
-1.11325
-2.09088
-1.56203
-4.5282
-2.61789
-2.2828
-2.70325
-2.44492
-1.62324
-2.36205
-3.89896
-5.16267
-2.19225
-2.47126
-1.14961
-3.0603
-5.54741
-1.92431
-2.11316
-1.54101
-2.38315
-2.10823
-2.1063
-2.08865
-2.12574
-2.15813
-2.62172
-2.0262
-1.85286
-1.79146
-2.36631
-2.33227
-1.98906
-2.12996
-4.69128
-3.07515
-2.14709
-2.11019
-4.04441
-2.56252
-1.56331
-2.59874
-2.11589
-2.19537
-2.52723
-1.60651
-2.31978
-2.06928
-2.30281
-2.47955
-2.16291
-6.00963
-2.13123
-2.16665
-2.0219
-5.31313
-2.40772
-1.97184
-1.81709
-2.13639
-2.2004
-1.96345
-2.38123
-2.06539
-1.88115
-2.17996
-2.06676
-2.35606
-1.91562
-2.39053
-1.80251
-2.3348
-2.59772
-2.21402
-2.55895
-4.388
-2.21311
-1.78848
-3.39108
-2.07278
-1.83416
-1.98116
-2.0297
-2.28005
-2.51166
-2.18753
-1.93236
-2.28041
-3.33321
-1.93584
-2.00739
-1.65931
-2.60212
-2.00217
-2.15245
-1.9552
-1.66095
-2.16022
-2.97882
-2.17594
-1.79851
-2.04574
-2.25727
-1.12591
-1.48056
-2.20367
-1.82261
-2.19948
-2.21618
-2.68951
-2.24749
-2.12036
-5.73661
-2.17686
-2.16367
-2.34901
-3.08533
-1.99748
-2.18135
-2.20093
-3.61932
-2.71563
-2.375
-2.40392
-1.8165
-2.29912
-1.99268
-2.58784
-1.44017
-1.88759
-2.56656
-5.05889
-2.38391
-2.2226
-2.03438
-1.87405
-1.99464
-2.09197
-5.36778
-2.207
-2.39087
-2.30951
-2.32026
-2.19807
-3.65974
-3.77908
-2.39884
-2.30964
-1.79157
-2.40241
-2.18051
-2.17972
-2.05396
-2.01313
-2.35277
-1.46968
-2.57127
-2.50053
-2.59385
-1.96368
-3.77503
-1.89357
-2.23945
-2.46508
-1.75216
-1.95689
-2.54676
-2.12215
-2.47729
-1.11069
-2.14922
-2.28731
-2.71036
-2.46489
-2.17161
-1.98945
-2.07276
-2.16612
-1.91446
-3.24982
-2.34094
-2.24608
-2.86235
-1.755
-2.49551
-2.38549
-2.06223
-1.364
-2.27009
-2.16157
-2.09165
-2.01574
-2.30564
-1.57771
-2.05382
-4.37223
-2.21239
-5.07091
-2.20069
-2.6399
-1.79468
-2.62127
-2.29607
-2.35996
-2.13462
-2.37339
-4.92492
-2.40935
-2.2296
-2.31712
-2.05217
-2.10184
-1.31392
-1.77623
-2.1344
-3.94074
-2.24081
-2.30099
-1.2855
-2.48879
-2.15264
-2.13335
-2.3689
-2.30095
-1.1845
-2.06045
-1.78655
-2.21772
-2.07202
-2.18703
-3.72201
-2.0596
-2.43455
-2.2498
-2.38605
-1.82231
-2.96615
-2.43187
-2.43041
-2.1022
-2.30483
-1.82785
-2.53733
-2.21143
-2.20971
-2.05779
-3.55026
-4.30676
-2.21179
-1.72009
-1.90792
-1.38542
-2.39086
-2.07442
-1.78914
-2.5449
-1.9335
-3.2502
-2.48578
-2.22654
-1.84124
-2.1597
-2.4177
-2.19383
-2.35627
-2.21591
-2.05945
-2.33903
-2.43045
-2.60742
-2.24762
-2.48909
-4.5237
-2.06591
-2.38482
-2.01442
-2.38763
-4.89192
-2.23182
-1.96032
-1.46202
-2.1485
-2.37622
-2.48844
-2.19483
-2.49793
-2.33646
-2.30157
-2.29878
-2.49951
-2.40027
-2.42497
-2.233
-2.52478
-4.67992
-2.60779
-2.2564
-2.24021
-2.16816
-2.40699
-2.23062
-2.73726
-2.26371
-2.12166
-4.13629
-2.41006
-2.44651
-2.2021
-4.99385
-2.71189
-4.75207
-2.18875
-2.21107
-2.39543
-2.28284
-1.78906
-2.24078
-5.22537
-2.50199
-1.73068
-2.90557
-2.08723
-2.84637
-2.33694
-2.19988
-2.55371
-3.2565
-2.56428
-2.36972
-2.00776
-2.81122
-2.3548
-2.27735
-1.35103
-2.25153
-2.24939
-2.16287
-2.4064
-2.24439
-2.39637
-2.15145
-2.59988
-1.90498
-2.55317
-1.88815
-1.80656
-1.89328
-2.46137
-1.70902
-5.04273
-2.07681
-1.36304
-2.35677
-2.32902
-2.48745
-2.28318
-2.24321
-2.37925
-2.36778
-2.18603
-1.62434
-4.54871
-1.69331
-5.15869
-1.92922
-2.22104
-2.55561
-4.76784
-2.37847
-2.42722
-2.26079
-2.34635
-2.44173
-2.12371
-1.50717
-2.18111
-2.14415
-2.59389
-4.83706
-2.17595
-2.03834
-4.1849
-3.25242
-2.14087
-2.147
-1.17409
-2.2939
-2.27316
-1.16519
-2.54
-1.37597
-2.68891
-2.40457
-2.36971
-1.61262
-2.43519
-2.08921
-2.52064
-2.55643
-1.99118
-2.3369
-2.57515
-2.2501
-2.0147
-3.34125
-2.15541
-2.11001
-1.12555
-4.28281
-2.20565
-1.73782
-2.28648
-2.27163
-2.31959
-2.1659
-2.20928
-2.48314
-1.68902
-2.42384
-2.16712
-2.49487
-2.80394
-2.27563
-2.03981
-2.02802
-2.33273
-2.60973
-2.15065
-2.27136
-2.31529
-2.42623
-2.21153
-3.255
-2.43629
-3.97951
-2.1341
-3.39678
-2.48167
-2.2257
-2.13749
-5.23447
-2.48825
-2.89379
-2.48171
-2.29324
-2.34051
-2.22656
-4.5244
-1.96944
-2.44973
-2.24944
-2.41882
-2.51818
-1.92485
-2.13422
-2.51144
-2.15116
-2.77812
-2.46951
-1.96405
-2.22747
-2.49562
-2.73512
-2.23873
-2.11632
-2.32356
-2.85345
-1.29667
-2.19771
-2.45088
-2.35708
-2.3113
-2.57723
-3.72097
-2.10105
-3.40623
-2.51738
-2.27037
-2.09385
-4.77736
-3.62522
-2.24525
-2.51363
-1.85203
-2.30638
-2.02372
-2.07641
-2.22473
-1.61931
-2.27626
-2.22297
-2.30742
-2.28514
-2.22141
-2.29582
-2.46645
-2.20358
-2.38371
-2.30976
-4.75257
-2.08972
-2.23662
-2.12434
-2.26804
-2.62442
-4.20007
-2.34297
-1.82935
-2.29395
-2.43718
-1.77265
-2.03409
-2.4315
-2.2686
-2.29829
-2.47657
-1.71798
-2.15111
-2.61877
-2.13338
-1.219
-2.06475
-2.00038
-2.12353
-2.27114
-1.09403
-1.55341
-2.27172
-4.00562
-2.38103
-2.26798
-2.12603
-2.47948
-1.53859
-2.32631
-1.40331
-1.73583
-1.97769
-3.16581
-2.20304
-2.40767
-4.08986
-2.40437
-2.6072
-3.08119
-1.9445
-4.38579
-2.67747
-2.35234
-2.31565
-2.12248
-1.96091
-2.16387
-2.25999
-2.23391
-2.14301
-1.609
-2.1983
-2.23677
-2.27163
-0.455766
-2.23676
-2.22933
-2.36325
-2.42229
-2.552
-4.32544
-2.57756
-2.17491
-2.209
-2.27927
-5.02541
-2.54349
-2.23301
-2.28818
-2.24463
-2.2778
-1.76363
-2.1638
-3.01839
-1.36924
-2.48393
-4.13648
-2.06831
-2.11898
-1.45997
-2.47151
-3.36754
-1.8914
-2.41905
-2.17596
-2.26478
-2.14014
-2.14952
-2.29483
-2.55524
-2.59829
-4.32445
-2.18571
-4.20942
-2.48155
-2.2858
-2.50695
-2.27675
-2.39207
-2.5355
-3.18781
-2.44578
-2.06464
-2.70014
-4.66361
-1.68739
-1.62428
-2.41478
-2.00819
-2.48815
-2.39514
-3.07457
-2.34576
-1.82098
-2.29861
-2.38999
-4.99461
-2.43549
-1.67303
-2.71741
-2.87888
-1.89488
-2.39066
-2.23408
-5.24177
-2.16265
-1.23016
-1.97764
-2.56338
-2.34938
-1.523
-2.60859
-2.08317
-0.898911
-1.39095
-2.437
-2.1925
-2.20117
-2.01625
-4.20347
-2.60866
-2.28718
-2.31932
-4.74745
-1.89077
-2.25689
-2.02375
-2.34095
-1.70291
-4.75117
-1.59265
-4.65418
-1.98951
-2.10663
-2.1214
-2.2624
-2.1252
-2.18634
-2.02825
-2.276
-3.59899
-2.6042
-2.45207
-1.61257
-2.43738
-2.31245
-2.38238
-3.55927
-2.29313
-3.60336
-4.51464
-2.43481
-2.42508
-2.12369
-2.4832
-1.5905
-2.17937
-2.48849
-2.47589
-4.78538
-2.40025
-2.44152
-1.72016
-2.29297
-2.32114
-2.13373
-2.9684
-2.92057
-2.15177
-2.05402
-2.42471
-2.21117
-1.62984
-2.42921
-2.58911
-5.44108
-2.3134
-2.45347
-2.27469
-2.3895
-2.19159
-4.17098
-2.0083
-2.24104
-2.46204
-4.7702
-2.28939
-2.32131
-2.04751
-2.44524
-2.18129
-2.28618
-2.29824
-2.26404
-2.16901
-2.36136
-4.9938
-2.14884
-3.87074
-2.07909
-2.26333
-2.44064
-2.31819
-1.517
-1.19198
-2.33881
-2.04996
-1.95634
-2.05261
-1.4007
-2.59793
-2.37826
-2.62537
-3.28235
-2.49419
-2.97019
-2.37814
-1.44239
-1.43129
-2.17707
-2.54683
-3.60722
-2.16639
-2.48684
-4.88804
-0.314886
-2.0562
-2.10825
-2.15752
-2.36675
-2.7816
-2.21036
-1.161
-2.19405
-2.16757
-2.25916
-3.77612
-2.05463
-2.03157
-2.02415
-1.92488
-2.04978
-2.22717
-2.11618
-2.59586
-2.60502
-1.94657
-2.57747
-3.19278
-4.36497
-2.21494
-2.6311
-2.50155
-2.29459
-2.41546
-2.18764
-3.1425
-2.01554
-1.55032
-2.14461
-2.33285
-2.15162
-2.24047
-2.0404
-2.27761
-2.40506
-2.33406
-2.36354
-2.35111
-2.00742
-2.92259
-2.1939
-2.12142
-1.98771
-3.1514
-2.46814
-1.4732
-2.19641
-2.41366
-1.65679
-2.15433
-2.38564
-1.77449
-2.5805
-1.2061
-1.19574
-1.01845
-1.02363
-0.9402
-1.70171
-1.32377
-1.71004
-0.939632
-1.12164
-1.06352
-1.15222
-0.920012
-1.33412
-0.99519
-0.930672
-1.4548
-1.95612
-1.5541
-1.95052
-1.55694
-2.12804
-2.2155
-1.05908
-2.3443
-2.10973
-1.70111
-2.04398
-1.25103
-2.67708
-2.61448
-2.55423
-1.16908
-1.16524
-1.14292
-1.11405
-1.11001
-1.10173
-1.08079
-1.05043
-1.03946
-1.0388
-0.811852
-2.05641
-2.07912
-2.06974
-2.1179
-2.13321
-2.19852
-2.33253
-1.53093
-1.44373
-0.973884
-2.8466
-1.8847
-1.83215
-1.76651
-2.59412
-0.99189
-1.96636
-1.27308
-0.670687
-1.44955
-1.88217
-2.00072
-1.56119
-1.66716
-1.96362
-2.02989
-2.04842
-1.5216
-2.07876
-2.2399
-1.49239
-2.41122
-2.23992
-2.36982
-2.53652
-1.99722
-2.6591
-1.91007
-3.07724
-0.940316
-3.11774
-1.52924
-3.33415
-3.13744
-2.12591
-2.23569
-2.38454
-3.00158
-2.92534
-1.12829
-3.10137
-1.2094
-2.35611
-3.07555
-2.91867
-1.50143
-1.32553
-2.99051
-3.05079
-2.56357
-2.51385
-2.90676
-3.06283
-1.69845
-2.21663
-1.18764
-1.2213
-2.05823
-2.62006
-2.74836
-3.2096
-2.2096
-3.44821
-2.67478
-3.31689
-2.89545
-2.60728
-2.46099
-3.50764
-2.96755
-1.90538
-1.1236
-3.35136
-3.46472
-1.11051
-2.9492
-1.47953
-2.94993
-2.24989
-1.30556
-1.63341
-2.0637
-3.16214
-3.59092
-2.97169
-2.74253
-2.4938
-2.30238
-1.92187
-1.47733
-1.19166
-1.08658
-1.05546
-1.02738
-0.985568
-2.62747
-1.1314
-3.4968
-1.60419
-2.06532
-1.68667
-2.64028
-1.51233
-2.43619
-2.28494
-1.69254
-3.26284
-1.54132
-1.05864
-2.82555
-2.32576
-2.85943
-1.26013
-3.24562
-1.70186
-1.71233
-2.0123
-2.36315
-2.93342
-1.79272
-0.715488
-2.00265
-3.47774
-1.71584
-3.03068
-2.65443
-2.18288
-1.85013
-1.13868
-1.97614
-0.947777
-2.44479
-2.13481
-2.35471
-1.21542
-1.96289
-1.66371
-2.99072
-1.89915
-1.94637
-2.04826
-3.22629
-1.9115
-2.52568
-2.14825
-2.08472
-2.5105
-3.28151
-2.22946
-3.29894
-0.941593
-1.62224
-1.26996
-2.44459
-2.3931
-2.34661
-1.07123
-1.05647
-1.01938
-1.01028
-1.00228
-2.04103
-1.50056
-1.20606
-2.17634
-1.53912
-1.34194
-1.21695
-1.76747
-0.900284
-1.80833
-1.56939
-1.65615
-1.341
-1.74108
-2.25506
-1.4106
-1.48265
-2.03496
-1.84563
-0.94785
-1.25111
-0.762896
-0.864039
-2.03473
-1.64651
-1.39699
-1.37693
-1.80926
-1.29825
-0.930119
-1.68428
-1.92584
-1.2144
-1.31148
-2.41318
-0.914195
-1.17841
-1.91788
-1.86247
-1.91751
-2.05056
-2.13006
-1.10582
-0.981628
-2.64516
-2.58324
-0.630908
-1.07296
-1.66797
-2.88178
-0.607429
-1.03204
-1.92537
-2.00381
-1.89721
-2.01052
-1.46592
-1.2569
-0.996872
-1.47568
-1.01494
-1.55274
-1.53955
-1.11913
-1.16046
-1.11541
-1.01338
-1.5495
-0.650497
-1.02383
-1.16395
-0.649982
-1.03177
-0.652442
-3.64948
-3.63321
-3.60176
-0.0839555
-0.129762
-0.168691
-0.0969785
-3.61272
-0.413105
-0.34477
-3.67344
-0.166056
-0.809386
-0.50002
-0.697912
-3.50683
-3.50301
-3.48839
-0.645586
-0.801673
-1.793
-0.795103
-0.0349972
-0.127715
-0.212441
-0.299083
-0.408837
-0.76343
-0.730989
-0.570401
-0.389007
-0.114741
-0.0739113
-0.428414
-1.7224
-1.80123
-3.49791
-3.50361
-3.54679
-3.59895
-3.65501
-3.64201
-3.58584
-3.50548
-3.48863
-3.46138
-3.43666
-2.79822
-3.52303
-3.43937
-3.60533
-3.627
-3.52221
-3.55488
-3.55875
-3.56659
-3.60119
-3.62418
-3.6293
-3.65069
-3.63229
-3.59419
-3.40704
-3.38824
-3.46272
-3.58213
-3.61229
-3.60937
-3.58453
-3.60428
-3.58355
-3.57022
-3.52351
-3.4245
-0.222415
-0.544519
-3.53786
-2.88039
-0.679933
-0.511121
-0.352903
-0.195666
-0.823717
-0.17234
-0.0629853
-0.14827
-0.46114
-1.42823
-0.877138
-0.85001
-0.625201
-0.449461
-0.313741
-0.273635
-0.231268
-0.131732
-0.0179256
-0.0358401
-0.0459313
-0.090056
-0.0960853
-0.112031
-0.173021
-0.194924
-0.205761
-0.241493
-0.271978
-0.342218
-0.358571
-0.371729
-0.38177
-0.486201
-0.518083
-0.571786
-0.589192
-1.49924
-0.713936
-0.154143
-1.83031
-0.470613
-0.253495
-0.208909
-0.153157
-3.44892
-3.2393
-3.2121
-0.395683
-0.0248203
-0.838332
-0.0553846
-3.61353
-3.66628
-1.13852
-0.119349
-3.62033
-0.10395
-3.51271
-0.864505
-0.42242
-0.779354
-3.49478
-0.2307
-3.54237
-3.49995
-3.50855
-3.6178
-3.57951
-0.662878
-0.0970953
-0.137226
-0.265291
-3.64309
-3.51916
-3.52377
-0.550478
-0.0560182
-3.64754
-0.247655
-0.531621
-3.60132
-3.55756
-3.54659
-3.42696
-3.66149
-0.38455
-3.59982
-0.122211
-3.6446
-0.0617203
-0.168338
-0.0924834
-3.49944
-3.60014
-0.507726
-0.204794
-0.213362
-0.245069
-3.2924
-0.234503
-3.52249
-0.771157
-0.562587
-0.0504657
-3.65973
-0.401071
-3.60823
-3.66083
-3.54278
-0.173183
-0.816497
-0.337898
-0.0441729
-0.18073
-3.54423
-3.49723
-0.688995
-0.506083
-3.48069
-0.871381
-0.0919671
-3.50906
-3.63564
-3.49736
-0.388114
-0.495431
-0.787462
-0.476765
-1.45118
-3.62734
-1.71963
-0.258869
-3.54721
-0.0629184
-0.227528
-0.652271
-0.125362
-0.846414
-3.65487
-1.788
-0.0975449
-0.121699
-3.62199
-0.595357
-3.44213
-0.254623
-0.801423
-0.15099
-0.354023
-0.200048
-0.210924
-0.378204
-1.81449
-3.66938
-0.800361
-1.49173
-0.636312
-0.0352539
-0.365966
-0.141687
-3.50798
-3.60256
-0.404794
-0.0617676
-3.4908
-0.533246
-0.701766
-3.65303
-0.577291
-3.41604
-0.201139
-3.36655
-0.727624
-0.161093
-3.46872
-0.21867
-3.51569
-1.82608
-0.219546
-3.51842
-0.238683
-0.16036
-3.12216
-0.107742
-3.63282
-3.45828
-3.15913
-0.0226212
-3.63414
-0.100009
-0.476072
-0.116808
-0.42703
-1.12921
-3.68178
-3.63081
-0.0468063
-3.64476
-0.143835
-3.49829
-3.62946
-0.23597
-0.408958
-3.51258
-0.831655
-3.49113
-3.51556
-0.859391
-0.772314
-3.66653
-0.674996
-3.54442
-3.61576
-0.086488
-3.65712
-3.51778
-3.60687
-0.132685
-0.261998
-0.558058
-0.247665
-3.58109
-0.0524287
-0.520019
-3.62547
-3.5913
-3.61807
-3.64032
-0.131534
-0.0993702
-0.156292
-0.22243
-0.232193
-0.245859
-0.121155
-3.55363
-3.62609
-0.0539975
-0.218375
-0.269103
-0.115697
-3.61216
-0.0602625
-3.52485
-2.59412
-3.64692
-3.62016
-0.136076
-0.143951
-6.08717
-3.25333
-2.26587
-1.59874
-2.2139
-2.55626
-6.02636
-2.34219
-2.22367
-3.10791
-3.27433
-2.99147
-5.73888
-5.24826
-2.30452
-4.98261
-2.44567
-2.44881
-2.51141
-2.41834
-1.96745
-2.21119
-1.78326
-1.14012
-2.25537
-2.1301
-2.16383
-3.31802
-3.22311
-2.45532
-2.32813
-3.14346
-2.41169
-1.89958
-2.20723
-6.04825
-4.86957
-2.62857
-2.12392
-2.84569
-2.00771
-5.50422
-3.4278
-2.49295
-3.78144
-4.87423
-2.15092
-2.34857
-2.37359
-2.35781
-2.18359
-4.77806
-2.4199
-2.52794
-1.83643
-1.14589
-1.99519
-2.60938
-2.58222
-2.26746
-2.00711
-2.32102
-2.08802
-3.84486
-2.3963
-3.04243
-2.56966
-2.24611
-1.66072
-5.73076
-2.16744
-2.43009
-2.50639
-5.00682
-2.17519
-2.20594
-2.32667
-2.42597
-2.02952
-2.3074
-1.66888
-3.00493
-2.24662
-2.34814
-1.82063
-3.42869
-1.58307
-3.92836
-2.07647
-2.30838
-2.90456
-2.33017
-2.4163
-2.0271
-2.40714
-2.42484
-2.41666
-1.02423
-2.11063
-2.14344
-2.40096
-2.35832
-3.24087
-2.13763
-2.7219
-2.57393
-2.32298
-2.45079
-1.91089
-2.22479
-3.82726
-3.2736
-2.10519
-4.35324
-2.62697
-2.35888
-3.22347
-2.05781
-2.22588
-2.22627
-2.38858
-1.3321
-2.95591
-2.22795
-2.23065
-1.51393
-2.39581
-2.42012
-6.11193
-2.09873
-2.06281
-2.56772
-2.32236
-3.17003
-2.29582
-2.2107
-2.1062
-2.20713
-1.03258
-5.77003
-4.42655
-2.56844
-1.75245
-1.92494
-1.73067
-2.69598
-1.94498
-4.34464
-1.49911
-2.18308
-4.88365
-4.96477
-1.6401
-5.54606
-2.13535
-2.38807
-2.19645
-2.30138
-1.72941
-2.56341
-2.15304
-5.44533
-1.87887
-5.55743
-3.23725
-2.28399
-2.29066
-1.00106
-4.3496
-2.46942
-2.24393
-2.02551
-1.16571
-2.40951
-2.22401
-2.1957
-1.791
-2.14689
-2.47933
-4.13352
-2.06826
-2.75666
-2.22855
-1.7399
-2.25339
-2.39351
-2.32873
-2.50597
-2.30111
-2.05105
-2.0043
-2.4294
-3.3745
-2.04315
-2.17433
-1.98567
-2.4085
-2.99291
-2.16869
-2.4749
-2.15976
-3.44233
-2.54811
-4.44249
-1.85339
-1.91521
-1.82777
-2.35144
-2.71497
-2.14092
-2.21894
-2.0239
-2.25062
-2.57291
-2.41139
-2.54535
-2.29736
-1.88569
-2.21206
-2.18096
-2.03066
-2.10162
-3.49306
-2.25032
-2.29464
-5.11685
-2.38934
-2.0566
-2.34888
-2.73205
-1.15251
-2.84444
-2.14927
-2.10346
-2.5771
-4.2779
-2.40428
-2.27796
-2.18396
-2.10448
-2.5497
-2.7068
-2.27288
-1.94149
-2.07343
-3.45664
-2.16929
-2.577
-2.15788
-3.25026
-2.01053
-5.10428
-2.11461
-3.50498
-2.38663
-2.23626
-2.89385
-1.93859
-2.24713
-1.79915
-2.07224
-2.49604
-3.18635
-2.275
-2.37129
-2.08415
-2.3418
-2.67437
-1.46037
-1.29248
-2.41542
-2.24354
-1.94948
-2.25929
-2.08064
-2.4176
-2.60703
-3.51531
-2.36879
-2.217
-2.41059
-2.425
-2.19952
-2.04037
-2.57049
-2.69645
-5.48215
-2.12434
-2.17953
-2.71119
-2.0123
-3.26247
-2.18597
-3.97169
-2.2056
-2.39568
-5.65852
-1.75987
-5.72006
-2.58668
-2.1913
-1.84953
-2.57916
-2.55349
-2.40451
-1.70575
-2.47774
-2.30515
-2.16433
-2.38201
-2.34381
-1.81524
-3.83957
-2.43982
-2.23404
-2.57111
-2.38703
-2.38696
-3.9076
-2.47504
-2.24491
-2.31336
-2.38369
-2.50102
-1.72253
-1.15033
-1.99595
-2.77167
-2.38364
-2.25963
-2.03391
-1.15141
-2.19802
-2.09413
-1.30592
-1.52477
-2.39711
-2.24302
-2.73398
-2.55012
-1.59879
-1.7671
-1.92347
-1.98602
-2.62246
-2.05813
-2.43415
-2.17137
-3.1148
-2.3789
-2.02365
-1.04455
-2.43983
-1.45416
-1.99336
-2.46954
-2.16382
-2.43674
-2.1738
-5.20424
-1.09024
-1.65579
-4.28298
-1.76632
-3.45807
-2.5429
-2.5509
-2.81891
-3.94338
-2.10303
-1.83793
-2.17997
-1.40177
-2.74529
-2.19652
-3.59613
-2.46539
-1.88412
-2.08745
-2.56435
-2.48922
-2.3123
-2.56129
-2.47858
-1.97903
-3.81366
-2.36671
-1.13035
-2.21881
-4.27947
-1.934
-5.70217
-1.6438
-1.69296
-1.06121
-1.80087
-1.5821
-2.63209
-2.10689
-1.97761
-2.5779
-2.44404
-2.59425
-2.49668
-1.82295
-2.25278
-1.86573
-2.62588
-1.93243
-2.43093
-2.01617
-2.65316
-3.5645
-2.2192
-1.96412
-2.9622
-3.84989
-2.25432
-1.73402
-2.77542
-2.0506
-3.13316
-2.22284
-2.5565
-3.4601
-1.8956
-2.35871
-1.22692
-2.34765
-1.74891
-2.10352
-1.05369
-2.44292
-3.86282
-2.54309
-2.42429
-2.27049
-1.13095
-3.65832
-2.38188
-3.28327
-1.90615
-3.87955
-2.47135
-2.05788
-5.14662
-2.12734
-3.94617
-2.17973
-1.542
-2.19523
-4.48233
-2.14149
-2.53922
-3.22119
-2.16069
-2.2438
-1.67612
-2.40259
-2.12612
-1.87905
-4.06462
-3.12242
-2.22037
-2.27524
-1.93125
-2.31411
-2.27876
-2.45031
-3.01723
-2.10431
-2.50951
-2.26281
-2.5445
-2.75131
-2.73008
-2.03206
-5.33764
-2.17957
-2.46553
-2.64313
-2.10368
-2.02281
-2.50153
-2.13892
-2.56162
-2.19497
-1.30428
-1.2151
-2.7579
-1.75109
-3.60119
-2.61952
-2.42702
-2.57018
-2.36435
-2.36162
-2.40374
-1.73375
-1.02592
-2.43605
-2.45693
-2.24937
-2.49449
-2.1577
-2.41017
-2.14625
-2.75337
-1.73252
-6.03383
-1.62579
-2.3694
-2.23875
-1.98447
-1.98573
-3.05363
-1.80773
-2.32557
-2.03883
-2.34175
-2.23915
-2.54406
-2.38215
-3.82428
-2.07102
-2.15201
-2.4041
-2.43239
-1.74732
-1.79206
-1.74353
-2.12911
-2.23985
-2.85803
-2.29157
-2.24639
-4.39341
-2.21823
-2.35004
-2.88395
-2.40897
-1.99223
-3.02564
-2.6288
-4.6697
-2.33165
-2.56972
-2.33692
-2.07652
-2.49009
-3.56142
-1.16905
-2.34916
-4.74274
-2.14617
-3.29422
-2.48065
-1.91602
-2.10922
-1.75776
-2.20539
-2.69019
-2.50552
-2.01568
-2.09606
-2.00898
-1.86731
-1.37282
-2.38692
-2.5603
-5.0958
-3.35234
-2.72668
-2.13211
-2.85101
-3.2744
-2.20061
-3.55813
-2.42596
-2.41983
-1.98201
-4.13362
-6.12199
-6.1465
-1.89225
-2.50895
-2.38351
-1.6894
-3.39527
-2.80368
-2.40476
-2.28511
-2.22235
-2.05097
-1.95663
-2.35742
-1.87151
-2.1084
-2.48192
-2.29008
-1.09181
-2.13987
-2.50416
-2.30854
-2.25638
-4.97376
-2.32518
-2.21424
-2.86771
-1.70549
-2.1439
-2.51232
-2.93846
-2.62935
-1.89436
-2.94464
-2.16694
-1.89356
-2.35484
-2.55213
-1.81632
-2.61519
-2.0269
-2.36278
-2.09312
-2.58095
-2.38589
-3.32444
-2.27661
-1.73578
-2.02645
-2.48767
-1.80585
-2.18267
-1.9258
-2.77523
-1.14943
-2.56734
-2.33925
-2.45567
-2.34571
-2.69345
-1.86109
-2.36853
-2.54582
-1.47854
-1.94903
-2.42772
-2.92071
-2.65821
-0.941984
-2.55254
-1.73942
-2.22526
-4.23926
-2.18962
-2.1386
-2.22407
-1.55126
-4.09291
-2.45785
-4.75964
-1.3849
-5.60814
-5.56578
-2.07205
-2.11641
-0.705596
-2.27461
-1.6785
-2.98067
-2.45121
-2.33784
-1.84059
-2.46565
-2.18551
-1.60422
-2.42849
-1.4642
-2.44131
-4.32055
-2.37297
-2.25047
-2.50533
-2.53158
-2.38885
-2.32344
-3.05789
-2.16851
-2.37789
-3.63756
-2.44437
-2.29714
-2.31361
-1.39397
-2.20061
-2.59237
-1.07192
-2.81523
-4.80613
-4.71246
-2.17455
-2.14726
-2.28214
-3.79046
-2.35745
-2.07131
-2.14977
-2.07765
-2.0348
-1.8758
-2.51685
-4.9709
-2.8744
-2.47177
-2.2813
-2.41178
-2.46638
-2.34879
-2.2852
-2.39896
-2.71219
-1.82266
-2.15409
-1.72299
-1.56698
-1.17451
-2.3635
-2.46816
-2.47554
-2.41524
-2.26557
-2.33262
-2.30036
-2.46959
-3.04899
-1.32593
-2.92033
-2.47849
-2.24231
-2.07841
-2.23926
-2.19014
-2.36956
-2.31764
-2.38617
-2.11151
-2.34618
-2.22124
-1.17136
-1.88503
-1.93504
-2.30242
-3.94039
-1.59251
-2.34471
-1.37428
-2.46458
-1.76441
-2.35191
-1.88731
-1.83149
-2.5518
-2.3099
-2.2112
-2.13049
-2.19232
-2.2749
-1.42684
-2.62648
-3.29075
-4.80753
-2.47864
-2.46535
-2.47261
-2.42478
-1.80952
-1.92105
-4.72762
-2.28608
-2.4507
-2.76781
-1.84984
-1.38552
-2.52992
-2.36763
-2.28319
-2.12458
-3.27277
-2.40631
-2.02597
-2.17297
-3.42332
-2.25963
-2.10523
-2.32552
-2.25597
-2.38616
-3.48113
-2.25293
-2.3282
-2.11609
-2.22433
-2.18069
-2.58571
-2.17951
-2.1473
-2.46616
-2.6898
-2.53142
-2.1148
-1.78601
-2.41817
-2.08691
-1.98157
-2.31194
-2.3062
-2.88888
-2.48061
-4.29962
-1.75182
-1.10536
-2.626
-1.58307
-2.48861
-1.96275
-2.62262
-3.51423
-2.41452
-2.10533
-2.27368
-2.26115
-2.34829
-3.41397
-2.23655
-5.61126
-2.17283
-2.83685
-2.6066
-2.45952
-1.94558
-2.21942
-4.60827
-2.49213
-2.01026
-1.49721
-1.85647
-1.36115
-1.24382
-2.20903
-1.93198
-2.0686
-2.4296
-5.33153
-2.09948
-2.39634
-5.55939
-2.46934
-1.78762
-2.07675
-5.07925
-2.22408
-2.30216
-2.01542
-3.72211
-2.06465
-2.50243
-3.67713
-1.78001
-2.39385
-2.75606
-2.15202
-2.14622
-2.4442
-1.74207
-2.39649
-2.28161
-2.6325
-2.66152
-2.00884
-1.98834
-2.28766
-2.34011
-2.13
-2.3746
-2.35857
-1.28869
-4.7895
-1.88508
-4.95996
-2.386
-5.31368
-2.18875
-3.29414
-2.12957
-2.09474
-1.76182
-2.47739
-2.05193
-2.58971
-2.32979
-1.9842
-1.96468
-2.60674
-3.57921
-1.43676
-1.97533
-2.31238
-2.51735
-2.05545
-2.04316
-2.00254
-2.55698
-2.32659
-2.61113
-2.36761
-1.09942
-2.58663
-2.46347
-3.4984
-2.11198
-2.39272
-2.36469
-2.35331
-2.54118
-1.76979
-2.34095
-2.1648
-2.37939
-1.3442
-2.49255
-2.45185
-3.32595
-2.40486
-5.21838
-4.93306
-2.80688
-1.85429
-2.69287
-2.5303
-2.10987
-2.12855
-4.82669
-2.49563
-2.43644
-0.752646
-2.24598
-2.49107
-2.43891
-2.15373
-1.93066
-2.67268
-1.87947
-3.22074
-2.16959
-4.84351
-2.47986
-4.62444
-2.46652
-1.62646
-2.19819
-2.42651
-1.824
-2.13874
-1.74316
-1.12847
-4.03488
-2.12417
-2.02311
-2.61386
-2.32783
-2.03178
-2.37626
-2.41014
-2.11593
-2.01583
-2.33352
-2.45793
-5.6552
-2.14678
-3.58968
-1.34758
-2.13335
-2.18607
-2.0981
-1.87022
-1.69527
-4.0059
-2.1994
-2.4368
-4.50371
-2.28562
-1.5071
-2.46505
-1.72248
-1.8236
-2.34794
-1.92161
-1.8551
-2.37378
-2.09479
-0.515126
-4.75491
-2.71805
-2.12249
-1.29289
-2.40927
-1.89832
-5.0645
-1.23503
-2.43512
-3.25243
-2.38223
-2.05752
-2.40949
-1.98129
-2.29995
-2.31442
-2.87873
-2.50401
-1.53756
-2.39064
-1.81786
-2.10107
-2.14284
-2.53266
-2.79049
-3.44289
-2.72394
-1.95433
-1.84196
-4.09288
-2.1194
-2.18973
-4.98127
-2.31419
-2.46182
-2.17198
-0.908635
-2.25
-2.17031
-2.54552
-1.96485
-2.47981
-2.50613
-2.05118
-2.05933
-2.08252
-1.91293
-2.17344
-2.16746
-2.38368
-2.91096
-2.63258
-2.48465
-2.57135
-2.16878
-2.14816
-2.15402
-2.46616
-2.20967
-2.33394
-2.83926
-2.70363
-2.44396
-1.98388
-3.51953
-2.2667
-1.86106
-2.59589
-1.99878
-4.60662
-1.95127
-1.91881
-2.46238
-2.2239
-2.54475
-1.83439
-2.48936
-3.72047
-2.30097
-2.43237
-3.54939
-2.29434
-2.64177
-2.14559
-1.86413
-1.30302
-2.00789
-2.35483
-2.01245
-2.12756
-1.12734
-2.14051
-4.71519
-1.72142
-3.14273
-1.51134
-1.32356
-3.27946
-3.0098
-2.17651
-2.07866
-2.53008
-2.2826
-2.32479
-1.28184
-5.23064
-3.94606
-1.80663
-2.06557
-4.31502
-2.43631
-2.84563
-2.34018
-2.05125
-2.17686
-2.1719
-5.73903
-2.16308
-2.55779
-2.10979
-1.36567
-4.79533
-2.03119
-2.10931
-2.46616
-2.30477
-2.52783
-1.79167
-1.85063
-1.19249
-1.98568
-1.86393
-2.01952
-1.85674
-4.42259
-2.12904
-2.45733
-3.56555
-2.23367
-2.75872
-3.25885
-2.77219
-2.05982
-1.73226
-1.81307
-2.01543
-2.27542
-1.84468
-2.6285
-2.43265
-2.51786
-2.00314
-1.80976
-2.47812
-2.29819
-1.72887
-1.89618
-1.20008
-2.15183
-3.05781
-2.19965
-2.08256
-2.39726
-1.23379
-2.11206
-2.02347
-2.36929
-2.30734
-1.8519
-2.26215
-2.34162
-2.49594
-4.35484
-3.36918
-2.25062
-1.33691
-5.24961
-2.53941
-2.03829
-5.17522
-1.81745
-1.83533
-2.32253
-2.3552
-1.81695
-1.42042
-2.08954
-3.99553
-2.12298
-2.20113
-3.01456
-2.18259
-2.08181
-2.94085
-2.06358
-2.41725
-1.94354
-1.92118
-2.16389
-2.19387
-1.35355
-2.35764
-2.13609
-1.93737
-1.70678
-1.74874
-2.49439
-2.39435
-2.85103
-3.43827
-2.0076
-2.11172
-2.78112
-2.53558
-2.14121
-2.7384
-3.52517
-2.3694
-1.80705
-1.78475
-0.866042
-2.37256
-2.17305
-2.78898
-2.20517
-2.53342
-2.15052
-1.77494
-1.89213
-3.69758
-1.69895
-5.69916
-2.45445
-2.17618
-2.10678
-4.48115
-2.11213
-2.05015
-1.72457
-2.13644
-2.56464
-2.30091
-3.25385
-0.684804
-2.06523
-1.79002
-2.31058
-2.38055
-2.10357
-2.32232
-1.98349
-2.11116
-3.39569
-5.61046
-2.16819
-1.73731
-1.26019
-2.19935
-2.47962
-2.38215
-2.01889
-1.89227
-2.23507
-1.98556
-2.18508
-1.497
-5.108
-3.12
-1.24333
-4.33941
-1.68236
-4.00516
-5.37832
-2.5608
-2.17405
-2.31055
-4.07095
-1.29121
-2.82007
-1.95255
-2.10175
-1.62169
-1.88622
-1.86165
-1.90582
-2.00429
-2.13026
-2.09643
-2.1187
-2.09646
-1.84323
-2.47599
-2.1502
-5.18606
-2.39599
-2.55327
-1.83827
-3.50311
-1.45052
-4.83605
-2.48015
-3.93192
-2.89923
-2.32883
-2.6828
-1.84903
-3.1733
-2.60194
-4.24956
-2.08328
-4.8355
-2.33912
-1.84781
-2.07627
-2.26717
-2.59799
-2.82387
-2.52724
-2.14966
-2.09859
-2.57962
-1.22442
-2.01129
-2.19661
-2.39833
-1.80817
-1.7155
-4.63977
-5.64548
-3.23005
-2.0355
-1.78799
-2.19996
-1.97725
-5.63474
-4.36506
-2.35439
-2.17586
-2.42216
-1.95056
-3.5512
-2.37477
-2.47065
-2.38471
-2.08375
-2.54499
-2.58472
-3.07097
-2.52841
-1.666
-3.82005
-2.39661
-1.7852
-2.82874
-2.28038
-2.37163
-4.2834
-2.40151
-4.46521
-2.14144
-2.48878
-2.50496
-2.16649
-2.51703
-2.5476
-2.49765
-2.51353
-2.24473
-2.41663
-1.96896
-5.17449
-2.78016
-2.0943
-2.6876
-2.0776
-1.96065
-2.15069
-1.50663
-2.42848
-2.36351
-2.35888
-1.91716
-1.96137
-2.80023
-2.40761
-2.37204
-2.399
-2.72592
-5.27271
-2.0048
-0.128758
-2.3108
-2.96333
-1.16432
-2.16786
-2.40983
-2.43243
-2.54888
-2.14877
-2.20243
-1.87435
-3.30463
-1.7481
-2.36836
-2.32101
-2.05171
-2.48329
-2.41836
-2.36591
-3.51115
-2.22447
-2.16556
-2.48775
-2.58189
-1.92175
-2.18637
-2.80245
-2.45249
-1.7724
-1.88297
-1.95179
-1.999
-2.38979
-2.41385
-1.11976
-4.76225
-1.98097
-2.47135
-2.53261
-2.53056
-2.1991
-1.89444
-2.0563
-1.34457
-1.51293
-3.30835
-2.50925
-4.73907
-2.47685
-1.34265
-1.27084
-2.83794
-1.37702
-2.35972
-2.08313
-1.86346
-2.45096
-2.53271
-2.43043
-1.6688
-2.13515
-2.5247
-2.46123
-1.95622
-2.32566
-2.10538
-1.18432
-2.01
-4.90213
-2.50728
-2.26403
-2.70459
-2.61147
-2.15824
-4.93322
-3.89699
-1.80807
-1.73118
-1.66587
-4.47177
-4.32541
-2.61882
-2.20569
-1.18708
-1.84211
-4.9139
-1.92615
-2.55595
-4.38671
-2.10324
-1.93475
-2.11181
-1.95885
-2.48648
-3.42266
-2.64959
-1.93922
-2.05368
-2.44793
-1.24124
-2.53459
-1.0412
-4.15769
-4.65461
-2.39682
-1.42027
-2.60731
-1.78719
-1.54061
-2.05135
-2.37176
-2.02779
-2.32744
-1.9691
-1.93798
-4.83618
-2.32603
-2.53872
-2.08644
-5.25739
-1.31956
-2.68818
-2.44707
-1.82446
-2.57945
-2.18789
-1.75787
-2.11199
-2.04966
-2.22589
-2.3561
-2.33424
-2.49294
-2.04652
-1.84175
-1.2151
-1.83189
-2.10134
-2.49463
-2.3406
-2.6592
-1.99621
-2.72051
-1.16689
-2.48129
-2.64177
-3.45374
-2.11305
-1.06729
-3.07466
-5.48323
-3.69593
-2.28875
-2.03969
-1.98813
-2.54029
-1.15023
-2.11314
-2.57679
-3.07655
-2.15404
-2.57955
-2.12522
-1.92403
-2.40283
-1.9315
-2.7213
-2.18642
-2.46339
-2.91815
-2.23265
-2.46127
-1.80165
-2.39194
-2.47193
-2.52869
-2.37221
-2.05954
-2.88056
-2.69086
-2.67367
-2.02801
-2.38371
-2.27295
-5.47413
-2.91436
-2.28013
-2.44324
-1.8974
-1.88476
-2.02242
-5.19834
-1.81292
-2.24207
-2.283
-2.3365
-2.01407
-1.50049
-2.30523
-2.15544
-2.48053
-1.53323
-5.53654
-2.5875
-2.30015
-2.20874
-2.52246
-2.05339
-1.7173
-2.2792
-2.45556
-1.37321
-1.71876
-1.97
-1.62911
-2.08467
-2.88451
-2.35223
-2.34029
-1.9878
-2.11976
-1.3811
-2.50234
-1.79473
-5.98669
-3.67158
-5.6651
-2.70537
-2.48506
-1.72812
-1.91662
-1.60615
-2.24822
-1.15329
-2.36737
-2.00591
-2.39416
-2.47518
-1.15213
-2.34418
-2.49333
-3.50583
-3.93202
-2.11365
-2.66854
-2.03052
-2.49517
-2.95995
-1.1582
-3.29837
-2.59742
-2.46061
-1.40651
-1.97916
-2.99673
-2.14501
-2.5673
-2.10863
-3.46298
-1.06893
-5.27631
-2.11042
-1.46645
-2.10236
-0.149662
-2.41739
-1.81721
-2.52242
-1.9846
-2.97875
-3.29395
-1.97277
-2.57311
-2.13592
-1.84837
-2.15224
-2.20638
-1.90426
-2.5362
-1.79862
-2.56202
-2.08682
-2.47217
-2.40183
-4.26846
-1.59113
-1.976
-1.07776
-2.63953
-1.98157
-2.01393
-3.76573
-4.68178
-1.4935
-4.39024
-2.41472
-2.34523
-2.36113
-4.65023
-1.8901
-1.07547
-1.89077
-2.39512
-2.97458
-1.64919
-2.35028
-2.09342
-2.3389
-1.66119
-2.39438
-1.76275
-1.6893
-1.78607
-1.89428
-1.99093
-3.35891
-2.33383
-2.36214
-2.45208
-2.23892
-2.611
-2.37915
-3.83216
-2.34023
-2.87169
-2.33649
-2.18162
-2.13619
-1.86888
-2.33216
-2.74007
-2.49056
-1.45007
-2.41791
-3.91979
-1.22668
-1.74781
-4.20963
-4.21272
-2.42635
-2.07995
-5.00121
-2.90882
-2.64454
-1.27794
-2.87748
-1.5421
-2.18613
-2.6106
-2.48299
-1.93699
-2.01482
-2.13701
-2.49669
-1.13689
-2.35888
-1.59481
-2.22698
-1.10299
-2.39615
-1.89613
-2.11478
-2.48745
-2.6222
-1.59812
-2.39179
-2.14161
-1.96713
-2.49363
-1.97421
-2.08741
-1.03766
-4.84577
-2.31102
-5.5959
-1.81981
-3.23682
-1.99268
-3.64699
-2.09247
-2.46227
-2.65936
-1.54152
-2.47963
-2.52198
-2.39476
-1.81294
-1.94294
-2.41199
-2.15272
-2.57373
-1.17635
-1.82393
-5.02852
-1.72066
-2.5494
-3.18041
-1.88621
-2.19678
-3.16488
-1.8784
-2.04712
-2.25536
-2.02689
-3.81452
-1.92019
-2.32668
-1.78181
-1.81046
-2.28926
-2.25821
-2.57951
-2.42533
-1.82324
-2.54108
-2.50695
-1.16859
-2.07841
-5.57596
-4.20443
-2.41
-2.03182
-2.53313
-2.03444
-3.00038
-2.19708
-2.31974
-2.31994
-1.52574
-2.29486
-2.43523
-1.57431
-2.18402
-1.96621
-1.85742
-2.15507
-2.38869
-3.50739
-2.23697
-2.52813
-2.38835
-2.10308
-2.18519
-2.42419
-2.4434
-1.96655
-2.41812
-2.46594
-2.02095
-1.80988
-2.11253
-2.47213
-2.38448
-1.88433
-2.13706
-3.74689
-2.04498
-1.77947
-1.37708
-2.43446
-2.39906
-2.39272
-2.69677
-3.15206
-2.49588
-2.4359
-2.44005
-2.25673
-2.02579
-4.91449
-1.94511
-2.29904
-1.20614
-2.25613
-1.75821
-2.46798
-2.5214
-2.17957
-1.86728
-2.58806
-4.25928
-4.7275
-1.86128
-2.36114
-1.8673
-1.36119
-1.55912
-3.15145
-2.01103
-1.78211
-3.05474
-2.54073
-1.78946
-1.659
-2.1617
-2.58414
-2.57072
-3.13475
-2.3308
-1.9587
-1.92054
-1.46781
-2.5579
-3.38945
-2.37956
-1.98407
-2.0842
-2.27753
-2.56304
-1.48414
-1.58525
-2.38923
-2.4479
-2.83394
-2.01553
-1.77642
-2.55447
-2.5601
-2.83083
-1.97327
-2.3497
-2.41128
-2.54455
-2.4083
-3.09344
-2.42145
-2.08335
-2.44548
-1.37877
-2.37163
-5.38277
-2.37052
-2.61403
-2.45024
-4.57444
-2.79644
-2.35499
-2.93432
-2.37813
-4.69502
-2.40185
-1.45327
-1.20761
-2.18907
-1.7334
-1.62045
-1.57388
-5.76786
-2.3604
-2.26853
-2.39963
-2.1684
-1.24799
-2.09945
-3.99943
-2.46259
-2.11942
-2.35379
-2.37722
-2.08393
-1.80661
-2.20715
-1.70564
-2.15808
-2.42777
-3.57952
-2.03696
-1.2191
-4.49615
-2.48079
-2.08524
-2.60774
-2.17088
-2.38561
-3.86481
-2.42056
-2.82282
-2.36169
-2.12498
-3.33513
-1.83893
-1.50068
-2.00065
-3.44537
-1.2171
-2.53156
-2.3171
-3.48941
-0.838375
-3.90467
-2.50747
-3.57577
-2.46785
-2.51897
-1.90448
-3.7206
-1.96455
-2.33269
-2.37903
-1.48596
-1.43661
-4.38957
-2.28325
-2.00722
-1.52223
-4.15633
-1.84857
-2.08392
-2.41912
-1.88582
-4.38888
-2.42139
-2.47397
-2.56369
-2.45963
-2.41357
-2.73277
-3.41869
-3.77625
-1.97868
-1.35546
-3.16975
-1.16117
-1.77372
-2.2949
-2.58569
-2.47661
-1.85654
-2.06349
-2.25419
-5.09165
-2.36545
-2.41557
-1.8488
-2.56481
-1.7967
-2.04089
-2.47065
-1.98183
-1.70393
-2.54887
-2.06046
-2.48584
-3.20918
-2.66764
-2.0683
-2.11205
-1.08887
-2.96379
-3.84909
-2.01526
-2.8578
-2.35178
-2.50873
-2.05794
-3.04303
-1.11091
-1.94512
-2.49099
-2.48734
-3.6207
-2.14098
-2.40766
-1.86443
-2.2209
-2.07203
-2.38969
-1.42253
-1.7933
-4.40616
-2.82927
-1.9261
-1.76287
-2.49741
-1.71772
-1.76413
-1.63711
-2.14126
-2.05246
-2.88623
-2.57056
-2.10921
-2.57763
-2.88972
-2.48062
-2.00094
-2.14137
-4.6721
-1.60162
-2.23389
-2.58957
-3.02798
-2.31977
-5.00842
-2.96589
-1.14345
-2.63228
-1.0106
-4.2392
-1.81283
-1.31668
-2.60617
-5.01329
-1.99882
-1.88716
-2.25798
-2.1572
-2.42081
-2.32948
-2.3099
-2.12399
-2.06463
-5.03617
-3.7272
-2.05843
-2.37374
-4.36293
-1.2978
-1.58741
-2.60055
-2.60471
-2.16448
-1.5384
-3.60532
-1.37935
-2.26821
-2.60992
-2.15589
-2.41002
-2.18856
-1.90879
-1.85508
-2.17285
-2.25599
-2.49944
-2.16776
-2.59196
-2.5247
-1.63498
-2.14769
-2.20865
-2.29089
-3.31449
-2.50223
-2.45085
-3.01083
-2.47702
-2.5373
-1.20883
-1.81087
-3.99678
-1.97342
-2.8256
-3.27242
-2.4554
-1.81685
-2.45654
-1.84286
-2.63163
-4.52239
-1.70945
-1.9857
-2.63883
-4.85691
-2.26796
-2.0705
-2.46078
-1.82871
-2.55044
-1.84354
-2.34679
-1.80599
-2.23781
-2.6871
-1.08517
-3.52928
-2.29415
-2.68736
-2.60954
-2.50384
-2.48313
-2.48519
-4.98518
-1.99992
-2.0578
-2.45918
-2.38677
-2.86506
-2.19409
-2.18746
-2.2876
-2.12472
-2.40833
-2.60437
-2.49424
-2.17088
-2.30471
-3.04715
-2.54888
-1.43049
-1.06128
-2.09741
-2.62603
-2.58615
-3.02538
-3.55471
-1.89043
-2.27627
-3.26057
-2.00315
-2.59764
-2.21352
-2.5259
-2.20634
-2.73548
-1.83365
-2.23812
-1.13901
-2.61195
-1.83017
-4.58922
-1.12061
-2.18317
-1.55271
-2.10869
-2.72136
-2.04626
-2.07149
-2.11092
-2.14338
-2.98704
-2.37685
-2.04042
-1.97613
-1.99042
-2.17906
-1.99888
-2.10412
-1.5771
-1.38386
-2.89331
-2.12053
-1.92082
-2.51353
-3.20808
-1.02224
-2.22614
-2.5068
-2.50432
-2.51494
-2.53462
-2.07484
-2.63267
-2.05986
-4.73453
-2.55884
-1.09353
-2.29842
-2.56455
-2.61527
-2.61562
-1.56696
-2.22364
-2.17439
-1.04821
-2.41955
-3.86354
-2.05949
-1.76316
-2.54552
-1.7596
-2.54088
-2.43601
-2.5299
-3.89768
-2.24186
-2.61233
-2.40344
-4.08073
-2.60618
-4.05603
-1.44695
-2.03098
-2.75127
-2.46102
-3.0833
-2.42703
-1.15263
-2.553
-2.58193
-2.46734
-2.17776
-2.44667
-1.38638
-2.17323
-2.54201
-2.39512
-1.99176
-2.4747
-1.09765
-2.59962
-1.91087
-2.48661
-2.84776
-1.25226
-1.28568
-2.80505
-2.39936
-2.45556
-2.44505
-2.31742
-2.45633
-2.05951
-2.67763
-2.49742
-2.13321
-1.82372
-2.47332
-2.52273
-2.09189
-2.25688
-2.64825
-2.79435
-4.03439
-1.91
-1.77568
-1.53652
-2.21535
-1.74999
-3.03661
-2.46954
-2.24322
-2.03956
-2.19569
-2.06456
-1.25396
-1.46361
-1.85331
-2.47681
-2.04757
-2.3221
-2.0389
-2.42672
-2.12491
-2.0499
-1.9921
-1.87199
-2.59219
-2.58388
-1.52915
-1.30085
-2.98541
-2.52711
-4.83884
-2.32055
-1.80195
-2.21945
-2.58012
-4.54811
-1.98001
-2.50999
-2.23099
-4.36257
-2.44687
-2.29946
-2.55656
-1.64012
-2.17858
-2.49227
-3.75445
-2.44768
-2.58309
-2.26569
-3.84132
-2.36539
-2.69916
-2.19697
-2.38216
-2.36137
-2.32029
-2.44063
-2.21079
-2.36239
-3.36431
-2.16291
-1.7718
-1.83343
-1.11591
-1.16634
-2.07647
-2.10437
-1.88977
-2.3797
-2.16664
-2.36539
-1.81819
-4.10909
-2.49581
-3.58283
-2.56165
-1.81505
-2.48141
-2.51707
-1.78786
-2.64304
-2.62578
-2.04889
-2.01426
-2.56416
-2.71004
-3.11428
-2.3286
-2.83276
-1.8322
-2.87062
-4.68117
-2.32566
-2.46556
-2.09071
-2.08016
-2.10807
-2.57203
-2.33694
-2.47589
-2.12016
-1.80474
-3.79552
-3.80587
-1.30965
-1.84928
-2.68368
-1.87266
-1.79883
-2.58499
-1.61065
-2.30627
-2.4942
-1.24975
-2.56022
-1.96595
-2.03638
-4.56596
-1.826
-2.37147
-1.40056
-2.40043
-2.40163
-2.53417
-2.51604
-2.05251
-2.31218
-3.01412
-2.93426
-2.24846
-1.74586
-2.35299
-2.59514
-1.73914
-2.51338
-2.28314
-2.44483
-2.15475
-2.12954
-1.33857
-3.42235
-2.904
-2.06103
-2.24488
-2.58401
-2.35876
-4.03851
-1.18294
-2.62224
-1.98725
-1.83336
-2.50442
-2.63729
-2.06152
-2.35934
-2.7632
-6.11672
-6.18733
-2.36559
-2.57642
-2.45572
-2.17527
-2.1284
-1.90936
-2.42102
-1.99889
-1.97778
-1.76682
-2.38303
-1.80291
-1.89112
-2.92452
-2.336
-2.27537
-2.03882
-2.44886
-2.17938
-1.94882
-3.08824
-2.3341
-1.12932
-1.28375
-2.95995
-2.01897
-2.39701
-2.49141
-2.52103
-2.65079
-1.46035
-2.73024
-2.36547
-2.40762
-2.8473
-2.28295
-3.85722
-2.11464
-2.53749
-3.95295
-2.21396
-2.74774
-2.26684
-2.57005
-1.94706
-2.48562
-2.47899
-2.06137
-1.37646
-2.25943
-2.42927
-2.82262
-2.33839
-2.54783
-2.16315
-1.82327
-1.3262
-2.17927
-1.84387
-2.3579
-1.99555
-5.36968
-5.276
-2.10221
-3.48406
-2.42649
-2.43049
-2.30033
-2.16408
-1.67967
-6.04157
-2.57134
-2.71768
-2.54778
-1.75666
-2.48748
-2.4445
-2.55301
-2.35841
-2.45057
-1.95826
-1.35165
-2.56864
-1.56595
-4.44179
-1.41663
-3.62933
-2.78104
-2.04053
-1.84333
-2.35236
-2.83318
-1.12152
-2.58623
-2.67181
-1.81947
-1.81266
-2.37796
-1.76098
-2.20252
-2.0123
-2.21203
-2.55614
-2.1277
-2.31955
-2.37542
-1.74017
-1.46223
-1.95111
-2.54008
-1.7302
-2.35963
-2.53376
-2.47819
-2.35802
-1.92609
-2.34192
-1.44076
-2.36483
-2.01118
-2.3674
-2.19686
-1.96625
-0.872931
-2.38949
-1.82415
-2.53058
-2.50665
-1.88915
-2.14843
-2.50509
-1.62451
-1.33632
-2.31033
-2.26947
-1.61266
-2.245
-1.23423
-2.36579
-2.44651
-1.64589
-2.30414
-2.4469
-2.47252
-1.02941
-2.48042
-1.94037
-1.95385
-2.37652
-2.31792
-2.33955
-1.96218
-2.57275
-2.52511
-2.54718
-2.39957
-2.53145
-1.71361
-2.00338
-1.30052
-2.37547
-4.77861
-3.62882
-1.50724
-2.20589
-4.98422
-2.36865
-2.22238
-1.72217
-3.77393
-2.49247
-2.33072
-2.35169
-1.18636
-1.37583
-3.91344
-2.43016
-2.03108
-3.07439
-2.8921
-2.34731
-2.66944
-1.70586
-2.71298
-2.56573
-2.4049
-2.02955
-4.23963
-3.73313
-2.36235
-5.03542
-2.3288
-2.3825
-2.31874
-2.56585
-2.57639
-2.20533
-1.19145
-1.78596
-1.95579
-2.76392
-3.55699
-1.36464
-2.43781
-2.50252
-1.91219
-1.44173
-2.48063
-2.60976
-2.29446
-4.8234
-2.61471
-2.43624
-2.21707
-2.48095
-2.33212
-1.93631
-3.5518
-1.67827
-2.35013
-4.83039
-2.36389
-2.10488
-5.19069
-2.43331
-4.26245
-2.60678
-1.70478
-1.95392
-1.79161
-1.45001
-2.38378
-2.2676
-1.97689
-2.51051
-2.35194
-2.44467
-2.59966
-1.5199
-2.37829
-3.73858
-2.14434
-2.91203
-2.61324
-2.57389
-2.05447
-1.61877
-4.49481
-1.68894
-2.60191
-1.99074
-2.08773
-2.18313
-2.17494
-1.8063
-2.51334
-4.98543
-2.32649
-1.93525
-2.03771
-2.38163
-1.46033
-2.39385
-1.56649
-2.57607
-2.26163
-2.44898
-2.3245
-2.43195
-2.39831
-2.5777
-2.77298
-2.42308
-2.57571
-2.6127
-2.6061
-4.51795
-4.03362
-2.17814
-2.70743
-2.51504
-2.16671
-2.05751
-2.36591
-1.85605
-2.61325
-2.77219
-2.38657
-1.83069
-5.04565
-2.3078
-2.99613
-2.33547
-2.6448
-2.27844
-2.63102
-2.10543
-3.25103
-1.53656
-2.607
-2.56803
-2.53204
-3.13001
-2.0888
-2.57064
-2.44029
-2.35481
-2.58865
-1.62973
-2.57334
-2.59856
-2.53281
-2.34937
-3.79527
-2.69407
-2.09153
-3.03256
-2.53738
-2.5883
-1.75993
-2.36358
-2.5921
-2.59304
-2.61375
-2.0483
-3.1152
-2.4084
-5.58524
-4.67745
-1.96771
-0.878018
-1.48367
-2.89079
-1.83801
-2.16611
-2.46421
-2.49036
-2.59887
-4.09305
-1.74229
-2.39783
-2.3612
-1.30348
-2.34763
-2.38692
-2.37353
-2.32536
-1.805
-1.96721
-2.4083
-2.01205
-1.93402
-1.94782
-2.37509
-1.47309
-1.94522
-3.32878
-2.52737
-2.34585
-2.0124
-2.03095
-2.1587
-2.65568
-2.51168
-2.29371
-1.80767
-5.15566
-4.05977
-1.15716
-2.37865
-2.71992
-2.01903
-2.55862
-4.48667
-2.42539
-1.55946
-1.78478
-5.6952
-0.859855
-3.15079
-1.65606
-1.78034
-3.07949
-1.81417
-1.94197
-2.58516
-2.36394
-1.97635
-2.10855
-3.66511
-2.24596
-2.58856
-2.01493
-2.36298
-1.73139
-2.10066
-1.67345
-2.1317
-2.59485
-2.40493
-2.34235
-2.58825
-2.36983
-2.23243
-2.04052
-2.49645
-3.13751
-3.74098
-1.74199
-1.80228
-2.45392
-2.6249
-2.65471
-2.71687
-3.5935
-2.26095
-2.3083
-1.94046
-2.766
-2.19299
-2.49671
-2.47874
-2.26289
-2.51175
-2.59098
-2.37919
-2.06114
-2.36592
-1.7195
-2.58341
-2.37696
-2.28147
-1.90036
-2.7069
-4.20874
-2.60873
-2.39401
-1.6516
-2.14017
-1.08864
-2.06876
-3.00227
-1.91896
-2.41574
-2.78811
-1.91988
-2.88497
-2.38712
-1.94418
-1.91414
-2.42958
-2.55915
-1.2229
-2.52945
-2.36165
-2.60583
-2.51545
-2.27012
-2.38353
-2.1613
-2.31856
-2.98403
-2.54342
-2.66768
-3.16638
-2.36066
-2.23011
-1.99593
-2.45948
-2.50894
-4.27499
-1.67027
-2.63637
-1.83352
-1.58032
-2.89956
-1.81863
-2.4213
-2.35303
-2.40823
-3.76855
-2.55727
-1.99431
-2.80006
-1.55813
-1.93143
-2.64778
-2.71197
-2.18341
-2.33363
-1.85431
-2.38913
-1.87669
-2.22169
-3.45364
-2.39379
-1.27221
-2.54542
-2.93022
-2.36622
-1.97366
-2.02946
-1.86315
-1.7227
-2.05711
-2.03992
-2.08334
-2.4025
-2.49132
-2.40869
-2.403
-2.46945
-1.12901
-2.86028
-2.1937
-5.33807
-2.47005
-2.38526
-2.25346
-2.27816
-2.55221
-2.92872
-2.48177
-2.51989
-1.67283
-2.36048
-2.0649
-2.04861
-2.44568
-2.41383
-2.35695
-2.4317
-2.00722
-1.90104
-2.96742
-4.34098
-1.83029
-2.46243
-1.6532
-2.48829
-2.45378
-2.43866
-1.06414
-4.76423
-2.69958
-2.35942
-2.80787
-2.45745
-2.5222
-2.01949
-2.45571
-2.37543
-2.46105
-2.48947
-4.85761
-1.69015
-1.95249
-2.49713
-2.52593
-3.89628
-2.44418
-2.27338
-1.72694
-2.55206
-1.70123
-4.79342
-2.39697
-1.80473
-2.10697
-2.17106
-1.87472
-2.48914
-2.46271
-2.38991
-4.5982
-1.66933
-1.68575
-2.32497
-2.50934
-2.68622
-2.47911
-2.31312
-4.92768
-1.70901
-2.46263
-2.41649
-4.13021
-1.95642
-2.21816
-5.79641
-2.31104
-2.44287
-1.88184
-1.90664
-2.97699
-1.02699
-2.0299
-2.73744
-2.38161
-2.36441
-2.31261
-2.81797
-2.0414
-1.33515
-2.45731
-1.95564
-1.43594
-1.81113
-2.24406
-1.07239
-1.9614
-3.19538
-3.15785
-4.6191
-4.79111
-3.64998
-1.25921
-2.4857
-1.8912
-2.3479
-2.52647
-2.20646
-3.07622
-1.68643
-2.39116
-3.49237
-2.3573
-2.91703
-2.40143
-2.11359
-2.46216
-1.90009
-3.22633
-2.58296
-2.50441
-2.43484
-2.20287
-2.40006
-2.31982
-2.32506
-2.53288
-4.2688
-2.6801
-1.13141
-2.42627
-2.87474
-2.29289
-2.32383
-3.13278
-1.91615
-2.57056
-2.38398
-2.58581
-2.47894
-1.79509
-2.36982
-4.69775
-2.59375
-2.21588
-2.04027
-1.81511
-2.45929
-4.3081
-2.41505
-2.25144
-2.40575
-1.98319
-2.41272
-2.81914
-2.44169
-2.45489
-2.6674
-1.69065
-4.10767
-2.25523
-2.6046
-2.76148
-2.43667
-2.03662
-2.73681
-1.60062
-1.51243
-2.22514
-2.39962
-2.06549
-2.384
-1.80657
-2.39447
-1.24893
-2.01457
-3.02257
-4.07019
-2.37017
-1.30998
-3.20259
-4.22013
-2.02032
-2.3785
-2.51986
-2.61267
-2.574
-2.35726
-2.77095
-2.17609
-2.66302
-2.41909
-1.56387
-2.20206
-2.47152
-1.33214
-1.90046
-2.53843
-1.63398
-1.46384
-1.9005
-2.5717
-1.76308
-2.34849
-2.49495
-2.39453
-2.51282
-3.8784
-2.56576
-1.79963
-4.28187
-2.41447
-2.40225
-2.59092
-2.28286
-1.8785
-4.99712
-1.20154
-2.29161
-2.79346
-0.960094
-3.23937
-2.23706
-4.53145
-2.39102
-2.15609
-2.39311
-1.72299
-1.78704
-1.60794
-2.25085
-2.07813
-2.46812
-2.1942
-1.24844
-2.46556
-4.58623
-2.57441
-2.27473
-2.3305
-2.42312
-2.01018
-2.09724
-2.45144
-2.6084
-2.36985
-2.11674
-3.15135
-2.53229
-2.94081
-2.48005
-1.88457
-4.10451
-1.33799
-2.60826
-2.01345
-2.92831
-5.75637
-2.63303
-1.03164
-2.45892
-4.13657
-1.78998
-1.6527
-1.99227
-2.36788
-1.87355
-2.54466
-2.61982
-2.21583
-2.01924
-3.18198
-2.91066
-2.55792
-2.35477
-2.01828
-2.43002
-2.35855
-1.86567
-2.61258
-2.18568
-2.19986
-2.37063
-1.18612
-2.37638
-2.16426
-1.92072
-2.60586
-2.2673
-5.0262
-1.83526
-2.50769
-2.75433
-2.61442
-2.17393
-1.95881
-2.42285
-1.21373
-2.36389
-2.61286
-1.85841
-1.62669
-2.59617
-2.23508
-2.18276
-2.90073
-1.98451
-2.26227
-2.36402
-1.22313
-2.34076
-4.31183
-1.81872
-2.45332
-2.52032
-2.77755
-2.41
-1.81711
-2.36407
-2.06493
-1.97943
-2.37776
-3.62386
-1.38403
-3.09344
-3.20238
-2.83451
-2.53299
-2.79878
-2.36937
-3.74385
-2.74108
-2.48606
-1.59099
-4.98217
-4.92843
-2.45212
-2.70301
-2.30885
-2.60354
-2.50693
-1.16738
-1.99884
-2.50471
-1.76457
-1.99484
-2.57938
-2.59811
-2.51737
-2.37274
-2.32706
-1.80048
-3.8068
-2.16281
-2.59253
-4.09095
-2.14748
-1.83102
-2.60918
-1.84807
-1.9927
-2.37582
-1.81457
-1.41188
-2.19778
-2.60649
-2.36073
-2.46707
-2.56389
-2.36517
-1.7155
-2.33025
-1.56548
-2.3456
-1.79924
-2.10413
-4.68778
-1.91296
-2.56781
-2.36738
-2.60971
-2.36354
-2.13091
-5.03481
-2.32785
-2.49132
-5.05194
-2.39314
-5.13312
-1.25674
-2.14589
-3.56194
-2.26345
-2.42567
-2.50978
-2.14409
-1.72405
-1.40145
-1.63442
-2.64282
-2.34511
-1.73346
-2.37276
-2.47388
-2.59584
-2.36465
-2.44373
-2.63458
-2.18794
-2.38608
-2.20507
-3.46811
-1.75615
-1.74772
-1.91793
-2.18355
-1.99082
-1.96287
-1.60153
-1.94613
-2.58179
-2.34458
-3.04648
-2.31164
-1.99893
-2.44138
-2.71717
-2.54469
-1.99905
-2.47442
-2.40633
-1.82681
-2.60771
-2.78376
-2.29962
-2.38367
-4.53022
-2.39002
-2.44901
-1.76197
-2.15142
-2.03854
-1.8925
-2.89433
-1.88459
-2.01766
-1.88104
-1.50565
-1.22198
-1.10498
-4.76438
-2.4512
-1.43869
-2.03443
-1.09199
-2.17757
-1.44187
-1.95014
-2.46538
-2.43031
-3.24168
-2.29386
-2.1415
-1.8382
-3.62218
-1.05555
-2.39544
-1.50897
-2.57869
-2.42726
-2.39651
-1.60104
-2.12797
-2.4097
-2.57527
-2.20104
-1.7844
-2.27887
-1.92917
-2.31448
-1.91056
-2.69105
-2.08467
-2.58748
-4.67843
-2.55177
-2.4278
-2.15209
-2.41522
-3.25837
-2.15021
-2.54
-2.55587
-2.43099
-2.24483
-2.10682
-2.87764
-3.28994
-2.35515
-3.72359
-4.78486
-2.43157
-2.54315
-2.41555
-2.23165
-2.50331
-2.3011
-2.40251
-4.35266
-1.50566
-2.11887
-1.96497
-2.78418
-2.39041
-1.30097
-2.55746
-2.42195
-2.7501
-2.28305
-2.58065
-2.30894
-1.99695
-1.66828
-2.55908
-2.02529
-1.1268
-2.07007
-1.41241
-1.98142
-2.32164
-2.10383
-2.43352
-2.39447
-1.77262
-2.52288
-2.45391
-2.46871
-1.08832
-2.13024
-2.43414
-1.16456
-2.43643
-1.46353
-1.91341
-2.51573
-2.37115
-2.62023
-2.5659
-2.54621
-2.6148
-2.21113
-2.56366
-2.83175
-2.11091
-2.5756
-1.52611
-1.43617
-2.26981
-2.43977
-5.79125
-2.32079
-4.99374
-2.44465
-2.41367
-1.87953
-1.82238
-1.91593
-1.94941
-4.86911
-5.14109
-1.90114
-2.41676
-1.63866
-1.3133
-1.58429
-1.93096
-2.5158
-2.25336
-1.93126
-2.5964
-1.81654
-3.76832
-2.47458
-4.51557
-1.68183
-4.31659
-2.20191
-1.91555
-2.26804
-2.45697
-6.03562
-1.89576
-2.14544
-1.94716
-3.68245
-2.46964
-4.6782
-3.8918
-2.24001
-5.28573
-2.43609
-2.11249
-1.82945
-2.46782
-2.34618
-2.21903
-2.54136
-1.79212
-2.40304
-1.31324
-1.24106
-3.49736
-2.04566
-5.36706
-2.36778
-2.43233
-2.50127
-2.41293
-2.66941
-2.25188
-2.71393
-2.56081
-2.5018
-2.47334
-2.23773
-4.75756
-2.51332
-1.83716
-2.28139
-1.54168
-2.37043
-5.31156
-1.41797
-2.3367
-2.18661
-5.43884
-1.91209
-5.58566
-1.15916
-3.34936
-1.76406
-2.63202
-4.05274
-2.42497
-2.77952
-2.56667
-4.7886
-1.16312
-1.15579
-1.73595
-1.59439
-1.80238
-4.79288
-2.49831
-2.54197
-2.53185
-2.29221
-1.6386
-1.80331
-2.10646
-1.89185
-1.83373
-2.52933
-5.62585
-3.42511
-2.59226
-3.83638
-2.49389
-2.23104
-4.17572
-1.98459
-2.98217
-2.48398
-1.51086
-2.41948
-2.90515
-2.38362
-2.72765
-2.4604
-2.33003
-2.58535
-2.77963
-2.09575
-2.72556
-2.80331
-2.37432
-3.81202
-2.44561
-2.53507
-2.09712
-3.09163
-2.24251
-2.4752
-2.1683
-2.46599
-2.1535
-2.45273
-2.381
-2.39282
-2.48792
-2.29553
-4.33325
-1.89481
-1.50512
-1.48164
-4.46467
-1.77566
-1.77247
-2.47554
-3.57293
-2.25651
-2.11193
-4.84383
-2.30492
-5.74397
-1.67898
-1.42601
-1.91072
-2.44071
-1.08174
-2.79604
-2.40029
-2.38359
-2.49921
-3.06383
-1.63306
-4.395
-2.22575
-2.51296
-2.17751
-1.92962
-2.42097
-2.03006
-2.47133
-2.17534
-2.2946
-2.33265
-3.26259
-1.79829
-2.38297
-2.58314
-2.49226
-2.50896
-2.54566
-1.27747
-2.42041
-3.55838
-1.19538
-2.6169
-2.22252
-2.20306
-2.41941
-2.11934
-1.90257
-4.6603
-2.03261
-2.1262
-3.2316
-1.38907
-2.85787
-2.4565
-2.47658
-1.91844
-2.49
-2.34835
-2.18338
-1.31854
-1.55832
-2.77684
-2.47875
-2.51211
-4.85026
-4.56129
-3.22784
-2.38208
-1.76465
-2.03784
-2.0487
-3.43398
-1.90593
-2.70653
-2.52083
-2.10969
-2.27965
-1.93217
-2.35576
-1.16693
-2.27269
-4.19663
-2.02369
-2.45949
-2.08171
-2.45761
-1.81291
-1.86077
-2.4485
-2.17577
-1.46507
-2.31139
-3.02117
-2.61855
-2.70842
-3.38774
-2.32908
-1.56245
-2.52755
-2.19656
-4.47249
-2.02323
-3.41657
-2.24631
-1.93136
-2.64919
-1.73051
-1.49533
-3.16732
-2.47233
-4.60125
-1.575
-1.08193
-2.83364
-1.21385
-2.22462
-2.08148
-2.26752
-4.04112
-2.1053
-2.08916
-2.12017
-2.5263
-1.71396
-2.41982
-2.48339
-3.01603
-2.09332
-2.52251
-2.40695
-4.02888
-2.23737
-2.44179
-2.4199
-2.89354
-2.47227
-2.13255
-3.42185
-2.38771
-5.13478
-3.14224
-2.12844
-2.20758
-3.5406
-2.7989
-2.51506
-1.89705
-2.48818
-1.80385
-2.43088
-4.39598
-1.8774
-1.60065
-2.40394
-2.57021
-2.01046
-3.03414
-1.90546
-2.86515
-1.40698
-5.17932
-2.01784
-3.17632
-2.23865
-2.31471
-2.47521
-2.05831
-2.81808
-1.8949
-2.13863
-2.62835
-3.35387
-2.86132
-2.31056
-2.11247
-2.27323
-2.38015
-3.21796
-2.90011
-2.21978
-2.35643
-1.8955
-2.54437
-3.70668
-4.64267
-2.97263
-1.76855
-2.14522
-3.3943
-3.0576
-1.13938
-2.378
-3.5295
-4.5823
-2.44563
-2.35837
-2.39799
-2.52008
-1.57829
-2.20869
-1.36478
-4.37238
-2.35249
-2.27768
-2.46332
-3.01608
-2.16013
-1.79816
-3.42213
-3.4499
-1.78785
-1.83936
-1.72956
-2.37427
-2.02873
-2.10938
-2.05705
-2.55979
-2.45039
-2.41696
-3.02456
-2.29775
-2.43674
-1.44268
-1.47991
-1.05835
-2.1974
-2.39277
-3.52772
-2.65922
-3.84657
-2.10032
-1.70916
-2.56857
-2.37825
-2.48401
-1.86722
-3.56375
-1.87644
-1.72565
-1.96725
-2.12293
-2.12182
-5.05916
-1.7923
-1.33159
-2.71592
-2.14932
-2.28567
-1.27394
-2.27333
-1.98941
-4.82866
-1.97158
-2.16383
-2.03375
-2.13653
-2.84019
-2.38779
-2.6375
-2.54695
-1.97015
-2.98478
-2.06483
-2.65053
-2.49593
-2.26989
-2.16683
-4.02894
-3.30339
-2.01782
-2.50151
-2.70131
-3.35499
-2.34768
-2.43606
-2.0083
-1.77798
-4.21404
-2.48646
-3.11599
-1.69766
-3.56912
-2.0463
-4.09096
-1.69249
-1.49846
-2.20227
-2.38259
-2.48441
-2.2607
-2.14547
-2.47484
-2.35357
-3.87939
-3.48079
-2.49847
-3.12834
-2.09911
-2.43071
-4.24166
-1.88993
-2.13428
-2.00933
-1.95379
-1.95452
-2.51631
-1.33405
-4.57253
-4.82349
-1.43535
-1.27348
-1.7037
-2.41797
-2.40844
-1.69285
-3.87983
-2.1079
-2.3567
-2.26841
-2.80238
-2.35089
-3.01393
-2.4845
-2.09956
-1.84218
-2.49794
-2.37693
-2.42818
-2.33465
-2.18711
-1.66089
-3.09841
-2.47265
-4.7365
-1.85202
-2.81682
-3.00562
-1.75781
-2.38677
-2.45629
-2.14245
-1.98365
-5.27133
-2.60717
-4.40608
-2.16769
-4.59473
-1.85072
-2.67371
-1.87752
-2.75894
-2.12707
-2.18026
-4.85083
-4.05395
-2.6227
-4.43541
-2.11464
-1.85799
-2.44763
-2.41014
-2.31269
-2.91004
-1.32795
-4.5704
-2.61765
-2.55206
-2.56887
-3.48699
-2.46876
-1.98411
-1.76077
-2.46707
-2.08753
-4.1902
-4.75488
-1.99779
-2.28008
-2.47065
-2.19372
-2.0777
-1.08461
-2.44345
-2.19178
-2.01186
-3.18578
-1.8846
-4.64576
-2.14213
-2.03192
-2.56475
-2.84448
-3.29709
-2.28498
-2.03307
-2.36206
-1.85988
-2.13488
-2.46172
-2.79654
-2.59693
-2.78744
-1.94309
-2.75322
-2.40369
-2.41388
-1.93453
-2.58908
-1.04551
-3.51587
-2.42381
-2.55082
-1.98326
-2.8178
-3.40314
-2.62836
-3.50456
-1.52256
-1.48482
-1.19871
-2.26992
-4.03254
-2.46288
-2.4001
-1.78587
-2.07125
-2.40072
-1.15855
-1.62211
-2.69344
-1.03409
-1.43508
-2.45106
-4.50489
-2.83638
-1.84574
-2.8598
-3.7211
-2.17991
-1.74664
-4.17892
-2.46839
-3.90399
-2.03491
-2.463
-2.49265
-2.62675
-4.44334
-2.15067
-2.44889
-1.9526
-3.00893
-0.674581
-1.67592
-2.67449
-2.37297
-2.39198
-1.85144
-2.13959
-1.74229
-2.51632
-3.06686
-1.98992
-2.29897
-1.82438
-1.05374
-2.41355
-3.33095
-2.00374
-2.70395
-4.04817
-2.4484
-2.01213
-2.81713
-2.04947
-1.93159
-4.01806
-1.24741
-2.20673
-4.72011
-2.11639
-2.267
-2.04071
-3.09656
-2.00362
-2.17507
-2.40018
-1.89252
-1.3178
-2.96849
-1.8586
-2.44236
-5.05188
-1.85269
-2.12547
-1.85774
-3.15769
-2.04105
-3.71953
-3.82916
-4.05817
-1.87866
-2.06654
-1.64173
-3.16981
-1.5582
-1.73874
-2.48003
-3.64113
-2.46085
-2.4301
-2.35426
-2.48166
-2.38
-1.9917
-2.34979
-3.79032
-2.06556
-3.82287
-1.83428
-2.40047
-2.42082
-2.84124
-1.27607
-2.10672
-2.75305
-1.95113
-4.8414
-2.11994
-3.71845
-2.4716
-2.57346
-4.83756
-2.3978
-5.26409
-2.44173
-2.55099
-1.81684
-1.93768
-2.07997
-3.00041
-2.48133
-3.68683
-1.17152
-2.44411
-2.39552
-2.59788
-2.22176
-3.74551
-3.23636
-3.50238
-2.41164
-1.51026
-2.79125
-1.09337
-1.72608
-2.39213
-1.99206
-3.3617
-1.489
-1.98673
-1.98605
-4.85929
-2.37266
-2.00628
-2.60512
-2.46805
-2.47504
-4.67315
-2.03741
-1.83791
-2.12266
-4.94032
-2.94543
-1.94281
-1.99625
-2.43146
-2.16258
-2.27836
-2.56261
-2.47947
-2.80134
-2.57822
-2.39408
-2.42502
-2.00342
-3.40368
-1.14986
-1.20256
-1.84645
-1.75082
-2.40734
-2.41004
-2.11853
-3.38728
-1.86141
-1.18234
-1.98624
-2.4323
-3.24424
-3.65479
-2.35738
-2.49148
-2.01475
-2.36879
-1.87527
-1.97177
-1.85438
-3.13556
-2.39944
-2.27146
-2.41648
-2.37278
-4.94757
-2.09851
-2.09977
-2.07067
-1.9114
-2.55348
-3.84038
-2.5071
-2.43065
-1.06008
-2.41967
-2.29948
-1.87118
-1.9107
-3.68746
-3.72504
-2.33702
-1.0611
-2.64211
-1.97496
-1.19596
-3.5564
-1.14591
-3.15529
-1.5257
-2.02633
-3.31462
-2.16447
-1.13036
-2.82114
-2.55477
-1.31286
-2.06359
-1.81321
-2.4214
-2.43052
-2.67256
-3.75636
-3.68595
-2.42231
-1.21483
-1.65737
-2.22026
-2.37759
-1.45299
-3.17348
-2.36318
-1.42924
-2.30847
-1.86261
-1.82732
-1.9687
-3.20873
-2.25697
-2.91892
-1.9867
-1.88795
-1.93766
-1.87692
-1.84052
-2.51968
-1.91938
-2.10403
-1.83398
-1.71527
-1.63589
-1.78425
-1.88976
-2.27787
-2.51059
-5.3552
-2.87226
-2.36253
-3.76227
-5.75012
-3.11862
-1.69847
-1.98339
-4.58402
-1.91026
-1.18142
-1.83166
-4.13261
-2.90776
-2.33264
-3.60609
-2.8249
-2.08824
-1.49724
-1.66394
-1.11899
-2.44184
-2.38412
-1.84546
-1.99139
-3.44631
-2.91743
-2.57898
-2.36966
-2.37484
-2.36835
-5.67486
-2.34652
-1.94167
-2.17029
-2.10023
-2.48632
-2.24726
-1.85605
-2.12016
-4.51985
-2.045
-1.90821
-2.47114
-2.57246
-3.22897
-3.7083
-1.14408
-1.92499
-2.27556
-1.83633
-2.74127
-1.95133
-1.94671
-5.22078
-3.27553
-4.69705
-2.14059
-2.94667
-2.04948
-2.91581
-2.97448
-2.38825
-1.50499
-3.25999
-1.57808
-5.53392
-2.75213
-1.95831
-2.92149
-3.62005
-3.87339
-1.71171
-1.9306
-3.55845
-2.54562
-1.76603
-4.93441
-1.12606
-3.03263
-3.9435
-2.04506
-2.07954
-2.40751
-1.88897
-1.05273
-2.50536
-1.7728
-1.16183
-1.20299
-2.42736
-1.15457
-2.68475
-4.04
-1.81632
-3.73115
-2.5641
-2.52502
-1.84023
-2.44406
-3.94988
-1.04283
-1.4516
-1.65915
-4.25602
-2.44257
-3.47357
-2.50161
-2.44233
-2.07265
-3.984
-1.41605
-1.6911
-3.58186
-2.43999
-1.96811
-2.38348
-1.89034
-2.48006
-2.40192
-4.64521
-2.05315
-2.50886
-5.39931
-3.95085
-2.16402
-1.73253
-3.9006
-2.38117
-2.47485
-2.39021
-3.74116
-4.99649
-1.84534
-3.94959
-3.39011
-2.39603
-1.9036
-2.0699
-1.92524
-1.8473
-2.15106
-2.46024
-1.37562
-2.31457
-2.42768
-2.55413
-1.9929
-2.64166
-1.17802
-4.69165
-1.40396
-2.46316
-2.57099
-3.96829
-2.36973
-2.78752
-2.61866
-3.00365
-2.70445
-1.93789
-2.34004
-1.17386
-5.01776
-2.43259
-2.36825
-1.87
-1.98536
-3.18779
-5.31799
-5.81097
-1.3321
-4.15214
-4.43384
-1.21481
-4.50309
-2.21706
-4.9374
-2.44546
-2.43398
-1.51542
-1.46514
-1.35858
-2.43492
-1.19482
-4.81603
-4.20349
-2.74728
-1.69906
-1.85457
-2.15309
-2.42861
-2.41477
-2.48631
-2.38753
-2.34762
-1.07434
-2.03368
-2.00396
-1.77038
-2.4362
-1.78854
-1.84301
-1.74303
-1.88993
-1.90857
-4.20787
-1.98238
-1.63921
-2.70471
-1.70669
-3.3892
-2.59627
-2.03054
-2.30205
-2.85856
-2.25459
-2.78261
-1.92258
-1.83117
-1.90158
-1.64954
-1.44508
-4.93959
-5.15924
-2.28585
-2.1968
-3.31307
-2.09474
-3.27454
-2.16331
-1.57126
-1.10501
-2.48101
-2.47739
-1.94026
-4.75642
-2.1319
-2.4019
-2.02276
-1.93606
-5.25986
-4.92368
-2.5836
-2.03834
-4.20629
-1.83157
-2.21044
-1.74411
-2.46454
-2.37415
-2.64123
-3.49337
-1.618
-2.55732
-2.0503
-1.21544
-1.87332
-2.0456
-1.3632
-2.82666
-2.25153
-2.94495
-3.74305
-2.37592
-1.40208
-3.11163
-2.54621
-2.19461
-1.26532
-2.96705
-4.76983
-1.97677
-1.45736
-4.72371
-1.78841
-1.97823
-1.82905
-1.92487
-3.19966
-2.57088
-4.19777
-2.47997
-2.02904
-2.1343
-2.02999
-2.39542
-2.0673
-5.24105
-4.27527
-3.0516
-1.7178
-2.35629
-2.04342
-4.18613
-3.6491
-2.42062
-1.5673
-2.07197
-1.1871
-2.38738
-2.09932
-1.63186
-1.54473
-4.67298
-2.43054
-1.32968
-2.44251
-1.60933
-1.88365
-3.65592
-2.962
-1.1417
-2.33229
-2.44548
-2.52319
-1.49581
-2.09733
-1.91502
-2.39218
-2.52007
-1.91019
-2.01367
-2.0342
-2.10924
-2.39836
-2.02007
-4.33645
-2.48234
-2.43897
-1.67159
-1.65184
-5.02646
-2.53072
-2.44966
-2.37376
-2.48033
-4.24565
-4.73882
-2.36247
-4.21113
-1.88412
-2.48721
-2.13791
-1.43535
-1.97677
-2.54669
-1.83177
-2.7378
-3.10536
-2.2494
-2.59403
-1.61177
-1.99527
-1.57038
-1.96605
-2.35293
-1.75268
-0.84094
-2.34268
-2.44235
-1.29577
-2.12589
-2.17829
-2.44928
-2.51061
-2.18752
-2.67066
-2.13464
-2.13111
-1.90013
-1.89592
-2.48004
-2.34966
-2.77649
-2.377
-3.3194
-1.77259
-1.38834
-4.34649
-2.31765
-2.62485
-2.50527
-2.45746
-3.89584
-2.48338
-2.00938
-5.52201
-0.717897
-2.07715
-2.9132
-4.87515
-3.56537
-2.22386
-2.414
-2.42218
-1.98081
-1.88286
-3.36473
-1.91407
-2.43451
-2.60499
-3.79259
-4.07962
-3.67651
-1.39906
-2.03075
-2.88966
-1.92027
-4.46905
-2.54521
-2.10786
-1.22558
-1.56525
-2.36154
-3.95957
-5.3578
-1.5991
-2.50628
-2.36682
-1.93505
-2.24181
-2.42268
-3.62895
-2.44888
-1.90911
-1.97738
-3.70138
-3.72078
-3.9277
-3.00004
-2.0117
-1.97624
-1.63097
-2.57572
-4.05495
-2.20806
-2.02281
-2.35324
-2.37229
-1.398
-2.63127
-1.83488
-1.14935
-2.8312
-1.81047
-1.89104
-3.03917
-1.73977
-2.46481
-2.45537
-1.82607
-4.1966
-1.91182
-1.84515
-1.90597
-1.91274
-2.54206
-1.94977
-1.96123
-2.48997
-2.58346
-1.785
-4.73169
-4.057
-2.12818
-1.67498
-2.81808
-1.80787
-5.66364
-2.52108
-4.6855
-2.10676
-2.9312
-1.89335
-1.96015
-2.61677
-2.0171
-1.97978
-5.2262
-2.44724
-2.48057
-4.40061
-3.24071
-3.15528
-1.69191
-1.99169
-5.22958
-2.53642
-2.39675
-1.62579
-2.03835
-1.63953
-4.50387
-2.41482
-2.55702
-1.29811
-2.23344
-2.40795
-2.15875
-1.44057
-1.7152
-2.60058
-2.22134
-2.95047
-2.482
-2.3575
-2.51854
-5.3237
-1.80254
-1.7812
-2.4966
-4.9062
-2.62997
-1.81193
-2.56478
-4.53773
-1.76571
-1.96939
-5.18251
-3.68625
-3.44671
-1.84554
-2.9255
-2.70789
-2.39825
-1.72591
-2.4878
-2.50303
-1.77072
-1.34342
-2.41132
-2.18084
-3.40536
-2.46148
-1.20178
-1.72512
-2.42943
-1.38287
-2.52664
-2.61342
-1.87351
-2.59131
-1.1222
-1.53066
-3.34893
-3.09664
-3.55632
-5.8234
-2.26661
-2.45667
-2.13088
-2.43076
-1.62891
-2.3252
-2.38846
-1.11671
-3.06928
-2.63823
-1.66274
-2.16039
-2.08423
-1.14909
-2.40003
-1.83579
-5.53635
-2.56569
-1.94178
-3.07607
-1.71525
-3.03012
-1.78243
-1.9172
-2.45398
-3.69133
-3.97767
-2.48295
-1.60584
-2.68601
-2.59118
-1.57579
-2.36559
-2.64006
-5.21159
-2.54857
-4.10661
-2.3272
-1.17144
-2.10131
-3.66652
-2.79767
-2.47122
-2.38576
-3.06591
-2.45857
-1.56156
-1.9529
-2.66323
-2.2699
-2.62362
-2.57318
-2.14251
-2.52741
-1.3878
-1.57332
-2.36133
-1.74415
-1.94512
-1.81475
-2.60417
-3.2452
-2.87503
-1.61257
-1.51142
-2.3792
-1.62108
-2.7869
-2.24595
-2.5936
-1.62929
-1.89598
-1.21258
-2.4176
-2.5044
-4.06546
-1.87243
-1.50589
-3.2926
-1.8429
-1.10943
-1.82548
-1.41206
-1.52989
-2.61047
-5.0166
-2.5954
-2.57268
-2.59341
-4.22232
-1.02842
-3.29928
-3.28893
-1.87102
-4.00361
-2.00701
-4.56159
-3.07448
-1.87084
-2.35446
-2.61815
-2.65489
-1.80068
-2.5941
-1.58366
-2.40493
-4.52492
-3.0763
-2.19288
-2.01751
-2.94815
-1.84068
-1.92292
-2.04239
-1.38361
-5.23479
-2.27784
-1.72696
-2.13681
-1.54243
-2.60284
-1.82125
-1.51336
-4.93224
-1.7368
-2.4919
-3.59636
-3.99203
-5.49803
-1.5936
-2.52526
-1.37204
-2.48481
-4.60566
-2.64998
-1.86027
-3.02876
-4.67649
-3.03902
-1.34675
-1.12878
-3.13928
-2.82264
-2.3857
-1.94826
-2.61609
-2.96445
-2.61773
-3.61397
-1.25137
-2.56844
-2.60473
-1.11114
-1.85463
-1.68164
-2.19025
-2.05793
-1.94145
-2.46677
-5.44386
-1.12249
-1.86533
-1.89211
-1.90982
-2.58665
-2.55163
-2.31101
-1.31914
-2.59113
-4.01639
-3.95636
-5.30651
-2.1091
-2.6059
-1.79475
-1.34666
-1.63203
-3.11217
-4.13849
-1.84809
-1.49835
-2.39386
-3.96578
-2.47139
-2.99282
-3.99308
-2.5826
-2.39641
-3.52294
-2.60696
-1.56051
-1.53523
-1.26999
-2.87929
-2.44074
-1.81109
-2.57228
-2.40461
-3.85722
-5.34659
-2.92774
-3.64841
-2.02649
-1.66475
-2.35924
-0.835613
-1.92908
-2.42633
-1.551
-2.12904
-1.94562
-1.85047
-3.00884
-2.57043
-3.70504
-1.82673
-2.3617
-4.03515
-1.94083
-2.41007
-1.82945
-2.1604
-1.69663
-3.69823
-2.56199
-5.36548
-1.59633
-2.1301
-2.50484
-2.34972
-2.2482
-2.2287
-2.15402
-2.5103
-4.09577
-2.39905
-1.44533
-1.43877
-1.94297
-4.28833
-2.81075
-4.28788
-1.5353
-2.4606
-1.85865
-3.98607
-1.90944
-1.76837
-1.93312
-2.66835
-3.25882
-2.44443
-1.25295
-2.4386
-1.96542
-2.51221
-1.87471
-4.81819
-3.3553
-2.1183
-2.16832
-4.93881
-1.56537
-3.9231
-4.38708
-2.03988
-4.8201
-1.98873
-3.72603
-1.3563
-2.30045
-2.70884
-1.68256
-1.87308
-2.93801
-1.70748
-2.58698
-4.52582
-1.94815
-1.90025
-2.36955
-1.82849
-2.25917
-3.92551
-4.67814
-2.67099
-2.47663
-4.72792
-1.55577
-3.08029
-2.43917
-1.65897
-3.41188
-1.95644
-1.84152
-3.24788
-1.08104
-2.39092
-2.27349
-2.6354
-4.89156
-1.99274
-1.37264
-3.90062
-2.57552
-4.07298
-4.66501
-1.22431
-1.94117
-2.43081
-4.11397
-1.9179
-2.70032
-2.58261
-2.07933
-3.48382
-1.5933
-1.9391
-1.80914
-5.10268
-4.584
-3.83825
-3.17634
-2.14001
-1.5573
-2.43129
-2.08163
-2.71862
-1.74845
-1.97155
-5.26153
-2.37995
-4.12446
-2.37009
-2.66039
-1.5903
-3.71138
-2.37468
-4.60522
-1.51379
-2.3568
-3.19815
-3.3554
-2.63717
-2.80198
-1.54519
-1.8553
-5.33197
-2.79625
-2.33789
-1.61555
-4.14251
-2.43581
-1.76465
-2.34433
-2.25661
-4.67285
-1.9258
-1.86812
-1.58417
-2.3504
-2.35539
-1.81741
-2.0322
-1.56772
-2.09272
-1.81633
-2.13794
-3.15639
-2.45017
-5.20724
-2.89148
-2.49405
-1.56064
-1.82093
-1.3501
-1.90918
-2.28255
-2.39476
-1.86502
-2.11957
-2.39283
-2.00532
-2.678
-2.1511
-2.14314
-2.38137
-3.16313
-1.64151
-4.3349
-3.25582
-3.09555
-1.10684
-3.77005
-3.63549
-1.71543
-1.7788
-3.08807
-1.80968
-2.29752
-1.2136
-5.69394
-2.38894
-2.08864
-3.16398
-2.60459
-2.82271
-3.31242
-3.46545
-2.17688
-0.981333
-2.42395
-2.48473
-1.91507
-3.74785
-1.94082
-2.55625
-2.43467
-1.81734
-1.06568
-2.00689
-4.04023
-1.40278
-1.9553
-1.7354
-1.78071
-1.73148
-2.1019
-1.07727
-1.97681
-1.37089
-2.40983
-3.05906
-1.22921
-2.7219
-2.35369
-2.3448
-4.19173
-2.59127
-3.99344
-1.74202
-1.87673
-1.81911
-2.57297
-1.9701
-1.81149
-4.1292
-1.72821
-4.73923
-2.49073
-1.90065
-2.15435
-2.38894
-4.0113
-2.58741
-4.40683
-2.50091
-2.49548
-1.16485
-1.79747
-3.72292
-1.06901
-2.49685
-1.79509
-2.52005
-1.92658
-2.39781
-2.52973
-1.78516
-1.3808
-2.41903
-2.06748
-2.03275
-2.20925
-2.99154
-4.41602
-2.0899
-1.31742
-3.1986
-2.5201
-2.39341
-3.18074
-5.32535
-1.88124
-1.4945
-2.57749
-2.48839
-1.81841
-1.75841
-2.472
-3.1229
-1.74029
-4.15952
-2.51498
-5.27564
-1.44449
-3.08859
-1.37621
-2.52171
-4.59323
-1.82861
-2.8682
-3.03619
-3.51628
-2.35513
-1.13854
-0.772436
-5.22891
-1.44453
-1.27714
-2.1344
-1.65894
-2.38948
-5.18676
-1.70718
-2.53324
-3.67396
-1.69937
-1.94101
-4.14688
-2.54597
-1.62385
-1.72376
-2.5915
-2.43804
-1.09317
-1.09317
-1.71236
-1.36209
-2.40005
-1.91375
-2.05284
-3.01445
-2.38331
-4.28777
-2.59756
-1.37502
-1.90445
-4.99927
-2.06444
-1.04011
-2.43417
-1.31899
-1.12659
-2.52797
-1.33423
-1.88507
-1.81374
-1.71555
-2.47928
-3.23325
-3.98153
-2.51054
-2.36213
-1.19131
-2.85847
-1.99999
-3.81343
-4.68171
-2.01917
-1.85795
-1.74993
-2.02516
-4.92954
-2.79363
-3.71008
-2.0423
-2.60577
-1.06952
-1.81725
-2.6154
-1.99473
-1.80856
-2.38804
-2.18862
-1.34406
-3.66501
-2.35754
-1.82189
-1.88015
-1.35044
-3.44616
-5.64186
-1.70923
-2.26337
-5.23844
-4.21807
-1.48004
-1.69935
-1.09823
-1.88428
-1.94053
-2.89488
-2.38739
-2.93238
-5.18481
-3.82814
-2.66465
-1.60373
-4.13285
-2.38982
-2.49169
-1.20586
-2.37803
-2.66963
-2.11899
-2.61216
-0.962321
-1.13903
-1.74213
-1.54687
-4.08057
-1.79831
-5.19625
-1.57356
-2.23863
-2.55878
-2.62955
-2.14228
-4.9239
-2.0624
-2.31931
-2.99773
-1.88704
-1.66614
-2.03466
-2.69358
-1.65162
-2.74794
-2.38375
-1.87544
-2.59446
-2.6268
-1.76706
-2.39893
-2.4943
-4.49266
-4.84013
-5.75726
-4.02834
-3.09036
-2.4096
-5.09986
-2.80074
-2.55367
-2.38671
-2.24895
-1.8559
-2.07355
-1.30544
-4.49974
-2.4593
-3.1694
-3.7206
-3.26827
-4.67
-1.82224
-2.43481
-1.58369
-1.80802
-3.15581
-2.90598
-1.69956
-1.17487
-1.8738
-2.39337
-2.70223
-2.80449
-4.07684
-1.30692
-1.16112
-3.22833
-2.4872
-2.62813
-2.38002
-1.8386
-1.46501
-4.07665
-1.68389
-2.66608
-1.51945
-1.33009
-2.37898
-0.792871
-4.8179
-1.67142
-1.54911
-3.45952
-2.94148
-3.53577
-2.15364
-2.57953
-3.5775
-1.88392
-2.30245
-1.81029
-1.84611
-4.67556
-3.70947
-4.53889
-3.88544
-1.95946
-3.95508
-2.10439
-2.02074
-2.31315
-1.46063
-2.42679
-1.73778
-5.56477
-2.70496
-2.74796
-2.26127
-1.29433
-1.85188
-4.46044
-3.95756
-3.11961
-3.72364
-1.81095
-2.38897
-2.18957
-1.58741
-1.68855
-1.47909
-1.7424
-2.59188
-1.90682
-1.65197
-1.55443
-4.2279
-2.37081
-1.46074
-3.96383
-1.30137
-1.65435
-1.03726
-1.15397
-1.86568
-1.34206
-2.61394
-1.63749
-4.00004
-1.1491
-5.71488
-1.86568
-2.23471
-1.92271
-2.43948
-3.75233
-1.91074
-1.08921
-1.71109
-1.83649
-1.11687
-4.62662
-4.58969
-5.6748
-1.94273
-0.8536
-1.83332
-4.56462
-2.81358
-2.4211
-2.53824
-4.00344
-2.8255
-2.56078
-2.15227
-1.83272
-2.15585
-2.46757
-2.01382
-1.80106
-2.5017
-3.83192
-2.37963
-2.35932
-1.19125
-2.25307
-1.44662
-4.5297
-1.29363
-2.60976
-1.7848
-3.30956
-2.48946
-3.23849
-5.76293
-2.54309
-1.23075
-2.44889
-2.40731
-5.1934
-4.01871
-1.62061
-3.2039
-3.89654
-2.30213
-1.69976
-1.8393
-1.83689
-1.12178
-1.80184
-3.86915
-2.51515
-1.26287
-2.45976
-1.22584
-2.90076
-1.09495
-2.4699
-3.61136
-1.8037
-1.46076
-1.25328
-3.47092
-2.46903
-2.32374
-2.67256
-2.40129
-1.86014
-1.96948
-1.64458
-2.37501
-1.30133
-5.73015
-4.28458
-1.84696
-1.70577
-2.42652
-4.90447
-2.16242
-3.82227
-2.40091
-4.16137
-4.04673
-2.50627
-2.00192
-4.913
-2.48228
-1.86535
-4.0685
-1.9972
-3.80284
-2.85943
-3.823
-1.81184
-2.38921
-2.13029
-2.07358
-5.30843
-3.39563
-2.65997
-1.51558
-2.23138
-3.38958
-4.87304
-1.02544
-2.30124
-1.47773
-4.9221
-2.98431
-1.9002
-1.87819
-2.02618
-2.68497
-1.7541
-2.45279
-4.77507
-3.83344
-2.52274
-2.01879
-4.74834
-4.14698
-3.76724
-2.56925
-2.46088
-2.10695
-4.56031
-2.1257
-2.37284
-2.68496
-1.59158
-1.06347
-3.13296
-4.66715
-1.54197
-2.23619
-2.69313
-2.42876
-1.12301
-3.36099
-2.50553
-1.44538
-2.39867
-4.17657
-1.77028
-1.60387
-1.63223
-4.2023
-2.44858
-1.19909
-1.70987
-2.41517
-1.8722
-2.75257
-2.09547
-1.80502
-3.02309
-3.30574
-1.65807
-2.57157
-3.28904
-2.47452
-2.78464
-1.6784
-1.71873
-1.65991
-2.57965
-1.16079
-1.99558
-2.34422
-3.77275
-3.99779
-1.93956
-1.73216
-4.08595
-3.78928
-2.0004
-2.35346
-1.49549
-4.81722
-1.7647
-4.33286
-2.52839
-2.21667
-2.08483
-1.93473
-1.84688
-2.63698
-1.97524
-2.48462
-1.95548
-2.35697
-3.15045
-2.47083
-2.49689
-2.19651
-2.04919
-2.42769
-2.12081
-3.31735
-1.80978
-5.3545
-2.54657
-2.27471
-0.81751
-2.47489
-1.28989
-1.18897
-4.13468
-4.01252
-4.59537
-3.10117
-1.67338
-2.38992
-3.76777
-2.82254
-1.91839
-2.68471
-1.486
-3.45349
-2.39425
-2.54763
-1.638
-3.36365
-3.40835
-1.78982
-2.69086
-2.55619
-3.27671
-2.51017
-1.91665
-3.37512
-1.97659
-1.97282
-1.09481
-2.68891
-3.27118
-2.50982
-1.87142
-2.11079
-1.22878
-3.14566
-3.10725
-1.37893
-1.31137
-3.84351
-1.92086
-1.7961
-3.04381
-1.90475
-2.79359
-4.67447
-2.51915
-1.82804
-4.29471
-4.15713
-2.10606
-5.95632
-1.84638
-4.53672
-1.28131
-1.0927
-1.92801
-1.57434
-2.35882
-1.12753
-3.79391
-1.7564
-3.80832
-1.84205
-2.48451
-1.27836
-2.54056
-2.1904
-1.83427
-2.4473
-1.16431
-4.04451
-1.4496
-2.25166
-3.00519
-1.88894
-2.87741
-1.84076
-2.25555
-2.46422
-2.34986
-1.57787
-2.48053
-1.97007
-1.832
-1.81198
-1.15045
-1.15286
-3.13614
-2.38374
-2.34382
-2.48593
-3.11501
-1.88487
-2.87861
-4.46589
-2.64965
-3.29708
-2.94882
-1.78193
-3.37635
-1.99245
-1.82296
-2.66071
-4.60571
-2.37084
-1.89812
-3.65653
-2.51928
-2.27415
-2.94738
-2.65342
-3.07246
-2.46116
-1.34133
-3.05066
-2.61286
-3.67583
-2.45513
-1.91593
-3.19946
-4.5623
-2.77396
-3.48469
-2.39894
-2.62093
-3.9859
-1.66664
-1.82823
-2.50546
-1.8711
-2.46878
-2.49339
-3.33122
-1.87282
-3.84667
-3.26066
-3.37685
-2.47184
-1.80034
-2.72356
-2.58984
-5.23977
-1.619
-2.40713
-1.79575
-1.13248
-1.41474
-1.60443
-2.24627
-2.21584
-1.84406
-1.22157
-3.38904
-2.47121
-2.50366
-1.80534
-2.60956
-1.93722
-1.61628
-4.48245
-1.24929
-1.6
-3.81835
-1.64296
-3.81237
-2.36171
-2.79202
-2.38382
-1.42697
-2.78248
-5.178
-1.96147
-2.47636
-1.8773
-2.7222
-2.86445
-1.65493
-1.85088
-4.12917
-1.84623
-2.02083
-2.59099
-1.2885
-1.1878
-3.45687
-3.8811
-1.47488
-1.61487
-3.39876
-3.17261
-2.44092
-2.02595
-2.55334
-1.41376
-3.03254
-1.84251
-1.76494
-2.89746
-3.31105
-1.7972
-2.93297
-1.76543
-2.5926
-3.53438
-2.90246
-1.80263
-2.53646
-1.93478
-5.25024
-1.06254
-4.15252
-2.21874
-5.18575
-2.48108
-3.85723
-1.78354
-2.30865
-2.40152
-1.9368
-4.39497
-1.84202
-4.80833
-4.44309
-1.82727
-1.79014
-1.66079
-3.40113
-1.19678
-1.90282
-3.33339
-1.14718
-2.55495
-1.83513
-3.98449
-2.45859
-1.94791
-3.03072
-5.1689
-4.45543
-1.75741
-2.53293
-3.85083
-1.27876
-2.41836
-1.70004
-2.35185
-1.56626
-1.18794
-1.86085
-4.46249
-2.48918
-1.40046
-2.45368
-2.39483
-1.92243
-1.16591
-1.82421
-2.41653
-2.41902
-3.43376
-1.84136
-1.52083
-1.93002
-2.3602
-1.62537
-2.39657
-2.61057
-1.45057
-3.92377
-2.19221
-2.80466
-4.4203
-5.18851
-3.14353
-4.80644
-2.47801
-2.51637
-4.12676
-1.06799
-1.88573
-1.012
-2.80113
-1.27412
-2.71846
-2.48432
-1.1369
-5.03778
-1.52233
-2.36278
-1.26006
-3.12259
-1.86084
-1.05653
-2.77344
-1.9879
-2.48599
-3.63396
-3.50333
-1.23904
-3.93805
-3.47765
-2.75311
-2.29065
-2.32743
-1.27054
-3.65631
-3.48597
-2.58872
-3.8381
-2.0933
-4.97984
-2.3606
-1.4794
-3.58462
-4.13211
-2.55583
-1.82316
-1.28414
-1.48697
-2.67648
-4.86663
-3.33173
-1.79164
-1.93931
-1.82624
-1.10198
-4.69178
-1.09711
-1.88252
-2.28491
-2.11664
-3.60571
-2.92609
-3.25818
-2.49459
-1.82208
-2.17574
-2.53717
-2.38947
-1.96647
-1.30546
-2.50323
-3.24488
-2.21987
-4.45654
-3.80122
-2.3665
-2.07779
-1.59754
-2.43633
-1.60913
-1.7791
-2.54926
-1.8552
-2.48295
-1.58366
-2.74795
-2.23574
-1.3149
-1.448
-1.08729
-2.1624
-1.64272
-4.4585
-5.16497
-2.45234
-1.92456
-1.10306
-3.47846
-1.91503
-2.80202
-4.9758
-2.44663
-2.43783
-1.33586
-1.28435
-2.47866
-1.86029
-1.91965
-1.39875
-2.82897
-2.48874
-1.98501
-2.36971
-2.35981
-1.26787
-2.38806
-2.65479
-2.40581
-1.72485
-4.31224
-1.93302
-2.40007
-4.2932
-1.44609
-1.9322
-1.62679
-2.47259
-1.07861
-3.81542
-2.87061
-4.07595
-1.84161
-2.419
-4.52414
-2.85654
-3.9454
-2.02712
-1.46214
-3.4689
-1.76764
-1.30438
-1.42374
-5.39801
-1.64706
-3.69019
-1.40966
-2.41391
-1.91705
-1.84562
-2.54162
-3.13159
-3.92703
-1.8709
-1.24534
-1.12013
-1.17114
-3.68061
-1.55646
-4.02502
-1.79086
-2.54557
-2.54715
-2.52068
-1.60906
-1.16877
-1.01314
-1.86944
-1.53558
-1.04276
-1.06941
-1.27093
-4.10174
-1.10289
-2.22992
-1.90993
-2.48781
-5.1869
-4.75393
-1.14635
-2.5024
-4.79406
-2.6073
-3.34201
-3.19832
-2.45874
-1.91337
-6.02239
-1.78733
-2.42566
-1.86703
-2.8468
-1.51243
-2.55846
-1.54099
-2.45081
-2.44601
-4.43526
-3.22832
-3.32926
-3.35215
-3.05407
-2.75534
-3.40537
-3.41599
-1.24123
-3.18481
-2.41872
-1.5116
-1.28217
-3.39564
-3.2275
-2.39312
-1.78306
-2.5159
-4.52583
-1.98232
-1.832
-3.13291
-1.83998
-1.78426
-1.75605
-4.67892
-2.48667
-2.07064
-2.40639
-1.44175
-1.12064
-4.99198
-1.99568
-1.81895
-3.59727
-1.78059
-4.55482
-3.19655
-2.61473
-3.41642
-2.76741
-2.90552
-2.36057
-4.43189
-2.5703
-3.26873
-1.72912
-2.39662
-1.41703
-3.77339
-2.82975
-2.54313
-3.14975
-1.75273
-1.6195
-2.03385
-2.53107
-4.88874
-1.5937
-1.52905
-4.70218
-2.3976
-2.41785
-2.92611
-1.76182
-4.43581
-1.86655
-2.45982
-2.45329
-1.80207
-2.51248
-2.48144
-1.75052
-1.82937
-1.77131
-3.34727
-4.80053
-1.78784
-1.84932
-1.77007
-2.49446
-2.70748
-2.36201
-2.81347
-1.7328
-1.69947
-2.5804
-1.82146
-3.4781
-2.59517
-2.38806
-2.45554
-2.15462
-1.42978
-1.39717
-3.25886
-5.17736
-1.75634
-1.80281
-3.50906
-5.03702
-1.97699
-2.41878
-3.31846
-4.06832
-1.90164
-4.21598
-1.50436
-2.5288
-1.58184
-3.15555
-4.85196
-2.50031
-1.52248
-4.26023
-1.41922
-1.8013
-2.39413
-1.91013
-1.45056
-2.14657
-2.57423
-1.32969
-2.43903
-1.97391
-1.74472
-1.89845
-1.65867
-2.81341
-2.77023
-2.46683
-1.65578
-2.0402
-1.6533
-1.51532
-3.18339
-3.89321
-2.40879
-5.81271
-4.96007
-3.38135
-2.17462
-3.27444
-2.20548
-1.76241
-4.06787
-1.32956
-2.38727
-1.37356
-3.93271
-1.09109
-3.22025
-1.17973
-2.54496
-3.59987
-4.48473
-1.82576
-4.12028
-1.80777
-3.26879
-3.77399
-4.79367
-1.13959
-1.75986
-3.12847
-1.52807
-3.74551
-3.06437
-2.69051
-1.23158
-3.02565
-1.43293
-1.53252
-2.95848
-0.81611
-3.93175
-1.06854
-3.72623
-2.3324
-3.25653
-2.14716
-1.5811
-1.43434
-2.8762
-3.35016
-4.04392
-4.34612
-3.72939
-2.20439
-4.62067
-1.78075
-1.83718
-4.68704
-3.53946
-1.75279
-1.06142
-4.91003
-1.19181
-3.38231
-3.23933
-5.64928
-2.45749
-2.5418
-1.48785
-1.15685
-5.03838
-4.44321
-1.62858
-2.74511
-4.87447
-3.63142
-3.75349
-2.01201
-2.17548
-1.75767
-1.86222
-1.50937
-2.42913
-1.22855
-3.94483
-2.42733
-4.66702
-2.46731
-1.75143
-4.9284
-1.13244
-1.86264
-4.24625
-2.08041
-2.56151
-1.7128
-1.09126
-1.81445
-2.42774
-1.16426
-1.47208
-3.91695
-4.78649
-2.76564
-2.88546
-1.88477
-1.8678
-3.55165
-2.97837
-1.62106
-3.52549
-3.7896
-1.55716
-1.88922
-4.82615
-1.83576
-1.37132
-2.73325
-5.00867
-1.56664
-3.48583
-1.94674
-2.16282
-2.35019
-5.06633
-1.50934
-4.76621
-2.15454
-2.2867
-1.82628
-1.83803
-2.58072
-1.74496
-3.47704
-1.85596
-4.97887
-1.72939
-5.09106
-1.15577
-1.17169
-1.74598
-2.56587
-3.31615
-2.54088
-1.31395
-1.9062
-1.85141
-1.71606
-1.18605
-2.00519
-3.75651
-2.42928
-3.84336
-2.73454
-1.52072
-2.38566
-2.76609
-3.08258
-1.08359
-2.68297
-3.42737
-1.34721
-3.59345
-2.62038
-2.34237
-2.72935
-1.6268
-1.73504
-5.01122
-2.56494
-3.69496
-2.51371
-1.53258
-4.81658
-1.54986
-2.26001
-1.10676
-1.60746
-4.77846
-1.36044
-4.5094
-1.74632
-2.56104
-1.44305
-3.26487
-1.53995
-2.75474
-1.92838
-1.81017
-1.54866
-3.50419
-2.10582
-2.37105
-2.14732
-1.45817
-1.15021
-1.25077
-1.47792
-3.26268
-1.86983
-1.72482
-2.39134
-4.79944
-4.87397
-3.57819
-4.3252
-2.40177
-2.55457
-3.2636
-2.10069
-3.52754
-2.176
-2.89327
-2.75586
-1.72711
-1.34594
-1.78681
-1.55051
-1.83821
-3.11698
-5.20046
-2.35085
-1.8306
-5.20694
-1.84474
-1.79941
-1.24473
-1.33398
-2.24637
-1.2094
-1.56417
-1.43245
-1.77724
-3.4377
-4.69264
-4.96907
-3.99598
-2.50681
-1.82403
-2.07938
-1.22219
-1.85323
-2.09577
-3.63461
-2.08253
-5.24675
-2.26188
-1.71305
-4.35863
-3.09239
-2.40912
-1.79411
-1.32236
-4.34355
-1.38811
-1.5334
-1.83865
-1.86823
-2.92801
-2.42597
-1.5347
-3.70713
-2.38321
-1.5162
-2.91236
-1.21922
-2.52227
-1.86868
-4.81443
-3.24256
-3.16712
-4.62715
-3.73644
-1.84824
-3.14463
-4.68144
-2.23928
-1.51365
-2.42408
-2.58676
-2.05898
-2.06819
-1.5081
-1.55958
-1.82768
-3.05943
-2.542
-3.25034
-1.87239
-1.19471
-1.50688
-2.9304
-2.04716
-3.68476
-1.34458
-1.79586
-1.78914
-3.2606
-2.54613
-1.53413
-5.13532
-3.73178
-4.32422
-4.98791
-5.4875
-2.08893
-2.73268
-1.98813
-3.75394
-1.33213
-4.72763
-1.7149
-3.22677
-1.32534
-1.77914
-1.78453
-5.25693
-4.14367
-4.21852
-1.10761
-4.64259
-1.39909
-1.80699
-5.2653
-5.19861
-3.07834
-2.35961
-1.24212
-2.27238
-1.81061
-2.85187
-1.94592
-1.81905
-2.82718
-3.4868
-3.62071
-1.52387
-2.7583
-4.51839
-1.80774
-2.41293
-2.56867
-4.7437
-1.43611
-1.10756
-2.55944
-4.1168
-1.53523
-1.70115
-2.17155
-1.83372
-1.51875
-1.94176
-4.68056
-1.79868
-2.57841
-2.99109
-1.81438
-1.06607
-1.92905
-1.73631
-4.42597
-2.41337
-3.40409
-2.1223
-1.85005
-2.5543
-2.42955
-1.70587
-3.93336
-1.81405
-2.69079
-2.20194
-2.77236
-4.24102
-1.76103
-1.72777
-1.80632
-2.72434
-1.90483
-4.19158
-4.77666
-1.602
-2.28309
-4.25336
-1.25718
-3.88841
-2.1086
-3.57369
-1.27514
-2.17022
-1.88286
-2.71283
-3.10147
-3.39686
-3.62993
-1.57238
-2.74885
-2.94019
-1.34024
-2.69243
-3.76261
-1.50048
-0.676273
-2.60097
-2.45467
-1.8042
-4.56024
-5.70534
-5.15992
-2.44874
-4.4843
-1.78746
-1.1918
-4.68171
-1.86616
-4.99879
-2.54053
-1.61838
-2.84999
-2.25278
-3.46964
-3.80904
-1.91861
-1.82844
-2.44299
-1.86099
-2.69593
-1.09317
-1.7808
-4.54466
-4.53302
-1.80343
-2.97395
-3.31723
-1.97939
-3.37452
-1.67117
-1.30948
-1.88472
-2.56968
-3.05555
-3.70047
-1.76955
-1.82701
-1.50392
-3.76168
-2.36846
-2.36931
-4.63666
-1.80803
-3.42428
-2.64364
-1.83467
-1.89919
-5.47582
-1.96765
-4.55891
-5.15797
-1.7123
-3.13136
-4.74324
-2.10008
-4.09765
-3.71059
-1.03735
-2.54409
-3.2606
-1.82524
-2.27091
-1.8506
-2.37283
-4.74342
-2.537
-4.55264
-2.30702
-2.47355
-2.22149
-1.75672
-4.52782
-2.70844
-2.41407
-2.47606
-2.41106
-3.23158
-4.75029
-1.99947
-2.75381
-3.44992
-1.04185
-1.77349
-1.31479
-1.74696
-1.82084
-4.13115
-2.2934
-1.69809
-5.2299
-1.58407
-2.47722
-3.53662
-4.10136
-2.15916
-3.67127
-1.22449
-1.40253
-1.71955
-1.20018
-2.46348
-2.42382
-1.83137
-1.42634
-1.38848
-3.89449
-4.34906
-2.47065
-4.36877
-2.51044
-3.36244
-1.4853
-4.52759
-2.33157
-4.3289
-1.35928
-2.61041
-1.12732
-2.46142
-3.05246
-3.88683
-1.3113
-2.4648
-3.43584
-3.70988
-1.0574
-1.09608
-1.34987
-4.98521
-2.65452
-1.49039
-1.84835
-2.5757
-2.43147
-1.87766
-4.3579
-2.96078
-1.95155
-5.81931
-1.83611
-1.80887
-2.87826
-2.07324
-1.21276
-2.86138
-4.39526
-3.33887
-1.82401
-1.76573
-3.48812
-3.30138
-3.75841
-3.86087
-1.45802
-1.62682
-3.13016
-3.61373
-4.54603
-5.19177
-3.19987
-4.13361
-3.96392
-4.3361
-3.34244
-2.51191
-4.48444
-2.68665
-1.81386
-3.15081
-4.20528
-2.40789
-1.82924
-5.23187
-5.10341
-4.52726
-3.50989
-3.61699
-1.84926
-3.55638
-1.35676
-2.85715
-1.7991
-4.42548
-2.53463
-4.33496
-4.74178
-5.27769
-1.80985
-2.47959
-3.91094
-1.17797
-2.28567
-2.65176
-1.84182
-4.37402
-1.84138
-1.1907
-1.54348
-3.60823
-5.10813
-1.87831
-1.06399
-2.029
-2.25563
-1.59236
-2.08057
-3.67273
-1.85463
-4.67001
-1.44436
-1.88072
-1.16636
-1.33211
-3.22041
-2.4692
-1.55229
-1.84831
-3.96017
-2.65761
-1.79918
-1.69962
-1.18615
-3.81932
-1.79529
-1.63553
-3.58333
-1.93783
-2.84389
-3.5048
-1.88458
-1.59724
-3.43539
-2.59702
-1.30913
-2.79944
-2.36451
-2.36513
-2.83348
-3.35146
-4.47642
-2.47195
-2.37211
-1.70066
-3.78239
-2.5867
-2.58208
-4.35209
-3.96936
-2.48653
-2.45375
-1.52494
-1.32732
-1.2754
-3.37742
-4.66353
-2.43407
-3.33704
-3.65768
-1.76566
-1.80309
-5.154
-1.87412
-2.48493
-2.54257
-1.23095
-1.64147
-3.87946
-1.35357
-3.51128
-4.72622
-1.82669
-4.77898
-1.33834
-2.51821
-5.08553
-2.88878
-1.13357
-2.13186
-2.47671
-2.10733
-1.32117
-1.75385
-1.39059
-4.99616
-1.07789
-3.70858
-5.05311
-4.6745
-2.02247
-2.02706
-1.50356
-4.92034
-1.7826
-2.77767
-1.79012
-1.81852
-2.55906
-2.39157
-3.12114
-3.8025
-2.56028
-1.77505
-1.55086
-2.46519
-1.03075
-1.26685
-3.42371
-4.15459
-2.48744
-4.14317
-1.18249
-2.94122
-3.63849
-1.76592
-3.49947
-1.75718
-1.96163
-4.34049
-1.40758
-1.82635
-1.76658
-4.26308
-1.05017
-5.05333
-2.04719
-1.40145
-2.62659
-1.04974
-2.37653
-0.812948
-4.44813
-3.67309
-1.84246
-5.15704
-2.48308
-2.05829
-1.47657
-0.977733
-5.22817
-3.13022
-3.48174
-1.68572
-1.69179
-2.44195
-2.25888
-2.54188
-1.51671
-2.69618
-4.62744
-2.72636
-3.9638
-2.52848
-2.4318
-4.52283
-2.10925
-4.1593
-1.75034
-3.37207
-3.15953
-1.25161
-1.33232
-4.22797
-3.93173
-4.64642
-2.48582
-1.67323
-1.74557
-1.83302
-2.05497
-1.29491
-1.17068
-3.4944
-1.686
-1.55193
-1.75411
-1.71139
-1.8787
-1.29911
-1.46627
-2.41072
-2.56411
-1.36331
-1.32758
-5.75684
-3.36126
-5.01652
-2.55404
-3.83605
-2.88062
-4.74506
-3.98141
-4.03013
-1.77985
-3.00731
-2.0789
-4.74975
-4.34794
-1.27735
-3.93252
-1.7842
-1.70441
-3.3246
-4.76942
-1.19425
-3.5606
-1.05224
-1.40449
-1.70193
-2.37584
-2.41603
-4.23735
-2.38167
-4.93756
-1.2135
-3.28872
-2.3884
-2.16289
-1.73084
-3.20623
-2.49463
-2.88345
-3.74436
-5.34277
-4.36903
-1.66082
-4.34449
-5.13816
-2.82702
-2.5339
-1.73555
-1.80526
-3.80998
-2.39963
-1.11448
-2.44772
-1.78419
-2.48431
-1.74169
-1.6711
-2.79669
-0.961871
-1.74267
-1.67927
-2.08334
-2.12372
-2.31333
-2.28468
-4.83376
-4.7556
-2.88416
-2.47707
-2.48605
-2.55893
-2.00654
-2.45876
-2.99127
-2.58088
-2.32887
-2.24503
-1.06223
-4.41051
-1.65125
-4.08907
-1.29287
-1.38726
-2.62737
-2.39533
-1.93369
-1.40722
-3.78087
-1.70857
-1.05666
-1.71447
-1.47038
-5.20876
-3.74818
-2.45934
-4.67853
-2.47816
-2.40651
-1.83411
-1.42309
-2.03097
-4.72823
-4.18985
-4.3373
-2.05496
-1.09542
-1.80716
-2.92279
-3.41014
-1.71875
-3.3362
-2.8405
-3.64628
-1.10712
-2.01638
-2.39447
-1.86907
-1.90965
-3.73277
-2.59392
-0.965101
-5.09406
-1.7475
-4.34934
-3.91407
-1.07966
-1.17259
-1.6974
-2.32325
-2.9575
-2.59604
-1.71438
-2.49336
-3.67212
-3.19868
-2.62251
-4.52392
-1.93311
-1.76108
-2.57251
-2.2477
-2.39657
-3.66797
-1.2667
-0.640629
-2.77973
-3.4664
-2.85512
-2.76735
-2.55901
-1.7705
-1.81906
-4.89537
-3.82311
-2.64814
-4.51449
-3.57695
-1.21194
-1.16366
-2.80794
-1.43814
-1.07311
-1.35078
-4.29866
-4.9876
-1.4232
-3.33514
-3.02932
-1.9572
-3.39676
-1.80239
-1.65006
-1.80456
-3.61866
-2.39751
-3.09544
-1.47334
-1.09145
-2.39068
-1.20285
-3.85367
-1.9855
-2.49122
-1.12801
-1.63171
-2.48326
-3.0571
-2.58649
-1.40774
-3.12936
-3.2765
-4.47202
-4.99158
-2.87094
-1.92307
-2.49167
-2.39706
-1.17456
-1.43426
-4.11562
-2.91309
-3.76639
-1.6734
-3.21588
-4.56947
-1.83151
-3.5222
-4.55439
-1.22325
-2.27796
-3.34019
-1.92991
-1.98714
-1.83011
-2.3776
-2.70172
-2.64614
-1.80194
-1.30797
-1.69147
-2.46269
-1.17582
-1.22803
-5.02578
-5.38331
-1.81597
-1.77049
-3.80031
-5.34493
-1.31974
-1.18085
-2.46098
-3.49684
-2.54255
-1.07563
-5.24943
-3.12815
-3.3275
-2.1628
-4.02772
-4.53461
-3.31782
-4.66575
-1.69133
-1.80944
-1.96723
-2.91153
-2.00353
-2.17027
-1.72895
-1.68539
-3.50707
-4.50361
-3.02277
-4.74719
-1.43407
-2.00846
-1.61344
-2.53644
-4.49167
-3.42951
-3.88634
-1.87897
-1.3241
-1.88425
-1.75559
-1.32238
-3.30783
-1.65942
-2.77653
-3.52859
-3.58706
-4.99495
-3.61655
-1.68972
-1.78102
-3.41566
-6.15389
-6.17928
-2.07708
-1.11326
-1.28903
-1.7926
-1.6412
-3.00441
-2.42286
-1.16135
-4.86728
-4.74253
-1.99019
-4.11946
-1.82147
-2.38081
-2.62669
-4.31415
-1.80652
-1.465
-1.77311
-2.65308
-1.29745
-1.75084
-1.25761
-0.814737
-1.12267
-3.25898
-1.0694
-2.76547
-1.11785
-1.64174
-2.98119
-3.84021
-1.41671
-2.41058
-5.24624
-1.64002
-1.73368
-1.43647
-1.50883
-1.45362
-2.66364
-1.82362
-4.50131
-3.35626
-1.78577
-2.30842
-2.37588
-1.9361
-1.75798
-2.67129
-1.94513
-1.67302
-1.92244
-2.16699
-1.5235
-1.6348
-1.08348
-2.76185
-3.89903
-2.70935
-1.41904
-2.55454
-1.1569
-3.82784
-2.30511
-1.6701
-5.12793
-5.35986
-1.16688
-3.49396
-2.48349
-1.18318
-1.81747
-1.91218
-4.81383
-3.63203
-3.54157
-3.33853
-1.78424
-1.30379
-2.84233
-1.6762
-1.65462
-1.82245
-1.39006
-1.71328
-0.820461
-1.39664
-1.78982
-3.58608
-3.74874
-2.88709
-4.87384
-1.8168
-3.78705
-4.72109
-4.1651
-3.51713
-5.09907
-1.30535
-2.92336
-1.69685
-1.41696
-5.33151
-4.61067
-2.32983
-2.92787
-1.41789
-1.7643
-1.71072
-1.11345
-2.55195
-1.88788
-1.22217
-0.441679
-1.17385
-1.57051
-1.84813
-1.67555
-2.01375
-3.43215
-1.59506
-1.21851
-2.63831
-1.95119
-5.27022
-1.6997
-1.79497
-1.82462
-1.44263
-2.77155
-3.30123
-1.18449
-4.08156
-1.45257
-1.87988
-3.60608
-1.68526
-1.51906
-1.63022
-3.20332
-3.22555
-1.17095
-1.93508
-4.73086
-3.78874
-1.56169
-2.66808
-3.62406
-2.09033
-1.22305
-2.61527
-1.05179
-4.02258
-5.11902
-2.89331
-5.14935
-3.24907
-1.27874
-3.0545
-5.29322
-3.09494
-1.70409
-1.3001
-2.63472
-4.15421
-5.2866
-5.14253
-4.7961
-1.813
-1.12376
-1.9339
-2.48038
-2.39988
-1.20375
-3.75788
-1.54834
-3.12092
-1.93176
-1.76534
-2.40217
-1.22992
-2.71196
-4.17336
-3.90173
-3.62605
-4.72856
-3.2353
-3.87171
-3.0208
-2.84906
-2.39927
-4.2834
-1.46695
-4.16847
-1.7777
-1.18139
-1.67993
-3.59271
-1.31775
-1.62051
-4.43343
-1.57717
-1.71359
-1.54538
-2.47523
-4.7164
-1.74613
-2.92262
-2.51354
-1.04956
-3.81828
-3.31807
-0.660687
-5.19385
-1.86294
-2.43875
-2.11086
-2.40565
-1.55571
-1.82324
-1.29972
-2.54893
-4.28838
-1.39294
-1.81254
-3.48654
-3.7681
-3.0726
-3.34367
-1.32125
-2.40233
-2.75288
-2.82683
-1.42612
-2.19389
-1.99686
-2.47315
-4.54537
-1.07591
-2.73576
-1.40526
-2.55461
-1.07813
-2.40167
-1.66822
-1.40518
-4.92656
-1.19188
-2.38837
-2.05914
-4.38274
-2.40354
-1.55164
-3.62631
-2.03898
-2.35966
-4.59071
-3.45197
-3.22027
-1.96406
-4.76977
-2.52164
-3.59967
-4.6849
-4.45078
-4.47376
-1.7683
-4.19496
-1.31449
-2.4242
-2.25057
-1.37743
-1.72338
-1.31284
-1.59868
-2.89099
-1.24513
-3.44476
-1.83192
-2.20245
-1.87212
-2.63148
-1.53512
-1.91686
-2.62939
-4.35285
-3.87895
-1.63998
-3.08735
-5.50786
-1.46231
-1.35891
-1.91564
-1.80348
-2.40192
-3.44263
-4.19687
-2.51669
-1.65544
-1.43334
-2.66628
-1.5608
-1.80622
-4.89326
-4.6477
-3.88394
-1.71139
-4.6578
-4.2674
-1.12793
-3.78209
-1.57265
-2.18791
-1.14117
-2.96747
-5.50597
-2.28864
-4.15205
-3.39819
-4.25692
-4.74692
-2.98792
-1.78166
-1.83362
-3.44707
-3.39427
-3.47175
-1.93237
-1.21118
-1.26469
-1.83487
-3.69313
-1.93647
-3.89398
-1.70232
-4.30737
-0.999315
-1.06953
-1.93184
-1.04226
-1.81132
-2.24789
-1.48303
-2.71108
-5.0277
-2.74398
-1.30067
-3.2548
-1.94766
-4.68912
-0.749619
-1.80119
-2.4101
-3.10259
-1.89041
-3.86143
-2.79843
-2.35038
-1.58838
-2.12211
-3.83034
-1.7483
-5.12684
-2.38256
-2.38564
-1.26967
-4.6968
-3.91745
-4.39891
-3.29354
-2.38787
-4.52365
-5.08733
-2.4135
-1.01036
-3.52446
-1.78625
-4.19472
-1.26323
-3.11735
-3.45376
-1.7405
-3.49298
-4.37088
-1.15603
-1.72571
-4.52746
-3.69637
-1.73533
-2.18491
-2.65971
-2.09581
-1.14543
-2.40512
-1.10583
-1.43204
-3.06694
-1.82731
-1.77675
-3.27924
-1.62204
-2.66082
-1.1488
-3.42591
-1.2926
-1.90585
-2.65757
-1.39172
-2.43992
-3.65535
-1.55099
-1.33376
-3.65618
-4.33128
-4.47492
-2.59338
-4.46561
-2.68666
-5.01003
-2.57479
-4.27561
-3.16756
-3.48581
-2.75908
-2.68727
-3.5663
-2.41885
-1.81004
-2.7853
-1.67404
-5.60594
-1.79552
-5.13855
-1.75423
-3.60891
-1.4219
-2.93695
-2.94628
-1.84989
-1.84401
-1.42187
-1.26648
-5.07183
-3.86467
-1.69939
-2.53154
-4.35776
-1.0522
-1.96528
-2.62192
-3.81459
-3.95563
-2.10368
-2.47852
-1.82558
-0.642006
-3.89664
-1.27944
-2.23099
-1.57746
-1.01822
-1.68751
-1.92609
-2.51188
-5.08859
-2.38106
-1.90169
-3.85109
-2.5454
-2.48432
-2.55463
-1.29009
-1.28876
-5.60095
-1.41975
-2.51994
-2.40551
-5.20749
-1.14208
-1.74344
-1.95458
-1.79358
-0.87283
-3.76076
-1.46014
-3.97836
-1.79826
-4.87108
-2.62383
-2.38366
-5.12215
-2.92529
-1.72509
-5.26462
-3.22533
-1.7526
-1.99569
-2.17364
-2.72724
-0.970324
-4.60441
-5.23418
-5.56972
-2.93518
-0.58578
-2.01781
-2.7097
-2.69047
-1.40987
-2.04619
-1.41366
-3.93292
-1.82377
-1.68962
-2.54496
-2.693
-3.82762
-1.29974
-2.2878
-3.31398
-1.91746
-0.745856
-4.29286
-1.57553
-3.28078
-2.95394
-1.86986
-3.20036
-3.82525
-2.95878
-2.44873
-5.12447
-1.92829
-1.82251
-2.43698
-2.40067
-2.26531
-3.47394
-4.5518
-4.48924
-1.31064
-2.52244
-4.50404
-3.81614
-1.80268
-3.84857
-2.36849
-4.14145
-2.02989
-4.33669
-3.55807
-1.67243
-1.66435
-3.54274
-2.55399
-1.9609
-3.94751
-1.39867
-1.62446
-2.70837
-1.68157
-2.36019
-2.52477
-1.1813
-1.78262
-5.62163
-2.58332
-2.40207
-1.67587
-3.6506
-3.68166
-1.72128
-2.07827
-3.90174
-4.26993
-2.4052
-1.95051
-1.80763
-3.51782
-5.29879
-3.97418
-2.58418
-1.77207
-3.65205
-4.3236
-1.36436
-3.47284
-1.21914
-4.31996
-4.74374
-2.04057
-3.52944
-4.76148
-3.8718
-2.70849
-3.20124
-4.30975
-3.53203
-4.69307
-2.7868
-4.68233
-1.06463
-3.73003
-4.516
-1.2497
-1.30599
-4.13564
-3.52631
-3.63339
-2.45479
-1.28574
-2.49674
-1.38533
-1.71674
-3.56774
-1.37546
-3.24531
-2.41154
-2.95634
-1.67235
-4.65699
-1.78927
-2.02815
-5.66245
-1.73874
-2.74779
-1.36879
-2.55535
-4.33915
-1.80349
-1.40956
-2.41994
-1.30223
-1.80241
-3.51161
-1.05031
-2.53218
-1.56105
-4.49171
-1.61456
-1.28506
-2.44038
-3.61983
-2.83432
-3.50327
-3.89038
-2.41488
-3.54255
-3.70244
-4.54945
-5.62309
-2.53957
-3.65571
-1.25226
-1.80777
-3.59237
-3.13897
-5.07711
-2.1407
-1.66865
-1.13351
-3.6314
-1.87936
-3.81245
-2.4391
-1.37167
-1.1261
-2.52715
-4.4086
-2.39995
-4.9801
-5.73858
-4.80273
-1.69926
-1.81422
-2.51141
-2.04896
-3.98143
-1.52881
-1.12835
-1.88361
-2.00527
-1.46217
-1.66036
-1.61403
-4.13417
-2.40602
-1.60674
-4.99106
-1.43617
-1.47636
-3.55473
-2.50705
-1.2011
-1.93035
-0.765069
-2.53846
-2.28555
-5.49015
-4.75082
-3.50382
-1.43152
-2.67186
-3.46997
-3.3523
-1.88734
-1.61758
-1.54501
-1.76898
-4.23626
-1.78668
-2.36588
-4.30993
-4.75867
-1.0538
-2.46799
-4.97225
-2.9797
-2.29451
-3.30289
-1.35887
-2.17604
-3.55802
-1.77031
-1.89252
-2.68201
-2.52071
-1.59966
-3.88555
-4.72561
-2.4063
-1.77508
-4.42009
-3.95005
-5.05173
-1.68882
-1.18776
-3.84024
-2.59054
-1.30331
-4.99603
-1.26039
-1.3076
-4.75576
-1.7855
-1.05828
-2.39436
-3.37925
-1.54198
-1.99955
-1.83458
-1.82867
-3.74567
-1.45484
-3.57095
-5.10775
-1.13278
-1.84996
-5.27252
-3.24226
-1.65151
-1.90027
-1.40486
-2.79697
-1.17286
-2.71895
-2.39856
-1.74823
-1.07067
-4.72518
-2.27625
-3.28112
-1.33206
-1.26049
-3.15126
-5.26939
-1.42409
-3.7166
-3.57153
-2.29064
-3.67909
-3.46208
-3.6463
-1.52933
-1.1346
-3.44507
-1.12983
-4.0851
-1.79587
-1.7626
-1.67569
-1.0752
-2.51089
-2.3971
-5.30551
-2.40743
-4.05795
-1.83241
-1.18753
-1.79726
-1.72373
-2.73313
-3.52366
-3.61062
-5.72277
-3.41111
-3.38361
-3.18943
-2.57242
-1.37787
-4.73957
-3.38907
-3.66338
-1.2702
-3.55067
-2.39297
-2.17454
-5.60459
-1.66301
-5.43015
-4.74955
-5.21343
-1.07905
-5.31702
-2.98974
-3.62477
-2.55527
-1.39461
-2.40619
-2.48255
-1.98356
-1.60733
-1.62229
-1.20791
-2.69752
-4.94211
-3.99719
-1.95868
-2.25248
-2.4068
-3.66118
-4.34911
-1.54117
-3.2685
-1.16932
-1.92698
-4.03083
-4.7873
-1.72481
-1.28867
-1.88931
-3.65473
-1.08074
-3.43246
-2.67941
-3.9392
-2.45264
-1.50115
-2.00022
-1.34665
-2.43001
-1.78698
-1.1264
-3.68724
-3.60853
-3.27131
-3.72705
-5.01724
-3.20824
-4.52601
-1.77958
-4.68758
-3.45263
-2.65482
-4.31344
-2.9581
-3.77958
-1.35255
-1.06072
-2.56764
-2.42242
-1.30993
-1.65721
-1.70881
-3.18296
-3.56354
-2.83386
-1.61058
-4.65387
-3.45621
-1.51503
-2.38418
-4.27012
-4.69547
-1.63031
-5.04626
-4.69537
-4.89679
-1.66009
-1.64335
-1.05477
-1.64337
-4.86712
-1.79395
-1.59182
-4.20357
-1.63941
-1.78701
-1.78535
-3.34094
-1.2412
-3.24451
-3.52683
-2.57149
-3.90289
-1.72962
-2.1627
-2.11471
-3.56689
-3.55505
-5.00292
-3.94928
-2.032
-3.48949
-2.80656
-3.30359
-4.67237
-3.66735
-2.90012
-1.96334
-3.899
-1.93947
-1.13983
-6.00823
-1.81298
-1.87416
-1.35796
-2.51105
-3.51665
-1.22601
-2.76405
-1.22967
-3.34085
-3.84925
-1.15941
-4.23944
-1.70856
-2.48413
-2.39753
-3.266
-1.12543
-1.82504
-1.7816
-1.73499
-3.95247
-5.53773
-1.84468
-4.30446
-1.20933
-5.2948
-2.92458
-4.26985
-1.44712
-3.05861
-3.5248
-1.6294
-4.47463
-1.50075
-1.85283
-1.65117
-4.77273
-2.79352
-5.06031
-1.92952
-2.08838
-3.9443
-3.92904
-1.71452
-2.44111
-1.52837
-4.74452
-3.01313
-3.46017
-1.03562
-3.68896
-4.16695
-3.6762
-4.81545
-5.20018
-2.87813
-2.83945
-3.00564
-3.1471
-1.74826
-2.36573
-2.89791
-1.26132
-3.52026
-1.42954
-1.19013
-5.21755
-2.64015
-1.39616
-3.6114
-3.0822
-1.05062
-2.96106
-4.38716
-4.42035
-1.31216
-2.44916
-1.29363
-3.60631
-3.97044
-5.0639
-1.70111
-2.62804
-2.97758
-2.99832
-1.59818
-3.6196
-2.52241
-1.82003
-5.04659
-1.09802
-2.82726
-4.66436
-1.76053
-3.86796
-2.27711
-3.7723
-3.05083
-1.10205
-5.0587
-4.54371
-1.3528
-1.11487
-0.802387
-1.27883
-1.22921
-1.46992
-1.7788
-5.27241
-0.686357
-4.05196
-2.83103
-4.52708
-5.067
-2.53088
-1.27312
-5.07406
-5.0785
-1.33279
-1.585
-1.12535
-5.01
-3.4675
-1.2963
-4.755
-5.27037
-3.3361
-3.98552
-2.25564
-1.07061
-4.8572
-2.73173
-4.34457
-2.38507
-3.96375
-1.77807
-3.7162
-2.46967
-4.63225
-4.02811
-3.12013
-5.41362
-3.80663
-3.73131
-4.09401
-2.02264
-3.47505
-3.49608
-5.62752
-4.82093
-1.39412
-3.01463
-0.731044
-3.08002
-1.25191
-1.77617
-3.8291
-1.64293
-3.58934
-1.36454
-2.43913
-0.809055
-1.98448
-1.6112
-4.19476
-1.30817
-1.81554
-2.40261
-4.98983
-1.57846
-5.5375
-1.85738
-1.09382
-2.41227
-2.57566
-0.558405
-1.32011
-2.50464
-3.85564
-1.64518
-1.29764
-5.32399
-2.65758
-1.69427
-1.70465
-3.02087
-3.7214
-2.34068
-1.74374
-3.30814
-3.98882
-0.784163
-3.69983
-4.7365
-3.97041
-1.22717
-4.36497
-2.37413
-1.07764
-1.12064
-1.92806
-2.83127
-5.35672
-1.25551
-3.97563
-5.22707
-2.51457
-1.38229
-1.79866
-3.7438
-3.50044
-3.9536
-2.63498
-5.2411
-3.29725
-3.76924
-0.122648
-1.12158
-1.48678
-2.30831
-2.99207
-4.95501
-4.8956
-2.42013
-2.3047
-2.54799
-1.57816
-1.48691
-3.64877
-5.77034
-1.08619
-3.75323
-2.05874
-3.64883
-1.04464
-1.20131
-1.21881
-4.76641
-5.13311
-3.04762
-5.0955
-1.632
-5.22792
-1.95236
-5.6327
-3.33322
-3.42686
-4.32587
-1.82831
-1.05029
-4.21635
-2.55474
-4.29743
-4.31724
-3.86815
-3.96914
-1.93049
-1.31543
-1.45548
-2.63804
-5.27295
-3.34553
-2.42064
-1.05172
-3.37251
-1.84951
-3.5222
-2.37266
-2.72438
-2.46669
-1.3307
-1.28413
-4.23551
-5.53677
-1.71253
-2.59332
-1.61984
-5.04456
-3.50519
-3.41827
-3.01006
-2.58903
-1.80905
-1.17795
-5.53632
-3.63835
-1.57829
-1.38704
-3.1878
-4.12069
-1.0852
-4.1932
-2.49865
-2.0137
-1.36482
-1.21436
-2.80228
-2.82936
-0.952162
-3.66091
-3.6023
-1.73813
-2.52179
-3.78978
-5.1854
-2.67533
-1.23243
-3.74228
-3.9071
-1.57756
-1.64547
-1.41219
-3.76434
-3.43474
-3.9129
-3.89166
-1.75743
-3.50581
-3.71107
-4.481
-2.41299
-1.06261
-1.58874
-1.06122
-3.4835
-1.7824
-3.16555
-5.37886
-5.4231
-1.80682
-3.72314
-3.22946
-1.68776
-2.17382
-1.20849
-3.88436
-1.40985
-3.82626
-5.57501
-3.86526
-1.77443
-5.60734
-1.1671
-2.69204
-2.66819
-3.73965
-3.78618
-5.12715
-1.65571
-1.63938
-1.69775
-2.51799
-3.62774
-2.47016
-1.73512
-2.69036
-2.44911
-1.2119
-2.00081
-1.72617
-4.06938
-3.44149
-4.75731
-0.046692
-3.5852
-4.36903
-2.55143
-3.15254
-1.03576
-1.76343
-1.16308
-1.37668
-4.03384
-1.80768
-2.42727
-1.74485
-1.13731
-1.56038
-1.3294
-2.71358
-4.26072
-1.42013
-3.49084
-2.69825
-1.21095
-1.81053
-5.03377
-2.94654
-3.65451
-3.95489
-2.95686
-3.17753
-0.892412
-2.64101
-1.118
-1.86178
-4.00313
-1.44949
-1.55188
-4.10277
-2.95577
-2.43032
-2.4486
-1.88609
-1.19129
-1.44967
-2.92527
-4.79509
-2.92748
-1.25648
-1.30742
-1.1115
-2.95514
-2.39057
-2.52967
-1.72063
-3.73571
-2.16537
-5.08129
-2.59209
-3.25023
-2.8152
-5.22397
-5.37492
-1.70088
-1.632
-1.30826
-3.63862
-1.35353
-3.5113
-1.60492
-3.05266
-1.43251
-2.19653
-3.54573
-1.03723
-2.82949
-1.7912
-3.15406
-4.67762
-3.62997
-4.91221
-3.02565
-2.25823
-1.88491
-1.20996
-4.01649
-4.76307
-4.89482
-3.43127
-5.21093
-1.52062
-3.99675
-2.88259
-4.07417
-3.51316
-1.78752
-1.8711
-1.11135
-1.99303
-1.70475
-3.4435
-1.16121
-4.8875
-1.30732
-4.7828
-2.1855
-2.94738
-1.09179
-1.1972
-1.62454
-1.73478
-1.74111
-2.33864
-2.69145
-3.9571
-1.81818
-2.85813
-4.64188
-4.94777
-2.95568
-4.68794
-2.57612
-2.88889
-3.88164
-4.08594
-4.65567
-1.54325
-1.15655
-2.69948
-1.41573
-4.36618
-3.9725
-3.39699
-2.64232
-3.75228
-2.90465
-3.63845
-1.57559
-4.60468
-3.516
-0.71786
-4.36833
-1.10268
-3.40253
-4.35106
-2.53582
-1.05722
-1.7982
-1.09669
-2.70154
-1.57118
-0.586253
-3.06014
-2.42952
-5.22631
-4.86858
-3.63271
-1.77602
-2.58189
-2.77939
-4.39356
-2.41342
-4.584
-1.68181
-3.02674
-3.90891
-5.29944
-1.68956
-3.32839
-5.03463
-4.05423
-4.69639
-3.85039
-3.90662
-3.82045
-1.69524
-2.00224
-3.20113
-2.55539
-2.60995
-2.54061
-4.51989
-2.63239
-1.78194
-2.65578
-2.68021
-1.37131
-2.47445
-2.43855
-2.44957
-2.5696
-4.18625
-1.18368
-1.27966
-5.0875
-2.4611
-1.34248
-4.75488
-1.85384
-3.20654
-1.60997
-3.79049
-3.77362
-3.75709
-2.40273
-1.20603
-5.28772
-3.76968
-0.366692
-2.95646
-4.48188
-2.85762
-2.11992
-1.47513
-2.46147
-5.07668
-4.78687
-3.81471
-1.39516
-4.30267
-1.34667
-2.56498
-1.50543
-2.39209
-1.15676
-4.25669
-1.33508
-4.94903
-2.55647
-4.79697
-1.86282
-3.5227
-1.16312
-1.69822
-2.51135
-4.02252
-1.83467
-4.68381
-2.57634
-2.83027
-3.81777
-1.03697
-1.68283
-1.68599
-4.77547
-2.49158
-0.894923
-3.5658
-4.64847
-1.20505
-1.29661
-5.35254
-3.85999
-3.20445
-2.48933
-3.71182
-4.1659
-1.80414
-5.03396
-1.19906
-4.62395
-1.77077
-2.76202
-2.55274
-3.11838
-5.59831
-1.08068
-1.76766
-4.2307
-1.62358
-2.67137
-2.44891
-1.75356
-1.58384
-1.05299
-3.78275
-4.89086
-3.66373
-1.5449
-3.65958
-2.78164
-1.67587
-1.20174
-2.83035
-2.49536
-1.74928
-2.81321
-1.00406
-2.00911
-5.22079
-1.28885
-5.34514
-4.76912
-4.81929
-3.51743
-1.60943
-1.19057
-4.04156
-3.0852
-4.37474
-1.53893
-1.41529
-2.53395
-1.76877
-2.27453
-1.42716
-3.2144
-3.27354
-1.65022
-1.09361
-1.75727
-3.19582
-1.28196
-3.47814
-1.87948
-1.33317
-1.43771
-1.45523
-5.28134
-4.13487
-3.80944
-4.68696
-4.95007
-1.24765
-3.50903
-4.61237
-3.58019
-4.09985
-3.24761
-2.50862
-3.18606
-3.68454
-4.95607
-1.21058
-3.02339
-1.73269
-5.30939
-3.7787
-4.14565
-2.24344
-1.89979
-4.05092
-1.36538
-1.1326
-4.53528
-3.43114
-5.57123
-2.37142
-2.98084
-2.58159
-2.49303
-2.41388
-5.01089
-1.85698
-1.76494
-4.92637
-2.56555
-4.55739
-3.81156
-1.08843
-1.23108
-3.78108
-3.11853
-1.16311
-2.54178
-5.7838
-5.64983
-2.40976
-4.05832
-1.04535
-2.06956
-1.14348
-5.19392
-3.32704
-2.92063
-2.26887
-4.96024
-1.04345
-3.49867
-2.55588
-2.64502
-1.28192
-4.41233
-4.71483
-1.01297
-1.15839
-3.39302
-3.52822
-2.61026
-1.20004
-2.75633
-5.40875
-1.9071
-1.10446
-5.07547
-3.74063
-3.75551
-1.85601
-4.26885
-2.80633
-5.20594
-3.89415
-1.75757
-1.76669
-2.57349
-2.44101
-2.43524
-3.20463
-2.56481
-3.7463
-3.79549
-4.60038
-1.33174
-4.01191
-2.02568
-1.204
-1.15018
-4.26791
-2.88708
-3.13082
-3.57401
-1.81093
-3.78218
-5.54327
-5.37527
-4.42175
-1.09733
-4.92439
-1.41605
-2.43264
-2.08701
-1.50884
-1.46392
-2.50087
-3.76604
-2.68392
-2.48419
-3.2521
-3.78064
-1.84612
-1.67066
-3.68263
-3.62531
-3.79532
-2.86888
-4.78379
-2.43967
-3.66688
-3.18455
-4.23173
-2.42181
-3.23563
-2.63107
-2.11663
-4.31557
-1.16571
-3.36044
-3.73637
-3.08643
-3.90544
-1.60314
-2.53814
-2.43132
-2.95492
-1.57995
-5.32626
-1.7801
-1.3558
-2.25522
-3.81276
-1.78051
-1.52436
-1.76309
-4.29071
-3.68495
-2.81242
-4.05412
-4.76118
-1.60149
-2.70995
-4.72584
-4.52016
-4.16552
-4.57379
-3.46395
-4.19325
-2.45867
-3.87333
-1.45288
-4.9035
-4.22999
-4.71805
-1.66464
-3.38919
-4.24176
-2.67182
-1.45416
-1.31891
-5.97447
-3.65042
-2.9909
-1.32113
-2.3442
-4.79448
-5.49739
-3.78721
-5.08217
-1.19331
-2.52555
-3.44515
-3.55736
-1.38315
-4.96767
-4.75599
-5.02862
-1.71835
-1.84713
-4.16889
-1.46193
-2.37742
-1.27862
-1.85413
-1.59427
-1.74529
-4.92823
-3.19143
-1.55825
-1.12296
-2.45549
-1.56479
-4.78469
-3.54558
-5.05911
-1.8419
-1.58058
-3.51535
-4.38231
-5.51231
-1.24574
-2.16423
-4.79094
-0.911777
-4.29908
-1.76234
-3.92437
-2.37444
-2.42962
-1.67285
-4.85075
-4.35984
-4.20103
-2.42272
-1.94164
-2.41121
-5.03141
-5.09684
-3.77804
-1.02281
-5.03874
-2.5907
-0.734884
-2.59568
-4.06801
-1.19983
-3.38783
-1.04856
-5.04566
-2.91802
-4.76101
-2.96099
-4.00587
-1.77922
-4.5584
-1.86032
-2.5049
-5.31445
-1.55166
-1.50218
-2.39164
-1.77347
-5.11003
-5.45871
-1.23684
-1.03853
-1.80157
-3.92504
-1.53792
-2.43445
-2.42987
-2.53532
-1.08162
-5.19091
-1.68306
-1.18168
-1.80465
-1.60473
-3.71403
-5.19535
-2.44135
-4.90528
-2.75622
-4.34436
-2.46163
-1.30185
-1.61422
-1.04877
-3.3144
-3.41685
-1.78264
-3.47697
-3.7161
-2.36335
-2.66349
-1.18072
-4.40308
-1.44217
-1.80885
-3.70253
-1.44107
-2.42193
-2.56005
-3.33451
-2.77094
-2.90933
-2.84412
-4.78685
-3.86136
-2.2932
-1.20028
-2.2644
-4.93012
-4.4103
-3.04652
-1.86284
-1.76453
-3.08727
-2.46095
-1.15125
-4.53269
-2.50448
-3.546
-1.58761
-2.36288
-4.44842
-1.69177
-3.3945
-4.83151
-2.56231
-2.17172
-4.17191
-3.61247
-4.53392
-4.49478
-3.71988
-3.45061
-4.57289
-4.7407
-3.46821
-1.22478
-1.42296
-4.55317
-1.21918
-1.5345
-4.73289
-1.33078
-4.40105
-3.83116
-4.57916
-3.36051
-2.43469
-5.19455
-4.27046
-3.24603
-1.30825
-2.59963
-1.4361
-4.95095
-4.87266
-2.39931
-3.62284
-4.12469
-3.40856
-4.74544
-2.1019
-1.2852
-4.4088
-1.7831
-3.61355
-1.51423
-5.07626
-3.77071
-3.77284
-1.84802
-1.14566
-4.99931
-1.34765
-1.69183
-3.01648
-1.66468
-3.76565
-2.41269
-2.85873
-1.72986
-5.10382
-5.21313
-1.16075
-1.15624
-3.85939
-1.30815
-1.67178
-4.335
-1.3272
-1.28402
-2.59423
-1.18546
-3.50055
-4.14213
-4.32331
-5.06532
-1.10929
-4.30649
-3.43768
-3.55304
-2.23693
-4.71359
-1.56117
-3.67476
-2.96773
-1.29184
-4.88267
-2.15716
-3.79703
-4.96948
-3.66055
-3.48343
-3.86498
-2.38687
-0.93666
-1.56945
-2.37861
-4.84444
-4.18391
-2.29676
-3.64687
-1.6045
-1.87245
-2.38981
-5.66479
-2.43257
-1.35775
-1.55413
-3.0862
-1.43253
-4.25137
-1.49115
-3.92799
-3.51501
-1.26176
-4.35339
-4.72493
-2.40018
-1.69233
-1.18471
-1.72808
-4.81978
-3.62023
-1.09786
-3.5179
-1.21789
-5.30321
-3.3323
-2.95199
-4.49238
-1.25738
-1.72476
-3.81424
-3.92752
-3.39164
-4.96743
-4.89372
-5.21501
-3.6386
-5.66728
-2.00288
-3.48
-2.19489
-3.84918
-2.38081
-5.66874
-1.73921
-3.57305
-5.65831
-4.15864
-5.2663
-1.30431
-1.08375
-1.54386
-3.96839
-3.3863
-3.53394
-1.141
-4.83314
-5.36293
-3.80303
-1.10787
-5.4612
-0.852302
-3.45333
-2.474
-1.73625
-3.52517
-1.63976
-1.19898
-2.70558
-5.26709
-2.48902
-3.40387
-1.92196
-5.05789
-5.19394
-3.20534
-4.40583
-5.23259
-1.93555
-5.10133
-4.90128
-1.58032
-1.8504
-5.35764
-2.26347
-5.29806
-1.05141
-1.69854
-1.40871
-4.63523
-4.76403
-4.39677
-1.75709
-3.55856
-1.48758
-5.23931
-2.44109
-1.92681
-3.25185
-2.18352
-4.97347
-1.74355
-4.78956
-1.25306
-1.76642
-3.78333
-4.97608
-2.18487
-3.76447
-1.75701
-2.55036
-3.57344
-4.83987
-2.63545
-5.52713
-1.23655
-1.74509
-1.19985
-2.52283
-1.4228
-1.08488
-1.37406
-3.01055
-1.15355
-4.35345
-3.66392
-1.3867
-3.99378
-4.71879
-3.80534
-4.40018
-4.87369
-2.6775
-2.56195
-3.55597
-3.84271
-2.42993
-1.09971
-1.16522
-3.65103
-4.08845
-4.69315
-3.81691
-5.40574
-1.76315
-1.65928
-1.87356
-1.16312
-2.534
-4.03495
-3.23944
-2.21921
-1.32765
-2.80886
-1.72035
-4.15063
-3.29789
-2.01117
-3.74128
-1.02824
-1.02598
-2.1499
-4.91973
-1.26336
-1.99814
-1.59354
-4.32949
-2.56384
-4.69828
-3.73473
-4.59637
-2.26221
-3.8786
-4.93962
-1.32722
-0.949744
-2.43096
-4.11795
-1.57348
-1.07208
-1.06183
-2.43138
-4.45282
-3.79343
-4.55265
-3.75671
-4.91945
-3.76613
-5.4023
-3.84839
-4.39826
-4.72647
-1.76135
-2.24637
-1.80533
-1.1411
-1.73086
-1.24294
-2.68763
-2.24793
-5.44932
-3.80398
-1.97767
-3.93298
-4.86731
-2.91349
-4.53507
-3.85886
-1.28251
-3.9285
-1.13241
-1.52439
-2.56505
-1.74473
-1.53562
-1.27413
-1.07096
-5.26702
-4.87687
-3.44604
-4.55222
-2.41451
-2.40236
-4.18911
-4.46463
-3.97535
-4.96263
-3.81662
-3.90913
-4.07386
-1.7715
-4.90723
-2.6857
-2.2244
-1.62319
-3.63519
-1.17666
-1.40731
-2.68469
-1.65937
-3.6018
-4.68301
-1.10076
-1.70075
-2.33024
-1.59076
-1.16393
-2.06804
-4.78723
-2.43826
-3.38888
-2.48999
-4.21593
-1.20209
-1.80347
-3.18638
-4.07936
-1.08367
-3.61557
-1.34074
-3.4323
-1.59603
-1.12836
-4.39675
-1.1061
-3.73178
-5.00311
-2.9059
-1.60778
-4.07835
-3.36528
-4.88455
-5.03084
-3.75087
-3.23657
-5.09317
-2.26848
-4.7737
-1.75232
-3.86277
-1.84463
-3.86647
-3.3039
-3.4996
-1.81228
-5.11481
-1.2839
-1.16891
-4.69508
-4.46073
-2.32954
-2.04652
-1.58315
-1.15989
-3.86799
-3.85784
-4.30492
-3.65554
-1.73106
-4.06222
-1.1306
-3.73946
-4.50095
-1.69797
-1.25169
-3.48307
-4.51648
-1.16153
-3.9057
-4.41517
-1.41415
-4.16677
-3.8523
-4.76585
-2.45934
-3.27686
-1.0651
-2.74893
-3.28415
-3.9828
-1.32
-1.85076
-2.50904
-2.02832
-1.11298
-3.28098
-4.94866
-2.40354
-3.78846
-3.95173
-1.15389
-3.59653
-1.52736
-1.62166
-1.19342
-2.5425
-4.97785
-1.71645
-3.86685
-2.86535
-1.59086
-1.73499
-3.40706
-2.50342
-3.91808
-1.76643
-1.84243
-1.61986
-3.24063
-2.25454
-3.07711
-1.28224
-5.19091
-5.29705
-2.47886
-1.09988
-1.30708
-3.80819
-1.66631
-2.44575
-1.11589
-3.65548
-4.41526
-1.00834
-2.55802
-4.94891
-3.75719
-5.5384
-1.3256
-1.58069
-3.96066
-1.74281
-1.35992
-2.55934
-1.12678
-4.73882
-3.08451
-3.8604
-1.38323
-1.21707
-1.17994
-2.6959
-3.04973
-1.80455
-1.56921
-1.65377
-4.90846
-5.13519
-4.28522
-2.44195
-1.73728
-2.57707
-2.45982
-3.80295
-2.40942
-3.04519
-4.20767
-2.58937
-2.79146
-1.63236
-2.23108
-4.89142
-4.34337
-4.72972
-1.32543
-4.69807
-1.46326
-2.52069
-3.6591
-4.21925
-3.08035
-1.60617
-2.38036
-1.07598
-1.84726
-4.06601
-3.8759
-1.70456
-4.40311
-1.16794
-4.90693
-3.53095
-4.40555
-4.40636
-1.09821
-3.40602
-1.56709
-1.16168
-3.99953
-4.11657
-4.00928
-1.27065
-1.48899
-4.68461
-3.8389
-4.84597
-2.87313
-5.51744
-2.59579
-1.58761
-2.52889
-2.60077
-4.57903
-1.78513
-1.16984
-5.92915
-5.2101
-3.7471
-3.05535
-5.40108
-1.15867
-3.54554
-1.15474
-4.79402
-3.62454
-2.66919
-3.06623
-4.02777
-1.1199
-2.51847
-3.21734
-1.04696
-3.87227
-3.8178
-1.78183
-3.8866
-1.61071
-1.84321
-2.98698
-5.28691
-2.60817
-1.25457
-4.97543
-1.10464
-1.75251
-2.41126
-1.10646
-4.68701
-4.26345
-4.9879
-3.70304
-1.60003
-1.57154
-2.44304
-1.31547
-1.12725
-2.2254
-3.80327
-1.67224
-1.53791
-2.64337
-2.55589
-1.28086
-3.42115
-4.62144
-4.92751
-1.50851
-4.54508
-4.4715
-3.32014
-1.07913
-4.76012
-2.06841
-2.73768
-1.15653
-4.91951
-2.02614
-0.93099
-5.03564
-2.6139
-3.11619
-1.64789
-1.33364
-1.14888
-4.03476
-1.31624
-0.965076
-5.47912
-4.00065
-1.89822
-3.79337
-1.79941
-2.33382
-1.18334
-2.56465
-4.40484
-1.05937
-5.34473
-1.99502
-2.44341
-1.27901
-1.48875
-1.12221
-2.62914
-3.73651
-5.18964
-2.54839
-4.0379
-2.41862
-4.38147
-1.1566
-1.11564
-1.43641
-4.04757
-1.08246
-3.09735
-1.82199
-5.22267
-1.24386
-5.26193
-4.11132
-4.58525
-1.05146
-1.10018
-4.80581
-4.19808
-4.66613
-1.11005
-1.33766
-1.51835
-0.958995
-4.72469
-1.55474
-3.91511
-4.96325
-1.82366
-1.1767
-3.83722
-1.02572
-2.67625
-4.56214
-1.31256
-5.03293
-1.18014
-1.44936
-1.33531
-1.05153
-1.25479
-1.08694
-2.41047
-2.37054
-5.42807
-4.36001
-2.66241
-4.02855
-1.27273
-1.00501
-4.69585
-1.90426
-4.97137
-3.3159
-1.68475
-2.66971
-3.95353
-1.23507
-3.60478
-4.52253
-2.34993
-4.81124
-4.60852
-1.68755
-2.64641
-5.21532
-3.73722
-4.74555
-2.5651
-3.74042
-3.83549
-1.40524
-1.83946
-1.32611
-1.07582
-4.14582
-1.61312
-3.93305
-3.46657
-4.56195
-5.19631
-3.11516
-3.85576
-1.34259
-1.26482
-1.16978
-1.10349
-4.40933
-4.52671
-1.04744
-2.69325
-2.42736
-4.99966
-3.83544
-4.19008
-1.30179
-1.13875
-2.93655
-1.17654
-4.01515
-1.68536
-1.81942
-2.50383
-3.95903
-0.835166
-5.62517
-4.09425
-2.07845
-1.10875
-1.05488
-3.0611
-1.14036
-3.8017
-3.83722
-4.74185
-1.9183
-4.43062
-3.41844
-4.14631
-5.11461
-2.64262
-2.48677
-1.22831
-1.41053
-5.04887
-4.96604
-1.15806
-1.15406
-4.72736
-2.93784
-5.31364
-1.83872
-3.93382
-2.55754
-5.64781
-3.86368
-1.77614
-1.90546
-3.99485
-4.92349
-1.06743
-5.24112
-4.02763
-4.95238
-4.70578
-2.36611
-3.09428
-3.36762
-1.45529
-4.66344
-1.34034
-2.52219
-1.15444
-5.00312
-1.4346
-2.56375
-2.61947
-1.09876
-5.18726
-1.79394
-4.83244
-4.06337
-3.50838
-3.91673
-3.56283
-4.04279
-3.2256
-4.69766
-3.49058
-4.01155
-1.10058
-2.91533
-3.31537
-4.71887
-2.79796
-5.012
-1.14402
-3.77229
-1.64175
-1.61148
-3.29123
-2.05044
-2.16992
-1.17662
-1.50405
-4.50971
-1.67868
-4.73193
-3.93671
-2.15972
-4.98124
-3.52926
-1.57042
-4.95633
-1.64672
-1.59114
-2.53659
-1.46427
-5.0346
-4.60051
-1.27468
-2.42269
-4.17128
-3.41671
-4.43502
-1.34375
-3.3946
-2.44134
-3.45681
-3.67886
-1.70004
-3.43107
-3.1779
-4.73198
-1.51871
-2.48668
-1.68354
-1.11015
-4.15467
-2.48212
-1.44335
-3.73454
-3.45663
-5.14633
-4.08646
-3.74582
-1.16118
-1.70445
-1.76927
-1.92083
-1.88948
-1.71433
-5.05629
-3.42404
-3.62522
-4.98279
-2.44896
-1.29351
-1.06746
-3.79672
-4.66847
-3.67485
-4.6954
-1.69025
-1.68854
-4.94462
-3.49765
-1.94784
-2.54721
-2.32918
-2.77258
-2.58255
-2.43029
-2.45339
-0.96553
-2.29406
-2.3491
-1.44044
-3.51636
-3.22802
-1.67233
-1.39692
-3.79834
-4.62357
-3.89931
-3.96742
-0.740023
-5.81185
-1.56073
-1.13553
-3.00479
-3.08151
-1.52728
-3.98803
-2.57499
-3.78433
-1.15905
-4.92526
-1.70419
-4.05488
-4.31452
-3.99923
-3.14393
-3.88211
-5.23009
-4.98467
-1.26342
-1.23055
-3.55845
-3.71968
-4.43989
-3.95054
-3.89754
-1.83125
-2.58266
-4.0304
-2.54452
-4.74545
-1.39677
-1.31787
-3.90212
-4.44956
-1.17617
-1.86462
-3.62944
-3.67916
-2.40638
-2.40666
-4.84139
-1.78875
-3.4893
-1.3172
-2.43129
-5.0904
-4.08333
-3.76731
-4.5399
-1.6345
-1.05749
-3.28382
-3.35629
-3.83407
-4.27453
-2.36984
-4.88719
-4.72725
-5.5037
-4.54839
-4.37225
-2.41771
-2.58233
-1.13742
-1.14948
-2.61378
-2.51944
-1.16459
-1.13591
-3.41119
-2.95404
-4.4536
-4.91484
-4.28898
-2.58124
-5.03237
-2.40968
-2.54656
-2.63172
-2.35725
-1.83483
-5.28814
-3.91638
-3.48765
-4.71816
-1.82708
-0.730729
-4.96464
-3.50767
-4.29001
-3.86887
-3.5393
-4.27789
-1.78712
-4.86171
-5.57077
-2.74229
-4.72755
-5.53773
-1.737
-1.87308
-2.17677
-2.85421
-1.668
-5.0854
-1.20104
-3.92457
-1.22157
-3.17304
-4.8343
-2.81755
-3.91397
-1.68236
-1.08611
-3.75867
-1.78103
-3.94426
-2.71585
-0.792873
-4.20103
-4.97109
-4.40304
-5.5547
-5.10966
-1.16387
-3.88234
-1.62811
-1.01137
-4.46237
-3.39918
-3.86328
-2.59195
-4.57374
-1.25401
-3.78432
-1.84048
-4.03949
-1.25721
-5.05596
-1.1818
-4.95446
-1.53764
-1.50894
-2.41682
-1.75631
-1.33296
-1.38199
-2.45289
-4.79817
-4.81699
-2.53949
-4.80589
-5.16187
-3.78144
-4.40831
-1.32017
-3.55682
-2.69134
-3.83484
-4.50437
-5.58144
-4.36022
-1.13073
-3.36888
-1.13289
-5.88992
-2.24617
-4.86451
-5.09205
-3.77788
-1.65148
-1.4233
-1.23689
-1.49942
-1.14511
-1.14059
-1.49281
-2.31293
-4.13993
-4.54548
-4.5376
-4.50997
-3.48426
-1.75995
-3.92772
-1.57367
-4.14672
-4.48395
-4.33892
-4.45415
-4.41888
-3.12111
-4.11
-1.68682
-3.12983
-1.38909
-4.35517
-4.41446
-1.97184
-4.44364
-4.29995
-4.93109
-1.29694
-4.23773
-1.69677
-1.17339
-4.17855
-1.40964
-2.63349
-2.59385
-5.51015
-1.55424
-5.52257
-1.51798
-4.91391
-3.08331
-2.61215
-1.48895
-1.13733
-4.11518
-3.86684
-1.90899
-4.12217
-1.72822
-4.53717
-2.70024
-3.86974
-4.49545
-2.45792
-4.44494
-2.6252
-4.05712
-1.52302
-1.60401
-5.63769
-2.56
-1.71498
-1.532
-3.13668
-1.69251
-4.92415
-5.12736
-1.15704
-2.87766
-4.52425
-1.45769
-2.25153
-1.16459
-1.54748
-2.5056
-2.71541
-1.3552
-1.68492
-4.32194
-0.987849
-4.59599
-3.29911
-3.19539
-2.5185
-3.73624
-1.91337
-3.28602
-1.09477
-4.70888
-3.90013
-3.43764
-1.57643
-3.64556
-0.388178
-1.13503
-1.24734
-1.83689
-2.00825
-4.60867
-1.78403
-2.83533
-1.92304
-4.45807
-1.21661
-4.08921
-2.41993
-4.01735
-5.21817
-1.20689
-3.98235
-1.75151
-2.54448
-1.39402
-1.12705
-4.07378
-1.04411
-4.71445
-4.98635
-4.48776
-1.0705
-4.24523
-3.78823
-4.38536
-4.33132
-1.11294
-1.73607
-4.77512
-1.61918
-1.16279
-3.13388
-2.89694
-1.75943
-1.10464
-3.5325
-2.04103
-3.02186
-5.56325
-5.42606
-4.52166
-2.07549
-1.38075
-1.30484
-4.53187
-1.72359
-2.55281
-4.97118
-4.43744
-5.0135
-2.71189
-2.57469
-1.1482
-2.66367
-4.88721
-4.27639
-4.70782
-5.0207
-2.42312
-1.28802
-2.78807
-3.7282
-5.73747
-1.63063
-2.42161
-2.53303
-1.07806
-1.7375
-1.22742
-1.26761
-3.4176
-3.582
-5.58459
-1.62996
-4.72311
-1.81363
-3.67112
-5.67523
-4.37626
-5.35604
-4.40116
-1.66925
-1.06825
-1.13168
-3.52884
-1.15431
-1.95261
-3.95503
-2.43235
-4.60603
-0.986301
-5.26539
-1.67589
-2.06819
-1.11316
-2.77731
-4.89186
-1.50566
-2.56896
-1.96367
-4.22836
-3.61598
-4.40016
-1.14117
-5.23364
-5.36648
-3.26739
-3.60704
-1.53997
-1.41884
-3.82172
-2.08747
-5.53514
-3.44063
-0.977099
-1.17776
-5.1954
-4.13138
-3.83347
-2.8836
-4.17561
-4.42855
-1.1115
-1.88632
-1.12441
-4.01867
-5.34638
-4.53527
-1.60579
-2.38106
-5.32718
-1.69222
-1.66925
-4.68415
-4.00872
-4.97938
-4.88577
-1.34893
-2.49435
-1.81545
-4.4615
-2.11885
-4.44514
-2.78011
-3.62413
-1.6509
-2.61013
-3.76817
-3.16663
-3.89019
-4.44848
-5.36378
-3.77118
-3.0316
-4.21495
-4.05282
-3.8656
-2.56588
-2.03781
-2.64731
-4.53408
-4.75283
-4.78147
-4.52236
-2.70159
-1.32046
-1.03487
-4.49643
-1.10494
-2.62355
-1.06443
-2.6707
-1.20254
-3.97447
-1.20213
-3.03734
-3.7762
-4.96486
-2.24139
-1.15771
-2.65716
-4.49154
-5.20028
-1.82674
-3.96314
-3.22235
-3.09573
-3.17101
-1.3713
-3.46736
-3.20816
-4.20895
-3.99021
-1.05649
-2.00957
-5.44094
-3.45941
-1.06537
-3.5851
-1.18469
-1.04069
-1.9558
-4.57576
-1.28846
-1.47685
-3.88019
-5.23866
-2.56114
-1.69405
-2.68482
-1.26441
-1.98759
-1.1717
-5.17042
-4.9886
-1.24657
-4.95972
-3.93108
-4.50428
-2.50032
-2.63771
-1.25478
-4.49958
-4.4353
-1.75779
-4.84773
-3.18809
-2.55149
-2.68258
-2.85028
-4.74176
-3.59484
-1.25476
-4.55139
-1.61094
-1.85025
-0.837289
-3.74294
-3.00876
-1.91208
-5.0626
-4.39483
-4.08101
-5.35839
-4.72313
-2.0794
-3.45767
-1.5973
-4.69295
-5.18232
-3.86769
-1.6317
-4.67253
-2.07177
-1.67969
-2.15154
-1.14775
-4.13466
-2.29141
-1.34575
-2.59052
-1.38561
-1.26324
-3.95742
-4.45401
-4.88626
-3.39405
-3.90951
-3.96118
-5.43512
-1.38128
-4.31273
-2.54586
-5.21284
-4.78142
-1.78013
-5.1787
-3.1663
-5.04287
-2.00311
-3.09545
-5.0778
-5.20515
-4.57139
-4.49611
-4.68531
-1.1011
-2.65403
-0.732897
-0.473687
-4.10365
-1.35599
-1.1018
-4.75326
-3.88475
-2.45501
-1.53318
-2.46969
-2.41249
-2.70747
-1.13397
-4.91168
-3.85849
-5.28592
-4.31656
-3.4757
-5.42949
-4.59607
-3.7822
-1.0218
-4.9196
-4.96816
-1.1556
-3.06203
-1.63259
-3.53683
-1.78826
-2.55592
-0.99959
-1.41672
-1.18288
-2.3862
-4.39351
-4.95135
-1.35581
-1.36549
-2.53008
-3.47775
-1.04097
-1.19059
-2.43953
-1.0585
-4.70325
-5.19648
-4.80011
-1.67737
-1.61096
-2.47125
-2.68528
-2.91221
-5.19839
-3.98403
-2.46583
-2.28885
-3.9404
-1.48554
-3.16846
-4.99463
-3.54065
-3.69171
-1.34133
-1.8008
-1.12621
-3.72272
-2.59405
-2.64206
-4.85696
-1.28006
-2.64604
-1.46508
-5.23938
-2.67626
-4.74963
-1.9084
-3.56571
-2.05907
-3.57574
-1.7286
-1.13698
-1.0595
-2.55176
-3.3979
-4.39939
-2.50249
-1.97886
-3.81028
-3.47619
-3.33591
-5.08534
-1.14705
-2.67691
-4.7378
-3.51616
-5.20561
-2.70136
-2.59955
-3.06978
-1.19279
-1.08648
-1.03833
-2.41774
-3.7779
-5.01752
-1.38414
-1.77972
-2.40843
-3.98102
-5.25062
-3.95609
-2.53841
-1.61761
-3.82985
-4.747
-1.52366
-3.80201
-1.19903
-1.33931
-4.47778
-1.13737
-2.5474
-2.92599
-4.73211
-1.39049
-1.07219
-3.37851
-3.4742
-2.55641
-3.93582
-3.89051
-2.47937
-4.10874
-3.07464
-4.73427
-2.47448
-2.51005
-3.75937
-4.48604
-1.46663
-2.57521
-2.05394
-3.81284
-2.77096
-1.21717
-3.31247
-2.47948
-3.67439
-1.77559
-1.30126
-3.96972
-4.72907
-3.55859
-2.73918
-1.07398
-3.27546
-3.8533
-3.15273
-3.42944
-2.8506
-1.20798
-1.76196
-4.4187
-1.11056
-4.40611
-1.0614
-3.79998
-1.58795
-4.97537
-4.97007
-2.78483
-2.13884
-2.66148
-1.17543
-1.61435
-1.12119
-4.17415
-2.54297
-3.97445
-5.44538
-3.08693
-1.66445
-3.37308
-3.4474
-1.50232
-1.50582
-1.00784
-2.57515
-1.54834
-1.85379
-2.05933
-3.49804
-3.63941
-2.4949
-1.3896
-4.68718
-2.67461
-1.4524
-3.86011
-4.74284
-1.09112
-1.47018
-3.84896
-1.35862
-4.34852
-5.43311
-0.749319
-1.58659
-4.5607
-4.45424
-1.11632
-2.48602
-3.52422
-1.34437
-2.57855
-4.05452
-3.8129
-1.62566
-4.68886
-3.50187
-3.97153
-4.32842
-1.2617
-4.85749
-1.3689
-3.92534
-1.10307
-4.96998
-4.63534
-3.49127
-5.61004
-1.85056
-4.38745
-3.56133
-1.37435
-1.49368
-4.58896
-2.59686
-3.72559
-3.70128
-5.14057
-1.74257
-4.65083
-2.26634
-0.8544
-1.52309
-1.38194
-2.64437
-1.9435
-1.54921
-2.32315
-3.50224
-5.09141
-4.66099
-1.68095
-1.02041
-1.05256
-1.56392
-2.52065
-5.41722
-1.3078
-4.81449
-4.36924
-3.63284
-3.42193
-1.83642
-1.4457
-3.61649
-1.77181
-2.61616
-5.0423
-0.755286
-0.736638
-1.60187
-4.0107
-2.50232
-2.28338
-1.37309
-4.17266
-1.75849
-4.76603
-3.33438
-4.67948
-1.49838
-3.63429
-3.33659
-1.16556
-4.03672
-4.49852
-2.91873
-2.57809
-2.64154
-3.14928
-3.84879
-2.54167
-4.21723
-3.32334
-4.31677
-1.03205
-2.57354
-1.29576
-1.10108
-4.73235
-1.28692
-1.45201
-1.10762
-3.44559
-4.82463
-5.34923
-4.07753
-4.50545
-4.08975
-3.37008
-1.51515
-4.83761
-1.21136
-1.0625
-0.701221
-4.48601
-1.52783
-2.9874
-2.87794
-4.40149
-1.19245
-3.96873
-2.67078
-1.79035
-3.01809
-3.91232
-3.64027
-4.76446
-3.9067
-1.64807
-1.1075
-1.27714
-2.43688
-1.12628
-2.62182
-5.27263
-2.61577
-4.7367
-5.57253
-1.3272
-4.93893
-3.20303
-1.16115
-3.36568
-0.99124
-3.19742
-5.08718
-4.83255
-1.15222
-3.12886
-1.18731
-3.84903
-1.12361
-3.85842
-3.69702
-3.16396
-3.97074
-4.51778
-3.85951
-3.31323
-4.64125
-1.38642
-1.97853
-4.77147
-2.45389
-1.8928
-1.168
-3.85927
-2.51772
-2.65803
-3.70219
-3.77156
-1.23821
-2.81025
-4.77201
-2.4249
-1.09903
-2.54814
-4.64772
-2.90517
-2.41983
-1.00217
-4.39457
-3.61113
-3.45276
-2.87004
-1.28502
-2.42086
-4.45712
-1.5837
-1.5382
-5.20325
-2.58524
-4.42941
-4.78117
-5.18155
-4.40331
-4.30233
-1.48114
-1.56613
-4.39887
-0.976966
-4.5677
-1.59139
-3.68345
-1.4377
-1.05582
-3.55923
-1.2714
-5.11829
-4.99635
-2.69319
-2.44882
-5.22414
-3.86296
-1.29648
-2.27347
-3.59241
-2.62202
-4.71499
-2.49537
-1.20995
-4.43646
-4.59539
-2.58545
-1.97074
-2.56723
-1.32769
-4.16405
-0.778881
-3.92948
-2.59698
-2.57614
-1.59838
-4.80236
-4.06369
-1.10424
-2.65061
-4.74179
-0.949453
-1.92092
-1.52512
-4.1719
-2.64958
-5.82381
-1.07824
-4.94258
-1.58603
-2.7274
-5.03133
-3.77839
-2.40761
-4.59496
-5.46116
-2.4065
-5.26469
-1.4488
-3.7966
-4.8846
-1.24474
-5.32039
-4.73969
-3.10362
-5.52749
-3.23923
-3.83347
-4.72593
-3.32813
-3.86663
-5.28441
-2.6033
-1.17833
-3.58096
-1.23521
-3.99466
-5.34911
-3.18094
-1.35108
-4.35274
-4.69525
-1.44641
-3.8502
-1.1686
-1.31116
-2.45423
-1.09378
-5.03979
-4.3137
-4.36902
-2.67026
-2.82489
-3.68145
-1.16236
-5.24344
-1.08975
-2.55755
-4.04639
-5.13088
-5.02713
-1.44577
-5.15943
-2.43471
-2.7181
-2.94466
-4.32377
-3.76644
-5.06199
-1.47029
-4.21272
-4.53104
-5.24338
-4.12513
-4.54697
-5.02292
-2.99486
-5.55486
-1.0552
-2.46639
-3.7571
-1.09308
-4.05786
-4.07037
-2.57705
-4.49611
-3.49786
-1.31088
-3.64791
-3.9675
-3.60858
-2.56458
-0.578231
-3.00204
-1.36024
-1.69342
-5.38991
-1.26505
-4.48844
-4.41869
-4.00906
-3.75963
-1.8784
-3.66762
-5.76319
-1.30677
-0.537399
-2.80297
-2.23973
-2.70625
-3.41901
-1.76796
-2.67604
-4.9151
-3.07172
-4.85824
-1.3221
-1.02824
-4.74639
-2.44987
-4.55327
-3.44962
-3.14316
-1.1437
-2.49357
-4.36195
-5.58114
-3.93405
-4.91884
-3.33033
-5.03667
-3.43677
-1.48239
-1.908
-2.68068
-1.12888
-1.08076
-1.31452
-3.5446
-5.15981
-3.74081
-3.96061
-1.03718
-5.6517
-1.10818
-1.82267
-1.60379
-2.63303
-4.74455
-4.69465
-1.16116
-2.92893
-3.87345
-3.31506
-3.85669
-2.5738
-5.19762
-1.68148
-5.54468
-4.77388
-3.70624
-5.1926
-1.56691
-1.07445
-1.16245
-5.54639
-2.66574
-1.8334
-5.07511
-1.53978
-1.49379
-1.42355
-1.95012
-2.59155
-3.80534
-1.58034
-0.973193
-3.61075
-1.04861
-3.68906
-1.30227
-1.10457
-4.10917
-4.25413
-1.59802
-4.80678
-2.65588
-4.47505
-5.34117
-1.50834
-2.59089
-2.64665
-1.6311
-3.4973
-1.09835
-1.71852
-3.90894
-2.59192
-1.31427
-2.26284
-4.66381
-4.33669
-5.17178
-5.81049
-0.998545
-1.91326
-1.10579
-3.95332
-2.77655
-4.45817
-4.83424
-1.94544
-3.91613
-4.60985
-1.13125
-3.93233
-4.96213
-2.45974
-4.17127
-5.55181
-1.05681
-3.51103
-2.00192
-1.65249
-3.93014
-0.56364
-5.02445
-2.60282
-3.79604
-3.8068
-1.17897
-3.98538
-3.90157
-3.93128
-1.75112
-1.16282
-5.20147
-1.18415
-2.9516
-4.2298
-3.26323
-1.25818
-5.38753
-1.11683
-5.09366
-4.73733
-4.8011
-4.70058
-3.71926
-3.54444
-3.03978
-4.3716
-2.87736
-2.54378
-4.32356
-3.98874
-1.43746
-3.47622
-4.24317
-3.7591
-3.02727
-3.35389
-4.38762
-3.03101
-3.72391
-1.11389
-4.94574
-2.51733
-2.52446
-5.20132
-4.30854
-4.73255
-3.91584
-4.72716
-4.6864
-1.70845
-2.61935
-1.16286
-3.13696
-0.978488
-1.64528
-1.50549
-5.26372
-1.22104
-1.1954
-1.51405
-2.453
-2.99092
-4.2797
-2.42398
-3.06373
-2.61723
-3.92669
-3.04257
-1.36965
-5.04001
-2.63092
-5.41483
-2.66442
-1.01441
-4.60772
-5.10995
-2.06662
-3.51329
-1.37707
-5.03489
-5.82388
-1.96843
-1.24393
-4.81823
-4.17724
-1.4698
-4.68223
-3.86466
-2.09341
-1.56762
-4.56348
-1.42681
-4.53014
-0.999445
-4.55324
-3.52308
-3.99316
-4.97053
-5.00882
-1.39819
-2.72911
-3.05189
-4.73833
-3.85139
-4.69628
-1.08029
-5.07466
-1.13513
-2.62755
-4.75074
-1.34482
-1.16104
-1.81982
-4.82154
-3.20634
-2.68591
-2.42957
-1.61186
-5.01939
-3.40394
-4.74012
-3.67291
-1.11206
-3.35341
-5.37569
-1.3115
-1.60824
-5.10838
-2.30988
-5.19504
-4.4179
-4.18765
-5.24383
-4.61193
-1.12494
-2.64705
-5.23782
-4.31514
-5.39093
-5.06767
-1.27631
-2.55126
-2.77069
-4.17709
-3.24566
-1.67928
-1.10604
-2.47079
-5.23073
-3.70956
-4.06402
-2.73195
-4.32694
-4.92186
-3.71593
-3.77126
-3.49071
-4.41155
-5.16522
-2.30783
-3.9908
-3.04946
-4.3001
-5.02533
-4.29503
-5.1643
-1.07693
-4.74415
-1.48852
-3.71422
-3.71139
-2.96869
-3.34834
-1.40415
-5.48967
-1.1965
-2.97209
-1.41391
-3.92214
-3.35431
-4.11621
-2.83465
-1.09099
-1.16673
-2.60577
-1.68051
-4.59672
-1.42574
-2.54137
-3.12335
-4.7365
-1.76419
-5.30913
-3.75099
-1.12945
-1.67944
-1.69763
-1.33012
-4.8937
-1.85172
-0.97054
-2.41653
-5.15498
-1.27079
-5.37613
-1.7871
-1.52451
-2.38155
-3.21698
-3.75258
-1.76006
-1.46255
-2.73459
-3.61182
-1.80162
-4.93668
-4.94809
-1.18741
-1.25
-3.23396
-5.24159
-1.51638
-3.65144
-1.78163
-2.67775
-3.92753
-4.69496
-4.67815
-2.58528
-5.15935
-4.52
-1.42284
-2.70462
-5.24778
-2.66206
-2.59019
-5.00613
-5.13888
-4.39512
-1.46036
-1.40542
-1.59098
-1.1834
-1.5533
-2.54819
-2.68666
-1.61352
-3.44889
-4.21969
-3.40545
-2.75877
-5.21862
-4.84858
-3.8106
-3.74583
-1.02954
-1.05238
-4.37903
-1.89273
-5.2097
-3.04542
-2.08857
-3.98983
-5.12444
-2.80204
-1.79405
-1.99034
-3.33993
-2.94772
-1.44081
-4.10621
-2.70522
-2.57116
-4.09349
-1.12483
-2.61303
-1.95333
-2.79287
-1.33848
-4.69527
-4.70065
-3.33645
-1.2271
-1.14489
-2.23713
-3.47203
-1.38225
-3.84228
-4.93509
-2.45437
-1.25707
-4.24535
-3.48768
-3.50731
-1.11602
-4.83723
-1.26376
-4.01462
-1.49591
-2.09485
-1.71988
-2.7134
-4.78188
-3.58773
-4.67424
-5.46398
-3.66825
-1.096
-4.34923
-4.73324
-2.42535
-1.52018
-1.49547
-4.3209
-4.37
-2.69163
-3.89679
-5.5809
-1.20908
-0.517104
-3.67363
-4.39001
-5.18892
-5.40779
-1.47167
-2.45381
-4.20528
-4.52778
-4.8901
-5.10182
-0.96973
-4.55466
-2.22318
-5.46883
-3.78472
-1.42483
-1.10093
-1.04589
-1.418
-5.2182
-1.10916
-4.86702
-2.08253
-1.23939
-2.84015
-1.31298
-4.19028
-3.65815
-1.63913
-1.48551
-1.43261
-4.26229
-1.23737
-5.21189
-1.21
-4.45643
-1.77836
-2.4135
-3.76279
-5.28316
-3.71626
-1.79353
-1.05323
-3.48104
-3.56539
-4.79186
-3.61419
-1.20971
-1.36064
-1.17571
-2.6095
-4.1987
-4.48239
-5.23296
-2.6184
-2.20413
-4.53201
-4.99156
-5.07992
-3.85996
-3.89665
-3.72649
-4.69367
-4.07137
-0.79791
-2.69128
-3.81252
-4.88254
-5.11787
-4.62216
-4.79278
-1.75606
-2.62783
-1.62669
-3.43711
-1.14489
-4.15145
-1.43114
-1.01059
-2.40986
-3.66143
-1.21008
-3.35097
-3.96137
-3.40553
-2.50449
-1.21783
-5.18018
-4.46533
-1.34552
-4.02703
-3.62921
-1.5428
-4.13978
-4.77301
-2.6841
-4.32811
-2.84445
-5.31997
-1.08528
-3.29673
-5.37004
-1.24308
-3.13904
-1.15488
-4.67716
-4.04216
-3.26841
-1.36318
-5.09526
-3.53613
-3.81683
-1.43439
-3.19692
-5.30042
-0.836624
-1.10221
-2.69769
-3.96078
-3.03468
-5.32559
-5.02419
-3.79139
-4.6251
-4.79949
-0.897751
-4.75588
-2.22064
-2.60005
-5.05459
-4.82139
-5.04232
-1.16354
-5.25961
-4.34547
-2.45097
-4.19822
-4.17727
-0.931364
-2.33304
-1.32974
-5.32443
-3.7718
-1.16754
-4.07039
-3.57822
-4.58086
-4.75412
-5.27834
-3.93798
-1.46296
-4.45804
-4.35911
-4.60669
-1.1649
-2.66649
-3.52609
-1.24686
-4.63905
-2.41632
-3.74797
-5.46018
-4.72616
-2.22875
-2.54976
-4.94499
-4.44991
-1.08114
-4.80391
-4.403
-2.74056
-1.13229
-1.68685
-4.05536
-2.68966
-1.37511
-1.77401
-4.95738
-4.59945
-5.26059
-4.68517
-1.09641
-4.3111
-5.34334
-3.92009
-4.30624
-1.27481
-4.27913
-4.01758
-2.81959
-3.63699
-2.92953
-5.33497
-1.97252
-3.65769
-4.82274
-3.64657
-0.914356
-5.29438
-2.64756
-1.25883
-1.78154
-3.55482
-4.11187
-4.79259
-1.47441
-5.2052
-2.87695
-3.84215
-3.51382
-4.46278
-1.2302
-0.891736
-4.05041
-4.96897
-5.0885
-2.00475
-1.31397
-5.19887
-4.11896
-4.87611
-4.11105
-4.84
-2.59463
-4.1274
-1.11426
-5.48949
-1.5507
-1.76013
-5.27874
-2.42427
-1.02523
-5.46238
-2.64939
-4.61144
-4.02708
-2.69836
-1.58715
-4.30417
-3.12379
-2.42442
-1.25225
-3.37393
-2.47956
-3.54923
-3.64463
-4.25584
-4.15229
-5.14597
-3.91641
-4.16165
-5.36684
-5.00693
-4.07263
-2.46454
-2.20605
-5.24208
-2.42201
-3.51099
-1.03468
-3.84951
-3.45722
-1.156
-3.84571
-3.47203
-3.8034
-4.61017
-4.87966
-5.03128
-4.36355
-4.2985
-4.50942
-4.50148
-2.42409
-4.16874
-3.06313
-3.84723
-5.07221
-1.04918
-4.79649
-3.98163
-4.95224
-4.79733
-5.32701
-0.814872
-3.5267
-5.32089
-3.3178
-4.62658
-4.00918
-4.92943
-1.7799
-4.00025
-3.58759
-2.70716
-2.84091
-4.57383
-3.89741
-4.07279
-4.75382
-2.82007
-3.527
-4.98977
-1.8863
-5.32169
-3.16681
-4.63794
-4.80021
-4.69904
-1.68632
-1.47725
-3.62378
-4.90574
-3.97462
-4.04472
-1.67181
-4.98409
-1.32552
-1.16246
-1.05328
-1.63396
-1.53936
-3.77418
-5.20649
-4.56194
-1.79129
-4.36911
-3.96751
-3.58739
-4.58754
-1.73957
-0.877862
-2.40026
-5.66663
-1.10156
-1.37315
-4.14143
-4.71278
-4.83719
-3.59599
-5.22531
-3.26127
-1.99711
-1.19016
-4.32683
-1.07518
-4.45311
-3.84201
-1.75676
-4.78921
-0.849304
-5.79885
-1.23548
-3.78128
-1.56982
-4.13284
-4.20458
-1.07795
-2.93094
-4.15741
-4.31938
-1.08072
-1.9404
-2.57114
-4.24559
-1.90433
-1.16029
-4.16183
-4.04091
-3.10544
-3.87515
-2.96723
-1.9412
-1.36284
-1.05182
-2.38115
-1.62779
-1.4626
-3.78817
-4.17331
-3.87998
-0.313181
-5.04941
-2.66844
-5.2296
-4.42119
-3.42756
-5.32289
-3.83715
-4.1002
-4.1639
-3.44305
-1.47106
-4.34439
-1.42272
-5.20865
-5.45031
-5.04111
-1.78842
-5.035
-3.2702
-2.95661
-3.56597
-2.44675
-3.28955
-3.82799
-1.24087
-5.21188
-3.75835
-1.08054
-5.00115
-2.96297
-2.80478
-3.61747
-2.5666
-1.07684
-5.22455
-4.25311
-1.61384
-1.16883
-2.88517
-2.90647
-1.66367
-3.7944
-1.43098
-3.27653
-2.54864
-1.88115
-1.91332
-4.9618
-3.44807
-4.04376
-2.02305
-1.15081
-4.67497
-4.78792
-1.17839
-1.89782
-1.31984
-1.68361
-1.06908
-1.7928
-2.31837
-4.84824
-4.81693
-5.43408
-2.80541
-4.64875
-1.10852
-4.01511
-4.41397
-5.81341
-5.41257
-2.66437
-1.29052
-4.7621
-4.93294
-4.82422
-1.16983
-4.76488
-3.09
-1.75094
-4.34242
-2.53532
-2.05915
-3.72627
-4.07776
-5.80568
-3.60178
-4.88693
-2.52443
-4.87076
-3.77132
-5.39636
-2.62475
-2.88509
-4.68459
-4.60166
-3.54737
-3.72415
-1.42272
-3.88177
-3.43292
-4.69163
-5.20545
-4.66703
-5.00518
-5.07457
-5.53052
-3.96426
-2.93043
-3.11912
-4.20624
-2.47661
-1.29699
-2.50415
-5.33661
-1.59118
-5.2976
-2.66813
-5.69223
-3.44335
-5.80267
-3.97998
-1.11559
-1.88799
-1.04325
-4.79769
-4.24431
-5.45927
-1.44777
-3.95156
-1.78119
-3.64332
-2.75329
-2.71173
-4.78319
-1.14361
-5.06552
-2.10106
-3.48541
-1.85764
-4.3467
-4.15398
-1.74092
-5.07499
-1.03748
-4.24004
-4.32076
-1.61821
-1.38028
-3.23451
-1.5872
-2.71118
-4.99091
-4.05232
-4.00288
-1.06818
-5.2488
-3.02622
-5.04903
-3.6021
-2.92394
-5.06806
-4.5925
-4.98813
-1.13827
-3.65278
-5.37324
-3.69409
-1.54742
-3.67129
-3.54822
-3.19075
-3.30167
-4.14319
-1.87435
-1.78696
-4.74336
-4.61686
-3.99275
-3.82884
-3.45916
-2.52151
-3.81022
-3.92695
-4.37554
-0.949364
-1.13327
-5.01377
-4.3821
-4.26094
-1.29
-4.93724
-3.75368
-5.8097
-1.10117
-4.66528
-1.5236
-5.34974
-4.88077
-4.80846
-3.00921
-4.17996
-2.10501
-2.62781
-1.52364
-5.02985
-5.21923
-1.07371
-5.02173
-1.08048
-4.60843
-1.47115
-4.70154
-1.16012
-1.10258
-3.70141
-5.03252
-1.85473
-2.92623
-3.57947
-4.30063
-3.58805
-1.36217
-4.0663
-1.76843
-4.41152
-4.70148
-4.14041
-1.10193
-2.82165
-2.41575
-1.09743
-1.98378
-4.36553
-5.23812
-5.26208
-3.62706
-4.98352
-3.79581
-4.67283
-4.86561
-1.45049
-4.90492
-2.68875
-5.05826
-4.65603
-1.77235
-2.14834
-2.12756
-4.45428
-4.60591
-3.18241
-5.03133
-1.25404
-4.3264
-2.27768
-4.43642
-2.33424
-2.42231
-1.10067
-4.06467
-1.05712
-1.07402
-1.80782
-1.07944
-5.1819
-4.68017
-1.44852
-1.15735
-3.37526
-5.01806
-5.12
-4.59884
-1.15074
-2.43333
-4.28608
-1.54184
-4.94751
-3.48707
-5.30056
-1.47027
-3.17649
-1.34386
-2.53519
-5.07606
-1.06893
-1.60826
-5.26696
-3.20793
-2.80672
-5.34716
-5.27945
-1.65683
-3.042
-4.63131
-1.29812
-0.751607
-4.81012
-4.03775
-5.12197
-4.17766
-1.17104
-4.2962
-3.50334
-4.74394
-3.29341
-3.37559
-3.08367
-5.30978
-4.28555
-1.81805
-1.43892
-1.32788
-5.75989
-1.34141
-4.88567
-1.11512
-3.36311
-1.30735
-4.19325
-4.58823
-3.11164
-1.39636
-3.93955
-3.51174
-4.84218
-4.46474
-3.20732
-4.9515
-5.75819
-1.22756
-4.98229
-4.31099
-3.70587
-4.60363
-3.29394
-1.80297
-3.01903
-4.17471
-3.45844
-1.10545
-5.52135
-1.09023
-5.20079
-3.71239
-4.67876
-1.50596
-5.07388
-4.64615
-5.02259
-3.06703
-1.09273
-1.1628
-3.27496
-1.05006
-0.640774
-1.12895
-4.33137
-3.85277
-5.02858
-3.02618
-3.21431
-1.01996
-5.02084
-4.75348
-1.76661
-1.1764
-1.16934
-3.78403
-1.77079
-4.05427
-3.04257
-2.91115
-5.24161
-3.88169
-1.87346
-4.26796
-5.04994
-2.76985
-3.65334
-3.89596
-1.13375
-3.60892
-1.07283
-3.69081
-2.55358
-4.5296
-4.99437
-2.06191
-2.40611
-1.77521
-4.09371
-3.90736
-1.08973
-5.39638
-4.6531
-1.13943
-5.25905
-3.65008
-1.24412
-1.81141
-4.82736
-2.80021
-5.50915
-5.81761
-4.06923
-1.17528
-3.76867
-4.06031
-1.99798
-1.92052
-4.91164
-5.10634
-1.17277
-1.13212
-3.54212
-1.06621
-2.28875
-4.16657
-4.56278
-5.01141
-4.30344
-4.90122
-3.8551
-1.28887
-4.14725
-3.56333
-5.18337
-4.32787
-1.07523
-1.04219
-4.65641
-4.63776
-0.546628
-5.17195
-1.07284
-2.40777
-4.03927
-2.563
-4.69478
-1.10324
-2.41018
-2.39078
-1.41424
-4.28604
-5.0475
-3.15373
-1.10779
-2.65323
-4.9709
-4.2297
-1.08459
-1.774
-4.73934
-2.58041
-1.78795
-5.04974
-1.58933
-5.3625
-1.35184
-1.53092
-5.07274
-1.64492
-1.1307
-3.40314
-4.6577
-2.46188
-3.59682
-3.93847
-1.15258
-1.36849
-5.19265
-2.08075
-3.30284
-2.59961
-2.23307
-5.03665
-4.28524
-4.82077
-3.84426
-4.1909
-4.25658
-5.0858
-4.16535
-2.33521
-4.66184
-3.3904
-4.25504
-1.1399
-5.0667
-4.952
-4.41175
-2.06866
-1.08945
-3.35142
-1.77399
-1.40552
-0.745929
-1.39514
-2.79447
-1.14513
-4.78419
-1.7644
-3.21069
-3.5795
-1.14022
-4.31389
-2.91335
-2.37417
-4.00974
-3.65361
-5.00198
-1.10345
-3.75435
-1.91563
-4.68143
-4.53628
-3.52449
-4.61105
-2.61688
-4.87426
-1.93764
-5.04906
-3.96373
-4.67956
-4.25326
-5.69847
-3.27715
-4.42124
-1.97958
-3.90968
-5.15781
-4.27708
-1.17577
-1.70274
-4.50096
-0.479366
-1.31946
-2.96015
-2.40699
-4.95667
-2.88469
-3.78687
-1.12997
-2.91245
-1.06553
-2.73295
-3.78679
-5.08493
-1.33571
-1.61609
-3.71449
-4.19118
-3.98575
-4.74594
-0.910519
-5.10567
-1.07184
-3.70241
-5.29347
-4.79959
-4.85524
-1.03149
-1.11503
-4.57013
-1.49898
-3.62209
-3.71635
-1.04047
-4.31048
-1.43722
-3.07904
-2.63217
-4.35294
-1.12473
-5.88699
-1.11099
-4.19452
-5.11727
-1.48864
-1.4474
-1.10055
-4.72426
-3.63716
-5.02271
-4.75384
-5.52271
-3.19268
-1.36485
-1.08702
-1.17519
-3.78215
-1.12772
-5.04409
-5.27142
-1.08888
-4.80249
-1.7521
-4.08894
-4.77437
-4.5788
-3.24752
-3.83302
-5.02686
-4.47902
-4.75098
-1.34723
-4.38734
-5.12621
-4.13889
-5.12092
-5.027
-5.30305
-4.61269
-2.04396
-4.43763
-5.37433
-4.82979
-5.11534
-1.64954
-4.70879
-2.99119
-4.77333
-4.44208
-5.02036
-0.391171
-1.31538
-4.73707
-1.23161
-5.13203
-4.28255
-1.88792
-4.68082
-4.95695
-4.68336
-2.04585
-3.97554
-1.07102
-4.67834
-5.52304
-4.43659
-4.60623
-1.14795
-5.32053
-3.43724
-1.91714
-2.41269
-1.39782
-2.92707
-3.60986
-4.91164
-3.89887
-3.92059
-1.32052
-4.25793
-3.90376
-5.09219
-1.08911
-2.55802
-4.58668
-3.16162
-1.7583
-2.84841
-3.90572
-1.27671
-2.16681
-3.5195
-3.8537
-5.21149
-3.43713
-1.33054
-5.38042
-2.46114
-1.18955
-3.05723
-4.56647
-1.08213
-2.23186
-4.97766
-3.72107
-3.90216
-3.52287
-1.79833
-4.72923
-5.21997
-4.35658
-1.36038
-2.63617
-5.35265
-4.03058
-2.75696
-1.3677
-2.36566
-3.58751
-1.30503
-3.44984
-3.51748
-2.88572
-1.77102
-5.04896
-2.53275
-3.86096
-1.17869
-1.18711
-3.75595
-1.06432
-5.51678
-4.97157
-1.21181
-5.34492
-3.24312
-4.38265
-4.31517
-4.55195
-1.25987
-1.63199
-2.34967
-4.71713
-2.53113
-1.28243
-1.47104
-3.90296
-3.47199
-4.23033
-4.29494
-2.30375
-4.67907
-4.95065
-4.14841
-2.87621
-2.86558
-2.79118
-5.28388
-3.91073
-4.51968
-4.74338
-3.60144
-4.8019
-4.94066
-5.3053
-0.975717
-0.764877
-4.15942
-4.20502
-5.13064
-4.97174
-5.13828
-5.12016
-4.148
-4.24405
-1.07122
-2.99285
-0.894809
-4.41897
-3.93983
-4.99848
-5.3244
-4.84398
-1.16076
-4.27373
-5.03475
-1.65621
-5.3865
-4.93229
-4.38405
-1.21983
-3.89881
-3.34981
-1.28126
-3.42379
-1.27624
-4.87167
-4.71961
-4.84021
-1.21812
-4.74255
-4.05936
-4.00466
-1.08387
-5.57064
-4.20425
-4.04003
-4.27912
-5.06328
-1.59671
-4.17886
-4.9609
-4.54105
-1.47412
-3.67468
-4.93833
-1.17089
-4.91969
-4.95269
-4.34303
-3.96249
-4.83586
-5.32283
-5.73094
-1.39778
-4.31673
-4.09242
-1.12114
-3.8525
-3.89915
-5.81026
-4.06276
-1.72209
-3.41838
-1.9141
-4.74694
-3.15806
-0.875383
-1.14197
-1.32752
-4.00998
-4.93535
-4.14216
-1.11205
-4.5739
-1.08541
-5.03071
-4.71417
-4.63478
-0.883997
-0.894778
-5.20086
-4.44249
-4.2263
-5.20725
-4.80491
-4.51648
-3.50639
-2.05512
-4.75066
-5.16031
-3.84192
-3.40172
-3.09186
-4.93776
-3.52331
-5.06892
-2.85096
-1.73572
-5.0208
-1.10281
-2.76842
-2.41233
-3.61037
-5.10844
-5.48239
-4.23171
-3.62138
-1.28343
-2.90026
-3.79342
-3.61217
-4.15839
-1.08875
-5.27271
-3.23827
-5.01872
-4.00452
-5.22667
-3.58331
-4.32464
-4.49323
-5.75278
-4.00256
-3.14679
-4.56974
-1.39347
-1.14166
-4.91637
-4.96326
-0.593065
-4.56707
-5.10765
-2.20892
-5.09226
-2.93783
-5.27086
-3.35452
-4.32285
-1.44807
-4.24481
-1.1393
-1.18682
-4.96702
-3.89824
-5.02339
-4.9624
-3.97545
-4.63715
-5.4113
-4.05298
-1.34215
-4.16821
-4.95136
-4.54327
-4.41755
-4.25197
-5.34135
-3.54935
-5.43024
-4.8774
-3.2383
-4.96137
-4.25123
-1.18116
-1.08851
-1.40011
-1.18879
-3.80033
-4.27477
-1.21279
-4.64951
-4.21335
-3.98314
-5.44496
-1.14163
-4.70165
-5.04274
-4.96801
-4.64658
-4.96138
-2.42788
-2.02395
-1.30724
-3.06432
-4.19448
-4.58276
-4.60288
-4.84255
-1.59781
-3.871
-3.79714
-4.18086
-1.17776
-5.01636
-4.66597
-4.61864
-3.76529
-1.10911
-4.14846
-4.17836
-4.16743
-2.00378
-4.82157
-4.57902
-4.97061
-4.86347
-4.59665
-4.17884
-4.08412
-1.31627
-5.01092
-5.71077
-1.72234
-4.04065
-5.01979
-4.94051
-1.20435
-5.29028
-1.03476
-4.70687
-1.19533
-5.43619
-4.75008
-2.53878
-1.82426
-4.29522
-2.8398
-4.13356
-1.08856
-2.74339
-2.87244
-5.52325
-4.93014
-3.85024
-1.08638
-3.65469
-4.9013
-3.87737
-1.44939
-1.86188
-1.90103
-2.92188
-5.10898
-3.79851
-3.60159
-1.93758
-1.50171
-1.4209
-2.11595
-2.71019
-1.45105
-4.63527
-1.97885
-5.09186
-5.06612
-1.79647
-4.34656
-4.39813
-1.26017
-3.77208
-2.65116
-5.63689
-5.45142
-1.69933
-4.23113
-4.79189
-3.56359
-1.06286
-4.31273
-1.1429
-4.79185
-1.31595
-1.11137
-1.08884
-4.4392
-1.32825
-2.43379
-2.0651
-1.0808
-1.0314
-1.27293
-3.11383
-1.12777
-2.35719
-5.31169
-2.97251
-0.783416
-1.0446
-2.57246
-1.57367
-2.40595
-1.27306
-1.63709
-4.41918
-2.5502
-2.87989
-4.67203
-1.42326
-1.08806
-1.08611
-4.70888
-1.82473
-1.63184
-2.70593
-2.47296
-1.50173
-1.14107
-5.08649
-5.11808
-1.54955
-4.69125
-2.40799
-1.25533
-5.02719
-1.19679
-2.81746
-1.61816
-4.31772
-4.27246
-5.22724
-1.20625
-1.06716
-1.7086
-2.65044
-2.15871
-5.28341
-4.18539
-5.61811
-1.41078
-1.264
-1.02811
-2.41152
-4.19938
-4.09974
-1.84282
-2.35618
-4.67408
-4.18475
-5.28879
-5.07029
-3.991
-2.64828
-4.86616
-4.84353
-4.08642
-3.12854
-3.81846
-5.68224
-3.60409
-2.89787
-2.00054
-4.03175
-4.89378
-1.96397
-0.931624
-1.11105
-1.1222
-5.6083
-2.72346
-3.95336
-1.77781
-2.93422
-4.56491
-1.33913
-4.01321
-4.20542
-2.60907
-1.11576
-5.07654
-3.83815
-5.0814
-5.37475
-1.28193
-5.45325
-4.45945
-4.94223
-5.26583
-4.85973
-5.08723
-4.35136
-3.77218
-2.41423
-3.53224
-4.35496
-5.21827
-1.10811
-2.69806
-1.12264
-4.14861
-4.77779
-4.11412
-4.24159
-4.75077
-5.37043
-4.25147
-1.10174
-2.93365
-2.06413
-1.42015
-5.01412
-1.77958
-4.17914
-4.33483
-3.93774
-5.10096
-2.05649
-3.80551
-5.17302
-1.23388
-5.19614
-4.39896
-4.93811
-4.15663
-2.99297
-1.08579
-3.58314
-1.10332
-3.61676
-1.13765
-5.10981
-1.17813
-4.62537
-1.16145
-4.02425
-1.95861
-1.26437
-4.74377
-5.20039
-3.5198
-4.9155
-4.82827
-4.40231
-5.00987
-2.47963
-1.33072
-1.04299
-4.82817
-5.28023
-3.038
-4.02997
-2.13541
-1.08546
-4.25901
-3.74046
-4.54275
-4.74589
-3.16939
-2.93245
-4.93469
-1.77606
-3.32763
-5.04939
-5.76494
-4.89618
-2.65893
-5.30981
-2.9323
-3.04871
-3.50952
-1.07684
-4.08752
-3.70726
-4.37249
-4.15135
-1.08833
-5.29601
-3.93772
-1.24795
-4.20574
-1.40778
-3.97489
-2.40149
-4.72972
-1.31584
-1.08669
-1.74861
-1.56928
-3.65226
-0.919434
-5.30024
-1.23753
-4.25227
-4.15544
-3.87248
-1.8797
-5.15477
-4.80082
-3.62383
-4.50396
-4.3109
-4.10287
-4.87167
-1.70863
-5.11706
-1.1323
-1.76825
-5.01708
-3.30882
-5.10207
-5.25017
-4.98476
-4.45256
-4.86813
-4.25907
-3.05202
-1.37616
-4.78294
-4.45078
-5.27632
-4.16644
-5.19805
-0.904072
-5.35471
-1.16268
-1.1024
-4.89167
-4.42183
-3.51692
-3.98498
-5.18894
-4.82576
-2.04416
-3.606
-1.88664
-1.7833
-1.3765
-4.11183
-5.57101
-4.30653
-2.08974
-4.72115
-1.86181
-1.03756
-4.93557
-1.13838
-3.78803
-4.82556
-4.70513
-4.6954
-5.03758
-4.11659
-3.7145
-4.3613
-2.05757
-4.43425
-2.45276
-1.16791
-4.97516
-1.59885
-3.30025
-1.17101
-5.66285
-5.04968
-5.26202
-4.50273
-3.26342
-2.62142
-4.49454
-2.53599
-4.09419
-1.19994
-3.7766
-5.124
-1.89429
-2.46643
-4.63365
-1.58863
-4.47278
-1.56687
-5.24816
-4.83923
-1.1909
-1.3225
-3.639
-1.18933
-5.02682
-3.68376
-5.22489
-1.18813
-4.71796
-4.02062
-3.49762
-1.2552
-1.3304
-5.08837
-4.9359
-4.42969
-4.38317
-3.41788
-4.36528
-3.99231
-4.69103
-5.03959
-3.76832
-1.07068
-3.45004
-3.97247
-0.490225
-3.79053
-1.2708
-1.05519
-1.12979
-4.29391
-4.17875
-5.23148
-4.01941
-3.87369
-4.62219
-5.4014
-1.07568
-4.58931
-1.06021
-4.27554
-4.88722
-4.12934
-4.3544
-4.51336
-4.97468
-0.915159
-4.94753
-5.20075
-1.06283
-2.17923
-5.68783
-3.98315
-4.75079
-1.32322
-5.39408
-4.63073
-1.04966
-5.32283
-5.69173
-4.34934
-3.40006
-1.19148
-5.20279
-1.89437
-4.28559
-3.88435
-4.12694
-4.36405
-4.99786
-2.62639
-5.54296
-5.23187
-1.28955
-2.89556
-1.36459
-3.16437
-1.16367
-1.07144
-4.98361
-4.12597
-2.97945
-4.82364
-4.68825
-5.20663
-1.21269
-1.53984
-4.58537
-3.37693
-2.07071
-1.05463
-3.96179
-2.92969
-4.12537
-1.08466
-1.09636
-3.82755
-5.578
-3.84604
-1.06202
-5.04393
-4.79754
-4.65112
-2.99634
-2.97824
-3.93457
-2.18654
-2.10439
-2.99751
-4.77142
-3.96092
-3.99763
-4.69809
-5.16595
-3.56255
-4.42506
-4.53289
-4.39698
-2.48798
-1.19855
-4.57289
-1.09314
-3.67408
-4.35107
-1.39359
-2.15091
-1.14077
-5.07002
-5.09222
-3.93889
-4.06121
-4.93846
-5.79564
-5.38982
-3.40891
-4.49685
-3.56375
-3.88363
-4.27547
-2.4992
-5.6021
-2.97656
-5.40606
-1.08395
-4.90499
-4.65724
-5.42781
-1.19003
-5.48473
-1.02375
-3.70951
-1.11318
-4.87824
-4.64519
-3.62259
-3.42668
-1.12176
-4.78584
-1.08823
-5.14208
-3.79914
-5.54548
-1.37596
-3.24963
-5.04327
-5.04977
-4.61978
-1.05969
-2.02526
-1.02644
-4.80423
-3.80469
-1.22227
-1.43123
-5.00017
-3.76394
-3.07794
-2.98474
-5.59351
-4.26221
-3.83349
-3.83718
-4.54638
-3.51826
-4.33041
-5.58922
-1.36988
-3.54382
-4.51721
-2.46057
-0.754569
-3.86529
-4.69098
-3.7565
-5.06548
-1.71554
-3.64459
-4.77391
-5.01917
-3.90803
-4.82576
-4.64947
-4.67725
-4.80583
-2.93985
-3.49368
-4.81968
-1.15432
-4.46955
-1.31307
-4.99818
-5.79988
-0.913757
-3.74824
-4.34938
-3.98763
-1.2497
-1.58223
-1.11766
-5.21041
-3.98003
-3.57524
-1.36991
-4.67778
-1.18512
-3.52151
-1.54887
-5.04658
-2.51416
-1.11239
-4.82334
-4.15046
-4.32453
-2.40179
-2.73379
-2.50134
-4.70527
-3.10597
-4.76298
-4.2713
-4.36599
-4.6852
-1.04597
-4.67798
-4.70985
-3.56867
-3.83501
-1.6155
-2.67582
-1.36702
-3.63996
-5.00241
-1.28952
-1.06366
-3.39823
-3.91752
-4.59093
-4.3739
-1.40358
-5.20071
-5.23768
-3.48495
-5.57402
-4.7429
-5.21339
-3.48423
-3.55885
-4.75655
-0.930387
-5.06119
-1.56787
-4.46735
-5.32839
-3.51427
-1.31552
-2.40488
-4.70221
-1.23778
-5.08109
-4.86583
-5.21595
-4.77915
-3.98991
-1.15065
-3.77803
-1.26392
-1.78024
-1.18158
-2.04471
-4.87688
-3.4041
-4.41784
-5.05325
-2.96811
-5.20773
-4.15686
-4.3645
-4.03872
-3.24968
-4.68803
-4.64419
-5.09316
-4.41812
-4.77975
-1.07841
-2.41277
-4.52482
-4.81381
-3.63135
-3.84405
-1.07556
-4.69101
-3.70978
-1.58005
-4.51754
-1.15578
-5.22553
-1.05013
-3.63446
-5.04166
-1.14531
-4.92216
-5.02711
-1.48015
-3.47765
-5.78436
-3.81358
-5.19256
-1.05439
-4.30491
-1.98079
-3.86426
-5.24303
-3.52483
-1.41041
-4.71747
-4.29895
-1.80349
-1.30398
-3.18676
-4.16991
-1.56942
-1.07537
-4.79793
-4.97276
-4.35053
-3.66083
-1.19465
-4.40976
-1.10297
-0.0450245
-2.43855
-1.36737
-4.35769
-2.78024
-5.01727
-4.68496
-4.73418
-1.28155
-4.84727
-1.17556
-3.78542
-5.3232
-0.626856
-5.80401
-4.01447
-3.87184
-4.68332
-5.18744
-5.4166
-1.17386
-1.83898
-4.40751
-1.30538
-4.68854
-5.04871
-1.10985
-3.53513
-4.93847
-3.87124
-4.72569
-4.0248
-1.19359
-1.19155
-5.25458
-4.45999
-4.27915
-2.69588
-2.86277
-5.05911
-1.03834
-3.88204
-3.81106
-2.70691
-4.69265
-4.53742
-3.16272
-5.08253
-4.90749
-4.79856
-1.29347
-2.6809
-2.13442
-1.30154
-4.12602
-2.53592
-4.80361
-1.24004
-3.14258
-5.10629
-1.05183
-4.57849
-5.17809
-1.13533
-4.64229
-1.19599
-4.3368
-3.48024
-3.87867
-4.4414
-4.88702
-1.17912
-4.89574
-4.71132
-2.95533
-2.60078
-1.90747
-2.52457
-2.48781
-4.48411
-5.32471
-1.06487
-1.88711
-5.21276
-4.9376
-4.43158
-3.35845
-1.05621
-4.34013
-1.06139
-5.31251
-5.25883
-5.20585
-3.97651
-3.50198
-1.89158
-5.24204
-3.88727
-3.31664
-1.38916
-2.54748
-3.86262
-3.80776
-4.5719
-4.54401
-1.08891
-4.70661
-3.84113
-3.82089
-1.69539
-4.11807
-5.15924
-2.05706
-1.83249
-3.4633
-2.18037
-1.29284
-4.34798
-5.30752
-5.50825
-5.3602
-1.20212
-4.81897
-4.2936
-4.07623
-5.01435
-1.16624
-5.40058
-1.16513
-1.26792
-2.53724
-1.10017
-4.7174
-1.15903
-3.75945
-2.36046
-0.385473
-3.40077
-4.46867
-4.14042
-5.21264
-5.01782
-1.24199
-4.40987
-1.07048
-5.23526
-1.67849
-4.55259
-4.74768
-4.73503
-1.61355
-1.05425
-1.18526
-4.74238
-1.536
-3.74829
-1.07124
-1.24696
-1.45822
-2.07083
-5.19698
-4.74252
-4.56979
-3.4512
-3.64841
-5.2513
-1.19567
-0.617381
-4.26087
-5.48711
-2.48782
-3.81372
-5.58052
-5.02612
-4.73218
-4.78666
-4.38302
-4.55152
-1.16939
-4.43006
-1.29371
-1.17027
-4.54461
-3.19465
-1.17671
-4.71504
-1.18877
-4.60709
-4.53429
-1.31792
-1.26998
-2.60364
-1.18484
-2.64404
-4.77654
-2.56736
-4.27264
-3.831
-5.43257
-4.67229
-4.90155
-3.97602
-1.90892
-2.96678
-1.32664
-4.36003
-4.64943
-1.34039
-3.53094
-3.95037
-3.43048
-4.13618
-0.9872
-4.70645
-1.08949
-1.07582
-5.14434
-5.00363
-1.36261
-4.32072
-5.29386
-4.72918
-5.39866
-4.6093
-4.90071
-5.37426
-1.10727
-4.50284
-3.7763
-4.7519
-1.03991
-4.95465
-3.9379
-1.12945
-1.16565
-4.51718
-4.43858
-2.47863
-1.13843
-1.12224
-4.24219
-1.31535
-1.10089
-1.53059
-1.25769
-2.07645
-4.29583
-5.12429
-1.55518
-4.16291
-4.41487
-3.67709
-5.32027
-1.2901
-1.36749
-3.67588
-5.0787
-3.99085
-1.08883
-2.49247
-2.45392
-4.7753
-4.85571
-1.73693
-4.71161
-4.64354
-5.05634
-4.74591
-4.08963
-4.38886
-2.2357
-3.67157
-5.34449
-2.65583
-1.35333
-5.10424
-4.90304
-1.87054
-4.92409
-3.42455
-4.27655
-2.50281
-5.16928
-5.41797
-3.87442
-1.09824
-3.58585
-1.05394
-4.68353
-4.93263
-4.0412
-5.3525
-4.76978
-1.84447
-4.79082
-2.50566
-4.69992
-1.06834
-4.96705
-1.0292
-2.41821
-1.08341
-4.06994
-5.01124
-0.965514
-4.99707
-1.40991
-4.68861
-5.25466
-4.77915
-4.14555
-4.38881
-4.01261
-1.18036
-1.31773
-1.17023
-3.6408
-4.97056
-2.06517
-1.14536
-2.85353
-1.03959
-4.45177
-4.66309
-4.11947
-4.20716
-1.18656
-0.724066
-5.04264
-4.20461
-1.23956
-2.48878
-5.10086
-4.26798
-1.32679
-2.4248
-4.41541
-4.48541
-1.17015
-4.61641
-3.8888
-4.55654
-2.47712
-4.74659
-5.57204
-5.00411
-4.58831
-4.60481
-5.21491
-1.05435
-1.0275
-4.04561
-1.23317
-1.20016
-4.88567
-1.06451
-4.96814
-4.10447
-2.47388
-2.20871
-1.34231
-1.11239
-1.8118
-2.23115
-4.37919
-2.49309
-4.32431
-1.10351
-1.70859
-5.49338
-1.10286
-3.17037
-5.73887
-2.42355
-2.66356
-2.06181
-1.17217
-4.29739
-1.16891
-4.46375
-2.41401
-5.00054
-4.71817
-4.10065
-1.03952
-4.58586
-5.17146
-1.47783
-3.48848
-5.09769
-4.74929
-2.85372
-0.994859
-1.08697
-3.99405
-4.1612
-4.29904
-5.22487
-4.75
-4.59059
-5.06341
-1.07299
-3.12962
-2.71073
-1.16823
-1.03774
-5.15863
-3.48746
-4.44124
-1.22681
-1.04909
-4.54141
-5.1046
-5.38985
-1.0816
-4.71351
-5.50815
-4.93734
-3.57126
-4.75186
-4.52973
-0.985104
-1.97927
-3.3445
-1.11898
-4.98349
-4.6768
-3.35371
-5.03258
-2.55851
-1.14702
-4.12351
-1.20768
-4.43086
-1.92609
-1.12712
-4.65864
-4.69366
-4.73936
-5.02734
-4.47243
-0.893926
-4.66975
-1.40373
-5.54494
-3.46342
-5.05952
-4.44483
-4.79176
-3.1408
-4.62251
-4.95371
-4.63862
-4.72216
-5.10862
-1.15231
-1.77211
-1.10612
-1.49357
-3.17878
-2.72556
-4.87121
-5.0146
-4.30549
-4.67983
-4.69718
-3.59053
-5.08109
-2.71469
-4.99429
-3.51954
-3.94621
-4.9386
-1.02249
-5.67918
-4.58361
-2.71295
-1.16712
-4.96519
-2.02214
-1.16494
-4.34342
-4.98445
-1.2224
-4.43348
-1.15929
-3.62634
-4.74192
-4.69765
-4.78798
-5.20884
-4.13401
-5.4981
-5.50824
-4.76015
-4.64943
-4.33623
-1.84747
-4.37808
-5.09899
-3.05928
-3.18025
-5.80231
-4.33872
-3.93942
-3.89205
-5.24398
-1.0915
-5.12625
-1.29056
-3.69007
-5.07695
-2.09242
-2.65241
-1.07484
-4.32034
-4.74711
-5.18225
-5.01461
-4.01513
-1.08717
-4.44903
-1.34823
-1.86464
-4.77959
-1.18341
-1.30394
-2.03422
-5.16274
-4.1991
-5.44784
-4.95102
-1.21558
-4.12274
-4.91598
-1.90143
-5.77371
-1.39524
-4.96617
-1.11733
-4.92847
-5.07635
-4.92624
-5.03417
-4.37135
-3.89006
-3.94896
-3.21716
-1.10783
-4.70905
-5.60482
-4.50145
-3.46652
-4.40176
-5.66152
-1.04005
-4.96262
-5.03628
-4.194
-1.60109
-3.87228
-5.52579
-5.24863
-5.24006
-3.93078
-4.66777
-3.85843
-1.08561
-1.73899
-1.20936
-5.04358
-1.67935
-4.47616
-5.22088
-4.01628
-5.37669
-1.12976
-4.73237
-4.75506
-4.34845
-3.02807
-1.327
-1.1592
-1.11806
-1.53436
-4.15657
-4.90796
-4.39056
-4.23213
-1.32201
-4.88484
-1.68418
-3.21853
-3.28705
-3.82402
-3.67933
-4.53329
-4.7154
-4.18932
-5.61449
-4.4935
-3.00084
-4.96699
-4.02907
-1.1862
-1.92328
-1.13273
-5.42582
-2.74979
-5.10948
-4.79362
-1.29056
-2.80943
-4.032
-4.20926
-4.6838
-3.70917
-4.49591
-5.34797
-2.12146
-4.52577
-4.42526
-1.20437
-1.11528
-1.15636
-5.48948
-3.84662
-4.33465
-4.02472
-4.82256
-5.09307
-1.16597
-1.16044
-5.46838
-5.29868
-3.70723
-1.66341
-4.69405
-1.84795
-5.10989
-1.13961
-0.698915
-1.60046
-4.73339
-4.76027
-4.21668
-2.04125
-3.22705
-5.26181
-1.21917
-4.58616
-1.25892
-2.67397
-4.76068
-5.09614
-0.957619
-5.48861
-1.1496
-1.489
-3.95633
-1.03102
-4.40365
-4.80696
-1.10585
-5.1034
-3.2666
-3.01551
-5.78194
-1.69232
-1.07965
-1.14616
-4.61431
-2.98532
-4.76353
-1.79002
-3.30081
-4.40029
-4.70959
-1.11194
-3.51325
-3.89607
-1.99247
-0.969577
-4.97764
-1.27216
-3.32125
-4.84566
-1.29843
-4.29188
-5.17264
-1.12346
-3.39313
-3.02884
-2.82768
-1.14095
-5.13913
-4.52285
-1.19167
-4.61371
-1.15577
-2.99145
-5.41313
-3.7516
-4.21281
-2.61543
-2.49908
-1.59027
-4.80568
-1.17992
-4.2013
-4.71033
-1.1581
-5.19702
-3.57306
-5.81646
-4.97832
-4.50513
-4.25467
-4.02541
-3.05164
-4.68349
-4.82758
-2.1794
-4.69195
-2.68987
-2.51593
-1.31197
-5.63683
-5.36026
-4.2817
-4.31423
-5.18236
-1.11771
-4.46975
-0.975976
-3.50932
-4.53532
-5.10323
-4.94491
-5.05936
-4.47217
-2.05279
-4.8674
-2.47308
-4.64345
-3.61533
-1.30575
-1.22463
-1.32745
-4.00462
-5.78121
-4.56771
-1.04499
-4.52059
-5.21229
-5.20048
-4.42753
-1.24236
-1.09315
-1.04252
-4.87702
-4.74199
-4.86113
-5.3825
-5.5162
-5.03201
-4.66518
-4.96905
-1.36752
-1.16439
-5.08992
-4.29104
-2.1878
-3.61315
-5.80333
-4.63209
-4.91902
-3.92348
-1.05414
-3.77525
-1.17332
-1.18129
-4.90105
-4.52263
-3.42428
-4.12535
-1.17217
-2.26213
-4.80393
-4.69062
-1.05533
-0.725417
-5.55642
-2.32913
-5.32334
-4.53593
-3.96816
-4.64744
-4.48827
-4.73159
-2.84554
-4.84511
-3.04175
-4.86874
-1.05269
-4.60786
-3.0095
-4.9333
-4.77931
-5.18014
-4.84862
-3.77253
-1.77843
-5.44663
-1.65475
-1.05217
-4.73386
-1.13441
-3.47505
-4.74742
-1.15476
-1.13002
-3.81134
-5.1799
-1.85879
-2.41037
-5.04088
-1.76578
-5.20031
-4.54744
-2.48111
-3.58261
-4.72558
-4.00398
-4.82565
-5.63
-5.04782
-4.80952
-5.0916
-1.40097
-1.28304
-1.15816
-4.70176
-4.47293
-3.86531
-3.96336
-1.53147
-3.09496
-3.1386
-4.17564
-1.38501
-4.48844
-4.09646
-4.20757
-4.92738
-2.91305
-1.84946
-1.24748
-4.01229
-4.82948
-2.95735
-4.77664
-1.23623
-4.36299
-5.26635
-5.08441
-3.38407
-0.229231
-2.47242
-2.53926
-5.39698
-1.74745
-1.16965
-4.54395
-1.70784
-4.44626
-4.31214
-4.67031
-4.34301
-2.55428
-4.77174
-4.91695
-4.72605
-5.02115
-1.79273
-4.73561
-4.46956
-1.77249
-4.48593
-4.07698
-4.48369
-1.14302
-3.73716
-4.73551
-1.16383
-3.95123
-4.68697
-3.43669
-4.45773
-4.67507
-4.49004
-4.21046
-4.03115
-4.60928
-4.75829
-4.71041
-4.70214
-1.82803
-5.00033
-3.5913
-4.58448
-4.13684
-1.14971
-4.50252
-5.14986
-3.13064
-2.51491
-4.56193
-3.47783
-0.377251
-4.77744
-4.82548
-4.16912
-1.05214
-3.45795
-4.92184
-4.83129
-3.41503
-3.13539
-1.07729
-3.00631
-2.98011
-5.1421
-4.67995
-1.58047
-1.3024
-3.19108
-3.15216
-1.0122
-4.46056
-4.85757
-5.33461
-5.01019
-4.79408
-4.6752
-1.85933
-5.08756
-4.86443
-4.24101
-5.0754
-1.07827
-3.75267
-3.40903
-4.14044
-2.95504
-3.48815
-3.16761
-4.25926
-1.76553
-5.08657
-4.75944
-4.3652
-3.21937
-4.70219
-4.88262
-1.15359
-2.42851
-2.80027
-2.31227
-3.59067
-1.21643
-4.75762
-3.30467
-4.12675
-3.72445
-4.39774
-4.88922
-3.61683
-1.02108
-4.68703
-4.3873
-4.63705
-4.71688
-4.6976
-4.39704
-3.09457
-3.86844
-3.96255
-4.75445
-1.23782
-1.07062
-4.15798
-3.06507
-5.66637
-1.27958
-4.16372
-1.12672
-1.19461
-4.94641
-4.54893
-1.17099
-4.75251
-5.22148
-4.10215
-4.6843
-5.48708
-1.29383
-3.95895
-4.92728
-3.42283
-4.25011
-3.80712
-3.6921
-4.89519
-2.64871
-1.06749
-3.34094
-1.04019
-4.74038
-1.17257
-4.68313
-4.85262
-3.78733
-3.96479
-3.44702
-1.17249
-4.93873
-4.84901
-1.35965
-5.54045
-5.05651
-3.97261
-1.59706
-1.17929
-3.96469
-4.71241
-3.93158
-4.92355
-1.07261
-1.10691
-1.28473
-1.6201
-4.363
-3.89379
-3.94183
-1.76401
-4.09776
-3.85126
-4.41744
-5.36982
-1.44042
-0.934635
-1.62494
-3.19267
-1.19124
-4.8886
-5.0978
-1.31149
-3.43205
-3.38152
-4.14748
-1.08333
-3.6868
-1.06057
-5.10099
-3.58683
-1.39878
-2.22439
-3.41913
-1.16216
-4.86296
-1.17495
-4.72772
-1.87693
-4.98774
-1.24487
-4.06639
-5.63293
-3.65494
-4.7053
-3.59066
-5.43734
-1.97396
-4.94198
-1.15066
-4.92762
-5.27727
-4.48309
-4.75963
-5.33871
-1.5289
-4.41714
-5.20279
-1.16825
-1.2091
-4.26124
-4.07989
-4.44848
-1.03969
-4.88853
-4.35034
-4.70448
-4.42661
-4.65035
-4.8321
-1.1885
-3.68166
-2.50759
-1.16388
-1.10724
-5.63329
-3.83328
-5.62542
-4.27372
-2.33437
-5.19696
-1.16272
-4.33875
-4.54156
-2.04562
-4.62039
-4.67583
-4.42218
-4.97194
-3.54621
-1.12862
-4.64533
-4.11876
-1.35948
-3.41959
-1.09673
-3.81917
-0.969502
-4.76219
-0.172785
-4.68903
-1.04504
-1.48612
-5.30458
-5.72264
-5.22429
-5.63593
-5.98877
-5.31808
-5.32693
-4.19088
-3.54002
-4.8887
-5.50766
-1.14249
-5.14672
-5.55105
-1.24154
-3.64143
-4.66424
-1.0396
-1.50479
-5.01756
-1.06101
-1.32465
-4.80313
-5.27883
-4.79644
-4.47679
-4.69797
-1.05086
-5.59066
-4.74873
-4.34512
-3.82021
-5.07308
-3.91682
-3.93751
-4.99732
-3.40265
-4.82828
-4.7
-2.8209
-3.6154
-3.0919
-4.67782
-4.42153
-4.61314
-1.14998
-4.61081
-2.74523
-1.77335
-4.64574
-3.63263
-4.94892
-5.55853
-3.72243
-4.03554
-3.47909
-4.52664
-4.88564
-4.74295
-5.16913
-1.26581
-1.14477
-4.45297
-3.78149
-5.20343
-1.20791
-4.7179
-1.2446
-1.56765
-2.67998
-2.79195
-1.98567
-2.95832
-3.91068
-3.25367
-5.0882
-3.77832
-4.1577
-4.95003
-1.17026
-2.30918
-1.35198
-1.44226
-5.24071
-1.13593
-5.30101
-5.06267
-4.78842
-1.37169
-4.92652
-1.12996
-1.03435
-5.38161
-3.46666
-4.37917
-5.3555
-1.17521
-4.36838
-4.62223
-1.11181
-5.24291
-0.844442
-4.87565
-1.62719
-2.68584
-4.1992
-4.15342
-5.42015
-2.72778
-4.78384
-3.57388
-4.68923
-4.73995
-4.25291
-3.33061
-4.12859
-1.20252
-1.85323
-4.01139
-3.59156
-1.13125
-4.12509
-2.2847
-5.79265
-5.40071
-4.79608
-5.20887
-1.18271
-5.17667
-4.79274
-1.02727
-4.56651
-2.67565
-4.84603
-3.72725
-1.06657
-3.92168
-5.24503
-1.7453
-4.86309
-1.00703
-3.72134
-5.25121
-5.39391
-4.95718
-1.99602
-4.89395
-5.05849
-4.33841
-4.26088
-6.15224
-5.48123
-5.95126
-5.78196
-6.18652
-4.78582
-4.78946
-5.14231
-1.2295
-3.97004
-3.68045
-5.00643
-5.49222
-5.32593
-5.6036
-2.01163
-2.31449
-1.0743
-4.27809
-4.61134
-4.26603
-4.64092
-4.68802
-4.77949
-4.66553
-2.97156
-3.53032
-4.88421
-4.28155
-5.35628
-4.70858
-5.5853
-3.76953
-1.05187
-0.914793
-5.55307
-4.55751
-2.78333
-5.01447
-1.98499
-5.59443
-4.76628
-3.63551
-3.52057
-4.6711
-1.35066
-5.37594
-1.57519
-4.52195
-0.504192
-4.96831
-4.57431
-3.61903
-4.53414
-3.65354
-2.63443
-4.43316
-1.38698
-4.67463
-4.50277
-4.86676
-6.15693
-5.70938
-5.60442
-3.95682
-4.51964
-2.35189
-3.45924
-5.5515
-2.39001
-4.2459
-2.56573
-2.7372
-3.39352
-3.92968
-1.17902
-3.83
-3.94777
-4.76296
-3.4011
-5.46089
-1.39904
-4.43793
-4.07509
-3.78808
-5.50087
-4.8438
-5.06321
-3.18301
-3.44996
-4.64728
-5.44781
-3.98393
-5.12437
-3.80838
-5.21609
-4.78161
-5.63109
-5.45282
-4.05554
-4.42837
-4.91595
-1.11202
-3.56405
-1.21948
-5.16452
-4.03834
-4.48426
-5.03877
-3.49893
-0.23568
-5.2928
-4.76272
-0.955375
-3.61986
-5.39059
-3.96816
-2.98143
-1.3599
-1.1028
-1.16481
-4.37849
-4.82413
-3.9622
-1.89471
-5.19332
-2.27859
-4.39167
-4.44955
-5.03195
-1.17911
-1.39656
-1.38679
-1.55104
-4.38082
-1.14139
-4.28805
-5.22929
-3.44109
-3.79782
-1.15861
-1.38241
-3.55698
-5.60813
-4.99318
-2.49037
-4.74364
-4.36754
-1.12518
-3.08619
-1.84437
-1.16815
-1.17194
-4.59158
-4.82504
-5.51043
-5.2715
-4.77543
-1.08472
-4.3509
-5.53638
-5.19231
-3.01241
-5.27698
-4.41617
-5.92915
-3.68603
-1.58627
-1.13101
-1.1958
-2.33143
-1.08557
-3.51521
-1.26276
-4.75661
-1.14794
-1.11798
-1.17642
-5.18945
-5.62608
-2.62244
-1.52365
-4.18047
-5.30504
-1.13188
-1.34589
-3.59836
-1.91121
-4.05541
-4.2276
-3.70179
-4.81331
-3.19693
-3.5601
-2.63358
-1.06388
-1.60978
-2.65641
-4.91012
-5.30946
-2.33499
-4.88441
-3.87192
-5.54797
-3.73025
-4.39847
-2.99308
-4.82589
-3.60285
-5.11278
-2.58375
-3.96027
-5.10948
-2.3164
-1.07163
-4.73594
-4.73149
-4.73401
-4.76553
-1.16653
-1.19439
-5.33406
-5.63731
-4.04542
-3.62918
-1.28766
-5.36442
-1.10285
-3.27765
-2.76664
-5.17868
-2.4512
-1.6924
-4.72603
-5.03326
-0.681256
-3.62345
-1.11474
-4.72522
-5.29855
-2.67397
-2.8943
-3.69763
-1.89812
-4.4754
-4.83209
-1.15396
-2.23438
-4.93323
-4.59553
-5.20248
-1.21244
-5.37305
-4.63856
-4.78472
-1.23531
-5.51101
-5.18568
-3.72054
-0.989741
-1.25096
-1.17592
-5.23082
-4.31122
-4.70008
-5.6164
-2.65601
-4.80973
-4.13183
-1.04023
-1.20285
-2.39968
-4.96261
-3.96749
-2.64089
-4.54686
-1.13179
-5.77553
-4.67741
-5.52098
-4.54872
-0.747801
-4.2131
-4.71474
-4.77617
-4.28901
-3.44691
-1.03685
-1.7837
-4.9349
-4.74252
-4.25866
-5.05462
-5.10518
-1.81192
-3.01723
-4.27207
-1.90751
-3.96195
-5.29998
-2.96883
-2.01164
-5.38289
-1.11956
-3.53816
-2.5743
-1.79102
-5.30136
-5.26878
-2.02369
-1.52585
-2.45126
-5.03712
-5.10273
-5.46997
-4.58704
-4.7013
-4.7183
-2.83584
-4.00331
-3.20833
-5.28629
-4.52659
-4.8312
-2.96042
-5.51614
-4.25949
-3.31072
-1.82188
-6.00339
-5.5736
-5.75251
-5.61526
-5.52882
-3.67708
-2.13614
-5.76272
-5.27672
-5.2666
-5.75303
-4.90681
-2.00125
-5.77568
-6.09534
-6.12954
-4.7852
-1.99919
-5.65614
-6.10602
-5.01112
-5.67727
-2.08986
-6.04122
-2.42955
-6.25256
-5.04546
-5.84166
-5.7165
-2.0522
-2.17708
-2.57643
-5.73324
-2.23228
-5.57544
-2.02959
-2.23246
-5.75297
-2.02064
-6.16012
-2.05955
-5.57833
-2.02785
-2.55998
-5.51188
-5.39026
-5.77351
-5.12538
-5.31686
-2.35856
-5.81849
-5.91446
-5.65401
-5.63417
-1.15584
-3.52394
-4.01573
-1.35243
-1.0345
-4.01605
-4.67326
-2.00676
-5.07933
-1.74797
-4.80757
-4.12299
-5.57194
-1.54596
-1.46938
-4.36513
-2.64081
-4.76929
-5.60267
-4.71389
-3.53835
-3.89085
-5.32207
-3.48595
-4.87543
-4.11745
-5.49522
-4.3416
-3.74858
-5.04764
-4.90455
-1.12757
-4.58906
-3.18943
-4.61054
-1.09447
-3.50925
-5.1364
-5.33415
-4.28828
-1.0108
-4.9483
-3.38491
-5.61244
-4.23416
-3.1939
-3.08914
-5.23349
-4.94801
-4.69561
-5.48768
-4.91763
-2.88464
-4.25544
-3.7093
-1.24183
-1.17491
-4.73367
-3.77639
-0.920535
-1.19014
-4.75604
-2.39105
-4.68127
-4.75841
-4.95393
-5.57556
-3.47231
-4.72844
-3.51794
-4.54942
-1.32058
-2.81161
-1.10395
-3.01158
-3.67906
-4.93398
-5.05884
-3.41193
-5.40462
-3.69701
-4.25243
-3.95739
-4.07573
-3.71624
-1.0494
-1.17193
-3.26752
-1.25199
-5.26522
-3.47239
-3.38149
-4.74367
-4.73646
-3.49192
-4.70132
-4.75292
-2.88134
-1.38646
-4.45121
-1.27273
-3.93194
-3.71054
-1.04022
-4.93581
-4.28507
-1.89625
-4.77068
-5.79001
-1.74746
-1.08532
-4.57113
-4.38239
-5.32071
-2.65883
-1.05311
-1.33015
-3.06038
-1.84039
-4.50192
-2.03398
-3.63685
-4.1542
-2.0224
-3.6928
-3.74538
-2.46494
-3.88366
-4.91574
-1.16953
-4.6906
-4.30217
-1.08207
-1.10336
-1.55277
-1.02052
-1.23613
-4.86965
-1.09175
-1.05462
-1.24673
-2.04601
-1.09838
-0.414106
-1.10418
-4.45699
-4.25638
-4.00949
-4.59867
-4.40928
-4.61774
-2.72419
-4.83235
-4.34093
-1.77961
-4.79298
-3.56391
-5.36423
-4.78485
-1.82312
-4.4567
-1.06932
-1.83069
-3.86198
-1.13463
-4.56704
-4.7995
-4.11096
-2.70879
-1.89964
-1.8209
-4.30947
-1.83075
-5.25692
-5.05233
-1.09464
-2.41543
-5.63015
-4.79897
-5.61486
-0.890947
-4.67368
-2.39919
-2.80549
-3.6326
-1.27386
-4.32005
-1.08143
-4.73021
-4.11599
-4.91226
-1.14396
-3.97757
-2.53229
-4.77346
-4.61131
-5.30785
-5.21771
-5.30439
-5.13832
-1.10488
-3.96135
-4.49314
-4.36905
-4.3186
-4.96853
-2.70469
-4.62586
-4.55035
-1.56505
-4.47786
-1.73912
-1.17514
-4.14746
-1.0709
-2.58339
-3.50602
-4.75483
-1.03985
-2.6424
-4.8687
-4.58677
-3.73139
-1.10955
-4.7005
-5.96734
-4.76632
-1.15266
-4.90831
-1.1644
-1.21927
-3.23465
-4.51105
-3.34879
-1.32915
-1.15233
-4.31069
-0.746402
-4.58695
-3.61154
-3.21806
-4.90203
-5.09864
-5.0399
-1.81052
-2.67071
-1.12159
-3.77275
-4.94741
-4.05237
-5.01618
-2.42102
-4.43527
-1.8612
-4.42433
-3.28966
-3.38818
-1.04025
-4.80208
-0.948431
-2.28101
-3.75233
-1.82642
-4.64326
-4.90239
-1.52996
-3.7436
-4.56007
-1.405
-5.04881
-1.0068
-4.33021
-1.16049
-5.97128
-4.16908
-1.11048
-1.08656
-2.17588
-1.18537
-4.59154
-3.71667
-2.65725
-3.772
-1.27451
-3.65632
-4.35468
-5.31886
-4.33387
-1.24478
-4.98842
-4.91902
-4.63616
-5.56799
-5.16278
-4.43994
-1.10738
-5.79658
-3.98944
-1.06087
-4.80567
-5.10533
-4.48563
-1.10451
-5.62217
-1.78009
-4.75033
-5.00932
-4.38827
-1.18739
-4.88266
-2.14825
-5.03679
-4.55103
-1.13671
-1.1049
-1.18604
-4.62132
-3.38116
-4.79946
-2.40521
-1.07572
-4.74015
-1.09214
-3.96257
-3.27101
-4.47161
-4.0929
-1.26438
-5.0621
-3.36452
-4.3814
-4.3506
-1.04086
-4.27776
-4.50603
-5.18051
-1.09618
-4.68942
-1.31917
-4.56349
-4.95973
-3.36793
-4.31029
-3.56027
-2.98138
-4.90503
-5.52963
-4.8399
-1.10527
-1.20119
-3.78679
-1.10693
-3.70181
-3.59806
-5.40662
-2.09804
-3.87433
-5.33764
-5.14142
-4.23694
-4.33352
-2.97555
-4.88673
-4.85747
-2.13921
-3.96798
-1.05624
-4.38805
-1.20122
-4.43512
-4.40508
-2.67331
-4.8378
-1.1671
-3.54098
-1.60441
-1.07717
-4.98523
-4.68905
-4.4797
-3.75988
-5.0315
-1.14584
-4.6385
-3.68854
-4.12248
-2.58101
-3.74546
-5.45283
-1.08608
-4.93811
-2.51643
-5.25334
-3.5156
-4.32757
-2.69257
-1.82454
-3.78787
-4.59912
-5.04089
-5.3391
-2.67499
-1.14165
-4.61623
-3.32475
-5.78191
-2.07155
-1.40146
-5.21287
-2.50436
-1.16426
-4.46722
-5.58365
-1.02784
-4.70124
-1.30294
-4.91542
-5.0738
-2.67625
-2.43563
-3.54447
-4.0239
-2.52815
-1.98202
-4.63986
-3.97561
-4.18257
-4.76093
-4.79825
-5.25855
-1.10835
-1.16241
-3.06641
-5.14236
-4.45239
-3.47338
-4.33247
-4.16385
-4.82309
-4.1382
-4.86599
-5.44349
-1.30133
-5.0914
-4.61028
-4.57381
-4.70615
-3.15673
-4.08947
-4.72755
-4.66251
-1.10364
-3.90593
-4.7209
-0.955693
-4.33328
-3.81061
-1.05798
-2.33366
-1.19944
-3.64385
-1.2672
-3.47693
-5.17952
-5.40259
-2.79224
-5.01898
-4.64291
-4.94173
-4.52573
-4.28018
-3.479
-2.24378
-3.35955
-4.51438
-4.6108
-4.33588
-3.89725
-1.4113
-2.01999
-3.31087
-1.10565
-3.75035
-3.21387
-6.19219
-2.55803
-4.41186
-3.08298
-4.50415
-4.59178
-4.74439
-5.37627
-1.75203
-5.54254
-3.97954
-4.5719
-4.68103
-1.0737
-5.25191
-4.55788
-2.30114
-4.66682
-4.79938
-4.78295
-4.59573
-2.55186
-1.11309
-4.32672
-1.10646
-3.35601
-4.74257
-3.9471
-1.86322
-4.18129
-1.10331
-3.55691
-4.59803
-4.59297
-4.63212
-4.50359
-1.07647
-5.26544
-4.09949
-3.96662
-4.81933
-4.3006
-3.8316
-1.26672
-4.96872
-1.98109
-4.96706
-4.20453
-2.07724
-4.95318
-4.20113
-4.9435
-1.88565
-5.07315
-5.48493
-5.1794
-1.27808
-4.32877
-5.25642
-1.4346
-4.66808
-2.55926
-4.26717
-1.08256
-1.04902
-2.08986
-1.27809
-4.10659
-4.33896
-1.27454
-2.29261
-3.52232
-3.72446
-4.28673
-5.29876
-3.21202
-4.29906
-4.02991
-3.43327
-2.27351
-3.89532
-4.50944
-1.08155
-4.30738
-3.55589
-2.55203
-3.48637
-4.94926
-3.71694
-4.88161
-0.970715
-1.38713
-4.6382
-5.213
-1.69259
-1.0115
-1.4036
-5.19206
-4.64164
-3.70319
-1.88043
-1.14237
-1.03682
-1.90043
-4.64692
-2.52866
-0.697476
-4.84467
-1.65268
-3.88159
-1.50628
-4.12379
-2.04912
-1.24442
-2.03571
-4.40473
-1.19856
-4.08327
-1.39159
-4.72593
-1.1316
-4.82527
-4.96231
-5.03977
-5.0074
-4.04793
-2.06973
-4.8452
-1.24073
-4.22182
-4.15863
-4.77481
-1.09339
-1.01627
-4.32546
-5.068
-4.6721
-3.76334
-1.31367
-5.31791
-4.18475
-4.25957
-5.27756
-1.17931
-3.88635
-3.76189
-4.26222
-3.17457
-1.05449
-3.49621
-2.62886
-1.64179
-5.30938
-5.41842
-1.30266
-2.89822
-5.21119
-4.07602
-3.69971
-3.58207
-5.44108
-4.7436
-4.68126
-3.6695
-2.79149
-4.6954
-1.03878
-4.29919
-5.21938
-1.73431
-5.16547
-4.41494
-1.03197
-5.77306
-1.75144
-4.99611
-1.05748
-4.97505
-4.8114
-4.14143
-4.92864
-3.60496
-1.77302
-4.61223
-4.78449
-1.18009
-1.08649
-5.45639
-4.51292
-3.89566
-3.16608
-5.36468
-3.44863
-4.29747
-3.93739
-1.10404
-4.68266
-4.65894
-4.92395
-1.03466
-4.41936
-4.94645
-4.9053
-2.88537
-4.27589
-5.75093
-4.65277
-3.93621
-3.5503
-3.86994
-3.43793
-1.155
-3.98637
-1.88364
-3.80392
-4.0052
-2.90113
-4.59625
-3.96241
-3.57204
-0.675915
-4.7897
-4.52805
-4.38327
-1.06442
-4.7177
-3.57197
-1.13059
-3.92756
-5.05238
-4.97537
-4.7007
-4.69169
-4.4194
-4.82597
-4.24999
-4.13355
-2.72582
-4.50515
-4.72707
-5.06097
-1.6564
-4.99911
-3.42697
-4.90316
-3.27988
-3.56301
-5.13442
-3.40018
-4.72478
-4.63905
-3.55628
-1.10679
-1.6525
-1.43641
-0.986441
-1.29729
-4.65033
-1.32838
-4.82805
-4.38495
-1.73274
-4.36237
-1.08856
-5.30366
-3.49518
-1.48149
-1.49994
-4.70442
-5.13739
-2.40539
-1.03028
-4.7583
-4.6941
-4.88676
-5.20835
-4.80845
-1.96805
-1.71487
-1.12989
-1.05937
-1.52736
-4.33851
-4.29642
-4.71382
-4.98424
-1.15388
-3.74719
-5.05839
-4.67481
-5.15835
-5.5113
-2.59136
-3.18094
-2.43039
-4.77018
-3.61947
-3.62055
-3.53895
-1.35719
-4.74371
-3.40046
-2.36482
-4.75097
-4.79018
-4.80042
-1.53014
-3.14923
-3.94472
-0.993732
-4.66514
-2.67131
-3.21018
-5.43694
-4.73738
-4.86752
-1.00209
-1.00878
-1.1165
-5.53633
-2.12846
-3.6639
-4.86182
-5.47064
-1.4346
-1.2235
-4.87063
-3.15975
-4.98283
-3.62213
-4.85386
-5.3709
-4.82943
-1.11477
-1.74616
-1.0947
-4.25088
-5.52987
-3.82485
-0.971607
-5.29694
-1.07864
-5.50285
-1.15846
-1.0831
-1.15507
-3.62358
-4.36562
-5.31301
-1.00443
-3.55889
-3.72491
-5.22068
-3.34138
-5.30663
-3.41544
-4.61822
-1.4087
-2.43741
-4.10313
-4.98964
-3.54994
-5.79203
-4.95291
-5.20822
-1.116
-4.40491
-2.64517
-5.05407
-4.19358
-1.15745
-1.11455
-4.79686
-4.78461
-3.54016
-5.05322
-4.70084
-5.16945
-3.66804
-2.79126
-5.75975
-3.6451
-5.19611
-3.47662
-1.15388
-4.7709
-4.75559
-4.4595
-4.62574
-5.12695
-4.7833
-3.19873
-5.34588
-1.87797
-4.30128
-2.78729
-2.4973
-1.16703
-4.70218
-0.98915
-4.78782
-5.43587
-1.90642
-5.15222
-3.52625
-1.06855
-4.39295
-1.61364
-3.63931
-1.15902
-3.53133
-4.00317
-3.41232
-3.89518
-1.35145
-3.97165
-4.69314
-3.82656
-2.81283
-4.26544
-0.156377
-4.68496
-3.26889
-3.86383
-4.61149
-4.32295
-4.76507
-4.69634
-4.78104
-1.36287
-1.66805
-5.11074
-1.01141
-4.79871
-1.26465
-4.76722
-1.13344
-4.81695
-1.03875
-3.09376
-4.30964
-4.87106
-3.99948
-3.43475
-4.72648
-2.92784
-1.06996
-2.64682
-1.07854
-2.97078
-3.60718
-4.91572
-1.24953
-4.77051
-4.76607
-4.71505
-1.05941
-4.3584
-4.64054
-3.73206
-1.13659
-3.76047
-4.79137
-3.62371
-5.50291
-1.17043
-4.70667
-1.11004
-1.17547
-1.15749
-3.92691
-4.69916
-1.73513
-5.10192
-2.67005
-4.72305
-4.11522
-4.68643
-4.57718
-5.35152
-5.65828
-2.12883
-5.26995
-4.92839
-4.77143
-4.81814
-3.71464
-4.72186
-1.50607
-4.5625
-1.29862
-4.7529
-4.88836
-4.84506
-2.60879
-4.97036
-4.7799
-4.83159
-5.32318
-5.26535
-4.06524
-4.32649
-1.08537
-4.76846
-5.48016
-1.73529
-5.22873
-3.159
-4.86231
-2.03763
-4.65543
-3.77541
-4.55986
-4.39561
-5.38691
-4.43161
-4.76876
-4.3013
-4.59669
-4.15258
-4.77062
-2.39854
-2.73116
-5.22921
-4.84779
-3.85594
-4.60168
-3.63553
-5.09253
-3.00473
-1.5432
-5.40445
-5.30364
-4.83424
-5.18616
-4.73678
-4.87336
-4.88497
-1.8345
-1.73724
-4.77932
-3.62674
-1.05186
-0.95437
-1.99732
-3.48369
-0.992676
-5.56976
-4.4345
-4.93961
-5.00762
-4.23335
-4.4416
-4.35568
-5.10588
-5.18904
-1.89775
-4.12557
-5.07794
-4.85547
-3.87418
-4.03934
-4.90725
-1.13822
-3.41715
-1.10437
-5.11575
-4.75701
-3.69729
-4.29859
-1.13346
-1.25275
-3.68427
-4.64383
-3.73763
-4.44882
-3.41237
-1.07306
-1.05117
-5.21211
-4.85001
-4.70665
-4.69074
-4.70885
-5.23011
-4.59539
-4.84224
-1.10316
-4.07579
-5.35045
-4.54224
-1.17179
-5.05063
-3.52267
-3.93083
-5.26933
-2.055
-4.65019
-5.04837
-1.05001
-4.12258
-3.91752
-4.1057
-4.41381
-4.32201
-4.84212
-1.16043
-4.76334
-5.18186
-4.74349
-2.93144
-4.6912
-1.06641
-1.10824
-1.30011
-5.00724
-5.41733
-4.67361
-4.46034
-0.978984
-4.36949
-5.08968
-4.75589
-4.9661
-2.31762
-1.75378
-0.974033
-4.73189
-1.88317
-1.04284
-5.06212
-4.92687
-4.88787
-1.04384
-5.34028
-5.24433
-1.42161
-3.6236
-5.00268
-4.81019
-1.15563
-4.77126
-4.30221
-4.62831
-4.30502
-4.80699
-3.12661
-3.96789
-2.62698
-5.18642
-1.82856
-4.68279
-4.47575
-4.78587
-3.36643
-4.82204
-1.15431
-3.37853
-5.16382
-3.82878
-4.68931
-4.68508
-5.37042
-1.13773
-4.78764
-3.29512
-5.17643
-5.10313
-4.0726
-1.03655
-5.20418
-4.52677
-3.91044
-4.47837
-4.59199
-4.80331
-1.83403
-4.51418
-5.24101
-1.66073
-1.46072
-1.40722
-4.90162
-4.22289
-4.73961
-5.1552
-5.34336
-2.02027
-2.82925
-0.702194
-5.25894
-3.90236
-5.17001
-4.73883
-1.14879
-4.75235
-5.82092
-5.17321
-4.31731
-1.86074
-4.52479
-3.44584
-5.10119
-4.36851
-5.36314
-3.47592
-4.57571
-1.16436
-5.02656
-5.38728
-1.29522
-3.79994
-4.34898
-1.15967
-1.2437
-4.6445
-2.65966
-4.8105
-5.20709
-5.25581
-5.25372
-1.1709
-2.33032
-1.15337
-4.96312
-4.70026
-5.18906
-4.74522
-0.886531
-5.34098
-1.8081
-3.62733
-4.75651
-5.03975
-2.6658
-5.19604
-1.76789
-4.51533
-1.61026
-4.8834
-5.31484
-1.11416
-3.66766
-4.68214
-1.36618
-5.20313
-2.38909
-1.06893
-4.65746
-1.80029
-4.83835
-4.75693
-1.3151
-5.18608
-3.36317
-4.72648
-1.41288
-4.49107
-3.35467
-4.75189
-1.86332
-2.93048
-1.33549
-5.28351
-3.61991
-2.33557
-4.5896
-1.09178
-3.54247
-5.11183
-5.25475
-5.08567
-3.38663
-4.81334
-5.06459
-4.67839
-1.16566
-1.56733
-5.4378
-4.51799
-4.11024
-4.37084
-4.03536
-1.68513
-5.06772
-1.16001
-5.24588
-2.87118
-2.60836
-4.62611
-1.16858
-1.27756
-4.75
-4.33664
-1.16297
-4.61552
-4.71699
-4.77173
-5.28447
-5.03636
-4.63426
-2.00591
-5.12833
-5.5048
-1.97148
-5.01836
-5.17755
-5.2338
-4.66108
-4.60543
-4.78673
-3.72956
-4.73496
-3.58197
-3.58559
-4.77248
-4.10145
-5.01598
-4.70516
-1.39949
-3.7641
-3.17988
-1.30946
-4.39674
-3.60032
-5.03785
-5.05269
-4.82184
-4.76472
-2.26593
-1.2198
-1.13557
-3.54084
-5.1439
-4.95102
-5.31196
-4.71246
-4.67476
-4.50777
-5.03282
-4.77621
-5.81186
-4.20127
-1.10972
-4.51171
-5.01371
-5.6709
-2.39614
-5.07215
-4.21889
-1.08029
-2.62767
-3.06196
-1.51755
-4.74636
-0.986071
-2.20895
-5.30779
-5.47411
-1.77607
-4.71234
-4.45785
-4.20483
-4.58299
-5.19291
-4.64778
-4.7472
-4.73875
-1.16693
-4.78431
-5.01502
-1.10104
-2.51363
-3.59736
-3.85683
-5.51097
-4.85543
-5.12943
-3.2856
-1.07538
-1.42273
-5.41752
-4.68109
-3.78495
-5.11571
-5.07016
-5.19333
-5.13102
-3.66063
-3.46995
-3.62822
-3.15066
-1.1647
-2.78205
-1.04094
-5.14858
-3.99554
-1.19965
-2.47862
-1.1293
-3.88398
-4.2474
-4.95902
-5.60899
-1.38793
-2.62926
-4.74729
-1.00246
-4.2299
-0.974481
-5.21404
-4.646
-4.12236
-5.34856
-5.06336
-1.12168
-4.95982
-3.52134
-5.22342
-4.57457
-4.09166
-1.31629
-1.09393
-3.14888
-1.84812
-0.780912
-4.62425
-3.19554
-1.04351
-4.35296
-2.77419
-5.05536
-1.81331
-3.54189
-5.21477
-3.38442
-1.1394
-4.34171
-3.70413
-1.05075
-4.75328
-5.26309
-5.07366
-4.66963
-5.13395
-1.79164
-1.42793
-4.71176
-4.80393
-4.67337
-1.54674
-0.987728
-4.74686
-1.49562
-2.85314
-5.17305
-5.15904
-6.20353
-1.16588
-3.28631
-4.64122
-1.82995
-5.13076
-3.86218
-5.22527
-4.30055
-5.75846
-1.32526
-5.83566
-4.87736
-1.05239
-4.81363
-4.03612
-4.60567
-4.72797
-1.50715
-4.49687
-3.72037
-3.35846
-4.68419
-1.35568
-4.69829
-4.47935
-1.21865
-3.13843
-3.70739
-4.68382
-2.39317
-4.55535
-5.22646
-5.28059
-4.74626
-4.50877
-3.01047
-1.66394
-1.80461
-2.81807
-4.29287
-3.47135
-5.79509
-4.6227
-4.78201
-4.73895
-4.35754
-1.88878
-4.90956
-1.11089
-1.69411
-4.86672
-4.68667
-4.80968
-2.09556
-5.04035
-3.42368
-1.11159
-3.74712
-3.60852
-4.94188
-0.980672
-4.67141
-1.1741
-2.53161
-5.41543
-4.91843
-4.70015
-3.83451
-4.76412
-0.989038
-4.5119
-3.00468
-5.35039
-4.70624
-1.0002
-4.5071
-4.60944
-5.31951
-2.75414
-4.644
-4.8849
-1.10438
-5.22694
-4.66211
-4.32341
-1.14754
-1.26359
-5.18303
-4.67257
-4.83203
-4.37433
-3.98447
-3.20653
-4.3634
-3.34983
-1.17884
-5.38001
-4.97313
-4.34249
-3.16277
-5.38022
-1.74563
-4.37612
-1.07544
-1.13454
-1.08376
-4.60754
-1.31492
-1.14975
-5.20041
-4.24512
-1.12496
-3.26887
-1.29162
-4.9382
-4.08432
-1.1131
-4.83766
-3.67375
-4.64698
-3.67451
-4.24501
-4.6821
-3.53168
-4.99099
-5.08599
-5.05758
-4.65371
-2.20907
-2.79374
-5.33275
-4.2303
-1.18985
-3.48661
-4.41162
-3.63011
-4.45194
-4.7812
-4.29838
-4.86703
-4.24891
-0.978994
-3.78424
-1.01493
-4.94215
-5.24414
-4.49725
-3.45428
-3.89562
-4.31072
-1.27085
-3.58941
-3.39742
-5.20501
-1.02852
-3.89359
-1.28922
-5.50327
-1.06659
-1.32209
-5.21226
-3.90563
-4.2684
-4.39906
-4.75603
-3.61781
-5.76342
-2.66498
-3.58357
-4.64785
-4.93063
-4.66241
-2.75643
-3.39027
-1.11628
-1.73182
-4.06696
-3.57745
-4.78235
-2.36658
-1.82663
-4.95976
-4.06346
-5.21751
-4.73636
-1.14044
-2.40419
-1.0967
-2.94143
-4.74553
-4.4468
-4.70314
-3.5968
-4.70919
-5.09893
-0.499015
-1.32957
-5.31354
-4.33949
-4.6351
-4.74649
-4.82894
-4.96287
-4.51596
-1.08125
-4.77345
-1.37842
-1.18359
-5.11111
-3.37515
-2.96268
-4.60253
-4.74691
-5.21217
-2.6486
-1.1402
-4.60882
-2.52067
-5.22274
-4.29136
-1.8252
-5.70966
-4.55171
-4.84481
-5.34407
-3.36952
-4.40166
-5.56339
-4.59617
-4.64317
-1.58246
-3.71642
-3.88712
-4.46373
-4.74718
-2.72015
-5.31926
-5.18756
-2.30763
-2.30266
-1.04391
-2.49057
-4.29565
-5.00711
-4.63761
-5.29387
-4.38696
-3.09274
-5.35244
-4.9083
-2.52685
-1.37585
-1.0942
-3.86266
-4.87062
-1.12135
-3.65968
-2.11597
-3.63992
-1.17656
-5.18854
-4.70079
-4.79853
-4.54907
-1.06615
-4.92347
-3.26881
-5.20532
-1.15092
-5.79578
-3.61069
-4.90427
-2.32861
-4.64026
-3.81267
-4.83443
-4.02464
-3.41159
-0.70961
-4.67092
-1.5114
-3.64815
-3.84128
-4.27101
-1.35022
-3.74115
-1.16575
-4.72151
-4.67761
-4.6991
-4.65185
-4.3285
-3.00625
-1.0657
-2.13233
-2.3267
-2.72143
-1.03822
-3.77806
-4.09953
-4.33032
-4.71087
-2.33307
-2.37116
-4.67945
-5.40924
-3.89716
-1.03321
-3.48823
-4.91901
-3.90672
-1.15134
-4.90641
-4.83645
-5.082
-0.529738
-4.90485
-5.06674
-5.24221
-3.25909
-3.51285
-3.94427
-4.64981
-4.67742
-3.86819
-3.7745
-1.13591
-1.06833
-5.601
-4.73673
-4.13052
-4.9614
-4.66581
-2.48012
-4.67921
-1.07453
-4.82507
-0.952768
-2.66672
-1.59356
-3.18778
-4.58972
-2.1371
-4.72548
-4.49492
-2.65106
-1.37652
-5.07449
-4.2215
-4.35131
-0.962443
-1.08351
-4.7739
-1.31003
-1.25874
-3.14267
-3.251
-5.26614
-1.13054
-2.67188
-4.0333
-4.88643
-5.32298
-5.31382
-1.15609
-1.06915
-1.6618
-4.51391
-1.72586
-1.11828
-4.68644
-4.43589
-4.96297
-5.04057
-1.01125
-4.91749
-3.76848
-5.66219
-4.09835
-1.08591
-5.28051
-4.49564
-5.03292
-4.75315
-3.43724
-3.20956
-1.30719
-5.23923
-4.22309
-3.37741
-4.0919
-4.68117
-1.10289
-4.65441
-4.86554
-4.53439
-3.59478
-4.39798
-2.2624
-4.74728
-2.85768
-4.82675
-4.74477
-0.911085
-4.69543
-4.62059
-1.59866
-4.79975
-4.32527
-4.6979
-3.50744
-1.82294
-0.95932
-4.67538
-5.12048
-4.69235
-4.67747
-1.12784
-1.11998
-1.10774
-3.7946
-3.9004
-3.5755
-4.96602
-2.57434
-3.59924
-1.22823
-4.7034
-5.16307
-1.40955
-1.41684
-1.08377
-2.18607
-4.77512
-1.90297
-1.08036
-4.76406
-1.06114
-1.05629
-4.79733
-4.42609
-3.73477
-4.79099
-3.06371
-4.84356
-4.76343
-3.73287
-4.6878
-5.24256
-0.888938
-5.04791
-2.53449
-4.95288
-0.725012
-4.67423
-1.65359
-4.68105
-5.6233
-5.01217
-3.83527
-4.68004
-4.77093
-5.34603
-1.86479
-1.28268
-5.05359
-5.28679
-4.42002
-0.996625
-4.31875
-4.15214
-5.17925
-4.32717
-0.908617
-1.11372
-4.03221
-4.36271
-5.22026
-4.43314
-5.10996
-4.67474
-5.20219
-4.64663
-4.33575
-4.02083
-1.15902
-1.01161
-0.939249
-5.63285
-3.95138
-5.39883
-4.71408
-1.30032
-1.294
-3.98057
-2.14755
-4.33642
-4.92091
-3.24049
-0.727783
-5.23281
-1.2554
-2.85272
-1.79375
-2.57133
-4.38685
-5.77495
-5.21812
-4.67301
-4.68797
-4.6134
-1.01325
-4.02199
-4.30266
-3.96603
-4.36432
-4.03978
-4.26704
-3.38529
-4.2354
-4.33646
-0.944877
-5.19678
-5.21701
-4.559
-4.35485
-1.01436
-4.08588
-4.00644
-1.07315
-4.92309
-1.07896
-3.84036
-5.18944
-1.50215
-5.18158
-1.48884
-1.08983
-1.22896
-4.68986
-1.49961
-4.78324
-5.75751
-5.29925
-1.00966
-3.38842
-3.78512
-3.69952
-1.14335
-4.98931
-5.05137
-3.76031
-1.10791
-3.69724
-4.52537
-1.07683
-5.21934
-4.67246
-2.55108
-4.75851
-4.3937
-1.39624
-4.97112
-5.18974
-5.20573
-4.42838
-5.66187
-1.12604
-1.11473
-3.92246
-0.976929
-5.03051
-5.43438
-4.72815
-4.66413
-2.60803
-4.84174
-3.66742
-5.67857
-4.2272
-1.18922
-4.6722
-5.40861
-3.71762
-4.57381
-5.22438
-1.33592
-4.87124
-4.19688
-2.7967
-1.5042
-4.784
-4.78913
-1.18397
-2.1928
-1.12843
-4.11027
-5.82402
-4.58194
-5.23234
-4.6254
-1.94369
-3.2587
-5.16793
-4.28621
-5.0075
-4.24286
-5.20643
-3.44861
-3.82228
-5.21371
-5.04479
-4.89974
-2.88464
-4.72723
-1.74333
-4.68821
-0.991604
-4.69597
-1.05792
-4.8938
-1.16228
-4.12215
-4.67873
-5.24822
-4.30565
-4.83373
-4.68454
-4.83439
-4.68074
-1.04231
-3.62607
-4.66347
-4.36622
-2.23971
-2.28942
-5.09367
-3.34993
-4.40211
-0.431824
-1.04475
-4.92711
-5.85673
-3.76449
-3.9801
-3.69443
-4.80988
-0.64581
-5.49309
-5.57927
-1.51558
-4.02395
-3.49744
-3.45354
-4.59124
-4.63627
-3.53723
-0.869412
-1.56275
-4.76503
-4.49578
-2.68027
-1.17566
-5.76848
-1.07827
-4.81361
-2.59256
-1.17693
-1.00096
-5.22065
-4.68738
-4.74326
-1.72107
-3.69869
-1.09241
-4.66256
-4.44436
-5.21535
-5.23408
-4.18571
-4.26781
-3.91386
-0.926089
-4.2438
-3.25343
-4.31176
-3.48056
-4.90741
-3.47508
-1.07762
-4.79871
-3.39338
-4.86173
-4.92335
-1.8271
-5.10878
-1.86891
-5.39169
-1.30257
-1.43073
-0.849315
-4.22021
-2.76735
-3.43939
-2.55688
-5.20351
-5.21591
-4.55888
-4.2969
-5.19296
-4.74382
-4.11168
-4.20015
-5.53946
-4.75674
-5.57213
-4.06315
-5.56811
-5.28572
-3.43074
-1.4201
-1.72469
-5.19269
-2.06769
-3.42571
-5.19489
-1.03374
-2.24904
-3.98697
-4.69378
-2.5039
-1.7203
-3.8835
-3.38474
-5.03484
-4.595
-3.70826
-4.32432
-3.47548
-2.50495
-4.09076
-4.63409
-3.87765
-3.52373
-3.45165
-4.73563
-4.68688
-2.51658
-1.38119
-4.95378
-2.8541
-1.27238
-1.02996
-2.82716
-3.96337
-1.08651
-1.00013
-1.16673
-1.06463
-5.20281
-4.71514
-4.04677
-4.6528
-4.68305
-4.57178
-4.02132
-2.03094
-5.20567
-4.85689
-4.74505
-4.73947
-5.02199
-5.45205
-3.40667
-3.44511
-4.63677
-0.95497
-4.27921
-4.28783
-5.18923
-1.76334
-4.72723
-4.13848
-4.08166
-5.19636
-3.13935
-5.35655
-1.0805
-4.80871
-0.885611
-1.18149
-4.50153
-3.90761
-5.61136
-4.32527
-4.73171
-4.66901
-3.69893
-2.91527
-4.47314
-3.40844
-5.2151
-1.22022
-2.91159
-3.73868
-1.03734
-3.68049
-4.49618
-5.26079
-1.03074
-5.08515
-3.14645
-2.84075
-1.14463
-3.43838
-4.48512
-3.26039
-3.52681
-4.37714
-4.35642
-5.05075
-4.67965
-3.46806
-0.869491
-3.93819
-4.59688
-5.1924
-4.73341
-6.08664
-4.93343
-3.73881
-3.93171
-0.904412
-4.66625
-1.3088
-4.39274
-3.38984
-4.6798
-1.78732
-1.04706
-1.38412
-5.26419
-1.13757
-5.19723
-0.996229
-4.1593
-5.38061
-0.907489
-4.67986
-4.85379
-3.91538
-4.70342
-1.17702
-2.0464
-1.60667
-4.4148
-5.28789
-4.29501
-4.58535
-4.60642
-1.29076
-3.79496
-4.84178
-5.76988
-4.30711
-1.16166
-4.7152
-3.10832
-3.52124
-5.627
-5.39156
-5.23691
-1.07095
-4.70884
-5.37872
-1.32766
-0.88888
-4.34059
-1.19547
-4.6824
-5.3948
-5.52558
-4.39756
-4.50408
-4.6157
-1.12414
-4.15314
-4.42745
-5.22507
-4.52091
-4.78383
-5.00519
-5.93319
-2.26843
-1.16322
-1.18131
-4.76947
-4.21648
-4.21254
-4.50475
-4.90311
-5.45237
-3.08674
-4.67531
-1.90552
-3.34971
-1.53818
-4.97607
-4.65805
-4.4413
-0.953172
-0.79464
-3.84543
-2.0729
-5.79192
-4.63908
-1.08747
-3.99084
-3.90387
-4.6836
-4.74417
-1.11379
-3.72428
-5.01821
-4.69647
-3.86182
-2.85272
-5.00483
-3.69234
-4.50295
-1.11624
-5.24624
-4.91244
-2.55709
-0.971442
-3.26859
-5.18739
-4.74831
-3.79339
-3.91715
-1.40485
-1.25211
-4.67294
-4.71744
-1.51909
-3.33542
-4.02498
-4.39189
-2.98959
-3.57667
-3.58499
-4.70232
-5.22772
-5.21792
-1.38978
-4.57962
-1.70481
-5.09008
-4.70459
-0.989331
-2.9112
-3.67017
-3.88806
-0.867161
-4.61826
-4.73912
-4.67389
-5.15347
-3.96695
-3.91802
-3.59703
-1.34811
-1.57084
-3.70097
-5.07349
-4.19064
-2.05873
-4.10264
-4.916
-1.17022
-1.30345
-1.16226
-4.13478
-1.88487
-1.0675
-1.83019
-4.09587
-3.38367
-3.48595
-1.26188
-4.76723
-4.82943
-4.58985
-3.76432
-3.95024
-5.5681
-5.2428
-4.38427
-1.18279
-1.33146
-3.71012
-0.976278
-3.73956
-5.32476
-0.947196
-3.87991
-4.27347
-3.92485
-3.32014
-1.03444
-5.39515
-1.30089
-0.750366
-4.48791
-1.29024
-0.656807
-1.0068
-2.98868
-5.48947
-1.0669
-3.63814
-1.035
-5.19067
-4.43213
-5.23098
-4.29632
-3.51718
-4.73938
-3.65739
-4.81899
-3.80769
-1.84352
-3.89551
-4.51991
-5.6044
-4.31745
-1.07298
-4.68198
-4.97442
-1.10022
-1.26617
-4.7944
-5.4959
-4.73977
-3.17542
-3.36683
-3.90892
-2.04301
-0.241059
-0.637124
-3.64851
-5.18486
-4.31658
-5.19121
-5.20375
-2.07669
-4.88176
-3.41438
-0.775814
-0.947102
-0.921646
-1.11032
-4.71054
-4.27739
-3.38379
-3.02659
-4.81501
-3.56159
-4.6786
-5.0187
-2.6563
-5.12504
-4.76866
-5.21675
-4.00072
-5.40796
-4.56282
-4.44759
-3.04083
-1.72925
-3.67298
-4.78017
-5.53204
-1.07312
-4.68238
-5.19745
-1.03966
-3.19957
-5.19993
-4.76282
-1.06892
-1.78842
-1.59385
-3.43766
-2.5974
-4.80324
-3.46444
-4.62625
-4.62662
-4.56191
-3.40522
-5.38024
-4.25461
-2.42557
-4.57571
-1.08402
-4.6661
-3.50025
-4.67688
-3.94277
-1.00692
-1.07268
-1.16383
-3.84998
-0.735118
-3.61473
-4.40981
-0.940289
-0.790723
-4.6613
-1.10534
-4.58219
-4.94814
-1.37817
-4.67328
-4.3725
-5.05014
-4.68312
-5.75823
-1.15953
-4.72401
-1.36628
-2.17502
-3.47704
-5.49766
-1.04387
-4.64273
-1.68354
-1.03539
-4.78345
-2.76433
-3.93122
-0.900862
-3.68877
-4.14341
-5.16529
-4.71506
-1.16463
-4.66402
-5.01471
-3.43397
-5.56145
-0.914921
-1.06677
-4.97569
-0.983046
-4.46747
-5.17369
-4.31316
-4.72129
-3.24294
-1.06498
-4.14591
-4.35202
-1.045
-1.71755
-3.70726
-3.91795
-4.6816
-4.03579
-4.73813
-4.26998
-2.2034
-4.47007
-4.51066
-5.11845
-3.20943
-4.76481
-4.92509
-3.66374
-5.22729
-4.53268
-3.8515
-3.42643
-2.04069
-3.88261
-3.86663
-1.00565
-2.53885
-4.35599
-2.32316
-3.67447
-2.97488
-5.17803
-3.89387
-5.23731
-4.58984
-5.97263
-5.14596
-4.73717
-2.94055
-4.33398
-4.15204
-0.594271
-4.41669
-5.54605
-4.33788
-0.915174
-4.67941
-5.1559
-1.07398
-4.08132
-4.22537
-1.56089
-1.19995
-3.97096
-3.70775
-4.68002
-4.2587
-4.89406
-4.78776
-4.91171
-4.20997
-3.57442
-4.41469
-4.47455
-1.3234
-1.1393
-3.46348
-4.62865
-5.01726
-5.02872
-1.14886
-0.826218
-3.87634
-5.17859
-5.0194
-4.38017
-5.23319
-1.68238
-4.78599
-3.93161
-1.27518
-2.52627
-4.73969
-3.56382
-5.47948
-3.76318
-2.26048
-3.54295
-1.05945
-4.6818
-4.75399
-4.70406
-3.39696
-4.36243
-3.9887
-3.84201
-5.22928
-4.1958
-4.36513
-3.32869
-3.65773
-3.1978
-4.74228
-4.7981
-1.5073
-4.99312
-4.98609
-1.84981
-4.41057
-1.29075
-3.56939
-2.56078
-1.8188
-5.58354
-5.33659
-4.7364
-4.82603
-5.21903
-4.6765
-1.22661
-3.71409
-0.905239
-4.21158
-4.60542
-1.81306
-3.49309
-4.01218
-1.87015
-4.18429
-5.50134
-1.31146
-4.24667
-2.91245
-3.80499
-4.74471
-1.15708
-5.3904
-4.22197
-3.4734
-4.68533
-1.17526
-2.56805
-5.43212
-4.14656
-4.61515
-0.840354
-2.95905
-4.23066
-4.3399
-4.97238
-0.897967
-1.03991
-5.67311
-3.99758
-4.45374
-4.89179
-3.41054
-4.50223
-4.39565
-3.95782
-4.69532
-4.95438
-4.22348
-4.26102
-2.2813
-0.919669
-4.85534
-1.02124
-3.40767
-2.0437
-1.49379
-4.76672
-3.77263
-3.43539
-1.16347
-3.75985
-1.1271
-3.43208
-5.82411
-5.4107
-3.93791
-1.14682
-2.79075
-4.95951
-5.48145
-5.2137
-4.78838
-3.72179
-5.1583
-4.71439
-5.19505
-4.33378
-1.14778
-5.53937
-4.36371
-5.95299
-3.44653
-1.17667
-4.86529
-1.02988
-4.44836
-3.6396
-5.4104
-4.02921
-4.19164
-5.09909
-4.4794
-3.28462
-1.86494
-4.72139
-4.0839
-5.40358
-3.76165
-4.50685
-3.96574
-5.96385
-1.0748
-4.77802
-1.25785
-4.78446
-4.11104
-4.52738
-3.82887
-5.10219
-4.73159
-5.23901
-4.83168
-5.30745
-4.21431
-1.10545
-1.05367
-0.897545
-3.47197
-3.03489
-5.0427
-4.65619
-1.20019
-2.7322
-4.69705
-2.96433
-4.06715
-4.77051
-1.34321
-4.9459
-4.71266
-3.84269
-4.43648
-4.98376
-4.66816
-4.76359
-1.06578
-1.10651
-1.09942
-4.53838
-4.26085
-1.70467
-2.53383
-2.30566
-3.63766
-1.07084
-3.90904
-4.07355
-4.64911
-4.67667
-1.17913
-4.79852
-0.938075
-4.30183
-4.36833
-2.64421
-5.24812
-4.08526
-5.41324
-3.93565
-5.25676
-5.17226
-3.58603
-5.22067
-1.29752
-4.35116
-1.16482
-1.08753
-2.66885
-4.69569
-0.822022
-4.13669
-5.0298
-1.04141
-5.14073
-2.41778
-5.01272
-4.70884
-1.16803
-4.65477
-1.42447
-5.00729
-4.77005
-4.74484
-1.23573
-4.11675
-3.42713
-1.04241
-2.363
-2.84487
-4.1447
-2.0447
-3.52816
-5.247
-1.54861
-3.89421
-4.91333
-4.59621
-4.61537
-2.37402
-3.88118
-1.10843
-5.27939
-1.48558
-4.24552
-4.11358
-1.52595
-1.17109
-0.860864
-5.24745
-0.301714
-0.280565
-0.518041
-4.6692
-4.30274
-4.84789
-1.3055
-4.546
-1.62268
-2.03959
-3.65059
-2.64296
-4.27128
-5.20876
-4.373
-4.83464
-3.33084
-5.25993
-4.15482
-4.64134
-1.68987
-0.806151
-2.63058
-4.22097
-5.16611
-5.38834
-2.64142
-0.958401
-5.90798
-4.89529
-4.16303
-2.98102
-1.35495
-4.61675
-0.898847
-4.67614
-4.26385
-0.91653
-4.2798
-1.40442
-5.22596
-1.60237
-5.11806
-0.627813
-1.04048
-1.12666
-1.00842
-4.99239
-3.16709
-3.67787
-5.96544
-3.09191
-4.30322
-1.15534
-4.67751
-3.37134
-0.847682
-4.20481
-4.69604
-4.98433
-0.730777
-2.05178
-0.967246
-4.60764
-1.14206
-4.74469
-4.17361
-4.16223
-4.72181
-1.14752
-4.76935
-1.02083
-5.613
-3.75511
-3.73312
-4.01964
-4.29268
-2.43669
-3.88176
-4.29473
-5.1769
-1.16668
-4.79892
-4.73913
-1.60104
-3.33981
-4.23289
-1.56967
-3.57046
-4.73908
-3.6222
-1.91237
-4.19647
-4.57163
-3.29515
-1.883
-5.13741
-3.47127
-4.66267
-3.38724
-4.10108
-4.52535
-1.43026
-2.53639
-4.23007
-4.95944
-4.47736
-4.80742
-3.3063
-4.42015
-5.60471
-5.28772
-4.73471
-3.69219
-2.8183
-4.75517
-1.92251
-5.49887
-0.99376
-4.9889
-4.73008
-4.61586
-3.42446
-4.84315
-3.43454
-2.57568
-4.45259
-4.95074
-1.00365
-0.880181
-4.76589
-4.91797
-1.11935
-4.08433
-5.31299
-1.86647
-4.01707
-4.91111
-4.78442
-4.04506
-0.0411276
-5.28417
-4.10635
-3.99679
-5.98041
-4.54657
-1.9303
-4.37435
-1.03394
-1.78785
-1.04541
-5.39732
-5.31885
-1.05065
-5.07068
-5.00383
-4.02163
-4.19713
-4.95874
-1.31017
-1.40988
-4.00838
-5.25834
-1.05474
-5.16321
-1.0475
-4.30627
-4.38904
-3.92693
-0.877913
-2.48193
-4.85737
-4.42838
-1.01905
-5.2005
-5.20983
-4.97762
-1.08624
-4.04383
-4.38006
-4.12007
-4.35734
-5.14526
-4.71115
-3.54227
-5.65244
-1.04804
-1.15102
-1.03726
-4.30216
-4.52685
-3.42088
-4.29745
-4.82307
-5.16307
-2.35005
-5.24183
-3.98519
-3.88346
-4.43329
-5.59016
-3.72778
-1.07138
-5.26539
-5.54527
-5.06878
-1.11403
-4.24225
-4.331
-4.45577
-1.16909
-5.60301
-5.96802
-3.9075
-4.41266
-3.8445
-1.26855
-5.07993
-3.20224
-4.35055
-1.10887
-5.22126
-4.04111
-4.57897
-1.1772
-4.65665
-3.50441
-4.86906
-4.84206
-1.16542
-3.38527
-4.15206
-4.65053
-4.31041
-5.51427
-0.913906
-3.76412
-0.880105
-1.58108
-2.85874
-4.95325
-3.02467
-4.78924
-1.19681
-4.85645
-3.37971
-1.21219
-5.21262
-5.22205
-5.56661
-1.2463
-2.01863
-0.909606
-2.00393
-1.21595
-5.33337
-4.77734
-4.78754
-4.26303
-4.93667
-4.82192
-4.91813
-4.72415
-4.24893
-5.14388
-4.79054
-2.08344
-3.55378
-1.20044
-4.46199
-5.09024
-3.8972
-4.4017
-4.92072
-4.91353
-1.04281
-1.12359
-4.98578
-3.29135
-4.06732
-4.32254
-4.61093
-1.29737
-5.41908
-4.77868
-1.72909
-1.08309
-1.71798
-3.94909
-5.24124
-5.01466
-2.62356
-3.55345
-4.28171
-4.26139
-1.03742
-3.17019
-1.0746
-4.49157
-3.49048
-3.26183
-3.82167
-1.0612
-3.39248
-5.53202
-4.86736
-2.64255
-4.7085
-4.67506
-4.86021
-4.71429
-1.14482
-4.9379
-3.09485
-4.34373
-5.0477
-4.49691
-4.64169
-1.04102
-4.31926
-4.57007
-5.56806
-3.96464
-3.33054
-0.963035
-4.95036
-5.13329
-5.46839
-1.03164
-3.47577
-2.47595
-1.08941
-3.45603
-4.98056
-5.77413
-4.27914
-2.27055
-5.53779
-1.25599
-4.57322
-4.34307
-4.02621
-1.08598
-5.58491
-1.02929
-3.28738
-3.25858
-3.38781
-1.20856
-5.00213
-1.41035
-5.14352
-1.05337
-3.84733
-4.18903
-1.98004
-5.21444
-0.984385
-5.06096
-4.17886
-3.40434
-2.07561
-0.812843
-4.41512
-4.63839
-3.47346
-1.697
-5.14642
-4.99793
-2.48043
-1.29561
-3.4611
-1.63806
-4.79178
-4.60933
-3.96021
-5.21959
-3.39981
-1.17521
-3.42319
-4.65836
-1.06357
-5.21575
-3.52245
-1.02302
-0.9812
-4.71937
-5.25407
-1.11401
-4.15576
-4.39224
-3.64237
-4.08613
-1.19183
-1.51586
-4.31671
-4.69548
-5.43072
-4.17226
-1.16585
-5.3506
-3.96044
-1.53381
-0.992465
-3.99031
-1.68943
-1.23272
-4.59752
-4.50904
-5.24723
-4.67884
-5.23211
-1.62244
-5.23583
-4.82254
-4.61529
-5.23957
-4.46907
-4.86157
-1.06354
-4.69859
-0.981548
-2.05535
-5.32547
-3.99091
-4.50438
-5.40094
-2.86327
-4.90208
-5.74984
-4.83078
-1.12358
-2.82103
-2.86782
-3.67676
-0.876398
-3.67022
-4.86945
-5.22498
-5.10114
-1.154
-5.57622
-3.93741
-1.3155
-5.31743
-4.29531
-4.22677
-1.26014
-5.14676
-3.53918
-3.84426
-4.32477
-1.86438
-2.56733
-3.98412
-1.16672
-5.28695
-5.50109
-4.0896
-5.03261
-5.57005
-5.4077
-4.12866
-4.68626
-3.56464
-0.811858
-3.73666
-4.52402
-4.32042
-3.718
-2.33134
-4.80805
-5.12631
-4.14808
-1.19051
-1.30562
-0.728724
-4.58234
-3.61657
-4.38696
-5.27766
-3.77723
-4.72745
-5.87587
-4.32516
-2.92616
-1.58797
-1.20749
-3.68672
-1.92893
-4.58987
-1.78677
-3.509
-4.04775
-5.32298
-1.04438
-0.984891
-4.60666
-4.73808
-3.91781
-4.94287
-4.01284
-4.62818
-1.20417
-5.37882
-0.862697
-2.60257
-3.53107
-3.47513
-3.44532
-4.97179
-1.63959
-5.03857
-2.92167
-5.20015
-4.91917
-1.1395
-4.66984
-4.44
-1.72161
-4.68933
-2.09282
-1.06779
-3.86416
-1.04102
-5.27323
-3.39393
-4.66986
-3.4924
-4.87359
-4.15015
-4.6724
-3.84982
-1.18901
-3.72708
-4.29303
-5.45677
-2.60955
-3.47067
-4.69399
-4.95845
-3.88923
-4.30378
-4.5715
-5.25702
-5.56111
-4.80681
-2.42594
-5.00503
-2.191
-2.75426
-3.77016
-4.91962
-0.988295
-3.20047
-3.68951
-1.26022
-4.42378
-5.0644
-3.58376
-4.29884
-2.57042
-3.96414
-5.0287
-5.07876
-4.59812
-1.00158
-0.991859
-5.04553
-4.91593
-0.872891
-4.3036
-5.47652
-0.653114
-3.67462
-4.71793
-3.45295
-0.992841
-4.5187
-1.89945
-1.91307
-4.75619
-1.68942
-3.7296
-3.44657
-1.15022
-4.5811
-4.67697
-4.7817
-4.96773
-4.70425
-0.953215
-4.28552
-5.45752
-4.28575
-5.34327
-3.3172
-5.2389
-3.70708
-1.18396
-3.90259
-5.52296
-5.09601
-4.75352
-4.31164
-4.61528
-4.65765
-5.39687
-5.15858
-1.67955
-5.47524
-3.52836
-5.27118
-3.57269
-1.11872
-1.56872
-4.58171
-5.54315
-5.0363
-4.87111
-4.63239
-4.51371
-5.05807
-4.53519
-1.1151
-5.62179
-5.0517
-2.59174
-3.59098
-0.97146
-4.2274
-5.49712
-1.14561
-5.73266
-5.36108
-1.28981
-5.30525
-5.41023
-5.17778
-5.52125
-1.08743
-5.39292
-5.22871
-4.02275
-3.45565
-5.30634
-5.78282
-4.01048
-3.42913
-3.77449
-4.31513
-1.86046
-5.20179
-5.20546
-1.55111
-5.25515
-1.95963
-4.78522
-5.18489
-1.82342
-4.71175
-1.0084
-3.40861
-5.29871
-5.03907
-1.20129
-5.71674
-5.33487
-4.12522
-3.7982
-0.952974
-1.04362
-3.59528
-4.92403
-4.76116
-1.79331
-3.47108
-5.49072
-3.60278
-3.50614
-1.06953
-1.38816
-0.0651134
-1.10966
-5.51356
-1.18568
-2.876
-5.0895
-3.71506
-5.29959
-4.83903
-1.49873
-4.77943
-2.80037
-2.5277
-5.07473
-5.60685
-3.62024
-3.95973
-4.30258
-1.25258
-4.58798
-5.11373
-4.71195
-4.37147
-5.50671
-4.70868
-5.18863
-0.96439
-1.7519
-1.12157
-4.83779
-3.92444
-5.28725
-1.12904
-4.73741
-1.15849
-4.35966
-4.10507
-4.77482
-1.03309
-2.34377
-3.44578
-4.05378
-5.26901
-5.28913
-4.23788
-2.26009
-0.99877
-4.71514
-3.74262
-3.09222
-4.78886
-3.48354
-5.02846
-3.95089
-0.835503
-1.86839
-2.82475
-1.14307
-1.17725
-4.76236
-1.67406
-4.31988
-4.69898
-4.74357
-4.78603
-4.40472
-3.81882
-1.70059
-3.13323
-4.12269
-4.94921
-3.89974
-3.43597
-2.59081
-1.16045
-4.59029
-4.9565
-5.18373
-5.27888
-3.37421
-4.69263
-3.67225
-4.48878
-1.16533
-0.991257
-4.49689
-4.89956
-2.26988
-5.01006
-4.78875
-2.55734
-5.4346
-3.58325
-4.6531
-5.88579
-1.50283
-4.82715
-1.05647
-0.858615
-4.73338
-4.72959
-5.27741
-3.36896
-1.12286
-5.05331
-1.17362
-3.42613
-0.943686
-4.25744
-5.77381
-3.11877
-3.22788
-1.40609
-3.17272
-5.30714
-3.30828
-4.85523
-3.55985
-3.94303
-4.06389
-0.677446
-4.44063
-4.35331
-3.58407
-4.75361
-3.72303
-1.07634
-3.88989
-3.29096
-3.79517
-4.85576
-2.61629
-4.51532
-0.884792
-1.12274
-5.37592
-4.90031
-4.16861
-5.35231
-1.18736
-1.03418
-1.09783
-5.42803
-0.865379
-4.83515
-1.0471
-0.92947
-3.67814
-4.72751
-3.57196
-1.72141
-4.72991
-4.20939
-5.33241
-1.13639
-4.73419
-1.04972
-4.34595
-3.35234
-4.70798
-5.41381
-1.1367
-0.971389
-1.53538
-3.49374
-1.44287
-4.11424
-1.16009
-5.42237
-2.00114
-4.8497
-4.62837
-3.98796
-5.02527
-4.06666
-5.37228
-3.56273
-4.51588
-4.40702
-0.992707
-1.67831
-1.16811
-5.01828
-5.31003
-2.05952
-4.73223
-4.72499
-2.77748
-1.60125
-4.87107
-3.0267
-1.84527
-5.39332
-3.32582
-1.0226
-4.44929
-2.90563
-1.58502
-3.20079
-5.06717
-4.33574
-3.40426
-4.64722
-4.84172
-4.8129
-5.18885
-4.47462
-4.83734
-4.83194
-1.24301
-5.56636
-4.79783
-4.76497
-1.0636
-2.02449
-4.70063
-3.64941
-1.69182
-1.19775
-4.24184
-4.76856
-3.53775
-1.15489
-1.20285
-5.15559
-4.86796
-3.43182
-1.04406
-3.55068
-1.25977
-4.74555
-1.76843
-2.52597
-3.96053
-4.93388
-5.34346
-3.99886
-4.60974
-5.0284
-4.75124
-5.01157
-3.26283
-5.35979
-5.06604
-4.67717
-1.82525
-4.90819
-2.32995
-3.49975
-3.17281
-1.17864
-3.15704
-3.46779
-1.44714
-4.49663
-1.35717
-1.32372
-5.50335
-3.1167
-1.04579
-1.16159
-5.51425
-1.78768
-4.79425
-4.71312
-1.11849
-5.46923
-4.74939
-3.33648
-3.59354
-5.92992
-5.2976
-3.44709
-2.48019
-4.87689
-5.40523
-1.1725
-4.78086
-3.66449
-2.9476
-4.32488
-2.14319
-4.2957
-3.15802
-1.11059
-2.96106
-0.950743
-2.52679
-4.50157
-4.87306
-4.90414
-4.01204
-1.34057
-4.69051
-4.64907
-4.74028
-1.06788
-0.936244
-2.80431
-5.28035
-3.68836
-1.05537
-3.162
-1.31412
-5.11187
-3.76479
-4.71092
-3.95321
-4.74555
-5.24751
-1.70352
-0.963822
-4.96839
-4.81117
-4.7737
-1.63208
-3.87234
-1.16518
-4.6562
-4.68452
-4.72337
-4.78585
-5.118
-4.77206
-3.81652
-4.73862
-1.27055
-0.9934
-4.88384
-4.42094
-1.93909
-0.885876
-5.30986
-2.76821
-5.35168
-0.989975
-1.23049
-1.07259
-4.18289
-4.99835
-1.08149
-4.66749
-4.39104
-1.11649
-4.70078
-4.37321
-1.04294
-1.11753
-5.19461
-3.50445
-4.7388
-1.02046
-4.07269
-0.645436
-2.05763
-3.48643
-2.54287
-2.48831
-4.66448
-1.94777
-1.67972
-3.76188
-5.26193
-5.37776
-5.01463
-4.00875
-5.25648
-4.01856
-5.04346
-1.8012
-4.5157
-3.62893
-4.9038
-1.61669
-2.36889
-1.06208
-2.8068
-4.43113
-5.20436
-3.91613
-1.11117
-2.34659
-3.37266
-4.79365
-1.71168
-4.67592
-3.83985
-3.50588
-1.06066
-4.01242
-4.78018
-5.12019
-2.14563
-4.81326
-0.326629
-5.08124
-4.67843
-1.14886
-2.49035
-0.814278
-0.971971
-2.59907
-5.34243
-4.3488
-5.04327
-3.67571
-2.31683
-2.62855
-1.791
-3.98345
-3.45034
-5.07412
-3.47526
-3.36086
-3.49283
-1.12628
-4.71097
-0.931785
-3.79443
-4.83273
-3.69328
-4.84375
-4.2603
-3.78636
-3.81504
-4.80974
-1.12085
-2.25939
-4.29473
-3.22884
-0.493419
-4.79145
-5.36285
-2.58997
-1.69164
-3.79043
-4.79742
-1.2195
-1.20336
-3.51885
-3.53699
-4.673
-0.979257
-1.17634
-1.01592
-0.998561
-2.50193
-0.987741
-3.26098
-1.68268
-5.45672
-4.06555
-4.76755
-3.94228
-1.54441
-3.8436
-4.38533
-4.69729
-4.67461
-4.57618
-4.0369
-2.85317
-3.57595
-4.99783
-5.29998
-4.57619
-3.58014
-1.23736
-5.12913
-3.04526
-5.37482
-1.79068
-5.34197
-4.49271
-4.85024
-5.47668
-0.953629
-0.647031
-4.21529
-4.58404
-3.8819
-2.94203
-4.71836
-1.00483
-3.46678
-2.42447
-1.38223
-5.35855
-3.16283
-5.22283
-5.29036
-1.68415
-3.72819
-1.28664
-3.42362
-4.52093
-1.05772
-3.03766
-3.47999
-5.75984
-3.49166
-2.35972
-3.2237
-4.69425
-1.96935
-1.96815
-0.871906
-1.03181
-1.02944
-1.67875
-1.20165
-4.81968
-1.16068
-1.06785
-5.74433
-0.399092
-3.88181
-1.51356
-3.66827
-4.51441
-5.21492
-4.87852
-3.7221
-4.73886
-3.52388
-4.34345
-5.45915
-3.93973
-1.6206
-5.37921
-1.29151
-1.83318
-5.46583
-5.14114
-3.90404
-3.7066
-4.79447
-4.7778
-0.907256
-4.64368
-4.51087
-1.13107
-1.17734
-4.70848
-1.23029
-1.12215
-3.50621
-1.709
-5.46709
-5.48989
-1.94456
-5.60048
-4.43727
-4.89145
-3.99916
-4.72238
-1.03489
-4.75006
-3.27547
-1.15249
-0.913872
-1.55219
-5.81234
-1.06243
-1.05355
-5.18278
-0.945288
-1.11302
-4.76456
-5.02868
-4.03786
-4.72296
-1.93772
-1.15242
-0.969335
-2.913
-1.10511
-3.82451
-2.48455
-5.39853
-1.52637
-1.49224
-3.06755
-2.97061
-3.6901
-2.97943
-4.73833
-3.42235
-1.3809
-1.76553
-5.49418
-3.35161
-4.54571
-4.74588
-5.49402
-3.4386
-3.8487
-5.4035
-2.99328
-5.45344
-5.51312
-5.66785
-4.33794
-5.03203
-3.26879
-5.59051
-3.80006
-3.5192
-1.31924
-3.55388
-2.58207
-1.21365
-4.89809
-1.78715
-2.06174
-4.06221
-1.05454
-2.24768
-2.91305
-5.19901
-2.67367
-4.43819
-5.09102
-4.76486
-2.53905
-3.80776
-4.76551
-4.46091
-4.06542
-5.10402
-0.541918
-1.29121
-5.12801
-1.11213
-3.74276
-0.973552
-3.65977
-1.11908
-5.51961
-4.41132
-4.72156
-1.63687
-2.72667
-3.4424
-3.29532
-1.03684
-4.73094
-1.37862
-3.64839
-1.02805
-3.16597
-3.1244
-5.04096
-1.7971
-1.18289
-1.15173
-3.64366
-3.92027
-5.03501
-2.23948
-1.14523
-4.88503
-2.66606
-1.2339
-4.32148
-1.28064
-2.56829
-3.95179
-1.03494
-3.24014
-4.0555
-2.09671
-3.67637
-2.58315
-3.24567
-4.73257
-4.326
-4.57635
-1.0324
-0.803234
-5.27774
-2.7578
-1.17259
-3.41835
-3.66041
-1.30569
-1.16305
-3.57626
-1.16442
-5.26615
-1.19182
-3.3996
-1.03142
-5.33492
-2.59517
-4.5543
-4.54261
-3.68404
-3.73904
-0.954176
-4.9445
-5.24159
-3.67237
-5.03105
-3.72613
-5.61527
-3.68518
-5.05893
-3.80629
-0.993024
-5.61314
-1.13773
-5.32446
-5.0743
-4.62107
-0.422382
-4.5219
-4.93941
-4.33944
-5.28022
-3.46895
-5.21851
-1.77419
-5.01894
-5.1084
-4.05279
-0.895078
-5.06249
-4.23798
-3.60116
-0.857578
-4.89215
-3.85523
-3.85
-3.24482
-1.42209
-3.46317
-0.991875
-5.20752
-2.04705
-1.11809
-5.02691
-4.53525
-3.67356
-4.85015
-4.93135
-1.18144
-1.14228
-5.00354
-3.47725
-3.99937
-1.55662
-2.73681
-1.30515
-1.77223
-1.34434
-1.16911
-3.47969
-4.68128
-2.07064
-4.48787
-5.21903
-2.99408
-1.66584
-3.34169
-3.70885
-1.08745
-3.7699
-3.46119
-0.910997
-4.37167
-5.13191
-0.964197
-4.50881
-2.05628
-4.31086
-5.16236
-4.68494
-0.875308
-3.29149
-3.56978
-0.922519
-1.20348
-5.49056
-4.69083
-5.00908
-1.14381
-2.2357
-5.29327
-5.46768
-1.83195
-3.91252
-4.32422
-1.82925
-3.75364
-1.05042
-1.05456
-4.83696
-2.33095
-5.45098
-3.27179
-4.14195
-2.63476
-1.03863
-1.1445
-0.893322
-5.67061
-0.896097
-1.16522
-4.50774
-5.56302
-1.09516
-3.17916
-2.04882
-4.27841
-0.93967
-4.39682
-4.5309
-4.6787
-1.25884
-2.60691
-3.71229
-4.73517
-0.582942
-1.07904
-0.985597
-4.6788
-3.42741
-3.82554
-0.326165
-0.443451
-0.440192
-5.32786
-1.71384
-3.49642
-2.5001
-1.30135
-4.33907
-4.61206
-3.46025
-4.91886
-1.10456
-0.928839
-5.34418
-3.90516
-4.62839
-4.81166
-4.37508
-4.80165
-4.33095
-4.26489
-0.927028
-1.19526
-3.46363
-0.825899
-4.75538
-0.982913
-3.61075
-4.70206
-3.42696
-4.67553
-1.10905
-1.04866
-4.19344
-1.17412
-0.813127
-1.61329
-0.90852
-3.55409
-3.82893
-1.14541
-3.40936
-1.21448
-4.08109
-4.37186
-4.32714
-4.7962
-2.67024
-4.65247
-1.33238
-1.25116
-4.28861
-1.21443
-3.59682
-3.41923
-1.11053
-0.87664
-3.9872
-2.85556
-3.46646
-3.74295
-3.63645
-4.76899
-4.37104
-1.09792
-4.85743
-4.35473
-5.18753
-2.52659
-3.49321
-3.12499
-3.51714
-4.88003
-3.4032
-1.98044
-1.97158
-4.89951
-3.48212
-1.05366
-5.02557
-1.71673
-1.02836
-1.14407
-2.96428
-2.84054
-1.80185
-1.28657
-3.57645
-1.73412
-0.83105
-1.74133
-3.48454
-4.34931
-1.16193
-1.17896
-2.16537
-1.90628
-5.66892
-4.49612
-3.98914
-0.985413
-1.21332
-2.99774
-1.17455
-3.93646
-5.80845
-1.17399
-1.28425
-0.178037
-1.45801
-3.32106
-3.8108
-3.47857
-3.21868
-5.1858
-3.48056
-4.7374
-3.10469
-3.11757
-4.97482
-4.80928
-1.65221
-4.82857
-4.27004
-1.65796
-3.67359
-4.69051
-4.74978
-2.87346
-0.963808
-4.73557
-5.8374
-3.46835
-2.38168
-3.27381
-5.41369
-2.94887
-2.75397
-4.81484
-4.05764
-1.34122
-3.95008
-2.05894
-3.23315
-1.06199
-1.13222
-1.05257
-5.69957
-4.25081
-4.57435
-1.3963
-4.5832
-1.93072
-4.08684
-4.20804
-2.06209
-3.56276
-3.49273
-4.64991
-4.96631
-4.81187
-3.48867
-3.99385
-1.18139
-5.43309
-4.8921
-1.20139
-4.65891
-5.19249
-4.12416
-4.64545
-2.35054
-1.74081
-5.36922
-4.81384
-3.23711
-1.03803
-2.4897
-4.72531
-1.17958
-4.80028
-5.01426
-0.904678
-4.68058
-1.68797
-3.87993
-4.64749
-1.62124
-4.3514
-4.72687
-1.47443
-0.802526
-4.89217
-0.877658
-3.29274
-3.12894
-4.10494
-3.64862
-3.91079
-4.83245
-4.89987
-3.61791
-3.91025
-2.04776
-0.759758
-0.978181
-4.50941
-1.92369
-2.86797
-1.83548
-3.38279
-1.05013
-1.71076
-0.782354
-4.30891
-1.10473
-4.66521
-4.26232
-0.880008
-4.51989
-3.49995
-2.10073
-1.16266
-5.33499
-2.05975
-2.51344
-2.75553
-3.50485
-0.943145
-5.50791
-3.36496
-4.92541
-4.93093
-4.67983
-3.50526
-5.52327
-3.72308
-2.64664
-0.843055
-3.50954
-0.955451
-5.77857
-0.812791
-2.06102
-2.85069
-4.74117
-5.17477
-5.50591
-4.75274
-1.04214
-4.93613
-5.55014
-2.5177
-2.45609
-5.11162
-0.597685
-2.54119
-0.791134
-0.768119
-5.18979
-5.66662
-5.63453
-4.99027
-1.30979
-4.61914
-5.17469
-0.07143
-5.39811
-4.82673
-4.99086
-2.2828
-2.26637
-1.20994
-1.12926
-2.52494
-1.18454
-1.14743
-3.31329
-5.38453
-1.72733
-4.79071
-5.19091
-5.36708
-4.95913
-2.57586
-4.17602
-1.02877
-1.07501
-3.78033
-2.47402
-5.0042
-2.54581
-3.59959
-2.54404
-1.63668
-1.21455
-1.80618
-4.66455
-4.80679
-4.81727
-1.05776
-3.67353
-5.39876
-5.38805
-1.22181
-5.02148
-3.52226
-4.21437
-4.7642
-0.993532
-4.75655
-4.79805
-1.1533
-4.36841
-3.36975
-5.11776
-4.12517
-0.462065
-5.3934
-4.69116
-3.43539
-1.08816
-1.05627
-3.98632
-3.72349
-0.887655
-4.67146
-0.858069
-6.13359
-0.944032
-5.61119
-4.50911
-0.862533
-3.78063
-2.86212
-5.20219
-4.62972
-4.46219
-5.03872
-1.01449
-1.0431
-3.75676
-1.11096
-2.5315
-3.46404
-1.18112
-1.32195
-1.54291
-4.48151
-1.28704
-4.96205
-5.19149
-3.48493
-4.51009
-3.35009
-0.840983
-2.05581
-5.2056
-4.02953
-1.06068
-1.71946
-4.61106
-1.78468
-4.75538
-3.35793
-4.27594
-1.73487
-3.85477
-5.37817
-5.12297
-5.74108
-5.1577
-1.48111
-4.8612
-3.7682
-4.88481
-2.41721
-1.08516
-3.45973
-3.23544
-1.17188
-0.951865
-2.24375
-4.9077
-3.94312
-3.05103
-4.6334
-4.76106
-3.46654
-5.0213
-0.979364
-4.62221
-3.59426
-3.13254
-3.54264
-0.949729
-4.58018
-4.2281
-4.35713
-3.35086
-4.78233
-1.1646
-5.19893
-4.87731
-1.32076
-1.18537
-4.80005
-0.847753
-3.59295
-4.72985
-4.57504
-4.66902
-1.87731
-1.23294
-3.65745
-4.70102
-4.78161
-0.858431
-4.74474
-4.31661
-3.57712
-3.01223
-1.13878
-3.23418
-2.79925
-5.02299
-1.01357
-4.77597
-5.1008
-4.28532
-1.03387
-3.48682
-5.67988
-3.35173
-1.14731
-5.59639
-1.08623
-4.66779
-4.19151
-4.51042
-2.20998
-0.903431
-1.36085
-4.65001
-3.53104
-3.61196
-1.74561
-4.74037
-3.91895
-1.02794
-4.39723
-4.68055
-4.61758
-4.29466
-2.39021
-4.67618
-5.20692
-3.49703
-2.94747
-4.06857
-4.92646
-4.3748
-3.80452
-4.44799
-0.977806
-4.7497
-4.43933
-3.98351
-3.69607
-5.58061
-4.75267
-1.03835
-0.71776
-3.40147
-2.04316
-2.53767
-5.6486
-4.2092
-4.58097
-0.718663
-0.695589
-0.8446
-4.70416
-4.67956
-3.1981
-3.88357
-4.00514
-2.58753
-3.41147
-5.22667
-1.19756
-2.61334
-5.42775
-3.12733
-0.944844
-0.0635792
-2.27988
-5.00137
-2.77969
-4.73998
-3.66362
-4.27533
-1.06946
-1.66022
-5.80813
-2.68957
-3.19021
-3.72373
-4.63668
-3.8497
-4.68423
-2.47222
-1.39224
-5.50246
-4.12592
-3.73254
-1.61918
-3.61909
-1.5323
-3.5875
-5.14125
-4.67898
-1.02968
-4.76725
-3.48171
-1.22501
-1.13152
-1.08014
-4.74472
-3.97219
-2.50317
-3.6288
-0.713673
-1.00349
-4.70851
-1.12114
-4.29261
-5.20991
-1.0224
-4.59318
-5.23666
-0.563021
-0.82381
-1.10922
-0.972233
-1.41304
-3.16329
-3.66895
-4.18095
-0.92949
-4.89828
-3.36726
-3.22785
-4.79292
-4.59695
-4.12268
-5.48589
-5.21168
-5.21758
-1.8075
-4.27363
-3.94841
-3.4815
-1.28408
-1.00157
-5.58196
-3.87208
-1.06397
-2.6978
-4.18347
-3.50931
-1.80111
-5.63233
-1.28201
-1.10912
-4.71302
-0.393314
-3.85838
-1.82032
-4.31184
-4.12907
-3.76585
-3.87165
-4.67275
-4.85877
-3.61253
-3.43244
-4.55106
-4.13758
-3.82613
-1.11736
-4.39742
-4.63067
-4.86919
-3.11362
-3.3572
-1.08364
-4.42694
-4.51
-2.66331
-4.6714
-1.1704
-4.6114
-1.7957
-5.22737
-4.78653
-3.99565
-1.08874
-2.21417
-4.74284
-4.3779
-4.97209
-4.32696
-1.15213
-4.29612
-5.37548
-3.59139
-3.05204
-2.55625
-3.5352
-0.678927
-1.84899
-2.4144
-1.12029
-1.09017
-3.90987
-0.823527
-5.43664
-3.02494
-0.455507
-4.69584
-0.452602
-3.51635
-4.65407
-3.10322
-1.01637
-4.27995
-3.38012
-3.20051
-3.82292
-3.4689
-5.21641
-0.978124
-5.03437
-1.31349
-4.84429
-4.35491
-4.92376
-0.894022
-4.67565
-3.43686
-1.083
-3.09522
-4.43974
-0.869001
-1.16075
-3.72529
-4.299
-5.86612
-3.4263
-0.715128
-4.02647
-0.834226
-5.0479
-1.18895
-1.20058
-1.34154
-1.20147
-2.22172
-5.0394
-1.14867
-3.06043
-1.01626
-3.80083
-1.4248
-4.71223
-3.2312
-3.62154
-5.09882
-4.7343
-5.13799
-4.75216
-3.82783
-4.47973
-3.92174
-4.85061
-4.10936
-5.13478
-3.49072
-5.23692
-0.904566
-3.67661
-3.75361
-1.63068
-4.38006
-5.40516
-3.35932
-4.50958
-3.64884
-5.51487
-1.67567
-1.17369
-1.8295
-5.41088
-4.33752
-0.306409
-4.50695
-1.08555
-0.931235
-3.42109
-3.4789
-3.72723
-4.25345
-4.72794
-4.63867
-1.16496
-3.39845
-4.60885
-4.48073
-0.301857
-3.34007
-5.01983
-5.23684
-1.06498
-5.01053
-5.20401
-0.971768
-3.4903
-1.09278
-0.930698
-1.34302
-1.89891
-5.31873
-1.15854
-1.20149
-4.45857
-3.91996
-3.59924
-4.68096
-4.37337
-2.46538
-1.39533
-4.6697
-3.42593
-4.91033
-4.75953
-4.59159
-4.32455
-2.69744
-4.75576
-5.16196
-4.77009
-1.1267
-3.37375
-4.35765
-0.735242
-4.58194
-1.94776
-1.07426
-4.92202
-4.76606
-0.863595
-1.82362
-1.23542
-4.92278
-4.04282
-3.62257
-5.44262
-1.53331
-4.20259
-1.31395
-3.98126
-4.96716
-1.08662
-2.72249
-1.14615
-3.32529
-5.29756
-0.7712
-3.61279
-5.46818
-0.884191
-3.26205
-4.6785
-0.903326
-2.64537
-4.78157
-0.865431
-4.75115
-4.77158
-3.45558
-0.91381
-4.99633
-1.47213
-2.57311
-3.44626
-0.867712
-0.620734
-4.37568
-4.65582
-3.20247
-3.09754
-3.76067
-2.9405
-3.4738
-3.06688
-4.26582
-4.86049
-4.15111
-3.61232
-2.96462
-3.69658
-4.5678
-5.36855
-5.1868
-0.932661
-1.22707
-3.86374
-4.78901
-3.87417
-5.22392
-1.2014
-0.791021
-1.00858
-4.10323
-4.7785
-5.22216
-5.30627
-3.67768
-5.21033
-4.50178
-1.12052
-1.30241
-3.17264
-0.694022
-5.43842
-3.43635
-3.81319
-5.8071
-4.37504
-2.54914
-3.85174
-4.94984
-5.2318
-0.359971
-2.84794
-4.13198
-3.44508
-4.75267
-2.93249
-0.876682
-3.68634
-3.43104
-1.16851
-0.64537
-3.62322
-1.64688
-0.97063
-1.11755
-4.85391
-4.34836
-4.32732
-4.38999
-5.55419
-4.39382
-2.65369
-1.35693
-0.595348
-5.45189
-3.20262
-0.992096
-0.917949
-0.959518
-3.62532
-2.83042
-3.77428
-4.47927
-5.46032
-5.9446
-3.68079
-4.39584
-1.05357
-5.02785
-0.941488
-2.5615
-1.06316
-4.846
-2.65985
-5.10484
-0.899739
-5.0598
-4.22453
-4.20295
-4.69586
-0.885113
-4.29629
-2.42539
-0.952673
-3.46726
-2.95339
-5.22494
-3.33268
-4.76249
-4.28912
-4.62748
-4.74445
-0.968192
-3.64767
-4.09938
-3.84575
-0.782671
-4.26667
-3.26143
-2.86717
-4.33244
-3.4618
-3.44018
-1.00004
-3.39818
-4.1154
-1.18873
-5.03308
-4.08489
-4.76203
-1.71558
-1.06637
-1.04358
-2.76214
-1.30282
-3.70946
-5.53305
-1.14588
-1.12274
-3.4127
-4.64755
-5.43418
-3.98017
-4.80846
-3.21735
-4.33148
-5.00764
-4.05716
-1.23305
-1.13256
-4.04124
-4.74803
-3.98859
-3.57835
-5.36895
-1.11337
-5.03079
-4.73226
-4.53034
-4.6434
-5.10829
-1.27112
-5.41171
-4.0772
-3.4882
-4.40006
-0.946825
-2.88681
-5.48826
-3.40386
-4.53966
-3.59582
-5.21974
-0.488939
-5.39873
-1.08741
-1.71722
-1.17934
-1.86655
-3.30235
-4.56269
-5.20238
-1.13879
-3.85427
-5.19077
-1.08611
-3.46731
-0.922586
-3.93855
-4.75563
-3.82319
-3.26328
-5.16297
-3.56331
-0.970334
-1.226
-3.52928
-4.89148
-4.79156
-5.97738
-3.29523
-2.78702
-4.01313
-3.74078
-4.49256
-5.24373
-5.21948
-4.08142
-3.9402
-3.96703
-0.324414
-5.97688
-0.869804
-3.35991
-5.03521
-2.99696
-5.16346
-1.16479
-2.93185
-5.22189
-0.20599
-5.47605
-5.2249
-0.221124
-5.14422
-4.7597
-1.21407
-5.59159
-2.92606
-3.37769
-3.88916
-0.276293
-4.25781
-5.02881
-4.95743
-5.15562
-3.27347
-3.53927
-4.61467
-4.09222
-2.58089
-1.12134
-4.83209
-5.14889
-1.07753
-3.75092
-5.53815
-2.79013
-3.57123
-1.09483
-5.18645
-0.847962
-4.04562
-4.85208
-5.21233
-0.568856
-3.70176
-4.00315
-5.01078
-1.80898
-2.39241
-3.86639
-4.31701
-1.20212
-4.827
-4.6518
-4.11574
-3.1427
-4.79433
-3.73302
-3.17708
-0.742036
-3.59015
-4.05835
-1.15677
-4.83374
-2.5085
-1.79216
-4.47953
-2.43786
-4.44116
-4.75763
-4.67447
-4.35724
-4.32755
-0.917479
-0.788298
-1.01092
-4.31825
-4.39928
-4.74225
-2.48202
-5.07843
-4.61142
-3.31033
-5.35944
-5.39658
-1.16451
-1.90411
-4.73381
-3.0217
-5.43386
-1.95523
-1.61822
-3.40139
-4.33961
-3.32036
-0.813144
-2.93524
-4.91433
-1.06022
-2.49458
-3.94228
-4.34104
-2.76965
-5.4268
-4.69951
-3.55149
-4.69266
-4.74509
-0.185204
-4.64791
-3.405
-4.70251
-5.55374
-1.17193
-1.10817
-5.09423
-1.53772
-3.45992
-5.44277
-2.47794
-4.77595
-2.97066
-3.11633
-4.31926
-0.458707
-4.43402
-4.71881
-5.02782
-4.69414
-4.52004
-4.93076
-1.64593
-4.43691
-5.11339
-3.379
-0.960802
-4.04392
-0.914856
-1.79443
-1.9365
-1.75683
-4.37248
-0.98272
-0.867638
-0.644043
-5.22005
-4.70548
-3.24725
-4.26779
-5.5446
-3.0037
-4.49464
-0.661056
-4.723
-1.05195
-3.4525
-0.439681
-2.52655
-3.38643
-1.17533
-3.67174
-3.97095
-4.36879
-4.58826
-4.05695
-4.68179
-3.49193
-5.44869
-4.67377
-1.77768
-4.39252
-1.06274
-4.42663
-2.31483
-5.20882
-5.53738
-4.84014
-1.65581
-5.38146
-3.54079
-3.42133
-4.88854
-0.0590653
-5.02221
-3.98502
-4.91395
-3.48204
-4.07548
-4.00844
-4.30598
-1.2452
-4.65451
-4.67968
-4.48195
-0.890846
-4.34565
-3.32088
-3.94447
-1.10507
-3.09385
-2.66879
-4.87568
-4.73234
-3.31102
-4.6165
-5.2071
-3.71274
-5.69918
-4.74116
-1.15447
-2.79105
-4.80139
-5.25993
-3.43089
-1.21163
-4.92049
-3.53956
-1.46764
-1.69423
-2.70176
-5.57344
-2.77572
-4.32871
-4.71434
-3.95536
-1.07928
-4.40782
-4.74318
-4.74338
-5.08391
-4.71698
-3.31549
-4.87319
-2.64321
-5.30952
-2.75994
-4.77753
-0.632347
-3.66067
-1.97488
-0.899918
-4.13487
-4.67336
-1.1731
-3.51501
-0.701772
-4.63556
-4.31595
-1.12278
-2.63196
-5.21436
-3.13081
-4.92736
-3.3683
-0.331643
-4.44674
-4.97255
-5.3728
-3.88583
-4.12653
-1.5268
-4.15351
-4.7004
-2.44528
-4.29009
-2.90543
-4.6612
-3.06221
-1.06322
-1.11656
-5.26226
-4.7144
-1.17231
-3.34745
-4.37066
-1.16746
-2.48499
-1.63515
-3.49551
-0.728087
-3.56952
-2.06207
-4.33579
-3.05448
-3.95097
-4.86352
-5.15009
-2.54432
-3.74938
-4.88091
-0.932606
-4.12027
-1.11191
-3.91394
-3.39399
-4.11628
-3.87434
-2.47409
-6.07042
-5.62659
-4.45028
-1.11038
-4.28005
-0.720347
-4.77008
-2.83415
-1.6101
-0.866365
-1.16982
-3.95439
-2.6467
-0.3605
-0.809632
-4.78939
-4.85189
-4.65346
-1.80207
-4.78172
-4.38303
-1.61441
-5.23446
-4.24833
-1.98246
-1.08079
-4.38998
-4.26621
-5.07416
-4.4511
-4.75252
-4.79429
-3.38644
-4.5887
-3.8882
-5.29738
-2.79518
-4.10127
-1.14795
-5.17401
-5.24028
-4.75013
-3.62333
-2.30462
-5.33252
-4.79619
-1.15852
-4.47881
-5.25708
-2.12468
-4.69131
-2.0774
-4.70028
-2.18322
-1.03348
-0.861458
-4.90932
-5.20619
-3.28435
-3.79013
-4.28734
-3.91923
-3.76122
-4.31484
-1.98024
-1.59612
-4.67969
-2.79671
-4.47559
-3.1629
-3.4203
-0.975752
-3.47625
-1.04581
-5.20758
-1.33383
-5.19057
-5.58999
-1.97296
-1.71626
-3.45757
-1.27207
-1.28111
-3.45185
-4.93172
-1.72815
-3.96152
-4.13699
-4.63737
-5.54747
-1.07066
-4.70993
-0.82563
-3.0642
-4.46458
-4.73648
-0.547539
-1.06898
-2.20719
-1.46387
-5.59962
-2.07912
-1.19764
-3.5155
-3.55362
-3.81163
-2.39959
-3.26734
-4.0891
-3.88733
-5.6331
-1.08276
-3.39826
-2.95909
-4.88556
-0.973842
-4.77006
-3.47903
-3.63569
-4.35044
-0.881144
-4.33621
-1.10237
-4.72216
-1.1871
-1.0345
-5.49414
-3.35786
-4.11058
-4.91045
-4.69428
-5.07117
-1.06052
-1.51111
-4.27184
-5.90933
-1.21525
-2.53264
-4.66624
-4.60578
-1.11796
-4.57305
-3.91345
-0.482154
-2.13573
-1.06199
-1.0577
-1.13915
-2.41873
-0.532178
-1.55979
-1.31516
-5.055
-4.70017
-3.60063
-4.78934
-2.40177
-2.42739
-0.838079
-0.946884
-1.94268
-4.45905
-4.48672
-3.50094
-1.23945
-1.6306
-3.5676
-4.67262
-4.56924
-3.35051
-3.69391
-0.72725
-3.64619
-0.977991
-5.33373
-3.60231
-3.47752
-1.27838
-3.46799
-1.18998
-4.73516
-0.496901
-2.80437
-6.16528
-4.714
-4.94128
-4.87794
-1.52037
-1.00199
-0.60081
-5.01545
-5.06463
-0.961269
-2.52358
-1.76129
-4.7766
-5.02068
-4.55969
-0.823116
-5.69239
-1.1074
-1.05903
-2.99741
-4.43177
-4.15414
-0.901564
-4.67264
-5.10042
-5.04502
-5.21239
-4.66923
-2.93218
-5.15331
-4.39397
-4.20058
-3.97763
-3.67815
-3.62553
-4.65668
-3.31
-2.27091
-2.15836
-4.63185
-4.74727
-3.96656
-4.49749
-1.26135
-4.1971
-4.77676
-1.16124
-1.0386
-3.84315
-4.59309
-1.19056
-4.29243
-1.17143
-4.43126
-1.09217
-5.94782
-4.70156
-0.721898
-0.716968
-3.2646
-3.34541
-1.08066
-2.56156
-3.8815
-1.45151
-4.19735
-3.53243
-2.46039
-4.65453
-4.51996
-4.72106
-2.75415
-2.40813
-1.49038
-1.16657
-2.533
-1.04704
-2.92511
-5.11673
-1.08344
-4.07103
-3.30772
-3.46744
-4.9009
-1.14312
-4.66587
-4.62666
-4.88253
-1.61461
-2.3829
-2.10005
-2.01602
-2.02739
-4.82547
-3.84428
-3.47122
-5.17613
-3.52074
-3.23362
-0.49854
-1.60295
-3.50559
-5.00019
-4.48285
-3.58739
-1.03087
-3.2372
-3.86817
-1.57374
-4.92031
-4.73913
-3.33058
-4.58706
-4.71328
-4.77361
-5.50266
-3.2377
-1.79125
-4.95966
-1.67377
-4.37756
-4.12488
-4.93232
-4.67456
-4.69453
-1.02349
-4.70772
-5.20507
-3.25322
-2.50045
-1.68107
-0.365871
-1.74278
-3.82004
-4.81945
-4.33063
-2.89721
-1.33713
-3.55877
-1.69685
-1.18234
-1.04357
-3.42199
-1.0728
-5.02589
-2.94266
-1.08969
-3.33247
-1.17081
-4.13828
-1.69378
-1.07038
-4.57542
-1.56133
-4.85978
-4.97134
-4.58071
-4.2303
-2.54256
-3.12224
-2.34173
-3.22322
-3.94727
-1.23643
-4.83687
-3.14769
-2.8051
-1.11813
-4.10097
-5.19717
-5.86163
-3.35331
-0.436272
-1.81596
-0.861641
-3.31637
-2.50059
-4.71003
-0.993301
-4.01291
-3.91834
-4.24162
-1.29346
-4.60071
-2.78775
-1.07349
-3.52194
-4.00522
-3.47976
-3.94563
-2.81115
-3.37751
-4.63434
-2.80638
-3.68662
-4.88813
-4.65904
-5.42203
-3.60058
-4.4122
-0.624839
-3.54641
-2.95151
-1.00699
-4.75045
-0.793794
-1.47981
-1.62584
-3.93336
-3.47492
-0.441909
-1.17795
-1.07406
-5.23861
-3.81476
-4.76049
-0.594684
-3.46103
-4.56563
-4.28172
-4.44504
-1.58677
-2.88239
-3.97388
-3.31783
-2.51075
-3.30407
-4.69056
-3.4708
-3.30789
-4.04484
-5.47587
-4.92934
-5.21575
-2.76511
-4.1465
-1.73926
-1.72823
-3.45679
-1.1664
-3.15008
-3.73831
-3.09692
-1.00481
-0.962471
-5.454
-4.631
-3.73901
-3.82394
-1.7594
-4.61483
-4.35337
-1.70113
-1.38454
-3.35206
-5.23634
-1.0613
-2.36757
-4.37453
-3.19813
-4.79964
-4.69592
-3.48566
-2.97771
-3.77545
-4.7061
-1.11067
-5.19144
-5.59524
-4.81195
-3.66396
-5.89678
-2.50099
-4.33308
-2.47781
-4.34127
-4.41864
-4.27024
-5.03155
-5.23863
-2.48707
-3.81083
-1.72632
-5.20092
-4.94961
-4.77501
-4.10458
-3.18255
-1.23356
-1.83675
-0.913894
-3.20891
-3.47003
-4.05038
-4.84596
-2.5065
-1.11642
-3.89123
-3.62966
-4.29202
-5.20738
-2.25987
-1.12407
-0.0287779
-4.84942
-1.14205
-3.5705
-4.08589
-4.84526
-2.1757
-3.509
-3.17318
-1.00026
-3.70885
-1.98884
-1.80567
-4.92256
-3.98261
-4.68104
-4.59183
-4.79559
-5.29363
-5.09732
-4.70122
-4.30528
-5.04108
-3.36791
-1.09928
-5.22671
-4.62147
-4.29438
-1.19629
-2.65229
-3.74364
-1.09557
-3.09859
-4.75601
-5.11617
-3.65241
-3.80977
-1.59688
-0.246081
-3.62463
-3.80018
-0.894731
-4.99994
-4.30299
-3.525
-4.34591
-4.7157
-4.25822
-4.8044
-4.1274
-4.42629
-3.87773
-3.42523
-3.36424
-1.2452
-0.998571
-0.912151
-5.05364
-4.74686
-1.57245
-3.44674
-4.40243
-3.44877
-2.27025
-2.64247
-4.28107
-1.90133
-5.24692
-5.27827
-4.38409
-1.08294
-4.76693
-4.35123
-5.53926
-2.08208
-5.275
-5.32447
-1.15024
-5.26865
-3.58838
-5.27049
-4.31604
-1.07504
-2.43093
-0.690585
-4.10375
-1.11657
-3.77635
-4.89604
-0.921633
-4.70104
-4.89453
-4.51253
-1.82397
-3.33183
-0.951044
-1.49822
-5.21405
-4.79974
-2.20018
-5.46968
-4.70096
-3.78071
-4.74274
-5.06236
-3.55634
-4.90232
-4.65375
-4.25659
-4.33464
-4.8656
-4.16923
-4.60654
-5.01835
-5.37749
-4.28595
-3.52209
-4.00176
-3.56685
-5.29174
-4.36379
-4.42004
-1.17392
-1.65958
-1.15615
-3.26561
-4.45824
-4.90044
-2.87577
-2.69925
-4.7502
-5.16219
-4.30031
-4.31883
-4.36788
-4.523
-1.0304
-2.38311
-4.40416
-1.60759
-2.09546
-2.13119
-3.48358
-5.53294
-4.38394
-4.10179
-4.71969
-3.68995
-4.75432
-1.19627
-1.70745
-4.94125
-4.46481
-3.15717
-4.11998
-1.06497
-1.0277
-4.89742
-1.13863
-3.48582
-1.6534
-4.27476
-3.48397
-3.33859
-4.81888
-4.80854
-4.89971
-2.95009
-0.224426
-0.233402
-0.802495
-4.57541
-5.09099
-3.82614
-4.31125
-4.32575
-4.00745
-1.51863
-0.978823
-0.939969
-4.2853
-3.53556
-0.755466
-1.79442
-5.15143
-5.2297
-5.13897
-4.49605
-1.69994
-3.3864
-4.19266
-5.20924
-1.14333
-4.99084
-3.79149
-4.95323
-4.86261
-0.852815
-5.17309
-1.21695
-3.38851
-0.730229
-4.85552
-5.10159
-3.47439
-3.45196
-4.72647
-5.6923
-3.83786
-0.260783
-5.18154
-2.51079
-4.08839
-4.73698
-3.33948
-4.44052
-5.00944
-3.62589
-5.92759
-2.50229
-4.36241
-1.36451
-3.86397
-2.88016
-1.15619
-1.1718
-5.28697
-4.43942
-2.15748
-5.75507
-4.3209
-0.748011
-2.94843
-4.93302
-3.46916
-3.74384
-4.29309
-4.4725
-0.842883
-4.14093
-3.9488
-5.14019
-4.77683
-1.78875
-5.48246
-2.00378
-3.80465
-4.99952
-2.53403
-5.16033
-3.38839
-1.59443
-1.16809
-1.79502
-1.13443
-1.05777
-1.1301
-4.34144
-3.48124
-4.44286
-5.25163
-1.64531
-2.01291
-4.64013
-0.802561
-4.70674
-4.90929
-2.93204
-1.39142
-3.6663
-2.49875
-5.2856
-1.91655
-4.35933
-1.08852
-2.95423
-4.31543
-2.58628
-5.33871
-3.60744
-0.835197
-5.44052
-3.80878
-3.17745
-1.78258
-1.14291
-1.11613
-1.64953
-1.17201
-0.685214
-5.31935
-5.55221
-5.71614
-0.678421
-3.49244
-1.22066
-3.30441
-1.73851
-3.26973
-1.80059
-2.98218
-1.81307
-3.44628
-5.94472
-3.94657
-2.49528
-3.44012
-1.03039
-5.50274
-3.9472
-4.39551
-4.69736
-4.6182
-1.84967
-4.50151
-4.18691
-4.60638
-4.88997
-2.51264
-1.85514
-1.15207
-3.40599
-3.17948
-1.09324
-1.79502
-2.1358
-1.17334
-0.814329
-5.95738
-5.94146
-5.16783
-4.61822
-1.04937
-5.04836
-1.6285
-5.31465
-0.759456
-1.6719
-4.76096
-2.01069
-4.00964
-5.29569
-3.09859
-3.47046
-4.48797
-4.00361
-2.14103
-5.96171
-4.93675
-1.19975
-3.03117
-3.28119
-1.78736
-2.00351
-5.18785
-1.5309
-4.74859
-4.39702
-4.8945
-3.50937
-1.18681
-3.82758
-2.41122
-5.17964
-3.39413
-4.69567
-3.49693
-2.21525
-4.35257
-3.22267
-3.0795
-5.11391
-3.32337
-5.11902
-1.74472
-2.08961
-1.12558
-3.46892
-3.53432
-2.20545
-0.796649
-5.43969
-4.49926
-5.18025
-0.776955
-4.62684
-4.47265
-3.08874
-5.05412
-2.87181
-5.16293
-4.64837
-3.73726
-1.18215
-3.40039
-4.38796
-1.75906
-1.63871
-3.29442
-4.74873
-4.5542
-4.74663
-0.985582
-0.632635
-3.41831
-4.64749
-4.52044
-5.63194
-3.2963
-3.89485
-1.04189
-5.18207
-5.37064
-3.32793
-4.59412
-1.13557
-3.58471
-4.87418
-3.37515
-3.65945
-4.01767
-4.3555
-1.14149
-4.71724
-5.16348
-2.46972
-1.31084
-5.25855
-4.0832
-4.58941
-5.27985
-4.00691
-4.84882
-0.917809
-4.68004
-1.14087
-1.08323
-5.4893
-3.94319
-1.64472
-3.73869
-3.4045
-0.795417
-2.62204
-4.67203
-5.00124
-2.79429
-4.64278
-2.85611
-2.81509
-2.77281
-1.73283
-3.73176
-1.7456
-4.8081
-4.10965
-3.47795
-4.03054
-1.02177
-3.21522
-0.940538
-5.30631
-0.959682
-1.16197
-4.67144
-1.86929
-4.40491
-4.96819
-4.92193
-1.48966
-5.15184
-1.06783
-3.38321
-3.67024
-4.91463
-5.13405
-1.17131
-3.48689
-4.98189
-4.69204
-5.47964
-1.72689
-1.079
-1.72975
-0.690256
-5.34467
-2.48578
-4.30399
-5.29848
-1.68508
-1.62291
-4.88964
-3.74829
-4.92388
-3.71712
-4.64895
-4.73779
-4.42431
-1.24815
-1.09763
-4.018
-3.7209
-4.72038
-3.28318
-2.3904
-5.19648
-3.58425
-3.46719
-0.80032
-2.94091
-2.84771
-0.999998
-0.739888
-2.4451
-3.08765
-1.63027
-5.42957
-5.09645
-3.69275
-2.99584
-1.28648
-5.62702
-2.48073
-4.93962
-3.9363
-2.9885
-0.278716
-1.13654
-3.32074
-4.07272
-5.03329
-5.51426
-3.50689
-5.22457
-0.650472
-3.39548
-3.33132
-3.48011
-3.07005
-4.42919
-0.895273
-5.24829
-0.904977
-0.236638
-3.53016
-1.04123
-1.68819
-1.62528
-1.64033
-4.87085
-1.79064
-1.20291
-4.99565
-3.3908
-3.47415
-1.7026
-3.43053
-5.19562
-4.27512
-0.820468
-1.17101
-3.63044
-5.007
-5.29765
-4.67285
-3.25887
-2.5143
-5.31514
-2.36211
-0.997856
-1.0864
-5.50927
-1.92072
-2.43997
-5.20943
-4.01989
-5.26386
-4.82968
-4.45463
-5.06372
-2.18639
-1.1824
-2.97597
-2.46223
-4.70349
-4.28959
-3.34792
-3.99927
-4.27208
-3.55376
-0.90537
-0.775218
-5.22262
-1.37104
-4.25692
-5.29327
-0.955401
-1.16973
-2.39981
-1.16458
-5.48727
-4.83655
-3.3784
-3.01598
-3.69515
-2.10754
-1.10529
-4.34058
-1.82021
-4.9499
-3.32842
-4.44449
-0.898049
-4.4904
-4.34758
-1.1822
-3.88194
-5.4233
-1.7172
-4.89935
-4.72153
-0.936491
-3.50896
-1.78285
-4.86465
-1.0318
-5.008
-5.22226
-5.2918
-2.51489
-2.39593
-4.1268
-2.2227
-5.45256
-4.80861
-2.01146
-3.51795
-3.45167
-5.11918
-3.01856
-5.59018
-3.52682
-4.71848
-3.44401
-5.73452
-0.849117
-1.25174
-5.03938
-3.01755
-4.81084
-3.30331
-5.3801
-0.971961
-3.64259
-1.88234
-5.13611
-1.22786
-4.673
-1.18262
-2.53081
-5.44964
-0.28826
-3.59353
-3.6585
-1.5259
-0.0416715
-5.2809
-2.02013
-3.79714
-5.57384
-1.20261
-1.17374
-3.44299
-0.865818
-1.49611
-2.52585
-1.42752
-0.632477
-3.10725
-4.42364
-2.02806
-4.92276
-1.78996
-3.46085
-2.97546
-5.37174
-1.20286
-1.3358
-1.23457
-5.03589
-1.48812
-4.47497
-4.91504
-1.50736
-4.03428
-1.50783
-2.39458
-2.29675
-4.60984
-4.8128
-4.37373
-3.46463
-1.18496
-1.67752
-3.5857
-5.19962
-4.4153
-3.558
-4.67507
-3.94304
-1.19397
-3.62763
-3.0738
-3.50771
-4.26731
-3.45698
-3.98264
-1.92342
-4.70769
-3.60609
-4.42851
-0.398197
-0.756503
-2.59654
-4.85356
-2.02644
-0.885374
-6.06211
-1.04132
-1.89846
-2.01963
-3.6028
-0.634424
-2.50535
-0.891059
-5.16228
-3.25044
-1.01401
-5.20232
-3.32003
-3.48506
-4.33532
-4.11336
-1.29829
-3.14886
-2.73685
-3.44905
-5.30815
-4.05725
-3.48438
-2.52823
-1.37767
-4.27274
-0.0605525
-5.47339
-3.64753
-0.249749
-5.1941
-3.2416
-5.21033
-1.11459
-5.10811
-3.01936
-1.41954
-4.80593
-0.922188
-5.02582
-3.16101
-3.23849
-3.41536
-0.726352
-5.41796
-0.794274
-3.73782
-3.42678
-3.66509
-0.942696
-3.40501
-3.96665
-2.4373
-0.985888
-1.21889
-3.48948
-2.93991
-4.68151
-0.402106
-4.76548
-4.25946
-4.89616
-4.73184
-2.38481
-0.981863
-4.6849
-4.78002
-3.32572
-3.37632
-4.47941
-2.75935
-3.70937
-4.07693
-5.25801
-5.23116
-2.68004
-5.01196
-3.53541
-0.644941
-4.21697
-1.82773
-1.79773
-0.989393
-2.47673
-1.17848
-4.72442
-3.38132
-4.51065
-5.37888
-4.3805
-3.84536
-0.824811
-4.83052
-3.34331
-3.57791
-4.76596
-3.65703
-0.89793
-0.953777
-0.781016
-1.67352
-3.89354
-1.28168
-4.39622
-3.67115
-3.82708
-4.42829
-1.01231
-1.09037
-3.57833
-3.60023
-1.75183
-0.911701
-2.09617
-3.23532
-2.06675
-2.81499
-5.15952
-1.05116
-2.85572
-3.20906
-5.54354
-4.10889
-0.252326
-0.9473
-4.74956
-4.84069
-3.39639
-2.35865
-0.708522
-6.04586
-4.38281
-2.99031
-3.09529
-2.42551
-5.25596
-3.50345
-1.04455
-4.46696
-3.13509
-4.75831
-3.71153
-3.95368
-3.5058
-4.61064
-1.43086
-1.83895
-1.66104
-3.48862
-5.72336
-1.18135
-2.45764
-4.68802
-5.50572
-5.17092
-2.70744
-3.70677
-3.51014
-5.32198
-3.45669
-3.58998
-3.58184
-2.1149
-5.60774
-0.19881
-1.04716
-2.7992
-4.58782
-1.77469
-4.71255
-2.23795
-5.48606
-2.67121
-2.53145
-2.75267
-0.528106
-3.93606
-2.43419
-3.46667
-1.38469
-3.06093
-3.06835
-4.84285
-1.1999
-1.09198
-1.10171
-5.02981
-1.83425
-3.89558
-2.54737
-4.37616
-3.34379
-3.6202
-5.43767
-3.10934
-5.27029
-1.10821
-0.797232
-4.62829
-5.4254
-1.1067
-1.01277
-2.67906
-1.8504
-1.63996
-4.41487
-3.49566
-4.64599
-1.38568
-2.63853
-3.62281
-3.4666
-1.69842
-2.5988
-4.55419
-3.17812
-3.93391
-3.13773
-5.03093
-5.17643
-4.761
-1.67942
-4.75317
-5.25959
-4.93058
-2.48373
-2.16078
-3.28154
-1.12999
-3.002
-3.46455
-4.58832
-1.05592
-4.15044
-3.20754
-5.19253
-1.08593
-0.953864
-4.47005
-1.15914
-0.202888
-5.52275
-3.60779
-0.644963
-4.92116
-2.44227
-2.31916
-2.49959
-5.26964
-3.21663
-4.67697
-3.36016
-1.67955
-5.08983
-1.14344
-3.92838
-4.77194
-3.46899
-0.987589
-1.0935
-1.43922
-2.54294
-4.33467
-2.48554
-4.71535
-2.51258
-0.656782
-4.0725
-4.50571
-1.85021
-0.71995
-4.78119
-2.63407
-4.24485
-1.08488
-4.43728
-1.59934
-1.04532
-2.56557
-3.39579
-4.82562
-1.52867
-3.60767
-3.89166
-1.54207
-0.958518
-2.90252
-5.47093
-6.09931
-4.27198
-3.77776
-3.03808
-3.39427
-4.79245
-4.77731
-3.30396
-4.12243
-1.02039
-5.31373
-1.44239
-3.89386
-1.62665
-3.59811
-3.68435
-4.79907
-4.94083
-5.02782
-4.80162
-3.23497
-1.88278
-3.11447
-1.60532
-2.53929
-0.70717
-4.74095
-3.57306
-4.33796
-1.69305
-5.48981
-4.32459
-4.31302
-1.20354
-0.942146
-2.03433
-1.00902
-0.767401
-4.03242
-3.3058
-4.74578
-0.878706
-5.25052
-1.80564
-0.893054
-4.46821
-3.41816
-3.15532
-4.30605
-4.7163
-0.900577
-4.29609
-3.94596
-1.88838
-1.44812
-0.699175
-6.18281
-2.96427
-3.92033
-5.01585
-4.66645
-1.74391
-4.33651
-5.4734
-2.43599
-1.48146
-4.3723
-4.65525
-0.704412
-5.31774
-1.17192
-3.60493
-2.48462
-0.929906
-4.19184
-1.92748
-0.712723
-6.18839
-4.73841
-4.46419
-3.57571
-1.81002
-1.90576
-1.14528
-3.44397
-2.4832
-5.78521
-4.59512
-3.69902
-3.41056
-0.900456
-1.18499
-3.76624
-3.57388
-2.95991
-2.54268
-1.28778
-1.07985
-3.32794
-3.45502
-3.5294
-1.47917
-1.92225
-4.03793
-1.06371
-1.04636
-4.43557
-3.15533
-4.37206
-3.51324
-2.47482
-4.71615
-4.71937
-3.60223
-1.12005
-6.10956
-1.16051
-1.76269
-3.41802
-4.75259
-4.64817
-1.69083
-3.42316
-4.90441
-1.49334
-1.64658
-3.36654
-0.780139
-1.7164
-1.12529
-4.7401
-4.77731
-2.81019
-1.1247
-3.6007
-5.07579
-3.68595
-4.3585
-4.04824
-3.4766
-2.2409
-4.3289
-1.08166
-0.928946
-4.08633
-2.54796
-1.16541
-1.66947
-4.15881
-3.78645
-3.66436
-3.59113
-5.00181
-5.28873
-2.52184
-3.46751
-1.28599
-5.18373
-1.06003
-4.77064
-2.58497
-4.74583
-0.933808
-5.02047
-4.53645
-3.36983
-1.0407
-1.78391
-2.19149
-5.64588
-2.5425
-3.45518
-0.944294
-1.50031
-4.63045
-3.32899
-1.01966
-1.96032
-3.43976
-2.48064
-1.11375
-0.903579
-5.21812
-4.74755
-5.11191
-1.29139
-1.63198
-4.27117
-0.961736
-3.5942
-4.06659
-1.10169
-3.46602
-4.46067
-1.5635
-3.55735
-1.69057
-2.49188
-2.42703
-3.38956
-3.22497
-1.71685
-1.01494
-1.11574
-5.35083
-4.62184
-4.33205
-5.02103
-4.88345
-4.42684
-2.84108
-2.34174
-3.51376
-3.76435
-5.53316
-4.30227
-0.87503
-1.67106
-5.23776
-1.09202
-5.34807
-3.39141
-3.62075
-3.51484
-3.20188
-2.04642
-2.63911
-1.06176
-3.17063
-1.46153
-3.33602
-5.251
-3.39463
-1.58612
-5.28363
-4.38212
-1.01458
-5.19999
-5.09185
-2.49754
-2.52954
-3.99859
-3.09619
-0.565911
-1.82845
-4.61683
-1.67709
-5.20846
-1.50661
-3.10381
-4.48501
-3.37556
-5.20527
-3.92931
-2.55161
-2.14578
-4.67116
-4.30956
-3.3176
-1.59476
-4.48038
-1.68804
-1.23055
-2.51847
-4.74176
-1.04023
-5.43331
-4.81922
-2.40945
-3.51611
-2.11526
-4.31399
-1.2923
-3.5557
-3.73482
-5.3507
-3.39421
-2.30117
-3.59401
-3.83095
-0.337005
-5.1017
-1.81378
-1.16457
-2.7254
-5.09875
-3.49324
-0.557652
-3.50176
-3.59787
-2.5614
-2.90496
-5.13028
-2.6864
-1.69234
-1.12233
-1.06345
-2.84344
-2.36636
-5.10403
-0.716859
-0.578934
-1.51272
-5.5849
-4.05443
-5.272
-2.36445
-3.27174
-3.64908
-3.50583
-3.65854
-4.12227
-0.0216714
-4.0773
-4.64708
-3.69966
-4.56336
-3.43813
-2.63574
-4.8335
-0.858604
-3.50118
-2.91014
-2.50833
-2.04301
-2.07338
-0.894043
-4.89934
-3.14878
-3.49253
-3.00458
-0.934274
-3.25009
-5.18785
-3.36255
-4.79564
-0.282785
-4.21129
-5.06799
-5.46946
-1.72126
-2.46152
-5.11509
-2.56537
-1.2054
-2.06154
-2.4791
-4.44432
-2.27849
-4.25152
-2.71903
-3.41467
-1.0386
-1.11129
-3.79639
-3.76649
-1.16054
-2.05403
-4.35867
-3.30148
-3.46694
-5.28612
-5.1082
-1.67077
-4.04359
-4.66745
-4.70611
-0.571336
-4.86932
-1.79093
-3.16805
-2.06031
-2.2245
-4.99561
-2.49169
-2.61069
-4.74876
-0.418943
-1.18375
-2.486
-3.14234
-3.51984
-4.25204
-2.49655
-1.29141
-3.36253
-0.890564
-4.48626
-1.16131
-5.12454
-1.78186
-1.08637
-2.16258
-1.82117
-4.89198
-1.20583
-3.40686
-1.85391
-1.18784
-1.77867
-1.12079
-4.89043
-0.535341
-3.39834
-4.13103
-3.01223
-1.79681
-2.99653
-2.94317
-4.75232
-3.82022
-0.700445
-1.80134
-1.98661
-1.97269
-4.48019
-4.1282
-1.13765
-4.36261
-0.586559
-3.66858
-1.4691
-1.12934
-3.50546
-0.955456
-4.74834
-5.04079
-0.88475
-2.50066
-5.07375
-3.43709
-1.93933
-2.50982
-4.89561
-3.51335
-5.40036
-2.57422
-4.31647
-3.59803
-1.81119
-2.76314
-3.73369
-3.4763
-4.87753
-5.16367
-3.18643
-1.03403
-3.4481
-0.606292
-1.47551
-1.5667
-0.865175
-1.80092
-1.1558
-3.72713
-2.63893
-3.47557
-3.06798
-4.76262
-4.08262
-5.33559
-3.49415
-1.66464
-4.808
-0.865156
-2.51494
-5.17512
-5.16998
-5.69951
-2.37681
-3.12467
-4.46739
-4.75685
-2.80191
-5.1274
-2.95046
-1.00041
-2.16722
-1.04816
-4.98587
-1.10647
-4.64894
-1.84538
-4.19472
-1.94694
-0.654687
-4.92988
-0.529639
-1.54341
-5.27157
-1.12301
-1.79822
-2.20695
-1.7068
-3.40151
-4.88404
-5.22874
-5.27404
-4.67024
-1.67424
-1.07281
-1.12143
-3.47034
-3.47922
-4.39027
-5.30185
-1.90103
-3.40676
-0.0765496
-2.83573
-4.89241
-3.35603
-4.37392
-5.05431
-3.77615
-4.3518
-5.45524
-4.6869
-3.44879
-2.96259
-4.33526
-3.32407
-4.6452
-3.16023
-0.536612
-0.84287
-3.48221
-4.01662
-2.54533
-0.854413
-4.70529
-4.432
-0.623418
-1.126
-3.46884
-4.85277
-3.07337
-1.7662
-5.21544
-3.9744
-3.92379
-0.907104
-4.2666
-4.95876
-4.45151
-2.4942
-4.44221
-1.77463
-5.20707
-1.15725
-1.1335
-4.74714
-1.62186
-2.0787
-1.06214
-4.72335
-1.42467
-3.50477
-4.0564
-4.8561
-4.11602
-5.21
-1.09174
-2.51361
-4.8228
-0.912761
-5.48994
-5.19113
-2.01878
-3.63212
-3.24538
-3.46566
-4.9079
-3.63178
-1.15253
-0.2312
-3.11593
-4.2323
-4.20159
-3.95884
-4.61962
-3.56293
-1.94761
-3.3748
-1.13746
-3.99849
-4.725
-4.68152
-4.77181
-1.15246
-3.3573
-5.36925
-4.65142
-1.82717
-1.81489
-3.76135
-4.74025
-2.39462
-2.51596
-3.46874
-3.59483
-2.52656
-3.25854
-3.39926
-0.80605
-4.36694
-1.14609
-3.32801
-3.11006
-4.65734
-3.65667
-5.04663
-2.78159
-4.68175
-3.02044
-3.37245
-2.82931
-1.61784
-1.11735
-4.22762
-3.42216
-1.05457
-3.47887
-3.74462
-4.3412
-3.98205
-2.81881
-0.729748
-2.98005
-4.74843
-1.16005
-4.69516
-1.37007
-1.0452
-0.912324
-4.42498
-0.773419
-4.59624
-4.61576
-5.19941
-4.07134
-4.22002
-4.64603
-1.2034
-4.7281
-1.8552
-0.975372
-1.53967
-4.33191
-4.25473
-4.2765
-3.53563
-4.05993
-1.03289
-1.05783
-2.17212
-3.79444
-2.52118
-1.18114
-2.97665
-1.82783
-4.7939
-2.49788
-1.28203
-2.93133
-4.89198
-3.31497
-1.63877
-2.51277
-0.179655
-3.98262
-3.59061
-4.65857
-0.0267521
-1.60396
-3.77852
-3.35995
-3.53221
-4.04691
-4.02344
-2.14432
-2.52885
-2.07292
-3.56149
-5.20237
-1.77073
-3.417
-3.43632
-3.82689
-0.789053
-2.06824
-4.13364
-2.38967
-2.23463
-4.77712
-2.97127
-2.32517
-1.11989
-0.929284
-1.15743
-4.26548
-2.62891
-1.0388
-1.16113
-4.1256
-4.31257
-2.1427
-3.72844
-1.0663
-4.75903
-4.10133
-1.13851
-4.4408
-0.83307
-3.26793
-1.77373
-4.35093
-3.60339
-5.02686
-0.684805
-3.36132
-4.83413
-3.496
-2.66328
-1.49424
-4.81972
-2.74897
-3.951
-2.14222
-5.20947
-4.81247
-4.76669
-1.81267
-5.21099
-2.4822
-1.75423
-3.41149
-2.0312
-1.19507
-1.47315
-0.9867
-4.03224
-2.35044
-0.75895
-1.067
-3.61679
-4.51146
-3.37188
-5.02904
-1.55759
-1.77651
-2.12708
-0.850675
-0.812227
-5.44942
-1.12269
-3.44946
-1.9453
-4.17359
-3.13353
-1.58714
-3.00831
-0.771628
-3.06557
-3.05791
-3.45265
-0.610585
-3.45104
-3.57799
-1.1104
-5.02901
-4.98919
-3.49258
-5.08049
-3.86795
-1.01238
-1.75118
-3.92392
-0.545335
-3.30926
-3.43405
-1.06969
-3.61941
-3.88606
-3.40773
-1.46763
-3.18641
-5.22468
-2.9868
-3.37714
-5.03922
-2.09528
-1.66978
-2.66117
-3.40729
-3.82303
-4.09859
-3.56832
-1.05621
-0.57887
-3.47568
-4.8578
-4.63372
-0.669581
-3.88255
-3.46998
-3.41572
-2.28162
-0.068259
-1.1306
-1.12302
-0.894464
-4.05911
-1.15866
-3.48987
-3.50468
-1.26221
-2.44402
-4.35892
-4.58539
-5.05305
-1.54385
-3.18619
-4.39896
-1.10659
-1.47059
-0.900022
-3.32949
-3.45564
-4.29305
-1.02166
-4.67793
-1.14357
-4.37821
-3.81708
-4.30588
-0.789577
-1.20873
-4.83612
-2.95731
-4.3173
-3.56071
-3.55108
-2.08148
-5.63173
-0.654376
-4.0218
-2.14367
-2.54305
-2.87832
-1.99718
-4.50147
-1.80121
-2.98984
-2.57048
-5.18624
-0.874172
-2.74019
-2.64302
-2.05422
-1.72526
-2.80199
-4.71026
-3.9495
-4.89056
-5.20864
-1.00822
-4.99316
-5.23219
-1.50253
-4.7909
-3.77008
-2.38164
-3.51368
-4.47844
-3.04733
-4.97965
-3.35747
-0.72778
-0.855333
-4.57343
-4.58615
-4.42471
-3.64401
-3.91714
-1.14194
-1.85157
-0.639004
-5.02505
-2.21159
-4.64145
-2.67168
-4.02877
-3.94267
-1.59763
-3.25607
-4.10367
-1.18902
-3.54309
-1.42273
-5.05491
-3.34949
-0.875872
-3.37748
-2.79149
-1.84196
-3.61315
-4.59471
-1.05307
-4.54651
-1.30751
-2.45439
-2.52345
-1.31104
-1.54882
-1.24584
-2.86904
-1.15427
-3.25903
-4.58729
-2.68076
-2.61182
-0.780725
-0.998478
-4.76297
-1.10655
-1.03077
-0.707162
-4.87211
-4.62106
-1.18623
-3.44172
-3.05261
-2.48964
-1.49964
-2.77835
-3.62215
-3.48042
-1.16447
-3.62956
-5.50428
-3.46763
-3.28666
-3.78703
-4.47615
-3.31227
-2.32971
-2.07849
-5.02507
-4.71443
-3.57542
-1.69896
-4.74733
-2.96441
-0.616972
-4.1545
-4.8628
-0.450411
-3.4777
-3.45801
-0.920577
-3.19049
-3.94142
-2.6738
-3.44489
-4.33531
-2.84396
-3.23127
-0.890033
-4.2033
-3.01788
-1.14227
-4.72928
-3.2508
-3.98976
-1.73288
-3.34341
-1.19819
-1.6
-1.95518
-1.0391
-2.25581
-5.21806
-4.93144
-1.59558
-2.00772
-4.47176
-1.07499
-3.21912
-2.56707
-3.75516
-3.31706
-4.57572
-1.4551
-1.22508
-2.65164
-4.56973
-4.73321
-2.33141
-3.42545
-4.29113
-0.904941
-4.32422
-4.01622
-3.88383
-2.81474
-4.01052
-2.88688
-5.14503
-5.23201
-3.36712
-1.07953
-3.45985
-2.89861
-1.64076
-5.32922
-4.25708
-1.85074
-0.853325
-2.95972
-3.58042
-4.0969
-2.52113
-4.58271
-4.61527
-5.01336
-0.98483
-0.574042
-5.08037
-3.36722
-4.23502
-4.74306
-4.94502
-0.838844
-3.22133
-4.76191
-4.62135
-5.07675
-3.58883
-5.44391
-3.51049
-4.53613
-1.97177
-2.6296
-4.74448
-1.37045
-4.39021
-5.19567
-1.41865
-2.8451
-0.579907
-3.36639
-4.66736
-3.10958
-1.02813
-3.25374
-3.50807
-3.42746
-4.77698
-3.30991
-3.0384
-1.16192
-3.51648
-4.72062
-3.41672
-3.52926
-3.07458
-3.93111
-3.57104
-2.90325
-4.39403
-4.85901
-4.98023
-3.47468
-3.25906
-1.04479
-4.63754
-0.619381
-1.64654
-2.38894
-3.54288
-1.03969
-4.811
-1.03644
-3.6315
-3.9932
-2.08827
-1.07032
-5.08704
-4.92823
-0.770956
-4.75536
-3.36384
-0.978965
-1.2048
-4.33904
-4.0726
-3.76661
-2.29848
-4.35669
-1.0808
-3.11466
-3.63198
-2.91653
-3.21941
-3.76898
-0.451934
-0.916085
-3.53195
-3.50289
-1.73956
-3.26342
-1.71805
-2.91328
-1.66172
-4.67186
-1.08325
-3.27973
-2.0895
-1.65325
-3.42143
-2.51139
-0.918383
-1.14468
-4.37298
-3.24822
-2.10174
-3.13179
-5.49858
-0.747067
-4.3342
-4.27749
-0.868118
-2.32765
-4.5781
-0.773746
-5.1425
-3.48641
-5.44072
-1.67038
-2.18006
-3.53217
-4.29102
-0.517689
-1.47462
-1.29129
-5.41357
-5.34142
-1.72824
-0.60886
-3.95237
-2.0568
-1.65417
-1.14815
-3.45105
-2.12775
-3.435
-1.13889
-1.08054
-1.80401
-4.30827
-4.74268
-4.96116
-2.37266
-3.57505
-4.65548
-4.39109
-4.84415
-3.0284
-4.33885
-1.39201
-3.13865
-2.10388
-3.83254
-4.41339
-3.62592
-4.83589
-0.757977
-0.880766
-5.27449
-3.12614
-1.23293
-0.562722
-5.42643
-3.34544
-0.612937
-0.731112
-1.19268
-0.704285
-0.662865
-5.7414
-5.06672
-3.87975
-3.45857
-4.68133
-3.29842
-3.26065
-3.81748
-4.62776
-4.84334
-3.60067
-2.50666
-2.01736
-4.47092
-3.29478
-2.92687
-1.51954
-4.30254
-6.04363
-3.38156
-1.58996
-1.13703
-3.58839
-4.78992
-4.90464
-4.3906
-5.23786
-1.3088
-1.43084
-3.25407
-5.27003
-4.72248
-5.12224
-4.55212
-4.98685
-4.58538
-5.16245
-0.807847
-1.57075
-5.23326
-3.94682
-3.37617
-3.3578
-3.08945
-4.71517
-0.761447
-4.60195
-4.33541
-4.27595
-4.23879
-3.07596
-2.72285
-2.5366
-1.14344
-4.90758
-3.35278
-3.487
-2.01896
-4.79806
-2.99117
-3.96449
-0.744882
-2.66529
-1.33014
-4.27237
-5.05368
-3.38328
-3.84865
-4.62075
-1.75834
-4.50026
-1.17536
-3.97623
-1.29605
-5.01877
-5.05118
-4.98349
-3.53187
-3.50372
-2.10164
-3.40664
-1.09644
-3.97081
-4.22426
-4.80073
-1.10662
-0.625991
-0.842291
-3.87288
-2.2687
-3.39479
-5.71605
-1.53869
-3.05605
-5.05414
-1.1326
-3.91519
-0.897383
-2.909
-1.52429
-1.0641
-3.61333
-1.12544
-3.88425
-0.994367
-3.86532
-1.70063
-4.2971
-5.24727
-4.83198
-4.75727
-2.05733
-4.27106
-4.20543
-2.73483
-1.13973
-5.23661
-2.50977
-4.99738
-3.86439
-0.230709
-1.14486
-3.90126
-3.45551
-4.5955
-1.15969
-3.27425
-1.08323
-3.42618
-4.58338
-5.02028
-3.74732
-4.74649
-3.15894
-4.67519
-5.11338
-1.24706
-1.28532
-3.53308
-1.60578
-1.15499
-2.66904
-4.24353
-1.49683
-1.72256
-3.52542
-1.15581
-2.70967
-3.14712
-4.29017
-2.00837
-3.46538
-1.21219
-2.46615
-4.76643
-4.17431
-1.92247
-0.903561
-0.74088
-1.17532
-4.97063
-3.38588
-3.41629
-4.83881
-2.90831
-5.34257
-4.84494
-4.47901
-4.06993
-1.30248
-4.60773
-2.65514
-1.50331
-5.9273
-1.121
-4.82146
-4.67355
-3.39316
-3.38835
-5.17806
-1.51898
-2.76023
-4.19007
-1.35072
-5.04093
-0.898594
-1.6087
-0.66887
-1.49638
-3.49753
-1.1758
-1.99702
-3.79627
-2.89337
-4.66807
-4.93473
-3.39476
-1.05774
-4.29288
-5.11325
-5.419
-1.06494
-3.60869
-3.87598
-3.59161
-1.52657
-5.21498
-1.61653
-3.64496
-3.45053
-3.93318
-2.82673
-4.52535
-2.35843
-4.07446
-1.33077
-3.38713
-3.41254
-3.28774
-4.85829
-5.17695
-2.72027
-5.27088
-0.979086
-4.97302
-2.30675
-5.2405
-2.94457
-3.12675
-3.39225
-2.36257
-4.62216
-1.43895
-3.26168
-5.02049
-1.48542
-1.76082
-2.21878
-3.21175
-4.1
-1.11841
-2.36828
-1.49105
-5.14893
-0.628277
-2.6698
-4.47257
-0.848346
-4.83292
-3.32538
-4.22642
-2.84949
-4.80648
-2.94086
-3.34677
-5.40651
-2.50462
-3.48424
-4.38783
-0.888558
-3.90319
-4.7375
-1.64355
-4.68959
-1.8525
-4.66537
-5.02046
-3.22999
-4.68951
-4.22192
-5.06602
-0.691537
-0.982083
-3.62728
-4.76431
-5.05484
-0.734592
-4.25533
-4.74374
-4.02436
-1.13175
-4.75788
-2.07758
-1.57176
-3.26251
-2.85059
-1.23865
-3.45416
-5.62748
-3.93674
-3.55528
-2.54071
-5.21061
-0.832821
-1.28523
-3.32212
-2.58679
-0.844196
-3.37835
-3.4467
-1.11615
-2.70428
-3.80855
-1.48339
-1.66977
-2.1064
-2.56274
-2.61585
-3.63269
-3.63372
-1.6604
-4.97561
-4.19165
-5.45734
-4.89642
-3.05074
-1.05295
-4.37433
-2.86144
-5.57123
-2.16612
-2.52049
-4.84587
-4.31925
-0.979921
-3.33539
-5.03433
-3.04839
-1.24446
-0.795085
-3.39609
-3.56449
-0.936729
-5.18547
-1.91947
-4.63955
-4.68244
-4.47506
-4.83511
-5.05952
-1.23582
-1.69108
-4.891
-0.846259
-4.91507
-1.61939
-5.85261
-0.648085
-1.6699
-4.99217
-1.16872
-4.98483
-3.46445
-1.80221
-1.16253
-1.62231
-1.23575
-2.15586
-2.61275
-2.76913
-1.65219
-4.62767
-3.78371
-1.57649
-5.04725
-3.9754
-2.29124
-0.943709
-1.62208
-1.00799
-3.27055
-4.67822
-4.23233
-1.15993
-4.65079
-3.40132
-4.72969
-4.86152
-1.23054
-4.70327
-3.00123
-1.42225
-2.71832
-1.06195
-2.59395
-1.08232
-4.91034
-0.905045
-0.660009
-5.18924
-4.26805
-3.51195
-4.3635
-4.73741
-4.28266
-0.552522
-2.71243
-0.63496
-4.28419
-1.01899
-3.24934
-3.06951
-4.25479
-3.7106
-5.41709
-1.633
-3.07789
-1.20993
-3.81046
-4.4352
-0.86953
-1.7332
-1.06927
-4.0533
-1.28866
-3.23658
-1.04773
-1.04751
-4.7831
-2.38243
-3.29814
-2.83529
-3.39909
-4.46701
-2.11857
-0.237118
-1.14591
-1.25116
-4.71231
-0.814181
-3.6141
-0.449947
-4.0944
-2.75249
-1.02319
-3.35353
-1.12361
-1.45646
-2.3251
-3.42911
-1.16941
-3.31967
-1.09057
-4.01947
-0.684045
-4.68229
-4.41122
-5.20934
-1.27563
-2.47724
-5.22073
-2.46489
-1.44531
-3.34802
-3.27302
-2.46396
-2.19635
-5.03058
-0.533813
-1.9146
-5.22995
-0.68899
-5.12969
-0.586054
-5.23482
-3.03559
-4.74234
-3.51752
-1.17033
-5.46491
-2.50515
-4.42089
-5.32571
-1.42437
-3.42279
-4.75018
-2.96347
-4.22872
-5.41296
-2.51334
-5.26829
-1.10007
-4.76773
-3.61974
-4.26771
-1.55193
-4.84318
-3.44189
-2.37402
-3.58381
-3.76296
-1.19948
-4.28495
-2.22412
-0.648402
-1.04508
-1.16037
-2.38112
-3.89415
-1.41388
-1.09892
-3.48596
-0.849405
-4.63228
-1.44772
-0.71114
-4.05861
-0.92528
-4.71502
-3.60233
-2.25192
-5.16704
-0.803521
-1.15146
-3.29554
-5.02489
-2.13188
-3.40864
-1.32657
-5.43906
-3.52432
-1.1625
-1.06104
-0.828611
-2.38847
-0.761956
-3.15548
-3.41107
-3.53518
-0.437266
-4.80083
-3.74768
-2.71954
-4.77938
-2.51546
-1.98876
-4.73207
-3.30307
-5.16049
-0.558949
-4.61211
-2.13388
-3.83127
-2.1258
-2.12952
-5.01328
-3.51175
-1.25197
-4.39121
-2.60557
-3.34029
-0.728852
-2.38662
-4.57164
-0.732586
-3.77629
-3.32339
-3.34071
-3.37805
-1.4184
-1.12939
-2.67856
-0.842545
-1.02054
-3.36202
-3.24987
-4.73163
-4.77066
-2.9528
-4.82943
-2.64333
-1.13156
-3.04902
-4.26873
-1.15153
-2.65308
-2.89689
-4.57043
-3.52183
-4.37564
-5.68634
-3.34827
-2.25897
-1.15459
-1.93814
-3.48483
-2.14868
-0.649067
-4.89832
-5.90529
-5.86189
-4.63798
-5.18532
-0.570974
-4.92336
-4.74372
-4.65333
-4.69619
-1.06238
-1.04292
-2.64019
-0.921789
-3.2372
-1.02172
-1.01684
-3.26582
-3.59359
-3.34996
-5.18235
-1.0815
-1.15605
-2.33517
-1.20633
-2.63227
-1.75214
-3.34543
-3.33912
-1.71059
-4.88812
-4.1271
-1.08524
-4.36601
-0.705813
-3.86428
-3.26049
-5.78715
-3.23616
-5.05551
-3.91971
-1.71138
-3.03166
-0.455047
-2.55425
-1.09589
-0.909596
-0.420728
-0.489713
-5.02899
-1.22935
-5.35035
-0.814756
-4.21023
-2.30923
-4.20111
-1.12418
-1.15257
-0.982915
-2.51918
-4.90297
-1.65752
-3.5908
-3.60206
-2.65578
-4.48499
-1.08996
-4.86517
-1.20038
-3.62325
-3.99194
-1.4741
-3.96845
-1.28497
-0.860173
-5.03244
-1.46744
-3.41636
-3.38719
-5.00953
-1.65552
-2.21983
-5.14733
-0.443801
-1.16168
-4.33168
-1.41106
-5.81549
-1.40992
-3.47172
-5.05236
-0.88239
-3.04971
-4.45967
-1.20454
-3.47046
-3.9855
-1.53201
-3.84278
-4.0443
-4.74516
-2.12317
-2.63865
-3.32174
-3.39775
-1.18699
-4.43658
-2.20838
-3.13728
-2.64236
-4.38086
-4.20104
-3.92858
-3.90649
-3.6592
-5.52887
-4.63541
-0.399544
-3.88093
-4.07503
-5.06262
-5.12721
-2.28179
-4.3976
-3.32986
-3.36424
-2.9216
-0.520456
-1.88359
-3.74375
-2.1486
-2.62122
-4.61641
-2.14228
-2.23445
-1.0441
-3.96685
-3.90716
-1.1593
-4.89797
-2.55691
-0.677741
-5.62827
-5.41492
-1.6771
-1.11934
-1.32366
-2.39913
-4.99465
-0.91166
-3.42459
-3.42638
-4.74363
-2.63771
-4.75733
-1.2379
-1.22193
-1.24233
-2.14496
-0.583516
-2.57536
-1.75298
-0.878935
-0.484558
-4.8008
-5.38768
-3.62932
-1.74273
-5.09132
-0.190158
-1.42412
-3.42919
-2.04824
-1.17332
-2.61708
-3.31488
-1.15678
-3.46437
-0.61737
-3.52985
-4.2647
-3.57961
-4.18279
-1.6636
-1.81132
-0.631546
-5.6623
-3.717
-4.30938
-5.05836
-2.86824
-4.5534
-2.37203
-3.30905
-3.199
-4.8118
-0.939633
-3.33861
-2.25578
-2.1805
-1.05342
-0.557235
-1.74839
-4.97148
-4.66397
-0.783877
-2.88383
-0.350818
-5.53192
-1.68833
-4.9942
-3.97262
-4.81283
-2.96286
-5.19887
-1.11053
-4.03574
-2.7674
-0.227132
-2.39912
-3.30345
-1.31602
-1.33515
-2.39577
-3.42196
-2.15452
-1.11025
-0.926551
-3.18657
-0.0164071
-3.97024
-4.98029
-4.27277
-1.17646
-2.63257
-3.57399
-4.11444
-3.68788
-4.76634
-0.436894
-1.03467
-4.49822
-3.29261
-4.53543
-2.72393
-3.27375
-1.13785
-2.50543
-2.48264
-2.61703
-1.05928
-3.74761
-1.23119
-1.02087
-4.26895
-1.71986
-2.27868
-5.13479
-4.24606
-4.16069
-0.210547
-3.76573
-3.39046
-3.2669
-3.18264
-2.36613
-2.8341
-5.22001
-0.907208
-3.47987
-4.08192
-1.83461
-2.35389
-4.30825
-5.41416
-3.59055
-0.72455
-0.248814
-5.24461
-1.73314
-3.90783
-3.6508
-1.88719
-0.945452
-3.25228
-1.4832
-3.31312
-1.01891
-4.52535
-3.14202
-5.03014
-2.34706
-1.07698
-4.71922
-1.63964
-4.82849
-4.81629
-4.72445
-3.57468
-4.00853
-5.02478
-3.14529
-3.4651
-4.10853
-0.671997
-2.68048
-0.69994
-5.22326
-5.06489
-1.48723
-3.39844
-4.99368
-2.88536
-2.8676
-2.38528
-3.83135
-4.84653
-1.88756
-3.19376
-1.63582
-3.73403
-3.33197
-4.24297
-1.03014
-2.42158
-1.31446
-0.643295
-3.96426
-2.86962
-5.3206
-1.07887
-3.04136
-0.986182
-4.62134
-4.85672
-3.21408
-1.13929
-4.36217
-4.9186
-1.24545
-4.52046
-0.447104
-3.71199
-5.3553
-1.22208
-4.59205
-3.39691
-3.19019
-4.68013
-4.73582
-1.86272
-4.33923
-4.58544
-3.51401
-2.22929
-3.49899
-1.45374
-4.16401
-4.25058
-1.21153
-0.696803
-4.68251
-4.89936
-5.42701
-2.51782
-1.79258
-1.49141
-3.96749
-5.11552
-1.0778
-1.74013
-0.970061
-4.86736
-3.75996
-2.91721
-4.86332
-5.14846
-2.26785
-4.73282
-3.97717
-5.05417
-1.09201
-1.30813
-4.69948
-3.26312
-3.25971
-1.27179
-3.13466
-1.12492
-2.86258
-3.65865
-1.20337
-1.66411
-5.24152
-5.03263
-3.38779
-5.47254
-5.45456
-3.22286
-1.6309
-4.84441
-2.56364
-1.70142
-1.1623
-4.36258
-3.12953
-2.64874
-4.65793
-2.81353
-0.773086
-0.788411
-1.84039
-2.31101
-4.99847
-2.16667
-3.38856
-2.5863
-0.579834
-4.7398
-4.05956
-2.94862
-1.41675
-4.81703
-2.44454
-0.993071
-4.68575
-4.04715
-1.75244
-5.23788
-5.12864
-0.758081
-3.91922
-4.3509
-1.63711
-1.97486
-3.41025
-2.88559
-3.85709
-2.42595
-0.517152
-4.69984
-4.573
-0.893701
-1.34153
-0.0505236
-1.63146
-2.28346
-3.97214
-1.65699
-4.14258
-5.02957
-3.26538
-4.94012
-5.08741
-1.01795
-4.23531
-3.55934
-2.65192
-2.64005
-3.76935
-0.802075
-1.12585
-4.62737
-3.11861
-1.96758
-5.20135
-1.67595
-0.981073
-1.73732
-1.8348
-1.98206
-5.11972
-1.60907
-4.21526
-1.65111
-1.99772
-1.13849
-4.34214
-0.697176
-5.52674
-1.30496
-1.34146
-1.12901
-1.42656
-3.44173
-1.17699
-2.77182
-3.57273
-4.07715
-2.62619
-1.62681
-1.20791
-0.116117
-3.4466
-3.80364
-3.66444
-1.74665
-3.11689
-2.72723
-3.76046
-1.17054
-4.47601
-3.41446
-2.66063
-3.03076
-4.01493
-0.793248
-2.30309
-2.51185
-5.24649
-0.732707
-0.843128
-1.64449
-1.85429
-1.15248
-2.9517
-2.0303
-1.66259
-4.36411
-1.10146
-0.824899
-5.4017
-4.70237
-3.99427
-1.62037
-2.32954
-3.31224
-2.19342
-2.30293
-5.07687
-1.27777
-4.3414
-2.28709
-1.61665
-3.14865
-1.04363
-2.52072
-3.45969
-3.74111
-3.75879
-3.40971
-3.24882
-2.91289
-3.50271
-2.7653
-4.72194
-0.645749
-3.70941
-3.82212
-1.92403
-3.54954
-2.84979
-2.47948
-3.4202
-3.41625
-4.28118
-2.61641
-4.25559
-3.42081
-1.27149
-0.575487
-2.63714
-0.744761
-2.86752
-1.64476
-1.09474
-5.48128
-1.17749
-4.72978
-2.02624
-4.73592
-2.39203
-3.46811
-2.51366
-2.66059
-0.908027
-3.97055
-1.15294
-4.37863
-5.00424
-2.12629
-4.24497
-3.2647
-1.22255
-0.201027
-2.80877
-4.72844
-4.90765
-3.59838
-0.891246
-0.681843
-3.86657
-3.42991
-2.18549
-3.34427
-2.19645
-1.1699
-1.32536
-5.39765
-5.55218
-0.139052
-3.75367
-3.2479
-1.43744
-4.44131
-4.78562
-1.43598
-4.70039
-4.22079
-3.00152
-2.85903
-4.84305
-2.51652
-5.0677
-3.03244
-0.875514
-0.326168
-2.88507
-3.11162
-4.93734
-3.22962
-0.602836
-1.84537
-3.28457
-3.44441
-3.35419
-1.13099
-1.61848
-3.5109
-4.64989
-3.11807
-4.24953
-2.92945
-3.5885
-3.49212
-2.5489
-4.46176
-3.51604
-4.89064
-1.94168
-2.4691
-4.83039
-3.33063
-1.95056
-4.76105
-3.96535
-4.75404
-3.2109
-2.7361
-2.8252
-1.55564
-4.02232
-3.6743
-2.62054
-2.10776
-5.05893
-4.45306
-3.40281
-4.54165
-1.59413
-4.47358
-4.29575
-1.04752
-1.66356
-2.32414
-4.23752
-2.49554
-4.3817
-0.873521
-5.42422
-4.34021
-3.66428
-4.87515
-4.19949
-3.51061
-1.2851
-4.81084
-3.4848
-1.71358
-3.32553
-2.56501
-4.5933
-1.12711
-3.29797
-1.18565
-0.975331
-2.74186
-3.3715
-0.412814
-4.023
-1.63609
-3.47474
-4.87715
-3.05279
-3.41935
-5.37118
-3.58179
-5.17539
-0.823202
-4.91557
-2.49711
-2.74994
-1.294
-5.19016
-3.37987
-4.39053
-3.7348
-5.86149
-4.07406
-2.76803
-2.35109
-1.93091
-2.8506
-2.20218
-3.5246
-1.61328
-3.6749
-3.74467
-4.43982
-3.75894
-5.23015
-4.39799
-4.84149
-2.44115
-4.93715
-3.24243
-4.75422
-1.98023
-0.720734
-3.15859
-4.0954
-5.0685
-2.86039
-0.139497
-1.0238
-2.22283
-3.39599
-4.39363
-5.29434
-4.8096
-5.03473
-5.26212
-2.66964
-3.49814
-4.70756
-1.82786
-4.93946
-3.26598
-2.23097
-2.94157
-4.91881
-0.920591
-4.03036
-1.39111
-1.65015
-2.87189
-1.13558
-4.98706
-1.84427
-3.1724
-4.6045
-4.27359
-4.91196
-4.6583
-4.74812
-3.35582
-5.43438
-3.30149
-3.34245
-3.52108
-1.58483
-3.69954
-2.36081
-1.14156
-3.2486
-4.33112
-1.29427
-1.85757
-3.32257
-4.36801
-2.26694
-2.42058
-5.36081
-1.08043
-1.11745
-0.88015
-1.19328
-3.44407
-3.39952
-0.339638
-0.325679
-3.80153
-0.411752
-1.34812
-4.62618
-4.46596
-5.24153
-4.3146
-1.57734
-1.51865
-4.89781
-3.3663
-3.07168
-3.00674
-4.49723
-5.27652
-2.85977
-2.68901
-0.530303
-1.5908
-2.22929
-4.67312
-1.2566
-2.7763
-4.23721
-3.34003
-1.1801
-5.34725
-1.1299
-4.38295
-1.58389
-3.61062
-3.30408
-4.4462
-2.40754
-4.52042
-1.18765
-5.27553
-0.917047
-5.18625
-2.98941
-5.23541
-4.52266
-4.99059
-3.09065
-5.01079
-1.9258
-4.65306
-3.86427
-5.10205
-3.19088
-0.873347
-4.50394
-5.46725
-4.4273
-3.35371
-1.84044
-4.82446
-1.4514
-0.200069
-1.18813
-3.00716
-1.19291
-3.76727
-1.63456
-4.01773
-0.0285436
-2.70811
-5.20251
-2.22149
-3.40095
-1.71683
-4.93571
-1.16882
-3.90089
-5.97919
-1.15211
-5.67229
-5.23471
-4.69447
-5.12268
-3.15694
-0.2371
-2.23514
-5.03994
-4.45404
-4.24019
-5.1865
-0.523202
-3.33178
-0.753048
-4.20938
-1.20456
-2.50507
-2.12337
-2.16833
-1.54573
-3.59951
-4.68515
-3.83886
-3.52024
-3.48846
-1.16784
-1.04852
-2.67156
-5.19862
-1.15042
-5.31303
-4.74314
-1.09229
-4.5098
-0.951627
-2.69465
-1.69456
-2.50976
-1.78609
-0.162251
-0.139297
-3.40758
-2.01864
-4.34041
-4.67608
-4.24925
-2.88572
-1.72341
-1.50662
-1.52515
-3.68183
-4.47603
-3.46803
-4.1124
-4.71842
-2.6837
-4.00869
-4.62957
-4.62012
-3.43073
-1.83942
-1.05626
-1.17264
-3.38603
-4.6595
-4.7254
-2.50743
-1.60141
-5.00684
-1.17401
-3.41896
-5.61672
-3.80065
-0.843516
-3.23257
-3.87187
-1.08961
-1.13082
-3.67447
-5.64408
-3.39534
-3.53965
-4.7373
-1.05954
-2.63912
-2.20196
-5.22675
-4.65861
-3.28566
-3.61649
-5.26027
-5.01267
-3.14942
-3.62458
-1.81007
-3.40666
-3.88772
-2.27643
-4.68008
-5.33034
-3.21388
-3.02869
-3.67891
-4.72552
-3.24711
-3.43947
-3.445
-4.50397
-4.72736
-5.42131
-1.07661
-3.52188
-5.20496
-4.76585
-3.39046
-3.19489
-2.83581
-1.0336
-1.21754
-3.39532
-2.24375
-1.04755
-4.74576
-2.7675
-4.39508
-1.09196
-1.29139
-2.29426
-0.766645
-5.7082
-4.74911
-2.41726
-4.65589
-4.70805
-5.03806
-6.36082
-6.13453
-1.47914
-4.42954
-3.46988
-2.09604
-3.64086
-0.424683
-1.06109
-0.400958
-4.74148
-2.98217
-1.99194
-5.03262
-3.33137
-3.51796
-3.48982
-5.00777
-4.55561
-5.17134
-5.5044
-1.96366
-2.10366
-3.41116
-5.13096
-4.85331
-3.02807
-1.36162
-5.05371
-2.91745
-2.59571
-3.57806
-0.900241
-1.65308
-4.30754
-1.67961
-2.80132
-2.80028
-1.82222
-3.59173
-3.27691
-3.33195
-4.35403
-4.68165
-4.75529
-4.6097
-1.76309
-0.598303
-4.28122
-4.75031
-3.0178
-5.00367
-1.79158
-4.71685
-5.38471
-4.91696
-1.03596
-1.71377
-5.24795
-2.55084
-0.667679
-0.774893
-2.68369
-2.51566
-2.21492
-2.53594
-1.0927
-4.72617
-2.55858
-0.0695514
-4.22488
-3.51861
-4.92221
-4.78945
-1.73057
-5.26421
-4.37673
-5.37616
-3.07209
-1.11643
-5.45763
-2.34992
-5.34629
-1.7895
-3.36603
-1.16845
-5.23375
-2.53303
-1.15274
-5.02009
-4.33648
-5.04919
-3.18148
-2.42303
-3.30459
-2.96034
-4.75305
-1.05932
-4.57229
-2.28696
-2.27217
-3.46955
-3.47921
-1.02638
-2.52575
-0.73545
-4.49382
-1.84155
-4.46993
-1.04294
-2.05819
-4.55114
-2.54357
-2.67556
-4.25221
-3.51218
-1.13409
-1.13524
-3.41035
-3.09455
-3.15025
-4.96045
-0.838066
-4.85269
-2.85234
-3.41471
-4.73702
-1.54021
-2.51871
-4.27135
-3.6475
-2.24195
-2.21856
-3.31098
-2.75817
-2.40236
-2.97046
-3.04357
-3.29864
-4.68181
-3.77748
-4.19279
-0.738766
-2.24158
-3.25846
-3.20213
-1.83869
-3.19535
-0.92114
-1.72689
-3.85875
-2.58381
-1.20771
-2.19438
-4.72924
-3.15372
-3.51529
-4.32631
-1.41465
-4.74528
-0.738182
-4.87205
-2.63743
-3.66523
-1.03615
-2.53131
-4.50508
-4.57434
-3.04163
-4.14881
-5.12778
-1.04447
-3.35464
-3.42579
-2.9783
-1.04731
-2.3369
-1.02375
-4.08239
-2.23775
-2.7225
-4.16569
-4.38503
-1.65197
-0.0477577
-3.21235
-4.21116
-3.39583
-1.02141
-2.27409
-3.34828
-4.56959
-2.14465
-2.55298
-0.76799
-1.31988
-2.66035
-3.96156
-1.69909
-4.91327
-4.76853
-3.44199
-3.06338
-1.2856
-2.5993
-3.23293
-2.90127
-1.13849
-4.95174
-1.05128
-4.77134
-1.79385
-4.80228
-1.84774
-3.65291
-3.45253
-3.15672
-3.64913
-2.99667
-5.17323
-5.13162
-3.03827
-4.69867
-0.954835
-0.235681
-2.68373
-2.56884
-5.06595
-1.05824
-5.60905
-5.52068
-4.76683
-5.17097
-0.705767
-2.27121
-5.25242
-2.50287
-2.50095
-2.86304
-2.31051
-0.933391
-2.07798
-2.08142
-2.49788
-1.47618
-3.30968
-4.40307
-3.56309
-4.72292
-4.71755
-2.52387
-4.37289
-3.46493
-0.401991
-4.10404
-1.2996
-5.16298
-4.92275
-2.45854
-3.2683
-4.80733
-2.74296
-0.830212
-3.18569
-5.27836
-2.97658
-3.49573
-5.30002
-3.44128
-2.73968
-4.44937
-2.60564
-1.64059
-0.725481
-4.88099
-5.56934
-5.19207
-0.80041
-2.50926
-1.20539
-2.4879
-3.46984
-1.17659
-1.75125
-2.83258
-3.38016
-4.10034
-4.73743
-0.868706
-4.93693
-3.51259
-5.45954
-0.88557
-4.21372
-1.62378
-0.852606
-2.5049
-2.40205
-5.09415
-4.7378
-2.42567
-3.41072
-2.49872
-4.52188
-4.18239
-3.573
-2.13925
-4.36994
-4.68153
-2.18818
-0.827768
-3.24936
-3.4818
-1.09871
-1.12481
-3.91224
-4.33529
-1.14146
-4.83375
-2.68603
-1.64168
-1.13908
-1.18875
-0.956611
-1.31536
-2.16455
-2.79611
-2.15774
-0.984715
-4.67115
-2.12802
-5.07197
-1.28454
-3.46619
-4.66851
-2.631
-4.31914
-4.94155
-2.49329
-1.46668
-1.33145
-4.04853
-3.37242
-2.50702
-4.81166
-4.14286
-2.44175
-3.23155
-3.26929
-5.18269
-3.14392
-2.34306
-1.12163
-2.92654
-2.55023
-2.28194
-5.49548
-2.93254
-4.03243
-1.01861
-3.03027
-5.5755
-4.92871
-3.62539
-1.04781
-1.00305
-3.26455
-3.05368
-1.54553
-2.50007
-1.95851
-3.42085
-0.565961
-1.39154
-2.41714
-1.14706
-4.61042
-3.91915
-3.17033
-2.96479
-3.1141
-2.5402
-2.71252
-0.225366
-1.38442
-0.287041
-1.12066
-4.33311
-4.29166
-2.00411
-0.693367
-5.2636
-1.12026
-3.15069
-0.962077
-4.4357
-3.41464
-3.48036
-1.25749
-3.06951
-2.84721
-0.711875
-4.93759
-1.20791
-3.61018
-2.8327
-3.50983
-2.78541
-1.37906
-3.38607
-1.11318
-1.64798
-1.12802
-3.11112
-5.30413
-1.44538
-1.65101
-2.62339
-3.70094
-2.72951
-3.46783
-1.07253
-1.361
-5.17131
-4.70508
-4.17529
-3.03253
-2.34941
-4.01283
-0.366532
-4.45585
-2.7685
-4.73915
-3.40884
-1.17502
-1.87483
-1.98732
-1.05957
-5.45506
-3.41415
-4.13872
-1.08843
-5.1448
-2.21595
-2.87063
-0.626589
-3.78864
-0.937006
-4.91906
-4.83537
-1.17389
-4.25321
-4.43165
-2.11299
-1.19742
-4.78545
-2.21478
-4.22528
-1.15415
-2.83734
-3.2673
-3.95202
-5.04551
-1.72065
-3.63606
-5.16972
-0.598943
-5.02366
-0.971145
-5.26345
-2.36127
-3.36891
-3.77097
-2.46983
-3.55526
-1.42323
-4.68315
-3.0667
-1.44533
-5.42158
-3.60737
-5.01842
-2.49867
-5.13206
-3.29751
-1.7457
-0.478397
-3.20925
-5.14771
-3.60745
-2.37858
-5.02643
-4.67201
-3.56872
-2.78702
-4.85933
-2.45815
-4.91846
-2.61136
-2.4412
-3.58779
-3.60115
-1.39577
-3.0412
-3.97602
-1.02641
-0.565751
-1.68522
-4.1891
-1.7857
-2.78107
-2.5309
-3.29957
-4.29766
-5.48295
-1.80006
-2.49329
-0.971491
-1.4602
-4.15923
-1.21247
-0.546427
-2.47194
-2.91675
-2.91274
-3.78071
-2.76299
-1.05515
-5.03657
-0.834937
-2.48391
-4.99306
-4.92035
-2.90236
-2.57578
-0.916728
-2.65494
-1.7702
-2.50851
-2.90268
-4.88673
-4.04881
-2.49466
-5.19629
-2.62348
-1.63696
-1.11119
-2.92204
-0.661592
-1.65566
-4.85516
-3.16111
-3.16831
-5.05856
-4.96104
-3.05305
-1.10004
-4.60546
-1.12466
-3.43337
-3.58483
-3.48242
-0.459164
-4.84162
-5.23094
-4.86131
-1.3097
-1.71906
-5.20881
-5.37359
-3.40466
-0.791632
-1.02777
-2.16656
-4.42811
-2.17558
-3.47188
-2.33124
-1.34216
-3.3132
-0.328558
-2.48257
-1.81277
-0.828867
-3.87997
-3.35466
-3.45799
-1.84389
-0.652913
-3.74653
-4.73428
-4.87188
-4.26959
-0.955645
-3.87141
-2.36464
-4.76064
-0.633021
-2.51089
-2.09867
-0.464194
-3.6883
-4.28387
-4.74462
-4.9744
-1.41427
-1.15168
-2.5681
-3.44378
-1.10296
-0.697371
-2.12679
-4.45546
-3.5054
-1.41092
-3.98606
-2.48575
-2.494
-4.70075
-1.9491
-3.75152
-3.16605
-3.554
-2.01014
-1.1089
-1.17462
-1.05233
-0.517365
-4.47191
-3.09183
-0.935266
-2.41037
-0.290017
-2.23611
-4.73664
-1.93011
-1.37729
-3.16915
-1.63076
-4.96139
-3.23661
-0.6446
-2.67949
-1.18164
-4.82037
-1.46629
-1.12905
-3.24895
-1.02708
-4.45802
-4.94159
-0.855868
-1.1404
-5.37904
-3.45069
-3.08897
-3.55696
-1.36002
-3.22433
-3.56906
-0.909738
-3.57332
-2.44566
-4.42686
-0.971043
-5.13926
-3.89335
-4.52056
-5.0099
-1.06946
-5.08525
-0.883699
-2.51892
-2.25137
-2.16313
-1.34388
-1.67224
-4.10772
-3.19761
-1.63463
-2.95233
-4.20816
-1.18813
-2.94512
-1.57553
-2.9806
-4.75912
-4.99917
-4.60988
-3.50556
-6.21839
-0.97091
-1.1524
-2.46385
-0.52368
-0.420003
-4.66983
-0.971794
-2.50258
-4.71672
-3.58286
-3.35632
-1.82431
-4.7343
-0.333524
-3.43569
-4.92692
-3.20179
-2.29603
-4.06259
-1.36741
-1.58005
-2.22021
-1.23703
-2.31784
-2.09027
-5.24452
-3.58694
-4.41767
-4.56467
-2.67923
-3.75539
-3.62543
-4.7981
-3.40523
-4.74475
-3.83805
-3.47094
-3.8728
-0.546756
-5.09336
-1.56421
-2.40727
-5.37854
-4.01541
-3.37866
-1.84174
-1.88429
-4.75483
-2.11605
-4.89213
-4.94733
-3.01894
-1.83611
-2.19612
-5.00306
-3.08643
-0.785512
-1.80094
-5.41618
-2.48939
-3.46653
-1.01552
-2.40278
-1.55209
-3.45226
-0.110355
-0.104103
-1.41599
-3.7535
-1.4401
-3.18926
-0.949894
-1.08131
-3.43765
-2.92199
-5.78924
-2.47099
-4.10351
-4.5236
-1.15304
-4.72827
-3.37792
-3.46776
-3.46336
-4.67504
-5.1332
-1.0832
-2.44261
-0.677816
-1.12108
-2.45365
-4.62032
-1.13242
-5.01566
-2.05498
-3.24562
-4.28039
-4.67699
-5.26464
-4.94612
-1.11544
-3.45411
-2.85512
-4.67126
-3.20333
-2.42367
-4.04661
-3.55054
-0.59661
-4.46806
-2.24453
-4.07468
-4.33342
-1.11486
-4.34645
-3.51966
-4.75643
-2.3169
-0.866982
-2.45825
-3.89209
-0.522567
-0.940169
-1.68691
-3.47905
-5.21305
-4.93262
-1.58206
-3.84041
-1.22807
-3.64597
-0.118136
-5.67505
-2.78141
-2.25729
-2.52811
-4.05549
-3.57582
-3.19001
-3.35218
-0.409797
-5.0282
-6.06461
-2.25574
-3.56709
-3.67762
-0.599919
-6.13574
-1.6795
-4.38377
-0.794906
-1.86883
-5.28364
-5.013
-4.87895
-1.25582
-2.8879
-4.74225
-1.70743
-5.28819
-3.45991
-2.7347
-3.66823
-4.54888
-1.08067
-1.09126
-1.63602
-1.08358
-5.19554
-3.72506
-1.93966
-0.878583
-1.90778
-5.12562
-4.85124
-4.7085
-5.22394
-4.44622
-0.108919
-2.68792
-4.85231
-3.97036
-0.0403129
-4.73147
-2.9071
-2.09425
-1.5514
-1.55167
-3.32907
-4.53717
-4.83428
-4.61769
-2.19936
-1.00483
-0.785768
-3.25211
-1.48287
-4.41187
-3.02648
-3.74252
-4.46868
-4.38774
-4.24178
-3.30371
-2.02049
-2.62854
-3.2473
-2.97733
-2.14471
-1.05875
-5.3752
-1.48777
-1.86905
-1.0807
-4.73898
-1.06867
-3.80389
-2.48153
-2.65001
-5.01251
-1.28014
-5.09164
-2.37977
-3.31787
-3.53864
-0.352569
-4.74829
-4.95112
-5.83565
-4.75723
-2.17306
-3.70034
-4.39469
-0.63945
-4.21104
-3.21781
-4.44153
-3.46149
-3.27442
-4.66946
-2.26488
-2.16168
-0.619921
-0.959772
-4.42559
-4.24107
-4.90675
-5.47849
-4.51681
-3.84303
-2.36164
-4.39399
-1.50674
-0.724493
-3.3861
-3.42971
-1.9669
-2.48828
-5.17623
-2.61963
-1.26632
-1.63465
-1.24933
-1.04634
-1.31576
-3.92818
-5.33395
-0.459496
-4.33269
-3.55719
-4.86388
-3.42861
-2.48527
-1.28703
-2.5234
-3.16188
-4.69033
-2.27945
-1.92078
-1.84395
-0.3
-3.92807
-3.11434
-4.84788
-0.204031
-4.89431
-2.38701
-2.70556
-3.28514
-3.72078
-1.93372
-3.42226
-5.18778
-4.79008
-2.76417
-1.17356
-5.34468
-1.83943
-1.64314
-3.86904
-5.00005
-3.55105
-3.00468
-3.03913
-1.38675
-2.87926
-1.33562
-4.86867
-2.8128
-0.937532
-3.31167
-2.36592
-5.14879
-2.33359
-2.30887
-3.72534
-1.51159
-1.12371
-5.27581
-1.53885
-4.45675
-1.20518
-2.75088
-4.96969
-1.10551
-3.54258
-3.58955
-1.14265
-3.1352
-4.15886
-5.16592
-2.94386
-4.76551
-3.46463
-3.98
-0.945563
-4.20989
-3.42791
-3.2501
-2.88754
-2.49223
-3.23344
-3.18976
-0.396749
-1.62593
-3.69918
-3.63323
-5.34955
-2.59016
-5.08129
-4.04668
-4.24347
-1.47353
-5.71153
-3.73914
-4.84666
-4.45725
-0.215413
-0.618768
-3.28442
-3.37973
-3.34743
-2.3461
-1.11426
-5.27963
-4.66529
-3.54423
-3.9738
-1.24007
-4.87316
-3.16501
-3.13729
-4.88665
-3.481
-1.59463
-1.18363
-0.331513
-2.08544
-5.32313
-2.46901
-3.38113
-5.46822
-1.88802
-3.31009
-3.47448
-1.80827
-1.7099
-3.62308
-2.40935
-4.22626
-1.78727
-4.873
-1.3799
-3.17657
-2.30099
-2.46013
-4.77464
-3.71963
-3.53545
-4.07914
-3.53362
-3.44589
-5.14206
-4.91967
-2.48259
-2.55175
-3.8803
-3.06243
-2.93236
-2.76194
-5.12072
-4.19957
-2.01029
-5.01931
-1.07883
-4.4543
-4.6724
-4.21839
-1.184
-5.61374
-1.13145
-0.623169
-2.45079
-5.00935
-1.96847
-3.40799
-5.89486
-5.07092
-4.72755
-1.09557
-3.36388
-1.95124
-1.40438
-1.11316
-1.07064
-3.59486
-0.787173
-4.2989
-1.64874
-2.43818
-3.40731
-3.44187
-3.97747
-4.37324
-1.49929
-4.04778
-2.02676
-0.890182
-2.82934
-1.60576
-1.6119
-2.09578
-3.79808
-3.21348
-3.51952
-4.7731
-4.74708
-4.9917
-4.81936
-2.94033
-4.93578
-4.93833
-5.11205
-4.83185
-3.45155
-4.33576
-1.13857
-1.02715
-2.79433
-3.88006
-1.35266
-2.63845
-5.13258
-3.11121
-3.38458
-3.72922
-4.63549
-1.80983
-2.11323
-3.35373
-4.64067
-3.38479
-1.08516
-1.13461
-4.07217
-5.41696
-3.69058
-4.0067
-0.916612
-4.65423
-1.10016
-3.40081
-3.09741
-1.79628
-4.74604
-4.27676
-0.930771
-3.74535
-4.67386
-4.61451
-2.50184
-5.08051
-1.06777
-4.55217
-3.61626
-2.72079
-5.14028
-4.5091
-1.94236
-3.58744
-5.30862
-5.02947
-1.86955
-1.78474
-2.72416
-1.48966
-3.1583
-5.89728
-4.94627
-3.01574
-4.48895
-3.78201
-5.10068
-1.53866
-1.53834
-2.30337
-1.64147
-2.45495
-2.20111
-1.52281
-3.3486
-1.63168
-2.19252
-5.35667
-4.70355
-2.64093
-2.17157
-3.96644
-4.03201
-2.08053
-4.87521
-2.4844
-2.78699
-3.18945
-2.2011
-0.893701
-1.12686
-3.23424
-1.06314
-1.03491
-4.51865
-1.48766
-5.18526
-2.23293
-1.24781
-1.12236
-2.99946
-3.01271
-3.61554
-0.268634
-4.08026
-2.14472
-0.993979
-2.30627
-0.550875
-4.50253
-2.41772
-2.78267
-3.47187
-2.44348
-2.599
-5.77589
-2.48646
-3.18773
-1.07243
-4.16563
-3.02923
-4.09393
-0.743004
-1.51473
-2.5813
-1.22128
-1.578
-1.12899
-5.00236
-3.78534
-4.8161
-1.04895
-1.20166
-4.76036
-5.22346
-5.03827
-3.34405
-0.461113
-0.886774
-5.731
-3.54459
-4.47707
-3.72416
-3.38891
-1.78396
-3.41298
-2.48066
-0.819165
-2.08686
-0.250034
-4.86718
-3.39842
-3.74273
-3.70322
-1.77478
-1.38813
-1.82361
-2.48067
-1.38145
-5.49221
-5.22758
-5.67947
-3.55879
-4.32758
-4.73842
-3.36816
-3.49146
-5.44883
-3.46438
-1.60174
-1.00337
-3.02199
-4.85078
-2.24985
-2.17749
-1.12672
-1.68091
-5.91019
-2.80852
-5.69159
-4.43684
-0.780187
-4.9316
-4.76971
-4.37179
-5.22665
-3.41505
-4.83709
-4.89493
-4.45503
-2.45058
-5.04445
-1.13396
-4.71308
-3.48467
-3.46467
-0.449733
-4.54867
-4.86231
-4.39271
-1.62202
-3.01446
-2.98626
-1.14554
-1.29172
-0.883778
-1.0821
-2.21235
-1.12287
-5.78857
-2.58505
-3.29711
-4.80454
-0.761552
-2.12311
-3.57843
-0.517611
-2.48831
-3.94379
-3.44529
-3.5352
-1.47927
-0.427054
-1.07777
-3.66005
-2.49845
-1.84674
-2.0363
-2.74506
-2.84658
-2.86795
-2.85676
-3.96483
-2.32238
-4.50487
-4.77113
-3.56188
-3.74521
-1.08469
-0.793868
-4.01299
-1.12775
-5.16416
-2.50579
-3.00233
-3.40413
-3.54675
-1.06837
-4.6933
-3.35638
-4.76086
-0.868065
-3.33794
-3.6276
-1.42571
-0.359784
-4.69484
-0.957636
-2.36594
-3.76512
-0.442656
-3.38792
-4.44188
-4.91863
-1.11309
-4.83284
-1.81802
-1.24734
-1.95879
-4.9649
-2.92589
-1.68636
-3.28071
-4.68615
-3.36846
-1.3251
-2.89479
-1.06881
-2.08801
-4.34012
-0.278083
-5.01091
-1.12111
-1.03753
-5.28831
-2.02525
-3.56452
-0.710604
-0.988961
-3.09961
-2.6017
-2.46721
-2.5036
-4.69648
-2.91933
-3.50358
-3.03925
-3.37024
-0.169283
-1.30538
-5.46776
-1.56805
-3.91718
-4.26735
-3.15628
-3.59677
-2.01682
-1.29807
-3.36618
-4.6948
-1.0959
-1.39727
-3.47702
-0.768541
-0.791334
-2.08443
-5.07075
-5.15642
-4.96607
-3.05506
-0.500573
-0.372684
-1.42936
-1.0452
-4.92745
-3.30292
-5.37126
-1.45226
-3.82251
-0.335385
-1.77012
-1.18186
-5.1612
-2.19425
-4.38257
-1.54643
-5.34933
-1.14099
-3.24421
-3.27105
-5.1096
-3.29626
-3.32385
-3.33966
-3.19722
-3.56843
-0.0036299
-4.18082
-3.67279
-4.75222
-5.36101
-5.02998
-4.42741
-5.3817
-5.22506
-5.05608
-1.0959
-0.793417
-4.26448
-2.96968
-0.889744
-3.47401
-3.14763
-0.603526
-0.427571
-4.7248
-3.14833
-2.44527
-1.87938
-4.64728
-1.36743
-1.25981
-2.70889
-3.50439
-3.55763
-5.41345
-1.11679
-5.24673
-2.07475
-1.34415
-1.60873
-4.33202
-3.37044
-3.78074
-2.80147
-2.48761
-1.60989
-1.16903
-0.346057
-2.3679
-5.65104
-2.04608
-2.07486
-4.71777
-1.0929
-4.03031
-2.56802
-4.27221
-3.57109
-4.73054
-4.71937
-0.892612
-5.22661
-2.73825
-1.82443
-3.42729
-3.48089
-3.56518
-3.37477
-1.05715
-2.07058
-4.80294
-1.51217
-1.19851
-1.04505
-3.53014
-3.74316
-4.1631
-1.19524
-1.6486
-2.56377
-3.22614
-3.29997
-4.82335
-4.9273
-5.33107
-3.21647
-4.43554
-1.06764
-4.75098
-1.70793
-5.51525
-3.17954
-1.60587
-1.36926
-3.31267
-3.29505
-1.36488
-5.41376
-2.44763
-3.99269
-2.66525
-1.49793
-1.87764
-0.403323
-0.951023
-1.17638
-2.48598
-3.88072
-3.38061
-0.889119
-0.597244
-4.21191
-1.20097
-2.84976
-1.09728
-0.437343
-5.10172
-5.0794
-1.0785
-3.56973
-4.02529
-5.5786
-3.11498
-2.60557
-1.05082
-3.36886
-1.56109
-2.70223
-4.56346
-1.12982
-2.48118
-2.13183
-1.57253
-1.43747
-2.66688
-4.22337
-0.967461
-2.29333
-2.67504
-4.5404
-5.14877
-5.19345
-0.589546
-1.12375
-3.75685
-2.87619
-0.464518
-2.2555
-3.17828
-5.21571
-5.28696
-3.27684
-3.23643
-4.3328
-1.40396
-3.54766
-1.87759
-4.59934
-2.48454
-1.92753
-1.38842
-1.86409
-3.47359
-3.76386
-3.85656
-2.24177
-3.47232
-4.61556
-0.396728
-4.47611
-1.79992
-3.4074
-2.44284
-1.42102
-1.16796
-5.24395
-5.20014
-3.48072
-4.19655
-4.29932
-4.73554
-1.83978
-0.961487
-4.4337
-2.7243
-2.68693
-5.12778
-2.45597
-1.73439
-2.04811
-4.30866
-2.48401
-1.13112
-3.36956
-1.08442
-2.31022
-3.78725
-1.80543
-3.67045
-1.77754
-4.31737
-3.21995
-1.80885
-4.65421
-3.65543
-4.77027
-4.68754
-3.66708
-4.33369
-5.10456
-1.57316
-3.49762
-2.9811
-4.70768
-1.10661
-2.46418
-5.04031
-3.5808
-5.00611
-3.62508
-1.08688
-3.0624
-1.94083
-1.1763
-3.60684
-5.28074
-3.09986
-3.37967
-1.67901
-4.57517
-5.24779
-0.947706
-1.61901
-3.14766
-4.07914
-5.12007
-4.26905
-1.54144
-1.88119
-2.5944
-2.55282
-2.71904
-4.16617
-2.79424
-4.48767
-1.8847
-1.02723
-3.09926
-3.15491
-4.61523
-4.74718
-4.36848
-4.55586
-4.69665
-1.02111
-3.42819
-1.29254
-5.4529
-1.33543
-0.905873
-0.536603
-2.36151
-1.39514
-2.37556
-1.59255
-1.34985
-3.96523
-4.51927
-5.40969
-2.74488
-2.06207
-4.41298
-4.4708
-5.17539
-4.05034
-3.25066
-3.29624
-0.969906
-3.12874
-5.10385
-4.97698
-3.48755
-0.996764
-4.23461
-4.64636
-1.10898
-3.1756
-3.25434
-2.05416
-1.10697
-1.301
-1.57679
-3.45297
-2.81403
-4.44432
-4.34306
-3.57921
-5.22192
-2.07326
-2.28873
-3.04536
-4.75705
-3.48102
-2.63062
-3.29436
-2.37153
-3.15115
-2.28926
-1.15318
-2.5373
-5.21428
-2.57286
-1.07744
-2.24096
-5.02828
-1.16431
-2.34416
-1.32469
-1.55957
-2.4056
-4.6953
-3.67288
-1.99217
-3.62072
-3.31806
-3.12958
-2.17249
-1.17266
-3.71099
-0.312173
-1.03239
-3.95546
-1.56926
-3.30606
-5.22034
-2.05501
-2.47543
-2.01643
-1.0898
-4.74494
-1.50632
-4.81249
-2.6696
-1.07226
-4.94218
-4.64355
-4.28698
-2.39494
-3.61236
-5.12184
-4.7664
-5.1872
-4.9704
-3.15583
-2.48765
-4.80428
-0.084395
-3.89232
-4.74062
-3.75675
-2.9455
-3.35199
-0.942893
-3.04614
-3.37984
-2.84461
-5.7361
-3.20232
-2.86867
-3.07278
-2.61776
-4.33948
-4.69344
-1.14619
-2.20192
-0.364375
-1.3128
-2.98401
-4.24279
-4.46011
-0.814798
-1.17638
-2.43426
-2.23541
-5.46481
-2.94473
-4.9531
-4.32118
-3.5003
-2.45889
-1.73734
-3.47648
-2.37554
-2.46312
-4.41729
-3.57123
-0.84996
-3.60371
-1.48076
-5.12571
-0.931897
-1.59938
-4.79917
-1.28771
-0.312605
-3.38558
-1.15846
-1.89402
-4.64198
-4.74094
-1.516
-1.60487
-4.80252
-1.08455
-2.96252
-4.34854
-3.39704
-4.85361
-2.71603
-5.05391
-2.96309
-1.48424
-2.05321
-4.78512
-1.58998
-2.61617
-5.29743
-5.15227
-1.15993
-2.03275
-0.93023
-3.75374
-0.428807
-2.01362
-3.40322
-3.50239
-2.64748
-0.795957
-2.08835
-4.98166
-1.09425
-4.68444
-1.24812
-5.04765
-3.26092
-0.124618
-1.14996
-5.10016
-0.993878
-2.82989
-1.16911
-5.2951
-1.40996
-5.16289
-2.68851
-1.68241
-3.7209
-1.09765
-1.07954
-1.10185
-4.97346
-3.88764
-0.852875
-4.73241
-0.229824
-4.42825
-3.40929
-0.9659
-2.6124
-5.02192
-3.88476
-2.60091
-3.96519
-4.69677
-4.09141
-4.30247
-4.49499
-3.39533
-5.09051
-2.28109
-0.27432
-2.86756
-5.00348
-3.46729
-3.26606
-4.74306
-3.45131
-2.69124
-3.57294
-3.45585
-0.38973
-4.65683
-2.92733
-2.25593
-3.36665
-1.65515
-3.07549
-1.49228
-4.53367
-1.53172
-2.38268
-4.55178
-3.10351
-4.72629
-0.585064
-1.12232
-2.95589
-2.81815
-2.50088
-0.384682
-2.65033
-1.19016
-4.77895
-3.39197
-4.23033
-3.05059
-4.53055
-3.70803
-2.76199
-2.59138
-1.11655
-3.83175
-2.3706
-1.52488
-1.59742
-5.21382
-1.49509
-4.25978
-0.763687
-3.38074
-4.96824
-2.13167
-4.47086
-3.53702
-3.01984
-5.05427
-5.03199
-5.25125
-2.13096
-0.77248
-5.20381
-1.26679
-2.81174
-3.27931
-2.69551
-2.66771
-3.97697
-4.51762
-1.83063
-2.9704
-0.830446
-1.76599
-0.818442
-3.53512
-1.56737
-3.03696
-5.36458
-3.39342
-3.27949
-2.56174
-4.74441
-5.28132
-2.7559
-2.21822
-4.38837
-5.37339
-3.533
-0.920408
-2.80037
-3.04612
-0.995483
-4.81359
-2.86853
-1.13646
-1.11324
-1.77409
-3.89458
-3.94161
-1.23734
-1.15391
-3.19078
-5.06869
-2.45064
-3.22518
-5.31409
-3.22887
-5.30383
-2.60962
-4.41885
-0.963835
-1.58307
-3.0467
-1.54083
-2.46814
-1.10161
-1.66953
-3.85441
-1.30651
-0.822248
-2.24017
-4.843
-3.2058
-1.98631
-1.59034
-3.58917
-2.89099
-1.92296
-3.29665
-2.88903
-2.87573
-3.54109
-4.24939
-4.69755
-1.3812
-2.9619
-2.64717
-5.21953
-1.95296
-3.59912
-1.3179
-2.47142
-2.37861
-3.47322
-3.59412
-2.05962
-5.3938
-1.84664
-2.3633
-3.23975
-4.92568
-0.904004
-1.61638
-1.61985
-4.02658
-2.6716
-0.184337
-4.22767
-2.27775
-0.308597
-1.68888
-2.56714
-2.47767
-4.04341
-1.07056
-5.17955
-5.2426
-1.05952
-2.24957
-1.93506
-2.46394
-3.2475
-4.97508
-4.69721
-2.28463
-5.16181
-0.957046
-1.02523
-1.08866
-4.5654
-1.09107
-4.71432
-3.27814
-2.05317
-1.67864
-1.63198
-3.91435
-3.65867
-5.21966
-1.04641
-2.95989
-3.95677
-4.26778
-0.574332
-0.547391
-2.97497
-5.24104
-3.32099
-3.40218
-0.358352
-0.387077
-5.61024
-1.21887
-4.04402
-3.90624
-3.63587
-3.25531
-2.46385
-4.9343
-1.71834
-2.265
-2.99526
-3.40488
-3.44201
-3.49001
-4.92773
-5.52266
-4.92942
-4.68017
-4.8213
-3.93367
-1.19314
-4.91673
-0.879464
-1.89684
-1.12306
-0.587433
-2.31604
-4.80131
-3.40973
-4.70321
-2.28082
-1.4666
-5.44952
-4.83738
-3.02836
-3.47015
-3.50291
-1.16707
-3.24869
-1.29901
-4.44409
-1.81143
-1.63136
-2.35472
-3.39139
-2.61347
-5.41015
-1.34037
-1.04619
-1.03319
-5.05376
-0.938191
-3.3891
-4.33508
-3.44107
-3.56652
-3.77389
-3.52204
-3.20771
-4.05241
-1.98069
-5.22853
-1.91032
-2.45722
-5.82207
-5.14264
-4.85577
-3.25417
-3.18468
-1.04917
-2.68516
-0.947775
-1.29536
-5.02106
-1.84409
-3.7553
-2.89535
-1.84867
-2.42488
-3.44718
-1.11977
-3.19376
-2.54127
-1.58555
-4.93473
-3.60911
-2.13382
-1.14526
-0.584336
-3.6066
-2.7841
-3.2364
-4.69673
-3.95341
-3.547
-2.65446
-3.63462
-1.58814
-1.77083
-2.93772
-3.26058
-2.6059
-3.73907
-5.19384
-2.00965
-4.50784
-0.400505
-2.11902
-2.85555
-3.75442
-1.26373
-4.46033
-0.664441
-5.5755
-3.12109
-0.664858
-1.01345
-4.2991
-2.00539
-0.986103
-4.67749
-5.13117
-2.9558
-1.21904
-1.39945
-1.84366
-0.418117
-4.73689
-0.646186
-3.69748
-4.74214
-3.42637
-2.88243
-3.14868
-2.45417
-3.06081
-3.36234
-0.4089
-1.06313
-5.22389
-1.59205
-2.57316
-1.21204
-2.48409
-1.80985
-4.74795
-4.22119
-0.920397
-1.02782
-3.34758
-1.55319
-2.04194
-0.58057
-4.33689
-1.13087
-2.83161
-3.4896
-3.26325
-1.60839
-3.2604
-0.134471
-1.403
-4.76077
-5.14389
-4.313
-2.67691
-1.50293
-1.81898
-1.13917
-4.94129
-3.02756
-2.2114
-1.22758
-4.49458
-0.330037
-1.01126
-3.16447
-2.7868
-1.93564
-3.06448
-4.54309
-2.5449
-3.0924
-4.63335
-0.933244
-3.4951
-2.36926
-4.38056
-4.71823
-1.22555
-5.50681
-3.31113
-4.79242
-4.08034
-3.46468
-1.97234
-5.55632
-3.93718
-2.49236
-5.08483
-2.1105
-2.06713
-2.54444
-1.9375
-5.33311
-3.66768
-2.74085
-1.06328
-3.2102
-3.24685
-3.64004
-5.21334
-1.10856
-1.19822
-5.13657
-1.22798
-3.28678
-1.57371
-3.44623
-4.85187
-5.24068
-3.18681
-3.05541
-5.05824
-1.39572
-4.46348
-5.20636
-1.7589
-5.19798
-2.90859
-3.27349
-3.59359
-2.44925
-4.68429
-3.49366
-2.30106
-4.31613
-1.32702
-4.65103
-3.8561
-4.9434
-0.401342
-5.06455
-0.844338
-2.7631
-4.87279
-4.75836
-3.9554
-3.55071
-2.47344
-4.65974
-3.44644
-4.7952
-3.15552
-1.06646
-4.22514
-4.69252
-1.19444
-1.83888
-5.17215
-3.41846
-4.10446
-1.13439
-5.0937
-1.16019
-1.15274
-2.11241
-0.470173
-3.12026
-3.4993
-3.26078
-4.53255
-3.36698
-3.19708
-1.38363
-1.55261
-4.10364
-3.94494
-2.83868
-2.66913
-5.37803
-1.08058
-5.07404
-1.65652
-5.21809
-4.85901
-1.11082
-5.2122
-2.16251
-1.87143
-3.35882
-0.297515
-5.52039
-3.09828
-4.6285
-3.38564
-4.85171
-1.65435
-5.42291
-3.25868
-1.62764
-3.44056
-4.85231
-3.98317
-4.70045
-4.39367
-3.40589
-2.29072
-1.53622
-4.18917
-4.91593
-4.21057
-4.24379
-1.26574
-1.07069
-5.102
-2.36952
-0.634299
-0.607142
-2.47912
-4.7258
-4.99426
-3.45626
-3.23123
-4.75214
-3.19276
-2.38807
-3.47768
-1.64161
-4.3656
-3.30001
-5.21381
-2.99951
-1.41206
-1.08106
-2.53785
-3.38374
-3.18115
-2.95647
-1.76213
-1.68314
-3.45507
-5.13797
-2.07545
-2.32978
-3.96407
-4.27924
-3.66102
-0.220778
-5.38422
-3.09402
-4.55347
-4.68887
-1.1453
-4.68765
-5.43709
-0.710876
-1.0643
-1.10084
-0.778785
-4.27195
-3.46688
-0.964714
-1.91315
-1.29715
-0.885534
-3.99199
-0.95362
-4.62679
-4.76823
-5.45706
-2.20415
-3.16959
-1.24322
-1.06584
-4.0825
-4.72031
-4.22775
-1.8878
-1.39853
-2.5128
-2.75642
-3.60213
-5.15262
-4.81873
-2.0637
-2.0716
-4.72996
-2.99623
-2.07548
-5.10219
-1.08925
-4.57369
-2.78525
-4.11398
-1.15155
-5.18371
-2.79522
-2.59012
-1.25011
-1.17988
-1.67425
-3.39335
-1.46001
-4.45209
-4.12974
-4.80076
-4.83472
-1.60173
-2.63679
-2.4785
-1.49845
-2.02798
-2.86348
-1.23711
-5.0875
-1.66342
-5.22112
-1.67127
-4.80773
-4.69384
-2.43108
-4.54702
-0.90725
-5.14043
-4.65052
-3.68875
-2.6187
-2.05905
-3.7332
-4.12598
-4.38065
-4.11147
-0.954971
-1.8101
-2.8399
-4.60718
-0.632907
-4.73567
-4.77703
-2.66881
-4.31136
-3.38738
-5.12118
-1.32853
-2.71952
-2.4132
-1.18236
-3.52679
-1.25761
-1.45132
-4.77423
-3.49554
-5.90159
-1.66873
-4.96346
-5.10946
-4.7347
-3.45174
-1.13312
-3.53059
-3.07315
-2.44939
-3.81871
-4.66811
-5.0294
-3.66348
-4.40311
-2.5581
-6.05288
-2.55667
-4.62772
-2.55805
-2.59418
-4.05216
-4.97315
-3.324
-3.1717
-2.64634
-3.21264
-5.02772
-4.73524
-4.7551
-4.39066
-4.76224
-4.15435
-2.13991
-3.47921
-1.13581
-3.37649
-4.95652
-4.47739
-3.26058
-2.45715
-5.2016
-4.6547
-1.12301
-2.65241
-3.45996
-5.25548
-3.45206
-0.217972
-0.481845
-3.57673
-0.933784
-1.36791
-1.72707
-4.82617
-1.02658
-0.254159
-3.59102
-4.93948
-2.11234
-4.72314
-4.58984
-1.25254
-2.54333
-4.51318
-5.11663
-4.81616
-4.65759
-4.94598
-1.10676
-1.42199
-4.31346
-2.377
-2.45884
-4.68676
-5.04775
-0.590297
-0.606474
-1.47243
-0.492902
-0.859173
-2.39344
-5.20957
-5.49727
-3.31285
-1.43597
-2.21413
-4.80301
-3.26376
-4.19833
-4.00798
-2.48536
-2.93723
-2.50056
-4.80233
-4.74079
-1.22297
-3.16835
-4.72083
-2.28181
-4.73745
-4.72221
-3.07255
-3.55356
-5.42097
-3.15891
-4.19241
-2.49577
-1.78061
-2.0618
-4.97754
-5.24078
-0.583469
-4.94782
-0.690414
-1.55976
-3.53392
-2.96539
-3.38252
-4.37333
-1.1516
-4.85335
-3.25966
-2.43381
-4.91894
-4.90655
-4.82492
-3.46687
-3.90859
-4.91286
-3.63244
-0.823269
-0.711289
-1.08566
-3.61896
-0.442684
-3.8668
-1.18165
-3.46822
-5.19298
-3.28673
-4.70442
-1.04088
-1.17875
-0.949459
-1.40446
-1.39293
-4.67483
-4.78041
-1.44101
-2.33505
-3.80199
-3.39572
-1.11671
-3.03892
-3.25166
-1.11999
-3.48243
-1.09871
-5.186
-2.54461
-1.82781
-0.996907
-4.15258
-1.79473
-1.76667
-1.15655
-1.08752
-5.23496
-0.56388
-1.05741
-1.70774
-1.60775
-1.04857
-0.518707
-3.25095
-3.50403
-3.3283
-4.94883
-3.12837
-4.90047
-1.10931
-3.94752
-5.26088
-5.32405
-5.42418
-2.49622
-5.21485
-4.75293
-1.36107
-0.582004
-4.85401
-1.54214
-1.8722
-3.03519
-1.70606
-1.54289
-2.38886
-0.987934
-3.37411
-1.60326
-3.5156
-4.00237
-4.38612
-1.19174
-3.37125
-2.02958
-3.94467
-4.74462
-2.4221
-5.09515
-0.277928
-1.0351
-3.25945
-3.25269
-3.72793
-5.66835
-1.00983
-3.23888
-3.45969
-0.646948
-0.818339
-3.73923
-1.95658
-0.757252
-1.44742
-1.40961
-1.37635
-2.47905
-1.61102
-2.63317
-0.897781
-1.15299
-1.76782
-3.26605
-4.70873
-2.57969
-2.51362
-0.910031
-4.91909
-2.34962
-2.16418
-1.10649
-2.62404
-2.95807
-2.08124
-1.18684
-2.34757
-1.57231
-3.51308
-5.51687
-1.17531
-3.39485
-4.67785
-2.04559
-2.31642
-3.55827
-1.02993
-3.41421
-4.3989
-3.51704
-4.04666
-1.58739
-3.34959
-2.97471
-2.47166
-0.929065
-0.818922
-3.35879
-4.55674
-0.8664
-1.924
-5.79262
-3.40063
-4.854
-3.4107
-0.76514
-1.50935
-2.62979
-3.64671
-2.36772
-2.32769
-2.02805
-2.65497
-0.994093
-4.59578
-2.17621
-1.38235
-1.14122
-0.936111
-4.07273
-1.85224
-2.38018
-0.963409
-2.35509
-4.26728
-3.56202
-4.83592
-3.79051
-1.56752
-5.46409
-3.27188
-4.40878
-2.05168
-3.42633
-4.60648
-2.04668
-3.89955
-2.50933
-4.06975
-0.479536
-1.37097
-1.53315
-3.27465
-2.16615
-1.17736
-5.1089
-3.46931
-5.25348
-5.26116
-5.35174
-0.663345
-0.215512
-1.10697
-3.45045
-3.654
-5.43044
-4.28623
-2.57697
-3.46279
-1.09499
-1.99653
-3.46089
-1.12661
-3.36498
-5.25759
-1.0655
-3.07481
-4.48506
-0.947346
-4.27154
-3.45693
-4.5521
-3.0855
-4.46098
-3.4704
-3.59632
-2.56567
-3.3277
-0.839227
-3.96097
-1.02373
-2.85093
-3.70023
-3.50754
-3.12614
-4.73025
-1.31506
-4.54091
-0.903697
-3.67377
-3.17479
-5.75918
-0.923549
-3.26819
-3.31026
-5.67451
-4.47262
-4.93839
-2.35588
-3.27134
-4.50786
-4.04945
-3.30593
-1.4128
-2.90934
-1.93479
-4.44632
-1.67117
-1.85412
-4.71829
-2.58998
-2.46295
-3.45091
-1.65825
-4.52783
-3.47471
-3.20136
-3.52705
-2.42324
-2.3783
-2.16725
-2.12274
-4.66726
-4.66937
-2.04278
-2.37094
-3.20617
-0.265293
-0.67103
-0.664824
-3.39228
-4.73654
-0.224063
-1.59091
-4.2683
-4.26066
-3.23898
-1.64446
-2.95248
-4.15458
-4.89185
-4.77773
-1.41564
-5.19445
-5.41357
-5.2672
-4.7932
-1.3526
-4.6155
-2.04495
-1.73396
-4.20785
-2.26508
-5.27012
-5.31747
-5.21298
-1.09784
-1.2636
-5.32023
-1.7067
-2.26957
-0.1799
-1.68749
-3.82953
-3.54801
-4.10799
-3.74299
-1.80447
-4.25512
-1.85373
-4.77713
-1.76447
-1.20205
-3.47669
-3.41302
-3.37094
-3.52847
-4.24092
-3.49199
-0.747653
-3.21617
-1.66735
-4.28839
-2.46137
-2.922
-2.63508
-2.47064
-3.06704
-1.81592
-0.998134
-4.85537
-2.33766
-2.46505
-5.56095
-3.42959
-0.75058
-2.63907
-3.22457
-1.10854
-4.12785
-1.11691
-2.10315
-3.95701
-5.2066
-1.75809
-2.36198
-2.53587
-0.955579
-0.617955
-0.875203
-3.38337
-3.66426
-2.45727
-3.52874
-4.90566
-1.19103
-0.61693
-1.10112
-2.36707
-3.42163
-5.05829
-4.71465
-5.22898
-2.10056
-5.0127
-2.98119
-2.67718
-5.24021
-4.43181
-2.59554
-2.63437
-2.33563
-3.32436
-1.42526
-4.3525
-3.20348
-0.770102
-2.57283
-4.75868
-2.61419
-0.694466
-5.53153
-5.73227
-4.4225
-4.97145
-4.92527
-3.53808
-4.75459
-3.46675
-3.33673
-4.40777
-5.09964
-3.12368
-4.61272
-4.95195
-4.71172
-4.37653
-2.33336
-2.51517
-2.29039
-2.98144
-5.14292
-0.855952
-2.09058
-4.18814
-4.20616
-1.06085
-4.46024
-3.43839
-1.0773
-1.21174
-1.15462
-2.36387
-2.01015
-1.53851
-0.556829
-3.2319
-4.95404
-5.33969
-2.37644
-2.30973
-0.873084
-3.04814
-0.291073
-5.69183
-2.37365
-1.99052
-5.18838
-0.690956
-4.81178
-3.2074
-3.31286
-3.51882
-3.36784
-1.3699
-2.49606
-1.62993
-2.36698
-2.30986
-2.56249
-5.06536
-1.10784
-1.27771
-5.8698
-4.42319
-4.33516
-1.56308
-1.03622
-2.21684
-4.34288
-2.32066
-5.30887
-1.27844
-0.737124
-3.10074
-3.11268
-1.96432
-1.12716
-4.8251
-2.46847
-1.51389
-5.71707
-2.3467
-2.33868
-4.98631
-4.81505
-2.36918
-2.34873
-3.28747
-5.08771
-2.88381
-4.0261
-2.49549
-2.48009
-4.09042
-3.08748
-3.49399
-0.373455
-0.847819
-3.21505
-1.8975
-2.37192
-4.44548
-3.28648
-1.55761
-4.41393
-2.38627
-3.64779
-2.46987
-3.3365
-1.11626
-3.74304
-1.16658
-1.0521
-1.17384
-1.80972
-1.15184
-2.36271
-1.71943
-1.01987
-1.52244
-2.44471
-2.08347
-1.55566
-2.55784
-2.36468
-3.44751
-2.63567
-2.49141
-2.51489
-1.91274
-1.38113
-2.34752
-0.810639
-2.22959
-4.81525
-4.90698
-5.18397
-3.57572
-0.870278
-2.07039
-2.09748
-1.61694
-1.64648
-2.28529
-1.11608
-3.51689
-5.11314
-4.08869
-0.703631
-2.35671
-4.12486
-3.24022
-4.21846
-1.22281
-2.98119
-4.83589
-2.96349
-2.3716
-4.67373
-4.30342
-3.37036
-0.387379
-1.29277
-5.20274
-2.51994
-1.89368
-4.38947
-3.5093
-1.2401
-3.38797
-0.694909
-1.485
-4.07681
-2.87612
-4.08702
-3.52035
-5.6901
-2.20196
-1.38952
-4.20648
-2.53646
-2.36929
-2.29214
-3.75247
-2.37953
-1.13249
-2.44496
-0.942829
-3.49699
-1.13911
-3.46932
-0.245777
-5.29614
-2.46946
-1.87111
-4.18194
-1.06675
-0.709951
-2.42135
-1.18069
-1.15437
-4.41614
-0.492011
-1.09684
-2.21693
-1.17955
-3.45392
-3.5201
-0.662356
-0.415901
-3.37472
-4.91814
-2.35085
-1.40617
-2.37903
-1.56405
-4.35309
-5.09912
-1.09975
-1.34309
-2.0539
-2.33425
-0.0176188
-1.54412
-0.288073
-2.61127
-2.34783
-2.1808
-2.09405
-1.88286
-2.47755
-4.36483
-3.41445
-3.5631
-3.34879
-2.29463
-1.08093
-2.58581
-3.39913
-4.64362
-0.286129
-2.6185
-2.04527
-2.28061
-5.23804
-1.70794
-4.23124
-2.63138
-1.88334
-3.37212
-2.28317
-3.34584
-3.1945
-4.82383
-1.12009
-1.64484
-1.9999
-1.81938
-2.29091
-4.22335
-4.63551
-3.52971
-4.48535
-4.61839
-2.98743
-1.86594
-3.54121
-3.87313
-1.04744
-2.00042
-2.65676
-0.612273
-4.38649
-3.47748
-3.64266
-0.984384
-1.15304
-5.52161
-4.76235
-4.00142
-4.94418
-4.06397
-1.4034
-3.54548
-5.37028
-0.561265
-1.18013
-3.3698
-3.47306
-1.10541
-2.73236
-2.37042
-4.66237
-3.43801
-1.48584
-2.00229
-3.52253
-3.67624
-2.62435
-0.885377
-3.61534
-0.987529
-4.76302
-2.38038
-4.33024
-1.10604
-5.35349
-2.61333
-3.46732
-1.28889
-4.5713
-3.26001
-1.4876
-1.08034
-2.08875
-2.27879
-2.23436
-2.3946
-3.5275
-2.90637
-2.31102
-4.24936
-1.59603
-2.38361
-3.63595
-2.56471
-4.7723
-5.13186
-1.20255
-3.31929
-2.75301
-1.82237
-4.85974
-3.52239
-3.96972
-2.1521
-2.62772
-0.807031
-2.36664
-3.46187
-4.88577
-3.79314
-2.78613
-2.17946
-4.94061
-3.40137
-0.769044
-4.66112
-3.22407
-4.09819
-3.54533
-5.04722
-3.6089
-2.78165
-2.24977
-3.43923
-2.38356
-2.05805
-4.77695
-2.66372
-2.44351
-4.76012
-2.59205
-1.62341
-1.23111
-0.590701
-5.25388
-2.36691
-4.41985
-1.25383
-1.17368
-1.06
-0.832626
-4.92689
-3.78123
-3.00854
-4.32069
-4.8671
-4.19602
-3.73914
-4.99613
-2.45911
-2.96804
-1.05815
-2.49067
-1.40601
-4.18165
-4.81465
-2.62438
-1.17043
-4.84577
-0.982714
-2.0816
-2.21503
-0.090738
-4.66557
-4.36343
-1.61002
-2.45492
-1.03937
-1.88385
-4.21385
-3.38403
-5.37487
-5.12101
-2.17687
-0.81956
-5.08432
-3.35271
-1.32496
-5.93502
-4.7597
-0.91253
-5.73921
-2.36891
-3.53328
-1.35868
-2.13808
-0.370667
-1.75726
-2.45566
-5.27281
-4.28094
-5.51805
-3.15227
-4.73218
-1.03226
-2.74673
-2.06562
-0.888793
-1.3411
-5.04275
-3.96794
-3.91429
-3.41192
-5.08472
-4.6597
-1.17622
-5.12078
-1.49723
-4.80958
-1.85484
-2.23726
-4.21512
-2.62664
-4.41448
-3.32062
-0.939729
-2.22054
-1.29853
-1.85572
-1.89581
-4.60186
-3.18033
-1.0204
-3.63109
-2.51384
-4.70473
-1.64901
-1.83546
-1.40183
-1.43314
-3.92018
-0.70613
-3.51131
-3.15738
-4.28243
-1.59276
-4.19372
-2.81957
-3.04012
-1.38778
-1.60541
-2.48876
-3.13357
-5.24358
-4.8275
-3.39315
-3.38283
-4.74987
-6.04167
-0.927117
-1.95505
-0.986625
-0.975527
-3.57602
-1.13614
-3.53514
-0.865503
-1.06147
-4.6632
-2.28731
-1.79815
-2.92907
-3.16031
-3.3746
-2.22488
-1.35292
-3.23412
-3.53994
-5.37623
-4.63254
-5.20965
-2.38067
-2.1844
-4.65084
-5.1931
-2.16753
-3.50333
-2.06755
-4.6901
-4.45599
-0.889803
-0.964751
-1.18199
-3.00827
-4.1496
-1.13626
-4.36999
-4.78366
-1.52548
-2.13267
-4.69406
-4.37676
-3.25239
-0.488073
-5.26985
-3.36778
-4.98494
-3.60593
-4.74033
-2.67686
-2.12392
-0.879563
-5.18239
-4.44995
-4.64258
-3.47869
-4.05709
-4.09177
-0.84757
-3.40545
-1.35848
-1.10492
-2.37544
-5.15216
-5.42641
-3.87393
-2.05508
-2.33079
-3.40818
-3.34397
-5.52356
-5.41193
-2.6053
-3.29098
-2.84379
-4.74193
-4.83423
-3.10223
-4.30404
-4.02712
-2.50732
-2.0586
-4.74568
-3.31623
-4.59147
-5.19871
-4.45634
-5.19251
-4.13046
-5.59017
-0.806654
-4.07665
-3.88984
-1.8074
-5.29931
-4.2607
-2.36704
-3.94115
-1.66074
-0.896444
-1.60028
-4.41433
-1.16234
-1.33578
-4.14472
-3.97307
-3.52627
-1.85221
-1.34446
-4.74341
-1.20734
-3.84913
-3.26439
-3.38768
-5.05006
-5.28891
-4.14231
-1.65679
-4.79051
-4.0113
-2.08806
-2.46431
-0.862561
-3.14991
-4.06455
-1.56889
-2.1607
-4.34206
-2.41894
-3.33792
-0.497373
-2.60604
-0.0283013
-5.46415
-3.34363
-2.51608
-4.76921
-5.54451
-1.35407
-1.81579
-3.06841
-1.03348
-1.04641
-0.577234
-5.03302
-2.10059
-0.976249
-3.72067
-2.03598
-5.15098
-4.96051
-3.68738
-5.56703
-5.27158
-1.46537
-5.2155
-3.58102
-4.46996
-4.36165
-2.56765
-5.51684
-2.61185
-1.83116
-2.17089
-2.10993
-3.38175
-5.89821
-5.00413
-4.8981
-1.04758
-3.69346
-3.83084
-1.86485
-3.34314
-3.79474
-1.51035
-3.59902
-1.31817
-1.55851
-5.17504
-1.60143
-4.13933
-1.09428
-2.36534
-0.357763
-1.01652
-4.05129
-1.96012
-3.49967
-4.9491
-1.76625
-3.59884
-1.87465
-5.60057
-2.35018
-0.737959
-5.07513
-3.11747
-4.31444
-4.54365
-3.4645
-3.50788
-5.2474
-2.45925
-5.01412
-5.55345
-1.5452
-3.81757
-2.45605
-3.50531
-2.2544
-4.75043
-3.84776
-3.7384
-1.53541
-1.87088
-2.49841
-3.06937
-2.69891
-3.38669
-1.63328
-2.45867
-0.444393
-4.46059
-4.8508
-5.20844
-1.50052
-2.59884
-2.35206
-4.50227
-1.2255
-2.3062
-3.75493
-4.72159
-2.63371
-4.61958
-3.68818
-3.60401
-1.05807
-4.35042
-2.44897
-3.86513
-3.39539
-3.99525
-1.05183
-1.93818
-2.23961
-2.11037
-5.22789
-3.557
-1.32339
-4.80834
-4.53544
-4.13108
-1.16197
-2.90146
-4.66567
-5.18225
-1.00971
-3.58581
-1.50927
-2.14908
-3.18951
-3.05589
-3.40104
-1.02103
-1.10471
-3.34857
-1.00109
-0.938934
-3.2718
-1.64366
-1.74421
-5.22998
-4.81404
-1.16931
-5.04603
-3.92999
-5.75149
-1.92495
-3.52002
-1.80584
-1.18397
-3.63163
-1.99828
-2.60214
-5.65043
-2.24186
-2.49825
-4.26788
-5.64056
-2.33896
-1.85087
-2.03585
-3.11211
-3.28918
-3.30234
-1.64044
-3.90723
-1.92818
-4.88117
-2.60463
-2.74343
-2.80203
-1.23194
-4.74455
-1.11189
-3.3867
-1.11702
-5.87875
-5.17858
-3.24152
-5.22585
-2.08019
-3.63844
-5.24463
-2.48384
-4.65844
-1.65744
-0.0717384
-0.928359
-5.37652
-1.98537
-3.90098
-2.05543
-3.13858
-2.15096
-2.02586
-1.35741
-0.814851
-0.715416
-0.124316
-2.50616
-1.21421
-5.29688
-5.14078
-4.50236
-4.15795
-4.8457
-4.81199
-3.2887
-5.1432
-2.77474
-1.6986
-4.81942
-1.25356
-1.46814
-1.13076
-1.15419
-4.86405
-4.19902
-2.50429
-4.75907
-3.39006
-1.27006
-4.71602
-2.5179
-4.98778
-2.30256
-3.22855
-1.99137
-3.37126
-3.22038
-1.16602
-3.24938
-5.14584
-0.747038
-4.89769
-1.00152
-3.43866
-3.16619
-0.84582
-1.20514
-4.76437
-1.02553
-2.80201
-1.84967
-3.02951
-4.58407
-5.71069
-1.51695
-1.94495
-2.43567
-1.01569
-1.1752
-4.13563
-2.66786
-4.56865
-4.42446
-2.36509
-1.31051
-3.08435
-0.718746
-2.57426
-2.62666
-5.07316
-1.16352
-4.73391
-1.95512
-2.48529
-2.60305
-4.75708
-1.43532
-5.11323
-5.16125
-2.12073
-3.56571
-5.11496
-3.48277
-3.42276
-4.06887
-1.03172
-1.49095
-4.44534
-4.99749
-2.32375
-1.00494
-3.70149
-1.07666
-3.52284
-5.10381
-5.0602
-1.04251
-5.40012
-4.71362
-1.85509
-5.34837
-5.10842
-1.15257
-3.52086
-0.299186
-2.32775
-4.84206
-1.77543
-3.06265
-1.12473
-0.937501
-1.7466
-1.49856
-0.803091
-1.27367
-1.27085
-3.59021
-5.75133
-4.08474
-2.37741
-1.17126
-2.44105
-1.26458
-1.49243
-4.61146
-5.36746
-4.47311
-1.81198
-3.45774
-3.60002
-2.65592
-2.23505
-5.52865
-2.57764
-2.19309
-3.84025
-3.18909
-1.81516
-1.79788
-5.09954
-3.1855
-1.01374
-1.17085
-2.44911
-3.21138
-1.54588
-5.77551
-4.6674
-3.71911
-4.29233
-1.89093
-0.967342
-4.67984
-2.9222
-1.54508
-2.36043
-1.68577
-3.5707
-3.53334
-5.55018
-4.96565
-5.89013
-3.20075
-5.20422
-6.34435
-3.92321
-2.40172
-3.69458
-0.839622
-3.33297
-2.47141
-5.35824
-4.86174
-5.33785
-0.917218
-3.8077
-0.656975
-2.12738
-5.11394
-3.25101
-5.27029
-2.36262
-3.00364
-1.20621
-2.4878
-3.49361
-3.44808
-5.07993
-1.22871
-4.66835
-1.01241
-3.91816
-5.25904
-1.85513
-0.529317
-2.32997
-3.33849
-4.38635
-3.17334
-3.97905
-2.45167
-4.32503
-2.49284
-2.37372
-1.83101
-4.20982
-3.70019
-4.96344
-3.10658
-2.35
-0.998577
-2.44635
-1.0985
-5.12708
-2.40381
-2.52485
-3.32812
-6.14137
-4.84143
-2.96696
-0.553092
-2.3964
-1.16878
-1.0241
-2.49686
-4.77877
-1.30208
-2.34606
-3.19989
-0.361428
-5.04754
-5.53891
-1.76846
-5.2602
-3.75959
-3.27839
-3.3544
-2.99104
-4.49185
-1.31569
-1.28944
-1.44837
-1.62681
-1.20221
-1.40225
-4.44223
-3.49935
-5.14923
-4.84279
-1.89063
-2.12908
-1.24084
-0.860617
-2.67644
-4.93906
-1.83364
-1.72774
-2.70516
-5.19247
-2.0433
-2.53001
-1.91949
-3.06995
-5.24278
-2.32851
-4.74889
-4.93117
-0.932161
-5.15501
-3.60892
-5.11509
-3.97009
-1.82987
-3.58908
-2.12529
-0.851382
-4.13575
-0.939076
-1.76866
-1.87331
-3.34302
-3.34264
-5.40125
-0.872156
-2.45627
-2.48504
-1.65637
-2.45066
-1.4852
-2.51736
-2.39039
-2.60134
-1.1911
-3.38314
-2.40651
-5.20044
-1.80478
-3.40947
-2.25558
-1.12788
-2.38146
-3.17675
-4.56947
-3.022
-1.00246
-1.94925
-2.50718
-2.3272
-2.53846
-4.10618
-5.23278
-1.51385
-4.70603
-1.39091
-2.38955
-5.04824
-3.10962
-2.35803
-2.15717
-2.49011
-4.25839
-1.43822
-3.16996
-1.72908
-4.21995
-5.18541
-4.84808
-3.61413
-0.695025
-2.4345
-5.7535
-1.81102
-2.76245
-3.28095
-2.37539
-3.09424
-3.62378
-2.17421
-4.95238
-2.19079
-1.59481
-2.73453
-4.3372
-1.05344
-3.59598
-0.935679
-2.20226
-2.60253
-2.09956
-2.12423
-1.82105
-5.19145
-1.38253
-4.63353
-1.58157
-2.37293
-4.46266
-2.6388
-3.20471
-3.49486
-1.70822
-4.88911
-3.13409
-1.26813
-1.81299
-1.02948
-1.2206
-2.60349
-3.21508
-2.85206
-0.862514
-0.703353
-3.50323
-4.80351
-5.5173
-2.72478
-4.37646
-4.5146
-4.90096
-0.813282
-4.96213
-1.22647
-3.30323
-4.03882
-2.60733
-2.2946
-1.10695
-2.96419
-4.89509
-2.04337
-1.32132
-1.17396
-5.32559
-3.16373
-1.02581
-3.53943
-1.10743
-5.23608
-1.66698
-4.75986
-5.13218
-4.81451
-1.18423
-3.58639
-1.80324
-2.30827
-1.11667
-2.75951
-1.36438
-4.03587
-0.458149
-2.30199
-2.66033
-3.40547
-2.73798
-0.141033
-3.38696
-3.59526
-2.76443
-3.28393
-2.84068
-0.615991
-1.0456
-5.81757
-3.00192
-3.58886
-5.16504
-0.722023
-2.38794
-2.46542
-1.8881
-1.65954
-2.87152
-3.25801
-0.549154
-1.83426
-3.45783
-1.01301
-0.716937
-4.71733
-3.31311
-3.2548
-2.77173
-1.03469
-2.77732
-3.6533
-2.3161
-2.25971
-2.02475
-1.37052
-1.1441
-3.33602
-2.9675
-3.15476
-3.53641
-1.77703
-5.1921
-3.45003
-2.3842
-2.27721
-1.10458
-1.805
-3.2404
-2.23579
-1.12964
-3.1101
-1.17064
-2.50465
-4.30205
-3.29092
-3.89656
-3.92201
-2.45681
-1.61425
-4.98099
-1.12789
-2.43694
-2.65059
-2.13516
-2.43238
-4.38184
-2.43183
-5.34496
-2.59126
-2.18292
-1.73979
-2.22772
-4.67222
-1.29501
-2.45716
-4.8732
-4.71842
-1.77525
-1.38989
-1.67321
-4.69222
-3.46192
-2.50638
-4.68959
-2.52148
-1.32409
-4.64128
-4.02793
-5.1055
-4.70448
-2.13025
-1.00336
-3.84319
-2.22243
-3.67087
-3.40559
-3.34149
-5.38776
-0.612607
-4.81712
-3.83409
-3.33034
-3.61419
-3.2889
-5.09849
-4.15183
-3.15826
-5.34392
-1.55265
-2.52707
-2.42198
-3.19747
-2.16937
-4.80822
-1.67438
-1.47313
-1.63165
-1.05292
-1.44302
-2.61049
-2.51451
-2.18715
-1.62973
-5.34632
-1.61033
-5.06761
-0.814656
-5.3727
-1.29036
-2.19286
-1.83193
-4.41805
-1.66603
-0.430177
-2.32196
-2.88346
-1.67852
-4.80594
-3.05268
-2.47374
-1.27607
-3.69231
-1.53206
-4.79447
-5.1838
-5.03139
-1.28352
-0.00619039
-1.31916
-4.3576
-3.06543
-3.44679
-5.50907
-2.15164
-3.87828
-1.22296
-1.97884
-4.50329
-3.13242
-4.18496
-0.108572
-5.78778
-2.30725
-1.79054
-1.49739
-2.45265
-2.31104
-2.51592
-1.80756
-1.48866
-1.75311
-3.00886
-4.44291
-3.38197
-3.72783
-1.45739
-2.42696
-2.17639
-4.02269
-4.64024
-1.64125
-2.23777
-1.55879
-1.04954
-2.88639
-3.56606
-3.54002
-2.22246
-2.26838
-1.69925
-1.64368
-2.28898
-2.5346
-1.22531
-2.37601
-3.60029
-2.47548
-2.07816
-1.00573
-1.04666
-2.00157
-3.89548
-2.52545
-1.2924
-1.80897
-4.03654
-2.10877
-2.45896
-3.89517
-1.19174
-2.55615
-1.36568
-3.12163
-1.00526
-3.53885
-0.953195
-1.44224
-2.20745
-3.31209
-1.99951
-2.03705
-0.00930291
-4.65612
-2.04439
-3.37354
-1.60425
-5.71541
-2.12285
-0.957183
-1.92628
-2.29269
-3.81845
-2.23857
-1.36554
-3.39364
-2.16279
-2.47505
-5.3832
-3.99629
-1.14421
-4.50696
-4.64483
-0.976821
-2.26929
-4.84461
-1.57283
-1.48915
-0.161603
-1.65467
-1.63582
-1.05256
-4.62685
-1.34519
-0.411839
-0.451766
-2.24354
-1.23416
-3.15954
-4.3854
-2.3568
-1.18152
-3.34856
-2.17559
-2.15592
-1.64755
-1.33992
-2.0185
-2.09644
-2.05893
-3.52977
-3.92304
-1.69468
-1.51541
-2.39756
-1.96465
-1.75511
-0.745619
-1.78749
-1.67279
-3.50503
-0.746511
-3.57118
-4.27365
-4.23233
-2.25704
-1.56798
-2.31208
-1.75334
-3.33668
-2.45354
-5.39798
-1.58286
-4.68121
-3.79708
-5.50801
-0.388736
-2.36843
-1.88338
-1.85199
-2.3778
-4.83085
-0.470388
-1.04913
-1.68062
-3.97544
-0.864974
-1.79145
-2.00912
-4.38941
-1.94309
-3.49588
-1.1378
-4.9112
-1.87491
-1.99667
-4.08483
-1.96186
-3.25911
-2.25718
-2.59545
-0.998986
-4.8069
-3.43913
-1.57706
-4.58368
-1.76631
-4.20169
-2.24808
-1.56111
-2.28157
-4.92084
-2.71503
-2.72232
-1.73031
-4.916
-2.49187
-2.70908
-1.87416
-3.02968
-2.4325
-1.65594
-1.83187
-5.78778
-3.7473
-3.19086
-5.00327
-3.4818
-5.54146
-5.19438
-4.81871
-1.00497
-3.50298
-2.06788
-0.803109
-1.50951
-2.53892
-3.52964
-2.61413
-0.693579
-5.30777
-5.36748
-3.36999
-3.86712
-4.74468
-3.01824
-4.74335
-4.07931
-2.26068
-4.90901
-1.84958
-1.06943
-2.54987
-0.352487
-0.310751
-2.35836
-1.77036
-3.49678
-0.537914
-1.76855
-3.09233
-4.37785
-2.58173
-1.69879
-3.13629
-3.68822
-4.31821
-2.44006
-1.31463
-1.90186
-1.43944
-2.49939
-1.98281
-1.27384
-2.25324
-2.32721
-2.66726
-2.25947
-2.14062
-2.75565
-1.09963
-1.5374
-2.24444
-3.08941
-3.4135
-2.28124
-2.37014
-2.49912
-1.10208
-1.07073
-3.18727
-3.64322
-2.62636
-2.06755
-5.08661
-1.05834
-0.702056
-3.43844
-3.41547
-2.24006
-4.00641
-1.26153
-3.28232
-3.33407
-1.07513
-2.3282
-4.13592
-1.25487
-1.67177
-3.0444
-2.47101
-4.34748
-1.71731
-2.11876
-2.5902
-2.05627
-5.25411
-5.22205
-4.54944
-0.908352
-5.06783
-3.25368
-2.0528
-0.878334
-4.72528
-1.42287
-0.311755
-4.93979
-1.19101
-3.76198
-1.03586
-1.7517
-2.41577
-2.37831
-2.22387
-2.48202
-2.09699
-5.26077
-2.48053
-2.3807
-4.38592
-1.80915
-2.58777
-0.209517
-4.92248
-2.52167
-4.0096
-1.17256
-1.0178
-0.846384
-2.48642
-3.29393
-3.95543
-3.39939
-1.65703
-4.29381
-1.63861
-3.1756
-2.15758
-2.06739
-4.17737
-2.48286
-2.37849
-3.05424
-2.21519
-2.19457
-2.14561
-3.61698
-1.36924
-3.31354
-4.35666
-2.81795
-3.54389
-3.36923
-1.09301
-1.96085
-3.86
-1.47976
-1.67159
-0.875119
-4.56724
-0.941613
-2.13801
-1.75537
-2.1762
-2.47512
-1.3838
-1.66018
-1.40376
-1.62199
-2.28053
-1.27511
-3.43404
-1.88739
-1.48557
-2.40059
-3.39778
-2.63353
-3.46172
-0.300353
-4.27587
-3.01161
-1.3826
-4.40482
-1.81329
-2.12271
-0.900063
-1.93298
-2.29152
-1.76186
-3.57149
-2.38073
-1.35813
-5.04945
-3.32456
-1.09041
-3.60067
-3.51723
-1.60599
-1.2316
-0.955689
-2.10385
-3.64089
-2.4145
-1.12388
-1.04421
-2.12676
-1.05624
-1.60738
-4.81624
-1.5807
-3.49866
-2.12744
-1.7822
-1.72508
-3.66824
-5.14751
-0.181642
-2.72674
-0.408079
-0.917278
-2.60073
-2.37424
-1.39158
-4.36589
-2.66842
-3.08
-2.77479
-4.73079
-2.37467
-2.31537
-1.57295
-2.20623
-3.40459
-1.02204
-1.94939
-4.93031
-2.78198
-3.21202
-5.22352
-2.19916
-1.62324
-2.15458
-1.78713
-1.95627
-5.08424
-4.78236
-3.85656
-3.69447
-5.18078
-2.44596
-2.38478
-3.47616
-3.99787
-1.4705
-2.30158
-2.40107
-4.69218
-1.46852
-2.63202
-2.73077
-4.46968
-4.99624
-1.58283
-4.06155
-3.28512
-2.3547
-1.61288
-4.99441
-2.87743
-4.15199
-5.19472
-4.48154
-2.14467
-1.59823
-1.65201
-1.15913
-3.42406
-2.23036
-1.3322
-1.25797
-1.39067
-2.47675
-3.46707
-3.54443
-2.54333
-4.8764
-3.89956
-1.28235
-2.39557
-2.58384
-3.50617
-3.24842
-5.02379
-3.42945
-4.78718
-0.870042
-1.51887
-4.51153
-5.24776
-3.0671
-1.52518
-1.89239
-1.50733
-1.32399
-3.17281
-3.07583
-3.14471
-0.961822
-1.34409
-1.05401
-2.2053
-4.72544
-1.74211
-3.48136
-1.19737
-4.02721
-4.89015
-2.47971
-1.37262
-1.3378
-1.49346
-1.24114
-1.04794
-1.45015
-3.94806
-3.19493
-1.10005
-1.40535
-1.14101
-1.09006
-3.298
-3.45164
-3.36132
-2.13762
-4.63051
-2.18471
-1.66914
-5.42935
-4.0237
-3.44204
-4.51042
-5.42003
-0.301462
-1.1487
-3.35822
-4.57767
-4.70135
-3.18666
-2.84977
-2.37627
-5.20907
-3.72609
-1.90143
-4.79517
-0.545603
-4.81889
-4.37408
-2.44577
-1.52533
-3.20816
-4.53059
-3.4183
-0.593683
-0.803671
-4.61565
-1.51349
-3.4088
-1.49258
-0.295912
-4.4606
-4.53759
-4.962
-0.0317419
-1.14153
-4.87471
-1.31983
-1.80698
-1.6966
-3.38208
-4.00684
-1.13523
-4.8802
-1.66189
-2.65514
-1.59921
-1.1602
-3.87632
-4.00847
-1.7943
-4.95246
-1.81781
-3.61787
-1.09568
-4.44197
-1.72881
-4.68701
-4.25131
-4.7097
-3.5718
-4.02079
-0.494848
-0.439966
-1.09888
-2.06418
-3.85316
-1.94197
-3.24049
-0.576851
-1.30163
-4.68278
-3.39026
-5.74629
-0.418523
-1.05234
-4.7578
-1.36085
-3.60441
-2.18431
-1.45484
-2.10391
-0.427804
-1.09988
-2.83899
-5.18784
-0.0501992
-2.13009
-5.55699
-1.65386
-4.92939
-4.65388
-5.88858
-4.91691
-1.93842
-5.13978
-4.73788
-0.974905
-1.40304
-0.916054
-0.460545
-2.48625
-1.93613
-3.95095
-4.57459
-3.1337
-4.16951
-4.82273
-1.16599
-2.87976
-3.2037
-3.56113
-1.5124
-4.77246
-2.52628
-3.24333
-0.823021
-1.47399
-1.01521
-4.84241
-1.86016
-4.00081
-3.46991
-1.16099
-1.25519
-2.49815
-3.65003
-3.33856
-1.21305
-1.25657
-2.16789
-1.08937
-4.68379
-4.87638
-1.33396
-3.31468
-2.80931
-1.50001
-3.42056
-1.11884
-5.0044
-3.57776
-3.81911
-4.53893
-4.66966
-4.83805
-3.80517
-1.12862
-1.69251
-4.72718
-4.09049
-0.438643
-1.31142
-5.37567
-0.79272
-0.370928
-1.99051
-0.37448
-1.23683
-3.44003
-3.46589
-1.05461
-3.50294
-4.83949
-1.07722
-3.30597
-5.10824
-0.458452
-2.33297
-1.80962
-1.53605
-3.79702
-2.92202
-3.86524
-3.69517
-1.47104
-4.35862
-1.5081
-5.4392
-1.70628
-2.26631
-3.44512
-1.8377
-5.11641
-4.61961
-1.50171
-4.96497
-3.45253
-1.1873
-3.83858
-1.88933
-3.42402
-1.60003
-1.37489
-3.156
-1.13835
-1.4793
-2.43371
-0.667252
-3.25497
-5.52763
-1.2772
-5.16895
-3.24102
-1.39551
-1.62825
-2.18071
-2.44543
-2.95697
-3.12529
-5.57223
-1.21222
-2.61426
-5.01703
-2.28116
-3.32051
-2.14816
-3.4139
-4.0228
-4.08855
-4.88992
-4.72635
-5.18443
-4.36884
-1.0714
-5.16156
-0.777986
-4.46702
-2.25195
-5.92769
-5.57267
-1.19734
-3.98432
-1.13846
-0.629055
-3.45904
-2.46729
-1.54845
-5.64032
-0.895015
-2.38585
-4.97449
-3.55045
-4.35564
-1.94546
-3.39434
-5.81519
-2.35602
-2.37253
-2.52063
-5.08243
-4.66673
-4.78935
-0.541246
-1.12371
-3.20885
-3.06261
-2.40937
-3.85769
-1.15976
-3.42351
-0.317644
-5.66818
-3.86326
-4.49078
-2.73669
-1.10728
-4.76616
-3.95236
-3.73166
-1.24303
-3.46027
-1.5408
-5.57912
-1.91635
-3.75702
-5.7824
-0.549622
-2.29079
-3.31158
-4.68045
-1.63138
-1.12038
-5.38741
-2.18554
-4.78756
-5.06475
-1.0026
-5.71208
-1.19257
-5.23834
-3.15349
-4.50499
-4.6529
-0.530119
-3.34423
-1.02329
-3.46699
-4.7487
-2.85723
-3.09175
-0.463414
-1.54878
-3.31987
-3.02725
-0.860224
-2.40341
-1.10232
-2.20689
-4.70965
-3.12374
-0.729386
-1.19133
-2.49201
-4.94876
-3.35856
-2.05443
-3.09294
-1.5013
-0.631948
-3.40467
-2.06038
-1.17825
-5.09922
-5.71559
-5.30395
-3.811
-4.76647
-0.175999
-5.08273
-3.83794
-3.44892
-1.766
-1.05034
-3.4705
-3.39841
-2.07554
-2.26157
-3.52125
-1.61024
-2.31297
-4.42289
-3.27258
-3.5021
-4.74931
-4.97203
-4.36645
-0.632275
-4.73551
-5.01883
-3.48508
-4.65957
-4.52431
-3.42666
-1.17834
-2.21634
-2.18251
-3.54955
-3.25819
-4.01895
-3.93456
-2.03984
-3.55089
-3.51113
-4.22966
-1.5848
-2.413
-4.61073
-1.14011
-2.30882
-1.73873
-4.96685
-5.82985
-3.15095
-4.9034
-1.14749
-4.18399
-4.23935
-1.29805
-1.67033
-3.6882
-5.88151
-5.9986
-3.00578
-4.93748
-1.03539
-3.26978
-4.79897
-2.33354
-0.00209073
-4.65185
-1.66297
-2.39128
-4.33983
-4.06959
-4.70607
-2.35768
-4.44066
-4.3984
-1.11245
-1.05185
-3.54791
-4.47468
-0.139457
-5.09001
-3.63885
-4.17596
-1.17124
-4.68367
-1.55474
-5.43135
-3.36417
-4.85744
-2.37783
-4.90301
-4.87338
-5.20672
-5.55922
-4.20003
-4.14392
-3.19258
-0.33791
-3.4548
-3.38933
-1.49792
-0.396129
-5.44595
-3.46323
-1.48983
-3.38501
-3.79394
-3.61779
-0.967567
-0.00514969
-4.70688
-1.33015
-4.2132
-2.98834
-3.9292
-1.29134
-1.08979
-3.23976
-5.31117
-0.733693
-0.575249
-3.65729
-1.04023
-1.36223
-1.38735
-0.978512
-2.93235
-4.91004
-1.13475
-1.16658
-5.48367
-5.55568
-1.34294
-0.604946
-0.482382
-1.45631
-0.944385
-1.17803
-5.0279
-2.58878
-0.624106
-1.24013
-1.19946
-1.41604
-4.64671
-3.94183
-1.08517
-1.42595
-5.23201
-4.49493
-3.43211
-2.40639
-4.33305
-4.67918
-2.38978
-1.29063
-5.46788
-1.34298
-2.56174
-1.56649
-2.33034
-4.66098
-4.94111
-2.19002
-3.34547
-1.2028
-5.20943
-3.84509
-4.53381
-3.83866
-3.04475
-3.33864
-4.54434
-4.74167
-4.69777
-3.61508
-5.18589
-1.4033
-0.683259
-3.62466
-1.04921
-5.22841
-4.50461
-3.41958
-1.0559
-3.7858
-3.09111
-2.1828
-3.83774
-1.69633
-3.31662
-5.50516
-3.98667
-2.49931
-4.78752
-3.75666
-3.07777
-2.43269
-1.06908
-0.19875
-4.90117
-5.53024
-0.704491
-3.99205
-5.17327
-3.63467
-3.24094
-2.50232
-3.65106
-4.01757
-2.61843
-0.943262
-1.96684
-2.42923
-4.30352
-4.72261
-0.464241
-2.83037
-2.58058
-4.97838
-4.58529
-3.1171
-4.84217
-0.423161
-4.70529
-3.73603
-4.85957
-4.16908
-5.73179
-5.23084
-0.652363
-3.40229
-2.64112
-1.84501
-2.03849
-5.1667
-0.960291
-1.56462
-4.61083
-4.82665
-1.89228
-5.85376
-3.26761
-5.07902
-4.05083
-5.46645
-4.06993
-4.47596
-1.61572
-2.20281
-3.33833
-4.73015
-3.33747
-3.191
-3.69656
-4.61833
-4.9987
-4.40019
-2.98638
-4.91159
-3.44668
-2.80917
-1.08617
-4.76326
-2.46141
-0.9571
-3.48199
-3.28863
-0.589792
-2.58112
-2.37277
-5.13406
-3.28092
-3.42653
-2.38276
-5.10435
-2.88495
-4.85289
-0.966645
-2.35538
-2.26079
-4.80595
-3.12086
-1.30724
-5.1249
-3.45169
-2.7556
-1.44363
-0.963128
-1.10297
-0.309655
-1.53848
-4.91161
-4.81452
-1.05551
-2.18447
-1.05943
-4.83689
-4.8225
-3.72633
-3.67836
-4.40958
-1.88333
-2.24383
-1.11127
-5.16556
-3.35616
-3.39231
-0.495431
-3.39415
-1.13279
-3.57611
-2.39777
-2.05196
-1.12283
-2.21277
-2.47504
-5.26386
-2.73533
-2.94824
-3.78363
-4.06957
-3.62097
-1.57559
-3.38235
-5.1835
-3.47625
-0.992337
-0.412027
-0.926524
-4.30843
-1.31775
-5.2487
-1.28414
-4.93935
-4.30191
-2.28709
-1.52821
-0.988041
-0.94517
-1.05627
-3.55507
-5.80892
-4.7251
-5.73029
-0.910709
-4.02185
-4.85385
-3.48478
-4.71911
-4.58933
-4.768
-2.44379
-1.23625
-4.0777
-0.994017
-5.13277
-1.78871
-2.88003
-4.57198
-5.20798
-3.3736
-2.65937
-4.48258
-4.99188
-4.59079
-3.45282
-1.28662
-5.30151
-3.24691
-3.31354
-1.49202
-2.82428
-0.987297
-5.02167
-2.58542
-4.89649
-1.17405
-0.406003
-2.21848
-5.72189
-4.38277
-1.1859
-4.67087
-3.59172
-4.7724
-4.19772
-3.11812
-1.06941
-3.44438
-2.97059
-1.07525
-3.50459
-4.71921
-4.81878
-4.01448
-2.31709
-4.67751
-3.32591
-3.38332
-3.46949
-0.905124
-5.22342
-1.13569
-1.34842
-5.76404
-3.35361
-4.35774
-0.548132
-4.76913
-1.13495
-4.32085
-0.554612
-2.5129
-4.10902
-3.50982
-1.84525
-3.91315
-1.09036
-3.39258
-1.08545
-4.52052
-0.871156
-2.08921
-4.82701
-1.83155
-3.9753
-1.84467
-2.32169
-5.71696
-3.06956
-4.49982
-2.22064
-1.2677
-0.485396
-4.7389
-2.96119
-1.81004
-5.21386
-2.68766
-3.97208
-4.76596
-5.17446
-4.67349
-1.09795
-5.26499
-2.54791
-1.01578
-3.56562
-2.99675
-5.08399
-4.44226
-5.2927
-1.27836
-4.8623
-2.04977
-0.548821
-4.76384
-4.84962
-3.08678
-2.9017
-1.9028
-4.6885
-4.2498
-4.36735
-4.34393
-3.46363
-5.10573
-1.63551
-1.14735
-0.163951
-4.22282
-5.22102
-3.36279
-4.81309
-0.911327
-3.42608
-2.68923
-3.69562
-5.39525
-2.56471
-0.314514
-1.83318
-0.951204
-3.10039
-0.347104
-0.275113
-2.90201
-3.5776
-1.89852
-1.14594
-2.53502
-3.36445
-3.56815
-3.43256
-1.50393
-4.9249
-2.67155
-2.10268
-1.66596
-3.22731
-3.69699
-3.20975
-0.970172
-4.82
-3.04325
-3.41153
-1.17334
-4.84812
-4.97256
-0.567292
-4.99129
-0.0258038
-2.39085
-0.987732
-0.421205
-4.28281
-4.87099
-3.56801
-0.84531
-4.24717
-4.73271
-3.4995
-2.57995
-5.09964
-1.42613
-3.31303
-4.7597
-0.0608855
-2.20467
-2.39409
-0.725962
-3.43196
-0.592985
-0.736289
-0.795154
-3.63072
-3.58592
-3.20554
-4.70021
-1.25606
-3.32907
-1.00762
-1.45769
-2.22691
-1.72299
-1.11262
-3.51725
-1.06363
-2.99981
-1.58279
-0.652407
-1.12915
-4.93104
-5.20908
-4.39613
-3.30166
-1.60124
-1.62289
-0.206724
-0.683292
-4.82136
-1.55077
-5.45332
-2.54401
-3.78108
-4.7576
-2.88657
-0.776042
-0.151057
-4.61152
-2.39406
-0.945397
-2.26673
-1.30102
-5.12496
-4.29398
-1.52596
-1.55785
-3.62995
-4.67975
-3.66717
-1.20883
-5.1354
-4.57151
-1.80247
-1.5147
-4.98688
-3.62414
-2.4032
-4.93277
-5.28588
-3.04427
-3.32688
-0.947902
-3.81303
-3.77848
-0.926308
-1.12903
-4.12082
-3.71475
-2.30578
-4.97443
-4.81056
-3.35046
-4.30705
-1.56485
-4.74818
-1.78723
-5.21187
-4.85362
-2.80852
-3.94764
-1.2364
-4.86008
-3.14183
-3.37089
-4.00713
-1.48827
-1.25735
-1.47792
-1.04765
-0.60963
-1.10137
-4.74382
-3.60671
-0.809185
-4.63239
-0.425173
-3.45695
-5.71797
-4.42348
-3.49168
-3.51177
-2.41555
-2.51361
-3.49622
-4.71369
-3.33568
-4.93632
-1.13132
-1.0535
-5.10969
-5.20268
-4.65416
-3.09495
-1.00762
-5.15087
-2.84974
-2.99994
-3.80989
-3.57224
-5.73611
-1.15664
-1.66122
-4.58853
-5.03546
-3.8852
-2.25121
-1.14129
-2.92281
-5.21183
-5.08363
-5.1945
-5.60366
-3.09619
-5.61184
-3.20444
-4.8546
-5.16988
-0.799574
-1.04241
-0.194695
-4.93378
-5.13478
-3.69896
-0.986873
-0.941482
-1.52046
-4.87755
-3.08576
-1.52764
-4.669
-1.84069
-0.640147
-1.17428
-3.45237
-0.95063
-4.69309
-4.73011
-4.34315
-2.78327
-3.49379
-0.890924
-2.52593
-4.42009
-3.2539
-4.9697
-3.43521
-2.96907
-1.1618
-5.22103
-1.0862
-4.26594
-4.00217
-0.999204
-5.24581
-4.90818
-1.4367
-4.90518
-3.42981
-4.76133
-2.58236
-0.254746
-3.95899
-5.22042
-3.39645
-3.50234
-3.61521
-0.974654
-3.32045
-3.54213
-2.8492
-0.805811
-3.21479
-1.76269
-3.99907
-2.51598
-0.804219
-6.07424
-4.47986
-5.51671
-4.22933
-3.49352
-1.70935
-5.17632
-1.11791
-0.926652
-2.17111
-1.57546
-2.64785
-4.89644
-3.27223
-3.57207
-4.66826
-4.4678
-0.0513252
-4.70891
-4.64809
-1.13958
-1.63833
-3.74341
-3.05286
-3.86189
-1.01369
-5.43683
-4.52532
-1.25355
-1.76091
-4.5899
-3.48123
-1.01287
-1.09901
-4.7439
-3.48109
-5.71153
-1.19724
-1.20678
-1.8851
-2.56759
-0.678751
-4.24688
-2.10654
-3.12833
-4.50941
-4.88205
-2.07985
-1.0098
-4.47397
-1.27665
-1.11268
-4.75982
-3.54664
-3.87759
-3.09795
-4.65884
-0.0687312
-4.69852
-3.35051
-4.58544
-0.982501
-2.50049
-4.87142
-4.06931
-3.3849
-3.78629
-3.22338
-3.94146
-0.972392
-3.29586
-5.06757
-3.23024
-5.91378
-2.2773
-2.19295
-1.92629
-1.0433
-0.875462
-1.05555
-4.74309
-2.40124
-1.07656
-5.00343
-3.08259
-1.05374
-1.02678
-4.82774
-5.11413
-1.29743
-5.28971
-2.4762
-0.611706
-3.32275
-3.45577
-4.86268
-1.002
-4.78581
-0.871054
-3.34043
-3.80581
-0.908329
-3.64311
-5.45919
-1.09764
-2.25197
-4.2428
-0.82369
-3.42722
-2.16958
-4.44661
-5.7606
-1.20988
-1.06567
-1.01051
-3.43968
-3.00983
-1.97752
-5.17689
-0.300432
-4.34257
-5.23925
-2.91701
-2.47955
-2.2043
-2.49178
-2.38563
-3.68432
-1.76658
-1.04724
-4.64739
-3.67956
-0.140975
-3.57809
-1.18087
-0.0884699
-1.57066
-1.92852
-3.09059
-1.09551
-3.50768
-2.82775
-4.07527
-3.28102
-5.07816
-0.851629
-5.45034
-0.947362
-2.15525
-0.833598
-2.38569
-1.45412
-4.22778
-3.22132
-5.26644
-0.56289
-3.23602
-4.24432
-5.09941
-2.28337
-0.0392216
-4.97865
-3.48433
-2.33918
-5.25538
-1.71856
-1.17343
-4.93047
-2.47672
-3.40511
-5.2176
-3.53094
-4.98222
-3.33002
-4.46156
-4.71023
-3.25272
-1.52931
-0.755453
-3.07916
-2.28479
-1.60171
-0.157357
-1.42821
-1.61883
-2.89364
-2.31233
-3.68215
-2.62939
-1.03727
-2.87734
-6.16498
-1.05794
-3.58305
-2.53891
-1.62903
-5.11922
-3.37415
-1.13578
-1.16103
-2.3465
-3.31262
-2.45595
-4.25603
-4.23696
-2.26319
-1.00762
-1.30116
-2.49291
-2.80802
-4.11574
-3.52889
-5.00154
-1.53594
-3.32188
-5.49923
-1.62528
-1.31752
-0.990444
-3.39805
-4.6675
-2.74896
-2.00169
-0.495181
-3.39906
-4.91185
-1.81947
-3.36828
-2.87691
-5.01022
-2.1529
-1.35464
-4.88631
-3.022
-1.99913
-3.59155
-2.33818
-1.05877
-1.449
-3.45512
-1.9907
-4.13207
-1.41437
-1.13561
-4.71231
-0.880588
-5.75361
-1.99882
-1.30088
-3.55269
-4.10485
-1.61469
-1.84586
-3.21032
-0.516334
-1.33692
-3.74994
-0.993146
-2.36236
-1.36749
-0.781723
-3.47388
-0.820129
-4.19871
-1.06873
-4.36002
-2.27948
-4.6728
-3.02084
-0.92524
-5.44938
-4.77561
-5.13993
-3.04114
-1.0452
-4.71515
-1.56924
-0.541131
-0.442267
-2.68166
-4.89999
-2.12231
-1.67746
-3.49238
-2.7416
-2.5015
-4.25663
-2.48941
-5.19083
-3.39576
-5.78183
-1.1438
-4.75706
-4.05893
-1.08139
-0.90716
-4.75365
-4.19666
-5.13323
-1.45732
-2.07877
-5.59109
-2.2691
-3.61252
-4.75234
-4.2351
-4.73869
-0.290431
-2.47561
-4.56965
-3.31585
-5.05264
-0.433796
-4.92809
-5.25769
-3.40389
-2.33758
-3.22255
-3.37845
-1.19822
-3.52985
-4.57309
-5.33361
-1.69536
-1.04664
-2.05968
-1.09307
-3.45326
-3.47492
-2.41474
-4.27869
-5.58227
-3.88921
-0.806334
-4.94188
-1.0813
-2.48402
-5.26239
-0.95131
-4.77304
-4.27853
-2.04875
-2.44748
-3.57613
-5.71796
-4.13164
-3.472
-3.44744
-0.151174
-2.49928
-2.3181
-4.51196
-1.11889
-0.815112
-4.73424
-0.111901
-4.80219
-4.52108
-2.34159
-4.55558
-3.70159
-5.13025
-1.11456
-5.7438
-3.72814
-4.53283
-5.11864
-2.52527
-1.12434
-2.76206
-2.88479
-2.80796
-2.74457
-3.27359
-5.02476
-2.292
-1.33636
-2.4272
-4.54388
-3.55632
-2.21845
-2.5776
-4.99527
-4.74485
-3.64267
-5.71475
-1.11062
-3.00303
-1.32523
-2.40292
-4.8348
-2.8223
-3.11351
-3.05788
-3.30267
-0.353729
-3.46613
-1.4481
-3.36512
-1.84891
-1.81795
-3.00185
-3.71079
-1.08891
-3.56891
-1.90996
-4.71921
-1.25035
-2.1948
-3.14103
-4.26115
-3.70723
-3.37486
-1.28107
-2.76888
-2.88701
-4.73064
-4.70872
-1.47088
-2.33907
-1.4014
-5.0501
-2.952
-2.49629
-4.30137
-3.61026
-2.14809
-2.46973
-5.12071
-4.4571
-2.38433
-1.86691
-2.57511
-4.39549
-3.51077
-4.72345
-4.8157
-1.48668
-0.253239
-2.98401
-4.79509
-3.7758
-5.77443
-4.31951
-3.3763
-4.94396
-2.56192
-5.24297
-2.08727
-4.6606
-4.23805
-1.0619
-2.99229
-1.54022
-2.40568
-2.38203
-2.26653
-3.63114
-1.91249
-2.44084
-4.67866
-5.22327
-0.856571
-4.9713
-1.6226
-2.58592
-3.89338
-4.33464
-2.10233
-2.63605
-1.44878
-4.30287
-3.39605
-2.78206
-2.9822
-3.32095
-3.62919
-4.62336
-1.83939
-3.15149
-4.1556
-0.363993
-2.37779
-0.476352
-3.20078
-5.79674
-5.21622
-1.09475
-5.41053
-3.09985
-1.56092
-0.785488
-4.15546
-2.22239
-2.36885
-0.105355
-3.46916
-4.99739
-0.956305
-1.11953
-0.637304
-0.997006
-2.82196
-4.96019
-3.43549
-0.503871
-2.05304
-1.16023
-4.02845
-5.92347
-0.106056
-2.61275
-2.60305
-5.07656
-4.63716
-1.62371
-0.275879
-2.113
-1.3528
-5.04301
-5.29123
-4.88761
-1.01886
-0.439491
-2.36908
-1.35637
-2.25721
-3.38257
-2.29858
-2.76071
-0.883173
-1.04701
-3.98552
-1.1125
-0.852273
-3.43878
-0.910987
-3.3858
-2.61938
-2.26706
-2.2562
-3.41589
-2.23055
-4.80892
-1.03401
-4.55265
-5.13098
-4.87105
-2.23302
-2.44421
-3.16516
-0.526125
-2.03758
-1.11051
-0.963742
-3.19503
-3.88089
-4.96226
-0.350186
-2.57986
-0.405117
-2.27969
-5.22742
-5.43255
-2.16302
-0.741967
-0.574884
-3.0663
-0.580972
-3.65919
-1.56868
-2.40239
-4.20088
-3.47581
-1.26444
-0.769663
-1.93877
-1.20087
-0.219808
-1.08128
-4.00435
-5.06312
-1.08869
-1.1195
-3.89718
-1.25541
-4.34936
-3.3984
-4.74756
-1.91923
-1.37076
-2.79687
-2.055
-4.89702
-5.51848
-3.44239
-3.06978
-2.47291
-2.61379
-0.976766
-3.29435
-2.61636
-4.6994
-2.24101
-4.78294
-4.76496
-1.32584
-2.97154
-0.165441
-2.24482
-4.64628
-4.70143
-4.25409
-0.116658
-1.44014
-4.36153
-5.256
-4.43892
-2.62053
-5.07198
-2.6004
-0.136593
-1.34057
-0.681201
-0.314254
-1.54831
-0.955971
-4.57093
-3.48624
-3.56844
-3.17843
-4.00297
-2.80997
-1.46713
-4.64756
-4.35195
-1.36082
-4.65143
-5.26166
-4.2432
-3.9561
-4.99372
-1.74925
-3.31556
-0.984571
-5.24549
-2.50441
-3.79486
-3.97543
-4.24738
-3.58373
-4.15736
-3.4797
-3.49009
-3.67915
-3.57785
-0.319723
-4.95466
-0.817729
-3.5027
-2.28199
-5.0593
-4.16999
-3.56322
-4.21244
-5.22463
-3.04521
-1.42019
-1.26814
-3.29154
-2.17812
-3.02483
-1.04493
-0.831002
-1.04949
-5.78876
-3.00751
-5.03006
-3.86723
-2.95876
-5.14246
-3.01083
-1.68257
-4.38869
-1.14194
-2.80085
-0.445551
-3.02729
-3.19916
-1.74077
-5.43011
-4.44725
-4.65023
-5.00972
-0.810787
-5.24548
-4.65199
-1.26554
-2.35934
-3.51788
-2.83839
-3.49426
-1.78894
-1.04012
-1.15961
-1.05518
-3.36381
-5.19707
-2.45852
-4.97385
-1.84558
-0.661589
-3.26899
-2.1028
-2.52272
-5.60093
-3.36116
-0.539462
-2.77182
-4.03623
-1.11477
-3.51182
-0.413754
-5.34991
-2.05779
-1.29416
-1.83413
-4.77049
-4.98816
-1.03578
-3.17598
-2.33122
-0.0623986
-5.13282
-4.7377
-1.43274
-3.38293
-0.973267
-4.70853
-1.18439
-3.5292
-5.22773
-3.6843
-5.1533
-4.19559
-2.50003
-3.51354
-2.32175
-0.266916
-1.44681
-3.21395
-3.32608
-2.99404
-1.47638
-0.892787
-5.16063
-3.52476
-4.1282
-1.80808
-4.6654
-0.884444
-5.24123
-3.28042
-2.19321
-3.33555
-3.37928
-3.39151
-3.33119
-4.23286
-1.15889
-4.75744
-4.22937
-4.68886
-4.29436
-2.19669
-1.07742
-1.24744
-3.17781
-0.898025
-1.5621
-2.59612
-2.38936
-3.44663
-1.39734
-5.48792
-3.74136
-2.25465
-1.24412
-0.335484
-2.64039
-1.06831
-2.75135
-1.10609
-4.7409
-1.45812
-4.26874
-0.894926
-2.47228
-3.76756
-1.96032
-3.02546
-1.06395
-2.38297
-1.1209
-2.37937
-1.04985
-1.16578
-2.96161
-1.29497
-4.69232
-3.04707
-4.18846
-4.6007
-3.63251
-2.29749
-1.06664
-0.888765
-2.29992
-0.875486
-1.20996
-4.76194
-4.93018
-2.71298
-2.48428
-4.48087
-2.25368
-0.773006
-0.596114
-1.8106
-2.59157
-4.69503
-1.09662
-2.3778
-2.23939
-2.30311
-0.415015
-3.07908
-4.74207
-1.59238
-3.28496
-5.14498
-4.73748
-2.90846
-3.91375
-0.973481
-5.15676
-3.54524
-3.77563
-4.06374
-0.107387
-0.815254
-3.4862
-3.93465
-1.81372
-5.0624
-5.14684
-1.54225
-0.50021
-2.4335
-1.30585
-3.48768
-3.41934
-2.12356
-1.75792
-1.02089
-2.54377
-4.18353
-3.66599
-1.11787
-0.393316
-1.01994
-3.79626
-4.43316
-2.06922
-3.39589
-2.44972
-1.21292
-3.44954
-1.61788
-2.35074
-5.08701
-2.59136
-5.4225
-2.53379
-4.29053
-3.20038
-2.99335
-4.25132
-1.23843
-0.20971
-5.62636
-1.12918
-3.60819
-5.13382
-3.32386
-4.24249
-4.73724
-2.91091
-2.87655
-1.08956
-1.18528
-4.61055
-2.46056
-0.817076
-4.63228
-1.38795
-1.12768
-3.83768
-4.92002
-1.6131
-1.94395
-2.44827
-2.43574
-1.23055
-5.00134
-3.5569
-0.371233
-2.34985
-2.69185
-0.806047
-5.06926
-3.13868
-3.55706
-5.34211
-5.62319
-1.39331
-5.13315
-2.06326
-3.59244
-2.68467
-3.9575
-2.37967
-2.71893
-4.44555
-3.35893
-0.578245
-3.56893
-5.30983
-3.838
-5.1296
-5.0033
-3.49248
-5.75307
-3.44885
-1.34733
-2.2176
-1.11332
-1.47518
-1.11574
-4.73574
-2.35467
-1.27748
-5.23093
-5.32258
-1.07232
-2.9719
-5.12301
-1.09204
-3.69861
-0.683486
-3.15139
-3.83592
-1.30818
-5.16001
-3.4998
-3.38943
-1.04379
-3.72098
-4.54672
-5.24238
-4.80577
-0.240253
-1.15919
-3.23699
-4.32509
-1.11329
-0.213784
-2.31319
-4.64772
-2.09262
-4.39661
-2.62846
-2.61418
-2.16928
-1.57548
-2.79547
-5.39518
-3.36322
-2.37715
-1.87354
-3.70985
-1.55467
-4.76657
-4.89553
-3.03569
-1.11823
-2.91288
-4.99765
-3.49296
-5.15906
-4.80076
-1.69892
-5.0285
-3.38714
-4.75532
-4.67479
-0.425049
-3.33114
-0.186398
-1.06942
-1.16476
-5.1787
-2.24788
-0.828025
-2.12091
-5.17507
-4.33716
-5.76517
-0.564559
-1.71319
-3.34417
-0.0823983
-2.28168
-4.65023
-3.73875
-2.68026
-1.7029
-2.8502
-4.99273
-4.43616
-2.94358
-2.30808
-4.85991
-2.44927
-3.35228
-0.273907
-1.37518
-4.11887
-2.43817
-1.02522
-4.24889
-1.96842
-0.194482
-2.82412
-0.907292
-4.83714
-3.90086
-4.36526
-3.89615
-4.24381
-4.36984
-4.44484
-1.12271
-1.1824
-0.0538997
-4.22701
-0.196799
-2.85347
-4.39683
-0.336265
-5.53373
-1.04798
-3.74916
-4.31502
-0.937551
-2.52558
-1.40725
-3.30453
-1.11464
-2.70625
-1.50045
-3.35046
-3.69128
-0.305248
-4.70982
-0.109261
-4.23858
-2.86214
-3.81081
-2.73099
-5.06541
-1.11016
-4.77387
-4.47894
-3.58516
-1.92274
-2.30582
-2.11518
-1.6821
-1.1149
-4.2393
-0.416466
-1.9736
-4.8751
-0.857415
-3.02525
-4.32351
-1.85846
-3.01767
-3.50495
-0.796486
-3.40828
-2.74752
-4.83707
-3.66866
-2.03545
-1.7131
-4.24974
-5.21994
-4.10831
-2.43921
-3.87559
-2.63406
-3.70488
-4.45351
-0.500455
-1.13351
-1.18221
-1.34775
-3.57407
-4.29405
-4.5356
-1.2017
-5.36918
-2.10395
-5.30928
-3.32267
-1.76321
-2.20216
-3.51923
-3.52421
-4.87738
-2.91314
-5.00243
-0.406405
-5.07709
-1.01939
-3.48903
-1.46167
-3.63749
-1.5086
-1.12209
-5.48179
-3.52892
-3.20259
-1.7799
-0.642096
-1.0059
-2.3249
-0.0803076
-0.499613
-1.60085
-2.40834
-3.60479
-1.5857
-5.6399
-4.83464
-2.43045
-1.06293
-4.80135
-5.02227
-0.979581
-1.4581
-5.23834
-1.55396
-2.41724
-4.00583
-3.74568
-4.88968
-1.22977
-3.0263
-5.11254
-1.1595
-0.20549
-3.42645
-2.17731
-3.11607
-1.06566
-3.47581
-2.28217
-3.85588
-4.2543
-1.08869
-2.01178
-2.93864
-3.14213
-3.30032
-4.5638
-3.50388
-5.53317
-5.3097
-2.15535
-1.05911
-1.54172
-3.21442
-4.37836
-3.46659
-0.461087
-2.32425
-3.59881
-5.09688
-2.85203
-4.79664
-2.9113
-5.43192
-3.44398
-5.14374
-4.93696
-3.14767
-1.05176
-3.51333
-4.74804
-2.97284
-1.91668
-3.95529
-3.12203
-2.42869
-1.65044
-1.62414
-4.67465
-0.85283
-1.05237
-4.99439
-1.44957
-3.67706
-4.96997
-5.13085
-3.46232
-2.73732
-5.37587
-5.18867
-5.28144
-3.38266
-0.215513
-3.41807
-5.48421
-3.8126
-1.11436
-0.679881
-2.31489
-5.18249
-2.05878
-4.25804
-1.11357
-1.44967
-1.05972
-5.01737
-1.17961
-1.17884
-1.04861
-3.46265
-2.06027
-4.34327
-4.23156
-0.873378
-4.31131
-3.52711
-4.20721
-0.695976
-4.26314
-3.59814
-2.38761
-1.61916
-4.61658
-2.31179
-3.53065
-5.23335
-1.92073
-1.32446
-2.53447
-2.43976
-3.04662
-0.0648585
-0.297891
-1.28542
-3.54384
-3.57135
-4.53054
-2.49673
-0.532097
-2.79886
-0.438884
-3.55238
-5.12161
-3.47032
-1.29956
-1.16809
-3.09496
-3.76837
-2.975
-2.85787
-1.11474
-4.17702
-4.70886
-4.37289
-4.31555
-4.27019
-2.53805
-2.0104
-2.50116
-5.1901
-3.30408
-4.3423
-3.59248
-2.53155
-3.31602
-3.61392
-5.162
-2.11672
-1.16314
-3.72354
-3.51293
-3.50578
-2.90567
-2.42099
-2.21134
-0.735987
-5.04887
-1.91325
-2.17773
-4.48307
-3.33567
-3.6607
-2.30971
-4.2324
-4.75621
-0.754933
-0.481595
-1.54721
-3.29623
-4.51847
-4.48215
-1.57467
-5.11437
-2.38264
-2.13143
-4.67715
-1.11679
-0.549371
-2.39688
-3.64572
-3.89133
-2.01823
-3.30557
-2.37089
-1.17652
-4.15943
-3.47761
-5.39637
-4.85126
-3.18115
-3.71827
-1.40952
-0.25868
-2.52738
-2.36655
-3.49925
-3.96077
-5.77221
-3.91526
-0.185956
-4.4458
-1.77424
-2.01328
-6.15842
-2.13638
-4.44121
-1.34186
-1.1329
-5.15912
-4.62496
-1.70757
-4.21641
-1.64528
-1.16565
-3.60847
-2.53207
-1.56198
-5.62685
-4.79468
-5.49943
-2.31446
-1.19417
-1.72737
-4.93584
-4.15174
-4.47097
-3.90745
-1.17429
-3.59281
-4.91929
-2.89207
-1.35039
-2.62566
-4.61628
-1.30934
-3.21907
-3.30116
-1.0687
-3.47981
-4.95272
-3.44025
-4.78412
-1.62541
-3.46918
-2.29577
-3.28255
-3.3589
-0.824487
-4.02006
-3.45994
-1.1284
-1.654
-3.0027
-4.27218
-1.10854
-0.824216
-1.40823
-4.73715
-0.896378
-0.0653189
-2.74526
-0.610532
-2.0505
-4.85574
-3.59432
-1.13001
-2.50444
-2.04535
-3.29568
-4.31581
-1.44186
-3.55994
-3.33639
-4.02743
-2.21892
-1.51566
-5.12342
-4.74193
-3.5528
-3.65566
-4.26001
-4.29301
-4.71595
-1.12821
-2.64026
-5.21985
-4.47619
-2.11719
-3.73553
-1.4673
-2.81177
-2.18053
-3.50763
-4.73254
-4.24603
-3.25628
-2.72774
-1.25536
-3.5415
-3.71863
-4.0133
-1.00612
-3.26676
-4.3855
-2.58354
-4.51527
-1.30331
-3.77498
-1.11039
-4.70111
-0.314212
-3.2705
-1.47492
-4.90155
-3.73902
-2.33736
-1.67888
-1.14639
-1.61383
-3.44158
-3.39139
-1.71243
-2.06806
-4.16763
-5.37896
-4.98389
-1.17195
-4.51937
-5.19886
-2.01802
-4.46306
-1.16305
-2.91555
-1.11709
-2.22925
-1.19726
-3.09636
-4.98579
-4.75323
-2.92722
-4.62149
-0.335375
-4.53614
-5.19807
-2.06468
-3.29615
-3.05515
-4.29196
-3.39545
-3.12418
-2.5093
-4.71124
-3.6627
-2.84727
-1.80699
-1.2245
-1.15975
-1.94541
-0.963022
-3.41096
-5.21244
-1.24245
-3.43969
-1.67652
-2.20627
-3.12605
-4.24228
-1.08118
-2.49838
-3.44286
-3.29082
-2.92602
-4.0898
-0.695649
-1.07797
-3.27929
-5.43125
-2.60629
-4.98652
-3.04457
-2.49353
-4.9575
-3.91017
-4.90241
-4.38024
-4.33957
-3.27068
-3.93367
-2.95853
-3.07967
-1.26772
-4.62412
-4.04945
-0.841917
-1.54686
-4.66948
-5.60473
-5.35083
-5.15393
-4.98671
-5.10201
-5.23782
-4.66945
-4.41919
-0.965268
-1.94371
-5.79796
-0.835495
-2.40527
-3.35895
-1.05635
-4.7456
-2.84009
-0.746389
-3.39572
-3.31824
-0.0618987
-2.28987
-4.51601
-3.54488
-4.61253
-4.48332
-1.69045
-4.49271
-0.595198
-4.64087
-0.456742
-3.49954
-3.29414
-2.38446
-3.3211
-1.22503
-2.03129
-2.50861
-2.71956
-1.91509
-2.3456
-4.91372
-0.277096
-2.95977
-4.98064
-2.92197
-4.62461
-4.77337
-2.1628
-3.77425
-1.04128
-3.53612
-1.58926
-2.59504
-5.27628
-4.87094
-3.28129
-2.60421
-3.81319
-5.3356
-3.28658
-4.59208
-5.15483
-3.15566
-2.76648
-2.20464
-5.02064
-3.33064
-1.14971
-4.981
-3.58566
-4.22136
-1.93838
-4.3871
-3.26891
-1.51295
-1.35161
-3.33147
-3.25231
-4.07223
-0.391218
-1.22866
-4.02088
-0.810818
-3.46403
-4.38294
-4.76836
-1.15974
-2.55374
-3.48456
-5.35795
-1.38764
-4.77473
-4.42829
-0.454314
-1.98616
-1.14516
-1.74541
-0.707431
-1.7756
-5.09157
-1.96773
-3.64126
-1.6188
-1.09077
-1.06929
-5.65593
-3.10627
-4.66622
-5.66997
-0.483276
-0.894746
-0.267568
-3.39341
-5.25855
-4.49931
-5.4244
-4.74724
-3.94943
-1.23482
-3.52698
-3.53428
-5.36651
-2.81922
-5.23332
-2.38537
-5.23003
-4.20725
-5.55495
-3.88045
-4.60084
-4.56707
-5.00682
-0.0286277
-1.31054
-1.08381
-3.49188
-4.29148
-2.18296
-3.0137
-3.483
-1.23173
-5.54059
-1.11434
-1.24198
-2.4326
-1.73365
-3.69033
-1.97984
-3.54174
-5.3705
-1.05047
-4.75713
-1.16428
-2.74043
-3.59339
-4.91192
-2.44314
-0.461246
-1.1966
-1.58244
-3.70865
-0.628669
-1.3556
-2.36903
-0.649306
-4.37965
-2.48517
-0.610625
-1.12576
-3.96074
-2.70948
-5.48351
-4.80088
-3.47084
-5.11884
-0.661116
-1.60943
-2.29738
-3.377
-3.99399
-2.39113
-3.94963
-5.75047
-0.250504
-4.28324
-2.9275
-3.79884
-2.09424
-2.19869
-3.64311
-4.96561
-4.06821
-1.27189
-4.00915
-4.73733
-1.80066
-2.10121
-0.741096
-5.76933
-2.3933
-0.0186444
-2.39245
-5.55697
-4.70574
-0.327633
-1.04454
-4.76712
-2.36152
-2.0583
-1.02487
-1.12523
-4.85875
-1.86717
-1.45855
-3.93622
-1.11279
-5.84073
-2.36455
-3.23383
-0.0464305
-4.96168
-3.94185
-2.51587
-0.178772
-4.39382
-4.8686
-3.46505
-5.16002
-3.51293
-3.91688
-5.81557
-0.89713
-1.9453
-0.030406
-1.04115
-3.60615
-4.74059
-1.88446
-1.04544
-1.6099
-3.71954
-3.34574
-2.94216
-0.383231
-4.30448
-4.54113
-5.18863
-3.36709
-2.03279
-5.78034
-1.47265
-2.49564
-2.15459
-3.46767
-4.45103
-1.21297
-1.80705
-3.60519
-4.66943
-2.03715
-4.4671
-3.38392
-0.774673
-3.14249
-2.48632
-1.27218
-2.54193
-1.04957
-1.60352
-2.45476
-1.1172
-2.62446
-4.63369
-0.922822
-4.92352
-5.00461
-0.974904
-1.21624
-4.93142
-4.55031
-4.47993
-0.586647
-1.51747
-2.28797
-1.75603
-0.904065
-3.28195
-0.916531
-2.31188
-1.52293
-1.91532
-1.90814
-4.58379
-4.95052
-1.72051
-0.119901
-5.77833
-5.79078
-1.75612
-4.7946
-1.53439
-1.92242
-3.92127
-2.5319
-1.43856
-3.44531
-1.26286
-4.85303
-3.55535
-4.21318
-5.27637
-3.36398
-3.49222
-1.20764
-4.68963
-5.80277
-1.37026
-3.33779
-4.79614
-2.83572
-4.74632
-3.38307
-1.27612
-1.90833
-3.10005
-5.22277
-0.800084
-4.67239
-3.22654
-0.555323
-3.41937
-4.55948
-3.5232
-2.71863
-2.28882
-2.0589
-2.68869
-3.48858
-3.41183
-5.15435
-3.37584
-5.1784
-3.39921
-1.53183
-1.42639
-5.14932
-3.50947
-1.44112
-4.28533
-0.172748
-0.650236
-1.90643
-1.30671
-3.3058
-3.48766
-4.83072
-0.797421
-2.69574
-4.79711
-3.0397
-1.00663
-3.88819
-5.19394
-4.8116
-4.33689
-0.256827
-4.63754
-3.91105
-3.64462
-1.41523
-2.10674
-3.80767
-3.79906
-1.40446
-0.495897
-3.44199
-3.4298
-4.8694
-4.64704
-3.49088
-3.51384
-1.05888
-2.53787
-1.465
-3.67692
-5.33859
-0.991509
-1.06687
-2.16747
-1.19064
-1.70591
-5.32755
-0.245952
-5.19759
-4.37954
-1.04245
-1.30015
-1.16649
-0.188478
-1.12955
-4.43393
-2.61946
-5.01572
-3.36143
-3.33541
-4.25886
-4.32285
-2.19921
-2.64073
-1.1255
-2.38547
-4.32482
-1.41585
-2.17814
-0.343598
-1.05076
-4.27881
-1.28996
-2.89392
-3.13869
-4.43365
-2.31248
-4.8893
-2.20493
-1.77024
-3.37131
-4.01753
-3.78152
-3.3778
-3.24926
-2.71578
-1.12536
-1.43303
-3.41092
-2.33561
-2.04811
-3.45215
-1.27158
-2.2091
-0.503179
-5.92616
-4.85607
-4.77677
-0.778745
-3.54839
-4.81251
-4.23609
-0.867652
-1.7682
-1.72348
-4.72738
-4.57684
-3.72387
-1.11443
-1.04328
-2.92949
-2.27034
-3.34013
-4.00175
-3.10852
-1.01262
-1.3363
-2.70651
-4.67225
-2.05954
-4.74905
-2.32538
-3.43993
-4.67179
-5.18554
-5.20053
-3.42221
-4.85488
-0.0451766
-4.99008
-2.39062
-2.3997
-0.85445
-2.18032
-2.69525
-4.93275
-5.22059
-2.06756
-4.34043
-1.94561
-2.28101
-2.28046
-2.56839
-2.72897
-3.23416
-1.03134
-5.26326
-4.76544
-4.27092
-0.428515
-2.53159
-2.01163
-4.18623
-1.28503
-5.51531
-1.16091
-4.35435
-4.74637
-5.5969
-4.64378
-5.14123
-3.80276
-1.51494
-4.75959
-0.976459
-1.95825
-3.90833
-1.32116
-0.561318
-2.37941
-4.49
-3.53298
-2.46806
-5.11789
-2.5868
-3.38396
-0.420374
-5.0944
-0.715669
-1.60874
-2.45088
-3.93539
-4.19604
-4.78137
-0.870172
-2.38785
-1.77783
-4.07057
-0.907977
-3.54431
-2.54258
-5.35808
-0.865079
-1.09146
-0.774753
-3.38518
-3.36061
-1.22341
-3.13793
-3.05662
-0.911694
-4.0011
-1.34929
-1.93514
-4.23682
-1.82349
-4.95684
-4.64084
-1.78451
-3.42982
-3.40355
-2.37875
-2.38588
-2.53222
-3.57106
-0.682424
-3.52407
-3.46367
-3.38119
-3.19501
-3.38316
-2.72869
-2.36011
-3.25703
-2.37747
-1.72666
-2.38084
-2.36208
-3.42772
-2.49622
-4.83927
-1.11683
-4.71829
-2.72309
-2.70111
-5.16541
-1.43348
-5.15354
-3.63518
-0.903661
-1.56939
-1.27133
-5.63947
-3.35543
-1.89503
-3.60297
-3.27042
-5.27564
-0.593995
-3.33575
-1.11617
-3.86101
-0.0652691
-4.46688
-4.93065
-1.27001
-1.07526
-1.9202
-5.15883
-3.92842
-5.79159
-1.06831
-1.00686
-5.05405
-4.59977
-0.408306
-4.77021
-2.86793
-1.64203
-3.54187
-1.70945
-0.753798
-2.06118
-5.13396
-3.62302
-3.08967
-0.170321
-1.09649
-3.62297
-3.58292
-2.12595
-1.36797
-1.79444
-0.174184
-1.17011
-3.2322
-3.49306
-4.23221
-1.18742
-1.88318
-3.58518
-2.43619
-0.804126
-0.873958
-0.360927
-2.47203
-1.01994
-1.71906
-5.15958
-3.3734
-2.77319
-3.64169
-4.42809
-4.75443
-2.02404
-2.4876
-2.39246
-3.16307
-1.73535
-3.4633
-5.17906
-1.58755
-0.347025
-1.63455
-1.01635
-5.08761
-1.24889
-5.3783
-1.85925
-4.81172
-2.762
-3.60421
-5.21833
-3.18072
-4.70973
-2.57701
-4.74821
-1.31646
-1.03716
-4.55494
-2.6208
-5.80382
-4.36579
-1.15263
-1.18327
-0.89057
-2.44084
-1.24301
-1.43717
-1.18381
-1.1042
-1.76212
-1.50869
-2.55486
-1.28485
-4.2591
-2.23889
-0.170321
-1.81119
-1.36855
-4.88658
-0.126879
-2.1734
-3.43011
-3.94931
-1.78566
-4.67952
-2.51517
-0.965497
-3.32348
-4.48797
-4.32219
-0.390552
-0.809131
-3.47188
-3.29134
-2.71398
-2.33043
-3.45429
-3.95105
-4.21195
-5.73658
-1.02783
-0.902675
-1.91079
-0.598846
-0.471199
-1.18407
-6.21872
-1.27835
-4.40378
-3.59166
-2.59145
-1.13425
-3.78254
-2.61449
-4.91636
-1.60929
-3.42574
-1.15337
-1.45391
-4.2387
-2.12817
-1.18787
-2.28605
-2.62475
-2.86659
-3.49269
-4.36133
-3.92761
-3.68713
-4.91433
-1.70215
-5.53731
-2.38322
-1.1322
-2.02475
-5.45097
-2.37914
-3.56749
-3.77874
-2.42663
-0.502166
-1.12181
-2.1435
-4.6798
-3.53708
-4.95075
-2.42266
-4.94287
-3.94716
-4.42853
-3.20954
-5.36268
-4.4403
-3.32862
-2.64761
-3.51606
-3.22744
-2.48518
-4.53854
-3.47785
-1.94837
-0.117881
-4.8814
-4.25997
-3.97425
-3.77962
-2.56281
-3.14641
-3.44814
-4.79647
-3.01862
-1.05066
-2.78721
-0.786232
-4.44404
-1.20456
-4.15784
-2.22884
-3.38345
-1.71297
-1.03771
-3.16095
-3.67072
-1.68417
-2.26148
-4.69966
-1.55063
-2.46842
-3.4496
-3.74314
-3.55074
-4.90598
-0.701793
-5.23124
-0.184771
-1.83273
-1.21597
-2.10111
-3.34056
-5.15092
-2.05939
-4.95416
-4.94275
-2.12522
-2.40117
-2.49945
-4.8542
-4.39249
-2.02482
-3.50081
-2.98498
-2.47119
-2.36082
-1.27793
-3.93809
-3.93395
-2.65788
-2.60824
-3.52799
-3.73498
-4.7555
-1.82338
-2.35403
-5.51005
-1.83414
-0.909983
-4.83472
-4.72319
-0.667956
-3.38033
-0.432982
-1.90661
-4.81397
-2.09261
-1.09672
-5.30211
-3.29028
-5.19501
-2.5103
-4.91831
-0.419574
-3.92507
-0.827539
-3.37134
-5.24307
-2.45939
-0.232862
-2.47007
-1.07092
-1.92997
-5.24439
-0.805535
-2.66411
-4.57819
-3.27439
-2.84009
-0.0556877
-1.57964
-4.02564
-2.23571
-2.04301
-4.68749
-1.35377
-1.8056
-2.35659
-4.94459
-3.34836
-3.37702
-1.10984
-3.92678
-1.49353
-2.01328
-5.0811
-2.60148
-2.27677
-4.31749
-3.59704
-5.59796
-4.27797
-1.16046
-2.14777
-2.37389
-3.47715
-2.57674
-5.30415
-4.58808
-2.0819
-0.938477
-3.82165
-2.37726
-4.0413
-3.24468
-3.32384
-0.511501
-1.91975
-3.79472
-0.822465
-3.63223
-0.091136
-4.44882
-1.99541
-1.17605
-4.98159
-2.51661
-4.72234
-3.47468
-3.20352
-1.58509
-2.36143
-3.37589
-3.46191
-1.77153
-1.18319
-1.1256
-0.931089
-3.1948
-3.7089
-5.04513
-0.420041
-1.00057
-2.75387
-0.845465
-0.123073
-1.18051
-2.55073
-0.756704
-0.367234
-0.119689
-0.415683
-4.12269
-4.2521
-4.6281
-1.06108
-1.56058
-2.81055
-2.03558
-2.4734
-3.55748
-3.74085
-3.61844
-2.78682
-1.59404
-4.61558
-3.35415
-2.55149
-1.99905
-5.10049
-3.45393
-2.75839
-0.79936
-1.89479
-4.71923
-1.34396
-1.17972
-5.35797
-4.23106
-0.94227
-0.943853
-4.19627
-1.5661
-1.12286
-3.77154
-3.98144
-1.10585
-4.76813
-2.4034
-0.782532
-1.97261
-3.92064
-4.73492
-3.89368
-1.57695
-4.53192
-4.62188
-3.53954
-2.44807
-0.382814
-2.52846
-3.05491
-4.85438
-2.10674
-3.55884
-2.03541
-1.86032
-1.57816
-0.761642
-4.16619
-1.54213
-0.924285
-4.83033
-0.264991
-2.54496
-5.57125
-2.09713
-0.785803
-2.44793
-3.9883
-3.26336
-2.35805
-1.11395
-4.18678
-1.104
-1.12113
-4.12803
-2.74152
-2.42813
-3.6467
-2.21719
-4.95765
-1.98991
-2.46922
-4.608
-4.69625
-5.08708
-4.61098
-2.51373
-3.13064
-2.74135
-0.381266
-0.419538
-2.62587
-2.442
-2.4653
-3.3599
-0.352496
-4.64435
-1.20479
-0.887976
-3.40774
-5.39826
-2.17037
-0.577089
-5.82112
-2.40607
-2.38164
-2.3855
-3.4569
-4.86768
-2.56949
-3.56544
-2.65254
-3.31842
-2.83825
-4.95598
-5.22362
-1.57608
-3.13236
-2.37324
-4.49837
-0.558499
-2.43581
-1.99731
-4.41833
-2.42151
-0.374142
-3.0067
-3.1878
-2.88823
-4.37531
-1.04067
-2.6462
-2.47845
-3.56816
-2.48429
-3.51733
-3.43299
-2.53837
-1.90152
-4.75811
-5.40711
-3.40889
-2.78187
-3.47888
-2.35874
-1.11816
-1.17822
-3.27247
-4.57701
-4.87062
-0.475381
-2.84414
-2.38063
-5.08486
-0.861169
-5.0099
-2.27016
-4.84674
-4.33324
-5.7508
-3.76848
-2.98503
-4.89219
-3.07814
-3.17632
-0.873037
-0.455207
-2.45527
-3.59357
-1.11013
-4.93243
-5.18989
-1.10908
-1.02642
-4.60656
-5.57842
-2.30061
-5.04434
-2.31173
-4.09627
-2.8268
-3.59067
-2.27223
-2.34193
-2.50596
-2.2816
-5.3459
-4.99854
-3.48691
-4.3524
-5.48531
-1.82277
-4.20226
-4.63408
-2.85415
-3.92011
-2.34754
-5.52913
-2.37971
-2.93297
-1.04718
-2.31691
-1.18439
-2.07252
-1.38747
-3.22712
-0.721327
-3.48477
-5.21112
-3.09968
-4.35823
-2.36435
-2.97904
-1.99694
-2.33161
-5.15955
-1.70397
-3.47209
-4.78685
-5.40715
-2.53458
-2.3556
-3.90502
-3.43993
-4.73636
-4.34242
-2.36728
-0.880289
-4.38574
-3.29818
-2.32536
-2.3575
-3.31752
-3.41839
-0.862491
-4.42798
-3.28629
-1.30532
-1.11601
-0.355412
-1.88122
-1.02894
-0.848687
-1.29369
-1.11918
-3.22484
-1.6391
-5.17739
-2.00924
-0.296389
-1.55522
-0.881166
-2.11301
-1.13139
-1.43953
-0.9145
-2.64073
-2.60563
-3.7095
-4.84504
-1.59272
-1.49621
-2.51898
-4.37906
-5.44882
-3.2063
-3.544
-0.053199
-0.822837
-3.05688
-0.987067
-3.74589
-4.90244
-0.331526
-3.34498
-4.68986
-0.844894
-3.39382
-4.87141
-1.13172
-0.171863
-5.23045
-3.48691
-0.667591
-1.95985
-1.101
-1.90504
-1.2651
-3.27024
-3.75292
-3.69128
-2.53749
-3.39207
-0.201265
-5.46625
-5.46112
-2.7073
-1.17388
-3.75139
-2.10361
-2.49563
-5.19005
-3.44451
-1.17714
-1.78611
-2.95515
-0.340322
-3.91116
-1.20059
-2.35202
-4.99108
-1.69399
-3.3233
-1.30109
-5.08077
-1.10683
-3.59572
-1.57624
-0.720329
-5.30034
-4.44435
-1.75513
-3.47239
-0.319685
-2.33405
-5.28387
-0.18713
-1.68524
-3.16686
-3.48954
-4.69824
-1.80177
-1.87748
-4.1032
-3.37512
-3.37029
-2.12289
-2.96611
-1.93217
-1.44159
-1.98227
-2.542
-5.0487
-0.761517
-1.94104
-2.58682
-4.38277
-2.45543
-2.45464
-3.61056
-5.08742
-1.57012
-1.95346
-4.73856
-3.48545
-4.15351
-2.81855
-5.11874
-4.93296
-2.07914
-2.30578
-1.33637
-1.00838
-2.64876
-2.66366
-1.10391
-2.4858
-4.14343
-3.27724
-0.109284
-2.45759
-5.59342
-3.09296
-1.02464
-3.46145
-5.58026
-1.84714
-3.78152
-5.35418
-2.09261
-3.82212
-5.35761
-2.87464
-4.75934
-4.90806
-4.49985
-3.28527
-2.17809
-0.685186
-1.81298
-5.12298
-3.08416
-3.52457
-4.87946
-1.13858
-1.89383
-3.34693
-3.59385
-2.47184
-1.80516
-1.02964
-1.5036
-0.675751
-4.58834
-0.387994
-2.51494
-4.73202
-5.47972
-0.97759
-1.979
-3.26367
-2.3472
-1.28682
-3.7251
-4.30734
-1.00016
-3.71045
-1.15357
-2.3486
-4.93639
-1.13263
-3.42631
-0.856915
-4.57953
-5.16828
-3.95713
-4.66691
-2.36675
-4.35754
-4.81384
-0.446673
-3.04064
-3.84372
-0.431519
-4.58109
-2.51923
-1.97221
-1.64008
-0.855188
-1.76777
-2.34886
-0.824615
-1.8278
-0.842473
-2.87123
-0.97965
-2.87035
-1.25619
-3.44726
-1.81771
-3.2514
-1.03072
-1.83627
-1.16072
-1.62986
-4.87082
-4.03729
-4.04723
-3.45834
-2.20633
-2.4326
-1.67865
-1.38296
-3.90416
-1.94008
-4.79939
-4.4463
-2.76333
-2.32842
-0.969272
-0.821829
-3.49165
-3.4716
-4.67299
-3.08714
-2.6399
-4.18772
-0.847946
-2.44105
-0.828501
-4.54776
-2.09657
-3.49451
-0.805649
-1.57563
-4.59534
-2.6025
-1.359
-3.53719
-3.20947
-4.69065
-5.78935
-2.52375
-1.07776
-3.20659
-1.11397
-3.69161
-0.32442
-3.30935
-1.09939
-2.0637
-4.75819
-1.53143
-1.9768
-1.39007
-0.869182
-5.25209
-3.47107
-4.52442
-2.07413
-3.79266
-2.1107
-3.59231
-5.11312
-2.53518
-3.72891
-5.78889
-3.29154
-2.52064
-4.10169
-4.28126
-0.890343
-0.806372
-1.06949
-5.30697
-1.77265
-4.72958
-2.08489
-0.620425
-0.885105
-3.60698
-0.913451
-4.4779
-1.19416
-1.87911
-3.91617
-1.46251
-1.7641
-2.51176
-5.10439
-2.60326
-4.71651
-2.45239
-3.27741
-0.525973
-0.103742
-3.32684
-4.74392
-3.38609
-4.60258
-4.67031
-3.22061
-4.23905
-0.79631
-3.62398
-1.91153
-1.63824
-2.84587
-3.21322
-4.39953
-5.5785
-3.34789
-2.21333
-2.20469
-4.22857
-2.29415
-1.16207
-5.12562
-2.41466
-1.14418
-2.67031
-5.9209
-3.57203
-3.54456
-3.48138
-2.54463
-4.72177
-2.44064
-1.86621
-3.52667
-1.27499
-5.24541
-2.79261
-2.48829
-0.775644
-3.44762
-5.0971
-4.88043
-4.68578
-1.26756
-5.75667
-4.9812
-3.42511
-5.76327
-5.04407
-2.31745
-0.282164
-3.61591
-2.87918
-3.13287
-1.5044
-1.11155
-0.884049
-3.24896
-4.9389
-2.70555
-0.937101
-3.37685
-4.99086
-0.759827
-1.79581
-2.4112
-3.1643
-4.19522
-1.2956
-4.87415
-1.70655
-1.94885
-2.73574
-3.55385
-4.63571
-2.41863
-1.42649
-2.49608
-2.35831
-1.02081
-3.68206
-2.51029
-5.27957
-4.65639
-5.29633
-4.60071
-2.37841
-5.3341
-1.83655
-2.38243
-1.85776
-2.559
-1.1437
-5.20777
-1.9168
-2.08997
-0.990956
-2.408
-1.29353
-2.36942
-4.23591
-0.345523
-3.40612
-0.681403
-1.47315
-1.18167
-1.01263
-4.16229
-3.17059
-4.48191
-2.33746
-3.65519
-1.26563
-0.424663
-1.85258
-6.10088
-2.85966
-2.36823
-4.15964
-5.70397
-2.38419
-2.29109
-1.55955
-3.55647
-3.44163
-5.18927
-0.043012
-1.84142
-1.17221
-5.32957
-2.85124
-2.0754
-4.85251
-0.414005
-1.06404
-4.07581
-3.2719
-4.58119
-3.36188
-2.00571
-1.8882
-3.5067
-4.71662
-4.53874
-4.8631
-4.44434
-2.90339
-5.09892
-0.926693
-4.76143
-2.38437
-2.68979
-4.51583
-2.70713
-2.46446
-4.52475
-2.13916
-3.53757
-2.9283
-4.50137
-1.64804
-1.71532
-0.908455
-1.84662
-4.10453
-2.68986
-3.29892
-5.22367
-2.03771
-2.59807
-5.17061
-1.66222
-1.83439
-3.60595
-4.84575
-0.811414
-1.37936
-5.32812
-2.26082
-4.54789
-4.76402
-1.68387
-4.48554
-2.48938
-3.54727
-1.5567
-4.53615
-1.66122
-1.36667
-2.44883
-2.66115
-3.42374
-2.35818
-4.41807
-1.64674
-4.85672
-5.1952
-3.1751
-1.85551
-4.61349
-0.182312
-2.60978
-1.26516
-2.50344
-1.29522
-5.48952
-4.69013
-3.34546
-2.04206
-3.45393
-3.33066
-4.97717
-2.0403
-1.40674
-5.91269
-4.73045
-2.33094
-1.95636
-2.47152
-4.73578
-3.62555
-1.01586
-1.78733
-5.31261
-0.699835
-1.37183
-4.29362
-2.07327
-3.0551
-1.73625
-0.304962
-1.09769
-0.0954404
-3.58108
-3.01342
-3.36878
-0.907166
-3.52259
-4.17023
-2.51033
-1.84312
-4.85603
-0.88549
-1.87181
-3.39963
-3.44482
-1.84416
-0.255099
-4.35015
-3.21557
-5.00476
-0.669997
-2.54895
-4.77139
-4.17215
-1.62222
-2.39301
-0.947173
-4.56119
-4.98291
-2.39855
-4.36178
-1.00905
-4.43056
-4.68497
-1.57213
-4.76688
-3.51634
-2.21401
-1.58383
-1.41899
-5.03974
-3.88237
-5.12439
-1.27486
-1.48147
-2.16721
-3.91755
-3.39262
-1.84563
-1.69068
-4.8214
-1.43805
-1.0015
-0.684026
-0.276196
-1.85474
-1.10911
-1.91905
-5.79542
-1.44051
-3.19574
-4.80911
-1.43142
-2.51792
-1.9241
-3.50542
-2.54177
-2.58658
-3.38652
-3.75534
-3.47499
-5.04906
-3.39659
-1.99919
-4.61865
-1.78284
-2.02944
-3.55081
-5.53196
-1.00894
-1.2691
-4.36635
-4.99565
-3.74797
-0.712993
-3.73237
-2.3502
-1.86335
-1.38519
-5.23144
-5.20917
-2.10107
-4.57131
-2.35626
-1.84048
-2.4914
-2.10216
-1.65821
-1.85148
-5.79693
-4.17728
-5.50402
-4.44064
-0.671106
-2.19878
-0.969467
-1.2061
-0.142748
-2.76262
-5.23549
-3.91333
-3.33419
-3.42952
-0.845859
-4.12171
-4.73064
-1.83081
-2.78349
-1.55994
-1.10753
-0.00442933
-1.95221
-3.5055
-1.8571
-0.621936
-4.68467
-3.02971
-1.11744
-5.58318
-0.49217
-3.28061
-4.7217
-2.21431
-0.136819
-4.93854
-2.04727
-2.09001
-2.36945
-2.03469
-1.51237
-1.04097
-5.20228
-1.42568
-2.64406
-5.77653
-0.181744
-4.22256
-0.318517
-0.914896
-2.49219
-0.803883
-5.16671
-1.8334
-4.70597
-3.39314
-2.55356
-0.665398
-3.41887
-2.57331
-1.09749
-3.45131
-2.38387
-0.972032
-2.61858
-2.45986
-2.17298
-1.84855
-4.32081
-3.51531
-2.4511
-2.50544
-2.39031
-3.60417
-0.502553
-1.14187
-3.58109
-5.76526
-1.81323
-2.33094
-1.90269
-0.380587
-2.45519
-4.50982
-1.06412
-1.86432
-3.05867
-3.88501
-2.84122
-3.10069
-1.16566
-1.41036
-2.65959
-2.41836
-2.5897
-3.74633
-1.09205
-4.22097
-5.04387
-1.83952
-2.64358
-1.83562
-4.07491
-4.62536
-2.35658
-1.84976
-4.80072
-4.96904
-2.56861
-1.01532
-1.75805
-2.35224
-0.752399
-2.35201
-1.151
-1.2894
-5.46629
-2.90077
-5.07538
-1.93518
-3.5666
-4.29485
-3.59598
-2.62399
-0.983675
-2.3956
-5.49331
-5.39355
-1.46583
-4.3306
-0.142265
-4.28393
-3.47983
-1.14803
-3.52678
-2.32581
-4.07257
-3.60622
-0.356334
-4.20674
-1.86157
-1.90085
-3.58021
-1.83169
-4.60868
-1.54457
-4.17714
-1.97406
-2.55445
-5.80896
-3.58642
-3.5377
-1.09903
-0.866789
-1.04763
-2.68736
-3.52131
-2.37517
-4.04191
-2.54816
-1.83797
-4.20411
-3.48845
-0.880035
-3.5769
-1.96707
-4.98594
-4.50839
-5.21723
-4.73958
-0.232416
-2.06173
-2.47234
-1.28404
-3.31896
-0.176689
-4.24281
-2.42257
-3.33818
-3.51967
-5.20449
-1.06719
-2.15951
-5.24904
-5.7659
-2.54636
-4.78056
-1.07119
-1.97903
-2.6392
-3.49209
-4.39191
-3.33243
-5.53171
-3.05534
-2.48509
-2.52355
-1.56254
-0.319126
-4.67824
-1.00717
-3.54853
-1.41683
-0.812492
-3.25373
-0.416043
-3.61481
-1.16274
-2.56337
-2.13143
-5.6495
-3.32773
-2.17641
-4.64128
-4.74905
-2.49373
-1.10789
-0.378039
-5.4963
-2.57884
-2.49683
-3.4675
-4.69151
-2.00176
-3.5271
-2.01729
-2.53694
-1.13612
-0.142979
-1.27764
-4.05408
-4.20678
-2.58505
-0.251646
-4.48638
-0.68642
-3.20905
-3.26264
-1.13164
-2.31421
-3.39626
-1.23019
-3.36201
-3.24115
-0.591855
-1.55776
-2.38609
-1.91959
-5.19609
-2.3841
-1.77848
-4.7212
-1.1654
-4.9879
-2.066
-4.69968
-2.55393
-2.68949
-0.683338
-2.50181
-5.26847
-2.46494
-3.81885
-2.07744
-2.40373
-5.15279
-5.13013
-4.17512
-0.704167
-3.39557
-2.05595
-1.15951
-3.1115
-3.59637
-4.28985
-4.76009
-3.59995
-3.00465
-3.2218
-1.81079
-4.91044
-0.181075
-1.67521
-1.21531
-4.47729
-5.69421
-0.898627
-3.26941
-4.71244
-0.853631
-2.04775
-4.97554
-3.50258
-3.30759
-5.80561
-5.23894
-4.16692
-4.75573
-3.59043
-3.5279
-2.50489
-3.82178
-2.27079
-1.08785
-1.81364
-3.49263
-2.74049
-2.14465
-2.1922
-3.71652
-5.76733
-3.30702
-2.07176
-3.56884
-1.38172
-5.25059
-2.49549
-0.496148
-1.41505
-2.37423
-0.221759
-0.504619
-5.14328
-1.53197
-2.4809
-3.39287
-1.02869
-1.89622
-2.37029
-5.31437
-4.81849
-0.0847802
-2.52236
-2.33785
-3.53131
-5.57708
-2.04788
-4.33332
-4.66528
-0.948625
-0.603146
-4.57075
-4.68303
-1.29796
-4.26586
-2.93429
-2.43932
-2.29494
-0.198061
-2.61049
-5.20884
-2.32193
-5.10618
-3.48393
-2.31766
-0.607093
-2.3375
-2.67813
-2.44176
-2.62387
-0.81571
-4.8675
-4.7911
-3.43427
-0.88855
-2.15493
-0.395119
-4.87765
-2.45488
-3.20192
-2.3748
-2.35778
-2.21624
-2.20007
-3.87988
-2.89362
-3.18515
-2.41048
-2.474
-2.44482
-4.17942
-1.45762
-3.3241
-0.536772
-2.4039
-1.12325
-2.24239
-2.48263
-2.21399
-4.15141
-2.37779
-1.82921
-0.397159
-4.72415
-0.76026
-2.55201
-4.74302
-2.43428
-2.35542
-1.39115
-2.28999
-3.45501
-3.39811
-5.16878
-0.919763
-3.37549
-4.77216
-3.38635
-3.58103
-1.90383
-4.7403
-3.89157
-2.23017
-4.78077
-1.16603
-2.37092
-0.119634
-4.58238
-0.585721
-3.6297
-2.60948
-2.23607
-5.30101
-2.56559
-0.296447
-3.25578
-2.48646
-5.02863
-4.7121
-1.61313
-2.34657
-3.34491
-4.75352
-1.11356
-1.41339
-1.20227
-2.28273
-3.56907
-3.37004
-0.743829
-2.26057
-2.00989
-0.288541
-5.14336
-3.63835
-2.55886
-0.867085
-1.28939
-4.69377
-5.09871
-3.49136
-2.36598
-3.50017
-3.65584
-2.51779
-3.23812
-1.09742
-2.25461
-1.06094
-0.876843
-5.3392
-0.696882
-4.89772
-4.56574
-0.923409
-4.90872
-4.36571
-4.86442
-2.62113
-1.82743
-2.84816
-2.38466
-4.71721
-2.89708
-5.14846
-2.19995
-0.12278
-4.67609
-1.59362
-2.06417
-3.51141
-2.37785
-2.37014
-3.95132
-3.13431
-3.55558
-3.21988
-2.19231
-3.47687
-5.15936
-3.05088
-2.08343
-3.47891
-1.06648
-2.98815
-4.07129
-2.59493
-4.2102
-4.83522
-3.83335
-2.36566
-1.07183
-2.37595
-5.5755
-3.46601
-3.27916
-0.0350077
-0.0255915
-4.59348
-0.520064
-3.27575
-0.60303
-1.57164
-5.89398
-2.28765
-2.3276
-3.28579
-1.17668
-1.01197
-2.36146
-2.37222
-5.01601
-4.02625
-0.69862
-3.51074
-5.201
-4.84374
-3.53033
-0.572693
-5.11993
-3.72428
-5.73557
-4.67627
-1.7115
-2.24933
-2.02308
-1.82044
-3.93492
-3.36241
-3.41288
-3.95235
-2.16003
-3.36505
-4.94624
-3.40787
-1.15665
-6.09265
-2.49126
-2.12299
-2.07542
-2.34529
-2.37248
-1.34771
-1.5277
-1.35603
-2.35977
-5.13902
-2.1927
-2.47847
-1.08291
-0.448607
-1.30062
-2.15172
-3.17522
-4.98812
-3.47826
-1.53327
-2.66889
-5.62836
-5.00647
-3.36987
-5.1537
-4.57624
-1.69864
-1.63625
-2.21716
-1.70129
-2.57978
-0.557674
-1.8633
-2.37364
-2.46814
-1.88829
-1.63215
-4.44079
-2.29167
-4.32909
-3.91678
-1.99791
-1.35008
-2.37454
-2.37397
-2.3706
-2.47167
-3.41863
-3.56117
-3.41857
-1.05945
-3.45279
-0.334698
-1.13372
-1.27467
-2.61655
-3.90202
-1.18528
-5.19711
-5.40037
-4.08644
-2.49106
-2.14511
-1.8368
-4.20894
-4.7847
-2.37886
-0.767186
-1.46026
-2.32173
-2.78188
-1.938
-0.595863
-5.58438
-4.50642
-2.52458
-2.47479
-5.21979
-2.82506
-2.37566
-3.52483
-1.84906
-1.85921
-0.323965
-1.07282
-2.34601
-2.67777
-2.48377
-3.20903
-4.30535
-1.26092
-1.85436
-5.54716
-4.75502
-0.279326
-2.40586
-3.2348
-5.15442
-2.34371
-1.212
-0.521715
-2.36821
-1.10518
-4.3612
-4.44415
-1.03835
-1.83207
-2.57413
-4.08147
-0.935456
-1.39394
-1.75769
-5.17587
-2.55056
-4.14835
-4.59814
-4.75405
-3.54948
-4.8457
-5.48432
-2.67494
-2.3718
-1.16665
-0.505205
-5.18129
-2.58024
-0.00549752
-2.92168
-2.68119
-2.4887
-5.90546
-2.31272
-1.22543
-1.55925
-4.78948
-2.37973
-3.29584
-3.31898
-4.23053
-3.36112
-0.924548
-0.722554
-1.35942
-3.41893
-4.57158
-4.74178
-2.24118
-5.46059
-2.3163
-1.48156
-2.82655
-2.39708
-3.60491
-3.21469
-1.08941
-1.79387
-2.37744
-3.5855
-1.42517
-2.64309
-3.1436
-2.29488
-3.01149
-2.78337
-1.89604
-1.3251
-3.48551
-5.52267
-2.09714
-1.18814
-1.06654
-2.04748
-2.72904
-0.672118
-3.66158
-0.438777
-2.2323
-4.99123
-4.60886
-5.16405
-5.00523
-1.17165
-3.10653
-0.606996
-1.68903
-5.25478
-5.60703
-1.90281
-3.32871
-4.63551
-2.17808
-2.33761
-1.74815
-2.58101
-3.54021
-2.27947
-2.73321
-4.73121
-3.55468
-3.91231
-2.08701
-2.6188
-3.80757
-1.05089
-5.39875
-4.69624
-4.79816
-3.37625
-2.38797
-3.69044
-1.11443
-1.13633
-3.71338
-1.10884
-2.7662
-2.99006
-2.05759
-5.05107
-1.40348
-4.34481
-4.07473
-4.77375
-0.426497
-4.30249
-4.50634
-5.20708
-1.00346
-5.80569
-3.4475
-3.23317
-2.71615
-1.14557
-4.82878
-1.89254
-4.47776
-4.69119
-0.413255
-1.76868
-1.1221
-2.24444
-3.58316
-2.48184
-1.37155
-4.49773
-2.62864
-3.37073
-3.33386
-1.97146
-0.206475
-3.20566
-3.93819
-3.53417
-1.12228
-4.66764
-3.12983
-3.4808
-3.4542
-3.48076
-5.65847
-4.03442
-4.31145
-0.149629
-1.34893
-1.60151
-1.05586
-4.33122
-3.44545
-4.47129
-2.62576
-3.52255
-4.2528
-0.0180337
-2.46791
-5.22223
-1.18911
-1.84513
-3.33415
-4.37426
-5.87074
-1.26546
-1.11681
-3.18823
-1.47024
-3.92628
-3.40309
-5.0961
-2.61435
-5.1218
-5.12485
-2.61429
-2.20921
-2.84225
-3.87797
-4.28175
-2.5835
-1.88387
-3.35394
-0.112494
-3.21644
-4.44682
-2.03867
-5.14512
-4.97346
-1.09541
-5.08949
-4.76378
-3.60351
-5.79969
-3.38053
-4.80816
-2.63072
-1.76556
-4.71094
-6.18466
-3.46089
-2.60455
-5.79481
-4.4587
-5.0227
-3.95884
-5.20975
-2.58195
-2.61411
-3.46101
-2.66048
-3.66559
-3.85229
-0.572566
-1.7605
-2.02861
-0.89201
-2.20162
-4.53114
-1.12474
-3.57567
-2.45556
-1.51745
-0.751909
-1.15713
-4.29257
-1.07544
-5.0853
-5.51997
-2.18612
-1.34471
-0.752747
-2.17789
-4.78528
-1.99213
-1.71261
-2.46889
-4.95342
-3.68438
-0.936462
-4.36174
-2.63292
-3.47372
-3.32457
-2.18861
-3.32861
-4.50584
-1.99318
-4.29503
-5.12419
-3.13147
-2.01233
-5.19394
-4.77077
-0.0757234
-1.46988
-1.72645
-0.472209
-3.01658
-2.6883
-3.37765
-2.35572
-3.38875
-0.694939
-3.51141
-0.822282
-4.04162
-3.49653
-4.86527
-2.48289
-4.12804
-2.37957
-2.38616
-2.40917
-5.00083
-2.51649
-5.11228
-3.06006
-2.46239
-2.67751
-1.10761
-4.81093
-3.24422
-5.09543
-4.63351
-3.04009
-5.82306
-4.48142
-3.5726
-2.56164
-2.62748
-5.78357
-3.50864
-2.09575
-3.54722
-0.103543
-3.3001
-1.05824
-4.78297
-1.04868
-3.52496
-2.77127
-5.38706
-5.67305
-0.904253
-3.4879
-3.34581
-0.989155
-1.42055
-3.56824
-4.69077
-5.113
-5.73073
-5.24473
-2.37105
-1.30915
-5.95716
-2.37983
-2.76277
-4.75045
-2.15028
-3.15836
-1.19747
-5.0662
-2.46757
-3.3412
-2.12901
-0.0135827
-1.90257
-3.5773
-4.66163
-3.84354
-0.986735
-0.982154
-2.05079
-3.52343
-2.13221
-0.609344
-2.70588
-4.35231
-3.49302
-5.164
-0.387912
-2.15633
-5.18689
-2.57953
-1.17666
-0.828838
-4.31256
-2.6571
-2.42312
-1.12106
-3.78745
-4.75442
-2.56335
-4.54592
-2.13713
-2.08629
-2.04169
-1.24871
-5.39951
-3.53943
-4.45525
-1.7456
-4.72904
-5.7096
-3.05937
-1.3284
-5.87184
-1.80372
-1.38723
-2.26179
-0.971948
-3.606
-0.88626
-4.01739
-1.53165
-4.47981
-2.5028
-0.801236
-2.62259
-4.42949
-0.869952
-2.38727
-3.62207
-4.19118
-2.12695
-2.54094
-0.231258
-1.06998
-2.27442
-4.70778
-1.87847
-0.844434
-3.36365
-2.47409
-1.15982
-1.86159
-3.60823
-0.964493
-1.07144
-3.21205
-0.91395
-1.78393
-2.68554
-4.35065
-5.93119
-3.46685
-2.46227
-1.89702
-5.29323
-3.39901
-2.47595
-1.12842
-3.68095
-3.86695
-1.69638
-4.30418
-1.40302
-1.15919
-4.72211
-3.49443
-2.43574
-3.30277
-0.528521
-2.26047
-4.38507
-2.45889
-3.20382
-3.39229
-3.50593
-4.46209
-3.92801
-5.86724
-2.48058
-3.00422
-1.86563
-4.75599
-5.60525
-1.75751
-1.48093
-2.65565
-1.61151
-0.959404
-1.42113
-1.78023
-4.57617
-2.63131
-3.50979
-5.87327
-1.78765
-1.92782
-3.29295
-2.4518
-2.08615
-1.75254
-0.176226
-5.12114
-1.48314
-0.633097
-3.24751
-5.67159
-1.15366
-4.36853
-4.87452
-3.57786
-2.44714
-2.25774
-4.8075
-2.55029
-3.44093
-1.03947
-3.52408
-2.37327
-1.92934
-3.54612
-4.79396
-5.10196
-3.63158
-5.21886
-3.94058
-4.78672
-5.27547
-2.89804
-3.34895
-1.45927
-4.56896
-3.19635
-0.544012
-1.31496
-3.48382
-4.39544
-2.23166
-4.59759
-2.09388
-3.39448
-2.71067
-5.82045
-5.26548
-4.82775
-4.66294
-3.63538
-4.87501
-3.61229
-0.658162
-2.19304
-4.95468
-4.68161
-3.52896
-1.73784
-2.45863
-2.30128
-5.75114
-4.4627
-3.93353
-5.37722
-0.831403
-0.793875
-4.7212
-2.11208
-0.538407
-0.813044
-1.70326
-0.601344
-2.92915
-1.11788
-2.74164
-1.42742
-1.90823
-4.94014
-1.19733
-3.56448
-2.54033
-1.53465
-2.52846
-2.39445
-0.877965
-1.75784
-4.25639
-5.89823
-2.37082
-1.8097
-3.51801
-0.515347
-5.78881
-3.2232
-2.91268
-1.37913
-2.56609
-2.46066
-2.09989
-2.59085
-4.83892
-2.90827
-4.7408
-5.54762
-2.34434
-1.31115
-0.448365
-1.47207
-1.11203
-0.405631
-1.21467
-1.15722
-1.15976
-2.88289
-4.34576
-3.11866
-5.27226
-5.79162
-1.01158
-2.79347
-1.36969
-4.69669
-2.37095
-3.10815
-1.17906
-1.46937
-2.38123
-2.35041
-3.21164
-3.65821
-3.76687
-3.73624
-3.6677
-2.09929
-4.93288
-2.35139
-4.34334
-5.15584
-2.10165
-2.9416
-1.24206
-3.38681
-4.59401
-2.0478
-2.54984
-1.02346
-3.23075
-0.0130616
-2.53917
-2.10171
-2.10601
-0.778132
-0.761466
-2.3574
-4.36707
-1.5072
-5.04006
-4.47989
-1.92543
-3.3271
-3.53873
-2.12537
-4.58854
-3.5298
-3.30618
-5.11617
-5.58823
-0.296625
-3.51976
-4.23052
-5.50012
-4.17019
-0.478296
-1.86305
-4.16379
-1.66965
-0.283488
-3.16964
-0.806795
-1.37861
-4.74991
-2.40754
-1.03796
-3.42081
-3.21111
-2.69243
-1.2494
-5.7413
-2.27273
-3.58495
-3.30427
-0.963231
-4.3007
-5.49932
-2.49637
-4.82411
-3.26631
-5.14885
-3.45939
-2.54112
-3.01427
-5.6473
-5.12947
-4.91565
-0.915215
-1.7827
-3.46391
-5.17882
-4.83889
-2.86582
-2.0202
-2.81893
-0.878087
-3.33065
-4.02879
-1.90984
-2.77011
-5.27569
-4.59722
-3.71295
-2.25602
-1.95593
-2.17141
-2.73262
-1.0212
-4.31717
-3.23525
-3.34971
-5.06621
-4.60006
-4.72398
-5.04196
-3.23893
-3.80589
-4.8518
-1.11367
-0.917878
-4.78243
-1.15414
-4.67589
-4.86466
-1.12145
-2.48982
-2.52821
-3.71126
-4.85036
-4.75318
-3.34843
-4.55332
-3.06996
-4.92246
-0.567437
-2.00187
-5.28827
-3.24906
-2.36067
-0.44948
-1.89146
-1.75052
-0.906553
-2.05764
-2.24746
-4.8102
-5.6012
-0.199405
-3.66118
-5.23721
-0.904735
-3.28241
-1.81657
-2.71991
-5.23229
-1.99337
-4.39473
-3.61831
-0.945914
-0.92195
-2.51913
-4.7321
-3.9837
-2.63935
-3.549
-1.7716
-0.0776633
-1.22084
-5.14217
-0.496138
-4.98481
-1.14144
-0.833316
-3.31458
-2.42543
-4.48559
-5.81425
-3.60845
-3.44703
-1.09759
-0.814554
-2.38124
-1.00756
-4.79931
-1.18843
-3.89105
-1.3991
-5.28768
-2.05354
-2.60563
-4.54943
-1.14183
-4.34008
-1.99924
-1.36952
-0.806688
-1.79669
-1.3126
-0.96623
-5.11938
-0.668481
-2.82574
-5.18933
-4.77075
-4.67202
-0.464164
-4.35743
-0.407548
-3.11204
-1.97742
-2.61717
-4.94448
-2.6994
-4.45305
-3.35609
-5.75464
-2.49467
-1.79368
-4.04024
-4.3424
-2.35511
-3.47615
-4.43015
-1.15297
-5.18
-4.94378
-2.26182
-4.89124
-1.12172
-2.75846
-3.24819
-2.10825
-3.68338
-2.58735
-2.6192
-4.30205
-3.64489
-5.25812
-1.25694
-4.34235
-4.53007
-3.52886
-1.90159
-3.76611
-4.74331
-2.52515
-4.54793
-3.97458
-2.60266
-1.90625
-4.5916
-1.10676
-4.74327
-5.35994
-2.35431
-3.63082
-3.64362
-3.54239
-1.17074
-0.539276
-3.6041
-1.18359
-2.33594
-3.70215
-1.16241
-0.876422
-5.07983
-1.04014
-0.19679
-4.80218
-4.24965
-3.67267
-3.5389
-0.370054
-4.54956
-3.41757
-4.40194
-1.81822
-4.72561
-1.05301
-0.300722
-2.35819
-2.47831
-3.50874
-3.66638
-5.01932
-3.38266
-3.57495
-4.77909
-3.59088
-1.94876
-0.723162
-2.60082
-2.21881
-0.0748875
-4.38123
-3.33489
-3.63463
-0.976616
-4.75907
-1.01691
-4.43702
-5.80594
-1.05218
-2.60443
-4.06393
-1.65224
-5.23108
-1.69577
-3.60434
-2.15652
-3.45335
-0.934828
-3.62095
-3.54815
-3.53125
-4.6268
-3.34567
-4.99945
-4.64735
-1.76141
-1.72524
-4.26538
-3.68405
-2.2243
-2.4139
-2.51444
-2.34657
-4.82301
-3.34203
-4.90762
-5.12439
-2.59708
-1.07592
-4.84204
-1.68232
-5.32599
-2.91214
-2.59828
-4.899
-1.88799
-0.341629
-0.99726
-2.35686
-1.23786
-2.49299
-3.57965
-4.65623
-4.56276
-3.82536
-1.8513
-2.5144
-1.53733
-3.1368
-4.28445
-1.08115
-0.357453
-1.80457
-3.38156
-1.89106
-1.83766
-0.987804
-2.37218
-1.14869
-0.410338
-4.89508
-1.15935
-0.774045
-3.14339
-3.5109
-2.48862
-4.52155
-0.675049
-3.45029
-3.02447
-1.15721
-3.57421
-2.17343
-5.55788
-4.50239
-2.51356
-1.92006
-3.36535
-3.48251
-5.16537
-3.29661
-3.10039
-4.02889
-1.32135
-3.79477
-2.25918
-0.050554
-4.51546
-2.4908
-5.447
-2.70106
-3.58963
-2.03714
-1.19195
-3.44458
-2.67371
-3.37583
-5.09977
-5.20927
-5.71931
-1.43536
-1.23477
-0.575936
-4.20733
-3.91573
-2.65171
-4.58488
-2.34994
-1.46214
-3.69727
-2.35493
-5.14571
-4.34866
-4.52042
-5.00865
-2.31084
-4.05772
-3.392
-3.6207
-4.64478
-2.35575
-4.09297
-4.48265
-0.892418
-4.48782
-3.75006
-3.59258
-5.58882
-4.72685
-2.32728
-3.83801
-3.3498
-1.90108
-5.15158
-0.927389
-4.51777
-0.0782401
-4.38653
-4.82739
-2.70111
-2.50567
-0.511834
-1.74406
-0.720096
-1.83727
-5.36472
-1.17852
-4.47847
-4.73429
-1.82568
-1.69958
-1.15564
-3.60538
-2.39833
-3.04372
-1.89534
-1.83775
-1.23892
-4.70141
-4.47947
-5.19172
-3.10484
-4.38833
-1.01462
-2.10927
-4.73187
-1.87706
-3.34748
-1.86778
-2.5291
-5.19323
-5.18227
-1.10436
-4.92528
-4.69769
-2.41774
-2.49169
-4.07756
-3.63698
-5.19876
-1.34349
-3.5088
-4.97322
-3.24183
-4.55053
-0.960652
-2.37581
-5.21814
-0.723763
-2.18028
-0.832294
-4.96769
-5.65379
-4.05788
-1.20863
-3.46597
-5.40668
-2.49651
-4.12603
-1.30307
-2.52924
-3.38224
-4.42607
-4.20913
-0.0595589
-0.770984
-5.08697
-2.66511
-3.23046
-3.295
-3.0104
-3.43334
-4.47521
-4.82772
-2.49557
-4.32485
-3.43508
-0.276094
-4.91077
-3.47877
-1.96383
-0.783211
-1.9909
-2.33327
-2.52607
-4.54752
-3.2145
-4.27222
-5.55109
-1.67379
-2.33518
-2.70813
-2.51274
-4.8246
-1.96849
-1.67817
-3.59811
-4.99603
-2.49947
-2.50229
-4.53731
-4.71398
-2.6624
-0.834231
-2.33743
-2.62408
-3.52907
-4.78552
-4.00612
-4.65706
-3.52115
-2.63257
-1.17981
-4.50932
-2.79661
-2.47055
-2.25344
-1.08965
-0.867073
-2.73901
-3.88828
-4.97834
-3.37583
-4.74302
-1.8551
-4.81048
-1.22477
-5.20271
-1.00672
-0.0859257
-1.84774
-3.36617
-2.59619
-2.51865
-3.49332
-5.13471
-1.19216
-5.513
-0.356176
-3.66955
-3.43432
-4.74891
-4.91533
-4.97946
-2.56065
-3.91429
-3.34172
-2.39876
-2.53726
-3.60613
-1.06381
-1.27098
-0.926761
-3.86843
-4.48153
-4.39129
-1.81445
-1.48326
-3.48329
-1.83471
-2.7441
-1.18993
-4.09765
-5.19722
-2.33669
-1.10377
-4.18466
-3.58401
-4.51492
-3.47131
-3.19106
-1.32862
-5.76011
-2.4457
-3.05979
-2.49575
-3.62167
-2.11308
-3.29768
-2.51873
-2.60496
-3.45522
-2.11381
-1.63925
-1.16855
-2.54819
-2.23135
-2.36797
-2.97707
-2.42629
-2.03314
-4.17238
-2.64442
-4.05763
-2.80895
-4.81411
-3.59506
-5.21094
-1.25527
-4.73965
-5.13159
-2.2242
-0.93845
-2.16448
-3.66
-3.56929
-2.36955
-5.19347
-3.52106
-2.45528
-5.14973
-3.59538
-2.62665
-5.50561
-2.63189
-4.19829
-1.33714
-1.16748
-4.30484
-0.806011
-2.45532
-3.34226
-2.11247
-2.57056
-5.26328
-2.79169
-3.0313
-4.29149
-1.18478
-2.24193
-1.81659
-1.16907
-3.09281
-0.577761
-5.12937
-2.31889
-1.91186
-2.51276
-5.30438
-4.22427
-2.10651
-4.95271
-1.76266
-3.4115
-4.13795
-4.5568
-2.01622
-2.62802
-0.781969
-1.80239
-0.835086
-3.00774
-4.98369
-2.5545
-4.11059
-4.84356
-2.55242
-3.86697
-5.4814
-1.82475
-3.65955
-4.98635
-5.56788
-2.90537
-5.67616
-4.37379
-2.59317
-2.55051
-3.30834
-2.6635
-4.40876
-5.02171
-3.58722
-2.53077
-3.04653
-2.34834
-3.43666
-1.93037
-2.56603
-1.16734
-2.33329
-5.65567
-0.985942
-4.78652
-0.432061
-1.77161
-3.16935
-3.6047
-3.48092
-6.0265
-1.25094
-1.51058
-3.39238
-2.5323
-1.77541
-4.7056
-1.98447
-2.43175
-1.76165
-0.930631
-1.57664
-3.54315
-2.54148
-2.59125
-2.61929
-2.62882
-2.56781
-1.75754
-2.18663
-0.72235
-1.97518
-4.91378
-2.27356
-2.5497
-3.08271
-3.27862
-5.62497
-2.25447
-0.529525
-2.00906
-2.46241
-2.35552
-1.50214
-4.46822
-1.87431
-4.45892
-2.80663
-2.51191
-2.51862
-2.48683
-3.73749
-3.58659
-5.82415
-3.12465
-5.31021
-1.10526
-0.352645
-0.666659
-2.46371
-2.93301
-1.08227
-4.54881
-3.13615
-3.16651
-1.09571
-5.65386
-0.958952
-4.76235
-3.76158
-3.39667
-5.12794
-4.32321
-3.48176
-2.72251
-2.50373
-4.7077
-4.42924
-4.85074
-2.29025
-3.22063
-5.34933
-3.44072
-4.24263
-2.52234
-5.19176
-3.13253
-3.50464
-3.49279
-4.78756
-3.67046
-6.0795
-2.32138
-1.20432
-0.350034
-3.29543
-2.11295
-3.46859
-1.03209
-5.05041
-2.30778
-4.61557
-5.65996
-4.22642
-1.83954
-5.04388
-2.3805
-4.24658
-2.58481
-4.2269
-1.3334
-5.10558
-4.73559
-3.76567
-3.46307
-2.06683
-2.37597
-2.32976
-2.89579
-4.8876
-2.61735
-4.8775
-5.26199
-5.58313
-1.38758
-5.36962
-2.08777
-4.33148
-1.47978
-4.99836
-1.17376
-4.75955
-2.10009
-1.8324
-2.49912
-0.995934
-0.866596
-2.00156
-1.75723
-1.38906
-3.3124
-4.88725
-1.79257
-0.962262
-3.66533
-4.20906
-5.67031
-4.6976
-4.59434
-3.21358
-4.52698
-3.37579
-2.5158
-3.44733
-3.09758
-4.87624
-2.53816
-4.53424
-5.25251
-5.44741
-0.120474
-2.44868
-4.30578
-1.80572
-2.53638
-2.32379
-3.95633
-2.75729
-0.398796
-1.80236
-3.45154
-1.15729
-4.90321
-4.77283
-3.4965
-4.67405
-2.26889
-1.5245
-3.59657
-4.54066
-3.94744
-3.77462
-2.52866
-1.92479
-4.90268
-2.12056
-5.75953
-4.99849
-1.61014
-5.67102
-3.40482
-1.86925
-2.13991
-1.8822
-3.76448
-5.17615
-1.36396
-4.382
-1.83046
-3.69413
-1.8183
-5.28869
-2.94186
-4.0596
-5.74643
-2.34014
-1.81908
-1.76224
-4.11019
-5.13363
-4.35679
-1.77977
-0.784737
-2.23236
-2.09277
-5.07806
-4.88917
-1.34175
-1.81536
-2.50406
-1.997
-4.44255
-3.84895
-3.54205
-3.50483
-3.4467
-1.43812
-2.52171
-2.5444
-0.711252
-5.11251
-5.13162
-2.20332
-0.963637
-3.09634
-0.282448
-2.11074
-0.287998
-2.30621
-1.18488
-3.47976
-2.21559
-2.53454
-3.885
-2.52511
-3.52018
-5.13974
-1.56093
-2.01981
-1.097
-2.36465
-3.43603
-4.26067
-1.66336
-4.62427
-4.26226
-5.30067
-5.56631
-1.72087
-3.56499
-4.7233
-3.60251
-0.454527
-2.54436
-2.27591
-1.97222
-5.7121
-3.65423
-4.41371
-3.48912
-2.26328
-5.09343
-4.06686
-4.0488
-4.07448
-2.29381
-1.82875
-3.45043
-2.54737
-4.15485
-1.23535
-2.34442
-2.18612
-1.79058
-3.58737
-3.40976
-4.24612
-4.4409
-5.04002
-2.21258
-2.21058
-2.50858
-2.18228
-1.9533
-1.35572
-1.52334
-2.44369
-3.29836
-2.59493
-0.415529
-1.49819
-1.38006
-0.816376
-0.100778
-3.51462
-5.04772
-3.50918
-1.70908
-1.88871
-3.9528
-4.72801
-5.76102
-2.51946
-1.07707
-3.62279
-2.15937
-3.26316
-0.649899
-1.29694
-4.69771
-5.55155
-1.82028
-4.36703
-2.24944
-2.01275
-4.89751
-2.10681
-2.47104
-2.33702
-2.46444
-2.51563
-0.859508
-2.39328
-2.50143
-3.28501
-2.08105
-5.15468
-3.58932
-1.15697
-3.54856
-2.51034
-5.3026
-4.43727
-0.0827733
-1.91071
-4.32039
-0.0134914
-2.72909
-2.68399
-1.37965
-3.59744
-0.758823
-4.76867
-1.10433
-1.06473
-2.55512
-3.67705
-2.04472
-1.0904
-1.24819
-1.00795
-2.20588
-1.95528
-2.61041
-1.55779
-5.2113
-2.55457
-1.41325
-2.54214
-0.653189
-1.49987
-2.53305
-5.1748
-1.01931
-5.62118
-2.22435
-3.57622
-1.13708
-1.56633
-2.89525
-1.48439
-3.45245
-5.01221
-4.32981
-0.592879
-1.06423
-1.7971
-1.96249
-4.74412
-3.98065
-5.17841
-3.68972
-2.51151
-1.6437
-5.2823
-2.61748
-4.68527
-5.48253
-4.8475
-0.873256
-2.39402
-4.33129
-0.281327
-2.62475
-1.17825
-0.766644
-4.09818
-3.58199
-2.84309
-3.5986
-1.69679
-4.73787
-2.59677
-3.722
-3.43486
-1.91466
-2.28108
-4.82
-4.64506
-1.48142
-2.32043
-2.43687
-1.70692
-2.35227
-1.67444
-3.13903
-2.2787
-1.08028
-1.69654
-3.89494
-2.48479
-2.33675
-0.757654
-2.58605
-2.25572
-5.5333
-1.31026
-1.5339
-0.845641
-2.62458
-4.33226
-3.91048
-2.12998
-1.64348
-4.91685
-2.49275
-4.7305
-1.86934
-5.19691
-3.25175
-4.57561
-2.22056
-1.70212
-0.0227058
-2.93475
-5.62602
-1.68686
-4.80294
-2.51041
-2.4004
-2.50006
-1.91288
-2.23656
-3.72051
-3.21669
-3.57472
-2.11002
-4.92188
-2.57468
-3.56096
-1.54167
-2.48941
-5.09841
-5.01811
-2.02015
-4.98583
-3.91763
-0.682667
-2.61233
-4.55497
-4.72858
-1.68527
-4.98921
-4.24165
-1.8752
-2.88761
-2.4701
-1.81068
-2.20485
-2.26738
-2.19294
-1.39588
-3.84249
-2.17131
-2.62383
-2.3204
-4.92588
-4.58654
-3.2236
-2.09843
-3.37667
-2.49615
-2.10326
-0.0191085
-3.50228
-4.52752
-2.91849
-2.25147
-5.67615
-0.828552
-2.191
-4.7121
-0.986789
-2.32582
-5.23126
-1.69398
-5.03774
-2.61861
-1.09899
-4.47059
-2.07069
-0.822934
-5.05926
-2.03963
-3.41965
-1.63729
-4.89422
-1.34577
-0.525002
-4.8745
-1.06345
-2.48548
-0.793285
-4.6985
-1.2318
-2.62081
-4.32616
-2.41461
-1.15349
-3.91178
-3.3752
-1.64999
-3.82823
-2.25932
-4.74349
-1.0473
-3.34167
-4.27232
-2.33843
-5.01437
-3.04515
-0.711473
-2.47007
-3.33405
-2.78012
-0.827941
-2.41835
-1.09909
-2.47223
-3.5391
-3.54283
-4.9075
-2.04734
-4.76772
-2.03341
-2.17747
-2.12914
-4.19502
-2.51505
-1.12871
-1.53578
-0.550739
-5.80046
-5.34941
-3.50153
-2.04761
-2.28051
-3.71468
-5.02113
-3.95283
-4.70936
-5.3467
-1.43254
-4.57181
-2.55075
-2.29608
-1.32526
-1.89936
-2.44883
-1.02428
-5.20177
-2.30422
-2.60641
-4.7279
-3.63155
-2.25519
-1.56752
-1.80956
-1.06544
-2.08377
-5.04118
-4.48635
-5.7381
-4.77058
-5.78494
-5.17846
-4.01341
-5.61897
-3.51299
-3.50932
-2.61971
-1.18396
-5.11865
-1.71366
-1.55665
-4.28673
-4.92244
-0.556682
-1.31837
-1.0678
-1.32626
-2.07714
-3.22045
-4.37872
-0.806407
-1.46418
-1.69938
-2.57679
-4.28348
-2.93387
-3.49005
-1.8826
-3.47468
-4.75087
-4.68236
-1.21649
-3.45916
-3.46263
-5.2207
-1.20688
-3.73106
-2.88311
-2.99888
-5.22503
-2.16269
-3.24596
-4.67683
-2.23012
-2.42744
-1.46108
-1.66264
-2.42701
-2.5692
-2.49418
-5.10475
-4.39309
-3.58535
-5.31021
-1.3769
-2.18157
-1.2304
-4.02482
-4.71399
-1.60539
-3.48431
-3.91642
-2.57378
-1.31582
-3.37493
-2.55625
-3.51936
-2.2018
-2.49044
-3.4346
-5.13614
-3.20473
-1.18811
-5.28229
-1.1537
-5.07466
-2.34603
-5.23281
-4.45678
-4.6883
-4.9267
-5.54648
-2.35601
-2.55191
-1.36827
-2.10447
-4.96556
-3.94817
-2.21804
-2.5082
-3.54291
-5.60143
-5.7963
-2.46813
-2.21888
-4.66061
-1.39371
-3.43948
-1.00267
-5.18544
-0.296236
-5.06331
-1.81058
-5.7853
-4.46868
-4.99921
-2.06878
-4.48829
-3.86653
-1.3675
-0.742503
-5.07468
-1.15586
-2.42632
-5.20051
-4.67176
-2.35732
-2.53083
-1.86979
-1.04554
-4.35774
-1.36176
-2.30575
-5.08563
-1.01396
-3.59193
-2.22063
-3.31697
-3.2441
-0.93728
-1.57122
-2.65064
-0.667066
-2.43287
-1.17443
-1.11782
-1.15549
-1.18077
-4.79235
-1.67372
-4.29422
-1.42231
-1.58475
-3.55435
-2.49724
-2.60391
-3.58469
-2.23379
-5.49939
-2.36367
-3.56452
-4.719
-1.68759
-3.3464
-2.46328
-4.84324
-4.67109
-0.808132
-4.81842
-5.01489
-0.830979
-4.23442
-2.48877
-2.47575
-1.24947
-2.52895
-2.2118
-1.05778
-5.81423
-3.47889
-5.61881
-1.17219
-4.90623
-5.26786
-2.6208
-1.30038
-4.3362
-4.34684
-0.820375
-2.05494
-1.11383
-0.811424
-3.69209
-2.47887
-0.121336
-2.43521
-4.74144
-2.45685
-4.99082
-3.30779
-1.08223
-3.89856
-5.96204
-2.34167
-4.16778
-2.11738
-0.85082
-4.11913
-2.42826
-3.22575
-2.30824
-1.8163
-4.60162
-3.34651
-0.445424
-0.709607
-3.57587
-4.59518
-4.88801
-3.2609
-4.97911
-2.45208
-1.25967
-2.44018
-4.6886
-2.21439
-2.42523
-3.29404
-1.04178
-1.97598
-2.0554
-1.63669
-1.2673
-4.55512
-2.46713
-4.3556
-0.984703
-2.45676
-5.20738
-4.7623
-2.51344
-2.4799
-3.37449
-4.8277
-3.38708
-0.972318
-3.44972
-2.52069
-2.48225
-2.49747
-4.75424
-1.49574
-4.43356
-0.925291
-3.68224
-1.67861
-3.24616
-2.11614
-0.47568
-5.1803
-0.987402
-5.01519
-1.08667
-5.0386
-1.23598
-1.96678
-3.64915
-2.48527
-4.71378
-3.53847
-4.25447
-3.37919
-2.15041
-4.75735
-1.72456
-3.85362
-2.01051
-3.77045
-1.13652
-4.76771
-4.33486
-3.12794
-1.70549
-1.76664
-0.144842
-4.83577
-1.32095
-1.05457
-1.15596
-4.42245
-5.69946
-2.45906
-3.68724
-4.48485
-3.35737
-5.60434
-1.98773
-3.42804
-1.80104
-0.796306
-1.4069
-1.35516
-3.41868
-4.75409
-1.76932
-3.53223
-1.64641
-4.98838
-2.31494
-1.04128
-5.22986
-5.42694
-2.30351
-1.74208
-3.32118
-4.10901
-3.53761
-3.51034
-1.93563
-3.42101
-3.63467
-4.82913
-3.88154
-3.71134
-0.920768
-1.01582
-2.47188
-5.37932
-1.00276
-5.07465
-4.82814
-2.22643
-2.62167
-1.11876
-2.44663
-2.29685
-5.51957
-2.1886
-2.49468
-3.81946
-1.48407
-1.31961
-1.77551
-1.02728
-4.61126
-1.91876
-4.51567
-5.52261
-1.76359
-4.74223
-2.55022
-5.49386
-2.41481
-0.558151
-2.99191
-2.40537
-2.16756
-4.90741
-1.00135
-2.4427
-5.25092
-0.966708
-1.03276
-0.589144
-5.47809
-3.8493
-3.76808
-0.787849
-1.99802
-2.37087
-2.10752
-2.45516
-0.291308
-0.946895
-3.50811
-0.82154
-4.5456
-0.758136
-1.31918
-1.1121
-1.68646
-4.57665
-2.09829
-1.04347
-3.45986
-4.2858
-5.21313
-2.21239
-2.36451
-2.52178
-1.71091
-5.39239
-3.49885
-4.66636
-2.14574
-2.32311
-0.783895
-1.76838
-4.62048
-4.42698
-4.41097
-3.51761
-1.16704
-4.91541
-2.96109
-4.1147
-1.73241
-5.51844
-5.12024
-2.37927
-2.44378
-4.9664
-4.7184
-2.09719
-1.43051
-3.42548
-1.92443
-1.50299
-1.84141
-1.06934
-2.1633
-1.64993
-3.59811
-1.79787
-1.16454
-4.41269
-3.18994
-4.4221
-2.19127
-3.1877
-4.74131
-4.50786
-4.96068
-1.0832
-3.08043
-2.36615
-1.4393
-1.31041
-3.31672
-3.27668
-3.67339
-1.69098
-1.30108
-1.05064
-1.68292
-5.40701
-5.10998
-2.43965
-1.64605
-2.4282
-1.09587
-3.24228
-1.48462
-3.41845
-2.48208
-3.0462
-4.38133
-5.81521
-4.05735
-2.73106
-3.66714
-3.35271
-0.923126
-1.69709
-3.25121
-3.13516
-0.230042
-5.08842
-5.38347
-2.4517
-2.43136
-3.28264
-0.843206
-4.1924
-1.34181
-3.27272
-1.38131
-1.94869
-2.04159
-1.14886
-4.26878
-4.96444
-0.948332
-2.58141
-1.71661
-2.67947
-2.42988
-2.27969
-2.56268
-3.60698
-3.94821
-3.84186
-3.60011
-4.57818
-1.3607
-2.2847
-2.89166
-5.57112
-4.76306
-1.32092
-5.6163
-0.817685
-2.53087
-2.49175
-1.67195
-4.52223
-3.33125
-1.34703
-3.25257
-5.05992
-2.20495
-0.894679
-3.29881
-2.39447
-2.42673
-0.745756
-4.15038
-3.46188
-3.9218
-3.53297
-1.79932
-1.61892
-1.61842
-2.42092
-2.24564
-5.73395
-2.578
-2.41115
-3.2847
-2.27547
-1.71942
-2.44712
-1.02698
-3.61583
-4.18164
-5.52848
-1.41112
-3.34695
-4.69517
-4.05324
-4.12794
-4.77583
-0.784527
-2.54558
-2.42286
-5.19252
-1.07527
-1.89826
-2.47535
-4.97387
-0.617353
-1.11495
-4.01594
-2.41671
-3.60222
-3.68251
-2.57075
-3.26943
-4.55409
-1.6808
-4.61225
-1.03062
-2.41189
-1.23522
-1.31568
-2.2654
-1.78426
-2.04005
-2.35694
-1.80576
-5.05011
-5.27325
-0.706997
-1.66658
-1.80902
-1.12232
-1.55638
-3.57847
-0.827983
-5.5633
-5.11188
-1.27116
-5.20155
-1.09665
-0.386424
-1.11747
-4.34092
-0.235419
-3.44625
-4.32504
-4.75187
-1.80476
-1.02588
-3.72694
-4.63067
-0.817089
-3.33286
-0.376604
-3.85526
-3.08429
-5.11143
-3.5723
-1.56567
-1.07226
-1.60693
-3.02893
-5.75284
-5.26649
-2.14769
-4.63106
-5.76607
-1.16776
-3.09771
-1.83839
-3.22449
-3.50123
-3.20109
-5.22365
-2.41946
-4.53671
-4.78179
-4.872
-2.08236
-4.27709
-1.45175
-4.80119
-1.43125
-2.42444
-2.49389
-5.51407
-2.91339
-4.14726
-3.48317
-4.56126
-0.951613
-3.6669
-5.07359
-1.79985
-1.91715
-1.33898
-2.1256
-2.42018
-2.42543
-1.48022
-4.43181
-1.62991
-1.34808
-1.27389
-2.29855
-2.17531
-2.39333
-1.95876
-2.18532
-0.964691
-5.22298
-3.32034
-4.34531
-2.0387
-0.902231
-1.10563
-3.88613
-4.77262
-3.63354
-1.60665
-3.85003
-1.61251
-4.44541
-2.14084
-1.31127
-3.99761
-1.48494
-2.66199
-2.48519
-3.47344
-1.75871
-2.6194
-1.14496
-2.43386
-5.16634
-4.78036
-4.41683
-1.74299
-3.43654
-4.78938
-1.80511
-1.76287
-2.99515
-1.31806
-3.46787
-1.61003
-4.39517
-1.37186
-4.74734
-2.6178
-3.35168
-4.68693
-2.2914
-1.21334
-1.75619
-3.3658
-1.37236
-3.4193
-2.09367
-5.1689
-1.45753
-2.92882
-2.41877
-2.76489
-2.61317
-5.24203
-2.05327
-3.82517
-3.484
-1.56545
-3.40078
-3.89817
-4.96278
-1.2677
-1.20734
-2.13861
-1.27632
-2.03667
-4.37632
-1.37714
-3.29465
-2.67391
-3.95016
-1.54764
-4.76601
-1.21912
-1.118
-2.33401
-2.29053
-1.73741
-1.27778
-5.41818
-4.35574
-1.63746
-2.43795
-0.898358
-3.02914
-4.32232
-4.75495
-4.54717
-4.67203
-4.80194
-2.37949
-2.36513
-1.88741
-1.92228
-1.68713
-2.65517
-0.451855
-5.21885
-4.87535
-1.80612
-3.99377
-1.58511
-3.33406
-2.25063
-3.58083
-1.32458
-2.55198
-5.58608
-1.33256
-1.18128
-4.70704
-2.34981
-2.08944
-4.48884
-1.13639
-3.50013
-3.32999
-4.31289
-2.3582
-2.53746
-5.39572
-1.13723
-2.13463
-0.587589
-4.46921
-1.58239
-1.81587
-1.06006
-1.05726
-1.47244
-4.49615
-1.29754
-4.75413
-3.96459
-4.73962
-2.05071
-1.3538
-1.14174
-1.73593
-1.76863
-3.17392
-1.72506
-2.50661
-5.20865
-1.30586
-0.970615
-1.37732
-1.83089
-1.57561
-4.4186
-4.71047
-5.78566
-3.03882
-0.854677
-3.41156
-1.56521
-4.69503
-1.36329
-1.81934
-4.67461
-1.59143
-3.65226
-2.47488
-2.09624
-1.90065
-1.94415
-4.7496
-2.49661
-1.37366
-1.12796
-3.46867
-2.09047
-1.55127
-1.6604
-1.37158
-1.1738
-1.70039
-1.84511
-2.6204
-3.67587
-1.52687
-1.29017
-2.95227
-5.24078
-5.34074
-0.985684
-5.01612
-1.75848
-2.01873
-2.11645
-2.28731
-4.78523
-4.67111
-1.15878
-3.12741
-3.58408
-2.44818
-2.4071
-2.48451
-0.808475
-3.50377
-3.27194
-1.26431
-2.14647
-3.3942
-4.99476
-1.36136
-3.66791
-2.34569
-2.01588
-5.24622
-2.47416
-1.79196
-2.48163
-2.37549
-3.42521
-3.10884
-4.334
-2.48059
-1.04915
-2.09097
-2.7138
-1.78606
-1.83579
-2.24084
-2.26304
-3.60023
-3.5102
-2.4893
-1.78938
-1.63228
-4.72513
-1.80305
-4.90093
-0.349416
-2.46807
-4.24382
-2.12845
-1.23287
-2.12333
-4.33868
-4.21393
-2.24126
-2.0845
-1.61385
-1.79354
-2.6563
-1.68488
-1.71889
-1.7925
-2.60061
-0.299522
-2.46906
-1.72335
-1.83146
-2.2776
-2.12766
-4.8677
-2.15002
-2.09944
-1.35444
-1.80775
-1.52127
-3.12239
-3.48626
-2.10478
-4.75655
-2.42412
-2.3608
-2.11461
-1.29902
-4.7168
-2.45498
-1.89891
-2.88829
-1.75031
-3.01485
-4.52669
-3.59227
-3.87007
-5.26922
-1.3767
-1.65142
-4.76502
-2.24928
-1.76925
-1.75085
-4.92637
-1.59785
-1.1
-3.51768
-1.50845
-0.17556
-2.78243
-1.25854
-1.45094
-4.98765
-1.45207
-2.35924
-3.36839
-5.5365
-2.44104
-4.36866
-2.35281
-3.35947
-3.46789
-1.13455
-0.103255
-2.47171
-2.39281
-2.64232
-1.59723
-2.72883
-2.19031
-1.99598
-4.73175
-1.54197
-2.0347
-3.57179
-2.07538
-1.97443
-4.75444
-3.4226
-0.948363
-2.66501
-5.09827
-1.73001
-1.74207
-1.87933
-2.08814
-1.01786
-4.86841
-0.297754
-1.49089
-0.864267
-2.27343
-5.25618
-3.30269
-5.19375
-2.34201
-2.89032
-2.26657
-2.06183
-4.37299
-2.35354
-1.89403
-3.52613
-2.34936
-1.64373
-0.469006
-2.08589
-2.53655
-2.83519
-0.10868
-2.36256
-2.48787
-2.0213
-1.69992
-2.77705
-1.8204
-2.08116
-1.11858
-2.51163
-4.72975
-1.92773
-1.08687
-2.40745
-0.562716
-2.31191
-1.95756
-5.6564
-1.07237
-2.07808
-2.3305
-2.35834
-2.33735
-2.03639
-2.06693
-0.3327
-1.96434
-2.0781
-1.46041
-2.24575
-2.5864
-2.93703
-2.27717
-2.20979
-2.34634
-2.40562
-2.48439
-1.14436
-1.9424
-2.33195
-3.54047
-2.33545
-3.97835
-2.08017
-0.433785
-2.1966
-1.74247
-2.36372
-2.07284
-4.86502
-4.74836
-2.84013
-3.53986
-2.32607
-2.05757
-5.16374
-2.15401
-4.35964
-2.08325
-2.34261
-2.08946
-0.814783
-3.72714
-2.19908
-1.95222
-2.06575
-5.74055
-4.68612
-3.28422
-3.31633
-2.06388
-2.03912
-3.25144
-0.128105
-2.48818
-3.99056
-1.05929
-4.51704
-1.9249
-1.3042
-4.3385
-1.92744
-3.3492
-2.12826
-1.81263
-2.05706
-4.09546
-2.59166
-1.75146
-5.26723
-3.45961
-3.47332
-3.83635
-3.23499
-4.66904
-4.64787
-4.73402
-3.84219
-3.28205
-2.97567
-2.85285
-3.57802
-1.72232
-4.55188
-0.332408
-1.49819
-2.04513
-1.07542
-1.07528
-4.58363
-0.98769
-3.21762
-0.150387
-4.85411
-0.35156
-3.30771
-4.49916
-4.04499
-0.994746
-2.56657
-4.31086
-4.20194
-4.53654
-1.54433
-4.48448
-3.65819
-3.64899
-2.56216
-4.70419
-1.2486
-2.04201
-4.97768
-3.98973
-4.47708
-1.05973
-1.24502
-1.16892
-3.98451
-6.2413
-3.84528
-0.372022
-3.49516
-3.06643
-2.71512
-1.27145
-5.28531
-3.60071
-3.57087
-1.37153
-4.68593
-0.0398928
-3.32765
-4.17783
-5.2288
-2.054
-5.35834
-0.961356
-2.45678
-1.14422
-1.12289
-1.07156
-1.01361
-3.54898
-4.00528
-1.52108
-1.14494
-3.49879
-1.05952
-4.43842
-3.67111
-5.56221
-4.27121
-1.76256
-4.3383
-1.18747
-4.63471
-4.11759
-0.430832
-1.0028
-4.64373
-3.3642
-4.36577
-3.36276
-3.43572
-1.88102
-1.50464
-0.936368
-3.51757
-5.59361
-1.12973
-4.90984
-4.8569
-3.69214
-0.094609
-0.724814
-5.46213
-1.05102
-1.29563
-1.57811
-4.37793
-3.43858
-1.02166
-1.16152
-0.21586
-3.05451
-3.84407
-4.67992
-1.07364
-1.0446
-0.849039
-0.993483
-1.13283
-1.1707
-3.96532
-1.12348
-0.906275
-1.40142
-4.3529
-5.16787
-4.74688
-2.68951
-4.93493
-0.375548
-3.45032
-0.936683
-1.14386
-0.249434
-4.29752
-2.31839
-0.440221
-0.672668
-2.05799
-4.67663
-3.20022
-4.91661
-2.81448
-3.73678
-3.44316
-0.880832
-1.18061
-3.18562
-1.07993
-4.49309
-3.447
-5.13912
-0.738598
-0.207341
-1.2203
-3.92708
-2.71568
-4.64829
-1.9977
-4.49479
-4.7647
-3.05967
-4.76023
-4.07568
-4.41584
-3.31432
-1.2799
-4.75934
-3.67846
-4.16991
-3.58506
-1.29936
-4.89826
-5.60338
-3.83745
-3.51159
-4.72382
-0.680383
-0.440086
-1.15261
-4.23827
-4.78091
-1.06831
-4.58698
-0.021746
-5.49945
-4.50053
-3.52414
-4.14113
-2.86675
-5.10359
-4.7209
-4.68387
-4.30956
-4.3518
-1.16771
-2.76957
-2.55666
-4.22674
-5.19805
-4.72107
-2.50347
-5.15595
-3.44961
-4.86764
-4.36468
-3.82472
-1.0216
-1.15843
-3.53154
-0.904735
-2.64338
-2.9645
-5.44989
-0.822866
-4.24006
-0.250258
-3.79701
-3.56427
-3.66379
-3.26345
-1.23302
-2.35608
-3.09796
-0.831715
-1.17208
-1.05742
-4.50022
-0.649887
-1.28017
-5.25025
-3.09851
-3.86617
-2.03324
-2.85233
-4.40047
-1.75228
-0.97611
-2.27728
-4.45714
-4.91639
-1.74587
-2.63028
-3.55202
-5.53849
-0.579434
-4.6031
-4.56834
-3.55842
-3.35963
-2.07919
-0.0554467
-1.19994
-1.72617
-4.91156
-3.63039
-3.58489
-3.58411
-3.23298
-0.790595
-4.79768
-0.353722
-1.05283
-4.58252
-3.71034
-5.80821
-5.19034
-2.07314
-3.31819
-0.993215
-3.41408
-3.15495
-1.02498
-0.721019
-1.19977
-3.41271
-3.54666
-4.46794
-0.996895
-4.59812
-4.49835
-4.67908
-0.126245
-1.95872
-1.95902
-3.62822
-4.8606
-3.63474
-1.15634
-2.33364
-3.33154
-0.257941
-4.83256
-3.66424
-4.71217
-1.96375
-0.836086
-1.06431
-2.28549
-0.650524
-0.709782
-3.82117
-1.24227
-0.717801
-3.50825
-5.23764
-0.144548
-0.139233
-3.45759
-3.53043
-4.32089
-2.13797
-5.91614
-0.634166
-1.62855
-2.97284
-0.792778
-2.68753
-3.23306
-1.7796
-3.2715
-0.84053
-1.89512
-0.232828
-3.20551
-4.69085
-3.59221
-0.452196
-2.03863
-3.4267
-3.48981
-3.48968
-0.889973
-0.99869
-1.69644
-2.08987
-2.72858
-3.61087
-4.94362
-4.64549
-0.610332
-2.72526
-1.29045
-4.88179
-3.69621
-4.64975
-0.104293
-4.70389
-3.33083
-1.39477
-3.36053
-4.9032
-3.00326
-3.33838
-3.28331
-3.10179
-0.8033
-3.4338
-4.31346
-1.11692
-3.39487
-4.58541
-4.41266
-0.0430374
-4.4956
-0.0982516
-4.34698
-5.01076
-0.969978
-5.14651
-3.10286
-0.671563
-1.14424
-0.156021
-5.25663
-3.70105
-3.66089
-0.058112
-2.36939
-1.04275
-3.13584
-2.62517
-4.64652
-3.94184
-4.74295
-1.15545
-4.41915
-4.63944
-3.16536
-3.57753
-0.435482
-0.781843
-0.652582
-4.44884
-3.29909
-0.0585863
-2.90521
-4.56146
-3.10986
-3.34556
-2.76293
-3.3561
-5.16105
-2.01168
-4.42309
-0.950288
-3.38876
-0.864
-5.36611
-0.691733
-1.14445
-4.58289
-0.1074
-5.17328
-4.99789
-3.57548
-1.05266
-1.96631
-1.95903
-3.06786
-4.59467
-3.52751
-3.57475
-3.06603
-1.52333
-1.41972
-0.145218
-0.685901
-1.04656
-3.06691
-3.37773
-0.945919
-1.02977
-3.57045
-3.29158
-2.37985
-2.20954
-2.38605
-5.23845
-0.359222
-2.69287
-2.40728
-3.26406
-3.26954
-1.07665
-1.0227
-3.8939
-2.72554
-0.235193
-0.796045
-1.33903
-5.12899
-3.05288
-4.63749
-2.79477
-3.11074
-0.713036
-2.10853
-2.64357
-0.234455
-3.92329
-2.97554
-0.121779
-3.49154
-2.73276
-5.23876
-3.22115
-2.38118
-1.06818
-4.73255
-3.26098
-0.413146
-4.24661
-4.95582
-0.642496
-0.517635
-0.328334
-5.12329
-0.819339
-4.05981
-3.35341
-1.09353
-4.63952
-3.55644
-5.18503
-0.144386
-1.53735
-1.4833
-5.57256
-0.897331
-0.50291
-3.59426
-3.45134
-0.239186
-0.69695
-3.59563
-4.79891
-3.08844
-3.16734
-3.16674
-3.46919
-2.49917
-3.39896
-1.70998
-1.00746
-2.35459
-4.19927
-0.982992
-0.776919
-1.78785
-1.12617
-5.26573
-0.355265
-4.42537
-4.23486
-2.67926
-0.514334
-3.48842
-5.16826
-3.78189
-2.38997
-4.48824
-4.20951
-3.82921
-3.57514
-4.67035
-2.37353
-4.70278
-3.53658
-2.46101
-2.95135
-3.14358
-0.80458
-3.46303
-5.77573
-3.53753
-0.514734
-0.100678
-3.07732
-3.51113
-1.401
-2.5105
-2.50762
-4.62589
-0.294358
-0.704217
-0.120012
-3.51991
-2.70043
-2.37759
-3.56544
-3.13037
-0.443844
-2.70816
-0.184072
-0.797734
-4.71078
-1.52161
-0.124435
-1.6961
-1.81471
-3.52352
-0.259892
-3.32187
-2.33616
-0.377931
-2.36986
-3.40448
-0.752147
-3.3552
-3.60768
-0.229317
-1.56731
-4.39755
-1.00643
-0.120381
-0.83207
-2.57765
-4.24338
-0.108475
-1.77903
-4.44565
-0.886637
-1.18131
-3.18059
-2.29215
-3.537
-2.93695
-0.504016
-3.46063
-2.38173
-1.78238
-4.5382
-2.71893
-5.13875
-4.97127
-5.77047
-4.41011
-0.423073
-0.388745
-2.56992
-1.41148
-3.33535
-4.82833
-2.38554
-3.29578
-2.37181
-5.38885
-2.64349
-1.81096
-2.53016
-3.51853
-5.67674
-0.837045
-2.74528
-2.37642
-0.72085
-3.5717
-0.0191959
-5.10355
-3.57653
-1.3601
-4.29515
-0.822171
-3.19324
-5.48861
-4.74416
-4.58127
-1.28139
-4.5034
-1.92019
-3.66496
-3.4511
-4.83554
-3.51228
-0.10438
-3.61993
-3.45233
-3.20904
-0.0595667
-2.6663
-1.9966
-2.56036
-1.0548
-3.47461
-5.68022
-4.89299
-2.33795
-2.41886
-3.33084
-3.05431
-0.353516
-0.408974
-2.79268
-3.53675
-0.126528
-2.74182
-1.58045
-4.74738
-3.28613
-0.722364
-3.31302
-1.42521
-2.3312
-0.186486
-5.52579
-0.66645
-2.8019
-2.78232
-0.283011
-2.34144
-4.2787
-5.20148
-3.56923
-0.893505
-3.46979
-3.75688
-4.14471
-0.815589
-0.371283
-3.59792
-0.634648
-1.47971
-3.48101
-0.687417
-5.03783
-1.93569
-5.8818
-1.87188
-4.2876
-1.37531
-2.74771
-4.70028
-0.807427
-1.6519
-0.262055
-5.17491
-4.44556
-0.787763
-2.44433
-4.02709
-3.57253
-0.253718
-2.47458
-2.47877
-2.81771
-3.48915
-3.53211
-3.3922
-4.77225
-3.55116
-0.640114
-0.540491
-4.99133
-0.080177
-3.10371
-3.57731
-3.43061
-3.34736
-5.0341
-0.527343
-2.56428
-3.44088
-4.82401
-4.28696
-0.921038
-1.79538
-3.36751
-4.37403
-3.92359
-3.58537
-0.231968
-4.33087
-2.09044
-2.49066
-4.32322
-4.24109
-2.39401
-4.20351
-3.18365
-0.655676
-0.146859
-3.62128
-3.65448
-0.163571
-0.949063
-3.42653
-4.68331
-1.958
-3.26635
-2.55374
-2.54282
-0.806633
-1.01983
-0.989344
-4.55345
-1.77263
-3.61408
-3.38161
-3.60118
-2.71253
-2.8878
-1.27429
-4.68336
-2.20838
-3.6483
-4.54364
-2.80908
-1.0194
-2.60454
-3.54368
-5.27025
-1.09454
-3.39824
-4.16632
-1.06511
-4.74993
-1.01336
-4.93665
-1.35173
-1.70263
-5.37706
-2.48447
-2.4401
-4.59594
-0.318584
-3.53674
-1.39391
-1.01657
-4.97905
-1.16088
-1.47546
-1.03573
-0.664263
-1.6284
-1.61623
-2.60158
-3.57896
-4.72362
-5.56348
-0.694491
-0.38266
-0.38681
-0.980952
-3.31035
-1.83271
-2.53434
-0.285145
-3.60239
-2.35236
-3.59672
-5.77833
-0.100576
-0.390401
-4.967
-0.654573
-3.36577
-4.73543
-2.48411
-3.5046
-0.797049
-1.03066
-2.74935
-2.3649
-3.25419
-1.99929
-1.21691
-3.44025
-2.13113
-0.407142
-0.784785
-2.50227
-2.60039
-2.69236
-2.1096
-3.11386
-3.46126
-2.29824
-4.31185
-2.07114
-1.97203
-0.77816
-2.58289
-5.45435
-3.52562
-4.66338
-3.55853
-3.59725
-2.48886
-5.09905
-4.58506
-1.78312
-0.0309372
-3.40033
-0.376293
-2.4675
-2.15181
-3.54833
-5.14745
-3.50684
-0.40064
-1.90845
-2.13149
-2.45015
-2.42075
-1.13959
-3.89434
-3.60534
-2.62785
-1.5446
-2.60832
-3.62339
-4.78632
-1.54145
-5.22599
-0.398901
-4.82571
-3.48919
-4.11367
-3.21159
-1.7719
-1.19003
-2.37635
-3.23283
-2.55342
-0.106116
-0.17424
-1.678
-5.61788
-1.18562
-3.80997
-0.536418
-0.22334
-0.739829
-0.528272
-2.35251
-4.33893
-3.54068
-2.04922
-3.36327
-5.54868
-4.51459
-3.44821
-3.26752
0.00127307
-1.14231
-3.70205
-2.38846
-0.0442482
-0.661064
-4.5593
-1.06847
-3.36498
-2.46429
-5.60046
-1.72767
-0.0433193
-3.74298
-2.48252
-3.33539
-4.29515
-2.438
-2.53878
-5.25195
-0.0955125
-3.46868
-3.89358
-1.70354
-4.74243
-3.4867
-3.41462
-0.633577
-3.56795
-2.47882
-2.59514
-2.3436
-4.77974
-4.18636
-2.408
-0.100684
-2.71546
-2.37847
-5.1963
-0.244591
-1.11614
-4.68951
-3.5707
-5.77248
-2.53052
-0.467636
-0.547072
-2.51231
-2.37795
-2.25613
-3.83985
-3.57998
-1.21378
-0.0654615
-3.59322
-3.37832
-0.558371
-3.82832
-2.54523
-0.122955
-2.17216
-3.19956
-2.2252
-3.59839
-3.58112
-2.44753
-3.53288
-3.55465
-0.702244
-3.60424
-1.03247
-4.58155
-3.22488
-1.78313
-3.65392
-1.96316
-0.533267
-0.5336
-3.53724
-3.42048
-5.58043
-2.17865
-3.47449
-2.17948
-4.96725
-3.91777
-2.28752
-4.49398
-5.51375
-4.2726
-1.07346
-3.44357
-3.57973
-4.16621
-4.74301
-0.0535891
-3.58886
-1.76938
-5.11818
-5.16799
-0.0191119
-4.69853
-4.36385
-2.48084
-4.67695
-3.57187
-3.51785
-0.140379
-0.72366
-1.33999
-5.16304
-0.251174
-1.01781
-2.77811
-3.56406
-1.71477
-4.57751
-2.43434
-0.698727
-2.5335
-3.5669
-4.28185
-3.40076
-3.81319
-3.35015
-1.86268
-0.425017
-3.72717
-5.57236
-0.83837
-4.92162
-1.32908
-5.39891
-5.75039
-0.328731
-2.05768
-3.61986
-4.51431
-4.80153
-0.174744
-1.63695
-2.03492
-2.50066
-1.45719
-0.729467
-5.25672
-2.1735
-4.49564
-2.69559
-0.562762
-5.48836
-0.983029
-2.53678
-5.32828
-4.71008
-5.58869
-2.1437
-4.48634
-5.31049
-1.18599
-2.46328
-0.317438
-5.43101
-3.487
-4.71661
-3.55847
-3.08714
-0.660076
-3.14236
-0.0203815
-0.709668
-0.101407
-2.5772
-5.20105
-1.06211
-2.66214
-0.654949
-2.73787
-3.28401
-1.34929
-2.37554
-5.75312
-4.89501
-4.47588
-0.414664
-0.269264
-0.477882
-4.74814
-1.03443
-0.793731
-2.50757
-0.218648
-1.12503
-3.56732
-0.0437717
-3.62563
-0.168688
-1.63377
-2.39831
-3.59821
-4.45985
-0.0982453
-5.31269
-3.43655
-3.56639
-4.38783
-4.53027
-3.68497
-3.62476
-2.45912
-2.26146
-3.41238
-0.50795
-1.88664
-1.28351
-3.57812
-5.56632
-3.64147
-0.662101
-3.46352
-1.1374
-0.0618683
-1.73175
-4.90856
-4.45428
-1.02413
-1.32567
-4.35182
-2.07246
-5.0863
-3.87009
-4.32688
-0.252949
-1.62308
-1.75272
-2.52959
-2.36332
-3.58027
-3.5387
-3.57978
-2.37954
-4.92111
-0.169346
-3.969
-5.19923
-1.92185
-3.69954
-3.32272
-5.75999
-3.43233
-0.51963
-0.416562
-2.1176
-0.481748
-3.70603
-3.74508
-3.32799
-2.50081
-3.56871
-4.25724
-5.23618
-5.28229
-0.646853
-3.5534
-0.199063
-1.31706
-3.36069
-3.58469
-3.25985
-4.44703
-0.221513
-4.77702
-4.33685
-2.47421
-0.283371
-0.823488
-3.98587
-3.48361
-4.90304
-1.59931
-2.67335
-2.23806
-3.57325
-1.11589
-0.359077
-5.536
-4.43058
-3.57898
-3.47472
-1.76924
-4.71365
-5.55522
-1.2765
-2.5741
-1.29896
-3.54938
-3.60142
-1.59584
-3.61316
-2.24819
-4.30676
-4.32386
-1.14518
-0.282763
-3.29489
-3.6274
-3.5992
-3.5859
-1.28362
-0.374972
-0.0994654
-0.0714413
-3.49538
-0.127497
-0.00671042
-0.110071
-2.80947
)
;

boundaryField
{
    frontAndBack
    {
        type            empty;
    }
    walls
    {
        type            zeroGradient;
    }
    inlet
    {
        type            zeroGradient;
    }
    outlet
    {
        type            fixedValue;
        value           uniform 0;
    }
    cylinder
    {
        type            zeroGradient;
    }
}


// ************************************************************************* //
