/*--------------------------------*- C++ -*----------------------------------*\
| =========                 |                                                 |
| \\      /  F ield         | OpenFOAM: The Open Source CFD Toolbox           |
|  \\    /   O peration     | Version:  2512                                  |
|   \\  /    A nd           | Website:  www.openfoam.com                      |
|    \\/     M anipulation  |                                                 |
\*---------------------------------------------------------------------------*/
FoamFile
{
    version     2.0;
    format      ascii;
    arch        "LSB;label=32;scalar=64";
    class       volScalarField;
    location    "9.1";
    object      p;
}
// * * * * * * * * * * * * * * * * * * * * * * * * * * * * * * * * * * * * * //

dimensions      [0 2 -2 0 0 0 0];

internalField   nonuniform List<scalar> 
76166
(
2.96002
3.34295
3.7437
0.177428
3.36402
1.55059
5.30666
0.893011
1.16704
2.3129
0.936159
3.75455
2.92878
4.7143
3.84476
2.92403
2.312
1.42104
2.33173
1.74931
7.3658
3.70772
4.81595
3.39958
2.27175
2.21379
3.4008
3.59901
5.67047
7.73177
1.4273
3.22703
6.73821
0.815237
1.37561
3.31295
3.47112
2.31024
0.767408
2.30344
3.33872
3.57767
2.64021
0.921183
7.31777
3.32022
0.905687
2.94814
2.27678
7.45929
0.045872
0.0514425
1.40932
3.73596
6.88018
3.05089
0.851836
3.30016
3.87636
1.75934
1.3685
3.77522
1.20849
4.94626
5.59982
5.24897
3.48559
3.52494
3.59748
2.97554
7.24062
7.60413
1.75298
3.42616
3.14636
2.475
5.71356
6.85912
3.83977
5.29701
2.90536
2.47646
1.96454
6.75006
2.90308
3.43949
2.90798
0.301256
0.945993
7.45351
3.14793
3.48474
3.37715
3.29253
2.99763
2.88084
1.345
2.8771
3.24583
3.86856
0.562478
2.4825
2.20778
3.40795
2.82485
7.66462
3.13547
3.7205
0.295
3.20564
3.37491
3.12756
3.55252
3.37736
3.08998
3.05654
2.99172
0.814624
0.879668
2.15882
3.15529
1.7074
2.82034
7.29629
3.48631
0.305735
1.26261
3.00326
0.883231
3.33381
1.8495
0.785676
6.25397
3.55471
3.41445
0.595372
2.29572
3.36843
3.27936
3.41425
4.09388
5.31098
7.50624
2.1924
1.42566
4.68555
3.97463
3.3241
1.04357
0.808766
3.37849
3.42692
6.12408
7.16248
3.33317
0.343379
3.77003
0.901378
1.68173
1.42963
1.89059
0.233179
3.32982
3.76611
3.17046
7.28493
3.41525
6.25835
7.42821
3.22041
1.56916
3.42448
5.18774
7.21449
7.70006
7.56939
3.75232
3.67733
7.67494
3.3781
3.19462
3.24654
3.17759
1.41068
1.97941
0.85033
3.56785
6.59493
3.85222
1.21371
7.53937
3.06906
3.41565
3.56258
0.851006
1.49136
3.41897
2.83917
6.56171
1.66717
3.52357
3.82886
3.72211
1.39021
2.83857
7.32422
7.19833
2.94718
7.88377
4.01044
1.3495
2.65187
3.3634
3.46921
3.82076
3.49618
2.30436
0.821294
3.59711
3.46874
3.73647
1.21975
7.64789
3.38439
3.72758
3.28844
5.65244
1.31557
0.210131
2.89963
3.40734
3.07993
3.41866
1.2722
1.58239
3.4531
1.39189
3.86517
7.21041
7.58825
0.530571
3.25631
1.03244
1.15051
3.40732
1.5795
6.89854
3.57827
6.68304
3.75739
1.49644
3.41323
7.01941
0.89103
3.37158
1.3856
2.90154
1.6652
7.88612
1.31986
3.28025
2.63364
1.49113
2.25981
0.605053
1.63413
3.52373
2.25628
2.89108
1.26378
3.4187
0.166192
1.68009
7.05536
1.06366
2.27129
3.26793
4.10076
2.97865
7.56844
4.80089
1.2888
0.775659
2.88965
7.45167
0.529673
3.47138
3.36971
3.77476
1.3815
3.75344
7.04131
6.80877
3.89572
7.58457
3.3742
2.57856
1.29436
7.44265
3.48998
3.12316
0.884376
1.17227
7.11554
4.01232
6.39128
1.14423
3.46857
3.37733
0.449184
1.66908
3.13447
3.01763
0.902902
2.96159
7.93308
6.81835
3.37702
2.94687
7.79086
3.5523
0.787519
2.38166
1.32461
3.52706
7.00858
3.68413
3.74291
1.15538
0.215568
7.3708
3.57225
3.04547
4.97206
3.42021
6.18252
6.37468
7.44618
3.2389
3.90254
1.37145
3.80441
3.74564
0.882139
3.23545
2.85356
3.76784
3.82404
0.898449
0.925658
3.63715
2.24957
0.898141
0.694274
1.15185
3.01327
0.796681
6.07083
2.24006
5.65924
0.480451
7.21423
7.58115
7.01429
6.66834
0.925402
5.81746
1.38154
1.04536
3.87905
2.61413
6.89541
3.37799
3.80595
7.83699
3.38446
3.52548
3.02099
3.84559
2.49662
3.32173
1.69089
1.19187
3.57764
0.692543
1.53077
3.81203
3.26686
6.1217
7.31438
3.49904
5.77818
2.95081
1.58323
3.21538
3.32522
7.24709
7.87027
3.31634
3.42344
2.65109
2.35211
0.401222
0.548464
1.31584
3.37138
2.12142
4.83886
7.00836
7.71123
3.39506
7.46797
7.24406
6.30065
3.4238
0.721678
2.01486
7.0272
3.27313
4.60005
4.28601
6.10207
1.07105
0.862771
2.26889
3.18976
0.919337
4.62666
3.93248
2.57928
0.861511
6.4388
3.31808
1.26673
0.0702963
0.421416
2.7861
0.36769
1.52571
7.49179
3.31333
3.20221
0.0937279
3.78017
7.32064
1.25744
2.79123
6.8627
3.41324
3.39572
4.7038
2.01099
2.26185
3.51646
0.910272
5.68847
3.32837
0.660549
3.36303
1.28274
0.163924
0.0772611
1.44879
2.94552
0.617971
3.50291
2.85812
3.70332
8.0552
8.1386
2.24532
0.909927
3.41471
3.099
3.31368
4.3253
1.49139
0.433298
7.8519
7.80031
0.848451
3.09241
2.38233
3.04468
1.10974
0.717136
2.28723
0.746005
6.34308
0.912229
7.41544
2.94476
3.95977
0.52188
6.87806
3.84114
3.58995
5.99932
0.922026
1.3311
0.85102
2.08289
3.72931
7.53619
1.63426
3.70072
3.29236
2.68526
2.22192
1.14607
3.11985
3.26395
2.72684
3.70165
2.47499
3.81921
7.16169
3.12869
3.10594
8.23825
6.23244
7.87949
0.431244
7.4106
2.72127
1.73506
7.64643
3.36603
3.80456
7.30104
7.42283
7.17124
3.17133
6.22946
3.11323
7.05711
6.76536
1.52329
3.28775
4.35519
3.24622
0.867501
1.32557
3.73334
2.60755
3.80559
2.77343
3.71146
1.21461
0.341574
2.55938
3.65436
1.70646
4.41838
1.30381
3.36673
2.60234
3.79785
2.88957
6.84671
2.55496
7.29102
1.31584
3.87078
3.49919
7.32538
3.19598
4.04584
4.55397
4.59059
0.77252
1.3196
0.80589
4.64506
6.90399
3.73265
3.10172
3.50679
8.07168
3.74139
3.05671
1.3138
4.99261
3.79119
2.84366
3.39673
5.79168
1.15954
7.24808
6.48774
1.20072
3.06301
4.47435
4.94428
2.84348
7.25664
7.18062
0.95065
7.21466
3.11868
0.94768
0.89405
7.89778
2.82642
3.54996
3.18051
0.948898
2.90084
5.84918
5.90459
0.177017
3.49208
3.29895
1.32218
3.26603
3.87907
0.617546
7.11785
7.04582
1.44809
1.40623
1.17138
7.55429
0.595034
1.30692
4.13234
2.26717
3.74811
1.60123
3.49075
0.78112
4.49069
7.58486
2.83588
0.192267
6.61383
2.89005
0.768332
2.79971
1.92927
5.1584
7.63259
3.99311
1.894
3.41566
0.885869
3.5754
2.67883
1.85484
3.01537
0.158571
0.779788
3.68745
3.15599
4.68954
5.08654
3.40211
3.32142
4.38468
2.95191
5.43333
3.96826
3.10046
0.858919
3.05809
2.4009
0.446985
3.67808
4.999
3.55256
3.2748
7.87153
3.2163
0.907575
4.06366
6.86832
2.97635
2.89842
3.03853
7.75824
7.41428
3.72432
3.49304
7.39229
3.64566
2.80675
3.3518
7.14451
0.682507
3.4096
1.41577
7.77722
2.17494
7.48254
6.13175
2.80329
3.48155
7.80128
5.04723
4.04313
3.51173
3.23743
3.08611
3.95331
3.38081
3.40669
2.28117
3.47292
4.40891
2.72719
8.17558
2.29056
2.26773
1.92809
6.63508
1.58934
2.79626
2.85485
0.464841
7.26714
0.485752
5.12319
3.87003
7.03198
3.06189
2.96604
4.1821
2.49532
0.919701
3.372
6.84472
3.32571
2.75218
5.78908
7.83502
3.79994
3.79072
0.173422
3.85524
3.05433
6.25976
1.32714
3.22453
2.74456
1.86943
2.80146
3.42633
3.26749
3.06124
4.01605
3.25777
3.05527
1.29378
0.220827
3.82839
3.22365
3.994
2.59503
3.29188
3.25769
5.40054
3.2774
0.548252
0.916144
1.18769
3.80359
0.0366291
3.77193
1.1509
2.5814
3.09615
0.56672
0.752097
7.19754
3.75116
1.28097
2.22823
4.037
4.03707
3.79403
2.26314
2.84765
1.28989
1.89419
4.94058
7.33551
3.32619
0.569434
3.41851
2.79068
0.489877
3.88471
3.2583
5.87779
1.87753
3.81298
3.29368
3.94464
2.88005
0.465295
2.27358
3.42268
2.71326
0.776269
3.38582
3.42875
1.19212
3.74233
1.31856
6.63704
3.46823
7.83295
4.79902
1.4753
0.695212
1.49673
2.23118
0.803632
1.48949
0.78535
7.69357
1.47884
3.02487
5.66906
5.23085
3.57009
0.350175
2.75112
0.743533
1.36208
2.71855
4.92549
2.50275
6.84839
3.00058
0.87193
3.05439
0.850655
0.857386
2.32535
6.28667
7.55587
3.92471
6.99266
3.33515
1.09986
3.52634
1.95416
3.65586
3.22505
3.21347
7.01174
2.23081
4.39374
3.96493
5.80823
2.41398
3.26304
3.49256
7.59587
3.71649
3.91009
7.18655
0.494014
5.19431
3.87107
3.78466
3.87358
2.24593
2.7554
2.15436
6.69975
6.11463
3.03036
7.46184
4.6404
6.67166
4.63796
5.2668
7.73896
3.91266
7.15354
3.59776
3.30768
7.39868
2.23837
2.81538
3.33118
7.74464
2.96234
2.48457
2.41147
3.51161
2.86455
7.47657
7.47631
7.03057
3.93528
3.33732
7.12906
7.68007
3.78292
2.17127
2.77468
4.2585
7.21037
2.42646
7.0032
3.3474
3.23202
3.35844
3.54274
3.03827
6.88031
5.08923
7.14327
3.8268
7.39
7.50826
0.855582
0.810964
6.85163
2.29628
3.88644
3.21995
6.45332
3.56326
3.22163
1.34171
1.57627
3.89848
5.409
4.74886
0.857743
2.76027
7.47888
0.876705
1.09859
1.47644
1.34703
5.63447
0.611025
0.628827
3.35858
3.40951
0.948113
3.15904
3.088
7.41909
3.0673
3.16865
2.46726
5.18281
3.87588
1.57352
3.05857
0.124667
3.69618
1.05159
3.16122
1.6852
6.97993
1.16464
0.394089
3.46938
3.79234
0.354493
3.0281
3.11017
3.05705
0.721047
3.7465
7.40745
6.88814
3.9887
5.63345
3.51057
3.78264
4.51351
1.95535
3.41377
3.13345
1.32489
2.31851
7.10301
6.6139
3.93217
2.21684
6.52039
0.781716
4.48607
1.22109
3.88608
3.78192
2.95107
7.73762
0.959438
2.99261
1.66939
3.93534
7.14788
1.95636
7.62166
3.76317
3.38072
5.59395
3.11475
1.50612
6.31041
3.2386
1.43629
0.767125
7.71776
4.04474
3.07544
0.736464
3.14754
7.18305
2.52727
0.952602
1.5642
0.0239798
2.97422
4.13297
4.62761
2.10316
7.80483
7.556
1.09684
3.38937
3.29957
1.82086
0.514683
0.782422
7.77315
3.09015
3.50888
7.59296
0.913789
2.84559
6.97155
0.897403
0.236359
3.41627
3.00794
2.28469
6.62264
3.78166
1.33592
1.32992
7.12618
1.17976
2.23945
3.7
2.78261
0.568609
3.01662
1.19008
2.46463
2.98627
7.60189
2.29684
3.39665
0.210356
0.334024
4.99633
3.82638
3.91827
2.9965
5.35029
1.93304
3.21491
6.14771
7.68115
3.00445
7.04664
0.818443
3.27818
2.23224
3.40756
3.18594
1.67943
3.38428
0.586753
0.880125
2.10859
3.50718
5.36372
6.11773
7.03788
3.27136
4.60601
1.17582
2.30767
7.39109
1.95692
4.63873
3.29045
6.63624
3.26609
5.32737
0.733829
0.586832
3.03319
3.49196
2.75288
7.16064
3.20569
6.74112
3.41802
7.71766
5.57055
6.98569
3.22771
0.587505
2.113
2.8301
2.09541
6.85449
3.24863
2.29652
1.88811
7.78388
3.18057
3.38853
0.728883
7.3789
1.881
2.62778
3.69858
2.44803
7.40731
0.716815
7.16484
7.6141
5.4083
0.808512
0.470204
4.17353
2.71136
3.7105
3.18086
3.86441
1.03112
0.412154
3.47537
2.84566
2.97318
7.63795
0.0995871
3.89101
2.23141
0.315661
0.905502
3.21101
3.27713
1.33023
3.21575
0.851044
2.28729
3.77431
1.67586
2.66309
6.15577
3.35152
0.238135
7.87124
3.20692
4.45385
3.52158
7.72515
3.31936
3.49514
7.26643
2.22471
7.54623
7.75443
6.11171
6.24601
3.22931
0.914662
3.05392
1.96214
0.896653
0.609572
5.74921
0.483319
3.41937
2.99543
3.21722
1.88907
0.74569
7.42088
7.39832
3.59782
3.42587
3.52558
1.11003
6.98659
3.70586
1.31689
3.52821
3.24837
3.30762
1.43841
1.40167
6.10175
7.41089
6.88745
3.22125
4.67293
3.22699
7.75538
6.30008
6.79139
5.98247
3.4455
2.22472
1.66767
3.18438
2.81977
5.43897
1.94658
2.83973
3.28599
4.64852
6.73038
2.4448
3.25011
3.23604
7.19518
2.22946
3.36753
3.04837
0.698362
3.19481
0.918374
0.559575
0.0257991
6.22625
0.891882
3.24851
2.63121
3.83726
2.06619
3.99207
6.86524
7.74865
2.97453
0.902966
3.23439
3.69094
7.19584
2.64932
1.93477
0.91025
3.29456
4.03649
6.87141
3.83125
3.42786
3.3708
0.197189
1.13498
2.44127
7.26774
3.52211
2.02899
4.43791
6.86761
3.51538
5.94744
3.42568
2.08698
0.796642
2.85472
4.07212
1.18345
3.65275
3.70432
0.689336
2.05888
0.814164
2.7078
3.43281
6.17816
5.72593
1.51475
7.84766
0.253306
3.42098
3.87276
7.42423
2.59567
3.36778
2.98967
3.24999
7.10505
3.33249
3.32663
3.42478
1.15674
3.27618
2.82267
4.82143
3.76245
2.71459
1.85999
7.49645
3.48457
1.92105
0.904521
7.34442
0.744165
2.62408
7.02775
1.91229
4.13725
3.9336
0.900514
3.69515
1.66423
2.83508
5.74339
3.69006
3.57349
7.8805
1.28235
1.36658
6.97937
3.65421
0.951961
1.90564
3.80328
0.466752
0.283359
3.21708
2.32004
0.163603
1.08783
0.682957
2.85964
0.962967
3.28134
7.83141
3.68042
1.94245
2.53025
0.730065
1.54752
7.24281
1.97977
1.34966
4.60204
1.65765
0.592207
1.94934
3.60757
3.44333
3.60809
3.46634
2.64965
3.91892
7.03802
2.94784
2.0788
1.35337
3.91268
3.72226
2.09077
3.15624
2.09058
2.65851
6.96757
6.77871
3.53716
1.34567
2.03503
2.99758
3.27312
3.87833
7.27507
0.676036
1.17147
3.73506
0.821418
1.6786
0.234955
3.0889
3.70621
3.5243
7.01786
3.33277
3.66316
2.83341
2.66553
3.43363
3.84961
3.05983
6.27405
3.42796
2.50986
3.64653
0.741215
4.72305
2.97119
3.67485
3.27996
1.8689
6.98868
3.3735
1.56669
3.25694
3.35232
3.14665
2.62197
3.52405
3.42717
5.60585
0.748751
7.42161
3.78919
3.83955
0.517592
7.46236
7.76669
3.20158
2.306
2.53597
2.3189
2.08387
2.53993
6.96403
3.24528
1.89253
0.94953
7.03568
1.15923
2.53243
4.85572
3.27994
2.88134
7.17213
0.848345
3.22094
1.88666
4.79769
3.4718
6.33854
7.42055
2.81729
3.55539
5.22035
7.07276
4.82801
6.88971
3.73316
6.25954
4.04647
0.88334
5.26181
1.51475
2.76365
1.28173
6.23889
6.10001
4.43879
3.56403
3.3626
3.75414
4.91291
3.27608
0.953972
4.89617
0.871838
6.23242
7.62879
1.98987
3.51836
7.40773
2.98397
6.2881
4.04639
0.210893
4.1285
0.839495
7.14494
4.15674
7.47443
2.0984
1.40904
6.12027
7.42192
6.4133
4.78189
6.64775
2.15315
0.558561
3.2895
3.05827
5.63925
2.80275
3.07996
4.86354
3.4188
3.70071
3.48313
3.86321
0.995557
2.22584
2.07067
5.90921
0.596861
0.751438
4.54615
3.99829
4.61241
7.31871
7.94583
7.00391
3.16807
1.2905
2.2478
7.23973
3.52734
4.58604
3.53128
0.0675582
3.72303
3.14989
1.48377
2.57547
3.87353
2.59688
0.623042
3.38556
3.62711
2.33163
6.20388
4.59962
3.21129
6.16193
1.94876
3.46451
3.71485
4.31843
1.03211
3.78621
2.31204
2.92913
3.73735
5.98036
4.77672
7.45862
3.43919
3.32126
1.81344
3.22138
2.63317
2.65523
3.74692
0.682599
3.25932
3.42562
1.17797
6.06672
1.96303
3.41251
3.39861
1.52294
2.85743
2.86589
0.900805
4.70697
0.876875
3.02464
0.197215
3.4352
7.1383
3.79024
7.19488
2.2918
1.95064
7.22488
7.60088
3.16975
1.46352
3.36531
7.38944
4.97199
5.72561
1.94893
0.9184
3.20034
0.910912
3.79536
7.03231
3.41475
3.07258
6.83267
0.598347
3.76629
4.83721
7.82767
3.52146
4.01547
6.79616
6.6692
1.5611
1.99506
3.30999
2.92028
3.80785
0.0181108
7.41443
3.50488
7.3743
7.39963
2.62498
3.28912
2.51359
3.80784
0.85814
1.06263
0.850662
0.420966
5.19921
2.25023
3.78493
4.04478
3.0446
1.35214
3.16394
3.48659
2.57732
2.87147
4.98109
2.99947
7.00494
3.81725
3.5037
7.44292
3.28796
3.39644
3.17671
3.01882
1.55655
0.667576
7.10057
3.24578
0.916878
2.41048
1.72119
1.26148
3.55065
1.34504
0.177876
7.62068
0.726048
6.09111
2.95519
2.93511
0.516304
2.03618
3.44012
7.07765
1.36361
2.20737
0.0418459
5.93874
5.98166
3.8037
6.40895
2.73263
7.16918
0.796496
3.13558
0.553944
3.54543
7.12757
1.94621
2.03945
2.57349
0.0527021
0.351682
0.90927
0.597109
3.7759
0.788348
2.65203
2.19716
3.39101
3.59619
0.904922
7.37294
3.80241
7.72421
2.92812
3.28274
7.34
0.501262
1.11817
3.52417
2.72387
2.47998
7.83312
4.2307
2.78409
5.96654
2.56398
1.85015
3.37357
7.50959
4.03534
1.01247
3.41635
0.476115
0.324864
1.57854
7.10421
6.67927
7.02719
1.14879
3.41517
5.65506
6.83957
3.90891
2.48996
2.83469
2.90585
3.29521
7.29873
1.21631
3.78456
1.77991
7.3404
2.80423
3.54602
3.5065
3.69492
2.38466
3.78291
0.838425
0.893915
1.20345
2.74394
0.844365
2.92973
3.09149
4.35283
3.3415
3.5092
0.948659
7.4016
1.67463
1.12358
3.64609
3.52128
3.38276
6.01063
3.58035
7.57617
0.908785
2.94449
7.10975
3.63828
0.514551
2.43755
3.03856
7.37113
5.67986
7.33428
1.00423
6.25636
0.0727231
7.81726
0.0846857
2.80157
2.47439
7.67321
5.99256
7.6971
1.02213
4.20864
2.54638
1.9303
1.86791
7.62093
0.418215
3.33297
3.6941
1.92011
0.0835196
3.20614
3.22752
2.91405
3.23247
3.04449
7.19718
3.9572
3.43865
6.58268
6.41621
0.922304
5.90813
2.64939
4.22804
3.04638
2.73766
0.329048
0.958482
2.48668
3.38197
4.71308
2.8438
1.27159
1.494
7.5254
1.34979
3.23153
0.166629
7.90014
4.67715
2.47313
3.50795
2.92975
7.36134
5.69618
7.47258
8.54026
3.40829
0.872756
1.52781
3.78817
0.883085
0.907445
1.45942
2.8432
2.63156
4.21223
2.90056
4.05532
1.66691
6.26798
7.0514
3.07712
3.78409
0.879026
2.78505
6.04762
7.79609
7.72787
3.50499
5.47008
0.25341
2.54757
7.00218
0.67175
1.52505
4.06453
0.242822
0.497456
2.90193
1.89449
7.33982
6.43703
0.413764
0.465329
7.46771
1.90789
3.41657
1.01242
0.894878
2.14538
3.90392
3.52098
3.79462
7.17111
2.88076
3.32471
4.35513
2.47504
3.01392
2.92545
4.03911
2.79143
6.6487
7.60691
0.43843
3.08397
1.92949
1.28208
7.63375
3.99139
6.72564
7.31102
6.86702
7.85824
7.33269
3.38803
0.578384
1.13634
3.3405
0.428071
5.83515
3.64763
7.4561
0.578286
3.39357
2.19634
0.642748
2.89049
6.28986
6.83995
6.56227
3.51884
1.85069
2.58813
3.03461
0.823792
0.253582
4.81753
4.34484
0.872982
2.88394
3.2576
1.56293
7.05316
3.54555
3.72237
3.7438
7.26993
6.09242
5.76283
3.55059
3.51751
3.73084
7.21094
2.94986
2.09044
2.98544
2.41262
3.86799
3.4278
3.87402
0.842303
4.90954
1.17113
3.22007
1.15113
0.532644
3.61736
6.23313
0.937455
1.26242
1.90052
0.755332
2.0444
2.90957
0.257591
6.21349
6.35155
2.40808
1.04025
2.36821
1.25673
2.78198
4.04762
7.64886
2.32808
2.88875
7.50231
1.02418
0.914134
2.21745
3.1843
2.73614
5.24608
3.96768
5.1248
3.43891
0.250484
0.35028
3.56204
3.07832
1.42374
2.60744
7.5732
7.89925
3.45022
0.918045
3.45182
0.897022
3.48948
3.4216
3.20721
2.50813
2.58921
3.64557
2.96303
1.91099
0.110577
3.92027
0.933848
0.776257
3.35641
1.19525
7.32045
0.0608165
1.1266
2.85756
4.55722
0.547561
5.12133
3.26364
0.0847573
2.61866
0.780669
6.72022
3.24377
0.482296
3.90698
0.704494
3.72161
5.42105
7.63029
3.91778
5.86583
3.23117
0.983744
2.79366
1.77769
2.66832
0.716858
2.84732
2.72352
2.39438
4.56413
3.78582
3.73459
1.48472
3.90506
3.53295
2.99961
0.602101
6.44828
0.141492
0.511151
7.5398
0.979036
3.25369
6.8411
1.87375
0.935439
6.4067
4.58853
3.08022
2.7096
0.530987
7.24845
2.5227
3.73382
2.87463
3.16831
3.25754
7.94682
1.33338
7.32014
5.98153
1.1218
0.708031
6.34996
3.70761
2.7007
0.72629
2.65057
2.95882
5.74161
3.04593
2.10046
7.47305
5.56039
1.69416
2.71449
3.39143
0.745364
2.86421
3.63218
0.833604
1.67417
1.46935
6.48058
0.869374
6.67453
1.90096
6.56534
0.881489
0.818572
7.30761
0.976251
2.06658
0.848508
3.77461
3.04007
0.970364
3.70614
2.33845
2.74693
7.46582
1.40702
3.4185
0.158315
0.0459771
2.36073
0.685945
1.84543
2.62914
3.26228
0.911849
3.75225
0.14974
1.13287
4.79499
0.186146
3.90619
0.646139
3.20555
3.6179
4.78754
1.78775
2.71069
3.72073
2.73868
6.80849
3.47809
3.78858
7.60113
6.72139
4.39048
0.87312
3.33075
0.844143
0.566256
2.22394
7.08642
3.40463
0.621266
3.57122
1.12698
7.78674
2.58739
3.50018
0.712773
1.52203
7.97596
4.54663
0.912725
2.08862
3.2272
0.217393
2.61195
1.44114
2.86823
5.97596
3.1385
2.20269
6.79727
3.69395
7.65523
6.82143
7.55815
3.69985
1.2252
0.343737
2.38162
4.08907
3.15631
2.97585
7.36169
2.58005
3.24316
7.04013
6.47101
2.03697
1.17938
7.43207
7.21153
3.63435
0.278332
7.32055
1.33127
1.3639
0.391189
0.524737
7.07969
2.74955
2.75599
2.60343
2.12812
2.68627
6.74356
1.38325
0.741465
0.780372
3.25623
1.57236
3.77408
2.39711
7.15729
2.98881
7.0315
0.777108
3.25749
1.32184
6.36839
6.7976
0.276863
0.58659
7.29133
3.36034
2.97834
3.82763
2.96694
0.355466
2.98179
3.76549
1.05952
3.34211
7.70436
3.39351
3.3576
1.83864
0.311838
1.25391
6.63962
3.86359
2.20683
4.79731
2.19878
4.15202
2.10302
3.76148
0.741952
3.98065
2.72969
3.52498
1.21152
3.07465
3.40629
0.97281
0.452338
0.956777
1.91649
7.27088
7.52448
5.51689
2.49332
0.666486
6.53284
0.920753
1.9493
7.74595
7.85404
1.33191
2.99071
7.13015
4.44246
3.4084
6.13716
0.343046
6.18607
1.5068
2.45148
3.72141
6.51085
7.66649
2.9805
4.0441
3.42555
1.12163
4.44124
4.1579
3.13864
6.21153
3.32878
1.91258
6.83582
3.7916
3.7665
1.51013
3.40874
3.03923
5.76253
7.56709
4.31311
0.508234
3.46494
3.48028
1.31319
3.70332
0.31002
2.05342
0.872805
6.29741
3.80784
4.68888
7.04482
6.45372
1.09659
2.23513
3.36171
3.14053
6.77511
7.49238
2.87584
3.07008
3.84669
3.47332
7.59403
3.69251
6.74994
3.35718
1.37827
7.42937
0.326326
1.10207
6.86454
1.44221
3.67704
3.57796
6.24824
7.52617
3.21196
7.51642
1.4258
2.5808
3.68096
3.74404
3.20241
2.99176
7.82461
3.97171
7.50588
6.63275
6.80892
5.66102
0.671875
3.11425
3.32344
3.32084
6.18668
2.94936
3.98211
7.2624
0.226604
0.808254
7.5393
0.812755
2.16283
7.51663
2.58271
7.47245
6.56475
0.353655
7.77026
0.923346
1.38945
2.85113
1.0719
3.86229
7.02119
0.694798
3.39944
7.61213
0.766089
3.55082
2.26951
0.888897
7.52538
2.68999
2.1563
1.43268
1.10743
3.29577
7.01792
0.735352
3.74576
7.11703
0.896774
1.94232
1.93789
2.60409
0.965042
4.47362
3.49579
1.4382
3.28348
3.84265
2.14449
1.44924
3.52035
0.327269
3.78522
1.50173
0.707124
0.362296
7.57285
3.9109
3.78196
0.760026
1.02893
3.35958
3.31711
6.7524
7.6137
7.29466
1.22461
3.72114
0.0289631
6.94046
3.41248
7.81614
1.57492
2.8036
0.601763
4.68221
6.65097
0.787711
2.62434
7.45243
7.63941
3.76579
3.40741
5.89735
0.602249
3.77155
0.151851
3.3699
3.00587
3.76729
5.53777
1.79079
6.8519
2.79335
3.79955
3.65541
3.41006
1.32583
3.4197
1.28924
3.52603
3.74207
0.80774
3.10364
3.17406
0.861903
2.78441
2.80323
3.09515
3.53742
3.4038
7.26178
3.85121
3.47088
1.92433
2.60319
1.4819
5.812
3.76321
4.74011
6.78438
4.00792
2.6445
3.61344
6.77218
1.83926
6.51151
1.89114
3.39495
0.764208
4.02128
3.44233
1.59286
1.30242
2.06605
2.10746
5.48608
4.16451
1.65024
1.26484
7.52921
3.25373
2.13511
3.75065
3.8257
4.2154
7.54557
7.8632
1.84046
1.5857
1.663
3.28551
7.40157
0.584114
0.796332
2.71206
6.14078
2.82243
6.20339
2.07111
2.13791
2.41119
7.9419
1.43472
3.36452
3.35175
0.875871
1.35175
0.423561
1.49888
5.94162
3.77888
3.80173
3.79036
3.26251
3.47806
3.6235
2.29109
3.16311
5.83579
1.96152
3.68289
3.60331
7.28935
7.41595
3.76949
2.63007
3.14458
3.39952
3.42496
1.85225
0.911519
2.12041
2.73652
1.85021
4.91023
3.13085
3.79416
1.88921
1.76927
1.21862
5.59217
3.7069
0.717111
1.71506
1.71645
3.99727
3.40065
0.834509
3.7782
2.49771
6.01568
3.80951
2.89352
3.18127
0.144657
3.2229
3.39176
2.80871
2.82224
3.36856
1.37727
4.27975
0.340206
1.56863
3.67665
7.69396
7.64617
1.80383
6.1637
1.00338
3.27532
3.77939
0.485205
3.56914
1.00277
7.08105
1.24728
1.42569
3.19823
0.906713
6.8331
1.80176
0.310827
2.23048
7.45031
3.02182
2.51811
2.98103
2.51755
3.22623
5.56287
5.67527
7.52629
3.27554
7.11122
7.34332
3.17781
3.89454
3.39054
3.80372
3.09638
1.20907
2.8795
3.25868
1.40133
5.80352
3.18569
0.868516
5.14823
3.59566
3.77424
1.83927
3.16009
6.91792
5.89472
4.95404
2.8741
3.97025
7.27011
0.498094
5.79355
3.26829
6.16812
1.04958
3.53187
1.14759
8.29877
2.79963
3.25826
2.68215
2.16189
2.82144
3.37343
3.78514
6.05764
5.52316
3.03271
3.55734
3.40364
0.972157
4.00678
3.03169
1.46026
5.37856
5.69657
7.06291
2.20348
4.23065
7.63209
3.88921
2.94738
3.99871
6.41806
3.07268
3.46022
6.22525
4.69303
3.42685
0.332173
1.90361
7.66711
7.00437
2.56171
6.59785
3.02532
3.81135
7.03545
3.22918
3.10441
3.03463
1.3323
4.75803
5.60599
0.767382
4.7346
0.784298
2.18993
7.33349
3.81281
1.5674
3.80953
4.04092
5.29156
0.894654
2.19163
6.53693
1.14968
5.00519
6.9035
3.24273
4.8313
7.07464
1.38854
2.60047
3.40342
5.32633
3.30946
2.88472
3.24341
3.37098
3.07496
3.41155
2.304
3.86881
3.14194
0.896251
3.77505
3.54611
3.97391
3.34343
1.24344
3.45441
1.00929
1.6308
2.061
4.80233
3.7369
7.81221
7.70969
1.47614
0.148373
7.92923
2.27819
7.43636
7.19872
3.95489
0.409214
3.41518
3.37237
2.19014
6.23901
3.47544
7.65799
3.41676
0.977174
6.82566
3.80915
3.27641
3.26832
5.87655
3.83864
2.79679
5.46874
2.90826
4.57444
7.61344
1.67485
1.62328
0.713589
1.11341
3.73923
2.6608
3.18771
1.42775
1.56864
3.25716
2.50539
3.92262
8.06186
7.65098
2.30083
2.62878
3.275
6.65162
0.908578
3.03436
6.33841
7.21662
6.88037
4.93406
6.32111
3.45106
0.815619
7.60315
3.88938
2.40638
7.44801
3.81602
0.336324
6.8341
0.224768
4.08928
3.24766
3.49936
3.53978
3.29835
2.15714
3.05518
7.21338
1.28413
2.11313
2.88866
4.54318
0.0581276
5.61537
0.921335
1.33743
3.42252
7.62218
7.46832
1.3366
0.0962506
1.8579
1.65054
3.409
0.784915
2.69759
2.16307
1.4192
1.41812
0.892904
7.32747
2.29556
4.14519
2.87995
7.7423
4.23311
7.58654
6.42791
2.71836
0.208831
2.79537
0.896963
0.585442
3.40791
6.18804
2.92948
1.95315
2.46643
4.30004
7.17502
0.981133
3.158
6.87874
1.38827
3.41276
4.05494
5.73073
1.83363
5.84103
6.36815
4.01793
0.152722
2.53229
7.51787
1.13623
3.17552
0.282634
3.67745
2.89243
5.59951
3.94741
1.29038
6.69313
0.44322
5.45112
4.21138
3.96655
3.20116
4.27959
5.0548
3.74188
3.4081
3.19596
0.351133
1.49813
3.45853
1.19373
3.87241
7.49863
3.22739
0.919928
2.91003
2.12174
3.7986
4.00549
3.3422
3.79256
7.54154
0.0342526
2.21339
2.94785
2.57596
2.92989
1.3883
1.97733
1.34085
6.25236
0.842357
3.60851
2.78181
0.80708
5.2953
8.11728
8.01602
0.0629904
2.12392
7.10542
2.59091
3.38989
0.904014
1.12306
0.580564
2.64448
3.34164
1.09139
1.75668
3.89745
0.209766
3.2495
2.73851
3.04205
2.92162
1.4217
2.85565
2.58292
7.05836
7.02719
2.82391
0.187686
4.49565
3.60968
1.5722
2.15082
3.12747
3.32158
6.89325
2.42859
7.89772
3.62824
5.29675
3.48069
1.46744
2.83819
7.40496
7.27038
2.54386
0.850992
7.64342
5.2273
0.59052
3.58634
7.72307
2.98615
4.05419
3.332
3.39319
0.783821
2.51251
6.8111
2.11283
3.40997
6.95672
2.78857
7.24404
2.88748
4.55637
0.384677
3.13631
2.50778
2.16222
0.658559
1.03933
3.38538
6.80733
0.655882
6.51981
0.737444
7.42604
2.00405
3.37891
2.72582
4.70158
1.47225
3.01627
1.3806
0.96712
2.93211
6.86438
5.78208
0.961345
0.792312
3.60384
6.99873
4.24385
0.893493
7.66452
3.14006
3.38096
7.88382
3.17901
3.36895
5.50069
2.59389
2.71382
3.92157
3.56028
3.38873
3.6438
2.68359
1.2198
1.0882
7.85625
0.922256
7.18197
0.853807
2.2531
1.24176
7.861
3.38068
1.41308
3.42794
3.4178
0.165273
1.01907
3.27397
2.24903
2.70029
1.66583
1.64807
2.79212
2.45224
0.878278
7.7515
2.60305
1.18795
3.50947
1.09704
6.27873
2.44647
2.83557
2.85397
7.47217
0.738337
3.41786
2.70612
3.77618
0.614216
0.878427
0.636518
1.35388
3.48422
1.95294
3.76454
3.77297
3.29402
3.10761
2.17353
3.31811
1.00091
3.57806
2.52768
7.44766
2.81456
0.419154
4.01422
0.891322
6.04089
6.85025
1.38303
4.02481
6.91669
7.38492
2.76493
3.27966
5.80556
1.19326
1.40665
2.98904
2.95789
2.89146
3.72304
0.799626
7.99151
0.208741
0.414342
6.03632
0.843004
2.9032
4.73433
4.04529
2.88551
3.36193
3.40885
2.72379
5.85147
3.68769
2.41772
3.81865
3.62734
7.20021
3.71498
0.0761848
1.08882
7.18863
1.44995
3.97914
2.60905
3.5152
2.61267
2.61598
3.65655
0.435679
5.36205
6.78909
2.92318
4.19568
3.04478
3.76094
1.72444
2.83188
1.28304
2.61251
1.18338
5.91199
7.47815
2.9388
1.46552
2.99411
2.85256
3.25402
0.953479
3.17929
0.949962
7.65187
0.843747
0.171542
6.36602
1.37019
1.67916
7.01504
1.41862
6.8493
4.71453
2.59311
3.91664
3.84
3.35192
1.32017
3.36136
6.84182
3.78429
0.25992
0.480483
0.425775
0.175049
5.36088
3.39687
7.37858
3.95661
2.58114
7.39107
3.83449
0.311314
6.7606
0.86301
7.55763
1.3812
3.6341
0.784772
2.89849
7.74467
0.721799
0.66968
0.428969
0.989745
3.03912
3.3715
1.34721
5.64131
5.36886
2.49725
3.3909
2.98453
3.19311
5.82882
1.00172
0.098568
0.294925
0.488775
2.16317
7.84401
4.27809
6.00217
7.17482
5.88517
1.02691
1.07941
7.88744
2.56866
3.40472
5.19908
6.07684
2.90164
3.80124
3.42089
2.46139
2.53823
1.87768
7.7495
2.64703
6.32657
7.81305
5.16943
3.21566
4.60063
3.84444
3.61574
7.30023
4.04645
1.84721
1.42623
1.98655
7.33007
1.41536
6.86549
6.4317
0.417563
1.3582
7.88043
2.81379
8.49407
2.84065
5.20377
0.76203
3.55078
3.37357
3.79534
2.28983
6.01172
3.51271
3.3985
3.99671
7.50445
3.3743
3.31446
7.72383
2.31158
0.548232
6.88243
5.56152
7.06128
3.402
0.959658
2.42465
0.486297
3.40927
2.61333
1.26678
3.56728
1.1974
4.59179
3.38918
5.71105
1.4812
3.20707
7.42234
2.39193
1.14953
3.21956
0.985456
2.38743
1.99763
6.8417
7.4819
7.47332
7.24861
5.09915
3.5739
3.11646
0.655589
2.79186
1.39138
7.58201
1.04299
2.05347
1.40746
1.27509
3.53503
3.75646
3.20281
3.96548
0.222013
7.14005
5.82852
3.5833
1.18828
7.89038
2.44858
0.274441
3.22683
3.64539
4.65464
3.18276
2.59246
3.67991
0.070996
2.84366
3.69344
3.54851
0.91694
3.19039
4.01321
2.27784
0.296983
3.64699
3.00187
0.374399
0.901813
2.67061
3.97399
7.91774
2.38176
3.87054
2.61303
2.70475
4.04199
1.67924
2.42277
2.55992
2.85575
3.8511
1.51203
3.0806
0.89769
2.87418
6.77027
0.033708
7.28963
1.22758
3.83125
3.07332
2.59827
7.28068
3.16001
0.635307
6.88475
2.18764
2.51033
2.70147
2.59677
2.95433
4.04605
7.01648
3.25241
3.08645
0.116729
0.879855
7.78442
5.97862
2.91815
3.84303
2.58243
4.03089
2.82306
7.67524
1.01771
5.90915
4.29813
3.74385
1.03468
3.27889
3.84501
3.28682
3.21536
0.718317
3.56367
7.90633
2.32141
0.888497
7.24668
3.97447
3.17671
2.65519
3.39319
5.38211
7.34338
2.96651
7.67298
3.39471
1.88838
3.34624
7.76934
4.10544
0.749135
3.76498
5.53483
0.789705
5.48448
1.07649
6.03684
1.86976
6.96734
3.39258
1.08454
0.712194
3.41065
3.58541
7.83847
3.72505
4.26498
2.989
0.908773
6.4478
0.782867
3.70249
1.01412
3.79518
2.25245
0.461338
2.83499
3.06853
2.31234
2.29676
0.211137
6.55143
7.19741
1.08651
3.42906
3.42294
3.5187
1.09638
1.34673
2.74808
3.95092
2.29126
6.43424
2.73282
1.07017
4.07573
3.13934
7.46438
3.50524
6.98476
2.75773
3.05523
2.98809
5.63564
2.30627
3.69735
1.76962
1.62849
3.5728
6.6705
2.09963
3.3962
3.39759
3.42457
3.16944
0.416174
3.00877
2.53027
3.48715
6.2973
6.3421
1.88382
3.17059
3.17149
7.5717
3.3768
1.38934
3.15106
3.41455
2.17501
0.653304
7.65046
0.628063
0.656237
3.86614
0.429541
7.56829
6.60446
3.2095
3.36148
1.72007
4.37287
3.69199
1.048
2.99795
3.5242
3.75248
2.4869
2.76982
0.733067
0.502107
1.61788
1.13817
0.795187
3.93603
5.83537
7.20344
1.95953
8.9483
2.189
5.23216
3.21458
2.85462
0.463258
2.06931
6.33952
2.93548
2.92444
3.28528
3.97357
1.68917
2.04297
2.51709
0.98579
3.33106
2.86123
2.72912
3.43343
7.52443
2.24782
3.4196
3.22626
3.20288
3.41671
3.36912
7.04782
1.08386
7.04081
3.52404
5.15167
4.05391
7.31327
3.47817
7.08636
3.2469
1.60823
7.0506
7.39517
1.41375
3.54968
1.24165
3.7466
2.71421
3.7921
5.43521
2.88469
7.38317
0.0507444
6.86719
0.178925
2.41827
2.20914
1.22458
3.13818
6.33284
2.35942
0.0486779
3.42423
3.40509
3.41054
8.74163
6.54066
3.25659
3.46555
3.39446
2.93826
0.326695
3.71979
0.773979
0.843243
3.63642
7.08494
0.786703
7.44985
0.115378
3.12791
3.56852
1.04996
0.324595
0.794652
6.30573
3.40542
2.99419
1.87069
2.95149
1.1016
5.06773
4.72208
3.20412
7.62365
2.70677
0.462223
0.90618
0.95898
6.04064
2.996
3.28794
0.0320039
7.31882
3.23571
0.815472
1.90256
3.71877
6.63361
2.89769
2.85389
2.9128
7.94877
5.19891
3.15497
3.75132
0.91958
3.28039
2.87103
7.09045
3.32256
3.51503
5.11892
1.8471
1.6376
2.12267
3.0602
0.233656
2.8217
3.33309
5.57474
2.0182
3.213
0.581619
1.00904
2.17513
4.01701
3.85785
0.168889
3.32866
3.70846
7.81766
1.16069
2.06227
0.917844
2.84534
0.432592
2.44817
1.52948
1.44781
1.16568
3.17414
1.83795
0.662269
0.520256
5.87166
3.79181
2.44206
6.88888
3.53325
2.57719
1.878
7.16191
3.20273
2.57021
1.37318
7.81524
2.71275
1.24091
6.45979
2.15311
3.32551
0.876493
2.09365
1.83804
2.84525
3.99705
6.57344
2.37711
2.76939
3.40612
1.28138
3.28388
3.27561
7.5508
3.48063
4.77652
3.85067
2.24651
5.1724
6.6602
3.13011
7.55243
7.20787
7.78419
2.64036
7.30709
3.13943
3.36237
2.24168
0.86917
1.53686
4.66079
7.83776
7.50395
2.86826
4.02298
7.33942
3.19447
6.26972
6.14187
3.77007
5.13624
3.32714
3.84696
5.47529
7.0782
1.40098
3.19932
3.83884
2.43284
6.532
0.844935
0.563518
2.12079
4.87184
3.31313
1.00757
1.19347
3.10915
1.50192
3.51207
5.36639
3.96026
2.93199
0.871813
1.24865
0.889395
7.92186
2.26964
7.48318
1.84042
5.89968
3.00537
3.16708
7.14683
0.769727
2.35842
3.71919
3.15305
2.5166
2.07778
3.54063
3.83242
3.58186
3.44215
0.906432
3.10853
3.21219
7.45092
1.18166
1.52681
2.16415
1.96995
0.327593
3.73877
6.1896
3.21334
3.32295
5.66804
0.835918
6.41188
3.61889
5.14194
3.60365
3.06239
7.08948
0.858494
5.47086
3.53972
1.70534
1.24234
2.80556
7.44819
7.95892
6.79575
2.26013
6.28244
4.04353
1.23356
1.93703
7.28046
3.39792
5.7717
1.92017
4.04147
2.69734
3.84516
2.42836
3.75541
2.28572
1.24727
7.90596
7.65416
4.67299
3.00643
0.891506
6.26799
7.49709
3.38373
2.60812
6.31125
3.47402
3.10796
3.30835
3.34863
3.78823
4.48002
2.68987
5.26222
3.68763
2.60518
3.25772
7.61018
3.42452
6.21112
7.56949
2.25991
5.24598
3.76065
1.69741
0.317647
3.42006
0.7613
2.85525
2.16482
0.907106
5.29271
3.00946
1.13487
6.62864
2.26114
0.853045
5.5066
3.3439
6.96529
7.71689
0.897148
3.44444
6.64213
6.6784
7.78208
6.91286
7.07948
0.640566
2.8907
6.20912
7.75535
1.01122
3.44346
2.04221
2.53308
3.41497
6.30446
3.57797
4.7985
3.27174
4.01708
1.61754
3.52704
3.34595
6.7574
2.31655
3.85596
2.88024
3.84351
3.18923
3.69133
1.83645
5.55227
1.5366
1.48033
6.4395
5.20284
2.9739
2.29079
7.21364
0.735548
7.76477
3.86512
4.5314
3.06733
1.92627
8.08279
3.88427
2.82619
3.83564
1.40291
3.27368
7.53864
0.474062
1.3692
0.894491
2.84261
3.33894
2.60597
3.34359
3.5148
3.39416
0.699882
1.94193
6.64029
0.107279
3.87569
3.09201
3.46061
1.9557
3.58341
2.98467
3.82902
1.78167
3.41298
1.99824
5.95935
7.81513
3.39259
3.32139
4.08133
2.47504
0.769591
6.83596
1.26655
2.99361
6.22818
0.751007
3.10266
6.83727
1.66
3.04474
0.74873
1.96619
2.93551
3.18412
1.94734
7.6887
0.261339
7.93154
2.39316
1.03271
2.94701
1.87527
3.49114
1.05975
3.07122
3.49855
5.64521
3.41954
3.41637
3.16206
4.62163
3.03843
6.88906
1.53004
4.41007
3.16166
7.19893
7.35557
4.40049
3.41533
8.04572
5.1234
4.02112
6.96668
0.617442
0.773357
7.86865
6.56249
1.96042
3.32559
0.704708
7.42961
8.38686
2.84613
2.52974
2.97723
1.94862
3.79935
6.90232
2.72986
4.01964
3.1544
4.74356
0.000894182
2.30721
0.268457
3.25441
3.41953
1.01027
2.35958
3.14179
0.481902
7.36995
1.1696
1.08725
7.40712
1.33842
0.638164
3.73047
4.00336
8.22028
0.248202
2.08855
5.81872
7.51758
7.87839
0.0105352
1.17728
7.18205
3.29095
0.0134339
3.49386
2.91091
2.33964
1.38306
0.414173
3.24018
3.36129
1.09418
3.19866
2.98814
4.18362
2.88516
2.41601
7.43286
2.53037
2.57938
0.546487
6.66487
6.4961
7.06959
6.98588
3.40068
3.43786
3.82079
3.00939
0.979893
4.04084
7.60526
0.914796
2.30109
3.40055
0.179345
7.63023
4.12489
2.62487
2.36371
2.87828
3.78115
4.72316
3.40654
6.78737
0.284794
3.98066
2.52336
7.4956
2.56574
5.30314
2.79034
1.86813
5.94899
0.156978
0.950246
2.94334
1.33579
2.31696
7.49154
6.85639
5.62433
5.57227
1.54609
1.94459
2.30976
3.14374
4.38523
2.04623
2.64883
0.290337
3.90939
3.28562
3.53962
3.25699
1.02998
1.15559
1.0098
6.78213
3.60695
6.89725
4.46833
6.28605
1.67026
7.27358
7.87154
2.20045
1.86493
5.40648
2.28799
3.35141
6.54507
0.134147
2.43142
5.65061
0.888519
7.77303
7.85957
1.58834
3.07966
0.644763
0.544649
0.778935
2.84204
1.84728
3.15818
5.86185
3.42203
2.92408
2.39839
1.2022
3.83464
1.5684
3.66794
0.0206121
0.853662
0.915298
2.74517
6.13149
7.42863
3.75392
3.33752
3.38896
1.16983
7.50812
1.04853
3.65635
6.81753
3.23503
0.874641
1.2855
3.75983
6.74273
2.83725
3.66975
1.31846
1.37553
5.52078
7.48223
3.05526
2.30754
1.03054
3.25441
0.571449
0.730617
3.38397
0.752752
0.0246881
3.3118
1.94835
5.87319
1.68609
0.867884
7.30501
1.33251
3.40708
3.78263
6.37864
0.263049
3.13627
2.65148
6.80025
1.71561
6.96173
3.3565
0.160534
3.87852
0.876077
3.35159
3.0042
4.75724
3.44131
3.42373
3.38114
0.947133
2.26025
3.33338
3.01801
0.276002
7.71818
1.79228
7.9789
1.94129
5.55404
3.80285
7.88463
2.20642
3.5555
3.27056
2.96396
3.37616
7.44647
5.83778
3.97695
2.83891
0.677766
1.37779
3.13443
3.79426
0.666511
3.08255
2.65672
7.22592
1.47812
5.84305
3.34338
3.07443
7.24006
3.62024
4.22265
1.76594
1.51158
1.08611
6.65166
3.96223
1.95346
2.3688
1.51977
6.34926
7.34295
1.94743
3.18949
4.08172
2.04521
3.26495
2.16037
5.42762
4.33947
0.409604
0.536525
1.02587
1.3869
0.881698
7.64149
0.575221
3.15354
1.06574
1.79246
3.14468
1.79167
3.37864
5.19199
0.5035
6.9895
0.868835
3.39988
3.75199
3.16996
0.928538
5.63689
2.64622
6.08305
7.8116
3.65439
2.83567
3.19216
3.38445
5.93282
2.45523
0.473303
3.41918
0.400416
3.12429
3.24877
7.01455
1.39986
0.990962
3.55264
3.17562
7.44175
3.39313
1.54308
3.85814
0.453456
5.61168
0.99161
4.73119
2.62158
0.988512
0.952039
1.23547
2.02842
0.393935
0.4434
0.743641
3.82722
1.93536
7.18966
0.972319
4.00013
1.50845
3.20019
3.29043
2.98354
0.980101
7.39056
1.25852
4.38687
3.28057
4.02042
1.75772
6.53664
3.31217
0.0788803
0.588131
2.83752
3.74127
2.38956
0.346161
3.45144
3.23815
0.849519
3.42294
3.81993
3.76973
2.86114
0.970339
1.16373
3.87762
0.641809
2.31066
1.86542
3.81543
0.990283
2.55754
3.39365
0.296551
0.812882
3.65449
2.8246
6.27228
0.885197
2.84213
0.584609
7.49525
0.997965
5.22784
4.32769
3.52416
1.53185
7.2867
2.65445
3.66056
2.63046
2.16417
7.46168
0.0900709
1.49993
3.26535
2.59508
8.01302
1.90619
1.70554
1.57154
7.15199
3.35689
5.41707
0.982237
2.15706
3.4146
5.52972
3.35716
2.16264
3.84908
5.7414
5.40232
2.4037
1.04417
3.31059
2.88583
7.92548
3.54444
0.893066
2.86955
4.99622
3.78598
6.78171
6.87858
2.85593
3.26829
2.93153
2.55239
4.22856
3.9698
3.65288
0.879684
2.62971
1.92773
2.79609
3.4002
4.22707
3.17352
1.64954
0.89302
2.91142
7.25735
3.62842
1.47362
2.86515
1.35221
3.23768
7.51908
7.36673
5.94254
2.66578
3.81168
1.40655
0.142296
1.53955
3.14505
1.67874
3.28096
3.09671
7.69375
3.16337
3.67055
3.10725
2.64739
4.28926
2.94868
0.161526
3.42266
2.36647
3.67153
3.30584
2.96382
0.439213
7.29936
7.81005
2.95123
3.11511
3.0862
1.94381
3.51675
1.7269
0.0226834
3.13666
6.8116
8.00533
3.41602
3.12977
0.873456
2.38924
0.71797
3.93362
3.57217
0.892566
3.52027
7.75709
3.11401
1.88647
0.865498
2.3159
7.71073
0.411941
2.82068
2.29769
7.44371
3.16439
2.2907
7.38754
2.42866
4.49979
2.98205
6.10948
2.86816
0.539829
0.0949496
1.38438
0.774769
3.32191
1.154
5.09295
3.44884
7.80097
2.23648
2.72115
5.18486
5.5461
3.66809
3.10845
3.12436
3.1405
2.98399
0.412291
3.67982
7.31256
7.66939
3.24568
3.1642
2.25058
1.89618
3.24581
6.74496
2.03015
6.26869
6.45352
3.00013
0.516056
0.596074
0.98142
3.78661
1.88321
3.56987
7.41295
4.85714
0.733148
6.74909
4.92966
0.517999
4.24431
1.92615
3.13743
1.72561
2.4004
2.51271
3.62743
2.5132
2.08841
2.69513
6.62678
5.99405
1.69301
2.60944
1.68081
0.247818
3.42074
5.47794
3.1744
0.94121
3.60764
0.428547
2.63465
7.45554
7.44326
3.38501
1.9165
1.39382
7.83134
0.519266
0.937483
7.31289
1.09915
3.60429
2.64095
1.8076
6.535
7.43653
3.5883
5.09704
1.8655
6.8989
3.16977
3.85965
3.52329
1.38431
7.63742
7.74938
3.67004
0.879202
6.09937
5.52039
3.34535
1.43092
5.49162
3.98285
2.15288
4.01527
3.97129
6.51322
7.42005
1.69131
3.08937
7.65215
7.33427
1.51863
2.99924
8.06707
7.7236
2.64814
7.53857
2.43879
6.80304
3.86228
3.41886
0.739432
4.7644
0.592722
2.11685
0.903005
6.27063
0.330468
2.55297
0.874354
2.11
3.00958
4.50127
3.38886
2.38636
3.25215
1.31251
6.70714
3.61379
0.200728
2.51903
1.02278
1.42881
3.33342
0.880023
2.98684
3.10817
3.34577
2.69605
4.80646
0.633188
1.80022
0.356599
7.5652
1.86288
5.35221
2.02116
3.82462
7.51271
0.174943
3.36278
3.43273
3.42207
5.71103
2.91807
0.616278
7.563
0.45874
1.5104
3.14887
2.1135
5.89078
6.35386
0.557377
6.51597
5.79677
3.20087
3.05857
1.24804
1.06594
0.286149
2.87518
3.6431
3.86905
4.5418
7.14888
3.28645
2.0065
3.21336
0.053499
6.36695
6.59934
2.56185
1.56064
1.79311
0.41322
2.71411
3.41385
6.88432
4.65561
1.24163
1.63344
1.68597
0.848144
3.70372
5.10826
7.90902
4.67917
0.777696
3.26751
3.43586
0.814435
1.31564
0.0810376
3.34338
6.79673
2.9518
3.82558
1.93734
3.80282
2.03963
0.735673
6.97465
0.260563
0.148065
1.16254
3.8703
7.3045
3.3765
7.46029
3.00751
7.233
0.71775
1.33513
7.51808
3.28094
6.76162
1.68401
3.29381
4.87729
0.511693
0.606592
3.1331
0.704692
7.46205
2.80575
3.75889
7.02417
5.07592
3.18015
3.33677
5.42846
5.00669
0.57949
1.0372
3.40789
6.21028
0.175488
0.18003
0.784605
7.4689
6.76441
3.67408
0.876499
0.791644
0.470608
3.28897
0.448546
3.40424
3.32073
2.00697
0.926818
3.33248
3.67224
3.09331
7.87974
3.35195
6.59235
7.38172
3.2384
4.01299
3.38732
2.97513
0.140281
3.2698
0.310549
3.03779
3.35619
6.91873
4.04895
3.13809
6.6483
2.93321
7.27568
2.94024
1.25045
3.65874
0.938817
3.07109
3.73515
0.930894
3.03271
7.22223
1.3074
2.53398
3.58485
5.61677
3.58448
2.96003
2.85428
4.54874
3.9866
3.06221
3.29662
6.99288
1.22872
1.30329
2.23404
0.694037
3.31325
1.40555
3.41135
1.05779
1.17515
3.96077
7.43613
3.07275
2.0035
6.71902
4.00908
3.67882
6.18094
3.03434
3.08307
7.29281
1.85056
0.769744
1.50437
1.02661
3.24825
3.07326
3.08189
2.65386
3.45043
3.93155
1.46632
3.06264
4.64902
7.74111
1.83309
1.66869
1.10656
1.51087
6.8421
4.29971
1.41356
5.51022
7.68209
7.28107
3.36601
3.70502
0.630266
7.75464
0.955996
7.54955
1.88819
2.28637
3.41456
7.43094
4.62817
6.69043
0.710102
3.73216
4.41409
0.62774
0.134245
1.34655
6.635
3.93741
0.871061
3.64698
0.0182177
2.91693
3.30685
2.69625
3.06519
4.69219
7.6792
3.80949
3.41383
3.69421
3.02381
3.26638
4.52883
3.44582
0.582185
1.3894
3.26428
3.33941
1.96397
3.51284
3.3219
5.17111
0.995817
3.02021
7.70216
7.84748
7.91367
0.880288
3.41186
3.41387
3.06115
8.12168
3.40328
3.75718
3.29444
3.73663
0.857608
3.76588
2.38191
3.31171
3.24733
0.148599
3.03917
1.70976
3.30238
5.25449
1.98167
3.05291
3.93941
3.99664
0.682816
1.79187
3.44182
4.34231
1.43465
1.2244
7.54063
6.87019
1.78126
1.99746
0.908703
2.64684
0.534162
0.926179
2.94923
3.70128
2.9062
4.90571
1.90225
6.94606
0.868467
5.533
2.6131
2.74644
3.39591
1.16637
1.03748
2.14684
1.34193
7.1499
3.2358
7.00025
3.85154
1.35978
3.52595
0.764614
2.74141
0.388792
3.41548
2.53356
1.84325
3.74347
1.38895
1.39293
3.29466
4.34748
3.04764
3.53928
0.593402
6.46825
3.39568
3.39397
0.286095
1.39879
0.407494
7.29511
3.16289
3.27068
0.205922
5.04618
7.1201
1.10371
6.75449
3.50122
7.88928
7.60122
3.63865
5.0406
0.870039
3.14983
4.42132
7.5468
5.60814
0.265902
7.46586
7.70349
3.58311
0.438048
3.25999
1.92401
1.69888
6.67119
0.568093
6.31876
1.00755
7.11179
3.2939
1.97284
2.295
7.10845
6.89742
0.685324
0.393246
6.73451
6.90055
3.14448
3.39534
3.84075
7.01448
7.37465
3.40146
3.41291
1.29676
3.37209
3.77839
2.21356
7.83124
3.17875
1.03469
7.66314
2.18057
3.4008
3.69307
6.23416
1.12521
3.38531
0.609562
5.05358
6.46646
3.39045
0.889146
8.03057
2.81566
2.92544
6.04239
4.64961
1.4079
1.29122
2.58541
1.69628
1.40509
3.50312
2.34584
5.20052
2.35275
7.27076
2.60735
7.7884
3.62208
4.07463
3.94558
4.44954
1.05739
5.22591
2.33038
6.85625
1.63582
0.026265
3.20255
0.246468
3.57568
3.15273
3.40267
1.03292
3.2584
0.879283
6.19756
2.31348
1.37125
0.392582
3.2773
2.57516
1.37967
7.04884
3.3099
3.39144
2.16486
7.35343
0.677737
4.89495
0.905733
7.07317
1.39787
7.6909
3.39438
4.015
2.97024
0.716965
5.84659
2.60273
3.38543
5.39868
3.54566
7.42917
3.89477
1.18628
3.40776
3.50102
3.66451
3.35281
1.69857
0.888988
2.04121
8.11874
0.721846
6.59744
6.78681
1.14077
3.42298
6.63456
5.3876
3.19035
1.07867
7.43339
1.81799
5.62591
3.99613
4.57535
3.45929
-0.00163607
4.68328
3.86911
0.103532
0.273549
1.05099
3.26609
2.87127
1.10168
2.01154
1.37519
3.36989
1.30564
7.34862
4.64398
3.37949
3.75617
0.662225
3.39275
2.7207
4.88756
2.69952
4.41722
5.7471
6.92595
7.24691
2.41755
2.59186
0.574939
3.08671
0.821738
4.0174
0.176612
0.863639
3.5101
2.00508
7.82437
3.98863
1.41438
2.7084
7.5964
2.4339
2.57433
7.54014
3.16909
7.43845
2.90969
0.877246
0.0763871
7.3446
3.18108
7.41785
4.66583
2.64649
1.90366
4.43831
6.32678
6.78465
7.32205
3.40114
3.41341
2.14418
3.20672
2.80977
1.38552
3.53267
0.0451574
2.85684
2.84523
5.18533
4.74676
3.52298
3.4964
2.11606
2.83415
7.14153
0.392622
0.702474
2.81437
3.39258
4.45278
3.38067
2.16301
4.23243
7.51654
2.56917
1.70231
3.34208
6.70006
0.329318
0.202778
0.98107
1.02561
5.4475
2.77011
1.04521
0.282923
6.55839
6.76586
3.32381
2.67303
3.86077
3.86318
5.50236
7.16341
1.38195
5.28615
3.7007
3.66101
2.52842
0.178042
1.65675
0.247968
3.52176
1.96286
7.26308
5.84304
6.27283
7.38598
3.97746
5.83026
0.672367
1.98966
3.90024
3.32618
7.25652
3.75442
2.74687
4.6889
3.07751
5.41842
2.67585
3.59835
3.69799
4.28198
3.0085
7.66321
7.05033
3.36057
2.94444
3.72961
2.20657
3.20228
3.98003
0.934936
7.50911
2.55154
1.64635
0.935217
3.43685
6.4697
4.51252
7.09327
1.14833
5.8721
7.23833
2.93254
3.52224
2.71577
1.95384
7.86805
3.1402
1.2149
3.37738
3.34376
1.90363
6.33654
0.890056
5.2347
2.92542
4.08224
3.42123
1.09965
0.716649
3.29639
3.14381
0.214192
0.212545
4.99106
7.83915
0.934283
0.026694
2.34884
1.63743
8.2588
0.8871
3.92534
1.67728
4.25454
0.919116
2.04686
1.86749
6.74837
7.8609
3.49038
0.84534
3.29622
3.20938
0.36111
7.81556
3.32596
0.64853
3.40453
3.9428
7.71009
1.76209
7.04724
3.52805
7.32135
2.25308
3.7683
2.06702
2.23889
3.10913
2.64103
0.851577
3.39504
2.8367
3.52761
4.03357
0.880765
4.11062
3.39785
5.71991
1.87725
2.83181
7.73647
1.5782
0.94921
1.10541
3.30829
1.59768
3.54734
3.39541
3.27725
2.35057
5.9014
3.89949
6.38954
2.65941
5.02819
2.84998
0.869131
1.76159
5.13436
4.54977
6.70821
1.40435
4.59575
1.95751
7.66987
3.41216
1.63146
3.48415
4.86344
1.18941
3.61127
1.59918
2.05262
6.61819
6.8208
6.84544
3.65399
5.81474
4.57129
2.98673
3.83943
6.19911
3.17734
2.91546
6.28814
3.3985
5.6267
2.98045
3.3936
4.98584
0.0060933
7.39372
3.39662
6.65431
6.39245
0.942251
3.14073
0.507602
0.491706
7.17853
1.26174
0.884974
6.02129
3.49136
0.969361
1.89936
2.81406
3.09241
0.164076
5.49367
0.87874
1.02392
7.31003
5.43411
7.59609
8.22648
1.93949
5.28374
0.935944
3.17663
0.884831
3.6336
6.48844
2.01182
4.65793
3.3794
3.63793
3.29993
6.70278
3.86881
1.94772
1.9857
0.779856
3.65662
3.88765
1.20877
2.19705
7.36033
0.67892
3.20125
6.85817
5.76972
1.56968
4.37995
3.33875
3.37529
7.4607
6.78109
6.46664
2.6518
3.05604
0.223879
4.52708
5.31158
3.23124
6.79
3.53393
2.85044
2.91556
2.40754
1.87902
6.46102
3.53995
2.6932
2.08865
2.02762
7.81118
2.64875
0.221631
6.44994
3.37774
2.5073
3.34871
7.15408
7.27143
0.71546
1.64568
8.05109
3.0309
1.45376
1.00709
1.42352
6.11708
5.27669
0.745376
6.72675
1.16215
5.15718
0.699807
5.56614
2.04447
6.49861
6.57037
4.54965
3.9948
1.93872
6.36208
2.00239
3.55224
0.488983
3.32034
0.23935
1.65479
3.81967
0.937855
3.37318
0.920655
3.28832
1.3689
6.83869
4.04254
0.496334
2.98788
3.30562
3.18451
2.50431
6.07102
3.80948
2.88276
0.287767
3.34023
7.32344
3.13028
3.56739
2.11772
2.36571
3.0911
3.99497
1.8704
6.37083
3.58336
0.489155
3.36665
1.60407
3.8477
2.62529
3.66032
5.16639
3.70665
0.991095
3.20799
7.41032
2.22247
3.54178
4.49634
6.93742
1.36916
1.65089
2.67777
3.81142
0.980222
3.50615
9.07423
3.42567
2.12621
3.2422
3.12079
3.4148
3.60719
3.39451
6.76399
3.40635
4.00001
1.37736
2.33651
3.83663
2.19809
3.7911
6.93233
7.43649
4.6511
3.11411
2.16082
0.854251
7.48029
1.89162
1.0018
2.35678
6.47547
7.46902
7.31995
0.866104
1.21915
3.4182
1.85505
2.43595
1.36079
6.83932
2.7121
3.4102
0.2542
0.842689
0.959152
4.19962
3.08778
3.33114
7.3379
3.37926
3.15725
1.11895
3.42983
3.25641
0.302348
2.99076
2.10483
1.34613
3.11647
6.33854
3.88844
7.41291
4.36147
3.53657
0.301522
7.7666
3.7542
3.3379
0.573034
5.25123
7.62751
3.8008
2.06126
2.55603
3.92146
7.19893
7.83121
1.58935
1.72577
5.87548
0.657603
0.0165035
0.456665
7.78648
4.89141
6.97283
3.54021
8.04161
5.43207
7.42187
3.04744
3.14791
2.7657
1.05015
2.79874
6.29754
3.8091
7.91503
3.81383
5.20886
1.17887
5.50033
3.99667
1.82545
7.75483
2.89349
3.83627
3.71527
0.582357
7.36319
2.16506
1.75575
1.0156
3.24664
7.15362
7.17511
0.915059
0.815055
6.88114
3.36679
3.68646
2.67853
0.862859
4.46377
3.5955
0.174585
3.32877
1.86702
7.33279
5.68842
2.07261
5.05109
3.3493
2.47523
4.4095
3.44985
3.97141
2.14161
3.05184
6.79979
2.9498
5.36215
6.967
7.73607
7.10214
4.26437
6.84412
3.18915
3.26847
0.573315
6.6937
0.673115
0.799473
0.798748
2.7061
4.02384
1.66914
0.253922
4.19479
1.48754
3.40816
2.94159
1.79847
5.07235
4.00871
1.79384
6.42853
2.15558
2.13878
2.51395
3.31559
0.718646
3.40125
1.2287
0.263902
7.04182
6.91035
3.40926
3.41965
0.32358
1.20184
7.86466
3.42034
1.01787
0.111891
1.71786
4.78229
3.41832
2.13137
2.79276
1.65063
3.16222
1.89155
2.96312
6.0087
3.43085
1.67535
6.01806
0.723159
3.37561
1.43207
2.80971
2.68731
4.69285
1.21516
6.69623
2.66779
1.99129
6.49167
2.88016
1.67226
2.39039
7.96861
3.57702
5.68262
1.09775
3.58984
6.52809
1.67936
3.65056
3.86002
3.21592
0.807148
7.46014
5.11961
3.04694
1.99865
3.3729
2.38468
3.35308
2.89906
2.16735
0.772334
3.61312
3.01324
6.01034
2.88033
1.47752
7.51408
2.93773
3.54252
6.91488
0.472167
1.61691
0.943856
0.920327
4.76801
0.745719
3.05439
0.221262
1.49644
3.45889
5.29751
4.47512
1.33641
2.61895
1.30305
0.0513051
0.924893
6.96309
3.08853
7.72471
4.01588
3.02018
1.00849
2.54246
0.577975
4.99135
4.29257
7.33734
3.34713
6.51255
1.18303
7.42695
4.01145
3.82399
7.53118
1.47983
7.49586
1.6295
3.30462
2.61331
3.50136
1.24006
1.27684
3.56395
6.13531
3.16398
0.217727
0.801677
0.862429
0.763081
6.51005
1.428
2.91675
0.556748
3.72272
7.57135
2.61286
7.42648
1.01764
3.30648
1.62608
3.28517
3.42057
0.00215276
3.65955
8.37677
0.77469
3.83327
2.16622
2.42682
2.89148
3.78793
5.06615
2.27518
3.03344
3.41159
5.09661
7.33888
7.94061
3.82682
7.40784
7.38583
5.54941
2.61298
3.59965
3.5471
2.76355
2.83806
1.0066
0.905588
3.52537
7.89707
2.423
0.847726
2.82944
1.6085
1.73125
1.57082
7.41089
1.25383
0.180815
3.78854
1.16792
6.5863
3.85889
3.34534
2.79782
0.202518
3.70517
7.86473
7.23714
0.906326
6.55943
2.87622
3.07278
3.35188
4.48965
5.33792
3.0619
3.34262
7.9198
8.03509
3.08298
0.755374
0.883579
3.4816
3.73505
1.01554
6.03075
5.1683
2.95261
3.53968
0.853659
6.86245
3.22421
7.40687
0.312272
8.0702
3.09051
3.35441
3.1989
6.38153
3.93298
4.15087
6.40649
5.19569
7.52158
3.2262
0.6549
0.613636
4.01755
1.46335
6.61825
7.91605
1.71031
2.96024
0.705598
2.75774
6.01431
5.94459
2.60951
2.92093
1.36634
3.53632
2.97858
1.13514
1.16011
0.768991
3.06356
3.32438
0.631514
0.690889
0.879446
2.84796
1.75966
3.3546
7.44517
6.93454
2.1845
2.28592
0.826242
2.92923
7.64913
3.36935
3.59824
2.52063
2.56101
1.56219
6.25157
0.668093
3.36061
0.691309
6.48402
4.35396
0.562314
3.73857
3.32032
2.72125
2.57233
1.44354
5.34615
1.40758
4.36085
1.91309
2.90866
1.37389
0.517524
3.16726
0.980939
3.37943
4.01098
7.76215
3.3488
3.14622
3.83253
2.11058
6.79199
3.88547
3.05054
0.248156
6.76392
0.235588
6.93756
2.59605
1.38634
5.32865
7.55756
4.20646
4.53748
1.44
6.59854
6.87282
2.56075
1.36601
3.40657
2.66246
3.40401
2.03726
0.947788
3.85989
0.853141
1.61001
7.45912
1.17774
3.5058
2.53884
3.40336
2.32271
3.117
3.0708
7.08556
1.40426
2.54462
3.8002
0.563706
7.35881
2.18748
3.42085
3.52383
4.8722
2.90114
3.78721
3.13163
2.15237
7.74172
2.48081
2.74171
5.63131
6.25977
1.97195
1.92713
2.89199
7.82527
3.63579
6.98821
2.85823
0.316131
6.5949
5.10295
4.49959
5.92845
4.23273
0.957425
3.6456
0.33544
1.81995
0.210891
2.36733
3.78674
1.90839
5.35203
1.2196
3.02254
1.85885
3.37686
1.12138
6.89061
7.23923
1.49695
3.27495
2.8625
2.99962
3.30327
3.2811
3.31143
1.90565
4.03979
7.84687
7.65136
2.80767
3.40086
3.39267
3.39434
3.80999
2.11529
0.26782
3.8802
2.61296
3.16811
0.905072
2.35913
2.85085
3.74547
3.30365
2.70794
0.92965
5.32484
0.911088
0.223839
3.40858
2.93043
2.99418
2.92436
1.62763
3.41811
7.37293
3.31408
2.17294
3.43155
1.72081
2.37876
3.40583
1.03018
3.38619
2.35766
5.38348
7.36885
3.36867
2.79979
7.7534
3.30439
3.40087
3.80275
2.19024
1.85309
1.04952
0.793446
0.771232
7.70346
0.879619
3.67116
2.93985
0.933966
0.928411
1.86505
2.30755
3.75289
3.35067
3.64795
1.54002
7.72875
3.40657
3.64999
0.606057
2.39471
1.54806
6.81104
7.93203
1.93986
2.92059
5.38181
7.67839
0.997596
2.39809
5.33079
6.77522
2.05947
3.06254
5.95081
3.04835
7.77399
1.38741
3.33348
2.45992
3.59019
1.94068
7.65929
3.35542
1.14044
2.52049
3.33899
6.78918
0.255386
1.70624
5.86049
0.909807
2.74832
7.30801
1.03374
2.60259
3.68394
2.51423
7.18793
0.683723
2.17418
3.2416
6.85927
6.83413
0.0164524
2.75257
2.75421
3.37569
6.8058
0.447983
6.80314
1.15256
3.07648
0.778916
2.66796
1.17316
3.66623
7.25408
1.82867
2.4131
3.36378
5.28375
0.857318
2.97329
0.554143
0.884341
0.807807
3.34932
5.85113
1.25522
5.98331
3.70129
6.38933
3.73798
1.43347
2.40592
4.90504
5.41631
2.9659
0.373041
1.96183
2.27057
0.26502
2.89787
1.54953
3.16593
3.25817
2.74013
0.889382
5.98642
2.45245
5.65591
7.83241
3.38438
1.78067
4.01452
7.19878
2.2913
1.10995
5.87859
6.47599
7.35145
2.74764
7.9249
1.81557
3.86597
4.34904
3.85102
3.17912
1.64205
5.05203
0.348954
1.67041
1.09794
0.55636
3.48677
1.2184
2.83587
0.0808396
2.51587
5.43699
1.34518
1.39674
3.99002
3.19721
0.0608931
6.61542
0.373584
0.919685
3.42559
3.32743
3.3764
3.12006
3.37422
5.1957
5.39758
2.70212
3.60183
7.55551
1.98569
7.47103
3.56553
2.51868
3.66032
6.99598
3.54713
7.0628
7.60821
2.67727
1.1078
3.80939
6.64886
7.00354
1.09027
0.781513
7.42746
2.88845
6.66945
5.64525
2.88694
0.212628
3.40754
3.86515
1.17448
2.31925
0.371392
1.29492
6.10443
7.16606
2.09888
7.41836
3.29929
2.82417
1.76163
3.73188
3.17093
3.8981
3.13213
0.780172
0.781405
0.144369
3.40055
3.84947
4.07831
2.89404
1.48546
2.8901
3.32781
3.41405
5.39393
0.771641
3.70269
3.55659
3.41797
0.287528
3.40651
2.27719
2.01909
3.39851
0.0177217
0.424408
3.00332
1.33202
5.56096
3.63394
3.2922
6.08264
3.39857
6.10548
2.80241
2.74609
8.84902
3.01159
2.02687
6.78116
7.35488
1.65956
0.231237
0.00716528
8.61287
-0.0096858
1.0255
7.43582
0.981381
2.36891
0.541657
7.42993
2.73805
3.23544
1.8756
2.90594
4.73895
7.68366
0.265464
0.906488
7.52721
2.00984
0.919672
3.97035
1.33185
3.7894
0.891916
8.52579
3.40539
6.70061
1.80166
1.34878
1.01033
5.65226
3.88599
1.35156
7.04132
7.68711
3.33397
3.51414
2.024
3.27901
0.268691
0.850629
3.23012
1.37663
5.33208
1.34075
3.34086
3.85653
0.951076
1.45715
3.83215
1.00597
0.684777
0.96466
3.67875
7.09012
0.890329
3.43551
3.32988
1.80414
3.44066
1.07389
7.73866
0.754876
0.765325
6.94578
6.34626
7.77024
7.48807
0.213213
2.49701
2.42078
2.61456
5.74525
1.62564
3.7716
0.73231
0.808936
0.776933
5.31503
2.09486
1.13851
0.820412
6.83892
0.192419
4.46973
3.06153
1.00457
0.754033
0.905643
1.79894
0.881212
7.38212
3.75429
2.95994
3.80067
2.50291
3.271
3.32817
4.84863
2.88398
3.20385
3.40382
2.01974
2.55125
3.61647
3.73158
1.40433
7.61634
2.1905
1.03806
2.7387
2.34116
0.275603
7.62128
8.02766
3.55368
3.07948
3.28194
0.109764
0.821854
6.80915
3.28686
0.994538
4.68468
1.48035
2.98779
1.43855
3.06957
0.791693
0.85626
7.91615
3.65254
2.44556
7.05283
6.86488
1.07241
3.51805
1.08437
0.571127
6.95443
7.28858
3.73889
0.924516
3.57158
2.75722
1.9786
4.82983
1.53746
1.19154
0.776578
1.11515
3.9527
1.39565
3.49878
1.82188
3.57795
2.99624
0.741954
3.0101
4.06339
0.787788
2.6826
7.42935
1.91044
3.68121
2.01855
2.69579
0.285691
5.07781
1.85111
1.97634
0.315472
5.57614
3.49017
3.90161
0.652893
3.75226
6.16172
0.265526
3.83434
3.35196
2.27711
1.0918
0.781748
3.22399
3.06641
0.879804
3.44412
3.32661
2.11374
2.98911
7.77447
5.75632
6.86331
7.24446
0.72101
3.80425
0.514866
6.74469
3.63727
3.29439
1.14574
7.07492
1.37436
6.93362
7.49572
3.17458
4.22589
7.50441
3.41912
2.76027
2.79459
4.17358
0.950372
5.81589
7.44362
1.02978
2.28101
2.70748
0.479881
7.43779
3.52948
7.58217
2.38947
3.70733
0.90116
2.25807
3.3792
3.38316
2.19859
6.88412
3.52238
5.30834
1.46904
0.872025
6.53585
3.38834
1.85098
3.60027
1.02463
0.968561
7.46708
2.44583
2.6319
1.71418
3.64785
1.94817
0.222732
7.03743
1.00243
7.39482
2.58679
4.47064
1.70383
2.36746
0.754866
3.06016
2.83614
1.98409
5.48019
0.981927
3.09019
1.88348
2.74654
0.82265
1.25786
6.82164
1.12725
0.497062
7.99687
0.662453
0.908655
1.13797
0.783244
1.63073
5.18933
0.966208
3.41217
1.47995
3.55882
3.61802
3.85186
3.38126
1.07404
6.56397
0.380293
1.78669
5.5398
3.69238
1.76666
1.38192
1.82951
2.62492
0.231998
1.47473
6.92141
2.74718
1.10905
2.40363
1.46077
3.01901
3.65569
1.63663
1.98366
3.46232
3.09559
2.60617
2.75686
0.839568
3.40628
6.19844
2.59869
2.94317
0.970053
0.591343
1.11564
0.681947
7.2254
7.63278
1.85859
2.86014
0.750279
3.09456
5.7074
3.09613
5.66561
1.99008
3.15322
1.61405
2.69609
2.07568
2.09787
3.33157
6.68168
2.66149
7.47329
3.82101
3.9782
0.880161
2.56943
7.457
0.877492
6.37805
1.4515
0.747494
3.246
7.15668
0.802273
0.393911
5.6835
0.858846
5.17637
3.75946
3.33095
2.53765
1.59421
1.49728
7.1259
3.69495
4.34031
5.25652
3.98329
1.96108
3.51325
3.49207
6.92519
3.06419
3.16078
3.33162
0.905692
7.44661
1.67525
3.66329
3.17787
2.15822
3.8628
3.37448
0.213761
6.05699
2.5609
3.17364
7.66391
3.40595
6.01881
3.54297
1.86313
1.77551
2.84696
3.87405
2.76617
6.21312
2.06721
1.25663
2.93204
3.7898
0.376384
3.40088
3.53307
2.5494
3.11343
3.31539
4.86113
3.53425
4.50427
2.44694
3.40326
3.30458
3.54401
1.70606
5.4609
3.27079
0.538503
3.58435
3.09786
2.46009
7.46262
7.48314
2.6379
3.35687
3.3751
5.78283
7.00555
0.799683
0.279139
3.48297
7.5208
7.81287
3.57961
6.85674
2.6605
0.860308
2.65761
3.06672
3.3679
2.81131
3.41235
3.27948
1.24565
1.5044
6.05111
3.0639
2.69225
1.74957
2.45939
0.910745
3.74434
1.79608
3.24997
7.07601
1.8486
2.41459
7.56824
2.74338
5.55059
3.55068
0.319221
1.64008
5.28292
3.35215
1.33922
5.23101
7.03227
3.28176
2.74574
4.09928
1.94504
0.757139
3.2481
3.45572
2.40918
3.056
2.57369
1.00031
3.92224
6.60305
0.769245
0.922958
0.579743
0.845241
3.52682
3.20848
3.8582
3.76955
7.42078
5.71073
-0.00287643
1.95029
3.40328
4.64629
4.9171
1.12743
3.0983
3.62424
5.39116
5.67417
3.30375
1.13045
1.74541
3.38294
7.62182
5.52896
5.93574
0.399445
4.26386
1.16891
4.95709
3.7934
3.68918
7.88678
0.333616
3.72725
3.65963
4.79329
6.59933
6.06598
7.35177
3.31749
0.769992
2.66722
6.40162
5.39904
0.827109
1.74561
7.48881
1.23493
3.86818
5.08005
6.06801
5.48427
1.65353
7.90467
1.38752
3.13015
3.77118
0.961364
3.03636
3.38264
2.63794
3.5687
1.88002
2.8665
1.4816
7.40949
4.81729
3.38984
2.97459
7.56154
3.90716
1.54004
3.41643
3.29464
2.82363
0.836412
3.45514
5.62826
0.217287
4.30204
1.3506
5.64806
0.748493
2.02125
6.90603
3.83219
2.15407
8.26756
3.25574
3.36559
2.58945
6.30664
1.50428
0.981382
3.39345
1.29095
0.88645
6.19382
3.37491
7.24237
7.72454
7.82486
3.80678
1.77854
7.50952
3.13616
6.22456
3.37887
1.12353
4.91936
3.74851
3.10984
1.94803
3.5347
3.83452
3.94791
0.718923
3.39267
0.714246
6.24256
0.316643
7.28184
4.59339
2.61515
1.9175
0.922989
6.53717
7.07081
6.86244
6.50031
0.248735
0.845691
6.43584
3.39354
2.03395
3.34902
2.66882
1.18645
3.30909
1.50352
1.72878
0.289155
3.41321
7.71757
1.21413
2.45445
3.75051
3.7366
0.796674
0.946035
0.941593
3.79513
2.65442
3.82725
3.14972
3.79301
6.84811
7.00966
6.42775
1.10187
3.38689
3.667
4.42441
3.33582
1.18416
4.34805
1.32646
7.32955
0.746127
0.288553
2.57485
5.16489
3.3718
0.780793
1.27797
1.99765
0.436581
2.98765
3.55453
1.35062
3.52984
6.82967
3.3394
7.91668
7.8331
6.66881
0.442181
7.4497
1.76612
3.40436
3.24353
3.35256
4.34111
5.32039
0.853416
1.71991
1.47174
3.42012
7.29429
1.92761
3.87572
2.89838
1.19234
6.89437
3.1442
0.405475
2.79625
0.805264
2.28622
2.50424
1.14119
5.92346
2.00753
3.4062
4.38505
3.4081
0.803993
3.6208
0.823495
6.68956
3.79785
3.11607
2.1482
7.52842
1.906
7.34776
3.62231
7.87866
3.55346
3.45707
5.21045
2.69454
3.88112
2.90332
3.67519
2.00571
3.41748
0.434594
3.80423
0.272223
3.00927
3.66422
7.2569
3.61326
5.79003
1.84985
0.463945
7.31368
0.992855
6.55383
3.3225
3.48229
3.42384
1.38197
2.85549
4.72281
3.09249
7.50629
3.24752
3.07116
6.73084
7.6142
1.16153
2.57478
3.40673
7.50865
1.76784
0.950752
3.59948
1.48512
2.73552
8.06783
7.1237
7.24218
0.775066
0.713409
7.3051
6.52664
5.19973
1.7942
7.28161
6.88808
5.98604
3.85781
3.165
3.16473
6.93183
5.29502
1.98802
3.24376
3.51969
1.38927
4.53185
1.97885
7.25086
2.85068
7.49809
2.89187
0.495287
2.94772
1.91324
7.0056
8.18322
7.04744
2.10625
0.919589
1.89627
1.08497
6.30014
2.07039
7.05543
4.2367
1.00188
5.35577
0.571454
5.28762
3.13093
0.978758
5.97089
1.56555
2.8432
1.95489
7.54397
1.38972
1.95982
3.46306
7.42909
1.74225
1.3044
3.69833
5.31834
1.0254
3.91226
0.530896
3.06398
3.30614
0.407061
3.72311
6.83001
6.50589
6.45772
3.28303
0.225475
6.61957
0.835962
3.09526
3.66234
0.450838
4.67337
3.52803
3.26352
3.72422
0.405717
1.68287
1.68928
5.93512
0.487788
1.74018
0.813769
3.2786
0.917713
3.83603
2.06449
6.06856
1.92118
7.09892
7.2465
1.64374
6.37352
3.68964
1.85954
1.36871
3.4065
4.46239
0.559963
7.29951
6.82919
1.75447
1.38828
6.57003
3.52828
1.27726
1.66517
2.77506
0.860807
1.7372
1.12666
1.0173
1.24224
2.99252
3.95231
1.82241
3.84433
1.64597
0.105195
1.17454
3.42023
3.06835
4.87681
0.830003
3.37982
7.55428
1.37326
3.67805
3.40475
4.48903
0.262102
6.32869
0.84987
3.91694
2.06278
0.586017
1.68048
3.40561
7.24338
0.253952
0.102658
3.37931
4.01463
3.25686
6.83553
1.96519
3.37601
5.56817
3.56951
3.41649
2.22067
1.21222
2.94138
2.95248
0.863064
6.3
7.62097
3.71079
2.26705
0.677798
2.57828
7.98601
3.74135
3.3582
1.17589
2.33007
4.64357
3.10514
0.128414
1.96132
6.29942
7.54399
0.879022
7.37328
7.42407
3.68928
0.95657
7.53345
7.14708
2.26315
0.414144
3.36692
3.29685
3.39073
6.32692
2.32653
3.59409
3.38495
1.33253
3.33388
3.98121
4.0077
5.36521
3.46492
1.30648
1.74107
7.52454
2.56844
3.39748
0.328347
2.49896
3.96138
0.995493
3.61486
3.34412
7.44623
3.1658
2.37872
2.7261
3.72319
0.467718
2.87578
2.95124
7.01443
5.35099
0.78509
5.23248
1.73792
2.86246
2.97122
3.38681
7.50898
3.00569
2.4803
3.01389
1.07761
2.81633
3.78459
0.662643
1.0321
0.955675
3.51053
2.06679
2.60382
3.50972
3.13919
0.136875
3.95332
3.16139
0.820945
2.6143
3.84675
1.6706
1.39821
7.5804
3.35702
3.83436
2.78164
1.35939
5.21394
3.39448
3.17945
6.04986
3.52942
0.271035
0.833206
1.67186
2.84955
3.36383
7.43866
5.68222
3.37443
3.25824
1.48257
0.704858
1.0194
3.676
3.9974
7.07406
3.37668
1.49228
3.33657
0.867682
0.812989
3.3153
3.54334
3.61677
3.35968
0.97406
3.36044
2.87735
1.3709
7.59347
2.85105
2.93965
1.38153
7.79297
0.968325
3.3697
3.38245
0.991222
7.26184
0.82754
6.30151
3.96059
0.54304
6.85549
3.38264
6.63953
0.170872
1.45378
0.309951
6.91246
5.34706
0.270611
0.96816
3.11249
3.64963
3.71972
3.34425
1.35906
6.48152
0.26976
3.81564
3.8411
7.34246
6.58245
7.29876
0.880029
1.14739
7.36824
3.56959
7.01182
7.65666
3.41522
0.260823
2.69527
7.38729
3.59759
7.30504
7.2991
3.7405
2.74633
3.53668
3.52793
3.35443
2.98478
3.8811
2.66961
1.5422
1.10037
7.16468
0.855462
3.76473
6.56816
3.90793
2.05036
3.81966
3.30845
7.51576
2.62611
3.04956
1.76012
7.01591
3.3088
0.984377
1.07604
0.52123
5.53707
7.73188
1.19664
2.84747
3.76699
5.965
3.76465
0.38053
0.890731
0.206276
3.74
3.7263
1.65002
3.48635
7.33908
4.84293
2.96749
5.48638
3.17059
6.76851
0.875532
4.44362
3.24107
2.34152
1.89897
3.35218
3.35977
3.12536
3.14901
3.47495
5.29972
1.20864
7.09703
0.675712
3.40899
3.33852
3.26701
1.82895
5.34787
6.82253
0.702042
3.63713
0.764736
7.34729
1.35681
1.75616
2.96887
3.33934
3.13178
0.335037
7.52489
3.37103
2.6754
2.01787
2.04309
4.03838
2.86244
7.52669
0.812193
0.738489
7.23869
3.41527
2.96329
0.851
3.04317
0.813265
3.11274
2.39112
0.911934
3.37985
3.34471
6.43978
7.50032
1.13925
7.45086
1.0334
7.2854
2.67529
7.09893
3.51559
0.963928
0.798298
1.94939
1.27158
2.52271
7.32312
0.895276
1.94342
3.06844
7.27969
6.95017
0.756607
3.27297
2.98732
2.93474
3.40929
2.06723
3.64266
4.43628
7.34797
3.16644
0.535486
1.6738
1.04621
2.67286
2.32198
2.99522
4.77036
7.52572
1.20557
6.18009
3.55166
1.19053
3.61312
1.7648
2.22576
6.88321
3.73681
3.93945
4.41353
1.14338
3.27036
7.53943
0.975179
2.55828
0.246725
0.709001
3.26038
6.84833
3.53277
0.101479
7.72601
1.64297
2.91186
2.74841
1.17229
1.17888
3.13715
3.47558
3.75637
7.47466
7.61731
5.11913
0.94781
0.564599
7.33414
0.780499
2.5994
1.75413
3.21687
7.19895
0.0476309
0.826067
3.87005
7.247
7.73446
3.82671
3.70132
0.74918
3.38857
0.272547
2.20958
0.180573
2.69614
4.71071
1.83395
1.50661
2.42764
0.232198
3.02352
6.0992
3.65647
0.840281
7.46541
5.4027
3.23733
4.10841
3.45425
0.869551
6.84542
2.21488
4.33859
1.34592
3.53372
4.54577
3.06889
3.29276
3.49709
1.84037
2.45794
7.34368
7.21621
3.30299
3.78849
6.67345
6.9531
2.85216
7.08331
1.24516
2.24418
1.84683
0.889321
7.16884
7.06556
8.01419
3.65104
7.8341
4.01017
3.39576
6.35333
3.25193
3.41518
2.97041
7.50482
3.8654
3.87095
2.6425
0.805447
7.45783
2.99506
6.28647
2.84332
3.82046
1.93262
7.84536
5.03899
2.82367
3.27969
3.37203
7.22438
1.35325
7.51902
3.27799
3.15506
3.08859
3.72977
3.73345
0.188131
1.18155
3.63037
7.05352
7.17925
7.22262
3.01365
2.83272
8.246
5.12708
3.64582
0.838584
1.49157
1.85178
2.96932
3.41621
7.66329
6.65721
2.16075
3.66993
3.34007
3.41286
1.40977
7.43846
3.75296
7.60653
3.80659
7.77854
3.73387
1.81747
7.24361
2.63625
3.39753
1.31421
3.98695
6.76003
0.677164
2.42042
3.7459
0.695702
3.76343
6.82701
0.826516
3.90115
0.98092
3.16156
2.15057
7.22201
1.35768
1.15372
3.36441
3.37502
6.6986
5.37214
7.73902
0.912527
1.74087
4.95617
7.17532
2.99503
7.06052
3.48176
0.925316
2.87681
4.6923
3.57962
7.56904
0.754096
7.46066
1.62553
0.541272
7.64394
3.68884
5.16164
3.76996
0.936172
8.01598
3.43622
1.9733
1.94876
0.84565
5.2136
1.63131
3.52332
5.0312
0.316541
6.79277
1.19448
0.552728
7.25465
7.3006
3.35973
7.25604
5.95707
2.57165
3.72969
3.36522
7.71465
4.0046
4.03273
7.36421
3.18961
3.41098
0.913264
6.68066
3.34458
0.307317
3.66894
2.32425
3.81995
2.14123
3.35833
3.97333
0.0373094
0.730837
0.474395
5.35041
1.41169
3.51591
2.93956
7.91457
7.35745
6.48003
0.698776
6.25172
3.36087
2.81535
6.84583
3.59705
1.34449
6.89564
2.66091
1.68957
1.10208
5.50622
2.83022
2.67033
1.59704
1.9159
3.96759
3.45831
3.59746
2.9659
1.76581
2.91765
3.34223
1.10418
3.98152
7.36701
6.99398
0.913879
1.98969
0.840402
6.44449
3.20877
2.67865
2.86652
0.755808
1.18297
1.86483
6.00738
3.788
1.22384
1.70524
0.352548
1.19685
3.418
3.26484
7.32412
2.1506
0.761142
6.4602
3.11893
3.81397
1.20882
3.4437
4.96195
6.9553
1.59292
7.56739
0.72288
2.94905
3.47051
5.17435
3.502
1.15283
6.39041
3.29616
2.3401
1.64281
6.18724
3.39824
6.68001
7.15111
0.259955
3.42354
3.63905
6.05729
7.04347
0.725203
6.51475
3.45419
1.9771
5.05891
3.22916
3.27304
2.68425
4.53487
2.03878
5.0288
0.963558
3.82912
3.0922
6.00776
0.956149
7.75034
7.34781
3.31319
1.66183
0.243909
3.42409
6.84298
3.2279
3.52994
6.85688
2.31131
1.39104
3.44115
0.049725
7.49505
1.36034
1.5153
4.73585
0.915416
1.40648
1.39625
6.37393
3.31343
4.55627
3.01541
3.68896
2.47732
6.93981
3.28214
2.86317
1.31289
3.3952
0.914027
4.0438
0.772756
7.96588
2.35382
3.95692
0.8036
3.3163
4.52689
1.65487
1.8175
1.9943
4.64949
2.86052
3.03533
4.00663
6.62243
3.25621
1.3528
3.40459
2.56426
3.41014
3.15377
2.38553
7.25862
3.63144
0.578235
7.44513
3.39007
1.39683
2.14902
1.40004
3.46986
1.23876
0.505549
2.55097
1.45266
3.37459
3.05781
3.15891
1.31003
2.35068
3.73488
2.11859
1.88066
0.269402
2.8601
2.64447
0.816723
3.00599
2.4156
1.78159
2.25365
0.49586
2.77874
1.38645
5.4012
6.17384
6.95556
3.07097
3.32199
3.64438
7.52201
3.50713
7.46444
2.87761
4.67041
7.40095
1.95008
1.26292
4.24703
1.22352
1.7662
4.26082
1.52944
2.2826
2.75715
3.4609
3.60498
3.01391
3.73184
3.73095
3.4322
2.2894
3.65363
3.02818
0.782549
7.43775
4.22712
3.39327
3.09152
7.34773
2.66881
0.591648
3.39639
0.760225
3.80437
0.574303
6.38951
3.77923
6.94254
3.26477
2.68127
7.11478
7.36977
6.99408
1.17295
0.983947
1.63655
5.00426
3.58918
1.68284
1.88886
0.349127
3.1586
7.1852
2.50255
1.44355
0.832131
4.03475
7.43756
1.92392
1.04493
3.26709
3.43544
2.63215
0.0133125
0.879026
3.35143
3.16672
4.37744
3.44565
3.58653
7.58498
3.78916
1.71833
0.217919
1.88194
3.63285
6.87851
3.41568
1.64654
2.86914
2.87782
2.8141
0.0371969
2.30223
2.75191
1.60321
1.61192
0.846225
1.47176
6.79306
2.50571
6.58284
1.35897
2.91302
2.03958
1.72366
7.62092
7.09572
2.94066
1.46161
4.16752
0.879845
7.41527
0.860434
3.35533
1.42407
6.08124
3.37239
3.08665
0.894441
6.96825
7.57461
0.629877
1.97413
7.31976
3.38775
3.71963
0.828601
3.13961
4.75799
7.23334
3.41389
6.18584
3.40287
3.19515
3.17028
0.728533
5.92055
1.08039
3.46286
3.31622
7.51059
7.21895
2.27774
4.3939
1.36618
0.94223
7.3859
0.964861
2.12619
0.284688
7.88977
0.740781
7.5554
4.25471
3.35767
7.05333
1.36557
0.858096
2.6999
7.24886
7.14835
3.29867
7.90527
3.76776
3.5879
1.83892
0.915069
1.82914
3.34658
3.7351
3.43922
7.32382
0.834978
2.96391
5.42359
0.863662
5.35387
6.38751
6.34833
3.99643
7.65011
2.2642
0.868108
1.31357
1.13238
5.71638
7.0094
3.88973
7.36156
7.39342
7.92222
4.27875
7.50572
3.95849
3.23927
2.23789
3.14575
0.728477
7.68866
8.39397
4.11133
0.822513
5.30348
5.56304
2.35414
1.53872
1.70242
0.567442
3.4196
2.59776
1.23344
3.42055
2.74911
0.678427
0.335602
3.3205
3.41833
0.771255
0.0907407
5.74476
3.77932
0.270252
3.90278
0.833414
3.4035
7.63091
4.13701
7.5771
5.14604
3.3139
2.9727
4.58964
1.92776
1.17655
3.46679
7.05803
3.41307
4.69062
7.27213
1.56241
7.52162
0.737699
1.6004
0.740989
0.000567308
3.61936
3.15677
0.477643
1.03665
2.98522
0.81544
2.01063
1.02311
6.18156
0.447323
3.40341
4.36203
3.16533
3.35048
3.35015
2.74811
7.23443
3.32214
3.34996
1.75844
7.64494
1.96212
1.89554
0.810088
3.42393
3.06722
3.89753
0.788483
2.77028
2.76487
0.204144
7.4177
2.66576
2.41009
2.98599
4.91903
7.33196
1.18832
3.58276
0.52941
0.77941
2.90907
2.33624
0.376668
6.43576
7.20372
3.09959
7.34458
7.49729
5.91944
2.03139
7.24507
4.99251
1.74808
1.97382
0.489808
3.81149
6.60225
2.52561
3.27911
6.92795
7.33946
2.67918
0.782272
3.87318
1.85887
2.21326
2.7946
2.65984
3.21545
3.95962
4.9162
1.73918
0.988226
6.4272
6.56043
0.25788
3.3241
1.86536
1.65714
3.28631
2.67697
2.02577
0.909163
7.25608
5.76736
0.594934
5.40055
7.29896
3.41292
6.21963
8.10084
4.81733
3.65242
1.06341
7.45657
2.32795
2.53435
1.65342
4.82645
3.08841
7.54009
2.8398
7.24072
3.32181
0.752552
1.60437
4.34009
1.32261
3.35012
1.83255
7.166
7.54145
1.94924
7.25262
3.53742
0.838802
2.18543
2.68383
0.836958
3.47804
7.21518
7.89688
0.523582
3.76201
3.37833
8.25019
0.822909
3.43004
2.811
3.03836
3.66978
5.24625
0.473975
4.04714
3.60761
3.30054
3.72326
0.886569
3.59268
6.94023
2.26504
2.85501
7.62367
2.91528
6.29296
2.99084
1.81409
0.297277
3.29306
1.32181
1.77292
7.41399
0.623535
1.37746
2.86838
7.238
3.24108
3.02328
3.65438
6.86792
1.38455
1.8025
2.83516
3.9057
1.20577
4.30332
2.71289
0.772957
2.53695
4.15812
1.3315
0.719251
3.47358
3.04572
6.80103
0.884798
3.03597
5.56771
2.84669
7.3739
7.53507
0.941013
6.95612
0.809907
3.40434
2.71474
7.57161
6.82187
7.37211
3.35007
3.68586
2.49864
0.195475
3.12738
3.81908
7.06474
3.51558
5.00324
3.42139
3.14874
3.28583
6.05312
7.25822
3.34654
0.259639
1.74662
3.34277
0.559786
1.65444
0.726981
6.89908
3.32659
2.40909
3.24957
1.84124
2.68495
7.21033
7.38239
4.75073
7.67251
3.44363
2.22528
0.912242
1.82486
4.37153
2.65503
7.36909
7.57533
7.193
5.21485
3.17199
3.38961
7.35669
1.49847
0.883168
7.33674
5.89628
3.77705
7.34078
6.18146
0.41326
1.93548
0.439591
3.66066
6.0241
7.42958
3.51546
0.561042
0.941557
3.38728
5.1624
1.60205
7.07655
0.893091
7.23209
0.992725
7.93714
7.13499
3.38956
3.70943
7.22522
3.40185
4.73031
1.71983
1.94424
3.40581
3.7373
7.15165
0.883061
3.36214
0.944367
3.38548
7.61658
3.57483
3.39857
0.962531
3.38899
1.64142
1.86684
7.67679
3.34592
3.34015
7.70237
2.45686
1.92831
6.72445
8.13448
6.23953
7.14972
1.01394
3.18744
4.07086
3.46638
3.25321
3.40429
3.06389
4.82099
4.6008
2.40345
0.374817
3.7252
1.94934
3.84856
3.25434
7.46826
3.46297
3.10208
0.891429
3.28652
5.02454
0.825373
3.64515
0.777787
0.967788
6.93502
5.17461
5.72205
1.93092
3.39655
4.18749
1.48411
7.3725
0.760049
0.678441
4.02415
5.9568
2.13534
1.10462
0.750233
3.2023
4.27822
2.73838
4.10029
1.9128
4.53115
4.73437
3.30807
3.41269
7.00967
3.23263
2.29702
7.43639
3.35799
3.01396
3.05719
3.41751
7.17352
3.55478
8.07645
6.12563
3.32383
0.188393
2.26119
0.964742
6.24701
0.754774
2.50851
2.72882
3.11177
3.49298
2.04731
4.45562
3.37163
1.15387
3.30992
3.3767
3.43602
3.00544
0.8285
2.10767
3.3502
7.28044
0.594116
3.38295
1.01509
6.84814
6.8138
7.69861
3.32777
7.34067
0.116408
1.09343
0.831183
6.59541
3.48801
1.32704
7.18095
2.49677
3.94379
6.84049
0.564236
1.88291
7.52768
3.04036
0.82937
2.55106
3.29579
7.4176
2.38946
3.69316
3.41166
6.97479
5.13582
1.53733
3.85972
3.24786
7.04984
3.24245
3.40342
7.37813
7.42724
0.931015
1.62718
8.27012
2.35157
3.40468
0.808782
0.832632
3.60786
5.03541
4.98026
0.640091
0.894035
7.84248
2.58608
3.63927
0.243468
7.08493
1.78153
0.992219
0.923471
3.11593
2.17892
3.60973
3.03936
3.40662
2.61097
7.63788
3.4037
2.00777
7.37061
0.79465
0.894662
6.3414
6.55438
7.35825
3.88586
2.99355
0.822526
1.37665
2.03454
3.31958
1.11138
1.60422
2.69142
7.15938
3.37719
6.87486
7.61107
1.56862
7.20804
3.24141
2.67527
3.49368
7.49693
3.34939
3.03749
2.01687
1.78376
1.85092
5.8867
3.47592
4.72164
1.57111
7.42079
3.51334
6.56709
0.509991
1.91181
1.33302
6.84482
3.8802
2.40742
7.10153
3.61972
0.147994
0.795741
0.364355
0.84816
0.223226
3.3446
3.74389
3.69104
5.85446
6.9657
3.38632
0.341423
1.67614
7.23107
1.58917
1.923
2.41195
3.45215
7.25865
1.852
3.40995
1.08383
0.492477
0.155071
6.52393
7.365
7.48757
1.26265
0.293746
2.52344
2.50551
3.11207
2.63558
3.26949
7.55342
7.46624
1.11415
3.60337
6.90663
0.622608
7.4934
0.473605
3.40037
3.41785
1.62696
7.63204
4.16059
2.39238
3.32063
1.90631
2.52322
5.95884
3.28893
3.06278
1.8169
0.447826
1.06945
1.27376
0.917123
3.40944
0.425515
5.04371
0.810038
0.245691
7.46879
2.7276
7.36993
7.09663
3.36556
3.1189
3.79002
2.90316
2.18744
3.70808
6.44723
3.85352
0.780779
6.39202
3.42399
5.87642
3.34817
3.01502
1.64089
3.31965
4.24097
2.20481
0.726828
1.80366
0.810791
7.21666
1.50464
3.61357
7.22642
2.78574
2.23066
0.44111
1.78644
1.91134
4.98545
2.58602
7.98632
2.84041
0.855125
2.69646
3.75151
0.450419
2.62537
3.36514
5.00736
5.96152
6.83464
1.30105
2.94189
0.620813
4.52777
1.16869
1.95508
0.775925
1.9003
2.97342
2.67681
0.829902
3.20966
6.57897
2.98199
1.82786
0.484874
0.92222
5.2407
0.861695
3.32931
1.02084
3.45577
0.323186
3.59097
7.24301
3.41815
2.24353
5.03943
3.7271
1.32919
2.84552
2.49666
3.39082
0.6074
7.2257
3.13147
7.08295
2.41074
2.82154
2.9915
7.48781
5.85686
7.87263
3.08163
0.81105
1.34285
7.76359
3.97574
1.22986
0.469958
6.77866
3.0634
1.81116
6.80735
3.5639
4.883
2.10204
3.40691
4.70394
7.76378
0.899374
7.37226
3.33865
2.35105
3.719
2.84582
5.99769
7.20346
3.45867
7.08477
3.37286
3.81763
0.891198
7.26234
3.25616
3.84258
1.08409
7.37596
2.82421
3.74667
3.71652
8.55023
3.35247
7.59263
0.179644
5.00146
0.917415
2.67235
3.18446
1.67163
1.05017
4.40507
5.64003
0.602811
3.35353
6.59208
0.868535
1.31293
3.70908
0.631518
3.68421
2.43475
3.41586
6.54366
3.47353
2.71881
0.968107
6.85272
3.40856
2.85086
1.89409
6.78399
1.8877
3.84462
0.502854
2.74407
0.650136
7.90542
7.54503
7.67963
2.32826
4.27915
6.8578
2.69375
7.18096
5.45919
2.92898
0.784333
3.35816
0.41128
0.791641
1.94651
3.72539
0.984179
7.55582
7.42698
2.96733
7.05882
6.50972
3.89847
3.02106
1.85939
7.36593
1.1496
0.287745
0.73038
3.36758
3.35769
2.90794
0.792273
5.90274
8.00624
3.1489
2.83357
2.90581
0.992285
7.29378
2.87692
3.10727
2.6576
0.438635
7.24367
7.44376
3.91757
1.62863
3.70029
3.30227
7.03391
6.10363
3.83481
7.07042
3.78142
2.70919
3.7082
3.64697
5.99317
7.85015
1.37513
2.68347
3.40526
7.77403
3.1221
7.31948
0.722005
0.535684
3.89954
0.747893
2.81775
1.18041
1.7586
4.66015
2.3981
3.24192
3.02718
2.32944
3.70142
3.84026
3.5645
7.08574
3.75151
0.942515
1.31905
3.5418
3.73432
3.55322
0.611601
3.39961
2.66971
2.14592
7.42125
6.85857
2.02811
3.32929
1.89497
1.13101
7.00368
2.61906
3.34639
0.969039
3.37586
7.34037
0.844082
1.82001
2.86613
2.69772
6.81757
7.64868
2.14698
6.25812
3.28574
4.86925
4.04799
0.805708
0.43028
7.06101
5.45751
7.38718
2.27834
0.180768
7.16761
0.790649
7.17399
0.476049
5.74642
1.09678
1.41864
0.278354
2.75546
3.74023
3.19147
4.00388
7.32026
0.85583
4.30345
3.09913
5.50165
4.00412
1.80902
3.00408
0.0749742
1.93909
3.19209
7.6509
3.92144
0.8409
1.46721
7.50221
2.82733
0.493468
2.85867
0.551713
6.66408
3.41966
3.36867
3.40604
2.2641
3.23365
0.561631
2.88128
5.32112
1.10776
7.57466
3.36805
3.57033
3.09133
1.966
7.40054
2.19633
7.62078
0.205166
2.48338
6.64222
3.59013
6.25854
3.34881
3.44954
2.58256
7.2963
2.89093
5.76087
3.35767
3.30762
6.81342
3.14935
1.93815
2.60982
3.83241
0.924026
3.39599
3.67019
7.36104
3.44622
5.53618
3.41098
1.68414
1.6349
3.04844
6.90644
0.303918
0.405981
3.15219
3.38418
2.15847
0.975832
7.37622
2.63151
1.66623
4.13656
4.02957
4.17468
3.41909
3.85858
3.12581
1.78857
4.61607
6.52761
3.83782
3.37484
1.19875
3.27066
3.33328
3.67608
3.31544
0.87572
4.1634
3.24653
6.25034
6.0777
3.11947
3.51171
2.27424
1.43903
0.249254
7.85263
3.78967
3.59694
2.97308
2.85585
3.00677
2.54445
1.75832
3.40113
5.26527
3.50563
3.40565
0.228674
3.6549
2.7197
3.44991
3.40391
7.57007
2.8281
3.16506
2.12478
0.5288
3.32596
2.8342
7.66551
3.403
1.60394
6.86961
7.90029
3.82924
0.786545
2.35725
1.20895
3.39932
7.25478
7.53099
4.28213
0.609978
7.03101
1.58309
0.79993
2.27647
2.90429
3.38265
0.885102
0.618864
4.01419
1.6352
1.3483
3.30737
4.87025
2.33821
3.39897
0.848293
3.40137
1.7508
3.42528
0.346623
0.325468
3.3456
2.68244
3.65152
7.49649
3.27921
0.790149
3.70823
1.86859
2.61349
6.58661
5.87793
0.762698
2.56285
6.09412
2.78844
2.7961
7.47532
3.01695
1.57284
1.38722
2.67403
1.81389
1.89374
1.38079
0.497042
1.71843
2.06684
8.56332
3.94745
1.61715
7.48618
5.33809
3.42858
7.37288
1.22423
7.32543
3.78585
6.1211
0.533438
4.15534
4.74413
4.738
5.76778
7.55094
3.20462
1.63424
3.54558
6.23914
2.56771
2.91167
1.62068
3.26756
0.887422
3.75902
3.08123
0.870203
3.36633
0.241229
7.2576
3.42123
6.88684
5.59217
1.20395
3.3894
3.32243
6.34475
1.95257
7.20652
3.88199
0.558682
0.832641
0.972935
5.46403
4.43487
1.54335
1.77412
3.36743
5.3916
3.82486
7.36371
3.56562
1.79838
2.41952
0.962075
6.70088
2.84535
3.34953
1.16405
3.95284
1.88231
7.00195
0.96265
4.17241
2.68394
3.58989
2.35468
3.55434
7.14751
2.43397
7.13594
1.95143
1.73409
7.44871
3.38624
7.62891
6.95901
2.03389
1.44078
0.430457
2.54563
1.25706
2.80975
1.39511
3.45185
0.910441
1.80869
7.44181
3.36755
2.82636
7.18414
5.8779
3.51559
7.12162
0.594057
2.80388
7.59963
3.78943
4.52948
3.69041
3.07133
0.831193
0.926755
0.83004
1.2757
3.70117
3.38141
4.01205
3.16298
6.99082
3.39368
3.20968
2.81736
0.390318
3.57286
3.34821
7.28956
1.74874
7.30895
5.86915
3.33966
1.76515
3.51098
0.983893
3.40231
7.49949
7.17013
2.39174
3.18008
3.30793
2.70349
7.08741
0.279324
1.58427
0.18226
5.63726
7.73033
1.98948
0.270594
6.54633
3.01512
0.900829
1.53404
1.81205
1.17654
3.76041
1.00902
2.52511
7.65504
2.48342
3.74888
3.59922
3.54317
6.68742
2.93683
0.280712
2.93576
3.3084
7.58666
2.83336
3.07774
3.48917
3.20014
2.87012
4.53959
2.15067
3.27959
1.59899
1.74485
3.39514
3.70639
2.9866
1.9129
7.59933
6.19644
5.10402
1.16242
1.10607
5.20237
7.04038
0.659088
3.75509
3.60713
0.732704
7.27874
2.78332
3.80625
2.06899
3.42377
2.81261
3.03452
3.19234
1.93786
1.89153
0.369117
5.94495
2.79094
1.38213
3.50062
7.23597
2.39284
0.460718
6.97856
0.987978
6.1033
7.70115
1.39335
7.38264
0.307554
3.57837
3.16663
0.898024
1.75415
3.62374
3.22206
4.07998
6.74099
6.76192
0.845711
3.53651
1.33975
5.60165
7.62983
3.37659
2.79894
7.56983
7.50747
1.34653
3.28792
3.58313
3.69832
7.3753
2.94995
6.91329
3.1554
2.80839
2.97421
1.13754
3.85195
6.73337
7.02852
7.66708
3.42486
0.801649
7.76564
1.5654
2.34078
3.58888
7.06322
0.102778
3.31422
2.38829
3.72184
7.0847
2.78481
6.93584
1.70061
3.93562
3.63681
7.11767
3.55537
0.56187
2.96685
7.08334
3.71028
0.561635
2.16864
3.03574
3.52392
7.44235
3.47273
2.42089
1.66816
2.80535
2.88763
7.33443
7.52062
3.43779
3.28489
3.22806
7.90277
4.73229
3.3073
3.96954
1.97779
6.66755
3.19392
5.22293
6.29241
6.98411
3.35023
3.06424
0.969337
3.2995
3.17823
2.92404
6.81353
7.48663
6.93438
7.09016
7.15037
2.14399
0.850063
3.76139
3.00602
7.18728
3.08983
0.823341
1.29159
1.24686
5.26212
5.87575
3.95117
2.68711
3.41215
0.0422681
4.20001
6.35842
1.86004
1.74754
3.82564
1.58071
3.39211
6.25324
0.962484
3.11127
2.72002
3.23668
0.987399
0.582778
2.12133
7.87767
3.13979
1.50338
6.84242
2.27986
6.21111
0.773832
6.99771
2.76474
1.47797
7.1933
0.834132
7.50594
0.717677
6.66845
3.02174
6.41649
7.14208
0.240324
2.76216
3.52422
1.69555
0.381609
0.554524
0.907674
1.84246
2.98853
6.11713
3.51725
6.30956
3.38292
7.37967
1.0236
2.0762
0.476158
5.81296
0.840771
3.85656
7.62988
0.827927
2.86404
3.99309
2.96832
7.37448
2.64724
3.00118
1.33532
3.41403
7.46785
3.35533
2.37813
0.464029
3.40792
5.95693
7.67845
0.974276
1.06606
0.215247
2.39959
3.66278
0.704887
6.28782
5.069
3.79652
0.83399
3.34633
3.26215
3.29445
1.76166
6.88978
6.77612
3.82727
7.19303
3.67821
6.04653
7.05659
1.19212
3.36954
3.16455
7.35778
7.45946
3.43796
3.76625
3.87369
1.01788
3.39084
1.38205
0.811454
0.846498
3.12261
3.12965
3.5803
3.417
4.30596
7.45563
3.77993
2.78125
2.0415
3.43155
7.58342
7.71161
3.38566
6.66986
3.40966
3.23119
6.41854
2.5573
2.38787
3.0057
3.22787
0.93249
7.27032
3.41833
6.35
0.925111
3.68244
7.16661
7.59756
3.44146
0.345284
2.20611
0.64644
7.63825
7.17498
3.34525
1.92241
3.15931
0.303468
3.66832
4.26147
0.749599
0.610237
1.18934
7.48885
3.61909
3.37285
0.825336
4.49403
3.95798
2.95381
3.16203
6.6928
6.86782
0.243959
6.79534
3.54855
6.9577
6.67707
3.59423
7.60529
0.796454
4.29158
3.82146
3.29173
3.42239
0.0233605
1.46408
3.75697
4.78523
1.54906
0.7192
7.49359
3.44922
0.591108
3.38412
2.75691
1.24683
3.42003
4.84899
3.2238
7.78427
0.417797
3.3179
5.06785
3.06131
0.262784
7.3326
3.11168
7.94602
0.258051
1.38789
1.24468
3.85532
3.41491
3.49008
3.51113
3.82854
2.13351
7.35403
1.99815
1.29641
3.38477
7.12088
2.78554
3.01483
0.837633
2.04418
4.42228
3.71399
1.75492
3.37713
6.89794
2.62788
3.50503
3.28651
6.79921
0.874284
4.22512
3.5897
3.41721
1.35621
1.7111
0.854506
7.31251
8.01712
3.8175
7.37638
1.88277
7.10929
7.16672
7.68667
3.03432
5.16542
7.31688
6.7223
1.29033
3.88621
6.73033
1.30352
3.40001
5.29474
2.62327
3.83999
3.13357
6.87001
1.6635
7.87709
2.06542
7.59206
2.11008
0.543877
1.54758
1.47526
3.34484
3.28851
2.81254
1.12502
3.77371
7.75802
6.85858
3.40178
1.16995
1.67314
6.85173
1.96808
7.50442
2.67891
1.45603
2.90652
7.57135
4.71128
0.39972
6.47819
0.720635
7.32548
0.699574
5.31926
5.33778
2.96349
6.35414
3.25968
1.72517
0.571195
7.03475
5.79604
2.77983
3.30843
7.07366
7.2057
2.84292
3.58905
7.41049
7.06227
6.3295
1.28193
1.46675
1.73069
7.49774
2.69489
5.8029
7.1405
1.14689
7.5642
1.94621
6.09153
3.23669
0.506487
3.3901
0.255643
3.99834
3.26976
1.73379
3.36551
2.96814
0.815565
3.59973
7.02264
6.74043
3.56058
0.918625
2.93339
7.05099
7.07794
4.0111
0.687863
3.48158
3.40239
7.44653
2.73111
3.97412
3.55256
3.95604
0.433403
2.21884
0.891457
3.8233
2.82245
6.36145
3.45784
2.08116
3.68478
2.96636
0.257203
3.40537
0.39671
2.52793
2.26661
6.03959
1.93593
7.2259
3.8395
7.15585
3.18367
3.99245
3.34434
4.55142
5.84137
2.32872
2.52686
6.31588
0.461606
4.05801
3.79907
6.58368
2.86052
1.85127
6.80625
3.0255
3.46568
3.49447
2.23847
2.94403
3.02314
3.25401
4.20233
6.69637
2.53377
7.37334
0.693236
0.829934
4.72975
3.45286
1.74658
1.67857
5.37258
2.15488
7.02979
4.05984
7.60098
3.82894
2.99812
7.48063
3.37525
5.52257
6.76166
3.55991
7.0185
0.987985
1.7493
3.10725
0.208252
1.46776
6.6002
7.92925
3.84745
3.39342
3.42474
3.74319
0.817004
2.03612
0.444559
8.73696
0.781632
0.819344
6.04517
3.41589
1.85081
3.41613
2.03151
7.62384
3.38283
0.839262
1.18691
0.873196
1.65934
2.65414
7.8189
7.01999
1.93956
3.33747
2.10867
7.23903
6.57918
5.14625
1.01717
1.80919
1.23624
3.27413
7.31389
7.34366
3.98277
3.35508
3.28046
1.27666
3.25078
1.95676
7.305
3.45793
2.86006
2.59741
3.12165
0.351362
2.87506
2.88411
3.50803
0.587465
4.79594
1.55022
3.10046
3.39863
3.03704
3.97364
1.95847
4.20397
5.02972
2.84629
7.68688
3.38636
2.29718
1.94321
3.61455
7.05545
7.21203
1.82182
3.02184
1.56298
3.26543
0.90139
5.99185
2.78427
4.29946
3.50084
3.48464
0.74473
3.38094
3.41647
7.55065
7.21589
2.17081
0.955128
7.16199
3.4428
0.464786
3.41935
0.822521
3.2872
3.742
3.87276
0.658725
3.3566
3.39093
3.35486
1.12113
4.92212
2.42481
2.44817
6.37019
7.5247
1.38917
7.00133
6.91052
1.71633
7.40275
6.27453
1.52476
6.9077
3.55493
7.57245
1.67467
3.29996
3.41282
0.690555
0.510023
6.28586
3.06143
3.04193
6.67306
2.73928
6.18133
2.68734
7.86841
2.86329
3.34755
3.40557
3.41882
0.960193
0.87453
1.16341
2.84333
2.8104
3.24514
6.29122
2.27354
3.43108
7.45887
6.60733
2.61678
6.95754
7.09017
7.5621
3.40871
6.63663
7.14923
1.14975
5.14843
6.78882
1.93429
7.09615
7.00529
1.53333
4.55445
0.587856
6.97386
2.71853
3.36231
0.817245
3.38222
0.890295
7.28529
8.14948
7.41958
0.929304
7.60987
3.71135
2.9362
3.47589
0.586851
6.89675
5.99499
3.41807
3.55397
3.34967
2.43289
3.68385
1.73744
3.46058
3.68962
3.50517
2.85945
3.52338
6.60133
3.02946
2.89104
4.07144
3.31759
0.563938
5.25958
3.73052
7.73015
3.14335
3.15094
3.58026
0.927021
0.718745
7.44448
0.573795
3.34189
1.85892
0.914552
6.84046
6.98647
3.81667
2.30915
2.71329
3.04937
0.814542
1.20293
0.84318
3.22308
3.29583
6.98789
7.4422
0.581439
0.363664
3.12325
3.39139
3.34865
6.67217
7.42821
7.98303
6.07802
1.85497
0.876125
7.5492
7.13065
6.64058
3.41335
6.89526
6.90039
2.05186
3.61404
0.735664
6.95637
3.1855
4.00253
6.55391
7.81443
0.794071
3.65051
3.37963
4.10803
3.3354
2.86294
2.90133
1.54759
3.44972
4.26788
0.783646
3.03319
3.63777
6.85122
2.61018
2.47317
2.25057
3.02215
2.92815
7.43209
6.85207
2.70818
3.37979
7.24596
7.42084
3.12893
5.85448
2.87079
0.88138
3.5675
7.33121
7.41396
1.61892
3.7552
3.09821
0.271556
3.1897
2.83549
7.20353
3.41314
0.658508
1.16934
2.9473
2.08261
7.29398
2.20189
1.37344
5.10335
1.56183
0.520948
1.09294
3.34345
0.568913
3.10284
2.67912
3.63829
3.34991
3.44763
4.20955
7.21166
3.87491
7.44975
3.04027
3.51607
7.9807
4.04043
2.9317
3.32482
7.22225
7.15579
3.67392
5.79715
7.43363
3.34148
3.39371
7.01343
7.0838
4.07828
3.87473
2.87801
6.71048
0.813447
2.41948
7.85253
2.82322
3.31941
1.85454
7.16493
2.03374
7.37767
7.12086
5.40079
0.612034
1.11799
7.26576
0.731414
3.9561
5.25819
7.5545
3.51211
4.88921
2.02457
1.11954
1.16257
6.90763
6.70188
6.96665
6.83814
2.77153
6.86767
5.70164
3.0288
3.42344
2.98991
6.91749
3.32118
3.01933
2.9629
3.3687
0.79165
7.052
2.3037
7.19044
7.78898
7.10768
1.49093
6.55248
3.94633
7.26071
3.28345
1.92167
3.37773
3.17612
7.62865
0.833459
3.83395
1.8769
0.883983
4.40722
7.54387
7.14882
3.3987
7.11713
0.130955
6.39969
7.79713
5.07424
3.53687
0.929328
6.26154
1.07557
2.19923
5.04999
7.50506
6.06332
7.66039
2.68415
7.76138
1.75668
1.94748
2.31465
3.82069
7.26112
1.23385
3.36886
1.77501
1.90188
1.51991
5.88498
2.00473
0.782618
2.66368
1.08415
1.80676
7.42794
3.40197
6.98719
2.5651
2.77108
1.97344
2.48473
5.12027
1.9371
1.10714
3.31839
3.52302
3.59516
7.15578
7.07567
0.978188
3.66227
0.353318
0.771037
0.858129
0.829156
7.10663
3.06885
7.13812
7.31797
5.85187
7.50934
2.26111
3.36347
3.61716
3.6975
6.20059
3.43347
5.29786
7.54005
1.86149
6.82232
7.30447
2.35458
3.33286
1.28617
7.662
7.27925
2.6517
1.45184
0.182293
2.87956
3.29133
0.649216
5.94145
6.78078
7.46315
5.85829
1.213
1.16423
7.84244
3.36032
1.88273
6.78168
1.71704
3.44647
5.73275
2.62326
0.925059
3.54886
4.76764
7.36291
1.70487
7.12908
6.57724
6.83981
2.79245
2.98725
2.66511
0.921621
1.09759
3.37023
2.98796
3.684
5.89469
2.69103
6.91563
0.895881
6.66933
3.55766
2.10552
1.41743
3.78838
1.84402
3.6179
3.60205
3.86628
0.985137
3.79944
7.13397
3.29576
1.1405
5.41171
1.62511
0.65001
6.58527
7.24784
5.7259
1.89924
0.020768
0.724411
3.45794
7.42965
7.44307
3.50755
4.24672
3.79972
0.839627
2.08652
3.31404
3.3213
1.93622
3.32513
6.98976
3.42665
2.7141
5.08914
0.0456975
6.73252
3.09955
2.0997
0.889442
0.808155
0.89493
6.88198
4.52542
2.99453
1.69075
3.528
0.623037
1.00204
3.10144
3.14444
7.35004
5.54989
1.38236
3.40054
3.38947
6.01289
6.8845
3.52918
5.9604
5.03105
1.93465
3.01286
4.50354
7.04
2.61521
3.24861
3.41283
6.37304
1.67884
0.35498
5.95543
0.926486
3.03539
3.39946
6.05012
0.599111
3.12818
2.68891
3.03903
7.62529
6.94193
1.83775
7.5829
7.21463
3.14138
7.74115
6.1028
0.371306
0.746157
0.454604
6.04958
7.44767
3.8262
3.68951
7.22232
5.76235
4.18835
3.76818
7.12303
0.662036
7.06154
2.66095
7.65353
5.34688
0.565954
5.2041
6.67359
7.61632
0.873734
2.84663
2.32815
0.965272
7.55351
7.58022
3.04145
2.00553
1.99613
0.286343
3.41002
0.962772
1.97015
3.39254
3.3615
3.421
1.56113
0.758004
2.36593
3.64161
4.2379
3.46669
6.62434
3.66994
3.84987
0.399992
3.36658
2.82772
3.38916
4.33759
2.7458
1.08067
6.6633
7.32579
3.36135
2.64925
4.00373
3.092
1.53489
1.02178
3.7524
6.86461
6.84963
0.477433
1.52143
6.72715
6.85855
2.72149
2.57785
1.45735
3.20353
3.57538
0.891161
3.32029
3.21602
6.93218
3.45194
0.90127
3.16085
5.01756
2.80796
7.15676
3.57394
2.37505
4.07546
6.56871
3.41371
7.08264
7.09798
1.77802
3.37718
3.25176
6.44055
3.29505
3.45366
4.70349
1.71132
8.16637
3.41828
3.344
1.74834
7.43036
6.80685
1.65893
3.69831
1.53253
2.93936
6.64033
0.894925
3.34716
3.57965
3.53447
1.39903
0.733744
6.61752
7.68418
0.858933
1.35932
3.37738
3.3597
0.880746
3.24203
0.867429
7.20703
7.56942
7.64496
1.69995
7.42719
1.40962
3.68517
7.64353
0.825891
0.376155
0.622018
3.55893
6.62907
6.44081
3.8623
7.46626
0.824447
7.48143
1.03033
6.88497
6.59887
4.32405
2.40135
3.25205
2.9228
7.71533
5.44442
3.31061
5.23272
6.69686
1.91849
0.97066
7.55072
3.23632
0.958469
2.82605
7.33862
3.36726
6.51437
5.13926
1.11863
5.00212
6.32275
1.41866
3.47554
7.10684
3.03157
3.31692
0.758413
6.52667
2.8184
3.38489
6.65333
1.3481
5.01783
0.466254
3.77542
6.95609
1.85654
7.46332
3.50721
3.29906
3.43302
6.52884
6.84386
5.81822
3.4113
6.68608
3.39771
6.82966
3.51931
0.615665
7.53038
1.75258
1.84938
0.562798
6.97274
3.97269
3.65985
1.91975
3.4743
7.09788
3.30216
7.03837
0.530975
2.63939
6.93893
3.31879
2.92594
0.806586
3.87829
3.20698
1.0077
6.42349
6.13175
2.05776
3.50549
7.97945
2.57092
1.05703
0.46313
6.86537
0.846128
7.44059
1.50702
0.799136
3.38851
6.75938
3.90369
7.40786
7.10226
7.60216
1.26189
0.89381
0.594887
0.398087
2.79274
3.88834
3.38861
1.91153
6.67244
1.52104
2.80902
1.301
7.29002
1.16582
0.608239
3.42022
2.13756
6.49316
2.93993
1.35475
4.1574
6.26707
7.41805
2.55154
3.33383
3.20415
2.06877
7.23459
7.53434
3.7278
6.90913
2.5242
3.80239
3.36114
3.8059
2.45346
0.952346
3.40081
2.66763
0.885994
7.51433
1.94046
7.37366
0.372017
6.79979
3.29891
1.43392
3.47402
1.46695
3.3705
1.23509
6.75595
3.31596
3.03752
0.820506
6.9072
3.24565
6.9403
6.92835
5.27964
1.6177
0.274447
7.57453
0.571041
3.58917
1.7317
0.0486596
2.34937
3.33227
6.46272
1.91758
7.60325
0.767981
3.42094
6.46112
3.59928
0.327348
3.29202
1.93808
0.754298
0.717812
1.66243
2.17418
0.242895
0.241563
1.88835
2.95355
0.840156
2.94267
1.70793
7.626
3.39443
3.46182
2.64977
0.773765
7.40906
5.46594
3.42513
3.39512
3.3744
3.77284
6.84764
5.67701
7.15203
5.53191
4.84875
6.99948
3.35853
1.51962
7.55752
3.37672
6.71911
6.82705
6.994
3.351
2.87575
1.6158
5.28599
3.39774
0.785954
3.30005
7.0873
6.88621
2.90848
6.88088
3.39497
1.13628
5.20666
7.34116
1.02012
4.54855
0.835252
3.20428
1.77083
1.60427
3.8968
3.14615
3.41948
0.82182
3.02372
1.53783
7.06507
0.645927
7.04189
2.65649
0.062419
0.190935
2.89598
6.5632
3.79752
7.03064
7.37352
7.64652
4.04405
6.94455
7.04954
2.04546
6.96554
7.78081
3.33231
3.39475
6.77809
6.26441
4.51757
3.55618
6.54647
1.69953
7.48974
5.02307
6.59603
1.93081
4.2677
6.71036
2.10076
6.91792
3.99715
6.92936
7.03268
3.06014
3.09643
0.895572
6.84939
2.60738
3.53463
7.42348
3.07637
0.688528
1.36757
6.7624
3.19716
0.805261
6.91597
7.77248
2.94274
6.52627
3.66576
7.38539
7.38013
5.63777
7.05384
7.2897
3.0944
1.58351
7.21996
6.57626
2.56236
7.09001
2.74197
6.93073
3.00921
4.75393
3.82432
2.20941
6.5935
2.16785
2.03046
3.15837
1.24528
6.7477
0.873835
7.19631
1.88454
0.678349
0.779583
3.50136
3.83602
1.09612
0.869805
3.71528
3.74781
1.71138
6.8518
6.75141
7.02605
6.38823
3.36748
7.33066
7.54141
7.04496
3.42222
6.91961
7.33736
5.57169
7.39486
2.33384
6.63018
1.68073
6.99775
4.32451
0.730552
3.51548
6.25121
2.77641
3.4499
6.25563
4.27626
6.98494
2.87492
7.34909
1.56636
6.32025
2.93999
1.52649
5.28475
1.59668
2.62521
1.12127
2.85044
6.89664
3.53477
1.57208
3.16652
2.49598
0.891433
4.03947
6.21588
6.57946
6.77732
3.663
6.95472
1.70564
0.448964
7.29675
3.84005
2.02029
1.0824
3.36689
2.65218
0.99113
7.41409
3.36573
3.41836
6.93268
1.79261
3.10696
0.436347
0.897091
3.35202
4.25066
3.82296
3.4232
2.73995
7.34842
3.1262
6.89782
0.865425
4.13008
2.60528
3.52298
3.4424
3.77431
7.34688
3.41123
4.16546
1.8133
7.22749
7.3604
1.51654
2.57021
3.56117
6.27158
3.46712
3.81205
6.95156
3.3369
0.198828
1.01783
7.22043
5.70116
5.25844
6.80831
7.08072
1.22114
7.0244
1.80802
3.57575
6.78601
3.97653
7.27264
2.41447
3.62932
4.59005
1.49589
3.37551
6.92745
4.91271
1.25799
7.22348
1.31855
0.802854
0.879847
1.79541
1.78985
5.30748
1.22695
4.1967
3.87344
6.85191
0.874992
3.41094
3.51382
7.2712
0.188407
3.00049
2.78496
6.75389
6.11906
1.10798
7.18501
2.63535
0.909932
6.73442
7.10185
3.13763
3.7812
1.26831
4.27944
3.43934
0.934208
6.48714
1.47561
7.91265
1.66151
0.697033
6.55181
6.33379
5.43224
2.1811
1.14295
5.8719
6.15964
3.36847
2.72973
3.69477
5.33472
3.14938
0.583228
6.17708
6.52945
2.60662
2.57366
3.42481
0.855456
5.20073
0.502737
1.27293
1.13903
4.554
7.23224
1.5071
1.72334
2.90594
1.52311
4.08535
2.70644
3.54822
6.69759
2.87135
1.35769
5.10312
1.62161
2.98926
3.84118
7.09667
7.31029
3.9384
7.23321
6.58794
7.19248
2.94082
3.73195
2.8653
3.51486
2.5965
3.8021
5.47562
2.61314
7.67621
2.7149
0.852796
7.63496
1.84305
3.6209
3.22787
7.17264
0.949676
1.61145
3.2351
3.53799
3.47853
3.60477
4.08268
3.49156
6.3737
1.57292
0.818393
6.70263
0.84881
7.46446
7.41647
1.7439
0.642704
1.32844
3.52784
1.45072
3.92126
7.20462
3.35167
3.34562
1.39123
6.56697
3.69913
3.12781
1.28673
6.73801
0.734542
1.48974
1.7806
1.50784
6.0508
7.39863
3.82305
0.985547
6.87641
7.12372
6.23479
7.39159
6.91624
6.95452
0.535635
0.849602
6.22792
3.53518
0.557678
0.653751
3.66563
7.29019
2.7566
3.39963
7.42383
1.69216
3.01854
1.25286
7.33819
1.61613
3.2489
1.16526
7.62287
3.42372
7.36788
6.68422
6.62974
0.83894
1.34461
6.558
2.08492
3.3232
2.81696
0.35691
0.875985
3.03544
0.678399
7.72547
6.07791
0.466644
2.54309
3.03166
7.23844
3.38359
5.64373
3.08297
5.45297
2.76407
3.60925
0.909508
2.84003
3.41682
5.98407
6.73628
6.63554
3.12268
3.82248
3.78816
5.92354
2.15588
3.78772
3.02717
0.750112
3.19905
2.5957
5.52341
3.89774
0.784794
1.23968
7.26569
6.31944
0.881335
0.488377
2.50241
3.89808
7.29502
4.48424
7.18809
7.73905
3.78725
3.41768
1.62667
3.36651
7.3379
3.89919
3.37532
5.82213
2.6113
1.68295
1.45835
1.88559
3.87664
3.60991
0.291217
2.69714
1.33032
5.95274
5.27569
6.17458
0.40182
0.735614
1.10524
1.93451
1.09942
2.96298
3.88319
7.1701
1.85394
1.26034
2.11876
6.23881
7.25891
0.876958
6.14569
2.09753
4.64178
2.90852
5.58492
6.40891
2.49459
2.57815
3.18446
4.78786
3.69011
2.71362
1.94178
0.931904
0.865772
3.36673
6.61559
7.07185
7.47658
1.2681
0.861151
0.367983
3.8079
3.75646
0.301975
3.4176
2.09341
6.24409
1.47637
3.43764
7.41533
3.30039
6.99084
6.88238
2.52174
5.63188
1.93717
0.176481
6.6114
4.13196
3.17867
6.79112
7.43142
6.79792
3.66198
1.95116
2.85371
4.38439
5.66463
0.735821
7.16377
2.31867
3.3296
3.55
0.814627
3.43198
6.27069
2.20051
1.96613
3.40001
7.27943
3.47165
2.76212
6.90993
3.55223
3.89726
3.01348
0.23959
2.17532
3.15898
2.41626
7.02056
1.94195
3.30395
1.78263
1.06501
2.48782
0.84267
3.51396
4.16232
6.23736
3.344
0.582118
2.66681
5.70722
3.30687
4.74585
5.29455
3.47292
2.71262
1.93633
6.74229
1.23638
7.6046
3.23051
0.977782
7.17974
3.29899
2.99042
0.268102
6.47632
7.02465
2.88721
1.68978
2.68065
3.06951
0.874395
3.05083
7.27057
0.884829
3.21868
3.02208
0.850202
7.27813
1.55827
2.80739
6.37821
7.10166
1.50711
0.637588
3.20483
2.15259
6.4375
0.800492
4.17118
0.70576
0.854877
3.9499
0.392884
3.89128
3.45031
3.06472
6.6372
3.04499
7.30226
6.19798
1.96768
3.12918
2.66785
6.33152
7.01821
2.80565
0.826449
3.23276
5.99125
0.884001
1.37941
4.02395
3.13512
3.37863
0.873579
6.36327
3.17148
2.16287
1.50345
3.40315
2.28806
1.81149
7.18887
3.46254
3.28266
0.892716
2.80379
0.711688
3.38996
3.41192
1.38142
2.20896
0.461263
7.27425
3.60465
3.17462
7.31007
2.62288
3.1327
3.59307
1.69374
0.874488
2.51045
0.67191
0.153698
0.97645
3.85814
3.36912
2.68934
0.593812
1.65759
7.42817
3.2926
3.38476
6.55305
3.26709
6.17289
4.78908
3.36975
1.26587
3.29682
3.35374
1.74786
3.12902
2.29401
3.92461
3.54345
3.21419
4.61344
3.34631
5.71209
3.37309
3.12939
3.39634
3.68927
3.39094
7.00751
3.50291
0.243075
3.27011
3.80996
6.96347
3.09781
3.8247
1.67925
0.640083
3.99928
6.58606
1.89046
3.38951
3.88049
2.27676
4.06027
1.70431
1.37597
1.65972
7.02471
6.11081
2.55831
2.74916
0.845171
3.66968
0.89196
3.32126
3.3901
3.07597
2.05942
2.18196
4.14045
7.26314
1.1208
1.20843
1.13138
6.49462
7.49571
1.53197
2.85666
0.516027
2.24331
2.7206
1.1744
0.785314
3.27781
1.64963
1.66841
3.166
3.33064
2.85538
0.897477
2.15316
7.20294
6.12322
1.23791
2.70721
6.31778
6.98774
3.54158
7.48185
3.07015
3.17648
2.18271
2.14811
4.17152
7.61081
2.17257
1.55114
0.968342
2.82884
4.05508
1.48522
3.95904
7.1342
7.02636
7.88714
6.80496
5.96921
1.36123
2.13278
0.220397
7.11481
3.48733
0.85304
2.03352
3.26582
7.03296
2.97301
3.30241
1.97204
0.810184
1.38399
2.68011
3.40247
1.88033
2.13815
4.11182
3.44788
3.38439
3.42203
1.66396
4.04628
3.48899
3.30958
3.26007
3.36161
3.40861
6.55098
0.739447
0.499898
3.85364
3.36261
5.61614
4.07438
2.36698
3.01371
3.38704
0.802019
3.33123
3.66785
4.49265
6.91813
0.618523
3.05059
2.77924
3.42198
0.870499
3.14366
0.750129
7.42717
7.31849
3.08105
1.10406
3.19098
2.6902
2.8631
0.318996
3.03454
3.82191
3.58761
2.6721
0.872528
0.93891
2.98064
3.39938
3.28843
7.06093
4.13869
3.28702
3.36304
6.43029
6.25856
6.26327
0.709225
1.57812
6.97256
6.06161
3.82043
5.44591
4.1103
3.37859
3.56074
0.94825
2.62423
1.17554
2.16871
1.47871
0.561673
7.32435
3.91898
3.34187
8.15368
3.9037
7.20103
3.51052
2.06945
1.11278
1.48464
0.434124
6.88259
4.09843
1.65533
1.39238
3.96565
3.26147
7.92886
6.51531
3.93197
3.55546
7.85793
2.93558
2.64758
1.39719
7.59205
1.65492
3.77215
3.86409
7.38756
0.580511
4.51262
0.824149
3.34024
2.97916
0.840002
0.988362
5.65246
1.2484
2.51495
3.39881
3.75956
2.64085
6.91904
3.63504
0.357548
7.09119
7.44812
2.87142
2.1219
3.81
7.42106
7.11895
5.46579
7.15319
3.4039
7.40109
4.0733
2.11489
6.72942
0.542433
3.30404
4.5543
3.30935
4.48052
0.853626
3.85519
0.911363
1.49632
1.66727
3.02839
3.63013
3.34352
3.38343
7.1433
1.26099
7.43122
0.910116
5.30589
3.70279
2.77161
1.06001
4.53923
0.100394
0.838681
5.00884
6.83015
3.85366
3.20228
3.4615
0.900813
3.62444
3.77378
0.385604
2.22907
1.82718
3.39451
1.74686
3.38736
2.97847
1.33121
3.59565
5.06138
2.14017
7.27663
8.3955
3.36547
3.3686
5.54182
0.438356
1.00725
2.97954
3.48298
1.87815
0.664245
3.17768
1.78688
1.65805
1.36321
2.71248
0.640649
1.47605
3.82775
2.77268
0.84378
7.12108
2.84543
6.94497
2.99843
1.89565
0.867588
3.79932
0.646835
3.23886
6.81649
0.305886
5.27575
6.88639
3.26723
6.40265
3.29465
7.5706
3.39785
0.646483
7.08788
3.56067
3.57534
1.78002
3.48069
0.839896
6.43748
3.15295
2.69051
3.58681
7.72512
2.16275
3.39479
3.47875
2.67435
1.70975
0.889485
6.61209
3.28633
3.492
3.41778
5.44672
2.81909
3.21514
2.11905
3.43739
3.34273
0.282969
0.890344
3.20686
2.86053
1.69408
0.518931
2.92987
3.95993
3.26276
3.99263
3.36325
1.92958
3.23756
7.18388
2.74434
3.96821
6.83433
6.59036
4.22509
3.36981
3.34642
3.55877
2.13617
4.11723
6.00858
3.31637
3.14657
0.958688
0.584482
1.8075
3.5952
6.96274
1.173
4.14654
3.37855
1.41252
0.61515
6.9391
3.58676
5.71568
4.63557
3.08142
3.22601
7.17577
3.31487
3.59181
3.47024
4.84915
3.27095
4.34021
5.39947
7.86721
3.14763
1.19068
2.55492
2.63075
6.97151
5.08329
6.96572
1.36242
6.88697
4.41767
0.501108
3.18706
3.72383
1.35308
0.816164
0.721519
3.35555
6.59433
6.89999
1.48316
3.7442
0.78665
2.06541
6.63591
3.47688
0.768018
1.1892
2.1168
1.63512
3.25169
3.30679
4.03622
6.60459
7.18471
0.631778
2.7225
0.870367
2.65464
2.87521
6.43189
2.13739
2.36722
6.47445
0.536103
3.56838
4.20913
1.92184
2.82697
3.374
7.38434
1.27214
7.06897
0.894493
3.41516
3.07422
3.80073
1.61545
1.66403
3.42481
1.30278
3.51997
1.39403
3.77028
3.36377
7.15915
0.924762
2.88335
6.46295
2.46
7.7268
3.95484
5.65551
3.16347
0.934298
3.1048
1.96549
2.63
3.31815
8.13403
1.85498
1.09375
2.33772
3.87535
7.38878
6.87591
3.06193
6.44499
1.96107
6.95544
1.27362
2.5812
3.62259
3.02604
7.30301
3.24902
1.88075
3.18491
6.99884
3.41725
3.58389
0.107527
3.17078
6.4367
7.24664
7.07098
5.11263
0.875336
1.60668
0.822772
3.34684
3.63751
3.60884
2.65928
7.03214
2.85162
4.47602
6.13176
0.0966514
0.753247
6.79019
5.5539
3.75463
0.879001
2.32664
3.50071
3.81401
4.22318
7.55449
2.52937
1.28858
3.29682
7.21742
3.75893
0.808907
1.38837
3.6082
3.35114
5.77377
7.71365
1.87664
3.16217
3.696
3.69542
1.21886
3.39853
3.84414
6.26808
3.76812
6.45895
3.56107
4.37297
2.82642
2.94518
5.20556
2.369
3.52727
2.6782
3.4074
3.36375
6.56739
2.45394
0.391221
3.64114
0.393949
2.90242
3.38337
0.915188
3.89074
3.18726
1.83556
1.60055
6.23359
7.03032
3.74493
0.662019
1.09095
0.497266
3.37584
4.20405
1.68951
3.35553
5.83334
0.292825
3.35511
3.41682
1.94995
6.88407
3.37739
2.21882
1.9792
6.82151
3.01726
1.89217
0.472897
3.38463
7.84318
7.84473
6.92179
3.73493
1.06657
1.35266
3.23287
1.03795
2.652
3.51971
7.16141
3.8213
3.02622
2.8371
6.92147
3.57991
7.16347
3.37899
3.16232
3.8245
5.97668
7.2686
1.97375
0.912222
2.84863
3.33827
2.8067
3.98781
6.75338
3.36265
6.43041
3.20897
6.88277
1.938
3.42831
2.90678
7.0085
3.0075
3.24992
6.61205
7.58602
3.55152
1.7522
6.76369
0.894238
0.588489
3.37549
3.56203
1.88519
2.27968
3.5687
2.07339
0.654212
5.22281
1.94057
1.67821
3.42021
1.93671
2.05428
3.20031
2.00268
1.02861
4.55006
4.3141
3.4143
4.94453
0.854305
1.60031
0.821022
5.85341
3.41021
1.46985
3.27415
3.37588
4.55886
7.34704
3.11487
0.565719
1.96252
2.85189
0.889645
2.76378
3.47521
3.62818
7.04676
3.67378
0.731153
3.53112
0.857885
3.37626
1.8715
2.8743
3.57189
2.18452
1.52446
3.29614
5.62242
3.24087
2.99755
2.87952
1.76747
0.936724
6.25569
5.05035
3.84628
1.53813
6.7884
2.85986
7.97438
7.97975
4.1151
1.86846
4.26768
0.832057
6.91343
2.92718
2.17079
3.3906
2.70709
1.48194
2.084
3.25191
1.38387
3.97896
6.7775
3.55136
1.93903
6.39304
3.36599
1.5288
3.35184
3.39955
3.1858
3.26996
3.37301
7.41271
1.67032
0.795746
2.65872
4.63821
1.9856
2.791
4.7017
3.34665
6.9418
6.86207
3.99884
2.73016
2.02862
3.30131
3.87807
3.93436
5.15822
3.45916
3.37997
3.36538
3.61443
5.63628
2.71634
6.78282
4.02058
1.895
3.37819
3.17486
4.93057
3.73034
4.79723
3.40754
3.57321
1.44851
2.91919
7.13783
0.996338
3.32307
3.12604
2.69815
1.47495
0.366883
3.3537
3.39004
1.36439
3.57087
3.37648
1.67049
4.46967
4.08293
7.7711
7.23155
4.37566
7.5278
2.85961
3.34239
6.76861
3.43052
3.50374
3.44211
4.07465
3.49576
3.67727
3.42312
3.35575
3.34658
7.01676
1.87281
7.12862
4.82168
1.94827
7.53597
5.79077
3.97797
6.59563
4.78506
1.26347
2.91465
5.07179
0.769699
5.06236
1.96714
4.50426
0.691626
3.8114
3.62514
1.68369
3.71209
4.08408
3.8956
0.341034
6.72481
1.49266
6.78204
3.36421
0.394496
3.808
1.93604
3.41419
5.43887
2.9332
6.98308
3.4195
1.35584
7.35924
3.92567
3.60156
4.91878
5.11914
3.00366
1.99113
1.67975
5.75189
0.91658
7.19726
0.45013
7.24508
1.63641
4.8866
1.15036
1.48574
6.90844
3.91467
4.16619
0.777483
3.39537
0.660357
3.37171
0.753903
2.75648
0.54287
2.85728
1.95972
3.9267
2.09267
1.3733
6.6129
7.67071
1.70174
3.3775
0.919338
7.61311
0.898101
3.60106
3.99923
7.55085
5.79304
6.48678
3.41625
5.19368
6.80567
2.17937
7.00826
4.6263
1.78952
1.22999
3.37752
3.63241
7.49436
2.87332
0.69946
7.26091
4.08693
2.7674
0.543136
5.95678
2.70293
6.26805
3.23589
3.65115
4.01046
1.49072
3.14711
3.3806
6.60152
2.80705
4.3584
3.70698
0.142835
3.26266
6.95415
3.8217
2.1934
4.3377
3.92002
3.67528
0.887142
3.37631
1.58019
1.02504
7.30657
1.68145
7.70439
6.68011
2.65087
3.51105
0.77771
2.95756
3.21143
5.69786
0.841246
3.2099
3.3537
3.20168
1.48437
5.12421
3.40743
1.93553
3.39751
6.95253
0.729283
5.0459
1.75767
3.3708
0.889751
6.91942
3.13674
3.50568
7.20615
5.59164
3.99258
7.06118
4.59408
3.28632
3.16755
2.6788
3.81597
1.12762
3.27287
3.44022
3.39799
4.30862
6.90259
3.14231
1.4548
2.02027
0.890363
3.19329
4.41448
4.02581
7.01154
1.0943
3.36111
3.37315
0.872349
4.06553
3.3563
0.555289
3.42529
3.36133
4.59874
6.91954
4.43475
3.37399
3.58151
5.60715
3.38545
4.59077
7.38903
0.861219
3.23356
1.28624
0.761479
6.37552
7.40119
1.05747
5.00147
4.31968
3.38073
0.354716
2.37509
2.77097
3.34915
0.963738
3.7119
7.94472
1.21868
2.14285
0.895317
3.41219
7.24802
3.41509
6.96267
4.46267
2.67192
4.29277
6.94377
3.4058
0.411024
6.09087
0.931009
0.622194
0.882268
0.75013
4.08145
0.641777
7.43751
4.72764
3.48748
3.81747
2.83852
3.11529
2.00908
2.78837
3.35954
3.40901
2.78299
4.60302
1.55479
3.38998
6.12245
4.77284
3.38033
3.71236
2.97986
3.24612
6.25014
7.50073
2.81612
0.886335
2.51348
1.53358
3.73141
3.90097
1.78232
1.96626
7.73517
0.72147
0.864572
3.39778
4.48683
3.35703
1.75006
3.72893
6.7003
3.11192
5.08102
3.46461
2.13838
2.82213
6.5841
7.35279
3.40236
3.22457
7.43166
4.17308
3.8488
6.53891
4.00141
2.18093
3.11747
1.46014
2.53751
3.63868
1.10026
3.77593
1.95991
4.38705
3.44652
5.22558
7.00441
3.05805
6.86867
3.54522
0.888827
5.44406
7.32474
3.62239
7.31547
1.52562
4.9647
0.690691
1.75355
1.67403
1.95428
4.95214
3.5265
5.6874
3.98976
2.79634
2.17701
0.897197
3.87065
1.99425
3.76291
2.67085
2.93305
0.671141
3.40428
1.41674
3.58433
0.238517
6.68887
6.24316
0.733003
6.58074
3.40855
2.5973
6.46464
2.98666
1.87299
2.9723
7.96139
6.30589
5.84926
4.03529
3.19069
6.35009
5.07117
7.84304
3.44009
2.71283
6.08965
3.28981
1.59816
3.11755
3.66989
3.36598
6.70807
4.90222
0.426922
4.7812
2.17698
1.55594
0.48293
6.59615
5.54062
1.14407
1.92604
4.82598
3.96918
1.34362
3.68913
3.46729
3.36367
6.29551
2.92952
1.22065
3.5596
0.487937
6.77713
0.384951
3.38457
3.84514
3.14796
1.03624
3.90975
0.690983
6.80969
3.19981
7.38907
6.40812
0.450482
3.73902
1.67884
4.85523
2.52882
7.04589
3.18401
7.37008
2.78036
2.77439
3.32711
3.11331
6.69107
2.71915
6.33272
4.66654
4.23261
4.28277
3.76967
4.61567
1.93465
7.09843
3.31129
3.40175
3.41284
5.39251
3.45565
2.48862
4.01679
6.46834
5.67349
5.51463
6.30234
3.42291
4.02856
2.81035
1.90816
1.29774
3.4017
3.48794
3.43118
3.35652
4.39518
3.40613
4.06833
3.39574
1.94351
4.99736
6.31264
3.83342
3.29955
3.95
2.77986
2.79078
0.744489
4.01176
0.461884
6.41288
3.21069
7.20377
2.72069
3.41243
2.11989
3.27141
0.864635
4.95357
2.68313
3.90581
3.75967
6.22108
3.11107
1.27847
3.2944
6.42642
2.74596
6.94128
1.93413
2.68506
2.49511
2.40197
3.1254
0.406951
3.58573
4.81032
3.26843
5.61277
1.78324
5.92361
0.876419
0.998553
0.641833
5.9317
6.81973
2.67663
0.888266
6.33218
7.41599
7.58263
5.47094
1.16403
2.87078
3.85187
0.732971
3.25246
0.658291
2.89159
1.13103
0.68013
3.40536
3.17445
1.94603
3.19888
3.0424
0.568167
3.94524
2.73787
1.35526
2.9205
5.0776
2.40428
6.72571
5.59824
4.81154
0.844513
2.93634
3.35555
3.15371
3.4018
6.11112
6.79086
4.41307
3.20363
1.21919
3.15777
3.1551
3.46129
4.62772
4.52768
7.48012
3.34436
3.38549
6.02737
3.47051
4.00919
7.13707
3.34746
3.43506
6.48537
6.02483
0.789687
2.88126
5.96176
2.3891
1.31933
1.36137
3.99073
6.93354
1.53875
1.92246
1.70342
6.96436
7.30028
6.89935
6.87358
2.70236
1.77435
2.9946
7.08727
3.87143
2.93651
2.12267
1.30447
0.980615
6.32531
3.34727
5.37212
2.64364
5.98328
7.99318
1.79082
1.8482
1.40446
4.68179
1.12255
3.65184
4.09849
1.78718
3.94158
7.04694
0.88651
3.59004
1.93574
1.95095
3.37958
0.858214
3.39127
3.38835
3.02994
6.83904
0.902624
3.2844
3.74279
0.763848
1.44806
1.46704
3.40579
3.82752
1.98312
3.8853
3.93396
3.36601
3.79074
2.71119
2.63299
3.317
4.16023
3.2999
3.595
4.06747
4.77346
3.83725
7.05076
0.820776
2.82914
3.35232
2.63293
0.784141
3.37969
0.94089
5.97657
4.33775
7.91189
6.81879
1.58807
3.37984
4.19577
3.40444
1.94814
3.63697
1.51627
0.448231
1.64745
2.17624
3.70041
4.028
1.8456
3.40585
0.734539
5.76587
5.1519
7.42831
0.664252
3.41276
0.936852
3.37784
6.28774
0.972994
1.81942
2.95833
1.38421
4.02175
4.57347
7.11373
3.7283
6.87775
0.54364
2.64369
1.15017
3.04017
1.59264
3.35917
0.439337
3.52859
1.43112
3.32372
1.0343
6.79493
3.37845
1.54584
3.89067
2.5909
0.887942
4.80107
3.41736
0.169346
3.34398
3.40593
3.23924
0.863738
2.81037
1.11733
4.00087
3.38617
3.18151
6.904
4.16745
3.54904
6.82411
2.66878
1.93655
1.14147
4.74827
4.48867
2.80212
1.69571
3.28583
3.44443
1.83532
3.69333
3.0153
6.96697
0.869734
2.95098
1.23678
7.19957
3.49095
4.63617
2.72951
6.29701
6.02173
3.28163
-0.00715832
9.01435
2.45013
3.1082
4.95599
0.893406
6.9588
2.44819
2.48335
0.890822
5.07069
6.4936
3.04796
3.09548
1.00512
4.6187
3.29872
3.96509
3.13953
4.27634
3.00754
0.38946
3.40815
7.23146
5.7563
6.72432
6.75052
5.93638
2.58496
4.42555
3.19941
3.09606
4.70588
1.87369
3.42329
3.41408
1.36464
6.24847
0.876247
3.68212
6.48791
3.51508
0.505206
1.6698
2.43828
1.95274
4.30214
3.41533
3.37896
0.875176
3.84119
2.39601
3.59039
0.410228
1.96506
2.31449
3.30027
4.53234
7.169
6.51449
7.37242
6.57076
3.19233
6.7021
2.90266
3.37447
4.46265
3.55031
2.66257
1.21869
3.09344
5.80866
1.94351
4.0404
3.46535
0.832215
1.17118
0.843223
1.36622
0.800636
7.20489
7.12758
3.40315
2.55007
3.75732
6.26776
3.70933
1.22753
3.37127
2.93419
6.23483
7.18997
6.92149
3.40994
1.74343
3.13325
2.63935
6.20285
7.24878
0.737615
1.05288
3.33267
0.540936
3.42125
7.75522
2.04692
1.12441
3.47154
0.862239
2.65194
1.47642
0.909466
1.22494
3.62978
0.539074
7.72312
3.30484
3.43009
3.3222
1.46095
1.89969
2.96844
3.20813
2.81251
3.42189
3.89394
0.93225
2.97176
1.94578
1.02137
3.89582
3.32314
5.96397
5.97469
6.24367
3.46774
1.774
3.39168
3.98708
0.716919
1.35863
2.59225
4.01347
3.30111
3.42258
3.86498
2.31169
1.72856
4.652
2.20909
4.02022
0.790509
2.0308
1.62365
3.36255
2.69333
2.52331
1.69116
6.15376
1.44853
2.97461
4.85069
3.4227
3.36421
3.42539
0.890162
3.37119
7.34338
4.81467
2.86732
1.75013
3.84707
2.6884
3.41047
7.79124
2.66699
6.92554
6.3675
0.727874
2.88726
0.811303
3.40644
3.37376
5.7791
1.90465
1.38164
6.25274
6.32778
3.4433
1.95547
6.97839
3.40367
1.77901
6.35556
2.76224
4.81712
6.81578
3.08057
4.11793
2.62283
1.78856
1.50469
3.3875
0.895917
3.12936
6.8236
5.59914
2.20371
1.84822
3.41461
4.01299
0.908481
0.871611
1.78136
7.43054
0.550415
3.45
2.18098
2.46542
3.13367
3.21946
3.08266
1.24845
6.55087
1.22529
4.92179
3.84487
3.19695
2.86504
2.84407
7.20516
2.69606
3.12432
1.65943
1.45891
1.71998
6.62374
3.67808
3.14646
1.707
7.02128
3.74008
0.969724
0.719057
4.8134
3.71739
2.86704
3.55822
3.37068
1.52835
0.93309
0.940673
4.31284
3.98933
4.89754
6.81702
3.21543
3.42148
4.01199
3.3544
3.79117
2.81135
5.55649
3.20651
5.35366
6.80347
0.450893
4.51166
3.3683
3.31709
3.35952
3.71341
2.95236
0.642869
1.26606
2.75036
6.86148
4.44311
3.3009
2.67799
3.74312
5.35776
3.36524
1.63416
0.446914
3.29213
1.93147
1.94629
1.12638
3.38347
3.29188
2.957
0.721894
3.67639
3.44234
2.50996
4.15145
2.85403
2.42799
2.71916
2.0234
7.48169
3.03696
6.18338
3.2572
4.34248
3.64174
0.845946
6.21954
1.87994
4.6519
1.37181
3.36363
0.892688
5.91259
2.3494
3.73972
3.10463
1.92663
1.45433
3.37101
3.59219
1.7545
6.13569
2.47158
2.81085
3.04781
4.13766
6.92555
0.614994
3.15397
3.55903
3.34815
6.72793
3.54572
5.325
4.95073
3.36648
0.69127
0.0908405
1.39877
6.93246
3.36456
7.13431
3.73843
3.18562
4.54388
5.7917
6.76794
0.727633
3.29217
4.01625
1.87835
3.24946
3.21652
4.21833
3.54017
6.93422
7.33551
3.34682
1.10654
0.483117
3.27174
3.86452
1.48031
2.91669
3.15454
0.90052
3.15918
6.46141
5.70968
6.8008
5.6544
5.70522
0.717292
1.58117
3.15717
0.845069
3.68698
3.7489
2.18627
6.48031
0.872933
0.303804
5.28188
0.88605
1.27419
3.56873
2.4262
1.04513
7.02712
7.34542
0.693065
3.23389
3.58581
2.95944
6.45528
0.893503
3.11931
0.0279032
1.98792
6.4986
0.840242
6.02646
4.32582
6.65653
6.84236
1.94998
0.709851
3.18902
7.47565
6.35497
0.899661
2.14775
3.13646
0.356935
3.40197
1.26804
6.68538
5.0953
2.80636
3.35921
2.87391
0.910335
4.05047
5.48164
1.31332
3.32822
0.745089
6.09333
4.72075
3.04521
1.88358
2.48277
6.92501
3.53046
1.7867
6.03146
6.15283
1.82796
7.12468
3.62035
7.7029
3.26988
1.40693
3.11299
1.67123
7.74804
7.51504
0.59446
2.40517
4.17146
7.66584
6.25811
2.08853
4.11561
7.94122
0.732314
4.02463
0.891463
0.895621
6.74494
4.58756
2.79394
0.787469
0.572193
6.70909
3.6309
2.73842
5.42034
7.36133
6.35994
1.40683
2.80307
2.89791
5.38197
3.2357
1.87662
1.16901
1.75493
3.3391
3.52592
2.22531
3.78945
4.0309
0.816338
3.62316
3.89835
1.94452
3.41434
3.76418
1.86072
3.19418
3.33527
3.37255
1.84546
0.547866
1.4853
6.23684
0.823522
5.97882
3.79068
3.3864
4.97558
3.66217
0.71835
3.29661
0.837056
0.718586
0.767982
3.25256
2.7396
2.7387
7.19051
0.708858
6.22111
0.406844
4.68832
5.47132
3.36232
3.43879
1.26503
0.713961
3.18858
7.51409
1.53507
7.82949
2.96252
3.65685
3.5495
1.86327
3.35228
6.19091
1.81854
3.83365
3.16296
6.73145
5.95419
0.552012
2.67269
6.27926
0.333983
3.64847
3.11877
5.3594
6.66328
3.37642
3.8052
1.16169
0.721127
6.05824
3.40033
6.49869
2.62051
1.91796
3.28319
0.60504
3.93945
6.91042
1.91124
3.53808
6.8774
7.59922
0.638869
4.29953
0.797181
3.3095
2.85782
7.27532
3.42755
3.36012
3.92054
3.97017
2.86463
1.22197
1.93354
0.708463
0.871105
7.12248
3.55875
3.39021
3.37401
7.6443
2.62131
3.17963
0.913055
1.79875
3.37459
1.93431
6.86375
2.44538
3.37057
0.850004
3.47702
3.93233
4.17285
3.40512
4.55867
3.16809
0.734479
0.99064
0.754529
2.74657
3.01255
7.7571
2.4063
3.73684
3.5107
2.61937
0.775967
3.37138
3.34388
3.40285
3.84543
3.6156
7.24221
1.93406
1.03508
4.23572
2.76522
0.906142
3.22776
1.11172
0.764586
3.87115
0.832317
3.31776
2.61191
3.85935
2.76343
1.48768
3.82635
2.80915
6.98636
6.06253
0.548071
6.04666
3.41143
0.883517
1.96864
3.37245
1.45231
0.948031
3.80573
1.75933
3.98692
5.42978
2.99423
3.86057
3.39273
3.98394
3.37865
7.79651
3.38219
6.27358
1.92602
0.874467
3.54446
3.29569
0.8249
0.883848
3.36235
1.14567
3.33193
6.09501
3.85614
3.36156
1.56335
5.92346
3.40295
3.22767
3.2766
7.86383
2.82898
1.20894
6.61247
0.715916
5.36924
3.68333
6.20171
0.880141
1.10804
0.6961
3.31847
1.91298
7.07831
1.76654
5.10516
3.62663
3.92805
0.885448
1.91727
1.44258
0.936341
3.2287
0.359228
1.12004
3.36987
0.520804
4.2194
6.68763
6.76055
3.42501
3.82883
1.6434
1.6491
1.61077
3.78057
6.36126
2.78922
4.53482
0.723831
1.81934
2.06826
3.43262
2.69744
0.720068
6.30777
2.77369
3.19807
0.729059
3.92014
3.63469
3.35799
3.34559
3.97697
3.2783
3.40327
3.96976
5.64484
1.49322
3.3196
5.77995
6.06022
3.76663
0.290662
2.92363
3.34079
4.78132
6.52444
2.8677
5.84408
0.717757
2.2953
5.53239
3.65835
3.37032
2.03755
1.63988
0.68181
3.6447
5.77837
4.56625
3.00511
2.93923
0.793554
4.75597
4.11277
0.872475
6.9983
6.92244
3.31456
1.94555
0.944523
0.928108
0.580046
3.22232
0.733765
3.63974
0.913415
3.37219
1.9376
0.71879
3.54866
3.37335
1.05992
3.7577
2.44759
1.51222
0.851431
3.20457
1.76861
2.66649
2.48056
3.82842
6.09007
3.25585
1.74372
1.00205
6.14013
3.50729
2.43058
3.37047
3.37381
3.5288
0.824457
4.57883
2.88031
1.2377
1.18767
2.63805
0.908213
0.673267
6.56714
7.93212
3.45754
0.774429
2.92257
0.90328
3.40234
3.28572
7.6151
3.79712
0.557211
3.79581
1.95572
7.41458
6.90178
5.43852
2.12789
3.37953
3.43607
2.67381
0.925273
2.80834
0.817414
3.04198
7.12124
0.874543
0.745743
1.37575
3.43833
2.77491
2.8928
3.52187
3.26689
6.76343
3.98361
0.74337
2.60615
3.63196
3.779
3.63349
6.64388
3.9788
2.65701
1.1788
1.85021
4.83198
0.663329
2.14376
3.99557
3.34117
6.6096
6.42772
3.29092
1.12106
0.221995
5.3931
0.833669
3.63463
3.60604
4.00654
6.88831
3.40751
1.13911
2.84032
7.38755
4.37713
4.79254
3.35045
5.40367
6.46855
3.41308
3.25801
1.22792
3.50638
2.98328
4.6067
3.92272
0.85419
3.78193
3.55592
7.33521
0.981031
0.777116
0.872343
7.46168
7.18707
6.2698
6.61415
4.88289
3.26932
2.93958
0.74466
6.10827
3.59545
2.76331
1.76989
3.37798
0.888893
3.00944
0.420756
0.685797
3.38672
3.39303
2.14446
0.800406
3.39428
0.724849
3.60465
3.29157
5.67795
7.32126
3.23986
5.84404
0.823836
4.47684
6.89356
1.12984
0.550787
3.50951
1.23477
3.67078
3.33644
7.11228
0.885085
7.4539
0.76567
3.20322
3.37381
3.01404
7.71892
6.34939
3.41403
1.04262
6.69562
6.80969
2.90306
3.34396
1.04365
6.38401
3.4038
2.29499
3.39177
3.47249
8.11928
3.84931
5.04277
7.41895
3.42131
6.96578
0.664804
0.81108
1.11019
0.715034
0.743688
3.48068
2.86688
3.11086
1.84828
2.10237
0.303489
0.771103
3.4018
4.86166
3.41309
2.95248
3.36675
0.776006
0.894006
0.913357
6.38536
2.64055
3.44431
1.06152
6.93419
6.48216
0.904507
1.65751
3.38264
3.37549
2.03363
7.28691
3.5788
4.7274
0.908021
0.385588
7.47867
7.39555
6.12309
4.0348
1.00019
3.34493
3.54214
1.63913
2.18677
7.12126
6.99763
3.38935
2.71806
3.70049
0.70567
0.878132
3.75823
2.83558
2.74398
0.30977
3.75662
6.15639
0.45867
3.80116
3.05639
4.34818
3.21121
0.686415
0.635052
1.03897
5.6007
6.70841
2.81948
3.45046
6.09225
3.41083
3.74974
5.9187
3.91628
2.69154
3.66823
6.22512
3.40474
3.70652
1.46721
0.869102
3.33782
3.80577
3.25183
3.67126
0.894785
4.38161
5.98626
0.527592
7.19747
6.78385
3.41551
1.71571
6.135
3.43939
0.77095
3.03236
0.661776
2.71561
5.33055
3.33075
7.40786
3.48617
3.31609
4.3854
3.47595
0.720895
0.713833
3.67886
1.09601
7.39946
1.63245
3.37216
3.56565
0.792289
6.35191
3.68884
4.62501
0.86895
6.66396
1.92544
3.33505
0.714349
7.4707
4.76511
3.71232
0.915784
3.5316
3.1876
1.63521
2.68223
0.871138
1.38202
1.90519
2.69021
7.3763
3.62661
3.16273
4.09322
2.12922
4.48303
4.93508
1.92064
0.565538
2.06075
6.81844
2.02148
5.27563
6.15082
3.52632
1.20587
3.02997
6.84967
3.17923
7.42023
3.83573
3.43826
3.55438
2.81459
5.40303
3.10076
6.9176
6.72803
6.2972
6.62275
2.61025
3.37937
5.4344
0.771322
3.37997
6.00578
3.83689
3.05101
6.29343
3.38235
3.52468
2.95111
1.22693
2.77464
0.713988
3.39335
6.27765
0.594014
3.05662
0.612155
1.26776
3.25768
5.39093
4.81049
6.93149
6.29753
6.73206
6.15003
1.23726
0.918374
6.52536
0.561937
7.03092
3.19476
6.17514
3.97184
5.92565
3.29423
6.71471
7.30918
0.231046
3.37565
3.52581
4.01464
3.28484
7.3039
3.88694
2.85286
1.69489
4.23872
6.7489
0.803468
2.18444
1.34599
1.94566
3.27674
0.875006
7.52981
3.34535
3.42392
5.92167
3.52899
0.815578
1.53457
2.82875
2.95118
6.83542
3.1431
0.825546
4.33551
6.56326
6.746
2.82933
6.89897
4.00722
6.05984
3.33531
3.90564
2.51512
5.72696
3.45523
2.94332
1.9503
0.663484
0.789119
0.881326
1.24864
2.14567
0.743981
0.483097
7.42319
7.02962
6.68734
2.6828
3.67903
5.23041
5.61342
1.40722
0.878987
3.62379
1.99389
0.942043
3.3397
1.19802
2.61471
0.408778
0.903272
2.93343
6.05933
1.01152
0.119819
3.40284
3.93221
6.14775
2.93904
6.29881
3.07346
7.31628
3.57467
3.36282
6.60727
3.39857
2.45707
7.43456
1.01289
7.43401
3.41402
7.44369
0.890171
4.56886
3.15976
5.63116
3.28262
2.47251
0.75818
3.69063
7.36603
5.66907
2.56129
3.34456
6.30164
0.713656
6.76585
0.732998
0.788536
0.586477
1.23381
1.85148
5.2901
2.17199
4.94827
3.51224
2.70633
3.403
3.79224
0.81001
0.536556
6.06139
1.39678
3.91189
3.87512
2.20889
2.95753
0.758714
4.33172
6.65209
5.48293
7.23121
2.93494
3.9425
1.94349
5.70475
3.22449
0.88002
1.77203
6.30243
5.96157
0.457572
3.78521
4.17512
5.94678
2.50762
0.896531
1.10259
1.0891
3.18921
0.198123
0.806271
7.13742
3.40468
5.99646
7.94902
3.0904
0.51515
1.77815
0.665574
3.38962
3.40303
5.168
0.590484
3.82724
3.68394
2.70609
3.79544
2.9736
3.95282
6.04107
5.98058
5.9233
2.82217
3.17499
1.59141
4.81823
3.36581
6.28668
5.21244
3.52903
0.952327
5.08089
6.64738
1.94458
4.17745
0.719842
3.50233
4.51844
0.605819
2.17327
3.93047
4.96243
1.65409
0.534088
2.40354
1.33725
1.28714
2.92727
4.07375
5.99556
7.33846
1.06655
4.5177
3.22023
3.59434
3.42608
6.03284
2.94616
3.54053
5.91951
1.17555
7.59505
6.36596
3.34336
5.25839
2.13229
3.6617
0.715245
4.20751
3.68082
6.01209
3.06254
3.63509
1.89536
1.10573
4.85068
4.10507
6.02572
3.93086
6.74913
3.80586
0.783418
2.41927
4.16107
3.33669
3.35583
7.74986
0.87516
3.46244
3.21595
1.93268
6.79877
1.46655
0.815503
3.44325
5.829
0.237368
0.2494
1.26353
6.15391
0.737363
3.46933
4.72362
4.62434
7.35704
0.91153
0.906177
1.94212
0.78697
2.91438
7.15641
6.62318
3.29375
4.93851
1.94165
6.61914
0.822335
1.59829
3.69626
0.920901
3.57557
5.92836
3.3774
3.30722
3.40658
3.00061
1.5129
3.37954
0.992297
2.0565
3.04373
1.63849
7.02056
0.481851
1.94664
5.1526
3.27572
1.67661
2.90452
4.11477
3.32791
2.7586
3.37769
5.73837
5.78046
6.71311
2.9348
3.08321
0.716255
6.67665
5.97146
1.14031
1.12913
0.881797
1.67697
7.93169
1.51564
3.65208
7.46277
5.81312
5.35826
2.09702
2.43597
1.20585
3.72234
3.42163
0.425321
3.5187
2.16197
6.38224
0.885287
3.87559
1.37871
3.04212
3.72561
3.32422
2.60678
1.36208
0.676187
1.01831
3.41328
2.84661
3.21225
2.93629
1.11565
5.91871
4.92852
0.755154
6.02065
4.212
7.37946
3.29546
3.63876
3.41656
0.276036
3.27376
0.77264
6.10798
3.31626
0.718728
0.879975
1.79048
3.17554
4.18086
7.0907
3.28505
2.43182
3.00815
0.784236
7.09027
0.910223
0.897323
4.30029
7.07006
3.42207
6.88946
2.94384
3.66168
0.851254
7.42318
3.59889
3.36445
0.906461
1.06493
3.3329
5.05024
4.07427
5.29558
5.39441
1.49426
4.39743
3.20687
2.85492
4.82883
5.51677
3.36061
3.56812
4.20359
3.12803
3.36593
3.64184
2.13296
1.87487
1.6174
5.99018
5.0456
7.9313
3.0639
0.867485
1.94294
0.940877
1.28329
5.59505
3.7934
3.36886
5.43812
2.60349
3.47916
3.47393
0.769335
7.12602
3.72565
7.40663
6.64285
2.96746
4.45683
3.33504
2.49013
3.52074
1.43751
0.984094
3.22669
4.32479
3.11474
3.34741
4.03
1.90373
3.86456
3.10623
6.73176
3.7298
6.91041
7.11183
5.96665
3.32277
1.46219
3.40484
1.65857
0.873833
0.885742
3.38671
4.26141
4.89173
7.23619
6.62042
5.88609
2.96686
5.89024
2.77722
3.38086
0.454248
3.30211
1.19351
3.61208
3.69824
3.67225
2.68295
3.38675
6.94917
1.40732
0.992688
1.08657
3.73271
1.44307
5.96567
5.98863
0.727217
3.24558
0.932457
5.00167
0.779049
5.53246
2.48365
3.14495
2.7036
0.369628
3.1978
3.63188
6.94923
2.89745
4.41144
0.719374
0.892179
3.34525
3.35956
3.1949
6.17879
3.19879
3.63096
7.35039
3.53483
1.86725
1.81826
3.79649
3.16709
3.32715
6.5103
3.29876
3.37946
0.796061
4.27737
3.33851
3.74664
0.80026
1.90257
1.45549
5.82413
1.85349
2.48281
4.49749
6.30705
6.0186
3.40673
3.21165
4.6516
6.68207
2.71161
3.5011
6.63384
3.28951
0.836663
4.06375
1.8416
7.0996
2.87371
1.72029
2.40826
2.53598
3.6581
3.24907
6.67952
3.37705
6.60964
5.87485
0.480393
2.21315
1.93509
2.55812
5.17372
3.70805
0.785324
2.18761
3.57084
3.41705
2.65289
1.93911
3.72817
3.33403
0.874441
6.62679
0.997292
2.89159
3.05637
2.95127
3.63498
0.571134
6.69854
3.64978
3.71032
3.69132
3.63324
3.77645
2.9322
1.93742
6.82411
1.74458
6.60992
6.03043
7.06233
0.719981
3.72988
3.6644
2.86409
3.0217
4.1502
5.39976
2.54384
2.57549
1.44544
2.12504
3.60596
3.51195
1.0131
5.74962
3.29818
4.49969
2.95797
7.71741
3.34983
4.46786
3.81679
5.5004
3.72223
2.7261
2.19929
2.55358
3.34081
3.84739
1.61476
2.71054
6.93559
2.94005
7.57855
4.11543
5.77007
5.26094
6.12148
3.47737
1.34394
1.65963
2.75059
7.47863
6.02451
5.31399
7.20087
1.29613
5.79389
4.01293
1.11888
0.734906
0.931847
3.50796
5.64222
4.28212
1.50695
4.74945
4.43422
4.43777
3.80687
7.42521
3.74112
1.45294
0.530525
2.78345
0.90192
0.617024
0.94644
3.81373
0.837272
2.68554
0.880943
7.25222
3.22469
4.5484
6.61851
0.686455
3.04901
3.24985
2.27642
6.6747
0.478097
2.26832
7.13616
5.86302
4.13897
2.26935
6.9339
0.57232
6.13835
1.43566
3.74573
3.38946
4.99922
3.83703
0.725938
2.81657
3.43687
3.02641
6.06837
6.95976
4.16216
3.04434
6.18832
2.65818
5.41561
3.14318
4.42383
3.79356
1.68615
3.98348
1.27991
1.81377
3.53406
4.04587
2.26925
1.06999
3.70805
3.12344
2.90585
0.935247
6.81734
3.89624
3.74527
1.0769
2.18294
3.84084
2.63649
7.64607
3.37821
0.728548
3.83575
3.2824
4.77314
3.90756
1.909
7.1226
6.17423
3.76148
3.08953
3.36098
1.87837
3.18887
3.22219
0.435323
0.799394
1.0976
1.74228
6.62554
0.818707
3.38524
5.71045
2.93088
4.15332
0.837661
0.841925
1.79107
0.637067
3.58322
5.9043
0.881986
3.37362
6.97997
6.92313
3.64753
1.11024
1.37035
0.902324
7.52178
5.95734
3.72805
0.943575
3.2755
2.83345
2.76355
3.54621
6.52545
2.73216
5.7644
2.05022
3.37563
7.07594
3.77311
6.59741
3.11335
1.38221
3.47206
3.11776
2.76939
6.18276
3.74534
1.94454
0.889422
0.929702
1.03797
3.22801
3.76704
2.81147
3.51882
3.06473
3.37534
3.57313
3.07715
3.25954
3.73887
0.725366
1.91063
3.0523
6.68731
4.09728
6.14551
1.47247
0.895106
2.8399
0.89736
6.13343
3.54355
1.68976
6.58807
1.50542
1.2403
4.86266
2.31486
5.63991
3.774
0.724175
3.45428
6.16605
3.51988
1.78262
4.70616
2.80921
3.38392
4.01537
3.37021
0.7666
5.36857
3.42572
6.15774
3.40054
3.27721
3.89113
3.39457
5.06326
5.51099
5.62342
2.32247
5.33453
3.66741
3.23435
1.94498
2.34172
0.947483
1.91665
4.18467
3.51969
6.39493
3.8965
6.5521
3.73694
0.920555
4.53161
7.41524
0.976636
3.38292
6.97292
3.45242
3.41199
1.6613
5.50395
1.58499
2.08992
2.74801
3.42006
6.54685
7.6211
3.27869
0.887408
0.874319
1.29349
2.78591
4.93996
1.23241
6.21077
0.415543
0.794999
3.41775
5.82104
5.01044
5.49534
3.33162
2.42371
3.62089
3.34999
3.22887
0.730571
5.37551
0.877856
6.81849
4.51494
5.68836
5.72244
1.16477
2.34752
6.82448
3.76169
3.5241
1.37529
0.907694
5.3497
3.86029
1.34343
1.78605
6.30064
3.05659
6.68033
3.86508
3.40496
2.09002
3.90725
3.53339
6.41722
5.85404
3.36885
3.32999
3.9219
2.89404
6.16117
3.96985
3.32514
3.30535
3.51241
1.07874
3.62845
6.01433
2.13806
2.77213
3.29769
3.9911
3.25186
3.09757
3.80118
3.9196
3.00958
2.69186
3.88094
0.870202
1.33102
1.77911
6.59445
0.906414
4.83492
3.41256
2.40085
0.970832
5.40337
1.37305
3.3664
0.935073
2.2617
3.1733
1.08332
3.41099
4.90144
4.67261
0.734414
3.94667
1.25909
6.26265
2.48685
2.30935
3.21072
1.09146
6.37259
4.31152
3.44503
3.37791
2.36846
2.45658
6.1715
0.402375
2.3684
3.24841
3.42681
6.8578
1.92363
2.37664
7.44597
0.796301
6.78658
3.71882
1.5189
3.06916
1.81518
1.64912
1.92547
3.33618
3.58808
2.94889
3.34966
0.705167
1.01234
6.33215
4.44027
5.93857
1.69729
7.87629
0.896857
2.06408
2.45412
2.89317
4.34296
2.50302
3.24656
2.51354
6.16461
2.92573
3.99414
6.92731
6.32804
1.76961
2.40373
2.82597
0.732993
0.876745
3.11543
2.91657
3.64132
3.47328
6.29812
1.5281
3.22872
0.920904
2.91947
3.53415
1.93073
3.47946
3.39056
2.95299
0.822582
3.02874
1.54661
2.81536
3.62077
0.813675
3.35335
3.96278
1.31783
2.20759
3.80181
3.4145
3.58906
0.862837
2.79874
4.85495
5.75528
6.56726
2.1914
3.65422
0.915997
3.9023
1.00315
0.888075
1.0169
4.32956
3.56316
5.35066
3.78644
3.41414
5.02805
1.4565
3.35928
3.13014
2.5113
3.51175
0.89169
6.17614
7.5529
3.37533
6.40296
3.78117
7.43451
2.39299
1.26568
0.813977
7.01175
3.40985
2.43201
3.06847
2.4868
5.03191
0.651775
3.25024
0.967912
1.36326
7.69644
2.24081
1.66402
3.70686
1.18254
1.01853
0.802572
2.35829
2.99466
3.46131
0.858506
1.88899
7.16809
0.797979
0.92835
3.04503
1.94631
2.10546
4.4867
2.3924
4.31163
3.39321
3.07714
0.281559
2.25966
0.331496
3.6718
3.94369
4.15003
3.38529
2.49504
3.27689
3.63145
3.20278
3.22253
3.85244
5.97061
3.63456
3.23594
3.34839
2.7553
3.29582
6.25064
0.744951
4.95459
3.40838
3.28012
3.86356
2.53491
3.01256
5.6033
3.44362
3.20316
1.66269
5.85984
0.70367
1.76234
2.9576
2.97775
2.88943
3.71076
4.15292
2.31046
6.57138
3.46086
0.846523
5.35551
6.62934
3.66268
3.40041
3.34676
1.10054
2.51326
4.56266
1.946
0.394611
3.22963
1.16171
3.70008
3.35267
3.82561
7.20171
4.41474
0.873162
3.24751
2.72523
1.44454
3.21474
3.83972
1.68049
1.09335
3.63677
3.62566
3.39484
4.83181
6.06919
3.50653
3.23514
6.01244
6.86903
3.46547
6.98198
3.41747
3.56708
3.24936
1.68046
0.764088
1.03883
0.796681
4.75126
2.97661
3.52845
0.73564
3.61048
3.86255
3.8776
2.43248
1.76281
3.17098
3.5498
3.17366
3.32476
0.847218
3.07663
3.4205
6.2263
3.90096
1.72251
6.02293
3.33505
3.41571
0.939753
3.83618
4.87474
1.56409
6.54793
2.11771
0.742156
3.7431
4.43211
5.10257
0.93249
3.26319
5.86771
6.52673
4.09993
3.21954
1.64625
0.959056
1.03977
3.1976
3.24002
3.73483
2.53092
2.62662
0.883463
4.12193
3.69142
5.86711
3.06621
2.89161
3.19739
3.77396
6.63286
1.1435
3.67582
3.10111
0.904976
4.4139
3.89433
3.6395
6.32267
1.1169
3.39964
1.92795
7.54303
3.84225
3.34109
3.70198
7.46505
6.36856
1.44672
4.60738
6.92315
1.93211
5.78608
1.94714
3.47711
3.47011
5.14631
5.98886
6.83072
2.85223
2.5261
3.68481
3.19108
3.34023
0.91998
6.67759
1.21578
3.40362
1.67153
3.46133
3.33485
7.50925
3.47367
3.91805
3.89003
3.79584
4.43072
0.815769
0.904822
3.66603
3.08919
2.55372
7.70141
3.34734
5.2656
1.4508
5.20553
3.23228
3.35283
2.47166
3.4491
4.07417
2.04232
0.179502
1.39967
1.27432
0.936217
4.46196
4.83369
5.71105
4.27628
5.54444
6.85688
6.88534
3.40029
4.94599
2.89316
0.423343
1.0882
6.09802
5.11274
4.66807
6.48539
6.63218
0.899977
6.35115
2.12256
2.38746
3.92909
1.82957
1.28756
3.69947
3.39428
1.89737
3.28552
4.7098
2.94872
2.5944
3.56584
3.73397
1.00157
4.88908
0.731485
3.1931
6.9532
4.93013
3.47962
2.17674
1.43072
6.32199
1.40957
0.843831
2.37823
4.20906
3.35156
6.97417
3.29689
4.62961
5.81
7.07079
2.56316
2.94262
6.03875
3.45623
1.06202
2.9785
4.04955
0.690018
2.43729
3.73416
1.76013
3.08184
5.35192
4.0229
3.40612
1.45873
2.61441
2.73115
3.31558
6.64464
3.94964
3.89717
3.56751
7.59492
4.81626
3.53015
1.68443
1.29717
4.12544
1.0298
3.97914
4.72225
4.40855
3.54308
1.67505
6.91233
0.505845
3.24026
3.7314
7.34434
3.3763
3.68351
3.10091
2.55646
0.727
3.86425
1.77651
2.71816
3.85441
3.09158
1.15312
4.25127
2.47952
1.75076
1.80872
0.938006
3.73063
1.65769
3.34891
3.6935
3.21602
1.12502
3.46934
4.18145
3.21667
3.64135
6.90328
2.43857
3.49026
3.5278
5.78319
3.06169
5.18528
6.16243
3.35167
2.79958
6.48488
6.54487
3.41223
3.57475
3.93736
3.72993
3.74563
1.22129
4.31661
6.63027
0.82347
3.56625
2.67511
1.81608
1.07398
2.65743
3.00994
3.91292
3.33375
2.57674
6.30414
0.75726
3.28086
3.38618
3.60253
4.26706
3.4224
2.51895
4.77284
2.70022
2.4164
6.28801
3.29537
3.26376
3.36232
0.94638
3.12647
3.73763
3.3374
0.753798
3.66823
0.470157
3.18776
3.12408
1.04662
6.71732
1.69207
3.55421
5.63853
3.42186
3.53351
4.49907
3.39745
0.946163
0.774509
1.26054
6.03098
5.11622
4.89891
2.53808
5.30558
4.16734
3.35474
0.779958
3.74737
3.49208
3.29165
3.71244
2.60192
4.32668
1.82681
1.3132
0.815161
5.37953
3.87012
0.942939
0.539043
4.57308
3.52755
6.6342
7.30186
3.75821
0.763669
3.35704
5.27337
4.66076
7.50807
1.18557
2.17778
4.7547
3.20808
4.79954
4.32791
5.9511
3.58544
3.90804
6.21064
7.00627
4.12226
6.43864
3.40711
3.05297
2.38557
3.83325
4.28354
0.765082
5.67941
3.90702
5.88768
2.05381
3.35478
3.40665
6.21169
3.42617
7.46963
3.04676
3.7588
3.28841
3.72573
5.72241
6.72813
3.45416
3.38802
3.41862
3.35588
3.73766
3.20878
3.67372
1.79565
0.735575
3.64151
1.7739
5.09757
3.06672
0.91537
6.80492
2.87769
3.51493
3.32318
2.65358
2.84617
3.6875
1.93528
5.08945
3.6005
4.87863
6.17076
3.42657
6.50115
0.349511
0.867924
2.3855
3.12154
2.12842
3.16593
4.66867
1.23151
3.64814
2.19726
4.13257
3.83138
3.62871
0.852723
3.38734
5.1987
3.35459
3.69108
3.27537
3.98907
3.72824
3.33724
1.10463
1.1759
2.0309
3.20975
7.14369
3.9524
3.44653
2.52399
0.734655
3.89714
6.55558
3.3787
6.40428
6.67432
3.34228
1.72675
0.788723
3.43523
2.971
5.59711
3.83264
4.46962
3.24289
5.64444
4.34309
3.38034
3.35971
6.50487
3.33035
5.1889
6.96293
0.837695
7.34401
3.21628
3.72193
1.09184
2.82107
2.71653
2.01266
1.44037
6.03917
2.98571
4.10256
2.91063
6.39623
3.64479
0.772044
0.918115
3.35859
0.73263
6.83117
3.89257
0.928584
3.3663
5.0819
2.90534
3.02837
0.871996
3.26621
4.92055
3.1542
3.33819
3.39041
2.98126
1.03617
3.63838
6.60481
5.84875
0.72572
2.88374
4.97551
4.7143
0.795469
2.95392
3.42736
6.32259
0.718841
5.27967
3.97764
3.16241
2.54732
4.63926
7.07427
6.07649
1.17789
3.21591
5.76734
3.66982
2.65346
3.86903
1.8374
3.29613
3.54668
3.59392
3.77415
1.85603
1.60509
6.76768
3.21995
1.26858
3.041
0.790663
6.34253
0.383227
6.90114
3.64585
2.13545
3.93615
3.09981
3.11405
6.05863
3.28615
6.22455
3.60914
4.10058
6.00752
2.00305
6.95421
3.42639
0.469995
5.99438
0.765669
0.991307
7.57013
4.00673
5.77446
7.47813
3.39639
5.66631
6.62803
6.49121
3.33947
4.61811
6.0991
0.673031
1.32074
3.12945
4.15441
3.56577
0.848734
1.49203
6.22159
4.27154
3.84899
7.41572
3.2248
0.76647
0.836973
1.19503
3.19237
4.08133
5.34181
3.36089
1.90775
6.44505
3.69815
2.61634
2.63231
3.87727
4.86315
0.815359
4.11431
1.29335
2.59599
6.50191
1.94763
3.07929
1.36835
1.27705
5.33055
3.30153
3.72701
0.616915
2.66669
3.91781
5.52449
3.5825
1.51596
4.21083
2.56557
1.94831
6.60594
4.97044
7.40234
3.84466
4.09611
2.71295
3.31406
3.35682
3.06481
0.739921
3.39833
3.65972
3.25817
1.60655
6.61014
6.41852
4.89745
3.89996
0.842066
4.01109
3.918
4.58377
3.2125
6.03085
4.01898
3.46029
1.10035
4.11004
2.15066
3.52886
3.72473
2.63462
4.37003
1.75673
5.69898
2.83662
3.28831
2.64806
6.64953
1.40264
0.951163
0.805667
3.56192
0.480332
3.54919
3.5783
3.33447
3.47712
3.91282
0.943481
4.98306
3.48402
4.0279
3.13541
4.26951
3.41172
3.96113
3.11446
4.00492
0.942227
5.25097
3.56959
3.18743
3.53431
3.4904
3.70785
0.758117
1.90872
3.59099
3.9144
1.29074
1.00682
4.08281
3.29198
3.30108
7.23879
2.45484
3.72419
3.57994
2.41606
3.10234
0.820724
3.51267
3.3908
4.069
1.80104
3.97869
0.787548
2.63779
3.5751
3.75957
3.72695
3.74619
3.38431
3.7987
6.49697
3.89812
3.85483
3.50146
3.85416
0.919178
3.80838
3.41041
3.57061
0.923292
5.74573
3.4861
0.934501
6.439
0.948388
5.67668
3.21686
6.28286
0.759217
1.15109
4.77463
3.81254
8.022
4.14071
3.45186
4.59853
1.13018
2.54771
3.6433
3.31781
0.968043
3.33685
5.63856
3.57696
2.72964
3.11691
1.10951
0.903908
2.63215
1.26356
4.30929
3.39347
3.57718
1.25333
2.57433
2.81232
3.70408
6.88052
3.79504
1.89656
3.92492
0.829016
0.894221
2.64997
1.755
4.29268
5.27009
4.43084
5.50421
0.681061
6.18763
7.59349
3.66533
3.33553
6.66559
3.01131
3.43773
1.14697
3.48425
3.39025
3.59828
3.16457
1.75998
3.50935
2.20653
3.21233
6.11644
3.60721
3.33891
0.786866
2.6215
3.75732
3.42386
1.77026
1.26095
0.542344
3.096
1.51861
3.78406
5.4701
1.93672
2.42168
5.05707
3.74103
4.40144
5.80431
3.12329
3.62382
4.1403
3.37455
5.9685
2.97915
3.82781
3.70284
4.03283
3.69779
7.33965
3.49776
3.66759
1.70052
0.152161
2.15321
3.33872
3.68873
3.04423
0.783815
4.89613
1.10678
0.104671
1.68789
0.807301
0.829961
6.11745
3.36603
0.81556
0.753534
0.73102
1.93368
4.14309
3.56262
0.523572
3.29077
0.894274
5.52247
1.75302
5.34108
0.880729
0.611336
5.03772
3.86743
4.9298
3.11241
3.37801
3.3801
3.6024
1.40917
3.36862
3.20664
1.24057
0.426208
3.77883
3.55933
4.35792
3.40709
3.32979
0.446791
3.39612
0.650173
3.38956
3.46433
2.90389
2.60399
3.98463
3.59982
2.93855
2.94715
3.09971
6.37491
2.64894
3.36441
2.75996
3.38848
3.39275
1.36104
0.810172
5.26833
2.56266
6.18381
2.95295
3.68269
6.91812
7.70079
3.7647
3.80627
0.947094
2.88283
2.96387
0.984241
1.74837
2.13386
4.43526
2.23801
3.20926
3.32027
3.72206
3.28571
2.39019
3.44131
3.55641
3.64222
4.03814
2.88384
0.526579
3.88011
0.792736
3.9517
4.07674
3.92825
1.82393
3.88342
0.740572
3.78679
3.38461
5.16456
5.04056
3.38495
0.79129
3.39494
2.19115
4.93472
4.77347
4.54651
4.79454
3.38493
2.90817
1.10457
2.76924
1.27994
2.90397
3.40666
3.63589
4.36436
4.15587
2.2631
3.09487
3.16162
5.67317
1.65828
1.13587
6.59394
4.16175
1.2725
6.66583
6.592
0.750285
3.66896
0.920963
3.74377
3.78483
3.01527
3.03374
4.66846
4.91398
3.9182
3.49603
4.85354
4.48472
1.35001
6.73785
6.80917
6.57815
3.42537
3.43681
2.64683
3.7234
3.34703
2.77845
3.75671
0.697357
0.767204
1.73369
5.54643
2.12194
3.44382
2.36628
0.541679
2.76448
4.71147
2.49357
3.32902
3.37679
4.89725
3.07075
3.36538
3.13385
3.3161
1.14026
4.14063
3.69435
2.45748
3.17658
3.41349
6.39932
3.21908
6.38643
2.80733
3.6217
0.948579
0.994615
3.65082
3.42708
2.41547
0.924604
0.689918
1.32978
2.8369
1.27954
3.10155
3.48638
2.01456
3.23311
3.07081
3.41635
2.85633
5.28935
3.58817
4.89587
6.54784
2.90514
3.1696
5.63043
3.88944
2.97465
0.955012
0.802308
5.65821
2.80032
2.75193
1.27833
3.30761
3.97314
4.03827
3.66829
2.36717
3.34718
2.43483
1.78533
6.85311
1.66363
5.16772
0.953827
4.81402
1.7116
7.25358
3.06868
1.37241
1.358
1.10953
1.86068
3.49607
0.868285
4.85746
3.48313
2.26177
4.28291
3.6353
5.92072
3.50746
4.13055
7.63212
3.16634
3.56466
5.07379
0.802249
2.75197
4.68477
3.46376
0.782513
0.841564
2.53078
3.95948
1.66699
4.02001
2.8352
4.89228
0.969557
0.737828
4.76335
1.27269
3.58303
3.61536
3.21814
6.53768
3.07737
0.803281
6.74677
6.32273
0.821956
3.88864
0.762618
3.45454
3.49737
2.6475
1.47145
3.32971
6.25013
6.76754
5.30772
3.00733
0.899183
3.31111
2.64902
0.804516
0.985234
4.89833
2.97186
2.63386
3.34774
3.80284
2.42185
3.73232
1.22707
3.10456
5.31863
2.52497
7.27786
3.94508
1.56103
0.848164
6.78888
3.69619
2.20059
3.10289
4.00478
1.3003
0.713742
3.65246
0.76743
2.25484
3.46269
3.18108
4.57087
3.68676
3.84192
3.29485
7.03799
3.33998
1.04881
3.62995
1.62068
3.40956
3.47352
0.900992
0.832389
4.11251
3.59329
4.29022
1.91529
3.01614
3.18447
3.93673
3.41057
3.927
4.41389
3.30441
3.31434
7.57961
4.12605
1.90911
3.15603
3.24801
6.27593
1.03033
4.96897
3.10561
1.9498
5.58326
3.48161
0.80095
6.35478
4.91962
6.33051
1.35244
3.31666
1.92885
3.45535
4.90405
3.38437
4.44653
3.37611
3.11604
1.92947
1.87643
5.27887
5.93167
6.8918
2.83302
1.29242
3.50656
0.877856
2.72507
2.23658
2.9627
1.73709
4.03331
3.29872
3.20322
4.69729
5.87017
0.880192
3.27403
3.46064
2.25843
1.06945
4.73118
0.724203
7.857
4.0739
3.65215
3.7909
3.53022
2.91027
3.39203
5.00352
1.70834
4.57424
5.1368
1.1526
0.809472
4.54054
3.31633
3.96836
1.86957
4.21514
3.84147
0.776884
3.42576
3.25881
2.99354
2.61606
3.57725
6.00596
0.478088
1.48291
3.39154
2.71116
6.61734
3.41578
4.40859
3.27932
3.68405
4.85602
0.753505
3.76416
3.61501
5.91403
3.8933
0.790002
5.49073
6.14351
1.768
3.70983
3.463
6.65616
1.42372
3.58217
2.61707
3.39611
3.27015
4.73486
1.28163
0.733044
1.09052
3.4148
3.40778
3.3932
3.65063
1.85041
6.6657
3.07944
3.16334
2.97404
3.91246
4.1318
0.957756
5.58213
2.23317
1.646
4.39217
1.63463
2.09889
3.74571
0.795649
3.44127
6.39917
4.75599
3.84902
6.47346
3.72755
2.90676
3.78727
3.16923
2.53772
5.21875
1.94667
1.10191
3.55458
3.03245
2.2665
4.24418
3.5934
3.955
4.38705
0.977288
3.48925
5.58375
5.5426
3.00775
6.93124
6.13311
0.934531
1.81491
1.60445
3.90125
7.18152
5.92817
3.68292
3.44191
4.53784
3.93956
2.91307
3.46438
0.932096
6.78439
0.995878
5.55206
0.823826
3.70804
0.721205
5.62819
3.32952
3.36229
3.90427
1.81662
5.70581
5.86662
2.96868
1.96168
3.66011
4.08839
1.95173
3.46148
0.627312
4.56465
3.99313
3.79734
3.52768
5.73414
5.22544
0.901915
2.68917
3.96535
5.56921
1.71387
4.864
4.73146
1.45621
0.717189
3.10135
3.37492
6.31028
1.78555
2.96228
1.6108
3.90096
2.1317
3.96143
3.54152
4.79559
3.25301
5.61395
4.00669
2.1121
0.694307
6.8379
2.86142
5.02619
3.60745
3.43861
3.71868
0.941931
3.67595
4.05066
5.14039
6.6654
6.65171
2.39542
4.2325
1.44286
2.4396
1.93857
4.81966
3.25562
3.27417
0.68481
3.41712
5.17656
3.85175
4.13247
4.52209
2.9208
0.622726
0.639318
3.45902
1.16708
4.26116
3.8108
3.89794
2.9423
2.99986
3.43167
5.36072
4.99585
3.30376
2.7215
1.44717
2.7118
3.42594
3.38433
2.26755
6.20642
6.69622
6.46346
6.40629
3.3142
3.36096
1.37494
5.54197
0.817992
2.36543
0.646709
4.69517
5.6835
5.12416
1.6939
5.82277
5.88136
4.40983
0.324152
2.66767
3.26025
1.10612
5.33908
3.42494
3.91118
4.05153
2.92144
3.10875
3.3351
3.43835
7.75879
1.16206
5.86074
2.30706
5.04392
0.937024
4.13507
3.24001
3.75639
5.99091
2.24171
1.39075
3.33928
3.87179
2.79754
2.22374
0.894367
1.86115
3.55603
0.858756
0.856131
3.52203
3.4143
4.13503
3.25206
4.7481
0.735313
4.96774
3.54998
3.27743
0.892608
3.35802
0.920325
3.58955
5.1982
0.647577
3.37127
3.49645
4.10739
3.3357
0.710042
4.8757
3.63367
3.88057
2.57539
1.83923
3.95076
2.32861
6.42633
3.10534
3.57786
7.63409
0.931776
3.35891
3.46067
3.91175
4.0445
3.85863
0.990862
5.00501
1.53758
3.41636
4.36066
0.299804
2.73694
3.41411
3.68103
3.89398
3.24478
4.56579
1.69422
5.11818
2.85818
2.12649
7.36856
3.20534
1.41922
2.85855
4.01907
1.48837
5.21986
3.45745
3.85419
2.72816
4.75641
0.778115
3.31506
5.76493
2.87102
2.68759
0.731779
0.938283
3.61887
1.81152
4.85818
3.86182
2.08673
0.755485
0.743399
0.837156
3.72965
2.9672
3.37472
3.4
3.1617
3.07052
3.77794
4.38882
1.66531
4.45858
5.11025
3.61891
3.74674
4.68841
0.779474
3.8861
0.900604
3.30127
3.8477
1.85345
2.09858
1.28586
3.73461
3.05412
3.82858
6.17855
2.12843
3.62235
4.49062
1.03393
4.11703
4.08662
1.14203
1.6758
5.06753
3.40149
5.81424
3.62067
0.962859
5.57938
4.1809
3.30709
1.10935
1.92498
5.13054
3.46866
1.58128
3.36255
3.40152
6.05053
1.81927
2.22872
0.806677
5.4995
7.22933
3.54995
3.76747
3.70337
0.850005
3.37623
1.93452
0.969182
3.36583
4.67647
0.748699
0.716174
4.71853
2.78028
4.7935
0.756342
0.690539
0.550766
3.31098
0.934367
3.77391
4.31431
4.07322
2.22563
1.04311
5.04753
2.97842
4.83506
1.26913
5.79867
1.96199
1.44737
2.86303
3.31768
3.89969
3.42094
3.70782
3.35066
3.40015
4.82276
1.61586
4.66893
3.51066
1.31037
4.44175
2.77291
0.844014
2.49001
6.412
4.37547
3.43986
0.926329
6.13367
2.77903
4.18041
4.40165
3.37236
0.831499
0.74297
3.20357
4.08509
3.81178
1.07862
3.72966
5.26664
3.61211
2.84452
7.95476
7.93867
4.16999
2.06485
1.99664
4.91669
2.73093
3.79453
1.93197
3.50331
0.743174
3.32571
1.94864
4.25976
4.01463
0.837911
0.717238
2.92282
4.31039
6.99479
6.9385
4.05555
2.06069
2.80093
0.8679
4.73376
3.08418
4.28472
3.3488
4.9526
6.68164
3.5244
4.0128
3.51497
6.51234
4.14134
3.59602
1.02695
3.43706
4.04287
3.47871
4.17683
5.1031
3.04824
0.934307
0.787755
3.61853
1.09773
2.30224
3.17641
1.3246
5.60966
3.31776
4.53831
2.91376
5.23036
0.739599
5.02702
3.4046
6.95211
0.910298
4.30675
1.15582
1.10997
3.68264
3.59983
1.02184
3.80347
0.725485
3.34287
3.59782
2.10522
5.07799
0.826723
5.47148
2.74631
5.614
2.67028
3.32782
1.45415
3.42345
2.80389
3.52171
3.76254
4.80839
3.30281
3.32213
3.56074
1.0197
4.07352
3.22793
3.63319
3.12125
2.73671
2.78025
3.2873
4.01005
3.13426
3.47656
2.93789
4.74959
4.84658
3.5243
1.35014
3.66666
4.7734
0.719893
2.18409
3.22992
3.52707
1.93662
3.59892
5.13214
3.41841
3.46014
5.39503
3.20368
3.79986
0.766788
0.856765
4.14142
3.61418
2.96147
3.174
2.60054
5.26191
1.22432
3.50864
3.37949
3.78357
2.58406
4.21903
4.92901
2.88206
1.4003
3.57607
1.51599
3.55924
3.34997
1.93415
3.70074
3.2976
4.53159
3.4781
1.76604
4.3991
3.59992
1.4315
2.85094
5.18269
1.79092
1.20073
4.6061
3.7122
2.95512
5.78545
3.08179
3.15307
3.3677
2.65374
3.57997
4.24792
3.55475
6.09141
1.11957
3.4794
3.76551
1.35276
3.5229
3.07672
4.45915
3.60817
3.86951
3.41212
3.42527
4.45338
1.25669
4.75873
5.05023
5.6457
3.34847
3.67441
2.42918
6.11784
2.87865
1.10006
4.35645
4.44888
1.6225
2.07989
0.98857
5.82145
5.35893
4.32788
3.7703
2.22591
4.46236
3.48059
1.78382
2.93743
5.36967
2.90097
3.07724
6.64138
5.58203
4.40681
4.51702
3.40942
1.428
6.44724
3.08563
3.50212
3.2874
4.28193
4.70696
4.34968
1.14683
3.17601
2.19269
5.84784
3.37807
3.38838
6.3182
3.75769
4.55249
3.45167
6.08456
3.74175
3.30506
1.36891
3.78144
4.37109
2.72669
3.73221
3.09039
2.02273
0.944325
1.83401
1.67804
1.94754
2.6635
3.85697
6.65481
3.36718
1.19821
1.90937
5.31469
6.48856
3.36626
0.871766
5.1261
0.754991
3.50863
3.87742
4.32714
4.9594
1.0942
2.1924
1.91751
4.69963
3.40413
1.0052
2.53006
3.12838
0.768027
2.84957
5.01077
0.359946
6.16613
3.80621
3.38559
6.19686
4.59189
3.44209
4.18581
4.25239
3.97517
1.8225
3.66036
3.3574
3.77357
0.911737
3.76387
3.5233
0.676081
3.69368
2.5441
4.47821
3.39724
1.94579
3.31209
3.43637
4.14572
3.67376
5.34864
5.44578
2.91407
1.99375
3.34164
2.80736
4.2111
3.48248
7.09645
5.66526
4.70114
5.47974
2.75574
3.92273
2.95828
0.85116
5.26247
5.53615
6.29332
3.89178
4.31086
4.88709
3.55998
4.6587
7.22876
2.87366
2.77968
3.96441
0.865683
3.30386
1.75835
6.62676
3.54987
0.9549
0.73304
5.68659
0.657921
4.89867
4.73849
2.70065
2.63659
4.69383
6.29426
3.4262
3.35277
3.52673
3.31567
3.41456
0.672449
5.24409
1.04868
2.76476
1.0492
6.73202
3.43965
4.60863
5.80019
0.653324
2.01283
3.31332
3.64171
3.4129
1.25853
2.34824
3.34441
4.11472
3.3207
1.14376
3.86734
0.859037
3.39155
3.54894
3.39683
3.20804
1.39014
3.88062
6.24442
1.98415
3.4399
0.90391
1.23168
1.57471
3.29139
3.48952
3.86493
1.75942
3.58767
3.26794
4.62124
3.43852
1.84572
0.879075
4.05437
3.53533
3.36619
1.33096
4.22724
5.4312
1.31106
3.46189
3.48666
3.39534
3.27521
3.40446
3.40501
3.43692
0.825605
2.94988
6.81644
0.981778
0.526625
3.1301
6.22834
3.36126
2.16815
2.9131
2.05517
6.47486
0.94374
1.14777
5.90412
1.72745
2.79117
5.71991
3.41255
5.12772
4.51281
3.90652
3.4408
3.25174
4.59248
4.62723
3.70239
3.41173
4.23536
0.703076
1.69485
3.26348
4.13402
3.27983
6.45573
1.78501
0.83031
0.754953
2.83088
3.34208
1.19065
3.39169
5.6376
3.29652
4.10464
6.7885
2.90817
4.64356
3.21842
3.1622
3.35407
4.8815
3.37755
2.03178
1.20408
6.46797
5.36862
3.90598
2.41413
3.41708
2.81917
4.07414
7.21727
4.008
0.955208
3.71115
3.48824
4.96083
2.76625
3.62256
1.91903
3.42951
3.72108
2.64945
3.07548
1.1369
0.829206
4.02959
3.58041
6.65165
0.971368
2.72056
2.67364
3.44245
7.71685
3.85741
2.47798
2.49239
3.66973
3.93044
4.08016
3.95938
3.48295
2.57385
4.87338
4.75803
2.61115
3.33647
2.65876
3.3893
1.19643
1.22793
1.82039
2.73684
1.25092
1.51562
3.97099
2.3679
1.78197
6.01504
3.34977
6.89035
3.08483
3.29263
2.93744
4.68388
3.10881
1.27545
2.92716
2.19931
1.40453
2.80725
5.82719
3.48805
3.32766
5.79154
3.90987
2.24633
0.339237
5.82832
3.29039
3.53107
5.58464
2.61207
5.79239
1.99337
3.67844
0.973479
1.28946
6.51619
1.19678
3.36192
5.92493
1.93392
3.39343
3.66978
0.888119
3.29018
3.39834
3.38263
2.34946
3.72034
2.76369
4.18928
5.55804
3.32113
4.13431
3.37376
3.56156
2.40698
2.74167
3.98375
3.37925
1.17043
1.40606
3.50417
1.81929
3.25757
3.28895
2.67691
6.65781
1.70908
6.65427
6.14588
0.360045
3.37003
2.1697
5.03941
0.939344
6.71379
3.86778
3.74844
3.90963
5.72641
4.25273
0.887319
4.15233
4.22682
7.06551
6.54156
0.778721
2.76483
3.37317
4.68461
4.65045
1.10236
1.70186
3.39318
2.65557
3.35306
3.85123
1.75734
5.71142
3.56484
2.37024
5.27108
5.57732
3.38512
3.53723
1.39149
1.77943
3.63171
2.62177
3.17956
7.68821
3.33748
3.21728
3.6053
1.08923
0.93177
4.41465
4.88208
0.978161
0.877838
2.85785
3.73259
3.30796
3.31255
4.77551
0.881203
2.76811
3.40501
3.19086
3.33736
3.49966
5.45504
4.6863
4.5482
4.4654
3.05375
3.40623
4.93518
3.29022
1.16136
2.84194
3.36674
1.58544
2.75709
5.05674
3.41167
3.11313
3.31996
0.819525
4.58088
3.35119
3.36529
4.62954
5.32294
4.1735
1.26665
3.1017
6.77735
6.32338
0.887324
3.02052
1.41655
6.39056
5.29324
2.67415
3.49186
3.6955
3.38364
3.65406
2.5948
3.4829
3.2491
1.40313
4.92974
3.3418
3.41815
2.2736
3.87269
4.35658
3.12721
4.01107
3.98994
1.22882
3.23819
3.43206
3.21633
3.39497
5.93947
2.69524
0.758379
3.52962
4.47873
3.28637
4.87057
6.50866
4.60222
2.71436
5.71659
0.50356
3.5745
3.34366
3.54429
6.26152
5.15671
0.767978
7.19751
3.08719
0.765778
2.99886
3.39643
3.4168
5.61424
3.33639
3.07827
3.22636
5.15629
1.45017
3.24538
3.25424
3.46473
3.39745
4.92713
0.992326
5.16338
0.606081
3.74607
4.29675
4.05853
3.94127
4.95873
1.94984
3.36896
3.6509
3.3435
3.2379
3.88906
3.31622
1.2755
1.25498
5.20267
3.04864
5.66461
3.87839
2.69275
3.35679
5.01717
4.70423
2.58219
1.23989
0.0830015
2.17004
4.00489
1.10118
1.96411
3.73091
3.96109
3.57527
3.61302
3.7214
5.2967
3.40156
3.72244
0.95333
3.35992
3.43296
2.00416
4.09563
4.83453
5.44655
6.61717
3.57798
1.0775
1.86197
2.18147
3.14682
3.50049
5.42377
5.00581
0.955943
7.00793
3.29609
3.27229
5.55271
4.1558
1.04524
6.70292
3.40665
3.43131
3.58331
3.77103
6.99889
1.15664
5.24057
0.465834
4.02294
0.893386
3.06302
5.02072
3.57626
1.66753
2.92679
4.05083
3.85135
0.71697
0.872941
6.43571
3.48722
1.10672
3.364
3.23386
3.42356
3.32913
3.09473
3.89989
0.71758
7.16009
3.54806
3.22918
1.76601
3.49977
1.16182
2.58757
3.96118
5.00296
3.1176
0.91248
1.1169
6.31106
2.6539
3.59425
1.76135
6.13161
3.43182
2.97616
3.2904
0.855516
3.27755
2.95013
1.08837
4.61496
4.61706
2.38294
5.50308
5.52255
0.715226
2.15401
6.82252
3.91168
0.904975
6.12441
4.52061
1.00662
1.91155
2.95315
2.40652
1.91547
1.12988
3.09691
6.78171
3.78605
2.97221
1.30984
0.0875252
3.95555
5.55453
3.79867
3.00098
3.94189
3.64412
3.4658
2.23144
1.61255
2.90834
0.864609
1.56214
6.49563
3.78358
5.82506
3.87229
3.35901
5.20174
2.73119
3.28337
5.70654
3.03996
1.7731
5.56251
2.81585
3.57067
3.96916
0.891474
5.40624
3.89707
3.75821
2.92192
6.55396
3.62434
5.91386
3.87723
3.3647
1.91502
3.33158
2.78973
1.01265
3.80529
3.94229
1.80214
0.905403
1.9092
3.74127
1.3513
1.41771
3.80165
3.41681
1.44487
0.933786
6.96319
6.67892
3.55298
4.04151
3.94465
3.34335
1.12588
3.29754
0.949492
4.67036
3.05481
3.15262
2.88983
2.96554
1.18056
3.24262
4.94035
3.42212
6.48196
5.60157
1.05452
3.39898
1.29741
5.12254
3.24028
3.47766
1.99769
1.66379
0.432752
0.91542
3.62784
3.69656
3.34396
0.859031
3.86772
4.04847
3.17997
1.04144
1.30278
2.41916
3.27366
3.37086
2.88167
1.63583
0.455261
5.84969
3.88644
1.93197
3.37846
3.44086
6.4137
3.4207
3.03355
3.84349
1.94067
3.79728
3.90161
0.627907
5.36021
0.751376
1.72334
5.00161
3.46521
3.30691
3.44238
5.189
3.16684
0.656108
3.83269
3.27363
3.99121
3.38954
7.22887
1.45239
3.48227
3.81046
3.57721
3.56332
3.32338
3.47145
3.36751
1.65488
3.51671
3.52546
3.53401
3.95824
0.937983
6.88971
3.35077
6.28188
0.86953
3.88657
1.40981
3.17589
3.50915
6.31033
6.33067
0.642587
3.54307
3.93756
2.40478
2.53689
3.07134
3.25814
3.31315
3.42463
3.44353
4.78481
7.53656
3.3122
3.12653
3.44371
3.5533
1.98897
2.92168
3.48449
3.21313
3.61639
3.38919
3.39968
3.13807
3.3772
0.773147
3.37517
2.98446
1.07111
1.06179
3.0258
3.09449
6.63076
3.35305
5.37632
1.13008
1.7402
3.98473
4.55368
2.57064
4.44938
2.83153
3.54179
3.79307
3.92681
5.8518
5.69989
3.67659
0.927663
3.45739
1.59061
2.7414
3.63369
3.72887
3.46159
1.9737
6.48471
1.37131
3.52395
3.84814
5.43738
0.848159
3.38596
0.731045
2.9166
2.75331
3.44946
3.58978
3.09135
3.60294
3.4003
3.59251
3.2244
7.25122
2.37996
5.07449
3.73661
3.06641
2.55536
6.58429
0.325119
3.39387
1.3174
5.95541
1.92401
5.38879
3.846
7.42597
3.31355
3.5817
1.61739
3.1172
2.79057
3.35108
3.42015
7.3375
0.967066
3.23778
3.44486
1.27434
3.73827
1.26029
2.91425
3.89564
3.17735
2.73198
3.8563
3.3959
2.24389
3.4113
3.94679
0.736519
6.27849
1.28284
4.61746
1.83072
3.3002
1.46155
5.07743
4.79443
3.7182
3.55912
0.88588
3.48704
0.563958
1.02857
3.9772
3.41308
2.93823
1.36469
0.842572
3.37174
3.45245
3.25698
2.82052
4.72631
6.5137
1.13197
6.50776
2.89512
3.62392
3.78022
1.2792
5.5077
0.832548
3.35389
1.60137
1.07871
0.991254
3.19792
4.00336
3.80659
0.800058
3.39589
3.28
2.00386
3.63144
0.862667
2.96231
3.5555
3.72334
3.09122
1.38672
6.37146
3.74115
5.29543
2.55883
1.61755
0.777682
3.49907
3.70849
1.67191
3.38161
6.12341
6.85706
5.76164
1.80664
4.02892
4.13542
0.767704
3.43935
3.1972
3.38481
3.46546
3.34436
3.94119
3.31408
4.10902
6.05961
3.32112
3.77214
3.9564
3.08909
3.42549
4.53175
3.42702
3.57293
2.10923
7.78779
0.824744
2.70272
3.78403
3.3739
4.02428
2.74098
3.49221
6.67478
1.3899
3.63004
3.7613
3.76956
3.34453
3.35033
7.77725
3.37511
3.3285
5.41975
3.91249
6.00283
3.38269
6.08015
7.27253
3.41903
3.48599
3.00039
3.10739
3.99884
5.23538
0.901017
3.70968
3.45295
5.33254
2.94403
7.37495
5.78304
4.12336
0.808402
4.02403
3.27626
1.98097
3.41043
1.10357
2.34775
4.4233
3.54989
5.73761
4.03272
3.04882
5.15012
3.28096
3.38797
1.03035
2.70074
2.58961
5.18551
3.29993
1.01878
0.80058
1.43666
3.48282
2.61533
3.33804
3.62708
1.84301
5.20683
6.43129
5.704
3.44555
3.21074
1.92067
2.07036
6.44593
0.819554
0.824767
6.54618
1.17095
6.38749
3.17927
3.10424
2.68151
2.89815
1.30612
3.75281
1.33802
0.887582
7.76439
4.67306
3.36336
6.58033
0.915746
2.68029
1.82845
3.57635
3.36771
3.39139
3.93435
2.74139
6.08122
3.73534
3.07016
3.07599
2.21519
3.43132
1.22419
3.33763
4.02031
5.52965
1.07706
2.80342
3.7706
2.98262
5.6015
3.77517
5.55571
2.32679
2.65256
6.47629
2.748
3.38312
3.45314
3.63028
1.93385
3.13083
1.35883
5.4554
0.90398
1.47277
3.29611
3.50924
1.68835
1.127
3.64982
3.18116
3.57275
3.57976
3.07526
1.33667
3.30373
0.946352
1.78408
2.6008
3.39933
1.02091
3.71019
2.75745
3.3664
3.71697
3.87323
3.39788
0.952125
4.97489
4.01328
1.03188
3.55922
2.7373
2.68983
1.76953
3.6711
1.83697
1.00707
3.37854
3.30845
3.1134
3.31105
6.49385
1.00977
3.53405
2.80219
2.05028
2.86647
0.962681
3.23343
3.40467
0.730391
1.3071
3.62987
3.99725
1.87292
3.73959
3.20502
6.03563
5.56856
5.66599
5.8451
5.91764
3.56422
3.51664
6.5189
5.93835
3.10686
2.7873
2.53126
3.70161
3.78983
3.47097
1.83333
3.57195
5.54801
3.76563
3.42603
3.26356
2.42611
5.19765
3.00123
3.37655
5.58412
2.66093
3.52965
2.92759
2.78289
1.6265
0.999012
3.53024
0.957771
3.78701
3.32257
4.02722
3.88182
2.07461
3.24122
6.60447
2.60285
3.43511
5.27432
1.27799
3.51221
3.32973
0.903693
3.50918
1.76141
3.42559
7.44774
3.47706
3.57095
3.29113
4.04636
3.3188
1.30402
3.25961
3.31366
3.95395
4.119
3.867
5.02093
0.851755
3.78242
3.89001
3.52338
3.81294
3.42103
3.69045
3.81216
3.29704
3.99639
1.59897
3.76935
6.19894
2.12907
0.931405
0.959987
1.00778
3.91279
4.64786
2.49439
3.69343
3.41765
1.56055
3.44956
3.17509
3.33686
0.68629
3.65023
2.29645
2.29236
1.14556
3.2254
0.616376
1.91494
4.99846
3.82217
4.61596
3.74327
3.40459
3.4172
5.97544
3.49254
5.33059
6.11034
3.98923
3.5129
0.936754
2.24358
3.35654
1.72153
3.20337
4.03522
1.18516
2.18121
5.17453
3.36976
3.23124
2.31307
3.82
3.32523
3.33567
0.899692
1.01722
1.26749
2.49324
1.71071
3.20319
2.89306
3.31286
1.77348
3.36483
3.38912
3.3977
3.23617
5.72109
3.12335
3.8944
3.54493
2.92492
4.57888
6.10461
3.20806
1.10226
3.12607
3.72198
3.30701
3.94953
3.41402
1.65557
3.65236
3.53297
3.89633
3.7744
3.36458
7.06936
5.43007
3.43246
3.89983
1.20309
3.8416
3.34034
4.48463
4.50993
3.24656
1.9548
0.853442
7.44259
5.56937
4.73776
3.40225
3.37216
1.75742
3.3743
0.752986
1.44907
3.25718
3.49034
3.39539
3.24243
6.67726
1.12988
2.98252
3.37066
3.3427
3.43565
1.85058
4.02382
3.36109
3.52774
2.46955
6.82916
3.44987
4.01889
1.63313
0.851538
1.91849
2.85703
0.869245
3.12882
1.30191
3.58281
3.78927
4.5203
3.19958
3.39288
1.39804
4.3875
3.47104
0.986951
5.65445
3.542
2.9707
7.14543
6.98944
5.73018
3.49442
0.821607
3.29257
1.02246
1.85874
3.4405
3.62567
3.04088
3.56369
3.29188
6.20575
1.94387
3.95902
5.6869
5.05822
1.15618
2.2185
3.41765
1.78474
3.53357
2.93956
0.697157
0.472565
3.21882
2.71344
3.80542
3.01746
0.709216
5.62151
2.89593
3.10918
3.36904
0.717128
4.97352
3.27232
2.79182
5.19761
3.75924
3.28312
3.57258
3.37513
4.06538
3.47288
4.01897
0.815615
0.538178
3.95586
3.97459
1.76319
0.96092
3.99844
1.5574
3.39753
3.93876
0.728002
5.4915
2.62243
1.15148
1.81442
1.04876
0.978451
3.79748
3.66813
3.54804
3.402
1.00023
3.38672
5.50357
3.78477
4.0069
0.730825
4.15232
2.55228
4.02662
0.909764
4.90828
3.78464
1.8215
3.79937
3.40288
1.75503
3.94021
5.59905
4.02688
3.77329
3.80321
3.53613
3.3874
3.18356
1.52427
3.79784
3.81421
1.14261
2.65298
6.90416
3.20109
0.789547
5.3066
1.63311
3.65314
0.818635
3.79081
1.08346
0.742109
6.43281
2.70772
4.00351
2.18796
3.88972
3.48938
0.757724
4.79627
6.44423
0.686058
6.4806
3.4144
6.45479
2.04246
3.15366
3.57294
1.69887
0.86506
2.64703
3.53233
3.67211
1.77811
3.87051
3.51273
4.61668
0.849858
3.94318
6.10808
3.92001
5.5167
3.21247
3.45373
3.22385
3.45982
3.24046
3.57051
4.01115
1.67812
2.96977
3.17372
1.92676
0.990032
2.70634
3.93171
1.84926
4.03282
5.90781
3.41392
3.36731
3.56961
1.80733
3.55107
3.10069
4.01945
2.88623
3.54909
3.30327
1.94201
4.05729
6.39888
5.2367
5.1629
2.9372
3.41703
4.81969
0.720525
3.81256
5.78514
7.05691
3.77242
3.57489
3.39861
5.67471
3.36887
3.44399
0.900604
1.03143
3.96275
3.72815
2.8544
3.7523
4.40954
1.24056
1.18612
0.449937
3.79151
0.915627
3.51241
5.17709
3.38377
3.37733
3.40426
1.95381
3.27183
0.835885
1.77824
3.46637
3.51398
3.64553
2.12298
3.05855
3.50915
3.37414
3.30421
5.92901
2.801
2.55285
1.26753
3.67936
3.38466
0.785894
3.90017
3.62038
1.08019
0.910604
3.44737
3.47
3.79627
2.59384
5.55853
1.24405
4.01933
5.0934
5.40265
2.61854
3.13608
2.49042
1.28715
1.13215
3.12124
0.707267
3.2877
0.743611
3.27081
3.44393
5.25059
2.62344
4.49837
3.53551
3.0505
0.984064
3.64463
1.242
3.61447
4.59606
4.75303
3.38393
3.41616
3.44605
7.02302
3.49872
1.01166
2.1893
5.76849
4.01921
1.41138
3.33664
3.39325
3.20127
2.90761
1.67098
3.33009
0.403847
2.08756
3.37948
4.00627
6.00673
1.74148
5.95249
3.56547
6.19036
1.13106
2.80104
0.907318
5.96368
3.51642
3.38549
2.36912
3.87443
3.86555
2.18691
2.52768
1.20253
4.03328
2.829
1.87265
3.6158
3.35262
1.31021
7.23598
1.1026
3.98866
3.25658
1.01297
1.21035
1.00454
3.39928
5.95905
3.32794
3.36937
5.53874
3.66744
2.66118
0.961685
5.04546
0.696032
1.86545
1.30567
1.12525
2.37503
3.41191
3.53027
3.36951
3.35587
3.41217
1.17647
4.4401
3.13221
4.02497
3.34408
4.00435
1.07965
5.7281
3.86658
1.15579
1.937
7.79506
2.6251
3.38385
3.35724
3.8139
3.12656
2.67956
2.71328
2.71053
3.52176
4.07597
3.19538
2.8107
3.85822
3.33336
3.38399
0.908878
3.64442
3.38972
6.4114
3.30893
3.92607
3.57609
7.48838
3.33649
2.79108
3.42583
4.1031
4.59645
3.11954
3.35971
4.12667
3.47717
5.28622
3.33259
0.782047
4.40058
3.22446
3.7777
3.41384
6.07785
1.65191
2.50487
1.22944
3.35237
0.640686
3.71057
3.55622
3.7892
5.30527
3.25121
0.990684
3.43881
3.31346
3.4723
1.00937
1.50488
6.65579
4.92232
3.28571
1.59098
4.22683
3.44484
2.60211
3.5654
6.18492
1.95999
1.95834
3.32979
4.02044
0.483062
1.21172
2.69344
3.16642
3.4927
2.14685
3.38264
1.71805
5.96103
4.15749
1.22405
1.40728
4.3878
3.7512
3.72992
2.90755
0.720781
2.57523
0.927232
3.22236
3.78723
5.7411
0.810888
7.60479
1.26476
3.23905
3.25954
3.08168
3.22896
1.02874
3.85949
3.32073
1.25657
3.36079
1.09331
0.673473
3.77937
3.08785
6.69365
2.83288
3.35356
6.02522
0.876478
1.71979
3.65229
3.21109
1.95953
3.71408
4.87199
1.5711
3.27995
3.26689
3.47263
6.07472
3.5582
4.04252
3.07944
6.44512
4.02808
3.97792
4.38324
3.60051
3.6295
4.20107
3.29592
2.9325
1.05582
3.36679
3.41761
0.423112
5.11654
3.03736
0.723992
3.34534
3.86751
2.29462
2.89354
2.63296
4.9266
2.98533
3.39587
1.0389
5.77162
3.9194
1.80624
1.19857
2.99003
0.908156
3.79576
1.06282
0.793469
4.02802
3.77094
1.5408
3.95539
3.23484
3.15253
0.864821
3.09854
4.00058
3.49511
5.37446
2.2666
3.57035
3.4091
2.02119
1.13581
2.94793
2.76821
3.99087
0.939474
1.03059
3.20304
4.00437
3.66808
4.36182
3.31481
3.47178
6.5818
3.18667
2.3527
0.995982
1.86017
3.37367
3.42175
1.51176
3.30262
3.30878
2.88463
1.71423
3.52743
6.73657
4.13681
1.46192
2.23682
0.759128
3.06295
2.36921
0.676402
0.217811
0.612062
2.69529
3.3728
5.30029
5.86183
0.90162
3.55891
3.29447
3.386
2.81351
2.72276
7.77487
1.74508
4.21103
5.68137
2.39957
1.55903
3.14573
2.24015
1.92357
1.17569
3.94513
5.20389
3.35107
1.19935
0.7264
2.85716
2.61322
3.41426
3.29615
3.95845
6.23246
2.22461
3.60045
1.17016
3.3276
3.74133
3.76893
0.887051
1.021
3.44639
3.67786
1.40208
3.33843
3.33584
4.36876
3.36239
5.52519
1.18464
2.87087
3.80949
5.25487
3.34665
2.66112
3.72726
2.9925
3.3108
3.42217
3.33566
4.03633
3.11923
2.90753
3.45722
5.58597
3.57296
3.73349
3.32254
1.51127
3.35596
4.73477
3.31952
3.52676
3.90662
2.6869
0.723546
3.20452
3.77912
2.2382
3.61156
2.09639
1.24811
2.86622
4.3165
2.83074
2.47581
0.638797
3.7973
6.37416
3.15275
1.86384
3.79521
3.7695
3.6104
0.577732
4.04285
3.40864
0.977167
3.32849
0.92081
4.12421
5.34082
3.63044
6.74891
3.07527
3.31516
6.15111
5.50656
3.5183
2.43773
4.79243
1.86097
2.77712
3.69192
2.27525
5.33808
3.14545
3.80125
3.77664
0.92218
1.43042
6.30284
1.96464
2.8453
1.76893
0.748231
0.607527
3.56631
5.04192
4.67776
3.70782
3.18622
1.34661
3.77204
1.04028
3.33297
3.39399
2.40085
1.59356
2.11452
1.21214
4.76185
3.34298
3.32572
3.72585
4.59853
1.18162
4.16577
5.35158
3.88773
3.46143
3.19113
0.963399
3.41182
3.37708
7.37028
0.967093
3.75433
3.36418
2.17537
3.32456
5.93298
3.95114
1.01163
3.84055
3.34376
3.36286
1.39503
3.31073
1.05749
3.38207
3.76968
3.36725
3.77642
0.798369
0.917364
7.1933
3.78539
1.39309
3.77793
0.95669
3.44664
3.36804
3.59033
0.842855
3.9046
1.59231
3.79383
3.3845
2.89259
3.6107
4.69413
3.28948
6.96301
0.697801
6.46179
0.961218
3.45666
1.60353
3.40044
3.53044
6.31326
1.05572
1.92885
3.33234
1.05264
5.82284
0.985789
0.851709
3.67644
3.29792
0.817717
2.8323
5.52457
3.7825
3.58789
3.52045
3.30534
1.42875
1.18839
3.35193
1.80318
3.68739
3.17421
3.59183
3.18395
3.15626
6.84357
3.08739
0.527638
3.40851
3.27997
1.06525
1.26251
3.38201
4.96613
2.06061
2.43176
2.0277
0.77471
1.91871
3.87911
3.87364
1.57114
5.52211
3.17299
1.35631
3.1876
3.41873
3.26192
1.34436
3.92211
3.80881
3.35185
3.88901
4.94274
3.47781
4.8492
3.77656
3.42314
1.65148
4.05447
1.07805
6.64331
6.31445
3.5192
5.9207
3.3499
1.87802
3.70723
0.837045
0.906292
1.85333
3.73325
1.33434
3.10687
3.23114
6.23898
3.21761
7.4146
2.75141
3.38802
3.8969
4.85554
2.6975
1.94005
2.87322
3.16053
3.22255
6.51186
5.19056
1.78028
0.797349
1.85209
3.95884
0.910596
3.67211
3.3956
6.31004
1.20645
3.79039
2.4413
3.79476
3.32439
1.36462
3.60339
3.22701
1.8876
3.48065
1.03937
3.68506
3.81272
3.3905
3.32746
1.07545
3.91042
3.66645
1.08203
0.819498
3.95164
1.99049
4.01005
3.24083
3.41879
3.52858
3.3442
4.09684
4.01412
3.40676
2.98957
0.861219
3.40891
4.0178
1.76242
3.31628
1.06288
3.83348
3.41511
3.76265
1.69988
3.99377
1.27418
3.54475
3.75759
3.38104
3.33616
3.45664
3.35912
3.35073
0.898482
6.9509
1.56797
1.04821
4.92037
4.17226
0.780286
2.98921
3.32247
4.18006
1.0634
3.78572
1.09129
2.06152
3.29602
2.8712
3.27556
4.23028
3.2948
5.09574
4.98379
3.27904
2.70438
6.14157
0.840384
1.45155
3.34636
1.88303
3.22026
2.69384
0.908504
1.20214
3.01148
3.41536
3.50907
4.88812
3.23236
3.87589
3.4721
0.918025
3.89548
1.86168
1.6697
3.87514
6.10126
1.49243
3.2672
3.74322
3.22918
3.98909
3.41468
3.26981
1.09278
5.44061
2.63518
3.39477
3.44252
1.20068
1.09122
4.77276
2.84495
3.43531
1.08128
4.79136
3.3133
1.27029
1.35058
3.21952
3.87433
1.94621
3.78183
0.820266
1.08107
6.06339
3.77721
3.34083
3.68546
3.88395
3.37942
1.98634
2.88284
3.3217
2.0039
3.26845
3.35329
2.78461
1.66993
3.294
3.37125
3.40483
3.52645
3.62661
0.890015
3.40578
3.40928
1.03768
3.13694
3.7945
3.38637
5.09724
3.68899
3.30307
2.86617
2.91586
3.42363
1.66761
1.57734
3.30579
0.869757
3.41571
5.64982
1.51883
1.51979
3.01584
1.93383
3.34437
3.54829
3.39406
3.78651
1.06617
3.27383
3.32485
0.979164
3.28013
3.1494
3.37173
2.16515
3.62946
1.12273
1.61265
1.41092
0.985665
3.79251
3.8044
3.82243
3.8962
6.12811
3.33301
6.05575
1.00006
3.47815
5.59116
3.38974
0.992758
5.78617
3.53913
3.47874
3.45472
2.72375
2.47334
3.58062
3.34165
1.68644
4.29605
0.779488
2.3073
5.7711
3.8998
0.97519
4.83682
4.97693
3.36493
4.25001
3.21211
1.04805
1.23386
3.77933
3.08919
3.67403
4.31662
3.07382
3.11192
1.39026
3.37891
3.53559
5.20846
2.63265
3.76738
3.20552
1.80427
1.73732
3.27667
3.14938
3.79225
1.55336
3.69598
2.9479
2.05571
3.14933
3.33291
0.627725
2.42507
1.648
3.42824
6.37773
3.41426
6.0012
3.32381
1.88969
3.25114
2.77359
3.27798
3.91434
2.73249
3.38624
3.54749
3.45151
0.915357
3.39961
1.16185
1.69183
0.849658
3.34328
3.47409
3.11711
3.88325
3.71028
2.19991
1.86474
3.38179
6.54067
3.2157
0.912179
3.04154
2.81223
5.90816
3.94538
3.93082
7.19963
3.79805
3.26729
1.07025
3.22475
6.54054
1.94639
2.93194
6.09142
3.56435
3.77415
3.22808
0.794222
3.29316
3.30995
3.28522
4.04261
3.1513
3.41366
0.923308
0.904542
3.72646
1.63122
2.72685
3.29179
3.37646
2.36579
3.48894
5.8778
4.55456
3.52322
3.33645
3.38873
3.78915
1.10324
0.804335
3.44932
3.36023
1.17279
1.4296
0.827467
3.92578
3.84688
2.49457
3.27438
1.60815
3.61559
5.58044
3.37251
3.62978
0.642727
1.9743
6.93847
3.35276
3.99668
3.80072
4.35182
3.72585
0.98313
1.11262
3.55185
3.91593
2.83947
2.64094
4.65116
4.25441
3.8241
4.77887
3.70403
2.5164
1.52299
3.33607
3.21199
1.19733
3.36274
3.12728
3.39236
3.34303
2.55406
3.21687
1.38299
3.32221
5.91959
1.03156
5.95691
4.46058
5.61043
3.7953
3.90097
5.30062
3.20144
3.28937
3.1403
3.31782
4.44869
4.10308
4.43471
4.74348
2.46598
4.00134
3.36509
3.93074
3.75517
1.06036
2.05231
1.1062
3.90056
3.35337
3.90156
2.02465
3.98595
6.44844
6.58483
2.50056
1.54825
3.36459
3.24243
4.02149
3.73485
2.83314
3.32742
3.64405
1.54429
1.16934
1.92809
3.40288
6.15134
3.95874
3.73229
3.94898
4.26515
4.65392
5.00539
5.41725
4.61496
3.77273
1.15456
2.78338
3.75319
3.39799
3.41013
6.37535
0.884342
6.78325
3.7305
2.9904
6.00143
0.951023
1.35254
3.36777
4.10656
3.86951
3.59009
3.40949
3.9177
3.26409
4.72433
3.39731
3.41162
2.58942
1.63288
1.61779
1.08743
1.11654
3.78969
3.73097
1.09148
3.3264
3.89296
3.77446
0.743319
3.33222
3.37788
1.14614
1.17736
1.47954
3.33315
3.59096
1.09263
3.39831
3.98967
3.75803
1.77168
1.03888
3.67826
2.7603
3.60762
3.75417
1.13701
3.76808
3.38923
1.2045
0.903933
3.80519
1.797
3.37066
3.37131
0.867789
3.3775
4.89801
3.40032
3.41549
1.06342
1.07751
1.22364
0.928758
4.16861
3.82662
4.85714
5.14207
2.28293
1.1742
2.07992
4.11148
1.06249
3.41098
1.21926
3.1679
0.958566
3.78591
0.717503
6.84976
3.33049
6.34095
4.35582
1.27573
3.77545
1.24563
3.23384
3.41429
3.91246
3.42458
1.43909
2.89237
4.19093
5.8048
3.3292
3.99633
4.93397
6.55893
3.37018
2.80782
3.35216
1.87373
3.33854
3.02412
3.71578
3.61541
3.97753
2.87548
1.26504
3.80715
1.14527
3.30616
2.75617
3.07122
3.70333
1.91738
0.715388
3.99951
3.38745
4.40526
3.31691
3.41773
3.13648
3.17783
3.44235
2.42128
3.3484
3.12203
3.96142
0.905404
3.38301
3.79279
1.3533
1.42174
1.68024
3.46808
6.11075
4.78632
3.9484
3.39598
1.64928
1.79527
7.58264
3.41908
1.3014
3.40807
3.89592
2.63657
1.6755
3.35788
0.860235
4.06571
3.71996
5.06734
5.33508
1.04983
7.73139
3.35381
3.40326
5.17057
3.40174
0.805684
3.936
3.32865
3.38316
2.89313
3.3273
3.95548
5.60425
1.50539
3.20403
3.50068
4.53113
1.76886
3.89887
3.91011
6.02368
1.57055
3.35866
1.41033
1.12768
1.53025
3.49165
1.38882
1.02087
0.910006
0.8376
3.40925
0.655715
6.15147
3.34381
3.28134
1.14102
3.36629
1.13116
1.42722
7.13497
0.718166
3.13521
4.09183
2.42097
3.77034
3.43624
4.04687
0.821452
3.63694
3.24918
3.41916
5.69436
3.91687
3.57648
0.915666
1.48392
4.8546
3.48233
3.82299
0.722876
0.96121
3.65972
5.7764
3.08541
3.38315
3.69716
1.1519
5.00813
3.65961
0.675888
3.67115
1.23048
3.32019
2.29423
3.24906
4.00261
3.41113
3.39476
2.68654
4.45825
3.73935
0.915474
3.80107
1.26693
0.832958
0.928314
2.684
5.38374
3.08599
3.76577
3.33287
0.621947
2.86603
5.99159
2.75764
3.33514
3.35021
3.82579
1.31561
2.5203
3.64232
3.99153
5.5279
5.29228
2.86826
2.79641
3.32969
3.76974
3.00895
1.04824
5.79143
3.36696
0.968532
1.05776
2.84654
3.33092
3.04334
3.73015
3.67657
2.81011
1.07756
4.00695
1.83921
1.44664
0.167026
5.64221
0.73381
0.844839
1.91417
3.01005
3.74824
1.23863
5.28648
3.20061
3.90886
3.90345
3.13922
3.38511
3.60155
3.60509
3.96859
3.70704
3.25615
3.40315
2.20739
3.38717
3.36577
3.68737
3.3447
1.62724
5.88903
2.10723
1.11816
3.75905
3.10655
3.38092
3.16258
3.85053
0.961199
1.86269
1.9285
3.58163
3.35382
3.5315
1.09257
3.41106
3.29406
2.09505
4.14897
3.23999
3.72568
0.669025
0.68041
1.60102
0.863804
0.756752
3.47755
3.40126
5.72092
2.08794
3.69635
3.40561
3.18402
3.31055
2.18729
3.68537
3.71284
3.83524
6.01783
3.21858
3.20876
3.58717
3.92762
2.78489
0.912488
1.18327
2.84855
3.17032
0.744783
3.35574
3.28924
3.71423
1.11107
3.76586
4.51344
3.59638
5.9787
3.68648
3.37563
2.82243
4.54633
0.974719
3.39453
3.60208
3.12047
3.75561
5.70261
3.6527
0.958322
3.43072
2.64576
3.21769
2.09004
1.0441
1.52525
1.84205
1.24606
3.58829
3.29776
3.61519
3.06783
4.61505
3.28531
1.14334
3.3775
3.91693
3.58058
5.70697
5.50312
1.10767
3.60347
3.36779
3.8825
3.40881
5.89071
3.37403
0.842343
1.8257
3.41482
3.39501
3.23248
3.51089
3.23109
3.40701
6.0818
1.34417
0.940679
3.37929
2.6429
1.92258
1.18981
2.78478
1.94848
3.35255
3.56107
3.58812
3.43621
4.9501
1.0595
3.72103
4.56851
1.54418
2.36846
1.16998
3.60492
1.161
3.38478
1.4979
6.1653
3.08331
4.15566
0.946403
3.21758
3.39904
1.51619
4.33765
6.34107
3.41489
3.91042
5.55822
3.40146
3.47542
3.12479
1.09852
5.94553
3.26253
1.68407
3.14641
5.56713
1.15537
3.81127
1.53789
3.93566
3.47334
3.89105
3.36307
1.81773
3.91153
6.97082
4.5845
6.16031
4.92084
6.93756
3.21402
2.13978
0.927714
3.33267
3.37774
3.3389
3.35754
1.21229
3.213
3.72033
3.7092
3.92338
3.40039
5.53372
5.58602
1.85603
2.00111
3.67485
5.247
2.88964
2.26022
6.00438
1.89139
3.40012
4.29493
4.05976
3.39953
1.08265
3.40822
3.37545
3.35949
2.04965
6.3072
3.69539
3.42172
5.86859
6.88035
6.7006
3.13413
1.10541
3.39023
3.20078
3.21344
3.35428
3.38448
3.36463
7.31236
3.64156
2.79171
5.32489
3.37353
3.58141
3.0878
1.85265
3.6699
2.82887
3.60944
3.55599
1.19858
3.33954
7.45214
3.59514
6.82644
3.78153
1.1655
3.75484
6.29413
3.29579
3.63169
3.58289
3.62474
3.86669
3.75894
1.31224
3.67571
1.15825
4.13689
1.01409
4.5739
3.52095
3.35234
2.75191
3.43568
2.75227
1.06139
3.76932
3.56968
1.88377
3.55431
3.62328
3.36846
1.2501
3.8699
3.52741
5.68466
5.90103
3.0127
2.32534
3.18873
3.2071
1.49491
1.94467
3.90233
3.37799
1.90336
3.97149
3.7967
1.63082
6.5961
3.7952
3.71946
3.16444
2.24581
3.39328
2.65252
3.08544
1.84176
2.21101
3.7976
3.48002
1.94964
3.77949
3.18577
1.01333
1.44766
3.38273
2.76321
2.76465
6.43253
3.35182
5.26726
3.06832
1.04396
3.98425
1.08993
7.0459
3.12816
0.105873
7.42331
3.75168
2.68182
3.62428
3.40238
3.76006
3.06491
3.39902
6.8295
3.96213
3.53926
2.85938
3.68474
3.3981
3.36771
1.28779
0.841647
1.23595
3.99809
3.42117
1.51266
3.97426
3.32576
0.722752
3.8698
1.43065
3.40433
3.2851
3.51576
6.05244
0.434089
0.968951
6.4218
3.82993
3.79255
3.79625
3.65617
2.80167
6.47191
3.54516
3.92086
3.36638
3.22049
2.36134
0.421699
1.13884
3.96495
3.37946
3.0918
1.54695
3.25277
0.879922
3.27368
3.37746
3.2138
0.666741
2.8491
2.7544
6.32648
3.40813
3.34807
3.65054
1.38549
2.98966
3.42242
3.78831
2.81733
3.96401
4.01022
3.21358
3.71726
4.14717
3.13182
1.17886
1.66211
0.716664
3.99567
4.0103
5.10468
3.37444
6.80624
1.13201
2.74113
2.95981
3.36127
2.65438
0.941322
3.8157
3.48428
6.05802
5.86626
6.63383
4.52732
3.39636
1.65093
3.35174
1.18943
2.79496
2.04389
3.75895
2.78378
3.40383
3.573
3.47437
3.34032
6.7428
0.864241
1.29549
3.9279
1.7715
3.34327
3.36929
3.93939
3.64979
5.89151
0.84444
4.00072
4.6339
3.30447
3.70626
3.65772
3.74387
5.40875
2.82785
3.39536
3.38516
2.8129
3.35216
0.764115
2.2687
1.75905
3.3878
3.34068
0.744535
1.51858
3.91289
2.32757
1.44977
3.57752
2.6451
0.756352
1.95271
0.528956
3.85686
2.37385
2.70959
3.76106
1.62504
1.49315
3.37655
3.64473
3.73449
3.61553
3.88241
2.44515
2.84762
3.7748
3.53232
2.70815
3.80464
1.29534
1.89698
3.41943
5.37196
3.73579
3.64818
3.29824
3.37041
1.66391
1.18243
3.46532
3.34543
3.41298
1.50024
2.63251
3.3185
3.77282
5.55566
3.1531
3.83988
3.39181
3.81488
0.881644
5.70848
3.2743
2.80647
1.76722
3.3632
2.04553
1.1345
1.4594
3.78965
2.34232
0.904236
3.36793
1.2369
6.09181
3.37758
1.14201
2.57434
3.22594
1.11881
3.59116
3.6598
3.92625
1.48486
1.70745
1.01515
3.33893
3.3757
3.34195
1.864
0.933316
3.4536
6.41772
3.34904
3.66119
1.9502
3.12901
3.94064
3.73955
1.8101
4.18843
3.34791
3.64358
2.12767
1.3407
3.30733
4.12101
3.26754
3.70187
3.66425
0.962908
2.51758
3.20475
3.9258
6.02683
5.99675
3.24524
3.68617
3.58439
1.91395
0.981084
3.35104
2.79616
2.96102
6.96708
3.7694
3.46567
6.04292
6.20861
3.44546
2.00055
3.61575
3.7329
4.66334
3.39621
3.4215
3.88274
2.76152
1.17304
0.72396
0.978555
5.32606
3.49722
2.62887
3.06791
3.40145
3.57285
5.69235
6.48969
3.05372
4.31543
2.52008
3.35996
0.878454
0.948194
3.86403
2.40219
3.25503
1.0191
6.22099
3.24384
1.65119
3.69607
1.06996
3.24906
3.11825
3.89361
0.744754
2.92914
0.888774
1.8607
6.36841
2.3701
1.5361
3.91754
3.92424
1.15558
7.16878
3.77119
3.11576
5.89231
3.71715
3.04405
3.68904
1.79791
6.36948
3.66923
3.63147
4.01633
4.02395
3.71816
3.37412
3.36506
3.49791
2.79005
1.73183
2.76458
3.9294
6.88051
3.92409
0.846298
4.03822
3.40066
3.40389
3.66094
3.71651
3.16977
3.4091
1.13329
2.52182
3.21318
3.58754
2.60216
5.57792
3.25134
3.53468
2.15881
7.00388
3.33635
3.2168
2.75213
3.68229
2.7465
1.82164
1.02882
6.38426
3.36687
3.8614
1.20151
3.38364
1.90771
2.93791
3.36726
3.47297
3.40973
3.69325
2.12348
6.23746
3.42115
5.25526
3.99151
5.88118
4.41062
1.36564
3.42484
2.11226
2.57069
2.55058
1.45492
2.10623
3.42275
0.956034
1.12479
3.356
4.27081
2.69903
0.90148
5.16756
3.67005
2.07568
3.36048
3.58627
4.94611
3.68159
3.26179
3.36858
3.60122
3.07006
3.86916
2.51129
3.85495
1.45061
1.0999
3.62413
3.39086
3.72389
5.12403
2.21055
2.42464
3.58605
3.38994
3.37195
2.89108
1.61004
3.44422
3.41144
0.724246
3.35235
3.33677
1.64031
1.60677
3.76349
3.40829
6.33854
6.15938
2.72527
3.46635
3.33629
3.29645
2.52519
2.02159
6.42859
3.15337
2.80625
2.75468
1.15574
3.2217
3.64085
3.25271
3.7135
0.971477
3.38445
3.89012
2.66848
1.03928
2.21343
2.93815
0.413948
3.94314
6.44412
6.4054
1.68555
2.44229
3.33058
3.74374
2.70029
3.28192
3.84415
3.84319
3.35451
1.46971
1.21171
1.25731
1.56952
2.95873
2.35598
0.818241
3.66793
3.22074
1.80427
1.26728
3.40025
3.13112
3.26732
3.4896
3.0634
2.5827
3.08411
3.17632
3.40786
2.71571
4.69389
3.593
3.90632
0.56989
3.69962
3.39476
0.756203
1.09108
3.61157
3.68366
7.17207
4.94301
1.14446
3.97234
3.3532
3.5559
3.29782
3.41203
2.57866
1.12821
3.21349
1.18481
3.35857
3.95417
5.15456
3.39571
3.95001
1.46509
3.51376
2.72602
3.32883
2.55208
3.52303
3.36322
3.4215
3.33952
2.7944
0.768324
5.85851
5.50053
0.801472
3.41083
3.37749
3.35513
3.59791
3.89327
2.50472
4.03248
3.03128
3.93975
6.4571
0.924519
3.35725
6.71968
3.65972
4.68572
0.887014
6.32855
3.50926
4.03458
6.8285
4.33188
0.0514148
1.144
0.94779
3.41544
2.86446
4.00771
3.99095
1.12634
2.86849
1.85618
3.94449
7.4589
3.30786
0.946522
0.929574
2.49088
1.51832
3.19599
3.68962
3.57875
1.27987
2.55721
1.62769
3.28189
3.72335
3.78991
3.80826
1.78804
0.548211
1.18309
0.879556
3.33302
3.05224
1.44517
4.18651
4.00059
3.52577
1.53601
1.79455
6.45801
1.08953
4.87556
1.13181
1.1152
2.67918
4.03334
1.21189
3.3933
3.36586
1.82131
3.93406
1.98133
1.10054
7.58153
3.28607
3.55111
3.52352
5.06959
3.10221
3.53208
1.38834
3.50635
1.59508
3.54117
3.40064
1.27344
2.62135
6.16931
3.40242
3.73656
3.7439
2.5861
1.86189
2.43525
0.997005
3.78206
3.9085
4.30149
2.43445
3.07747
1.64843
4.97238
4.87249
3.34792
3.93145
1.22632
3.41346
1.3171
2.4874
2.89312
1.29419
3.56177
3.70683
2.64004
1.50384
2.77261
1.58513
3.79596
1.83264
3.731
3.73232
3.40919
6.49106
6.33978
2.7172
5.82864
5.61804
7.07376
6.98731
3.53136
3.55186
3.33694
1.2231
3.39411
6.71179
3.42356
3.51567
0.986092
3.80161
2.02076
3.67888
3.39489
1.32462
6.38351
1.16671
0.923944
2.30854
2.26246
1.23237
3.09462
6.80661
3.75979
3.97639
3.95306
3.41621
3.29908
3.38153
1.24225
3.40793
3.33144
3.15826
3.21416
1.00677
0.962939
3.72709
3.41294
1.89346
7.01591
3.70547
3.14322
3.44717
3.95268
3.8854
6.33899
3.51461
3.84934
3.83971
3.35379
5.27902
1.12471
3.39864
2.78208
3.34183
4.97234
1.91358
1.44176
5.70945
3.39755
1.86639
2.41733
3.51302
3.44035
3.56208
3.41278
1.71
1.29275
1.09364
1.07846
1.6864
0.856925
7.02507
3.55542
3.01127
3.08051
3.48495
1.7626
0.944958
1.15959
3.41473
3.18893
6.5754
1.20865
3.3891
1.67586
1.63717
2.76721
6.17545
1.61922
3.38227
3.36756
3.3976
7.44118
3.70064
3.31013
3.34896
2.61623
3.39456
1.12012
2.74264
2.49989
1.58706
3.84505
3.41033
3.45367
3.39329
3.39393
3.36884
1.73634
3.70071
3.58121
3.4076
3.40062
1.06767
3.40283
3.28211
1.67587
1.90047
1.30249
3.72645
3.5937
1.08599
3.40041
3.74659
2.50938
3.37995
3.40998
1.54316
3.24362
2.55697
3.20782
3.38657
3.63636
3.79021
0.953881
1.2438
3.36151
3.44185
3.40206
0.863921
6.58796
1.1505
3.31339
3.46896
3.47467
3.74227
3.41349
6.422
6.5471
1.79631
2.58134
2.71317
2.64574
3.41458
2.57574
3.94334
3.52397
2.66623
4.26876
2.54956
0.844339
3.42437
2.63363
2.07031
1.62896
1.34158
3.66402
1.84731
3.36408
3.39671
1.20002
4.03925
4.97931
3.0646
5.40521
3.30503
3.32568
3.3978
1.16013
3.60735
3.3676
3.91776
6.21846
1.25237
3.05656
2.77218
3.41989
3.3671
2.75746
1.67121
1.30752
3.2139
1.09671
3.22688
3.0812
2.70539
3.93742
6.05951
1.83199
3.34144
2.34556
3.40945
1.49313
0.867195
3.36655
1.99695
1.7318
0.797933
3.70354
3.51152
2.68697
3.88945
5.19392
3.40222
3.35427
3.20803
3.63578
3.38779
3.19626
3.77421
3.43039
1.61441
3.97849
3.4712
3.84804
2.91095
0.975276
2.80367
3.7576
5.66682
1.19474
3.41899
3.35537
3.68386
3.30486
2.68549
1.08611
3.40287
3.40051
3.15451
2.51443
1.5852
2.99431
0.995462
1.87706
3.84867
3.63465
3.41919
2.73721
1.17867
4.40834
0.925587
3.61522
3.35065
3.23595
4.47025
3.38091
1.21795
3.40106
3.63984
3.29931
0.842495
3.91133
2.71313
3.56254
3.41567
0.767788
3.65217
2.93394
3.9803
3.24535
1.25224
2.85433
3.41822
1.48214
3.4234
3.83221
3.40698
3.89393
2.42032
1.85673
3.69942
3.39869
6.62025
6.49214
1.6578
3.12332
1.45809
1.05182
3.36662
3.42314
3.5741
3.39001
3.16755
3.26498
3.89178
3.80701
3.38046
3.48451
3.91491
3.7398
3.68171
3.48417
3.82534
3.5557
0.958476
3.05798
1.4719
3.33004
0.989092
2.49998
1.94957
3.15626
3.86657
3.48945
3.37458
1.57927
1.25348
0.363323
3.29329
1.66666
3.68688
3.78289
3.35355
5.4914
3.41656
1.0159
3.95003
3.72289
3.90401
1.51601
1.72813
3.48953
2.5212
3.91906
1.34604
1.18084
3.96525
3.98317
3.73391
1.74288
3.94486
3.32298
1.54075
2.59607
3.38966
4.00173
3.7487
3.78074
3.41983
3.74614
3.39573
1.10698
1.84111
3.40734
3.27066
3.02111
5.02642
3.39685
3.42676
3.32591
4.15231
2.84135
3.3923
1.36674
1.30065
3.34375
3.52863
1.42455
1.17009
1.21256
3.7105
2.88761
1.81415
4.2553
1.88346
3.58883
1.99976
4.9523
1.26263
6.24622
2.65296
3.59
1.27008
3.68081
1.15485
3.72095
3.6586
4.02571
3.41606
1.14564
3.14928
3.39943
3.89727
3.35461
1.1825
1.5353
4.00961
1.15514
3.57731
3.10911
3.39771
1.53476
3.97884
1.50245
3.79368
1.69096
1.55178
2.84567
1.21949
0.947393
1.74697
1.60193
3.19344
3.72267
4.88768
3.32632
3.88767
1.19577
4.23247
2.97764
2.71004
1.25021
3.70762
3.46645
2.76912
3.31494
3.30187
3.2729
3.28852
1.32022
3.30256
2.92054
3.36937
3.42233
3.06379
6.59162
3.44441
3.56915
3.41572
3.96474
3.4114
1.43563
2.76513
3.8389
1.38789
0.859492
1.05274
3.42309
2.91894
1.17605
3.34274
3.90837
1.47556
3.3575
3.57794
3.39144
2.94971
2.96256
1.06743
3.51394
3.73396
2.93654
3.23763
3.4791
3.36139
2.78473
3.53288
3.41577
6.69256
3.38518
3.38484
1.34157
3.5265
2.63228
1.11429
5.49601
0.903215
3.36105
3.78378
3.34359
3.67837
3.53337
1.50345
1.08572
3.16446
4.20119
3.47068
3.36606
6.9279
0.995568
1.27171
0.962655
3.65624
3.42233
4.07424
3.93924
2.92433
3.41185
6.72872
6.62011
3.39988
3.69845
3.3878
3.32724
6.87949
1.43971
3.41744
3.59322
3.32859
3.26657
3.60172
2.98308
3.4381
0.706039
1.56766
1.33739
3.66361
5.95951
5.85091
3.44971
1.96746
1.12552
2.76395
4.77247
3.53042
3.55682
2.75201
3.70271
3.139
3.24485
5.80204
3.73371
1.79838
3.17455
3.43648
3.65466
3.45701
0.851528
1.46616
3.477
1.29268
3.21346
4.00236
2.80521
1.00868
3.34071
3.42958
3.65876
1.12922
3.62742
2.05675
3.74783
3.71816
3.34766
2.71428
2.79069
0.915883
7.36217
5.90849
3.75236
2.36684
2.70378
3.26337
0.953482
3.02931
1.01477
0.859329
2.12937
0.823428
3.30138
3.36591
1.45112
3.31198
2.41164
2.82303
3.41337
3.88873
3.49292
3.383
3.99331
3.37337
1.77822
7.84059
1.28056
3.38969
3.38346
3.20479
3.93938
2.72855
1.48172
3.18566
2.81602
5.26862
3.55358
0.980155
2.67551
3.37888
1.02414
1.21078
1.32208
3.45031
3.10565
1.76325
6.48903
3.66249
7.55761
1.42714
1.20337
2.74179
1.25883
3.64509
6.25518
1.02264
3.59979
3.39381
3.42172
1.29274
4.4546
3.21818
3.23417
3.71339
1.36138
3.19636
1.24936
1.61558
2.96888
3.45761
3.67562
2.68341
1.23187
1.20096
2.21652
6.69083
6.78949
3.37257
3.67997
2.56857
3.41923
3.3656
3.1587
2.72629
5.7783
0.983222
3.4176
3.63703
6.00268
2.7089
2.23247
3.41089
3.25765
2.9442
3.62605
2.99031
3.03806
3.67111
1.47826
1.28898
2.6533
3.1204
2.12341
1.48174
3.38749
0.443745
4.04172
1.63834
2.86853
1.34976
0.785086
3.41008
2.73085
0.538203
3.12205
3.41556
3.42294
2.91515
3.53293
3.49962
1.94456
5.11436
3.28268
3.32556
2.84909
1.83093
3.53815
3.59016
3.13017
3.91353
3.59812
3.61172
3.39883
3.27658
3.32446
1.27164
3.20783
3.18081
4.02496
3.4358
3.52661
3.34919
3.694
3.47695
4.92702
1.38588
3.24263
4.02091
2.88734
3.75748
0.757367
3.63973
2.69533
3.4126
3.46363
3.35041
3.80444
2.28223
5.16177
4.04577
4.914
5.19889
3.24771
4.21335
3.35075
0.859953
1.19464
1.19858
3.50187
1.10085
2.69845
6.61853
3.12644
3.42376
3.17819
1.46761
3.39872
7.3501
6.00428
0.901299
1.28678
1.38292
4.11133
3.20652
3.78976
3.38438
6.92479
1.06942
3.62911
2.33417
1.46545
3.26658
3.5973
3.47069
1.08985
3.6893
3.41253
1.24672
3.21323
3.76708
2.82562
3.39124
1.80518
6.16981
3.31742
3.31002
3.78124
3.71582
2.63184
3.41828
3.64762
3.2604
0.84349
5.89377
3.72538
1.07524
3.13315
3.30571
3.29248
3.02029
6.45319
2.77315
5.27568
6.29694
3.04791
3.37997
1.77953
1.75879
0.624924
5.94419
3.37355
1.25444
0.744845
3.30456
2.70363
3.07166
5.24808
3.78707
2.62702
2.99704
5.24151
3.43058
3.5839
3.85053
2.58669
7.08494
3.23133
6.87169
6.75171
3.39367
3.67711
6.3042
3.47067
2.75039
7.07971
1.16871
1.76914
3.36192
3.37514
3.23713
3.45833
6.42646
1.90565
7.5814
1.25639
5.73558
3.32558
6.39473
3.5593
1.65738
1.22386
3.74361
3.24964
3.9167
2.83816
0.718367
3.72867
1.84902
2.74359
5.69928
3.60944
1.58999
3.40427
3.35556
1.14804
3.31707
3.24757
3.23286
3.71927
3.39881
3.68338
3.4731
3.65512
3.35113
3.41705
3.24813
3.41371
3.35336
1.23469
3.38305
1.78122
3.77421
3.2039
3.33891
3.8977
3.34509
3.56305
3.42185
1.06156
3.062
1.40556
4.32714
2.09696
2.7468
6.45049
3.49163
3.37494
6.50875
3.20643
3.65024
1.4987
2.72445
3.41271
3.40856
0.893949
3.79725
1.05551
2.73888
2.91523
0.348309
3.26161
3.48609
2.19575
3.43973
3.89701
1.29754
1.03309
3.78606
3.92868
3.83672
3.03931
1.10901
3.07113
3.60579
3.38461
6.10896
0.901541
3.91673
1.89431
3.44564
3.0715
3.0127
2.96736
5.64979
3.05063
3.4195
3.50344
3.65393
3.38587
3.38992
1.3505
1.78586
3.40611
3.71027
3.67054
3.91516
3.21965
3.79339
1.25158
3.35659
7.61387
4.95244
1.50377
3.53599
6.42806
4.49761
1.33472
3.75559
6.66037
5.07734
3.38862
1.38986
3.82793
3.27457
1.06971
0.249475
0.208816
3.30737
1.15748
3.40348
2.23536
3.44889
1.41071
0.849312
1.94992
3.87259
3.62468
3.79057
0.674899
2.39217
2.58111
1.71319
3.42279
4.02606
2.75496
6.89625
6.81602
1.64939
3.36821
2.93398
0.929508
6.44902
1.36073
3.40066
1.67122
7.57001
0.725797
3.17637
3.39588
1.64991
3.54164
5.16968
2.85901
1.79491
3.39316
5.3804
3.39957
1.21888
2.74761
3.38548
0.916896
3.92818
3.29082
1.78941
3.91578
1.84769
1.95095
3.39864
1.79142
2.36395
2.59024
1.19191
3.00925
2.84983
1.10944
3.65406
3.37933
1.57358
2.21224
3.22212
3.68059
3.09564
3.45187
7.56663
3.49813
0.992159
2.78433
2.2621
2.08884
6.45451
6.93496
3.34346
3.06591
3.56216
3.37623
1.21945
1.35896
3.35089
6.66391
3.63534
3.37609
0.956004
1.30392
3.26456
7.35845
3.66202
3.28437
3.32202
3.60426
3.63742
3.34302
0.686428
3.66332
3.76018
3.51119
3.81285
2.8927
3.45351
3.39372
3.91538
1.24522
1.60077
3.9899
2.97355
1.87957
2.4079
2.81364
3.04725
3.53241
1.51353
2.60823
3.38111
3.40992
6.84369
2.59039
2.72385
6.80091
1.95186
2.69023
1.76244
2.79968
3.42328
3.26444
0.902346
2.61622
3.63993
3.87734
3.00177
3.46038
3.36958
3.79632
3.75753
3.38183
3.889
1.14417
1.24415
6.99812
3.22372
3.33432
6.12428
3.49201
0.797036
3.05801
1.441
2.97425
0.872188
3.26188
1.07759
2.73545
3.3363
1.28095
1.74053
3.67421
3.10492
3.54082
1.02359
1.09195
3.6396
1.42661
3.40976
0.887219
1.33133
3.99774
2.85706
3.55242
2.42286
3.68444
3.33421
1.78119
3.38728
3.78851
6.46986
1.36957
3.82347
3.36602
3.62821
5.01769
3.70695
0.781262
1.30374
1.27212
6.15853
3.42268
1.3677
3.37021
3.67459
2.43751
2.01596
3.40945
3.2128
6.46923
3.54882
3.40039
1.62993
6.86351
6.94561
3.39794
2.57583
3.34582
1.23515
3.43049
1.34525
3.30835
3.38662
3.61986
1.57127
3.5403
3.41308
5.61414
1.382
5.08367
5.19501
3.41744
2.81055
6.851
1.31291
3.43415
3.19786
2.80568
3.07902
1.67703
3.09084
3.14258
3.41539
5.50519
2.30879
3.78791
3.39608
6.68698
0.962011
1.92134
1.2652
2.99281
3.41779
1.09375
3.07371
3.40835
1.13565
3.37256
2.76721
2.8013
3.42451
3.04927
3.41428
3.53998
3.41523
6.18742
6.35951
4.83646
1.68862
3.61274
2.73955
2.77885
3.39655
3.36731
3.28934
3.40102
3.61653
3.3519
2.71079
4.02214
3.38313
3.4195
3.42609
1.31914
1.42677
2.72425
3.40875
7.09033
3.29398
2.47113
1.07832
2.74119
5.43203
6.02586
3.59754
3.40866
2.27635
3.06191
3.34166
3.38193
1.87134
1.64891
0.700846
2.81087
1.18659
3.0854
1.11286
3.05086
3.8119
2.98258
3.26273
3.36479
3.18418
3.35782
1.79816
3.47013
1.91421
3.63987
1.12164
3.21556
0.873184
3.13717
3.54696
0.756035
3.55286
3.79894
1.031
3.99966
3.40843
2.63933
3.31977
3.65594
1.94866
6.07009
1.18594
3.34419
1.36334
3.2724
2.91472
3.51326
4.89221
0.755983
2.94526
1.36485
1.33233
1.19528
3.30288
3.03536
2.1159
2.62445
6.01373
3.61687
3.60347
3.37496
2.78327
1.36329
5.66513
4.40274
3.00398
3.32877
3.32301
1.28406
3.75464
3.19645
3.58426
0.816699
3.08804
3.42225
1.78714
3.59972
2.76103
3.34843
0.961536
3.37174
6.23627
0.863995
2.8818
3.32635
3.49091
1.72633
3.30879
1.82681
3.41774
3.33574
3.04767
5.82733
2.6826
3.83607
1.90362
5.44595
3.01362
1.07436
1.94819
4.01135
1.44734
3.77915
6.38707
3.37267
0.990154
7.02579
6.94822
6.44102
3.37864
1.22283
3.38446
3.60884
4.19612
3.26941
1.22088
1.95706
5.74494
3.2875
3.3608
3.47235
3.50197
3.32802
2.9813
3.05534
1.39902
2.44937
1.07252
3.48221
1.11793
3.80461
1.92005
3.3322
3.33332
2.79462
3.40767
1.71282
3.35978
3.36947
2.0031
3.63975
3.41518
2.48818
1.43834
1.07379
3.3806
5.41699
3.5193
1.42317
4.48506
3.58446
3.38032
3.33316
0.915705
3.39192
2.91124
1.0353
3.58774
1.27754
3.32269
6.48704
1.66774
2.36906
1.04742
1.31713
3.65429
3.39701
3.71177
1.81106
3.34192
1.32635
3.33806
2.91677
6.00029
3.39556
3.02731
3.38887
0.96596
3.51113
0.594165
1.6477
2.7603
5.47044
3.33789
3.39061
3.44794
3.81537
3.63681
2.23101
2.43402
1.71968
3.42046
3.35753
3.46239
3.3263
2.77628
1.59918
2.97774
2.75386
6.05629
5.53891
3.52921
2.89516
1.42536
3.35267
1.64824
1.2172
1.77503
3.40512
2.42926
1.29225
3.42307
1.84124
2.05333
3.74413
1.25482
1.83593
3.40085
1.33604
3.37965
3.86684
1.47887
2.73194
3.42171
0.52517
3.35959
3.12679
3.62859
2.72317
1.16982
1.24076
2.82616
1.39074
3.31348
2.8226
2.77149
5.15034
1.16648
3.43296
3.35662
1.28507
3.25431
5.4452
3.79008
3.79188
2.94378
3.42063
3.36339
2.74599
2.96401
3.38423
3.45144
6.00424
1.24433
3.56631
3.37441
2.70849
3.07509
3.61894
3.36623
6.40454
3.7692
3.62069
1.07254
3.71623
2.95141
3.34227
3.14443
1.07057
2.09369
2.37002
0.90607
3.36968
2.72504
3.69098
2.77887
2.90707
3.77772
0.801946
1.26128
1.21148
2.57138
3.51586
0.967746
1.59937
3.41919
3.50719
6.86787
1.92162
2.70935
1.33285
1.20241
1.58381
3.22389
3.35825
2.68442
3.92236
3.7864
3.42213
2.39178
2.94006
3.43359
3.24381
5.49153
2.40689
0.882242
3.00842
1.37546
3.50696
6.98869
7.04762
2.6175
1.09054
2.75438
3.77715
3.02427
1.94245
1.8382
3.31543
3.98729
2.90208
2.86419
3.51585
1.49049
3.94282
1.6801
3.35096
1.14086
3.43117
3.41275
3.38912
3.82387
1.46786
1.86803
3.40232
5.21708
3.52747
3.25951
1.59163
3.35882
1.6669
3.75663
3.41528
2.78115
3.18119
3.31459
1.24046
3.41073
3.42258
3.40206
3.22915
3.36237
3.65366
1.1783
3.54131
3.37483
3.34286
3.19257
3.30383
2.09973
1.38593
2.78516
3.9276
6.62778
3.56866
2.20595
3.80571
2.65463
2.23353
5.58816
3.3915
3.78196
2.62112
2.6735
2.75743
3.58221
3.39673
3.43085
0.819388
1.33884
3.09223
3.27088
2.67341
3.38478
1.68888
3.46135
2.62331
3.57319
1.52025
2.92943
1.27227
1.61117
1.01149
2.98159
1.25293
2.74448
3.61804
0.948148
3.50733
2.93246
0.977362
3.65965
1.34489
6.03092
3.92804
3.58055
3.40773
1.95673
2.50186
3.3701
6.67941
2.49354
3.34716
1.69719
3.75502
3.50114
2.65554
3.79259
3.32437
3.81434
3.00404
2.51108
2.68549
3.27505
3.34542
4.00708
1.29245
3.22129
3.83342
2.71494
2.70743
1.22637
2.74722
1.25934
6.5114
3.33273
2.63129
3.33853
1.00555
0.712466
1.26726
4.05178
3.37217
3.53687
2.8684
1.34384
3.30968
1.78926
3.99458
2.65846
5.93417
7.48413
3.05991
1.69232
3.58531
1.77746
2.64888
4.01734
1.82784
3.76677
0.693374
1.6936
1.29902
0.76427
5.24234
2.55919
2.53555
6.75172
3.39472
1.08586
6.35572
1.34976
3.37218
5.43197
0.971459
1.06214
1.19081
3.19811
3.34416
3.58301
3.6593
1.38204
3.24412
0.806688
3.24572
1.16736
5.82337
1.42116
1.18698
0.534812
5.71068
2.74752
2.72435
0.858592
0.839547
3.47803
3.27777
4.04285
3.33791
2.38915
2.67039
1.84809
1.90924
2.75294
1.14567
3.38833
3.53827
4.35504
3.88362
3.85899
3.34504
3.39399
3.347
1.00219
3.04348
0.648134
3.31555
3.63554
3.42884
1.07682
2.74012
3.79656
3.78902
2.62743
1.32343
1.1999
1.32291
0.985082
2.18755
3.26401
2.70084
3.35688
3.33995
3.41343
6.85658
2.12166
2.64775
3.37045
3.31314
1.69392
2.79525
1.60164
3.41337
0.934616
3.23445
3.40552
6.93688
2.75372
3.23236
3.38399
3.48765
3.88483
3.37475
3.38087
1.32935
7.43588
1.58926
3.77066
3.3321
3.39189
1.71968
6.41667
3.38622
2.68893
1.47143
3.65248
3.36083
1.21183
1.36577
1.30132
3.38819
1.69261
2.19631
1.02966
3.35929
1.15158
1.35036
2.59107
3.64205
3.34885
0.836016
2.5403
1.46269
3.38844
1.18036
3.67766
2.55755
3.41118
2.76195
3.27482
5.13017
3.42161
1.34501
4.48045
2.65544
1.27997
3.39082
6.61326
2.60819
3.60099
3.33666
3.43269
0.679403
2.5029
2.59808
3.3659
1.61135
6.54042
0.633202
1.46225
3.41646
2.67762
4.1141
2.96727
3.30308
7.45531
3.84434
2.71945
1.35808
3.37727
3.38996
3.33195
3.49503
5.20941
3.61353
3.42321
3.39181
1.4884
2.43848
3.10291
3.7785
3.41
2.88996
3.41998
1.2103
0.867889
3.89051
2.50139
3.4217
3.40175
2.68301
1.15753
6.41199
2.5872
1.3245
6.55859
3.88242
2.9218
3.57111
3.19675
4.58813
3.40142
2.2565
3.69293
3.9918
3.41535
2.95852
3.42165
5.12686
3.39569
2.76134
3.399
1.41343
3.11104
1.2496
3.7728
3.3757
3.01078
6.1541
3.9809
1.52244
3.43717
2.6834
3.0112
3.41486
3.41404
4.78918
3.27502
3.65297
2.6758
3.70002
3.40822
3.28071
3.61039
4.78266
3.04377
1.77851
3.39063
3.9911
2.86155
2.65753
2.00839
3.56478
3.42958
1.59057
3.41047
3.41219
3.38358
3.41705
1.26704
1.88081
3.51507
2.68993
3.1198
3.40896
1.20889
2.6454
2.44106
3.95807
6.51562
2.98512
4.08691
2.99961
5.49409
5.59519
1.35446
2.80474
1.32593
3.70166
0.883174
5.28365
1.3629
3.36648
6.6708
2.62284
3.70817
4.18245
3.60835
5.35837
1.23645
3.29951
3.28996
3.01804
3.90937
3.46437
3.29678
2.21428
3.38255
1.38756
1.84957
3.86557
3.26948
3.16389
3.49946
3.38921
2.09553
2.71543
2.94553
1.11208
3.40849
1.40352
1.17358
3.79601
0.63381
2.19253
4.1042
2.69483
3.41697
3.38627
2.60593
1.45183
1.92007
6.72365
3.39241
1.25764
4.61448
3.78775
3.02626
2.51494
2.83104
3.76418
3.33276
2.66723
2.65363
0.960583
3.55881
1.85867
1.08383
1.3598
1.06607
3.35239
0.304209
3.98774
3.41236
2.66298
1.52778
1.76455
3.74109
6.86228
1.66094
1.53241
6.85666
3.7598
3.74698
3.0235
3.62639
3.74341
3.23736
3.48555
3.39456
3.85556
7.87417
4.20026
2.97299
3.1985
1.30697
3.72576
1.36056
3.38603
1.03435
3.40202
1.88953
1.48179
3.83297
1.95091
1.18425
3.87659
3.4986
3.38432
4.01491
0.659418
0.472312
2.37558
0.93367
2.56956
2.97665
3.65291
3.22871
3.39759
2.84647
2.65055
2.83181
3.32849
3.31711
5.00925
4.21352
0.919745
1.34829
4.8233
3.10175
2.63903
0.980445
1.82541
1.39223
3.50339
3.59954
3.27194
1.36877
3.36307
1.37982
3.29654
5.44976
3.40878
7.36697
4.01533
3.41256
5.37917
3.21908
2.99224
1.36397
2.21774
3.39406
3.40608
7.41492
2.1995
2.83832
3.40068
3.45938
1.63283
3.30673
1.04939
0.884548
1.50878
1.27957
1.58018
3.38264
3.99244
3.81237
2.9105
6.63914
1.29975
3.42319
2.68882
3.8549
1.25183
3.3837
1.22818
6.63618
1.31633
3.23355
1.07117
1.32004
1.31338
3.28758
3.23144
3.43209
2.01632
5.21925
1.99412
1.65138
5.45951
3.23205
3.50697
3.3761
1.60521
1.78948
5.69505
1.63109
3.66031
1.56823
1.17337
3.22834
3.38327
3.41142
1.92051
1.26499
1.34307
1.37721
1.11628
4.18515
0.600671
1.93806
3.40306
3.42476
2.26598
5.2995
0.428927
1.19538
1.15024
3.40583
3.50366
3.41548
1.61042
1.16146
3.25003
4.03167
3.34781
1.44591
3.36261
1.87209
3.63983
2.88853
3.30411
1.85526
2.63575
2.11232
1.86935
3.61965
1.3094
2.05313
3.4075
1.47053
4.60732
0.941692
3.45798
7.78022
3.09693
1.21069
2.31416
1.46803
3.33225
1.0946
3.75059
4.04248
2.35266
3.56537
3.37185
2.9189
3.39745
3.47412
1.33309
3.37693
3.95934
3.30218
1.78431
1.3054
3.37427
1.35429
2.35639
3.88173
3.77391
3.28741
7.5473
1.92522
0.807024
3.37272
3.39669
0.602744
1.47
1.36834
2.64333
3.58925
2.79824
2.57384
3.33342
3.38257
2.61901
1.31796
6.29854
2.86157
3.29401
0.830049
6.34771
3.34037
3.32265
2.71164
3.95287
3.15269
6.3131
3.41362
1.16507
2.74495
1.40674
1.57419
1.41703
2.98977
1.86877
2.42749
1.34274
3.41257
3.42707
3.79063
2.5517
4.06055
6.06752
2.63818
5.74561
1.84938
3.41567
0.775111
0.824284
1.29886
3.79538
2.64622
1.22684
2.08148
1.94965
1.25114
0.939476
1.50013
3.4879
3.36213
4.04618
6.99636
2.55746
4.02977
3.3354
3.78825
3.38669
0.703355
1.59933
2.6741
3.21375
3.38083
3.36435
3.4046
2.45697
2.02301
6.20875
3.02838
2.57881
3.40136
6.43735
3.19431
1.5156
2.6074
3.39265
1.25388
1.35208
1.04237
3.67682
3.35678
2.96953
1.23762
1.50498
2.5417
3.70214
2.93611
1.41214
3.39535
2.90273
6.04615
3.81816
1.51498
3.85266
1.19042
1.40587
2.39014
1.95992
1.59118
2.64586
2.20293
2.67618
2.67386
3.21906
3.92387
1.1343
6.23086
1.3915
3.3715
3.50486
1.11884
1.11209
1.82113
2.70734
3.7998
3.20883
3.41374
3.34915
7.21171
1.32437
3.14064
2.08029
1.46821
3.33723
1.18251
3.4173
1.90796
1.53009
3.35809
3.92473
3.3339
1.14766
3.24886
3.47599
3.3708
2.92832
1.37131
2.49161
2.69268
1.20213
2.90604
3.1855
1.25894
3.35347
2.97066
6.64272
1.27361
1.35252
3.41707
1.79229
2.1368
4.32168
0.944681
1.36963
3.39958
4.59147
3.11367
1.34732
6.95094
3.33909
3.16761
2.83568
0.898106
6.11875
6.76795
2.54084
2.9114
1.15976
3.34414
4.56177
1.7709
5.89763
2.23793
0.991427
2.04638
3.32564
2.75402
1.41653
3.39301
2.66473
1.62134
1.80691
3.34784
3.32777
1.22831
3.67575
3.41577
1.3757
2.87087
1.15376
3.71581
1.23174
2.50502
1.22729
1.31316
3.3128
2.65298
6.95463
1.83535
3.39385
3.08933
5.74245
1.6933
3.36126
2.9949
1.30084
3.42017
1.24371
2.82807
1.22917
3.43317
3.55651
3.6514
3.35517
5.51252
2.28052
3.36196
2.67984
1.15044
0.659008
3.28494
3.8115
3.33356
3.36827
0.76918
3.34713
0.886985
2.56364
3.78401
3.33794
4.02437
6.60383
3.41035
5.9686
1.43189
1.38453
2.72019
3.10158
2.63101
2.66609
3.38459
1.59285
1.93862
3.39305
2.00239
2.68263
2.84032
2.61554
3.41215
3.39162
6.07771
5.56003
3.3804
2.54623
2.70797
7.549
4.01589
2.25627
2.84314
3.39931
3.15518
1.77237
1.17686
1.37838
1.52909
1.75138
3.35415
3.60019
3.35498
1.39423
4.96956
2.03253
2.4852
6.50564
3.41837
1.00396
3.51795
1.41162
3.16625
2.14623
3.31615
2.7938
2.48002
3.17944
1.76426
6.01846
2.32412
1.45234
2.89438
3.14599
2.74635
2.69545
3.78601
1.43789
2.31671
2.76001
1.86972
1.42482
5.22198
3.38853
5.75492
3.39137
1.26009
2.94484
3.4153
3.95567
5.74902
1.86617
3.25176
2.53644
1.06029
2.14252
3.37719
2.49753
3.37511
3.46483
2.41313
3.65837
7.93766
2.77293
3.40764
3.3303
2.97272
3.31894
2.45025
1.31238
3.46434
3.39826
1.9006
2.71177
3.78711
1.51043
3.35392
3.38507
0.943912
1.12415
0.0521146
2.67876
3.03879
2.65757
2.50958
3.36796
2.35287
3.03916
3.29187
3.45943
5.37361
0.964895
1.94229
1.19188
2.11802
1.35893
3.33375
3.70649
3.17525
1.35606
3.83074
3.31852
6.80523
2.24002
4.03481
1.44555
3.63291
2.03568
1.28091
3.56679
3.37256
2.67215
3.10611
1.44498
1.96983
1.38309
3.42867
1.14035
1.31072
2.82729
3.3967
2.68992
3.35491
1.85851
3.67609
3.30199
1.14704
1.46994
3.35514
3.25163
3.32985
3.37978
1.5043
1.43424
3.35462
2.87501
4.0919
3.42372
5.72739
2.59104
3.00306
2.67058
3.42054
2.65411
3.37579
2.63592
3.71421
1.8372
2.67095
2.91462
3.55134
1.25092
2.82252
2.61689
3.24476
7.59774
3.34063
1.41213
3.3852
6.00854
1.48378
0.404332
3.78801
1.8603
2.56331
2.62562
1.16701
3.24506
1.76037
4.74696
1.33582
3.42635
4.33623
3.87126
0.975153
1.92071
3.36586
1.22417
1.21465
1.73501
1.91694
3.49526
1.04679
3.15467
2.78236
1.33309
3.35451
2.78018
3.40083
3.59544
3.32996
3.3358
1.23014
3.581
3.89598
3.33807
3.83912
2.58854
2.33861
3.84618
3.41181
1.26864
3.3247
2.94987
1.21889
5.20982
1.32865
2.24198
3.41478
3.33438
2.7601
2.61897
3.05474
3.37897
1.41398
3.97402
2.90672
3.4147
2.36752
3.76941
1.59983
3.62701
2.1237
3.43093
3.51898
1.44867
3.20188
3.34624
6.50477
1.24491
0.914825
1.75176
0.801245
4.91689
1.27904
1.23202
1.79328
5.4781
6.32327
1.56928
3.74338
1.34463
3.61253
1.87515
2.54617
1.93774
7.55372
3.68066
2.70104
3.35496
2.09859
1.3
2.391
3.74207
6.07194
2.36311
3.35433
3.34492
4.01174
1.736
1.25359
0.888177
1.7539
3.42122
6.44774
3.72709
4.00407
1.38397
0.82693
3.30429
2.86489
2.75017
3.37545
0.902258
1.31325
3.2441
3.40572
1.43226
3.2547
3.04529
1.52585
1.62375
3.56536
1.38965
1.53723
1.07563
1.87589
3.40687
1.90945
1.54926
1.32098
3.38678
6.33556
2.756
3.06126
1.41493
3.27379
1.00305
3.41275
3.38256
2.79427
3.40621
1.41708
3.24607
1.42955
3.29421
1.81114
0.979393
3.40695
1.34693
2.98807
3.41233
2.97463
1.389
3.35681
3.33984
2.32746
2.50988
2.86088
1.17561
2.65549
3.64889
3.44773
1.32112
1.37051
3.39868
3.32222
3.56617
5.53817
1.10813
1.06326
2.48708
2.74967
1.3264
3.38789
3.29695
3.65367
1.64911
1.76221
2.7521
3.37776
3.19428
3.39017
2.7822
1.87031
3.37882
2.74342
3.14194
3.35518
2.63125
3.6319
3.48383
2.65148
3.37984
0.666233
1.2361
1.95748
1.98801
1.59701
2.71196
3.21311
1.3295
2.87279
2.96151
3.08263
1.34361
4.0213
0.81138
4.97663
0.622625
0.826731
1.60755
3.77304
2.18477
1.30374
2.00174
3.34899
3.43043
2.4013
0.809629
1.26093
3.12211
3.30389
3.79141
3.58302
2.64885
3.51585
1.1299
3.54093
3.57745
2.66125
3.37317
3.07926
2.78432
5.53355
0.833463
1.95149
1.08625
3.29997
1.31399
2.69016
1.50694
1.71802
2.77434
1.01814
2.757
1.19862
3.44339
3.40785
6.5172
1.66929
1.39401
1.43176
3.40299
3.09241
6.67594
6.40103
2.90406
2.96556
2.99845
2.93047
3.31648
3.28575
1.52667
2.89538
2.82739
1.64682
3.13397
3.32752
3.25379
3.93925
2.77475
1.38938
5.81782
5.63185
3.2946
3.31935
1.33471
3.34828
1.20677
3.22333
3.31811
2.70606
2.66741
2.95232
2.65175
7.4319
3.33313
2.73034
2.83012
3.33773
1.42265
3.31858
6.20055
3.27576
5.40131
3.38111
5.75513
1.73794
3.04737
3.36416
1.58202
2.86784
3.34824
5.02484
1.82827
3.93603
2.85851
2.67188
3.42079
2.75135
3.39526
1.7374
2.7073
2.49578
3.32846
1.45241
3.52248
3.30498
2.71226
1.51651
3.36027
3.47182
3.07402
3.39712
3.42438
1.81813
3.74854
3.28575
3.16701
2.49367
2.72878
2.75603
2.89963
1.33891
2.95811
1.44235
1.21915
3.0623
3.71733
3.37201
3.4606
1.35129
1.0755
3.37525
3.32324
3.55202
3.26526
3.53208
3.12844
3.41136
6.37495
1.68604
3.80533
2.7105
2.53385
1.579
3.35611
2.86153
2.87894
3.82941
3.33399
1.78833
1.34098
2.9771
1.50862
2.3412
3.48011
2.432
1.29298
1.55581
5.3927
2.30706
5.90671
1.34722
2.69502
3.13771
4.01339
1.25677
1.32355
3.40911
3.36395
2.64232
2.84078
0.893764
1.65641
2.93383
1.36798
6.34216
6.87199
3.30496
1.32677
2.6728
2.99858
2.41822
1.51401
0.854538
3.49159
1.26609
3.48068
1.45582
3.28914
3.59978
3.37735
1.46355
6.91439
1.39402
1.94065
3.42615
1.47093
0.956228
2.69077
3.0888
6.67515
1.28305
1.57309
3.33601
1.95519
3.24977
1.82521
2.39934
3.03658
1.74371
3.28458
3.31078
3.23935
1.28368
1.69901
3.35094
2.83867
3.46063
3.97112
1.02742
3.35662
2.68404
1.47443
3.86296
3.34179
3.36727
2.7949
3.08928
3.66516
1.42846
1.53525
2.94322
3.34393
3.21709
2.98873
2.70555
1.08853
0.694702
3.58996
3.4876
1.83611
2.77161
2.52075
1.38083
6.57993
6.45418
1.93872
3.79007
3.8905
4.64477
3.42204
3.24185
2.18553
5.73235
3.35793
0.948204
6.52533
6.10066
3.99029
1.13626
5.46866
3.23712
1.60092
2.70597
3.35033
0.889361
2.50001
1.50729
1.62646
3.29728
1.38091
1.55724
3.55284
1.379
2.68505
2.05659
1.86784
1.94343
3.35078
6.5311
1.2751
3.37483
3.81055
3.86612
1.27634
2.73155
1.38063
3.36133
3.03859
3.66325
2.41435
7.7528
3.40736
3.63345
1.38778
1.70408
4.47001
3.68287
2.75188
0.767486
1.3991
3.36779
3.52014
1.70743
2.45657
1.92825
0.118518
2.82641
1.8897
1.70754
3.04808
3.36453
2.67097
3.35202
1.18247
1.94936
1.85803
3.41931
2.96004
1.82294
1.18681
3.69472
1.62861
3.40176
1.38737
3.8191
2.56269
2.2918
1.30659
1.25448
3.38759
1.76387
3.34871
2.69831
5.40977
2.25847
2.96024
1.31927
3.39409
3.35182
2.70901
3.55524
1.47238
3.59976
1.19525
8.49841
1.60632
1.29467
0.763913
3.37101
7.13564
0.99858
1.38271
3.71823
3.51759
3.71371
3.20354
2.64152
0.842003
1.99732
1.13192
1.367
2.89804
3.22379
2.71063
3.10022
0.976415
3.09873
0.509601
3.24306
1.43708
3.00032
1.72578
3.35997
3.37095
3.41395
2.73177
2.60716
1.62995
1.60574
2.61221
1.01424
3.87466
3.3707
3.37497
1.78282
1.24028
3.07079
2.44264
7.6543
1.60167
1.71251
1.86286
2.75559
2.93348
1.48974
3.41329
6.73826
2.58235
3.31969
2.63123
1.08717
4.76519
0.832247
3.25547
3.28894
2.56521
2.29492
7.85084
3.12632
1.32275
3.57991
3.35894
6.05442
3.13935
2.88803
3.38935
3.73655
3.87722
3.85426
3.35493
0.760501
3.78815
2.73161
1.37002
1.40523
1.56914
1.30756
2.53392
6.89545
1.58105
3.39946
3.41287
5.14266
3.24539
3.55452
3.38597
4.28663
2.22501
7.48901
3.42162
3.33994
1.05214
3.38138
5.55553
3.18998
2.72424
1.72936
3.36013
1.81828
3.32581
5.14588
3.37489
3.10269
3.37297
3.4184
3.19287
3.84229
1.67991
1.77802
1.52113
2.14775
3.88631
1.87818
1.32937
3.13378
7.68384
1.49685
3.45239
3.38594
1.1816
3.11588
2.72088
2.16061
0.991749
0.956209
2.78752
1.57607
3.37827
1.31565
0.515013
2.19425
2.30154
3.36074
2.75548
1.288
2.45417
2.63149
3.2269
3.70845
1.48852
5.60088
1.99996
1.80418
2.75694
1.66894
3.0809
3.09463
1.39829
3.13876
2.72309
3.41844
4.69414
3.33901
3.15831
3.17843
1.24241
3.73692
1.36138
3.02833
1.64595
4.81827
3.41415
1.31863
3.6065
3.79597
2.77649
2.83271
3.37752
1.44817
2.63201
1.31466
3.33916
1.58453
0.824261
2.62302
1.40367
1.9963
3.68823
1.46554
3.36367
2.96627
3.88827
2.59602
3.39006
1.11973
2.48878
3.28163
3.74378
3.39279
3.30944
2.93304
3.33865
3.23032
3.10933
0.832556
3.89808
3.36155
6.1784
5.69075
3.13662
1.29397
3.56856
3.19488
3.38684
0.664075
2.85108
2.71354
1.09256
3.53924
5.93836
3.52
3.42483
2.1087
3.39223
3.44854
1.51547
3.18405
5.32385
3.83884
3.59211
1.37406
3.8832
6.82075
3.43021
6.26916
2.20312
3.29104
1.37176
1.39628
1.32365
1.07628
2.79942
3.20989
1.34784
3.3471
3.25847
3.03333
2.50032
3.38988
1.37
2.26927
3.23542
1.26591
0.856995
1.61913
1.27714
1.84104
3.5843
3.11037
3.23516
5.74379
1.56301
3.35538
3.39086
2.77886
3.42428
2.77315
3.20411
2.99344
3.40745
4.01354
2.72042
3.45972
2.59081
1.30042
3.11545
2.91329
6.41485
3.32124
2.19004
3.20156
2.47101
3.25214
2.99007
3.25897
2.71291
3.97369
2.90844
1.25387
1.62057
1.93832
1.35116
1.40265
2.31747
3.38749
1.41083
1.66764
3.78938
3.39014
3.0263
0.988927
3.39355
2.80006
2.76099
3.15687
2.64407
3.33111
3.3754
2.08605
1.68907
3.37962
2.52987
1.48314
3.40402
1.62573
1.77468
1.59597
1.33564
3.09063
2.51075
3.24809
3.76416
2.48971
1.49238
1.02301
2.83636
1.26939
3.78349
0.889087
1.29184
6.31489
1.14509
1.25375
1.2862
3.22497
3.423
2.51222
2.67246
2.84875
1.44072
3.39443
3.27445
3.60208
1.5047
2.70513
2.91875
2.22686
1.40173
1.33475
2.67445
5.7581
1.44133
1.75579
6.78454
1.60544
3.18871
2.67702
1.13664
1.42393
5.59778
1.40949
1.4973
1.5811
3.90727
3.3648
3.82655
4.27067
3.39268
3.93135
3.19403
1.50236
3.05945
3.42555
0.91562
3.79074
3.38655
2.26134
3.77836
2.97357
1.19202
3.26028
2.91488
3.25073
1.82777
2.50369
2.35619
2.87332
2.85825
4.41967
3.44533
1.67363
1.4422
1.16115
2.79512
1.92926
1.94802
3.34808
1.54881
3.38988
1.63057
0.944314
3.72308
3.19622
3.38161
2.7304
3.0581
3.36227
1.69358
3.5645
3.81259
3.35075
2.73184
3.3038
5.85546
1.30354
3.19487
3.00055
3.78869
3.72629
3.15511
1.86696
2.60286
1.92669
1.75918
3.32629
2.73009
3.48403
1.96335
3.38876
3.8482
2.7919
3.32335
1.3207
3.47561
2.23356
1.54573
3.26163
3.37784
1.62533
1.26563
1.40451
3.35758
3.24297
2.989
3.80627
3.83539
2.81265
1.55702
1.51462
1.37553
6.64842
2.83158
1.99878
2.79852
3.11894
3.80113
2.58751
3.34301
3.43362
1.06673
2.7274
6.22373
3.38531
1.52041
3.40208
1.45938
1.63088
2.87556
2.62409
3.29677
1.63818
3.64434
2.74705
6.75751
3.20391
2.06152
1.73525
1.9185
1.65318
3.43105
2.44063
3.52399
3.3422
3.19341
1.44401
3.32059
2.29876
3.39876
1.82164
4.84795
2.88325
3.15802
1.29897
2.70512
1.67501
2.39189
3.25377
1.06894
6.92905
2.30562
1.56818
5.98616
3.86891
3.40598
3.38008
3.64358
1.73862
1.1872
0.812598
1.49499
3.04522
2.67939
1.53759
2.64511
1.31591
3.36872
1.6794
1.51232
1.52925
3.36426
3.37749
1.95039
2.74529
2.70341
2.54182
3.27574
3.40424
3.44698
1.85821
6.26141
1.13557
1.6434
3.40745
1.4076
0.891704
2.74369
1.53284
3.20689
1.89317
2.57716
2.61074
3.30492
1.66667
1.49225
1.41539
2.95775
6.15829
0.707007
7.80946
3.85685
1.41931
3.44649
3.00427
1.42597
3.68194
7.28959
3.20396
6.49654
3.7074
1.39827
3.39629
3.54979
3.08431
1.60281
0.867928
3.25283
2.71627
1.48993
3.32028
1.14435
3.51274
2.4985
0.826493
3.38443
2.78935
2.90846
3.18899
1.47849
3.36866
3.37072
2.56616
3.88361
1.65669
1.46215
3.40923
1.89461
1.2942
2.96858
3.02339
3.97532
2.7457
3.07159
1.05256
2.6105
3.41475
3.36289
0.602664
2.74883
3.36475
2.74596
3.3464
2.3552
2.82632
2.47149
1.55326
3.49676
2.84957
1.55633
3.30043
3.91816
3.44725
3.64743
1.45435
3.266
2.86008
3.46001
3.55819
3.48853
3.04
1.2472
1.40871
1.62968
1.259
2.49736
1.44965
3.78081
1.96819
1.47342
1.39374
2.88645
4.21075
3.81553
1.36067
3.36653
3.39806
2.9367
3.67396
2.98125
3.63409
0.977995
1.89111
1.7044
3.83709
1.651
1.70474
3.31784
3.12726
2.79734
2.90594
6.13539
1.21112
3.46799
3.15646
3.40324
1.49984
2.63832
1.11363
3.83727
2.57783
3.77362
1.51777
1.52756
1.46912
1.42033
3.36645
1.34863
3.36084
4.15089
1.54217
2.50733
1.08476
5.07063
3.37144
0.836828
2.08047
2.82134
3.30432
1.26385
2.58569
0.726865
2.74058
3.06626
3.37721
2.11863
4.01628
2.45035
3.19942
2.73266
3.50049
3.17517
1.41351
3.28875
3.23572
3.38802
3.32365
3.26962
3.33399
3.4761
3.31989
5.11889
3.86458
4.01151
6.56379
1.62961
2.38842
5.15869
2.71758
2.76698
3.73953
1.89017
3.97327
2.88532
3.09142
3.09697
2.05715
1.44021
3.51859
1.34066
3.46725
3.22348
3.80052
3.29606
3.62761
3.25014
3.165
1.49316
3.36703
2.90122
1.34885
1.31176
3.22324
3.27941
2.06532
1.2433
1.95057
2.00406
3.74103
4.7309
3.84649
1.92556
3.39427
2.65285
2.58341
3.4696
2.73476
1.44106
1.42204
1.5319
0.943023
2.66287
3.54516
3.38826
3.13673
3.40698
1.4448
2.43958
2.52856
3.21433
3.60224
3.70141
3.24907
1.33948
1.4012
1.50189
3.66025
3.33808
3.51997
1.42946
3.39363
1.32708
3.3595
3.2741
3.37594
1.55565
3.26053
1.85819
3.4208
3.37477
3.10892
3.39868
3.24954
3.2956
2.64516
3.33754
3.17361
1.79859
1.54497
1.00362
3.55742
3.37517
3.50931
1.44049
3.91415
3.11382
1.91551
1.06355
3.50733
2.38925
3.08451
1.54525
3.81319
2.52376
1.60385
3.36639
3.87197
1.0616
2.57561
2.72901
3.45953
1.09527
3.47777
1.36959
1.69107
3.3993
2.79161
3.19909
2.85179
3.8262
1.22619
3.37324
3.69192
1.83343
2.48873
2.84918
2.77613
3.3803
3.37085
1.42631
3.28742
2.68769
3.33693
3.46607
3.9165
3.78847
1.44966
1.62614
1.10658
2.97585
1.42408
7.04628
6.95669
3.39318
2.86588
3.23348
2.51092
1.51299
0.875425
1.16285
4.2439
2.74392
2.53933
1.57344
3.70987
1.70378
1.93989
1.90278
2.57143
1.66653
2.77614
1.33449
3.40422
0.90468
2.85665
1.66575
3.34014
1.82455
3.58567
1.15627
2.76674
3.09974
3.31073
3.39216
2.61523
2.88004
1.97227
3.32924
2.97243
3.50492
3.25568
3.94131
1.6731
3.49326
3.52518
1.28424
2.69973
3.61676
3.32942
2.72054
3.20435
2.67756
3.4243
3.30335
3.00317
2.14962
3.76588
3.67474
2.1103
6.3958
1.24971
3.00748
2.8072
0.684425
1.61906
3.21498
3.83534
1.08628
1.41951
1.31551
3.82012
1.24829
3.54513
1.08172
1.73421
0.808188
2.67049
1.67538
1.76434
1.92314
1.94912
3.37191
3.36365
3.41137
3.41567
1.33135
1.48657
3.42311
3.79612
3.35049
6.02054
1.42948
3.46192
1.18306
3.29783
2.21027
3.33073
2.73668
1.56183
1.42028
3.81562
1.36315
2.5639
0.769889
2.80178
3.08447
3.54777
5.63145
1.88123
3.95765
3.1716
6.91816
3.0763
3.64883
2.60515
2.73334
3.67261
3.27325
1.56034
3.41474
3.39225
2.74312
1.90482
3.24613
2.55679
1.95125
3.3854
1.43501
3.39573
3.0708
6.2337
3.02892
2.29929
2.70551
2.84957
1.58239
3.81414
2.45496
3.34344
2.78834
3.32604
1.45908
0.950112
3.17546
1.35445
1.54974
1.95011
1.01708
1.49168
3.97137
3.27367
1.47565
2.50778
1.63958
2.57958
1.68783
3.37909
3.33428
2.49011
3.79109
3.76248
1.26618
1.54907
3.89933
3.02865
2.74252
3.38951
3.55404
3.29913
3.36934
1.44627
1.74319
2.10257
3.37788
3.57916
3.97269
1.72306
1.51505
3.50451
3.59425
1.35599
3.33319
1.96935
3.35036
2.50408
3.38999
3.02996
3.37343
1.59023
3.85286
3.75424
3.7606
3.36217
3.78652
2.91504
1.20544
3.34038
1.8921
3.6503
1.74367
1.38288
1.79969
3.36825
3.32229
1.6645
1.53199
1.00554
1.87866
1.43445
0.980804
3.57093
3.28116
1.90819
3.45752
3.01724
3.37621
3.37841
0.771603
2.8614
5.98508
2.95209
2.76369
1.5767
2.4153
1.90814
5.29693
3.32986
3.37304
3.39683
1.96753
1.4285
1.35352
3.38876
2.9898
2.79605
2.68659
3.4199
3.0057
2.91594
3.3785
2.55837
3.36168
3.386
3.42547
3.42834
0.99519
1.33607
3.30671
3.37299
2.80285
1.51047
1.63367
3.16437
1.62589
2.76366
3.53418
3.3145
3.59653
3.32251
3.46355
1.45328
3.3717
1.37581
3.21305
3.47923
2.71982
2.5024
1.13188
3.49379
3.00777
1.71124
3.41292
1.46893
1.28373
3.15032
1.81462
4.2629
1.43846
3.3795
1.55157
1.30381
2.41297
1.70971
3.38833
3.244
3.33212
1.69141
2.74978
3.14297
2.75131
3.32079
3.30123
3.44551
2.6127
2.71588
0.103783
3.18877
6.69543
2.78182
3.42559
3.35831
1.66275
1.21332
2.64668
1.40791
3.86485
1.49273
3.89026
3.27994
0.105313
1.24111
1.53567
1.4105
1.45858
3.99752
3.49775
4.26938
1.63127
3.33567
3.3601
3.37916
2.11449
1.58243
2.19673
2.42121
3.8663
3.4799
3.91052
1.57875
2.57815
3.04278
1.09645
1.38388
1.81261
1.55332
2.57424
3.25063
1.63722
1.69667
3.42152
1.51009
1.72951
5.17242
6.67081
3.04609
1.36549
2.56894
2.20163
3.34204
2.49552
3.36609
3.38896
3.88065
3.46285
6.68422
2.8382
2.70247
3.95188
2.26415
3.41348
3.35955
2.58976
3.33885
1.53219
1.96865
0.729014
2.5629
3.293
3.00286
2.49729
6.25297
1.11187
1.88769
3.37738
1.64862
3.37046
2.37963
3.36017
3.06878
3.14362
1.70827
3.29081
3.73612
1.47167
3.00846
3.04783
3.59613
3.79693
2.93221
2.0012
1.71813
1.75525
2.69199
1.99488
1.95052
0.986291
3.97401
1.21459
1.7123
2.55838
2.18353
3.10412
1.52132
3.66243
3.80191
4.36461
6.07117
2.72349
3.18786
1.28907
1.42793
2.81849
2.75604
1.61014
4.42361
1.47882
1.38496
3.7176
3.39138
1.28474
2.05068
3.35023
1.58264
4.17329
3.25509
1.33911
3.72837
3.35213
3.17667
3.37324
1.10124
3.63621
1.52067
1.69876
3.35685
1.81259
1.46127
1.39948
1.73779
2.98729
5.39346
2.7828
1.48073
3.33171
3.80709
1.52932
1.52492
3.27808
5.46881
1.90836
3.42343
1.19648
2.05016
2.79021
1.44818
2.38529
3.35938
0.859644
1.65894
2.87863
3.63637
2.77141
3.26501
3.12646
3.25649
0.879347
3.09457
3.91365
3.60709
1.44033
1.89719
3.99858
2.84201
1.2072
2.19295
1.29189
3.27933
1.43716
1.56415
1.41367
4.31488
3.32627
3.50312
2.69489
3.30243
3.413
1.54858
3.33809
1.90286
3.22153
1.5476
5.94658
3.75495
5.83132
2.58023
3.3886
3.50407
0.973353
2.59672
3.14136
1.63629
2.77604
1.73093
1.50977
3.20885
1.45873
3.34334
3.52374
3.34577
1.64765
2.05992
1.999
3.11695
3.04027
3.42048
2.60271
1.55377
2.15059
0.754514
3.35389
3.35758
1.2319
1.60602
1.45935
3.39655
6.90576
5.70932
2.45167
3.64514
3.20204
6.13387
1.53018
3.56395
1.46092
1.56452
2.78066
1.56148
5.03186
1.52966
3.39125
1.42464
1.0499
1.9696
2.60134
1.80699
2.7476
3.71731
1.53912
3.59038
3.05795
3.34124
2.59268
1.37883
3.20993
1.80589
3.09049
7.19357
3.20528
1.08322
1.88307
4.82019
1.92631
5.57049
3.201
1.53689
0.514695
3.66909
2.81615
1.68623
3.30409
3.5226
1.37506
3.79359
3.29257
5.14027
3.38464
2.60304
2.87077
3.40011
1.23387
2.73162
3.39242
3.41458
1.925
3.08256
2.71261
3.33835
1.57972
2.98316
3.31763
1.25224
3.43022
1.44751
3.91116
1.80816
4.03083
3.53337
1.35947
1.81832
2.93977
1.58352
1.7269
6.6735
1.44786
1.99758
1.71986
3.5437
2.74698
3.88277
1.27071
3.30096
3.36705
1.69298
2.52136
3.29125
1.5711
1.42231
1.79639
2.66993
3.14467
4.0413
1.69615
2.75412
1.55926
2.71246
3.14415
3.37775
3.42213
0.891445
3.23189
1.21527
3.32132
3.40045
1.58458
3.333
3.03062
3.69779
3.14274
1.80332
3.0773
3.07638
3.21447
3.39731
2.58152
3.37044
1.61859
1.55923
1.20193
6.42737
3.14761
2.35293
3.98906
2.92744
3.40933
3.31002
1.30751
1.75182
1.48423
5.25174
3.6536
2.59908
3.33637
3.35394
1.51907
1.60158
3.36014
1.8642
2.84255
5.91668
3.31802
3.1822
2.77143
4.00529
3.34584
1.60144
3.33019
3.30968
2.73879
1.71801
3.0062
5.10719
3.1601
3.32148
2.06104
1.69298
3.36728
2.27362
2.63014
3.3841
3.04469
2.84617
2.89953
2.50386
2.60717
3.35306
3.30619
6.61206
1.45966
0.81323
3.37572
3.23662
1.12835
2.69939
2.54493
1.82834
3.33513
0.809191
2.74783
3.36221
1.79866
1.82398
3.48651
1.61777
3.75507
3.11099
2.48649
6.65211
1.4699
4.99657
1.41905
1.50633
2.56143
1.87076
2.99181
2.90847
2.83502
3.37705
3.42887
2.88815
4.24353
3.36804
1.40745
3.12472
2.90982
1.87831
0.763618
2.36051
1.28585
2.54414
3.50947
3.34353
2.88826
3.35823
2.75707
3.49285
1.425
3.12796
3.23898
1.76746
1.47097
3.36068
3.3457
2.66037
2.11847
3.40011
1.45531
3.21306
2.36711
3.53957
1.50855
3.32583
3.48422
3.56792
3.85107
3.38782
3.71261
3.11968
6.48305
2.49841
1.37578
3.15246
1.17571
2.47699
1.52974
1.55129
3.17843
3.222
3.02461
3.3538
3.35565
6.47303
1.41534
2.39493
4.8187
2.88754
4.18605
1.60039
2.87482
3.25977
1.87404
2.11191
1.97924
2.29693
2.18637
2.66101
2.86968
3.38799
2.52985
3.5309
2.23882
3.70427
0.731243
0.806526
3.07425
2.63535
1.58477
3.93193
1.71527
2.87196
1.31371
3.40455
0.876602
1.80031
2.74239
3.26527
3.41339
2.981
3.79435
3.39196
1.60864
1.68359
3.01219
1.56439
1.38357
1.45575
1.41244
3.33725
3.3739
1.61275
1.77325
3.36586
1.30235
3.19308
1.75786
3.28856
1.58901
1.94842
3.40951
2.88664
3.79996
2.2643
3.72555
3.48702
1.44083
2.68775
3.3627
1.91791
2.18077
4.06663
1.58508
2.47808
3.32349
5.64854
1.46458
1.55841
3.37189
3.86679
3.35626
3.81751
1.80453
1.79792
2.86584
2.87463
1.73996
2.7938
3.38124
3.33047
2.63248
3.79664
3.77904
4.02491
1.86711
2.35134
2.22956
1.5473
3.73714
3.36539
3.43171
3.32548
3.37173
1.47402
3.25795
2.21789
1.49696
3.73164
1.49359
1.16177
3.36179
1.54135
1.37354
1.79018
3.64525
3.44811
3.31415
3.33764
6.52092
3.36224
1.86152
3.174
3.31917
6.66336
1.68018
1.63844
3.39314
1.52743
3.73674
2.79743
3.6734
4.49049
4.76738
3.48285
3.41107
3.34907
1.28754
2.94549
1.11846
1.79967
2.93361
3.64742
5.98335
1.091
1.66801
2.71233
1.43336
3.52871
1.24821
1.76923
1.32668
1.09053
6.35736
1.6489
3.27315
3.55325
3.92316
1.38383
3.02807
2.33302
1.86945
1.43041
2.98696
1.72772
0.848658
2.41139
2.73737
1.0876
6.26358
1.43926
1.12623
1.54008
2.29111
3.78234
3.75152
1.44185
1.17419
1.7249
1.81274
1.48417
1.428
1.62225
1.7757
5.67883
3.33848
3.40016
3.37157
3.35894
3.33494
3.0313
1.93209
1.46388
1.69941
3.23902
0.147411
3.37313
3.36535
3.13834
1.74179
3.7398
2.17079
2.60794
0.710638
1.50219
1.04827
1.95132
2.89681
3.59671
6.48651
2.37158
3.69433
1.47377
1.43563
2.68227
3.70938
1.20499
1.1448
1.25012
1.63213
1.43031
2.52159
3.34738
2.7812
1.58401
1.82649
3.33842
4.05321
3.37057
1.63129
1.47896
1.59489
3.12747
3.51464
3.4748
1.48529
1.06416
3.72185
6.23351
4.19099
3.24736
6.00197
1.94379
1.75129
1.33969
2.5381
2.644
3.30005
2.9025
3.35235
1.66648
1.87997
2.62886
3.36735
1.59006
1.686
1.97729
1.01676
3.25033
3.3225
2.61856
2.80237
1.50095
0.980101
2.98104
3.50378
3.45733
2.58817
3.36386
3.04973
3.37199
1.40545
1.56726
1.65874
1.75221
2.71608
1.50979
1.46571
1.54379
1.59965
3.78594
1.78644
1.3947
3.04285
7.24731
3.4223
2.76244
3.34664
2.18107
1.06538
1.78483
2.2295
2.74942
3.13887
1.62057
2.37466
1.46749
1.74378
2.99486
3.38374
1.27928
1.22848
1.52204
3.21865
5.89179
0.573461
2.85457
3.37596
3.38762
3.25427
1.61956
3.31664
3.33791
3.21862
1.49203
3.50204
2.89018
1.61399
1.5917
3.07812
3.15842
1.6852
1.76063
3.01484
1.87137
1.10591
1.91086
3.14251
1.80837
3.79572
1.50676
3.27077
3.54958
2.79316
1.60689
3.38418
3.32892
2.87879
3.18912
1.73431
1.67251
3.50835
2.67081
3.19253
3.3099
2.54496
1.62664
3.03231
3.23466
3.79679
3.35444
3.32928
3.00074
1.68675
1.88074
1.48649
1.84729
3.5299
3.53151
3.36114
4.08414
1.78198
1.4727
2.74579
3.77993
3.58347
7.05659
4.36057
3.36475
1.83274
3.89787
3.26187
2.20071
3.32217
2.6608
3.48024
2.72068
2.46548
1.72991
2.85856
3.2838
3.26278
1.31728
4.55022
2.77653
3.41437
3.9162
1.72959
1.87501
3.25803
3.02808
1.64075
6.34765
2.87944
1.19167
3.5508
3.15366
1.429
3.05477
3.34872
5.47149
1.64541
1.13572
2.4477
3.9361
2.80037
2.73501
3.75998
3.37928
3.36328
3.42349
3.19232
3.0242
2.71176
1.63796
1.57668
2.6249
1.9317
1.50058
3.19086
2.87101
1.48905
3.35148
1.143
2.88032
3.07828
1.93953
1.22005
1.45795
3.21753
6.7354
2.78845
1.39244
3.23656
2.73425
1.54798
3.37216
1.85492
2.4229
1.48931
3.62952
1.49976
6.41309
3.42067
6.37167
2.74144
3.06147
3.41389
3.30048
1.72618
1.73874
2.26436
1.25994
3.02727
1.51537
3.38642
1.91245
3.46747
1.31181
3.28541
2.73922
1.80835
3.8754
3.08748
3.42084
3.71152
4.92334
2.61579
2.94168
1.93692
2.74214
6.5474
3.3483
1.57759
4.03993
1.51435
1.35475
2.66241
2.12627
3.35228
2.8044
3.34174
1.78544
1.80841
1.74282
1.70631
3.96929
3.32156
2.80594
3.4228
3.27324
1.94452
2.44467
1.23632
3.48558
2.56641
5.51056
1.79125
3.36561
1.27365
1.42345
3.58798
1.69568
2.13965
2.58187
1.12163
2.67146
3.10388
3.34875
1.65583
3.13436
2.98783
3.28188
1.1911
0.939168
3.33458
2.17976
3.61388
2.7632
1.58717
2.63444
3.3932
2.95981
1.19223
1.4835
1.93772
1.84289
3.4525
1.86863
1.75041
6.39909
3.44035
2.66331
3.00582
3.29565
4.5355
3.25042
3.35986
1.51673
7.05012
3.45325
1.15249
1.67657
3.15046
1.66556
2.96751
3.36651
1.65439
1.05763
3.15553
3.34993
2.24956
3.83255
3.61096
1.62204
3.99716
5.69414
1.74843
1.74199
3.09086
3.97986
1.95502
1.08217
3.29392
6.24301
2.86164
2.00628
3.12817
1.67203
3.19573
2.047
1.56532
1.01838
1.8946
1.63324
1.64817
2.69307
1.41677
3.3487
1.48838
3.41523
2.74399
1.38403
2.34302
2.95278
1.06895
3.3534
2.35683
1.58576
1.48583
3.96016
1.53032
3.21473
1.29751
2.95334
4.56968
1.35867
1.60235
1.45823
2.83886
2.76316
2.38634
2.39754
3.82162
3.33482
1.63865
3.04029
3.20904
0.872917
2.55958
1.63219
1.87126
0.221956
1.4225
0.636255
2.63445
1.84891
2.74421
1.63842
2.58382
2.56913
1.8924
1.69164
3.33964
3.25809
1.0915
1.5007
2.7711
3.85377
3.66192
1.1983
2.27454
2.75623
3.36736
3.21332
1.15646
1.79883
2.76281
1.76739
2.74844
3.31957
3.42349
2.61231
3.27406
3.32751
1.16464
1.56996
1.13682
3.25204
2.51343
3.0532
5.68676
3.33945
1.56555
2.20312
2.92379
1.49914
2.10408
1.53175
1.08933
1.43576
6.09134
1.49978
3.23185
1.07354
1.87502
1.90286
1.80319
2.75499
7.74097
4.90563
1.49462
3.6381
4.12238
1.70724
3.16383
1.57208
3.35865
3.00115
1.4228
2.03778
1.66482
1.25837
3.1762
1.17872
3.8173
1.63578
3.347
1.92728
3.6616
2.61719
1.86828
3.34444
2.0414
2.59965
1.41537
3.33219
1.24405
2.94404
4.11669
3.35589
3.33615
3.60154
1.51706
2.96189
1.6562
3.45837
1.70778
3.24509
1.94238
3.31064
1.86528
2.30323
2.68847
3.4587
3.34122
3.28239
3.32192
3.35729
2.40475
1.85348
1.51244
3.3783
1.56196
3.24024
1.68483
1.58684
1.94644
3.36279
2.85773
2.6184
3.38247
3.60828
2.42161
3.73937
2.76484
1.54833
2.29121
3.35549
1.75276
2.80246
3.28125
1.77269
3.45986
2.61065
2.60937
2.35166
3.368
3.41428
3.36438
3.71306
1.85051
1.51484
2.72091
1.94924
2.94565
1.82308
3.4118
2.179
1.39017
0.921317
3.2461
7.8605
1.41077
3.35944
1.62219
3.45432
2.87891
3.25515
1.61915
1.10166
3.53745
3.62083
2.7503
1.39035
3.42171
2.62472
2.2472
3.36657
3.30923
6.90274
6.33097
1.85087
1.20843
6.37291
1.23982
1.81393
6.08994
2.59433
6.03405
3.34317
1.58179
2.82293
2.14183
3.79544
3.47733
3.61764
1.08183
2.15912
1.42835
3.64589
2.18842
2.66284
3.25824
2.94665
2.67675
5.40396
1.49688
1.42694
3.7423
3.92391
1.46994
3.29
1.24319
1.77644
3.52006
2.94156
3.00764
1.95033
1.85157
1.38857
1.65524
1.74088
1.93502
3.38216
6.40115
1.46348
1.53345
1.85465
2.57356
1.8338
1.56944
1.84192
3.34295
2.80065
2.7858
3.90074
2.57975
7.42329
3.38589
1.37689
3.39222
6.10878
3.38965
6.15189
3.05426
1.37624
3.35186
3.41366
3.34799
5.61067
1.48167
1.31356
2.55486
1.6709
1.50798
3.86981
1.87399
3.42922
3.23889
3.42284
3.17045
3.37245
3.39823
3.25318
2.72043
3.21832
1.84465
1.65818
3.25048
1.28213
3.24754
3.35023
3.04325
3.49304
3.36091
2.78757
1.6736
1.57891
1.77619
2.85398
1.06101
1.85826
0.650494
2.76702
3.38982
1.48383
1.89007
3.31896
3.41447
2.41249
3.32202
1.80549
1.96394
2.8278
1.93306
1.79176
2.64057
3.04609
3.21759
1.61759
1.77172
1.56563
1.69465
1.70379
2.73034
1.82496
1.77477
1.46283
1.44553
1.67596
1.35279
3.54607
3.12567
1.55062
7.33369
1.70037
1.51633
2.94577
1.79635
1.7015
3.41995
3.37783
3.23362
1.61671
3.29494
2.9904
1.81177
3.87543
3.1639
2.16771
1.69301
2.88631
3.27881
1.2623
3.36659
3.18185
1.4755
2.90996
1.52172
3.09885
4.55477
2.82216
2.93031
1.22658
1.21244
2.87938
1.84594
2.03334
1.95761
3.02161
1.85281
2.32797
1.35694
2.11564
1.94983
6.97763
2.5044
1.52187
1.8468
3.27114
2.76364
2.2573
6.69852
2.1381
3.32217
3.35477
3.27346
1.3381
1.37349
0.756715
3.38046
2.19627
4.02243
5.96305
1.62506
1.5892
1.81771
1.74248
1.31625
2.42463
2.41173
1.415
2.2386
3.34051
0.868858
1.39518
3.38658
5.27354
3.66886
3.57337
2.13556
2.42204
3.39063
3.68779
3.36056
1.74694
1.8159
3.36689
1.93694
3.22491
2.29814
1.23597
1.70754
2.43107
7.81245
1.66062
3.66171
1.73785
1.83516
2.69515
1.83697
3.04458
1.57526
1.6784
2.21888
1.72113
4.46135
1.96179
1.857
1.50442
3.34512
2.80294
3.17458
1.87535
1.4039
3.06348
3.35821
1.58299
1.79888
1.75312
1.60539
3.92477
3.36798
3.74995
1.57437
2.80149
1.49357
1.44298
2.99394
5.08322
3.24316
1.41378
2.8126
1.59359
3.37405
1.8177
1.8982
3.98354
3.3627
1.76791
1.86216
3.36832
2.90765
1.67692
1.56093
2.77903
1.94072
1.70824
2.34055
1.73538
1.77302
2.59366
2.35344
1.6108
3.32502
1.54095
2.92847
3.37827
1.44007
1.62735
4.8501
2.72663
5.0516
3.21197
3.29084
3.07674
1.05512
1.91483
1.63928
2.61148
2.71882
1.5384
1.30218
3.21192
6.60551
3.27041
3.3838
3.53974
2.88362
1.63438
1.93831
2.62684
2.86008
3.38476
1.45312
3.01992
1.56939
2.73185
1.2262
3.02128
4.16992
1.80465
1.67074
1.88142
3.72728
1.53772
1.88356
4.15178
1.9377
3.39072
3.81427
2.53736
3.33674
3.60425
3.30581
3.05748
1.40771
6.05578
1.15264
3.28626
1.43427
3.16596
3.36997
1.66009
1.85112
2.63748
3.2169
1.53728
1.4608
3.25016
3.18183
2.68844
5.59186
1.72901
1.72496
1.95203
1.32801
5.52596
1.93192
3.36642
3.22996
2.95046
3.09277
1.74876
3.39196
1.84082
1.93724
3.21481
2.99465
3.91313
2.43291
2.3671
2.89613
3.37661
3.33687
2.73024
1.83749
1.92993
1.88377
3.34377
3.69916
3.0792
2.90497
3.36629
1.61905
0.877796
1.41955
3.84533
1.93521
1.57228
1.82062
1.14399
3.59404
3.65513
1.75096
1.15753
2.13637
2.88778
3.35069
0.921683
1.62879
1.51092
5.64577
1.56728
1.1407
3.70811
1.5553
3.32606
2.78509
3.24862
1.44721
5.65685
3.62578
1.75454
1.67498
1.94316
3.69442
3.29306
2.206
1.54377
3.3001
3.67586
4.15436
1.57212
1.58628
2.53428
1.70404
1.62994
3.27736
6.65346
3.42878
1.4334
2.1425
3.31535
1.30531
0.871396
4.10899
3.38559
3.10275
2.90776
3.34925
2.72802
3.7487
1.60101
3.37777
4.99318
1.93904
3.19122
2.18201
6.07779
2.66536
3.36216
5.53589
1.2227
2.92031
3.41765
6.17097
3.22125
3.32691
3.34788
1.94718
1.76342
0.773964
2.20194
2.20214
2.41023
1.43121
2.09058
1.13238
2.54523
3.05708
2.81005
1.71523
2.11293
3.18749
2.70982
1.81722
1.93632
5.98498
1.58478
3.7527
1.81251
1.98581
3.06388
2.70803
1.88143
1.67961
1.94174
1.60723
1.79682
7.31968
1.47861
3.3355
3.37594
3.28632
1.98432
3.36188
3.75524
1.29311
3.36935
0.942321
1.94201
3.34469
3.34941
1.80128
2.04489
3.34754
2.89039
1.61817
3.06929
1.72217
3.20651
1.94507
4.29985
1.7128
1.84934
0.757873
1.53913
1.44487
1.69068
3.27346
3.49985
3.68252
2.08148
2.86927
1.55458
2.28572
3.25299
2.84751
2.31973
3.26803
3.04635
1.50399
3.21855
3.11093
2.87032
1.66791
6.65637
1.57524
1.77139
1.21256
1.90981
1.81805
3.47852
0.839726
1.71227
3.03698
1.84473
1.46616
1.93565
1.7384
3.52586
1.92276
2.9181
1.65352
3.22647
1.71322
2.06787
1.80858
4.77777
3.86555
1.39902
3.18672
1.43193
1.88115
1.63006
2.0507
2.85
3.51298
1.39838
3.35667
3.36965
3.34491
1.66688
1.83709
3.36596
1.79188
3.34633
3.28301
1.45457
1.15644
1.74194
3.34003
1.43593
1.93735
2.97386
3.80346
2.13149
2.70169
2.28311
2.69843
3.83644
2.90722
1.75475
1.62596
2.6319
1.5969
3.23286
2.15673
6.82602
1.62049
1.57413
1.68391
0.667145
3.13348
3.34081
3.4258
2.757
1.60922
3.76076
2.68747
2.14601
1.92458
1.18934
6.247
3.37544
0.73098
1.10783
3.91564
3.3773
3.07811
1.61915
1.17233
3.40518
3.40634
2.00619
3.10697
2.72569
1.49191
1.58403
1.40683
1.53796
2.84182
2.33587
3.33082
2.94632
3.18737
3.39849
3.34993
2.81471
1.86521
1.96508
3.72974
3.33532
2.97364
3.5477
1.06701
2.76356
1.69689
0.755551
3.0151
1.91827
1.72465
2.8759
1.80502
3.34761
1.44235
3.02301
3.98693
1.91619
3.08723
3.64905
3.3706
6.41859
3.68844
3.84828
1.46812
1.45207
1.70035
3.30976
3.20016
3.79121
1.57437
4.23107
2.10007
2.8524
5.4393
1.81031
1.20524
3.40497
1.49369
1.60481
3.0382
4.04611
3.39137
3.34108
2.73927
1.90605
3.84559
3.35805
3.26059
1.636
1.7006
1.60809
3.33418
3.37477
2.96197
1.42397
4.44345
1.7897
3.41412
2.8836
3.87522
3.37209
2.83016
2.08931
1.313
1.39764
7.16163
3.24693
1.67052
1.73248
2.82085
1.97981
1.29756
3.25398
3.36324
3.37354
1.80419
3.59133
5.57376
1.7124
1.40067
1.84545
1.64035
2.80344
3.35483
3.236
1.82514
3.34389
1.40359
3.98708
3.26181
2.66718
1.93901
5.06669
3.0552
3.07607
2.31548
3.36426
1.64732
3.52053
0.742388
1.67024
3.06387
2.6439
1.67796
1.56914
4.65124
2.09613
2.88488
1.16639
3.3727
1.47871
3.51359
2.76081
1.45009
1.73461
1.71464
3.88779
1.68991
5.17308
3.25595
1.46343
3.11943
1.06757
2.94987
1.78908
3.35301
1.42089
1.2291
3.61219
1.72201
1.01067
3.34625
2.04732
1.86461
7.16101
1.46977
1.65325
4.93795
1.6203
3.78448
4.15452
2.71223
2.4269
3.10679
1.62467
3.26556
2.15321
1.69802
3.29006
3.13752
1.61563
3.27157
1.77241
1.97258
3.00209
3.832
1.62281
3.34661
1.62351
3.33531
1.65635
0.935072
0.88265
1.74529
1.89894
3.33604
1.42122
1.49082
1.82636
4.82815
1.65231
1.91695
2.03177
2.84536
3.35038
1.31002
2.03325
2.78573
1.69885
3.64808
1.40168
4.46901
1.69205
2.57675
1.71039
3.33898
5.29733
2.58012
2.82939
1.59974
3.13138
3.05654
2.44835
6.29101
2.95745
3.62384
1.73815
1.52075
1.85428
1.65351
1.77078
2.39181
3.29954
1.96829
1.73374
1.53227
1.95635
1.52124
2.11199
3.23701
1.69892
2.82367
1.82286
1.8035
3.84403
1.43396
3.64515
1.92609
1.67854
1.5056
3.26077
3.35161
1.44847
1.79845
1.87647
2.51934
3.37845
1.47308
1.33358
3.47854
3.36211
1.79054
1.86745
1.70473
2.08379
3.34274
3.33284
1.80285
1.64018
3.36495
3.33883
3.77727
3.34541
2.54853
1.32998
3.24032
2.10729
1.94853
2.11431
5.66145
3.05858
2.97319
2.87163
6.94743
1.782
2.45667
1.20939
1.94722
3.34882
1.8906
1.91864
3.7265
3.99123
3.26962
1.75401
3.23432
3.0047
3.21357
3.34149
3.18565
1.94811
2.18044
3.37043
1.92002
1.5916
1.34918
3.69897
1.83774
3.77743
2.70543
1.65261
3.28665
1.84635
1.56472
0.689061
1.48641
2.45659
2.79814
3.16345
3.07503
3.16007
1.7226
4.45852
3.25812
1.67445
3.22662
1.26495
1.21484
2.77247
3.39913
2.97566
1.93432
2.92402
1.53879
1.8276
1.60253
1.55999
3.32283
1.83689
1.87884
1.61991
1.69344
3.05209
3.33106
3.29519
3.33573
0.62769
1.82278
0.87365
3.30891
1.8451
2.74226
3.36367
5.35177
5.63428
1.56188
3.36032
1.44912
1.74792
3.38512
2.18252
1.61271
1.46861
2.08251
1.55608
3.65855
1.67053
3.3319
3.12135
1.88671
2.62
3.80458
3.27152
1.81469
3.76693
2.71423
2.71502
1.71979
2.67508
2.35413
3.22675
3.2429
1.69633
2.67793
1.08692
1.41837
1.72291
3.37246
1.8181
1.52398
2.13272
1.4836
1.63736
2.74423
3.39434
1.64304
1.56083
1.50547
3.3416
1.71744
3.98432
3.38226
1.93527
1.72082
3.73778
1.8268
1.88883
3.2455
3.13735
1.89338
1.65661
3.34718
3.16792
1.7734
3.24241
2.60163
1.70997
2.32261
1.71657
1.538
1.81129
1.71798
3.02222
1.86888
4.46003
3.352
1.71101
1.48324
1.70764
2.82909
3.31998
2.88864
3.45111
3.76911
3.24274
0.908841
3.41953
1.87331
4.8432
1.9245
2.83838
1.73741
1.74218
3.37277
2.19621
1.66104
1.50088
3.22502
1.92651
1.67178
3.09867
2.53926
3.22649
3.31223
1.98622
1.6585
3.18558
3.32447
1.61738
3.72678
0.89648
1.81608
3.02654
1.30287
3.26934
3.33264
1.82967
6.08838
1.67043
3.3607
7.34277
1.52727
1.58435
4.03491
3.31734
1.67966
3.25511
4.24918
3.07221
2.78617
3.3257
1.08024
1.58174
2.5534
2.41307
1.77962
2.39359
3.04479
3.49776
4.2736
3.32457
1.79756
3.79923
3.25339
1.81099
1.43155
1.67666
1.42414
1.87787
2.72248
3.0899
1.60851
3.81992
1.90486
2.71451
3.34035
1.87185
3.076
2.0333
1.66052
3.34907
3.70837
1.46395
3.50885
3.32566
2.74667
1.81259
1.76037
1.34833
1.58602
3.0375
3.4235
1.8924
3.37925
3.30712
1.88993
1.71147
3.65211
2.74424
1.31625
1.76751
4.56443
2.38198
3.35353
3.35584
2.70826
1.37429
1.71847
3.83856
1.17226
1.49553
4.20246
1.45507
3.26867
3.39056
3.35531
3.24683
1.41504
3.24142
5.49106
1.61973
1.68872
1.67508
3.26485
3.49866
1.98048
4.01108
3.94668
1.25215
1.98684
3.36858
4.45646
1.75555
1.73797
2.86223
3.00728
2.45306
2.75081
2.84911
1.91901
3.38423
1.68503
1.72099
3.26305
3.35627
4.11646
2.11057
1.32848
7.17672
1.71581
3.33106
3.41078
3.14854
1.34312
1.95311
3.3205
1.86108
1.94858
1.81877
6.22533
1.84242
3.01255
3.93871
0.861872
1.92667
1.86269
5.26259
3.40507
2.32098
1.28231
1.49694
1.95085
1.84373
1.59768
3.32877
2.4056
1.91794
3.24958
3.22919
3.34982
1.70052
1.92118
6.88641
3.71241
3.33484
3.45965
2.02731
2.20186
2.60846
1.59508
3.37617
3.15417
2.63645
3.38882
2.39098
2.73864
3.92166
2.09545
3.13227
0.925639
3.47988
2.76754
3.41702
1.44694
1.69952
2.24049
2.07927
3.70134
1.54643
2.57951
3.12265
1.7375
3.24942
3.78238
2.98165
1.60764
3.69517
3.74644
1.66999
1.95123
1.90619
4.46538
1.63505
0.265162
1.33662
3.13
1.88656
2.44166
3.07124
3.34862
3.37351
6.33399
3.29791
4.31997
4.29718
1.36186
3.31962
3.9714
3.63792
1.50923
6.4625
3.08385
1.84029
3.30153
1.77124
3.21173
3.93504
2.6449
3.07313
3.36721
2.66599
3.34315
0.748995
1.76012
4.33471
1.09197
3.30909
0.960619
1.64886
3.36178
1.36611
3.10584
2.85856
3.15074
2.19044
1.79613
1.94766
5.85674
1.33386
1.94617
0.743729
3.28358
1.50869
2.05464
3.3023
1.79792
1.78564
1.20763
3.32171
2.85
1.81289
1.70061
3.24662
1.94364
2.74994
2.24986
2.85932
3.56942
1.69229
1.70338
1.68395
1.75768
3.04325
2.61066
3.3139
6.1549
6.60658
3.77574
4.7472
1.73787
1.2514
3.65783
5.77567
1.91585
0.812531
1.90166
1.84513
3.53427
2.3571
3.4051
2.40464
2.83736
3.3905
1.91259
2.71158
1.86271
1.52406
5.27581
1.74904
2.22987
3.38128
2.73761
2.32139
3.20123
2.68733
1.49563
2.4521
3.10041
3.45353
3.38422
1.66778
0.950261
2.0262
2.64728
2.77863
1.93164
1.75526
1.90894
2.634
3.4053
3.03216
3.00506
1.77243
1.7391
2.79287
3.4165
1.72037
3.6552
3.64375
1.76373
4.66969
1.79197
3.58001
2.6956
3.33568
1.74799
0.901112
3.69025
1.69319
1.52808
3.05158
1.70953
1.66207
1.89116
3.49574
1.67711
3.26285
3.29196
3.36751
3.35309
1.9452
0.861962
1.40315
3.38214
5.4515
6.91223
4.28781
3.1839
3.45498
1.91131
2.1839
2.19613
2.7253
2.27902
2.13447
2.71872
3.15223
1.80545
2.1761
2.80344
1.75396
1.45511
1.89103
4.3675
1.70025
1.88192
1.53997
2.63084
1.70964
3.17862
1.66371
1.71579
3.12031
0.78186
3.40773
1.38504
2.85096
3.07247
1.88202
0.838207
3.0051
1.07796
3.33709
3.28642
1.80613
2.97592
4.73509
1.78307
3.38097
3.22513
1.67987
1.95083
1.9401
6.46832
3.47618
2.20774
1.71953
1.40622
1.7971
1.7656
2.10097
3.09072
1.65673
2.84773
1.81309
3.17813
3.04997
2.84982
1.94503
1.89353
3.35339
0.906031
2.99563
2.92716
2.90407
3.11873
3.34224
3.43305
2.11581
3.33806
2.26141
1.71176
2.16943
1.71144
2.69428
1.97216
1.67629
2.11212
1.92471
1.3723
3.34793
3.18451
3.31244
1.93872
3.36312
2.04085
1.8655
3.05872
3.38506
3.47332
2.7795
1.67422
1.73761
3.3489
3.34911
3.91719
3.35175
1.95691
1.72242
3.06624
1.7972
1.96197
1.89107
3.132
1.76851
3.71826
3.3645
1.78998
3.38738
5.89083
3.24068
3.10354
2.74557
1.74338
3.95297
1.90091
3.30218
1.37706
3.03284
2.72349
1.70692
1.80749
2.85283
1.23199
3.18047
1.94534
3.35293
1.72113
3.31296
3.25386
1.42907
1.92833
2.72849
2.74088
1.56137
1.89643
1.74432
1.77553
1.74641
6.31895
2.61913
3.39468
1.72849
1.88076
3.29116
1.86724
1.56334
3.06378
0.764977
3.37079
2.1877
1.72866
1.15365
3.34793
1.94708
5.67435
3.49506
1.45122
2.88987
3.40671
3.01402
3.61663
3.28709
1.66793
2.3535
1.69847
3.34817
3.68534
2.6158
1.31295
3.4159
3.68812
1.55288
1.42611
2.71098
1.24983
1.47362
1.65777
1.72163
4.32113
1.52128
6.34127
1.42251
1.04832
2.63843
1.76136
3.62299
3.36161
1.89104
0.618801
1.66242
3.4303
2.8611
3.32956
1.5318
1.77037
3.36205
2.25407
3.44922
3.39028
3.42651
2.80043
2.06056
1.69258
2.14207
1.89577
1.5499
3.2464
0.886443
2.82596
1.94541
1.82549
1.89561
1.93008
1.83114
2.75657
3.2487
1.74074
1.65735
1.62477
1.01795
3.26888
2.00576
2.16504
1.69456
4.35817
1.42069
2.71903
3.23742
3.69085
1.54973
3.34893
1.56184
3.07334
2.24543
2.94614
1.89144
2.25099
3.30101
1.68623
3.02128
1.88515
2.31241
1.492
2.72765
3.07477
1.95094
6.28253
3.895
5.05477
3.04735
2.7429
2.291
1.89584
3.41881
1.94645
4.25289
2.01107
1.93387
1.76809
1.92178
3.72018
3.38232
2.21416
2.72424
2.59193
1.90015
3.3924
1.3777
4.70705
0.930555
3.31981
2.98364
3.01948
1.71642
1.88956
0.982491
1.81757
4.36258
1.57807
1.73005
2.60959
3.2496
2.33818
3.24294
2.72924
3.02726
1.1573
3.41874
1.96469
3.25043
1.7228
1.72166
2.27372
0.734025
1.73974
1.70667
3.96846
1.89888
2.88569
2.77124
1.91054
1.75912
3.2128
3.35415
2.90828
1.92803
1.95347
1.93782
4.27992
2.16513
2.74376
1.73094
1.81211
6.64921
3.07279
1.99137
3.06626
3.50687
2.87645
3.07182
2.12671
1.72577
1.98874
0.80447
2.60211
1.86061
3.24669
1.74001
3.40202
3.0216
3.1365
3.03214
2.13541
3.36641
3.04645
2.90852
2.15219
2.4545
1.83865
1.7957
2.52155
0.277423
3.74645
1.57775
3.0355
1.7462
3.40203
3.30197
1.83986
1.73143
2.80044
1.8412
3.40452
3.03983
1.72332
3.42503
2.36519
3.74589
2.53179
4.48685
3.39952
6.27332
1.45537
1.68962
5.86775
3.25681
5.80494
1.47591
3.03361
1.85121
1.6844
1.72127
1.8672
1.40724
2.28796
1.63075
2.58406
0.962926
4.41679
3.20283
3.17664
2.91191
3.46966
3.79093
3.1211
1.74881
2.20003
3.34968
1.18725
3.69054
3.52855
1.94933
3.25731
2.57929
1.82675
3.41744
2.7608
3.18687
1.10659
1.32337
2.68576
1.93357
3.39867
1.41529
3.258
1.93587
3.79133
1.67241
2.00994
2.73747
1.43878
3.28727
2.35614
1.94898
1.93225
1.43232
1.79049
3.2252
1.71207
1.94847
1.86188
2.30748
1.64095
3.38759
2.17214
6.65566
3.23829
3.19216
3.60247
3.74206
3.28883
1.43899
1.92165
3.81309
1.37759
1.57512
1.82224
2.8456
1.94155
3.14127
2.67329
3.41011
1.2471
3.27826
2.3842
3.35313
1.42865
2.92024
1.03267
2.74699
2.71039
2.77484
1.1695
3.39084
3.46427
3.21446
3.11025
3.28817
4.55109
1.81744
3.68337
3.02069
1.63639
3.3673
2.88785
2.74575
3.0687
1.53342
3.72988
2.97849
3.16603
2.28813
3.61814
1.79355
3.65897
3.33461
5.2485
3.77302
2.3816
4.82335
3.35785
1.70876
1.87448
1.22152
3.26405
1.47775
1.17543
4.05421
2.79438
1.87165
5.06049
1.03526
1.57242
2.66266
3.38374
1.81446
4.16738
1.81548
1.70217
3.30762
2.2852
3.38913
1.85525
1.68582
1.65853
3.31405
1.78959
3.40508
1.95146
1.73273
2.24692
3.12471
1.90336
1.65886
6.55836
1.0523
1.69674
1.82596
1.84896
3.12901
1.95135
3.08657
7.29949
1.47912
1.67685
3.39611
1.74572
2.45775
4.72465
2.77819
2.59733
1.83614
2.7197
3.07216
3.12374
1.91178
3.07968
2.9596
1.5079
2.80834
3.23516
1.72399
3.31904
1.35322
1.73541
1.39543
3.07897
1.72985
3.02927
3.20929
1.80112
2.88692
6.50922
2.90198
3.55937
2.37851
1.6748
0.918933
2.20143
3.61051
1.72509
1.45469
2.45316
3.4522
1.90508
3.33001
3.37348
2.07523
2.6377
1.68722
3.24454
2.72977
2.38177
3.61757
1.81378
5.38899
3.72514
1.73704
3.85793
3.32544
1.43314
1.95355
1.45746
3.35725
1.66013
3.03023
2.20969
3.03255
1.51328
2.06582
3.26791
0.80264
2.71233
1.83103
1.8843
3.54117
1.32966
3.40668
1.79248
2.87392
3.37538
1.83793
2.10746
2.19164
2.73264
1.92284
2.23074
5.61614
0.797756
1.94547
1.85593
1.57014
2.0987
2.73998
2.74655
3.04966
3.30352
1.8901
1.6685
1.8078
3.38188
3.4018
1.67185
1.86313
3.40058
1.95106
1.39522
3.86629
3.44842
1.8308
3.27751
2.04189
3.20331
4.0336
1.83354
3.21904
6.9995
1.76826
1.88908
1.95233
3.33543
3.37373
5.26394
3.38964
1.86885
2.26941
1.8506
2.19136
1.90508
2.91683
0.884716
1.72149
1.80458
0.940478
3.33042
3.34324
3.29407
1.71338
3.30784
2.74885
3.13883
2.92879
1.6554
3.09926
3.26631
2.92171
3.28559
3.10978
3.38529
2.04085
1.9439
3.50963
1.89462
3.32008
2.77454
1.95104
3.34795
2.72072
2.79466
3.36102
1.93253
3.34904
1.698
1.68499
1.34688
1.59584
2.80129
3.01954
0.994385
2.74323
1.83402
2.11831
1.86959
2.38557
3.03144
1.85308
1.05561
3.19372
3.53924
3.28797
3.14634
4.46829
1.94484
1.67028
3.41558
1.91576
1.5873
3.24432
3.39961
3.25257
3.3132
1.9473
4.3058
1.69076
2.24635
1.694
3.20349
3.18295
2.14523
1.78335
2.26665
1.36516
3.06056
3.62814
2.09158
3.40615
2.31802
1.85176
3.33372
4.27855
1.95091
2.73551
0.882059
2.26287
2.86952
3.1176
1.83478
1.62592
3.2203
2.69734
3.31991
3.01148
3.54872
1.67043
1.52653
1.93006
3.02787
1.96761
1.72876
1.82589
1.66804
1.52937
2.9667
2.68535
3.15365
2.49305
1.82894
1.34795
1.76875
3.32563
1.80774
3.44993
1.6982
1.67797
0.785304
3.05082
1.85091
1.67459
2.4563
1.77361
1.4365
3.27925
1.8884
2.31439
3.31835
1.74542
2.4579
3.71156
1.89562
3.30095
3.78225
4.02493
2.26629
3.37253
1.73032
3.58403
1.85959
1.96844
3.47215
1.7293
3.27141
2.75176
2.9981
2.04107
1.94902
2.76599
1.1643
1.95034
2.59446
3.18257
1.74688
5.88115
2.16868
3.33026
2.71885
2.04117
1.05719
3.04586
3.78818
1.05211
0.619169
3.43736
3.06338
1.44906
3.81057
2.79575
2.31599
2.01867
1.45353
1.71327
2.6711
4.63862
1.9464
4.58549
2.01049
2.15322
7.23514
3.49033
1.89364
1.74536
1.80673
3.28091
2.02593
3.31667
1.68372
3.43369
2.90728
2.09451
1.73004
3.32795
4.37842
1.87395
1.94842
1.58123
8.01878
1.04709
2.60719
3.32735
3.33845
2.73273
1.53387
3.5934
1.91589
2.73077
3.17415
1.57501
1.06292
2.01123
3.05134
3.38032
3.37825
1.94279
3.05301
7.66714
1.62335
3.51545
2.93701
1.17332
3.38962
3.74178
1.61231
1.55393
1.68799
1.43645
3.38795
3.23867
3.29323
1.36656
1.935
3.17298
1.02796
1.62973
1.78167
3.33504
3.37031
3.53953
3.1201
3.26248
3.52489
5.98984
7.81492
3.24015
3.19524
3.34079
3.15781
3.36851
2.4735
1.88873
3.33243
3.92191
1.84719
1.87124
3.37819
1.93585
3.234
2.69685
2.22466
1.11444
1.636
1.9025
2.83162
2.32737
3.15224
1.65652
3.22898
3.34313
2.64022
1.83545
3.34396
1.86693
3.06461
3.37013
3.67256
1.91439
2.74162
2.25745
2.9208
0.915601
3.34431
4.52328
3.00184
3.49705
1.79352
3.3769
3.39889
4.30452
2.18989
2.77225
3.38415
3.32138
2.27534
3.32454
2.0961
6.35684
3.2313
1.79269
1.94639
1.9507
1.97223
1.91097
3.33498
3.57392
2.00569
2.91608
1.94739
2.30166
2.12942
1.79471
2.35456
3.34208
1.5454
3.17163
1.59348
3.27173
4.97376
1.99097
3.84557
2.844
1.95813
1.69627
3.42519
6.32102
1.72458
3.37413
1.7017
2.75752
3.33395
3.03388
1.60358
3.40143
3.56504
1.29523
1.87323
3.29389
1.61401
3.34696
1.25016
1.75202
3.27391
3.5153
1.94438
3.32139
1.97692
1.88574
3.22108
3.32669
3.06051
0.957672
1.78105
0.878399
3.34388
0.99224
3.18362
2.7338
2.36403
1.69501
3.1674
3.63697
1.09223
0.721428
6.18983
0.813779
2.9435
2.79174
1.72718
3.28579
2.23259
1.92866
1.74089
2.226
3.60262
3.05128
1.58563
3.24949
2.5635
3.31876
1.93917
2.72455
3.42442
3.22178
2.4368
1.47649
2.72081
3.82006
2.14851
3.00366
3.54346
2.43818
2.17961
3.30271
2.73967
3.42038
2.26587
1.68261
1.90065
3.05401
2.20175
1.96171
2.52861
3.70081
3.36202
3.07431
2.68439
3.32532
3.10031
1.71312
1.62737
2.26646
3.48396
1.75058
3.38565
2.50891
1.95961
3.26803
2.31406
2.88854
3.3254
1.87018
3.02268
3.04643
3.06995
3.3341
3.2592
1.66432
7.02104
1.67781
2.65531
3.49526
1.77319
7.04273
7.11982
1.94606
1.89533
1.93898
2.92068
3.02097
2.76502
1.90076
3.30191
1.82757
2.40068
1.87831
1.91557
1.94117
1.64186
3.13522
1.7494
3.33626
2.75856
3.02691
2.63422
0.158291
1.87543
3.36201
3.14995
1.94183
3.38735
2.0732
1.66851
2.36089
3.41267
1.77828
1.69916
1.91768
0.898248
3.27898
3.01905
5.93902
3.70777
2.24493
3.2866
2.34961
3.3378
3.52186
1.94842
1.93436
1.82285
1.94921
1.7506
1.86474
2.7233
2.8996
3.39677
1.74711
1.48484
1.12627
3.7125
1.59152
2.22925
2.25589
1.07271
2.66591
1.74328
2.63072
2.73246
1.56395
3.31735
1.9508
2.80867
2.17801
1.92204
1.89186
3.39226
2.70127
1.7306
1.73172
1.86459
3.1796
1.30775
3.05614
1.40923
3.80559
3.06135
4.36159
3.3001
3.30771
1.7513
2.24737
1.70552
1.85855
1.8659
1.6635
1.83559
2.69843
3.32141
1.95631
3.33447
1.9521
2.78936
2.08166
1.79443
2.78931
1.85609
4.57865
3.4501
1.42543
2.78319
3.2984
1.40811
3.28716
1.94046
1.57364
3.17318
2.84456
3.18775
3.38309
2.30462
4.99795
1.94355
3.36822
1.64505
1.23558
2.14846
3.0633
2.0494
1.41934
3.47021
1.5656
2.66611
4.02527
1.93177
1.94995
1.47949
6.70255
4.64798
2.77804
1.86949
2.74782
2.49427
2.66192
1.94866
3.30898
1.87413
2.40186
3.29481
1.81664
3.02966
2.76965
3.22205
3.31904
1.76275
1.90783
2.8236
5.84412
1.78599
1.82012
2.90456
1.84116
3.2976
2.84064
6.03772
1.88637
2.36284
3.33971
0.757962
5.78129
3.35869
3.19444
1.77256
2.02443
1.68259
3.8424
1.93482
3.12416
1.67316
1.65921
1.58271
1.91497
3.34265
3.03281
2.60531
1.80203
1.77118
3.20791
1.78093
2.97263
1.63589
1.90525
2.75494
1.95211
1.80616
2.0258
2.49658
1.67201
2.92296
2.08549
1.40887
1.86189
2.03843
6.2896
2.83366
2.6489
3.3744
3.03761
1.88254
1.60976
3.58166
3.6879
2.04124
2.28632
1.65837
3.48828
3.92754
3.21327
1.76389
3.60227
2.56593
1.94592
2.65402
3.24617
2.65047
1.79957
1.89279
1.75045
2.14571
2.4793
1.9738
1.74105
1.66069
1.89424
2.92521
1.60243
1.79543
3.33513
1.83703
1.66634
2.51483
3.58154
3.38943
1.38409
2.011
2.262
1.69594
1.94617
1.02449
1.66367
3.81406
3.52046
1.79005
3.2345
1.54558
3.0343
1.66729
1.58719
1.58367
3.33019
2.71818
4.12555
1.84028
1.93693
2.91494
1.40205
1.73312
1.95035
2.67912
2.02951
3.40782
1.83114
1.81315
1.81769
1.91573
2.40034
2.30987
2.07838
2.19645
3.47517
1.73004
3.37043
6.02277
1.98966
3.36827
2.25964
3.28626
3.03358
3.85869
3.82837
3.25673
1.65883
3.32568
1.66651
3.79613
2.32205
2.94655
3.04909
3.36212
3.76386
2.54981
1.5584
1.89717
3.55623
1.79801
1.24311
1.9037
2.15984
1.6164
2.13769
3.24371
3.16533
2.07061
2.53806
1.03267
2.68464
3.36762
0.711935
1.74654
6.49832
2.86584
1.44251
1.91196
2.94059
2.96883
2.63122
1.31269
1.86283
1.96498
1.69832
2.77017
1.85718
1.96151
2.13506
2.66533
1.93338
1.76
2.74515
3.34939
2.76302
3.31152
1.84717
2.72679
1.94097
3.13556
1.85871
3.26704
2.42502
1.95857
4.57109
2.75228
3.7293
1.80215
1.95042
3.32477
2.76608
1.95099
3.49621
3.35438
2.11921
3.67945
1.9917
6.28475
3.14032
1.86537
3.04098
1.86786
1.88114
3.37044
3.33525
4.89462
2.63291
1.94708
1.79563
2.88545
1.94634
1.904
1.76793
1.6798
1.67723
1.84574
2.83857
2.77705
1.83423
1.65567
1.77201
2.05616
3.32833
1.55939
2.12272
1.96345
3.40901
3.31932
0.911018
1.70651
3.35153
3.29621
1.6799
2.43212
3.1783
2.25424
3.27073
4.99118
2.1275
3.05947
3.41739
6.9528
3.33973
3.27346
1.94828
1.81831
3.41409
1.79193
1.84516
2.09243
3.32856
1.99082
1.45227
2.63159
3.31217
2.48082
1.94891
2.00391
1.90944
2.34464
1.80946
1.52536
3.25949
3.1912
3.2514
2.09746
1.95113
6.70618
1.40682
1.73165
2.16126
3.28934
2.20471
2.13561
2.85811
1.84183
1.83261
3.49382
1.94737
1.82141
1.85428
2.31225
1.85534
3.59229
1.45841
3.6538
5.06138
2.15402
3.35193
1.77372
1.85784
3.01095
1.80797
4.79064
1.5274
2.88816
1.79479
2.18281
4.41508
1.69187
1.6823
3.33081
3.16656
3.24278
3.08622
3.19354
2.49048
3.05913
3.04944
2.38624
3.30331
2.14156
2.08719
2.93859
3.83439
1.75088
1.94407
2.84062
2.463
3.30119
3.33364
3.31188
2.91479
1.94691
1.42054
2.32318
2.69713
2.83735
2.51692
0.86627
2.86764
2.655
2.31325
2.162
2.10461
6.4851
3.32619
3.33989
2.91817
1.87008
1.46532
2.47376
3.75965
1.86239
1.93436
1.7951
5.76303
3.36709
3.22592
1.64505
5.37469
6.00774
1.81821
3.27015
7.9715
2.94317
3.30862
2.65964
2.66682
7.74426
2.03241
2.2262
7.93532
2.63726
2.17133
4.69668
2.27023
2.03152
3.14399
3.2921
2.02403
7.88366
2.10261
2.59564
2.05116
2.61007
3.00408
3.41101
7.94902
7.93977
6.69216
3.38345
1.50212
3.42758
2.02519
1.73192
1.91649
3.04966
3.28407
3.53865
2.29866
2.76707
2.91258
3.38199
2.19334
3.37866
3.5675
3.16301
1.93964
2.80661
3.9562
2.78617
2.86121
3.46834
1.65194
2.06072
3.22226
1.84297
2.54462
2.38339
2.93139
3.35206
3.01882
3.06091
3.03018
2.95285
2.28428
1.82791
3.08431
3.22142
1.97953
2.7916
3.34031
1.84884
3.31252
4.94471
1.32478
2.37874
2.7465
1.83311
1.98033
1.95531
3.04367
2.09713
3.04839
2.60217
1.95286
1.81313
1.71097
3.72676
1.92982
0.720639
1.81932
1.69746
1.94234
3.41854
3.33395
3.55809
3.03858
2.8778
1.94901
1.29686
1.84817
3.34618
3.28196
3.05312
1.8462
1.77236
3.28891
1.67506
1.89709
1.8494
6.15466
4.16296
3.69499
3.02615
2.05785
2.50824
2.25357
1.79722
2.73374
2.32148
2.25721
3.25317
1.69198
2.65128
2.8278
2.81453
3.36448
1.76605
3.41339
3.30987
1.92042
1.98781
1.86048
1.67028
4.03091
3.2581
3.29943
1.94187
2.73749
4.65456
2.77336
1.83522
2.68579
2.12184
2.69246
1.6684
3.31298
2.01185
2.62273
1.8425
3.0978
3.38102
1.40987
1.5556
1.68483
2.42599
2.41921
1.68604
2.30907
4.41876
1.85107
1.48285
2.05553
5.29169
1.83478
1.89882
2.50168
1.9422
1.81972
3.06426
1.96266
1.83349
1.3091
1.67966
4.08255
1.70274
2.72145
1.99923
2.71672
2.71656
1.72929
3.22116
2.30522
2.4652
2.24059
3.39797
0.744934
3.36664
1.95763
1.71352
3.00616
1.92061
3.18915
3.67307
3.87597
1.94947
1.93974
1.70651
1.33204
1.77169
1.85389
1.80402
3.38799
2.90853
3.48183
3.02585
3.23021
1.94679
2.90022
2.02963
3.18735
4.63444
3.0422
1.81384
1.39188
2.14209
1.85652
2.16932
2.04849
2.64544
2.18847
4.1432
6.53092
1.80477
1.84347
1.65719
1.7068
1.81915
2.13807
2.1292
1.92516
3.01101
3.33523
3.22437
1.12341
2.64723
2.18992
1.94579
2.03884
2.26653
3.09436
1.41271
1.75476
3.07854
3.60294
1.79535
3.36174
1.67613
3.31491
1.84254
2.0732
3.96819
2.47706
1.32924
3.16866
1.87504
3.34387
1.88184
3.14186
1.78356
1.67174
3.62453
3.28007
3.31304
2.4729
2.6602
2.064
1.88593
1.84674
3.09807
3.46633
1.85979
1.89776
2.16854
3.12842
3.34226
1.72999
2.63697
4.17665
3.52225
2.03528
1.98685
3.67684
2.31838
2.66491
3.34697
2.39401
2.15036
3.12007
2.49023
3.32379
2.35918
1.79164
3.05739
2.11638
2.50572
4.04612
3.4995
3.17719
3.43664
2.21084
1.87036
3.3247
1.9465
2.44525
2.04899
3.05515
3.13851
2.89346
2.91295
4.00458
3.06205
2.23355
1.88103
3.33114
1.04661
3.50073
3.41456
1.92327
1.80031
2.82387
1.91673
3.4045
2.9971
3.31692
3.76849
2.6084
1.69441
1.76086
2.31875
1.92127
3.30762
1.8397
2.37333
1.93063
1.19621
1.9909
3.19064
2.79451
1.79737
2.06762
3.01311
3.57132
1.92407
1.8751
2.99989
3.33017
6.70737
5.75925
1.91364
3.79014
1.39344
2.12074
1.89232
1.88672
1.8377
3.24046
1.88384
2.71732
2.08009
1.90502
1.77919
2.37753
1.84634
1.11631
2.19312
1.79265
5.67365
1.50554
0.896949
1.69251
1.74074
3.04709
1.92344
2.1679
1.85143
3.09513
1.94538
2.04287
1.67732
1.96109
1.97241
0.512408
3.28225
1.86901
3.05108
1.9482
2.19579
2.50044
1.90728
2.50079
3.282
3.55806
2.64098
1.85639
3.27086
2.9658
2.61575
3.3942
1.94941
1.94582
1.68372
3.32493
1.8834
2.60843
1.42276
1.7956
2.05064
2.02359
6.26335
3.27882
1.43293
3.31757
3.70599
3.88318
1.27838
1.97484
2.05557
2.54338
1.87889
2.17926
3.17949
3.33274
2.05053
1.93164
2.63158
1.87628
2.79246
1.78286
1.90329
2.97827
3.02341
3.27835
1.67137
3.31593
3.14406
3.01686
1.88021
1.74684
3.49352
2.83448
1.8966
3.40642
3.31297
2.53207
2.0614
1.86598
1.81527
1.92264
3.35679
1.83752
3.26032
3.33895
2.62741
1.11666
3.36227
3.15281
3.14343
1.96495
1.72981
3.18508
3.21945
3.08874
2.01311
1.8819
6.39767
2.14794
1.95237
3.11967
2.69643
3.33362
2.31592
2.14109
3.40255
3.84917
2.10074
1.87901
1.78869
1.94105
1.81159
1.9402
5.73632
2.77589
2.68628
1.79276
3.38194
1.57258
2.69877
2.12371
2.28465
3.06565
6.26415
2.07916
1.21674
3.39869
3.30641
2.93671
3.36299
2.17425
2.125
3.08126
2.28139
1.89688
1.69655
3.02434
2.30236
3.26231
1.8663
1.94661
1.90678
2.18695
3.18933
2.3455
3.23685
1.94369
3.49162
2.82324
3.35124
3.31907
3.50663
1.68127
2.58765
1.69419
5.77839
4.08902
2.53807
1.79871
1.91383
2.15178
1.99097
0.965641
2.46798
2.22091
1.94873
2.49546
3.09203
1.94209
3.30871
2.10043
2.44999
2.22501
2.68755
1.96323
3.01875
1.66963
3.1063
2.25964
3.39094
1.67318
1.57389
2.15503
1.99172
1.98914
3.00477
2.23026
1.46923
5.85209
1.7962
2.4653
1.75064
3.12659
2.77551
1.72382
2.2838
3.3332
2.03038
1.7316
2.52537
3.23544
2.92809
1.96461
2.08576
1.48773
1.92913
2.9597
3.04941
3.28756
2.17656
1.86592
1.70695
1.88023
1.83885
1.73381
1.9106
3.28652
2.74543
3.22616
3.37332
1.8939
2.27549
1.87402
2.83012
2.25402
2.59944
3.21271
2.37297
1.76345
2.57537
2.591
2.39402
1.31198
2.47398
0.751857
2.22604
2.43543
2.80449
2.22267
1.1728
1.92542
3.90957
1.27936
3.29018
2.03813
1.87301
3.15388
2.36761
2.60663
6.32908
2.31084
2.05192
3.27074
2.24761
1.90244
3.38462
1.77011
1.72674
3.34619
1.82451
2.90331
3.05812
2.45998
3.02622
2.90041
1.40401
3.27888
1.86186
2.76904
1.65553
2.40603
2.13491
1.90189
3.25867
2.87818
1.93976
2.74448
2.50864
2.05159
3.88798
2.03551
2.1123
3.40725
5.84779
1.88833
3.02717
2.89689
1.78643
2.251
2.78668
3.18447
3.27038
1.46059
2.77445
2.85187
3.08424
3.31932
1.24035
3.40758
1.55438
1.67506
2.24042
3.85092
4.26665
1.94026
3.17927
1.95171
1.53841
2.09073
3.18503
3.39248
2.5553
2.62118
2.54584
1.99751
1.94588
2.22063
2.93983
3.18953
2.03046
2.79932
1.71564
1.85266
2.36167
5.03293
2.13904
3.55275
3.36751
3.86922
1.72408
1.86931
3.22029
1.73479
2.84623
2.2349
2.12335
1.85652
2.08219
2.7979
3.28952
3.21492
1.50657
1.71962
3.31705
2.74159
3.35829
3.85584
2.04798
2.85812
3.42149
1.94821
2.65935
1.6861
2.71155
1.32802
3.29877
2.0695
1.8065
2.05011
3.38288
2.15898
1.91795
2.10128
2.26912
2.35226
2.49801
3.3184
5.21287
1.84194
3.23237
3.25355
2.07476
2.68174
2.27323
1.53892
2.03019
1.83281
2.33972
3.38438
1.71793
1.78724
5.50792
3.30316
1.74616
1.90596
1.75278
1.9968
3.02587
1.92469
3.0183
1.85781
2.54986
2.13901
3.58386
2.30012
3.65396
2.7419
1.84537
3.36455
2.27514
2.91885
3.24599
2.35861
1.77125
2.74667
3.50725
3.24451
1.85793
1.51346
3.0209
2.03547
1.94872
2.00331
2.88251
1.85821
1.60616
1.68604
2.94181
3.25518
2.30562
2.96002
3.28525
2.76813
1.83891
1.97215
2.37895
3.08462
1.72784
2.64149
3.37389
0.950605
2.24072
3.38884
1.88375
2.27487
3.25311
1.93893
1.703
2.37561
3.31434
1.26076
3.01262
2.13344
2.25667
2.86374
2.37171
2.0086
2.23818
1.51467
2.59625
1.94147
1.9923
2.6154
1.8887
2.14515
3.66691
2.85888
2.19411
1.75076
2.03134
2.84477
5.21439
2.70554
1.56398
3.31665
3.94624
2.62121
3.02709
2.22109
3.27454
1.74053
2.18647
2.02155
2.83108
1.9376
3.23928
5.85431
2.6373
1.70471
2.96506
1.82349
3.3271
2.17502
0.78298
2.0769
2.42138
3.32833
4.09911
2.94136
4.13154
3.21222
3.30629
2.34902
3.32711
2.17998
3.32431
1.38493
1.21855
2.10756
1.85673
3.12926
3.40678
3.4812
2.29831
2.54869
3.55114
3.23355
2.44922
1.2291
1.87368
2.34054
3.03
2.72022
2.15368
3.28069
3.24373
2.9883
2.82747
1.89865
2.24665
1.76566
3.35059
2.09884
3.17167
1.94972
3.08107
2.69501
2.9665
1.8605
3.77893
3.19304
1.66126
2.07086
2.04572
3.31484
3.17133
3.33085
2.17291
1.64638
3.12024
0.652484
3.3091
3.38105
2.80208
1.74702
1.5274
2.81367
2.16118
3.22479
1.03435
2.066
2.20464
3.2445
2.3254
1.93036
3.06307
3.88165
6.01993
3.20803
3.8433
2.17299
3.30339
2.07451
1.52587
1.79558
1.93969
3.48892
3.97433
2.11212
2.16867
2.16047
1.04127
3.29405
1.7921
6.68179
2.24775
2.91667
2.36084
1.82412
1.89044
3.2548
1.57652
2.70411
3.41681
2.20024
1.86299
3.23536
3.24675
1.18831
1.80979
1.37212
3.26346
3.71389
1.93648
3.34069
2.863
2.00354
1.74393
3.04328
1.66032
2.04998
1.94677
2.06654
3.25421
2.14825
2.94304
2.79593
1.81033
2.19808
2.76592
1.97346
1.66971
2.75158
1.93405
1.94388
1.84052
3.19827
2.25047
2.46863
2.81441
1.52645
1.78667
2.82481
3.39437
2.3072
1.4455
1.73178
3.79044
2.8245
2.09224
3.19385
4.50522
2.11768
2.27737
1.87979
3.22576
2.16736
2.81897
2.63705
3.40495
2.35026
2.04717
2.39549
3.67087
2.34763
2.87021
2.01349
2.94463
2.20811
2.18906
1.819
3.10376
2.64566
0.532418
1.89667
2.3675
1.70081
2.33231
2.59824
1.92682
1.1851
1.87909
3.07689
2.53744
2.55035
3.20173
3.32213
1.76419
2.36316
1.85819
1.94715
3.06504
2.03383
2.37515
2.92816
3.20523
3.2263
2.36115
2.71005
2.78263
1.84688
2.00293
3.28749
2.32498
2.16255
2.08292
2.32998
2.51404
2.43211
1.94682
3.34808
2.36862
1.91342
2.08626
3.39271
3.0607
3.50003
2.80236
2.68119
3.52276
3.62967
2.12716
1.98726
1.83458
3.38593
1.94527
2.33673
3.05757
1.92234
2.38742
2.23881
2.7855
2.35688
2.88756
1.81329
3.87826
1.94661
3.28584
2.02718
3.23518
2.14768
2.24468
1.25974
2.21077
2.90003
2.13655
2.78429
2.15419
3.21539
1.91993
3.13617
1.5629
1.78678
2.55411
3.37077
3.40382
3.24456
1.728
3.22683
3.04189
3.30687
3.29399
2.15401
1.55998
1.41307
1.34778
2.64231
2.00973
1.93286
2.11945
3.7471
1.93967
3.22478
3.9414
2.99399
2.43623
2.86286
3.41849
2.591
3.75854
2.42366
3.33281
1.16315
1.55077
3.72656
3.31681
3.30402
2.258
1.56749
2.90201
3.20031
1.96887
2.91072
2.90025
3.38971
1.85342
2.05334
1.75382
3.40036
2.96592
3.32334
1.65419
1.94659
1.92521
3.36865
2.06242
0.932735
1.91944
3.03145
2.87981
2.06453
1.59349
1.49516
1.4101
2.72822
2.94799
3.38026
2.61555
3.21652
2.38234
2.81857
1.88397
2.93055
6.4544
2.29215
2.16727
1.88309
2.29784
1.97329
3.26227
2.31137
3.25329
2.94148
2.10762
3.21524
2.28044
3.75479
1.18534
2.93545
3.28641
2.60375
2.17552
3.20667
2.96255
1.76929
2.95837
2.63364
1.8878
2.36261
1.95099
3.30119
2.72557
2.88206
1.90781
1.9319
1.86241
2.39948
2.26621
1.93898
2.11819
2.69019
2.40211
0.669142
3.33982
2.92516
3.25839
1.82444
3.61981
2.08349
3.19333
2.82466
3.03227
2.0172
1.84889
2.04882
2.25634
5.52082
3.23458
2.16392
1.85645
2.18432
2.41636
1.79772
2.28548
2.50762
2.31691
3.35177
1.69937
2.70491
1.75484
2.29346
3.35535
1.45399
2.33203
3.0476
2.1935
1.77598
1.10298
2.61984
2.65922
1.94401
3.17377
1.94408
1.9247
3.23551
2.67479
1.18395
2.76055
1.25839
1.91485
2.16542
2.01309
2.14584
2.848
2.89168
2.06487
3.53759
2.1761
3.11153
2.79896
2.11995
1.8177
2.51745
3.22688
2.85018
3.56328
2.76553
0.975251
1.59559
6.54375
2.46293
1.95654
2.78539
2.85114
2.4083
3.32214
1.95785
3.38242
1.75511
3.96189
2.53461
2.26042
3.25987
1.94027
1.93448
1.92845
1.84126
3.02258
2.05956
2.09868
2.21898
4.06427
1.52986
2.91247
3.36435
3.3707
2.19323
3.67395
3.32325
2.26646
3.16258
2.19157
2.42253
3.06862
2.4184
1.24224
1.84776
3.14725
2.0224
1.59489
2.24747
2.02179
2.34007
3.35427
3.99236
2.90459
2.0372
1.50491
2.28325
3.33403
2.08177
3.08615
3.32861
1.91438
2.82844
2.40148
2.19843
2.31119
2.95136
2.13249
2.6022
3.31541
3.04167
2.15379
1.73813
3.75924
3.90681
2.08615
1.78621
2.87913
3.23703
1.84939
2.27625
1.88775
2.37741
2.16739
1.91729
3.39662
2.60422
2.29966
2.18595
2.21121
2.15725
3.33442
1.90754
2.78713
3.30022
2.89728
2.29772
2.551
2.01949
1.91875
1.59367
1.67755
1.79445
2.27532
1.77337
2.4872
1.61149
2.34657
2.07444
3.17093
5.88658
2.07828
2.45095
2.51676
2.85129
1.86378
4.7321
2.83595
2.31694
6.25094
2.80561
0.724902
1.96497
2.07363
2.10116
3.30383
3.41987
3.36746
1.37859
3.12855
2.30874
3.37724
2.97151
2.40791
1.63454
2.2213
1.9197
2.76856
1.61508
3.2361
1.35067
2.31434
3.33228
3.67513
2.16102
2.05571
1.88951
2.04639
2.14761
2.62352
3.25623
2.41961
3.3797
1.64731
2.60741
2.14598
2.22528
1.88889
1.94593
1.42702
2.40409
2.16449
1.24141
3.11593
1.46468
1.87846
2.29801
1.24765
2.24035
2.25778
2.47798
1.29091
3.78848
1.94888
1.55564
2.11185
2.90243
1.33513
2.32954
1.97965
2.16421
1.56531
2.51696
1.94817
0.961168
1.93359
2.23098
2.21925
1.92874
3.10761
2.87867
2.83976
2.92026
2.77666
2.08513
1.9299
3.20461
1.8567
2.44116
2.2126
2.78042
3.31816
2.28335
1.21523
2.52164
2.38433
1.93223
2.16851
2.54958
2.0814
2.26844
3.23119
2.27597
3.51802
1.95631
2.71363
2.80481
1.98937
1.87484
1.85944
1.97055
2.84505
3.91742
3.34874
2.24095
3.28955
3.00363
2.78057
3.19946
3.11378
3.22722
1.27123
2.49225
5.14889
1.86454
0.954691
2.56643
1.43554
3.36733
1.93478
2.35832
2.21831
2.35086
1.94628
2.46936
2.72445
2.46574
2.80746
3.36346
2.18167
2.61702
2.3104
2.85104
2.26892
2.99476
2.61139
1.94057
2.20553
3.26693
2.23044
1.87836
2.37657
1.77777
3.09907
1.94623
2.09499
5.61617
2.57368
2.26619
3.55823
3.13103
3.38607
1.96106
4.28889
1.55359
1.82475
1.90844
2.83883
2.39641
2.19998
2.76854
1.97725
2.04401
1.89025
3.35455
2.47061
4.4791
3.61935
2.4193
2.29342
2.13137
3.21548
2.1769
1.94173
1.36626
2.24517
1.87214
2.20172
3.31884
3.43386
2.48392
1.95281
1.86494
1.22233
6.30168
3.31655
2.64103
2.53901
3.41693
1.26639
2.36211
3.45175
3.28486
3.15606
3.04706
1.60278
3.19737
1.90079
2.94177
1.92915
1.24114
2.7509
3.16825
2.7078
3.07229
1.56769
3.42722
1.94909
1.96497
1.86457
2.37561
1.84169
3.02478
1.92498
3.08854
2.47694
3.22471
1.97506
2.05947
5.93213
2.34187
1.80737
2.09783
2.53869
2.45877
3.42259
3.34103
3.09303
5.80833
2.67391
2.51505
3.7771
2.19124
6.47886
2.4627
2.22928
2.51559
2.11777
2.21535
2.02231
3.48456
1.97904
1.35983
3.33006
2.05275
2.08692
2.81929
3.45105
3.65972
4.87754
2.87313
2.79101
2.16638
1.32978
2.66587
3.16033
2.63988
3.08022
2.45976
2.7813
1.86729
3.43582
2.64941
2.31207
2.7096
2.17766
2.34047
2.04202
2.95289
2.20832
1.94837
2.90591
5.7659
3.39829
3.71618
1.43846
3.30254
2.29138
2.56558
3.52469
0.732188
2.6825
2.48536
3.23489
3.50637
2.23889
1.73459
3.03262
3.40912
2.51972
3.28434
2.14596
3.61719
3.40985
2.39597
2.57572
2.68883
3.29331
2.7702
2.10733
2.14235
2.54443
1.8374
1.34324
1.73682
1.98683
1.70327
1.76983
2.54739
2.107
1.92339
2.60381
2.13091
2.65666
2.72321
2.0697
1.72852
2.65686
2.0014
3.18575
2.23855
1.94038
2.73209
3.39278
2.51571
1.7817
2.48085
2.70676
2.17993
3.23759
2.14332
5.3763
1.98157
1.61718
3.14346
2.71042
1.93691
3.2626
3.46373
2.15391
1.9553
2.24508
2.29658
1.95439
1.42541
2.16293
2.34301
2.18821
1.20387
3.06213
1.94312
2.32539
3.26783
2.82691
1.78376
2.26335
1.94927
1.75418
2.34079
2.19726
1.76955
2.60856
2.22245
3.27035
3.79388
2.21336
3.64663
2.45399
2.28862
2.21816
2.06885
3.20188
2.9371
3.79168
1.11693
3.4388
1.96132
2.26006
2.33577
2.01802
2.37792
2.27163
2.08896
3.3237
2.79798
2.40218
2.63581
1.99934
3.2321
4.27422
1.96235
1.92553
2.90185
2.32091
2.80764
2.89107
3.72719
1.94304
1.3082
1.94813
3.35963
2.00945
3.00641
1.74003
2.09482
0.76536
3.22426
1.38458
2.39144
1.6458
2.1796
2.15739
1.42131
5.84242
2.18838
2.10355
2.63673
3.28612
2.34968
2.31164
2.45151
1.9301
2.28729
1.40302
3.31111
1.7791
2.47237
2.19741
2.16375
2.6629
1.84881
2.35759
1.95888
2.30015
2.04181
2.49224
2.60752
2.15865
4.01319
2.82641
2.77979
2.26876
3.07293
3.20501
3.26573
0.91094
2.43286
2.34352
2.23312
1.55731
1.95287
1.44264
2.4638
1.54246
1.92086
2.68717
2.16125
7.05231
1.85132
2.07542
2.73204
2.71786
2.78715
1.03548
1.63443
2.57976
3.34262
3.37293
2.25548
3.29107
2.87642
2.06034
2.73368
2.01051
1.57408
1.97968
2.17367
2.14517
1.93433
2.07231
2.78603
2.27265
1.43062
2.76685
2.10707
2.63705
2.61656
1.92907
3.32844
2.06231
2.07941
3.3111
4.54014
2.37057
2.27655
1.85625
2.28637
2.7607
2.91536
2.1955
2.11996
2.33176
3.26634
3.36589
3.02802
2.07271
3.26046
1.97988
3.27844
1.84878
2.36891
4.67633
2.17049
2.63998
2.15058
2.08423
1.90276
2.2116
2.2975
2.81668
2.662
2.49117
1.93703
3.40626
3.06457
1.90122
2.73023
1.49955
2.53019
1.90862
3.32968
2.6904
2.2871
2.46422
3.15387
5.84994
1.43454
3.29142
1.00039
1.94184
2.05719
3.02283
2.47699
3.49827
2.00036
2.27938
3.22579
2.79511
4.17521
2.76949
2.08968
2.19606
2.14565
1.82822
3.01915
2.18589
4.33145
2.0979
2.39363
1.79037
1.795
3.30009
2.22005
3.74321
3.25943
3.18494
2.84658
3.03192
2.81647
2.10618
1.55927
7.12311
1.70749
2.42401
2.05167
3.37285
1.7369
2.26706
3.26996
2.30127
2.44178
1.49501
3.226
4.20626
3.31124
2.03402
1.37225
3.32241
3.23543
1.51692
1.63362
1.91248
2.28369
3.22794
2.79099
2.12432
2.03454
1.45753
1.97176
2.58115
2.11547
2.21693
2.26777
3.06301
2.17303
1.71573
2.71459
7.23486
3.04613
2.08993
2.27088
2.32864
2.23173
1.91162
2.15562
1.91007
2.80122
2.20731
1.78748
3.81266
2.47485
2.48669
2.66991
2.02369
1.94716
1.95008
2.39702
1.97642
2.42633
2.38755
1.96562
3.48546
3.22949
2.43191
2.05874
2.0919
2.46419
1.99828
2.38133
1.72749
2.26591
1.76496
3.4131
2.61055
2.19826
2.57574
2.01658
1.72176
3.40032
2.22058
1.59539
2.37529
1.57716
1.99161
2.53972
3.32018
2.80687
1.68968
2.35093
1.93169
1.18185
2.0162
3.33046
1.95155
3.38598
3.01851
2.11809
2.80712
2.38339
1.56965
3.08055
1.98235
3.04222
1.71865
2.1928
1.6035
3.0905
2.73771
1.95287
1.0648
2.36651
2.33295
2.16845
2.5558
3.27652
2.83946
3.19464
2.2862
2.20299
2.47956
3.03857
2.79907
2.08284
3.06017
2.28689
2.40233
2.25583
2.19621
0.937501
2.79499
2.40312
1.58304
2.85277
2.40835
2.31524
2.53728
2.6869
3.38193
2.79296
1.78912
3.26545
2.25302
1.94556
2.79257
2.52442
3.36336
3.02256
2.19414
2.32038
2.93066
1.84258
5.93726
2.23979
2.29045
3.03214
2.85054
2.33941
1.93518
2.27806
1.46494
2.43148
3.26013
3.45271
2.81623
2.66958
2.26955
2.14319
3.31104
2.50244
2.28172
4.81893
2.9389
2.66468
3.36103
2.24582
2.33102
2.77077
2.61953
2.2914
2.02471
1.93076
2.26817
2.18622
2.16837
3.3093
3.2882
1.76822
2.02615
3.27871
2.56537
2.37136
3.3538
2.35945
2.16449
1.92285
3.25646
2.03506
2.65887
2.20338
6.94685
1.52595
2.55226
3.24558
3.17029
2.87183
2.49858
3.48543
1.95016
2.29393
2.49381
2.78031
2.62645
2.32991
2.03333
2.18845
0.736338
2.47306
1.93503
3.22462
2.29277
2.03422
2.69467
2.0172
2.03565
2.62187
3.68527
2.55901
2.61695
2.24311
3.36117
2.24688
2.22169
2.27929
2.78438
2.74525
0.985144
2.21171
3.31514
1.99359
1.98143
2.90802
1.62555
3.79172
2.81592
1.42413
3.04371
2.35135
2.64114
2.66248
3.37562
1.89841
4.44278
3.39117
2.75489
3.52928
1.92759
2.18129
2.18208
2.79588
1.85319
3.0042
2.14066
2.66601
2.03769
3.47633
3.2332
2.9904
3.46625
1.81675
2.86266
3.18425
2.96675
2.29671
2.69598
6.90089
6.72193
2.62912
3.27223
2.61918
2.91331
2.35635
1.65109
2.81793
2.59351
2.2832
2.16046
3.76369
2.75132
3.34659
3.32034
3.17349
2.88742
5.00185
2.95864
2.65534
2.64561
2.37902
1.83835
2.1922
2.89148
2.20992
3.33892
2.45887
2.1447
3.42974
3.21441
1.93518
3.02567
2.96794
2.59505
2.27457
2.79673
2.76777
5.68449
1.7456
2.62564
2.3
1.87202
2.6428
3.26503
1.98014
2.63209
2.25042
5.14726
2.11219
3.03368
1.95446
3.18278
2.45768
2.40736
3.16191
2.22609
2.32677
2.22277
2.19366
1.54515
5.11927
2.02175
3.33951
3.4887
1.21171
2.16366
1.85975
3.17053
2.12554
2.20803
2.28511
3.22337
2.7689
2.13072
2.30184
2.17593
2.53835
2.535
2.52371
2.45965
7.83344
3.28472
2.16191
2.6791
2.68827
2.60352
2.92275
2.29635
2.92954
1.35343
2.45806
3.31897
1.78843
2.49834
1.9157
2.26904
2.7821
3.24446
1.69076
1.61651
2.60057
1.72037
1.43959
2.29934
3.27183
2.17187
3.11179
2.75242
1.83791
2.19966
1.95048
3.36732
1.67941
1.47614
2.57025
3.2645
2.14924
2.81444
2.32393
3.27198
2.96624
1.7656
2.17217
2.66875
2.44874
2.03204
2.18961
3.32139
2.46873
1.48159
2.70381
2.36802
2.76079
4.00651
2.3408
3.35769
6.39051
3.26283
1.37758
1.74823
2.28271
2.67859
2.61424
3.00372
2.46332
1.09154
1.95168
2.1453
1.81177
3.25714
3.11416
1.98684
2.31498
1.94431
1.51946
2.38742
3.21847
2.59623
1.83475
2.64093
1.74963
2.07684
2.15737
2.72344
2.64835
1.55558
3.44833
2.90838
3.38054
2.34197
7.8326
3.05333
2.6163
1.9531
3.22297
2.34851
1.33873
2.66985
2.37991
2.36677
2.43995
2.32378
1.9498
3.03285
2.14544
2.42469
2.73965
2.67129
2.63029
3.47237
2.83548
2.19391
1.34237
2.34483
2.59541
2.65463
1.62592
3.28474
2.21465
2.88947
2.20745
3.74409
1.70004
2.09307
3.25387
2.52451
3.42195
2.05176
3.13212
1.45784
1.88371
2.07942
2.8523
1.59532
2.9021
1.8335
2.44666
1.76912
2.15074
2.1447
1.87351
2.12771
2.33472
2.1667
1.74327
3.01959
2.53911
1.38908
2.31624
3.31485
2.63345
2.25382
2.18038
3.01391
3.23478
2.32459
2.19806
2.8954
2.79977
3.49105
2.25814
1.75962
2.80426
2.89856
1.47733
3.3228
2.29207
2.75047
1.72401
2.40235
2.93318
1.77916
2.02447
1.67737
2.39233
2.02746
1.94895
2.53279
1.8339
2.69253
2.08629
2.27608
3.03134
2.48879
3.14226
2.64904
1.91774
2.46218
3.21686
2.7639
2.62603
2.01778
2.68439
3.04511
1.6677
1.49403
1.72224
3.46227
3.05259
1.83387
2.79935
2.35561
2.66669
1.54612
2.26141
3.1609
2.94307
2.27427
3.48844
3.16253
1.05881
2.24031
2.35111
3.27813
0.995468
1.93434
2.36117
2.36831
2.50576
2.16197
2.6786
1.8145
3.24297
2.26715
2.41896
3.16578
1.87205
2.17988
1.39804
3.35466
2.22706
2.38751
2.33486
2.15531
5.46826
1.674
2.51158
1.39081
2.47977
2.76977
2.17606
2.18751
2.58884
3.05358
2.51562
3.22459
2.65781
2.01883
2.89571
1.71964
2.56243
1.81443
1.9552
2.06903
1.94693
2.44034
2.42733
1.96937
2.66478
2.87529
2.74058
2.15873
2.57053
2.27064
2.24691
3.17894
3.11267
2.85628
1.63833
1.69404
3.45267
2.10337
2.20105
3.01107
2.57392
2.16539
1.86679
3.15672
3.02261
3.31812
2.21986
2.42586
2.66917
2.66839
2.77987
3.24387
3.20772
2.75089
3.01107
2.233
2.42149
1.93007
3.38177
2.62744
2.70057
1.75535
3.34863
2.41804
2.32335
2.51606
1.67516
1.96714
2.18807
2.76497
2.81766
2.74702
2.2181
2.83785
3.37711
3.15831
2.08712
1.97839
1.83609
2.73904
1.94839
2.16831
1.86431
1.65389
1.6664
2.17638
2.23223
2.29165
2.20369
7.60545
1.9161
2.53091
3.10999
2.74661
3.5591
1.63808
3.81219
1.68266
2.77195
2.02373
1.00399
3.41469
6.69748
2.40365
2.20156
2.01018
2.66062
1.4996
1.86893
2.21292
2.66611
2.17814
1.92297
3.20604
3.24805
1.40036
2.37116
3.21507
2.54693
2.33317
2.02954
2.20771
2.12442
4.02948
2.19894
1.91588
2.61981
2.25075
2.18419
2.56055
2.62935
2.18111
1.9228
2.48751
1.54225
3.59172
3.7388
3.78274
3.24158
2.01135
1.98275
3.36018
2.33897
2.10393
2.13136
1.96261
3.91208
1.08484
3.15873
2.28252
2.77932
3.16225
3.32836
3.21759
3.03399
2.01611
2.2342
2.97148
1.97464
2.20614
2.59255
3.26217
3.24974
1.86945
1.73872
1.9973
2.35793
3.17481
3.78963
1.93148
3.40052
2.07431
2.70422
1.6727
3.15642
1.43896
1.6723
2.54592
3.34842
2.15596
1.36989
3.20183
3.27466
1.90883
2.33051
2.01972
1.78893
2.57067
2.03042
2.34224
3.36716
2.0282
2.95503
2.3969
3.19501
2.2604
2.28543
3.21626
3.35198
2.18025
3.06569
1.95477
1.95146
2.27052
2.14508
2.23064
3.28215
2.25031
3.26783
1.01974
1.66575
3.27792
3.26674
3.47305
3.99656
3.41984
3.14955
2.73558
2.31567
7.10247
1.93848
2.01463
3.47334
2.47632
2.78998
2.38091
2.39322
1.68082
2.02879
3.77546
2.06949
1.76555
3.27624
1.64466
2.80519
2.78278
2.61562
2.48362
1.65532
2.92512
2.40431
2.7927
2.41613
1.93849
2.34637
2.16245
0.720963
2.17329
2.21629
2.30038
1.16377
2.03462
1.91162
3.49759
2.43462
2.84773
2.8227
3.24431
2.05136
2.02119
2.74553
2.43049
2.75541
3.63268
2.56681
1.9432
1.39061
2.75716
3.29412
3.04071
3.48285
3.1258
3.29372
2.01551
3.04762
1.94391
3.01702
3.2337
2.28598
3.18243
3.37129
2.84203
2.19756
2.41137
3.08284
2.85066
2.63502
3.17896
2.76972
2.57602
2.8971
2.48392
2.68847
2.75803
2.39851
1.19916
1.95124
2.12835
2.38848
2.55006
1.74634
2.29673
1.83014
3.48383
2.91276
2.30174
2.70539
3.70412
2.86933
2.03046
2.04753
2.71089
2.59057
2.44592
2.44969
2.21802
7.13089
2.46235
0.554837
1.6444
0.801577
1.86412
3.23336
1.86871
2.1111
1.47665
3.37685
6.87081
2.46574
2.4827
4.66878
1.34402
2.82619
1.96589
2.35736
2.3049
2.76388
2.07467
1.45696
2.26059
3.44062
1.83345
2.62294
1.38015
3.02825
7.42334
2.17132
2.34904
2.67352
3.53675
1.95182
1.93652
1.87924
1.38835
2.40047
3.00508
2.24116
2.11969
2.3484
3.30883
2.64118
3.41677
3.21789
1.89139
3.78306
2.91734
2.66233
3.02281
3.64545
1.94791
1.04578
2.34421
3.25374
2.36843
2.67069
1.95691
2.31408
1.94393
3.23781
2.59027
2.37683
2.8945
3.14566
2.29813
3.17629
1.95025
3.26995
2.73065
2.90034
2.72231
1.67049
3.89619
2.35986
2.56979
2.15747
1.49965
2.20563
2.2522
1.95146
1.71408
1.91518
2.77424
2.68346
1.40794
1.84039
3.4032
2.92319
2.71721
2.70073
3.20097
1.69557
3.32577
3.25306
1.80527
3.13753
2.11805
3.40841
2.42048
1.67527
3.18943
2.66479
3.23529
2.83127
2.32304
2.63038
2.74523
2.54729
2.22616
1.18568
3.21795
2.07984
2.50436
3.25783
1.77522
3.62171
2.65832
2.68554
2.29355
3.04138
4.38623
3.22104
2.93737
1.93293
1.66343
4.77703
2.29055
2.57578
2.2077
2.32131
0.738823
2.89446
2.88375
1.95136
2.63048
3.18387
2.2088
1.94054
1.81004
1.93872
1.92004
2.67978
2.37581
2.80321
3.20367
1.97215
2.60715
3.22699
2.2366
0.909126
3.13838
3.23604
1.85583
1.09115
2.67787
1.90477
1.75916
3.08173
1.04554
2.65113
3.40799
2.72714
5.95555
2.9881
3.53365
2.34005
1.56996
2.11215
2.68369
1.99637
2.38393
4.4083
1.78898
2.55274
3.49999
3.19889
2.56014
2.31957
1.51386
1.88278
2.50671
2.57086
2.03726
3.01257
2.33071
2.57869
1.25182
2.97123
2.75863
3.24506
3.02837
2.64735
3.07691
3.31382
3.39815
2.6817
2.12726
2.91662
3.0777
2.31298
3.06385
3.22928
2.60632
1.99158
1.77954
3.25241
1.89716
3.69151
2.37422
2.80133
2.7548
2.3156
2.35257
4.75829
3.37379
3.26467
2.90763
2.53915
2.9187
1.9473
1.93617
2.18701
2.07243
2.79551
2.00889
3.32829
2.32868
2.34869
2.42774
2.55511
3.29619
3.08605
5.7958
2.55772
3.11576
2.18503
1.79542
2.25368
2.35349
2.53772
1.87626
2.70199
2.92957
1.91404
3.12689
3.51272
2.59723
3.19969
2.76549
2.74963
3.12222
2.54191
3.23062
1.68969
3.02224
2.21911
2.30332
2.58489
3.09163
2.88764
2.25501
3.2639
1.8017
1.03049
1.74541
2.12362
2.65083
1.69544
1.95295
3.57531
2.12896
3.1615
2.79422
1.95115
1.68094
3.54355
2.78795
1.89952
2.85205
3.0445
2.80089
2.63421
2.43446
2.15145
2.15913
1.84497
2.67228
3.36788
3.22696
2.52525
2.8722
2.39392
1.84709
2.15045
1.99724
2.70988
2.81777
2.42498
2.49781
3.2696
2.57019
3.2619
2.41377
3.23366
3.9618
3.0292
2.54743
2.08108
2.73412
3.01265
2.97722
2.67182
2.57658
3.10808
2.66449
2.84881
2.55461
3.21217
2.07838
3.24008
2.87088
3.07084
1.84625
2.61822
2.81525
2.89424
2.55511
2.23398
3.30163
2.28691
1.85456
1.93331
2.77544
2.84804
2.49788
2.16607
2.81023
1.98295
1.8782
3.16242
1.95171
1.60294
1.40444
2.26217
3.32668
2.36327
2.63573
1.97063
3.1126
1.87895
2.06803
2.33462
1.5669
2.55887
1.82288
1.39007
2.418
3.11632
3.35809
3.28751
1.77971
3.16139
1.59277
2.06408
2.59415
2.32658
2.55671
3.09558
4.97054
1.7409
6.7683
5.41572
2.25055
2.63179
1.6681
2.21802
2.68314
3.58955
3.34253
2.82851
2.79065
2.93867
1.83965
3.20729
3.27658
2.96118
2.34327
3.09665
2.99692
2.08627
2.06642
2.20895
2.73348
1.97026
2.98456
3.20413
3.27522
3.10468
2.16626
1.95446
2.02043
2.28316
3.19978
3.18837
1.94041
3.06149
3.10192
2.79574
2.45553
2.44478
3.36631
2.84106
1.86951
4.06905
2.44296
3.17396
1.66015
1.66823
1.90989
2.66929
1.95285
2.8617
1.85058
1.90102
3.89829
3.05343
1.92073
2.35579
3.1505
2.17677
2.49753
2.81704
1.95808
2.75983
2.40674
3.04084
2.42816
2.17357
2.64678
3.11223
2.68996
2.25699
2.3578
1.89051
2.65521
2.46021
3.46333
2.02296
1.74391
2.72033
2.81816
3.08947
1.73142
2.80891
3.06239
1.9496
3.42241
1.92381
3.25528
1.61512
4.34121
1.90599
2.08436
3.04916
3.20923
3.27964
2.30802
1.98116
3.3554
1.85375
1.97936
2.09215
2.65253
3.35022
3.16138
2.05524
1.84263
2.85709
2.82697
2.77734
1.37954
1.33793
3.38436
2.96243
2.08251
2.9288
2.68018
2.15637
3.01554
2.47128
2.15844
3.03869
2.26856
2.8165
1.66934
2.86926
2.36935
3.32899
1.6913
1.99275
2.77267
2.01644
2.10025
2.514
2.00216
1.79721
2.98281
2.75193
3.25584
1.72733
2.17512
2.36465
1.39479
2.12165
2.10595
2.29639
1.43189
2.80675
2.99947
3.03103
2.96915
1.95962
2.52391
1.98866
3.55708
2.29963
3.24434
3.27222
3.2068
2.15474
3.11102
1.94745
1.8376
2.05076
1.99999
3.2137
1.97205
2.24355
2.43545
3.42874
3.0686
1.64196
2.42573
3.34684
2.42216
2.67905
2.19306
2.03934
2.19908
2.52412
2.5607
2.95366
5.30288
2.33764
2.91136
2.78616
2.5456
2.61379
2.53618
2.54017
2.94527
3.36404
2.36938
2.02549
3.0225
2.31821
3.46959
2.89252
2.19883
3.26913
2.86045
2.96213
3.2065
1.90828
2.38216
2.00586
2.0071
2.8732
1.80056
2.28935
2.45139
3.2137
2.82005
2.04446
3.18084
1.95519
3.87087
2.01391
2.75848
2.40253
2.14156
2.69987
4.69288
2.33842
2.81812
2.66552
2.36135
2.58813
2.70237
2.38249
2.86676
2.64669
2.32395
2.40193
1.64632
2.8837
2.67502
3.34954
2.90955
1.97385
1.89713
1.82198
3.26567
2.88124
2.14027
2.99825
1.69101
2.47476
2.27567
2.80316
2.2534
2.49919
2.70122
1.86548
3.27119
3.14705
2.8297
2.6719
2.82877
2.18035
3.50984
3.02529
3.21626
2.04331
1.96187
3.12832
3.08702
2.43193
1.69164
3.29468
2.10195
3.89566
2.39646
2.35947
2.6336
4.9172
2.59846
3.02408
2.02615
1.92807
1.71482
2.95112
2.82885
3.26987
2.12874
2.5084
2.05975
3.20395
2.32956
2.10357
2.63802
3.14096
1.98749
2.19079
2.56504
3.1966
3.39511
2.34252
1.87671
1.91194
3.05368
1.38087
2.36354
2.51571
2.85974
3.0166
2.52096
2.41076
3.52929
2.91999
2.66863
2.55586
2.33362
3.22487
2.13741
3.35649
2.07616
2.00431
2.99093
2.64606
3.03497
2.66178
3.1382
2.64058
3.13279
2.04416
3.09861
3.30091
2.68707
3.14183
1.56817
3.17614
3.03343
1.58813
1.75395
3.33235
3.16306
2.0954
1.98163
3.05705
1.56163
6.23645
2.04334
2.82874
1.95244
1.91221
1.84351
2.13229
1.99166
2.5391
2.64905
2.67465
2.59088
1.98139
2.91293
1.29342
3.36802
2.35869
2.84719
3.0474
2.07843
2.11136
2.30797
1.98656
2.55708
3.31555
2.85131
2.04354
2.77506
2.25851
3.30259
1.01135
2.77576
2.67419
2.94508
3.09602
1.8769
3.2649
2.81676
4.38306
1.79113
3.15075
2.23705
3.31801
1.07258
2.7968
2.64168
2.10691
2.89772
3.15749
1.7885
1.71593
3.15748
2.84028
2.6159
3.26998
2.39117
3.18639
1.91539
2.2673
2.6074
3.15152
3.25073
3.33281
2.89078
2.74694
2.03846
2.2053
1.86707
2.92953
2.65649
2.07132
3.27429
3.0597
4.44083
1.93139
0.741545
1.71542
1.10305
2.62171
2.84993
2.6492
2.61649
3.16599
2.77257
1.74518
1.91169
2.81157
3.06826
2.772
2.58095
1.9507
2.15646
1.89767
3.51954
2.40651
2.8837
3.0482
2.63468
2.02416
1.9573
3.36709
3.0078
2.27714
1.4185
1.976
2.1809
2.12049
3.2042
2.8101
3.40365
3.27831
4.90813
1.96668
2.85621
3.09459
2.99285
3.01503
3.66003
2.02816
1.23428
1.76688
2.19379
1.11911
2.64667
2.90402
2.66677
2.75857
3.10388
1.93292
3.21919
2.3496
3.12562
3.14812
3.10412
2.46731
3.15292
2.81079
3.05564
3.04118
3.13511
2.8313
2.78345
2.14795
1.99482
2.34913
2.57156
3.03527
2.56095
2.04454
2.71638
2.23196
2.27812
3.15844
3.30698
2.08116
2.24875
2.13615
7.08241
7.40341
2.54549
2.18836
3.32244
2.08481
3.3067
3.41433
2.06344
3.26289
3.29279
3.27886
3.27956
3.02322
2.9334
2.46233
3.37936
2.97129
2.99494
1.16455
2.65755
2.1275
3.16476
3.07747
3.20697
2.09991
2.1749
4.21694
2.64262
2.14177
2.3036
3.34881
1.94635
1.00767
2.00849
2.21571
3.37618
2.80819
3.25777
2.14287
3.09904
1.83406
1.47669
3.62484
6.57357
3.05355
2.70245
3.00967
2.91298
2.26484
0.85555
2.9352
2.67711
2.82346
3.05869
2.89987
2.94349
2.95216
2.22509
1.65516
2.79587
2.97881
3.23902
3.28532
1.28234
1.19761
3.13297
1.4029
3.21778
2.90587
2.5034
3.01768
2.06127
3.38079
2.20259
1.88337
2.49663
2.62405
2.74768
3.02879
2.44187
1.67419
2.5955
2.36606
2.19172
3.14806
3.07278
2.96921
3.03495
3.04361
2.69021
1.96516
3.06579
2.83264
4.237
2.51114
2.7083
3.03071
2.94456
1.8882
1.95979
2.94733
2.77416
2.55096
2.35737
3.21185
1.92678
2.01438
1.93704
3.12754
3.23374
2.89855
2.15203
3.0408
2.56137
3.48062
2.86966
3.27339
2.03817
3.13707
2.38562
2.98756
1.07266
2.31832
2.5121
3.1205
2.70558
2.70439
3.16243
1.93342
2.00539
2.40642
2.90469
3.56411
2.41368
2.72788
2.15963
3.36004
3.12336
1.91087
2.13215
1.49803
3.14218
2.34398
3.21599
3.0227
1.91926
2.58544
2.9597
4.27246
2.93739
3.19326
2.17438
2.07314
3.27165
2.62066
3.01429
2.01813
1.18151
2.25538
2.60124
2.62462
1.14059
3.00199
2.09014
2.79669
5.67683
1.84882
3.65378
3.12405
3.22891
1.90562
1.64473
3.18959
2.31783
3.10935
2.90357
2.84702
3.63408
1.93364
2.92639
1.81596
2.12713
3.15434
1.93247
2.20088
3.46558
3.09679
2.59778
2.2144
3.08644
2.17615
2.91464
3.03667
2.60549
2.75107
2.93606
3.01689
3.29566
2.84115
2.35839
1.83402
3.13623
2.89491
3.97697
2.16307
3.03677
2.31027
1.96924
2.43913
3.06517
2.53564
3.27936
2.86938
3.13144
2.03414
3.25679
2.48433
2.28237
2.68821
1.44174
1.09386
2.14823
0.949191
2.58175
1.45124
2.30471
2.1684
1.87454
2.91345
2.96104
3.01696
2.91923
6.16102
2.96441
2.43554
3.05453
2.4426
2.03941
2.36742
2.82438
2.70988
3.36783
1.51636
2.3446
2.68806
3.20391
2.33241
3.19048
3.32949
2.20078
1.93626
1.88925
1.74245
2.60151
1.92306
3.09733
2.63008
3.2145
3.05409
1.77264
2.33213
2.37949
3.04283
3.22745
2.617
1.83791
3.20418
2.84271
2.11266
3.04874
3.1338
2.20271
2.10888
2.16678
2.88845
3.69948
2.14501
2.37502
2.46738
3.26908
2.19817
2.8182
2.13172
1.87457
3.01682
1.59919
2.39633
3.22186
2.77954
2.94572
2.17501
2.21069
1.55553
2.52118
2.61662
1.39609
0.87093
2.22806
2.13595
2.88707
1.08765
2.83906
2.75623
2.97849
1.41787
2.2703
1.32172
2.56988
2.25352
1.29986
5.32604
2.48652
2.58713
3.0822
2.70851
2.17778
2.85017
2.23361
3.28808
3.93793
2.83245
2.38265
2.05693
2.46256
3.30554
1.93962
2.53224
2.39463
2.80824
2.54408
2.00008
1.71212
2.7356
2.00219
2.03821
3.12354
2.8415
2.44741
2.34642
2.24077
1.35245
6.64411
2.23153
2.17953
2.11143
1.99688
3.16612
3.79235
2.87726
3.00975
3.33904
1.90061
3.3354
2.2106
2.86864
3.15155
2.29516
4.05296
2.99443
2.49953
2.65173
0.760843
1.93507
2.32553
2.70349
2.27375
1.99792
2.98522
3.35298
1.88905
3.02766
2.35431
3.16594
2.77354
2.51169
3.12591
2.90615
2.32718
3.49774
1.58922
3.331
2.93172
2.78069
2.71678
2.85235
3.189
2.20896
1.62527
2.03017
3.73845
1.76056
2.90025
2.31793
2.90715
2.18251
3.15216
2.25038
1.99276
3.2039
2.51512
2.4342
2.17186
3.06056
2.89675
2.84934
2.94562
2.33765
1.49751
3.01266
1.2827
3.42089
2.06993
2.2901
2.74813
2.0131
3.26553
1.46563
2.81782
2.8677
3.02929
3.3506
2.54159
2.88154
3.21812
2.45266
2.96882
1.7433
2.20349
2.99265
2.3006
1.91035
2.8803
2.94794
2.54857
3.02428
2.56607
1.75263
1.89798
0.727521
2.96197
1.6643
3.25247
2.41497
3.08372
1.41188
2.57748
1.96103
1.69948
3.17553
2.62585
3.19047
2.71879
2.13723
2.21597
2.4574
3.16777
3.38695
2.74449
2.17834
2.36396
3.22837
2.88225
1.94151
2.14145
1.04975
2.78066
2.22038
0.696055
3.35826
5.00036
1.76583
2.88631
3.32012
2.63883
2.54936
1.93942
2.03373
2.34875
2.09329
2.32037
1.36551
1.87986
2.59881
2.27446
2.34862
1.87566
3.07205
2.1867
3.20521
2.98372
2.90917
2.73481
2.92711
2.93152
2.06298
2.74215
2.27481
2.60857
3.32891
1.87106
2.66815
2.57467
1.32008
2.26154
2.51883
2.82755
2.6068
2.89776
1.96409
2.88655
1.92788
3.0063
1.9288
3.18935
1.66878
3.33164
2.72971
3.93833
2.97344
1.93272
2.80548
2.69285
2.89531
3.37193
2.33565
2.91326
0.962385
2.15812
2.96929
3.73377
3.01553
1.97203
2.92713
2.99724
2.09468
3.25221
2.2746
1.81665
3.29419
2.58524
2.01594
2.69947
2.44439
2.95379
3.2222
2.15426
2.71703
3.18461
3.22926
2.71467
2.37808
2.22866
2.59647
2.56094
1.97077
1.78896
2.65652
2.8995
2.66162
2.6164
4.4305
2.60027
3.27277
2.3543
2.16171
3.20918
2.28942
1.99551
3.22818
2.68509
2.17957
3.00907
1.94156
2.48371
2.38585
3.66101
3.34564
3.84999
1.7038
2.20194
2.52474
3.36874
3.36555
3.20336
2.07637
2.80592
3.12293
1.04553
1.41098
2.25809
2.42024
1.95021
2.36834
1.53502
2.9621
1.93129
2.70726
2.6766
2.25057
2.13409
2.7973
3.08104
2.22302
2.20221
2.22471
1.54724
2.77169
1.1353
2.72505
3.01421
2.14677
3.26183
2.32749
2.5996
3.29296
3.14951
2.44232
2.6252
3.56981
2.18657
2.97699
1.9494
3.09146
2.09886
3.40218
1.96787
3.04571
2.0164
3.21362
2.72621
2.44489
2.5074
2.91435
1.97378
3.38043
2.28253
2.36831
2.32625
2.14181
3.36767
3.3165
5.44841
2.80715
2.53775
2.43246
3.02467
2.7418
2.21435
2.13324
3.0813
1.43748
3.06537
2.34555
3.06993
2.10863
2.9613
3.26646
2.93672
3.44609
2.23057
2.34517
3.34543
2.53488
1.93121
3.3363
2.9081
3.24064
2.59737
3.27996
2.40786
3.08804
2.82928
2.99574
3.18683
2.33494
2.08808
2.15127
3.02104
2.41126
2.45783
3.07525
2.40838
2.89942
2.66648
2.39361
3.07743
2.16625
3.1209
2.61741
1.39267
3.09559
1.42704
3.23881
3.30601
3.3424
3.10974
2.07879
2.05305
3.06698
2.20064
2.01271
2.73617
3.05805
2.73051
2.25036
3.05552
2.7385
1.68343
3.01598
3.00727
2.38881
2.3181
2.6007
1.4115
2.80752
2.33048
3.02108
1.98007
3.05713
3.07516
3.00837
2.54845
1.33806
3.05908
2.14003
1.03444
3.1911
1.57359
2.33594
3.22091
3.2117
2.42123
1.19913
1.90542
3.04429
0.542081
3.3894
2.99339
2.97542
3.10116
2.5668
3.2299
2.37853
2.43663
2.53328
1.95928
2.62845
2.81138
2.74408
3.19843
2.63109
2.78156
2.87618
2.81809
3.17847
3.01154
2.13806
2.18772
3.11757
2.69595
2.93774
3.27582
2.27338
1.60596
2.57637
2.39696
2.18477
4.84405
3.04791
2.53003
2.86883
2.41078
1.85734
2.46142
2.43448
2.63851
2.7821
2.06641
3.23681
3.35613
3.03356
2.28318
2.19207
2.15413
2.08818
1.66829
2.17017
2.009
2.84267
3.0484
2.76916
3.05165
2.05915
2.13744
1.87869
2.9639
1.70875
2.90193
2.44236
2.883
2.23837
4.43343
1.55352
1.57218
3.16603
4.49581
2.24059
2.84756
3.06576
3.11181
2.93657
2.8292
2.18431
2.66321
3.2248
3.15213
2.94608
2.11696
7.4376
2.60868
2.8918
2.14386
2.71784
1.83325
2.18666
3.01514
2.91168
2.79493
3.38648
1.73901
4.24696
3.17565
2.99835
6.78111
2.90497
1.81521
3.29167
2.47087
3.10363
2.34522
2.62336
2.904
2.85844
1.87357
2.89058
3.12486
1.71876
3.03824
2.526
1.50769
2.21338
3.33056
2.92298
2.21388
2.89158
3.18436
2.16685
2.99604
1.36438
3.21649
3.00257
2.62046
2.20111
2.60983
2.93018
1.595
2.86706
2.38134
4.41366
2.4715
2.72546
3.17862
2.498
3.088
3.36945
3.2901
1.61618
3.18845
2.91969
2.16665
2.23642
2.16323
2.13487
2.62363
6.67317
2.15851
1.93444
3.16818
3.19601
2.94316
2.83256
3.01995
2.18906
2.83327
2.74253
2.02056
2.62791
2.91563
2.87973
2.32225
3.055
2.93308
1.93757
1.21622
2.44674
3.22904
3.01356
2.69937
2.55151
2.88367
2.33551
2.78252
2.37322
2.327
3.00296
2.37307
3.08457
2.02709
2.00641
3.189
2.89484
2.13074
1.42893
2.62461
2.71502
2.24391
2.03355
2.3598
2.78186
1.76
2.53435
2.65842
2.16963
2.27662
2.3889
2.85882
1.35625
1.97383
1.83735
3.26569
3.22301
2.25602
3.03688
3.42096
2.55109
2.06927
2.36056
1.74123
2.38048
2.63368
2.13333
1.16575
3.07952
3.77339
3.09676
1.94858
3.22166
2.43942
2.721
2.1881
2.50884
2.20242
2.80541
3.77958
2.21658
2.59949
3.02134
3.01925
3.49999
1.84655
2.092
2.75991
1.66292
3.02525
2.80746
1.82099
2.23753
2.83044
2.73653
3.53022
2.25681
2.1089
3.00543
2.69701
2.57556
2.55233
3.35976
2.34134
1.80559
2.33671
1.99741
1.24701
4.28285
3.50178
2.52679
2.41215
2.65238
1.76977
1.84427
3.08629
2.62134
2.25229
2.32643
2.47665
2.02433
1.37413
2.47974
2.82864
3.27855
2.17277
2.33408
2.1126
3.03652
1.93343
2.88093
3.29931
2.98381
2.69307
2.87211
2.44183
2.64459
2.36159
2.48288
3.04065
3.24713
3.26755
3.22507
1.46987
3.18381
3.0982
3.19286
2.48358
6.80492
2.58946
2.51737
1.01579
2.38521
2.1698
1.82285
2.88925
2.88717
2.21273
2.49447
2.04519
3.02147
2.45268
2.65578
3.03461
2.49071
2.27103
3.01112
2.34557
2.57085
2.20606
2.66805
2.18925
2.62754
3.1229
1.87835
2.25486
1.67883
3.00126
2.33296
1.5445
2.21401
2.17793
3.32447
3.11837
1.39978
2.21163
1.7182
3.824
2.58007
3.0919
2.75249
2.87435
1.44725
2.46058
5.13774
3.18783
2.24899
2.50599
1.32474
3.07574
2.87419
2.28181
2.65271
1.37427
2.93682
2.85604
7.83648
7.85857
2.24085
2.26544
2.61899
2.59988
2.02117
1.78073
2.46556
3.1439
2.10504
2.13344
3.46589
3.31063
2.83985
2.76027
5.42946
3.21146
1.38507
2.84242
2.89601
3.02756
3.02643
1.41509
3.00798
2.73904
3.09609
2.97684
2.98803
2.40929
2.92226
2.98608
2.57613
3.14645
3.18116
2.42996
1.71987
2.20768
3.03141
2.4079
2.27143
2.73027
2.1366
2.16429
2.71384
3.14685
1.8744
2.48534
1.55099
3.1407
2.6485
3.04555
2.46431
3.07436
3.04246
1.83854
7.2493
2.74156
1.97575
2.4566
2.60198
3.1011
3.30157
3.00277
2.3078
2.98498
3.32771
1.94642
2.07728
1.52579
2.65427
2.19159
2.16353
1.96605
1.66002
2.27467
3.01163
2.69913
1.80159
2.66081
3.07959
1.53954
1.4564
2.32016
1.97309
3.0314
2.33038
3.36739
2.3583
2.88537
3.34702
3.0081
2.26617
3.16543
3.29746
2.10436
3.0017
2.31698
3.37821
7.1166
2.47483
3.16442
1.86628
2.22862
2.10351
2.50394
1.94514
2.16182
2.48369
3.65628
3.25491
3.04477
2.59738
2.11162
1.97702
2.20826
3.22278
2.32341
3.20133
2.26424
2.28643
2.22687
3.30204
3.39265
3.20475
2.23667
1.55418
3.15358
3.00516
2.4572
2.69295
2.55035
3.25764
1.94771
2.77943
2.57544
2.89021
2.40346
3.11609
2.18731
2.35158
2.91558
1.54972
1.91071
3.00195
2.66834
2.95681
1.4826
2.96722
2.21137
3.22565
2.92243
2.98866
2.48675
2.75163
2.20169
2.25602
3.24225
3.11363
3.03323
3.2811
1.95875
2.57265
2.45939
2.18223
1.94324
2.86763
2.97641
2.75053
2.14189
2.25088
1.39214
2.67841
4.55523
2.3267
2.88567
3.01372
3.21015
1.54265
2.63938
3.08234
2.39526
2.18594
2.46351
3.12114
3.15819
2.95304
2.42059
2.68434
2.83731
1.84901
1.93003
2.24093
3.52834
3.06914
2.28787
1.84634
2.40538
2.2718
2.9289
2.40179
2.47761
1.67303
2.21377
1.51043
3.04424
2.73211
2.29195
5.80982
2.70718
2.52385
2.14073
3.28188
1.88834
2.56916
2.32733
3.05704
2.08863
2.40217
1.91071
2.9081
3.04113
2.31904
2.70209
2.59313
4.6167
2.30904
1.48364
2.22994
1.94158
2.73629
2.06281
1.71369
3.27684
2.06171
3.12615
3.17047
2.34096
1.86744
2.98168
3.15002
2.3125
3.12301
3.03751
2.68962
2.44061
3.03828
3.30186
2.35643
2.58631
4.31683
2.18516
2.58075
2.48751
3.15055
3.05463
2.3451
2.01146
1.91834
2.86205
2.3078
2.55427
2.3098
2.68907
3.10223
2.40883
2.23343
2.96798
2.39792
2.30532
3.03766
3.00154
4.10936
2.64684
3.07989
3.06433
2.9176
2.99283
2.32666
2.85685
3.0839
2.89659
3.41073
2.50189
3.02588
3.02437
3.4244
3.06204
3.92996
3.0051
3.03368
2.34534
2.38713
1.89389
2.35208
3.42976
2.73276
1.84502
2.93751
2.20393
2.72855
3.11113
2.318
2.98279
3.1495
2.64495
2.46782
2.53475
3.25104
2.37284
2.28941
1.90654
2.36406
2.95297
2.98968
2.85851
2.26219
3.15583
2.79094
2.5219
1.917
2.59796
2.02694
1.98039
2.03104
2.54508
1.45697
3.32296
2.13947
1.91494
2.58134
2.43266
2.56718
2.25495
2.21069
3.30391
3.27508
2.18395
1.67646
4.32493
1.59218
3.41278
1.89369
3.03168
3.19248
3.25751
3.20233
2.45538
2.36998
2.44786
3.15657
2.2437
1.94617
2.28326
2.94751
2.50751
3.50746
2.27453
2.14377
3.65332
2.66111
2.95264
2.66245
0.941311
2.66345
2.47624
0.997361
2.58922
1.92144
2.68474
2.41888
2.33399
1.67445
3.10265
2.80641
2.98896
3.35899
2.49664
3.1096
2.8166
2.3323
2.06161
3.32376
2.74503
2.22427
1.50403
3.41448
3.02488
1.72957
3.08589
3.0572
2.28204
2.99061
2.32001
2.77026
1.42226
2.43475
2.99455
2.98406
2.65183
2.33245
2.07718
2.13566
3.10401
2.65997
2.08425
2.38252
3.10398
2.29464
2.31727
3.34255
2.47158
5.22491
2.24127
7.00671
2.43188
2.9474
2.93921
3.37087
3.02655
2.87874
3.20571
2.40084
2.43196
2.33862
3.40713
2.43028
2.54932
3.07111
3.1932
3.02698
1.91155
2.92447
2.5893
2.16063
2.83253
3.24828
2.08596
2.17566
3.00209
3.22864
3.06138
2.22503
2.42803
2.91065
1.85822
2.18437
2.48043
2.44161
3.09308
2.91538
3.34542
2.84736
3.1812
2.9732
3.09245
2.82802
3.42179
3.28496
2.32118
2.66529
1.76963
2.41337
2.06335
2.76195
2.31719
1.67052
2.39803
2.16041
3.11757
3.07906
2.33398
2.40095
2.5757
2.30612
3.15513
2.40053
3.5075
2.61545
3.05463
2.65288
3.0773
3.20578
3.35595
3.09597
1.69284
2.35101
3.14755
1.6871
2.62369
2.46993
2.37852
2.39204
2.83478
1.71418
2.94649
2.77929
2.93722
1.75031
2.1306
2.52165
2.91352
2.37202
1.24617
1.953
3.08522
5.40912
3.22113
3.07039
2.9211
2.56142
1.95248
3.10199
1.82579
1.66481
2.45604
3.11507
2.31345
2.51701
3.40093
2.43157
3.16924
3.3113
1.9782
3.77089
3.22235
2.45248
2.41999
2.23306
2.01114
2.17799
3.06844
3.06207
2.25856
1.43062
3.01605
2.33602
3.07478
0.824919
2.30068
3.01575
2.42062
3.13871
2.8709
3.38588
2.57247
3.00238
3.0297
3.05493
3.67676
2.6088
3.04494
3.08396
3.05827
3.07587
1.72606
2.11995
2.66552
1.94519
2.60315
3.14211
2.73324
2.89421
1.95004
2.5437
3.16813
2.14505
2.25529
3.00403
2.36361
2.94416
2.96076
3.08595
2.62202
2.65468
4.56154
2.92713
3.38222
2.55636
2.39255
2.9334
2.20079
3.13841
2.47319
3.09085
2.27513
2.18418
2.76678
3.48244
1.95232
1.45419
3.17353
2.54747
3.08094
2.27087
2.80786
2.81557
1.98911
2.34265
3.12082
3.27221
2.60301
1.94908
2.78165
6.9005
2.03454
2.42363
2.34541
2.74741
2.27122
1.77329
2.1007
2.67655
3.12371
1.95261
3.27344
7.86629
0.914235
1.92505
3.08535
2.87144
2.17668
2.57257
4.78067
2.61464
2.33821
3.12616
4.11395
2.15746
3.06438
2.08163
2.80354
1.95523
3.58713
1.93576
3.61816
2.4836
2.733
2.23374
3.02534
2.91156
2.86061
2.10401
2.37306
3.06342
2.58388
2.53755
1.94935
3.22638
3.08426
2.40918
3.30721
2.27385
3.38189
3.41911
2.30667
2.51501
2.9039
3.03814
1.40286
3.00883
2.35334
3.17095
3.53115
2.49303
3.13521
1.95704
3.10733
2.28269
2.9277
2.59421
2.54108
2.92611
2.18819
2.269
3.04317
1.94814
2.4425
2.48868
3.21304
3.09481
3.23747
2.38197
3.20008
2.27111
3.64194
2.04921
3.05591
3.11106
3.25158
2.39182
2.38045
2.1577
3.11787
2.94569
2.28974
3.09466
2.37455
2.99666
2.45959
3.49106
2.95879
5.20043
2.7737
2.35303
2.52609
2.36063
1.73258
1.69176
2.43876
2.68174
2.0517
2.1217
1.93486
3.22831
2.38272
2.75869
3.33458
2.62453
2.6236
2.47303
1.94467
1.94633
2.77565
3.21755
2.98252
2.1845
3.25932
3.28697
0.692175
2.69486
2.86576
2.26615
2.45209
3.36762
2.87025
0.95023
3.01597
2.93556
2.22234
3.3914
2.23048
2.62231
2.59751
2.05851
2.67416
3.04501
2.2001
2.65417
2.6687
2.03087
3.22674
2.80212
4.48704
2.95467
2.69206
3.01359
2.30469
3.16921
3.01953
3.10905
2.07883
1.37973
2.25756
3.12265
2.0675
2.34906
2.11279
2.25104
2.51653
3.11385
2.20888
3.11516
2.24125
2.65886
2.3131
2.46785
2.07041
3.07463
3.1658
1.20715
2.10648
2.50145
1.94807
2.97031
3.19805
1.63646
2.92435
1.06495
1.06167
0.829225
0.849967
0.587377
1.60681
1.89688
1.60955
0.561664
1.47904
1.10621
1.02419
0.936986
1.86027
0.746422
0.937724
1.28672
2.3816
1.9519
2.37089
1.96077
2.88811
3.01733
1.09979
3.11254
2.84012
1.95284
2.64873
1.80298
2.72482
2.678
2.62661
1.66117
1.60236
1.58159
1.47576
1.42115
1.37679
1.26493
1.0263
0.991742
0.924058
0.915766
2.70037
2.72513
2.73301
2.89044
2.92401
3.02661
3.11078
1.36464
1.95271
0.660218
2.86676
2.04113
1.94127
1.7492
2.66651
0.736738
2.09362
1.81253
0.885599
1.27284
2.09647
2.11543
1.39604
1.96288
2.38705
2.61906
2.66107
1.95527
2.19283
2.3483
1.95185
3.16072
3.05753
2.47049
2.61487
2.52583
2.71189
2.21601
3.02111
0.607166
3.03033
1.95688
3.14932
3.06274
2.90689
3.05002
2.46931
3.28857
3.26394
1.49693
3.03853
1.73194
2.45541
3.28838
2.91904
1.95127
1.90701
3.27523
3.28774
2.64257
3.18216
3.26239
3.01445
1.59319
3.0302
1.05329
1.74365
2.67898
3.20654
3.23255
3.08973
3.05753
3.20196
3.21759
3.14634
2.90414
3.20183
3.15659
3.21532
2.95954
2.20437
1.48991
3.1589
3.21498
1.43687
2.95529
1.96096
3.27292
3.06087
1.14313
1.47941
2.72193
3.30359
3.27425
3.2612
2.7834
2.58715
2.40678
2.05403
1.94945
1.68372
1.34726
1.07704
0.88967
0.715427
2.6863
1.50558
3.22852
1.45486
2.70173
1.96188
3.20986
1.95873
3.14646
3.09272
1.58108
3.11688
1.96091
1.08595
3.24642
3.09902
2.88551
1.8192
3.10897
1.96526
1.62593
2.55472
3.12705
2.92539
1.80453
0.902847
2.49001
3.20305
1.95779
3.27869
3.21403
2.29513
2.01921
1.03069
2.46755
0.942939
3.15932
2.90724
3.11698
1.73765
2.41176
1.95771
2.97246
2.1799
2.36744
2.16091
3.11093
2.23109
2.60534
2.95676
2.78879
2.58895
3.1332
3.03893
3.13296
0.936212
1.94561
1.83362
2.53292
2.49226
2.44801
1.19421
1.13588
0.842288
0.796783
0.744388
2.63719
1.96166
1.72129
2.96818
1.95232
1.89455
1.76628
1.96475
0.510766
1.88766
1.95349
1.5316
1.17578
1.68652
3.06781
1.92454
1.30798
2.62736
1.99963
0.617094
1.10232
0.911067
0.922276
2.59196
1.95888
1.22312
1.92495
1.99281
1.84558
0.57682
1.95304
2.26402
1.07374
1.88676
3.13802
0.935659
1.04676
2.25872
2.06573
2.24068
2.67419
2.24126
1.00808
0.952502
2.70759
2.65127
0.894346
0.981144
1.93872
2.89166
0.871711
0.977972
2.28233
2.53102
2.20379
2.53993
1.29002
1.80791
0.697827
1.29677
0.820963
1.39039
1.36746
1.4513
1.03691
1.44253
0.810318
1.37338
0.877384
0.865334
1.04788
0.909711
0.861785
0.889413
7.7377
7.88524
7.91709
0.2026
0.304413
0.376316
0.218353
7.9579
0.192339
0.693974
7.81808
0.383198
0.407199
0.833161
0.323547
8.1452
7.10929
7.31485
0.293145
0.905977
1.98726
0.393481
0.0447524
0.306057
0.479225
0.640868
0.756717
0.370271
0.348977
0.256729
0.205907
0.078359
0.0647693
0.788313
1.64509
1.81918
7.08683
7.13795
7.25544
7.44709
7.59925
7.87714
8.01338
7.37898
7.34194
7.31575
7.20366
8.93425
7.51976
7.25699
7.887
7.81227
7.1754
7.2242
7.32811
7.4011
7.52679
7.57812
7.7054
7.73727
7.80813
8.00496
8.2718
8.29064
8.19
7.98912
7.90611
7.77672
7.75017
7.64898
7.61598
7.55506
7.44018
7.15901
0.495329
0.852931
7.2928
8.85297
0.3171
0.238981
0.185862
0.111546
0.422432
0.113645
0.134742
0.340833
0.800414
1.95143
0.479346
0.456992
0.29375
0.235572
0.152993
0.14526
0.135461
0.0952751
0.022301
0.0723151
0.0907382
0.194368
0.218638
0.263403
0.407594
0.436529
0.454854
0.531837
0.577584
0.664557
0.707264
0.718491
0.735718
0.823482
0.833507
0.871567
0.871632
1.32486
0.334911
0.366238
1.91209
0.818842
0.138779
0.132091
0.101857
7.21864
8.46687
8.49336
0.747621
0.0528045
0.435674
0.0539604
7.7989
7.74902
1.52132
0.285442
7.84531
0.240305
7.15659
0.465501
0.763907
0.381901
7.36335
0.516407
7.31666
7.41134
7.04741
7.61159
8.0464
0.307728
0.0699941
0.325537
0.555673
7.71736
7.41891
8.10125
0.250863
0.111036
7.89831
0.555513
0.841022
7.94352
8.02744
7.32359
8.23827
7.84379
0.745403
7.79854
0.29681
7.75539
0.0651816
0.39798
0.206134
7.31682
7.90428
0.835194
0.116073
0.493786
0.13295
8.42905
0.525827
7.42662
0.377895
0.254564
0.100991
7.92912
0.202035
7.97911
7.84569
8.12622
0.390247
0.415243
0.691818
0.0756618
0.118378
7.27614
8.17081
0.322112
0.839468
7.3381
0.473709
0.209018
7.14727
7.87228
7.10322
0.742504
0.825742
0.388175
0.786689
1.9274
7.77375
1.63132
0.152158
7.32664
0.0610227
0.505492
0.302395
0.293271
0.439667
7.7476
1.83899
0.0891469
0.0900044
7.99222
0.880833
7.21259
0.558406
0.402641
0.353579
0.697336
0.448612
0.467268
0.7261
1.96996
7.54591
0.920625
1.31501
0.288999
0.0526206
0.712636
0.335149
7.11876
8.01215
0.77874
0.119195
7.35478
0.856944
0.346835
7.69618
0.87768
8.27816
0.124649
8.32622
0.325827
0.371673
7.32357
0.487134
7.41086
1.93863
0.135688
7.27739
0.145146
0.111818
8.59686
0.251209
7.82102
7.22214
8.56018
0.0357387
7.84685
0.231606
0.823834
0.271444
0.776177
1.52575
7.74797
7.79699
0.0439257
7.88912
0.0946315
7.37486
7.90459
0.524235
0.740866
7.38588
0.427246
7.08072
7.16927
0.454581
0.37463
7.89509
0.298904
7.30162
7.62542
0.0628415
7.71862
7.434
8.03454
0.316011
0.578355
0.259775
0.538293
8.06244
0.0982433
0.848494
7.93512
7.93983
7.91455
7.73137
0.317646
0.231865
0.378691
0.10755
0.130069
0.151306
0.282637
7.30397
7.78854
0.112794
0.136277
0.132998
0.273739
7.81289
0.121223
7.31944
2.59646
7.71467
7.72532
0.328428
0.33282
2.04986
6.66166
3.07021
1.94739
2.22419
2.49412
2.12488
3.14045
3.03767
3.09024
2.61413
3.04619
3.34429
3.10156
3.09815
3.42426
2.27905
3.1319
2.61123
2.64278
2.05448
2.21786
1.74892
1.5391
2.17328
2.18118
2.26618
3.14549
3.11495
2.77103
2.58084
3.34862
2.27898
1.86952
3.03942
2.12798
3.59199
2.79973
2.28384
2.83212
2.064
3.47235
3.0272
2.70908
3.39343
3.48151
2.87859
3.11854
2.46203
2.79669
3.00082
3.64865
3.2154
3.011
1.72318
1.02925
2.19654
2.67791
3.18959
2.37505
2.54115
2.32222
2.05261
5.26091
3.20254
3.07
2.87878
2.47452
1.51472
3.34809
2.98937
3.12102
3.3326
3.46522
2.99407
3.02681
3.08666
2.51541
2.60541
3.12086
1.54474
3.31348
2.611
2.20508
1.77909
2.54071
1.94756
5.07427
2.77572
3.07213
3.35859
3.12935
3.17583
2.14755
2.41124
3.16246
3.15532
0.42811
2.03882
2.95979
2.3019
2.26586
3.15316
2.15717
3.09889
3.19447
3.10334
2.53888
2.23365
2.1853
2.83779
2.75884
2.22339
3.41607
2.69304
2.37524
3.10634
2.14547
2.34114
2.19791
2.45637
1.08527
2.82432
2.97808
3.04841
1.76217
2.47892
3.17403
2.08179
2.46062
2.71812
2.63447
2.2881
3.09751
3.09026
2.31848
2.19421
3.03112
0.933995
3.35039
5.01187
2.94513
1.69047
1.88388
1.51487
3.36286
1.90899
4.61403
1.87229
3.00767
4.03924
4.14242
1.48681
3.40579
2.91748
2.799
2.11736
3.11078
1.65454
2.82344
2.17644
2.66057
1.82414
3.3305
3.11576
2.91779
3.10679
0.761342
3.1968
3.16565
3.06807
2.49782
0.948999
3.19162
2.6515
3.01928
1.7667
2.94552
3.09528
4.75769
2.15246
3.27094
2.15212
1.66001
2.1684
3.1346
2.43889
3.06378
2.40564
1.98974
1.94084
3.04252
3.16803
2.20939
2.28432
2.48174
3.17214
3.29139
2.23528
2.96459
2.18974
6.96911
2.50777
3.78964
2.00278
2.24825
1.8036
3.14744
3.22547
2.13908
3.04244
2.03205
2.33083
2.71695
3.1496
2.92911
3.09399
2.14765
2.30856
2.2273
2.08016
2.82753
2.63731
3.06032
2.24915
2.85153
3.14742
2.17578
2.43046
3.22784
1.10844
2.79258
2.97222
2.85618
2.77582
4.24087
3.17555
2.16898
2.12715
2.86868
2.62319
2.79062
2.97026
2.34573
2.11861
3.22372
2.99532
3.20663
2.9728
3.35913
2.00255
3.88532
2.87244
2.56855
3.20348
3.04979
3.31978
2.07265
2.50023
1.89732
2.23454
3.31387
3.09829
2.61583
3.20704
2.7801
3.13456
3.2789
1.94838
1.85562
2.549
2.35627
2.37201
2.90923
2.16087
3.16229
3.31762
3.02598
3.15203
3.03954
3.01548
2.42451
2.30878
2.34852
3.21877
3.2217
3.40588
2.19939
2.87016
2.76254
1.97135
7.0026
2.22134
5.36067
3.03205
2.48306
3.34133
1.83414
3.34925
2.6147
2.24623
1.81165
2.64771
3.2048
3.20345
1.61471
2.55901
2.39065
2.9876
3.19095
2.43807
1.71586
2.87213
3.15184
3.05264
2.8542
3.20563
3.17131
3.36231
2.48153
3.05831
2.29086
2.44149
2.59271
1.9513
1.07834
2.11466
3.2347
3.15274
3.06806
2.15154
1.5836
3.0077
2.20391
1.8745
1.9494
2.24873
2.19376
2.79652
2.60018
1.94442
1.68296
2.05394
1.94982
2.75145
2.00681
3.30708
2.97432
3.05682
3.29979
2.24725
1.02099
2.48656
1.94771
2.03477
2.79399
2.19704
3.09175
2.99839
3.35422
0.949788
1.94297
3.59995
1.96032
2.5486
2.72714
2.86926
2.89985
2.90038
2.81644
1.99314
2.24142
1.93709
2.80449
2.64324
2.61513
3.16087
1.85126
2.12808
3.18546
2.5157
3.12431
2.83401
2.6589
2.10098
3.14221
2.364
1.53942
2.52005
4.61652
2.32004
3.3492
1.94112
1.57835
1.16075
1.76138
1.40912
2.72888
2.03682
1.93403
2.74869
3.27111
3.19662
3.00058
1.98403
2.14606
1.84305
2.7149
2.02172
2.26639
2.13882
2.71408
3.36379
2.93594
2.0869
2.54742
2.90929
2.36342
1.71033
2.72398
2.16955
2.53343
3.02804
2.89578
2.6539
2.02873
2.36072
1.60197
2.44487
1.9552
2.83379
0.863889
2.28601
2.94233
3.19073
3.20709
2.17516
1.01421
2.62909
3.21329
3.13247
2.04205
2.97621
2.54221
2.69191
3.1175
2.24271
3.55555
2.0922
1.37688
2.22816
3.42096
2.26067
2.74691
3.31721
2.27695
2.15194
1.94306
2.25589
2.92181
2.01768
4.81333
3.30429
3.05081
3.07887
2.11749
2.18385
2.16966
2.3229
2.9993
2.74574
3.36176
3.07414
2.72026
3.2324
2.80909
2.1546
3.31582
2.29403
2.37644
3.21025
2.22
2.34152
2.34067
2.9366
3.30629
2.90283
1.87836
1.78001
2.80385
1.44814
6.02494
2.69768
3.17496
2.91471
2.43993
3.17774
3.1351
1.65059
0.795435
2.46642
3.24914
3.06268
3.22397
2.29557
3.01182
2.26335
2.83247
1.82878
2.4304
1.94118
3.17819
3.05784
2.16136
2.09711
3.02093
1.97563
2.22152
1.98245
2.24307
3.03056
2.60635
3.18953
3.18558
2.72462
2.2575
3.15063
2.53496
1.71854
1.96799
1.67397
2.87892
3.03869
2.7856
3.08915
2.31994
3.27713
2.19883
2.20755
2.90689
2.50063
2.32696
3.28385
2.9468
3.21421
3.1193
2.86496
3.11312
2.19431
3.03405
2.61369
1.49873
2.20105
3.52983
2.9531
3.32678
2.53958
1.89536
2.22661
1.71998
2.32269
3.22138
2.58166
2.5598
2.21268
2.45054
1.95677
1.70535
3.17532
3.36222
3.63952
6.72534
2.77509
2.77155
2.87914
3.34494
3.02176
2.62916
3.00395
3.13856
2.04114
3.28935
2.10562
2.13211
2.17794
2.35362
2.4852
1.94581
3.35359
3.26181
2.44142
2.26989
2.29253
2.67798
1.92306
3.16572
1.82328
2.1852
3.0759
2.18273
1.3755
2.16075
2.38086
3.09944
2.3667
3.96532
2.3722
3.03693
3.29203
1.94841
2.93787
3.17759
2.94455
3.35827
1.86341
2.95168
2.28429
2.01136
2.6065
2.66408
1.91116
2.5792
2.45862
2.45681
2.21017
2.79517
2.28697
2.57856
2.37899
1.59478
2.60178
3.03451
1.69389
2.15361
2.29466
3.25974
0.751985
2.71568
3.13664
2.40831
2.32182
2.74764
1.78487
2.37988
2.78651
1.94903
2.07335
3.14227
3.00039
2.71944
0.357785
2.62201
1.92593
3.04809
3.68546
2.69737
2.93788
2.22329
1.94681
4.75299
2.47437
3.36866
1.85624
3.2705
3.36535
2.75808
2.88801
0.895367
2.28536
1.37841
2.97642
2.52855
2.44324
1.96945
3.3197
3.00752
1.66331
3.12919
1.19939
3.14656
4.54691
3.12822
2.1854
2.69147
3.30856
3.13448
3.10774
2.85592
2.98988
3.23385
3.38595
3.01137
2.33972
3.10469
1.8422
3.0265
2.65216
0.889157
2.85252
3.8651
3.5556
2.99352
2.13422
3.08408
5.38724
3.15918
2.74197
2.96888
2.45277
2.15251
1.82202
3.00558
3.54228
3.33636
2.63474
2.31202
2.48318
2.51659
2.44747
3.07251
2.52931
3.22462
1.82526
2.96792
1.83714
1.94597
1.52091
3.12355
2.49279
3.19594
2.5109
3.07455
3.1407
3.09335
3.34312
3.31035
1.91212
3.36254
2.41833
2.93883
2.06686
3.05822
3.01479
2.46872
3.10344
3.19777
2.23168
3.15133
2.1702
0.924897
2.0046
2.06502
2.40768
3.49007
1.43187
3.15335
1.92745
3.04135
1.73032
3.1189
2.00804
1.72104
2.9801
2.19771
2.16446
2.92216
2.26893
2.20992
1.94332
2.74271
2.96451
3.81871
2.55797
2.70786
2.63529
3.30961
1.61011
2.0155
3.57074
3.10647
3.15542
3.36447
1.74531
1.93494
3.18073
2.3171
2.38777
2.90507
3.31349
2.24227
2.02378
2.21294
3.21352
2.36956
2.8588
2.4272
2.20959
2.478
3.11401
3.06884
3.10885
2.04225
3.05456
3.00239
2.64707
2.85067
2.90809
2.60897
2.74279
2.61808
2.09916
1.76109
3.14733
2.79818
2.08896
2.41604
3.11606
2.95952
2.5052
3.38659
1.44823
1.44078
2.76272
1.94496
3.17086
2.079
2.6828
3.36131
2.41784
2.83949
2.33123
2.15916
2.43028
3.02263
2.35077
3.33386
3.00285
2.91084
2.79269
3.05605
2.34833
2.33025
3.76888
2.56625
1.98668
1.94934
2.0401
1.92112
1.80498
2.72207
1.88546
2.68665
2.58991
3.28038
2.83902
2.49163
3.31031
3.02091
1.78565
2.76458
3.92097
2.186
2.25273
2.37545
2.97304
2.71969
3.00115
3.39339
1.76491
3.13822
2.79952
2.25776
2.24942
3.15613
1.68215
3.15802
2.17537
2.91235
2.71914
2.53506
2.10935
2.17097
2.43643
2.24039
2.24934
2.38523
1.047
3.60879
2.15326
3.41011
3.13297
3.32916
2.30261
2.73339
2.92896
2.81797
1.55394
2.98448
2.66374
2.75711
2.30469
1.98024
1.91775
2.60469
5.93827
1.94865
1.94161
2.40112
3.17929
2.17265
2.65081
2.01333
2.9814
3.11349
3.36329
2.21443
1.21357
2.64118
2.56855
6.11182
2.87635
3.2487
2.39339
2.33425
2.88824
1.57307
2.43207
2.98021
2.43955
1.09372
2.55419
2.5346
6.90759
2.48933
2.83966
3.28581
7.05345
1.80049
2.74227
2.56761
2.87668
2.22945
3.60144
2.66634
2.52048
0.876904
3.07529
2.52415
2.50693
2.80727
2.17948
2.72791
1.99538
3.11867
2.98354
3.92402
3.34842
4.05319
2.28621
1.91945
3.02517
2.51206
1.95583
2.59803
1.70592
1.32944
4.87536
2.07085
2.12789
3.20334
2.33488
2.40468
3.14394
3.21625
2.88022
2.09452
2.43621
3.08177
3.33893
2.24939
2.94418
1.91427
2.93823
2.30164
2.80755
1.81781
1.68705
3.07328
2.34192
3.15264
3.4066
2.33563
1.95205
2.39346
1.72209
1.90895
2.38116
2.05537
1.92202
2.22432
2.20468
0.830675
3.29339
2.78328
2.91228
1.86716
3.1424
2.15418
3.63302
1.71558
2.52119
3.31155
2.48052
2.69714
2.50266
2.19178
3.11836
2.41711
3.14261
3.29168
1.30175
2.43172
1.978
2.54143
2.93421
2.6022
2.90337
6.34305
2.77057
1.92017
1.71763
4.89575
2.56988
3.00899
3.69859
3.13061
2.52976
2.67038
0.519573
2.81224
2.5653
2.67582
2.07385
3.022
2.97572
2.67387
2.67453
2.7853
1.86784
3.0007
2.98698
3.19808
2.54858
2.6923
2.93232
3.20025
2.10233
2.95237
2.95073
2.49639
3.03699
2.42111
2.89406
3.22588
2.46202
2.29504
3.14225
2.83229
1.76513
2.66306
2.51576
3.75628
2.05819
2.15124
2.54781
2.13939
3.18937
1.79776
2.57127
2.64196
2.69453
3.15241
3.2548
2.39743
3.21482
2.62694
1.9822
1.88185
2.11202
2.3521
2.46991
2.24776
1.53268
2.24911
4.17816
1.70503
3.06379
1.9514
1.89614
6.71217
3.3477
2.18267
2.01495
2.63795
2.85335
2.42494
1.85509
3.15902
5.61001
1.94578
2.16766
4.67437
2.52437
2.87304
3.08103
1.99167
2.99281
2.28505
3.34587
2.97305
2.6189
2.07416
1.89121
3.59905
2.61294
2.86918
2.5523
2.17418
3.21599
1.93608
2.01667
1.71277
1.93647
1.96876
2.1374
1.9538
3.09161
2.23297
3.16209
3.16739
2.79012
2.81125
2.93629
3.24462
2.17643
1.91715
1.76245
2.56461
2.37802
1.97798
2.65065
3.12167
3.35269
2.12141
1.62401
2.54129
2.87415
1.59071
2.07333
1.72361
2.26855
3.17932
2.15516
2.78561
3.18282
1.79024
2.22942
2.5887
2.26358
3.12296
2.00596
2.1915
3.15632
2.75614
3.76083
2.54234
2.35919
1.90465
3.17188
3.19015
2.63352
3.42689
1.88672
1.80721
2.94149
2.35691
1.96606
1.2327
2.07321
4.888
2.71788
2.86119
3.05744
2.23035
2.18381
2.98552
2.12929
2.51
2.20772
2.02824
2.98155
2.29126
1.88717
2.3716
2.25121
2.0429
1.67502
1.51892
3.28717
2.3659
2.89432
6.40686
2.53977
2.21669
2.8236
2.67752
2.24844
3.23373
6.45445
3.25776
1.73584
1.79298
0.733557
3.14836
2.98714
2.83082
2.30937
2.61088
2.96598
1.92759
1.87904
5.8812
1.90874
3.34275
2.53071
2.27425
2.23635
4.19009
2.1922
2.1517
1.43516
2.25357
2.63145
2.22003
3.13929
0.893005
2.48374
1.53698
2.23259
2.37325
2.85776
3.06938
2.05972
2.86063
6.65872
3.34495
2.14222
1.49106
1.82934
3.0051
3.00253
2.34987
2.54044
2.16954
2.1724
2.47534
2.99051
1.94686
3.40069
3.01984
1.71749
4.49663
1.90607
2.87246
3.23981
7.48471
2.28662
2.92248
3.5813
1.88656
2.87957
2.37544
2.73534
1.91183
2.0471
1.94664
2.01365
2.51954
2.23272
2.17776
2.23457
2.2002
1.87466
3.16404
2.0715
3.42425
2.3936
3.30534
1.8517
6.19552
1.79842
3.4863
2.94592
5.33776
2.93366
3.1145
2.73111
1.89813
3.37069
2.64604
3.69514
2.79165
3.51551
3.04256
1.96962
2.76338
2.34862
2.57114
2.71288
2.44865
2.91499
2.83815
2.4711
1.77455
2.07089
3.01908
2.47095
1.98285
1.91242
3.67551
2.94669
7.35666
2.00643
1.732
3.00044
2.4501
2.99674
3.3849
3.28087
2.21836
3.1392
2.02357
6.35199
2.37889
2.75707
3.21112
2.51267
2.62351
2.57611
3.28938
2.98868
1.90451
3.41228
3.14378
1.51359
2.81629
2.20464
3.21758
4.6371
2.40634
4.23344
2.95388
2.65787
3.17495
2.25615
2.59599
2.47342
2.58177
3.30901
2.33397
2.5363
2.42518
3.13781
2.82953
2.66803
2.69184
2.73952
2.4002
2.17348
1.34324
2.4375
2.3788
3.23981
1.98607
2.39849
2.86535
2.41956
3.29525
2.49604
2.77957
3.12975
2.47167
0.311629
2.26796
2.99854
1.65871
2.99599
3.14059
2.26508
3.2171
2.16111
2.66011
2.00267
2.79264
1.70062
2.5693
3.1093
2.12054
3.16248
2.25165
3.26924
6.51159
2.31654
2.97812
2.56697
2.9128
2.25865
2.29191
3.36649
2.47496
1.74432
1.94785
2.37488
2.09544
2.47289
2.37257
1.12091
3.78333
2.10418
2.50508
2.59317
3.0003
2.30057
2.17653
2.69114
1.66175
1.35591
2.96262
3.17556
3.43482
3.16612
1.93417
1.84257
3.25521
1.93568
3.17858
2.77254
2.00558
3.32963
2.6062
2.58534
1.66041
2.93542
2.97527
2.53088
2.23655
2.41009
2.6274
1.69492
2.52955
4.04227
2.33694
2.35225
2.76272
2.66889
2.25777
3.11688
5.35766
1.96441
1.4455
1.54147
3.66173
4.08752
2.6836
2.30914
0.790635
1.71457
3.37027
1.93097
3.20375
3.38549
2.81975
2.05807
2.87756
2.08193
3.16669
7.11368
3.34424
2.3343
2.69451
3.3384
1.82553
3.18343
0.997315
3.63002
3.61087
2.32712
1.79989
3.23592
1.75144
1.70759
2.12177
3.18042
2.10298
2.98407
2.26565
1.8933
3.3026
2.41023
2.619
2.20176
3.38331
1.8253
2.74656
3.0988
1.88087
2.65319
3.00239
1.91985
2.84747
2.65242
2.27826
3.254
2.42107
2.58754
2.1604
1.72487
1.75852
1.99292
2.21829
3.16763
2.41947
3.05313
2.50908
2.71645
0.925369
2.9712
3.33301
6.28001
2.88737
1.21972
3.06778
3.32302
3.31415
3.08251
2.1117
2.09591
2.6464
1.60646
2.88505
3.20653
3.08592
2.4949
2.93476
2.23531
2.28431
2.40804
2.30932
2.77798
2.18191
2.31074
3.26946
2.31318
3.07137
1.67507
3.2361
2.5898
2.5702
2.45166
2.18201
2.89671
3.36588
2.73526
2.14464
3.22714
2.24011
3.33828
2.97801
2.46369
2.51912
2.1946
2.10827
2.58429
3.36839
1.6311
2.29041
2.37119
3.00049
2.55938
1.94197
2.39027
2.15971
3.32691
1.36862
3.37219
2.91218
2.37903
2.21441
2.59622
2.57255
1.57289
3.09682
2.53106
1.92725
1.44954
2.3318
1.66066
2.79663
2.91532
3.03421
2.57028
2.10718
2.23654
1.86626
3.17141
1.72211
2.38892
3.303
3.36181
2.76386
2.46738
1.46717
2.25966
1.91508
2.30226
1.6058
3.22266
2.53419
3.14659
2.67972
0.734105
3.01776
3.19819
6.06359
3.24036
2.74699
3.25403
2.60899
3.1711
3.27589
1.04091
3.26127
3.20024
2.30126
1.18222
1.92108
3.03799
2.95995
3.19123
2.18407
6.19994
1.21448
3.32632
2.86921
1.94981
2.84067
0.369788
3.17344
1.74531
3.05158
2.0282
2.99044
3.13964
2.09285
2.86994
2.89762
1.90998
2.22094
2.29976
2.21908
2.7066
1.57933
2.63692
2.20343
2.52482
3.13821
3.14969
1.91594
2.29839
1.28989
2.72595
2.21817
1.96837
2.95748
3.66525
1.72434
3.43839
3.16454
3.05799
3.27838
3.61743
2.11423
1.2823
2.17011
2.40249
2.966
1.90409
3.13165
2.7334
2.77549
1.88313
2.4734
1.88637
1.91438
1.61493
1.99343
1.96922
2.9343
2.95854
2.43892
2.51683
2.32369
2.66481
3.19979
3.39198
3.12288
3.25889
3.15274
2.98064
2.20608
1.97191
2.19026
2.7928
3.33763
1.94371
3.16957
5.40417
1.79626
1.44857
4.84352
4.91892
3.30453
2.19846
3.49294
2.92608
2.70728
1.55601
3.26244
1.92897
2.23661
2.68
2.53889
2.03139
2.56886
2.17391
3.01819
1.56675
3.04998
1.66954
2.74698
1.4331
2.48946
1.86648
2.16815
2.58457
3.21464
1.67699
3.18534
2.15691
2.41652
3.34174
2.44247
2.19652
0.97411
3.42724
2.89151
3.33418
1.7658
3.11216
2.0958
3.2913
2.16864
3.16159
3.21971
1.69632
3.18131
2.96166
3.20394
1.7252
1.99007
3.14369
2.1742
2.93825
1.67668
1.78646
4.01357
1.70515
2.60661
2.76523
2.00434
2.99432
3.07697
2.12083
2.07776
2.31388
2.51569
3.37812
2.11406
3.1409
1.51429
1.77415
2.32587
2.49208
2.6481
3.14763
1.91936
3.04497
3.19104
1.65813
2.19654
2.91043
3.24366
2.49931
2.06672
2.58182
2.13527
3.28396
2.27923
2.7519
2.18359
1.93235
2.8975
3.14784
1.38636
2.27257
1.97018
1.83586
2.9739
3.22351
3.23732
2.29724
3.2788
3.12992
2.85609
2.99519
2.32266
3.17818
2.08758
2.8007
2.71204
2.14207
1.75398
2.88572
2.80832
2.46137
2.1457
2.94482
3.33906
2.16273
1.59721
1.94838
2.82167
2.9287
3.19609
2.72934
3.30675
2.52563
2.50679
3.32538
2.46531
2.60252
3.62466
1.94896
2.72942
1.74182
2.28336
1.60552
2.63607
2.57937
2.26329
2.08134
2.81392
3.70412
3.46078
2.05728
2.38811
1.78877
1.21447
1.92357
3.07656
2.55007
1.88449
3.06583
3.00523
1.52226
1.4951
2.19404
2.75476
2.88633
3.2124
3.06409
2.07884
2.04538
1.94747
3.36583
2.96375
3.22951
2.46814
2.19389
2.7033
3.19747
1.94486
1.93445
2.9102
2.84305
2.88511
2.565
1.96062
2.7555
2.61847
3.36036
1.95295
3.14007
2.48391
2.61889
2.94767
3.08752
2.51135
2.78603
2.51931
1.94188
3.23981
3.32081
3.22645
2.69991
3.15698
4.26944
2.84102
3.09054
3.36288
3.20334
3.59559
2.48539
1.95006
1.60384
2.28193
1.95035
1.43389
1.92131
3.34969
3.10628
2.1967
2.71439
2.74888
1.43024
2.15462
3.51138
2.86257
2.22485
2.6677
2.69136
2.14036
1.66986
2.15893
1.91728
2.62556
3.28362
3.3828
2.15704
1.78931
3.79022
3.16741
2.79552
2.66419
2.20981
3.24357
3.42014
2.49597
3.3548
3.06694
2.60018
2.82644
1.72761
1.94543
2.50781
6.32918
1.60355
2.5952
3.12756
2.65643
0.770027
3.10415
2.92576
6.17275
3.18829
3.04327
2.03311
5.83386
1.93061
2.19591
2.28292
1.49981
1.95241
3.64776
2.31559
2.06314
1.90885
4.80442
2.01052
2.79574
3.16313
2.02227
4.38812
2.98537
2.82079
2.88162
3.15795
3.20463
3.27089
6.27038
3.35126
2.43006
1.69647
3.02361
1.63913
1.54066
3.10657
2.83578
2.83218
2.03
2.72004
2.90163
3.60639
3.12182
2.96647
1.99534
2.75333
1.91331
2.1633
2.88559
1.96073
1.46176
2.95547
2.71803
2.3391
3.33342
2.76129
2.12533
2.19339
1.36692
2.98713
3.40604
2.05205
2.55864
3.28528
2.58064
2.17906
3.29051
1.46924
1.9113
2.94984
2.92747
3.28053
2.18648
3.19327
2.01312
2.28261
2.18539
3.31992
1.75361
1.63256
3.3967
2.86793
1.96844
1.73957
3.18441
1.47902
1.72381
1.6638
2.51881
2.68174
2.55535
2.8904
2.45752
2.73478
2.82056
2.90567
2.44097
2.24107
3.47
1.67218
2.31485
2.71692
3.06412
2.39918
3.53744
6.849
1.58673
2.7069
0.801009
4.68832
1.97099
1.66285
2.83784
3.95137
2.06031
1.84849
2.27131
2.96205
2.73691
2.64342
3.0602
2.22492
2.71446
3.88872
3.32621
2.00868
3.16975
4.44316
1.8949
1.39471
2.6977
2.81355
2.22887
1.85661
3.37707
1.94254
2.3213
2.67845
2.19824
2.52921
2.28257
1.94618
2.03372
2.92828
2.34288
2.74716
2.08392
2.64809
2.84681
1.46127
2.2124
2.64177
2.32914
2.52298
2.88028
3.1855
2.99058
2.54233
2.83066
1.40511
1.66423
3.25458
2.02323
3.13989
3.12269
2.51345
1.98463
2.68542
1.98698
3.21158
3.68141
1.43452
1.96021
2.95583
3.47563
2.19996
2.67342
3.01953
1.8077
2.81267
1.79628
2.35401
1.90669
2.32496
3.32206
1.3438
6.03502
3.10534
2.74241
2.67134
2.56831
3.29218
2.87456
3.3631
2.07725
2.00826
3.04038
2.46109
2.89577
2.12155
2.23951
3.10273
2.2247
3.18744
2.86145
2.97008
2.26577
2.61846
3.00797
2.66223
1.95149
1.15668
2.48211
7.33713
2.7125
3.18275
3.38106
1.99993
2.36117
7.29686
2.06878
2.73686
2.84603
2.6941
2.1613
3.13417
1.98586
2.2346
1.08112
2.61981
1.97486
3.69995
1.27699
2.27356
1.29889
2.87767
3.23037
2.1666
2.74623
2.8058
2.20409
3.04117
2.44756
2.37164
2.38488
2.04365
2.26441
2.03693
2.03164
1.93814
1.20523
3.26464
2.19258
2.01387
2.86288
3.09566
0.779038
2.24593
3.0061
2.5936
2.5818
3.2011
2.76228
2.68451
2.71714
3.30558
2.96302
1.38889
2.37976
2.48286
2.60096
2.58198
1.69044
2.19062
2.76867
1.05852
2.26566
2.69292
2.70532
1.56236
2.76048
1.62093
2.40455
2.50601
2.61461
3.43483
2.25822
2.56281
2.47118
3.62475
2.76123
3.52063
1.3011
2.61925
3.24348
2.544
3.03045
2.49325
1.18043
2.63661
2.63434
3.17669
2.22148
2.53398
1.73446
2.25576
3.20883
2.76918
2.10893
2.80281
1.41181
2.88584
2.23608
2.58199
3.2688
1.71694
1.59179
2.85681
3.19711
3.06098
3.12608
3.07167
3.07374
2.66347
2.75066
2.56858
2.1733
1.99079
3.04708
2.99182
2.19229
2.54211
3.23173
3.24753
3.62454
1.85788
1.80265
1.91794
2.16587
1.83086
7.25366
3.06678
2.29349
2.15739
2.22328
2.14571
1.54391
1.73526
2.01097
3.00691
2.34788
3.13262
2.63706
3.16071
2.80463
2.20304
2.07839
1.8988
2.90681
2.9305
1.91364
1.89066
3.00091
2.63095
3.79456
2.2836
1.97664
2.30755
2.67438
3.41554
2.45484
2.56492
2.51513
4.88357
2.4998
3.1163
2.60043
1.94815
2.09407
2.99328
5.45389
3.3038
2.59085
2.59844
3.37849
3.23305
2.76024
2.84816
3.18117
3.14281
3.13041
2.6172
2.23436
3.14487
2.86008
2.92521
1.57968
1.95873
1.49083
1.54023
2.1758
2.17613
1.92203
3.23591
2.82954
3.26554
1.97708
3.6598
3.186
2.59221
3.07183
1.66104
2.56771
2.59059
1.80167
3.06298
2.61352
2.43394
1.97091
3.20229
2.76749
2.53066
2.2158
3.28687
1.94891
2.91463
4.24404
3.14195
2.4858
2.19231
2.78594
2.20832
2.65984
3.14475
2.50375
2.63352
1.57455
3.36452
3.27706
1.52673
2.0083
3.24012
1.96623
1.6509
2.63482
1.94177
3.11837
2.5531
1.84237
2.97738
2.09017
2.0925
3.41805
1.92613
2.41614
1.94856
3.1161
3.09836
3.01667
2.95138
2.10945
3.12826
3.01355
3.1479
2.30521
1.73454
2.78611
2.50669
1.92805
2.66947
2.28563
3.34869
2.40394
2.37405
1.92426
7.13163
3.30124
2.15961
2.2334
2.4888
3.00892
3.10081
1.34102
2.67699
2.1877
1.82941
2.90883
2.70368
2.71772
2.37229
3.27139
2.12586
2.12526
3.30758
2.55898
2.5434
2.83739
2.16215
2.03171
3.24755
2.32456
2.08027
1.53938
3.3002
1.96896
2.12784
2.94063
2.33641
2.2062
2.64411
3.08256
2.43384
1.90947
3.07955
3.14279
1.54314
1.87357
2.96527
2.11935
3.3187
2.92676
2.68397
2.70737
1.22519
2.84156
3.15826
2.51744
2.82236
2.56864
3.35714
2.1472
2.59216
3.55807
2.29778
2.63161
2.25712
2.47042
1.97714
2.94284
2.84228
2.15977
1.25338
2.24419
2.51797
2.85414
3.15454
2.99758
2.17259
1.84563
1.91523
2.98637
1.97929
3.279
2.08728
3.39941
3.085
2.13696
6.10077
3.00004
3.27232
2.30143
2.81624
1.82605
2.46719
2.74177
3.24876
2.60858
1.78539
2.55576
2.51844
2.45155
3.29466
3.22666
2.08064
1.93133
3.21906
1.94993
3.69009
1.9501
3.36801
3.25895
2.64815
1.98472
2.33118
2.86493
1.51189
3.06828
2.72853
1.90373
1.88179
3.25451
1.95477
2.70726
2.08702
2.16094
2.53575
2.17663
2.93486
3.05901
1.77022
1.1978
2.02463
3.20969
1.49626
3.30689
2.43246
2.9624
2.96445
2.13359
2.97456
1.79805
2.21089
2.45133
3.13831
2.12759
2.00613
0.731844
3.18387
1.65611
2.51601
3.05799
2.12489
2.21431
2.5668
1.7424
1.93287
2.19406
2.27552
1.82649
2.15498
1.48597
3.08379
2.48236
1.82237
2.25034
3.10001
2.55758
0.909011
2.91422
2.2814
2.07356
3.32125
2.31822
2.34051
2.06474
2.62693
3.19514
2.60402
3.134
2.95731
1.83693
2.10358
1.62773
3.13311
3.71598
3.38894
1.94319
2.83748
3.52468
3.17427
2.16643
1.75678
3.26106
3.07447
2.95255
3.1675
1.72112
1.62091
3.44963
2.78029
1.98276
3.08907
3.35279
3.15513
2.72502
1.57791
2.84042
2.49654
3.31196
2.14774
4.71445
3.35319
3.14223
3.6231
2.21097
2.38329
2.28173
2.62041
2.63748
2.46188
1.58026
1.53875
2.07194
2.81735
3.25584
1.93719
2.4622
2.88733
2.23212
1.94163
2.50591
3.33556
2.86317
3.99229
2.83256
3.12277
2.16579
2.95239
2.192
2.05955
3.3564
1.57274
2.3578
3.28077
2.44216
2.17733
2.92775
3.13615
3.39873
2.56267
1.74678
2.06542
1.54389
1.89354
3.32105
2.18567
1.94342
2.48886
3.15653
3.25638
2.5987
1.95028
3.24467
3.3738
2.20618
2.57408
3.06474
2.8932
2.16884
1.37313
4.62697
1.44447
2.52618
2.21163
2.45012
2.2158
2.14362
1.8594
3.04632
3.36442
2.98169
2.05995
2.62787
3.21505
1.94666
3.23435
1.94138
2.83376
2.82076
3.08723
2.91062
3.35165
3.18158
2.68968
2.8207
2.38954
2.53525
2.78481
2.63849
3.57521
5.22639
2.2918
2.83505
2.55444
2.97827
2.15172
3.17968
1.95095
2.55692
2.75757
2.38674
1.93956
3.60531
2.91607
2.98908
2.999
2.73945
2.84416
2.70764
2.34263
3.32174
1.94787
2.87642
2.45509
2.98569
3.06659
2.16178
2.77413
2.7592
3.04914
2.79589
1.92315
2.95099
2.88361
3.20224
3.03243
3.12705
2.75795
2.12121
3.01148
7.51889
2.49004
1.82566
3.3074
3.3574
2.5488
2.7555
2.64975
3.29983
2.94241
3.31852
3.28004
2.00075
0.912434
1.88425
2.91942
1.96048
2.25705
3.11776
2.88004
2.61319
3.38706
1.91652
2.92378
3.16732
1.81606
2.34316
2.35304
3.18888
2.87982
1.82432
2.04179
2.30646
2.07187
2.00495
2.06587
2.36492
1.78394
2.04971
2.90356
2.57535
2.32345
2.52924
2.15119
2.25753
2.71093
2.41337
2.36445
1.9643
3.4231
3.26873
1.24968
3.20277
2.7743
2.11969
2.96391
3.78087
3.15524
1.31768
1.79465
3.33848
0.909785
3.30051
1.77544
1.78048
3.29826
1.87793
2.33199
2.92204
2.39138
2.2065
2.04415
3.3659
2.79766
2.65353
2.11141
2.36033
1.7138
2.18663
1.4269
2.46305
2.64971
3.31616
3.01561
2.68372
2.41275
2.3128
2.2525
2.88468
3.36762
3.2464
1.5133
1.66938
2.44662
2.67995
2.71069
2.84186
3.27
2.30922
2.8841
2.05867
3.23597
2.30012
2.56589
3.08969
2.33923
2.85655
2.58143
3.19232
2.28265
3.31475
1.94662
2.54719
2.43574
2.87684
2.18695
2.76279
3.64707
3.36249
2.39212
1.72571
2.19829
0.917939
2.7017
3.2825
2.22606
2.96174
2.84357
2.27899
3.34818
2.904
2.06515
2.04843
2.71392
2.6308
1.79103
2.58244
2.35129
2.66702
2.40085
2.19336
3.20155
2.28252
3.09913
3.03976
2.70161
2.72862
3.08429
3.12274
2.77379
2.06959
2.59246
2.36054
3.75714
1.93974
2.69754
1.73417
1.33636
3.3612
1.66049
2.98109
3.08956
3.19288
5.73298
2.81117
2.50027
2.84969
1.68644
2.0343
2.73273
2.7623
2.68141
2.76215
1.87591
3.24552
1.84886
2.73126
3.21809
2.46601
1.86099
2.50521
2.96489
3.16919
2.09566
2.61037
2.00708
1.95865
2.7309
2.16049
2.31223
2.25218
3.06754
3.18373
3.20452
2.32145
0.954712
3.25785
2.30048
3.31459
2.8788
3.23194
2.75554
2.81793
2.7291
2.92931
2.51416
3.03481
1.7783
3.06557
2.19315
2.17697
2.8359
2.7917
3.10594
2.81345
2.51827
1.89483
3.29099
4.74401
1.82657
2.37558
1.93956
2.39342
3.13208
2.5291
1.19592
3.91796
2.76014
2.37079
2.83333
2.66562
3.18138
2.57615
2.4984
3.17952
2.85493
2.94293
3.17423
1.7837
2.04675
2.96071
2.806
5.16083
2.34348
2.29826
1.53634
2.77156
1.94446
3.55958
3.15191
1.86098
2.8684
2.2653
1.98642
2.91835
3.01262
3.19146
3.80115
1.73238
1.94174
2.31858
3.2574
2.7471
2.89842
2.73913
3.52893
1.42638
3.03137
3.17182
3.27807
1.92683
2.30693
3.35122
2.2675
3.12673
2.01575
2.10019
3.31407
0.858547
2.34023
2.79256
3.21773
2.26925
2.26759
2.92709
2.64416
1.91426
3.05291
2.00291
1.20732
1.60444
2.77134
1.25861
2.06509
6.52581
3.306
3.25641
3.38101
5.81723
1.84826
2.75398
2.02208
2.22923
2.59464
2.29906
2.9282
1.73593
2.51012
6.13404
2.35117
2.84321
3.0955
2.22838
2.99247
1.96698
3.11388
2.71558
2.83929
3.11825
2.28591
3.11374
3.12838
2.43396
3.00961
3.71231
3.35482
1.01471
2.58276
2.9248
2.71379
2.38878
3.09321
2.01934
2.73332
2.668
2.55642
2.99795
1.82314
2.24367
3.64008
2.69603
2.70425
1.99299
1.6206
3.07885
3.74368
2.32609
2.1826
2.47862
2.33868
3.28322
3.25224
3.14707
3.15819
2.73129
1.95275
4.94714
2.24724
2.6771
2.81164
3.22717
2.10508
2.78386
1.35476
1.92569
2.19624
3.13059
2.18844
2.44136
1.67696
2.29574
1.82496
2.1115
3.28083
3.12627
2.36437
1.89069
3.10093
3.65953
2.07528
2.378
2.58113
2.65811
2.45404
3.14324
2.82496
2.23467
2.87041
3.21613
1.8453
2.28921
3.03178
1.14872
2.00466
3.18425
1.94018
1.94894
2.17158
2.46185
1.89253
3.0733
2.98272
3.16874
2.98895
3.38762
2.66926
1.79438
4.73935
2.72663
3.28289
2.89546
2.27169
2.00702
3.60631
1.60822
2.28617
2.83206
0.624376
3.12188
2.21931
3.82649
3.22216
2.91877
2.70293
1.82768
1.68565
1.74675
2.15171
2.77462
3.16206
2.19882
1.83597
3.10351
3.39105
2.56907
2.2569
2.22532
2.48916
2.10371
2.21093
2.60582
2.83905
2.67886
2.18472
3.12308
2.82769
3.27321
2.5352
2.01477
3.14835
1.90296
2.81502
2.56164
2.95878
3.34362
2.68443
0.919174
3.06763
3.16664
1.82006
1.65985
2.49372
2.27023
2.01016
2.81036
2.72789
2.15587
2.58328
3.10707
2.95431
2.79256
3.28068
2.02558
3.16027
2.34598
1.92876
2.59975
2.17507
2.21464
2.30434
1.70946
2.33775
2.65445
2.2752
2.79096
2.24419
3.42297
1.93888
2.64041
2.81101
2.5809
2.25826
1.9959
2.50963
1.75793
3.13848
2.56215
1.97336
1.37298
2.62372
2.24618
2.15084
3.26511
2.43914
2.24786
3.08265
1.04761
2.97082
3.75753
1.67725
3.11598
2.84535
2.8077
2.4148
1.94809
2.62003
2.72325
2.05162
2.22622
3.28685
1.94177
3.04772
3.31151
2.88083
2.97295
3.36143
3.26477
3.37985
2.79595
2.51647
1.75261
3.9786
3.29299
3.08729
2.67884
2.59469
2.86245
3.28034
1.66769
2.0955
3.26914
1.73898
2.50724
2.60127
2.88653
2.5329
2.36392
2.29908
1.8322
3.37635
2.97277
2.90949
3.38502
2.18386
1.89161
2.54261
1.9967
2.09626
3.29542
1.62806
1.18718
3.0247
2.73777
3.15908
2.49507
2.47927
2.27682
1.51826
2.26072
1.30465
2.65411
1.93779
2.21909
3.66755
2.24221
2.9583
3.18089
3.31131
2.30957
2.58018
3.61791
3.14336
2.34243
3.90132
3.20497
3.64107
1.85069
2.23007
5.97124
2.18939
2.77049
2.86168
2.17741
1.64511
1.20558
1.90875
2.76456
3.1329
1.66507
3.32683
2.99849
2.71509
3.17399
2.46697
2.7002
2.83837
3.22049
2.22418
2.61017
1.71874
1.69813
2.26944
2.14382
2.48137
2.03336
1.44713
2.01473
2.69206
2.38444
3.28681
2.57013
2.1653
2.56126
2.77832
3.19835
2.50313
3.04498
3.27167
1.79827
2.61839
2.84752
2.24656
3.22401
3.82602
3.18161
3.10625
1.55673
2.19081
2.63909
2.18339
3.26011
1.85788
2.19579
2.09822
1.92239
1.44664
1.38023
3.59927
2.51759
1.9347
2.13562
1.37643
2.6526
1.95062
2.36883
3.09483
3.12893
3.32044
2.18366
2.17141
1.95623
3.38529
1.12326
2.40486
1.86819
2.936
2.53759
3.14809
1.92799
2.15757
3.17744
2.5159
2.2903
1.92862
2.43803
1.99577
2.19879
2.00855
3.25461
2.12001
2.48877
3.69478
3.19207
3.14447
2.08746
3.20365
3.30607
2.60837
2.60932
2.97917
2.44256
2.18005
2.05349
3.25772
3.3223
2.4134
2.72893
3.69321
3.12157
2.99934
2.46019
2.4901
2.57196
2.23636
3.18703
3.78148
1.92912
2.17507
2.10507
2.84244
2.38391
1.8961
2.75164
3.16682
2.81042
2.20516
2.93113
2.26254
2.51209
1.88657
2.61201
2.59097
1.39746
2.11448
1.93824
2.13496
2.90436
2.13288
3.13549
3.24662
1.75962
2.59503
3.23756
2.55487
1.22582
2.15458
2.45033
0.937569
2.74945
1.90171
2.25217
2.58
3.22357
3.31866
2.64013
2.61835
2.7616
2.12913
2.62248
3.25061
2.55248
2.47003
1.79905
1.73537
2.21894
2.39499
3.35322
2.62887
3.57212
3.11687
3.15689
2.13289
1.77467
2.01879
2.07552
3.72799
3.37404
2.01375
2.42271
1.47064
1.90662
1.33912
2.31125
3.04208
2.26231
2.05071
2.50662
1.77016
3.36345
3.00411
3.80696
1.56796
3.79117
2.62223
2.26085
2.2886
2.47746
2.51942
2.00681
2.12875
2.3594
3.38213
2.69631
3.64343
3.30582
2.1949
3.2252
2.5637
2.16367
1.89758
2.52769
2.20321
2.16629
2.67425
1.68832
2.40328
1.91079
1.81623
3.23416
2.14358
3.16321
3.1898
3.2149
3.20606
2.54224
3.23448
2.31066
2.79334
2.45113
3.05968
3.1643
2.25015
3.30248
2.96532
1.94358
2.9093
1.78558
3.2056
3.12795
1.91848
3.08094
2.17857
3.33518
1.97662
2.85064
1.61195
3.16714
1.72679
2.72453
3.37759
3.16172
3.35671
2.53743
3.36539
0.907088
1.60665
1.72874
1.94269
1.96969
3.30601
2.57339
2.43235
2.66784
2.23629
1.3906
1.9572
2.12824
2.16076
1.92055
3.01852
3.21051
3.19322
2.59144
3.29384
2.89337
2.46494
3.58459
2.47201
3.28044
3.02736
1.81489
3.16103
2.95785
2.39648
2.65379
3.11848
2.55588
2.55942
2.83476
2.14846
2.84611
3.24461
3.21936
5.65944
3.00644
2.58322
2.15006
3.32636
2.22495
3.02876
2.20476
2.52829
2.19362
2.47194
3.23359
3.16569
3.07593
2.60283
3.76943
1.95726
1.94959
1.24624
3.16805
1.9613
1.75719
2.80308
6.06283
2.23606
2.03934
4.0138
2.24673
3.35707
1.55124
1.9406
2.00984
3.11425
1.32041
2.84664
3.25939
2.78937
2.91693
2.9874
1.94847
3.78896
2.14944
2.90891
2.40809
2.05153
3.15447
2.1274
3.2492
2.14676
2.28968
2.21906
3.12835
1.96282
3.20829
2.66263
2.9255
3.26928
2.51574
1.85211
2.56345
5.96488
1.72438
2.65897
2.23876
2.15645
3.23431
2.04547
2.20293
3.60537
2.09742
2.15866
3.37449
1.1669
2.90661
2.5326
3.00624
1.99107
3.25959
2.19924
2.63415
1.07408
1.77398
2.60399
2.81623
3.18997
3.2728
3.99605
3.1346
3.24652
1.74469
2.61237
2.07159
6.35547
1.96393
3.24183
2.41361
2.43435
2.32555
2.3145
3.27346
1.65669
2.55239
4.79127
2.14521
2.53668
2.1416
2.51322
1.97142
2.03997
3.1335
2.98115
1.43772
2.30622
3.03236
2.63863
3.24231
3.19393
2.32332
1.94483
3.19371
2.11723
3.7887
2.38588
6.48117
2.52455
2.31764
3.36362
1.9514
1.83096
3.33687
2.55106
3.28175
1.76262
1.32818
2.86145
1.77369
2.13163
2.13564
2.18489
3.23304
2.07351
2.0429
2.19123
2.49187
1.62567
3.14715
2.91901
2.65775
2.52292
2.56877
2.52687
3.60891
2.13475
3.09911
3.26052
2.9366
3.02773
2.1996
3.18921
2.38189
3.30807
3.09266
2.09834
2.22794
3.3506
2.86569
2.98384
2.03473
2.93901
1.95641
3.11596
3.39921
1.93786
1.94834
3.17073
2.70222
2.20125
3.35682
1.99963
3.25792
1.94811
3.11437
2.56113
3.37344
2.75848
2.18216
2.50301
2.11148
2.87368
1.99483
2.18213
3.23724
3.18172
2.88678
2.26347
2.14431
2.19281
2.3523
3.15583
2.92186
2.49626
3.16851
1.9361
3.34436
3.33912
3.43393
3.03461
1.92023
2.47565
3.17663
3.05449
1.57795
3.23317
3.23787
4.71377
2.52793
2.24417
3.17597
3.08362
1.94372
2.17361
1.14753
3.7902
3.12792
2.25938
2.58613
3.31443
2.22039
1.96309
3.206
3.20338
1.96156
1.71066
1.70248
2.36806
2.58679
2.41367
2.46528
2.62288
3.2258
2.50533
3.28689
2.90496
3.1482
1.88875
1.84452
1.14762
2.20878
3.19784
3.24505
3.24609
3.45916
2.18474
1.90703
2.62031
3.20068
2.56608
1.85884
3.13101
1.99764
1.91123
2.42166
2.55019
2.44684
3.57376
1.95613
1.90542
2.74292
2.18654
2.27494
1.83929
2.45648
2.49214
3.93093
2.44016
2.22674
2.0799
2.12207
2.88799
3.21174
3.24513
2.67536
1.95575
3.0077
2.1193
2.76169
2.73658
2.24774
2.13725
3.14523
3.33057
2.1171
2.87727
2.76361
3.16619
2.36624
2.61644
2.35608
1.6907
4.58474
2.86013
3.31178
1.57569
3.34771
2.00569
3.4066
1.90392
1.94965
2.2182
3.24202
3.0058
2.15583
2.17985
3.09079
2.23215
3.37327
3.2159
2.53526
3.09726
2.13353
3.25889
3.41437
1.99939
2.1456
2.4311
2.38104
1.93053
2.65417
1.91235
3.41382
3.37677
1.94761
1.07115
1.60617
2.4787
3.14992
1.5873
5.46192
2.17258
3.12725
2.258
2.87409
3.07409
3.36607
2.94763
2.43899
1.89948
2.39433
3.22798
3.271
2.31639
2.17356
1.87517
3.07358
2.67541
3.51689
1.96085
2.86304
2.77914
1.94857
3.248
2.58512
2.38366
2.02789
3.37328
2.5438
4.06836
2.41328
3.41891
1.94102
2.75065
1.88238
3.26406
2.35106
2.1205
3.96
3.08973
2.6899
3.79008
2.21074
1.97202
3.15475
2.54079
3.05337
2.93652
1.64929
3.25314
2.70398
3.19429
2.81411
6.17352
2.78502
2.44015
1.95521
2.74786
2.11711
3.188
3.29792
2.22217
2.59318
2.3763
2.4433
2.49273
0.556598
2.35788
2.25771
2.05121
2.5194
1.90968
4.31131
2.1736
2.03082
2.9618
3.25582
3.14245
2.49271
2.08671
2.34944
1.9186
2.20169
2.74712
3.34689
2.52374
3.34234
2.1477
3.25693
3.28445
3.16308
1.89952
2.65174
1.03378
3.3447
2.32843
2.59935
2.02187
2.86593
6.70592
2.69375
3.38011
1.94777
1.76358
1.73183
2.57524
3.40749
3.10391
2.40228
1.81064
2.73777
3.2347
1.64968
1.48122
2.74562
0.58604
1.94985
3.11576
3.81463
2.89241
1.94871
3.24874
5.81087
2.14977
1.94929
4.93014
2.69208
3.38037
2.63305
3.09175
3.32722
2.65667
4.01866
2.12657
3.0914
2.364
3.04626
0.895607
1.90202
2.74533
3.24602
2.47355
1.97685
2.16784
1.82153
2.57436
3.29354
2.41192
2.5789
1.70895
0.774906
3.1784
3.15406
1.97911
2.72851
3.38809
2.53961
2.43298
2.86443
2.02202
2.01965
3.59814
1.79757
2.21043
3.29776
2.11829
2.31852
2.41502
3.094
2.10374
2.23211
2.77924
2.1104
1.14049
2.9824
1.99947
2.50318
4.01578
1.96291
2.15421
2.04782
3.31776
2.07198
5.71282
3.36838
2.76775
2.12874
2.46325
1.94925
3.36841
1.95148
1.6634
3.00702
5.83797
2.99873
2.50759
2.33129
2.5152
2.45308
2.01823
2.43041
3.39793
2.1203
3.37213
1.85634
3.17289
2.49515
3.34709
1.85482
2.11917
3.26393
2.37072
3.39996
2.21624
3.26555
2.53287
2.86538
3.20586
3.27292
2.6456
3.12607
3.27672
1.94604
1.98084
2.28551
3.01021
2.97987
3.31176
1.29864
2.58017
2.31015
3.28348
2.1342
3.36408
3.14595
3.35054
3.15677
1.94057
2.90113
1.39925
1.69011
3.26073
2.49312
3.329
1.94956
2.03559
1.95619
3.1819
2.32028
2.04181
2.68855
3.23724
2.55927
3.71975
2.22666
1.74512
2.17354
3.42276
2.86699
2.06697
2.00586
2.5976
2.17209
2.3225
2.69772
2.93818
2.86116
2.63501
2.38803
3.28271
2.05624
3.33518
1.63229
1.03259
1.95163
1.95131
3.16567
2.47644
2.35559
3.17948
1.83352
1.01793
2.03622
3.25917
3.34569
3.1988
3.24564
2.86792
2.35396
2.3633
2.11312
1.94059
2.01548
3.35804
3.16943
2.89625
3.30559
2.28245
3.73159
2.07335
2.12826
2.04767
2.24356
2.61727
5.47728
2.54983
3.24656
0.783111
3.24699
2.22754
2.02104
1.87887
3.32881
3.35586
2.32711
1.17192
2.70097
2.09382
1.7381
3.25038
1.60604
3.36643
1.95308
1.97314
3.17151
2.09486
1.53275
2.86884
2.69976
1.8835
2.06551
1.63534
2.4255
3.14469
2.77422
3.33815
5.73226
2.52903
1.01803
1.40898
2.4716
3.20586
1.69695
3.30446
3.22903
1.89695
2.37569
2.05477
1.98056
2.01515
3.31191
2.18455
2.97455
1.94007
2.10396
2.33011
2.12102
1.76719
3.20794
1.95818
2.20033
1.72459
1.94657
1.94572
1.92556
2.16997
2.35067
2.97601
2.51287
2.92242
2.32474
5.73679
3.33674
3.05696
1.42153
2.10122
3.25773
2.24439
1.71009
1.95747
3.08256
2.95118
3.06508
3.2761
2.93286
2.18403
1.47951
1.53604
1.47459
3.10744
3.22934
1.99289
2.30469
3.33961
2.99906
2.65271
3.17008
3.23878
3.25849
3.36682
2.26205
1.93193
2.63584
2.41593
3.24765
2.32455
2.04066
2.06138
3.77954
2.17647
2.23589
2.76862
3.28576
3.30783
3.3127
1.61028
2.10881
2.30206
1.95181
3.25071
1.91667
1.8958
3.07568
2.93363
3.41724
2.64474
3.27217
2.10404
2.92122
2.89188
3.21384
1.95022
3.15249
1.9358
2.65069
3.3666
1.98943
2.93246
5.76647
5.54442
1.68946
1.96836
3.24905
2.60286
1.7405
3.42537
1.55658
2.70489
3.53953
2.63872
2.09164
2.40631
2.00412
1.09876
3.25821
1.69154
1.00407
1.75815
3.20338
1.62739
2.74603
3.61913
1.65257
5.51308
2.79441
3.26748
1.929
2.7264
3.55538
1.00905
1.94646
1.90114
3.60594
2.45427
6.26338
3.28085
2.99147
2.16788
3.49637
1.90651
1.58491
3.26306
2.50388
2.08643
2.39164
1.8531
2.97989
2.49433
3.62527
2.06167
2.84132
3.33809
3.46614
2.17581
1.81953
2.99855
2.37303
2.80748
3.18837
3.33404
3.40139
1.80763
2.78665
3.19709
2.47878
1.88979
2.11421
1.8992
1.78833
2.17062
3.07241
1.93835
2.24462
3.15272
2.89704
1.96501
2.75072
1.70229
3.52309
1.92378
2.57935
2.95678
3.48112
2.77755
3.27187
2.68116
2.91767
2.75617
1.94063
2.40079
0.900369
4.0188
3.29398
3.26802
1.81878
2.4657
3.12189
3.20408
3.35563
1.93096
4.86932
3.7903
1.75961
3.80783
2.29759
3.42181
3.13043
2.44473
1.7456
1.85951
1.59185
2.55427
1.72688
3.23943
5.18502
3.25743
1.41946
1.81008
2.64373
3.1507
3.28451
2.56522
2.48229
2.24547
1.01955
2.19958
1.95025
1.75043
3.12068
1.70218
1.96065
1.59861
2.17473
2.227
3.37051
2.02819
1.49828
2.76013
1.95536
6.97257
2.68218
2.00077
2.25027
2.54463
2.29707
3.24287
1.95764
1.83648
1.93543
1.66014
1.25705
3.35009
3.5805
2.22259
2.1528
3.18214
2.3238
3.16013
2.90978
1.94162
0.99548
2.84205
2.9695
2.33987
3.78428
2.19791
3.16173
2.31909
2.1891
2.77653
4.04507
2.75544
2.14863
3.41417
1.92899
2.75104
1.6872
2.4845
3.22855
3.3248
6.15538
1.9122
2.71069
2.2636
1.10745
2.01125
2.14377
1.94476
3.25075
2.20735
2.9785
5.77758
3.24762
1.91225
2.62172
2.61099
2.28092
1.53735
2.9915
3.38628
2.27515
1.94097
3.42575
1.69712
2.02009
1.70532
2.16058
3.32347
2.68814
2.96667
2.98693
2.12777
2.15937
2.23184
3.34047
2.4424
3.32363
3.72099
2.49862
1.68374
3.00611
2.02093
3.29376
3.29953
3.15358
1.95123
2.2945
1.71957
3.19259
2.02877
1.73665
1.91547
3.76476
2.50699
1.90225
3.15243
1.94164
1.90646
3.29826
2.99601
0.990939
2.4175
3.2146
2.98293
1.32308
2.05724
2.25485
3.19031
2.93461
1.8712
2.33235
2.0566
2.20821
3.19246
2.07459
4.87352
2.82697
3.28147
1.9382
1.51694
3.65014
2.90546
2.7364
3.27655
2.9923
3.39938
3.28867
3.27555
4.86589
1.91306
2.51635
2.23273
1.94513
2.42932
3.26643
1.77905
2.75539
2.95532
2.14716
3.29387
1.6647
2.42323
1.67899
2.2441
3.29191
1.81611
0.908196
3.05679
3.30303
1.08994
2.17437
2.20725
2.57769
2.5496
2.26994
3.30682
2.1756
2.16949
2.00383
1.84289
3.3435
2.98893
3.36863
3.23101
3.3738
1.73825
1.91603
3.09268
2.40294
2.67743
2.91123
3.34365
5.35415
2.95647
2.01118
3.3733
0.884514
2.17589
2.99504
3.3694
6.09277
2.18195
2.29759
3.14769
2.39595
1.81504
3.35445
2.25722
3.34805
2.70848
2.97697
3.38076
2.63496
1.93376
1.9743
2.97967
1.87671
3.78224
2.9107
2.03505
1.78049
1.93995
3.26253
5.00999
3.2027
1.91333
2.90182
3.15435
2.13876
2.1724
3.29512
3.28927
3.29092
1.9045
2.10841
5.73257
3.11859
5.3444
3.02087
2.12668
2.01286
1.93665
2.815
3.62707
2.123
2.05497
2.20879
3.21103
1.93678
3.31828
1.80272
0.969436
2.56525
1.76932
2.17383
3.04384
1.69288
2.63018
2.57723
1.91544
3.70745
2.24822
1.99331
1.86132
2.13229
2.89275
2.21727
2.24666
3.07034
2.63431
1.95667
3.51921
5.05185
2.16382
1.95011
2.87971
1.68771
3.33974
3.2073
3.77929
2.86696
3.30068
1.84374
1.96183
3.30174
1.99348
1.99363
3.28832
2.47901
3.04703
3.22925
3.32927
6.97686
1.89916
1.96513
3.01098
2.60763
3.19258
1.47962
2.18457
1.93758
3.81157
3.15994
2.71096
1.49639
2.12848
3.16672
2.24174
1.95322
1.81975
2.57874
2.12539
2.95881
2.99619
3.27111
2.97861
2.76582
1.76034
1.74403
2.874
3.33813
2.6942
1.7498
2.96087
3.75061
1.62877
1.9372
3.08934
3.32577
6.33971
1.7472
2.96886
2.66603
3.22236
1.71735
2.98283
2.87724
1.9551
1.92751
3.16401
2.21249
6.51507
2.48839
1.71731
1.90731
3.14983
1.93122
2.59245
2.80391
2.10521
2.55866
0.978241
1.90505
3.19233
3.01217
3.34921
3.35718
2.27143
2.54323
2.21251
3.30577
1.46871
3.05089
3.1886
1.51079
3.03256
2.69434
1.82333
2.13265
2.12433
0.970109
3.18146
1.81095
3.35467
2.63244
2.33006
2.76482
1.8097
3.2865
1.78014
1.86775
3.30865
2.67281
3.58364
2.73501
1.75862
2.74495
2.66865
1.41192
3.26625
3.30909
3.05173
2.64712
3.38192
3.10642
1.65707
2.04416
3.31236
3.27929
2.5514
2.33582
2.83238
2.66967
1.94857
1.92547
3.31572
2.26096
2.76144
2.69046
2.57847
2.59019
1.94678
1.67831
3.28322
1.69142
1.9972
1.81741
2.56102
3.16317
2.75898
1.4607
1.74111
3.12737
1.93922
2.83792
2.45175
2.73808
1.8236
2.1897
1.75208
2.56181
2.5552
3.63658
2.10443
1.26532
3.03302
1.98613
0.940501
1.86054
1.93399
1.35789
3.35997
3.58379
2.89125
2.45484
2.73968
3.08437
0.894294
3.08928
3.34609
1.78794
3.6025
2.17518
3.41396
3.06564
2.09681
3.2749
2.80977
2.71744
1.57788
2.90278
1.91801
2.49677
3.76245
3.01884
2.21755
2.15217
2.97405
1.979
2.05452
1.98478
1.94759
2.79996
2.27532
1.94551
2.17965
1.3688
2.52518
1.88365
1.33976
3.42044
1.70957
2.8568
3.35295
3.59166
3.24473
1.67555
3.25655
1.92288
2.99836
4.38428
2.71142
1.76159
3.00371
3.84869
3.0393
1.60493
1.54738
3.30228
3.27953
3.23603
1.93411
2.83447
2.94925
2.78648
2.59604
1.81165
3.27536
2.54321
1.48894
2.03298
1.77623
2.1628
2.4447
2.04026
3.06656
3.28595
1.53253
1.88879
2.05503
2.23915
2.62272
2.6915
3.11831
1.91968
3.32788
3.61202
3.56036
3.31716
2.08816
2.8842
1.56451
1.90479
1.93498
3.08772
3.68502
1.80285
1.77825
3.17575
3.57326
2.49708
3.00463
3.57696
2.47193
3.18263
6.47841
2.85028
1.39394
1.92991
1.84383
2.97001
2.58417
1.86469
2.45453
3.16067
3.00387
3.14781
3.28302
3.25494
2.20568
1.77229
3.27774
0.892146
1.88666
3.13497
1.92526
2.63496
2.0489
1.73649
3.05262
2.74116
3.33917
1.94895
3.28911
5.2665
1.91185
3.34156
1.67541
2.13825
1.83055
5.91841
2.71151
3.32509
1.83132
2.11375
3.19275
2.99175
2.74011
2.71619
2.24919
2.93268
3.36798
3.18937
1.21461
1.2644
2.05768
3.7346
2.92475
3.72585
1.94786
3.32326
2.00031
3.34339
2.24072
1.79217
1.89525
3.29037
3.01926
2.56654
1.0449
3.31523
2.00681
2.90158
1.83775
3.93239
3.19218
2.13256
2.18899
3.75694
1.92138
3.32527
3.41714
2.00107
3.68301
2.14457
3.25575
1.91805
2.24514
2.83557
1.76579
1.85302
2.50981
1.79161
2.91313
3.41368
1.9125
2.08213
3.22519
1.72822
2.18288
2.87061
3.47235
2.70743
3.00979
3.3904
1.29324
2.5989
3.13555
1.66469
3.37681
2.0022
1.71247
3.11872
1.31914
3.18111
2.8057
2.78294
3.66968
2.49213
1.14626
3.37083
2.52668
3.27189
3.60228
1.76471
2.02204
3.14555
5.05882
2.12787
3.2626
2.63204
2.77372
3.36238
1.94242
1.96997
1.84007
3.7064
3.41924
3.45243
2.7462
2.1659
1.94395
3.21614
2.06291
2.77359
1.77555
2.11428
3.09224
3.32984
3.533
3.15458
2.74419
1.43034
3.36305
3.23118
3.25682
1.72917
3.30517
6.5057
3.37902
2.73783
2.57607
1.37559
2.03616
3.22023
2.914
3.11703
1.94975
3.5507
3.14512
1.73596
2.33798
2.78238
4.62682
1.88477
2.00393
1.67987
2.23829
3.28548
1.78317
2.00259
1.93664
2.15375
1.83457
2.16244
3.02616
3.32191
3.32164
2.97836
3.19739
1.94484
1.90239
1.90725
2.05801
2.21755
3.18378
1.8046
2.18511
2.45811
2.09836
2.74295
2.94066
2.92352
3.23485
3.086
1.6621
3.79394
6.86034
3.29593
1.46573
5.7244
3.3565
1.95409
1.72578
3.29584
1.72743
2.34785
1.77762
3.32421
3.23339
2.12435
3.09092
2.58072
2.87566
2.52366
3.22359
2.18553
0.733958
2.70323
3.02331
1.86462
3.36606
2.18473
2.50603
3.17085
1.63139
1.20888
2.33438
3.23795
1.9377
2.08455
1.59879
1.7623
1.7613
2.85861
0.844058
1.93054
1.78776
3.29547
2.81564
1.79358
3.32
2.72274
2.23475
3.4418
3.28383
3.38353
1.69684
2.11633
1.64882
2.81402
1.96216
1.79537
3.39247
1.69436
3.54164
3.01705
1.93969
2.26959
3.29298
5.13052
2.73605
4.62825
3.0532
3.36129
1.66113
1.81346
3.35256
1.22785
3.01041
1.73374
2.56513
1.97432
3.17953
3.26708
1.96243
1.20825
3.13256
2.12562
2.15431
2.68933
3.02672
3.3974
2.10438
1.89164
3.11099
2.90493
2.39151
3.30918
3.36715
2.08797
1.94422
2.63334
2.99886
1.83019
1.71047
3.32757
3.10019
1.67876
3.56792
3.03644
3.34674
1.93231
2.50594
1.92588
2.80576
3.33605
1.74697
3.29421
3.00133
3.2293
2.34624
1.58781
0.875341
3.31844
1.7274
1.8752
2.56096
1.89556
3.31642
3.06358
1.80152
2.78546
3.35984
1.95129
2.00381
4.9938
2.76959
1.6557
1.72237
2.90227
3.11869
1.33563
1.32621
1.74525
1.91209
2.67973
1.87311
2.03639
2.49736
3.21981
3.39586
2.82433
1.91571
1.85631
4.01092
2.17317
0.984204
2.46002
1.10881
1.41151
2.95951
1.89634
1.81745
1.61446
1.74041
3.03469
3.12979
3.56523
2.82373
2.25753
1.34381
3.28684
2.34596
3.1941
3.48255
1.98697
1.92971
1.76821
2.13468
3.78306
2.9066
5.57032
2.0876
2.54445
1.23051
1.64363
2.80914
2.34772
1.80445
3.18754
2.61364
1.9107
5.96555
3.24513
1.90667
1.8287
1.91138
3.21996
3.34036
1.65155
2.23438
3.10018
3.72094
1.94751
1.69601
0.71925
1.8278
2.05459
3.29382
3.21812
3.25191
3.26417
5.60312
2.77238
1.66437
3.38344
2.38869
3.01472
1.75959
3.3184
2.73123
2.20128
2.85735
0.914526
1.58054
1.81237
1.94588
5.12411
1.79684
2.97514
1.92972
2.14238
3.25417
2.76932
2.24085
3.41765
2.07439
2.30656
3.04931
1.85342
1.50246
2.04547
2.83495
1.8856
2.70395
3.22626
2.11694
2.77601
2.72993
1.71536
2.26425
2.54359
3.50005
3.41187
3.37351
3.62221
3.04097
3.26433
3.3181
2.85471
2.96523
3.2211
2.22219
2.03701
2.76387
1.87857
3.36001
3.33036
3.11457
5.74057
3.1491
3.60001
1.66602
3.2971
1.94989
1.85828
3.07136
2.99441
1.7835
1.66338
2.10886
3.28182
2.83112
2.86204
3.64527
1.90907
1.65774
3.31191
3.0686
2.63633
2.37656
1.97158
1.94989
3.64939
1.94877
2.79514
1.93446
1.9025
3.2226
0.872405
3.61565
1.82035
1.9438
7.26315
2.98582
3.10264
2.24893
2.47272
3.38745
2.02831
2.28833
1.81813
1.793
3.59971
5.66248
3.74813
3.49886
1.9365
5.24095
2.18541
2.06154
2.54495
1.90999
2.49377
1.95066
2.82072
2.83505
3.32586
2.79406
1.8973
1.90557
3.23953
3.37432
3.08056
3.35529
1.62381
3.18488
2.66338
1.67235
1.82403
1.30486
1.72258
3.36474
2.23207
1.89247
1.94338
3.72781
2.21954
1.9513
3.31264
1.87254
1.81854
0.959111
1.63678
1.82733
1.93442
3.29221
1.81879
3.28651
0.610913
3.33023
1.80009
2.72915
1.99925
2.4993
3.37549
1.97027
0.927685
1.42217
1.98334
1.05746
3.34429
3.86135
3.31644
2.34181
0.894003
1.93428
3.96995
3.34637
3.33593
2.79024
3.58874
2.92262
2.89758
2.90749
1.98706
2.21211
2.52162
2.22667
1.7446
2.9922
5.56062
3.27901
3.24096
1.69899
2.2937
1.90181
3.24679
1.86464
3.35687
1.75524
3.32719
3.00318
3.11627
3.35068
2.73101
1.8076
3.09883
2.6912
3.44693
3.398
1.82075
3.13028
3.51476
2.52952
1.73798
1.97007
1.96316
0.506501
1.56818
3.48199
2.82276
1.04769
3.33689
1.6547
2.52356
1.40313
3.33641
3.21733
1.58343
1.95197
1.81931
7.66346
3.05156
3.04719
2.72878
3.24714
2.05261
2.01428
1.88339
2.74629
1.42987
3.33708
3.76593
1.86464
1.82971
3.16038
3.84989
2.209
3.43574
2.3986
3.41717
5.1901
2.86275
2.42082
3.82931
3.33577
1.95418
3.63652
2.0314
5.58795
2.95826
3.36848
1.5993
3.19517
2.16744
2.11446
3.36944
6.56617
2.72263
1.94904
2.23858
3.20307
3.32705
0.869438
2.55463
1.73207
3.80535
3.3627
1.94147
1.88547
2.00876
3.36258
1.71876
3.10714
3.20588
3.45009
2.96747
1.96403
3.41081
5.26927
3.37132
2.52519
2.51585
2.15639
3.23509
2.14962
3.31826
2.74809
1.67268
1.18387
3.04846
3.67557
1.9523
2.13706
2.80579
3.06202
1.4697
3.17727
3.05179
1.94487
3.13815
3.687
1.5492
1.82458
1.90427
3.71778
3.10106
1.72044
1.43062
3.15818
2.10058
2.80152
2.19817
1.85162
3.33472
3.14752
1.68367
2.62986
3.15079
2.9924
3.32428
1.68907
1.69441
1.72265
2.50031
1.12263
1.94184
2.24357
2.80508
3.36875
1.88678
1.66408
3.66036
5.54595
1.98094
3.25546
1.94622
3.2303
1.64731
3.9093
2.89973
2.22798
2.18116
2.04721
1.76972
3.29977
1.95221
2.92328
1.92818
3.2598
3.10348
3.05648
3.01967
2.67863
2.39115
3.34028
2.15813
3.34587
1.60655
3.33267
2.68739
2.27123
0.892764
3.08282
1.86114
1.68631
3.67146
5.25637
3.79047
3.30702
1.72517
3.27188
3.38896
3.3501
1.92054
3.31381
1.9485
7.11116
3.18315
2.74415
1.6803
3.19306
3.35507
1.53831
2.75087
2.73763
3.33037
2.88622
1.88953
3.17511
2.00137
2.07197
1.40551
2.74512
3.31859
2.87793
2.10034
2.13732
1.79277
3.30173
3.29525
1.15962
1.83143
3.36915
1.94895
1.55333
3.31415
2.22326
3.33985
3.26517
3.34003
1.78513
3.74038
4.71952
2.50078
2.87847
1.88205
3.75416
1.84368
0.829268
2.02459
1.68225
3.29992
1.51301
3.41054
1.72221
3.42327
1.95888
2.97131
1.87501
2.75306
2.21404
1.69669
3.34341
1.65059
3.62498
1.7368
2.23127
3.3083
1.91564
8.8502
1.85911
2.43933
3.09511
2.25258
1.94728
2.9295
1.94677
1.92096
1.71915
1.58181
1.61244
2.7606
3.19101
3.11448
3.36217
3.29435
2.02388
2.97234
3.77433
2.75211
3.16378
3.28756
1.67766
3.38051
2.17064
1.90489
3.30698
3.74312
2.42445
1.86305
2.79269
2.65487
2.52781
2.9823
3.32443
3.2932
2.81372
1.12831
2.83899
2.68294
3.10103
2.55685
1.86361
3.10266
4.46045
3.33099
3.22845
3.17297
3.32751
3.24614
1.58359
1.97976
2.55899
1.86358
3.05441
2.9963
3.17957
1.97949
3.46256
3.12139
2.91436
3.01529
1.58809
3.26289
3.32198
3.23269
1.67727
3.27319
1.57212
1.53333
1.93767
1.94017
2.17634
2.76337
1.9892
1.74886
6.59263
2.79643
3.34321
1.60528
3.32822
2.06055
1.90668
3.42106
1.7939
1.67551
5.58295
1.90123
3.39038
3.30555
2.84315
2.37661
1.94331
2.89859
3.28394
1.94136
2.7929
1.89225
2.83755
2.95976
1.69822
2.01659
4.84586
1.75426
2.22199
2.53949
1.88589
1.72586
6.94591
3.49446
1.94832
1.73986
3.20389
3.11114
3.10266
2.59475
2.69849
1.94879
3.31476
1.8028
1.7417
2.9864
3.33149
1.69431
3.36752
1.74678
2.65495
3.24526
2.99164
1.7102
3.3025
1.97762
3.07142
0.427146
3.38722
2.44735
2.89678
2.5495
3.25068
1.50681
2.30387
2.44717
2.02786
3.79606
1.9823
3.28366
3.9505
1.80157
1.7972
1.71131
7.07658
1.73957
2.21433
3.16135
1.61498
2.95304
1.85137
5.25736
2.82506
1.9475
6.97442
3.29698
3.75264
1.61016
3.34524
5.43107
1.84897
3.27298
1.68048
2.3413
1.91618
1.71959
1.76188
3.76552
3.01769
1.80893
3.1068
3.18106
2.27972
1.25349
1.6648
3.2716
3.29438
3.21454
1.97918
1.73653
1.91349
3.30595
1.94647
3.17749
2.70951
1.94496
3.49509
2.41864
2.57173
3.59221
3.27886
3.31224
3.93133
3.08192
3.34887
3.67271
1.2041
1.98493
0.807229
3.33601
1.84668
3.31204
3.02101
1.57161
3.85914
1.68766
3.31004
1.81296
3.29905
1.8354
0.968272
2.86178
2.08779
2.91396
3.28645
3.22942
1.77362
3.15142
3.38373
2.86582
2.23101
3.1221
1.8312
3.29979
3.3536
2.67581
3.36151
2.14412
3.9937
3.31048
1.95108
3.3487
3.64555
2.9731
1.65889
1.50489
1.72315
2.78685
3.58244
3.15573
1.55734
1.90804
1.79401
1.4432
3.62348
1.00599
2.00079
2.54414
2.1433
3.2762
2.90948
3.15355
2.89179
1.77659
2.61612
2.89239
2.3907
1.97187
1.88799
3.00126
2.74581
2.23487
3.7454
3.368
3.31334
2.12981
1.74569
3.13278
1.94698
1.7491
2.71622
1.80379
2.48615
1.67223
2.85931
2.29662
1.91157
1.88186
1.35797
2.24685
1.65818
3.88774
3.25954
2.51234
2.28922
0.966505
3.23076
2.10511
2.8499
3.88838
2.55332
3.142
1.92793
1.85246
3.04186
1.84242
1.87915
1.22501
3.34066
2.90171
2.33834
3.31593
3.31438
1.83614
3.2909
2.75906
3.14041
1.81059
3.44335
1.92088
3.18005
4.13769
1.94792
1.89943
1.66308
2.77987
1.29413
3.36992
3.33895
3.3859
1.98209
3.2591
3.76073
3.34447
3.3276
2.60828
1.28818
3.34058
1.63965
1.49747
1.95286
3.18599
1.47175
5.76005
1.95157
3.19323
2.26411
1.95263
2.93275
3.01828
5.3129
1.84307
1.83373
1.48633
0.984683
3.31115
1.38082
3.37795
1.75232
3.35193
2.99099
2.8989
1.66595
1.67798
0.803483
2.09267
1.92466
0.977897
1.24202
1.83152
3.66413
1.4039
2.4374
2.10972
2.90618
3.0368
3.27313
1.55808
2.99781
3.40947
2.73268
3.15825
3.09337
2.60289
1.88163
2.57994
1.80373
3.13541
2.00385
2.95149
1.93194
2.90048
1.69246
2.58724
2.59185
3.41498
3.31619
3.15071
3.16103
3.32035
3.35231
3.20553
6.20268
1.79715
3.31846
2.2898
1.32643
1.84854
3.06241
2.77104
3.18643
1.66535
2.97405
3.76504
2.27243
1.6873
3.29535
1.97471
1.53092
1.5042
3.7822
3.18911
2.0071
7.46829
1.94563
1.51661
3.99657
1.95606
1.63811
5.83368
1.73363
3.26336
3.36222
3.22304
3.18712
2.82906
3.26563
3.27443
3.79052
2.87981
3.14546
1.57249
2.39528
1.24152
3.19006
2.93607
2.58759
3.31347
1.53029
1.66569
2.61956
3.35151
3.42871
1.94679
1.92037
3.4501
3.27111
3.14366
2.97156
1.70885
3.71625
1.94927
2.97239
3.08578
1.8448
3.20012
2.83293
1.65979
1.93204
1.49425
6.55914
3.70255
1.54362
1.78828
1.63964
3.01289
2.81598
3.31698
3.31488
1.62108
1.70143
2.73011
1.66267
2.64099
2.54171
3.18824
2.95238
2.58937
1.93789
1.95019
3.12076
3.38164
1.7034
1.92211
3.24143
3.82953
2.08069
3.15008
2.74475
5.26388
1.84939
3.07438
1.76743
2.5819
1.93816
3.32219
4.0253
3.00615
1.91542
3.4145
1.94227
1.83656
3.28364
1.87056
1.94756
2.90097
3.06119
1.91505
2.53615
2.25355
1.68575
1.85149
1.68677
2.92811
2.81192
2.53527
1.7135
2.0993
1.48397
1.90974
7.25151
3.50633
3.2595
3.36997
3.93575
3.33258
2.17834
3.0821
2.26972
1.47961
3.48831
1.90742
3.18487
1.9425
3.38014
1.38163
3.14
1.69865
3.35565
3.36929
3.78476
1.92168
3.66772
1.84907
3.32916
3.37364
3.93088
1.58131
1.71778
3.37145
1.92688
3.38057
3.28908
2.81707
1.7818
2.92546
1.25944
1.94633
3.26888
0.830021
3.39932
1.23324
5.66163
2.35543
3.36658
2.19638
1.75365
1.25459
2.97299
6.33713
3.40396
2.99263
3.38746
2.43665
3.32619
1.51903
1.74301
3.6956
3.25182
1.46502
0.836495
3.61836
1.00151
3.1794
3.14635
3.31173
2.48642
2.58701
1.22035
1.63478
3.31418
3.7299
1.52048
3.31819
3.34956
3.08486
3.384
2.31147
2.17621
1.61721
1.96326
1.93655
3.15815
1.80195
3.39637
3.1488
3.8845
3.0592
1.69755
3.52472
1.54182
2.01104
3.74146
2.13436
3.35481
1.70514
1.36461
1.62244
3.16307
1.65614
1.72763
3.2773
3.9721
2.83297
3.26191
1.82454
2.08471
3.37164
2.50065
1.93827
3.36307
3.3544
1.68725
1.84131
3.41397
1.83674
1.85557
2.85278
3.29354
1.66913
3.06248
2.3594
2.60621
3.26859
3.77834
1.7574
3.37846
2.20961
2.21793
1.90619
1.96711
2.66626
1.44889
3.19863
1.81573
3.86336
1.66429
3.5031
1.6153
1.67779
1.70971
2.72864
3.37081
2.59698
1.13889
2.22744
1.81576
1.71548
0.827329
2.21703
3.28785
3.32388
2.73261
2.78764
1.92346
2.43691
2.87692
3.32003
0.834421
2.73799
3.3345
1.93074
3.27666
2.73184
2.24489
3.26318
1.94733
1.54373
3.48337
2.61348
5.8187
3.19912
1.79132
3.41378
1.66569
2.3061
1.44646
1.48647
3.29144
1.93745
3.24731
1.58943
2.74423
1.95183
3.14865
1.36275
3.34976
2.3022
1.93776
1.77686
6.10576
2.13095
3.31859
2.21369
1.72874
1.61266
1.81424
1.9437
3.35622
1.81348
1.57877
3.18226
3.25404
3.38751
3.26526
3.87418
3.33759
2.68805
2.95439
2.19833
2.78848
2.24216
2.92769
3.36811
1.43383
1.6814
1.74993
1.95023
1.96598
3.31532
2.96871
2.6307
1.91534
3.38833
1.76974
1.93539
1.09561
1.9231
2.24975
1.32588
1.76318
1.93215
1.50786
3.35434
3.887
3.91324
3.40077
2.99774
1.77285
2.01253
1.7659
1.89967
2.14411
5.95623
2.04812
3.18351
2.26185
1.63649
3.91691
3.07901
3.26114
1.92739
1.91401
3.63249
1.94125
1.66055
1.75049
1.97482
3.26773
3.15836
1.77699
3.32495
3.13148
1.80492
6.89056
1.78818
2.57594
1.97643
3.40735
3.14222
2.7902
3.39759
5.79486
1.79354
3.10908
3.41756
2.17669
1.91997
3.14536
2.84786
2.03745
2.26964
1.73745
1.68307
1.79351
3.05071
2.99264
3.13746
1.79601
1.74023
1.91537
3.34702
2.23642
5.63038
1.17529
1.64988
1.73339
3.11408
2.8826
1.69976
3.89238
3.335
3.52923
3.28826
3.2524
2.06171
2.79206
2.08786
3.29184
1.1654
3.50638
1.56108
3.32396
1.92453
1.50892
1.78363
2.76086
3.39312
2.92266
1.43446
3.84469
1.9493
1.62008
3.35384
3.15655
6.94657
2.64428
1.79927
2.31274
1.86075
3.13357
2.0496
1.75257
2.93615
6.15802
3.34361
1.34585
2.97668
4.53719
1.58907
2.48025
2.59933
3.34893
1.94487
1.21467
3.36075
2.81515
1.95026
1.50973
2.22581
1.72977
1.65495
2.04066
3.60167
1.80731
3.35708
3.36836
1.73112
1.17828
1.92505
1.56407
3.70088
3.15339
3.30219
2.14623
1.7789
2.90945
3.153
1.81965
3.35984
1.73238
2.78313
3.03166
3.32409
3.73082
1.72148
1.54299
1.85506
3.01522
1.85903
5.08216
3.2683
1.67189
2.22198
3.74721
1.82273
2.85918
2.15752
3.22638
1.85733
2.2231
2.14081
3.24921
3.29579
6.58108
2.95978
1.39942
3.33116
3.30789
1.92955
3.30526
3.34673
1.81953
0.890322
3.32027
2.56306
1.64722
3.7329
3.35624
3.31388
3.14125
3.41527
1.68047
0.95034
4.44326
2.07653
3.29213
3.2297
1.72872
2.74076
2.17989
2.90562
3.39002
2.26835
1.71052
2.98685
1.76888
3.31371
1.38583
1.76093
3.23584
3.82717
1.85504
3.36984
2.72943
2.16521
3.38133
1.55076
1.9111
1.99038
2.72774
6.99154
2.98632
1.4871
1.7923
1.64713
3.36953
3.31702
2.35685
3.42573
1.85433
3.18384
2.76136
1.75294
2.20285
3.23263
1.93665
3.0846
3.47095
1.42003
2.49408
3.53326
2.10471
4.99898
3.37529
0.772293
2.7397
6.46169
1.71443
2.30939
1.74305
3.32067
3.92312
2.74733
4.42173
2.1726
2.50119
2.2846
1.73435
3.77478
3.31998
2.47701
2.54995
3.14839
3.3755
3.91706
2.04874
2.69885
3.38297
0.758747
1.4972
1.14919
1.69129
1.69001
3.67526
2.23463
1.61245
3.39473
1.74034
3.18331
3.34516
2.9285
2.21803
3.39188
1.39364
1.93584
1.52425
1.72817
2.61379
2.45341
1.81488
1.92929
1.93773
5.44119
3.77187
2.6151
3.76394
2.99023
3.16241
1.83518
3.78244
2.69849
3.80723
1.85363
2.7024
0.876497
3.35899
3.28983
3.24458
1.88663
2.51641
3.33237
3.33762
1.13876
1.41411
1.8404
3.83597
2.71562
1.6391
1.98604
3.36275
2.49074
2.02465
3.65074
3.35062
1.92291
3.36143
1.95897
1.76692
3.36829
2.07718
1.74978
2.95591
3.78043
3.37975
1.77824
1.47683
3.36603
2.52543
3.16239
5.57995
1.94942
1.90335
3.33143
3.37708
4.78976
3.24719
3.10886
3.68143
5.29626
3.85751
3.18369
2.98113
3.78659
2.81465
1.6406
3.10521
3.38936
3.1622
1.84177
3.42493
3.71395
3.76901
3.22759
5.77907
2.00263
3.33823
1.91899
2.95801
1.70498
3.38257
2.59542
3.8158
3.31402
3.3262
1.71292
3.02767
2.81101
1.63812
2.5189
3.31604
1.85299
3.37528
1.71804
1.70287
1.9464
6.0643
3.49767
2.12489
1.15228
2.17293
3.07581
1.45197
2.12654
3.36774
2.02651
3.41518
1.94732
2.00551
1.03339
1.90482
3.37365
3.04981
1.65373
1.96204
3.3831
2.79035
1.83774
1.42034
1.66053
3.38733
1.58311
1.72917
3.27046
1.90898
2.94951
3.22443
2.14931
1.93728
3.19627
2.82102
1.81007
3.32956
2.76634
2.34735
2.90115
3.15786
3.38946
3.36032
2.25362
1.40136
3.36003
3.3148
2.86051
3.86037
5.44621
2.83624
2.61197
1.70716
1.90054
1.87542
6.33571
3.40336
2.48875
3.17735
5.69211
1.72357
1.57644
3.36504
1.98549
2.96856
2.97159
1.14606
1.72069
2.7707
1.67713
6.48776
3.37471
1.68363
3.93046
1.8303
2.97778
3.3005
2.94062
1.55917
2.1835
3.12492
2.15576
1.91431
1.54505
1.93042
3.30444
1.26234
3.34924
3.93826
3.73903
2.17954
2.60518
1.80817
3.49165
1.74104
2.89019
1.80983
1.64016
2.68766
3.1776
3.32547
3.37332
2.71112
1.95583
1.68859
3.0695
0.89603
1.84778
3.36156
4.82698
2.97236
3.68188
1.685
2.51684
3.36994
1.75099
3.33681
1.73948
2.22253
3.83966
1.94945
1.6908
1.95631
3.58934
0.905376
3.37908
1.98691
1.94622
2.68
1.04454
3.22093
0.756257
3.86597
5.8771
1.93841
3.30859
2.96373
2.25727
1.62878
0.782275
3.31618
3.05399
6.14554
1.59383
1.69621
3.10001
2.25781
3.24458
1.23652
3.25471
3.86258
2.78515
3.34649
2.89488
3.11445
3.80932
2.1455
3.48593
1.70061
3.19625
3.33088
1.84303
1.90206
4.7167
3.38242
3.87324
3.19039
1.56687
1.44661
1.69438
2.09623
1.13472
1.6152
3.02573
1.47675
1.9511
1.45727
1.50753
2.02022
1.79261
1.83696
3.15696
2.6099
1.9189
1.8169
3.38254
2.95193
3.89697
2.54701
3.40112
2.96906
3.44551
3.14735
3.35436
1.77928
3.34969
2.40892
3.36045
3.55397
1.87223
3.39411
1.95555
1.48931
2.59637
3.92331
1.68342
3.3871
1.068
1.95035
1.89743
2.6555
3.14458
3.59602
3.33067
3.60047
1.77909
3.19706
3.33036
2.23014
1.67258
3.34109
3.01294
3.34312
3.36088
2.52568
3.41024
1.54433
3.88179
3.48553
3.33429
2.87701
1.70178
1.84763
5.28399
3.237
1.48809
2.46953
1.67729
3.3447
1.4346
1.68918
3.35206
0.849533
1.68479
1.38613
2.01745
2.17015
2.36013
2.23079
3.87708
3.41596
7.25512
2.53867
2.84906
2.72204
2.31176
2.97839
3.35358
2.51898
2.3721
3.07137
1.12594
3.92759
1.68353
4.99839
1.60972
1.94602
3.36432
3.17525
2.31832
1.95231
3.37795
1.90271
1.12401
1.4414
1.85062
3.35897
3.36569
2.51651
3.40566
2.97594
3.15956
1.95176
1.93514
2.06322
3.17322
3.39713
3.82775
1.99493
1.18631
1.84509
2.87158
3.19785
1.90146
3.14973
3.34977
6.01852
1.44317
2.06826
3.33045
2.0891
1.86187
2.94935
3.36119
0.775068
3.59521
1.68346
5.11352
5.4726
1.284
1.67861
1.47445
3.12375
2.67807
2.81485
1.65065
2.52864
5.78373
3.33541
2.71726
3.82263
2.26477
1.46717
3.36701
2.23622
3.16947
3.2003
1.85857
0.885614
3.35279
3.22506
3.33889
2.81843
2.90926
1.53407
1.64676
3.46044
3.22424
3.36168
3.68918
3.34904
1.72743
1.59212
2.8488
1.71318
1.24417
1.18105
4.91558
3.65508
1.70977
2.92177
2.98122
2.05631
3.02589
1.84061
1.52518
1.83339
6.09196
3.174
2.51231
1.839
1.09154
3.33185
1.70565
3.41449
1.95059
2.97425
1.5365
1.67907
3.36108
2.65394
3.21278
1.93834
3.06904
2.77878
4.61653
3.32868
2.74387
2.23695
2.84488
3.33225
1.66671
1.89416
3.38423
2.98604
3.39696
1.4481
2.87382
3.43514
1.80867
3.22815
3.03694
1.786
2.16399
6.86223
2.3049
2.00674
1.91603
2.36946
2.72229
3.36599
1.75594
1.90482
1.46062
3.35778
0.853447
1.08124
3.85509
3.22739
1.64765
1.65101
3.40236
3.18343
1.89242
1.66879
3.06308
3.22072
2.93332
1.26928
3.39888
3.099
3.14737
2.24823
3.40713
4.19757
3.1406
3.79153
1.49184
1.62703
2.08783
2.9469
2.05563
2.13372
1.42219
1.89457
7.14714
3.80391
3.35663
3.58424
1.94837
2.03411
1.67488
2.88869
3.79619
3.25864
3.42866
1.97998
1.90388
1.98916
1.71145
1.89902
2.81207
1.37019
3.36617
3.38195
3.07036
3.31515
3.3527
1.79453
1.77654
3.1829
2.09266
2.11902
2.04793
1.4676
1.77451
1.54412
1.3521
3.0167
2.48761
1.05
3.85397
3.53403
2.2831
3.41011
1.65224
2.7574
2.61376
4.11236
1.59088
1.6178
1.72655
2.73564
1.87001
1.53494
1.84234
0.868875
1.51398
2.8809
0.91606
2.82322
1.49068
1.89534
3.00508
3.3531
1.93191
3.30976
3.14298
1.50747
1.44171
1.94184
1.62723
1.60451
2.72808
1.76675
3.79886
3.05459
1.55138
2.67272
3.20771
1.99505
1.62449
2.70819
2.19487
1.51285
2.13753
2.21724
1.95073
1.65965
0.955838
2.86942
3.33675
2.65997
1.90039
2.89589
1.5691
3.39968
2.17745
1.38597
3.77084
2.87485
1.64806
6.13681
2.98223
1.68096
1.63578
1.87636
3.60482
3.24686
3.3467
2.84557
1.60416
1.51137
2.87617
1.47313
1.48215
1.69543
1.92663
1.70995
0.907071
1.81873
1.62167
5.88098
3.37042
2.9787
3.41827
1.88272
3.27305
3.61835
3.69503
3.23042
3.902
1.88925
2.99908
1.55013
1.67173
3.16231
3.78242
2.53023
3.3419
1.74203
1.59292
1.40788
1.06994
2.60643
2.16191
1.766
0.805361
1.64951
1.41775
2.00557
1.89691
2.16909
2.75482
1.67176
1.76364
2.69858
2.05795
3.40012
1.62749
1.6395
1.89327
1.59152
3.34802
2.50949
1.70032
3.38334
1.92223
2.12924
6.12557
1.44878
1.92937
1.48709
3.04956
3.10224
1.04437
1.90465
3.83086
3.39565
1.93942
3.36325
2.63492
2.09343
1.78625
2.71567
1.08002
2.8002
3.83388
2.97394
3.32739
2.50763
1.57375
3.35938
3.32473
3.04632
1.42806
1.88832
2.76625
3.68857
2.61507
3.24615
3.98907
1.61984
1.16432
2.1659
3.0232
3.16724
1.73312
3.25729
1.94217
3.36401
1.96965
1.73491
3.16001
1.79323
3.36779
3.27871
3.44345
5.97498
3.43947
3.34093
3.30023
3.02722
2.95002
3.16808
3.76392
1.95011
3.3421
1.52457
1.49448
1.43806
3.36242
1.89786
1.33388
3.25949
1.94343
1.41473
1.9442
3.29681
3.48905
1.59623
2.68027
2.98801
1.05401
3.28908
3.04665
0.850837
2.94973
2.06521
2.97167
2.16174
3.34162
1.40331
1.66959
1.87593
2.70352
4.99203
1.94741
1.70644
3.22512
3.12159
3.35629
3.15359
1.90113
3.16714
2.8061
2.72538
1.68169
2.20127
2.3035
3.3597
3.74125
0.824102
2.74712
1.66028
3.1742
0.817121
3.16598
1.89299
1.90523
3.56595
1.71948
2.26675
2.40153
3.36945
3.33196
1.68585
3.37639
1.99678
7.6043
3.41327
6.31139
3.1276
1.95938
3.71657
2.97738
5.90968
3.60565
4.30663
3.35732
1.94943
3.36681
1.91402
3.12619
2.25828
1.85072
1.52603
1.91469
1.31659
2.9329
1.82916
3.05205
1.94431
2.15395
2.01654
2.67256
1.69186
1.87109
3.30926
3.83198
3.38253
1.46288
3.36174
3.29514
1.84432
1.93675
1.88626
1.60812
3.32941
3.21679
3.58535
2.56247
1.4188
1.57718
3.36594
1.93691
1.67591
4.04643
3.41413
3.37192
1.50748
3.16404
3.75056
1.54954
2.78615
1.94247
2.20854
1.00623
3.30742
3.33541
2.23883
3.38777
3.35078
5.10243
3.54987
3.29944
1.52394
1.68948
3.19389
2.55704
3.22018
1.89703
1.77002
1.10943
1.6999
3.35935
1.91723
3.47793
1.40359
3.78504
0.702669
1.20498
2.00128
0.980057
1.59662
2.17773
1.60361
3.36762
3.52903
2.6566
1.90282
2.78396
1.91757
3.61143
0.899965
1.65777
3.32812
3.37206
1.84795
3.16374
3.27056
2.75531
1.94124
2.16802
2.98322
1.69432
3.41368
3.19398
3.19282
1.85411
3.4977
3.18626
3.77585
3.13434
2.38058
3.39607
3.36187
3.34147
0.781447
3.23385
1.66913
3.38809
1.83357
3.05384
3.2116
1.44155
3.35673
3.66803
1.6235
1.65307
3.79139
3.11487
1.57731
2.14955
2.75989
2.50258
1.54083
3.15813
1.43384
1.91095
3.07212
1.67523
1.58674
3.04084
1.47055
2.73533
1.59585
2.72881
1.59125
1.85809
2.71249
1.91088
3.1022
3.35599
1.27711
1.92305
3.30355
4.07608
3.80186
2.50609
3.83348
3.36692
3.66383
2.73543
3.75413
3.04224
3.22897
2.63775
3.36594
3.24753
3.3265
1.60377
2.84793
1.42938
3.2937
1.81901
3.34085
1.70832
2.64114
1.5651
3.36587
3.00058
2.01358
1.99023
1.94423
1.83949
3.50713
3.36834
1.91244
2.52529
3.89341
1.06984
1.94249
2.68232
3.14213
5.39973
2.52145
2.36432
1.67189
0.238082
3.33228
1.75484
2.27077
1.66814
0.847418
1.60407
2.29327
2.99191
3.93899
3.196
2.05429
3.39032
2.88025
3.36094
2.87262
1.88971
1.88978
3.34875
1.23546
2.97746
3.17259
3.0299
1.57611
1.66951
2.21318
1.57366
0.894993
3.36035
1.57921
5.32256
1.59021
3.40304
2.78961
2.27435
3.23571
2.99094
1.55387
3.41965
3.10782
1.69405
2.49835
2.15484
7.12625
0.65873
3.79207
2.77854
2.76843
3.24279
0.88054
2.56973
3.36625
2.68239
1.74973
2.0855
1.55281
3.02934
1.67019
1.39149
2.98242
2.82224
3.37404
1.60812
2.16842
3.06761
1.88975
0.829373
3.77023
1.29604
6.66417
2.52011
1.81934
8.56959
5.25142
3.34564
2.93239
3.49288
2.15674
1.67301
3.14628
3.16654
2.29991
3.0309
3.05866
3.48831
1.51231
2.96219
3.42236
2.67337
1.58895
3.13365
2.26095
3.49993
1.98609
3.90418
3.25548
1.78964
1.35962
3.05664
2.85959
2.07853
5.13081
1.93087
1.72141
2.66895
1.3775
2.73498
3.36444
1.7094
1.52905
3.28171
2.50337
2.8884
1.55479
3.30277
3.32363
1.73796
2.10158
3.40565
4.89988
3.16795
1.99288
1.61261
3.3437
3.40383
2.84606
2.73083
1.7523
3.09784
3.79829
1.16758
3.22163
1.78526
3.05865
3.46737
2.39381
3.3393
3.71461
5.24297
3.36846
3.06817
4.14028
3.23815
3.61932
2.62276
3.74999
0.945864
3.36242
3.4107
1.81555
1.83622
5.33704
3.22879
2.69976
2.95803
1.8812
3.36124
1.92554
1.53343
3.26288
1.72344
3.35528
3.33105
2.78605
1.58063
3.77905
1.55853
1.98654
3.39412
1.75328
2.80477
1.83668
3.36404
4.04838
1.57194
1.89971
3.32965
1.90541
1.77106
7.65628
1.05312
3.33806
1.66309
3.54521
1.46642
1.57366
2.91216
5.96998
3.28731
3.23324
5.46634
3.3138
3.1203
5.56075
3.31662
3.30449
3.36441
3.30644
1.81352
1.66981
2.99999
3.36165
3.53311
2.94082
1.42166
1.06019
3.28804
1.97859
3.37825
3.11204
1.91996
1.2149
2.96386
3.12907
3.26127
3.9373
3.3468
3.2326
1.39071
1.87086
3.14237
2.4129
3.40525
1.25538
1.11265
1.82251
1.98404
1.77841
1.55905
1.45596
3.04239
3.16558
1.44111
3.80667
1.88257
1.21562
3.36189
2.50495
1.37152
1.89333
0.903628
2.98385
2.22111
3.34313
3.92453
6.43743
1.72369
2.80126
3.34469
6.9332
1.83022
1.46048
1.65706
1.5695
4.7328
1.6639
2.24994
3.78759
3.2955
0.912131
3.18729
3.99396
3.01404
2.16659
3.13627
1.91302
2.20405
3.24234
1.50176
2.17828
2.7424
2.9763
1.42936
3.12545
3.35847
3.16526
1.65855
4.70229
3.01349
3.98557
1.81354
0.959134
3.023
3.36152
1.90344
3.77734
1.82953
1.90533
3.91369
1.65275
1.0736
3.13453
3.06406
1.39347
2.02303
1.9561
1.91116
3.3608
1.95654
6.21902
3.2261
1.56376
1.78913
3.06669
3.03556
1.53836
1.85681
1.5389
2.59129
1.49416
3.25587
3.17257
1.68771
1.23047
3.21678
3.08971
3.37116
1.15174
1.83803
3.08921
2.76071
1.93938
2.70779
3.26369
2.222
2.67151
6.50252
3.29901
1.65114
1.49435
6.52851
1.47096
3.28675
1.55844
1.48171
1.37872
1.26926
2.56045
2.40436
2.64807
3.28886
3.57476
1.76185
1.69318
1.55133
1.42519
3.36639
3.23603
2.90636
2.37486
7.19401
3.17091
3.05118
3.36292
1.91338
3.38375
3.08212
3.31452
1.73464
3.2401
2.40184
2.17282
3.36247
1.41529
3.41166
3.75894
3.77331
1.29315
3.14205
3.3493
5.85952
2.88474
1.94136
3.15863
2.56753
2.07943
1.9332
1.32718
1.06874
2.73269
3.5152
3.23404
1.92915
2.1531
3.15642
3.31015
3.92226
1.69449
3.12306
1.66553
1.99326
3.42489
3.5632
1.64156
1.88595
2.16519
3.26587
0.782885
3.21546
3.24042
3.45951
2.50044
1.2362
1.96606
1.8195
3.32766
1.52311
1.52133
3.3216
3.08286
2.80102
3.32581
3.86699
3.36668
3.80263
1.75455
3.84817
6.29936
2.73351
3.15203
3.00534
3.39775
1.88945
1.09916
2.75288
3.13111
1.88962
1.40985
1.51225
3.31473
3.36103
2.76695
1.42601
3.82997
3.2043
1.64382
2.37519
3.11776
3.7901
1.41869
3.30272
3.76917
3.29156
1.3648
1.34418
1.03041
1.40701
3.36731
1.54364
1.41963
3.71492
1.51417
1.52889
1.54446
3.05637
1.82544
3.36916
3.36034
3.33349
3.3189
1.68726
2.16679
2.53201
3.25843
2.84945
3.74587
3.37441
2.01118
3.21131
2.57065
3.05003
3.42036
3.31343
3.34316
1.93401
3.50387
1.98035
1.51765
2.6439
1.8771
1.79777
1.90272
2.9803
3.35857
1.75475
2.83494
1.78611
2.82264
5.56917
1.62914
3.38463
1.6613
2.54301
3.16922
3.04341
1.44761
1.68662
1.53161
1.75472
3.36645
3.36328
1.99473
5.02566
1.76826
3.40934
2.99596
3.38168
1.92589
3.28919
3.35759
1.49878
3.42061
1.63455
2.02552
1.4051
3.36337
2.60297
3.43919
2.25336
2.42814
3.42207
3.12011
1.43738
3.32338
1.28482
3.60867
3.0261
7.24924
0.901598
3.08134
3.30377
3.31986
3.54055
2.97081
2.90293
3.34476
3.37012
6.84858
1.68011
3.22688
3.33765
1.71405
3.35448
1.53963
1.05562
3.15311
2.80132
1.52707
3.38008
3.04548
1.07631
2.89568
3.18463
4.12605
1.80959
3.12952
1.87937
5.88929
3.38587
3.36003
1.49537
2.65697
3.30841
2.98462
1.3099
5.8149
2.79616
1.89297
3.70847
1.22588
2.85941
3.59438
1.55218
3.44138
2.16051
5.71583
2.98902
1.41064
3.74238
3.79646
1.90739
1.47954
0.906009
1.87159
1.57786
1.46501
1.55024
3.40499
0.898937
5.07003
2.93219
3.81377
3.77601
2.7332
1.84922
3.80834
3.83919
1.92772
1.41134
1.53937
3.7136
3.06319
1.89422
3.92314
3.31148
6.78076
3.50504
3.06613
1.03413
3.51629
3.36829
4.95649
3.19133
3.33562
1.5196
3.25161
2.55275
3.11311
3.24503
3.37275
3.31994
3.36937
3.36087
2.81784
1.99557
3.21341
3.21574
3.34124
3.77928
1.94935
2.64042
0.899012
3.29288
1.84662
1.49314
3.36967
1.35036
3.26723
1.9104
3.34103
0.760816
2.11813
1.45483
3.45493
1.88178
1.88446
3.16228
3.36474
1.3893
2.75293
1.94368
1.39663
3.14826
2.66067
0.858439
1.89407
2.98738
3.17806
1.70795
1.89933
3.39511
2.76535
1.47829
1.60254
3.35263
3.34395
2.54398
1.68108
3.14469
3.40597
0.904647
3.32488
3.75155
3.16209
1.46628
3.76402
3.21008
1.06332
1.50052
1.88899
2.85949
3.02824
1.82633
3.11636
2.80887
2.99136
1.91427
1.82598
3.37047
3.30364
3.47508
7.33922
3.10808
3.36989
5.73511
0.289223
1.42381
1.48731
2.25384
3.01672
3.37791
3.38987
3.17101
2.17479
2.57614
1.40457
1.6237
3.29629
2.29498
1.3276
3.36712
2.42331
5.7501
1.01401
1.74938
1.14208
3.41777
3.54434
3.03612
3.47674
1.39731
3.09848
1.99232
3.37114
6.32312
3.05348
3.38817
1.93341
0.948624
3.71816
2.87022
3.20944
3.8456
3.45188
3.49031
1.90092
1.643
1.91486
2.87858
3.41396
6.40134
3.34246
0.976143
3.37445
1.91945
6.05977
3.20886
3.25574
3.08059
1.61821
1.88158
2.98243
2.40396
1.46928
2.52284
1.48049
3.29837
3.21836
3.0725
3.32938
2.92826
1.86245
1.69996
3.35052
3.28842
1.36351
1.51827
3.30768
3.39716
1.2665
3.38538
2.99286
1.97821
1.84531
1.42626
3.36874
3.36888
0.560759
3.35692
3.26774
1.50352
2.97786
5.64733
3.45449
2.73747
1.12626
3.36492
5.50304
1.28859
1.40027
1.51574
3.38909
3.07105
3.47092
3.50916
1.49367
3.34966
5.85058
3.30773
2.50959
1.15715
1.42423
0.831363
6.74523
1.50891
3.30655
3.3501
2.74214
1.71182
2.69412
3.03776
1.46436
2.19927
1.74586
3.36525
1.1587
3.37423
3.35798
3.27588
1.50856
3.3648
1.26202
2.72711
2.83708
3.36652
3.40713
3.34353
1.78735
1.39582
1.81239
2.97145
6.05444
2.68225
1.69307
3.24727
3.3365
0.977212
2.51921
1.48637
3.35794
3.21047
3.42431
0.242789
3.26666
3.41537
2.73529
3.36399
0.941286
1.77389
1.66109
1.50743
3.3735
1.70583
3.08118
1.66572
1.5504
1.91708
1.1826
3.12637
3.3899
1.69473
2.67045
2.77579
1.75401
1.69423
3.6743
2.52456
5.80825
5.42441
2.64371
2.7652
0.896589
2.80844
1.40016
1.76988
5.34517
1.86916
1.92023
3.38198
2.58409
3.11593
3.08982
2.15381
1.73222
1.68769
2.96091
3.66479
2.51452
1.39764
1.7862
1.36885
2.56097
2.27845
2.96274
1.71113
3.36333
2.21443
3.86914
2.83819
3.17026
2.84662
3.15241
3.32376
1.42018
1.39116
1.88178
3.36738
1.83787
3.22087
1.31784
3.35571
1.70268
2.25602
3.2487
0.927483
3.36709
1.6159
3.04432
3.451
3.36553
3.34067
3.02829
2.28716
1.83309
1.5179
5.48325
3.30574
4.03577
2.54888
3.00906
1.38247
5.09549
2.5706
3.21813
3.35244
1.75708
1.957
1.43979
2.50261
1.42474
3.28918
1.65828
3.98122
1.62586
3.67544
2.20515
3.01893
1.1347
1.72498
1.33469
1.72123
1.44148
2.71201
3.36686
3.23663
1.89563
3.36805
3.39361
3.47697
3.33014
3.75576
2.84426
3.36778
5.50551
5.14845
3.41377
1.92179
1.58492
2.79608
1.94461
4.7905
3.39114
6.31349
2.69691
3.34735
2.84766
3.26274
1.31726
3.83551
3.35576
0.841093
3.40307
1.42087
6.29887
4.78591
2.94666
1.11788
1.83
1.39987
3.09069
1.39826
0.852646
3.03779
3.34188
2.8979
3.39699
3.27016
1.50021
3.13068
2.85014
3.39145
3.14764
3.26911
1.45099
3.01412
3.48259
3.12506
1.57975
6.96673
4.00293
3.39952
3.62968
3.37146
3.38248
5.654
1.41112
1.95993
3.31791
2.8831
3.36272
3.3649
3.83374
2.67376
1.4976
2.72777
2.8172
1.49676
3.33198
2.96733
3.33984
3.1826
3.0542
1.71256
1.87164
3.45512
3.3344
1.82784
3.91062
2.00929
3.02997
1.38468
3.41111
3.40755
3.17702
3.34144
1.75032
3.10069
3.39396
0.17771
2.61202
3.17188
3.36776
2.16408
1.61309
3.17858
3.37556
3.62375
5.71215
1.49468
3.41411
1.89795
2.93655
1.37448
3.1873
1.63993
3.14682
1.14642
3.98997
3.36462
3.98745
1.93203
3.05587
1.00616
1.45202
3.07911
3.11266
1.69251
3.50497
2.87035
2.81909
3.37176
0.939415
1.56387
1.55665
3.83758
2.50009
0.489844
3.06871
3.83856
1.74095
1.86793
3.32911
3.28739
2.5598
3.32928
5.84971
2.83723
1.78249
3.29827
1.74895
3.41357
1.49807
2.74904
2.75107
3.03758
3.29549
1.32702
1.48599
3.72103
1.38631
3.30708
2.93784
1.46309
1.30011
1.00366
3.40239
3.52241
3.30511
1.35272
3.36389
2.84201
1.44108
1.75033
2.78004
2.99853
1.5204
2.87713
0.758877
2.14217
2.8397
1.18502
3.38154
3.61952
3.97243
3.22406
1.46478
1.49397
3.26001
3.35865
3.77309
1.94438
1.94194
3.28142
1.51914
2.50277
1.66013
3.14194
3.13119
1.46888
1.37727
1.4665
6.54469
1.86433
6.6273
1.98198
1.09031
1.92942
1.86685
3.30665
3.40618
3.3667
3.41225
3.93317
1.83397
3.07472
3.72851
3.2552
4.98004
3.11433
2.98394
3.10936
3.31136
3.57854
1.40975
3.05393
1.43499
3.18102
5.71246
5.35697
2.24569
1.84353
5.26618
1.48697
1.57859
3.80768
2.53967
3.28745
3.12541
3.00311
2.73979
2.38234
3.14573
3.30224
2.04143
1.52462
3.98256
2.77078
3.25342
2.97917
1.35489
1.47093
3.36258
3.3614
1.03698
2.54526
3.35052
3.37732
3.2711
3.38073
0.93686
2.09147
1.59377
2.99725
3.35031
3.36897
2.18589
3.91387
0.967901
3.34408
2.63969
3.23259
1.88323
4.74018
3.41999
0.816941
1.64905
3.17194
3.07408
2.8097
1.5812
3.36764
3.41259
1.94303
1.00234
3.3698
3.13263
3.35661
1.90721
3.73756
2.86284
2.99438
2.7701
1.47151
1.48831
3.36362
3.14149
3.16885
3.23505
2.8714
3.35866
3.36496
3.26797
1.8154
3.38569
1.98948
1.74335
1.61914
3.62996
3.36849
3.03685
3.26192
1.77944
3.16693
3.28002
3.3874
3.79061
0.69335
3.30479
1.64871
2.61498
2.13344
1.31627
1.60097
3.01661
3.36533
3.33516
3.12851
3.25356
3.39978
1.77641
1.43018
3.31648
5.78117
3.4145
2.96699
3.51125
3.33024
3.36837
3.09951
2.86281
3.13666
2.92541
2.69099
2.15842
4.87341
1.66979
3.1601
2.79792
3.20696
3.49235
1.44262
2.94637
2.52671
3.36808
1.83772
3.33683
1.58117
1.47519
2.17625
3.38643
1.66644
1.29615
1.47833
3.40635
2.61569
3.3408
3.3887
3.24328
1.45186
2.73753
3.29153
3.84506
3.4305
3.26855
3.37772
3.26783
3.06977
5.5707
1.58815
3.96312
2.9496
3.76363
1.5326
3.27332
4.58897
2.74473
1.44537
1.89448
2.72775
3.27244
3.17408
1.80148
2.74341
3.65614
3.24592
3.39786
3.62762
1.72999
2.96075
6.28433
7.56027
1.13673
3.3521
3.59009
3.45116
1.42407
1.7703
3.3819
1.19496
3.32905
1.7301
2.02902
1.43751
1.45731
4.0367
3.0323
1.38889
1.0121
2.48655
1.39335
4.33196
3.25137
3.59565
1.74593
1.412
6.08856
4.89014
2.73301
1.80046
2.1704
3.94428
0.899333
2.88476
1.5473
3.38795
3.21079
2.89194
1.55408
3.39994
3.40471
3.21114
2.50154
2.34357
3.15534
3.56336
3.2183
3.36757
0.863781
3.26353
3.36391
0.844428
2.52467
5.09597
1.73714
3.04481
0.921308
3.36409
3.36849
3.76201
2.92428
3.40519
1.79293
3.40749
1.92388
2.54743
3.38939
1.38488
1.7172
3.18526
1.6475
3.89008
3.37024
1.03584
0.927876
1.83269
3.36846
1.26242
3.11437
3.16169
2.73835
1.25253
2.97237
1.43449
1.7046
1.839
1.44863
3.34652
2.94242
2.56308
3.45694
2.81964
2.92156
3.11564
1.79323
1.38166
0.745609
3.37153
3.20866
1.78778
3.20602
3.32704
3.12087
3.31317
1.68938
3.81793
1.57467
1.86659
3.33214
1.87828
3.13513
2.57879
2.88729
2.69199
2.9423
2.75475
3.26952
5.52797
2.23052
1.73891
2.15134
4.02396
2.94734
3.37028
1.96563
1.6132
3.29164
3.33786
1.62801
3.78965
3.32676
2.60411
1.42629
3.2312
2.98996
1.41469
6.51537
3.44632
2.74731
2.19618
3.69833
2.60984
3.06401
3.02356
3.3446
3.33902
3.80017
3.60547
6.16467
1.45121
1.73175
3.10236
1.78567
1.69636
3.26401
1.09219
3.81192
5.29572
3.14116
2.53421
3.13761
3.14252
3.74643
2.90362
1.6455
3.31183
1.18044
3.4444
3.51951
2.44865
3.28924
3.54201
6.44472
3.28417
2.14643
1.85264
3.20378
1.51421
3.37489
1.24145
3.40092
3.29125
5.69068
1.98561
1.56183
3.53075
1.46577
1.41556
3.2827
1.42364
3.13729
3.14322
2.81849
1.44247
3.63608
3.0175
1.65598
1.53112
3.47487
1.11778
1.69206
3.67465
1.63016
1.86192
2.93567
1.69081
6.58629
3.55918
3.39129
3.30299
1.34431
3.67494
6.29407
3.24154
2.23424
3.41329
1.28175
3.37268
3.27712
1.77535
3.70384
2.08026
2.7114
3.42367
2.9772
3.20851
3.37606
3.32973
0.771708
1.30109
3.20802
3.36494
3.3814
2.23532
3.29457
1.37552
1.78936
3.33883
3.38152
2.95239
1.11393
1.29597
3.3708
1.56167
3.38235
1.27572
3.52546
3.09145
1.6883
3.6163
3.31933
3.24916
1.70016
1.70963
1.48246
3.42153
5.87025
1.41746
3.1374
1.43165
3.37529
3.37829
3.36865
3.39093
1.79602
1.67619
3.41597
5.48575
7.0589
3.89275
3.68083
2.86903
3.29348
3.3873
2.14852
3.04401
2.20511
3.46862
3.29012
3.39015
1.66743
2.96303
3.39443
3.57585
3.39996
1.07146
1.33195
1.38213
5.46255
3.26406
3.13757
1.02321
3.40398
3.19582
3.37406
1.31893
3.24326
0.831802
3.21858
3.3354
1.43551
3.11893
1.4946
1.05187
3.19082
3.08732
3.3327
3.04235
1.96637
3.34756
2.91954
3.36403
3.83596
3.0788
1.96887
3.52023
3.3363
1.41907
1.88325
3.37638
2.29631
3.15967
1.07013
1.40464
1.93912
3.6782
3.32239
3.80775
1.46944
5.96578
1.36528
3.03909
2.91799
2.29866
2.55201
2.20038
3.86872
1.54692
3.33282
1.79848
1.62398
3.36895
3.84196
2.16286
3.36122
1.71449
3.28462
5.93744
3.3787
2.77978
3.38106
1.69914
1.54247
1.75163
3.32352
1.54799
1.33184
1.46728
3.28288
1.44759
3.1706
5.96616
1.83513
3.38558
3.62216
3.36353
3.82851
3.71986
3.24317
2.89885
2.92641
3.14854
3.12377
1.40632
1.65231
3.29782
3.37905
3.39104
3.36705
3.37775
1.51031
1.36013
1.97533
1.64293
2.67852
3.33437
2.88571
2.28197
1.14271
2.91891
1.42356
5.13623
3.16274
2.5581
3.26645
0.725923
0.929078
2.2015
3.35626
1.81763
2.51777
1.36815
3.40812
3.31739
3.64323
3.17359
3.83396
3.05734
3.14142
3.94871
1.92351
0.614921
3.12552
3.0103
1.40938
0.789026
0.9798
3.13554
3.90771
3.37153
3.21435
3.26957
3.41845
3.35198
3.36341
3.30608
3.79875
3.34204
1.53246
2.13383
1.62413
1.60107
1.4303
1.77879
3.21929
2.285
3.33433
3.40989
2.44609
3.54072
3.40001
2.669
3.21573
3.47426
1.88248
3.16601
0.899012
1.78392
3.25527
1.45048
1.37911
1.83575
1.23861
3.35988
3.3598
3.35893
3.40834
2.48409
3.15722
3.60755
3.27858
3.36719
3.3487
3.30014
3.38191
3.5449
1.78818
4.05012
3.24751
2.211
1.65852
3.34915
1.68872
1.94672
2.78714
1.41537
3.27355
3.70121
1.01947
1.41645
2.20746
1.37639
0.961084
2.42071
3.7214
3.33849
6.92378
3.01833
5.09804
1.73714
1.70446
3.37374
5.19082
1.24022
6.1157
1.45485
3.38165
1.43025
1.54377
3.67319
1.29495
3.27504
3.42018
3.1882
1.5058
3.11223
3.16861
3.42346
3.41129
3.3696
3.33297
3.61025
2.1479
3.27399
1.45945
3.47934
1.86012
3.31121
2.88989
3.04422
1.64634
3.50412
1.88256
1.66762
3.31546
3.50239
2.73238
2.55518
1.41534
1.63712
3.42881
3.46719
3.38502
3.11564
1.4279
2.90169
1.54644
3.14839
3.66752
1.80169
1.52692
3.34302
3.86478
1.64619
3.5178
3.68403
1.53582
3.6125
3.26291
3.4095
2.48219
3.36905
1.00618
2.79969
3.13432
5.39943
1.13887
2.01804
3.00156
2.52779
1.49267
3.1581
3.38983
2.24
3.36971
3.55721
1.61995
3.37907
1.3757
1.47314
1.72839
3.32043
3.55568
1.41468
3.48363
2.65552
1.73543
1.66089
3.18367
3.33113
3.13594
1.48111
1.76654
1.51303
3.36641
2.24889
2.51972
1.75655
3.31471
2.72685
3.03489
1.42309
1.88424
3.37609
1.41713
3.12795
1.49836
3.3017
3.60417
0.914272
2.78403
3.41463
3.35124
3.36046
1.90717
1.36059
3.13132
1.72802
1.44403
2.76143
1.54253
3.90417
3.01323
3.36749
1.71757
1.77835
1.70606
2.75566
3.00664
1.84298
1.34966
1.40942
3.38335
3.41751
3.37944
3.12526
1.44037
2.46905
3.18067
3.38721
3.24865
2.57941
5.0464
2.68052
3.1959
1.37983
2.28632
3.35189
4.17826
3.51389
1.88989
3.66023
1.19908
2.80566
3.30887
3.38382
3.37134
1.72538
7.6158
1.26955
1.8761
2.79196
2.87811
1.40928
3.86947
0.911331
3.66209
3.38525
3.84463
3.85663
1.36133
3.37466
1.40125
1.64676
3.39512
3.37897
3.12617
1.51238
1.22018
3.53391
3.37057
3.77157
2.97102
3.25955
2.83281
1.41746
3.26364
2.69572
3.44898
1.79011
1.27624
2.8237
2.89845
5.56762
2.55702
3.29027
1.64074
5.99893
1.62435
3.9572
5.7995
3.36727
2.53662
3.29629
1.52253
3.23293
2.9299
0.893841
3.48697
5.63159
1.78269
3.38444
1.36366
1.99013
3.36914
3.65786
2.66757
1.0267
3.81341
1.27009
1.70121
3.15094
1.44683
3.56426
4.95772
3.62288
3.37114
1.73294
1.36244
3.15374
1.89048
1.39309
2.22731
3.37738
1.3824
1.29885
2.70665
2.91062
1.04749
6.45931
3.85583
4.05124
1.79819
3.59224
4.05662
2.8678
0.826044
3.57387
2.39868
2.98587
1.6315
3.30496
1.96902
0.901992
4.00316
2.67587
3.06797
1.40391
1.44449
1.42505
3.01401
1.90032
0.645696
2.725
3.51981
2.05909
3.40611
1.60329
2.33771
1.71348
2.87026
3.88234
1.13358
3.31182
2.13865
3.1767
1.83288
1.94349
1.00619
2.76115
3.28521
2.86245
7.40629
5.3129
3.34116
3.39338
1.5112
1.49927
1.17604
3.39905
1.21362
3.37192
1.91089
3.03855
1.79336
3.05863
5.04269
3.71579
0.975285
1.15932
3.41635
3.34818
3.56136
0.999725
1.90232
1.37149
0.797585
3.65202
1.33802
3.52529
3.74909
1.91871
1.6866
3.37628
0.742214
3.32232
3.25506
1.89883
3.37551
1.70586
1.23848
1.92623
0.830326
1.03695
1.29317
3.29469
3.21445
3.28149
3.19243
2.7941
3.27121
1.73682
0.740283
3.89868
2.07748
3.78184
2.84931
1.39506
2.75398
3.34499
1.79738
3.23628
3.48469
2.22362
4.00803
3.42153
1.38121
3.3246
3.05909
3.35964
3.8888
2.73414
3.27874
3.4046
1.52399
1.83759
1.43322
1.10993
3.18968
1.45752
3.33841
6.21033
3.40847
2.89315
3.37202
3.43762
1.42734
1.49516
1.68315
1.24527
4.83463
3.40874
1.02893
3.0532
3.12779
3.46327
3.3763
3.38181
1.86418
1.5703
2.94723
1.69811
3.59153
1.4817
1.89928
3.00649
3.56527
0.8667
3.32751
5.22474
2.43121
1.4463
1.06497
3.02273
1.58043
3.37391
3.43791
3.27465
1.97236
3.55619
3.20947
3.61683
3.17251
2.7634
3.08396
1.00784
1.15097
3.41788
3.6588
1.64834
1.62427
3.77346
3.28705
3.43867
1.98262
3.37388
2.89947
3.39636
3.36901
1.75878
2.06281
3.35669
3.46706
1.20696
3.04705
3.52423
3.71243
3.65361
3.22524
3.06033
3.3721
1.34307
3.88541
1.89918
3.32691
1.63554
3.53311
1.60446
2.56777
3.32727
0.599732
3.02035
1.58423
3.28774
3.12286
6.10055
3.45848
3.3663
3.53946
3.32057
3.67848
6.50554
3.41696
1.21015
3.36505
3.1718
3.36182
2.73195
3.33029
1.40238
3.37395
1.39946
1.45217
3.3779
2.06562
2.19172
1.69855
1.93877
3.88628
1.69349
3.87989
3.54463
2.12951
3.34909
6.34769
1.32594
3.34174
1.39956
1.34458
2.93841
1.81715
3.4973
3.80741
1.87574
3.12784
3.69033
3.18193
3.2202
1.19171
2.91079
3.14527
3.2135
5.935
1.44838
7.10026
3.37432
3.41929
1.79107
2.52281
1.58217
1.47744
4.57845
3.31184
1.68625
3.18765
6.58816
3.10406
2.94634
3.37565
1.64367
1.39927
1.74193
1.89323
1.98392
1.41929
3.64159
3.2037
3.28096
3.95994
2.46439
1.41606
0.984641
3.37194
3.50655
5.62428
3.41732
1.49874
1.38904
3.39205
3.3778
1.98383
2.91796
2.19691
2.94703
3.32015
2.50533
3.12849
0.76796
2.16979
2.33159
1.66616
3.24019
2.90753
1.37491
1.95236
5.65645
3.86432
2.82788
2.7817
0.79997
2.13388
1.39648
1.55615
2.58599
3.05853
1.28786
3.27194
2.85539
5.69348
1.47027
4.05157
1.40875
3.36568
3.4163
3.26085
6.65949
3.39022
3.06693
3.50398
1.71624
1.05342
5.96424
5.81413
4.71824
3.38655
3.37822
1.7943
2.4873
3.35672
2.92895
3.41248
1.51134
1.42267
3.38936
3.00927
1.69265
2.07386
3.28394
5.80854
3.14497
2.2931
3.51368
1.5672
3.21765
1.80238
2.89801
3.38913
3.60096
3.38015
3.41267
1.39624
1.12679
2.89376
3.34991
3.44502
3.38977
3.21678
3.32988
3.86233
3.40726
3.24999
3.19029
3.13082
2.48503
1.57156
1.54942
2.96243
2.88844
1.04208
1.56395
6.48685
6.85419
4.2152
3.45722
3.75186
2.73994
3.51156
3.24716
2.92924
2.76651
2.55614
1.81558
3.36802
3.53039
2.59281
3.71626
1.77359
0.904427
3.37415
3.38673
3.03608
2.78742
6.15308
3.40263
1.80069
4.027
3.29161
2.6516
3.91405
3.27107
1.43646
1.96878
2.17114
2.95501
1.36969
3.33927
1.38567
3.34761
1.58384
3.36424
3.49574
2.73215
5.44139
1.48213
0.993107
3.3687
1.66135
3.37492
2.73805
0.352236
4.77943
3.34806
3.89687
3.28409
3.3816
0.986875
3.43351
1.39123
0.781677
3.78403
3.38164
3.39973
3.2205
3.41196
1.69524
3.40045
1.71745
2.79706
1.58895
3.54992
0.964982
4.04601
1.3269
1.3668
3.13746
1.50834
1.59974
1.12846
3.11478
3.57748
3.40696
3.32552
4.50251
3.23771
3.39681
3.69004
1.91865
3.2578
2.77502
2.7483
3.3555
3.4001
3.39211
1.56283
3.3782
1.5582
2.9124
2.28139
3.74157
3.65349
3.39021
1.35911
1.23132
1.8161
1.36072
0.94407
1.3794
1.94024
2.27171
3.48907
3.15612
3.11448
3.07274
7.55396
1.72533
3.53032
1.39617
3.4353
3.03793
3.63993
3.41295
3.70579
3.37228
2.81636
1.38466
3.32192
1.50355
2.9279
2.95245
2.03032
3.00016
2.89262
3.42558
1.89455
2.86639
1.92412
1.69017
2.83898
1.94262
2.71207
2.83219
3.29229
1.39054
3.2556
1.70923
3.34218
3.03036
2.69049
1.35367
1.5742
3.12178
3.44373
1.94067
5.11611
1.43016
3.81367
2.73915
3.47803
3.80402
3.11806
3.41954
3.2292
3.52936
1.3116
1.43989
3.3946
3.32289
1.62196
1.33214
3.37296
1.39781
4.03074
3.36308
1.61877
2.56325
3.82516
1.85457
2.24485
1.002
1.38695
3.15204
2.76874
1.10412
1.40742
3.5411
0.915815
3.23638
2.87182
6.5789
2.78157
3.339
1.9659
2.57184
1.40058
3.34827
3.38055
3.21026
1.40886
5.80706
0.723871
1.5674
1.52478
1.8305
2.07862
3.85518
1.55168
3.35038
1.88284
3.77526
1.73345
2.98599
2.25337
3.36475
3.43945
0.984192
3.00013
1.70491
3.18386
1.72782
1.30569
3.3881
1.00576
3.33151
3.34733
3.37333
1.2172
3.7118
3.40315
3.38909
3.80038
1.47276
1.53954
3.41002
1.38875
1.6627
3.16615
2.91295
1.53732
1.44875
3.23106
2.10018
2.54292
3.34544
3.34032
3.82371
2.00959
1.49038
1.06095
3.42171
1.42903
2.91679
3.34139
3.3352
3.36592
2.65658
2.85554
1.62285
3.24605
3.39479
3.4154
3.36149
3.53631
3.13534
1.40291
2.85535
2.81721
2.79281
1.33283
3.11344
3.23681
1.27455
1.67119
1.77313
1.839
6.92009
3.23805
3.32356
1.34251
4.33075
1.64127
5.89173
3.33667
3.10984
2.52102
3.2369
1.41314
1.22197
1.54908
6.41581
1.5151
2.37944
3.55646
2.94756
3.78299
0.687951
2.85304
1.4653
2.37696
1.48394
2.6397
3.39094
1.29508
2.75614
2.40991
3.13029
3.39076
3.9136
1.55637
3.12125
3.04115
3.28513
3.27054
1.38367
1.71817
5.59916
2.02009
3.3375
6.3278
0.939579
1.45088
3.04489
3.39087
3.21983
2.97544
3.3913
3.72056
1.38721
2.15776
1.52599
3.39194
3.33999
3.41123
1.44563
3.28806
2.69725
1.4143
1.45234
3.41923
5.22502
3.33238
3.45532
1.76647
2.52763
1.88872
3.39651
2.16214
3.7468
2.6216
5.96736
1.35364
3.36682
3.37175
3.29961
3.17141
3.7569
2.67689
5.70252
2.52461
3.59468
3.00384
5.43418
2.88528
2.01164
2.7391
3.70131
3.42832
4.23634
3.82446
2.75601
1.63181
0.931316
3.80805
1.45526
2.78346
1.18317
2.70963
1.58608
5.46845
1.55897
3.34879
3.36366
3.38264
2.27308
1.63337
2.72666
4.51138
2.93613
1.78755
3.57038
3.37503
3.03012
3.36129
1.48148
3.38209
3.21835
4.41794
3.52991
1.10976
2.54446
2.72396
3.20555
1.19749
5.91801
1.64213
0.851573
2.38459
3.07285
1.86445
1.3455
3.38966
3.02302
2.76632
1.58325
2.69735
1.52067
2.47803
1.28454
3.46179
3.32301
1.80373
3.29594
3.4638
3.91009
2.99851
2.75694
1.66913
3.41346
3.73307
1.52272
3.40285
3.06846
3.26069
2.73451
2.95026
3.51712
5.98109
1.83646
4.22817
1.32432
1.73595
0.334032
5.76551
2.99467
1.89933
3.5486
3.58002
3.31165
3.54407
3.27663
2.38647
7.27847
1.42698
3.70504
3.35686
3.43193
1.33912
3.75144
2.1192
1.38566
2.2041
1.60257
3.10324
2.16194
1.9309
2.84738
1.18217
1.84368
3.54105
3.76701
3.57408
6.53573
3.47327
3.36832
3.23532
1.84126
3.02988
2.92387
3.32661
3.53887
1.75898
3.05931
3.06083
3.54303
2.53268
6.65217
3.4265
3.43912
3.42489
3.81088
3.64691
1.18311
2.72216
0.886149
0.815539
3.02094
1.16011
1.15613
3.54971
3.49283
3.14469
1.38018
3.13658
2.49957
2.80349
1.33279
3.37221
5.61975
3.14998
2.89982
2.56052
3.33765
3.85233
5.4998
0.7693
3.63841
3.29861
1.03473
3.00548
1.33552
3.24039
1.56864
2.90399
0.748071
1.30801
1.6444
3.27983
3.41876
3.30837
1.93621
1.46983
3.10519
6.47834
0.981554
1.66726
3.1036
1.13512
3.50971
3.01482
3.4096
1.56386
1.383
3.10857
2.72108
7.18201
2.86602
3.3816
3.10498
2.24053
3.53683
1.27951
2.49384
3.41645
3.24324
2.81055
1.92981
1.60107
1.52639
3.39444
2.69381
2.73983
3.92741
1.38705
2.77721
1.33555
3.3514
2.73764
3.27134
2.08648
3.38579
1.99742
5.94043
1.65159
1.35598
1.14824
3.10012
3.18064
3.10358
2.38247
2.45191
2.82687
3.3579
6.3864
3.35337
0.713127
2.75398
3.4757
3.23997
2.92802
3.32558
2.66205
3.35209
0.811112
1.18502
0.855719
2.87201
3.37951
3.38628
1.19596
1.53728
3.23496
3.53896
3.41806
5.30567
2.55672
1.49924
3.36787
3.52909
1.3774
5.71665
1.68949
1.77969
3.23589
1.5685
2.4041
2.95604
3.76718
1.82571
1.24651
6.44953
3.08062
3.2785
3.54564
3.39267
3.31719
2.82634
2.50784
3.49854
3.10031
3.11068
3.36244
3.40531
1.26062
2.76418
1.99276
3.37005
3.34303
1.7778
2.55436
3.09548
5.92549
1.5244
1.38517
3.11673
3.51752
3.24407
2.6631
0.991099
6.40328
3.44183
3.06135
3.19274
2.58705
1.71124
1.47366
3.39438
1.458
3.94752
1.15926
5.50185
1.30454
3.398
3.30875
2.642
2.19598
3.29514
1.62184
1.31713
1.50345
3.59202
2.41902
3.54661
3.30784
3.31721
1.37262
2.74096
6.19834
1.93385
1.61197
0.921698
2.73372
1.34854
1.99286
2.37836
7.3125
6.05016
3.08689
1.94113
3.28178
2.70114
1.27635
2.81745
3.82682
1.04962
1.23509
3.43277
1.46251
3.41671
3.32244
0.906298
1.30346
3.33023
3.15097
1.4804
3.09941
3.2271
1.16152
2.8628
3.63764
3.39678
1.34097
3.52921
6.649
3.55239
3.78849
1.01502
3.75569
1.94225
3.26612
1.12828
3.32051
3.72765
6.48171
3.39402
1.74326
3.77911
3.25494
1.83174
1.59947
3.41391
2.82031
5.80668
5.84453
3.48398
1.44172
3.27398
2.15571
0.865884
1.34298
1.94658
7.30641
1.91241
1.30697
2.71904
6.57756
3.41468
4.42875
1.79607
0.962024
1.07737
1.28633
3.11566
3.44378
1.90787
3.24507
3.77449
3.38752
6.37691
1.96401
1.21564
3.24569
1.51234
3.33189
3.56756
0.366461
0.356221
1.37715
3.39091
3.09111
3.09265
1.94178
3.69244
1.74572
3.52146
3.37219
3.66566
1.31963
3.29277
2.54188
1.66884
3.43608
3.93554
3.29312
2.86584
3.33006
3.08177
5.5384
3.11036
3.40246
2.84464
3.78613
0.917797
2.94794
1.8954
1.43129
3.29612
1.04056
1.324
1.4682
6.30993
3.40617
3.34015
4.71353
3.40796
3.53514
3.35103
1.3734
3.41113
1.76897
1.17325
0.90243
3.96768
1.35513
3.28044
2.82513
3.96868
1.07067
3.52534
3.32723
1.56653
7.02203
3.4619
6.03257
3.23883
3.48326
1.35864
1.47997
1.06455
3.151
1.52318
2.89446
3.4071
2.88833
3.47968
3.36823
1.92146
3.37244
2.78297
0.977596
3.06646
0.711685
3.32683
3.21497
3.36117
0.726558
3.08188
1.70624
2.83575
0.908563
3.43874
3.13089
3.0921
3.56733
3.13337
3.46991
2.80313
3.28138
1.20657
2.09152
3.41524
2.70239
2.18242
1.59921
3.46341
7.3526
3.23808
3.32521
3.38806
1.80973
2.56878
3.49449
2.93324
1.42641
2.92369
3.28676
3.35841
3.14658
0.955234
3.99301
3.27836
3.37917
2.58234
1.85925
3.11929
3.38033
1.38558
1.26694
3.43404
2.83915
3.39961
3.20971
3.40489
4.53674
3.21856
1.28934
1.29026
3.20784
0.833611
3.11212
1.37069
3.31877
1.61654
1.11076
6.09369
1.37175
3.35915
3.31337
2.67683
3.13266
3.00942
3.47262
1.87083
2.15012
3.36497
2.78729
3.28418
2.51014
1.70976
3.36742
4.52999
3.21296
1.9574
2.88647
1.89351
5.04232
0.808863
3.38022
2.89674
3.09593
1.9382
3.42509
3.40784
1.10112
2.85309
3.44289
0.906112
1.9155
1.29422
3.69956
3.36514
3.361
1.26431
3.45637
1.30046
2.82136
3.58546
3.3759
3.23614
4.46013
3.35608
3.14003
2.84127
1.91128
2.73766
3.55343
1.05597
3.38208
3.45723
3.35541
2.35612
6.6681
5.5883
3.49776
3.37878
3.476
3.36985
3.09283
0.789993
6.20124
0.990022
3.40347
2.82876
2.61838
1.4539
3.65747
3.72372
1.24098
3.38844
1.08116
1.59614
3.09288
1.39407
3.53375
3.33072
3.32333
3.18994
2.57171
3.09826
1.55401
3.32236
1.3708
2.90452
3.15603
3.41047
3.37715
1.91878
3.11618
3.12329
2.74669
2.97056
3.6215
3.38324
3.34269
1.57417
3.60206
3.25461
3.41821
3.39596
3.19198
3.60783
2.97534
3.35215
0.854569
3.11421
3.37595
1.38118
3.54617
3.37744
2.86857
3.78608
3.23667
1.78546
3.06758
3.56613
3.35012
3.10594
0.86705
2.49974
1.16997
1.4923
3.21833
1.35674
3.40324
3.82659
3.40698
3.20971
1.97814
3.30808
3.34532
1.41785
0.850414
2.5841
2.23765
2.80364
2.89028
1.50153
3.06212
3.48974
3.36044
3.29183
1.91374
0.894847
3.51463
3.17423
3.76971
3.35584
3.37277
1.59058
2.53946
3.13153
3.39253
2.73492
3.37713
3.3696
3.42239
3.38304
1.58816
1.86414
2.8119
1.54431
1.30738
1.91243
3.38843
3.4515
3.34817
3.49322
0.82585
3.33944
0.473378
1.92047
1.9394
3.09103
3.30551
3.82329
1.57645
3.30094
3.40109
2.92438
3.39836
2.76033
3.40002
1.54794
3.33245
3.95605
3.30321
3.00086
1.27994
1.27254
1.53401
3.39126
3.09033
1.90659
3.54243
1.26375
1.25432
1.19446
1.98442
2.84099
3.38309
1.36239
0.652157
6.12508
1.04568
5.90729
1.90258
1.42291
3.66812
3.34128
1.43365
3.49195
2.73005
4.00125
3.18813
1.71756
2.84359
2.75294
1.34359
3.09197
1.1721
1.63245
3.51213
3.33464
1.8927
2.15683
3.42601
3.94363
3.03697
3.35749
0.734811
1.94636
1.0737
3.37982
2.87222
4.7374
3.41744
2.3555
3.37391
3.2697
1.56827
5.4184
3.71311
2.49222
3.11673
3.34202
0.921078
2.65437
2.52837
1.51342
3.4035
0.87876
3.60167
2.82502
3.19438
3.41972
1.32773
3.38373
5.50604
3.5349
1.51584
1.57376
2.83921
1.47246
2.51977
3.12113
2.56954
1.33894
3.17828
1.4767
3.52297
3.17711
3.41309
3.8469
3.3507
6.36959
3.35307
3.07981
3.30137
2.69006
3.79512
5.42648
1.31148
3.3521
3.39305
3.36297
3.15044
2.86389
4.01818
2.58711
5.68228
1.38178
3.52319
2.52258
2.55293
2.95622
3.82547
3.45918
3.52129
3.47277
3.75544
1.61303
2.80143
0.934132
3.35842
0.950729
1.41312
1.3693
3.42031
1.7695
1.56397
1.24623
3.08456
2.59604
3.60806
3.12709
2.52241
2.80386
3.476
2.56282
1.19703
3.30159
2.69445
3.22631
2.76573
0.728523
3.41875
3.84211
2.09772
3.22777
1.20199
3.35752
3.02722
2.06342
1.80397
3.1872
3.70048
1.77745
3.76463
3.39442
2.12907
1.35415
3.35242
1.23888
4.63061
0.492272
3.76064
3.37838
3.58567
3.55252
3.59505
1.17526
3.15993
2.54166
3.53644
3.4184
3.75833
1.00651
3.85112
1.57923
2.79896
3.2625
1.44396
1.64467
1.90214
3.50402
6.52433
2.7509
2.51253
1.32763
3.3478
2.54291
3.51897
3.38321
1.45682
3.35976
3.20324
1.13251
1.93422
3.49491
2.19087
2.98571
3.13483
2.93715
3.11638
3.71629
1.54668
2.77885
3.14606
4.82205
2.73674
3.74024
1.33973
2.9164
3.16225
3.47103
3.21529
1.4622
1.00435
2.49587
3.39412
5.67885
3.38404
2.75603
3.74958
3.40509
3.35182
3.38025
6.52898
3.39885
3.40571
2.7089
3.57331
6.85598
4.14797
3.33254
3.12478
3.09349
1.29788
3.46104
1.22554
5.59727
5.73345
2.77866
2.74352
1.19771
3.38515
1.32433
3.27867
1.92213
3.04376
6.32783
3.66887
2.92452
0.921197
0.98853
2.81938
1.80712
3.42317
1.21983
2.68968
3.3601
3.526
1.49132
2.57754
3.3454
1.53572
1.92212
1.59365
1.08686
3.32239
2.02131
0.940949
3.1415
3.13855
1.4969
3.33179
1.52841
1.70388
2.38459
2.54888
3.36307
1.48204
1.20475
2.83238
3.27926
1.84253
3.34878
3.37296
1.45038
1.32135
3.10845
2.71043
1.27421
3.39276
1.53738
3.22328
3.52765
3.40846
3.59773
2.83937
3.08249
3.39624
1.29725
2.76545
3.31154
2.73973
3.10259
3.27945
3.33807
3.11471
1.28497
1.73642
1.31092
0.945088
1.3451
3.25543
2.72569
1.35953
3.3528
3.38863
2.75642
2.78318
2.99136
3.28288
3.15707
3.34819
0.915718
1.03814
4.04591
1.85918
2.79735
3.01629
2.40618
3.52164
3.15792
2.8917
1.54162
2.11177
2.52622
3.24363
1.92279
3.54325
3.02366
2.46425
3.36134
1.28266
2.77999
2.01298
2.7805
1.43431
3.31427
3.19114
3.07594
1.77815
0.9279
2.2821
3.24418
1.17449
3.38725
3.61671
2.71503
1.30453
3.37934
3.35961
6.21616
1.46209
3.59851
1.48036
3.52613
1.36347
2.11803
1.41848
2.77323
3.28263
3.38376
3.42013
3.35544
5.79363
1.23095
3.99653
3.31557
3.09523
1.25181
1.61559
3.41551
4.07506
3.19593
3.44789
3.03212
0.966552
0.840466
3.31817
3.41388
3.01375
3.41012
1.22985
3.13129
4.96866
3.19338
3.35213
3.37185
0.910015
3.41363
2.22377
3.40909
3.15161
1.23367
1.39937
1.02108
1.93693
3.33846
1.48037
3.33984
2.11611
1.80122
2.94602
1.06567
3.39044
5.9896
1.40697
1.35748
1.25494
2.86844
1.7932
2.98979
1.03794
3.42123
1.49525
3.08718
2.78884
3.40052
3.14476
1.82411
0.929594
6.64193
5.96214
3.61602
3.27772
1.07696
1.9028
1.30636
3.36589
3.24031
3.79155
3.37537
3.10003
2.2872
3.02547
3.58574
3.273
3.34863
3.37093
3.11047
3.5294
3.58775
0.913513
2.75431
3.38824
3.38763
3.35454
3.83345
3.49754
1.47282
2.80371
1.4759
6.19282
0.85771
3.41016
1.92615
0.796395
3.12697
3.30535
1.39065
3.07484
3.55679
7.05009
2.51119
1.76206
3.06249
4.03163
1.8965
3.40655
3.25489
1.28436
3.62712
3.82342
3.0982
4.80421
2.76099
3.33316
1.3346
2.54874
3.3698
1.30346
2.55514
1.55368
3.79027
3.53116
3.32617
1.19171
3.67166
6.38454
5.51409
1.91947
3.31134
3.40391
0.914553
0.89135
2.75054
5.45332
3.02733
3.38427
3.71826
3.33593
3.42549
3.87474
0.926855
3.44308
2.21774
2.90449
3.57701
3.52026
3.43843
1.51375
2.8865
3.40696
3.17228
3.10728
3.38324
0.933908
7.58465
1.42602
2.86957
3.36609
1.67401
3.29693
3.25449
3.83208
3.65344
3.27893
3.5346
1.20183
3.40059
4.10675
3.08381
1.4929
2.733
6.02707
1.80854
3.77111
3.16953
5.63115
2.6469
3.90235
2.23474
3.339
3.52412
3.12459
1.32503
3.56525
3.40365
2.76335
0.891301
1.57403
3.40628
2.68361
1.15453
1.51272
3.40698
3.76641
3.33067
3.28526
1.20353
3.11335
3.32655
3.39178
3.39475
1.09826
3.00702
3.6057
3.16493
5.77947
3.2777
3.41435
2.07211
3.3857
3.53745
5.99553
0.931525
3.40891
2.78473
1.51912
1.76419
3.35911
3.6721
3.44108
1.34876
3.30581
3.16411
3.39677
3.38618
3.79115
1.77423
0.826944
3.36921
3.33493
3.35206
2.52941
1.06743
3.37126
3.47964
3.40004
5.32183
4.02434
3.33007
3.37727
1.44831
3.37801
1.30386
1.51791
2.85589
2.92791
0.807868
3.28865
3.09845
3.70597
3.60367
2.81419
1.30847
2.9994
7.19856
3.14812
1.04013
3.08335
3.09869
5.99378
3.38897
3.10848
3.3852
3.03338
2.73296
5.06362
2.79676
3.6057
3.53682
2.47702
2.20803
3.40257
3.14605
6.48232
0.798399
3.46157
3.08165
1.42699
3.38054
3.14109
5.63849
3.69815
4.03973
3.8099
3.39858
3.16005
3.4152
3.13846
3.10057
3.606
2.48985
3.45744
3.21996
1.06765
3.82276
3.53069
3.42409
3.60699
3.39493
0.914892
3.24771
3.4098
2.53518
3.41181
4.93407
3.28848
1.49972
5.21917
6.18956
2.67294
2.59674
3.4145
3.15663
5.06368
3.89922
3.29152
6.31215
3.49042
1.84411
3.1808
2.55974
3.87121
3.43598
3.49889
1.92591
1.76649
3.28382
4.0413
3.53873
3.4062
1.80935
3.42168
1.16891
0.916547
1.08616
1.40057
1.33213
3.36412
2.87158
3.41495
1.60532
3.57785
3.54625
6.23003
4.15599
1.43684
0.926443
2.50004
3.35084
1.39806
1.90008
3.3825
3.34217
4.00898
3.27345
3.39375
3.32536
2.51316
1.02288
3.41281
1.15605
3.30842
3.38517
1.70785
3.42479
0.919409
3.35401
1.28302
2.85674
1.29246
3.60331
3.4127
1.28259
3.16863
3.47434
3.56376
0.977397
2.00163
3.33561
4.94496
1.85581
1.55752
3.6506
5.25132
3.35896
5.47811
3.30661
1.90409
1.16622
1.05843
3.18025
1.39657
1.34018
3.36602
3.37952
3.24154
0.634134
3.24423
2.7684
3.32667
3.31599
3.24852
3.35444
3.44821
3.59535
3.38064
2.56189
1.20939
3.5651
1.16868
3.04937
3.37468
3.88984
1.76712
3.70412
2.91556
2.95758
3.31345
3.09806
2.91163
2.96712
1.26528
2.97789
3.39631
1.30911
3.43502
3.04588
2.76918
3.28298
2.88593
0.933106
2.7579
3.61337
1.93761
1.67854
2.65637
3.03825
1.79216
3.36689
1.52142
2.50106
2.91941
2.14294
2.0807
3.67593
6.92871
3.57461
1.96621
0.950373
3.45978
3.41806
1.47809
2.19848
1.11642
1.57528
1.02007
1.53802
2.2948
3.54498
3.27782
2.64148
2.79144
4.00717
0.975373
3.38303
3.42038
3.36
3.3707
2.71977
1.12797
3.41993
3.31683
3.35799
1.00883
3.24417
2.90486
1.46438
3.70968
2.38798
2.35745
3.38251
3.39722
3.35748
3.24202
3.41017
2.37298
3.40425
3.39342
2.65294
2.78744
2.84032
3.43362
3.77838
3.37837
3.33412
1.50957
3.49023
6.39392
3.41491
2.81506
3.82783
3.37188
3.47042
3.36138
3.56176
3.29456
3.23642
4.79481
2.50821
1.40567
2.62529
2.71067
1.42732
3.34701
3.36684
3.36008
6.17947
3.36529
2.86409
1.46631
2.16779
0.996383
3.4496
4.89802
3.4019
1.18119
3.54077
1.58821
6.039
3.16682
2.77172
3.79856
1.52664
3.23005
2.03493
6.77329
2.04488
4.14104
3.38271
1.43628
3.34372
0.937193
4.92511
4.01018
1.46438
1.20463
3.32501
1.83015
3.16622
3.58003
3.38232
3.27421
1.19174
3.38704
3.19996
3.53581
3.36683
2.59637
3.64937
3.80869
3.34457
1.50371
3.34355
3.36698
3.33626
1.27344
3.31612
3.23879
3.28253
3.27046
2.81482
2.11176
1.5987
3.52768
3.83517
3.39081
3.17182
6.24907
2.58869
3.42307
3.37439
3.88303
0.937882
1.48075
3.29508
3.9779
4.71369
1.05705
3.6239
3.37306
3.36834
1.37014
3.56496
1.25303
2.74475
3.45137
3.32277
3.36977
3.38617
2.15179
3.36505
1.31918
3.32574
3.08712
1.26248
3.56822
0.787549
3.69198
1.59033
3.39169
1.53789
1.41286
3.36877
3.72197
1.99304
2.65335
5.87102
3.31225
3.26599
1.93105
3.42711
1.55428
3.41168
3.81982
3.67923
1.38293
2.92933
2.91361
1.42038
2.0794
3.39653
3.43085
3.17883
3.36341
3.26597
3.41017
3.51706
3.39315
1.3299
3.38933
2.68705
3.2472
3.43909
1.73131
2.23911
2.18985
4.09837
3.68847
3.36506
3.60866
1.80738
4.21893
2.15541
3.40183
2.21381
3.14146
1.35534
3.38573
1.04438
1.27407
1.8668
1.18528
3.31512
3.41254
1.18828
1.45408
3.19483
3.70502
3.30805
3.75442
0.995094
3.13111
2.94327
1.29003
3.52179
6.8026
3.31772
1.25712
3.31428
1.15843
3.25722
3.53764
1.23509
1.32051
3.20132
3.31643
2.86915
2.51853
2.83451
1.52277
3.37059
3.13801
1.09102
0.811911
3.15974
3.39692
3.03257
3.41077
1.2344
2.96716
3.10899
3.91573
2.88286
7.37505
3.3567
3.32248
3.63952
1.89158
1.91509
1.13898
3.1388
1.14156
3.42581
1.45148
6.84181
1.16338
3.38318
3.79793
3.09984
1.14621
2.85143
6.33633
3.36142
3.42082
2.77712
3.51738
3.3532
1.26378
3.99526
3.66989
3.3354
3.68635
3.15084
1.77593
2.52965
3.45862
6.26061
1.43651
2.63148
1.37218
3.11761
3.3435
3.64855
1.3059
3.5309
3.83065
3.69585
2.96841
0.7326
1.66001
6.63492
1.03296
0.881981
1.45767
3.95223
3.39905
3.68339
3.32509
3.10409
0.817259
3.52625
3.61787
1.49144
1.32002
1.68288
3.36503
1.48726
3.61122
3.09153
2.99089
3.31283
3.44588
2.07245
2.97749
3.55179
2.79287
5.78302
3.32904
1.56049
5.80637
1.03448
3.32938
2.43721
3.28408
3.5489
2.11441
2.46021
1.57123
3.40779
3.40149
1.36239
3.38427
3.86887
1.49978
3.31569
6.01299
1.81312
1.78436
3.61232
3.16824
3.26874
3.36512
3.59947
1.69419
3.3795
3.63889
2.12196
1.87478
3.44924
3.18913
1.67111
1.5272
6.00564
1.1658
2.18074
3.38435
3.33449
3.45014
3.74571
3.9805
3.42657
1.39182
3.61078
3.25296
3.0407
3.61341
1.25772
0.989858
3.25917
3.41756
0.840291
3.31048
1.25443
3.20265
3.39502
2.73289
3.42143
1.43462
3.1225
2.47254
1.49924
4.82507
3.93738
2.92087
1.0454
3.23894
3.57095
3.69014
0.602287
1.64256
3.91669
2.8579
1.76241
3.27048
1.67051
3.32213
1.13495
1.94919
3.962
1.50367
0.982343
3.35967
3.82627
3.13311
6.15287
3.3843
1.43135
1.90289
3.04874
2.14653
3.37217
2.82585
2.22536
3.56902
4.86193
3.41128
3.39783
3.70283
2.95166
3.61317
4.88933
2.20957
3.83671
2.89219
3.39237
0.892009
3.43524
3.59387
3.27912
2.13803
1.35167
7.16584
1.49567
1.4903
0.792822
1.14465
2.93868
1.3831
3.19982
1.71591
3.33249
2.59722
0.701481
3.63624
2.7098
3.2127
3.38745
3.29685
3.99745
0.629405
5.75587
2.09122
3.45763
3.40808
3.37416
3.27208
2.92728
3.41761
1.96025
3.29751
3.40405
3.47277
4.69494
2.83787
3.12598
3.3173
2.09135
3.51572
3.32898
3.41135
1.43464
1.41361
3.4073
0.206564
1.13597
3.17918
3.15307
3.35509
2.7198
3.28425
1.45311
3.30613
1.19983
2.86888
5.69424
3.95259
1.14189
1.42178
2.68061
3.60067
3.5771
3.41862
0.725798
3.51094
1.26629
3.29724
3.34227
3.97483
3.38709
0.906793
1.43435
3.41031
1.23188
3.35359
3.15976
0.971595
4.25967
1.31681
2.49208
3.23692
4.53428
1.4345
2.74022
0.944911
3.71257
3.5041
1.2896
1.18528
1.39723
3.86513
5.72871
3.40469
3.43749
3.25623
3.12974
1.14835
1.27983
1.21583
5.43929
1.315
3.61665
3.39962
1.34105
3.47064
1.4593
3.55253
3.31772
4.0475
3.19995
5.5337
3.58554
3.7894
3.73294
1.20506
4.8433
3.49651
3.57567
3.24177
3.73921
2.76134
3.7146
2.08711
4.14167
3.38858
3.97698
3.42791
1.41186
3.88766
3.05704
3.48989
3.36318
3.61638
0.744397
1.12983
3.52409
1.06922
3.48842
3.67055
1.83393
3.70637
3.5093
3.41833
2.54108
3.5075
1.24626
3.66046
3.27764
3.42016
3.42278
1.4091
2.78838
3.20521
1.94124
3.15064
1.74339
2.68706
5.84469
3.2772
3.35061
5.39124
1.07038
4.31374
5.54273
3.0414
1.36104
2.724
3.82651
3.24049
1.47226
3.17236
3.34148
1.06428
2.58582
6.47007
3.42986
2.78789
6.42852
1.91992
3.3468
3.11801
1.33
3.20956
3.34779
0.874949
2.28894
3.37083
3.38584
5.4171
6.21067
1.82903
3.46771
2.88716
4.41065
1.9343
7.38641
3.36899
5.32018
7.07601
1.12517
2.3442
6.12363
1.097
2.99375
2.59865
3.35615
1.56437
3.32707
3.13787
5.55741
1.68006
1.4778
3.37998
1.13981
3.27136
3.84708
1.58558
3.35698
3.11105
3.68435
4.94976
3.46732
1.05942
1.48525
2.3503
3.19244
2.95422
1.07798
1.27176
5.06991
3.23325
3.61134
4.30061
7.60632
3.65785
3.91673
3.68586
2.93392
6.9419
7.02116
3.4148
3.39659
3.82127
3.56779
3.34996
3.49982
3.35635
3.12883
0.671418
0.908406
3.69441
3.39581
3.49456
3.81964
3.48635
3.50145
3.38997
4.31303
1.25751
2.98114
0.864784
4.18694
5.08826
3.49524
3.41506
3.34182
1.51776
4.34779
3.75599
1.39571
3.25671
3.43968
3.61051
1.24349
3.01094
3.27846
1.3776
6.3407
1.11652
3.8807
3.49341
3.93671
1.20417
3.4097
3.40779
4.9781
1.33392
3.40287
5.21592
3.40541
3.37299
3.39023
1.43661
4.47543
3.89587
3.82537
1.2102
3.12843
3.37694
1.66152
3.40028
3.28636
3.41219
3.35814
3.33494
3.34977
3.35194
1.17241
3.37645
3.6475
1.41114
3.34149
3.45654
3.36275
3.63035
1.47289
6.37598
1.88167
3.52478
3.29246
0.864452
1.59227
1.92147
3.40354
3.51424
3.17731
0.679802
3.39863
1.25292
3.47356
3.52788
3.87046
0.489859
0.510743
2.92325
4.30146
4.35666
3.06287
3.41416
3.04924
6.49564
2.02245
3.49832
3.10402
3.39556
6.49809
3.36183
3.98295
2.95833
3.54508
2.56527
1.44601
3.63968
1.22349
2.8296
3.1085
5.78987
3.50658
3.36966
3.41218
3.31944
1.1243
3.17484
5.36121
5.79422
3.38544
1.35075
3.41374
3.28876
3.62916
2.77462
3.02454
6.21521
4.75428
3.32003
3.34711
3.4061
3.11092
3.2641
1.13837
1.55136
3.72303
3.49872
0.877763
3.74877
3.50741
2.26345
3.8713
2.51084
3.14477
6.3015
3.17999
1.18699
3.62732
1.33682
1.69808
3.87289
3.5051
3.54425
3.7567
2.75075
3.9128
3.35932
4.77001
1.10223
3.38676
3.72347
3.82897
3.78701
4.39704
3.36147
5.93832
3.37605
3.30812
2.80863
3.54526
3.73709
1.45624
1.33059
1.92664
1.70744
3.39697
3.40262
1.22283
3.4469
3.38082
3.3654
3.26315
1.58032
4.07871
3.34109
3.78926
3.44155
3.99037
3.07658
2.58731
1.14509
3.37109
3.38729
3.74496
3.41101
3.38539
1.38187
3.37831
3.41559
3.22376
1.66332
3.24596
3.41143
3.9604
3.13689
1.44408
3.36773
3.25208
4.5158
2.11477
3.42638
3.4114
3.49963
3.42622
4.01225
3.38841
3.59418
1.0793
3.64098
3.34561
1.50741
3.28592
3.47349
3.93407
1.15885
3.36184
0.94877
3.4929
1.71561
3.32415
3.55538
2.94244
1.91382
3.62597
2.74809
4.57858
1.31973
3.33499
2.6433
3.4062
3.42415
3.46671
1.34666
5.99865
3.425
3.32348
1.19026
1.99585
2.21114
2.52263
3.35387
3.29689
3.36423
1.89959
1.23051
1.52913
2.18322
3.33702
1.25324
3.41116
2.05779
3.51717
3.53324
1.82572
3.40622
4.23555
1.80101
3.28099
2.70796
3.39543
3.41052
1.40909
4.4464
3.52958
5.95747
1.18733
3.40436
1.38707
4.47135
1.08032
1.44289
1.3072
3.40353
1.11596
2.61395
2.09306
1.30945
0.77155
1.71113
2.49025
1.53982
2.22206
3.33622
2.97161
0.90915
1.02803
2.87444
1.30178
2.52104
1.36129
1.40265
3.41996
3.33639
3.04303
3.27816
1.30365
1.34088
0.933912
3.36952
1.92686
1.65659
2.81933
2.45057
1.71055
1.00323
3.59658
3.38406
1.33506
3.76586
3.17941
1.03788
3.27823
1.74418
7.35064
1.46708
3.39329
4.27358
3.34766
1.20069
1.01898
1.41816
2.78489
2.56914
2.68288
3.3829
3.15247
1.72578
1.69026
0.882389
2.43494
3.38031
4.64352
1.88037
3.11243
3.49588
3.38571
2.98025
3.23031
3.37776
3.36736
3.30505
3.32089
3.58197
2.51211
5.30112
3.26348
3.25523
7.26018
1.94815
4.82434
4.04298
2.05458
0.827386
0.970402
1.40598
3.32336
2.66016
4.98331
1.91799
7.20901
3.83513
1.09078
3.11212
4.50102
2.92073
0.874732
3.60802
3.41337
3.57932
3.17593
1.08329
3.33051
3.78757
3.5023
2.90691
3.09538
3.52557
3.68423
3.3594
2.90863
3.01469
3.40451
2.7642
1.46266
2.69855
1.38797
4.91747
3.23076
3.60211
3.20513
3.18208
3.38014
3.73186
1.38391
3.04887
2.03839
1.16506
3.4184
1.65025
4.55674
3.17248
5.11198
3.87188
2.12945
5.6487
3.39708
1.01083
3.4398
3.78675
3.50919
3.69444
3.20614
1.30393
2.58307
1.35403
3.38684
1.31837
3.86926
1.70121
4.18274
1.49721
3.3871
2.39642
1.34505
3.51647
3.40895
2.58514
3.45763
3.38761
3.71351
3.71948
2.86334
1.16201
0.969712
3.94405
3.4128
2.50144
3.39274
2.23223
1.31578
4.27279
5.48531
4.40955
3.92806
3.19372
7.29795
4.35911
1.76646
3.3608
3.52586
3.34744
4.04365
2.74535
3.33598
2.51717
3.02227
3.17049
0.903892
3.50646
5.85372
4.28951
5.14106
1.20045
3.31994
3.37298
1.80922
3.61613
1.2883
3.58358
2.50652
3.43671
1.07759
1.21381
1.45194
1.30061
5.78797
0.884009
3.36603
1.48992
3.33659
4.61141
3.48164
2.07804
3.20955
3.9984
6.06096
3.01144
3.32682
3.38942
3.97006
1.45567
3.49474
1.55015
1.74572
3.45663
6.56789
3.69691
3.08471
3.4327
3.22027
3.53623
3.71409
6.7254
1.19891
3.58926
3.79694
3.33251
3.38697
3.2154
0.723843
3.3398
1.47646
1.36794
3.49714
3.39274
6.07218
5.2429
3.28619
3.33908
2.12077
6.10795
2.16159
1.7351
1.92739
4.98765
2.64754
3.38964
2.13739
3.67779
2.06078
0.94673
3.51317
0.938264
5.36276
3.31864
3.16792
3.41158
3.27217
3.67766
5.54684
4.68599
2.08836
3.28928
3.09592
1.21268
3.54574
1.3346
2.94551
1.03922
3.3332
3.05754
3.03652
3.00867
3.27701
3.23018
3.3247
2.94349
3.38499
1.17855
2.70796
3.18591
2.18648
3.11635
3.28375
1.37682
3.80422
1.36664
3.36673
3.29964
1.11263
1.9176
2.68108
0.717996
3.40576
5.61092
2.82491
1.72542
3.46373
5.28542
3.38504
1.3281
1.16587
3.5313
3.81721
3.79059
3.77733
6.36582
3.67406
5.25414
3.1662
3.22675
5.42257
1.25047
2.91017
3.40172
0.831265
3.37219
1.81929
1.1021
1.55653
3.38443
3.4097
3.11421
2.88805
5.17676
3.82632
3.37811
1.24932
3.2915
0.860764
3.73776
3.42592
4.86688
3.38859
3.40826
3.33541
0.865324
3.49255
3.03991
1.1133
2.98055
3.3567
4.92156
3.93128
1.07787
3.38273
3.41253
0.822552
3.40023
2.73901
4.34222
7.42097
1.73264
2.91205
2.19102
3.7404
3.49435
4.67006
3.77259
3.34647
2.71054
3.19416
3.09678
1.05719
2.66506
1.17849
3.2881
0.85368
0.859454
3.57399
3.40779
2.96795
3.64767
3.14472
3.01745
0.984526
1.29318
3.84012
2.56431
7.87013
1.11437
3.38184
3.20361
3.66664
1.22832
1.42428
3.36287
3.39661
5.23871
0.68621
3.70484
3.42681
3.82219
3.27852
3.02968
5.30956
2.99287
2.15024
3.28388
3.2898
3.05867
3.33448
3.50714
3.26903
3.38621
3.30975
3.4123
4.61869
2.51395
1.73852
4.06663
0.854074
3.36027
3.22441
1.14124
7.83009
1.36417
3.50214
3.51292
5.49234
3.34383
3.86703
3.35515
3.39811
3.20624
3.813
3.37933
3.44259
3.75809
2.53004
3.31698
6.9864
2.77271
1.22643
4.03482
3.41196
3.25514
1.71783
3.36748
0.887015
3.34987
0.915694
3.40181
3.45159
6.14615
6.51683
1.49844
3.41689
1.32901
3.13034
2.84707
2.40109
1.45072
3.34167
3.34045
3.50501
3.11162
0.909789
2.11965
0.87654
3.87187
3.38501
1.02488
1.23295
3.49044
2.83709
3.10168
3.26589
3.39908
3.44662
3.3944
3.45433
4.12469
6.1359
3.75899
3.40156
1.4429
2.99498
4.1858
2.48811
0.901648
3.11011
3.5138
5.7575
3.77235
1.46512
3.38445
3.96827
3.60092
5.10917
3.67102
3.82812
3.88786
3.96174
3.30194
6.52392
3.94209
1.53468
3.80363
1.87828
3.78472
3.36824
0.846483
3.34066
3.7673
3.40303
1.3099
1.41818
1.05545
3.2108
3.57601
6.1947
1.19362
3.14073
1.70217
6.04047
1.82528
3.90136
2.53514
1.35701
3.29682
3.44814
4.39675
3.26966
3.19548
2.88526
3.2743
3.052
3.65263
3.62312
3.31784
3.50225
1.03676
4.54318
3.90121
6.22346
2.86861
1.93552
2.8444
1.1868
5.76963
3.402
1.8751
0.975799
3.20581
5.31451
3.8465
3.39614
1.50527
3.25356
2.79952
3.00964
3.30368
3.38406
2.92835
6.19764
6.113
3.42763
0.529403
3.35675
1.39708
3.39802
3.22183
3.37852
1.88257
2.89504
3.80341
1.05441
3.58668
3.87187
2.98498
3.72363
3.37597
1.54605
5.70833
1.03673
1.6451
1.69701
2.0824
3.46565
2.9891
3.738
3.5646
7.16016
3.14065
3.69498
3.39162
3.36776
3.11902
3.80803
3.4087
3.40281
3.77557
3.94596
1.28495
3.10472
3.25098
3.39416
3.38683
3.00096
1.25944
3.48657
5.66627
1.37047
3.41344
1.22724
3.33108
1.07408
5.85092
3.86049
1.06348
4.03596
3.06591
1.26463
3.35515
3.34998
3.39565
3.27198
1.10491
3.40374
2.46632
3.46771
2.85398
3.3179
1.21119
3.6134
3.77911
1.77983
1.86941
2.50086
3.67426
1.36527
1.2474
3.94978
3.70255
3.40692
5.66993
1.15604
3.40184
0.980438
0.115403
2.63207
1.11664
3.60747
3.19644
3.32114
3.79141
3.42901
1.83752
3.37172
1.04177
5.49946
3.39978
0.730085
3.35243
5.1794
3.487
3.41994
3.28887
3.37604
1.67572
1.96955
3.4111
1.89303
3.4998
3.3032
1.33327
6.40071
3.68638
3.47993
3.40981
3.40286
1.71975
0.959093
3.39245
3.41189
3.72394
3.13316
3.36222
3.41545
0.917222
3.4563
5.50639
2.68868
3.61026
3.41101
3.13308
3.86495
3.42264
3.68735
1.05309
2.72948
2.07079
1.11566
3.66814
2.9491
3.59675
1.29285
3.36143
3.17715
1.06976
3.41134
3.30544
1.34124
3.43743
0.755131
3.75394
6.17459
3.48872
3.414
3.51581
1.6755
3.34417
3.54001
6.84055
3.22792
1.86615
3.14702
2.52639
3.24534
3.34717
0.961115
1.82745
2.86337
3.42174
4.5527
3.3759
1.13007
3.66924
1.08636
2.92554
2.83751
3.40298
3.51578
6.06513
1.85396
3.32977
3.50397
3.33796
1.18841
2.76655
2.74608
2.73116
3.41768
3.41024
1.31626
3.43868
3.45797
3.43223
1.43826
3.64863
3.41539
2.02635
1.947
6.48242
2.10363
1.85334
3.76645
3.31685
3.36627
3.36387
1.7492
4.49007
3.74916
5.01445
3.19115
1.65429
3.41003
1.23971
1.81519
2.77461
1.42388
3.67095
0.947644
2.70061
2.47005
0.740301
3.17444
3.2874
3.38193
3.33383
3.71091
1.01406
3.38626
1.21913
3.23168
1.42098
3.91695
3.54603
3.52682
1.6601
1.09329
1.68173
3.44399
1.95163
5.6221
0.783239
1.00121
1.24595
2.03263
3.42326
3.53563
3.78798
6.25861
3.29391
2.68807
1.31141
0.879728
2.87824
3.55056
3.08362
5.37409
3.31198
3.6991
3.40154
3.94594
3.38283
3.75218
0.925457
3.75846
1.1311
0.933993
3.45463
3.15746
0.983542
3.41913
1.13298
3.85844
4.35786
1.91042
1.70944
2.95323
1.70786
2.74312
3.84391
2.77624
3.41189
3.37413
3.40918
3.48201
3.69987
5.20198
1.8705
2.50293
1.1986
4.75248
3.42096
1.09243
6.28605
5.30167
6.3204
4.99963
0.703241
3.64269
1.30444
1.2364
3.25376
3.45601
1.43545
3.41362
3.41415
3.75434
3.35359
3.80675
3.97527
3.40818
1.30938
3.41108
5.43597
3.58844
0.973903
3.62555
5.04552
1.26395
1.03683
3.47245
3.77447
2.72135
0.958482
1.39293
5.05634
1.12481
1.41195
1.32964
1.50298
2.15285
4.45606
3.2683
1.81686
5.18392
4.38703
5.71772
3.31245
1.8499
1.16459
5.88794
3.5922
3.39723
1.04892
3.11745
3.08954
3.94053
3.60536
1.48954
3.60965
3.78547
3.56044
3.35819
4.83284
3.60079
2.27869
3.31126
3.39598
2.74125
1.42649
3.89427
3.4812
1.83232
3.92539
6.35082
4.28301
3.1219
3.31855
3.37839
3.38048
1.01921
7.672
1.09563
3.48998
3.39735
4.84974
3.38703
3.72398
1.99365
3.64365
3.24665
3.66893
1.19352
3.42026
0.725017
3.13701
1.19768
4.78907
3.34643
0.629787
3.08106
1.68424
3.68443
2.72716
3.23263
5.36852
5.10268
4.91093
0.753091
1.07941
1.68083
3.35346
3.35722
2.14503
1.59021
3.35375
0.988851
4.31682
3.42045
3.58255
3.70684
1.32224
0.314808
3.60958
3.69844
1.00967
3.24798
3.41187
4.9643
1.55714
2.4437
3.39224
4.25033
1.4777
3.77499
3.3763
3.41266
2.48439
3.57176
3.12418
2.9839
3.97863
3.8432
2.95338
1.08384
0.745114
3.3845
1.27342
1.00718
3.54084
1.1417
3.09894
4.99873
3.10172
2.11927
1.14941
1.45365
1.87333
2.2228
3.77537
3.14771
3.75703
1.4353
1.41481
3.32588
1.42665
7.05253
3.34196
3.13552
2.72436
2.1136
1.68634
4.60563
1.6653
4.48959
3.09005
3.60146
3.47626
4.72747
0.71116
3.11202
3.31132
1.30196
3.35668
3.52364
3.53011
2.57203
0.738809
0.672385
5.22384
3.68672
3.6184
3.42903
3.76515
3.42277
3.97657
1.23225
3.36541
2.66087
0.993128
0.958026
3.33203
6.98946
3.39649
1.13251
1.06078
3.77515
3.5156
3.32117
1.02042
3.84972
2.33891
3.12026
3.38377
3.41029
3.41285
0.462647
2.46085
2.9539
1.50485
3.87249
3.88455
6.44407
3.70451
3.36481
1.60032
3.65491
1.75864
3.79562
1.88768
1.29218
3.79684
3.69397
3.46298
3.71966
3.79437
0.727676
3.88546
1.93996
3.28883
2.97181
3.56233
3.40406
3.33542
3.30841
3.81611
3.33329
3.96762
3.74538
3.33143
1.60978
1.59527
1.28434
1.25107
3.08771
2.66255
3.96527
3.62625
3.39103
3.44172
3.77339
5.91763
3.40239
3.33359
3.32965
6.36717
3.47855
4.04402
0.858269
3.32589
3.79633
2.82414
1.67499
3.36242
2.55586
0.971286
3.80903
3.41919
1.00051
3.39557
1.03458
6.08119
3.39398
3.50279
3.25826
3.32768
4.93581
3.24456
3.36659
3.77062
3.6876
4.53213
2.00049
4.45774
3.19004
6.69464
6.56453
2.27665
3.86296
3.53957
3.49884
2.78638
0.959418
3.23881
1.12501
5.88789
3.57465
2.14272
2.77139
0.834604
3.76386
3.44817
3.02392
3.61488
3.40504
1.19993
3.85304
1.15644
2.07288
3.4077
1.11009
1.1088
1.97669
3.10093
3.19409
3.3407
3.74138
0.992889
3.3866
4.0459
1.8462
3.34876
1.94406
4.03236
0.944582
4.03543
3.52234
3.45847
3.72281
4.8011
5.3957
5.34435
3.09842
1.27866
3.80371
3.33432
3.80257
2.58063
3.41281
2.66552
0.845914
3.73077
3.29756
4.61854
1.38043
5.39176
3.36568
3.32788
3.03938
3.53111
3.78802
5.36134
1.2134
1.44701
1.5812
3.59738
1.56907
3.79387
2.96579
5.16943
3.38473
1.24389
3.64446
3.29968
3.84088
3.37096
1.13164
0.757182
1.49398
1.27449
4.87905
3.4824
3.93686
3.71702
1.12791
4.03418
1.43127
3.32018
6.39504
3.44211
5.93401
3.25024
3.89796
3.70004
3.29945
4.4293
2.57036
3.92363
3.54069
0.651599
1.88011
1.31839
3.4001
2.84113
3.22971
3.30713
1.11588
2.90988
3.61259
3.70592
3.58466
5.67496
3.81242
3.38723
2.79591
3.2492
3.39535
1.56358
0.886915
1.55056
3.40668
5.39473
3.4012
2.77362
3.42536
3.86558
0.985441
0.773879
3.11282
3.40843
5.69369
1.80403
3.55792
2.01098
3.86023
1.32187
0.252647
1.40357
3.75992
3.93741
3.39177
2.13592
2.50074
3.39287
1.58017
3.80822
1.05488
3.16565
3.53514
3.36536
0.607274
3.3959
0.908781
1.23889
3.54343
0.925191
3.78306
3.83512
1.25874
3.86284
6.62553
3.31913
3.35646
1.4085
0.45539
1.0344
3.23641
2.95774
3.59063
1.73136
6.37226
3.41244
3.4945
1.3526
7.46783
3.51085
2.09426
0.653196
3.40219
1.02882
2.94248
3.35387
1.05367
4.65174
3.40242
1.51511
6.97288
2.51376
2.57623
1.58789
3.40737
3.76041
0.972876
3.85387
1.47475
2.78714
3.33511
5.76663
4.75727
2.67804
2.54167
1.42143
3.68124
0.989198
4.80217
3.77745
0.974157
3.16457
5.95303
3.35576
3.3481
3.81611
4.68154
3.32015
7.26915
3.74865
3.40468
2.59802
3.71529
3.1591
3.35985
1.15878
2.91801
3.40336
4.63544
3.79286
3.16643
1.12609
4.24623
0.688804
6.5075
4.19057
3.40831
3.9696
3.34006
3.80508
2.1365
3.39858
2.50651
3.86823
6.13065
1.10593
1.25245
1.11275
4.93805
3.37453
3.88811
1.0244
4.14244
2.92279
3.01942
3.79031
1.09242
1.1771
0.866922
3.74377
3.80878
3.84943
3.309
3.38305
3.73911
3.81195
3.34822
1.45405
0.944273
3.52693
3.46022
2.16288
6.08168
3.35566
3.89621
3.60688
3.48661
0.990278
5.62735
1.68918
0.699071
3.45264
4.36988
7.40503
4.91144
0.682228
2.14233
3.40811
3.76488
1.01769
0.34102
3.40229
3.02446
3.38938
3.75809
3.51737
3.8634
4.20019
3.51562
2.5802
3.42288
2.50971
3.4232
0.962951
3.6767
2.5492
3.79414
3.94364
3.30507
3.40165
3.39006
1.61823
3.3525
1.80706
0.968877
3.28594
1.3614
2.57211
3.58489
1.4951
1.21447
3.42833
3.44631
2.04909
3.18016
3.30302
1.70074
3.30922
4.03642
2.81849
3.38651
3.77928
3.53546
3.49447
2.69612
3.87334
3.42029
3.45817
1.94424
1.12046
0.856263
3.83438
3.79727
3.47656
3.38388
1.35741
3.29036
3.29622
3.68999
1.63557
4.385
3.40825
3.38711
3.01811
2.67447
1.80507
1.00354
5.23867
3.99369
3.19831
3.41948
1.0227
3.39339
2.66138
3.37714
6.90973
0.498014
3.10075
3.1695
2.45955
1.4539
0.95211
3.40335
1.40565
4.42476
4.57396
3.61197
4.51255
2.77923
3.31089
3.84234
3.41801
3.53124
1.72225
3.90915
3.78767
1.63164
3.78144
3.40848
3.23397
1.5729
3.37143
3.91429
0.831974
5.47966
3.81243
3.11175
4.43222
3.2602
3.78385
3.71079
5.0925
3.42872
3.42381
3.29943
3.84233
1.92914
3.32332
6.13501
3.41259
5.24281
1.59535
3.78428
3.4158
6.71429
2.84313
4.66124
6.7385
0.724979
3.22309
3.40261
4.83431
1.08958
3.3436
3.1351
3.41998
6.58263
3.30751
1.31487
2.50551
7.28426
3.31486
3.77254
1.37082
1.06689
3.09082
3.07791
0.794865
3.81619
3.08698
2.54123
4.29629
4.54408
3.28662
2.05247
3.40109
3.42025
5.13939
3.5175
0.947313
2.71687
6.37693
3.68434
3.27187
6.64315
3.3283
3.73471
1.60837
3.39179
3.92886
4.45955
3.25784
3.51564
3.16322
1.02723
3.12514
2.81328
7.64656
3.3588
1.2316
3.41974
6.42242
3.65778
5.82599
3.78339
3.5819
6.11009
0.873973
3.58146
4.40763
3.44445
3.74631
3.38103
3.93146
8.63854
3.3784
3.5015
3.92506
1.02783
0.830651
3.68563
3.02479
2.9686
1.03852
3.38909
1.26924
0.646355
3.40193
4.31393
1.22121
3.31114
2.83308
3.39682
3.54986
3.23932
1.13369
3.40413
3.95093
6.47838
3.40847
3.39777
5.7055
3.38825
7.51385
0.989333
6.42787
0.962301
4.39995
1.45628
3.51917
3.51024
5.81479
5.62115
6.20754
0.927964
3.31478
3.40109
1.77809
3.29866
3.52104
3.56788
1.3119
1.08661
3.55233
3.55254
3.47311
3.42034
0.949122
1.19875
1.07943
1.32957
3.76618
3.5023
3.25732
1.72065
3.60655
5.2752
3.78598
3.34098
1.85421
0.867764
1.93331
3.31908
1.71106
3.3963
3.22142
1.14133
3.18572
3.19884
5.26008
1.32218
5.76958
1.15229
3.39095
3.37872
1.22107
2.11824
6.67913
0.924979
3.46835
0.907524
3.50324
2.12496
3.37533
1.50827
3.3209
3.38661
6.00044
3.41187
3.3596
3.34498
2.06451
3.42359
1.61393
3.96231
2.75097
3.78876
3.28733
2.54761
1.2767
3.39352
3.39682
0.947064
1.21
3.73365
5.08865
3.12438
0.97452
3.56129
3.40604
3.90469
3.39078
3.87246
3.40353
1.01791
3.33191
7.37318
0.89873
1.01788
3.39166
5.42964
3.38384
3.76298
2.20266
3.6715
0.661608
3.4072
4.87095
7.90693
3.8601
3.57998
3.78693
3.38646
5.99247
1.28633
4.10648
3.58944
1.18233
6.42118
0.931306
3.39844
0.835185
3.60459
0.441921
3.53405
0.969274
1.31181
2.67215
2.13941
2.7524
3.26485
2.85633
3.38926
3.31736
3.7056
7.52675
3.42051
3.364
1.05499
3.34322
3.40151
1.80806
6.02348
3.82921
0.964746
1.75265
3.33229
1.08926
1.07876
3.18001
2.65677
3.67907
3.79144
3.83023
0.936199
3.06594
3.4305
4.11048
2.79466
3.41421
3.35093
3.39398
3.39398
3.08057
3.22398
3.49673
2.74499
6.07644
6.6408
3.46545
5.02601
4.80881
0.917225
3.8275
3.19289
1.7556
3.41329
6.04211
3.22771
3.40016
3.36115
3.1757
6.18212
3.39781
3.7182
3.91643
3.14545
1.03069
0.636703
3.79176
3.36477
3.09027
1.06442
3.63962
1.03727
1.32513
2.77699
2.61458
2.06809
3.27514
5.15097
6.5527
3.21507
3.39047
3.68504
3.41906
1.03984
2.17636
1.16876
1.90749
3.58857
1.55777
3.02041
3.28208
3.63664
1.18604
3.39304
1.53562
0.934155
3.2271
3.36599
3.40908
3.18081
1.06283
3.40969
3.84578
0.84152
3.28515
0.419738
3.17305
1.86268
2.78188
3.70245
3.36737
3.2671
2.7884
3.42588
6.15047
3.82341
3.92209
3.71641
3.34678
3.61474
1.18825
1.9276
3.57519
6.01208
0.884811
3.62104
2.3196
3.3527
3.68181
3.43478
2.96406
0.950397
3.08976
3.65751
0.944488
3.4092
3.12587
3.20285
3.35606
1.20632
3.37794
3.28545
1.45567
3.75026
0.849378
5.82245
2.73492
3.3567
3.95574
2.50384
3.42295
3.37262
3.92004
3.73071
2.11232
2.62895
2.06674
2.85704
2.3878
3.50097
3.20722
3.41353
1.04897
3.57735
3.36124
2.93153
2.3421
3.80766
3.48816
7.94315
2.19546
1.28032
4.59934
3.40398
3.73789
3.63469
3.81948
3.41378
3.46098
2.50587
3.23724
4.35433
3.3931
3.34376
3.72761
3.30013
3.38646
0.81974
0.721812
2.99489
3.40053
3.31558
3.37989
2.08461
3.37308
3.41371
3.36474
3.38329
3.57922
1.43545
3.26626
1.29263
3.16953
0.825277
3.35707
4.2586
3.26286
3.40669
3.33955
2.75391
3.39315
1.94493
3.8095
3.7766
3.75892
2.0866
2.61801
3.01313
3.53355
3.76854
2.21936
6.60574
3.27716
3.18195
4.79774
2.43462
2.79683
3.3442
3.5345
0.939582
2.77708
3.48721
3.93183
6.51175
3.3883
1.71725
3.39875
3.40522
2.75494
3.24455
3.68282
3.21155
3.12612
6.86938
3.13872
3.32715
3.58549
3.31443
5.61114
2.91888
3.36917
3.31022
3.27772
5.44612
3.92568
3.49148
0.861351
7.62602
0.980117
3.41637
3.31063
3.78217
3.52394
6.61032
0.497233
3.39138
3.61718
0.870826
3.35927
3.33345
2.96799
6.80381
1.15095
1.19722
1.19762
3.97251
3.52608
3.39995
1.97407
3.39069
2.15619
3.41352
3.82981
3.37273
1.02981
1.93658
1.92288
1.27292
3.38212
1.01742
3.75274
3.38956
6.21757
5.62171
0.835368
1.93296
6.24458
3.39917
3.2849
3.35386
3.29958
3.39662
1.51236
7.12614
1.78979
1.6464
1.03864
3.21442
3.51038
3.25147
2.64895
3.238
0.992101
3.93811
3.36015
3.02558
2.56375
3.2882
3.39486
2.22508
5.90986
1.32761
1.55397
1.16575
2.30429
1.32652
2.58805
1.05378
3.56111
0.989657
1.38773
0.985045
2.93719
3.33446
2.78314
1.69889
3.38361
3.18514
0.91557
1.13954
6.18101
1.99168
4.96597
3.61816
5.62982
3.40811
6.58847
6.12449
2.74006
1.0737
1.32191
3.19629
3.97477
3.28217
2.32188
3.42039
3.33325
3.28652
5.796
3.41927
3.27382
3.69752
6.15077
3.16737
2.84826
3.37867
3.51267
2.34348
0.816717
3.90743
3.89695
3.32213
3.45438
1.47184
1.01784
2.95332
3.3742
3.38638
5.75101
1.04232
3.34439
1.17104
3.34183
2.64097
3.32608
2.4619
1.4054
3.48673
3.64336
0.887584
5.80868
1.37639
3.88576
3.13865
2.80577
3.25531
5.88489
1.83589
3.14739
3.65681
0.930287
3.05798
3.67648
4.18304
3.01463
1.05473
3.17303
3.69131
3.3452
1.65299
3.36434
2.81951
3.12618
0.931594
1.05295
0.888075
2.76086
3.9773
3.88632
3.39755
2.72952
3.24708
3.37969
0.952621
0.949029
2.24512
3.95881
2.89462
2.75196
3.4114
1.54596
3.35339
3.8826
3.32564
4.25488
0.354698
3.39425
3.75318
3.39539
3.76093
6.28625
0.919407
1.78741
3.33134
3.57939
3.64251
3.71185
3.25251
1.78859
7.25697
3.38859
1.88599
3.52602
2.80055
3.30109
2.08582
3.34353
1.49012
3.38402
3.27448
1.8086
3.15969
3.37865
2.09479
1.67734
3.10501
3.25181
3.36444
3.39723
3.76874
3.30275
3.35983
7.01269
3.4049
2.52723
3.3911
3.82162
3.46496
2.50963
2.90221
3.78476
6.89683
1.91167
2.05551
2.26039
2.14549
2.23824
2.30924
5.96754
7.79972
2.93097
2.71863
3.95579
2.67517
3.02552
7.95265
3.22121
2.04826
2.06136
4.60006
7.95579
2.62177
2.63144
4.25162
3.36676
7.84782
2.06
7.44806
2.14341
2.88659
3.10443
3.08309
7.89486
7.74467
7.27015
2.64375
7.6797
2.61622
7.91827
7.68694
2.9945
7.93086
2.363
7.88351
3.37159
7.92336
7.29975
3.48685
2.47602
2.70682
2.83388
2.70774
7.54013
2.09469
2.0622
2.20652
3.24161
1.21312
3.34755
3.5341
1.17703
0.933978
3.38492
3.47759
1.95251
3.59813
1.50615
3.61652
3.55971
3.33112
1.94918
1.29422
3.58815
2.75445
3.53219
3.35074
3.35014
7.48219
5.44263
3.37314
6.70084
3.31769
3.41202
3.25886
3.39494
5.63517
3.59408
3.97211
1.24945
3.41988
3.27418
3.42388
1.00543
2.97778
3.41211
3.40515
3.73814
0.888011
3.60115
6.24487
3.35883
3.38852
3.3744
7.12994
3.34547
3.02587
3.49191
3.2378
3.42272
7.43354
3.41189
3.3431
1.02687
0.931051
3.47393
2.82294
0.504709
1.14308
3.20003
3.18064
3.50681
3.4103
3.42218
2.79832
6.88375
3.38629
6.49436
3.82781
1.13239
7.34592
1.14343
6.76718
3.35658
4.02633
3.52759
6.34906
3.40156
5.76834
3.41264
3.54547
3.33539
3.35985
0.90817
1.68655
7.35642
1.05744
3.33926
3.15121
7.04439
3.53906
3.47314
6.45815
3.90511
3.38642
3.27342
1.21084
3.79598
1.10928
5.11651
3.3731
0.954261
4.04718
3.40675
2.19464
3.44133
3.35017
1.50254
1.1849
3.83267
4.39566
3.13779
2.72367
0.940009
1.0811
3.37078
2.00918
4.17199
2.57515
5.74839
3.59113
2.57207
5.69297
5.67521
3.35359
3.49979
3.33759
1.01482
3.8868
3.77925
0.991336
1.41235
1.28297
0.835655
1.05031
3.88494
1.39463
0.962774
1.59466
2.09808
1.40441
0.182733
0.860127
3.7983
3.72627
3.40553
3.42165
4.39743
3.86168
2.82283
3.17693
3.76106
1.61302
3.44804
3.24721
3.08655
3.81415
1.92498
3.79921
0.801903
1.94045
5.48629
0.951908
3.75854
3.41233
3.64922
2.66208
2.20722
1.90582
3.77594
1.76924
3.33446
3.51016
0.838884
2.55761
3.39824
3.46719
3.39584
0.424492
3.63691
3.1829
2.82962
5.77937
1.86601
4.03862
1.18592
3.81412
4.66908
3.32158
1.59406
2.76884
2.60468
3.28258
3.43174
2.59252
3.11413
2.72059
3.50855
1.39189
5.38301
3.24251
3.77171
3.98179
3.97537
2.68052
4.57822
3.42755
1.28278
3.8047
1.49955
1.47246
3.38635
1.20663
2.84848
6.15159
3.256
0.773089
2.78077
3.39782
3.78853
3.38019
0.897558
3.52888
2.27909
3.49487
1.63433
3.39372
0.970587
1.00356
2.50217
4.2991
2.57976
1.76552
0.918997
3.74902
0.313953
4.38961
3.27374
3.26764
3.57739
3.19881
3.52984
1.74957
2.72596
1.49988
5.46924
3.38822
4.98925
3.40673
2.44106
3.79141
2.06038
4.9623
2.83549
6.67809
0.904603
3.58827
0.585727
2.16077
5.72186
1.92073
3.43754
3.38366
1.26353
3.37342
3.25534
1.22634
3.35043
0.771383
4.04451
1.62426
2.36781
4.95158
0.891613
1.34866
2.09592
1.12023
3.83616
3.36475
3.21685
3.39689
1.6577
5.81763
3.94568
3.14476
3.75872
1.04297
3.38157
4.02666
3.68195
3.34812
3.46297
3.79023
1.11114
3.3606
4.92636
1.05842
3.60759
3.24543
3.41321
1.11726
3.30877
1.68586
3.53896
3.31777
4.75893
1.0066
3.33366
2.24004
3.52195
3.41275
1.233
1.40658
1.05559
3.70166
6.53741
3.49439
3.20245
1.19625
3.55203
1.36683
3.5337
6.65562
3.7935
3.40213
1.60917
3.48726
3.16334
3.41438
3.76694
0.94227
4.30819
3.77201
3.52565
1.40269
3.40812
1.7498
4.51217
3.35039
6.47427
3.77647
6.09052
7.34281
3.68688
3.39283
3.60839
1.41923
0.97157
5.65023
0.859001
5.87527
3.38194
3.3436
2.28504
3.35906
3.35677
3.22027
3.38661
4.17691
3.31502
3.46031
3.32251
2.75962
5.56237
1.01877
3.7773
0.750652
3.32846
3.78333
2.70541
3.52408
0.990868
6.18237
1.94552
0.91845
3.57856
3.83674
3.80604
3.38437
3.37235
0.910113
3.41575
3.33505
3.66703
2.85842
2.75947
3.39366
1.31688
4.04191
3.3567
2.78476
3.24177
3.65322
2.67842
1.91791
3.39266
4.21683
3.83014
3.17133
2.69917
1.59581
3.86182
6.38898
3.34684
2.08317
1.68981
3.07808
2.86985
1.03341
3.78849
2.93817
0.884561
3.88792
1.89989
3.64858
3.21688
2.69771
3.11102
6.26652
3.61105
3.28776
2.37766
3.43758
5.13174
5.13168
3.25134
3.4704
3.12767
0.964552
1.35754
7.0328
3.47786
4.06841
6.79736
3.39026
3.38812
3.34162
3.58303
3.4265
3.27682
1.12278
3.42032
3.81834
3.74664
3.87944
3.11758
3.20547
3.37001
3.74812
1.19337
5.42048
3.86481
0.619985
3.76302
3.35029
1.04558
2.31895
0.975308
5.71751
1.86705
6.72938
3.37842
3.26081
2.89769
3.24512
3.44584
4.0405
3.75905
3.74704
3.35076
3.06455
7.18976
3.41255
3.83882
3.80878
5.48971
1.22108
2.51133
6.53208
1.23233
5.56687
3.31666
2.41519
2.90434
3.78467
3.3716
3.8159
3.42511
3.41656
3.37978
1.91301
3.29718
3.38562
3.41159
3.83012
0.873452
3.38234
3.75179
2.33158
3.87306
3.61865
3.41835
3.40725
2.90887
0.811649
3.40868
1.0887
3.36494
3.53331
5.37639
2.06392
3.69734
0.931505
5.97109
3.7425
3.77769
3.43556
3.81464
0.820503
3.40486
3.39799
5.36817
3.62574
4.17257
5.24629
1.3109
3.39505
1.92604
3.34308
4.40505
2.1287
3.3882
3.70863
3.39011
1.83886
3.364
3.32918
3.14153
1.03069
4.04291
3.16027
1.1745
3.42297
2.43681
3.73883
0.962212
1.04573
2.13859
1.10675
3.55158
4.10418
1.33035
2.16613
7.23337
5.6769
4.7659
2.61511
7.1911
4.8833
3.63098
3.1256
2.17568
5.5676
3.40292
0.918953
3.7589
5.97614
2.77273
3.3795
3.40136
5.84048
3.96317
0.385853
1.21383
3.8468
3.32666
1.67854
0.727615
1.21368
3.03005
3.44736
3.38853
2.13646
1.06798
0.949548
2.21066
4.59264
2.93308
0.88511
4.09509
1.94719
3.34497
1.24282
3.51269
2.10328
1.62058
2.10392
4.69265
0.698307
4.69043
1.20352
3.56468
1.31065
4.45981
3.54714
3.702
3.55151
2.93477
2.11014
3.35754
1.50542
5.07687
3.38045
3.97103
1.36855
0.705368
3.78976
3.22513
3.41282
2.82751
1.14533
3.19793
3.7039
3.72848
2.6632
0.949363
3.39796
2.78631
3.72575
6.56879
1.07629
6.08254
3.36586
1.44518
3.37646
2.57543
1.88198
2.88546
2.97417
3.39858
5.87894
6.1216
3.24173
3.53734
3.87832
5.94345
2.81809
3.52981
0.897731
4.18597
2.85736
1.525
3.10958
3.40945
0.802318
3.35313
1.9087
3.38892
0.907115
3.39463
3.20397
3.35621
3.41511
5.80394
1.74873
3.72768
3.8248
1.09633
0.905325
3.3494
3.76849
3.23519
3.24955
3.37039
6.27195
3.39007
5.32767
0.997688
3.41708
3.69006
3.4241
0.931418
3.39984
3.40096
3.58761
2.6518
4.21737
3.34927
3.84504
3.50009
5.98242
3.09152
3.35164
0.934537
3.39767
1.97269
5.50165
3.38094
3.267
3.7495
3.24753
5.94987
0.884365
3.52241
3.75509
3.78015
0.976686
3.79294
5.92893
0.753761
5.43883
3.57629
3.33442
3.5236
3.61232
3.41054
3.66061
4.50329
3.59695
3.29485
4.69698
3.45208
3.23996
1.46351
3.65646
6.38068
3.537
6.76002
6.21642
3.47978
6.64757
3.89401
4.04935
3.38583
0.803308
1.9457
1.17607
0.760021
1.76868
3.21415
1.0796
3.95906
3.93334
1.52928
3.94994
0.880707
3.21767
6.61671
1.22166
1.30051
3.63838
2.85269
2.26188
0.765219
3.57071
3.81755
3.53427
3.03929
3.25106
2.0367
1.71533
0.883345
0.797703
1.39653
3.85043
3.41047
3.86418
3.32657
1.63759
5.76709
3.37529
3.52564
3.13259
3.3889
3.36648
6.52679
2.27542
3.43301
7.72726
7.75445
3.37578
1.18655
3.50854
6.62886
2.36014
3.32182
3.31339
3.41969
1.27916
3.10879
5.31864
0.880958
3.84133
2.70741
3.17284
3.27183
3.78031
3.53079
0.764746
0.783873
1.00517
3.35828
2.19174
5.90003
3.42557
3.286
1.95519
1.73718
3.55689
2.53506
3.38411
3.38731
3.5272
2.6709
3.40408
0.75137
1.64247
0.923684
3.29299
3.30775
5.62721
0.875923
3.35972
0.917695
2.38759
1.03069
1.2038
1.02302
6.04948
4.72303
3.40424
0.824364
6.24013
5.81888
2.99187
3.14585
3.13236
3.36512
4.82539
1.15438
3.11295
3.67064
3.9792
5.98404
3.36529
3.4803
2.8804
1.36377
4.57744
3.29971
3.28291
5.01092
1.49101
0.485545
3.83779
3.40849
6.00963
3.26037
3.85359
3.2176
5.76288
2.85728
2.3037
6.02883
3.0383
3.37211
1.1899
3.73978
3.55839
3.81081
3.71081
3.35293
3.578
6.50594
3.2305
2.08194
3.77025
2.65362
2.46655
0.964971
3.84081
0.709052
3.84746
2.65602
2.23644
3.10326
2.58988
0.771868
3.69956
1.36283
5.96568
0.924216
3.24566
2.90837
6.73954
3.45984
1.81608
3.40472
3.82947
3.31225
2.64053
4.87727
0.351088
3.81701
6.72795
5.51707
3.09139
3.65932
3.63809
3.87948
3.24623
1.82502
1.94724
3.40248
0.78972
3.94824
1.10573
3.94147
1.27153
3.40479
0.968899
3.34379
3.6431
3.34422
3.56337
7.07828
3.35468
7.18101
0.942966
3.36771
1.25087
3.3254
5.89515
3.43495
1.01926
3.74789
3.42918
3.64534
0.802762
3.73046
3.65432
3.38764
1.31376
3.38048
3.7613
3.32576
2.63228
0.894548
3.836
1.44002
1.07232
1.236
3.37077
3.49025
1.90672
3.37782
2.72289
3.46377
3.60776
3.48417
3.78729
2.53312
2.81809
2.0625
3.10216
3.45427
3.77268
3.27412
5.59468
3.41286
1.25922
3.41986
1.87849
3.61511
3.54103
3.97677
2.78232
3.55575
3.21196
3.27715
2.5649
3.16579
3.3949
4.18529
1.03457
3.94187
3.38011
1.72571
2.72229
7.04299
3.31528
2.59098
3.11863
3.39739
3.40227
3.80423
3.38234
3.20229
3.93159
4.19642
3.42592
3.59808
3.42436
7.50765
3.35656
3.00938
3.42041
3.34533
3.42938
6.01619
3.23757
6.75235
1.2721
2.6576
3.17416
4.14825
3.09162
3.78546
3.53812
3.25255
1.95694
1.88969
3.461
6.07625
0.899409
0.763982
2.08807
7.34678
0.777911
3.39993
4.08847
3.42097
3.58137
3.38764
4.86946
3.39254
3.44369
3.03709
2.03157
3.22023
3.47374
3.53464
5.68422
3.20499
3.28911
1.48521
2.576
0.867433
3.35464
3.22058
3.3663
3.73411
1.46224
1.50092
5.83784
4.36991
5.7705
4.98684
6.39683
1.23434
0.908636
4.00375
3.09946
3.5362
3.4883
4.29502
3.03366
3.42095
3.53092
1.21929
5.28076
3.39196
3.75718
1.04805
3.32216
6.34163
5.516
3.21868
2.09903
3.8599
3.36769
1.04283
3.56758
3.39871
3.51491
3.23665
3.83106
3.66942
0.956666
3.30402
3.40956
3.44155
3.28068
3.50388
0.858066
1.06046
1.13518
3.37649
3.20143
3.83761
3.79031
0.663315
3.8737
3.35815
4.35447
3.38484
2.30987
1.71236
0.786558
3.48991
2.14968
0.809497
3.24106
3.39017
3.39637
1.00531
3.18816
2.8702
1.16663
5.9689
3.60818
3.16555
1.63887
3.2227
3.72797
3.83995
3.38289
3.36634
3.05988
3.40228
3.36778
3.22589
1.92753
3.58766
3.78374
3.86741
3.19565
4.01191
1.62192
6.54603
3.20768
5.46687
3.73959
3.71242
3.40632
1.21046
3.413
3.12149
3.33185
3.24142
3.38291
0.964639
3.23383
3.41876
5.66449
3.80655
3.26948
4.51973
1.95089
3.77475
3.06541
1.68678
1.26995
1.70987
3.30524
4.43109
3.80302
3.11401
3.3958
2.57219
7.12567
0.86134
3.183
3.37261
3.33899
3.89649
1.6042
3.54671
2.58939
3.45329
3.7834
2.05654
3.76255
6.38223
3.44111
3.38982
3.39117
6.76244
3.06484
0.978209
3.55356
3.35965
1.87368
2.89797
3.95758
1.655
1.0515
3.83894
2.78902
3.62835
3.27431
2.82806
2.87877
0.943851
3.12857
1.63284
3.79754
3.5397
3.04161
3.43165
0.900606
3.06121
1.82214
6.09594
3.60195
3.53811
2.72913
3.30269
1.91675
3.78711
1.94783
3.42398
3.40473
0.781512
2.73791
3.68667
1.81628
3.01334
2.40979
0.863972
3.83691
1.7502
3.26027
3.93598
1.91154
3.33294
6.56418
3.33948
1.69997
3.77851
6.41243
3.91525
2.06873
3.26454
1.17024
3.2002
5.96935
2.25999
3.74557
1.38646
3.2519
3.37912
3.14144
3.33022
6.55633
3.15521
3.49066
3.5252
0.991656
1.40008
3.4029
4.39307
3.66064
3.95248
5.25772
1.40483
3.91877
1.65408
3.14862
2.70772
3.36787
3.26605
1.02396
1.03911
3.53598
3.81056
0.952663
3.97337
3.65788
3.76401
3.15558
3.55002
3.44405
7.94685
2.80643
3.52004
7.98416
4.22407
4.06988
3.07275
3.81222
3.73128
3.83912
5.60014
3.73441
7.63315
7.65707
3.78875
5.42079
3.6358
3.52911
1.67152
5.53186
6.73745
1.73299
3.82781
5.85595
3.3813
3.69912
3.63781
3.63418
2.15039
1.77326
0.940178
6.28942
2.87283
3.36424
3.38267
3.66848
3.80636
3.77089
3.55203
3.45816
3.36007
5.17752
0.987936
3.28084
3.46103
3.2094
2.49289
3.22976
3.71287
0.846712
2.86349
2.60535
1.27111
3.28225
0.655367
7.7539
3.34203
3.38633
1.69565
3.68901
3.84083
3.40949
3.70995
2.93167
3.63082
3.59711
3.28558
0.941969
3.48417
3.56805
0.646281
7.56271
6.09239
3.37397
3.2499
3.55279
3.34885
2.8166
1.23981
1.24563
3.32508
3.65904
5.38554
3.18549
3.55888
2.95877
3.38073
7.62162
6.83186
6.06679
6.93862
0.97351
2.88348
0.839145
3.32547
5.32824
0.681844
3.10008
1.43924
3.45426
3.71879
3.35625
2.30246
1.80653
3.36511
3.59828
0.778881
3.41299
0.767134
2.79026
3.62605
3.42512
3.37957
3.58204
1.49256
3.9455
6.03567
3.13911
3.97704
3.66173
1.07015
0.660053
3.06559
2.00189
0.379749
3.65925
2.53751
0.783781
3.91563
7.38653
3.24632
1.84467
6.00327
3.02637
6.54619
0.900463
3.97159
3.36798
0.970545
3.64973
2.7868
3.55348
3.83253
3.33978
1.80478
1.91561
3.48456
3.63939
3.60586
1.96039
0.73118
3.61372
1.2313
6.94067
3.32047
3.34489
2.06917
0.999791
6.68747
3.50257
1.93141
3.24097
5.5842
2.99668
3.77379
3.3413
1.1514
2.07121
3.39479
0.895732
3.42046
3.59774
3.71952
3.48322
1.71143
3.78391
3.34578
3.34694
3.43237
1.52122
3.55164
3.78939
1.06024
2.68283
5.58599
3.60533
2.48307
3.27433
3.10158
3.39299
3.63066
3.76904
7.01093
1.36822
1.74388
2.91163
3.39225
6.91642
2.8226
3.82837
3.76397
3.56232
3.97169
1.98216
3.39568
1.05831
1.70314
3.3965
3.85933
3.97907
2.16039
3.50678
6.61865
0.959946
5.619
5.83701
3.76803
0.816268
3.63395
0.91227
3.17742
3.41086
3.42131
3.80354
5.60747
3.2595
0.616053
3.76719
7.10801
3.41516
3.35339
0.747975
4.13827
4.55938
3.37749
3.30272
3.94516
4.0125
1.40912
3.02116
3.82522
4.05968
1.36634
1.32329
3.31959
3.47549
3.16763
3.94997
3.36285
3.19127
4.86859
3.18746
0.878109
3.38399
3.58931
3.78559
3.07721
3.41266
1.70315
3.68956
0.847289
1.47649
1.35575
3.69687
1.26772
1.61192
3.335
3.38304
1.41619
6.41339
1.86914
3.37002
3.64612
0.856207
3.12145
5.97975
3.42986
2.71832
3.5699
3.63084
6.36684
3.38446
3.51523
3.25108
3.4264
2.11063
3.06836
3.20694
4.37514
1.71459
6.60431
4.33686
6.06814
3.79962
3.44676
3.78154
3.42821
5.10102
0.631103
5.43589
0.923516
3.37095
3.12687
3.25115
3.19626
3.40002
4.01434
1.1134
6.16696
3.09693
3.33693
0.767127
5.70895
1.15541
3.39862
0.743424
1.15392
3.16221
3.37133
3.76571
3.84682
3.4644
5.99259
3.3479
2.78735
5.93062
3.69283
3.37259
3.42241
3.31807
6.80699
1.04258
1.42965
4.86993
3.38709
3.48136
3.22709
1.89746
3.35096
5.02442
2.98165
3.58754
1.34454
2.51975
1.40831
7.31341
3.64575
3.82437
3.60006
5.85996
3.54877
3.18081
0.851131
1.14857
2.73074
4.82225
3.69672
3.62788
3.40964
4.36682
3.80382
0.948002
3.54606
1.93367
1.69012
3.19522
6.48843
6.82537
4.21733
3.61159
2.99008
3.36629
1.01918
3.42092
3.20976
2.96479
5.0298
1.8317
2.22083
4.15636
3.42202
3.35213
7.28535
3.16119
2.63583
4.03431
3.44052
1.33148
5.82705
5.29786
3.79603
3.84056
2.66982
2.74619
2.98086
2.40133
2.2816
0.852762
2.67281
4.26439
3.70218
3.82625
2.60813
3.70408
6.86139
3.39139
3.38436
2.37259
1.6755
1.39571
5.56621
3.09735
0.875136
5.96076
2.04515
6.03805
0.889549
2.92785
3.37702
3.86582
3.41098
1.19902
3.3931
2.84017
2.83693
1.6219
3.35686
5.83317
3.47095
2.4222
3.43883
3.42769
3.97318
3.58631
6.38552
0.837465
3.4201
1.31146
5.98222
5.5802
3.74023
1.10428
2.7573
0.919052
3.49074
3.69483
3.39667
3.45567
4.96397
7.06933
1.21144
7.83907
2.43752
2.67366
0.812356
5.43231
4.80517
4.06093
3.23992
2.26698
2.3823
3.72247
3.34095
3.46822
0.961603
6.18986
4.04346
5.40245
0.796908
3.73438
3.40543
3.31672
0.683522
3.41733
3.3276
3.41139
3.3772
6.33898
5.41489
3.41898
3.66568
3.40034
5.68041
0.826774
0.929448
3.3992
3.54533
5.1596
3.35517
3.59211
2.8694
3.61363
0.786587
3.29675
0.920943
7.18931
1.34106
3.12761
3.73446
2.06335
3.90768
3.77814
2.81728
1.1286
3.36752
4.7231
3.39438
0.811631
1.32417
3.54197
1.90717
1.09633
3.07012
6.49467
3.16423
0.857733
2.70438
3.38325
3.80596
3.21317
3.35673
0.748829
1.22285
1.36327
3.82738
1.61474
1.38263
3.74689
3.39615
2.97558
3.59773
0.679178
3.9622
5.58009
3.31264
5.07837
1.33673
3.17654
4.26116
3.29489
3.63158
7.20586
6.58343
1.0657
2.74194
4.93505
2.55082
4.67777
3.69589
0.853439
3.61927
3.4698
4.10705
2.74898
3.87206
2.14501
3.50255
6.95739
4.32025
3.43878
0.726218
3.39037
3.71501
1.66947
3.43405
4.17364
3.98448
6.3884
1.8235
0.756537
3.68744
3.42994
3.49051
3.63952
1.29506
0.901817
1.4191
5.40491
5.46202
5.93044
3.29464
3.36629
3.11849
1.07708
3.37801
3.43615
1.21325
1.23763
0.903165
2.0976
3.42406
2.21943
1.29762
3.60854
0.826213
0.880487
4.17724
4.41711
3.37823
3.45987
3.24754
3.41167
3.4902
3.38567
3.4158
2.8709
0.497305
3.84273
2.93727
3.97053
0.893197
3.49078
1.84729
3.82482
3.32107
3.58364
5.55557
3.71585
4.03922
3.34528
1.81712
1.67721
3.53077
2.75655
3.78636
0.916754
3.81001
3.40542
3.21772
4.09963
0.458294
0.930919
5.20854
3.23055
2.93309
4.07949
3.17159
3.48739
2.94511
3.26791
4.0494
5.33282
1.43339
0.754763
0.563713
2.66963
5.36153
3.3598
3.66261
1.13937
1.10965
3.35928
2.07925
4.77186
3.37731
7.04388
0.803099
3.41815
1.0791
7.04987
1.69994
2.87565
4.74254
3.35056
3.40361
3.65935
3.4999
4.35122
0.817033
3.343
3.40547
5.33873
4.89881
2.97175
4.75778
6.84526
4.99089
5.17447
0.806014
3.22696
3.24084
4.19867
4.57764
0.848683
3.4966
4.95634
0.844107
3.44241
0.887854
3.45168
3.04434
1.2327
3.03928
1.78332
0.887242
1.75292
4.05747
1.76174
3.27783
3.35968
3.35346
0.772944
6.23823
3.40638
5.62323
1.50807
3.3512
3.35374
5.4723
1.43335
5.85293
3.81847
1.28827
3.00565
3.54644
2.42145
3.55135
3.91836
1.70025
3.35767
3.08203
2.9032
3.24022
3.31454
1.42966
0.721428
5.39181
0.712224
3.32521
2.69485
3.52464
4.06976
3.36602
3.38774
5.89452
3.32236
4.7713
1.05159
3.51814
3.19287
5.8368
3.2769
2.79022
1.10399
3.51797
4.88295
2.68162
1.32096
3.51503
3.40259
0.634182
2.11023
1.51599
3.38442
2.26126
3.41502
3.02091
3.43724
1.88887
2.8032
3.33543
4.20966
3.61426
5.01911
3.43109
6.52887
5.27444
2.84821
3.2602
3.48005
2.68491
3.47465
1.73256
3.8958
0.700372
3.63737
1.03315
3.42575
1.2173
4.76832
3.65854
3.03726
4.2047
4.01531
3.73807
3.39418
3.66616
0.840162
6.04385
3.61941
3.7398
7.67519
7.61531
3.51283
6.40579
3.93505
0.801984
0.964979
3.9066
2.56173
5.42268
3.56683
5.87966
3.98098
0.868801
3.269
3.35451
1.24328
4.84549
6.36359
6.20268
3.70138
4.5854
7.72912
0.804508
1.93065
3.60421
3.78029
7.15644
1.66835
3.34897
1.28441
3.53984
3.36575
0.718504
0.77341
3.17619
3.4303
3.67381
1.71603
3.3604
0.950281
3.81606
3.19913
2.89045
3.15163
4.41059
4.23561
5.38418
0.803229
3.7322
2.86308
3.40442
6.71261
3.04068
6.21129
1.27287
3.42779
3.36774
3.4131
3.41112
1.92474
3.49701
1.93016
3.41417
1.06565
1.23934
0.808643
3.38607
2.87101
3.18846
2.90437
3.75174
3.3801
4.57014
3.75948
3.0276
3.93067
3.38262
3.70544
3.40382
3.47008
3.29543
5.21161
3.36706
3.16823
3.37058
1.92601
1.52185
2.87066
2.13676
2.62075
2.98875
0.718507
2.13837
4.94946
3.4121
3.24638
1.88357
3.36971
6.74636
3.34283
3.70965
3.37077
3.40299
6.1704
7.4875
4.6626
3.64623
5.48148
2.75036
6.33711
3.47754
4.2131
3.17331
1.94383
3.35385
2.83743
1.86577
0.925385
2.67171
4.98605
0.831909
0.72214
0.895057
1.20262
2.93297
3.89092
3.63286
3.4542
3.74458
4.66802
2.98219
2.12696
2.92087
3.49117
3.66847
3.52118
3.37308
2.44265
6.40986
2.57993
3.86841
0.745848
4.22791
4.23384
3.04904
1.59773
3.3252
3.38568
4.98823
2.95215
3.13362
3.213
1.30108
3.84528
0.750342
1.04172
3.88274
5.37922
3.37933
4.86055
3.48754
3.50244
5.86457
7.01037
3.41732
6.32753
2.87279
1.77608
2.56651
5.50478
0.704874
5.92029
3.81383
3.7763
0.835985
3.69969
2.53261
3.33415
1.35907
3.19509
4.57733
3.3671
6.31553
3.33724
3.94204
3.25036
4.37956
3.20777
0.934742
5.31764
3.72527
3.04897
3.62636
2.3942
3.59578
5.78677
5.35398
0.748726
3.53149
1.06598
3.97692
6.52696
3.57628
1.74018
0.881828
1.81641
3.01902
0.707822
3.32213
0.744752
3.69583
3.31861
0.801969
3.69
3.42714
3.3714
3.54224
1.0428
2.09752
1.65727
3.19511
2.96639
3.74307
3.98853
3.95545
1.07693
5.66166
3.73358
2.13249
3.78645
1.20896
3.90071
3.30714
6.36302
3.39506
3.47808
3.0769
0.810493
3.77754
2.4776
1.59864
0.802446
3.95188
0.671874
3.82149
3.24273
2.38636
2.93332
4.38749
3.89616
1.53771
3.69057
3.39938
2.93161
3.92572
3.42053
4.06445
2.20662
3.0253
0.950199
1.69707
3.90492
4.36719
3.10751
3.81647
4.04265
3.34552
6.6734
3.93254
2.22743
6.59889
1.36239
3.91344
3.42275
4.80216
0.795569
0.836099
2.69284
2.10108
3.35181
3.85536
0.765035
5.36031
5.45444
3.44299
3.39363
1.04477
5.78903
3.98065
4.62629
5.2231
2.93936
3.43898
5.77966
3.81264
0.901315
2.79638
3.40256
7.36905
0.607216
6.45705
3.11561
3.61671
5.40679
5.45264
1.22991
1.09946
3.79984
3.50378
1.70244
6.63448
5.13777
3.77893
3.03966
7.61132
6.16043
3.50026
2.73799
2.91878
1.20354
3.79766
1.54117
3.23529
3.89716
0.715765
7.11667
5.8059
3.49721
0.753656
3.88051
3.50689
3.63514
3.51394
5.35756
5.52858
6.13898
1.18042
1.62251
5.61963
3.91474
4.80745
2.10889
4.66696
3.48507
0.871452
1.88013
1.23092
3.67333
2.15407
1.22674
1.93632
3.45923
6.89389
3.38278
1.8585
3.42169
3.62318
3.75381
3.38494
5.3982
3.30479
3.25637
3.39558
0.852741
1.11147
3.33803
0.911588
3.3956
3.35845
0.599363
5.4424
4.89791
3.43056
6.67249
0.901573
3.32498
1.76821
0.362038
3.93094
1.8721
0.89335
0.77029
2.96714
2.68748
1.15491
5.81172
0.785419
3.09078
4.4569
2.77157
4.7076
7.28679
3.40278
5.92212
3.55749
5.5057
1.89573
5.51801
3.7652
3.30049
3.75272
0.993032
3.88962
3.52754
1.41925
1.63761
3.26953
3.39083
3.3221
3.14386
2.66005
5.15166
2.09245
0.11884
0.882132
5.7996
3.07496
4.84046
3.04858
2.7937
2.15368
4.07944
7.07321
0.365899
0.714925
0.75023
0.992657
3.77141
4.92963
6.77954
2.98969
4.00193
6.17356
3.7588
3.31206
2.82244
3.46123
4.37803
2.76702
4.96135
2.79543
4.0284
3.40732
6.73829
1.42496
5.71926
3.73945
2.44346
1.26436
3.47831
3.04341
0.807557
7.27715
3.03872
3.49513
1.18067
1.79769
1.92442
6.30509
3.27337
3.42933
6.5038
3.42868
3.69601
4.48884
6.30104
3.28166
4.91197
7.47106
3.25873
1.02114
3.81969
7.37122
3.88358
5.04003
0.938346
0.814206
0.926607
5.2751
0.832905
3.35755
3.78518
0.75279
0.38449
3.80153
1.42024
3.83165
3.36145
1.82256
3.42124
4.05307
3.70151
3.79352
3.34176
1.63231
3.47708
1.11466
2.99214
6.76921
3.35305
0.957433
3.41355
1.38514
0.95496
3.43403
7.05155
5.27914
0.929357
3.39046
3.20731
3.34268
3.52411
1.45559
3.76902
3.42373
3.37855
3.39412
0.791936
1.16722
3.97693
0.733568
4.44137
3.08697
4.03558
3.77644
2.82693
0.713036
5.06577
3.95221
0.867217
1.41251
5.68941
3.35506
3.72105
3.38449
4.46862
3.75138
2.10327
3.98441
4.14476
3.19367
2.85643
3.40992
3.66665
5.95321
2.83424
3.41778
3.33745
6.3094
2.08705
5.21254
5.39356
0.653218
2.72739
3.76695
2.4286
5.92508
3.34585
3.06847
3.37058
3.14013
4.43953
2.90288
3.22937
3.44746
2.88839
4.189
5.21061
0.380182
4.3484
3.23047
4.0347
0.742216
3.66889
3.43969
0.713249
4.70731
3.71801
1.39084
0.680174
5.29909
5.92156
3.48053
4.50856
3.6421
3.4467
3.45014
3.70941
3.34892
3.78547
3.19788
1.13393
1.56263
7.27326
3.09399
3.96811
2.93652
1.53088
0.815442
3.35396
3.09973
3.28928
3.93665
2.82105
1.39593
3.40567
5.50116
1.04199
3.36399
3.2895
6.1773
3.09011
5.77487
2.23175
6.1273
1.06301
3.74397
3.55901
3.79713
6.53284
3.94832
3.29682
5.39582
3.12748
4.42627
3.7693
6.56534
5.72081
3.35516
3.47192
3.74164
1.95272
3.31705
3.32305
1.79756
4.5127
1.05422
3.2515
2.89319
1.87086
3.36112
3.34944
3.569
3.65478
2.99232
3.70757
1.78104
5.82079
0.903506
3.71434
3.41525
1.84947
6.50092
4.91157
1.82608
3.69782
3.01963
1.61566
4.683
2.86376
5.6693
3.56992
1.64597
3.40669
4.56096
6.71344
3.4843
0.922702
2.45071
3.23487
3.6794
3.41335
0.894316
3.31911
3.72984
4.14902
3.93694
0.90993
0.963555
3.32846
4.91785
4.07766
3.4211
3.35186
3.3384
4.39081
3.40222
3.78428
3.75768
4.92463
4.93365
2.93459
0.899067
3.71358
0.718119
6.3692
2.11963
1.77332
3.40843
5.81358
6.94884
1.637
3.39205
0.890216
6.55532
3.36089
3.25245
5.02419
1.02129
7.0649
3.55846
3.26499
3.38438
3.36318
5.8047
3.10503
3.67074
3.38755
4.03135
0.827679
2.70541
3.94844
2.26937
2.56621
0.894165
3.36425
0.958436
4.05177
5.89983
3.35307
4.82241
4.78865
3.36293
3.80684
7.4443
1.81102
3.49188
3.64374
3.37374
5.4693
3.77346
5.26576
2.34922
1.27831
3.43348
1.09857
3.3877
4.9234
4.11339
5.43035
2.87533
3.49596
2.6968
3.88909
2.73505
3.71018
1.20586
0.792878
0.508493
6.5854
3.12803
3.2692
3.44433
1.73262
3.30335
3.51539
3.14377
4.79142
3.36443
1.22038
3.78435
3.15231
5.56991
4.25135
3.29694
3.87285
3.31725
1.12802
1.41483
1.39933
4.08824
4.31975
1.39933
2.95003
2.94476
6.01069
0.697891
5.17494
3.63403
3.81534
3.73576
0.885008
3.84805
0.903132
4.26989
3.95392
2.84695
2.93708
4.96438
3.30371
5.39093
2.79665
3.06097
5.90188
2.90036
1.87991
4.42817
0.903375
1.03579
2.7918
3.41625
0.894183
3.3879
3.27561
0.93159
4.0511
2.55755
3.29387
3.61396
0.849941
3.44347
1.92245
3.38837
3.30014
3.44952
1.0844
3.46844
6.26668
0.999435
3.23159
2.71861
4.59296
2.09221
6.04777
2.82301
1.28212
5.45257
4.0488
3.42677
4.13668
2.23149
5.35727
1.43038
2.76477
1.52472
3.38768
4.90068
1.25368
1.02657
0.894813
2.89968
0.161523
0.153923
0.829741
3.75412
4.18247
3.42724
1.8992
3.40764
1.66616
2.08203
5.98821
2.74946
3.74778
3.27988
3.76837
3.64656
6.32174
2.65569
4.61149
3.86008
1.38532
0.708677
2.74462
4.45863
3.40537
2.75559
3.12631
0.906414
3.01776
3.60503
4.51664
6.80315
1.80759
4.14288
0.897483
3.44908
4.36015
0.724441
4.62192
1.21247
3.01567
1.34981
3.58998
0.886248
0.943906
1.53196
0.826141
3.35276
3.07728
5.91845
2.47915
7.42584
4.7813
1.64311
3.44608
6.43166
0.759621
3.65219
3.39932
3.45788
0.342034
2.13798
0.726476
3.92267
1.58442
3.62396
3.37552
3.67675
3.39174
1.02524
3.34593
0.794143
3.39644
5.75643
3.36911
5.10105
3.77277
2.63429
5.43246
4.19251
3.06857
1.00171
3.28435
3.70862
1.31081
7.28434
3.64499
1.33358
6.18736
3.46382
6.03952
2.25243
4.7719
4.21388
7.29538
1.80393
3.45415
3.34929
4.60756
6.4372
3.58862
4.28448
1.33945
2.75043
3.3909
3.387
4.18881
3.26658
6.36862
4.16194
3.38291
3.62515
3.76846
5.70124
2.81909
3.93722
2.28752
3.34911
0.910797
3.35075
3.63479
3.41294
6.49752
3.48147
6.23271
3.36474
4.26907
3.40903
0.778688
0.895775
3.69184
3.52024
1.50962
5.02315
3.36683
2.08033
2.78539
3.67497
3.3247
4.97381
0.0551128
3.09819
3.65082
4.98493
2.55047
4.09624
2.31305
4.64743
0.758928
1.79046
1.01217
3.31373
2.76629
1.0616
4.15992
3.30361
5.0121
3.71251
3.54081
1.90304
1.22552
5.08619
3.07651
0.900813
3.08275
1.04933
4.06904
3.39264
5.14463
0.792601
2.47131
3.42307
4.34107
0.636228
3.34352
2.89593
3.33194
1.33855
5.33844
4.25579
3.38877
4.47824
3.34718
3.68247
6.12602
3.3181
1.03692
1.62709
0.777738
4.19631
3.75649
6.51821
3.41516
3.89116
3.82848
2.31546
2.85955
5.34222
5.42236
3.79126
3.37681
3.35154
0.785352
3.24086
3.34808
3.38116
0.726932
4.73548
4.36268
3.79867
1.45034
3.39968
2.65549
3.52218
3.78584
5.4297
1.86736
3.22037
3.36574
4.44946
1.4689
2.8684
4.99817
3.42055
1.04693
3.7718
7.7004
3.54993
3.41892
0.879717
6.71305
4.89056
3.45127
3.77697
3.10912
0.529311
5.73752
0.733003
1.29527
3.31929
4.03818
6.77182
3.46448
1.05862
3.38195
6.79925
1.07279
3.40385
2.88821
3.37086
1.4823
2.55682
0.727274
2.07003
1.06789
2.89475
3.43238
3.52065
3.73584
4.03358
3.4143
3.40996
3.68995
4.67218
3.76433
4.19847
2.04065
6.26785
1.45388
3.21785
3.85847
5.39896
3.78298
3.45925
3.0425
0.987303
0.736768
3.3746
7.33754
3.65922
4.53747
3.94383
1.05253
2.72423
3.22516
1.4237
0.932956
1.78309
3.40249
3.04936
3.34862
2.85743
3.35446
3.64576
3.74402
0.745525
3.16414
0.98067
4.21394
7.10315
3.36964
5.43058
1.14191
3.37641
2.86341
3.30526
2.73577
3.35232
3.41372
3.43242
3.55581
1.52298
3.40252
7.30907
3.86286
3.2574
3.81458
3.43362
0.759316
3.80514
3.79279
2.92941
5.30066
3.12949
0.583643
4.03075
3.58505
3.24955
0.758451
6.79941
2.69811
1.0037
3.19972
3.37121
3.3501
4.47372
3.07898
3.36396
1.10077
3.76026
3.41745
3.21802
1.00579
2.76527
0.487625
2.50744
7.0972
7.33374
0.992558
3.33527
1.9282
3.42682
1.03903
2.71869
3.70563
2.07083
3.12006
0.768923
3.64857
3.69817
6.72384
2.111
0.413728
3.7866
3.72472
7.29063
1.9498
3.11644
3.75474
2.80411
1.87524
7.27569
1.80672
3.9478
3.89798
5.29123
2.98831
6.46329
1.67472
3.37974
3.81912
1.1022
3.46775
6.44261
0.76242
0.748082
3.34661
2.83552
0.691302
5.34348
3.78181
5.7965
3.39551
1.7116
1.32418
3.57405
3.56421
3.19749
3.40477
0.857092
3.2826
5.09718
1.34222
0.689286
5.05549
1.55807
1.78938
3.40981
3.11718
2.93496
3.49583
2.7829
1.65883
3.40176
3.3178
3.88763
3.26323
4.46066
3.4109
1.11471
4.32005
0.946288
2.09505
3.14304
4.94611
3.23569
3.23481
7.37145
3.47788
3.35047
3.63479
0.887667
2.58375
3.35895
5.91509
0.426048
5.75662
3.1987
3.18431
2.89914
0.769912
3.29431
5.3374
1.45506
3.18359
3.7487
3.71802
1.85865
3.10489
6.2936
3.31637
3.36123
2.07658
2.88701
3.45485
0.896846
3.3741
3.35689
3.3942
3.08749
2.92097
2.68769
5.23481
3.41076
6.21223
0.75909
3.38386
4.34603
4.17971
5.81611
3.02675
3.95851
3.07542
3.68809
0.745222
1.17977
0.884918
3.75535
5.83926
3.95664
3.36006
5.39085
3.7955
2.88671
4.08795
2.61844
1.92591
1.75804
3.35531
2.30407
3.769
1.7179
6.50189
5.01446
3.15249
0.720828
0.817812
3.41507
3.29316
3.50936
3.40895
5.06211
3.41013
0.711019
2.81914
0.74625
7.3393
6.01732
6.8305
6.96462
3.37365
1.75277
3.34575
3.31459
2.97978
3.15662
0.91434
3.11816
4.46779
1.71981
3.79465
2.04353
1.21477
2.71479
0.732511
2.87998
6.41305
3.45023
6.47809
3.34872
3.68053
3.80857
5.62767
0.968316
5.64803
4.20206
3.373
3.36633
6.94869
3.51101
3.46539
3.39844
3.84293
3.40657
3.20749
2.8359
3.4209
7.48842
3.51772
2.10539
2.85789
5.77065
3.58775
0.602712
7.26356
5.72032
1.04291
4.70325
3.23105
3.2652
3.65511
2.87588
5.13971
3.6482
3.37739
3.73075
0.756239
0.701272
3.62622
3.0432
0.92039
4.20782
3.27452
0.881911
5.69064
3.34673
2.62307
0.725849
3.81922
2.0342
2.04756
3.43358
1.95766
5.59728
3.18756
1.52754
3.80076
3.66921
3.93309
3.1227
3.50294
0.502029
4.21826
3.37261
3.76372
2.53656
3.2924
2.71278
5.85719
0.989946
5.17897
3.39768
3.5566
4.22825
3.74923
3.43491
3.4105
3.4344
3.09507
1.51034
2.36095
6.09573
3.83403
6.14826
0.871427
1.3787
3.16538
3.09132
3.65202
3.72186
3.83384
3.77126
3.30534
4.70584
0.825545
3.31261
3.41318
3.27362
6.00769
0.925845
4.8595
2.8944
1.59852
2.69559
3.34948
1.09615
3.00068
3.27597
3.38113
2.77957
1.24054
3.27232
2.96412
3.18928
6.31453
3.34843
3.34964
4.85441
6.53624
3.38598
3.45719
1.81011
3.01591
2.77429
1.36048
2.90988
2.40184
3.46261
3.08222
1.88796
3.36748
0.74942
3.29092
2.80176
3.27855
0.752586
3.19015
3.14507
3.18987
5.46516
0.722709
0.455604
5.87252
3.05353
3.7871
1.77135
6.90714
3.00815
6.11371
6.17161
0.757001
1.70643
0.0211848
1.01815
3.39493
0.654583
2.59117
3.0687
3.3903
2.82195
3.61971
1.30554
3.22317
2.59444
2.96393
3.23047
2.89273
5.7739
3.55828
4.87856
1.69296
3.81851
3.31115
3.3544
3.38956
2.74128
3.35842
3.41357
0.761527
1.63316
1.51942
3.49153
5.14653
2.60699
1.0099
3.29416
0.859973
3.77019
4.64093
3.41546
0.677355
2.32996
6.29455
3.63184
3.15251
2.94757
4.34502
7.68946
0.627802
3.41002
5.53304
3.09715
3.43429
6.56624
3.51185
3.27416
0.800776
2.08769
2.58873
0.916314
1.6838
3.42915
1.69152
3.3455
3.78341
3.46777
3.34322
3.39809
5.46551
1.70823
3.11683
3.50261
3.36348
3.53234
7.24599
3.36738
1.44949
4.44067
3.74095
3.117
2.85567
6.35797
3.40401
5.94102
4.17255
0.685683
0.6806
3.40626
3.3824
2.40165
3.98059
3.45429
7.55994
3.39576
3.25719
3.41605
2.47135
1.95205
3.41645
0.972224
0.905875
3.41054
3.34674
2.82078
6.72196
1.52387
3.24794
0.829119
7.12256
0.849544
4.3003
2.66086
3.29631
6.47659
1.93058
6.88731
3.11438
6.78311
3.90549
7.53798
5.34571
3.39605
0.894064
4.24728
4.443
3.33536
3.63502
5.56558
0.87545
3.48642
6.96046
5.49954
3.47865
2.74704
3.77929
0.491049
0.915553
2.80059
3.47232
4.79592
3.07545
1.07775
0.704251
0.678143
2.681
0.922493
3.74749
1.03983
0.929731
7.87941
3.32654
3.33318
1.5116
3.79461
4.57386
2.87508
1.2003
3.31936
1.06461
4.67172
3.15819
3.55313
2.75711
0.874257
0.808973
1.38885
6.38565
1.2496
5.26536
0.905295
2.98892
2.12111
3.40142
3.44098
3.32068
3.89227
2.80969
3.71375
2.70993
3.23443
3.78418
0.739915
1.52081
0.837062
3.68109
2.58958
2.09961
3.90945
4.1756
7.27849
1.4155
3.49683
2.62892
1.78301
2.77032
7.29675
0.956557
3.79721
3.33053
1.39703
3.37497
3.41245
3.5956
2.55446
3.80141
3.49728
3.1586
3.06616
4.63706
3.63086
3.40328
1.69594
3.43108
3.30391
3.62279
0.641315
2.09597
3.15223
3.29544
1.53968
1.51507
4.52648
3.3509
6.31521
1.20432
1.49681
3.22939
3.84646
6.35335
0.85563
5.98139
1.01353
3.49583
1.71388
2.8215
3.26289
3.57546
2.70931
3.59241
3.43161
3.31072
3.7172
3.89425
6.51572
3.37695
3.29671
3.62313
1.76297
3.30837
7.69542
6.53546
3.07137
1.68164
2.48979
7.63965
1.26681
3.81453
1.82999
1.76841
3.24975
2.92098
1.02207
0.929283
2.39772
1.78174
3.1868
3.38104
0.89916
3.3373
3.32701
6.37372
5.9012
2.43733
2.7753
3.19783
2.9055
3.39474
3.38076
1.56224
3.56647
2.77166
3.33072
4.49911
2.0718
4.25074
3.0677
1.03149
7.40738
0.803689
3.20255
3.343
3.46014
3.29742
3.60111
1.80481
3.47292
3.84896
3.41008
0.979494
0.719001
3.34804
3.81201
5.85192
0.978925
7.0146
1.75163
2.88967
5.70833
3.48756
5.10224
3.19625
2.83137
1.87875
0.527873
3.48582
3.28522
3.8137
1.45281
5.51769
0.844851
3.73055
3.6177
3.43257
3.88332
2.90885
3.79818
5.43278
3.78845
1.65714
0.668005
3.71325
3.7872
2.33896
0.359492
2.91498
2.86778
2.84386
0.689577
1.30132
1.2252
5.07531
3.98004
0.890427
3.62219
3.40978
0.795523
3.48134
3.77405
0.997957
0.76528
3.33683
6.11016
3.80969
0.888936
4.97445
0.288324
2.09157
6.7217
3.36427
3.3591
3.83702
2.36504
1.38225
2.86942
3.3506
3.06317
3.64593
3.53704
3.76181
4.88524
3.28826
1.82362
3.7937
5.87141
3.42056
1.43389
7.52957
0.683819
3.10538
4.30442
3.34282
3.40217
1.42384
3.13762
6.55278
3.62831
1.5038
3.48381
5.43046
7.13901
0.922519
5.01885
3.74798
3.38972
2.94695
3.42138
0.158696
3.49107
3.6791
1.49246
7.5847
0.824784
0.640717
2.72478
2.72942
3.98479
3.4007
5.73141
3.10717
3.36735
1.7969
5.06027
3.15289
3.64602
6.60582
3.36804
6.08622
1.52961
3.51418
0.798999
5.46598
3.52845
5.68862
3.75911
4.2666
5.69672
5.46547
3.57575
0.797997
2.37733
3.66067
2.85008
0.825474
3.93375
3.21223
3.36642
1.38916
3.41128
3.59296
1.77387
1.06068
6.38828
6.01918
4.64846
0.731896
0.807808
0.940254
0.93351
2.99671
0.642707
7.42517
1.46946
3.18183
3.47833
3.45877
3.36374
1.37314
3.43994
3.90076
3.52474
3.49763
3.41994
5.02278
6.96169
7.60074
3.48009
3.34725
3.81941
5.90909
1.32057
3.31369
7.144
3.26807
1.80067
3.16034
3.77683
3.40026
2.62196
0.559872
0.88042
4.74762
3.7762
5.1679
7.38361
3.33481
0.773953
6.95593
3.15406
1.94198
3.1957
3.35161
3.39476
2.7012
1.67775
5.65108
1.86765
6.53726
3.76263
1.00491
3.30364
6.41252
3.34893
7.36766
3.24053
6.67643
3.89931
1.91631
2.06331
0.472965
0.934694
0.904996
1.60987
0.976532
3.96242
0.882505
0.727121
3.35027
0.166386
3.40601
1.3875
5.89532
3.81475
2.90491
3.09909
5.82409
3.71263
6.3378
4.0625
3.34882
3.43693
1.94504
3.05007
1.87848
1.94721
3.25476
3.38118
5.48624
2.75801
3.46637
3.29362
0.511286
3.64167
3.76687
0.911218
0.870826
3.63083
1.81135
1.00813
6.4095
1.68114
2.66356
3.26278
2.35528
3.30317
3.33299
3.42354
5.27351
3.45766
0.744785
3.81057
6.53744
1.61797
0.796549
1.38165
3.35661
1.1399
0.951904
3.05691
0.755095
1.00242
3.4765
3.30658
5.06502
3.80965
2.32983
0.84467
0.749336
2.61299
0.901521
5.46733
2.88926
3.36925
1.77037
1.95383
2.63692
2.91231
5.71551
3.33589
3.2997
6.29874
1.64112
1.65966
2.34588
6.31143
3.41838
3.45078
2.45218
6.32505
5.49752
3.3816
6.79029
2.95827
2.431
3.34654
5.00791
3.27073
3.36153
3.34705
3.39117
6.04684
1.61248
7.71428
7.54349
1.76645
3.07033
1.79412
2.08922
5.41649
0.992254
2.37273
2.6419
3.0023
3.29742
4.65743
3.2094
3.61953
2.93707
5.61654
3.24038
4.48608
5.14328
3.38774
0.553424
1.08086
3.39506
0.661801
2.98507
0.552803
5.7534
1.51314
2.98799
3.39499
3.90213
1.67047
7.42796
3.38052
6.37433
0.663918
4.45407
1.52908
5.77791
0.731494
3.07456
7.11266
3.3219
1.78086
1.69334
0.944436
5.7904
5.42404
3.42487
7.74516
0.85538
4.03539
3.29798
1.69633
4.12831
1.0426
2.44459
5.12785
0.921814
3.37089
3.44438
2.16199
5.7267
2.83124
3.3721
3.91557
4.07885
3.81138
0.896766
0.399088
2.65694
3.34161
1.01763
6.49979
5.75659
1.12738
0.815492
3.25331
0.97612
2.80076
1.30282
6.29259
0.909199
2.56143
2.81409
4.30169
4.7332
5.6606
3.37104
0.900364
4.03381
2.82008
5.74663
3.3741
3.3669
3.39298
3.3575
3.93582
3.22031
0.678086
3.38827
0.972461
3.14145
3.40937
3.805
0.772243
3.76108
3.80867
3.58625
3.38349
3.37328
3.00448
1.68207
3.68647
3.82916
3.39358
0.796591
3.23401
5.0935
5.82757
0.801179
3.39972
3.32796
5.5419
3.37588
1.94225
6.87144
0.601742
3.00186
7.91015
0.734947
3.41633
4.82244
5.65307
3.42435
3.83268
0.852707
1.55807
3.67395
6.10701
3.31106
1.27679
2.82543
1.0929
1.7048
1.79607
0.7957
7.02769
3.59273
2.10577
3.21791
2.81876
2.50968
1.76114
7.03344
3.35916
0.658574
3.39433
3.19924
0.74647
3.92343
3.39579
0.618522
4.58266
2.10374
3.59344
3.33374
3.49274
0.798805
6.74359
3.25632
0.718538
0.718961
2.50043
3.59625
3.44982
1.46967
2.6981
3.49956
2.42865
1.94329
5.37732
3.79184
1.70455
5.50175
1.04466
1.06565
3.78538
2.20402
2.69333
6.67824
5.24592
2.83442
0.979383
1.50454
0.746688
2.77967
0.489797
0.967157
3.775
2.34641
1.21591
3.07991
2.11435
5.08445
0.479077
3.39797
3.4112
3.4615
1.47848
2.87705
5.84098
4.28981
0.871118
0.858245
0.643484
3.50993
6.37357
3.36911
0.691942
0.81785
0.785946
2.55415
1.71355
6.1499
3.36148
1.88943
3.93677
3.93263
6.18612
3.69538
0.74166
0.749532
2.50913
3.4001
3.75668
3.5845
3.8691
3.62684
3.86713
3.40397
0.544067
1.72483
6.65154
0.900638
3.81062
0.577405
6.07223
3.66726
6.55609
3.41932
1.09985
0.883255
4.90916
0.903816
0.763773
1.3679
0.723753
6.07888
3.44781
1.58489
7.10797
1.12911
5.38696
4.4206
3.76042
3.63592
7.17244
4.27958
1.8749
1.48617
3.40138
1.71541
6.09613
7.12932
1.00401
0.746941
5.16911
7.26485
7.2577
2.7646
6.04882
3.53659
3.74804
0.879478
3.29278
3.9317
3.12401
3.02031
6.08779
2.78538
3.33257
3.39392
6.40085
2.43436
2.41116
4.01098
6.95704
0.92296
3.33966
1.79174
0.649467
1.60228
6.99245
7.42221
1.80118
1.10051
3.26025
1.90217
0.763886
1.91315
6.78484
3.30355
0.631578
1.68828
2.16323
1.98275
3.3679
3.90319
3.40557
0.676444
1.76614
2.51787
1.67744
3.50819
3.35419
0.788934
1.87198
0.39434
1.96134
3.37591
3.39439
6.11211
3.12769
3.31871
6.54776
3.87233
6.82046
3.1013
3.56618
3.16117
1.68474
3.51333
4.46975
1.94959
5.74102
3.63488
3.51754
2.84386
0.726901
3.3087
2.54811
6.69396
3.125
6.69058
3.29143
2.97904
2.83256
3.93837
3.63256
1.20869
2.75564
2.10372
3.35841
1.17825
0.874376
0.936244
3.34656
4.8181
3.80291
1.93198
3.76526
2.22213
3.57495
3.70631
2.09666
5.94901
6.43474
3.62181
4.03993
3.59475
6.58998
3.2065
1.30099
3.37496
3.38926
0.976049
3.61811
3.0563
5.14835
3.44221
7.67715
1.65325
3.1774
3.40678
6.46882
0.731496
3.01558
4.02801
1.03278
3.83778
3.39218
0.723258
4.02684
1.47931
2.74092
4.13626
1.78748
3.72082
4.24866
1.39085
0.869909
3.39169
0.920079
3.36684
2.84664
5.13813
5.69587
5.46945
3.40229
3.76494
6.08669
5.31806
2.11315
0.876803
0.928423
3.77839
2.25274
2.92258
1.95411
6.34484
1.05251
1.88435
0.873093
4.72573
1.39416
4.61379
3.4087
0.471774
4.3539
7.05126
2.16956
1.59427
3.20588
2.10837
3.36358
2.93644
6.45728
0.536795
3.35442
6.3427
3.81835
3.99433
3.55553
6.43343
2.66214
5.82977
3.36777
0.438077
7.50013
0.596652
3.35332
0.771587
2.12368
6.96077
3.4566
3.34951
3.34952
3.45631
0.716834
4.38201
2.35576
7.3369
7.41406
3.63953
0.877446
3.36579
0.783855
0.796525
3.10086
2.59485
2.58166
3.512
1.12289
3.79223
3.42644
0.15382
2.68138
4.43628
3.4665
3.0785
3.06897
1.1183
1.01417
2.9614
1.04509
1.60797
6.9689
2.65674
1.8899
3.18797
3.07741
2.69221
3.57832
2.8227
5.02417
0.956822
0.865573
5.70426
2.77094
3.40965
3.35912
5.86634
2.92215
1.33922
0.988901
1.76262
4.53913
4.13008
3.41618
0.656722
5.9039
3.29893
2.82549
1.55649
2.90638
6.06481
2.90437
3.63561
0.666543
3.57108
3.40904
1.16646
4.63028
6.51022
3.36454
3.67487
0.819885
3.05984
3.47983
6.59319
1.37172
0.976648
2.7513
5.56299
0.727127
3.57652
0.75223
2.58547
0.859203
2.96978
3.79029
0.777143
5.67494
3.30611
2.97257
3.43143
3.09396
3.30135
0.881539
1.01248
5.73407
1.07303
3.35631
6.52346
0.874436
1.46742
1.36636
3.95625
1.72447
3.38773
3.04859
7.00276
3.78351
6.76279
0.80522
2.68353
3.05642
5.40489
0.886907
1.41676
3.96831
1.74012
3.94312
6.76721
3.73976
1.80312
5.5013
3.39553
3.36331
3.34879
3.44646
1.39669
3.41966
3.38255
3.07018
2.27579
1.34818
6.60892
6.49523
0.778088
0.778695
2.16775
3.70259
5.43916
6.76149
3.6566
3.92452
6.17557
3.64307
0.665052
3.89763
3.26886
3.35224
6.01131
0.722133
4.67733
4.5703
3.41127
7.06533
3.41427
0.969004
3.32266
3.42317
1.568
1.30906
3.40943
0.896853
6.13027
3.31285
3.85831
3.5584
2.06885
1.7585
5.79858
3.89722
3.57639
0.454136
3.54574
3.35083
5.9219
3.0936
1.44694
6.63436
7.25566
3.30113
0.666332
3.47903
3.20718
3.73575
0.924497
7.40874
3.37414
2.56232
1.61613
2.68388
1.25356
3.61953
4.98566
3.796
3.01594
0.855375
1.80296
3.74542
6.21004
7.53934
1.7982
3.91199
3.5242
0.961807
4.37475
3.57324
4.0885
4.18543
7.63891
3.54308
3.30706
6.13518
2.53474
4.99879
4.38762
3.41865
5.66497
3.41197
0.867314
3.90447
4.52066
3.40398
3.36544
3.35758
3.93088
0.688786
0.904874
6.41232
2.59243
2.91974
2.26863
4.97242
3.4186
0.809394
0.860701
0.864005
3.51032
3.68621
3.12127
5.57819
5.29978
2.80868
6.31349
3.03018
0.741911
7.51988
3.37833
3.34816
0.549573
0.171278
3.0288
3.30746
3.31646
3.92108
5.64578
4.25755
1.1714
1.36101
3.354
7.45793
7.36
5.81946
3.64556
5.59437
3.6844
3.08139
1.93316
2.69219
3.66166
3.36832
1.65942
7.74201
1.25411
6.12703
3.3603
3.54098
0.900559
3.42482
6.76735
1.76938
1.35323
1.2877
3.6397
5.11129
3.3567
6.05834
0.322969
0.774962
3.48566
0.819382
3.41634
2.87692
0.622611
3.42571
3.01564
0.867127
0.866712
0.632115
0.642252
1.91668
3.10274
5.96064
5.11416
0.923179
3.99538
6.31656
6.59468
3.28778
3.73599
3.67419
2.66147
3.01653
2.93679
1.82812
4.23752
5.41757
6.89228
1.04018
0.950051
3.39955
5.539
0.699795
7.29489
4.99567
6.08388
1.80589
3.38808
1.86636
1.08462
3.59876
0.636029
5.54884
1.82567
4.22376
3.68165
5.73474
3.36641
3.73142
3.70124
6.06703
7.60755
3.79381
2.89088
3.43681
0.857247
3.95557
3.65522
3.44269
7.41381
6.60321
1.27832
4.53613
3.80583
7.45418
3.75172
0.759517
3.42401
1.71315
3.00222
3.20013
2.75438
0.874478
2.34308
4.26733
3.77564
3.3877
3.88335
0.813174
3.76307
2.69392
3.27832
7.23844
3.36687
6.09467
0.337285
2.01283
7.64205
1.48246
0.895095
5.10575
0.859926
3.38327
6.8417
0.610045
3.65711
0.802882
6.39288
3.86989
3.13552
0.596111
4.23746
6.94129
3.37051
5.60178
6.17999
3.0173
0.619597
3.33973
1.90166
3.95675
3.96169
4.04274
0.845617
3.50217
7.55358
0.644577
2.83397
3.4091
0.732552
0.846662
5.83571
4.17161
2.24405
6.25831
0.817021
5.07353
0.795964
3.68247
1.70624
1.71651
1.39306
0.74297
2.32637
3.61512
1.5119
3.30101
0.692112
5.64353
1.44917
3.94522
6.48391
6.07542
3.64121
3.73082
3.45952
3.60033
5.5832
4.81343
5.45463
3.71729
3.44278
3.4764
7.38912
2.96322
0.861026
5.91089
5.49957
1.43978
4.94798
2.72484
6.58691
3.81574
5.92899
3.40156
1.37356
0.769985
1.77744
3.36519
3.76127
0.560051
3.82925
0.962762
0.725674
6.28615
6.48029
5.81348
4.29982
3.65292
3.63491
0.921347
3.37081
3.79331
4.44711
0.658409
6.79648
3.39877
3.09145
0.60237
3.83052
2.93148
0.595554
7.35321
0.994295
0.505004
1.89959
2.20271
2.90824
0.789532
0.686056
3.791
3.4213
6.00641
3.69892
3.2141
2.76079
1.62467
4.32422
6.23148
3.55972
4.40676
3.41769
4.06651
7.34138
3.43623
3.31833
3.50181
0.856351
6.75158
3.97047
0.826998
3.96665
2.35811
1.28938
3.42972
3.43106
0.856089
1.77019
1.73682
3.48549
3.58232
7.48969
3.37684
1.76349
3.36181
1.10086
5.52568
3.38686
0.977138
2.82749
0.9332
6.95273
3.61566
0.898308
6.094
2.9674
0.86112
6.64658
3.60426
0.516066
7.49504
3.20535
0.861867
3.26711
3.23004
2.6051
0.724616
3.47667
1.28008
3.35935
6.17071
0.450293
0.876193
3.76879
3.63386
3.35885
7.42397
5.74366
2.5519
6.97853
6.78912
4.85042
3.3092
5.12483
5.92751
2.51523
5.8708
4.27062
2.98097
3.07426
0.723539
1.73459
3.39103
3.73721
5.58736
2.9471
1.49204
0.833499
0.570993
3.4937
3.30999
2.96431
3.2042
5.91016
2.96172
3.21623
1.52887
1.10987
3.12315
0.307827
2.51944
3.37343
3.01736
3.36475
3.85549
2.92066
5.57735
3.85122
3.05783
0.161477
3.35706
3.45243
7.16937
3.60236
2.87118
0.914143
5.65645
6.33094
0.742934
0.887282
5.94312
1.79042
0.619595
0.705633
3.28321
3.41195
3.7741
3.41404
3.27394
3.77604
3.15936
1.90427
0.874326
3.35105
2.49513
0.657094
0.729199
0.923614
2.78639
3.03479
2.66441
3.89156
3.30633
2.45922
5.90355
3.39286
0.626358
3.65342
0.86512
2.89297
1.1751
3.42362
3.13305
3.6048
0.892735
2.90765
3.40982
5.04179
3.62924
0.728908
3.75077
7.46136
0.548697
6.74982
3.33643
2.93093
3.11361
3.59519
4.14649
3.89999
3.65617
0.841359
5.9271
3.38464
5.21817
0.866415
3.74815
6.50471
3.33297
4.08588
6.78572
6.22752
0.880965
6.82197
5.23176
0.612378
3.80109
5.30206
3.81127
1.62133
1.21799
0.559279
2.64665
1.20714
2.72564
3.26237
0.656051
0.87232
6.60272
3.63112
3.34732
5.31146
3.3351
6.68881
4.06428
3.9205
5.25199
1.24658
0.974649
4.8503
3.79211
3.17765
6.15746
3.36259
1.03023
3.70449
3.53523
2.99933
3.63232
3.73261
1.02815
3.30769
5.11881
7.3346
4.20859
0.574742
2.59487
2.39972
6.52928
4.71802
7.63021
3.22895
0.821415
3.38012
0.948172
1.41071
1.69033
2.08024
6.63362
3.88543
3.09746
0.860395
5.52274
3.33853
0.988055
6.20481
0.862532
3.4008
3.72984
3.43652
6.5684
3.41916
3.35195
0.595611
0.997158
6.404
3.74342
3.2163
2.50941
6.88609
2.89311
5.2465
3.36269
3.40871
3.06091
2.83141
3.62577
5.02227
5.32783
0.698369
2.60062
0.915155
7.09727
3.3096
7.09512
3.07262
0.87552
7.36241
3.14909
0.461666
3.34838
2.80075
0.465342
3.392
4.41743
1.56233
2.31229
2.98288
6.73682
5.48662
0.147957
4.541
3.68565
3.6005
3.40891
2.85837
6.0547
3.66766
3.44779
2.73107
0.738893
3.40256
3.40072
0.799595
2.74625
3.35073
3.286
6.05704
0.902193
3.03845
0.741792
5.18211
3.68171
2.95216
0.871146
3.3567
3.59818
3.74586
1.75833
3.21016
5.51287
4.5946
1.02282
4.0892
3.63178
5.15066
2.91986
3.22794
3.35279
2.49242
0.288829
6.06561
3.59372
1.64627
3.41246
3.26623
1.61567
3.79823
7.59437
2.93868
3.60442
3.82239
4.30642
3.8095
0.721768
0.38642
0.666135
4.22868
4.71691
3.83907
3.2169
3.74936
4.1916
3.1057
2.84983
3.28648
0.726992
2.22187
3.8692
6.76242
3.29209
1.97232
1.87556
6.3381
4.71325
6.36387
0.909623
7.41054
4.0426
1.15106
2.93511
3.49811
3.95304
2.90715
2.6369
3.60505
6.12254
4.35198
3.32798
0.451569
3.82552
6.78148
3.82567
3.39888
0.75168
1.18811
3.18775
1.33749
6.81942
3.2318
3.35334
3.47442
6.89808
6.62635
3.80237
0.193425
3.06929
3.49562
3.64849
3.64759
4.15357
3.30475
1.43705
4.11796
3.1626
6.67866
0.869895
5.03818
0.709137
1.80657
1.95269
1.69979
3.90977
0.874298
0.783452
0.885379
2.96938
4.53324
6.58992
3.74297
2.30351
3.34489
3.90062
0.895728
3.90254
1.05099
2.56127
0.783448
3.36523
7.25824
0.899577
3.35466
4.97878
2.93495
3.75425
3.36389
3.45741
6.45547
3.39965
3.49033
1.60244
4.40969
1.00989
3.82332
3.11959
2.99527
2.66826
4.11381
1.3555
3.29666
3.38906
6.32109
3.76989
0.0333586
3.28312
5.08116
4.04765
7.05814
5.18628
3.55624
4.41672
1.75777
4.11243
4.02016
3.9313
0.727104
3.76414
7.13171
3.52135
0.602335
3.07225
2.73065
3.80954
3.53365
6.60736
4.33455
2.94207
5.80933
3.26291
3.4261
0.784422
3.31616
4.48353
3.17476
6.57488
1.55844
3.54284
6.08813
1.81051
1.88009
2.75209
2.87401
3.2331
3.38644
3.89486
3.51193
0.827356
4.58281
3.41974
3.51278
3.54802
3.5749
6.36492
3.07902
7.39417
3.20009
2.84484
3.50821
0.88048
5.71492
2.44496
0.723357
3.46436
3.51757
1.41356
6.0835
0.833954
3.85509
4.14599
0.678215
2.82758
2.85898
2.83127
4.04443
6.63803
0.647865
4.63604
4.04217
2.76099
5.45823
3.67075
1.3347
4.84793
3.66059
7.4386
4.21862
2.90258
4.06435
3.1593
0.710366
0.741353
2.68785
3.75317
1.68636
6.68205
3.4184
0.861454
7.54896
1.88658
6.26916
0.822267
6.03919
2.66629
3.41277
2.58124
5.62287
3.96737
3.10589
2.93336
3.213
3.39021
0.513542
4.95549
1.42722
5.50181
6.45433
5.11422
3.36248
2.7856
2.03704
2.28102
4.24162
1.3281
3.77344
0.820526
3.69428
2.55601
1.8878
0.899095
1.38944
3.50386
2.73648
0.754004
0.888877
3.74577
3.47469
4.26472
1.75122
3.30759
3.91818
1.34176
2.89736
3.73268
2.47158
1.29931
3.97072
4.51655
3.69889
4.47568
3.27879
3.44698
2.60828
3.74196
5.61268
3.37567
3.2361
3.48315
0.844449
3.06552
2.88277
3.80774
5.73044
2.41929
2.56546
3.38816
0.986705
3.95053
2.66578
2.10555
3.54114
7.88739
3.62116
2.3152
0.661794
0.889217
3.31147
2.95309
7.09698
5.67467
4.2347
5.07778
5.53203
3.39064
2.46089
1.30384
3.74441
2.60696
3.97235
3.11815
6.27781
0.538162
3.21065
0.931685
3.11493
1.78305
3.04002
3.3952
2.43521
1.68096
3.37524
1.84747
1.86509
8.21236
3.97943
1.58241
5.40695
3.68145
3.83107
3.05111
1.00502
3.93968
0.753404
6.70089
3.78912
3.5438
0.859928
0.990886
7.78381
1.27222
2.7038
2.10862
1.05393
7.11352
6.12283
5.63252
3.14445
6.71474
3.56024
5.355
3.35119
1.3019
6.42008
2.9948
4.06104
0.36984
3.89155
6.45773
5.9467
3.96748
0.729877
4.49355
0.845038
3.70925
0.977693
0.912173
3.40454
7.28964
3.38626
3.03795
3.98066
3.41866
1.02335
1.25478
4.6179
2.48178
1.03364
2.94926
3.47586
3.77936
0.61946
4.42388
5.48686
0.837209
2.11709
0.668973
0.86227
0.805061
7.63993
0.850831
1.62269
1.27698
3.52755
3.38242
6.10397
3.48724
2.5055
2.53056
0.75967
0.575517
1.95193
3.78992
3.40935
6.07534
1.60184
1.43521
6.12342
3.68548
3.85755
6.40406
5.85532
0.844969
5.85188
0.630984
2.76772
6.09894
6.77888
1.67783
6.77866
1.62258
3.30803
0.836356
2.91144
2.26391
3.90586
3.14039
3.47853
1.39187
0.856298
0.871892
3.36845
3.7161
0.57245
3.36203
1.73133
3.38115
3.39927
3.42095
0.888235
2.21992
1.40474
1.15417
2.98522
3.17923
5.04483
0.510944
3.52622
3.88298
3.95568
3.10483
3.7082
2.57347
3.43786
3.95024
2.8504
3.19139
5.90563
5.74778
3.83232
6.497
7.69606
2.28822
3.41727
3.30319
5.25524
4.40234
1.59028
4.97034
3.55313
0.712322
0.573175
5.59537
4.84291
0.706668
3.57264
0.734728
4.67076
1.02096
2.10939
3.36937
0.839495
0.329637
6.5419
6.62195
1.2892
3.039
5.47545
1.21176
3.6648
7.35329
3.16853
3.25893
3.41074
3.50404
2.89649
2.48309
1.29799
1.58028
7.50232
0.599231
2.6229
3.41643
1.31375
3.38503
7.12073
3.20211
3.17108
1.59168
3.73327
3.43112
3.39151
1.67224
2.40325
2.16815
2.56901
2.58659
3.79342
3.39956
6.14823
3.06167
6.03958
3.13499
0.840173
1.3137
6.41289
3.42989
3.58607
6.05745
0.718126
2.60483
5.56304
1.37454
3.47322
3.62128
6.6728
3.80684
3.74602
3.40261
3.2769
3.36186
1.76041
3.28718
1.37066
3.3416
3.38394
3.68479
3.47241
3.59096
0.718559
3.35936
2.90425
6.54737
2.6897
1.55923
0.712387
1.46771
3.43458
3.2545
3.79911
2.58779
1.86939
7.64985
1.48783
1.04974
1.01868
6.22996
1.00564
3.31048
3.01367
1.02028
6.45256
1.65961
3.67438
1.39257
1.20951
3.42065
1.37123
3.48368
3.51279
3.78686
4.33963
2.72365
7.09037
2.27569
2.83286
5.21543
1.00431
3.29489
7.36585
2.67826
1.32666
3.38251
2.92746
2.24095
3.28641
0.810132
1.86148
0.736531
6.74287
2.82848
3.51269
0.589767
4.8902
5.36293
4.89269
1.88611
3.68471
3.3435
1.22134
6.04701
5.49155
6.52507
3.39995
3.32259
6.36282
4.09983
2.64972
5.90935
4.13315
3.75738
2.42031
7.94819
3.74137
0.88059
3.35309
7.04589
0.955116
3.78284
0.81887
1.28793
1.89686
2.75869
3.37596
0.818715
0.886577
0.985395
2.81285
3.43285
3.79567
0.871493
6.90466
3.41989
4.8192
4.50261
1.63599
6.93106
4.95566
6.49733
3.36432
7.4595
3.51452
6.58944
6.50515
4.82664
3.56621
3.6398
2.76439
3.35241
2.81932
1.66759
1.65433
6.20928
0.767465
7.04351
3.3585
3.15701
0.640231
0.637114
3.53604
3.44037
5.52844
5.63751
1.65649
3.42613
3.99256
1.57724
1.1396
6.74567
3.06115
0.79293
7.66654
3.01951
2.81986
3.40712
3.39143
6.7326
7.01486
5.49934
3.40987
1.48081
3.2289
3.35166
3.71819
3.35466
2.23088
3.36081
4.14438
2.56692
3.76579
3.75122
4.67595
3.66906
3.31596
2.5877
3.39688
1.62708
3.72637
3.39485
3.24416
3.56774
7.08752
1.64753
1.99696
0.405022
7.44256
6.13192
5.31181
3.45963
2.61898
0.676066
5.13992
6.05329
4.19135
2.91728
7.65937
1.37433
0.00565406
3.37635
1.0249
6.30755
5.33026
3.85085
2.16811
2.56315
3.07999
0.945126
5.84802
2.48642
1.77459
3.36818
5.10378
3.6912
3.98707
3.49363
3.59055
3.59015
3.50709
3.41025
3.61546
6.49341
0.573427
3.03857
3.8961
4.82911
1.02289
2.77796
3.362
0.643431
3.36963
3.42236
3.47551
5.99478
5.64345
1.66644
0.538308
5.98745
5.76214
0.727383
3.71552
4.25557
6.08333
4.02741
3.51405
2.92516
3.17903
4.88938
3.40899
3.47394
6.21967
3.3787
1.69786
0.543891
0.926591
3.67507
3.65036
1.28592
6.21658
4.19221
6.35925
2.23681
2.73591
4.3847
2.21592
2.69594
3.17103
4.23869
1.31227
3.38711
4.68762
3.34033
7.86011
3.14042
3.40186
1.50826
2.66324
3.25995
3.38339
4.75417
0.817323
2.55605
0.828961
3.5752
1.50398
3.38419
3.56037
0.740181
3.51472
3.5913
4.17049
1.66297
6.65638
0.549316
1.69016
3.12993
3.75749
3.01062
3.51188
3.51551
5.71043
3.68761
2.90683
5.98005
3.52259
3.23746
4.28613
4.3455
3.7952
4.81437
3.93706
3.70397
3.46212
4.22263
6.0498
5.07051
7.60165
3.18189
4.28712
4.15111
0.901815
1.68774
0.59715
3.37204
4.24911
3.44384
2.57004
2.94812
4.20533
3.10901
3.77281
4.21523
4.44796
4.13533
0.732019
3.17848
4.37952
1.41141
7.83855
7.79527
6.90532
3.26387
4.62436
4.99086
3.37803
3.36399
3.45689
0.710103
1.4029
3.32682
3.4102
2.55084
4.93727
1.18736
0.634968
3.47515
0.759519
3.21268
1.68343
3.75183
7.44737
6.42101
3.43819
3.43524
3.49721
2.545
0.494895
0.5119
0.385139
3.83257
2.88653
5.61329
4.39565
3.75443
5.04431
1.56777
0.653313
0.744904
4.45205
6.26222
0.90937
1.81523
3.53523
3.42265
3.12572
4.19315
1.70554
6.66865
5.04526
3.00775
1.60355
3.80231
5.49959
3.39933
3.2874
0.430865
3.29474
1.03842
3.37929
0.897819
3.6646
3.33674
6.7572
8.18075
4.47255
3.35183
5.57411
0.568315
3.12409
2.97986
3.65331
4.43274
6.35662
3.35102
3.68541
5.9817
2.502
2.92586
4.45478
1.79282
5.55732
3.33258
0.920673
1.42939
3.36379
4.10569
2.27979
2.74832
3.76765
0.326286
2.65748
3.88039
6.56764
5.56392
4.58325
3.41454
0.743683
3.35304
3.51329
3.4091
3.44398
1.76328
3.36921
2.53658
5.46562
3.92166
2.9902
3.34951
2.59041
1.40796
0.718233
1.78408
0.843436
0.640951
0.636113
4.50391
6.70675
3.34645
3.15159
1.85109
2.56099
3.94255
0.764171
4.52311
4.03808
3.01016
1.67683
3.36546
7.4403
3.15767
2.26621
3.77289
1.00674
2.63166
4.59789
7.45
3.20755
3.38882
0.411626
3.35258
5.46491
7.00104
1.77032
0.828617
1.00085
1.45316
1.68846
0.891455
3.36363
2.79643
3.35122
0.891846
6.72516
1.1222
7.23928
1.97319
7.17145
1.6228
2.9892
1.83178
6.2125
2.52526
3.37646
2.97479
6.38461
0.544256
2.72778
3.24852
3.39524
3.82381
3.15296
1.99583
3.40727
2.90618
3.19029
3.06794
2.81088
2.02098
0.6986
7.11768
6.7421
0.992678
1.81138
2.22951
1.00279
0.770185
2.60259
2.66369
3.14987
3.41804
1.05492
2.93715
1.33726
3.13144
0.271569
1.50446
3.58185
2.5509
3.59786
3.07984
3.34852
6.8412
3.78102
4.88613
2.25933
2.5529
3.40268
1.04599
7.02315
6.43402
1.60202
2.52565
2.89779
1.58238
3.2941
3.71758
3.31566
6.36112
1.70318
3.44697
3.14741
3.17302
6.43607
3.74223
7.14008
7.74245
3.98409
6.66463
6.81733
3.11254
6.78517
3.26052
1.90195
2.1933
0.751994
6.87408
6.00779
2.60735
0.777631
2.99392
4.38938
3.24807
0.787128
3.42086
4.44548
3.0487
3.63779
3.31495
2.81771
3.72754
3.36143
0.743622
6.76569
3.91541
1.66382
1.34165
2.61716
3.55412
3.2487
3.72889
0.677751
0.857189
6.60121
3.71024
3.41117
3.34644
6.44438
5.32173
0.989674
3.2076
2.97081
6.71013
3.85076
1.43933
5.89387
3.20131
6.46981
5.83026
5.03633
3.81141
0.798261
3.71512
3.30273
2.77468
1.46069
3.22459
2.79641
3.4153
3.19628
5.33182
3.97168
0.520385
3.46517
0.684908
0.915404
2.42743
3.40309
1.39169
5.7822
6.39047
0.76701
3.1604
4.58956
4.2278
7.1242
3.82079
6.97284
2.59909
2.88164
1.61704
3.35938
1.6307
3.66128
5.37838
6.09797
5.29043
0.608701
2.49373
0.525871
3.18988
0.515865
0.630429
3.41359
2.09387
3.72963
3.3931
3.1626
1.90914
3.13317
1.21355
6.68687
5.68362
3.35937
3.12069
1.66971
3.1604
3.76211
3.52962
3.29831
1.68741
0.503034
1.43517
0.319073
2.75284
2.90851
3.76649
2.78141
1.53182
1.77553
3.18564
3.37443
3.6067
3.35356
3.70631
3.58323
3.76043
1.02935
0.946267
3.54882
5.83682
3.37252
6.49274
2.40909
3.47766
7.77753
6.67186
0.901151
2.58248
2.65316
0.732527
0.81368
7.50607
7.10195
1.76971
3.37558
3.31854
3.36329
3.15347
1.87637
3.38264
2.89125
3.15035
3.37031
3.03246
0.607505
1.58216
7.15627
3.56803
3.33766
2.95819
6.51464
3.04769
0.884644
6.41596
6.98599
3.14588
3.06577
3.76797
0.922526
3.16327
0.843195
0.531306
6.03728
0.875787
1.66486
1.4445
1.5427
3.43182
1.62694
0.727328
3.77593
6.255
6.70977
1.39595
7.27177
3.06793
3.72819
0.754752
1.36868
3.27894
3.34347
3.16835
3.23818
6.68275
3.26006
2.7481
7.64992
0.614724
1.15349
2.91556
2.27814
2.60619
2.91196
2.77312
3.08097
3.90648
3.7985
4.11163
7.77794
0.69172
3.03358
2.63092
4.59647
3.58207
7.53993
3.57107
3.55098
2.79102
0.31802
0.777947
3.0398
1.95436
4.71007
2.7668
0.440958
1.67377
2.45663
0.703349
2.76539
3.12058
6.72452
2.99878
5.88316
2.82825
1.40041
3.41577
1.83839
4.03827
7.09726
4.27881
0.879889
2.94284
4.40298
0.725757
5.52559
3.23506
1.56048
4.04304
3.3868
0.5534
6.19094
1.59862
3.82237
0.774271
3.3867
3.31294
3.21744
3.18245
7.56645
3.38552
2.99756
3.28521
4.31971
1.93208
7.47203
6.16619
3.46521
2.96378
3.29611
2.72879
3.73059
6.31376
3.03553
0.791714
1.01469
3.941
2.98174
3.77701
2.59516
2.77742
0.539028
5.80264
1.81076
3.45144
1.69914
3.77438
0.863308
2.9513
3.40898
0.163791
3.26226
5.76641
1.26327
0.123461
3.18559
2.58597
5.67127
3.2851
0.736569
0.582937
6.36221
0.788735
1.53851
2.96488
1.92182
0.873973
7.23881
4.37885
2.61058
3.85574
1.70866
6.93639
7.0109
3.68926
1.06202
1.80766
1.25339
3.41388
1.2335
4.42082
3.93113
1.55331
4.82514
1.56979
2.24131
2.93479
3.97676
3.26443
3.3909
6.89969
0.6849
1.88445
7.97823
2.97204
4.56247
6.07246
3.48858
5.08545
1.49846
2.75276
6.75505
6.38531
3.71481
6.85383
3.21941
2.29196
3.52593
3.27188
3.42052
0.758228
0.797928
3.20892
3.49412
2.59986
0.918639
2.68818
0.773851
2.16282
2.57532
7.61377
0.865556
3.1814
0.498607
3.08815
7.13785
0.583454
2.94361
6.59195
7.08888
5.11596
3.66793
1.89048
2.79701
7.197
6.22871
2.78568
3.56808
6.92564
2.94536
1.69446
4.27393
0.0438707
3.54345
6.01579
0.644782
2.99848
6.45359
2.88795
0.645932
3.2608
3.34487
1.16501
3.80886
0.929327
3.96207
6.63983
3.07474
2.59231
0.829802
3.4049
0.395815
3.35002
6.24263
5.94072
0.712725
6.26934
5.20773
3.10874
0.654387
1.7318
7.11926
6.99909
3.48863
0.632568
3.47023
3.72321
4.03102
3.92321
7.61995
0.563818
3.76767
3.564
6.74715
3.19432
4.60729
2.82701
5.59131
4.72422
2.80734
3.16097
7.26894
3.79688
6.02993
0.875542
3.68534
1.80582
1.82167
0.590002
2.84588
0.708549
3.90752
6.82
4.55594
3.12407
3.3997
3.44713
0.416563
3.24085
7.0842
5.99645
3.441
5.77169
0.723775
0.615968
0.904155
1.49808
3.39771
1.87119
3.90116
3.34964
3.43688
4.49276
0.735246
0.501243
6.15438
6.0045
1.62121
0.527544
2.05523
6.91465
2.74186
2.76365
3.08509
0.614027
7.43772
7.07589
3.15548
5.05547
0.484555
0.491499
3.56511
3.12808
6.70802
2.218
0.88578
2.77879
3.35447
2.92024
6.78164
2.55168
3.25634
7.1659
0.824793
4.30234
6.80218
3.25302
5.83896
3.3829
6.57126
3.21436
1.4882
1.80806
1.9358
6.10078
3.34833
1.07538
2.56887
3.85343
2.87235
3.34453
3.35255
5.85477
6.36374
3.85842
6.97991
5.8869
6.03811
2.05311
3.29188
0.521331
1.02976
7.33909
3.72396
1.74707
3.90051
2.16763
2.84573
2.79416
2.73127
3.34503
0.844732
3.40114
3.15938
7.28386
1.95783
7.17462
6.77394
3.82952
1.51945
0.844406
0.960688
3.66122
1.81421
3.47747
7.31419
3.39233
3.32436
5.82117
2.74458
3.10011
2.79249
1.41577
0.765437
3.68193
3.37152
1.22609
0.473722
7.1936
2.0076
1.68065
3.18309
6.38744
3.8526
1.68869
2.73847
5.99323
6.86649
1.51945
7.44732
3.41571
7.4286
3.51597
7.26821
3.68756
3.03112
3.81981
1.69624
3.48989
3.14648
3.43334
2.85095
7.80903
3.37709
1.56051
3.11816
7.30881
3.73186
0.790218
5.3157
6.95723
2.9839
1.36008
0.945096
3.80195
1.02787
0.502755
3.41086
6.11873
0.88965
3.39974
3.16442
3.03605
3.21305
3.34516
6.87163
3.41683
6.38925
1.6665
3.19871
1.60213
5.51387
4.11258
6.77101
0.515833
1.16349
1.49802
2.9239
5.11185
2.94028
3.88885
3.36316
0.878101
3.56084
3.4065
1.79458
0.896054
3.32614
7.40108
3.3208
1.34228
4.31399
1.65742
0.770925
7.49179
6.77671
3.82225
1.38419
3.27597
5.16529
1.94853
0.505547
7.15048
2.81773
2.67241
4.26085
3.39721
7.12748
7.19082
3.48884
3.55616
7.20734
3.68132
0.51619
3.73947
1.25635
3.4003
1.34752
6.14954
5.89308
4.13636
3.385
3.664
3.91352
6.62087
2.11399
6.75273
1.67784
7.52637
0.816971
3.60541
6.04466
4.13873
1.70252
3.3631
3.75487
3.38785
0.720512
0.918978
2.62405
0.552183
0.779448
5.04726
6.44016
3.33158
0.48045
3.1376
1.6385
0.501509
4.25113
6.62019
3.07377
4.46065
3.41647
0.885298
3.55148
3.18102
2.13053
1.51111
0.816264
2.47921
2.95072
5.10267
3.34232
3.80181
1.89664
3.8183
2.74047
3.12018
1.92091
3.97765
3.79745
0.337138
3.16567
1.66013
6.00432
2.89925
0.502564
3.69702
2.29899
0.819566
2.43682
3.70902
3.79376
6.28242
1.63888
2.04376
1.61427
6.26113
2.85414
2.91238
3.69772
2.77718
6.27024
0.351468
1.08927
5.57824
6.04441
2.98177
2.84771
1.87081
1.33324
6.43571
6.20832
6.15647
1.83218
2.21674
4.79926
0.904076
0.583399
3.4205
7.44661
3.16515
6.23674
3.35994
4.03749
3.33439
7.48218
1.36432
2.27528
0.946521
1.74001
6.24648
3.45269
3.89568
1.38878
6.75499
4.01677
1.81226
1.80312
6.78179
0.381768
1.63874
1.56169
3.70962
3.40839
2.75096
0.781212
3.27197
3.64378
5.88766
2.97793
3.62284
7.6183
2.16273
4.4225
1.29987
0.530122
5.31995
2.92089
0.645879
1.51365
4.92398
5.69005
3.28131
3.35055
3.85726
2.77274
2.93755
7.01682
1.36992
3.40495
1.16313
3.44327
2.83213
3.4055
0.743779
3.32766
3.14145
6.75011
0.994111
1.77033
2.16545
3.37234
7.49246
6.58635
0.551201
1.37699
3.66883
7.11922
0.384989
2.38641
6.23697
2.86198
1.33983
0.501258
2.98184
3.44966
3.33621
1.69648
1.75756
3.65678
0.632918
3.09991
4.73863
0.918677
6.52493
4.27629
1.65191
2.76656
1.54566
2.92138
7.45763
6.84708
3.07541
1.68623
0.561558
1.35904
3.41755
3.21787
3.89193
3.63595
3.78446
3.7879
6.95541
2.3221
7.40365
5.76898
2.59973
4.1072
0.412989
1.93329
2.83127
0.543149
2.73065
6.76401
5.8064
7.15459
6.52357
2.66103
3.1668
1.15746
7.07853
1.38088
6.436
3.07192
6.80596
1.38781
2.63114
3.3918
0.821202
2.96055
3.41799
3.17765
2.92954
5.26474
6.70145
0.869302
1.96659
3.41318
1.8773
2.93351
1.38169
7.37472
3.41665
6.95944
3.07285
3.5162
2.72652
7.82807
3.52979
3.75017
6.48522
1.44418
3.43582
1.95296
1.7402
2.72668
3.6922
0.798714
2.76424
3.42635
2.58222
6.51835
7.85891
4.08532
1.1152
7.55686
5.52898
2.77371
6.38825
7.68087
6.14451
2.69295
0.629556
3.09777
1.80488
1.15416
7.25842
3.18254
6.15213
0.868451
6.58932
7.96558
2.82287
6.879
3.15671
2.97576
1.52764
0.767392
1.15837
7.33963
2.23096
3.48212
0.825328
0.855808
1.25243
2.58838
3.39241
3.40091
3.29004
3.11447
3.35108
7.14344
3.35018
3.6657
0.0904285
3.38225
3.86867
3.21097
4.50771
6.27053
7.5168
3.96042
0.795418
7.23892
7.38262
2.94782
2.18268
2.76422
0.480094
3.73925
2.57765
6.22372
7.27939
0.917085
6.57479
3.01477
2.60676
3.21346
0.597025
4.73996
3.0949
2.71834
1.58236
3.07556
3.81047
2.85719
1.46924
2.71867
2.87075
3.41489
2.39448
4.66533
7.29126
6.25347
0.555106
0.616191
5.67401
3.39209
0.596729
2.69555
3.41548
6.37069
6.67001
3.91591
3.47496
1.84829
3.56161
4.18542
3.51977
0.872071
3.40489
1.94846
3.3557
2.70784
7.69837
3.49701
3.04888
2.80537
3.63254
0.160686
0.987761
2.92908
7.08944
7.43273
3.70928
2.9246
1.75043
7.15058
0.481254
3.57393
0.830725
3.82463
1.74342
1.24064
2.08847
1.76483
3.80517
0.710225
6.43363
1.84168
1.51617
1.6743
1.5261
4.03678
0.863424
6.39406
5.01348
3.36972
1.64193
7.13384
7.07526
3.4069
3.0753
0.317637
1.63924
2.1212
2.10298
3.03334
4.54168
0.844259
3.05185
0.871616
3.39307
1.3858
1.35836
3.38464
0.347653
3.51818
3.89479
0.924193
2.95783
2.87966
6.7246
2.3435
7.443
3.46744
6.12037
3.39275
2.84401
3.38874
3.26607
1.96597
2.75343
5.8095
6.12095
3.65696
3.09488
7.09146
0.914389
6.54811
0.876833
1.52438
1.75136
0.462943
1.82764
0.689964
5.63555
3.35246
6.27969
3.12595
3.57669
3.38514
3.71108
6.41116
1.59084
3.16596
0.404306
2.94349
3.06795
3.18531
3.32941
3.19458
6.63501
3.39548
3.40456
7.37337
3.05458
2.96546
0.435326
7.81767
0.789446
3.4119
0.562162
3.41328
1.98394
4.75484
2.05193
0.88759
3.97846
0.792005
1.59678
3.18504
0.823336
1.81772
7.72066
1.94272
6.32727
3.09141
2.86644
2.80814
3.51107
1.75901
1.2619
1.43523
6.92431
6.50252
3.88433
3.39479
2.20847
6.66444
0.162962
7.14798
3.48278
6.29629
3.83182
2.98502
5.84509
4.11505
2.71496
3.62204
3.09977
7.18301
3.08726
6.37098
3.67198
2.60426
0.860019
0.429534
6.54372
4.8587
3.19994
0.445469
3.26145
3.84262
0.884107
0.722656
7.34852
3.22107
7.26416
1.70251
3.36275
3.46852
5.2827
0.509922
3.74221
2.9809
4.25813
2.95954
4.40339
1.99063
3.98316
0.829685
1.53992
3.41702
1.6733
2.36503
1.16651
3.41136
1.45902
6.5212
3.58714
3.59067
4.87742
2.92762
0.962696
2.94882
3.73353
0.852037
3.39999
3.34586
2.15716
5.81185
6.68817
6.96247
3.76136
3.34951
1.15667
0.50761
3.08012
3.6927
3.41048
3.37728
3.42925
7.96059
1.90095
6.57742
0.812255
4.88571
3.75122
3.71097
3.22096
0.539013
6.9285
2.71774
3.74376
1.89878
1.88949
5.74495
3.34458
7.56009
2.70589
6.69174
2.71384
2.94859
6.44003
6.32019
0.904452
3.89671
1.61236
6.69472
2.67174
3.90798
5.79579
3.89008
3.27354
4.14088
6.83136
6.32392
3.30165
1.32459
0.958988
3.40933
2.63985
1.1129
6.50008
3.36611
3.38465
5.29996
2.60627
0.323953
3.08311
3.45924
0.958676
3.83034
1.39642
1.00291
0.721062
3.78469
0.783202
3.71634
3.43672
2.79702
3.43893
4.59425
3.80181
0.735434
3.29707
2.00536
0.450644
1.63009
3.82033
3.64821
3.75922
6.11246
4.76043
0.908226
0.924723
2.95715
2.99394
2.70545
1.62491
3.03401
1.68942
3.29243
3.36353
1.73121
7.22808
3.95396
6.34422
1.68153
3.23924
0.10271
3.37623
2.7692
3.7094
0.00234515
1.66517
7.98003
2.52568
6.1559
5.11344
3.59399
2.91758
3.36266
2.75301
7.67816
3.34003
1.69999
6.22664
7.53506
3.43925
0.768241
2.73028
3.67229
7.66
7.72434
3.50428
3.121
3.11872
1.3695
0.854677
0.568162
3.5807
3.21771
0.88039
0.800464
3.65805
3.40966
2.91021
3.39424
1.14376
3.62025
3.61108
0.845313
3.40343
0.857242
6.52614
1.95452
3.73247
3.38924
3.94063
0.887126
6.96305
3.69454
6.18159
3.35092
1.68299
3.71785
7.29709
3.56295
7.8271
3.24658
3.68461
3.4428
1.61335
2.94175
2.92309
1.66577
7.16023
7.92685
1.53734
1.94073
0.631187
5.34433
2.5342
0.291175
1.21449
3.26825
3.4309
6.31942
3.28645
1.75549
1.61182
2.91602
0.445237
0.860736
3.29513
0.715591
7.60755
2.35098
4.92454
6.5891
1.6574
7.25379
0.778653
3.36905
6.96611
6.25377
0.87806
6.54871
5.8684
1.18028
3.7035
3.22669
6.40928
3.23217
3.03192
0.512066
1.64476
3.07389
0.867654
6.48479
7.20365
0.660418
7.61794
5.54644
3.10945
1.28209
6.54381
2.85456
2.52307
7.34471
3.68374
2.83831
1.36645
3.22675
6.30755
3.43478
3.64534
5.94165
0.696738
0.264924
6.94883
3.77007
3.43477
0.881188
5.43871
7.61822
6.32102
7.62822
0.174396
0.673415
0.81108
0.850782
4.94119
0.946072
6.63287
3.37931
1.02857
2.48794
4.07501
3.7126
3.76617
1.28036
3.10846
3.78146
1.2533
1.82257
0.927849
6.35949
6.27327
3.77071
0.384796
3.65623
0.674648
3.35944
3.24506
4.31753
0.865045
1.03316
3.40601
2.52896
3.19277
7.48872
5.95715
7.85475
3.32429
0.887371
3.60748
2.10048
3.36405
2.95054
2.13274
3.08963
1.98146
7.21285
7.38076
3.0374
0.852361
7.19587
2.74727
7.90263
1.80154
2.71001
3.28495
3.52109
4.0269
2.99925
0.600996
3.88467
3.25267
1.24292
3.39568
5.72608
2.4537
6.23951
3.78692
6.69997
3.91434
2.62701
0.313575
0.853452
3.84404
3.71789
3.74912
5.74394
3.4358
0.900471
2.02856
0.869108
3.67521
7.77778
3.7766
3.0256
3.39407
3.22192
1.67644
3.36432
3.70489
0.692115
7.29207
1.4772
3.7911
7.33006
0.461987
6.38893
7.11863
1.91876
3.10087
3.42913
1.05101
3.77292
1.19149
7.53166
2.96304
1.1549
1.6437
1.09082
2.53878
1.11942
3.09908
3.1906
3.33825
7.26164
0.368579
0.52613
4.00006
0.58654
0.910032
0.838251
3.48536
4.77244
1.28044
7.0732
6.95398
2.93286
1.91973
2.82178
3.36062
6.5217
0.814296
3.36188
3.15449
8.16787
3.3778
5.53995
3.91165
6.36488
7.5913
2.77471
3.64837
3.52637
3.35441
1.48527
3.42759
7.30789
0.880968
4.70441
3.54857
0.784359
6.74585
6.14811
0.931543
6.76796
5.47007
2.74557
7.23135
3.71269
7.03998
3.36776
0.476573
4.64235
6.78705
0.605234
3.61874
6.54214
5.22735
1.60444
6.45314
1.64506
1.43554
2.1538
0.679742
2.36032
2.99483
3.61754
1.3824
2.14662
3.80542
0.911452
6.47846
7.55285
5.46969
6.40788
4.76117
1.22661
1.07035
2.73205
3.41074
3.43719
3.12146
6.21305
4.25686
0.70913
3.79488
3.46674
5.55884
7.42875
3.61631
2.93121
3.11325
2.85341
6.95365
0.598525
6.96876
6.95893
1.36649
3.39502
4.22033
1.84373
0.740526
6.87133
8.00097
3.38305
2.94164
4.52908
3.66955
3.96186
0.666187
0.251624
3.31261
6.76257
4.70036
3.37331
3.65873
0.426489
6.6156
3.83629
3.43828
3.28923
7.79787
2.48361
6.54805
4.10001
2.43386
2.7435
3.50756
1.532
3.3659
3.41141
1.16383
7.30736
0.872675
7.26307
3.75118
6.65651
0.528865
6.68861
7.19662
3.08995
3.939
6.51748
7.00356
1.63058
7.26435
3.44785
6.43941
8.08149
6.7054
3.50913
6.18368
2.97141
3.78212
3.97427
4.27922
6.77877
7.06018
1.01473
4.44086
0.880226
1.59374
2.4457
3.35118
0.81276
3.67021
0.949937
5.95621
5.22198
2.16065
1.30647
2.83707
3.91152
0.901133
3.52007
6.60899
0.607487
1.74584
3.39245
3.62848
3.39566
7.65451
3.38455
1.31973
6.62545
5.94764
2.71722
6.64289
5.72013
0.824472
0.521948
6.02215
7.07846
1.607
6.69739
1.89641
3.11462
1.39553
3.49186
1.30334
6.57952
2.80736
1.87205
7.1774
2.69144
0.768624
1.48539
3.7778
6.53184
2.85815
6.62317
3.3395
0.901481
4.55698
3.39214
0.43793
7.70005
4.40611
0.384509
3.17137
6.16168
2.79926
1.87292
7.75333
6.02628
4.59646
0.848673
1.81684
1.29025
3.29516
3.72135
1.89582
0.877851
3.20957
2.68067
1.37792
0.693578
6.21801
2.14336
6.57443
0.78377
1.27667
1.81835
3.75606
3.41249
3.63278
2.50512
7.41981
3.70702
3.7807
3.22393
6.95351
3.84557
1.30707
3.37287
2.29779
5.64059
4.35221
3.28433
3.95335
0.36518
0.890304
2.66555
7.01461
1.31006
0.858607
3.40817
3.12873
0.864629
0.909833
1.04102
0.893352
0.887026
3.34426
3.21283
3.46548
6.19721
3.53327
6.57121
6.75136
3.42944
3.82162
3.68106
5.94732
2.9544
2.11741
3.80498
6.45582
2.6355
1.58352
2.91834
2.18165
7.11497
1.32591
0.642692
7.45111
4.31979
4.03654
4.87034
3.40566
1.29106
1.50081
6.63702
3.36145
3.72277
4.02655
3.83175
4.03439
4.84198
3.08614
0.410948
1.64845
3.1034
5.06205
6.96681
6.33005
3.08695
3.90265
0.349748
3.6982
4.51448
4.37519
3.01635
7.09837
7.27476
2.92294
1.48914
3.50267
6.35698
7.48925
7.93584
3.64893
3.3676
5.05041
0.808116
3.34739
1.79142
3.18372
3.80246
6.70457
3.07517
3.46119
1.94954
4.36669
0.672127
5.08789
1.74341
2.90783
3.35669
3.40803
7.2378
6.11211
2.84826
6.64574
1.17307
3.12605
3.71372
3.76693
1.45653
0.866373
0.888878
3.40073
3.08143
2.63899
3.34512
1.39441
2.61752
3.8596
1.57082
3.11901
0.769523
7.03049
1.35588
0.784487
7.78777
0.694146
5.19099
0.545417
3.20532
1.53608
4.32664
3.18993
3.71115
3.45244
2.18299
3.71916
2.84084
2.94611
1.46234
2.76183
2.67599
4.00696
3.40583
0.373243
0.913907
3.49911
6.88689
3.43459
0.658268
6.70496
0.511899
6.20662
3.42205
3.66197
5.61058
3.4621
2.57327
3.5509
3.32486
1.77651
1.88936
3.34403
1.39052
0.817093
3.23406
3.73091
1.55448
1.9459
7.59404
0.993515
2.77875
6.86793
3.41126
2.03139
3.37454
1.07859
7.59585
3.65251
3.27489
2.03539
0.911824
0.346544
1.00795
3.4177
6.73386
6.26269
3.92897
3.36823
3.4091
3.8881
3.807
3.38099
1.91689
3.96718
3.21249
1.78078
2.969
0.841204
3.28774
3.68262
6.75044
6.27677
3.32323
1.6239
7.40738
3.69846
1.11964
3.26137
0.727005
1.33999
0.824785
1.9322
6.13587
1.05108
2.53098
3.39569
7.22863
3.45803
3.87294
6.69056
1.14557
4.60287
2.96706
3.1989
1.19037
7.76429
3.10252
6.05993
1.61774
2.90484
1.32211
5.93046
6.98621
3.45117
6.98102
3.40694
3.29541
5.46579
1.16597
6.34908
7.14869
6.47602
3.49975
3.05415
3.23733
3.33915
0.654235
3.47091
3.04616
3.12506
2.56304
6.60403
2.66059
3.31002
4.09002
1.51241
6.50484
3.72622
1.32723
1.66929
2.31927
2.82333
3.37682
0.933437
3.32498
1.3226
3.10689
0.879064
7.3768
3.78998
0.749918
3.29237
6.45213
3.70885
2.60239
3.64791
7.01604
6.79397
2.4743
2.66137
6.18343
3.39297
0.891207
3.50679
3.4769
1.34772
3.45299
2.02387
3.4678
3.107
6.51034
3.71167
3.70943
3.75123
0.312418
0.892101
7.5139
3.62072
3.71754
0.8096
4.31658
3.85855
3.38333
1.5055
3.61708
2.68655
1.31018
6.49159
2.58194
0.998714
6.20786
3.30246
3.19481
6.07851
2.93552
2.94893
0.430675
1.10794
6.73489
7.54211
0.909868
6.55963
7.49683
0.908517
2.66654
3.3993
1.79396
1.86476
2.8676
2.62819
3.35443
5.76148
2.73245
1.49514
3.45331
4.49535
3.27899
3.61495
3.29604
0.677406
3.84333
7.31397
3.28806
2.16534
2.85713
3.59043
3.75757
0.61925
3.33018
3.68863
7.01197
1.84243
0.898867
7.00155
6.18018
0.73126
3.02805
2.0448
3.74199
3.71714
4.74982
3.24058
3.33739
1.82515
1.51718
4.01711
0.43789
3.65031
1.86681
2.80306
0.880545
1.67717
3.44218
0.946626
3.99727
7.37762
1.78931
0.61714
1.41155
1.76416
2.11376
7.52476
3.35027
1.47735
3.43825
5.53932
1.31038
3.09566
3.37911
2.22133
0.883122
1.92956
0.489482
6.90337
3.46884
3.72618
0.958133
3.76436
7.11118
3.88584
3.39937
1.81432
3.89288
6.85116
1.48986
7.4426
0.63045
3.35678
1.30749
3.86314
0.519909
0.883096
3.04038
4.34252
7.22954
3.80537
3.34845
4.30087
0.248597
7.14841
0.877192
2.90764
0.678447
7.01337
6.90197
4.30323
5.86212
3.5873
1.67829
3.30454
1.31366
3.42828
3.76689
0.889997
1.47582
0.484874
3.38444
1.12027
6.93363
1.02769
1.01798
3.22187
3.3372
6.44054
7.33773
7.06308
4.28819
2.89561
0.577203
0.542964
1.06189
3.84326
0.394267
7.83013
0.45883
3.63569
2.76777
0.859867
6.62577
0.707095
1.53899
2.22747
7.60965
1.59714
3.34168
0.991797
3.39064
0.883184
3.69636
3.72645
2.75738
1.87944
7.40149
3.17962
2.74382
1.36992
8.35641
6.94062
2.72599
2.57292
3.67083
0.871335
1.94237
2.93546
0.839914
3.29553
0.862672
3.05144
7.04254
3.3249
7.2136
0.702244
2.49122
2.81889
3.35802
3.41171
1.9525
6.24207
3.8137
7.38676
4.23631
3.51761
3.03203
2.69068
0.557512
3.67278
7.8333
3.66187
1.62836
3.58773
6.18728
2.88306
3.35749
5.7116
1.70058
3.73059
2.3499
0.239781
1.00466
1.09694
3.19234
3.49229
1.4791
0.990582
7.07695
0.889268
3.67986
1.94799
0.894918
3.55375
0.456036
3.33682
7.88535
2.15934
3.0993
0.863373
1.38868
6.48009
3.67187
2.9296
6.58412
1.45293
3.2497
7.29788
1.42754
1.16915
0.890042
3.10416
0.911814
2.81422
6.93864
7.48152
0.203176
3.51317
5.74337
2.9365
3.2287
3.0273
2.01292
3.37653
6.42651
2.79377
0.869165
4.56644
2.93735
3.45294
2.92103
2.92243
3.30765
6.15099
1.35753
3.89778
7.49797
6.6606
0.900103
3.1559
3.41972
0.901372
3.37296
6.80524
3.3785
6.77743
1.88181
1.42064
7.47396
0.858975
0.390205
6.96264
3.37414
3.35754
3.34471
7.36612
3.84967
7.50208
0.640337
6.824
3.40783
0.886898
2.73359
2.94693
4.11113
7.2239
3.78975
3.31811
7.20488
2.99518
1.4103
2.34446
6.75364
7.8277
0.881348
3.20374
2.05853
2.06674
3.66778
2.8948
0.872268
3.31559
3.54294
3.87458
3.4158
0.98156
0.973441
3.34975
0.857762
3.33777
0.903007
0.501777
6.76349
7.50461
3.38086
3.09975
1.26625
0.81513
3.10605
0.691717
2.76752
1.68923
6.37579
7.01795
1.55563
3.68708
3.40561
0.880083
3.27663
0.901524
3.39892
6.69477
2.88596
6.45177
3.24281
3.48889
1.89082
2.96218
0.810174
2.43366
0.647253
0.521388
0.771902
0.84089
3.84162
1.23498
3.16724
0.799151
4.83511
2.42594
5.28387
0.631247
0.936185
0.550577
2.95815
3.95278
1.3583
7.98261
7.94316
3.01604
4.22841
1.20444
3.39851
1.0178
6.02346
3.39259
1.39277
3.5706
1.10451
0.443056
3.27825
1.94989
6.23991
6.98773
3.50178
1.46956
7.75033
3.35493
0.168593
0.945798
3.8405
1.94502
3.12154
1.16555
6.22008
3.91664
0.856471
7.08326
3.5568
1.74566
7.0465
3.57869
1.59758
5.58942
3.55441
3.3522
7.84971
3.22426
6.7711
7.07468
1.09921
4.00152
2.17455
6.95224
2.74759
3.81109
3.69952
3.41563
3.41489
3.31238
3.14325
3.63888
0.48189
3.42041
2.793
3.30594
3.41955
2.1923
3.88595
3.34324
6.5091
2.9708
0.403681
1.86673
5.77828
2.95981
2.74652
3.66417
2.94462
3.05077
0.780232
3.37559
3.18613
1.073
4.02283
3.35641
0.878919
3.33686
3.21746
1.38855
0.827422
1.10585
3.07884
3.3144
0.341452
3.37534
2.5449
3.54457
2.75889
3.3361
1.74241
1.08129
1.08932
2.95255
0.87545
7.40028
1.68541
0.775878
0.820309
3.65711
3.19277
5.81918
1.62583
3.27134
0.102951
1.94979
6.65487
2.00532
0.862883
7.42785
6.385
0.590064
7.21354
0.875765
6.23342
4.55094
7.77949
4.45749
1.44066
1.56708
0.881864
3.04097
5.84772
4.6201
3.31465
7.27474
3.75249
2.91826
6.95477
2.88006
3.78717
0.468132
7.40548
7.7362
7.74197
0.460149
0.868042
1.67457
3.13132
3.7982
0.391325
7.04245
0.69975
3.39946
1.39927
3.1194
3.539
3.9466
6.80823
3.17913
1.48055
4.79518
7.44016
0.507007
2.97435
6.38687
1.14468
1.15924
3.02258
6.29992
2.9838
1.28654
0.663459
2.80553
0.0276214
5.0249
3.60662
3.25597
0.919119
7.48344
2.69246
3.66131
3.39289
3.63833
0.793152
0.919402
4.16949
6.3913
4.07901
7.11414
3.3647
1.38471
3.20613
2.86492
3.3516
0.955918
3.37488
1.20884
0.866229
3.72207
1.64841
2.66702
3.12425
3.40919
4.66299
0.465972
5.837
6.57726
6.86985
3.08255
2.35152
2.91289
2.88836
0.425891
3.38811
3.47445
1.89244
7.67833
4.39372
3.57972
5.90792
0.316299
0.534207
3.11395
1.60679
3.39978
7.85442
1.88661
0.770551
3.14702
1.36687
6.53197
0.906147
4.33434
7.06459
3.29308
3.10885
1.27576
3.55264
1.42696
3.83279
3.98913
3.79617
5.91529
5.39007
3.35303
6.83299
6.18693
3.61916
0.885126
2.72835
0.830266
3.1742
3.29003
1.93873
3.34717
3.8149
2.94373
2.95503
7.6484
5.297
3.7441
2.0833
6.50814
1.89357
5.8008
6.94236
4.50131
0.676558
2.45434
1.21709
0.88571
3.43856
3.25213
3.12423
1.28616
7.05522
0.666328
3.84086
3.34149
6.56944
1.48152
4.08343
3.22274
1.08508
4.62573
0.816266
5.87784
3.39601
1.77744
3.99105
7.03817
3.09158
3.68425
3.91811
2.06419
4.42808
3.91047
6.46649
2.66769
6.56368
1.37546
4.94769
4.53269
1.7557
0.82471
3.92694
3.94758
2.65116
2.65355
1.5159
1.37289
3.37994
3.75193
0.935027
1.59695
0.940453
4.20401
5.56553
2.95507
3.4242
3.32817
7.68652
3.66119
5.17552
4.19159
0.613183
1.47361
3.55332
6.75133
6.87588
1.84817
2.86433
0.843569
7.38748
3.1431
0.728331
1.37642
3.18147
3.96095
6.57825
2.44419
2.46991
6.58581
1.47451
3.98742
2.95959
1.89196
0.955264
3.74882
7.05669
7.19873
3.78247
6.9928
0.911162
0.913855
1.95988
7.61777
4.20787
2.99579
6.36402
2.80881
0.252846
3.35243
3.45528
2.99049
1.45021
3.81308
7.44165
0.575025
3.75962
3.63074
1.80757
2.86638
3.79453
0.903713
3.50431
4.10423
1.44747
2.44716
6.9761
7.02736
5.23368
7.61111
0.846876
3.38923
4.01272
0.468665
1.10346
0.073462
1.35002
2.20326
5.57946
1.59178
4.98845
3.65394
6.79853
4.09147
3.23664
0.393077
4.57855
3.35814
2.73446
3.02655
5.73161
0.403919
0.661996
3.41185
6.61192
2.42685
3.20373
1.5512
0.939994
1.62847
1.90606
2.01531
3.19318
1.90521
4.44299
1.42291
2.03057
1.59323
3.90544
0.321653
3.29006
1.36875
1.91072
0.662049
1.16403
7.00423
0.959191
3.25178
5.94156
5.04976
3.0184
1.95432
1.69062
0.0972175
6.22613
3.3868
3.39208
1.64782
6.88742
7.10041
3.37275
0.732013
3.80222
7.19446
2.77209
7.08351
3.38834
0.396233
2.27575
2.96671
2.92485
0.90622
0.423686
1.4615
1.79597
0.908191
3.08596
2.52128
1.5408
4.45605
1.43442
0.920291
3.37337
3.43339
5.203
1.67623
2.82121
6.42168
3.01954
2.75605
3.78341
1.03659
3.38941
3.1193
1.94451
6.66574
0.542047
2.95463
7.17702
3.28164
5.75108
3.34815
3.33818
2.58656
3.38437
3.2398
3.32252
0.88411
5.56339
3.39934
2.28467
8.07685
2.91421
2.88094
7.14301
6.23328
4.53495
2.74649
3.39057
6.29734
1.85472
0.87889
3.19006
0.9098
2.88708
1.86064
1.13623
3.4669
1.53718
3.68091
7.9277
3.46055
7.51746
6.83245
2.9623
2.72461
0.434214
3.38046
0.556479
3.79491
3.35771
2.11193
3.73916
6.83422
1.21388
0.466058
2.88806
3.61437
3.94194
3.36134
0.731875
0.902934
3.45362
7.25298
3.01438
6.63744
3.02647
0.893859
1.79378
3.1991
3.35645
0.380175
3.37809
6.52004
1.94502
3.26877
3.20728
1.21879
3.74547
3.6807
6.98421
3.10934
4.50679
7.52505
3.8609
7.15968
0.473347
0.185696
3.1054
6.76206
3.82191
6.69653
0.878223
1.91628
3.37526
6.73055
6.42788
1.5511
1.41307
7.40326
3.72497
6.71084
4.40538
7.0996
6.16952
6.43243
2.83189
3.79395
6.49695
3.21564
1.95414
7.5706
3.56805
6.38608
2.08085
3.56365
3.36709
3.25515
3.37178
7.28344
7.40206
1.64108
3.61271
5.90095
2.7572
7.86127
3.6366
3.79762
7.04342
3.16826
1.3188
3.79863
4.66754
0.777128
1.48563
7.68679
3.73205
2.85531
3.7779
0.400449
3.38546
5.10414
7.67286
3.0646
3.68769
7.55181
1.83775
3.17566
7.15769
1.59155
7.48558
7.47826
3.70464
0.813938
6.71873
1.06897
0.64814
2.8192
6.75707
0.777508
3.38086
1.41502
7.04233
3.4856
6.77875
6.39759
3.20661
3.35543
3.09185
0.422977
4.02646
2.94985
2.61798
1.15103
2.9417
6.77653
3.85846
5.72387
2.6172
3.63864
2.79715
2.33379
2.08884
7.06392
3.0314
6.14078
1.33518
3.31406
5.83472
3.39902
3.2369
2.89882
3.76727
3.59519
2.48631
3.84779
6.68183
3.42551
2.45806
0.80432
7.17869
3.65057
3.47954
7.34514
0.353591
0.704948
2.6851
3.38426
3.86874
3.39939
3.76091
3.32237
3.40563
7.30329
6.54123
3.64185
1.68403
3.54741
6.52563
2.18266
3.111
3.37451
0.916089
3.54803
1.58404
1.34989
7.39342
0.511249
3.8445
1.96877
6.77917
3.68906
4.52519
3.02791
3.46588
3.33799
6.69178
2.53235
6.7158
6.43727
7.66104
1.66624
3.32459
2.34376
0.738039
7.42678
2.97171
1.89192
2.00545
6.4894
4.04642
2.19112
2.50657
2.78641
1.23396
1.5146
0.884612
0.994997
6.30916
6.27331
0.167376
0.177893
5.57373
0.190787
1.12191
3.88888
4.90062
2.93695
4.55353
1.42529
1.24715
3.02467
6.59211
2.94839
3.3006
4.15864
3.92425
3.26487
3.34949
0.84132
1.31669
3.05269
3.73841
1.84705
7.41428
3.72394
3.37139
0.735862
3.31071
1.03565
4.83451
1.9125
7.7917
3.37556
3.79631
2.47288
3.08832
0.849761
2.80175
0.912172
2.86942
2.53305
3.34195
3.41404
3.81433
6.94221
3.30821
2.04849
3.76378
3.3856
3.38862
3.08758
0.336256
3.40457
3.49075
3.3906
6.33899
1.78731
3.97895
1.18832
0.448542
1.64876
3.29695
1.55912
3.35457
1.42919
3.55648
0.0336814
7.46626
3.08305
3.04928
6.43111
1.59036
3.45363
1.57667
5.31966
2.03634
1.61051
2.98115
3.33664
3.51214
2.97303
7.1245
0.453542
3.0603
3.91611
3.08754
3.31696
2.92174
0.838486
6.58581
0.761743
3.67076
1.53655
2.97344
7.80942
7.7557
1.90732
7.76043
3.86614
5.36721
3.37423
6.69145
1.4346
0.875238
7.32596
3.13388
1.54081
2.58298
3.44134
0.528369
3.76745
0.748046
3.34371
1.88705
3.36003
1.51402
0.351186
0.357347
7.15215
2.58341
3.81941
3.56477
3.7294
7.33579
1.58804
1.3362
1.34384
5.88923
3.39112
6.88008
4.65005
3.62313
7.38149
3.02204
3.86696
4.47431
6.34237
1.95634
1.10923
0.834345
6.75271
3.41728
3.67157
7.35477
1.89233
2.91439
0.851485
3.37266
2.61955
3.37314
0.417386
7.09803
3.19209
0.977564
1.41657
5.89446
2.75777
6.76766
6.12424
3.53208
0.449242
2.74913
2.14064
3.40941
3.72936
6.55734
5.77591
2.84953
3.8825
6.71616
5.92319
1.78309
7.15067
5.4378
2.23535
3.71457
2.55794
3.09528
3.34046
5.69939
3.7026
6.46047
6.25091
3.38057
3.77253
3.72675
3.35528
0.427045
3.22834
2.95422
3.33099
7.00019
6.72715
3.26237
0.939713
1.71266
6.28192
3.06298
0.665282
3.26973
2.84844
3.26652
1.23302
1.72353
2.2757
0.897487
3.34425
3.44316
3.15715
3.71525
3.41842
3.72962
2.04041
2.55017
1.22101
3.78971
7.12076
2.78662
5.73276
0.756677
1.1597
0.698153
3.53352
7.40844
2.49808
3.62956
6.36871
7.12311
2.9395
3.82765
3.83552
3.3393
3.20749
2.19712
2.78837
6.56374
3.20055
4.16302
2.99844
1.39674
3.08064
7.40865
3.35316
6.0342
0.508817
1.86387
3.76022
1.53929
7.45525
2.88915
1.64953
5.97443
6.88274
6.59868
3.02219
3.69319
3.52043
3.6763
1.81195
0.824814
4.56839
3.51196
7.29211
3.4698
1.77585
3.32988
3.43106
3.62843
0.953187
1.68839
3.17981
7.32144
0.796547
0.890403
2.69239
2.86335
2.15868
2.93443
0.668524
3.70155
7.37555
0.158146
3.72159
3.20088
3.4779
3.19928
1.66628
3.31188
4.46877
3.41159
6.91667
0.967541
3.36348
2.42343
3.40984
1.74798
6.39156
1.0037
3.17684
3.339
0.91897
3.28768
4.09411
3.39685
6.65791
2.53881
6.73193
6.86269
3.67418
0.759823
3.72203
3.08854
3.07787
7.07944
7.10337
0.880797
2.88138
0.332971
3.77692
1.97432
3.79948
0.836807
2.5004
3.83263
2.86434
7.34674
5.02898
3.35113
0.836889
0.980328
6.55612
7.41964
2.89741
3.46037
0.641193
3.79929
7.39049
6.38855
3.29231
1.32644
2.88402
4.97342
5.90034
2.21254
2.42449
6.38397
3.24621
7.57652
3.34107
3.36823
6.38808
3.73726
5.53425
3.71053
0.898732
2.57056
6.61654
3.09523
1.94644
3.011
0.786531
1.60924
5.54316
2.87338
1.51344
2.49172
3.69967
6.8036
6.54
5.13636
1.59418
3.44988
0.898489
3.39745
7.51539
5.87409
0.429549
7.46782
3.77188
3.83797
7.09286
5.11823
3.16148
0.891589
3.01603
6.39381
2.53929
1.01956
2.43251
0.650001
4.9034
2.59298
3.23682
3.70663
3.99316
1.39489
0.0902036
6.61093
3.67408
7.11484
0.489201
3.08642
6.9517
3.7646
2.40858
2.85606
0.361338
1.77648
3.22701
2.731
1.54645
4.03097
3.23319
8.21953
7.38487
1.88315
7.33287
6.5865
3.27318
1.54255
3.30249
0.768377
3.49657
1.52651
3.67094
1.98775
5.95241
7.61801
6.5883
7.90005
2.95769
3.46323
3.30647
3.06585
3.87643
0.7396
0.540709
7.44547
2.94048
3.20418
0.487733
3.29843
3.40359
3.26203
3.42526
0.78113
2.68873
3.08387
2.59725
2.97226
3.26422
2.23316
0.467987
2.77625
2.7558
3.34622
1.23699
6.46482
3.78026
6.30971
3.91196
3.70573
3.35186
3.78168
6.13327
0.20205
3.65936
1.37632
3.45441
4.02381
3.16758
6.4557
3.98906
7.43262
0.916117
2.84394
3.09525
7.36189
6.53539
2.88311
6.34503
7.23238
4.69224
3.21667
1.34505
0.914269
3.47035
3.34045
3.35126
0.337238
3.35366
1.0705
3.15663
7.25248
0.664774
1.73118
7.19261
6.97156
3.65485
3.39873
0.416051
3.39322
3.23536
3.35875
0.33865
3.72003
1.46489
0.378212
3.18078
3.14218
3.84257
3.41682
3.15179
7.18793
2.97845
4.91104
5.16713
7.7914
2.3591
3.03733
3.72824
3.01323
0.357631
7.3726
6.79901
0.839222
1.06722
5.70056
4.04825
0.654152
3.88718
7.27376
1.67808
1.57428
1.5428
0.625246
1.77799
2.38841
7.13389
2.34674
0.564691
3.57259
2.31053
3.38982
1.49175
3.20518
3.46529
2.75692
4.92911
3.50894
2.9814
1.53796
1.38913
5.07886
6.59934
2.96821
3.97154
5.20402
7.45584
6.67556
7.0434
2.98363
7.06925
2.32955
0.626614
7.33572
3.19496
2.41588
3.64195
6.84477
3.47436
0.692634
6.72111
2.28176
3.3974
7.89961
1.00806
0.475257
6.46941
7.10511
1.90018
2.93545
1.97876
7.27175
0.862292
1.30075
7.57896
0.522976
3.42776
5.60607
7.0271
7.12726
3.30122
3.36009
7.36447
0.508142
1.13197
0.609645
0.649603
4.11329
4.54065
2.5376
0.833624
3.51364
1.23137
2.93814
0.557796
3.00791
7.08186
7.50732
1.37361
7.18606
7.11579
0.804088
3.79291
1.76806
7.72749
3.26282
7.47653
3.09534
1.1984
3.37272
1.12767
1.45428
1.37849
6.73181
2.5886
1.18707
1.50983
3.20825
7.91179
3.24519
7.40563
1.10081
1.41845
3.44401
3.72304
5.0663
3.04769
3.13896
3.60153
0.727439
4.3072
3.25233
3.28551
7.24994
0.752239
2.06887
2.39458
1.14237
2.39609
7.23096
5.23906
0.796102
3.29205
7.72716
3.27127
0.814933
3.32897
0.790005
3.38018
3.3457
1.60263
3.70603
3.81401
2.09301
1.54207
3.87714
2.29198
3.70092
0.881055
3.32799
2.58762
3.37888
4.121
1.59303
2.60396
3.39503
0.876045
3.31157
0.629363
2.6734
3.12547
6.81617
3.20356
3.21358
3.25034
1.8712
4.67586
7.24832
1.20109
2.43432
5.78313
3.9428
2.79509
3.14465
6.97184
1.48855
0.831479
6.5133
3.4285
6.13089
2.36663
3.76475
3.7514
7.45965
7.42087
3.33613
2.70598
3.73153
3.02954
3.35334
3.2592
7.80168
1.42279
7.28862
5.01953
0.70524
0.836165
1.88879
4.656
1.98858
2.7809
2.69779
3.37317
3.54055
3.21459
1.7648
2.82307
0.630535
1.56122
5.1709
1.71525
0.863985
7.52293
3.27767
3.27756
5.36839
7.20827
0.697951
3.26695
0.432554
2.31212
3.45937
3.18752
3.26751
7.48339
0.349995
7.19489
1.73516
2.79925
7.3425
4.00461
5.08153
2.83583
2.99572
7.4365
1.49073
1.4048
7.14297
0.882412
1.44556
3.40018
6.55957
2.52875
3.52097
3.43094
2.96969
1.42157
3.27793
0.965044
3.34891
7.40371
6.21314
0.190032
3.11195
2.99227
3.12044
1.76013
1.54968
2.77208
3.35727
6.56609
0.337824
0.82825
7.81585
4.31516
7.80696
7.11098
7.65538
1.1232
6.9683
0.726551
3.35672
1.61849
0.402531
5.12425
6.68824
7.14069
1.85463
0.884023
5.76859
3.55129
3.42232
4.64982
0.585226
3.47919
7.55315
4.20745
0.886183
3.1818
7.8694
0.805126
3.31997
4.3138
3.19193
3.31397
1.46638
1.60782
7.5094
7.16413
1.44733
0.287582
2.25155
3.79731
6.1225
1.95949
3.58226
3.34604
3.01348
3.54283
2.1679
3.35412
2.89202
5.96977
2.54905
1.2669
0.938263
1.0696
0.838179
4.31279
7.33636
0.540531
2.41124
0.141204
7.75925
3.53024
2.20251
1.1244
7.13394
1.53293
3.44895
3.09142
0.737969
7.30437
0.671441
3.44967
1.5104
0.82686
6.90472
0.892396
3.40447
3.52601
0.726647
0.572133
3.38861
7.26149
3.08307
6.21002
1.13304
6.94424
6.28044
0.691276
6.08364
2.54309
3.04042
0.552885
3.1331
3.47012
3.41157
2.99017
0.436464
3.48956
0.909627
3.17669
3.07006
2.77374
1.52261
1.39065
5.43683
6.98483
1.67495
2.67287
4.46568
0.860789
7.34216
1.38038
2.55279
3.63387
3.3442
3.68598
6.55144
2.25121
0.582741
1.14255
7.42961
0.235943
0.213004
3.67431
0.631157
7.44434
3.44567
7.56895
6.40613
1.84742
3.36934
0.690551
7.27782
3.36234
6.80262
3.02371
2.77482
1.87938
1.65912
7.76926
1.75582
3.11437
2.30358
3.04441
8.00935
3.85662
3.83403
7.32959
3.31988
7.65529
4.15022
3.18273
3.60388
5.71455
7.01332
5.42535
0.865611
3.19123
1.67583
7.56245
3.40687
4.85547
6.30821
1.9888
1.95722
3.28362
2.3308
3.5046
3.37252
7.39913
1.93786
2.17675
3.9406
3.07033
0.39483
1.53668
3.35641
2.95848
6.14186
0.63697
7.61073
1.91219
6.95226
0.263547
0.240098
1.34591
3.39554
1.53439
3.37103
0.445131
0.50043
6.36732
3.07596
3.37812
3.35677
4.98217
3.25877
0.67154
3.31581
6.99124
6.2228
6.15552
3.53297
3.32209
1.29039
7.60609
0.250634
1.52541
2.61343
3.41919
1.39696
2.97055
2.00963
6.7013
3.3889
3.70948
3.41408
3.5076
1.5039
6.91936
3.03157
3.7698
7.00252
3.18396
4.76588
6.23526
0.813748
4.69846
2.16527
4.76356
3.75332
0.9156
3.82934
6.1874
3.40821
3.09063
0.9066
3.3568
5.4425
0.846725
0.488939
1.87527
7.29089
2.97667
3.44325
1.67477
5.36846
1.78632
3.29602
0.0854921
3.13654
2.85024
2.92423
7.43022
4.76439
7.83623
7.1649
6.83707
0.764079
3.63546
2.66439
2.99065
6.04112
3.14468
0.870746
2.30209
1.50511
3.78545
0.377305
1.81666
3.61317
3.73797
3.76717
1.76393
3.32647
3.89427
1.54023
3.40701
7.0343
2.8214
3.30724
3.75708
0.863326
1.3411
1.48206
1.29206
3.09317
5.81945
2.06361
0.770487
1.89457
3.1447
3.39711
3.7337
3.43287
3.39727
0.0428999
7.34738
3.99507
5.15595
0.113944
3.15934
2.52276
2.83475
1.33231
1.73664
6.71206
3.40013
3.68495
3.72855
7.76925
0.764848
0.780794
7.3359
1.68747
3.42011
7.26023
5.45986
3.12201
3.83843
3.69839
6.74982
2.58659
2.74211
7.02311
3.36791
2.07957
0.787232
3.41393
1.30482
2.03703
1.27881
3.62233
0.46807
5.5754
3.35576
7.31004
3.76804
1.08723
3.89095
7.66213
6.75854
3.23172
0.715018
3.58581
3.75166
2.10771
3.42386
2.95559
5.7226
3.74272
0.276662
3.71076
6.59271
3.09763
7.00041
7.47975
3.54186
2.22733
7.81663
0.871601
0.654864
3.06405
5.21516
4.02759
2.49817
3.14368
5.50474
2.36254
3.84455
1.24124
0.646157
7.10254
7.0758
2.16073
2.945
3.14698
2.8203
1.08136
1.45018
1.78654
0.680684
1.83924
5.05783
3.5229
0.834643
3.83456
6.20603
3.08858
7.31476
2.95606
1.69706
2.76605
6.81028
3.40492
2.35517
2.19639
1.93346
0.64885
5.50057
6.70303
3.27852
0.0951665
3.72875
2.50415
3.36619
6.91726
3.39313
1.89504
7.13498
3.04283
3.98699
7.21388
0.649932
3.83831
2.00273
1.49508
3.46765
2.92759
7.70016
2.98187
3.00757
1.41969
6.91472
1.10787
3.75296
2.56892
0.412863
6.38903
2.24612
3.13343
2.43515
2.42133
5.69252
1.29453
1.53496
3.33736
1.90129
3.41804
1.69353
3.31045
3.90245
0.72132
7.75408
7.82528
1.24866
3.37146
3.09799
3.39809
3.36538
3.50886
3.20271
5.2139
0.341173
3.37574
3.19495
6.76992
6.902
2.9483
7.0666
6.65213
0.755905
1.46924
5.7398
5.8392
2.57675
2.96751
3.4172
4.79883
3.70084
1.36149
3.32896
5.78194
3.40529
3.23619
0.518806
0.23372
6.83797
3.3594
7.0503
7.65082
1.41054
2.81516
3.87941
7.25817
5.37176
1.36592
3.48079
2.68962
6.86081
3.71219
6.74749
1.42071
1.57782
0.711157
2.75977
3.39349
3.35681
3.37003
3.40379
2.16454
6.42668
3.16104
1.64613
1.52755
5.99871
3.34237
4.60406
1.73712
3.07226
1.54357
2.58403
3.10075
3.35636
3.41766
3.39431
5.99092
3.46374
7.38291
6.23759
3.39962
3.66497
2.95197
7.31782
3.21924
7.33472
6.86638
7.24458
4.05251
4.86929
2.56385
3.33767
0.571383
3.06617
3.55892
3.70035
1.55888
3.06745
1.4015
0.87467
3.35455
3.29107
2.18603
7.28533
2.29108
3.8287
3.49785
1.35403
6.33413
2.19031
1.63887
1.41799
1.24874
3.24089
0.376956
3.38142
1.42733
3.35568
6.54689
7.45704
3.56953
3.78043
1.95807
3.47032
2.59847
0.778745
3.23629
1.40053
1.40693
7.87451
5.67231
6.70557
6.04866
3.56954
3.51423
3.10989
3.33552
3.37065
3.4224
3.17615
3.30349
3.13706
6.64962
3.38093
1.46627
0.901384
3.30845
5.4129
1.9067
3.22459
3.39576
6.91497
6.80191
3.34491
3.74427
1.642
2.85776
6.29021
3.41064
7.28259
0.986547
1.45832
3.6468
3.39093
5.89487
3.38303
0.324443
3.87052
0.948514
6.54985
3.29563
1.82627
3.42037
3.74681
0.334676
5.60836
3.54806
4.68514
2.95003
3.92023
1.18713
3.41491
3.28057
2.97576
3.3003
3.41147
2.33504
3.2499
3.31538
3.67123
1.83117
1.50785
3.34387
1.96666
7.42111
2.68537
3.61951
6.75207
3.78208
5.70253
3.91412
1.88063
1.89356
3.1129
1.42028
7.5213
7.78302
1.88948
3.37026
1.51285
2.59252
3.24523
3.40523
3.28988
2.99523
3.55777
3.56885
2.18531
3.10383
2.89922
3.24357
7.38087
7.77212
0.376695
1.53673
6.59685
0.981939
0.530416
3.1987
1.82639
3.42539
2.34614
1.84597
0.71031
2.93767
3.03472
5.86709
0.59842
3.40342
2.8628
0.46262
2.22969
0.869239
3.41791
7.56908
7.1726
7.59967
3.166
3.02203
2.15904
2.88431
6.53082
1.19561
3.40199
7.35105
3.36695
0.846754
1.37696
2.72918
1.71848
1.89655
1.37304
3.93348
5.72
3.44486
0.805295
1.05677
3.45545
2.96209
3.66078
3.36724
0.807143
0.933223
3.336
3.26763
3.7849
3.33595
6.29566
1.59556
3.17582
2.86642
0.304343
2.71014
0.63426
3.56509
6.26122
3.3936
3.3945
1.76977
1.23412
1.76849
2.84044
1.5867
3.40312
3.04736
2.69849
7.27334
3.3931
3.50332
8.34491
6.82836
2.90259
7.12669
1.3757
0.572155
2.94518
3.1013
2.69501
7.79241
1.49955
1.52454
2.36375
3.32232
2.78896
4.39591
0.768031
3.6421
3.70079
4.24255
2.8887
7.12383
3.64273
3.23689
4.8776
2.5553
3.7623
1.44337
3.42488
3.21867
6.93111
0.819436
4.29274
3.71371
3.07506
1.39293
3.34015
3.34086
0.975894
1.84298
0.412058
0.840851
7.72311
0.482179
3.3609
3.03387
7.39567
3.67925
0.735478
2.85203
3.34069
0.853102
2.80775
5.24482
6.27198
3.35102
1.80383
0.211272
0.945025
5.98745
2.85034
1.93656
2.63523
2.78191
6.96117
3.00299
3.32074
5.1805
3.09109
4.21814
3.23064
5.96199
5.60058
0.749869
0.377086
3.45727
0.543336
3.08048
2.85382
7.42445
7.0728
5.99478
1.22413
3.40507
7.08302
3.69396
0.463793
6.36695
5.80956
1.35584
0.731445
4.68816
0.488594
2.39023
5.57148
0.816424
7.36897
3.40255
4.01856
1.48996
3.40165
1.63262
1.79308
2.39513
3.74341
7.15497
1.86726
6.78577
4.2011
6.3135
1.84705
3.07998
1.23865
2.0366
4.58343
0.619624
3.54746
1.45833
0.915533
3.1158
2.53881
3.33544
0.255725
0.686769
3.28833
7.25414
3.17189
3.16158
3.94493
6.86112
7.14783
3.29834
7.03997
0.390316
1.76113
2.48074
1.65993
3.37442
3.68993
6.78147
5.93267
2.08059
1.86616
3.17087
3.48328
0.956135
1.56792
6.45617
0.832854
0.773759
2.80474
3.75471
3.13239
3.59493
7.30301
0.180412
0.737519
1.26242
0.993338
3.00237
6.64734
2.50092
1.34593
3.3976
0.147471
1.76304
0.862174
3.0991
7.79382
3.79056
1.36747
3.35823
1.60259
6.8679
6.40618
3.86863
2.51535
7.51528
6.79828
6.7277
7.75782
-0.016929
5.32046
5.93739
3.4861
3.35973
3.66474
3.8119
2.47531
3.00479
3.34282
0.976437
0.382064
4.2633
7.41852
0.714663
3.20872
3.07472
0.877812
0.791191
3.85662
2.80697
7.50826
2.12366
3.6878
1.26286
1.85013
2.81168
7.51677
5.93256
3.37226
1.54217
2.98868
7.88897
1.91866
1.31514
3.77084
6.79574
3.30162
7.03544
2.91565
1.39866
1.55637
0.425361
3.30891
2.62548
2.12292
7.88378
3.43763
0.989539
3.56205
3.26497
4.55973
5.94127
3.61483
3.87002
0.902113
3.33675
3.35439
1.73495
6.28806
7.29611
5.95322
3.16249
0.950489
2.1891
3.79301
1.95105
1.73772
0.994888
7.1506
5.76646
4.67865
1.72562
1.55631
2.86134
3.37358
7.13068
3.27576
3.90968
2.60942
6.63398
3.39716
1.20159
4.07535
1.54794
3.29862
2.8266
1.38767
1.1613
7.16911
3.13654
1.91493
3.25446
3.35671
3.37981
2.72153
1.33259
1.89789
0.770329
0.51857
1.62027
2.87883
5.13432
7.06423
0.492119
0.87465
3.71734
1.05671
3.32757
0.995596
0.791457
3.8433
3.22984
1.25323
7.51395
3.38809
3.39333
6.83933
7.53094
0.440741
6.93696
1.29112
2.98547
4.02607
0.497315
2.89575
7.79804
1.37969
1.94163
2.79133
3.26427
0.740994
2.37274
3.28848
3.99211
3.13217
3.06336
0.870754
1.2594
3.35807
6.92912
0.818712
7.7261
8.52341
2.99574
3.07222
7.36584
3.13651
3.38831
1.23354
5.996
1.93067
4.31704
2.88393
2.23399
1.41151
2.12605
7.57195
3.39565
5.25017
7.73188
6.81091
4.61573
0.294848
3.80729
1.64811
6.41867
2.5238
1.95626
1.0033
2.75834
3.1089
7.00824
3.701
3.74639
3.52118
1.89885
0.584319
3.39596
2.76404
2.75681
3.4399
2.6936
1.46516
2.67138
4.2228
3.23578
1.53241
6.57003
0.628093
3.02027
5.6936
1.89583
5.91709
1.73503
3.76351
7.37747
1.84971
3.30753
3.3018
3.94864
3.43733
3.27422
3.77802
3.30999
1.74285
7.18152
6.80777
3.44058
1.45641
7.425
3.28028
5.85124
3.6295
3.39058
0.829913
3.32126
2.2983
0.806184
6.03722
2.83563
2.64884
2.54239
1.86221
3.27238
3.30771
0.364671
1.45672
6.96435
5.49012
3.27234
3.38516
1.95601
2.12843
3.26317
3.03309
7.1106
4.69358
7.14263
3.41077
1.82122
0.758972
3.30522
7.09923
3.85858
3.27519
3.86648
3.39045
3.27448
0.679673
7.28504
1.13479
2.36833
1.90765
0.529993
0.844456
7.67806
1.46447
3.18161
1.39157
1.13245
3.57146
3.40768
2.96063
2.88771
2.50465
3.42008
4.38519
3.19726
5.0888
6.70844
6.72154
0.623111
7.39773
3.82412
3.47238
7.19031
0.767789
5.21848
3.76245
0.649295
2.86854
6.53422
2.47022
1.17505
1.19557
1.41439
7.20106
2.57939
3.39406
3.92349
3.24005
3.85016
2.75299
7.68459
6.80016
3.50163
6.72157
7.22427
6.79307
7.63108
6.71987
2.36662
0.596447
7.45992
3.33928
2.63979
0.617336
2.31376
3.35648
0.989442
2.24281
1.92449
1.74496
3.2244
3.38503
5.95726
2.11365
7.96073
6.38888
6.74358
7.76237
1.58255
5.84828
0.120454
0.871788
5.21115
1.90044
3.14888
3.02174
2.68423
2.76963
2.10423
1.22506
3.35545
1.89895
3.1587
2.71856
1.19467
3.97755
4.11764
3.97912
2.56713
6.10702
3.98221
3.40873
3.13793
3.4142
6.59076
7.39252
3.18313
0.0432862
5.64289
3.40748
2.61003
7.23394
3.18261
0.454724
2.56437
6.69762
2.8724
3.34609
3.10502
3.06986
7.36129
2.78763
3.38902
4.60926
0.903977
2.16893
0.189668
1.39296
7.29259
3.72544
3.37402
0.394633
1.26472
2.5206
2.15551
3.26222
7.25116
3.42675
3.80814
6.06673
2.54319
1.48642
6.43423
3.22982
3.18712
3.40241
3.38958
0.367015
3.26818
1.67822
3.14858
0.40981
1.3949
3.19152
1.75003
0.666051
3.19741
1.17156
1.90638
3.63009
3.41221
1.8952
1.94652
3.78248
0.872711
7.27342
3.11597
7.21452
3.13262
7.45736
3.39769
6.83665
1.91311
2.69563
3.20599
1.38599
3.282
3.42345
3.16729
1.61168
2.06186
0.542786
3.39562
0.196764
2.04508
6.92716
7.24708
3.27985
0.803477
2.2029
3.31918
0.96475
3.42103
1.04613
3.25774
3.14789
0.253774
0.86559
3.85976
0.899781
7.09868
1.1906
2.78486
1.44119
3.36552
3.01422
1.49712
5.81927
1.39828
0.669139
0.927348
3.44447
5.43614
0.903437
3.29545
0.115228
3.79402
6.45378
0.711482
2.78835
3.6496
5.18965
7.2536
3.56076
3.41553
5.1959
3.06495
4.66917
6.47819
3.68418
7.70508
0.595926
7.42166
3.97554
2.99741
6.43458
3.49985
3.01643
2.68279
5.93765
7.14719
0.771234
3.47762
6.89628
3.08457
7.11503
1.43622
7.02577
1.31402
3.8225
1.88634
3.17249
3.40644
6.66807
3.75168
0.873687
0.940906
2.93331
7.39367
3.23549
0.177388
2.73983
1.71638
3.95576
7.09789
3.21944
2.55636
3.4128
5.89009
3.30991
2.64871
0.660456
3.44357
3.17322
1.34581
1.30595
3.05977
1.33152
3.38518
0.779387
7.13085
3.35363
2.89907
3.78818
7.26577
3.00236
3.82743
3.54954
3.27628
2.26143
0.3603
3.04571
1.02943
3.36124
6.97678
7.12611
7.17205
2.7309
3.37569
1.77163
2.55932
0.750748
1.74094
0.415409
3.24014
1.72299
6.83003
3.39016
7.13194
6.47922
2.5624
3.42914
3.31183
2.61812
2.60106
3.82794
3.37504
7.3317
0.917682
7.02312
7.42022
0.767663
3.69352
2.88314
1.00999
1.01198
1.72289
5.24084
3.37683
1.00123
1.09509
3.11762
3.26867
3.20273
3.13402
2.59317
6.69453
3.27221
2.79934
4.33562
0.608205
1.64883
6.74986
1.76878
3.04335
1.40886
1.44897
3.45536
1.12151
0.905222
3.03091
3.58098
6.82562
2.10101
1.64698
6.21716
6.99224
2.08288
6.41481
6.89755
3.32653
7.307
3.74219
3.41148
1.30912
2.96736
3.2894
3.21971
2.38096
7.77998
1.07438
7.48735
2.55975
7.63091
6.08826
2.70765
3.32156
2.01425
3.29514
6.70128
3.96898
0.390899
1.40368
1.39466
5.12645
3.2076
0.326335
3.25587
7.63026
0.68142
1.52557
2.64875
3.22535
4.80775
1.26106
3.17592
3.69105
0.995874
2.16948
2.24078
3.06609
2.95686
3.43391
3.41715
7.67251
3.8131
0.888968
0.500353
0.499996
4.05299
0.834398
3.43335
7.00088
2.03618
1.85367
1.4819
3.2136
3.29012
3.01972
0.641828
2.58311
5.51667
4.74641
0.849501
0.867462
2.57175
2.78638
7.02034
6.46944
0.190876
0.180291
3.29855
1.37046
3.46021
3.22594
5.82131
6.73334
3.22579
3.32848
1.94164
3.08906
6.82692
7.19462
7.18275
7.22356
3.89623
3.3481
3.59019
3.43127
3.14994
3.54607
1.62883
3.46941
0.739672
2.19383
1.4975
0.35069
3.03205
3.37744
6.78135
3.42633
3.04254
1.55428
2.77871
3.13635
3.29382
6.20918
6.97193
1.34389
7.04653
1.36668
3.79466
1.79439
1.7204
3.30154
7.05985
3.21564
3.10897
1.15879
0.982835
0.515435
3.74017
0.938795
7.02351
3.41663
7.36001
6.06826
3.33749
6.12934
6.68537
3.40453
2.04234
2.96194
1.93026
2.7242
2.47919
3.36692
3.26733
8.4623
7.11275
0.965068
7.16482
0.424405
1.71607
4.02811
1.8322
5.72071
6.91384
1.83459
3.2215
7.41125
0.920517
3.37389
3.35188
1.29827
3.88905
7.73394
2.81009
1.61572
0.273162
7.58666
3.30903
6.72983
3.60572
3.53261
7.32477
3.338
3.11378
1.41389
1.7142
6.91118
6.78713
2.81064
3.36835
2.82169
2.1249
3.23907
0.173556
7.82126
2.89714
3.2988
1.77833
3.97115
0.893304
3.34075
3.00134
0.249528
0.652421
3.23281
1.96495
0.584358
3.42202
3.44161
3.01073
0.978774
1.24065
1.90084
0.762031
3.57253
0.891635
3.30772
3.59498
6.20025
6.99288
6.60634
2.7082
3.05031
6.70662
0.32023
1.17568
2.74788
1.42859
3.26418
1.77508
3.23641
1.60269
3.47818
5.09994
0.443011
0.417464
7.33951
1.68498
7.90932
0.236099
4.61409
1.43499
7.07005
6.10127
6.71457
1.89976
3.30965
0.0826657
1.1532
3.69954
3.20013
3.91624
2.73023
1.70068
1.89808
0.613919
3.37071
7.0498
2.79983
1.42529
3.06081
0.129849
0.796078
7.19956
7.14111
1.92341
6.99796
4.28029
7.40007
3.07166
3.87299
0.358254
6.97568
3.17219
3.80939
3.68847
1.40393
3.34555
3.36734
3.98218
5.03474
3.36392
1.99137
3.39399
3.54465
2.44724
3.41995
2.84488
2.74048
3.34695
2.31221
3.41608
8.00085
7.21569
1.16925
7.37456
3.15102
3.28517
3.00008
1.46727
0.656682
3.12602
1.36345
6.57574
1.34699
8.22592
3.40203
3.32586
6.75856
6.70158
3.23751
1.65091
4.38219
2.77357
1.67845
3.17983
2.91673
3.00329
5.90971
3.09975
3.75775
3.21377
7.70911
3.84735
1.92411
3.80622
3.45531
3.47188
0.693765
3.71387
0.924437
3.36056
3.35961
4.0197
3.56273
5.98595
7.41744
3.7985
7.16548
3.62866
6.68073
0.942377
4.44094
3.65731
0.721562
1.96618
2.81424
6.86612
3.65505
1.4241
3.91729
1.18599
0.520178
2.8738
0.827238
3.29094
7.29188
6.98088
3.82446
6.98794
2.53066
1.13081
1.90639
3.40657
3.53021
2.8645
2.98871
2.72088
0.986112
3.7278
1.54664
2.79068
3.1018
1.31615
2.95109
7.80994
2.05299
7.36064
0.636095
3.45065
2.62879
3.8685
7.13687
3.52551
1.43131
3.40773
6.82431
1.4417
6.19515
4.27538
5.2534
3.66565
3.80838
2.96055
3.09878
1.64519
4.77669
3.19938
5.02384
4.39393
1.78427
1.23099
3.18593
2.54275
0.871312
0.891964
2.53125
3.68372
3.41995
7.55965
6.70823
3.69475
6.6751
3.17369
3.32077
1.42542
3.8651
6.99241
2.99641
6.83272
1.95282
1.26477
2.56005
6.97163
2.67989
6.85055
1.76
1.41
7.24027
3.2914
2.058
2.30534
4.93372
3.71996
3.28008
0.104133
3.31924
6.73688
4.14544
3.73429
1.60603
3.76978
3.35431
0.316288
0.557876
1.45786
0.904467
3.75126
6.99547
0.619523
2.25035
1.11924
0.785723
5.11949
0.612028
3.2684
3.65725
3.29264
2.20235
7.37704
1.81284
0.790924
5.26241
3.65068
3.73937
1.98062
1.48185
2.70339
2.75786
3.25915
3.15842
3.92298
7.88134
7.86768
3.37069
7.05002
2.65324
3.26161
0.474072
3.72556
2.81397
5.21483
1.34776
3.67058
2.71988
3.26369
1.78131
1.06602
1.4806
7.14431
1.38386
4.36222
4.56514
3.36923
3.14922
1.67505
2.74867
2.78184
1.92623
2.04821
2.91078
0.996418
3.2051
1.47126
2.97329
1.48815
3.36845
3.54422
2.48451
3.73232
0.737706
3.72867
4.13928
3.01066
7.23301
2.701
5.73978
4.58717
4.02543
3.20107
0.585652
1.82846
2.87264
3.86157
0.691568
3.42024
3.86664
3.28852
4.67509
7.40198
3.4699
1.08885
2.76357
7.54632
1.52133
3.23701
1.79008
1.96165
3.40835
7.25648
2.29059
1.40702
3.3938
3.16417
3.55261
7.53345
0.828722
7.43246
7.05184
2.67652
5.76597
3.56738
3.62959
5.97126
3.78819
7.30475
2.73932
3.00046
3.65046
3.35187
7.54037
2.84669
3.44926
6.38743
3.37245
2.71111
7.25782
3.75588
3.87561
4.64155
4.54956
4.03864
3.67052
2.14528
6.43512
1.58926
6.71507
4.35026
3.74964
6.89459
7.56625
2.81124
3.47694
1.53679
3.34121
6.23929
3.59951
7.25148
0.133138
0.237269
7.44416
0.398574
1.5862
1.95746
3.91918
0.691528
0.51142
6.07531
4.14919
2.07874
3.52707
3.98129
1.06208
2.96517
3.405
3.84938
3.91036
3.46624
3.39028
1.34283
1.16401
3.76427
2.40257
3.19571
3.56168
3.30012
0.262439
0.874744
1.94692
0.828737
0.741285
7.49175
2.95903
3.27257
7.49084
1.85901
2.18039
3.93925
6.93095
4.6311
5.13651
3.04186
3.00107
3.23494
3.93864
3.47532
0.987192
6.64471
3.91274
2.24222
3.64938
3.93608
7.26349
6.24778
2.39867
2.87489
5.16718
3.02525
1.72699
2.6906
3.38026
2.76637
0.871817
3.37722
0.881882
1.29622
6.11499
2.59859
6.99557
4.86252
1.13243
3.12459
6.85905
3.34945
3.33236
3.51918
3.55799
6.2308
3.05052
3.37953
5.84333
0.392292
0.271097
0.981676
5.83817
0.809369
3.46136
1.69543
3.38499
3.11802
7.01056
3.70972
0.926639
1.68331
0.740749
1.94026
1.32393
3.48319
3.95803
1.33581
2.25261
5.77175
7.55054
1.27167
2.54267
6.75543
1.24223
6.10367
0.995227
3.05342
3.01339
1.7117
0.727118
3.40806
1.96803
1.98067
1.02109
0.990757
3.43221
0.240592
0.935775
1.55788
1.38847
0.792876
0.725917
6.87254
6.03705
7.03276
3.38163
7.38279
3.60091
1.29166
3.09064
3.27001
3.35521
2.42916
7.37422
2.96277
3.27059
1.12457
0.792987
3.8094
1.35886
1.95262
2.94316
1.95311
1.31996
3.33346
0.447358
6.70661
1.39357
6.08421
3.47102
4.18723
0.993445
7.38104
2.31772
5.06464
3.51984
3.351
2.94476
0.608955
0.782697
7.00562
2.53493
5.63923
3.36801
0.701766
7.21397
7.32708
0.249983
0.377856
5.50133
1.98172
0.3647
1.95269
1.15305
1.5983
3.18198
1.53369
2.68375
0.511942
1.00994
1.68795
6.56608
3.27995
3.3302
3.18175
0.728394
3.43969
3.10582
2.9457
1.12923
7.36158
6.81907
2.78432
1.70452
2.4307
1.28843
7.52742
2.85223
1.02937
7.13612
3.42317
2.30042
2.2693
6.35763
0.408952
6.79948
3.85917
6.18731
3.63355
1.37162
7.50229
7.18953
2.57457
0.737423
0.898067
6.92565
4.68359
0.687446
2.04318
3.36716
7.25717
3.8273
3.09111
0.378146
1.69426
3.33937
5.92953
3.28411
2.27918
2.47718
2.97926
0.541065
3.09928
2.97658
1.45731
1.5815
0.455682
3.64629
1.77349
3.3131
0.571182
2.33913
4.2952
8.0507
3.55087
3.37694
1.94309
3.26643
6.86762
3.78343
2.68884
6.36364
3.91881
2.67508
3.19944
2.58549
3.63106
0.204791
1.55618
1.63418
6.57932
2.96458
0.875088
3.88386
6.56445
2.70573
2.86968
3.19273
0.322087
0.554141
1.33538
6.17401
3.23608
3.16632
4.90898
2.63606
6.19271
1.40047
2.28064
7.40856
0.606372
6.34212
3.41672
0.901035
7.12538
4.34726
0.605599
5.22635
8.19188
3.76058
7.27742
3.79119
6.22437
6.15462
2.61492
2.51841
0.784859
3.46165
0.81222
3.25886
3.3928
7.55308
7.22348
3.91168
1.14546
4.12629
0.785762
5.67638
7.15632
2.14372
0.500908
7.01733
7.40562
2.83039
3.25287
3.40246
7.68163
6.96502
4.13283
5.5228
7.36374
1.16517
6.87851
1.89296
3.79049
1.46355
1.78853
3.70278
2.65065
3.06909
7.28588
1.44278
4.06582
7.14282
6.59591
3.38176
3.3492
3.23792
2.50654
2.42403
3.29899
3.87086
2.48947
3.30008
6.60373
0.161329
0.90513
0.893306
6.49648
3.57251
0.473689
1.43405
3.74301
4.68968
7.09149
1.87509
2.72148
3.36618
3.35584
3.23755
1.31226
2.85932
3.2399
2.68464
3.56998
1.40244
3.41457
7.90335
1.47242
5.0801
2.76585
2.67083
3.85462
2.97244
1.30151
1.83568
3.39316
1.40662
2.38142
0.492113
1.6216
5.54018
7.41396
3.15926
3.35546
1.82256
5.20916
1.81763
3.20264
1.97328
0.705013
6.12789
6.97834
7.00188
3.22342
3.7261
6.15099
0.896468
6.57966
1.46329
3.73009
2.53592
2.98968
2.68838
2.54412
2.62406
1.72637
0.736346
3.14872
2.45413
2.54601
3.29484
6.27383
0.341917
2.99063
2.49648
0.91066
3.40593
1.34603
2.87848
3.57192
3.36725
1.5711
2.48509
2.58652
0.602971
0.274424
0.364803
8.29247
2.72439
3.07845
7.28882
3.56555
1.25978
0.23169
1.44861
3.31991
6.27937
3.9119
3.87127
3.41354
2.8484
3.25167
7.42614
2.81727
3.05034
3.85036
2.83955
7.21595
2.89102
7.45239
1.95119
4.57026
6.67722
0.313829
2.61986
3.51825
2.79818
0.269687
2.6179
3.38478
4.77563
3.36246
3.8124
7.31282
3.37201
6.54347
6.70753
3.34291
3.61009
6.95393
3.7606
3.29716
3.87076
3.77458
2.92339
2.46222
2.82861
7.31722
3.46869
0.91888
2.81627
3.70557
2.99597
0.854691
4.72113
6.31646
0.460419
1.77455
0.90252
2.97809
2.51598
1.61593
0.858093
6.46326
3.42515
3.00961
3.07528
2.85908
0.740217
6.75651
0.627289
2.78974
3.14978
2.48393
3.05159
0.870813
3.43538
6.74443
3.33087
7.31399
7.1311
1.92527
3.35394
1.48611
3.10005
7.58924
2.72383
3.38574
1.36426
1.03493
2.08871
3.84095
4.89093
1.27926
0.888605
2.19382
3.91235
7.58826
2.57144
1.7047
0.289093
6.98244
6.95023
1.99045
1.24075
3.80592
2.7766
1.28797
3.34088
2.94671
7.56636
4.00458
3.80214
3.24857
2.44811
7.40924
3.93734
7.06865
5.28414
3.35605
2.99361
3.38177
6.96809
7.14966
0.693982
0.787235
7.21257
1.92362
3.18551
3.03869
2.99953
1.35795
4.44925
2.46786
6.01605
2.41478
2.51715
0.569742
5.59878
0.973175
0.668315
1.6738
1.68823
1.40449
3.02346
1.63372
0.830513
1.63702
3.12281
2.76506
1.37317
2.82089
3.28326
7.28076
3.34564
2.94567
2.5538
1.94566
1.22005
2.48179
0.384082
2.99758
3.41091
3.54583
3.19417
7.50307
0.743067
2.08211
2.82761
1.96719
1.94398
3.02709
0.971364
7.51237
3.45326
3.66209
0.306818
2.45399
3.62875
6.49543
4.47994
0.967302
7.27741
3.6305
7.25395
3.11769
3.59124
3.29875
6.70272
0.187072
1.36402
3.02134
2.59473
2.09896
4.31745
2.96312
1.72828
6.35412
0.883121
1.30323
3.65578
2.55328
3.62235
7.38528
2.28197
2.17191
1.21041
4.48749
2.58641
3.04282
2.96086
3.39194
3.21279
0.903853
3.20198
0.44217
6.22206
1.59185
6.71971
0.560926
2.62072
3.04567
1.84359
3.39074
1.15974
0.317968
3.13745
1.61682
1.64288
3.81892
0.227097
0.820026
2.33827
1.56327
6.56876
7.57532
0.908466
0.775526
6.49199
3.11482
2.35129
1.45994
3.20088
1.377
3.30811
3.53433
1.30057
1.92775
2.69625
2.42785
0.0407627
1.34489
0.606324
7.48042
7.54554
2.27996
2.83764
1.8499
3.10775
4.0188
6.43804
7.4986
6.66519
2.21327
0.981182
2.84837
3.16777
3.4919
0.387202
2.62797
2.02157
2.37007
2.70796
1.56742
3.71693
2.68044
1.8718
6.31532
2.38874
7.44708
6.71735
3.54142
0.602092
1.43137
1.99625
1.64538
2.39335
3.21187
3.28302
7.52805
3.26297
3.86287
7.34441
1.82093
6.23069
3.23094
0.834565
1.98487
2.72294
0.870907
4.00068
7.17557
7.72455
0.719268
0.89391
3.11515
3.28303
3.16937
4.01355
5.08602
1.42823
7.18317
2.50473
0.862132
1.28702
3.34796
7.28291
1.1802
2.63904
3.31244
3.45373
7.28719
1.95285
2.5113
6.03719
3.39131
2.65406
0.727876
7.46123
0.503033
3.24043
3.32423
3.76385
1.01659
2.52314
2.81771
6.54592
1.28118
4.10102
3.31752
1.94466
0.727809
2.38286
2.36935
2.16903
3.33626
6.02835
3.36772
7.69242
3.73184
1.38568
3.22727
6.04374
2.64628
3.43769
3.47069
1.3045
7.33354
7.46706
1.75353
4.0128
7.26313
5.57729
2.10841
2.75029
0.617208
3.29714
7.27973
3.39093
5.36186
2.59118
7.75903
3.38737
6.44934
0.352672
3.45837
3.36466
2.97768
6.30325
3.86737
5.87251
2.58745
2.3381
6.24734
3.21672
7.89725
3.21608
3.21881
7.61927
3.63771
2.53876
1.4088
1.03707
0.231976
2.66764
3.24091
3.78325
1.75832
0.932206
0.708649
0.914328
3.57876
5.53415
7.14076
4.0658
3.94815
3.70778
5.47319
3.95702
3.27317
7.3378
0.937731
7.53296
1.20123
4.62955
3.92242
2.75633
0.789072
3.4022
0.866102
2.03549
2.30976
0.0548501
3.76831
3.24671
1.52025
3.31575
0.862616
1.88988
4.34232
6.73727
2.46903
3.8124
2.29654
0.685361
3.25099
6.96607
1.39712
2.34411
3.29483
0.647338
2.16978
3.26543
6.47166
1.11379
7.81032
0.696248
1.6524
2.30097
3.35683
3.68593
2.76991
3.37048
3.83932
0.758086
3.23123
2.08544
0.490144
1.93456
3.71316
3.44836
3.52094
7.18866
3.1843
3.8006
0.805841
3.25184
1.93734
3.86062
1.79464
2.33785
3.74209
3.34367
3.23176
6.60364
0.513435
7.77363
1.48331
2.01905
1.91618
3.26156
2.51349
0.807085
3.27097
2.63561
3.89742
1.35722
1.80516
1.95552
1.92792
3.44482
0.288343
6.0898
7.3933
3.83963
1.67657
3.39071
7.37754
7.07695
1.55582
1.38806
2.53468
2.99911
3.85291
3.4886
8.29847
6.7698
3.27186
2.07891
0.723655
2.36121
0.686078
0.685488
7.39028
1.40457
7.45306
0.352622
0.937856
3.09989
2.25253
1.63382
6.84491
6.66714
7.01586
2.30292
1.92006
3.11351
7.46017
2.49154
3.70368
2.94233
2.42517
2.30047
3.26355
2.90876
2.27751
7.6686
2.18162
3.83667
3.79319
0.886339
0.647425
0.846935
6.94465
4.59868
1.4198
4.5639
3.40856
1.35253
2.25042
3.42607
4.01894
6.72242
0.808464
3.4053
6.97581
4.00899
7.87204
3.36575
2.82432
2.24566
0.906743
3.18489
3.79302
3.83254
7.40724
3.29839
3.37593
0.912688
6.79718
1.11712
1.36344
3.28428
3.217
2.96403
5.68801
7.90604
2.4497
7.11651
7.09699
3.30032
2.45479
3.34223
6.83445
7.36884
3.68608
3.55114
3.37034
3.38601
3.45253
2.489
2.18188
3.31228
3.32561
3.47571
2.81423
3.78967
2.88765
4.64617
3.31316
0.74283
4.76313
3.49591
1.77536
3.13127
4.68126
2.28892
5.65126
1.45029
0.678591
1.51339
3.77034
0.864546
1.9106
5.16673
4.94965
6.21817
1.82283
1.11448
3.90261
0.686776
3.22486
7.3933
3.38086
3.30726
3.11115
4.96346
1.45653
3.40768
5.52225
2.19147
2.38436
0.390861
6.56698
5.44455
1.35337
2.71262
4.03682
2.33466
6.95586
0.188996
2.86578
0.0686717
3.24945
7.37187
7.52875
3.94942
3.35741
1.91637
1.61238
6.68813
0.961948
0.951713
0.69747
3.31613
2.20893
0.849913
5.55371
2.03014
3.83725
3.75753
7.77929
3.30462
3.30449
1.94337
2.76595
7.68789
4.77299
3.9949
2.64382
3.33569
2.72419
1.70546
2.80317
2.87519
6.98854
2.14897
3.44413
3.52198
0.950567
5.90523
3.09327
1.83991
6.44484
5.62278
1.77419
2.67521
1.15915
1.37233
3.05478
1.89915
2.95231
1.40113
3.19967
0.745698
0.651601
3.62193
2.38893
7.02015
3.35722
1.7265
7.67217
1.84081
3.36231
3.27987
0.331504
3.80383
3.30668
3.36068
3.26134
6.90893
7.32569
2.81317
3.07874
3.27155
2.76758
1.61059
5.675
2.69931
6.88712
7.70731
3.34154
3.11853
5.88747
1.36329
1.86885
7.572
3.30507
7.44417
7.20123
1.55803
3.17058
0.79393
3.42154
3.53111
2.98257
1.32059
3.34239
2.43984
4.24496
1.82337
2.23955
3.3906
3.38232
2.65659
3.41964
2.84543
6.12497
1.07483
3.99127
3.29642
3.40651
7.1845
3.45061
1.01288
2.06276
2.20658
2.22678
3.35184
7.96743
1.15694
4.08086
3.81591
4.74179
0.928728
2.95759
3.42135
3.16023
0.945975
6.20565
1.23063
3.00129
3.08083
3.29843
7.17285
0.880721
0.948849
7.11801
0.370696
0.937257
7.31595
1.67718
1.71998
2.90775
3.41962
1.14725
3.2543
3.48513
3.34943
1.94543
7.69738
1.65847
1.35649
2.7393
2.12029
2.82626
3.33614
2.36953
3.03126
3.39146
3.31568
2.33205
1.77248
2.06257
6.61497
7.03469
7.43071
1.37268
5.23845
2.07191
3.89376
2.81545
7.20193
7.4025
1.79063
3.41516
1.31075
3.36517
1.34019
2.4529
3.18179
3.17049
2.94529
2.17652
7.66892
2.74259
3.27394
4.52711
1.38965
0.0664942
0.545673
2.75427
2.09707
3.5226
2.1511
6.89562
2.13835
2.12743
1.12907
0.804068
0.294105
0.0713514
3.00516
1.77565
3.52136
3.26471
3.26677
5.06951
3.60316
3.40587
3.34305
3.47398
7.41909
1.73523
3.14929
1.83011
1.68293
1.55683
1.54262
3.39974
3.04342
3.31301
3.24375
6.79611
1.68404
3.64764
2.49158
2.97317
7.7143
3.3314
2.11726
6.47293
3.3614
1.65214
7.36806
3.98028
0.363557
3.45638
0.730073
6.25899
6.79165
0.846909
1.0005
3.26899
0.95828
7.04909
1.79658
7.12214
3.84238
2.78874
1.32624
2.05117
3.19966
0.75226
1.57885
4.52453
2.71392
3.4202
3.40488
3.27899
1.35164
7.3923
0.337578
7.28341
2.9826
3.52755
1.64007
3.66086
2.0676
3.27867
3.34615
3.45495
1.18855
4.04599
3.34985
2.90211
7.65299
3.45605
7.40245
7.2522
3.62389
0.886897
1.27049
4.35375
2.9024
2.26045
0.709942
3.19864
1.11046
7.20069
3.66721
3.89061
0.677084
3.21686
3.8072
1.82029
3.41331
3.83549
1.05371
6.0661
0.617676
2.21897
3.63009
1.53536
3.0063
1.24635
0.739756
1.96772
1.30516
0.349914
1.68438
1.06857
6.1787
3.35104
3.63048
7.64311
0.612418
3.10264
1.66438
1.22801
3.3885
2.74909
3.39998
1.77639
6.22596
6.17678
2.7241
7.76309
3.30629
2.99222
2.37593
3.19937
3.36186
1.84614
1.85532
3.19327
3.35842
0.401445
1.66178
3.19292
3.33657
1.36833
3.3636
3.59612
3.02949
4.97296
2.02257
0.53769
3.49492
2.57288
1.2675
2.22895
1.3941
7.79889
8.028
3.35026
4.02653
2.78317
3.33124
3.60346
2.12848
3.40564
2.45964
3.2998
0.36923
7.16785
2.74865
2.53954
3.56737
3.39645
0.326921
3.42162
0.297147
2.91259
3.54675
6.60862
3.09313
3.28758
7.31418
1.77369
2.80029
7.6428
6.16268
3.85259
1.78834
3.29798
0.596379
5.12357
3.07482
1.9883
0.831153
3.12708
7.13158
4.17697
2.54905
5.5663
7.50691
3.39013
2.38598
3.24083
1.79624
4.38925
3.3543
3.31504
7.04321
3.25997
0.911796
3.10108
0.977723
3.74845
3.07936
2.72439
2.97047
2.31269
3.11798
7.00279
0.865285
3.23303
0.970554
0.86176
3.05127
3.42552
1.88867
7.56551
6.6092
0.709491
3.26212
2.7202
1.4762
3.14124
5.44693
3.16614
6.97079
2.71078
3.40607
1.85981
1.88127
1.95784
1.4615
0.70493
1.29827
3.79178
6.84113
3.12523
3.96063
2.02891
7.80805
1.81172
0.917105
2.76413
3.84279
1.96439
1.703
7.47261
2.82141
2.06049
2.65143
2.03852
6.67156
3.05528
2.25665
3.84446
3.31876
0.794393
3.29814
7.82994
3.48465
3.37494
1.68685
5.88073
2.92
0.899987
3.36802
0.467756
1.74309
1.79681
6.43983
6.47141
3.40673
0.388917
2.54708
2.56346
1.384
3.09032
1.32025
2.96356
3.10601
2.8756
1.21648
6.59998
3.21555
2.76475
1.9447
7.38455
7.65813
1.55047
3.19621
6.6493
3.77781
7.42406
0.747992
1.92499
3.0322
2.22545
2.9609
4.96099
3.04059
1.60522
3.3561
1.94887
3.1575
3.25021
3.03806
2.42655
2.7564
3.05641
3.78908
1.22723
3.33253
1.70124
3.71923
2.97169
3.77618
5.81482
0.90631
2.47843
3.36152
1.95424
7.46066
3.17708
2.36434
6.89496
7.98096
2.24896
3.3581
2.73423
1.33391
7.44206
4.03212
0.971562
3.27168
0.444787
7.7802
3.18801
2.87766
2.86145
1.64491
2.93491
1.21004
3.78877
1.96284
2.36858
3.02123
7.21784
2.89596
8.15731
1.53734
3.95627
7.12392
1.11676
1.61203
0.691956
1.06391
3.21611
6.71709
7.29655
0.376933
0.884024
6.0629
3.44317
3.07277
7.46015
4.00024
4.12624
3.50202
0.728538
3.50869
1.02255
6.39232
3.61982
2.8037
2.40337
1.46536
3.26907
3.7921
2.16613
1.37605
0.730271
3.40236
6.57725
0.919499
7.49065
1.47
3.06613
1.43783
3.51461
3.36402
3.41356
1.17195
2.94003
1.9653
2.38687
1.23688
2.61165
1.93117
3.61426
0.804239
2.36713
7.41286
7.21594
2.76521
0.0812129
3.18094
6.23467
2.81161
3.12098
6.96497
0.263243
0.933936
3.35639
6.79246
7.34474
3.27453
0.860696
3.32372
3.0675
2.01859
1.36922
7.11
3.35987
0.221358
1.96799
2.92407
0.873274
0.914033
3.43515
3.35078
3.16508
7.04277
0.762131
2.76956
3.28616
2.38757
2.2166
2.01128
1.40531
1.59148
3.17611
6.81444
3.3588
3.22307
1.76775
3.20576
7.30611
3.20382
3.01728
0.716686
1.9578
2.6974
7.69269
1.52097
7.03593
1.69021
2.71465
3.15683
6.77844
5.1407
2.722
2.30072
1.34431
3.42369
0.976434
7.57693
2.72565
2.9077
3.12603
5.06499
3.20884
2.78917
7.3731
2.7544
1.70628
2.21592
3.61345
1.33508
2.29723
3.61696
3.91521
1.75978
1.95106
1.64141
3.41898
7.09626
2.66937
3.76527
2.63272
1.56913
3.4738
3.60212
3.48527
3.4387
2.92947
0.708733
3.23817
2.80615
3.30618
7.32191
7.15358
3.21821
0.878766
3.82937
3.2121
6.32229
7.67058
7.46298
3.46804
4.51489
3.0063
3.52886
1.29326
7.35855
3.14305
3.31052
2.94452
3.7029
1.93047
1.30352
1.41238
0.978507
1.27873
2.99558
2.45035
2.99967
1.58108
3.38269
1.91526
3.88283
0.345826
3.35182
1.13845
2.97218
1.70412
2.96243
1.38812
0.802408
2.26341
7.23121
1.93285
3.96301
7.15823
3.05461
1.80355
5.91997
1.27413
3.36046
3.31498
3.68792
10.488
-0.0198445
10.4511
2.99043
3.06721
3.19333
3.32299
2.96823
2.7009
1.79036
1.9463
3.86257
3.32652
4.64356
0.257057
3.36722
2.20139
1.55834
1.36997
3.09158
2.20367
2.91543
1.56633
1.79791
1.71369
2.66671
3.09761
6.69813
3.30937
1.27777
2.36658
2.96617
5.37597
3.66991
1.92556
3.00162
1.30201
0.98717
2.71439
3.24974
7.2589
2.1616
2.35036
1.40781
1.35527
3.05694
2.9196
1.2254
3.25148
7.94203
3.15311
2.64978
0.692801
0.705206
2.13548
5.7068
2.69771
1.87118
1.59688
3.39462
2.82743
2.72024
5.20563
0.726026
2.69477
1.2768
3.32052
0.367683
6.00732
0.534725
1.92003
2.32601
7.09562
9.7593
9.72116
0.0100565
3.4497
2.64674
7.42075
1.92053
3.34849
2.7949
0.933358
2.0369
2.3697
3.39106
2.35513
1.50975
7.45016
2.16255
3.31123
3.2605
5.13879
1.61993
3.17548
3.86434
0.449763
2.96982
3.83461
1.92491
1.94715
0.262525
1.50489
1.51055
0.789853
3.66463
1.53749
0.232435
0.181636
3.06601
1.81218
3.327
3.16924
3.2685
1.18234
6.46807
7.79846
2.97424
1.36419
1.11914
2.14069
2.74494
2.78985
6.11163
3.09085
1.96151
1.2661
2.4959
2.07877
1.94233
0.911598
1.58209
1.62206
2.7187
0.89873
7.98546
3.74368
4.40872
3.05284
1.37607
3.105
1.57897
3.16761
3.08162
3.35167
1.31287
3.73432
3.39292
2.47146
0.183793
2.43342
2.09055
1.99347
2.31841
3.96231
0.832279
0.846645
1.38011
3.38241
0.63204
1.85874
2.55489
3.78105
2.32982
7.37691
1.39944
3.74902
2.03892
2.01565
3.38895
2.30542
7.15697
3.07194
2.72858
0.60228
3.69344
6.59288
1.92035
3.82189
1.73304
4.84994
2.30633
1.27609
7.71592
4.02868
7.09541
7.23599
1.4253
3.3847
2.33052
7.1328
2.06239
3.29955
7.572
1.93503
1.73079
2.78056
3.36695
2.59695
3.40753
7.54367
3.02448
3.01915
3.7084
0.376884
3.22327
2.19369
0.308056
1.25437
2.53273
7.72532
2.61371
0.298529
2.90027
3.38443
2.70276
3.41491
3.42837
6.77115
3.33587
3.08208
2.3258
3.05015
1.76354
1.23412
3.00702
0.147654
0.199401
2.45321
1.49913
3.22429
0.85316
1.75053
3.32141
2.9307
2.6549
1.67154
6.83744
5.90295
4.37268
3.12397
1.15658
1.88625
1.95011
2.33058
2.10127
1.7977
2.17941
3.12712
7.49424
3.03993
2.95149
2.81491
1.38721
1.28492
3.04947
8.6558
6.40807
3.04345
3.18933
2.99608
0.98976
1.00481
2.90124
6.03542
2.78493
2.1714
3.31863
1.12889
0.307919
6.28876
7.25206
2.98677
3.40312
1.66264
6.82183
7.32005
1.20622
7.67209
3.68802
1.0197
1.93793
3.30805
3.1637
4.00375
1.94083
2.1385
2.88775
7.89173
2.71761
3.00804
3.78823
0.481295
3.26251
3.13979
2.13499
0.926068
3.42105
1.27188
0.64654
3.36274
0.73388
5.57054
0.949554
1.94238
2.43143
7.66665
2.98949
3.04265
2.11999
2.86676
3.08789
3.25273
3.84601
1.58673
2.84775
0.534728
4.00006
3.01824
3.60696
0.986963
0.827446
0.675046
2.42102
6.73964
5.1867
3.36382
1.43153
3.2242
1.93896
6.67933
2.95206
2.70641
3.26475
2.58329
2.89244
3.31486
3.01639
3.01568
2.94208
7.7928
1.93586
7.19713
3.23811
2.56814
7.60454
6.61692
1.35553
2.06692
5.48371
1.20977
1.9348
0.369538
3.73721
0.734737
2.22267
1.68571
2.24344
3.19016
1.92526
1.6155
1.26548
1.55947
2.38784
1.87694
6.65309
2.09406
1.23287
3.21807
6.60999
2.68734
7.06415
0.620101
3.39794
3.31012
1.94834
3.22061
1.81177
2.87964
0.519001
2.05426
2.26729
1.61209
7.36748
3.23844
1.52496
3.58332
7.28756
1.27746
7.78619
8.08966
1.92736
1.0871
0.754566
2.08247
3.19743
3.19787
1.22527
0.905979
2.9174
1.12046
1.3249
3.40462
1.95984
8.09524
2.9207
1.95001
1.55306
7.65297
3.13876
0.137517
2.78582
0.735524
0.915379
2.98878
2.92425
1.20361
2.98968
7.49723
3.31614
7.16871
3.5594
3.21463
3.12358
1.92756
2.28792
6.82203
0.848476
1.93654
3.35346
2.83558
7.09949
2.73039
2.99345
1.53654
2.94625
1.77961
1.95503
3.81407
3.20602
3.44732
3.18774
3.35945
3.10788
2.41943
7.02693
3.37764
1.67099
2.45802
2.97858
3.43462
1.22443
7.43075
2.87698
3.40454
3.96761
1.67733
3.63785
3.14924
3.2584
1.38969
3.42265
2.53882
3.40855
2.98534
3.40312
2.96061
1.49084
1.43341
1.62968
6.41512
2.30387
1.58688
1.80222
1.94839
2.83241
7.41132
5.99465
2.46047
3.22118
3.42065
1.70445
3.02581
3.34371
2.91916
2.54779
3.49206
6.35907
3.54053
0.708108
1.76635
4.81108
2.75699
7.40531
1.60304
2.08919
1.6868
1.16134
2.94517
7.17756
3.09305
0.596903
1.41822
1.08617
2.16884
4.59953
1.64026
2.91662
1.75661
5.1458
3.32159
2.55238
1.17135
1.16697
1.94834
1.81819
0.960414
1.27147
3.43204
2.91999
1.36912
1.47219
0.951001
1.44033
7.16131
6.56707
3.35887
2.15543
3.20703
7.80147
1.54148
3.10741
5.50439
7.31603
3.06025
3.34573
0.646663
0.858098
6.83463
3.40148
3.52167
7.39046
2.92708
3.2738
2.78544
3.38009
1.84424
3.95828
0.242554
3.36006
3.24592
3.09618
1.94301
6.73116
3.09016
6.41757
0.871403
0.894086
3.85761
1.68373
7.09726
1.24588
0.139815
3.78761
3.40969
3.3863
0.0478779
0.510188
3.59565
1.41387
1.57424
1.64805
7.58244
3.09593
1.5805
3.63788
1.42529
2.74416
1.90882
0.95132
3.4864
5.16909
1.55762
3.391
1.63395
6.09885
0.935555
3.79345
1.551
3.50764
3.76002
3.90803
5.90291
3.37284
0.810614
0.773109
1.46265
2.02763
5.71859
2.12306
6.61263
0.224625
1.38839
3.49431
6.28719
2.19665
0.788621
1.05981
3.44484
1.92652
6.03046
2.15337
1.93965
2.79448
0.36543
1.33275
2.599
3.28937
0.0230521
2.22217
3.35877
1.58461
3.39974
3.42628
2.56687
3.97701
1.96497
2.89369
3.29268
0.501391
1.92786
0.494801
0.827952
2.46835
1.96991
3.36342
3.77336
6.93219
3.08365
3.88168
0.981399
2.54746
7.14545
7.53299
1.58974
3.86703
7.34617
6.80357
0.512922
1.20109
0.825958
3.64821
2.05048
3.38293
7.51067
0.932057
1.82678
2.43771
5.98763
6.54943
0.972784
1.8314
2.95106
1.27491
3.89352
3.28106
1.8917
3.01025
7.18241
1.57547
7.29726
0.582713
3.58307
6.06077
2.63811
3.41123
3.59927
3.36024
5.63166
1.19148
1.39116
3.52127
3.2796
0.766532
1.89978
3.40444
0.658752
0.756254
2.02685
0.575815
1.80474
7.62281
7.21924
1.07402
7.49037
3.3917
0.479194
7.05548
3.60944
0.800993
2.21174
1.5837
1.2654
3.24049
6.95274
3.46174
5.88963
1.95303
3.78842
1.32592
3.53111
1.95909
2.17938
6.24939
1.91504
3.20415
4.56683
1.59229
3.00203
6.27076
1.56375
3.47251
2.14089
3.10813
1.37775
1.90419
3.3719
0.490722
1.94295
2.46587
0.306115
2.97312
3.00802
1.34378
3.09025
8.4796
1.15392
1.42037
2.99893
7.52286
3.36845
7.20018
3.40412
1.38364
7.45484
3.75625
2.19669
6.56113
2.76975
7.29885
5.29791
3.38037
3.49858
3.66605
3.03604
3.76133
1.14799
3.11432
0.915664
3.92505
2.16866
2.7227
3.30796
0.636472
3.37698
1.53528
0.882474
7.18067
7.53726
1.36642
3.2846
0.731796
3.13155
3.80897
7.49584
3.78088
2.11978
6.35145
3.36004
2.35423
3.12926
2.97041
3.83259
3.41281
3.96422
0.857964
1.54294
3.30891
7.02321
7.61243
3.44734
0.926257
6.38209
0.662462
3.34069
3.37445
3.41559
2.84884
1.4716
3.4134
3.37532
5.79458
1.46994
6.22561
1.67863
2.70864
2.22727
3.37021
3.3599
0.861927
7.70374
3.16381
3.66437
1.37542
1.25333
3.38676
3.00668
3.2029
3.24465
0.602486
3.17282
1.6655
2.90087
6.58364
3.84415
3.46574
0.851692
7.4716
0.831437
6.64628
3.42196
2.87576
7.22662
0.808763
1.93232
7.00043
6.79682
0.454425
3.33903
1.34147
2.2766
3.69971
3.22147
0.281334
0.951939
7.46505
3.39965
6.64917
7.90574
2.95746
1.33772
0.884979
7.36158
2.68012
0.674337
3.47193
2.2634
3.4028
3.207
3.50476
0.295243
3.48425
5.51184
6.19493
1.77573
1.03447
7.37748
7.29934
2.18304
3.01598
6.03427
1.3438
2.27927
3.04098
6.92703
7.42303
3.51273
2.97956
4.60934
0.24135
3.33545
3.50495
6.81673
3.79007
3.41132
7.27655
0.698844
2.67232
3.01446
7.76386
7.11264
4.8648
5.15313
2.13024
6.10006
3.33972
3.36814
1.89578
3.24541
3.99588
0.76415
2.77219
1.61427
3.04792
2.95289
3.35525
3.40991
1.59992
5.21292
3.39657
1.27425
1.5445
5.91169
2.86668
2.20605
7.41024
3.42275
0.857802
6.5353
3.89259
2.83105
-0.0134969
3.40894
1.40435
3.13686
3.76444
3.13765
3.70412
7.60174
3.77836
3.8372
1.46691
1.04876
6.20563
3.78305
0.323112
3.50164
3.27787
5.15431
0.84618
3.31528
1.29111
3.30252
6.6694
3.39927
3.16648
3.61522
3.39489
3.30026
3.35586
3.20543
3.71469
6.74591
0.666731
6.23217
6.61481
1.24918
0.788668
3.34496
6.24884
1.57958
6.76901
3.35946
5.80557
0.804966
0.0156222
3.52671
1.92018
3.71418
6.77731
5.45196
1.89149
0.631712
6.74091
3.40345
0.771495
0.832127
5.93465
0.889996
1.41068
1.19972
0.355934
2.96168
3.0755
1.34875
0.876979
3.28655
3.39852
1.14561
0.823115
0.202473
1.19926
0.858268
1.20261
3.86552
2.70579
0.881001
1.07474
0.734421
1.27573
3.87585
3.07184
0.842002
1.23427
3.18635
4.15803
7.11289
3.22295
4.02757
3.3133
3.20905
1.35001
2.7501
1.10425
3.34683
1.73468
2.29179
3.58185
3.78588
3.01957
7.05904
1.00308
3.43406
3.36999
4.30603
3.44691
7.39958
6.39022
4.0595
4.56098
3.89716
5.86256
3.17522
1.19195
0.795037
5.89027
0.997648
3.28733
3.40089
7.61163
0.466362
3.21602
3.22997
7.79627
3.35924
1.70365
6.54648
2.32459
3.54353
2.83988
3.96769
5.56553
3.2809
3.12489
0.977288
0.504961
3.98984
3.33726
0.808949
3.10132
2.78235
3.38972
6.93616
2.83929
5.76911
2.7554
2.75054
0.518064
2.07453
3.3543
3.40797
3.40354
0.826573
2.89696
3.34834
3.29213
4.82953
3.35179
3.57286
0.198104
3.86338
3.36184
3.3557
5.09582
3.34311
2.99721
0.805764
6.58622
7.51498
1.78942
7.90791
3.06364
0.900961
1.4263
3.67507
3.70729
1.95759
2.09959
6.91117
3.50454
5.27296
3.34221
5.37772
3.40382
1.95307
7.77127
6.56183
3.34172
6.71336
6.66251
5.8715
3.67782
3.26242
4.56027
2.62189
3.40495
6.71442
7.01991
0.815034
3.85671
3.16046
0.726293
7.13542
6.75889
0.224245
2.91765
2.3585
3.36755
6.76792
3.18196
7.50696
3.48721
3.26537
3.24673
0.435785
3.11955
2.21916
3.44815
3.35578
1.28253
3.48193
7.3675
7.44692
1.37361
0.608218
1.44089
0.243938
1.94307
3.48516
3.99262
1.06052
2.57768
1.13348
3.31447
3.8658
5.62895
5.59575
3.94542
1.84881
2.1996
1.43039
3.15226
7.36232
3.18535
0.822416
6.47381
1.56996
7.99423
3.25002
2.03159
0.878076
3.03556
2.7164
2.66303
2.63029
6.82696
5.69441
3.63988
5.7857
1.91245
6.36692
3.14881
7.07331
0.766465
0.80185
0.443463
3.91722
1.92504
3.41792
1.81633
3.67664
3.8201
2.68591
1.94598
0.906885
0.564033
0.433766
7.449
2.69203
3.43554
3.00399
0.926027
4.86144
3.78578
6.92819
4.14984
3.84627
3.66358
3.11274
1.80238
5.33919
0.79554
3.30889
1.73428
7.23119
4.36266
2.93765
6.32137
2.71871
4.79268
4.03739
4.05695
7.40731
1.82162
3.41511
6.74669
6.72851
1.26881
6.98189
0.812973
3.96738
7.29576
3.32395
1.02111
0.179353
3.04129
2.15569
4.53778
1.53796
3.58656
7.79396
3.94989
4.3984
6.92249
0.71898
8.25734
7.21136
0.745217
7.61322
3.49413
3.83983
3.59425
3.11132
4.47348
6.53928
8.32395
7.3441
0.333556
3.27067
0.798694
1.91345
3.35062
7.13069
4.00765
0.861577
3.41803
0.709843
4.168
0.860221
3.34167
3.62455
6.04874
1.98967
5.51361
1.23101
6.44301
0.584524
3.40816
0.49491
7.85789
3.58605
1.69031
5.22316
1.94182
7.6975
3.34313
3.2963
4.35729
3.04859
1.07184
0.821623
3.48681
7.31043
1.75489
3.30461
7.35875
3.57748
3.49847
3.07574
3.88241
0.524256
3.13192
2.42768
0.817147
7.41456
7.36892
3.22835
3.78975
3.40752
1.44143
3.76506
2.65663
0.838066
3.2544
3.40358
3.35215
2.9137
1.8356
3.38892
3.28523
3.84135
4.02366
6.62481
3.17109
1.41104
1.60284
0.366957
4.82369
3.24223
7.49909
3.88589
0.735786
7.30458
2.79984
3.15786
3.15384
3.00697
0.270577
1.83399
0.937243
7.40594
0.167503
0.550344
6.87538
5.84918
1.82813
1.58799
2.87107
7.2581
6.06284
6.98505
1.95406
3.76592
7.17457
7.86566
1.3921
7.4075
3.17222
3.00868
0.79846
3.68479
6.71302
7.32441
1.19575
3.1156
3.3123
0.859084
3.94393
0.0210277
3.00388
0.385158
0.388578
2.92782
3.48306
7.73209
0.904368
2.91404
3.5607
7.12705
2.65721
3.7801
1.94359
6.40308
3.65237
0.101505
2.41219
2.95541
0.325271
7.33819
0.226138
0.899315
0.325897
5.82995
6.04828
6.54655
3.53621
1.09411
3.18976
0.787031
1.3005
3.05328
1.60156
1.09237
7.55053
0.541419
3.29633
1.72487
0.722494
0.940102
3.75459
3.00926
3.83049
6.36542
1.67098
1.93378
0.44802
0.28495
3.67832
1.26976
3.31805
2.86879
3.38125
3.24853
2.69903
0.891312
0.352356
3.30705
7.51205
0.563875
7.70313
1.30674
3.17546
4.68899
1.75632
1.94836
7.75887
3.7182
5.69232
1.73484
3.12889
3.41984
1.78943
1.34308
3.38273
7.45842
3.05795
3.37213
2.72983
6.8793
7.20661
0.62605
5.60194
3.38373
0.930721
1.55891
2.79133
3.18567
3.10516
3.04717
3.52901
6.37451
3.74989
1.9556
3.88607
1.52793
3.27237
4.44149
2.57453
5.32868
0.99902
3.42383
3.25648
3.01338
4.92384
1.56296
1.7837
1.56629
0.879039
0.868214
0.844503
3.52633
7.52274
0.385486
3.6436
0.803262
6.14415
3.32297
3.25004
7.59246
6.16956
3.23631
3.34397
6.11182
3.47619
7.19051
2.9847
0.796763
1.05548
3.2239
3.04335
4.18648
3.26512
0.856014
3.32279
3.36793
7.16684
3.3167
2.97208
3.35361
1.04445
1.60753
4.1663
2.90366
3.40036
3.06965
1.57759
6.88662
2.75528
3.20065
3.01544
3.30667
6.99657
3.36353
2.54549
3.78832
3.39477
0.414006
0.920428
0.371337
3.32477
3.93308
5.94266
0.728269
0.84109
1.6958
3.72997
3.08504
1.2631
3.6244
1.96156
0.82095
0.636843
7.1123
0.932591
3.72006
3.68175
4.57876
2.86154
7.62489
0.396075
3.35337
3.01063
6.92141
3.62381
6.20064
7.23763
1.02093
3.01372
1.16447
3.3913
3.59082
0.72108
2.90292
3.40043
1.17643
3.67337
7.38738
3.65653
2.96004
0.0895609
5.16437
2.98759
7.39126
7.07046
5.75792
0.861794
7.24735
3.24562
3.3664
0.823664
6.48082
1.68605
3.585
2.87868
0.453301
2.33746
4.29502
3.39868
4.5247
3.20291
1.63002
3.95347
1.50065
0.328304
7.80908
1.31232
7.41236
3.6885
6.49796
7.85321
3.62851
3.40879
0.0910602
3.43634
3.8244
1.56603
1.42207
3.23328
3.34902
5.59668
0.745753
3.5174
3.40772
1.8504
1.73365
4.16988
7.18381
0.812054
0.917427
3.43115
7.45386
2.94737
1.6707
1.70444
1.82619
2.97747
0.70175
3.40928
2.73534
7.30957
3.41013
3.40151
2.81546
0.810536
3.38713
1.48878
1.26714
3.26631
7.47625
5.40181
2.9939
3.87881
0.140936
3.41059
6.95772
3.90433
0.380494
3.34164
3.62934
4.65596
6.75635
5.44024
7.11234
5.01556
0.567904
7.38003
3.51804
6.46108
2.10568
3.08515
2.14132
2.26726
0.796888
0.733936
0.931807
4.09459
7.4913
0.768242
3.7518
3.34818
0.776645
0.457214
3.4175
3.78266
1.83877
3.41182
2.7906
0.233487
6.37017
7.4279
3.94661
0.388051
3.95494
0.45188
6.57727
3.32562
0.764743
5.78189
3.31879
0.947104
2.59069
3.71934
0.760901
7.49118
2.77965
3.7881
3.35248
1.07793
0.925947
0.625815
6.26303
7.34259
2.49946
3.08012
0.51834
3.92007
2.91871
2.53612
3.08351
2.51003
7.52265
2.4854
5.9219
1.71915
1.01013
3.79463
5.75636
0.343753
7.54364
1.20349
0.215178
1.35072
2.24481
7.075
0.696516
7.3663
7.09992
3.04069
7.052
3.52287
0.747192
3.00883
0.347094
2.4288
0.789851
2.98923
1.26382
4.47116
6.50222
3.40789
0.32557
3.35164
3.78414
3.78984
3.08918
0.0846881
3.94264
6.18836
7.56182
3.03608
1.5771
1.54147
3.62589
2.78296
6.59437
2.74596
7.4024
3.44713
7.31611
3.816
3.83121
7.46784
1.31597
0.909511
3.37014
2.73337
1.38801
0.432116
1.24813
1.40124
2.89616
2.79749
3.31893
7.23229
0.650283
7.38879
2.24305
1.13642
7.71661
3.35947
1.40495
3.19799
6.39284
1.55452
1.08293
7.67219
6.74336
3.1701
3.38342
3.12374
2.70653
0.6406
1.35791
7.39126
7.0123
5.15257
3.34482
3.34697
1.75361
7.02028
3.34665
1.40676
1.0985
0.758582
7.33622
3.50745
7.10814
2.41677
0.833226
6.26689
3.68642
1.65069
8.33124
3.36718
3.29821
2.3789
1.13729
3.49117
7.32377
2.40475
8.03142
2.22192
0.970306
1.56419
7.39669
2.40556
4.88975
1.57919
1.29513
4.14637
0.483155
2.75345
2.46289
1.12791
7.77854
3.63574
1.35606
1.98219
7.39543
0.215633
1.54842
3.1999
0.37518
2.86347
1.94463
0.758159
6.15147
0.918677
3.70068
1.18316
4.01384
2.19927
3.61833
7.36617
0.399201
3.40346
3.22481
3.46363
7.05233
0.808317
3.70947
1.90752
0.870208
0.80209
3.2303
3.98153
2.8939
1.71924
6.13497
3.24222
7.37715
3.04886
2.87223
3.05691
3.37641
2.09493
0.820704
3.44371
3.63956
0.749109
0.893134
3.67484
3.709
2.79445
1.29173
7.87213
3.13426
2.7207
7.97702
3.52993
3.7253
3.56141
0.651159
3.17233
3.77076
6.98731
3.47921
0.187528
3.40067
3.40986
6.4252
3.1245
3.3647
7.1247
0.963012
6.1172
3.41979
3.39622
1.5344
0.973569
2.51608
0.710502
7.58716
6.9068
3.14841
4.35751
3.33825
3.49139
0.759879
3.55344
1.30009
2.57379
2.88705
0.89643
3.2651
5.02463
2.52278
3.16746
5.93268
3.35014
4.93324
7.46681
7.20602
0.100952
7.39474
3.12281
3.40927
1.47053
0.808399
3.4882
0.276826
3.93719
4.3102
3.13142
4.11971
3.3256
3.79651
1.27831
3.37273
3.33507
3.40499
3.16777
3.18478
1.3693
2.83052
3.26806
3.2612
3.25085
6.72213
3.25057
3.09371
1.11744
3.16144
3.83067
5.92337
3.04944
7.28849
4.17141
3.66672
7.93233
2.18594
1.40706
3.29025
1.14558
3.21005
3.42929
3.36751
6.85817
3.3396
3.31812
0.682367
7.45116
1.68152
7.16498
1.86135
1.70895
7.2974
3.33052
0.952855
3.38895
2.01693
3.82255
1.83086
2.13408
6.61475
3.38728
5.86113
6.76018
1.12383
7.05203
3.27636
3.62613
3.68684
1.94298
2.32305
1.15266
3.27279
3.28845
2.72638
4.05129
3.38919
2.31238
3.3476
3.28984
3.82579
3.3285
2.02169
3.19668
4.88189
8.13672
3.52825
4.27419
1.95051
0.146297
3.2859
3.65587
5.62124
3.3741
3.38361
7.04852
3.29729
2.97103
3.42088
2.36191
3.90147
3.06128
1.04718
7.37923
1.27344
2.44298
2.37391
2.42751
7.61591
2.0139
3.17876
3.50091
3.065
0.312653
3.57756
1.54932
3.20216
5.41429
3.84484
2.08351
7.45742
1.54646
4.15491
7.23214
7.06289
2.66832
6.68979
7.66654
3.6534
1.89346
7.21746
2.98123
0.14177
3.31134
0.208013
2.99149
2.5832
2.90688
1.38684
3.41015
6.69889
1.91148
0.324931
3.67479
2.7874
3.11668
0.292458
7.45926
3.33462
0.42491
1.52479
0.884583
0.560453
3.36521
3.57723
7.21912
0.848722
2.54077
0.924945
4.85417
2.08552
0.23327
2.84163
3.20842
3.81684
3.80358
1.39855
0.591079
2.22887
1.41021
3.49433
2.61974
3.05769
0.872647
0.793219
3.29677
1.93835
2.41853
7.4109
2.78584
7.06962
0.321877
0.972024
5.14622
1.29774
0.742281
6.88985
0.887183
3.16676
2.82847
7.69318
2.64
6.2998
7.73729
3.41735
0.933936
3.83353
3.1719
3.7644
2.61501
3.21537
6.67562
0.236242
2.30546
1.41169
0.731475
7.1225
5.21464
3.81122
0.141898
2.87469
0.788988
7.71007
3.7239
3.22913
7.76539
0.270282
0.866113
7.05025
0.867956
3.30112
1.40188
2.4401
3.71141
6.85262
1.83294
0.297659
2.34178
1.68797
0.482229
0.705509
3.59731
3.2937
0.841079
1.25486
5.54835
1.36275
4.03046
6.4578
3.43798
2.29358
1.91015
7.00687
2.66702
3.50587
3.27556
7.33164
3.29967
3.34749
7.53005
0.435487
3.3229
3.2225
3.6421
2.62955
3.97733
3.83638
1.40482
2.69613
0.182306
2.42733
4.64451
3.37367
3.38608
0.29771
1.55543
4.93238
2.90639
3.78233
7.52622
3.30212
2.74559
0.348169
1.93209
0.737439
0.602716
1.35697
0.597566
3.76014
6.18941
7.40992
7.39892
5.11129
7.30757
1.50033
4.05544
4.26338
1.94054
4.05781
2.67063
3.38519
3.02386
3.55445
1.49168
2.51075
0.767414
3.02747
2.78827
3.38371
3.564
4.96809
5.94082
2.94235
7.65031
6.71091
3.33478
7.43289
0.658143
4.05787
0.294531
7.40626
2.94716
3.215
3.3076
7.93985
5.07796
2.74189
7.28487
1.24162
1.04773
6.93125
7.80018
6.81792
0.94692
0.736683
0.846493
2.73822
7.42233
3.58809
5.49906
6.82705
3.47598
6.95752
1.4117
4.33722
1.55013
7.00749
0.783315
7.27752
6.53175
1.45954
3.32583
3.39931
3.74742
3.72238
0.903631
3.01576
3.81097
1.79691
2.47655
8.10498
6.96441
7.56672
1.52467
0.418627
1.36658
1.09328
3.31368
3.06023
3.34872
3.39513
2.00352
0.844765
7.38163
2.31565
2.71834
3.1285
6.80066
0.859774
2.78423
5.12172
1.1169
7.24633
0.169912
3.49053
7.89411
1.07192
1.92415
3.24809
3.57021
0.789156
6.57136
2.21015
0.15117
3.12875
3.41948
1.94671
7.08167
0.671634
3.55244
1.04703
5.96627
2.72155
3.29575
3.20392
3.67159
3.17575
7.66079
3.11549
0.585085
1.95038
6.48752
6.57439
3.3703
1.35982
0.469811
3.46202
7.60584
2.9222
1.59865
3.44832
0.65203
2.76873
7.42954
7.72494
7.22846
6.64026
6.61009
7.27308
3.71447
0.753293
3.87455
4.39073
3.66536
4.69874
2.1815
0.834982
1.7634
6.56804
0.491512
1.8934
3.20983
3.0696
6.73014
1.14128
3.4038
3.31507
3.05836
1.39412
0.705699
7.40546
1.14322
3.36534
1.40648
3.42416
1.49708
4.43955
0.734816
2.76042
3.39752
2.1027
3.36956
0.739797
3.14597
0.535375
3.09501
1.05901
0.915019
2.71006
1.83318
3.55329
3.371
4.48279
3.84951
7.63685
3.10265
1.15762
0.387478
3.09856
0.739987
1.06579
3.93835
3.4867
7.10968
3.3138
3.81396
2.35436
0.906058
0.284322
1.60162
3.35347
3.13398
0.905938
3.18352
2.99236
7.65703
0.765695
6.71765
3.51473
1.72236
6.72918
3.12416
3.36207
2.53201
3.51389
0.525296
3.30556
3.21329
3.32316
3.36568
0.251707
0.396649
7.51664
3.36294
1.67153
3.24397
3.16846
1.73881
0.842284
3.15781
1.84921
6.20356
7.21878
2.9035
1.71364
0.749738
3.33848
3.70522
3.29071
1.51331
0.736632
0.441328
3.30584
3.41057
7.88534
6.23007
3.34986
1.76432
6.89902
1.39441
2.88659
3.94318
2.65355
2.4267
2.74555
3.02299
3.09706
7.4177
3.3799
0.999866
0.453038
3.3074
0.783826
3.28041
3.18256
6.382
4.29199
3.421
7.13951
7.02368
1.25045
1.61348
3.42126
3.34919
0.413071
3.8007
1.89233
0.589794
5.63714
3.54864
1.39633
2.17165
3.34928
3.17656
1.77939
3.29022
7.73586
0.185715
2.91776
2.67974
0.898059
3.79383
6.70402
7.76878
3.405
3.05611
1.42818
3.86382
2.19377
5.89684
3.35975
3.45272
2.97183
2.79172
3.83203
7.53136
0.879269
3.25511
2.60381
5.74783
3.18232
3.38079
7.30654
3.37733
3.37143
1.93576
2.54259
0.590484
1.30232
1.00455
3.42931
2.21997
1.47554
2.92729
3.26213
1.31545
3.36797
3.47823
1.34164
5.90971
0.88054
7.40396
5.26973
1.0849
3.09902
6.54561
6.2815
0.958841
5.70595
3.83377
3.05563
3.19175
0.119702
1.19459
7.39155
4.52761
0.465083
0.497691
3.08274
3.80735
7.85623
3.81862
3.21751
2.84952
2.46158
1.67513
3.36614
3.19604
6.33636
3.01739
1.93731
5.85212
1.89423
3.4354
3.48777
7.42388
1.4581
2.52791
3.56515
7.64411
3.46889
3.95533
1.42941
3.49406
6.26476
3.61918
3.6443
0.185467
6.50926
0.409669
1.16999
0.66856
3.06563
2.91868
0.420488
2.37911
3.87646
3.83381
2.8993
0.859618
1.95155
6.50779
0.187052
2.76532
3.44774
5.7852
7.16101
1.94281
3.31369
3.31884
4.35669
3.34194
3.10796
3.13664
7.62125
6.64227
0.601454
1.94579
2.79142
3.3497
0.61235
3.73841
2.41088
0.227916
3.31458
0.407461
3.95798
5.08924
4.91239
3.0769
4.40812
4.01494
4.0083
0.485639
0.639418
0.0588795
3.1009
0.431058
6.94591
4.18041
0.348199
3.28358
0.856154
5.66042
3.75013
0.427704
2.72191
1.58087
7.31602
1.25446
3.36267
1.2837
6.36991
7.72727
0.151501
3.56568
0.160155
3.72432
2.69761
3.40045
2.75913
3.26163
1.19654
3.50181
4.93017
7.6636
2.0628
2.82511
2.88173
1.40007
1.50186
3.71557
0.787353
2.18356
3.50329
0.299349
7.42381
4.63999
1.87399
7.17729
7.35379
0.889869
7.08858
7.08633
3.3383
5.68222
1.99117
1.44613
3.38682
2.99517
3.3662
3.2033
5.68418
2.7514
5.56525
3.39533
0.21108
1.54367
0.616075
1.86228
7.81271
4.65752
4.16661
1.7037
3.6426
2.07631
3.3959
7.37802
1.68066
2.53162
7.47079
7.45108
3.2501
3.32567
3.31087
0.79673
3.77872
0.583998
7.26928
1.35553
5.79491
1.32533
1.26454
3.32062
6.04375
6.54672
1.72796
0.281318
0.954303
2.42559
0.226893
0.209185
1.71807
3.15075
6.04309
1.37985
2.80819
3.55592
3.35004
1.16609
3.52826
3.50837
0.520084
1.48704
2.71563
1.88674
3.19508
3.60496
3.3643
3.35975
1.4128
2.98907
3.28831
0.708383
0.121752
6.39164
2.12879
6.94607
1.13075
6.96765
2.185
5.7665
5.03973
1.26565
2.63177
3.33646
6.59605
6.48898
3.7433
6.11652
2.29537
3.30617
2.4506
0.726002
1.32199
2.98737
3.88554
7.49365
0.186247
2.48132
6.06421
3.9279
7.26443
3.51861
3.33772
3.24873
6.1919
3.14255
3.56821
7.30548
0.78363
6.09937
3.3095
2.67712
2.06139
5.1397
6.64962
3.34986
1.66276
1.3945
3.6406
0.330027
1.08463
3.5598
1.47483
5.76951
3.53624
3.2029
7.6361
2.62901
3.25036
3.45617
3.4053
7.10038
0.0763753
6.20839
3.25776
5.67517
1.41995
0.886139
7.65386
3.07618
2.33469
4.47446
1.49231
1.48535
1.12522
4.22381
1.04463
1.58389
0.999709
6.9851
2.75441
3.14846
3.38501
0.847162
4.66975
7.7105
4.37693
0.887905
4.23849
6.22299
7.50167
1.3533
3.80808
3.1024
7.65241
2.7067
2.19501
1.09546
7.43733
3.34999
7.42289
0.156992
0.674857
1.05669
6.32987
6.29239
4.69332
2.81435
0.861605
3.25714
0.806858
7.34931
3.14915
7.54193
1.462
0.983383
6.97466
3.3072
3.36782
7.21467
0.936984
5.07303
3.41871
3.77742
4.95753
4.28694
2.83837
2.2639
2.80044
3.36265
7.00444
4.8872
2.57729
7.47195
6.41341
7.54208
3.10951
2.08443
1.38227
5.62861
3.22666
7.38061
7.27667
3.3486
7.74996
0.899452
3.39274
2.06663
2.50178
3.35229
8.36982
5.68653
3.10529
3.38544
3.3007
0.709376
0.818688
1.88706
6.37283
4.18304
3.8243
1.72959
3.86599
3.33142
2.4211
4.6979
1.24776
0.825189
3.34406
8.04593
5.11469
2.52336
6.80162
3.31635
0.933936
3.63721
7.58559
2.71507
3.29983
2.96323
2.865
1.15354
0.137473
2.7059
3.30167
6.14731
3.55931
3.37757
5.34712
0.169232
3.96885
1.49909
2.54613
2.22602
7.80777
3.81058
1.91215
1.01342
3.47051
3.86188
1.43897
3.71143
1.49128
1.02773
7.88334
7.52288
1.90116
3.32315
3.98207
2.34784
3.10895
1.71127
1.4625
3.4936
2.91047
4.27331
3.50503
0.997793
5.85278
4.18932
6.89857
1.89797
7.4561
3.40403
1.85424
6.57381
6.92436
1.16901
8.19636
4.37195
7.10312
3.42539
1.47279
6.9416
3.10198
6.43906
6.41083
0.3909
4.82467
7.4639
1.05755
1.38798
7.34856
4.59035
0.541734
0.85088
1.15328
3.39507
0.742841
0.12936
3.36066
0.703037
2.18641
3.64563
7.78617
1.53227
2.80221
2.5403
6.53162
3.17566
1.47494
7.37966
6.36683
4.80214
2.34817
1.26127
4.0435
3.52905
6.31306
3.30123
3.73145
3.7511
3.64288
1.5207
7.21013
2.90949
3.30525
2.13611
5.59797
1.35038
3.32957
2.99105
7.09141
3.49234
3.38364
3.34438
3.36633
1.7774
3.24856
5.62813
4.86498
0.586001
6.46894
3.80036
7.2733
3.41074
1.91489
2.66526
0.866944
3.44755
0.674684
6.40602
1.21422
3.40099
5.59671
2.30503
1.39888
0.900717
1.39099
3.20021
2.66296
1.57512
2.35459
2.9721
3.18083
3.33577
0.934565
3.3907
2.81474
2.27601
3.78836
1.37542
3.36503
0.932378
2.33685
0.694525
6.68361
3.32916
3.44057
2.91114
3.66838
0.145288
4.07812
2.82133
2.13088
6.6728
3.28897
4.41761
3.17758
7.43448
2.78525
3.42256
7.68389
2.55702
1.55827
0.985587
0.967899
2.2968
0.596212
7.30676
3.44233
0.986064
6.61061
1.39728
2.18067
2.98216
3.38461
1.31321
2.86183
6.61091
7.11178
6.9967
5.44946
0.820835
0.772423
7.1258
3.30637
7.49498
3.9371
3.30404
2.81823
3.35067
3.37173
3.37647
3.82598
3.793
3.14528
5.22242
7.15261
7.43152
1.80315
3.41237
3.06013
0.354888
1.87925
4.08446
3.36152
2.52062
2.92298
3.46038
3.83644
3.42717
3.67208
3.39861
0.718109
2.08603
3.36782
0.751823
3.29842
7.40506
0.494754
3.43918
7.06976
0.306818
7.16535
6.52753
0.134487
2.95518
4.92832
7.27418
3.67814
4.26771
1.4225
3.77362
0.870337
3.81769
0.198276
6.09773
2.52579
7.50704
6.94714
1.72454
1.98104
2.83196
3.25611
2.03931
2.34246
3.42569
0.138364
2.62396
3.54171
7.27141
3.81105
3.50709
7.7751
5.66322
0.960532
6.36655
1.36981
2.73459
3.10104
3.23082
3.12906
2.83547
5.32321
2.82837
6.711
3.41573
3.37447
6.6185
7.42621
2.38887
3.73959
7.35074
0.705258
2.9291
7.72825
3.38309
2.3059
3.81549
7.0919
1.28981
1.8848
7.36163
3.1249
5.43333
0.181525
1.43122
5.42965
0.330871
7.50408
3.7962
3.93868
1.0475
2.91067
6.95462
2.5234
1.94882
3.23721
3.78672
0.202022
2.2391
1.34547
1.70312
0.28403
1.9478
2.90094
2.21138
3.29558
1.38769
1.35337
0.43763
3.34377
3.06788
3.30452
2.20179
0.824978
0.918383
0.573175
7.21621
3.09226
3.79335
2.4289
3.83489
3.55637
1.82583
3.21232
7.24664
3.18591
3.30729
3.93464
2.42797
3.23097
3.67858
3.34406
5.71896
3.8116
3.77322
3.50873
-0.00117385
1.08268
0.638066
7.6308
4.38758
2.32094
6.81499
7.59278
1.42734
3.32678
1.50774
1.78744
2.48358
1.93995
5.9566
2.22675
7.36643
2.48907
1.02547
3.34968
0.716611
2.85222
7.60405
3.50778
7.60828
0.532587
0.990669
1.38423
3.39113
0.534592
1.86289
7.60027
0.831622
4.34492
3.16758
0.23993
0.623698
4.97906
7.12889
2.35306
3.5361
7.54869
3.81098
0.260908
1.44827
3.10001
6.84922
3.16059
7.51396
3.55236
3.34772
0.546545
3.74843
3.36721
5.36501
2.80099
2.79223
3.29258
3.32009
4.76355
1.47304
3.58828
3.88973
1.61881
2.68842
0.291234
3.38126
3.30192
0.0334869
3.29778
2.79393
3.42538
0.662094
0.946138
3.41154
2.37511
2.0277
0.907712
1.50804
3.80744
1.88401
1.94711
3.54801
0.551376
2.60162
3.30631
6.7406
0.0926359
3.34745
5.03269
2.78457
0.118886
3.79324
3.09499
6.20793
3.45922
7.09992
3.36399
2.16692
0.790784
2.33279
0.0322703
0.933111
2.70219
3.82247
2.12805
0.984721
1.44497
5.62589
6.32694
7.30317
0.49721
5.02312
4.75365
2.88062
7.54219
2.08402
2.83312
1.28453
3.05119
2.73647
7.15854
3.07015
1.7591
1.63591
6.18582
3.41813
2.65684
3.41652
7.16504
0.377559
7.2345
2.79286
1.08312
2.92834
0.544526
1.4344
7.52113
1.2601
2.77891
3.81398
0.942867
4.00229
3.52091
0.525191
0.976105
3.39086
3.29666
3.87685
0.861732
1.33458
3.08641
1.48334
0.73301
7.48269
0.510236
7.70563
1.90031
2.26302
2.04902
3.72133
3.5127
1.45587
0.224515
3.3653
2.67551
1.95047
3.19341
1.35304
2.04523
3.3772
7.34206
1.18851
7.38553
1.07907
3.08169
7.77434
5.14955
2.92274
6.87114
6.99766
1.05457
3.54953
3.3612
1.92235
7.08442
3.19191
7.39328
3.81763
6.4541
1.81498
2.22045
7.43043
3.83786
0.404286
3.67654
6.73088
0.211397
7.20173
4.01004
6.23261
7.30463
2.19385
2.16294
2.76356
7.23634
7.17199
4.0162
3.29892
3.45497
6.96552
1.89456
1.86292
3.35873
7.27924
1.46312
4.36469
0.383806
0.24833
2.1615
1.12491
6.47748
7.1644
3.16612
0.892395
2.68763
3.97056
7.32605
0.742414
5.49337
2.84536
3.94036
3.7821
0.585807
3.63627
5.22818
7.84013
1.35054
2.36619
5.67971
3.41322
1.56705
0.808576
7.31522
6.90992
3.98448
4.1333
7.23506
7.45092
0.713015
2.83197
1.94599
5.95482
2.81534
0.726283
0.583589
2.12638
0.707411
1.61897
2.56893
0.538791
2.83594
4.52129
0.919527
1.06992
1.56009
0.394464
1.26496
3.41558
3.27163
3.64814
8.33111
3.16557
3.02534
3.76649
2.1892
3.2706
0.984621
3.30044
4.04971
1.23509
2.98107
0.141682
0.932957
3.40277
1.85776
7.03807
2.98037
4.40141
3.11582
3.66364
2.97655
1.7491
3.18731
3.63381
5.72153
7.14596
7.40563
3.35439
1.48722
1.45599
3.19983
7.6196
2.1883
7.27572
1.08103
2.14835
0.824294
2.28714
3.34114
3.6097
0.857711
6.18389
3.87109
3.70846
0.451321
1.49872
1.94725
3.46916
4.06473
5.69004
0.953371
0.696638
6.92672
3.08032
2.99045
5.1765
6.89977
0.389231
1.90719
2.75843
3.67855
7.89308
3.82819
2.46205
7.22448
3.65393
3.11181
3.16009
7.4566
3.57711
0.0495144
3.522
3.08499
3.29291
0.848271
2.11635
3.28769
3.0082
3.02698
7.87848
3.86305
2.14624
3.08787
7.73061
2.88888
3.31172
6.75772
0.884394
3.09619
3.87221
3.73551
0.17495
2.9448
2.08524
3.37715
1.3071
3.32762
0.808405
3.76435
3.64729
3.33201
3.41881
3.46585
3.41066
1.90513
3.8381
0.725823
2.3947
5.10285
1.8668
0.873781
3.30303
3.80448
6.11062
2.54182
3.16629
7.50669
7.02879
0.79487
2.99952
0.278435
1.71531
7.59878
3.53417
4.51171
3.40897
0.884131
3.30428
1.51379
5.07702
0.375422
5.91907
2.92794
3.16587
0.844665
1.20821
0.883334
7.561
6.63212
1.07806
7.20899
3.28323
0.526722
5.32349
1.58501
2.10177
3.38088
1.72828
3.45807
3.87261
1.49945
3.18906
7.14346
3.11054
3.19621
2.94544
7.39677
0.302025
3.32398
7.09487
7.02553
7.06237
6.50022
2.77716
7.56039
3.13119
3.19652
1.53972
3.16098
2.3696
6.63666
3.01502
4.52475
1.09143
4.44841
3.30378
3.30517
3.49116
1.46688
3.15315
7.8204
0.929918
1.40486
1.02518
3.33674
7.22398
2.04679
3.27713
2.65317
2.65843
0.865716
7.06427
0.95589
5.28198
0.146409
3.40142
3.4211
1.44164
1.13033
2.05267
3.3556
5.0489
3.36267
0.842499
0.627096
3.69979
3.41176
0.762006
3.3154
3.3671
1.45968
6.39282
1.4052
0.580355
2.48256
3.13301
5.89585
7.20804
0.0955771
1.37758
6.03466
7.82746
2.07679
1.12257
1.5908
0.301556
0.793524
3.101
6.14138
3.39071
1.05727
2.11352
6.20848
2.49971
0.853632
0.472485
0.156897
2.75128
0.448105
1.53165
3.20203
7.01259
7.3017
5.9421
3.29521
3.41383
2.05843
3.03064
7.64165
6.65388
1.70115
6.15412
3.45664
1.38091
0.436506
1.70409
0.778658
3.90408
1.37976
3.17665
1.99663
3.16298
2.88501
6.13888
3.93218
7.20559
3.34273
2.62792
3.8353
1.86414
0.425054
3.75458
3.29187
2.82625
3.78696
1.29781
0.932733
0.737919
2.53235
1.82595
1.27965
0.872361
1.4584
1.49305
1.90655
2.90855
1.05724
3.05487
7.75538
0.371569
1.87111
1.89201
3.65465
0.309433
2.10408
7.10256
5.01167
1.54351
3.77471
2.68561
0.348072
3.16255
3.81348
4.03301
0.758266
0.847289
3.01616
3.14973
2.75764
7.57456
6.12358
3.55507
3.383
2.22441
0.705181
0.421705
1.90229
0.868957
0.802178
0.655866
2.15616
1.82165
4.46905
6.22517
7.48766
0.614499
5.72573
3.26179
3.65223
1.95561
6.97104
1.08487
1.19892
3.7336
7.80972
1.19409
3.08921
7.2351
3.36408
7.55547
4.50265
3.06574
5.80572
3.37883
1.67882
3.35581
2.45631
1.22843
2.16073
3.24514
3.30747
6.07126
3.37221
2.50038
0.831173
1.22465
2.78971
3.48538
6.41118
3.41413
3.34785
3.38459
3.5574
3.00398
3.12537
3.15518
3.78962
7.05315
7.20167
7.40632
2.9467
2.84512
4.08575
6.18955
2.38922
0.260066
3.34955
3.73648
5.50518
3.37392
2.60539
7.15757
6.87126
3.5083
3.2967
1.02331
2.59913
0.391693
4.84866
1.06224
5.23939
2.3275
6.67756
1.52178
0.907903
3.09769
5.83241
1.40865
2.35724
3.51839
1.76411
2.75531
7.10052
3.36327
7.60747
3.39196
0.847771
2.79406
0.443985
1.77572
1.77807
2.21719
7.02598
3.11048
2.16902
3.63619
3.36327
2.14149
7.64654
2.67606
3.91138
4.49825
7.93047
7.54305
6.86205
2.76729
3.29216
1.03946
3.55082
3.53812
2.73227
2.66636
3.21902
5.54687
3.9306
1.74734
2.33017
3.29342
1.96935
0.512273
3.14249
3.32462
0.376425
2.9954
0.192234
1.99374
3.15874
7.84796
1.4125
3.40687
6.71106
3.45076
3.17143
3.63754
0.210068
5.07023
0.747972
7.18231
2.91829
2.54488
0.525131
3.06837
1.12167
2.058
3.02954
0.765141
3.35812
3.81716
2.51851
3.36544
0.112625
1.40361
3.59311
3.0611
2.67088
3.45408
1.11048
1.65272
3.30314
3.39142
7.37614
7.2188
1.2076
3.53157
1.32021
1.97257
4.01
2.66347
3.08854
3.37716
7.92916
3.52021
4.23976
1.05449
2.26068
3.30511
7.22862
7.3791
3.7356
3.85024
2.18311
0.604045
5.57645
7.61004
3.61354
6.86004
7.42379
0.857208
1.88634
3.38577
0.426916
7.88725
0.193967
4.76371
2.13744
1.55756
4.29341
3.23546
3.60167
6.91364
6.7841
1.90263
2.89815
7.1999
8.21537
1.50866
0.605832
1.01337
0.565894
7.1872
5.65382
3.6749
0.770879
0.874828
2.79966
0.749716
0.0660595
1.05345
2.71126
0.31964
0.157555
0.283501
0.752093
4.67305
4.96142
3.82157
1.14488
1.95267
2.84846
2.14262
3.21344
6.28793
3.29735
7.82688
3.36236
1.38446
3.28842
6.70864
3.26639
2.07555
3.76505
7.34813
2.76699
0.387986
1.96697
3.44393
1.09815
1.22376
3.17795
4.72049
0.941203
0.525047
5.0472
1.3738
1.23883
5.4174
4.94661
1.13978
3.3577
3.1699
0.379964
1.93507
3.51936
3.60813
5.1351
1.95768
4.0978
3.29043
7.6825
2.49023
0.184743
3.25711
6.82421
3.60468
2.28183
8.01954
2.12905
2.00869
1.37621
0.293605
4.5688
1.6882
0.836483
3.32261
0.390954
3.25579
3.3556
2.26886
0.352862
3.10234
3.3783
6.41489
2.93027
1.33459
4.53503
1.44506
1.44615
3.40868
7.44848
3.19193
3.29826
7.71414
3.37158
2.06143
3.23788
3.85828
3.38069
3.25264
3.81408
2.7091
6.67208
7.47104
0.159047
0.239402
7.44422
3.19489
2.73713
6.94508
0.727858
3.79261
0.998729
0.734663
3.00722
3.22448
7.8192
0.857648
2.72041
3.18135
2.44203
2.98552
7.43332
3.26368
2.59884
8.15522
2.72291
6.4806
3.36409
3.37475
3.02649
1.37693
7.42198
3.30859
3.42123
0.862206
2.49766
2.11908
4.52477
3.18368
0.185186
6.76125
2.94154
7.26883
3.90531
0.7773
2.7071
2.31782
5.91168
7.56744
2.68616
7.17579
7.44595
1.98526
3.3159
2.4573
7.5788
2.60039
7.48345
3.29469
1.43367
0.842269
3.321
3.27434
3.99052
0.835134
7.09081
3.0323
3.93761
0.323436
3.26036
3.08636
3.39595
3.3713
2.70628
3.36761
2.99747
3.51752
3.058
3.09791
0.764112
0.198046
2.71145
7.77789
1.22255
3.32272
2.93271
1.3033
0.869173
3.68141
3.33093
3.12182
3.65323
3.12173
4.73081
7.15941
7.72468
3.09577
3.14641
7.37789
3.10135
2.56114
3.38199
7.33177
3.28462
3.27486
1.76739
3.38487
3.25865
7.09963
3.52839
3.15699
3.35949
2.41935
7.03617
0.707375
3.13289
1.04268
2.02912
1.48165
7.38806
0.889693
3.21623
2.89318
6.64598
3.78366
3.16828
2.98228
2.5079
3.14572
2.85564
1.67993
6.9729
4.01142
3.36794
7.55964
3.2885
3.49889
7.63325
3.29357
4.0454
3.19037
0.743532
4.92457
6.68502
3.13531
3.15934
7.33546
7.14382
0.772393
3.79899
7.33414
1.06234
1.42375
0.707628
2.02593
0.595842
0.773425
1.90643
1.08649
6.74672
1.69464
3.36772
1.96083
0.681471
1.40675
0.454102
7.86136
0.75206
1.95109
0.398801
3.21008
2.83927
5.65578
3.62518
1.3658
1.31618
3.01096
3.8424
3.73847
7.40247
8.08847
0.0925448
0.426105
7.41024
0.894208
5.76525
3.55613
0.706614
3.16099
3.56357
0.841099
6.63111
3.44738
0.74387
0.370176
3.05871
6.1665
0.74481
1.96367
1.43336
1.91998
1.02167
7.13647
3.38123
3.31979
2.44095
3.20447
0.112119
2.37568
2.38474
2.77734
0.618314
5.77229
2.25846
7.57373
2.89781
3.18589
1.27914
1.63339
2.96772
0.68392
3.53034
1.73156
3.28671
3.37859
1.47515
3.17367
1.1062
4.2291
1.15318
5.89974
1.7185
0.713775
2.89585
4.83198
1.66728
6.2077
0.676864
2.31947
2.93971
0.413082
1.46673
7.40269
7.50151
3.36882
1.60808
1.95973
4.70443
6.81121
7.44281
2.8957
2.96232
1.94685
1.33368
1.95125
2.52978
3.2727
0.905824
2.04743
3.34262
4.20966
3.09669
2.68918
5.88122
3.58227
1.36986
1.95087
3.45379
7.12503
5.11827
7.02292
3.19098
3.99179
2.20983
3.03732
1.1368
0.6127
2.7068
3.36273
1.1678
2.34066
3.69628
6.39937
0.263888
3.09158
3.34809
7.02821
0.693752
7.651
3.35888
1.98492
3.22838
2.51252
2.23895
5.58284
2.52422
2.54137
3.42285
3.52517
3.81605
6.56442
2.73407
0.300077
1.65966
3.2029
7.27956
8.1419
3.49591
1.25211
1.98596
6.36972
5.96798
2.40457
1.5489
0.409562
1.27661
0.248553
3.85007
0.741072
2.98199
3.49409
2.75704
0.757647
1.93976
3.31058
3.27202
1.8331
7.9231
3.79012
0.744405
3.29199
0.902651
2.85109
3.56197
0.767774
7.24265
0.745365
3.84303
2.88386
4.98613
3.52028
2.35367
4.95304
3.40498
0.761659
3.26949
5.63213
0.806463
4.68126
2.9322
2.08366
1.6875
0.922093
1.71887
3.27875
0.844685
1.755
0.541982
7.06689
0.757615
2.90278
1.44363
6.90214
1.69651
6.78692
0.970797
1.95357
0.890607
1.4033
3.08107
5.29291
4.82379
6.88329
2.78788
7.59888
1.45749
1.94892
5.1076
1.94334
3.71673
3.40631
2.61282
2.30275
0.358842
0.347353
3.22443
7.15308
3.63411
2.976
2.75884
4.60857
0.878531
3.12766
0.879915
3.81746
2.23068
6.79477
0.583619
1.90667
4.19148
7.24858
1.154
3.3364
6.7549
3.39721
3.35228
2.5417
1.25289
6.74886
1.29165
5.68259
0.145105
6.55516
1.42251
2.04957
3.44893
1.35019
2.10984
1.46989
0.463018
3.42411
6.21581
4.123
2.77599
5.65072
2.8679
7.35913
3.87076
2.93368
3.22219
3.37458
7.04507
2.96358
3.17428
3.97251
0.732866
0.450987
1.11012
2.6079
1.94393
3.54245
2.211
0.881913
0.835467
6.04878
0.388103
3.84847
1.06479
1.93919
5.47121
1.94735
1.70868
2.98372
3.91051
2.81634
3.3188
2.69233
7.23945
0.856329
0.240808
6.85289
3.34159
3.16604
3.76419
3.29673
6.58855
3.17305
0.393073
7.81703
2.19709
1.41269
2.88823
6.51904
4.16852
3.32828
6.71484
7.70473
2.2045
3.72262
2.77479
0.869928
3.17136
3.34715
1.54112
7.16048
2.3793
8.01244
7.6592
7.2073
7.4305
3.41135
3.09975
1.91255
8.09879
1.0973
2.70429
2.84478
3.03691
0.361122
6.62994
2.85494
3.53257
3.46527
1.09552
2.70036
3.64855
6.91068
2.56525
2.8986
2.83583
0.14134
5.97515
2.90223
7.14696
1.93874
1.10965
0.39983
2.99297
3.5783
7.40962
0.930569
7.19348
3.29917
0.676706
1.60178
3.34885
6.56032
4.7335
1.86758
3.97718
1.59876
1.93098
2.79666
6.01735
4.77827
3.34221
1.32686
2.43051
3.29366
0.822056
5.90125
2.98274
3.30118
3.27058
3.10108
3.41074
2.47552
3.87316
1.79716
3.2256
1.88876
3.34511
1.22511
2.78931
1.9241
2.21097
0.725662
3.34386
1.31275
3.24131
3.16526
0.708461
2.9438
0.822388
1.95814
0.723949
0.761138
3.40259
7.06614
3.91431
7.56204
6.02165
1.44723
0.768293
1.86437
2.13275
7.27754
3.23221
4.85137
3.33141
2.9415
7.61016
1.36471
5.985
7.12828
2.96944
0.0693068
1.81892
0.615685
3.11299
6.9449
2.69922
3.66422
0.203703
1.0905
3.64716
2.53928
3.84723
6.52331
2.28968
1.82781
7.43847
3.41326
3.41995
3.56666
3.42698
6.88682
3.84141
0.338317
3.41095
3.21171
2.75407
4.21351
2.75852
7.56852
3.82096
2.14724
3.23745
7.12142
4.35476
1.42111
1.97012
0.564379
1.84138
3.40539
2.73693
7.50087
3.05176
2.05307
2.66812
3.09309
1.40241
1.78995
7.43082
3.54084
0.408266
1.47414
3.8755
3.01847
4.2654
3.94963
1.69389
3.40968
2.9729
7.28228
1.36775
3.39776
1.45511
1.60786
2.67154
2.7213
2.94341
3.2964
3.78927
1.70051
3.58571
2.86937
7.04105
1.88045
3.82505
0.439683
2.65997
1.82121
2.9953
1.14031
3.42421
3.68315
6.70316
2.63393
6.66717
6.57159
3.58484
2.32624
1.92322
2.08138
3.60297
2.29944
1.94871
3.30692
3.4492
5.96358
0.832441
1.55367
3.70349
0.899681
1.16857
4.21932
7.87595
6.69105
1.9649
0.151942
1.4086
0.22139
6.11804
6.748
7.52604
0.418969
7.70996
5.02064
7.5239
1.83943
3.57267
0.925052
2.14195
3.18822
6.68754
1.83387
0.297336
4.9776
6.94113
3.30374
0.28295
2.68992
3.41013
3.67707
1.92951
3.26284
0.50553
3.83892
3.5303
3.04305
3.87491
0.744233
3.39167
3.43234
1.41648
3.9141
7.46341
2.20718
1.71417
1.95015
3.56413
3.48903
3.25507
1.28232
1.25779
7.78371
5.18696
3.1795
1.85435
1.40158
4.47405
1.2243
0.6141
0.897679
0.139875
1.88558
1.26252
2.02102
2.84708
1.95058
2.60232
3.40579
1.31889
2.46329
1.92696
2.93413
2.69851
2.87738
7.17859
3.35433
7.43385
3.27564
6.63286
1.94863
3.81797
1.97264
2.01886
8.08762
3.32148
0.466309
1.26809
4.25856
3.41651
5.75964
0.871522
5.4888
2.32257
1.90451
1.44335
3.87508
3.03675
2.39416
4.06207
3.29416
1.83163
2.47258
2.06867
1.52357
1.87755
3.35376
3.40874
3.363
3.36648
0.294146
2.19143
0.842648
1.75205
0.177757
3.35758
3.04294
5.09384
6.73589
7.20852
0.775829
3.63764
3.58624
1.76866
2.58961
1.35367
1.38864
0.0333425
2.13016
6.14973
1.90199
0.252169
3.4285
3.2938
1.07752
3.52565
0.3591
2.98396
3.4829
2.18472
0.0904368
3.0004
1.99809
2.22054
3.28146
7.91506
1.34396
0.691998
2.97364
1.21055
3.35881
3.35153
0.473118
4.69532
0.138306
0.552026
7.49205
0.848565
3.10912
1.79569
3.46577
7.13608
2.67754
0.692577
3.19124
2.90824
1.33544
7.64387
3.32854
0.357991
2.59098
3.07921
2.97134
1.86218
3.39351
7.69973
3.09964
3.00225
3.1226
7.99564
0.838675
1.595
7.89344
3.36193
1.71369
3.11468
2.01034
0.732802
3.07737
3.74608
1.04261
1.92715
6.78671
5.14298
3.24452
2.97477
1.33252
1.43378
2.74879
3.21701
2.66599
5.471
1.36403
3.71718
2.91633
1.81151
3.35536
1.80963
3.40676
3.8828
3.2961
1.85669
3.39501
3.5129
2.8979
0.91927
1.71374
3.27071
0.90087
2.42818
0.820748
1.83868
3.46363
2.90058
3.3883
2.1126
6.14626
3.30761
6.16591
2.77721
0.370179
3.33454
3.15156
3.08755
1.20779
3.77655
0.35663
3.39631
6.71227
0.91813
7.57193
2.27473
2.95525
6.05351
0.744656
3.39343
1.90981
1.9884
3.2742
1.7881
3.96238
1.6822
4.47288
2.23017
2.67158
3.35364
6.1868
7.43931
1.31387
0.450532
0.496269
2.81275
7.62409
2.30953
3.18304
2.6259
1.81733
3.15276
7.20157
0.321667
7.87899
2.21828
3.42975
3.75241
2.91623
3.60457
0.0969608
2.03893
3.07617
1.29851
6.5095
0.0828853
4.66485
2.35738
7.24585
6.42696
3.07835
1.11959
2.15091
2.67853
2.89225
2.61179
3.22776
1.20403
2.25191
2.70215
6.93351
3.78646
6.77441
3.3579
7.42773
2.59332
2.59791
1.33845
0.675616
4.10398
0.81132
7.34968
1.95229
0.901064
6.90556
0.559296
7.82798
1.01361
3.32983
2.44289
3.14476
3.14333
2.52161
3.45531
3.52651
2.31444
0.882039
0.764746
3.37215
2.62388
3.01311
6.70056
3.4129
2.5219
7.42208
2.47869
2.39131
1.52716
0.305166
1.4548
3.40322
3.14483
2.85393
0.570816
3.74868
0.723496
3.13084
2.59334
0.899186
2.27631
3.19514
1.39265
6.4867
7.10345
0.868973
1.38048
3.31576
2.24161
2.94087
3.21278
1.52337
3.30964
0.778863
3.29221
2.33082
3.41141
2.41356
2.75732
0.895958
2.5673
3.06
2.73194
5.35344
2.34247
3.22562
3.121
3.21094
3.13
0.802816
7.59342
2.31257
0.923509
7.18909
7.82944
3.38034
3.41707
7.65213
6.76175
6.5279
1.67649
3.62524
0.449717
1.69211
1.40594
3.86226
2.25396
0.468223
7.23218
3.43946
0.442424
2.06321
3.77249
6.5284
3.1673
3.3552
3.02765
4.86373
3.41427
5.86076
7.63676
2.5784
5.33278
2.77906
1.31264
1.94391
7.10719
7.30992
2.45399
2.53332
5.82243
3.35573
6.93634
7.87057
7.6786
1.31593
3.01781
2.82001
0.328923
1.94939
3.30288
0.110303
0.850121
3.14613
1.33858
2.55536
6.98929
0.747963
1.88551
3.3181
3.22491
3.13776
0.100083
2.96308
2.89867
7.65925
2.27117
2.64183
4.08937
3.64397
0.885488
0.263972
4.23511
3.44365
1.84821
5.07928
2.93987
2.52674
2.84002
0.445389
2.81957
3.14391
2.87002
2.91504
6.17881
7.69719
0.276759
2.92989
3.35843
2.51394
3.35649
0.7604
3.60157
3.40729
6.18726
0.403596
2.47242
0.197015
3.39596
3.08975
6.7934
3.26365
3.30467
2.19807
2.55428
5.4271
7.10011
6.80341
2.50275
2.79058
3.12955
3.12273
1.23832
6.92478
0.860706
7.51052
1.01034
2.71265
2.44843
2.61898
3.10285
3.07624
1.77472
0.563386
3.44567
0.768108
2.59972
3.44098
3.12306
2.95986
1.18055
3.09689
7.08068
7.34762
3.07857
0.493884
6.66111
3.96637
7.51536
5.86366
1.93378
3.41095
5.24054
2.63122
3.971
0.973228
3.09998
0.0609657
3.83477
0.865122
6.03154
2.6857
2.6516
3.22674
2.97056
0.356433
6.45342
2.44754
3.2594
3.42335
1.40058
7.67883
3.1562
3.49935
1.0844
1.95476
0.714153
2.78981
6.26014
6.78467
0.796062
2.73756
7.94589
0.128627
3.27152
7.79502
2.71122
0.879149
1.12065
3.532
3.80967
6.08399
2.98167
7.39768
5.91316
2.44873
2.9756
1.41172
2.72448
1.14933
0.441284
3.47394
0.276096
3.32837
3.73259
0.934251
3.39454
3.77235
3.93128
2.74853
1.76746
7.00298
3.23716
3.46615
3.36772
3.1938
2.77658
0.264251
3.60071
1.70908
2.01206
6.17084
3.14912
3.2913
3.5498
6.58679
6.17473
6.75283
2.39527
6.20272
3.38064
7.42654
2.09783
6.94992
1.11691
7.21227
3.64453
7.37459
4.70656
3.11651
3.46355
3.02566
0.57003
3.18575
2.67779
7.00908
7.36975
0.0761777
0.0597651
3.84356
0.866407
6.42675
0.221691
1.95102
2.59913
2.80264
2.29123
6.78569
1.23685
0.612561
2.45891
3.13313
3.38134
3.40393
0.845073
7.68052
2.99213
3.94617
7.48801
0.253426
3.79537
5.851
2.6681
3.40957
1.61118
7.75427
7.92956
1.74651
5.17764
7.07938
2.92178
3.55158
3.0118
7.09219
3.35629
6.82778
0.746875
2.14796
2.97801
2.88246
2.02514
2.44303
3.05819
1.1729
1.68423
1.55143
3.28764
3.16215
2.51381
3.01043
0.85685
0.175286
1.85483
7.79569
6.82387
3.41619
7.66479
1.30963
2.75115
2.77167
3.70497
6.92074
3.17733
4.0445
1.72176
1.34774
2.21373
1.55792
7.52381
0.299885
2.02156
3.25911
3.03709
1.96419
1.95548
3.00578
7.61773
3.86199
3.36478
7.95732
1.17524
3.24693
3.21778
2.99607
2.79562
6.44915
7.5599
7.34674
1.08009
7.05328
0.157496
0.721123
1.28922
3.34726
3.35846
0.643662
2.95989
2.46227
2.94614
2.60835
2.43195
1.94972
3.3577
3.97361
3.24978
0.364089
1.28285
2.28297
2.59305
1.95375
0.881931
3.27869
3.41012
2.56121
3.01108
3.04457
7.31078
3.24296
7.1397
1.74879
1.85626
0.698881
0.58598
2.3448
2.80448
7.55996
2.9501
3.75448
1.05882
1.83912
3.33741
3.32389
0.122894
3.21347
6.87267
3.122
2.36441
0.971063
0.211971
3.27544
1.37522
3.14226
4.41227
0.609769
1.77673
3.35497
5.44664
0.555484
1.18948
1.46188
3.07705
7.30699
3.6843
4.20793
3.30097
6.11601
3.9577
2.33345
7.42983
2.99896
1.63211
0.226395
3.44415
2.86899
0.0374714
8.82293
7.15683
3.17003
2.63151
2.41849
0.982006
1.34509
3.98101
3.17806
2.98211
6.85404
4.8081
6.98745
0.608807
0.907726
1.925
7.61354
4.243
3.46855
3.04775
3.14414
2.40691
1.31535
6.99177
3.28378
7.46494
6.5468
0.863477
1.62307
3.22401
7.8428
1.94858
2.75478
7.39241
2.39861
6.99412
7.03739
1.89271
1.12435
6.97339
3.18283
2.7572
0.70275
1.05699
2.03035
2.63913
0.857063
3.29447
0.817038
2.17227
3.41495
3.30423
3.11775
3.96861
1.37775
7.43547
0.868296
1.70548
3.33605
3.32968
1.89131
8.36258
3.80978
2.79282
7.63522
1.69872
2.70136
7.52993
2.38352
7.22934
4.0374
7.55538
5.11727
7.85415
2.69061
5.37555
0.656848
2.98982
3.54165
3.37906
8.29743
3.28131
5.86297
0.884921
0.594407
5.58311
1.35006
7.05882
2.63872
2.06489
2.97215
1.19429
3.40969
5.49675
3.24805
0.775423
4.12625
4.07135
2.97569
0.756236
3.35784
7.49254
6.49189
2.65264
0.798922
3.94231
1.90948
4.2107
3.54462
0.188296
1.48387
1.4814
2.36185
2.96627
2.82109
1.1196
3.88346
2.77409
6.84995
7.28631
1.99589
0.128572
7.23258
3.54703
7.72395
0.98282
3.57628
6.75794
8.19931
6.27809
7.47217
3.29673
4.85641
4.32673
0.414841
1.1807
1.70804
0.528033
4.33342
6.70159
3.88034
2.70123
7.44793
5.10976
-0.0164683
9.29213
2.93293
1.24589
1.74526
7.51289
3.99348
2.12515
1.4582
0.896575
7.2297
1.24948
3.5381
7.59613
3.21606
2.67215
3.8364
3.17384
2.5572
2.33424
7.42502
3.37126
3.13942
2.52058
1.84254
6.51216
0.276987
6.79059
3.7964
1.98874
3.32951
4.30862
1.38876
3.19136
3.95632
7.78733
2.55604
3.18102
3.95252
2.77489
1.47519
3.32917
2.26016
6.81333
2.57307
3.36086
4.32008
3.38344
3.13886
2.77497
2.51284
2.60474
6.63046
2.72419
3.25083
5.7366
0.266721
1.47012
2.63733
0.319638
2.27642
3.76627
0.892183
7.4431
3.30706
1.31893
0.897647
0.885801
5.05259
1.19223
3.24544
3.36467
2.30526
1.91179
0.904025
2.29151
3.42923
2.5386
1.57028
3.06346
3.81806
3.25772
0.42238
4.38689
2.65668
6.92932
6.42187
2.96645
6.55571
3.24702
1.97924
3.7317
3.15862
6.85821
7.94267
3.00123
3.96118
0.0625129
1.30785
1.97123
0.81004
3.27684
2.75098
7.16369
3.27398
7.17754
0.302343
7.57352
0.91531
3.37687
6.19743
3.59532
2.81537
5.42549
3.28594
3.28706
3.19383
3.54976
2.72576
3.80437
3.04805
3.07443
3.35282
1.40215
3.97056
6.44899
4.19216
4.09401
3.03893
3.35807
4.33181
7.70874
2.89467
2.7512
3.07431
7.64206
2.10948
6.08384
0.0999798
8.44697
1.11579
3.19616
0.529114
7.706
7.04427
3.19312
3.03089
0.484248
6.93289
6.52531
0.677514
1.93695
6.12729
3.39932
3.3718
3.37876
3.00369
3.28795
1.86402
2.7139
3.29055
7.05227
3.39536
2.27025
2.51876
0.960023
3.37779
2.52406
8.33277
2.75387
0.00800587
2.1953
6.23295
3.46206
5.29676
0.753071
0.682128
2.05541
7.45437
2.14138
0.2767
3.24487
3.75824
3.22194
3.27799
0.741094
2.25865
3.06204
2.73009
0.77663
0.780375
4.10874
3.35512
7.48325
1.06549
5.84169
3.88889
2.89239
3.81009
2.25238
2.10278
2.06808
1.04598
2.45037
8.15013
3.78583
1.44776
3.60361
2.71665
3.02038
1.56115
2.11176
1.65199
1.54252
2.33833
0.650294
5.83438
0.73478
3.61592
1.31361
4.37224
2.61788
0.887934
2.67549
3.4171
0.592114
2.30448
7.87165
3.38254
2.24073
2.68954
0.523291
1.13432
2.18656
3.39997
1.8536
0.435648
2.99989
3.05315
0.984751
1.83589
7.84537
0.582568
1.28775
2.58897
0.833212
1.56618
2.80433
3.82941
2.78675
7.28599
2.51262
1.8992
3.40631
7.46812
3.05871
0.883757
3.26978
5.59246
1.59825
5.17456
1.29239
0.90054
3.51096
6.11572
2.35342
3.29587
0.206663
2.33675
3.41274
3.0835
7.44277
6.45553
6.53347
3.39114
3.54029
2.9481
2.40407
6.92828
1.79324
3.9188
3.35042
1.74886
1.26236
3.35125
1.70081
0.748891
1.95296
1.57215
3.43526
2.77181
6.40912
2.64725
1.61683
1.92379
3.30908
3.28238
7.8565
1.45575
0.408718
3.73024
1.29904
0.233923
7.43345
3.3328
1.06178
3.82883
3.49969
6.09403
2.4967
2.32677
4.55916
2.91265
3.33921
0.959123
2.95811
3.28865
1.94917
6.20384
3.54508
3.22502
3.29213
2.90022
3.54228
3.94386
3.41611
6.89751
7.09381
1.24381
3.786
6.77259
0.228106
1.12018
7.30057
3.77587
2.16984
3.82573
2.20063
7.0225
2.7657
3.36152
2.69391
3.41022
3.61964
3.28947
3.56442
7.66535
0.829359
2.12176
3.35554
3.40266
7.3581
1.69732
3.2142
3.02717
3.35554
4.39386
3.53247
2.51325
0.426234
0.365741
3.44159
2.11868
0.859541
0.399109
1.72749
0.867066
2.9543
0.51131
7.47768
1.21962
2.23887
3.42333
1.04662
6.09401
2.92956
1.2583
3.33396
7.5059
0.880627
1.7275
3.09067
2.79344
3.29558
1.79002
7.0659
0.279815
3.04983
6.73313
2.93519
1.42427
7.29894
3.1526
2.21207
2.85378
3.80377
7.26375
3.46625
3.36423
2.29971
1.88572
0.800682
1.22586
1.27309
0.726312
1.72056
0.907818
0.922217
7.40096
2.97193
7.4324
3.15164
3.36839
0.806923
7.44713
1.92265
3.53118
3.29181
7.2595
1.18432
1.25167
3.23981
2.4596
6.66327
7.60429
5.71457
5.50493
5.73758
2.20363
3.39887
3.28769
4.4937
3.37861
2.21166
2.93614
1.02742
7.57939
3.29781
2.17168
2.91518
0.75608
2.60851
0.0488436
2.93414
2.22033
7.83257
0.892892
0.830865
3.27792
3.99909
1.70428
3.38113
4.38322
2.06262
6.62048
7.68464
2.22907
4.68267
7.63491
6.42649
3.32229
3.06824
0.630619
7.68972
3.36461
3.27169
3.01993
0.821958
1.80679
3.63785
1.71006
0.618254
7.41534
0.793353
1.43568
3.46511
7.47182
0.505325
7.53
3.10379
7.14863
1.81441
2.66425
3.0053
7.91829
6.52631
0.711197
3.85854
3.02825
7.55549
3.6746
6.44532
3.12363
6.25336
2.48319
3.28
3.32707
3.69907
3.99553
0.48789
1.5566
6.22407
3.35554
3.40956
6.92724
2.1482
7.22865
0.460981
6.86827
5.13044
1.92033
3.36531
3.269
3.81907
3.23445
2.37831
2.06326
2.15246
2.76692
0.98095
4.35065
6.61428
2.96915
3.2494
3.68844
3.57292
3.38378
6.55532
5.3587
3.40677
1.43017
0.929834
3.41022
0.819076
3.64613
3.50338
1.02769
3.28472
3.34185
2.64369
3.40714
3.59484
6.80688
3.44166
3.02981
3.86507
0.868811
2.12352
3.10229
6.80306
3.28328
0.823863
2.01851
1.44143
0.33895
2.05364
2.21085
3.90904
3.30915
0.433542
7.66216
3.02543
0.61108
6.4234
1.71506
7.29299
3.41994
2.11154
3.41611
3.28563
0.589527
0.54862
7.54436
3.4141
4.9156
2.71513
7.71519
1.52646
0.174956
1.0243
3.40038
0.20176
3.38994
1.1847
0.841514
3.30227
7.55951
4.94305
3.36081
8.04336
6.40767
0.87617
0.364664
3.21356
0.763561
3.40818
0.956171
5.1558
1.21805
3.23912
2.04481
2.81416
4.04549
1.55068
4.29121
7.95658
1.43065
0.890164
1.60681
1.86744
0.757191
3.6853
0.890366
7.11322
3.29331
3.41636
3.58853
0.812657
4.00681
0.773051
7.16683
2.08937
2.7916
3.36374
2.76753
3.24878
6.89113
3.36584
3.30585
1.59969
3.38101
4.4852
3.26921
6.92221
3.79287
1.06484
2.85217
3.3613
2.17681
3.99187
1.0074
7.07456
3.14999
2.21924
3.20951
2.8452
2.74734
3.407
6.01712
2.75521
1.46612
4.03767
3.80433
7.21699
1.92018
3.31492
3.45982
2.38116
3.76532
3.54014
2.82314
1.91612
4.03883
1.00023
3.36166
3.39007
3.26349
7.68897
7.66499
7.74209
1.04312
0.844382
5.85669
0.627661
2.32279
3.23247
0.922626
0.833896
3.65831
0.515408
0.462703
3.35588
3.70374
3.2225
7.6873
0.646174
3.29349
2.67984
3.24284
1.7834
3.42332
0.823883
0.64625
3.26472
3.07084
7.2027
7.64711
3.38384
6.49431
3.27046
3.19673
7.93142
2.05816
0.855956
2.86958
3.05781
0.134448
4.2164
6.75163
2.7004
0.907563
3.33331
0.857434
4.88585
3.36536
1.1156
2.87007
2.92157
1.6761
3.02356
1.57683
7.94131
7.82138
6.19437
0.541353
7.847
7.26446
7.73487
3.95657
3.18161
3.35912
3.75794
1.96223
1.68886
3.41714
3.22476
2.16386
3.21447
2.36274
3.27075
3.15846
6.74246
3.3943
3.13915
2.8664
0.70175
3.40878
1.67416
2.58377
7.39947
3.3365
3.39046
2.10212
0.686088
0.813284
3.28021
1.82564
7.48223
6.23012
3.78441
4.58797
5.21895
1.9882
3.33454
1.26017
6.64359
4.18592
0.83123
0.693988
1.8536
6.67733
1.83484
1.73156
0.710375
2.44778
0.838977
0.777927
4.00566
0.916703
0.864368
6.63607
7.4431
2.32053
3.79914
0.862133
7.2556
7.41054
0.878408
7.78816
2.96939
3.36529
3.38486
3.327
2.35994
6.68607
6.95158
3.07568
7.35097
7.28332
5.10543
1.87693
5.81909
2.17129
0.13337
3.78732
3.04181
2.41372
3.35998
6.17627
2.64329
1.05339
6.62972
7.17884
2.98022
3.41686
3.07569
3.08386
1.17206
1.38529
0.813135
3.40224
3.51691
2.69534
4.57134
3.27452
1.29173
3.24593
3.28266
3.11577
4.30303
3.80339
3.36452
3.10891
2.85558
8.26877
7.68037
4.49891
3.28481
3.6815
3.84944
0.877393
4.8155
3.3511
7.8921
2.87854
3.402
2.30019
5.54276
6.50565
2.03552
3.1239
0.923098
4.7428
0.185016
3.23571
3.40742
7.17526
2.35502
0.841257
1.72972
0.905451
1.72619
2.50115
0.926765
3.29082
3.42872
1.95357
1.609
1.39606
2.9553
7.64569
7.41659
2.01205
1.70837
1.46461
3.53962
3.83584
3.03632
7.02548
4.48025
0.686773
2.23795
3.3666
2.00953
3.18569
2.0005
2.95891
3.08325
3.05216
1.43474
3.4857
3.42116
3.14298
2.7848
2.9143
7.55939
3.08598
1.86355
6.0516
3.39548
3.28912
4.67856
0.865306
2.37708
3.35918
0.898664
2.36624
0.851762
3.39221
2.77073
2.77346
0.995903
7.0609
2.93706
3.01723
2.85905
1.87079
2.94962
6.65795
3.80332
3.66948
0.0578131
0.904629
3.37561
7.50659
6.62718
6.52718
7.42124
6.26462
3.76132
3.40474
2.93745
4.10938
7.56571
0.117851
3.61352
6.90504
1.95149
0.313594
2.45987
2.31254
2.65382
4.2841
3.31946
4.43427
2.91457
1.67029
2.3063
3.23347
2.95932
3.3846
2.39558
1.73214
7.7145
3.37852
3.32844
3.06419
3.78303
3.36996
2.76037
0.402643
2.41803
2.74944
7.61154
3.4097
3.40154
3.45091
6.5049
2.68339
0.96501
3.83823
7.43829
2.55818
2.39174
1.33579
0.381887
7.10557
3.37695
3.6224
7.2192
3.87255
1.97948
3.4135
0.990897
3.04794
0.826601
0.0536067
1.9759
6.68893
3.20231
2.9705
7.67768
3.18046
1.05562
3.57571
0.692018
3.30167
7.40749
3.35044
3.38861
3.7037
2.92698
3.53754
6.39595
3.21113
3.3339
3.27031
0.879362
1.79549
0.531095
3.35167
3.86538
4.90286
1.67749
1.94164
7.46368
1.96869
2.79572
0.971332
3.65917
3.36968
2.40713
0.883115
3.37741
7.44849
3.39151
8.18823
3.31159
1.13589
3.3719
3.09278
3.2824
2.78822
5.97827
2.86292
6.53769
3.00556
3.35313
3.20321
2.22597
1.92985
0.81907
2.48007
2.39371
3.24362
6.79368
3.12986
2.61538
3.67287
7.20475
2.88412
7.19478
3.89899
7.72863
3.44285
1.11184
3.27707
3.15369
2.16318
0.831558
2.78947
3.29159
7.41334
3.18269
3.10241
7.35079
3.08854
3.38566
7.50161
2.78197
2.972
2.77425
2.87982
1.88526
0.815904
3.39442
0.91425
3.05946
6.75808
2.21775
2.495
3.33828
7.40227
3.29233
4.17709
0.715124
2.39985
1.96643
0.835522
6.64344
0.870447
3.41115
2.39861
1.86959
3.01664
3.72936
2.87488
2.21847
3.45013
1.50664
6.30183
2.86686
4.10242
7.93898
2.72587
0.894701
1.94758
0.443676
2.682
3.95715
3.33822
5.30496
3.1165
2.49857
5.24803
3.30424
1.67043
3.00255
3.96271
3.30889
6.91895
2.24529
3.76627
2.54007
2.94465
7.36751
7.44317
4.49224
3.97222
7.70874
2.95015
3.28002
3.26494
6.91819
1.89475
7.4983
0.957518
2.29244
3.3209
0.746973
3.42365
0.795652
1.51243
6.59747
8.04355
6.12928
2.1833
1.37673
1.67521
2.98087
2.69896
1.48669
3.70831
1.98731
3.16659
1.49678
0.568937
1.95099
7.7566
2.99657
2.82933
2.80077
2.80598
2.92417
1.48945
2.98203
0.33807
1.9708
3.3809
2.23128
2.65442
7.41122
6.74983
3.31745
2.37401
0.861223
2.0265
3.08054
7.62723
1.28195
3.78729
2.02291
3.23414
7.14693
2.98864
2.97401
3.32116
3.02711
7.44555
2.11102
7.40689
3.3155
1.46288
0.523445
0.857992
3.32726
6.8639
0.866484
3.40535
3.32623
6.61112
0.866524
3.32531
0.629196
3.44023
5.72919
6.69812
3.14598
3.2238
6.9445
3.3623
2.39287
3.42177
3.41827
3.55673
3.10225
2.96712
2.54286
7.18336
3.29935
2.97185
3.12508
6.6589
6.16451
3.21658
3.20698
5.95323
2.34181
2.23435
1.75686
0.65962
7.13389
2.22629
7.20019
0.636314
3.41262
2.37593
3.79375
3.32199
3.71084
1.72227
3.40725
3.19809
4.68149
2.72793
4.79575
1.41718
3.3676
3.6962
3.36143
6.19427
2.0599
2.45341
2.30322
3.36544
3.96926
2.81931
3.5275
3.23518
3.3051
1.43575
3.1663
2.73498
3.23308
1.29921
3.5574
1.05703
3.24056
2.07738
1.72787
2.76921
0.575457
0.740329
2.26905
1.71607
1.90715
3.16927
3.40141
1.66182
0.934545
3.32123
4.95183
3.3345
4.70587
4.03036
2.57197
4.74387
6.85839
2.41554
7.22082
7.2089
3.38778
7.42668
3.74428
2.72954
3.25245
0.095269
2.28641
4.33347
1.68959
3.32538
2.29143
3.14815
3.22537
0.178886
1.67766
6.13035
1.00731
3.39471
3.41308
6.65993
3.58261
2.22194
1.24968
8.01414
4.76196
5.14762
5.7276
2.63596
1.89079
3.38615
2.11162
3.37387
3.38599
1.9231
3.34273
7.3013
1.80091
7.81006
1.8154
5.47846
3.10258
1.1641
3.81346
1.9293
5.6391
1.63141
3.31861
3.2765
3.18888
2.23583
2.3271
1.71569
1.951
3.63587
3.30522
4.01604
1.64042
0.82358
2.21252
2.08503
3.59117
3.38066
1.88261
1.70438
2.76979
2.00389
3.7937
3.36342
6.13863
6.1684
7.23335
1.26258
3.32631
2.95564
0.332951
3.16133
3.14848
2.18825
0.702409
3.01368
0.155151
2.10055
0.625035
2.25323
0.683949
3.21717
2.20205
2.95692
3.48547
2.41241
8.058
3.21359
1.34054
2.04037
1.39359
2.37729
6.91906
3.20739
1.6669
4.61626
3.21955
3.06959
2.87752
1.94942
7.47733
3.67145
3.26093
0.787942
2.45092
2.36022
2.09332
3.30877
3.28492
3.29539
6.97092
2.23434
3.8961
5.22379
3.58499
3.05662
2.25535
1.73153
6.12904
2.95314
4.53115
1.45257
2.31648
2.17616
1.64574
3.25097
7.3641
3.71291
4.30307
3.37883
2.28789
2.7575
2.74991
2.76985
2.36761
1.5838
1.94586
3.10086
6.42058
2.83511
0.236165
1.95271
1.94629
0.322018
0.0694707
7.05236
2.92873
6.15283
1.68591
2.11943
3.38218
3.60425
3.3559
3.32059
0.852857
7.93576
2.99469
3.11695
0.257871
1.10783
3.43059
3.36261
1.62654
3.99043
2.22507
2.13745
3.39781
2.87631
2.29891
2.26981
3.09639
2.56691
0.336377
7.5029
2.54851
7.12394
2.0731
3.0981
5.86169
0.856295
3.23355
2.64783
3.30275
3.22675
0.161164
2.21972
3.79485
0.0170494
9.01385
9.05781
1.40544
3.27199
0.848423
3.50957
1.43251
1.09103
2.67597
5.94813
2.61072
1.33879
1.82491
0.755891
2.18261
2.07164
2.74767
1.93757
2.9585
2.47438
1.22825
2.47067
0.302183
1.68037
2.45323
3.1643
0.744244
3.34903
2.16365
3.24733
1.58972
1.38642
6.93623
1.95617
3.22064
3.39271
2.94615
0.860083
0.858279
1.98486
2.0762
3.36321
3.57633
3.61642
5.6224
2.994
1.50841
3.31331
2.79528
3.44295
3.28843
3.12778
0.547226
2.33397
3.76702
0.155589
2.69966
0.940165
0.842813
5.19081
3.24732
6.99133
7.61549
1.6733
3.86918
2.82704
5.53726
2.72281
2.03735
2.24725
3.17326
3.42194
1.94647
2.22401
2.38556
1.67581
3.26351
1.93325
3.27228
2.23628
0.800751
1.94466
3.50228
3.04178
2.2007
0.907459
2.51536
3.06764
2.90944
1.41145
1.94262
0.751005
2.75144
3.88643
3.51872
2.12465
1.68423
3.38588
2.81119
3.86617
1.80695
3.11662
6.88891
4.62441
2.20999
1.93818
0.0402055
7.40063
3.35039
1.94205
3.9125
2.54324
3.18556
2.80051
2.03842
2.22356
3.35026
3.15672
2.71676
2.10711
3.46375
2.51668
3.24027
1.94019
2.68461
3.34392
3.42289
7.93324
3.99447
3.52205
0.262962
2.62843
3.80839
3.42305
1.67283
3.39299
4.47814
2.0927
7.41579
2.56821
1.61722
2.19945
2.24647
2.2587
1.14276
5.31493
2.17198
2.80962
2.28204
3.10892
4.06878
3.09909
2.09537
7.01977
2.6913
2.1253
0.0413132
7.3665
3.41837
6.88063
2.2332
3.33232
0.752752
2.18632
3.43035
0.716197
2.2931
3.51428
1.65919
3.61241
2.80323
0.526337
3.7816
2.06756
0.898428
3.37548
2.03193
6.38839
1.92859
3.5923
1.88291
0.858106
3.49755
1.10532
2.69727
0.828611
3.43016
0.991404
2.82852
3.72935
3.1816
0.914715
3.50883
6.76561
1.94084
3.34253
3.0609
3.37975
0.771248
6.81561
4.45762
2.29401
3.39283
3.06921
0.858458
3.05921
6.75559
7.08162
0.80812
3.1711
1.35649
3.06267
7.25512
7.27258
3.11942
2.32423
3.41519
2.00153
2.12725
7.81807
3.39178
2.63232
1.22381
1.94498
0.246964
3.36131
3.62778
7.21268
2.00663
2.25684
3.19824
3.37148
3.10185
3.59701
2.54661
1.28691
4.20595
2.93289
2.20327
1.36557
2.0304
2.50199
0.828752
3.34878
3.10972
2.84874
3.68275
5.98779
2.31668
1.93381
1.58501
1.07389
2.08033
3.41785
4.80465
2.13586
3.24911
3.34053
3.06707
3.26774
3.34989
7.27785
3.34442
2.83648
0.954702
3.97757
1.72127
1.9389
3.38729
3.41774
0.224506
1.3542
1.21566
1.3691
2.09776
6.48161
3.9397
0.921169
1.30165
1.59374
2.90317
3.89283
2.94458
3.23982
1.81385
6.78512
3.32317
3.72155
1.06351
7.11684
3.21392
3.95596
1.37073
3.21035
7.17539
2.69175
3.04154
2.12041
3.11868
3.55135
3.04095
3.16493
1.28223
1.39309
3.15718
2.90316
2.79114
3.81731
4.49666
5.89532
2.60263
1.94536
3.01716
1.44616
2.75065
3.35644
1.9211
6.10836
3.50508
2.68975
1.40325
6.35384
2.91892
3.22637
2.26841
2.69906
7.24866
3.33605
2.97034
1.20444
3.32474
1.28197
3.41952
2.32328
2.77793
3.94457
3.45451
3.50455
3.32639
3.26008
2.91992
1.93835
7.84094
3.30428
2.70557
3.04083
2.784
6.36052
3.34642
3.35651
3.07692
3.04768
3.41078
1.22386
6.74987
0.586711
3.38496
0.616486
3.41988
1.58092
3.32699
3.41582
3.36356
2.08895
4.25229
5.54903
1.94169
0.337778
3.35067
0.819823
3.13131
3.37336
4.70287
3.26443
2.91977
2.12235
0.78467
4.84604
1.94118
2.20955
3.37266
0.766141
6.21557
3.03308
6.70803
6.48273
0.900114
1.92836
7.18577
0.833195
3.14973
1.19686
0.88859
0.864156
0.591094
3.19077
1.64355
4.2316
1.27587
1.93488
5.9737
2.77764
2.81859
7.93388
2.98891
3.58106
3.25964
6.1866
3.67451
1.57487
6.52509
3.07767
3.59144
4.0927
0.766698
3.66545
3.65325
0.319856
5.03159
3.03793
3.29752
1.81618
2.49368
3.02359
0.836658
2.13004
7.10558
3.32287
1.6548
3.04732
3.41233
2.79263
1.40059
4.01516
4.55879
0.906002
2.1742
1.44982
0.854208
5.61873
3.0105
0.0687002
3.12779
4.02019
3.27305
3.97158
3.15571
0.815687
3.51823
2.18826
2.29461
5.35659
2.88474
0.743131
3.65612
2.47958
6.50777
2.22993
1.62975
3.82099
3.19791
0.191222
0.30075
7.58868
3.41751
3.60227
3.34322
2.99425
2.50041
1.29106
3.13822
3.86533
3.01075
3.1431
3.15408
0.78641
1.97944
2.00337
1.36918
1.81845
3.40511
3.2627
3.77515
0.760279
3.26046
3.23719
3.42302
2.9144
3.04447
6.88153
3.13659
7.154
0.726612
3.33315
2.70132
3.04714
2.96295
3.923
1.67278
3.39113
0.937302
3.29633
1.66598
3.14757
2.05007
0.222459
3.38624
0.485738
3.38256
0.701786
3.51302
1.08057
1.95828
7.77678
2.39671
3.71448
2.92333
4.35902
6.31043
7.79172
3.30999
1.46969
5.53908
2.0297
5.40509
1.23031
3.51593
4.01956
6.98934
1.44244
1.47641
0.311569
3.6298
1.91652
1.12677
1.06791
3.84644
3.34214
3.25695
5.90185
4.9497
3.33038
3.35167
2.00123
3.18209
1.57315
0.842058
1.28653
1.93662
3.33692
3.421
1.4663
6.03535
1.60998
2.96132
2.19266
0.98395
3.34351
3.67693
2.26914
1.70424
6.38547
3.67393
7.34377
7.69367
1.91296
3.19472
5.99454
3.62285
2.69094
5.56703
0.894415
0.777573
7.58401
3.31859
0.752198
3.34897
3.59404
2.99571
7.35081
1.47956
3.25783
2.38834
3.53967
2.76659
7.47042
5.34996
1.29641
1.91872
1.48542
0.849246
3.81683
1.85882
3.3945
3.56573
1.47301
3.48723
2.63631
3.30807
2.4609
0.828579
2.71119
3.27646
2.97244
3.59699
0.747005
3.2482
3.24865
0.512426
0.874223
0.724629
3.318
5.52503
3.39083
0.765178
2.01517
3.24131
2.18685
3.24833
0.618558
0.584215
7.39816
0.884205
4.23825
0.305204
1.92339
1.46486
1.59849
3.41545
2.37097
0.845867
6.19998
4.9845
3.25421
2.29711
3.26266
2.68619
1.45266
3.32047
8.11162
3.49382
2.1097
2.25859
0.849064
1.7722
3.79006
4.03369
3.81786
7.46251
1.04652
3.34889
7.20265
3.67676
1.73223
3.30484
3.29084
3.21974
3.24747
3.99823
3.47667
2.05905
1.95083
6.94228
1.89032
1.95325
1.95918
1.11791
2.94109
1.59921
7.35559
1.54434
0.952717
3.85832
6.55843
3.83773
2.98081
6.54251
3.50698
3.77614
4.03199
0.845158
6.66052
2.338
1.2858
1.11183
6.7594
7.16366
5.65326
1.62033
1.32767
0.769138
1.555
2.91492
3.33782
3.2384
1.95649
3.23734
1.35362
6.82895
1.67631
8.26057
2.67231
3.22828
4.50783
2.14818
5.46898
3.22527
5.58723
3.35079
0.895134
1.43538
6.83536
3.08244
0.528095
3.34214
2.5009
2.52981
3.24748
2.67587
0.449042
4.38481
1.92848
3.15324
1.93063
2.04149
1.99131
0.84726
3.71945
4.36822
0.605335
7.48617
1.41366
7.17135
3.23711
2.35127
2.7194
7.86053
3.03953
5.3161
2.99468
3.81392
1.53996
2.24573
6.90226
3.35661
3.42621
1.12195
3.33632
0.380651
2.91663
2.66404
1.36699
4.28198
6.42462
1.93549
6.53
3.35488
2.18786
0.833216
6.47875
3.18995
3.15347
0.784404
3.69833
6.15235
5.16467
8.07893
1.6244
1.36789
1.3594
3.2291
2.98001
3.32246
2.87011
2.47103
2.7187
2.34244
1.45915
3.13524
0.868773
7.8072
4.8123
3.32689
1.23355
6.98836
3.38941
3.38185
3.39661
3.51426
0.927679
2.66115
2.47998
3.08731
1.29175
2.22275
2.65622
3.39452
0.301633
1.10312
3.07666
3.23628
7.70767
5.91078
7.51547
7.41992
3.801
1.41784
3.83614
0.900305
3.18198
1.79769
1.91714
2.33936
1.48903
2.05985
3.26845
1.58463
3.35309
3.23558
0.852474
1.66692
1.58725
1.47614
1.38152
7.67606
0.885079
3.33192
3.33715
1.30586
3.2888
0.469721
0.75679
1.01503
3.75935
0.551418
6.13381
3.39834
3.69087
1.94265
0.590718
5.53155
3.25302
0.885528
6.8149
0.170626
3.38619
7.19614
3.88737
3.23419
1.93235
0.758902
1.32712
3.22629
2.62235
2.65916
2.93857
3.08049
3.37659
0.958527
7.15847
1.92989
8.50288
7.34272
3.29645
2.89231
3.17344
3.77445
3.41114
3.53558
2.10551
5.23372
1.9568
3.26596
1.94999
3.17092
7.56716
3.32328
2.9416
3.36984
6.53606
4.0488
0.356592
3.00913
3.52552
1.82159
2.03875
1.91604
2.93604
2.46677
3.16136
1.6676
3.22727
1.58139
1.92474
1.32314
2.24358
2.72548
3.22703
2.08253
2.25347
0.75465
2.95667
3.16543
3.77347
2.59813
0.376221
0.87416
3.35926
3.24477
5.98332
1.54427
3.43387
1.9308
3.79347
2.92382
1.90025
3.12085
1.94689
2.72608
2.3289
7.13388
1.73835
2.67734
1.60721
3.15631
3.34123
3.32876
2.97166
1.73932
3.20865
3.40759
1.64156
1.46379
3.21869
1.90757
7.25619
1.53896
3.4198
1.93307
3.43049
7.2272
6.52325
3.68604
2.45685
1.75785
1.46052
6.97692
1.89483
3.19806
2.76547
3.05408
1.28796
2.94617
2.46869
2.86832
2.73461
3.04938
2.14287
3.104
7.43032
1.28827
3.2063
5.06149
3.28268
1.85611
1.76293
2.90413
1.35799
1.9784
2.94696
1.20434
3.18362
7.50174
5.52137
1.28127
3.40615
1.78494
1.01974
3.13398
2.18537
1.94234
1.86516
3.31246
4.07188
1.93354
3.14593
0.926262
3.02598
3.75789
3.51286
3.80418
3.73157
3.42952
2.47384
3.29511
2.01279
2.04387
1.42601
2.73232
0.825086
2.91656
3.06244
1.68451
5.36541
1.67476
3.38163
3.00956
5.88155
1.9101
2.46176
3.33289
1.91516
1.36732
3.87001
2.32344
2.19634
3.85659
1.5491
7.33201
6.98013
3.75878
2.36738
2.41647
3.60195
1.27253
2.14907
0.872293
2.94673
1.51635
1.69883
1.02007
1.03676
1.67262
3.841
1.89089
3.96499
3.59355
3.42481
2.1527
1.89481
1.29941
1.73805
1.94755
2.71303
1.73022
2.53457
3.05825
1.8959
0.729559
1.93663
1.7314
1.29729
3.22512
3.87896
2.82475
3.03278
0.837491
3.19418
1.97001
3.45699
1.19585
1.70973
3.55428
1.32125
7.86942
2.5741
2.67423
2.2007
1.91462
3.39693
2.53783
1.92395
1.53233
6.24101
2.26055
1.93447
1.66134
1.93209
1.66772
1.529
1.756
2.7556
5.9329
1.94429
1.89199
2.68987
3.21918
3.31274
0.550571
3.36968
1.93801
1.97178
2.21721
2.18705
3.5165
3.60482
0.845308
7.40104
7.70603
3.14001
2.46238
2.31682
0.907715
7.3429
6.44223
1.8533
2.85634
3.19567
3.38382
1.49752
7.85608
2.32316
1.99232
2.76253
2.33158
1.95362
2.29906
3.21512
3.19938
3.04092
3.79419
2.53754
0.846457
2.17754
7.48231
1.94623
1.74071
2.16572
7.73877
7.67428
6.05812
2.86815
1.949
1.48589
3.43462
1.67323
4.03168
0.166069
2.32236
3.00175
2.85364
1.803
2.83849
4.02811
4.55734
2.97608
2.27518
1.92094
1.65764
2.73119
1.58115
1.71818
1.63956
2.80144
0.14008
2.66373
1.93601
1.9237
7.7287
2.80245
3.08873
2.1574
2.19176
1.8851
1.94648
1.94812
6.97784
6.10045
2.20013
3.50308
2.46767
3.17446
2.20831
1.90561
3.33252
7.44389
1.84503
7.18964
1.45234
3.01223
3.79591
3.19434
5.25883
3.3049
1.93841
1.55221
3.83629
3.00166
1.94082
1.58888
3.82808
1.52568
1.36048
6.04995
1.94953
0.0464795
2.82164
1.82084
1.94261
3.53428
1.19536
2.31712
7.5535
3.31053
3.11929
3.77145
3.17194
7.01794
7.38117
1.29942
0.0820064
3.08034
2.45597
2.76413
1.51702
2.77325
2.96398
1.97672
3.4279
1.93884
2.52685
6.22518
2.21247
1.91702
3.50941
7.36896
0.796195
2.70511
4.07851
1.44188
1.44825
1.95447
2.18408
0.961236
3.8487
0.658565
1.94558
0.934157
2.18913
2.90192
3.34748
3.03778
3.15801
2.92827
3.03504
2.6421
3.77759
3.16479
1.86936
6.03035
3.16201
1.65808
0.241543
2.23459
2.98633
7.41048
0.140335
2.42391
2.55107
2.12945
1.39428
2.81202
1.73453
2.24145
1.03399
2.95155
3.46015
2.28935
0.99574
2.47983
0.269053
3.107
1.98244
3.4134
1.29317
2.73516
3.14682
3.17412
3.14856
2.13303
2.15925
0.167787
2.04937
2.19895
1.65456
2.33903
2.6415
3.20704
3.06432
2.31135
3.16166
2.46125
2.33206
1.30432
2.3238
3.13037
8.07738
3.14737
5.18414
2.75775
0.204882
3.03153
1.75005
3.17889
2.16784
3.4199
3.32221
6.95795
6.00064
3.13326
2.15131
3.36638
2.15613
3.85297
2.17583
3.15226
2.18695
0.88232
2.6453
7.73656
2.03986
2.18834
3.34925
3.53619
3.36899
6.44249
7.8912
7.91431
6.47819
0.33524
2.96563
3.38686
1.0048
3.04185
2.04835
1.1375
3.05878
2.05584
6.53989
2.14887
1.80888
7.89753
3.08571
7.50837
1.77138
2.87787
7.48921
7.66368
3.4485
7.1711
3.58728
3.65773
3.50187
5.30065
3.10521
3.21875
7.23341
5.86654
1.73445
3.18597
0.155907
1.93961
2.54322
1.28408
0.740297
3.17318
0.730747
7.17706
0.365418
3.9447
0.31477
7.05643
3.82712
3.61127
0.767062
2.49965
3.14079
3.07067
3.15527
1.94344
3.86853
5.97461
6.0111
2.49166
3.44223
1.81786
2.135
2.95028
5.47625
3.11652
0.521888
1.83224
0.94034
3.39942
2.21797
3.37183
0.193448
7.59823
7.31138
2.81402
1.45978
2.92468
5.83633
3.18721
1.90791
3.89111
0.0669698
8.35967
4.82872
2.79893
2.14895
3.39107
0.71181
3.21479
0.933553
1.02976
1.14521
0.794721
7.47264
3.09343
1.33502
0.942693
7.66653
0.975877
3.77661
2.99803
3.30753
4.2119
1.47343
4.00949
0.97341
3.86242
5.18338
0.780051
0.692963
3.93813
6.2806
3.18102
6.53033
7.20712
1.99701
1.25522
0.60544
3.17039
3.30764
1.51309
3.39249
3.40057
3.31904
0.217903
0.903773
3.30099
0.756196
1.12987
1.40911
3.77189
7.22169
0.95133
0.842238
0.131259
7.08194
5.29792
3.61065
0.723683
0.798511
0.884367
0.712135
0.921711
0.83381
2.73401
1.04031
0.500158
1.91423
3.98818
3.16691
3.52377
7.49143
3.39921
0.172236
6.25682
0.489801
0.923788
0.13166
3.37117
3.11791
0.769777
0.291926
2.00405
3.5722
7.02052
3.96108
7.4128
5.50518
7.43636
0.383915
1.05261
6.79995
1.18441
3.83951
7.13453
3.16615
0.314659
0.514344
1.0668
5.33596
7.32045
3.83359
7.95788
3.80715
3.90221
6.70218
3.62508
5.34057
4.45561
3.17496
1.10233
3.40667
7.87847
4.99972
6.01787
1.14398
3.4656
2.23646
3.36642
7.3107
3.45972
0.827606
0.18852
1.3648
5.00383
3.9568
0.928718
3.42728
0.039217
3.27751
3.80567
6.04576
4.56857
6.93212
2.83633
3.46614
3.73156
3.73876
3.9921
0.614009
3.36303
7.52353
3.38543
3.88052
3.46528
3.00052
2.88959
7.19862
3.77102
3.77653
5.75599
0.956562
0.772777
7.63849
0.83505
7.21378
7.39169
3.05966
0.504539
4.97015
0.562899
5.38546
7.77238
7.90133
3.3356
1.79115
3.2965
6.6978
0.594991
0.688728
0.993903
3.79909
0.291196
1.87069
3.54824
6.75707
5.19606
2.52328
7.41132
3.77857
1.94342
0.696397
2.19046
3.38709
4.34473
1.94198
7.31848
7.41749
3.33839
0.216636
3.67493
3.76755
6.02879
7.20253
7.88563
0.118628
0.679698
1.95574
3.04834
2.99617
7.68037
7.91872
7.14833
0.859106
3.40642
0.165631
0.868267
3.77454
3.27337
3.3516
2.87552
2.75279
6.45126
0.560743
3.16011
6.61591
0.95229
0.272275
0.982359
7.4391
7.40118
3.94249
0.457854
3.68905
3.7901
4.498
0.294563
2.40387
2.08165
2.98539
3.41953
7.69669
1.07155
2.85711
6.83097
0.133009
3.85821
5.95091
3.40598
2.36779
0.8798
0.925719
3.0448
0.898145
0.894565
5.60859
1.81323
0.897873
6.53599
2.8987
0.355533
0.262121
6.66062
6.05601
3.95151
7.83833
2.07633
0.285145
1.35964
7.2064
0.90179
7.15349
7.12369
1.62328
6.57137
0.883542
1.98082
0.126481
7.42626
3.54794
6.07539
0.28429
7.91614
7.44674
6.17168
7.38997
0.41261
0.700517
1.54745
2.67643
7.13591
6.06003
3.50674
3.68325
0.223211
2.7684
1.12718
3.97805
3.29581
4.56006
0.305223
3.40931
6.83702
1.44338
7.46481
3.35106
7.17021
6.99095
8.44081
7.31364
0.375414
7.45696
4.3654
1.006
6.78571
4.0014
4.14249
0.0832526
3.80072
0.201017
4.00417
3.98706
0.506456
3.17993
7.00523
0.880229
1.2662
0.10757
3.51132
5.59511
7.85462
0.144862
2.94863
0.960326
7.41505
2.77878
3.75332
5.43157
3.42624
1.36347
3.78523
3.78294
3.09333
7.86317
0.783814
0.85702
0.886911
4.26471
6.40958
0.106954
7.16145
4.08243
7.31976
6.71846
2.86405
6.84854
3.17464
2.28763
4.78618
0.697469
7.46303
0.838788
3.20404
0.897103
0.627612
3.81342
0.251027
3.063
3.47811
7.87656
0.518096
2.07585
2.0709
7.4299
4.61447
7.47244
7.95319
7.42859
1.34301
1.95408
0.331607
0.85898
0.501622
7.30802
6.47682
0.343886
0.603228
8.00523
3.16475
3.3244
7.7822
3.04903
3.53347
0.185872
7.49681
7.57521
7.07368
3.12495
1.26061
0.702754
5.12784
7.47707
0.515783
0.397932
1.13955
3.29519
8.70358
4.56224
7.15607
7.27266
0.897481
2.39117
2.75027
0.477957
5.20077
2.69791
0.0937559
6.9579
7.10851
2.96015
7.43464
3.12642
1.10701
3.88479
6.76552
0.187829
3.72887
3.32362
0.303478
0.867909
0.160085
3.21222
0.918911
5.25626
7.00002
1.37717
3.7759
7.62565
3.06099
0.342302
1.68658
1.96442
3.32643
0.929821
0.857578
7.95001
7.19257
0.139403
0.892356
7.93768
3.41701
7.05715
6.80361
6.58915
6.14276
7.49547
6.2359
1.56195
0.836232
3.27833
5.3134
0.720991
0.902694
1.55821
0.898048
2.70016
0.503045
3.78608
3.37255
2.74316
0.840322
6.16947
3.08755
5.40558
3.27581
3.89317
4.72744
5.33222
7.41974
4.75181
3.32227
3.64289
7.27225
2.55436
6.8267
6.58263
0.374423
6.68179
3.37822
7.72998
0.832609
0.221451
7.06027
7.71071
1.43456
2.9516
2.92545
3.7933
0.137644
0.892773
0.241803
7.71907
3.35552
3.26176
7.47233
7.28631
0.234496
7.421
0.457765
0.361213
3.47192
1.33915
0.0672077
1.67532
1.70793
6.12129
0.133907
6.85798
2.86567
0.776169
2.9536
7.27331
0.904206
7.55721
7.90506
0.540594
1.41102
3.7773
0.747359
0.304374
0.403678
2.87012
4.32316
0.25457
1.52792
3.02981
0.365762
1.24493
6.57617
7.71193
6.13022
2.96914
0.211908
7.30818
3.12858
1.63891
3.7673
7.47223
3.13701
3.55618
2.58464
2.98482
0.258075
0.756808
3.34455
1.95001
6.7223
3.41928
3.052
8.39017
3.26033
2.49719
2.69885
1.67086
2.51173
7.51186
3.34469
0.420996
7.08845
7.59687
0.311385
7.97541
0.0116896
3.21535
6.24003
1.15715
3.29485
0.417775
6.52333
3.3388
3.95113
3.76257
1.3143
3.41803
1.92055
7.68192
7.4564
3.3747
7.4322
0.254352
7.74632
7.23969
7.15524
0.151799
2.75487
2.52059
7.29056
0.454237
7.42087
2.2069
3.61938
3.08786
7.54933
7.01559
7.2925
0.667606
0.754531
7.02447
8.15132
0.306286
7.46717
1.94552
3.33596
6.43516
0.303901
7.03323
1.21375
2.31027
0.109767
3.29411
0.829904
2.83893
7.19552
0.156805
2.30863
3.39378
3.13695
8.03976
0.933125
7.27602
3.40067
3.72576
0.411061
0.222445
7.79395
0.859904
1.30567
7.2666
0.757577
3.35853
2.33931
2.04847
2.02725
3.92593
1.91191
2.78862
3.37447
0.762693
1.68522
0.572871
3.08706
3.7986
0.372927
3.10979
3.14984
7.75324
0.551619
3.05498
3.04804
6.99608
7.68333
8.02033
7.58117
3.23636
7.29975
0.258032
0.200316
3.30639
0.203733
7.39482
7.91347
7.18775
7.0216
3.35646
0.856281
2.69637
6.19172
3.15449
3.11024
0.432528
1.61818
6.9925
3.28154
3.52966
7.46735
0.282135
3.12469
2.20994
3.0309
4.33044
3.39583
7.63311
3.38898
7.41215
0.288457
0.386092
7.52331
5.98707
0.0934429
0.590688
7.43018
3.47394
1.91135
7.11444
2.44907
2.43401
0.893647
0.840719
0.401297
3.81702
1.61827
7.75112
6.66401
7.90351
7.48032
7.40678
1.29857
3.62787
2.19519
7.61902
3.76085
7.15353
0.838119
3.34804
7.66424
3.22603
1.37526
6.4571
5.09363
1.06765
3.4567
0.438999
3.3699
1.55938
1.39513
2.47204
2.85055
3.10295
3.97718
0.611001
7.41278
1.18699
0.802441
3.4251
0.741015
1.30028
0.628847
0.299774
1.92614
1.93115
2.65645
7.76853
3.3446
3.34404
0.678625
0.196281
0.173491
0.746856
7.01922
1.96004
2.67113
0.266306
7.38179
7.67356
7.91895
3.36244
0.0870998
0.750445
3.0008
0.30751
6.99581
3.34634
2.97873
7.34181
0.362592
0.488091
7.07331
3.24528
7.39729
2.10254
1.00813
7.11215
2.14468
0.800542
0.843892
2.43008
7.24445
7.49173
2.1233
6.6648
7.29787
3.11298
5.18145
7.87635
2.08343
0.848023
2.88068
3.08806
7.72412
3.53491
8.00065
7.88955
2.83375
2.91629
3.83519
1.55126
0.0302199
7.54117
0.170966
3.06672
2.97095
6.19258
3.50225
6.66432
0.768343
1.86599
2.23071
3.10086
2.49143
0.826279
5.22162
7.78119
2.78206
1.9412
2.60363
7.65641
3.93316
1.94119
3.03295
0.171584
3.83544
6.9174
5.44502
6.76939
1.52237
0.950205
3.21864
6.91064
3.33128
0.0774099
0.0555389
1.70926
2.80382
1.23775
5.57512
0.852407
0.497135
0.676492
0.840716
3.29225
4.30204
8.07062
2.04697
7.00037
3.36215
3.383
2.69453
6.77814
0.0265639
1.6002
3.26904
2.31477
0.0764367
0.285847
3.82448
1.13269
7.01292
3.29907
3.31352
1.96395
0.111852
5.75023
2.42502
6.83582
4.3842
2.3621
2.48081
3.2194
0.251977
7.35429
3.50294
1.55367
3.99767
7.6719
6.45386
0.267166
7.39401
2.41297
2.85921
2.28848
3.43855
4.82707
3.18676
0.228445
7.48461
7.5082
3.13715
0.154974
0.885155
4.06675
7.4
3.37086
2.95073
0.306168
0.197562
2.94549
3.24559
2.35116
3.41191
6.10477
1.01381
0.0705305
7.88173
3.16947
0.214485
3.46622
2.71131
0.0867541
2.16346
6.56344
2.32205
7.85997
6.24339
3.08633
7.6155
7.51028
0.80675
7.88704
0.623747
4.03555
7.41187
1.61801
7.85461
1.95856
0.847828
0.866133
2.94701
7.41341
3.34967
2.97345
3.20426
2.96151
2.96473
3.5234
3.02582
3.85804
3.27699
3.40335
1.12212
6.23536
7.6686
5.34777
3.38356
0.099311
7.92805
1.48495
3.32669
3.08411
0.0678925
3.42602
3.78229
3.31862
3.63458
7.94326
7.58485
0.0817963
0.899469
1.87493
3.29065
0.561666
0.814085
7.04755
7.39308
1.72284
3.39205
2.48904
0.857348
2.43318
3.22991
4.13463
8.29091
5.34127
7.25949
1.99625
0.199248
5.50943
3.31289
0.747125
3.49229
1.13281
2.44108
3.35514
0.659038
2.16284
7.84393
3.77406
3.35802
0.380338
1.92677
2.13713
2.69717
1.94419
0.7975
2.6616
2.98274
3.81744
7.14652
0.215794
3.30587
0.702551
2.65541
3.42027
4.05617
3.35241
7.79996
3.82467
3.68458
0.935607
3.07792
0.661448
3.13531
6.19615
3.44841
3.22307
7.42892
0.30526
7.25357
0.043621
0.850274
0.246247
7.49929
3.34759
1.06632
2.7558
0.844154
3.22211
3.35951
1.87834
2.43766
2.2037
3.96674
3.92885
0.188782
0.12683
0.808936
3.4681
0.839858
0.85
2.33481
0.326237
0.877509
3.26504
0.047408
7.69174
0.336956
1.37093
3.21619
2.96528
3.94963
0.236483
2.58868
2.69113
7.48737
4.51639
3.41018
5.64317
7.85609
3.10991
3.00497
6.27069
0.855084
1.81768
1.32617
7.9218
3.35955
7.84669
0.836514
3.19844
1.28984
0.122207
1.93835
3.98478
3.43344
0.809543
1.91987
4.28762
2.17753
3.56215
5.26317
4.10471
0.122018
1.36244
1.94436
2.99236
3.18291
7.94245
8.09916
7.97551
3.20277
3.98295
0.406295
3.06392
3.35111
2.04417
5.59513
3.34567
3.35977
7.21062
0.262371
0.263697
2.13476
0.804203
5.92917
5.89731
2.67519
2.69282
8.06973
4.46831
3.30617
3.31059
0.273318
7.3944
0.123608
1.91995
3.1663
7.99598
8.4466
3.79836
0.543719
3.91938
3.77711
2.30977
0.645953
0.756262
3.05967
8.10468
3.60234
1.32985
7.17992
2.16301
8.09379
0.866469
0.160724
3.29001
3.80616
3.25984
8.1811
1.4754
4.03161
3.28347
1.86384
2.70587
1.32295
8.08132
7.7739
1.32395
7.96468
2.16444
3.01543
3.04548
1.30274
0.149988
2.68667
7.92927
7.77707
7.89019
1.86208
0.183382
0.231852
0.135978
7.4561
0.367851
0.0474784
0.0480804
7.00567
)
;

boundaryField
{
    frontAndBack
    {
        type            empty;
    }
    walls
    {
        type            zeroGradient;
    }
    inlet
    {
        type            zeroGradient;
    }
    outlet
    {
        type            fixedValue;
        value           uniform 0;
    }
    cylinder
    {
        type            zeroGradient;
    }
}


// ************************************************************************* //
