/*--------------------------------*- C++ -*----------------------------------*\
| =========                 |                                                 |
| \\      /  F ield         | OpenFOAM: The Open Source CFD Toolbox           |
|  \\    /   O peration     | Version:  2512                                  |
|   \\  /    A nd           | Website:  www.openfoam.com                      |
|    \\/     M anipulation  |                                                 |
\*---------------------------------------------------------------------------*/
FoamFile
{
    version     2.0;
    format      ascii;
    arch        "LSB;label=32;scalar=64";
    class       volScalarField;
    location    "1";
    object      p;
}
// * * * * * * * * * * * * * * * * * * * * * * * * * * * * * * * * * * * * * //

dimensions      [0 2 -2 0 0 0 0];

internalField   nonuniform List<scalar> 
76166
(
2.7425
3.55241
5.55081
0.310593
3.96538
1.75571
6.44652
1.1166
1.45447
2.89453
1.36872
4.25174
2.74056
5.94861
4.72057
2.72908
2.89256
2.07117
2.79993
1.93276
8.10229
4.66752
6.02421
3.92533
2.96752
2.72785
4.21383
5.08578
6.51414
8.50758
2.07575
3.82589
7.45157
1.47235
1.59035
4.48247
4.62689
2.67717
0.724278
2.67955
3.5437
4.80345
4.05873
1.31469
7.82722
4.11756
1.16706
2.7412
2.96731
8.00633
0.0540795
0.0741591
1.85595
4.82536
7.61427
2.88212
0.844777
3.55527
4.07413
2.51589
1.58508
4.472
1.83801
5.85532
6.69151
6.43687
4.63608
4.46918
4.82549
4.32588
8.0076
8.40711
2.51621
4.8192
3.55496
2.76363
6.76602
7.58745
4.94571
6.46957
2.73521
2.77226
2.44402
7.47282
2.73163
5.11683
3.21969
0.589964
1.3812
8.26472
3.54538
4.53559
5.07285
3.57863
3.70349
2.74142
1.95638
2.74513
3.67209
4.08083
0.985495
2.86685
2.73906
4.30785
2.66795
8.46153
2.72335
4.66963
0.687302
3.44257
4.49157
2.71881
4.60354
4.45997
3.01807
3.64185
2.52261
1.15543
0.988809
2.90109
4.42814
1.88653
4.51115
8.06117
4.64559
0.70733
1.76345
3.81568
0.98647
3.94767
2.05115
1.13076
7.16123
4.26247
4.14642
1.03244
2.8073
3.77831
3.56419
4.22183
5.09314
6.44542
7.94069
4.45599
1.63259
5.92163
5.40565
4.10083
1.58596
1.47047
3.55041
5.11392
6.90092
7.90222
3.57807
0.671292
3.49341
1.18456
1.86138
1.6351
2.30912
0.45858
3.59402
4.54068
4.43865
8.08578
4.21015
7.16746
8.25001
3.84243
1.75496
4.43402
6.18488
7.95077
8.53977
8.39455
4.85121
4.27192
8.43738
4.45403
3.41255
3.60702
3.66806
1.76319
2.77638
0.857961
4.61305
7.28513
4.00318
1.81046
8.36147
3.03791
4.10706
4.25641
0.954353
2.29611
4.82163
2.74311
7.33654
2.49296
4.46402
4.00485
4.49199
1.60116
2.74795
8.07312
7.94557
4.3113
8.65647
3.81018
1.98669
2.8098
3.62679
4.44551
5.59559
4.54769
2.62807
1.48315
4.84267
4.6352
4.29594
1.81625
8.45869
3.62922
4.29714
3.58497
6.7268
1.92532
0.440269
2.58803
4.2302
2.59025
4.09693
1.76978
2.22213
5.11136
1.60511
4.64906
8.0227
8.35828
0.958133
3.60334
1.56886
1.41189
4.53836
1.76418
7.62509
4.27769
7.41616
4.85177
1.69132
4.26042
7.82875
1.23437
4.4662
2.00145
2.58902
1.84915
8.16888
1.68554
3.5936
2.80831
1.68713
2.85947
0.977209
1.8146
4.47193
2.8582
2.59893
1.86661
4.13714
0.287585
2.42802
7.87057
1.64731
2.87443
3.6798
5.10574
3.29537
8.38282
6.10032
1.89545
0.714496
2.59861
8.0072
0.951522
4.44454
3.79943
4.46707
1.998
4.35071
7.84573
7.45327
4.03477
8.40864
4.46536
2.86769
1.90067
7.90093
4.49122
3.55482
1.22763
1.45217
7.70417
3.79745
7.13241
1.4306
5.11472
3.74477
0.666121
2.48732
3.5614
3.80856
1.19029
4.31317
8.73457
7.48597
3.75104
4.30444
8.11813
4.7762
1.31074
2.85694
1.69548
4.45809
7.80973
5.51637
4.68439
1.44017
0.303737
7.86052
4.80281
4.35343
6.21996
4.49043
7.11768
7.11635
7.93553
3.62376
4.04693
2.01299
4.41633
4.36102
1.03635
3.63467
3.60182
4.3794
4.66783
1.14075
1.38109
4.18513
2.85102
1.10797
0.618013
1.44033
3.7953
1.41302
7.00969
2.84641
6.72958
0.892962
7.82868
7.94029
7.55243
7.40896
1.33828
6.83651
2.01769
1.60716
4.27278
2.8285
7.693
3.78326
4.41312
8.6442
4.19271
4.75194
3.79868
4.09347
2.83201
3.64307
2.31906
1.8187
4.60519
1.06484
1.72141
4.92451
3.61744
7.07029
8.10261
4.68514
6.80999
2.54002
1.7777
4.50773
4.22032
7.91076
8.67677
3.64387
3.86952
4.0752
4.40517
0.340781
0.483316
1.92607
3.76207
2.84619
6.12407
7.82893
8.5059
5.07728
7.94492
7.77387
7.18029
3.86177
1.0791
2.61918
7.82895
3.607
5.63144
5.62963
6.88356
1.65455
0.929385
2.87105
4.50225
1.37304
5.65093
4.7897
2.87768
0.920755
7.15002
3.62351
1.83996
0.089621
0.859874
4.00485
0.709208
1.71642
8.18517
3.64336
3.4328
0.128432
4.47389
7.82724
1.86023
2.73499
7.69761
4.25006
3.92884
5.70424
2.61764
2.67899
4.47992
1.2817
6.53086
4.20627
0.603201
3.62789
1.73578
0.136679
0.0784073
2.25207
4.63796
1.04526
4.02492
2.63475
4.1854
8.84036
8.90796
2.87827
1.28855
4.18601
3.48904
3.55651
5.65884
2.1192
0.875624
8.14527
8.09369
0.90257
3.48156
2.84604
3.66998
1.74356
0.668763
2.64753
0.674307
7.20535
1.28711
8.23729
4.63599
5.25553
0.454691
7.54407
4.10035
4.8322
7.00206
1.33171
1.96803
0.938597
2.66569
4.68181
8.3186
1.81817
4.19859
4.39268
4.51587
2.72424
1.41225
3.48216
4.48317
2.81921
4.18593
2.80524
4.65698
7.9315
3.62928
2.60712
8.97471
7.13099
8.16202
0.369625
7.8829
2.82262
1.92076
8.47101
3.637
4.43602
8.06396
7.84028
7.92143
4.52172
7.14184
3.46752
7.70562
7.48418
2.06567
4.55987
5.7586
3.61082
0.931035
1.96135
4.24357
2.8457
4.64319
2.83457
4.20809
1.84567
0.288014
2.83371
4.19451
1.88986
5.47689
1.91232
3.61782
2.84595
4.4386
2.6544
7.51603
2.83456
8.0868
1.92563
4.37433
4.5936
8.06399
3.59789
3.83549
5.53058
5.55946
1.40411
1.58228
1.45526
5.60855
7.62743
4.24047
2.61412
4.58994
8.86404
4.24515
3.35976
1.94825
5.8915
4.4928
3.60388
3.9265
6.73004
1.52172
8.0571
7.20476
1.71116
3.35489
5.52196
6.22469
3.91591
8.0222
7.9294
1.40805
7.95032
4.49149
1.39903
1.14713
8.70691
4.51908
4.34565
3.66455
1.40367
2.64729
6.67217
6.89162
0.308966
4.4405
4.38541
1.58348
3.65374
4.36694
0.986751
7.89307
7.86144
2.25499
1.76516
1.76485
8.31381
0.910789
1.94191
5.50672
2.88068
5.00824
1.79371
4.44103
0.790646
5.44329
8.39503
3.90672
0.414486
7.4736
2.64543
1.40936
4.6999
2.21571
6.33497
8.41248
4.85685
2.5109
4.22332
1.01249
5.07223
3.90262
2.06242
2.87688
0.303704
1.42622
4.43891
3.21745
6.13246
6.28065
4.22526
4.4873
5.65972
2.81437
6.536
4.81451
3.74716
0.935825
2.54245
4.43228
0.655195
4.46007
6.26152
3.93645
3.72716
8.67156
3.81274
1.16368
4.89977
7.60261
3.72812
4.43832
4.39415
8.58002
8.16222
4.82303
4.49516
8.12916
4.91183
2.7204
4.40769
7.72118
0.628774
4.29885
1.8645
8.54961
2.88305
8.24542
7.05574
3.91941
3.58199
8.0925
6.25245
3.75545
4.70645
4.49772
4.59298
5.05998
4.70125
4.53933
4.38366
3.5729
5.46577
4.31816
8.93274
2.85296
2.96348
2.21255
7.31674
1.7903
4.0083
4.38885
0.829707
7.93277
0.940778
6.3095
5.32629
7.58403
3.77993
3.29412
5.17886
2.80287
1.30924
3.6305
7.65821
3.80752
2.81666
6.80302
8.59186
5.02005
4.46002
0.143316
4.41441
2.54948
7.15188
1.56838
4.45905
2.81407
2.32668
3.91964
4.49998
3.73563
3.78149
5.03228
4.47876
4.61877
1.92891
0.456893
4.01396
4.8606
3.61576
3.94541
3.53853
3.57664
6.54138
4.48643
0.991064
1.29444
1.78468
4.47121
0.0624354
3.48595
1.43116
2.80605
4.59069
1.01105
0.703059
7.74673
4.25689
1.84566
4.35269
3.79073
3.79114
4.45257
2.96837
4.40445
1.92267
2.51188
6.16915
7.95566
3.88647
0.507923
4.15078
2.72812
0.900979
4.65707
3.57994
6.69553
2.31776
4.63499
3.53494
5.40382
2.65065
0.833588
2.65371
4.61563
3.4356
0.739594
4.09114
3.94529
1.78559
4.25589
1.92497
7.38519
4.59161
8.11514
6.00994
2.10421
0.635964
1.69177
2.83399
1.42268
2.11856
1.29735
8.50898
2.10814
3.27742
6.51214
6.38959
3.93152
0.714386
2.8484
0.68607
1.97569
3.45406
6.15718
2.8384
7.68554
3.24909
0.943244
4.40171
0.89071
1.19276
2.80754
7.18864
8.32697
3.70466
7.55331
3.603
1.67048
4.46393
2.78416
4.1114
3.83962
4.5677
7.75654
2.83004
5.83204
5.42111
6.81794
2.87553
3.57833
4.69498
8.3481
4.79968
5.01911
7.92072
0.953107
6.36289
4.38765
4.48068
4.99262
2.73755
3.98542
2.9048
7.42886
7.04023
4.33637
8.27888
5.55223
7.51002
5.56186
6.41716
8.49669
3.68568
7.88057
4.13715
4.99316
8.0002
2.75095
3.58495
3.59296
8.51709
2.82166
2.83545
2.8585
5.02787
2.81666
8.22708
8.26939
7.69584
3.9236
4.49775
7.90169
8.00996
5.02565
2.88099
3.93351
5.23865
8.01972
4.44361
7.80272
5.0236
4.46478
3.71021
4.73331
3.79908
7.67862
5.95706
7.87965
4.58287
7.92112
8.23273
1.18867
1.15082
7.65541
4.58156
3.92811
4.55577
7.16289
4.60492
3.82442
1.97953
2.39138
3.82919
6.54544
6.18761
1.01655
3.92603
8.28054
1.11065
1.66927
2.28967
1.95882
6.4824
0.547189
0.69083
3.71335
4.40792
1.38945
4.52637
3.41078
8.09364
3.38585
4.54377
4.46426
6.178
4.28946
2.38268
3.77135
0.216834
4.64394
1.70002
3.63636
2.3132
7.70732
1.79565
0.3381
4.66182
3.61246
0.694164
3.79766
4.5908
4.36562
0.679566
4.35094
7.83148
7.61742
3.61304
6.48002
4.44407
4.04508
5.83223
2.44167
3.92082
4.52084
1.93221
2.6615
7.75222
7.47348
3.91954
2.73675
7.23126
1.17086
5.53453
1.8515
3.82813
4.451
2.8181
8.50547
1.45674
2.53019
2.37862
3.89368
7.94011
2.78156
8.39464
4.46784
4.49602
6.43764
4.59167
2.05928
7.20841
3.61421
2.22334
0.724612
8.50111
3.77437
2.569
1.29221
4.5233
7.99711
2.87432
1.40255
2.37235
0.0547243
2.52895
5.51207
5.53835
2.85598
8.09402
8.32009
1.67163
4.4562
4.67803
2.44238
0.898962
1.17044
8.10965
3.7657
4.43922
8.37259
1.11089
4.37234
7.61325
1.35638
0.454381
4.17648
3.70334
2.62884
7.37744
4.02489
1.59531
1.59513
7.86787
1.80873
2.7605
5.40649
3.0797
0.492283
3.29743
1.69912
2.84007
2.52167
8.35709
2.80196
4.44035
0.348163
0.690668
6.23909
4.58583
3.8893
3.73121
6.47453
2.39201
4.59452
7.06762
8.4679
3.28036
7.82472
0.813431
3.55554
2.76817
3.92248
4.52758
2.47377
4.02086
0.522735
1.00604
2.89596
4.71326
6.49622
7.06343
7.65419
3.67336
5.89605
1.80569
2.84771
8.00261
2.72567
5.58178
4.90635
7.49119
3.57939
6.47069
1.29552
1.01545
4.35724
4.60171
4.67083
7.94988
3.65544
7.46674
4.73693
8.0724
6.63967
7.72114
3.5867
0.522785
2.89258
4.3685
2.85542
7.52711
3.82805
2.85489
2.10573
8.55838
4.5119
4.28765
1.09624
8.11319
2.09643
3.92698
5.40008
2.83551
8.14019
0.661751
7.86567
8.43078
6.52945
0.850898
0.862251
5.16368
3.83144
4.41219
3.38806
5.18656
1.60704
0.863975
4.62329
3.75161
2.53588
8.38711
0.0978066
3.88463
2.78246
0.732942
1.18287
3.69145
3.5452
1.55359
3.64658
0.898525
2.86171
3.60796
2.43033
2.80458
7.06891
3.95059
0.477095
8.15864
4.60254
5.40659
4.46028
8.07499
4.11155
4.63143
8.00911
2.7775
7.91876
8.09413
7.03852
7.01287
3.60861
1.28557
3.72461
2.73666
1.11703
0.927432
6.58099
0.938387
3.80657
4.33015
4.61284
2.28764
1.16064
7.87039
7.92922
4.11163
4.53432
4.4682
1.47921
7.71942
4.65009
1.54137
4.46213
4.45344
3.79104
2.24756
1.95832
6.90716
7.95826
7.62054
4.61252
5.61015
4.52187
8.10286
7.17774
7.51363
6.94773
4.55405
2.81202
2.47204
4.52995
2.68111
6.5514
2.61601
2.81746
3.88204
5.9818
7.4641
2.80198
3.65303
4.55444
8.01201
2.81312
3.87724
3.78334
0.642087
3.83631
1.28627
0.496439
0.081783
7.13418
1.35208
3.83217
4.45396
4.4193
4.32728
5.18236
7.59548
8.53544
3.31746
1.265
4.52642
4.34477
7.89293
3.93858
2.33331
1.17786
3.88544
3.7677
7.59902
5.29667
3.8102
4.00567
0.431389
1.4189
2.80101
8.01582
4.73088
2.763
5.38806
7.60126
4.54343
6.83323
3.98456
2.85928
0.865643
4.6894
5.32565
1.77587
4.11825
4.50521
0.629094
2.64885
1.27453
3.41772
4.00701
7.11199
6.55381
2.33076
8.62946
0.497188
3.76677
3.9465
7.87823
3.22436
4.69627
4.36169
4.45457
7.69772
4.13386
3.86736
3.99375
1.43474
4.58803
2.68894
5.801
4.54355
3.43307
2.34594
8.1945
4.65759
2.21154
1.27137
8.09204
1.14561
2.82237
7.68604
2.19773
5.30336
4.31834
1.0405
4.96263
2.37759
3.75388
6.56745
4.28674
4.7896
8.68792
1.84969
1.98063
7.75339
3.98605
1.43706
2.26103
4.43873
0.89121
0.559207
3.53197
4.39638
0.304941
1.67578
1.04718
4.42441
1.28258
4.56294
8.11783
4.51498
2.2841
2.80353
1.1499
2.3657
7.96319
2.73933
1.80965
5.84368
1.8401
0.963876
2.54665
4.84492
3.96612
4.85111
4.57352
3.28878
5.03352
7.8617
2.54896
2.85681
1.57258
4.72909
4.21222
2.65485
3.67187
2.64941
3.91648
7.65814
7.57515
4.74985
1.5662
2.76876
3.33061
4.46717
3.90153
7.97622
1.04063
1.52941
4.30967
0.82169
1.86246
0.460447
3.63299
4.20068
4.46185
7.74952
4.11559
4.15635
2.67707
4.50277
3.97819
4.71572
3.83799
7.15044
3.85823
2.88279
3.97238
1.02863
5.97229
3.70126
4.14513
3.8855
2.08163
7.70101
4.12269
2.20754
3.6304
4.41339
4.50326
2.82363
4.91998
3.84511
6.66628
1.0997
8.06238
4.50469
5.29425
0.900668
8.2628
8.54499
4.52756
2.79542
2.82743
4.3965
2.88427
2.87249
7.70089
3.63566
2.27956
1.27497
7.85744
1.7878
2.82753
6.10306
3.57548
2.61074
7.94333
1.01786
4.53582
2.31743
6.12089
4.64612
7.20726
8.05756
4.39707
4.32028
6.39391
7.87771
6.1215
7.54992
4.52073
7.15231
5.36257
0.988612
6.1305
2.15256
3.97764
1.88766
6.99656
6.88111
5.8592
4.78308
3.64433
4.32577
6.09983
4.47226
1.43867
6.18948
1.12093
7.13003
8.04469
2.75678
4.73832
8.01097
3.8268
7.1744
3.81752
0.419234
5.13008
0.865737
7.9357
5.32284
8.24111
2.67864
1.95804
6.89875
8.1801
7.13069
6.10897
7.33028
2.85893
1.00302
3.88892
3.8416
6.72313
4.64601
3.00625
6.11143
3.77281
4.45287
4.67938
3.67652
1.55553
2.87245
2.85833
6.89479
0.948091
1.03134
5.47298
3.63375
5.58227
7.8326
8.71695
7.77297
4.50993
1.73512
4.34189
7.87871
4.46721
5.96958
4.9296
0.0662969
4.28886
4.54933
2.29565
2.80265
3.69053
2.88447
0.573543
4.4902
4.90103
2.75062
6.96797
5.98153
4.52049
6.94797
2.30486
4.45757
4.44887
5.44315
1.67495
4.4818
2.7452
3.84648
4.30091
6.82246
5.9876
8.14179
4.6278
4.14853
2.04769
3.64541
3.27923
4.46177
4.4834
0.939844
4.4772
3.84428
1.77157
7.02276
2.62905
4.05197
4.47988
2.33861
2.62819
4.52915
1.09258
5.95831
1.20507
3.72251
0.399791
3.83873
7.87513
4.20012
7.8833
2.7659
2.27498
7.83526
8.3573
4.52596
2.25991
3.82626
8.19674
6.16871
6.56114
2.27531
1.52548
3.52098
1.20204
5.61276
7.851
4.03989
4.65659
7.47103
0.533838
4.44341
6.14993
8.62118
4.48185
5.44508
7.46885
7.40761
2.19977
2.79515
4.48252
4.05146
5.09183
0.0186491
8.05168
4.61871
7.80219
8.14226
3.9283
3.79024
2.83652
5.09585
0.912436
1.69936
1.18162
0.358821
6.37778
2.87064
4.19358
5.35563
4.57337
1.96639
5.19001
4.66777
4.43298
2.64555
6.3144
2.52119
7.70929
4.62903
4.48359
8.0048
3.79126
3.99086
4.52455
4.56456
2.19309
0.617097
7.83654
4.65181
1.29465
2.82133
2.34647
1.52354
4.31443
1.80024
0.146849
8.39953
1.0872
7.04299
3.85218
3.15206
0.913728
2.7961
3.95158
7.81013
1.5829
2.78205
0.0470446
6.91595
6.78488
5.26568
7.15831
2.84198
7.6683
1.24285
3.14434
0.974822
4.78147
7.7719
2.29361
2.79704
3.96482
0.0676431
0.715076
1.13423
1.02783
4.48512
0.776493
3.93235
2.77851
4.48236
4.8315
1.19695
8.11551
4.46714
8.0825
3.13554
4.44915
8.12547
0.872696
1.75171
4.04106
2.76588
2.83457
8.6226
5.22643
3.15965
6.76628
3.97095
2.65928
4.07807
7.94147
3.73263
1.66538
4.16054
0.844082
0.27238
2.21918
7.81428
7.3562
7.64673
1.41436
4.32135
6.48353
7.57122
4.73444
2.81778
4.69006
3.19564
4.43725
7.80866
1.7347
4.84361
1.97761
7.94087
4.67578
3.95676
4.54073
4.16953
2.82406
4.49451
1.19137
1.08078
1.72474
3.39545
1.17653
2.5657
4.66447
5.42124
4.50106
4.70247
1.56681
8.0128
1.96367
1.70776
4.96109
4.47531
3.85541
6.96773
4.26719
8.3459
1.13697
3.84876
7.84672
4.16872
0.453232
2.83617
4.61924
7.85976
6.71925
7.96043
1.56704
7.03852
0.146381
8.10704
0.131302
3.09246
2.83713
8.04728
6.7925
8.48091
1.59568
5.36238
2.80599
2.77721
2.49648
8.43263
0.357132
4.47754
4.17088
2.77469
0.146928
4.92982
3.63948
2.58667
3.65229
3.86327
7.93052
5.5859
4.5669
7.35052
7.16359
1.53472
6.71673
4.46483
5.22711
4.60302
3.37773
0.682729
1.40829
2.81368
3.83384
5.94312
4.28008
1.84493
2.30302
8.31376
1.57974
3.65528
0.294383
8.16415
6.13498
2.8162
4.48767
3.85726
8.08512
6.73203
8.23401
9.2114
3.9306
1.13101
2.22422
4.47917
1.02349
1.19289
2.25987
4.42848
2.84447
5.20476
4.4653
5.36194
2.28384
7.18323
7.78808
3.69259
4.47091
0.942189
2.74371
6.86672
8.09241
8.08684
4.48416
6.56345
0.497356
4.41851
7.7383
0.93761
2.22517
5.06696
0.492676
0.956893
3.2291
2.52052
8.07486
7.18307
0.348118
0.884849
8.15415
2.69594
3.93573
1.65394
1.10402
4.4184
5.29775
4.6248
5.32101
7.96073
2.64166
4.10015
5.47179
2.83802
4.5314
4.58613
5.63899
3.18099
7.49206
7.96105
0.802706
3.04505
2.40305
1.72317
8.41028
3.63767
7.39747
7.8193
7.67401
8.1522
7.96839
4.32572
0.949396
1.7654
3.88201
0.875647
6.84152
3.80297
8.27495
0.951812
3.93196
2.74594
1.06646
3.91277
7.20095
7.64339
7.36142
4.48309
2.34662
3.20775
4.35125
1.18059
0.519775
6.10643
5.4109
1.49877
3.90006
3.59344
2.20473
7.71263
4.33614
5.02361
3.83255
8.05991
7.04108
6.78934
4.13878
4.47704
3.83306
7.83055
4.61883
4.31162
2.51939
4.38101
4.3767
4.65248
5.6053
0.864206
6.09759
1.43117
4.60721
1.77768
0.946683
4.1468
7.14711
1.32702
1.49917
2.52412
1.1055
2.85707
4.58274
0.507258
7.00114
7.24842
4.37053
1.60012
4.41513
1.49543
2.82744
5.35127
8.47236
2.65204
3.73013
8.32116
1.665
1.27448
4.47567
4.56462
3.77141
6.12588
5.24548
6.1408
3.58787
0.497199
0.681877
4.13117
2.66195
2.20496
3.03679
8.39397
8.1779
3.58832
1.54055
4.56977
1.11959
4.5846
4.08827
4.59146
2.83081
3.03303
3.75847
4.62177
2.18584
0.151056
5.55642
1.52748
1.123
4.11595
1.5505
8.12328
0.0631319
1.70771
4.67601
5.59391
0.483634
6.26651
3.61811
0.0832708
2.85126
1.35126
7.47441
3.80098
0.876346
3.86001
1.07433
3.98154
6.52815
8.41081
3.86152
6.86357
3.50624
1.33203
2.82835
2.69176
2.77711
1.0813
2.64215
3.09749
2.82574
5.84222
4.46251
4.3871
1.68862
5.20241
4.68818
4.53135
0.953989
7.19143
0.268666
0.910539
8.31616
1.3265
4.47578
7.65355
2.50064
1.32508
7.24882
5.86143
4.53926
3.09965
0.946878
7.8909
4.10631
3.64136
3.05049
3.33427
3.62486
8.7444
1.94603
7.85333
6.79295
1.75485
1.10291
7.08785
3.98723
4.10742
1.14669
3.93586
3.69865
6.76686
4.60615
2.88976
8.28153
6.57285
1.9726
2.78142
4.00532
1.09885
3.03532
5.07679
0.82982
1.86505
2.267
7.29206
1.48655
7.44204
2.68886
7.27093
1.12361
0.813391
7.9028
1.49502
2.65204
0.999558
5.59488
3.42487
1.59723
4.00389
4.33909
3.41077
8.14067
2.02565
4.18491
0.127786
0.0703505
4.34983
0.633864
2.08018
4.45555
3.58083
1.23183
4.98304
0.264045
1.4168
5.72014
0.156137
4.37899
0.715129
4.60619
5.05956
6.05019
2.69871
4.09532
5.02829
4.00436
7.53469
4.65011
4.45617
8.41269
7.36119
5.65955
1.44941
4.30378
1.0005
0.498451
2.78747
7.88809
4.73047
0.556363
3.87284
1.69469
8.08385
2.83958
4.62562
1.13492
2.14634
8.77061
5.58273
1.24994
2.67071
3.4968
0.416435
2.79904
2.22368
4.56799
6.94504
4.76197
2.92407
7.58914
3.98246
7.99118
7.54657
8.37922
4.65646
1.85991
0.288788
4.51094
5.38594
4.76803
3.21083
8.16986
2.84016
4.53838
7.77648
7.21406
2.85058
1.77246
8.10828
7.97916
4.11193
0.645542
8.13855
1.78935
1.5922
0.328495
0.910588
7.79322
4.01167
3.43054
2.80968
2.84046
3.88378
7.58261
1.73319
0.699667
1.26147
3.74989
2.1976
3.58995
2.7898
7.97948
4.33589
7.84302
1.34165
3.75482
1.89576
7.22417
7.6072
0.606719
0.95761
8.01064
3.972
4.56655
4.87453
4.56335
0.687015
3.2045
5.24261
1.43628
4.10686
8.02538
3.76269
3.78511
2.65905
0.71829
1.49981
7.31603
3.52928
2.91986
6.0598
2.73836
5.59883
4.31981
4.83191
0.713705
3.59292
2.76657
4.46448
1.85355
2.98849
3.68517
1.51564
0.387827
1.45072
2.19621
8.07056
8.23353
6.60824
2.82086
1.04627
7.36795
1.31639
2.28685
8.58411
8.66184
1.94732
4.56465
7.85663
6.02177
4.14389
7.07931
0.677222
6.94933
2.13246
2.86515
3.81711
7.3033
8.48247
4.62395
3.82876
4.76786
1.48736
5.9066
5.59987
4.534
7.10753
4.29434
2.26677
7.5689
3.58106
4.51336
2.32048
3.69311
4.54047
6.78299
8.34583
5.93948
0.879531
4.6149
4.61777
1.88707
3.81605
0.62567
2.84863
1.44109
7.05863
4.86497
5.60715
7.64779
7.296
1.70174
2.78828
3.70711
3.16081
7.46216
8.18771
3.91092
4.53872
3.51458
4.97624
8.36804
3.77073
7.36819
3.7147
1.60199
7.97206
0.268218
1.70849
7.60109
2.21264
4.14114
3.90375
7.02222
8.35959
4.43819
8.25188
2.21587
3.94966
4.14242
4.00367
3.66208
4.62447
8.60263
3.58605
8.27329
7.34765
7.52745
6.6326
1.08433
2.63708
3.86962
3.86489
7.1219
3.88961
4.85562
8.0719
0.459653
1.25904
8.35777
0.980823
2.75428
7.89993
2.80798
7.92234
7.39066
0.295478
8.59429
1.23958
1.78351
4.52721
1.70935
4.37668
7.8233
1.09365
3.94699
8.03924
1.2515
4.52575
2.77785
1.02957
8.3441
3.89224
2.7502
2.2055
1.68626
4.66847
7.74899
1.21656
4.02045
7.70449
1.28267
2.27615
2.54683
3.99251
1.58833
5.83583
4.69868
2.05839
4.47913
3.74798
2.8503
2.23092
4.48831
0.646168
4.48277
2.14019
0.62416
0.758169
8.38048
4.32351
3.67442
0.734194
1.57845
4.48078
4.48505
7.48431
7.96466
8.08021
1.47379
5.14989
0.0348591
7.63348
4.14665
8.61784
2.2129
3.88887
0.536647
6.03834
7.32369
1.32628
4.45666
8.21709
8.45824
3.99404
3.72559
6.71303
0.537089
3.99042
0.273922
5.25425
4.56762
4.51949
6.61484
2.41604
7.52462
3.91536
3.66462
4.91897
3.7238
1.78031
4.06221
1.72299
5.05175
3.86347
0.814108
3.37079
4.63494
1.14266
3.91096
3.86868
3.38823
5.14953
4.33995
7.95264
4.41084
4.62723
2.28244
2.79471
2.28493
6.82228
4.49704
5.73335
7.61388
5.28008
4.31993
5.07926
7.50084
2.07054
7.25086
2.29852
4.27646
0.729072
5.43527
4.8472
2.2271
1.55108
2.65606
2.68634
6.5861
5.61322
1.83199
1.86834
8.24244
4.51861
2.68775
3.8781
3.74815
5.64889
8.27595
8.64187
2.08464
2.21914
2.25793
4.68094
7.90776
1.02491
0.779098
2.77278
7.07188
3.61518
7.12973
2.88504
2.68598
2.8233
8.72115
2.19426
5.2454
3.64882
0.979345
1.96347
0.796437
2.13845
6.7454
4.17143
4.56793
3.63402
4.52287
4.97581
4.8541
2.79976
3.31711
6.65862
2.2962
4.15333
3.98064
7.77895
7.9128
4.46944
3.26824
3.57671
3.92652
4.07787
2.52232
1.20931
2.6757
2.84789
2.51912
6.32067
3.19518
5.3619
2.26848
1.97495
1.81598
6.66327
4.79978
0.650998
2.41821
2.42071
3.62216
3.99201
1.2753
5.01653
2.83128
6.81928
4.54225
4.75903
3.65939
0.225191
4.49939
3.95256
2.95227
2.66888
4.36202
1.99225
5.35454
0.682904
2.19277
4.24317
8.45342
8.43115
2.48935
7.08902
1.64405
3.55606
4.4929
0.854942
4.28719
1.63721
7.69088
1.48817
2.18706
3.695
1.22612
7.61824
2.48626
0.621735
2.7307
8.00426
4.54219
2.83906
3.92592
4.01894
3.84207
6.64201
6.72025
8.32106
4.62144
7.70745
7.98574
4.43587
4.37778
4.27231
4.53171
3.71077
1.80597
3.22285
3.64775
2.11197
6.81626
4.63796
1.24029
6.28766
3.96723
4.53511
2.35625
4.54615
7.64763
6.71032
6.28434
3.89219
5.25601
7.77027
0.949947
6.81172
4.58718
7.07743
1.69923
4.58172
1.5088
9.0153
2.94111
4.61053
2.77465
2.72168
4.67762
4.35195
4.17709
7.00195
6.61768
3.1834
4.79738
4.38742
1.48005
5.19895
3.19712
2.24883
6.61188
6.58091
7.58948
2.91773
5.38374
8.41821
3.8036
2.80975
3.62117
7.15309
2.56618
3.96574
7.1481
6.04808
3.94112
0.653284
2.16268
8.48079
7.552
2.80427
7.3609
3.74796
4.63846
7.75677
3.84642
4.43179
4.39247
1.58064
6.06451
6.6769
1.27137
6.04535
1.1941
4.40512
8.05748
4.4365
2.26611
4.65314
5.50697
6.16544
1.10737
2.76335
7.24707
1.78306
6.37353
7.56325
4.52967
5.80492
7.72075
2.00568
4.0086
3.94737
6.45918
4.15716
2.75767
3.66312
4.67097
2.93371
4.23611
4.35196
3.80144
4.44958
1.07848
4.51529
5.42651
4.18858
3.63018
1.87403
4.85075
1.64684
2.26728
4.32321
6.20238
4.53155
8.57467
8.51624
2.13514
0.280993
8.18714
2.7504
7.97252
7.7863
3.56234
0.840099
4.1965
4.68014
2.75905
7.0352
4.9315
8.43223
3.9689
1.48933
7.62757
3.55186
3.7896
4.61301
6.87074
5.50745
4.25475
6.3403
4.84455
5.51691
8.42079
2.30144
2.2586
1.21172
1.69349
5.3249
3.87373
4.50199
2.17575
2.12764
3.60189
2.8362
3.54241
8.83754
8.41965
2.84812
2.79819
3.82446
7.30429
1.4135
3.79492
7.22942
7.94605
7.51059
6.13954
7.08945
4.59806
0.967417
8.36707
3.68549
2.83739
8.25475
4.42043
0.677474
7.66806
0.441911
5.54799
4.95868
4.68968
4.04667
5.27212
2.83278
4.35766
7.95391
1.5193
2.85753
3.32476
5.48985
0.0507124
6.66952
1.4601
1.94691
4.4416
8.44635
8.22652
1.58431
0.152813
2.06834
2.26582
4.78128
1.36556
3.86947
2.83834
2.16852
2.19822
1.49149
7.8456
2.85412
5.13877
3.72939
8.08245
5.21561
8.36116
7.16041
3.81582
0.380953
2.79286
1.22353
0.925158
4.27158
7.12481
4.53993
2.28635
2.80973
5.71897
7.94145
1.50483
4.55781
7.70749
2.02286
4.21651
5.51273
6.60747
2.02929
6.87009
7.08819
3.71984
0.266804
4.14238
8.22005
1.4568
3.66382
0.560942
4.50291
3.28619
6.45106
5.23439
1.54117
7.37029
0.375859
6.53032
5.29543
4.18451
3.421
5.26126
6.21892
4.40149
4.2735
4.44597
0.761909
2.31318
4.91876
1.71313
4.36046
7.88541
4.53928
1.4528
4.0643
2.67284
4.55051
4.14957
4.16942
4.51167
8.29799
0.0560488
2.92501
4.87001
3.97088
3.12105
1.91458
2.82279
1.9538
7.00763
1.1766
3.83452
2.91191
1.26161
6.43515
8.90671
8.79298
0.0532709
2.82768
7.71495
2.82419
4.55835
1.40749
1.44666
0.908706
4.04773
3.88769
1.65784
1.94116
3.69339
0.37665
4.53173
3.77104
4.62176
3.10846
2.15708
4.0866
2.81374
7.83765
7.75188
2.66167
0.404764
5.77023
4.86311
2.2731
2.85126
4.76372
3.46978
7.69348
2.79699
8.66219
4.1679
6.19903
3.98954
2.08887
4.0925
8.13508
8.08011
3.16301
0.902186
7.98635
6.14579
0.962612
4.80808
8.50606
3.71771
5.52321
3.89111
4.56157
1.37264
2.82005
7.51682
2.8542
4.43041
7.71579
2.92157
7.94495
4.68628
5.81686
0.724121
4.77422
2.81967
2.83451
1.07864
1.45437
4.71223
7.64753
0.603687
7.26441
0.900966
8.07149
2.79181
4.33979
3.01469
5.70483
2.27748
2.8658
1.91146
1.62431
3.9049
7.59256
6.79992
1.4238
1.43632
4.86833
7.81697
5.51926
1.48522
7.99928
4.77211
3.73042
8.15346
3.33404
3.84884
6.36795
2.80009
2.94459
5.40438
4.57819
3.82881
5.51193
3.90112
1.49645
1.68013
8.63391
1.51743
8.01288
0.91121
2.68913
1.88095
8.66756
4.32808
2.14974
4.32237
4.0847
0.320532
1.57235
4.48856
2.73875
4.47767
2.00461
1.99561
2.73239
2.76963
1.00053
8.54014
4.45102
1.5343
4.45847
1.73688
7.04165
2.76435
3.81657
3.18039
8.23815
0.897229
3.94926
2.93378
4.51617
1.0386
0.999868
1.00435
1.95647
5.00556
2.35919
3.66008
4.44479
3.61172
4.5814
2.72269
3.46882
1.62306
4.09947
2.84664
8.25401
3.38082
0.857191
5.02415
1.02499
6.8323
7.58771
1.60045
5.35635
7.64258
8.12519
3.10374
3.61876
6.8153
1.44598
2.1685
2.81887
2.81509
3.16214
5.26694
1.43231
8.74748
0.382189
0.66881
6.82886
0.880302
3.77026
5.97682
5.05699
3.15203
3.94275
3.51238
4.48534
6.6688
4.15506
2.7836
5.0386
4.14103
7.88449
4.52563
0.0655391
1.68308
7.9208
2.24164
4.07387
4.02292
4.45993
4.08529
3.24873
5.51018
0.371062
6.25768
7.48486
3.76995
5.74802
4.61284
4.14915
1.91023
3.79418
1.51697
4.00462
1.43889
6.89708
8.30423
3.83992
2.28405
3.72614
4.36291
3.59934
1.47581
3.72688
1.57475
7.98922
1.29235
0.155787
7.24917
1.62605
2.41246
7.82538
2.01014
7.51341
6.15726
4.08706
3.53513
4.41297
3.61961
1.56102
3.86085
7.6264
4.53744
0.214562
0.896535
0.360689
0.146541
6.50111
4.0063
7.86695
4.01097
2.82315
8.01131
3.67299
0.707203
7.53578
1.1273
8.37953
2.01639
3.80528
1.31356
3.9028
8.51147
0.687813
0.60523
0.684554
1.42977
3.72588
3.73078
1.94794
6.7025
6.53275
4.47959
4.2781
4.63485
3.39721
6.83335
1.53776
0.177915
0.685448
0.871716
2.83223
8.12914
5.80234
6.79095
7.90864
6.69736
1.66358
1.66882
8.64845
2.8264
4.48806
6.38465
7.0157
4.28675
4.03039
4.08337
2.85881
4.14032
2.14795
8.09777
2.85075
7.08441
8.59661
6.29307
4.58154
5.53075
3.68557
4.81538
8.10035
3.82321
2.66803
2.08682
2.5914
7.92773
2.1385
7.67133
7.13407
0.856002
1.61632
8.67543
2.82516
9.18324
4.52165
6.42658
1.23619
5.4319
3.75794
4.04202
2.76525
6.8789
4.45849
3.98914
3.64272
7.94182
3.5922
3.84207
8.55601
2.63422
0.92009
7.70864
6.64539
7.88063
3.97087
1.61645
2.84508
0.908486
4.15819
4.44514
1.89622
3.89334
1.82777
5.83198
4.4424
6.74705
2.13796
4.58252
8.24019
2.76606
1.65328
4.43869
1.42253
2.76239
2.8358
7.4623
8.21656
8.22883
7.71615
6.43817
4.57888
4.57627
1.02132
4.50418
2.06772
8.38238
1.61722
2.64388
2.13071
1.90341
4.05238
4.41399
4.58645
4.01154
0.42794
7.96652
6.64939
4.80841
1.47528
8.16134
4.40863
0.231278
3.63409
4.83208
5.93912
3.65908
2.80197
4.92247
0.132012
3.74323
4.50422
4.76906
1.09152
3.59547
3.67428
2.8619
0.590415
4.96855
5.00636
0.312026
1.24779
3.86565
4.09332
8.18361
2.7695
4.31927
3.99095
2.75662
3.7803
2.40464
2.82101
3.9731
3.14008
5.4089
2.15079
2.70292
1.21873
4.74769
7.6056
0.0257797
7.98828
1.75965
5.30916
3.85221
2.82589
8.04093
3.75872
0.579179
7.6149
4.30219
2.86325
2.76449
2.82522
3.88104
5.14655
7.83636
4.47773
2.69558
0.1746
0.993639
8.08647
6.77428
3.71087
4.4225
2.82446
3.76373
4.3515
8.45748
1.54819
6.89791
5.22448
4.40311
1.60745
4.47656
3.96963
4.49396
4.59152
1.08881
4.952
8.67328
2.77706
1.08657
7.96577
4.22
4.49743
2.78898
5.33635
6.49921
7.77992
4.72447
8.00478
4.00304
2.50451
3.94109
8.5937
5.43718
1.1318
4.00109
6.39624
0.765705
6.61116
1.71611
6.89621
2.50204
7.7214
4.01843
1.66938
0.665953
4.25353
4.98696
8.62173
4.3926
5.54475
2.76907
1.31355
7.28124
1.43115
4.93921
1.56379
4.47497
4.34218
0.904448
3.5315
4.61147
2.77665
2.81684
0.415772
7.35495
7.93465
1.72689
3.95948
3.95932
5.27069
1.46615
1.96113
3.10793
4.27837
2.81646
7.14801
3.03147
1.44484
5.41107
3.10931
8.21526
4.45835
7.67161
3.29155
4.61623
2.78006
6.6852
2.7613
4.29882
1.95742
2.34106
4.96183
7.38304
2.81171
4.25195
3.53505
3.93811
3.74335
0.797431
3.93472
4.48892
4.44789
7.20709
7.20698
2.68314
3.05293
3.0452
8.31535
4.66246
1.74092
4.53067
4.09525
2.81372
1.05997
8.45212
0.754546
1.03821
4.34495
0.814105
8.32532
7.42565
3.82973
3.66177
1.90256
5.36507
4.28263
1.57956
4.72067
5.14766
4.41391
4.40645
4.63282
0.667739
0.426554
2.33096
1.49242
1.19762
3.56269
6.83975
7.94204
2.77853
9.52188
2.73292
6.49565
3.80635
4.35161
0.924855
2.87704
7.08866
4.71345
4.9622
4.48292
4.83258
2.55718
2.86212
4.11902
1.51411
3.66786
3.0208
3.78868
3.96792
8.3355
2.86913
3.9774
3.81077
3.70991
4.12304
4.48105
7.77198
1.64999
7.65775
4.70469
6.35141
5.35613
7.84076
4.45646
7.89919
3.60159
2.21216
7.66097
8.01253
2.01067
4.58332
1.74079
5.17245
3.43043
3.57014
6.28771
3.26652
8.12916
0.0148073
7.50946
0.119896
4.3909
4.48022
1.74606
3.12116
7.08888
4.62474
0.0646556
3.92667
4.19639
4.00324
9.34026
7.22006
4.65535
4.82997
4.51884
4.50209
0.674623
4.51629
1.28555
1.17548
4.17946
7.82976
1.13035
8.11732
0.177657
3.15397
3.82552
1.61368
0.643007
0.771251
7.21488
4.43943
3.29102
2.48973
3.97866
1.67758
6.2235
5.9988
3.62773
8.36833
3.41307
0.834036
1.30444
1.42536
6.98841
3.28406
3.31891
0.0490356
8.03604
3.55581
1.15448
2.14155
3.54188
7.37161
3.33879
3.00789
3.71027
8.20006
6.40102
4.49051
4.008
1.23954
3.3255
2.62159
7.62531
3.81592
5.27508
6.12903
2.04711
2.24896
2.69195
3.40665
0.441774
3.53025
3.87249
6.68048
2.83953
3.694
0.954292
1.5839
2.81071
5.41866
5.24566
0.299686
3.67264
5.18003
8.13141
1.79316
2.85257
1.32246
2.82286
0.809339
2.862
2.07585
2.07516
1.6773
4.50497
2.66636
0.602067
0.982361
6.69638
3.7052
4.55253
7.71742
4.42644
2.92327
2.67436
7.97732
3.83761
2.92402
2.016
8.5873
2.77471
1.54078
7.27414
2.8934
4.34328
1.33321
2.80653
2.57012
3.7135
5.1015
7.39464
4.62918
2.83111
4.15618
1.51505
3.51161
5.26289
8.30887
4.46257
5.76557
4.40564
2.84283
6.47036
7.40071
3.7867
8.01515
7.69835
8.56695
4.46402
7.90599
3.77143
4.06741
2.84249
1.24014
2.16673
6.14138
8.63129
8.32697
3.90371
3.7666
8.15911
3.63485
7.04613
6.91497
3.7075
6.13719
3.95649
4.22635
6.61056
7.67207
2.16234
4.51986
4.34998
2.79537
7.32472
1.28727
0.935364
2.8933
6.24645
3.473
1.55375
1.4679
2.78704
2.13155
4.67139
6.53951
4.25803
3.86553
1.20155
1.51353
1.2117
8.18633
2.66759
8.22877
2.56721
6.71978
3.81639
3.62385
7.8918
0.725124
2.82912
3.55285
3.61852
4.0128
2.6478
4.41904
4.35217
4.09694
3.95383
1.25062
2.79884
3.69849
7.98227
1.66947
2.15029
2.86869
2.82057
0.703294
4.42922
7.09939
4.51323
3.81435
6.71854
1.46699
7.28834
3.86538
6.36236
3.79234
3.39899
7.79099
1.40305
6.60541
4.46914
2.34199
1.48461
2.82947
8.18874
8.76128
7.56168
2.77528
7.19491
3.80856
1.47771
2.39116
7.80372
4.50202
6.67294
2.21134
3.77521
2.92103
4.64849
2.83888
4.46537
2.85998
1.74762
8.68406
8.03856
6.00191
3.79108
1.09242
7.15596
8.31066
4.30116
4.14569
7.1768
4.58979
5.09021
3.47179
3.70799
4.48465
5.89474
2.92784
6.45149
4.75733
2.88803
4.66243
8.36959
3.91445
7.13471
8.33394
2.66478
6.42232
4.44664
2.33329
0.632173
4.0722
0.877534
4.33949
2.86783
1.5129
6.29954
4.64626
1.62649
7.453
2.69226
1.30365
6.61347
3.9355
7.54974
8.49337
1.23946
3.95469
7.35753
7.39155
8.54848
7.64014
7.77714
1.02531
4.58381
7.1059
8.10531
1.30699
4.52383
2.62821
4.11975
4.35251
7.06354
4.09372
5.72474
4.65746
5.41307
2.20261
4.45986
4.15676
7.37752
2.80205
4.22588
3.30198
5.32102
4.51264
4.50516
2.02932
6.64498
2.23369
2.26532
7.30929
6.12099
3.84088
2.7852
7.74969
1.21969
8.56408
4.35941
5.80036
3.68796
2.54633
8.86964
4.68234
3.57453
4.63521
2.09443
3.83234
8.27949
0.405472
2.00767
1.49298
3.9611
3.95947
3.98254
4.33054
4.68083
4.14619
1.08072
2.38967
7.4992
0.178479
5.33594
3.76586
4.83399
2.63766
4.81797
3.92974
5.34189
1.98969
4.08832
2.79119
6.93517
8.10359
4.18833
3.37825
5.26086
4.57884
0.889959
7.6687
1.70097
3.96473
7.11852
0.733005
4.77154
7.66252
2.28918
3.86374
1.11416
2.77843
4.55837
5.13147
2.31331
8.46236
0.582707
8.18795
4.652
1.56962
4.58344
2.13545
4.24695
1.64584
3.76697
3.99616
6.72457
4.11115
4.12049
3.85907
5.55998
3.6766
7.61554
2.1614
5.84662
4.5329
7.7842
7.87927
5.88534
4.13274
8.80483
6.32623
3.7598
7.76892
0.553076
1.12086
8.66682
7.42764
2.81207
4.38263
1.1184
7.96602
9.10701
3.74733
4.13166
4.54603
2.60315
5.3727
7.56009
2.73978
3.80757
4.56909
5.98987
0.000258884
4.34499
0.223258
3.62305
3.96823
1.56227
4.50457
3.62543
0.411075
8.18376
1.61151
1.6559
7.88558
1.97803
1.04998
3.66178
4.15771
8.98293
0.489183
2.7126
6.67202
7.94443
8.65999
0.010066
1.68955
7.99899
4.47462
0.0131193
5.1172
4.55472
2.78451
2.05511
0.347096
3.59141
4.29585
1.69461
3.68826
3.81453
5.42197
3.20939
2.79818
8.19196
4.0037
2.87515
0.999094
7.40469
7.23722
7.67373
7.53043
4.23437
4.51546
4.7064
3.75855
1.52626
3.81091
8.42167
1.24037
2.76574
4.21886
0.321698
8.01852
5.38037
4.25104
2.83342
3.90256
4.50606
5.68469
4.20972
7.4955
0.669234
5.19198
4.01139
8.2199
2.82683
6.48872
4.55004
2.07555
6.92752
0.28832
1.60961
4.57873
1.97309
4.45834
8.18147
7.5889
6.72954
6.63647
2.17088
2.2932
2.84928
3.62853
5.33735
2.85439
3.91463
0.614453
5.45593
4.48967
4.52749
3.53544
1.5556
1.78518
1.66446
7.60618
4.12729
7.62052
5.37838
7.03578
2.27732
7.74382
8.16397
2.74185
2.49923
6.49843
2.86499
3.78042
7.41358
0.217133
2.82175
6.69917
1.17823
8.54339
8.64316
1.7753
3.45839
0.579766
0.973866
1.30677
3.68512
2.73715
4.53827
6.85983
3.91446
4.55787
2.7797
1.83062
4.40033
2.15729
4.12759
0.016595
1.39647
1.53103
2.73428
7.05279
8.08945
4.129
4.06181
4.01925
1.44118
8.31231
1.62688
4.22719
7.58872
3.59116
1.20655
1.77471
4.13334
7.47279
3.18363
4.12613
1.55301
1.59373
6.44804
8.24713
4.35029
2.64435
1.562
3.53688
0.992109
1.09659
3.8238
1.22593
0.0181225
4.69449
2.63953
6.87437
2.55681
1.20322
8.00314
1.94229
4.16861
4.50664
7.12195
0.533515
3.62189
3.9314
7.43169
2.34339
7.71001
4.73587
0.279766
4.07145
1.3264
3.79644
3.93549
6.00997
4.77574
3.50446
4.72937
1.37717
2.74267
4.04473
2.86013
0.59652
8.48831
2.53825
8.78017
2.63444
6.62209
5.47401
8.69827
2.74276
4.45514
4.66662
4.53949
4.10262
8.10639
6.87271
4.85353
2.66059
0.607069
2.04709
3.15566
5.31996
1.03059
3.72549
3.31791
8.02933
2.13234
6.68982
4.47809
4.74431
7.96917
4.11189
5.53285
2.4015
2.14149
1.44996
7.39457
5.07383
2.80867
2.76635
2.15112
7.0967
7.78946
2.44929
4.49797
4.93359
2.85407
3.82153
2.86863
6.52411
5.33728
0.336155
0.973942
1.65294
2.0931
0.996174
8.44241
0.953467
4.56394
1.63047
1.9806
4.57809
2.53545
3.8057
6.4689
0.432895
7.79533
1.19697
4.20428
4.69667
4.54166
1.55069
6.69594
4.19263
7.02785
8.12903
3.78827
4.3462
3.63874
4.25661
6.91573
2.86436
0.924239
4.0692
0.850125
3.5356
4.49438
7.83543
2.01815
1.54513
4.41151
3.63999
8.19016
4.28765
2.3557
3.95434
0.823104
6.7262
1.53864
6.00832
4.02606
1.28959
1.4592
1.60824
2.84653
0.338357
0.376955
1.09638
4.70683
2.40872
7.67985
1.48674
4.13631
2.13065
4.59039
3.81621
2.81597
1.44806
8.00452
1.6896
5.77718
4.49048
3.79921
2.39316
7.36929
4.48359
0.122498
0.519661
4.52315
4.51378
2.83559
0.749278
3.57502
3.5853
0.867039
3.86336
4.38012
3.53056
4.5712
1.49936
1.80029
3.97328
0.669081
2.85582
2.74919
3.6827
1.48996
3.99525
4.28471
0.691272
1.1542
3.47044
3.85723
7.02737
1.18657
3.11496
0.51599
8.24869
1.52264
6.32387
5.77595
4.46345
2.34818
7.73907
4.13483
3.46475
4.07783
2.71962
7.9137
0.137086
2.12236
3.78239
4.44655
8.84192
2.14831
2.33424
2.14677
7.88382
3.8052
6.54419
1.28634
2.86258
4.05408
6.42924
4.30729
2.70291
3.77385
6.77214
6.62545
2.84238
1.42312
4.66562
2.76553
8.7459
4.41898
1.28948
4.53133
6.31806
4.49594
7.4707
7.48233
3.13269
3.52531
4.33626
4.15449
5.53071
5.66082
4.136
0.981111
4.26
2.18187
2.79823
4.15846
5.23408
4.41927
2.2398
1.08962
4.60753
7.85402
4.71326
2.12874
4.4561
1.58061
4.62329
8.32429
8.12483
6.91965
4.31932
5.05162
2.18035
0.259983
2.24091
4.49247
2.43468
3.70528
3.81143
8.05775
3.60703
3.76005
4.73067
2.75161
5.36678
4.56101
0.278508
3.93117
2.79338
3.9767
3.24276
3.82286
0.886344
7.76621
8.5754
3.81643
3.05332
3.02362
2.80025
4.49037
2.49629
0.0206288
4.83038
7.49847
8.78004
4.19142
4.73724
1.19921
2.95444
1.17275
4.30413
4.11082
1.55885
4.4943
8.55739
3.52905
2.1078
0.960559
2.64798
8.47042
0.355428
3.83482
2.76413
7.97779
3.85204
4.44781
8.16339
2.80187
5.91109
4.3356
7.04767
4.57146
0.929806
0.152833
2.08712
1.29505
5.01489
1.44717
6.0995
4.50333
8.12081
4.3231
3.20989
6.41612
6.46845
4.52784
3.80163
3.22271
2.67139
4.32852
0.784004
4.75834
8.06754
8.04112
3.38067
4.54989
2.7099
2.52445
3.38697
7.3809
2.62576
7.18529
7.20246
3.8886
0.960505
0.504683
1.47349
3.46741
2.75164
4.978
7.96358
5.76785
1.33988
7.41449
6.27515
0.977557
5.25081
2.18102
3.80978
2.49375
2.9632
2.86372
4.10704
4.41732
2.71646
2.76594
7.48738
6.95797
1.95943
3.24414
2.44501
0.505939
3.93253
6.66808
4.51319
1.5019
4.08708
0.886807
2.73907
8.16179
8.12859
3.7528
2.70269
2.13096
8.139
0.891605
1.43581
7.82603
1.70138
4.09277
2.79038
2.44096
7.32101
8.0087
4.09958
6.33001
2.33695
7.5557
4.4064
4.39334
4.47499
2.06237
7.98823
8.52229
4.72225
1.51231
7.03806
6.60021
4.12076
2.05075
6.57377
5.37902
2.69922
3.65563
4.96288
7.25529
8.23037
2.55221
2.59349
8.40612
8.0181
2.14199
4.556
8.85664
8.48931
2.85309
8.00671
2.83747
7.62238
3.99018
3.51581
1.34532
6.00642
0.537421
2.88535
1.50395
7.18311
0.281466
2.87697
1.09192
2.88456
4.34685
6.05089
4.51222
2.83594
4.65256
1.76909
7.34901
3.78183
0.158939
4.13105
1.54399
1.80025
3.88415
0.986464
3.73647
5.15016
3.70747
3.88201
5.77765
0.780646
2.43434
0.748335
8.36221
2.66788
6.50842
2.62088
4.3959
7.90623
0.321255
4.08151
3.87125
3.9631
6.74992
4.32866
1.00509
8.3413
0.39053
2.21519
3.84702
2.68757
6.88148
7.21145
0.486577
7.26029
6.69293
3.78711
4.60863
1.85163
1.70631
0.662592
4.72541
3.77343
3.77667
6.07561
7.66318
4.46916
2.79212
4.61556
0.150659
7.23503
7.4608
4.77605
2.12737
1.99926
0.863813
3.86069
3.73588
7.71281
5.94625
1.86948
1.83536
1.87571
0.896259
4.63482
6.27676
8.71583
6.06204
1.12362
3.52482
4.42163
1.46424
1.61552
0.0937701
4.69589
7.62712
3.90645
4.45262
2.79635
5.47567
2.63305
1.1235
7.77757
0.620479
0.190282
1.58041
5.26925
8.12499
4.24461
8.20073
2.55706
8.05005
0.665903
1.70721
8.30855
3.85999
7.58673
2.55118
3.68691
5.83817
0.894737
0.753799
4.40075
1.08389
8.23151
4.56621
4.25662
7.80671
6.29283
3.61842
3.93063
6.57367
6.19
0.507527
1.45756
3.98118
6.98453
0.14689
0.150412
1.23206
8.262
7.41807
5.15446
1.02543
0.776071
0.402672
3.70693
0.889886
4.52932
3.92345
2.6085
1.46719
3.43939
3.77098
4.59182
8.14992
3.8664
7.45551
8.14993
4.52585
5.3697
3.83679
4.6374
0.250512
3.85765
0.710569
2.60261
3.60169
7.59416
5.77109
3.18777
7.46251
2.8101
7.95865
3.75702
1.87687
4.12917
1.49249
4.60212
4.51266
1.4158
2.59432
7.7986
1.94462
3.99354
4.4986
6.67356
4.50281
2.57833
4.34522
5.82694
4.83937
2.58015
3.68985
7.7282
1.6009
1.9395
2.76069
1.09833
3.52551
2.02769
4.53505
1.59225
1.60663
4.95065
7.84145
3.83023
2.83906
7.56027
5.11711
3.99282
7.11558
3.88403
4.61448
7.95195
2.48053
0.748423
2.20837
1.58388
3.75078
2.94567
4.59837
3.92025
4.67274
4.89347
2.09609
4.37827
5.9096
8.56007
2.35688
2.30662
1.68741
2.04504
7.6431
5.22255
2.03575
6.58849
8.43838
7.78368
4.48912
4.14606
1.01622
8.06022
1.53453
8.36529
2.13872
2.78438
4.22818
7.99934
5.70181
7.53106
1.04454
5.21617
5.83904
1.05068
0.229851
1.8542
7.37086
5.14141
0.943327
4.14466
0.0300967
4.50287
3.49467
3.88497
3.63221
5.61586
8.05696
3.47069
3.96212
4.62088
2.59163
4.61952
5.80954
4.65812
0.549714
2.12527
3.83552
4.50647
2.57443
4.46002
4.11354
6.09384
1.52662
2.58553
8.503
8.63726
8.73408
0.99254
3.74197
4.07442
3.70402
8.92214
4.16532
4.71463
4.41783
4.08993
1.18649
4.15308
2.82827
3.92142
3.63145
0.193485
4.81503
2.5439
3.49611
6.12184
2.58853
3.63386
4.88796
3.62871
1.09928
2.52305
5.08598
5.29372
1.81131
1.67064
8.34136
7.54259
2.52175
2.60219
1.21535
3.03188
0.462132
1.45242
3.74516
4.60915
2.60987
6.11551
2.1438
7.75175
0.940813
6.71546
4.29478
2.98157
3.80075
1.59597
1.62416
2.85011
1.85177
7.89227
3.70505
7.8085
4.3549
2.00232
4.45783
1.11241
2.97375
0.332502
4.17795
3.14305
2.47377
4.09407
2.112
2.1437
4.69115
5.79282
3.74497
4.45741
0.526156
7.21836
3.94874
4.32443
0.684749
2.14966
0.787199
8.01954
4.73143
4.48921
0.236655
6.29559
7.85859
1.37872
7.4808
3.83079
8.69174
8.41061
4.0868
6.05849
1.50077
3.56518
5.35257
7.98572
6.76486
0.538023
8.14589
8.0254
4.10067
0.823107
4.53804
2.54727
1.97022
7.39815
1.00447
7.22336
1.3926
7.84572
3.57315
2.61245
2.78511
7.70537
7.53616
0.955559
0.842831
7.46682
7.58576
3.15004
4.3189
4.72239
7.77841
8.10437
4.28895
4.21133
1.52967
4.24442
4.49197
2.72788
8.5967
3.64301
1.58748
8.4873
2.71366
4.78292
4.15351
7.00482
1.69775
4.31704
0.555063
6.0642
7.34797
3.94477
1.0772
8.79009
3.76455
3.91143
7.00385
5.91332
2.12078
1.7475
2.68909
1.95781
1.79176
4.45868
2.91087
6.12226
2.75779
8.04039
4.27374
8.57877
3.79131
4.97222
5.34202
5.37373
1.63745
6.25079
2.75692
7.68797
2.01087
0.00660117
3.69038
0.525879
4.81744
3.58902
3.76863
1.63952
3.89093
0.994841
7.12927
2.66438
1.6051
0.335162
3.56099
2.6809
2.02839
7.86541
3.55337
4.27576
2.8986
8.00046
0.585097
5.80757
1.29244
7.59236
2.08686
8.48672
3.94715
3.84915
3.94562
1.18513
6.65908
2.79637
3.7504
6.52864
4.06437
8.2444
4.14986
1.54317
3.96543
5.02939
4.70664
3.93864
2.5893
1.55081
2.68703
8.89808
1.11554
7.38614
7.48316
1.77286
3.8022
7.45588
6.54322
4.62394
1.65473
8.01765
2.71487
6.68238
5.34412
5.88362
4.4669
0.00605618
6.00304
4.84912
0.166956
0.537541
1.63595
3.89805
2.64556
1.60872
2.84001
1.60002
4.6121
1.75926
7.79152
5.81816
3.84711
4.83632
0.739607
3.91384
3.9656
5.80099
3.8744
5.71254
6.7696
7.58449
7.82259
2.98516
2.79971
0.946851
4.84106
1.28533
3.8392
0.144343
0.977081
4.45594
2.84105
8.62363
5.15507
2.18683
4.24669
8.41948
2.99011
3.01918
7.95974
3.6314
8.19679
3.85185
1.08242
0.0627858
7.84085
4.58359
8.17829
5.95681
3.98178
2.41414
5.81439
7.22939
7.40558
8.13088
3.97453
4.4995
2.71104
3.67345
2.69513
2.10616
4.4575
0.038021
3.22119
2.95949
6.33261
5.66197
4.41935
4.46461
2.67192
2.9726
7.86676
0.825647
1.04138
4.53733
3.94914
5.81731
3.83851
2.87725
5.66637
8.24918
3.01668
2.58794
3.89652
7.54187
0.64343
0.395995
1.47958
1.57745
6.53993
4.02104
1.68572
0.56931
7.22515
7.60004
3.54043
3.07992
4.83858
3.85253
6.58823
7.80622
2.04651
6.5631
4.53223
4.69248
2.96264
0.341211
2.28551
0.542985
4.45802
2.60874
7.94434
6.84293
7.1843
8.19517
4.83267
6.83382
0.984834
2.59217
4.24539
4.41154
8.05735
3.63557
2.74188
5.65662
2.66765
6.27635
3.09256
5.33034
3.53825
5.70204
4.62532
8.46234
7.79647
4.75982
4.53779
4.31443
2.72763
4.45442
5.38241
1.42654
7.94489
4.15052
1.82962
1.46654
4.40889
7.17109
5.75478
7.60772
1.57249
6.67772
7.8858
2.63306
4.55197
2.85522
2.36737
8.66069
4.72501
1.65987
4.60677
4.73531
2.52694
7.22706
1.18866
6.11848
2.63414
5.19313
3.80591
1.70817
1.12399
3.63487
3.85221
0.411204
0.413239
5.88129
8.65597
1.55467
0.0115908
2.80651
2.42951
8.99605
1.0385
4.88123
2.45081
5.72106
1.30802
2.63605
2.2323
7.57735
8.14467
4.61729
0.884883
3.63835
3.79793
0.687708
8.62652
3.87176
0.589382
4.06895
5.34559
8.47694
1.94956
7.64973
4.57989
7.97724
2.77251
5.05025
2.6455
4.30942
3.82734
4.22747
1.22664
4.3816
3.89715
4.3726
3.73597
1.47091
5.20923
3.99394
6.75879
2.50413
3.81756
8.54147
2.20392
1.38566
1.69039
4.19922
2.22408
4.45964
4.32209
3.52818
2.78718
6.71098
4.18183
7.26974
2.78632
6.2335
3.14276
1.14619
1.95504
6.17567
5.45555
7.54812
1.75225
5.67336
2.68386
8.04537
4.24555
2.42681
4.63153
6.08339
1.81974
4.12931
1.86825
2.64149
7.47825
7.63945
7.55626
4.70712
6.82564
5.52134
3.68771
4.29398
7.11139
3.33741
3.76537
7.17506
4.7181
6.45395
3.89801
4.00853
5.92895
-0.00129972
8.01979
3.53471
7.29971
7.23383
1.52481
3.18019
0.931345
0.916303
7.68817
1.8648
1.25416
6.81239
5.00069
1.50647
2.51264
3.76763
2.59375
0.285661
6.63658
0.997438
1.6309
7.97474
6.31169
8.37281
8.99639
2.5575
6.15174
1.3052
4.72612
1.20896
3.77262
7.21267
2.60937
5.82288
3.78163
3.75402
3.33177
7.33458
4.69656
2.35769
2.82797
0.977778
4.9134
3.871
1.4584
2.7606
8.01136
1.05338
4.62473
7.56673
6.78702
2.19555
5.32348
4.15299
4.48619
8.23443
7.50168
7.19459
3.07705
3.7266
0.44064
5.67885
6.41338
3.81791
7.47431
4.36108
3.97836
2.56731
2.83903
2.09346
7.20133
4.57516
3.96634
2.67007
2.62026
8.10691
3.05127
0.432828
7.16189
3.83522
2.64226
4.07943
7.7935
8.09542
1.12074
1.90757
8.86924
4.64624
2.07551
1.54691
2.04769
7.0619
6.35849
0.710154
7.56629
1.66272
6.30977
0.652037
6.42324
2.63698
7.24353
7.2375
5.861
3.61422
2.2856
7.2118
2.60321
5.19674
0.85872
3.52353
0.479052
2.28606
4.59114
1.31218
4.17401
1.26369
4.46583
1.98777
7.59152
5.1617
0.881348
3.6848
3.55016
4.5347
2.64488
7.01715
4.43616
3.81075
0.575185
3.88516
8.08604
3.84811
3.84153
2.82446
2.81245
4.59828
4.87046
2.07998
7.23198
3.82424
0.454421
4.77065
1.87844
4.09112
4.01225
4.11282
6.29896
4.95715
1.5243
4.84132
8.22402
2.73151
4.63195
5.86723
7.7451
2.02349
2.28354
3.91109
4.69271
1.41749
4.44438
9.63341
4.74938
2.67693
4.512
3.49718
4.01668
4.12514
3.87526
7.47095
4.0248
4.16939
1.99666
4.4572
5.12077
2.88682
4.47676
7.52265
8.01163
5.72757
3.50249
4.46144
1.22739
7.95878
2.1204
1.65129
2.83066
7.28398
8.15145
7.96345
1.20221
1.46637
4.01117
2.05686
4.39349
2.00382
7.57107
3.86342
4.34318
0.526087
1.33232
1.48601
5.51132
3.83517
3.87613
8.15134
4.34971
3.57603
1.69505
4.44104
3.77621
0.678198
3.78995
2.66292
1.56497
4.7841
7.0804
4.20521
8.17191
5.29972
4.44928
0.606611
8.10193
4.40701
3.91291
0.95734
6.13598
8.42386
4.46572
2.85278
2.81708
4.78951
7.81575
8.63694
2.21616
2.36181
6.87702
1.07564
0.0118285
0.85844
8.09014
6.0812
7.73988
4.46692
8.81898
6.31234
8.16182
4.91796
4.53522
4.91907
1.68859
4.55782
7.04983
5.33844
8.1856
4.35655
6.11636
1.43722
6.56656
4.14385
2.34765
8.10153
3.25471
3.49027
4.05344
0.955407
7.79272
2.82801
2.61285
1.57692
3.74872
7.90011
7.98844
1.35407
1.22773
7.56699
4.39987
4.62237
3.91398
0.881084
5.39087
3.83651
0.366669
3.72246
2.07899
7.98937
6.72354
2.65744
6.22573
3.75369
3.06413
5.59069
4.49719
4.24096
2.68975
2.54364
7.60753
4.63084
6.47322
7.73581
8.50338
7.74742
5.54906
7.67437
3.39729
4.46581
0.507839
7.32652
0.613052
0.785201
1.44782
3.85263
3.72699
1.99102
0.475456
5.86741
2.10982
4.20107
3.82173
1.99036
6.4128
3.88927
2.68819
7.27606
2.85414
2.70257
3.12489
4.52268
1.20076
3.95596
1.72628
0.529987
7.80178
7.6475
4.30933
4.48417
0.637902
1.54546
8.63052
4.56176
1.40129
0.162181
2.35448
5.82835
3.93346
2.68543
3.05563
1.9176
4.83985
2.51687
2.53849
6.97487
3.57066
1.99003
6.80924
1.19987
3.8306
2.05625
4.95184
4.36043
5.75853
1.48791
7.34263
3.07445
2.59432
7.3114
4.51786
1.96518
2.6633
8.72683
5.20948
6.51001
1.62499
3.86355
7.26989
2.31247
4.69268
4.35712
3.70744
1.43206
8.2743
6.4346
2.86049
2.80416
4.39819
2.65923
3.77389
2.65995
2.82326
1.22409
3.81905
2.80363
6.99414
4.54733
2.09818
8.33161
3.82366
3.83425
7.59651
0.869292
2.24415
1.41782
1.24269
5.96986
1.21002
2.87807
0.46075
2.11862
3.57033
6.42274
5.75697
1.56146
2.84965
1.92485
0.0149437
1.39568
7.70919
3.43914
8.48814
5.46425
2.81629
1.56876
2.8725
1.0224
5.93005
5.50345
8.08886
3.70883
7.2333
1.43872
8.00514
3.87942
4.3788
8.30376
2.2925
7.96539
2.27656
4.49707
2.84536
4.24206
1.7693
1.51909
5.07346
7.05714
4.8649
0.178844
1.2201
1.42627
1.11212
7.32241
1.81329
3.77995
0.983076
4.05649
7.98328
4.14507
8.09919
1.59384
4.1882
2.23117
4.48383
3.57132
0.0146355
4.67902
9.10503
0.829962
4.42542
2.82652
2.85705
3.94805
5.08968
6.12638
4.39173
4.61458
3.71044
6.28179
8.07586
8.19269
4.60277
8.10359
8.18916
6.65558
4.02646
4.49685
4.46755
3.59832
2.77649
1.63193
1.1803
4.46337
8.17308
2.84368
1.34248
4.04684
2.23607
1.91948
2.37842
7.88099
1.81115
0.332187
4.46382
1.80777
7.45137
4.68299
3.90291
3.38091
0.396737
4.30907
8.14104
8.0372
1.50368
7.33522
3.58583
3.85395
4.06514
5.43769
6.39678
2.73894
3.95804
8.18738
8.83816
2.97618
1.18457
1.46391
3.99137
4.37769
1.30937
6.99243
6.32105
2.7522
4.45977
1.38535
7.69004
3.28456
8.22457
0.619103
8.84271
2.99777
3.62504
4.48431
7.12189
3.55294
5.24172
7.25724
6.10634
8.33136
3.25914
0.591417
0.547126
3.67042
2.27327
7.2732
8.18902
1.89785
2.75774
0.655565
3.1777
6.80145
6.92476
4.25766
2.75473
2.01445
4.55068
4.34961
1.50057
1.60431
1.11574
2.75251
4.52098
1.05461
0.643498
1.19894
2.77457
2.38718
3.64798
7.90137
7.75815
2.73536
2.78503
0.841089
2.75759
8.43627
3.91129
4.50195
4.48633
2.79967
2.37589
7.16832
0.951684
3.64686
1.10414
7.22536
5.30945
1.01172
3.55572
4.37246
2.74881
2.80373
1.64734
6.31582
2.04712
5.30093
2.77758
3.93572
1.59131
0.44465
4.87984
1.36965
3.77361
4.99103
8.55687
3.73026
4.73403
5.55855
2.81981
7.49077
5.6272
4.65422
0.374466
7.59797
0.522016
7.66553
3.0379
1.77232
6.5028
7.92912
5.12017
5.51324
1.64459
7.42264
7.69861
2.79742
1.58981
4.42526
4.24893
3.92404
2.69104
1.60848
4.13757
1.18484
1.79633
7.91742
1.52564
4.71307
4.09929
5.05669
2.93322
4.95917
4.60938
7.81965
2.04422
4.09632
4.05788
0.936971
8.17595
2.73594
3.96009
4.45961
5.89894
4.72932
4.47212
4.66687
2.7147
8.10031
2.7922
2.81853
6.6786
7.16339
2.58013
2.39276
3.79477
8.13744
4.15504
7.73177
3.80515
0.692782
7.37963
6.2468
5.88003
6.732
5.46109
1.41465
4.74666
0.72012
2.71519
0.418932
2.95382
3.53129
2.20675
6.51631
1.74803
3.90135
2.73888
4.26593
1.69948
7.522
7.77184
1.69883
3.70769
3.8006
3.81517
4.50623
3.80781
3.52155
2.27096
5.34017
8.14737
8.44069
4.03335
4.31712
4.40114
4.54145
4.60883
2.8209
0.625838
5.46271
4.81367
4.51965
1.28504
4.4576
4.53996
4.10915
3.78278
3.85194
1.24259
6.19279
1.33381
0.446801
4.50445
4.63556
3.91462
4.53014
2.25568
4.43943
8.13416
4.51983
2.81996
4.42983
1.90784
2.82865
4.28621
1.32267
3.78491
2.9508
6.49033
7.88363
3.833
4.51388
8.55867
3.77505
4.35729
4.58111
2.71777
2.47642
1.3455
1.26851
1.2687
8.46649
1.09602
4.06326
3.72022
1.45194
1.40664
2.49275
2.76643
4.75226
3.72704
4.67936
2.25581
8.54404
3.67279
4.65576
0.995772
2.8393
1.74025
7.62106
8.7522
2.6624
2.57924
6.51839
8.44253
1.51494
2.77203
6.23076
7.48403
2.63967
3.87493
6.74711
3.74815
8.56694
2.00848
3.52712
2.8823
4.81987
2.65721
8.42088
3.9
1.61032
2.76564
3.47498
7.49131
0.517722
1.89034
6.67928
1.22947
3.63522
7.81811
1.40683
3.05349
4.0552
2.76784
7.84616
0.623163
4.40025
4.49773
7.61694
7.6598
0.0137255
2.8149
3.72694
3.85808
7.53049
0.387164
7.53363
1.50508
2.64347
1.42405
4.13572
1.78953
4.93598
8.00614
2.46008
2.84239
5.04632
6.46392
1.52216
3.94654
0.711486
1.00284
1.33636
3.90699
6.67064
1.86551
6.95579
4.5685
7.26848
4.81093
1.82462
2.84204
5.82095
6.46036
3.96307
0.809055
2.46809
4.34645
0.6098
3.40028
1.74409
3.6772
3.76536
3.2916
1.29017
6.77657
2.87548
6.70493
8.14053
3.77399
1.96733
3.66092
7.81125
2.75484
1.75126
6.6935
7.29955
8.16634
3.63973
8.194
2.7158
4.4468
5.66048
4.37066
3.66623
1.99793
6.03992
0.278548
1.97818
1.74188
0.996035
4.67328
1.71801
3.81492
0.101445
2.83301
6.52288
1.64918
2.07621
3.78622
3.75118
0.0561079
7.28696
0.715668
1.37509
3.93871
4.35271
4.14302
3.14275
4.65629
6.32622
6.28629
4.01696
5.33653
8.0199
2.59089
7.86696
4.40326
2.94834
5.06907
7.81199
5.44317
7.78919
8.36656
3.34376
1.71841
3.55871
7.50119
7.82921
1.67843
1.13162
8.18628
4.29283
7.52167
6.69778
3.79252
0.430968
4.00281
4.40437
1.43267
4.45219
0.69442
1.90756
6.88468
7.88948
4.33808
8.07685
4.51158
4.29868
1.94674
4.17471
4.89641
4.69811
3.84948
0.756022
1.25798
0.268509
4.29692
4.8942
4.97449
4.55016
2.00748
4.28405
3.37519
3.72186
6.32089
0.742612
4.03636
4.41116
4.75578
0.679559
3.68663
4.35651
2.84686
4.34626
0.0349948
0.808725
3.7101
1.94783
6.68034
5.05356
4.97301
6.86571
4.16334
6.88532
3.0647
3.1403
9.41173
4.36765
2.84566
7.4422
7.84516
2.29207
0.457994
0.00186287
9.24928
-0.00251029
1.57204
8.10747
1.4775
2.81467
0.940008
8.01051
3.13465
3.55415
2.74272
3.36406
5.79647
8.48905
0.540901
1.2242
8.23736
2.84111
1.26202
5.15327
1.94459
3.5424
1.35548
9.16581
4.31016
7.33912
1.9955
1.66153
1.63872
6.69495
4.0502
1.98756
7.85639
8.05022
5.00295
3.55974
2.79372
3.52572
0.538934
0.890539
3.75768
2.03606
6.22918
1.95705
4.34759
5.41841
1.42154
2.08494
3.48437
1.53371
1.10617
1.54274
4.38039
7.62217
1.22197
4.47081
3.86319
2.44529
4.57009
1.65637
8.09471
0.714193
1.12118
7.62006
7.2466
8.5607
8.18754
0.444542
3.01835
2.84732
4.00467
6.77234
2.25628
5.05098
0.664625
1.23083
0.983284
6.46887
2.65777
1.55973
1.23856
7.67405
0.351451
5.75846
4.60913
1.57486
1.13813
1.20501
2.44208
1.28109
8.1701
4.39495
3.97551
4.59996
4.0324
3.70162
3.88994
6.04737
4.07794
3.62569
4.23656
2.79444
4.46584
5.10158
4.36276
2.02242
8.38891
4.47057
1.33737
4.54032
4.41581
0.557635
7.97285
8.81584
4.47092
3.64867
4.94055
0.177615
1.16771
7.64389
3.59912
1.50866
5.90568
2.27492
4.71087
2.23437
3.3684
0.773048
1.51414
8.18324
5.21623
2.8589
7.78177
7.5678
1.60221
4.45207
1.71517
0.943171
7.68214
7.97293
4.73836
1.29937
3.96109
3.61987
2.81429
5.86758
2.16207
1.68188
0.985532
1.6189
5.43674
2.01693
4.68758
2.45396
3.97817
3.95148
1.12826
2.89745
5.24229
1.13582
3.90222
8.01823
2.53568
4.27952
2.84465
2.83761
0.656997
6.27
2.48759
2.80798
0.266565
6.67815
4.66597
3.52136
0.582533
4.11304
6.93022
0.634738
4.36734
3.93885
2.66488
1.51652
1.12773
3.63441
3.18533
0.987707
4.47089
4.41822
2.81963
3.96541
8.08334
6.78041
7.4463
7.81645
0.667607
4.5138
0.445117
7.36508
4.8762
3.3342
1.63857
7.89099
2.03403
7.57207
8.29356
4.41476
5.31167
8.21172
3.97951
4.47618
4.55719
5.59171
1.42453
6.62503
8.27294
1.66588
2.96996
2.83484
0.411708
8.1013
4.46359
8.38247
2.82858
4.56642
1.01588
2.68055
4.0365
3.83138
2.7558
7.6001
4.54906
6.24671
2.25782
0.9602
7.22348
4.49751
2.05615
3.87659
1.31942
1.277
8.17199
4.69039
2.94467
2.61861
4.66697
2.56445
0.466839
7.56439
1.54436
7.9922
2.86201
5.82298
2.54399
4.35955
1.17892
3.64427
2.65929
2.8154
6.58723
1.4218
3.56574
2.51322
2.93065
1.25765
1.8675
7.52909
1.48379
0.64293
8.80958
0.604731
1.30511
1.64098
0.768846
1.81774
6.17632
1.58141
4.30823
2.17659
4.9787
5.48277
4.60508
3.77234
1.41954
7.39813
0.741386
2.42112
6.6509
4.77865
2.65421
2.0747
2.71032
2.94413
0.478862
2.03331
7.52403
4.54427
1.74767
2.82406
2.09554
3.80781
4.74684
2.26479
2.60242
4.77757
3.33749
4.79156
2.92413
1.49255
4.66502
7.12572
2.86114
2.56599
1.61158
0.983493
1.69177
0.591042
8.03456
8.37585
2.06981
4.08554
0.721962
3.34662
6.6629
4.608
6.72105
2.81879
4.5611
1.83356
4.01029
4.34983
2.67406
3.79379
7.40604
2.80125
8.18553
4.3681
4.8462
1.00719
2.88112
8.13515
1.00282
7.23445
2.08624
0.721826
3.84673
7.84966
1.32198
0.775739
6.73261
0.913878
6.3228
4.01278
3.52283
2.86436
1.7828
2.03892
7.71222
4.88226
5.37787
6.51452
3.79626
2.59582
4.70344
4.67658
7.584
3.17569
3.85478
3.79567
1.57274
8.11624
1.97739
4.83977
4.44118
2.71691
4.45165
3.58879
0.416469
7.02628
4.09298
3.71521
8.04933
4.01097
6.82935
4.35516
2.22581
2.40621
3.77957
5.2687
3.70795
6.97062
2.87512
1.77792
4.37293
4.49979
0.702628
4.06895
3.53944
2.86529
3.20466
4.15793
6.05602
4.96307
5.45488
2.85281
4.90078
4.94736
5.0455
2.61339
6.48297
3.84734
0.910812
4.77536
3.42315
3.02451
8.2852
8.17643
4.28284
4.11216
3.91892
6.80226
7.73688
0.812578
0.551626
4.46006
8.30012
8.12758
4.39413
7.56053
3.96406
0.923059
3.92393
3.35492
5.15843
4.02206
4.1708
3.56739
1.80321
1.73297
6.83847
3.73515
4.13983
2.38004
2.85612
1.32707
4.7332
2.4219
5.23411
7.70536
2.06228
2.76334
8.02429
3.66021
6.62343
4.62611
0.271539
2.27028
6.47796
3.74969
1.96417
6.40847
7.64552
3.55052
3.65513
5.03579
2.37076
1.10153
3.86285
4.45693
2.76569
4.58889
4.15408
1.54954
5.13031
7.27554
0.782968
1.38717
0.679411
0.834857
4.42102
3.76393
4.37271
4.49035
8.17328
6.74074
-0.00355626
2.26823
4.20712
5.57891
5.82536
1.58355
3.40856
3.84875
6.32136
6.70763
3.70817
1.77108
2.37717
4.11067
7.97837
6.43087
6.91865
0.844752
5.73159
1.66036
6.14965
4.51364
4.02007
8.65613
0.655981
4.90045
4.66611
5.77123
7.4306
7.0221
7.99014
3.46841
0.756321
4.67474
7.14446
6.28523
1.45507
2.38193
7.89123
1.5421
4.31467
6.0937
6.86265
6.57288
2.32803
8.17562
2.00591
4.39293
5.06366
1.53324
4.741
3.76196
4.4681
4.58037
2.16662
3.9502
1.97396
7.95324
5.73985
4.21377
3.6917
8.29226
3.96543
2.09947
3.96024
3.69942
3.97248
0.87086
5.13708
6.69423
0.440042
5.35676
1.64802
6.58499
1.18115
2.63697
7.54678
3.47481
4.45885
8.99217
3.62626
4.62853
4.15097
7.05372
2.30283
1.6151
3.91307
1.78581
1.49536
7.12437
3.52633
8.05479
8.04023
8.63193
4.56087
2.41357
8.22783
3.18039
7.11618
4.14737
1.6172
6.1827
4.37831
4.5992
2.26974
4.54319
4.45452
3.99355
0.689026
3.85866
0.636767
7.01155
0.623528
8.09247
5.94258
3.93908
2.53922
1.30739
7.21019
7.64186
7.57905
7.24684
0.565175
1.48959
7.16319
3.85974
2.64351
3.63549
4.51369
1.82643
3.23753
2.06207
2.35952
0.586358
3.71193
8.07048
1.8123
3.01649
4.97479
4.36516
0.792067
1.38091
1.36364
4.46406
3.98331
4.45225
4.55099
4.03449
7.67471
7.63878
7.17607
1.46234
4.20683
5.17014
5.81229
4.50285
1.77632
5.54722
1.94421
8.0862
0.737229
0.574217
4.09233
6.29675
4.0288
0.722646
1.63646
2.80443
0.814928
3.69265
3.84503
1.96868
4.61932
7.50358
3.86876
8.18144
8.14126
7.48023
0.811537
8.25562
1.96111
4.22696
3.11428
4.12395
5.27597
6.44122
0.967222
2.35112
2.00086
4.90457
7.76554
2.78689
4.92444
3.87193
1.78502
7.64328
2.6654
0.788897
4.02328
0.793762
4.35784
3.10389
1.72297
6.73103
2.83817
4.17728
5.64657
4.36811
1.33751
4.57049
1.17089
7.43064
3.72577
3.84285
2.70794
7.95951
2.76757
8.10789
3.96824
8.1695
4.57557
3.5521
6.39604
4.52889
4.67425
3.88872
4.05244
2.83203
3.94245
0.848808
4.69246
0.550163
4.01007
4.52888
8.06505
4.57288
6.80539
2.05333
0.909354
7.76192
1.29497
7.42098
3.45796
4.87176
3.96873
2.06766
2.95347
5.98379
2.58894
8.26032
3.59931
2.9771
7.57599
7.96481
1.43159
2.80958
3.98905
8.27285
1.95655
1.46712
3.80552
2.05268
3.22938
8.81195
7.73366
7.83309
0.995138
0.667248
8.06167
7.27101
6.1803
2.6764
7.74759
7.5894
6.95241
3.49552
4.557
3.84677
7.64682
6.45666
2.82918
3.58303
4.37764
2.13702
6.04905
2.58824
7.7869
2.9508
7.93884
3.78643
0.919807
3.16231
2.53809
7.54212
8.91174
7.86409
2.8165
1.29792
2.75821
1.45792
7.05511
2.63861
7.80116
5.3098
1.64899
6.60048
0.703641
6.37316
3.85025
1.62076
6.94553
1.75498
4.57854
2.77611
8.36535
1.60458
2.77702
4.64859
7.89554
2.38772
1.91771
4.95034
6.50637
1.31674
5.25163
0.95874
4.75017
3.39119
0.83796
4.2645
7.60384
7.20902
7.16318
3.41589
0.47673
7.44079
1.2235
3.44913
4.51607
0.815047
5.91155
3.837
3.53364
4.56051
0.847032
2.57888
1.88304
6.91487
0.922886
2.37071
1.2477
4.465
1.36702
4.47786
2.87266
7.02526
2.54465
7.6965
8.05897
2.00892
7.12014
4.13472
2.07195
2.01338
4.19856
5.63272
0.48187
7.91218
7.51899
2.38607
2.07316
7.43584
4.04461
1.76535
1.84674
4.5043
0.905926
2.38484
1.5521
1.64226
1.55432
3.19192
5.13398
2.38632
4.69803
2.27726
0.147028
1.44349
5.07944
2.57137
6.07148
0.831252
4.07782
8.27865
2.02356
4.40252
4.23838
5.83979
0.49331
7.05899
1.49623
3.96375
2.65086
0.958635
1.87359
4.32671
7.99488
0.586792
0.149733
4.07947
3.65606
3.64457
7.42417
2.57634
4.71796
6.42205
4.79196
4.06904
2.88588
1.7204
4.30365
3.90305
1.08722
7.16479
8.38708
5.01225
2.83436
1.09135
4.77706
8.8159
3.89577
4.16073
1.79138
2.82805
6.04272
4.78944
0.212243
2.35056
7.20653
7.96517
0.987151
8.18136
8.12329
4.58067
1.42505
8.24692
7.75128
2.83616
0.599568
4.07788
4.64341
4.01541
7.06816
4.59057
4.80848
4.01199
1.95502
4.36534
5.07455
5.59788
6.48409
4.98097
1.91297
1.93255
7.94569
3.18596
4.20405
0.713222
3.01656
5.17197
1.54712
4.18898
3.85145
8.12405
4.8294
2.84838
2.8439
3.49093
0.869253
4.99534
2.62685
7.77099
6.28382
1.16726
6.36508
2.37394
3.58754
3.83298
4.0155
8.31642
4.74567
3.0634
2.55009
1.50747
2.68011
4.04152
0.601885
1.61466
1.46906
4.6948
2.63627
3.97383
4.57565
4.82061
0.205144
3.98107
3.68912
1.34717
4.14408
4.6941
2.3035
1.6146
8.32949
4.39294
3.61146
4.59027
1.97686
6.23764
3.60517
4.54579
6.85126
4.69528
0.626199
1.17567
2.57523
4.52482
3.78286
8.09194
6.72317
4.2854
3.52679
2.18315
0.651301
1.65001
4.58288
5.07483
7.71489
3.85195
1.72271
3.60562
0.956271
0.807919
4.32598
4.57924
4.0962
3.74652
1.50833
3.90179
3.97348
1.59157
8.03526
4.58517
4.31118
2.05375
8.61618
1.44672
4.50895
3.83214
1.37899
7.83324
1.27048
7.06265
5.71181
0.898918
7.68748
3.76523
7.2862
0.375877
2.08798
0.618567
7.51414
6.29948
0.202241
1.44687
3.21311
4.13324
4.56268
3.97114
1.97713
7.34592
0.551682
4.46149
5.18241
7.83677
7.44399
7.99162
1.0092
1.73366
7.81104
4.40236
7.69788
8.03124
4.21691
0.571706
2.7704
8.17875
5.17136
7.91125
7.96658
4.26417
3.66651
4.55364
3.89162
3.79252
3.72592
5.58194
3.9647
2.20894
1.37524
7.92723
0.917566
3.69035
7.39992
5.30425
2.781
4.35727
4.63924
8.22382
4.1494
4.59194
1.94674
7.6301
4.65814
1.5278
1.4412
0.893376
6.53494
8.0911
1.44776
3.97245
4.02412
6.93792
4.38754
0.806702
1.06777
0.400156
3.69059
4.07164
2.28688
4.46235
8.15789
5.80757
2.5678
6.67475
4.40202
7.6145
0.958681
5.8297
3.12505
2.83009
2.17129
4.51308
5.16042
4.7287
3.85137
3.99175
6.47999
1.46479
7.90773
0.650138
4.31043
3.43809
4.36619
2.46889
6.28409
7.48097
0.648606
4.10412
1.11418
7.89544
1.98308
2.38144
2.53699
4.48152
4.87439
0.277997
8.22972
4.03891
4.35612
2.61837
2.63852
5.23536
4.28017
7.95366
1.42977
1.19964
7.98965
4.23433
2.54294
1.19192
4.61038
1.46619
4.60424
2.84858
1.2649
3.58877
3.88808
7.17204
8.20688
1.72823
8.1223
1.41441
7.73974
3.94404
7.78412
3.8274
1.48767
0.752256
2.27749
1.6287
4.09876
8.04678
1.06358
2.23118
4.78551
7.79784
7.58761
1.17719
3.68587
3.81937
3.92508
4.0365
2.79243
4.12273
5.72504
7.84248
4.45092
0.4731
2.00301
1.6332
4.13015
4.40832
2.85243
6.06203
7.98727
1.58144
7.10024
4.55106
1.44665
3.8344
2.62988
2.87997
7.61435
4.48901
5.55923
5.35743
1.72804
3.67273
7.98612
1.44592
4.15657
0.51547
1.12154
4.62346
7.46414
4.46099
0.144976
8.51055
2.2723
2.60325
3.75364
1.72446
1.56806
3.81947
4.24039
4.26878
8.16033
8.03851
6.24453
1.44921
0.467045
8.15239
1.20601
4.0173
2.62965
3.68426
8.02021
0.0998335
0.845483
4.98385
8.00363
8.04722
4.05807
4.51974
0.680896
4.01184
0.555522
2.84019
0.148357
4.76986
5.97306
2.67363
1.70007
4.49412
0.476417
2.78977
6.87929
3.74282
1.19908
8.26254
6.51217
3.88795
5.40403
4.82531
1.42259
7.52878
2.74756
5.60655
1.977
3.54362
6.05611
3.18131
3.55209
4.50986
2.72134
2.86071
8.0335
7.96655
3.40698
4.53825
7.48949
7.55192
2.66165
7.78596
1.76776
2.76385
2.67417
0.994079
7.82963
7.78902
8.78064
4.92446
8.64205
3.65467
4.73624
7.09217
3.85116
4.20026
2.81889
8.20478
5.19845
3.87216
2.79774
1.41668
8.15625
2.78803
7.19063
2.66289
3.72705
2.29305
8.61673
6.22218
4.57257
3.70858
4.62302
7.97308
1.99683
7.98941
4.32594
3.83565
4.77539
4.27727
4.26691
0.355502
1.43765
3.98323
7.79121
7.90548
7.70268
3.44019
3.72551
8.96601
6.28912
4.72939
0.880379
2.04146
2.71538
3.81595
4.28178
8.47468
7.32065
2.69125
4.42024
4.68634
4.20397
2.19368
8.10726
3.53643
8.4197
3.46875
8.54127
4.07499
2.01313
7.92781
3.994
4.30049
1.56157
4.16488
7.4705
0.618437
2.85175
3.49253
0.621303
4.77229
7.49994
1.31784
4.21269
1.28494
4.45147
2.85184
7.93932
1.96879
1.76465
4.03057
4.04587
7.34843
6.33688
8.56179
1.574
2.60075
6.09741
7.93405
4.59717
7.79926
4.77919
1.24031
2.63637
6.00329
4.58061
7.97904
0.699268
8.14772
1.81239
0.941243
7.98864
4.04494
6.30439
4.38508
1.37922
8.7856
5.21133
2.58172
2.25974
0.888877
6.35217
2.22135
4.69455
6.21241
0.685144
7.4546
1.78818
1.01033
8.01575
8.0124
4.12919
7.99877
6.74857
4.47689
4.26002
4.4856
8.08374
4.12365
4.9175
7.88467
4.52879
4.28551
1.34638
7.42054
3.85293
0.718699
4.73998
2.65962
4.64765
2.84847
3.50288
4.11168
0.0602057
1.29074
0.909307
6.27876
1.78975
4.49723
4.63502
8.18103
8.17166
7.21877
1.12096
7.14943
4.50639
4.60028
7.55742
4.11177
1.97493
7.49409
4.15237
2.57827
1.73404
6.58042
2.68611
4.23001
2.1941
2.40357
4.1172
4.2213
4.84611
3.72723
2.41205
3.87368
4.53585
1.623
4.17324
8.02508
7.61627
1.22239
2.79202
1.22223
7.14921
4.86163
4.15294
4.54372
0.720685
1.77424
2.58316
7.01582
4.52979
1.47798
2.35385
0.682183
1.44982
4.05156
4.50684
8.06734
2.83338
0.699366
7.32669
3.82279
3.82771
1.4639
4.52657
5.96927
7.60246
1.78503
8.30303
1.15953
4.04172
4.60931
6.32869
3.84386
1.60644
7.12729
3.61451
2.8142
2.27955
6.95309
3.61888
7.33443
7.73416
0.516151
3.59901
4.71348
6.84315
7.84737
0.67603
7.21164
4.44958
2.58343
6.04165
4.85946
4.3547
4.49084
6.08433
2.7782
5.9606
1.46764
4.34373
3.58258
6.96834
1.59517
8.09952
8.1039
4.43655
2.29902
0.515527
3.92798
7.56927
3.69932
4.45343
7.60824
4.40994
1.60778
4.61926
0.0441831
8.20615
2.00457
1.71255
5.77737
1.26655
2.03561
1.60906
7.27018
3.61217
5.92005
4.33458
3.74314
4.69096
7.67449
4.40676
3.24735
1.91747
4.47507
1.26508
4.96261
1.09048
8.78007
2.82054
3.58708
1.4518
4.46902
5.84319
1.83893
2.44609
2.59707
5.89597
3.60957
5.02269
4.12821
7.38779
4.49155
1.72782
4.54471
3.18217
4.41707
3.84154
4.63351
7.97926
3.65111
0.949137
8.10839
4.04568
2.0261
2.83193
2.01317
3.7569
1.49098
0.93557
4.48958
2.07801
3.53195
3.19042
4.54658
1.92775
2.93062
4.25068
4.38181
2.16845
0.554415
3.21128
3.05759
1.44426
3.31334
4.64063
2.40769
4.33282
0.866642
4.49896
1.99493
6.43926
7.10551
7.69039
5.1273
4.41028
4.09724
8.32788
4.50406
8.14275
4.59706
5.63367
7.91538
2.3028
1.82779
5.51292
1.47651
2.39744
5.38526
2.35532
2.80672
4.58088
4.46442
3.55986
3.3939
4.52214
4.71996
4.41921
2.7922
4.82906
4.76387
1.23522
7.89955
5.36548
4.43504
4.80489
8.0149
4.23525
0.962854
4.65911
0.801552
3.63414
0.956682
7.11027
4.466
7.59764
4.51294
2.77327
7.8134
7.88463
7.67321
1.67506
1.53597
1.82079
6.0252
4.10894
2.58491
2.5637
0.636799
4.72303
7.90012
4.02794
1.65833
0.859378
5.01369
7.99864
2.40347
1.39877
4.58592
4.49586
4.239
0.0248414
0.963029
3.58902
4.54824
5.32329
3.58697
4.1024
8.02409
3.50058
1.90147
0.429593
2.74237
4.08417
7.5544
4.1627
2.27454
2.62486
2.6111
2.68894
0.0339734
2.79927
4.40965
2.39792
2.24731
0.874486
1.84063
7.51108
2.87304
7.36207
1.9849
3.90482
2.63235
1.90871
8.37883
7.66531
3.15202
1.90782
5.56243
1.17586
7.99848
0.953097
4.17759
1.63401
6.86472
4.54867
4.58465
1.35237
7.68657
8.02381
0.541937
2.64927
7.98956
3.6271
4.1594
1.234
4.85608
5.95658
7.70965
4.17119
7.0953
3.64058
4.529
4.68775
1.09144
6.9047
1.65453
4.58807
3.66999
7.92603
7.97376
2.75706
5.34238
1.74552
1.44685
8.14872
1.60175
2.70479
0.656763
8.69261
1.09461
8.36349
5.55532
4.70154
7.87583
1.73006
1.38075
4.13548
7.9897
7.86236
4.51258
8.18514
3.57099
4.0799
2.4658
1.25967
2.45683
4.97185
4.33068
4.51899
8.02323
0.830874
5.05501
6.28734
0.911907
6.27862
7.24324
7.08647
5.23569
8.05752
2.77534
1.05232
1.92829
1.43288
6.62929
7.80826
4.17644
8.10757
8.20262
8.70641
5.34386
8.00706
3.58765
4.91543
2.7615
3.71911
0.698001
8.05153
9.09047
5.33492
1.15845
6.24584
6.68576
4.46015
2.34868
2.35568
0.64814
3.93179
4.00643
1.79024
3.94676
4.54849
0.659458
0.681155
3.75255
4.40961
0.740551
0.0813221
6.68219
4.48702
0.570235
5.49404
0.858351
4.32452
8.3824
5.14347
7.93839
6.13844
3.85797
4.55187
5.89386
2.54428
1.80434
4.77027
7.82607
4.30559
5.84372
7.85502
1.75303
8.27846
0.757385
1.80377
0.665809
0.0371689
3.81567
3.69198
0.606931
1.61658
4.84216
1.24228
2.60921
1.55729
7.12504
0.846945
4.16699
5.39975
3.68465
3.98433
3.56383
2.73581
7.98357
3.74413
3.57763
1.94877
8.45131
2.68485
2.56267
1.16101
4.8317
3.64685
4.74769
1.15436
2.73049
2.74525
0.402403
8.20399
4.51214
2.83014
3.1819
5.93738
8.08097
1.44087
4.10218
0.902832
0.789898
4.64196
2.67618
0.81205
7.32428
7.95951
3.82517
7.99399
8.21498
6.7464
2.62544
7.87938
6.18211
2.41561
2.58218
0.908524
4.36933
7.30744
2.81497
4.3168
7.59637
8.04406
2.77808
0.724982
5.27457
2.54833
2.75101
4.52422
2.78031
2.97903
5.52704
5.86962
1.93047
1.61815
7.13442
7.24189
0.601957
3.68383
2.73204
1.85319
5.25396
4.29369
2.62125
1.16108
7.98842
6.70518
0.51957
6.36977
7.9887
4.2538
7.14391
8.87181
6.02127
4.17948
1.71065
7.91578
2.9515
4.48099
2.28284
6.02839
3.83893
8.01569
3.803
7.99004
4.43574
1.10326
2.23915
5.27661
1.93773
3.89594
2.34673
7.74759
8.26594
2.29934
7.79017
4.45201
1.13917
4.32186
3.3501
1.17056
4.17878
7.95603
8.16065
0.589596
4.48534
3.82891
8.99472
1.28196
3.94776
3.82691
4.34363
3.5693
6.22033
0.410474
5.0192
3.80452
4.45605
3.90758
1.09463
4.08221
7.75756
2.72304
3.752
8.01198
3.75808
7.2014
3.55092
2.3571
0.594221
3.41193
1.61464
2.64085
7.82619
0.991387
2.03577
4.5909
7.72656
4.52511
4.6164
4.15812
7.70142
2.05553
2.43091
3.56897
5.30879
1.56026
5.36864
3.38506
1.3187
2.92023
5.55502
1.91673
1.21208
4.22858
3.47596
7.63065
1.04567
3.35687
6.62881
4.60811
8.13013
7.90898
1.54018
7.63347
1.28977
4.36563
4.43981
8.32292
7.64655
7.97802
3.69148
4.65428
2.86088
0.425738
3.83285
5.42038
7.87782
3.86778
6.19451
4.4207
4.57955
3.32864
6.84066
8.01059
3.69142
0.519595
2.61877
3.63347
0.934239
1.84385
0.709728
7.57969
3.7066
2.66133
3.63151
2.04078
4.26569
7.70304
8.18967
5.78441
8.00513
4.81211
2.7593
1.22834
2.01558
5.77456
4.47064
8.12499
7.94735
7.89584
6.34638
4.821
3.82913
8.10069
2.02617
0.998172
8.14317
6.88555
4.48526
7.9458
6.94603
0.864325
2.4016
0.806989
4.72276
6.81371
7.85027
3.85425
0.995664
1.58496
4.36651
6.04595
2.18447
7.81262
1.50954
7.72559
1.62864
8.19467
7.89383
4.66549
5.10703
7.81533
4.15709
6.19188
1.90948
2.24129
4.30008
3.45669
7.96643
1.0071
4.11775
1.37314
3.66806
8.02426
4.76498
4.13553
1.41911
3.66503
2.28455
2.49033
8.01017
3.67535
4.46753
8.02713
4.50515
2.24513
7.4614
8.88045
6.99041
7.82605
1.65897
4.54273
4.99567
4.63533
3.57419
4.05396
2.96073
6.09836
5.90544
2.66698
0.725494
3.47984
2.35679
3.85516
3.62396
7.94611
3.83312
3.84165
1.09774
4.28514
6.2039
1.23569
4.11416
1.17965
1.44772
7.74944
6.18505
6.75457
2.24204
4.42794
5.25382
2.01958
7.99258
0.726718
0.970886
4.94356
6.92963
2.70697
1.41257
0.710558
2.80648
5.62847
2.86927
5.03049
2.41421
5.66707
5.66708
3.8513
4.60964
7.61822
4.56553
2.8083
7.92722
3.77237
4.70906
3.71251
3.85473
7.88501
4.57465
8.8611
6.90558
4.31341
0.394028
2.72685
1.60908
7.16452
1.13982
2.8679
2.91523
4.7089
3.64065
2.63835
6.03159
4.54728
1.61999
4.18976
3.85305
3.79138
2.51907
1.14974
2.68343
3.70831
8.00154
0.490369
4.00819
1.65598
7.55398
7.64436
8.02854
4.10617
8.07785
0.241063
1.5664
0.842761
7.42895
4.59874
1.95416
7.6726
4.72691
3.55534
7.59958
0.976629
2.55368
7.96093
2.54449
0.837501
4.43008
3.78774
8.15168
4.44124
4.98464
4.17343
7.65809
6.2992
2.20653
4.31413
3.84073
7.82145
3.8652
4.13806
8.0118
8.21954
1.57302
2.26611
8.97325
2.80673
4.17782
1.4141
0.874229
4.579
5.96286
6.16547
0.578074
1.36613
8.61141
2.79596
4.1647
0.525074
7.71363
1.97092
1.58382
1.34569
2.61187
4.48036
4.99062
4.72302
4.29033
3.9193
8.44085
4.31942
2.60861
7.96339
1.08106
1.19511
7.20825
7.35499
7.96352
4.23774
4.61981
1.32878
1.69539
2.64361
4.62552
1.66792
1.79257
4.52028
7.65056
5.10078
7.5763
8.02991
2.21303
7.92187
4.50244
2.78842
5.09199
8.27301
4.56305
4.60586
2.61346
2.66542
2.0536
6.87827
4.46337
5.64471
2.09603
8.01914
4.51457
7.30902
0.936667
2.55639
1.96472
7.56337
5.20106
2.84383
7.82665
3.51723
0.1733
1.44443
0.78992
0.950079
0.482843
3.6602
3.45817
4.61231
6.85454
7.63528
4.008
0.696832
2.59077
7.87565
2.25461
2.78741
2.83144
3.76362
8.00148
2.05267
4.18226
1.55405
0.422732
0.271187
7.25337
7.95484
8.26139
1.89522
0.570563
4.40607
2.8669
3.59878
2.853
3.04349
8.37496
8.17769
1.57396
5.0047
7.64942
0.539343
8.00512
0.896177
4.17424
4.12513
1.89765
8.0509
5.83584
2.83253
3.71225
2.77332
4.72118
6.93105
3.5681
3.74798
2.4564
0.39945
1.54428
1.53318
1.23851
3.51785
0.80423
6.40368
1.19641
0.580896
7.91586
2.7792
7.98446
7.85605
3.68069
3.81581
5.08463
4.99845
2.78211
5.18799
7.2025
5.18378
1.33019
7.28377
4.62577
6.6933
4.17121
4.61868
2.30731
3.71904
5.30267
2.84416
1.17358
2.69888
1.33627
7.96455
2.31364
3.51462
7.85155
2.79666
2.88681
0.901615
2.43113
2.52977
6.17306
4.48433
8.7858
4.53726
1.47568
4.49223
3.55598
0.829149
4.46692
3.91767
6.00651
6.9344
7.5121
1.9234
2.57092
0.556513
5.79223
1.72732
2.64417
0.708779
2.55646
4.61897
4.35342
1.36374
4.89108
7.4402
4.58866
2.71577
0.579241
1.3068
6.22
0.945933
3.46834
1.58723
3.77606
0.629039
4.843
7.98568
4.13893
4.50289
6.21015
4.49632
1.90873
4.51956
4.73171
4.0312
1.0252
7.7632
3.71396
7.82465
2.9958
4.26214
2.53289
7.96955
6.67897
8.14853
4.58758
0.765448
1.57098
8.58969
4.04593
1.8494
0.865789
7.46163
4.56079
2.70476
7.57441
4.80159
5.98783
2.6665
4.28449
5.64074
8.06644
1.52096
7.95286
3.59511
2.68701
4.63765
3.00227
6.7932
7.92882
4.80962
7.84893
3.52904
4.609
1.07485
8.00926
4.7448
4.28012
1.72044
8.12572
4.53297
4.70216
3.48669
9.19248
4.15946
7.9936
0.385375
6.17367
1.23879
2.84628
3.72684
2.3254
1.41966
5.3591
6.76437
0.539845
3.56536
7.40079
1.15579
1.91537
3.90428
0.556149
5.09154
4.47122
4.41309
7.23159
4.00382
4.74636
1.60691
7.61465
4.91713
2.65298
2.27976
7.51743
2.10975
4.9561
0.873574
3.6748
0.570573
8.71653
8.2983
8.01596
2.65439
5.33392
7.53843
4.0398
7.92407
6.57987
2.56898
1.27582
3.58515
0.847295
1.09538
2.23933
4.56983
1.62303
7.93568
7.85124
2.75495
7.79441
7.31076
4.393
4.62632
2.06603
7.94368
1.76136
0.576897
0.682657
4.10666
3.80419
2.58174
0.779259
6.79759
8.77967
3.70911
3.59308
3.41215
1.6305
8.10527
2.75865
5.13941
4.14563
0.871673
7.96061
8.10086
3.67868
2.25806
4.77725
4.65445
7.82784
7.05156
4.62524
7.59641
4.47514
4.53425
4.63308
4.17258
6.85565
8.63121
2.0276
2.84328
4.60443
8.0747
4.59477
8.03311
1.1456
0.954708
3.52726
0.858566
2.7875
1.43551
1.97673
5.98357
2.83662
3.8856
3.99988
4.35847
3.91762
3.83862
4.06143
7.79483
3.4615
1.37127
1.92663
4.70369
4.24063
4.8038
0.73258
4.09578
4.47831
2.70929
8.23663
7.57248
2.63903
4.61102
2.26144
1.59814
7.67478
4.45256
3.65029
1.4538
3.86848
7.82523
0.827053
2.65915
3.7485
4.40732
7.59121
8.41612
2.83074
7.00806
4.4054
6.04249
5.34424
1.45385
0.428794
7.58735
6.38763
7.91097
2.78976
0.151722
7.98359
0.73796
7.68844
0.923633
6.76671
1.72575
2.03809
0.579772
4.50024
5.21362
4.52272
5.34058
7.82392
0.91102
5.34755
3.72512
6.41969
4.88738
2.65885
4.85981
0.103238
2.79132
3.73044
8.05733
3.56159
0.945471
1.95506
8.32508
2.78458
0.874878
2.67498
0.982889
7.39749
3.7478
4.11533
4.15711
2.77938
3.6023
0.727914
4.28334
6.19013
1.68042
7.93649
3.82628
4.8835
4.52864
2.58339
8.21016
2.89395
8.04588
0.418406
3.08554
7.37809
4.57716
7.16537
3.6425
3.97807
2.79861
7.97134
3.37562
6.84751
3.99007
3.78547
7.5477
3.71186
2.55136
4.4981
4.18189
1.33538
3.98657
4.16154
7.80855
3.5178
6.3955
4.3633
1.86979
2.26167
3.65483
7.58018
0.604213
0.731724
3.70799
4.00428
2.71832
1.3725
7.94402
3.0658
2.32223
5.44043
5.10198
5.66168
3.88177
4.34267
4.41035
2.64325
5.5495
7.27334
5.44936
4.55096
1.79235
3.04044
3.92626
3.66881
4.35158
1.04497
5.52726
3.03798
7.14266
7.03251
3.61408
4.50247
2.70511
2.23692
0.204521
8.13603
5.07751
4.11802
2.76101
4.63027
2.84499
2.9221
2.46051
3.64983
6.17331
3.63562
4.04712
0.502394
3.50621
4.37224
4.78889
4.52047
7.93883
3.82924
3.66786
2.83223
0.940049
4.45892
4.0836
8.05026
4.20489
2.39123
7.56407
8.16386
4.37789
0.765565
2.79537
1.82461
4.06273
8.00096
8.29809
5.57316
0.539122
7.71261
2.3746
1.01952
2.78711
2.75957
4.09821
1.25308
1.05569
3.84216
2.37946
1.97769
4.43981
5.83646
2.7322
3.97083
1.47771
4.10271
1.93947
4.55081
0.670382
0.651291
3.91742
4.13858
3.62827
7.99909
4.46525
1.14155
4.16478
2.07743
2.90538
7.41004
6.68597
1.20982
2.79747
6.87585
3.80114
3.10763
7.9958
3.91806
2.10336
1.60554
4.15258
2.00708
2.66882
1.98627
0.86751
1.9167
2.80288
9.23439
3.55665
2.40059
8.17341
6.2019
4.49009
7.9376
1.78216
7.97901
4.52816
6.89827
0.882388
5.71893
6.04061
6.0421
6.59508
8.34397
4.8517
2.26451
3.51686
6.99101
2.80782
2.76066
1.88745
4.74387
1.02125
3.81329
3.47805
1.14083
4.12734
0.441653
8.07269
4.33993
7.50261
6.64782
1.80339
3.57869
4.46032
7.09819
2.32479
7.95608
3.9919
0.953821
1.20927
1.37794
6.57721
5.76254
2.18313
2.6654
3.76927
6.3076
5.13485
8.16808
3.84005
1.98731
2.82895
1.28917
7.43031
2.64457
3.67688
1.54062
3.6006
2.29846
7.76384
1.55045
5.37936
3.358
4.10297
2.83604
4.46774
7.80111
4.67622
7.82557
2.28884
2.10727
7.99991
4.00519
8.0482
7.55966
2.62723
2.26559
0.362876
4.14898
1.76659
3.57869
1.85505
4.80767
1.17073
2.00356
7.99247
3.77414
2.66968
8.00429
6.87135
4.43751
7.63472
0.96695
3.44769
8.37099
4.48971
5.77597
4.97397
4.62304
0.800778
1.48166
0.846423
1.88728
3.66441
4.04243
4.10832
4.57311
7.60936
3.98876
3.89157
3.655
0.8325
4.59856
3.90911
7.94364
2.61224
7.98917
6.76941
4.53321
2.64825
4.19211
1.47964
4.15464
8.22749
7.90597
2.83817
3.70833
4.63059
2.74269
7.82131
0.586043
1.77614
0.323036
6.68087
8.09212
2.59429
0.53122
7.2734
3.36653
1.39954
2.17312
2.43996
1.62073
4.49834
1.57646
4.4189
8.03148
2.79173
4.17884
4.58111
4.57538
7.34302
4.65109
0.233199
4.42294
3.91317
8.03211
2.8146
3.46401
3.48409
2.8103
4.90842
6.05837
4.45498
3.7936
2.3833
1.96754
3.87438
3.78598
4.32692
2.19389
8.03687
6.95744
6.07589
1.47713
1.68787
6.34118
7.71401
0.595391
4.48186
4.1299
1.18433
7.97166
3.82574
4.36907
2.65627
4.43615
3.62511
5.02772
2.93674
2.25527
2.75215
0.715197
6.76483
3.81199
1.59731
4.45901
7.88541
2.82321
0.82553
7.80152
1.57409
7.0545
8.08018
2.0146
7.93801
0.651555
4.38227
4.70442
1.37263
2.39863
4.14326
3.88022
5.01059
7.38816
7.40057
0.832473
4.05293
1.81057
6.45107
7.98796
3.77855
3.51922
7.94898
7.90863
1.82159
3.30212
4.82994
4.02287
7.92896
4.37945
7.73293
4.58559
3.82939
2.77875
1.59615
4.9037
7.58362
7.61497
8.43972
3.90717
0.747267
8.06944
2.35726
2.66139
3.49733
7.77383
0.0894084
4.773
2.79296
4.1793
7.81486
3.94303
7.50323
1.89304
4.87698
4.13959
7.85744
4.45901
0.496319
2.77183
7.73897
5.0994
0.987048
2.72119
4.71004
4.46378
7.86635
4.63135
2.83047
1.92728
3.7897
4.57309
8.14045
8.00536
4.56581
4.5731
3.63057
8.17704
6.14157
4.46258
5.05958
2.58216
7.30386
3.89928
6.1211
7.18666
7.65993
3.81133
4.62617
1.27314
3.80239
3.31453
3.19784
7.44487
7.99856
7.5867
7.90829
7.64481
2.7049
0.858768
4.92815
5.08301
7.91615
2.59191
1.23107
1.85446
1.83734
6.17359
6.87027
5.14284
3.35619
4.05136
0.0378732
5.51829
7.11632
2.06512
2.61282
4.5969
2.36609
4.2492
7.1498
1.5471
2.61734
2.9222
4.93984
1.61159
0.975587
2.69237
8.16431
4.5915
1.69979
7.62469
2.79559
6.97894
1.19527
7.58435
4.80579
2.27809
7.85636
0.809221
8.001
1.07596
7.40867
3.36363
7.16949
7.96023
0.493374
4.49942
4.46952
2.36337
0.80602
0.972957
1.21726
2.48011
4.54649
7.04279
4.87723
7.06283
4.36825
7.8262
1.3977
2.66168
0.403226
6.73665
0.842524
4.67233
8.01607
1.37427
4.52289
3.61752
4.66564
8.13303
4.14299
2.79207
1.56074
4.31901
7.99701
3.87134
2.7933
0.881352
4.69372
6.75785
8.0474
1.59248
1.41063
0.442364
2.77336
5.12277
1.0805
7.04826
6.24684
4.56967
0.929828
3.89781
4.49546
3.77289
2.67819
7.63301
7.50976
4.39944
7.76694
3.5065
6.83353
7.81757
1.57679
3.80208
3.66787
7.88885
7.99663
4.71835
4.27738
4.34404
1.65023
3.84291
1.59925
0.81035
0.860997
3.15381
3.18653
4.91216
4.3852
5.59659
7.99664
4.48599
3.81638
2.64983
4.56295
8.3256
8.47057
3.77223
7.33261
4.6756
4.42699
7.30396
4.15699
2.79291
2.80117
3.87049
1.5388
7.96618
3.89031
7.10454
1.58621
5.23392
7.65472
8.02583
4.79434
0.697415
4.4302
0.946879
8.02525
7.91267
4.67926
2.58196
4.40175
0.605374
4.55671
5.25265
1.15023
0.550103
1.4444
7.91483
3.67649
3.57647
1.2647
5.52391
4.90689
3.42338
3.27841
7.51506
7.54099
0.51622
7.49818
4.53029
7.54738
7.44864
4.1167
7.99708
1.15044
5.24426
3.48761
3.31548
3.69158
0.00935899
1.70497
4.17122
5.73907
2.33981
1.18686
8.19406
3.61849
1.00791
3.58908
2.87222
1.83549
4.69988
6.11548
4.54814
8.56474
0.775107
4.43009
6.25846
3.53241
0.532644
7.99278
5.04471
8.75141
0.522854
1.60485
1.84689
4.16067
4.62001
4.7922
4.45726
4.36587
2.70193
8.02878
2.63208
1.90399
4.23873
7.63672
2.83589
3.34015
1.27133
2.63778
5.78728
5.00547
2.67603
3.59019
7.62716
4.0109
3.56764
4.75266
7.57315
0.971056
5.28462
3.51794
4.42837
1.99474
1.90766
1.23207
7.88768
8.80515
4.36961
8.00615
2.50523
7.72277
7.77063
8.02509
2.55226
6.44655
7.76009
7.48076
1.53929
4.73321
7.44329
1.91698
4.14427
6.2559
4.46093
5.58968
4.80217
7.6648
2.29398
8.16311
2.80397
7.99895
4.36074
0.477808
1.73854
2.27742
3.99219
3.55819
3.77335
1.40761
4.50432
8.10674
7.54406
4.12967
1.7584
1.93762
7.56283
2.57955
7.94199
4.27849
1.94817
4.40284
8.02757
5.6633
0.829092
7.28821
1.20971
8.13301
0.66348
6.49109
6.22718
4.68483
7.25247
4.48688
2.37339
0.944209
7.77119
6.61138
3.63801
3.49361
7.80407
7.95302
4.28166
4.37226
7.87814
7.86056
7.19086
1.53009
1.66609
1.92258
7.97975
4.69456
6.81197
7.74021
1.46669
8.32376
2.24931
6.87228
4.54296
0.943697
4.24275
0.552278
4.99486
3.31738
2.39628
3.5157
3.46212
1.27846
4.0905
7.76182
7.49148
3.9231
1.29046
4.54232
7.75561
7.68361
5.70626
1.04959
3.49042
4.08286
8.1353
2.84969
5.5845
5.13759
3.57121
0.855113
2.75143
1.22312
3.84625
3.50913
7.2485
4.15733
4.36261
3.45661
2.74914
0.53753
4.55782
0.773155
4.01244
2.78687
6.82916
2.63579
7.95422
5.34102
7.72702
4.46274
5.23672
3.88932
5.69089
6.66392
2.8484
4.42365
7.19672
0.89232
5.16192
5.07883
7.41518
3.63211
2.61267
7.41314
3.712
3.99786
4.66952
2.7662
3.03807
3.45951
4.54875
5.50732
7.4345
3.98793
8.00191
1.05302
0.840324
5.68617
3.73439
2.46902
2.58077
6.36105
4.35646
7.56236
5.05611
8.36379
4.13125
4.61703
8.18234
4.22973
6.37521
7.42006
3.80826
7.75558
1.62527
1.94137
4.42141
0.447
2.2709
7.27768
8.18613
4.32787
4.20966
4.54004
4.9538
1.26884
4.31311
0.618542
9.34125
0.740102
0.827679
6.99245
4.15389
2.47681
3.96453
2.62713
8.02989
4.05891
0.837892
1.77838
1.06707
2.3309
4.15658
8.59194
7.69849
2.63844
3.53229
2.68473
7.9789
7.31701
6.03939
1.58627
2.56161
1.83513
3.52194
7.78368
7.90032
3.61628
3.80492
3.3499
1.88802
3.0463
2.69729
8.11039
4.5057
2.99297
4.45892
3.73581
0.706235
3.96907
3.6023
4.51752
0.994445
5.81887
2.25508
4.76748
4.08243
2.83935
5.67841
2.70099
5.12631
6.14822
4.89874
8.46673
3.7359
2.74386
2.30034
4.13438
7.80909
7.76533
2.70967
3.3058
2.34881
4.53948
1.163
6.95568
4.56499
5.24776
4.51052
3.56626
0.856876
4.00434
4.16681
8.00923
8.02279
2.72584
1.57043
7.77225
3.95863
0.890723
3.90766
0.784396
4.2752
4.37966
4.76259
0.580427
4.39016
3.91374
4.31653
1.40971
5.83023
4.66319
4.66411
7.21044
8.28125
2.06646
7.7218
7.6593
1.91184
8.00575
7.18748
2.16285
7.57618
3.82867
8.29893
2.59042
3.53791
4.22276
1.08459
0.92051
7.18421
4.62199
2.85409
7.51004
4.38951
7.0859
4.14425
8.14119
3.58744
3.90371
4.03259
4.4297
1.43364
1.02723
1.75113
3.5576
3.55349
5.06244
7.02933
2.75591
3.70161
8.14421
7.3848
2.72579
7.66204
7.82647
8.28281
3.78082
7.44964
7.70391
1.53198
6.19064
7.51616
2.78532
7.66953
7.66461
2.32232
6.08888
1.01762
7.52592
4.4319
4.47932
1.38146
4.05268
1.33267
7.80572
8.91754
8.01496
1.34888
8.40607
4.03916
2.57875
4.67634
0.504595
7.60951
6.79637
3.96023
4.55399
3.48663
2.85089
4.54682
1.95675
4.23248
3.91499
4.64752
3.98862
4.85636
7.36795
5.00299
3.60814
5.04193
4.35216
0.962896
6.53196
4.56802
8.07853
3.62682
3.69373
3.51377
1.58396
1.22374
7.99851
0.949372
3.92674
2.08819
1.52841
7.49001
7.71417
4.58405
4.36617
2.85429
3.49561
1.32512
1.76087
0.873428
3.64897
3.72876
7.70747
8.00878
1.00407
0.789002
3.04401
3.84357
3.91163
7.31147
8.01685
8.79904
6.86207
2.47927
1.0423
8.26849
7.94365
7.30181
4.37788
7.6033
7.6036
2.64357
4.14071
0.67538
7.62285
3.90005
5.73744
7.42006
8.11335
1.18636
4.04785
3.80528
5.79714
3.47007
4.52651
3.72761
2.33132
3.72313
5.8316
1.14113
3.67128
5.06176
7.59777
2.72061
2.85822
2.77349
3.39063
4.53967
8.00355
7.58306
2.76307
3.78523
7.832
8.00627
3.0682
6.85223
3.12012
0.979979
4.87589
7.83795
8.01668
1.81063
4.50567
4.5763
0.552306
4.53438
4.67324
7.68086
4.32064
0.981549
1.55583
3.08364
4.35307
7.81791
4.49793
1.58992
6.00377
1.75625
0.861458
1.37865
4.0184
0.964058
3.7822
2.77671
4.11967
3.69185
4.76942
5.72799
7.87269
4.38543
7.99718
3.51738
4.69578
8.80821
3.77778
2.80668
5.22873
7.76299
7.90781
4.40063
6.68549
7.99872
4.49007
4.08766
7.749
7.90018
5.37754
3.8208
3.13009
7.44462
0.816377
2.84717
8.13871
3.53463
4.61759
2.07609
7.91981
2.76003
7.80143
7.93714
6.55795
1.04333
1.68216
8.00069
0.693053
4.03838
6.39249
8.27122
5.12163
6.24218
2.75344
1.76173
1.75392
7.6054
7.37252
7.59586
7.58471
3.85114
7.57687
6.52241
3.38599
3.96492
4.54149
7.64817
4.52641
3.41573
3.3948
3.86759
0.776231
7.78202
2.8152
7.794
8.11568
7.92618
1.68903
7.38463
4.88111
7.80062
3.81758
2.78305
3.61779
4.84446
7.97714
1.16873
4.428
2.49913
1.0142
5.74489
8.29814
7.71504
3.57764
7.93278
0.213966
7.28966
8.5898
5.9922
4.53691
1.36596
7.01641
1.65032
2.72645
6.34601
8.00779
6.84935
8.05093
3.94281
8.09663
1.9438
2.52589
2.80396
4.57734
7.75049
1.83721
4.45762
2.6364
2.67539
2.30456
6.69092
2.64313
1.06234
2.92713
1.37201
2.55073
8.008
3.58125
7.68481
4.51084
4.45606
2.75451
2.86064
6.2067
2.29998
1.57608
3.52718
4.89766
4.09122
7.71894
7.66949
1.46194
4.5604
0.686381
1.07611
0.9203
0.848472
7.92372
2.91429
7.7332
7.99996
6.72182
8.33716
2.73266
3.8146
5.02804
4.04788
6.96094
5.21453
6.26374
8.25388
2.72628
7.50826
7.88757
4.36668
4.40418
1.89794
8.05319
7.86816
2.79103
1.6601
0.357329
4.5983
4.59461
1.01585
6.81934
7.61055
7.91234
6.8558
1.76933
1.75619
8.14563
4.06364
2.5004
7.61951
2.365
3.55467
6.56631
2.79978
1.5579
4.09204
6.15721
7.93459
1.9011
7.85126
7.24832
7.52824
4.78413
3.71152
4.15104
1.30657
1.69344
3.84038
4.37804
4.03095
6.70643
4.0343
7.52869
1.14796
7.44482
4.59227
4.31101
2.20127
3.48451
2.71559
3.6884
3.54589
4.3176
1.38793
4.96512
7.87299
3.72812
1.72441
6.27366
1.8101
0.962034
7.26466
7.90422
6.58148
2.51875
0.0270276
1.22351
4.40869
8.24792
7.94057
4.51031
5.38531
4.57082
0.820472
4.3331
4.51655
3.30115
2.29044
4.3443
7.58672
4.45127
4.25448
6.27242
0.0385821
7.37899
3.90226
4.31823
1.32654
0.818218
1.12861
7.61095
5.87356
3.70001
2.34482
3.87747
1.06393
1.60159
3.79316
3.74829
8.09543
6.68129
1.96184
4.17544
4.00283
6.97885
7.60448
4.4669
6.83932
6.23613
2.22543
4.58663
5.6525
7.60822
3.96632
4.48613
4.40091
7.12644
2.42217
0.691723
6.95865
1.56645
4.34949
4.32126
6.84132
0.961701
3.14757
4.84203
4.59068
8.01728
7.58379
2.03442
8.31505
7.76836
3.7119
8.09595
7.03132
0.746382
1.30035
0.8215
6.99819
7.90525
4.35376
4.54282
8.03493
6.5898
5.67515
4.43745
7.8791
1.09535
7.65841
2.92736
8.03112
6.29636
0.502672
6.44537
7.49806
7.96554
1.21897
2.65991
2.81074
1.27095
8.0137
7.98319
2.52743
2.81565
2.7999
0.603511
3.56445
1.49601
2.74117
4.00109
3.92382
4.91831
1.75885
1.30862
2.8242
3.65814
5.36308
3.74287
7.413
3.75411
5.2118
0.772835
3.86666
4.57336
3.58136
5.7289
3.8004
1.71306
7.49523
7.97099
4.48281
4.25972
3.91451
4.57708
2.3655
1.55414
3.90542
7.58413
7.50087
0.90897
2.21832
7.3491
7.54258
4.48846
3.19682
2.24211
3.22675
4.57423
1.04908
4.38808
2.98416
7.58222
4.58593
1.55463
3.70983
6.19533
3.47194
7.96996
4.08886
4.44002
5.66654
7.37625
4.80387
7.80862
7.91707
2.42322
3.87925
3.75804
7.17567
3.55134
4.52468
5.66079
1.90526
8.90671
3.86534
3.54166
2.39728
8.21941
7.56761
1.85026
5.19615
2.31381
3.60648
7.38106
1.09008
4.00339
3.5033
4.46555
2.04549
1.29349
7.47289
8.07212
1.22987
1.5804
3.59505
4.36695
1.16088
4.57665
0.935374
7.96909
7.98352
8.40427
2.3505
8.01984
2.1834
3.55785
8.0257
1.2105
0.757043
0.528026
4.0771
7.36924
7.26731
5.0732
8.00301
0.811956
7.93293
1.58487
7.69179
7.30758
5.71505
2.97298
3.56366
4.37771
8.08569
6.53606
3.81912
6.37192
7.32583
2.58513
1.44461
7.97665
3.87828
1.28569
4.60234
7.90244
3.86665
7.20899
6.3136
1.42179
6.25626
7.05291
2.06157
4.65769
7.83795
3.88347
4.14762
1.13338
7.22017
3.06158
3.82327
7.39186
1.97548
6.03133
0.880398
3.56778
7.61647
2.73739
7.95686
4.88071
4.47398
5.04694
7.39892
7.4712
6.82764
4.55964
7.42001
4.39154
7.51314
4.48175
1.04724
8.01294
2.38819
2.06395
0.939871
7.62275
4.18986
4.2036
2.22212
4.19846
7.91369
4.45701
7.77318
0.903912
4.24892
7.6098
3.30392
4.58332
0.814357
4.93418
3.69957
1.63922
7.15975
6.90564
4.35365
4.80116
8.80161
3.02527
1.51755
0.829741
7.53577
1.1786
7.93469
2.28683
1.23344
4.03474
7.47263
4.95621
8.02728
7.9181
8.37399
1.50038
1.16253
0.968788
0.335767
3.84673
5.23043
4.22253
2.77296
7.41324
2.34793
4.52711
1.67694
7.74742
1.75691
1.03437
4.56109
4.35864
7.18093
3.19529
1.66027
5.51724
7.18686
8.02905
4.49422
4.05891
4.48135
2.65486
7.8143
8.28235
3.45665
7.64474
2.86522
4.35906
4.52107
4.57106
3.02312
1.4003
4.07629
4.48342
1.17334
8.26284
2.55533
8.18973
0.71971
7.52235
3.90754
1.64327
4.16603
1.66821
3.94666
1.74321
7.37478
5.10271
3.39384
1.3709
7.52902
3.6045
7.58496
7.60827
6.51866
1.83219
0.559577
8.33408
1.00696
4.10749
1.91987
0.0515772
4.58
4.07422
7.17511
2.53584
8.03267
0.82296
4.44395
7.32853
3.58351
0.650403
4.91457
2.29435
1.29486
1.09029
2.49611
2.88287
0.473634
0.477193
2.50445
4.39847
0.865637
4.62068
2.3591
8.0127
5.14151
4.20203
3.27913
1.106
7.99864
6.4175
4.7112
4.09411
4.0439
4.52573
7.5216
6.50568
7.64467
6.60036
6.06179
7.71946
3.88595
2.29606
8.02228
3.93991
7.44921
7.42192
7.66188
4.36777
4.62542
2.40611
6.54795
4.18179
1.21609
3.52952
7.88048
7.57864
3.5989
7.49516
3.58272
1.41319
6.29861
7.78003
1.65186
5.47164
0.820932
3.44356
1.96773
1.79848
4.75276
4.81254
4.478
1.42486
3.95395
2.35656
7.86422
1.01339
7.79388
4.15994
0.102264
0.373398
3.98389
7.3022
3.83503
7.7009
8.01975
8.41995
5.61283
7.67824
7.85642
2.85966
7.59762
8.5841
4.4006
4.50024
7.50937
7.16566
5.88543
3.51026
7.21863
1.89473
8.27118
6.18954
7.25853
2.5868
5.66877
7.36532
2.67883
7.5467
3.92467
7.55928
7.76575
3.97173
3.76533
1.04849
7.43523
3.96553
3.50432
8.01056
3.43998
0.627771
1.99635
7.37187
3.47753
0.952258
7.60505
8.08613
4.36893
7.34683
4.44267
8.02221
8.02167
6.72917
7.63906
8.03708
3.77583
2.25165
7.88486
7.34818
2.86398
7.827
2.99965
7.49053
3.42051
6.0144
4.63085
4.33098
7.45467
2.7907
2.62681
3.7236
1.85568
7.45801
1.2691
7.9967
2.10588
1.10994
1.17852
4.51641
3.59869
1.65817
0.948114
4.33271
4.75718
1.89997
7.5258
7.4662
7.6096
7.14286
4.02123
8.01522
8.36378
7.81118
4.47563
7.65483
8.01309
6.68347
8.02418
4.56657
7.27839
1.87056
7.81862
5.68939
1.08539
4.52053
7.16676
4.55826
3.55897
7.13654
5.6796
7.70441
3.7409
7.83831
2.38813
7.08252
4.43745
2.20867
6.20377
1.98254
2.76335
1.68027
3.79981
7.58037
4.04822
1.76571
3.76983
4.0391
1.10397
3.74249
7.12385
7.38782
7.41853
4.06095
7.68798
1.8983
0.839546
7.87292
5.13508
2.84734
1.61498
3.91183
4.46231
1.5182
7.93892
3.81066
3.84238
7.66651
2.00274
4.92
0.830176
1.10915
3.62858
5.88372
4.61082
4.44021
3.01407
8.01412
3.25336
7.61433
0.929563
5.77715
2.75093
4.48284
4.71088
5.05849
7.78017
4.36018
5.25877
2.54232
7.78335
8.01661
2.33968
4.44566
3.86029
7.0188
3.58365
4.56736
7.59648
3.87221
0.164953
1.37392
7.77344
6.81544
6.53949
7.46201
7.83898
1.82397
7.67877
2.43747
4.07004
7.49217
4.15753
7.86935
3.00625
3.81945
5.84556
2.26884
4.22175
7.59181
6.30509
1.5008
8.03777
1.93503
0.793246
0.958823
2.41964
2.41656
6.17502
1.83563
5.55913
4.69386
7.57496
0.967733
4.38237
4.3956
7.81545
0.34277
4.54483
2.73717
7.46119
6.89552
1.40061
7.99593
4.50965
1.24944
7.4474
7.83072
3.25165
4.77929
1.87636
5.52744
3.78229
1.35622
7.31999
1.67714
8.18259
2.51367
1.09965
7.29202
7.07502
6.40203
4.31082
1.77452
6.6869
6.93042
3.89584
4.53224
3.72508
6.22701
3.28313
0.956703
7.11235
7.20473
4.45839
2.86381
3.62986
0.898607
6.35009
0.905748
1.50913
1.76761
5.86063
7.96394
2.12902
1.94769
4.88894
2.14727
5.49485
4.3523
3.79812
7.44528
4.55166
1.99671
5.98163
2.41355
3.26142
4.26724
7.60442
7.94986
3.54793
7.77168
7.40953
7.99414
3.8177
4.5219
3.9914
5.10346
4.79585
4.55978
6.42807
3.90209
8.04698
3.41537
0.924086
8.02436
2.03995
4.14675
4.87115
7.98303
1.39862
1.80298
4.44304
3.88889
4.46832
4.12065
5.64865
5.04272
7.26743
2.21502
1.2547
7.43435
0.93573
8.00066
8.21362
2.38944
1.07541
1.96278
4.69925
1.90024
4.19223
7.75601
3.68282
3.90763
1.60227
7.30362
4.31503
3.93649
1.89671
7.46633
0.686604
2.13212
2.40504
2.13066
7.00124
7.90134
4.34242
1.352
7.54821
7.88667
7.15113
8.20559
7.56936
7.57091
0.907553
0.874938
6.98183
4.88813
0.885117
1.04532
4.56283
7.81098
3.84368
4.08897
8.02971
2.38292
4.54083
1.84836
7.84477
1.80287
4.48484
1.44034
8.0254
4.53839
7.94655
7.35597
7.28396
1.14291
1.95704
7.27092
2.6682
4.53587
4.51866
0.700884
0.974932
3.79069
1.05535
8.52304
6.86366
0.833255
4.50269
3.65758
7.83303
3.52515
6.6857
3.7238
6.30711
3.00446
4.98169
1.35085
4.31747
4.08158
6.95044
7.40138
7.30744
3.55859
4.59377
4.47247
6.90502
4.41074
3.81942
3.98993
1.15252
5.10727
3.19721
6.59255
4.9354
1.04783
1.82457
7.79037
7.07609
0.990489
0.858776
4.02294
4.39664
8.11191
5.62932
8.00072
8.05929
4.98836
4.05982
2.27788
3.84631
8.14926
4.35202
3.63482
6.82701
2.85826
2.33623
2.07887
2.14473
3.78531
4.08685
0.668953
4.85624
1.57631
6.9279
6.50777
6.94971
0.770572
0.69566
1.41522
2.55893
1.67633
4.47806
4.72215
7.72983
2.49158
1.86327
2.68965
6.99271
7.78608
1.20297
7.06051
2.88147
5.76482
3.92991
6.72697
7.25794
4.49085
2.706
3.37821
6.23567
3.45679
3.36677
2.23244
1.31174
0.925826
3.86411
7.32049
7.68303
8.00637
1.87828
0.935907
0.74628
4.35886
4.15705
0.63972
4.484
2.67184
7.14579
1.85159
3.84032
7.88204
4.76866
7.63038
7.59376
4.53922
6.68167
2.24542
0.393442
7.37265
5.04753
3.72363
7.39415
8.08589
7.45038
4.62215
2.32487
3.67301
5.73351
6.49078
1.18475
7.71986
2.81188
4.45089
4.40316
1.30209
4.88969
7.1507
2.7457
2.57701
4.12134
8.02228
4.25835
3.01463
7.71165
3.77872
5.27634
3.80172
0.499371
2.78715
4.48429
4.39696
7.74991
2.61159
4.47788
1.98859
1.6383
4.08386
0.906409
4.81452
5.23941
7.12661
3.96404
0.517885
3.30837
6.77519
3.48752
5.69218
6.16551
4.41591
4.24165
2.56382
7.47947
1.84634
8.03711
3.75716
1.46877
7.99411
4.4845
4.47256
0.576719
7.28105
7.75685
4.36217
2.32245
4.38993
3.75364
1.20986
4.61167
7.80984
1.03904
3.66665
4.40248
1.18917
8.01091
2.20179
4.26985
7.22486
7.6841
2.27827
1.06336
3.69314
2.80887
7.32083
1.40339
5.49254
1.07337
0.905718
4.21796
0.849642
3.7816
4.50577
2.95108
7.475
3.63809
7.82568
7.09884
2.73354
3.61362
3.30188
7.20397
7.73946
4.29212
1.42223
3.86787
6.95423
1.25897
1.97501
4.05793
4.58081
3.59115
0.948739
7.20906
3.91146
2.79349
2.32138
4.24427
2.85573
2.53151
7.79711
4.39949
4.56146
1.14784
3.52327
0.908211
3.58595
4.40153
1.59436
4.31814
0.849054
8.07917
4.12855
3.31176
7.85171
2.8568
4.55867
5.15652
1.91729
1.31351
4.02115
1.10307
0.124324
1.30202
4.73614
3.67739
3.955
0.967174
2.54739
8.02883
4.5514
3.65604
7.4175
3.60692
6.93831
5.99749
4.72248
1.869
3.78162
3.99959
2.4511
3.10377
4.34555
5.29403
4.56224
3.66105
5.73569
3.48063
6.53606
3.60324
3.11746
4.24955
5.46554
3.66278
7.6441
4.68342
0.47887
3.61016
3.4924
7.60475
5.14241
4.41721
1.8702
0.928153
4.87694
7.32093
2.7583
3.68528
4.76451
2.69905
5.14566
2.33589
1.95316
2.55669
7.65114
6.88957
2.66968
4.03228
1.43031
3.61864
1.0574
3.92198
4.71327
3.64217
2.78816
2.77648
5.49374
7.99434
1.69799
1.81496
1.75619
7.19261
8.25376
2.15643
4.38205
0.971916
4.32978
3.0018
1.43159
0.783833
4.48552
2.27947
2.57534
2.7074
4.93685
3.58163
1.52247
2.80176
7.82986
6.89892
1.48888
4.1478
7.18344
7.63541
3.81768
8.295
4.36832
3.74056
4.32503
2.80372
5.10611
8.01401
2.88649
1.74949
1.56268
3.82632
5.76102
2.25083
4.8084
7.63692
7.5651
8.16737
7.62932
6.94458
1.82056
2.81163
0.185192
7.68879
4.49988
0.906246
2.62373
4.48963
7.76401
2.82589
4.52543
2.7491
0.793549
1.63668
4.28716
4.54659
2.74798
2.81136
5.47499
3.57354
3.56001
4.52091
2.29004
3.78975
4.88044
3.80321
4.60471
4.25233
4.2751
7.22542
0.994486
0.874438
3.54348
3.77868
6.45336
5.31525
4.37147
4.59745
3.95618
1.12929
5.21231
4.20494
5.77416
7.63476
1.06207
4.55941
2.84031
4.39674
0.974152
4.50773
0.697699
8.02447
8.10836
4.37089
1.41918
4.49449
4.27782
4.54989
0.629674
3.45607
3.54015
4.36008
4.30639
0.967942
1.36077
4.02461
4.16599
5.16369
7.87758
5.68036
3.72615
3.51184
7.13234
7.13648
7.01043
1.1362
1.77315
7.63024
7.01733
3.53157
6.56198
5.34571
4.01031
4.76713
1.3493
3.95032
1.76529
2.89199
2.02224
0.93628
8.01783
4.20863
3.61677
8.89146
5.43973
7.71214
4.03199
2.64316
1.68667
2.30425
0.867761
7.58931
5.469
2.53046
2.13907
4.19669
4.3574
8.18703
7.30774
5.34545
5.36491
8.133
3.0444
3.91128
2.1567
8.00118
2.3113
3.54963
4.3288
7.93166
1.02777
5.64443
1.20815
3.62805
4.45261
1.40804
1.49358
6.57526
1.55324
4.41771
4.33394
4.50297
2.78565
7.63125
3.84708
0.690359
7.67816
8.21332
2.67855
2.80824
4.346
8.01717
7.65004
6.31638
7.66334
4.34459
7.86614
4.97806
2.80319
7.34783
0.915252
3.63609
5.80985
3.48227
5.86321
0.903692
4.32887
1.18202
2.26027
2.43066
3.33134
4.93555
3.89261
4.04261
7.95423
1.89739
8.09504
1.18373
6.41481
3.45667
3.96888
1.53199
5.85594
0.0806917
1.41714
6.18568
7.6279
5.15
3.69107
4.17004
1.22149
5.214
4.51221
0.763157
4.33742
2.49263
4.11572
2.38063
3.57417
4.61769
1.94187
4.57504
6.4061
4.31677
8.09032
9.07663
4.53485
4.47825
6.47646
0.828667
1.60426
4.48915
4.49932
2.13209
1.09107
3.66491
2.41702
2.53948
1.97845
4.26915
0.581493
2.23256
4.76633
4.90131
0.918515
7.79711
4.53011
7.67493
3.93573
2.54956
1.2801
4.5221
0.677033
4.49576
7.53986
0.612308
6.39455
7.68097
4.89366
7.23278
4.37816
8.02348
4.08893
1.08253
7.87903
4.29007
3.49719
2.51538
4.44001
1.41878
7.15802
3.60092
4.47825
4.10186
8.09036
4.35534
4.87406
4.45219
4.37574
1.90244
1.05017
7.26504
5.27295
4.65923
4.4316
6.43609
4.30907
4.90757
2.8489
4.39332
4.40784
0.566351
1.04274
4.79072
2.67541
2.32589
0.950739
3.41614
4.27403
4.40182
5.32821
3.81006
2.67874
4.83937
7.99734
4.49643
5.02483
7.55663
7.39399
5.14903
4.08823
3.67496
4.59604
2.82746
5.55934
6.80264
4.28957
3.85581
1.3651
0.960056
2.39451
3.69498
7.69509
1.55264
5.57051
4.23846
2.05268
0.620945
7.6689
5.30458
6.74847
5.65262
3.54827
3.79073
7.73947
4.44785
4.47916
4.56738
5.7951
3.83566
5.38784
6.34019
8.15867
4.81996
1.79536
4.42928
3.08551
7.73157
6.43414
7.60303
1.92179
7.62422
5.40812
0.876283
3.76547
4.24835
1.96474
1.34812
1.07903
3.49556
7.33392
7.72689
2.10599
5.20064
1.44435
2.64304
7.39638
4.38625
1.33629
1.51184
2.81752
2.30419
3.85154
4.55614
5.5555
7.41379
7.92879
1.03048
3.40895
0.923355
2.81535
4.27674
7.25991
2.82973
2.79704
7.21787
0.96476
4.08365
5.39972
2.53846
4.27704
4.08099
7.95997
1.87606
7.88987
1.07227
3.96783
3.72161
3.5258
1.81112
2.56513
3.60563
1.91491
4.99389
1.64644
5.05034
3.81414
7.76022
1.27952
4.97803
7.34378
4.48162
8.04175
4.1967
6.69417
3.91944
1.36864
4.90082
2.71032
3.94184
3.64097
8.90864
2.07468
1.6105
2.78842
4.69329
7.90256
7.66719
4.52587
7.32898
2.57048
7.62439
1.90543
4.51474
4.09916
4.72315
7.83206
4.48375
2.13578
3.65047
7.7467
4.74927
4.39361
0.174417
4.57842
7.2961
7.98193
7.79814
6.07912
0.965136
2.23257
1.15768
3.49528
4.37943
4.58511
2.85056
7.74577
3.81518
5.51411
6.90857
0.132857
1.19295
7.62548
6.46024
5.42724
1.35635
4.37342
4.02448
4.99644
5.69077
7.97411
4.73346
1.52128
4.65226
7.91819
4.77743
0.807722
1.82013
4.18555
3.79117
6.8024
8.5029
2.57357
4.6854
5.14279
5.23465
1.82596
4.1087
5.14191
7.01563
3.78899
7.2691
3.90938
5.67665
3.6563
2.56668
6.10756
2.84643
4.66419
4.30149
4.53715
3.78882
7.25327
4.39389
0.776618
4.56927
0.748282
3.11547
3.62842
1.22719
5.57447
3.37497
2.48008
2.22687
7.12706
7.76394
4.56111
1.07826
1.66018
0.899178
4.04905
5.87393
1.88299
3.56416
6.89272
0.58883
3.74415
3.82909
2.79408
7.54669
3.77447
2.72679
2.58269
7.54737
5.07518
2.7615
0.861913
3.82393
8.14684
8.14544
7.65252
5.11486
1.62334
1.57235
4.84923
1.32673
3.87669
4.46128
7.909
5.00797
3.3336
4.02253
7.62877
4.90688
7.89717
3.54789
2.71301
3.79951
6.94496
7.80845
2.7524
1.43676
3.75822
3.60285
3.77965
5.58065
7.48344
3.96442
7.25064
3.76106
7.54751
2.78564
3.8009
4.30289
7.56118
3.28392
3.57181
7.32051
7.94433
4.65316
1.96423
7.49502
1.07766
0.634351
4.10581
4.70204
2.57319
2.88307
4.91618
2.64694
0.916061
6.35509
2.24359
2.58932
4.46438
2.28866
2.85893
5.10153
2.60184
1.56457
6.09562
5.70189
4.14916
6.1335
0.888614
2.25321
0.833147
6.91768
4.1557
1.96673
4.59651
3.93041
5.89419
7.88667
4.80015
0.937358
2.70796
4.61891
1.0827
2.80759
4.44365
5.40036
7.8413
4.24192
1.19846
5.01552
0.918348
3.94891
2.12325
4.0638
4.61984
4.31159
1.71621
4.62517
6.53795
4.59927
4.78263
4.62335
2.45934
1.38114
7.00339
6.27293
4.25624
2.16164
7.485
4.26804
8.22337
8.22158
5.13108
2.50325
5.38041
1.41556
7.5868
3.78411
2.69519
3.67684
4.2733
2.17272
2.66547
3.56686
1.5962
4.13577
7.38705
4.67397
2.6015
7.23131
3.81388
2.15412
4.4927
5.24634
3.84875
4.90774
4.02608
7.82525
1.86075
1.18865
4.33314
5.74844
2.77196
4.59099
5.93616
3.55069
7.67204
7.59271
4.85874
4.26595
2.85219
4.55303
5.65092
4.98942
6.32574
4.53163
4.09525
3.60671
4.77907
6.68933
3.38603
7.48063
4.07572
2.51628
3.99768
3.67085
6.15204
4.63135
6.04715
4.41163
5.18367
2.06867
3.23286
7.84873
1.3604
4.39731
3.80004
3.96416
2.28593
0.638856
3.57309
4.25764
1.98848
4.71771
3.64513
2.57227
5.50007
5.04657
8.54443
7.78699
5.64409
7.99778
4.0686
4.00741
7.47944
3.63966
4.99196
4.82851
5.14503
4.50086
4.17269
3.90437
3.88742
3.94789
7.55884
2.49684
7.74344
6.06308
2.6275
8.28591
6.80297
5.31419
7.33114
6.12896
1.77711
3.60427
6.04534
0.767348
6.25078
2.72584
5.81214
1.11827
5.20019
5.24206
2.59847
4.54308
5.58398
5.27694
0.739714
7.45709
2.11432
7.52121
3.86322
0.750795
4.84039
2.29606
3.83521
6.31217
3.08954
7.61046
5.02155
1.994
8.14101
5.20136
4.58826
6.1125
6.39023
3.35196
2.7734
1.90826
6.59875
1.56277
7.93968
0.837556
7.70791
2.29191
6.11908
1.41288
2.24222
7.56157
5.08734
5.56568
1.20542
4.25574
1.08262
3.52816
1.3116
3.78009
0.915085
4.07753
2.71257
5.26706
4.4149
1.58758
7.30979
8.01566
1.928
3.9512
1.2736
7.97863
1.56328
4.12096
4.00796
7.93824
6.86836
7.19211
4.46921
6.34179
7.49861
2.6948
7.75109
5.91197
2.68282
1.86218
4.99694
4.99606
7.90229
4.3661
1.12984
7.78958
5.16047
4.51628
0.944553
6.93384
3.94312
7.01492
4.42711
5.3408
4.97157
2.11221
4.39352
3.55055
7.40596
4.53374
5.6493
4.30685
0.226431
3.31195
7.68497
4.58908
4.33717
5.67944
3.66605
4.0751
1.05396
3.8687
2.05424
1.56126
7.8751
2.58995
8.51853
7.31557
3.27271
4.55046
0.841111
3.44576
3.70042
6.77573
0.915087
4.47508
3.63148
4.4913
2.17492
6.32322
4.39039
2.58037
4.12726
7.52495
1.0408
5.96609
2.37134
3.53011
1.06912
7.48806
3.92968
4.45617
8.01429
6.53437
3.65757
7.79797
5.96933
4.45135
3.59971
3.95745
4.34596
1.70602
4.36511
3.5489
3.77586
5.42193
7.63127
4.65284
2.11052
2.61939
1.05059
3.69317
5.39588
5.11734
7.83115
1.4419
4.35923
3.7677
1.07735
4.98001
3.6494
0.50329
3.77454
4.37371
5.89438
7.64931
5.41774
4.06816
4.07298
6.44625
4.26658
5.71047
7.97185
0.925727
3.64472
1.89468
1.10322
7.0971
8.15938
1.61122
5.91636
5.66102
4.05367
0.694748
4.50112
3.84945
3.54262
1.36228
5.286
8.74635
1.80342
2.81464
1.08547
3.90358
8.06258
4.0664
7.64832
5.40119
3.33141
5.79515
7.62196
4.46828
0.786404
7.04163
1.48169
0.944059
1.52839
0.74525
4.98431
1.06704
8.1949
5.99759
4.66768
5.4624
3.47872
2.63771
2.78246
4.51133
3.76328
4.24349
4.51963
5.67404
2.17993
4.60723
6.90069
5.76684
3.55242
4.53259
3.23546
4.7907
7.00102
8.26058
3.50325
1.43175
2.65453
1.76424
4.17304
5.28624
1.99009
2.6552
8.05289
1.08225
1.07597
4.1544
5.50913
3.58839
1.95267
3.89329
7.43084
3.75628
6.049
3.97321
2.8398
3.80959
7.28492
8.14581
4.18625
3.87729
7.86179
5.23668
5.01632
7.27922
4.97649
2.81465
2.65442
2.26832
2.69259
4.46914
1.43997
4.79354
2.71419
5.66819
3.97557
6.454
7.62248
3.51369
7.54615
4.05439
1.05828
6.53138
8.07978
4.15911
7.95352
1.72066
6.22858
1.06073
1.96267
2.57327
2.69233
6.07647
4.03851
6.79856
5.31565
3.49447
2.78826
1.09925
5.17634
2.7796
4.93567
3.32434
3.33479
1.10446
4.26205
2.03574
3.68259
0.470491
7.42179
6.99483
1.16233
7.24316
4.27187
3.21483
7.19473
4.62006
2.58314
4.54432
8.71803
7.18472
6.84914
5.19175
4.46506
7.2071
5.99241
8.66142
4.75645
4.53879
7.03713
3.83577
2.06236
3.80985
3.89986
4.06596
7.44619
5.94752
0.872321
6.10302
2.78153
2.19294
0.852109
7.32023
6.48905
1.70515
2.78271
6.03928
4.91147
1.56478
4.54422
4.42393
3.85936
7.03392
3.23855
1.7323
3.68898
0.885297
7.50442
0.759219
3.64674
4.65772
4.56669
1.32666
4.74913
1.06853
7.42213
3.88938
7.86708
7.24692
0.830029
4.51607
2.41824
6.07205
3.99287
7.86631
4.66537
8.18417
4.03793
2.80422
4.53983
4.62765
7.42746
2.82846
7.06975
5.71652
5.5272
5.62183
3.82905
5.72343
2.7731
7.82408
4.57752
4.20426
4.46383
6.30574
5.18384
4.08056
4.98412
7.20005
6.57363
6.48094
7.1908
3.86684
5.6782
3.75738
2.76434
1.9134
4.33895
4.23514
4.50685
4.37377
5.32944
5.0006
5.21102
4.09987
2.24265
5.91508
7.17817
4.61713
5.10704
5.10773
3.85383
4.25622
1.28341
3.95787
0.845873
7.23942
3.76504
7.89402
2.77056
4.47646
2.84462
4.4055
1.42318
6.16693
4.4842
4.74452
3.47636
6.97828
3.81434
1.51621
4.76342
7.25001
4.81128
7.68294
2.54451
4.12679
2.64718
4.4922
4.41905
0.787218
4.57242
5.96272
4.35607
6.76232
1.9924
6.93385
1.26569
1.50934
1.07979
6.77751
7.5202
2.82221
1.40016
7.05982
7.88727
8.03074
6.55235
1.42195
4.29608
4.31669
1.02448
3.85532
1.07411
3.98213
1.52574
1.11236
4.76315
3.67849
2.2615
3.43361
3.36258
0.940006
4.28016
3.80769
1.91279
3.40191
6.29008
4.49837
7.34914
6.58818
5.82655
0.842124
4.31357
4.51691
3.248
3.67979
7.05346
7.51985
5.69253
3.44849
1.82209
3.74048
4.80483
4.13705
5.68323
5.50088
8.29632
4.25663
4.31094
6.98066
4.4464
4.90012
7.95172
4.48551
4.38684
7.17297
6.97872
0.780298
4.53177
6.76469
2.91292
1.93703
2.00375
5.03692
7.62028
1.7391
2.67184
2.43095
7.69781
8.05517
7.65397
7.48308
4.87733
2.64793
5.05288
7.72992
4.90487
4.31745
2.79632
1.53338
1.63508
7.21015
3.92253
6.25548
4.51735
6.78027
8.81203
2.57019
2.4879
2.05389
5.96326
1.70871
4.36838
5.1582
1.9982
3.55838
7.84341
1.07096
4.58782
2.7917
2.6744
4.51007
1.01715
3.59772
4.21863
3.33122
7.65832
1.08782
3.84784
4.19745
1.16431
2.06871
2.2143
4.33334
4.8496
2.76591
3.98931
4.8011
4.97709
4.2985
3.85982
3.24643
4.56449
5.08971
3.60754
4.38389
4.97846
6.05874
5.21667
7.77924
0.939873
3.56393
3.8837
3.94411
1.14351
3.98768
1.25236
6.94754
5.43911
8.73649
7.64363
2.21405
3.76721
5.24943
4.14605
2.65582
4.16414
1.70796
0.860043
2.30271
2.69244
4.30775
4.06356
2.48418
3.64966
1.15563
6.7819
6.34085
7.93636
1.0594
4.02936
1.33937
4.08052
7.15575
1.45751
2.52294
4.60198
1.97304
4.97619
5.50621
7.92573
4.66474
7.69348
0.988405
4.28916
1.41498
3.71478
2.21806
3.86262
0.803109
4.61211
2.08847
4.40157
1.64209
7.5274
4.50066
1.77405
3.51257
2.73153
1.12949
5.87035
4.45301
0.140416
4.24614
4.15915
3.2439
1.03256
3.83783
1.42883
4.12202
3.65021
4.51541
7.71248
5.10577
4.90418
7.55742
3.27627
2.23533
1.7698
6.01615
5.56417
4.92925
2.42786
4.58148
4.56616
2.48375
4.34499
4.54676
7.78709
1.27685
3.37641
1.84546
7.8973
4.01716
5.99476
2.82496
7.16809
6.97557
4.49058
-0.00295152
9.53859
3.08888
4.58316
6.33868
1.15661
7.78137
3.08798
2.63465
1.14373
6.30766
7.36962
3.53416
4.40999
1.52414
5.55047
3.86577
5.26806
3.72911
5.6503
4.59915
0.823808
4.1334
8.01328
6.83168
7.42893
7.55771
6.74337
2.864
5.40116
4.5379
3.81472
5.62619
2.50622
3.95915
3.79357
1.94632
6.99697
1.21054
3.90155
7.22239
4.63231
0.932225
2.58293
2.92562
2.66544
5.69005
4.05788
4.43348
0.934679
5.23353
4.50093
4.60099
0.834077
2.57147
2.80162
3.79634
5.50186
7.84321
7.19846
7.82399
7.43091
3.46449
7.36686
4.58884
3.95148
5.3994
3.5037
4.84726
1.85166
4.55918
6.86899
2.55949
5.11674
4.79741
1.42616
1.76107
0.852893
1.93315
1.43429
8.02055
7.93676
4.35366
4.51942
3.57536
7.03231
3.67921
1.83524
3.54566
3.81942
6.98737
7.83482
7.64172
3.69058
2.45341
4.52506
2.7939
6.96562
7.85085
1.16405
1.33771
3.58267
0.916276
4.39947
8.56874
2.63442
1.71281
4.3961
1.45637
4.47414
2.22398
1.18894
1.82578
4.1583
0.913982
8.04963
3.8318
4.46631
4.59035
2.0818
2.60771
5.04846
3.6564
4.70847
3.94896
4.73128
1.37537
3.20853
2.46756
1.49973
5.21982
3.54416
6.80388
6.94778
7.14618
4.50355
2.57834
4.32826
4.14966
1.12569
1.57681
2.72496
4.1042
4.49176
4.45786
4.67127
4.51583
2.44384
5.69676
2.73063
5.56913
1.18227
2.62379
2.25028
3.87878
4.25583
3.99068
1.88042
7.07723
1.83365
3.55576
6.05578
3.56254
4.23822
3.94558
1.54278
3.93831
8.14692
6.06831
3.61396
2.35541
4.63346
4.52889
4.21257
8.55622
2.97032
7.72982
7.11933
1.1559
4.60269
1.3217
4.45666
3.78374
6.82119
2.72397
1.69398
7.13657
7.20295
5.19602
2.68361
7.71165
3.81627
1.98413
7.20252
2.88653
6.12454
7.53233
3.94225
5.48574
4.0216
2.37688
1.70498
4.58573
1.07427
3.13927
7.5556
6.52884
2.82565
2.72144
4.15853
5.07518
1.1099
1.25524
2.5106
8.23125
0.924124
3.83566
2.71679
2.62897
3.172
4.49429
3.85957
1.85586
7.2418
1.85604
6.25698
4.62684
3.73024
4.72629
4.02478
7.6801
2.8375
4.40093
2.52149
2.1958
2.44074
7.43013
4.35995
4.70093
1.94079
7.84171
4.56224
1.60401
1.1339
5.76566
4.3267
3.95942
3.52167
3.53349
1.72975
1.56124
1.54456
5.8539
5.06208
6.20594
7.40936
4.56141
3.95507
5.33416
3.64721
4.81644
3.81343
6.48986
4.50659
6.34145
7.52829
0.817163
5.94642
3.57054
4.54672
4.53076
3.46706
3.18571
1.0726
1.89825
4.04135
7.67494
5.7122
3.81182
2.79109
4.1722
6.26335
3.81646
2.28647
0.810673
4.36202
2.22689
2.63704
1.39428
3.64016
4.4887
4.61828
1.02126
4.64416
3.97093
4.73367
5.13216
3.15621
3.07379
2.84639
2.83178
8.0028
3.49832
7.10058
4.56856
5.82325
4.13548
1.1356
7.11085
2.55399
5.71002
1.58667
3.78225
1.0761
6.89971
4.5993
4.66643
4.37834
2.6664
2.2498
3.64894
4.11305
2.41888
6.91208
4.48172
2.67373
3.98631
5.12559
7.72754
0.986553
4.40244
5.1499
3.87513
7.46223
5.00956
6.19255
5.98579
4.05008
1.06138
0.13977
2.03442
7.64555
3.91222
7.89996
3.56894
3.6754
5.73564
6.61437
7.49348
1.29463
3.80676
5.45754
2.66649
4.57069
3.68754
5.74535
4.55974
7.55213
8.08054
3.91341
1.50413
0.928563
3.85065
4.6795
2.10109
4.59597
3.23581
1.15184
4.65379
7.31622
6.77888
7.62505
6.48327
6.55984
1.05033
2.04336
3.75491
0.886895
4.1907
3.47036
2.78549
7.28374
1.02469
0.610654
6.45366
1.06376
1.89787
4.06288
3.0736
1.62626
7.68999
7.91106
1.12129
3.53895
4.10797
4.61653
7.26759
1.13552
4.57652
0.02539
2.59061
7.29594
1.4328
6.98093
5.62705
7.38598
7.66202
2.64634
1.10206
4.55384
8.00523
7.11224
1.13093
4.31383
3.6287
0.709743
3.9537
1.87429
7.32586
6.32212
2.79492
4.57091
3.87089
1.17149
4.976
6.39127
1.57217
5.10398
1.17151
6.87529
5.94085
4.54004
2.14049
4.54075
7.62692
4.58475
2.57808
6.84979
7.07875
2.47297
7.75259
3.69969
8.07287
4.85749
2.06102
4.58081
2.41526
8.08759
8.00871
0.526283
3.06043
5.53595
8.06482
7.00588
2.66906
5.661
8.7466
1.21018
3.80713
1.08278
1.12732
7.57966
5.52385
3.84662
1.07879
0.967228
7.43805
4.02395
4.50721
6.38964
7.90232
7.10734
2.03317
3.77546
3.8839
6.48222
4.806
2.12796
1.75723
1.96169
3.70726
4.48649
4.46594
4.49978
5.7373
0.936875
5.1243
3.83668
2.61768
4.76195
4.4995
2.08668
3.71772
3.7588
4.02828
2.72684
0.921693
2.1059
6.98982
1.13677
6.95126
4.45605
3.83688
6.15836
4.6542
1.11032
4.35283
1.36671
1.14469
1.28796
3.56557
2.86548
2.86365
7.75813
1.13855
6.97626
0.76634
6.16517
6.37069
3.86543
4.45991
1.7893
1.07015
4.75748
8.30067
1.89947
8.12422
4.60343
4.36982
3.92425
2.73776
3.74158
6.96127
2.51214
4.60841
4.9343
7.45795
6.92744
0.928685
4.15686
7.02918
0.686615
3.64228
4.52939
6.26213
7.47778
3.53576
4.55078
1.42311
1.0338
7.00481
4.6129
7.19887
4.03677
2.21906
3.61093
0.976676
4.29743
7.62357
2.65811
4.49323
7.69213
8.03799
1.03084
5.5525
1.22328
3.82231
2.76695
7.8259
4.56224
4.28604
5.23576
5.27381
4.5148
1.82421
2.6062
1.0691
1.30084
7.93756
4.39419
3.64092
4.02737
7.98521
3.89575
4.7579
1.21804
2.51846
4.03918
2.74238
7.67777
3.0006
3.63877
0.847211
4.11265
5.22464
5.76158
3.80804
5.97322
3.77553
1.34676
1.38538
0.983652
3.85301
4.60157
8.06264
3.0603
4.17896
4.63846
2.89492
1.19655
3.77236
3.49352
4.06226
4.7624
4.15049
7.85176
2.54917
1.64926
5.65415
3.77107
1.17466
4.58011
1.69435
1.20699
4.27572
0.815007
3.54547
4.46731
5.13884
4.55446
2.11073
4.59053
3.40154
7.72012
7.00461
0.920028
6.83309
4.40116
1.13837
2.55178
3.98747
2.07254
1.47338
4.4665
2.36253
4.20015
6.28517
4.5361
4.66705
4.10426
3.62298
4.47256
8.10272
4.01175
7.15062
2.76402
1.19593
3.75048
4.48785
1.39311
1.27427
4.23107
1.53481
4.58288
7.02736
5.20183
3.86907
2.03526
6.73422
4.68249
3.69771
4.46124
8.14748
3.76266
1.84177
7.41801
1.0795
6.59172
4.18536
7.10455
1.43395
1.38259
1.12025
4.47981
2.18313
7.77768
1.97241
6.10217
4.57854
4.12597
1.03921
2.18011
2.23212
1.48069
3.79744
0.734798
1.39162
3.54884
0.892307
5.63269
7.52515
7.49403
4.46642
4.60771
2.27035
1.87781
2.23724
4.49472
7.21125
4.0141
5.47362
1.00494
2.52734
2.84197
3.81435
2.83188
1.20628
7.17165
4.56209
4.66896
1.3078
4.88892
4.11147
3.93218
4.54835
3.64883
3.60636
3.95216
5.50389
6.70885
2.13447
4.64437
6.82776
7.00647
4.52348
0.601757
3.75996
3.62423
6.01393
7.24694
4.37501
6.86175
1.06338
2.74102
6.40193
4.04914
3.5648
2.62851
2.26706
1.04466
4.91149
6.82426
5.74518
3.2843
3.80483
1.43086
5.96796
5.4702
1.24313
7.81759
7.74422
4.53441
2.62106
1.40618
1.35681
1.01348
3.78483
1.01085
3.83187
1.19198
3.94511
2.77938
1.15566
3.90065
4.00432
1.62389
5.31356
2.60445
1.70886
1.11869
4.77163
2.38698
4.261
4.43046
4.67224
7.02911
3.80667
2.59361
1.52112
6.91386
4.45521
2.60049
3.65802
4.09674
3.79363
1.40641
5.71961
3.99914
1.75618
1.79334
2.90319
1.15057
1.03601
7.28564
8.19299
4.57039
1.21799
3.17355
1.56587
4.4777
4.45096
8.04298
4.29653
0.930278
4.44741
2.56294
8.03406
7.4863
6.3099
2.83528
3.72443
5.0251
4.12304
1.41296
4.5727
1.1196
3.97227
7.94096
1.34652
1.1703
1.58974
3.94394
4.27819
3.80718
4.51411
4.48242
7.5929
4.09702
1.26948
4.78169
4.15386
4.48595
4.01207
7.45346
5.31788
4.27129
1.50262
2.49118
6.24637
1.08674
2.70425
3.8456
3.93247
7.42171
7.1655
3.50229
1.51332
0.482817
6.29542
0.926915
3.62214
3.65043
3.97889
7.72067
4.29337
1.51961
3.91863
8.03151
5.80592
5.74148
4.94221
6.28314
7.28796
4.4095
3.74806
1.83324
4.49545
4.0224
5.62688
4.76622
1.12395
4.47843
4.07132
8.11832
1.35468
1.09195
1.28956
8.13385
7.93173
7.16681
7.35001
6.12148
4.38965
4.6155
1.15857
6.88817
4.11238
4.04875
2.58586
4.04248
1.15649
4.33304
0.837985
1.11264
3.81751
4.07138
2.81798
1.44283
3.57629
1.1983
4.60481
3.82846
6.63525
8.06908
4.56698
6.86418
1.24784
5.79462
7.62112
1.75502
0.92308
5.23335
1.83528
3.45806
4.47749
7.8265
1.1412
7.99865
1.16658
4.86291
4.07436
3.91715
8.07029
7.23058
3.82672
1.50768
7.42325
7.54289
4.38813
4.44136
1.61389
7.13632
4.28231
2.68782
3.81845
4.46655
8.85658
5.39372
6.20368
8.02168
3.86481
7.69551
1.10194
1.16046
1.44898
1.10757
0.980926
4.61906
2.76574
4.52839
2.45342
2.67725
0.583782
1.13403
4.25226
6.10297
4.2861
2.54854
3.77991
0.757339
1.14063
1.2944
7.0996
3.88083
3.60826
1.61581
7.75748
7.21122
1.13315
1.88851
4.43695
3.54814
2.75509
7.99468
4.48333
5.87276
1.19521
0.740005
7.92363
7.87219
6.90023
5.40607
1.51465
4.46723
3.49773
2.26792
4.36532
7.89049
7.72781
3.57983
2.84975
3.50023
1.06495
1.18511
4.41981
3.74493
2.7587
0.649849
3.48626
7.07856
0.851651
4.5481
3.42458
5.29611
3.48093
1.11843
1.00355
1.6447
6.75574
7.34071
3.10923
4.56785
7.03104
4.41923
4.19146
6.74373
4.13393
4.32628
4.93546
6.97925
4.33074
5.12048
2.20567
1.04922
3.62667
4.5834
3.24829
4.5593
1.09777
5.60977
6.78602
0.696565
7.87311
7.38535
4.33713
1.937
6.91074
4.37491
1.19857
3.35896
1.02776
4.26339
6.56535
4.63923
8.03555
4.55591
4.59849
5.76432
4.43576
1.12821
1.0923
4.17613
1.49178
8.03471
2.26086
3.95837
4.44394
1.13574
7.22285
4.57249
5.89857
1.51815
7.39469
2.55403
3.77094
1.17061
7.9866
5.98897
5.16755
1.21077
4.64598
3.86964
1.86879
3.90422
1.22286
1.76774
2.65133
4.15037
8.02926
5.00916
4.58651
5.40652
2.83828
5.77266
6.3036
2.53345
0.93686
2.83835
7.42377
2.8399
6.49125
6.92575
3.9799
1.81251
3.98648
7.56938
3.74012
8.03427
4.62004
4.51299
3.97009
3.42742
6.28456
4.63079
7.58361
7.36263
7.03468
7.43509
4.5022
4.09118
6.34227
1.3336
4.00578
6.80155
4.76902
3.95531
7.04302
4.47285
4.73357
3.65916
1.81478
4.0314
1.13509
4.47338
7.1704
1.02713
3.97475
1.03047
1.50553
3.2637
6.2517
6.23066
7.64883
7.03546
7.57928
6.92209
1.83668
1.24684
7.25907
0.934388
7.84726
4.49949
6.94053
3.63941
6.73089
3.51105
7.5468
7.78358
0.461336
3.95929
4.47033
4.12341
4.5201
7.88182
5.47237
4.00916
1.88864
5.75071
7.47612
1.14734
2.80572
1.56772
2.75746
3.84491
1.33448
7.90866
3.6774
3.83316
6.90679
4.9565
0.796933
2.1611
4.03797
4.95504
7.56101
4.5432
0.806876
5.62161
7.34726
7.47924
3.11223
7.61938
4.07961
7.00499
3.59474
3.99495
4.01198
6.62779
4.71841
3.19182
2.56258
1.02841
1.21269
1.33871
1.85384
2.81982
1.09693
0.930624
8.02824
7.56969
7.42479
4.36809
5.17131
6.29947
6.49623
1.77881
0.954128
4.14856
2.83326
1.25275
3.76141
1.83134
3.22563
0.764553
1.18418
3.7774
7.00441
1.41044
0.176972
4.3581
4.80245
6.92206
4.63837
7.03715
2.56745
7.86368
3.48509
4.0808
7.30841
4.19241
4.49914
8.0838
1.55681
7.98433
3.8821
8.00765
1.03566
5.80705
3.85947
6.55676
4.32545
4.43802
1.27603
4.19974
8.02827
6.57905
4.48498
3.8596
7.04014
1.11999
7.59564
1.142
1.13334
1.0278
1.86547
2.47138
6.3309
2.72788
5.89843
4.02346
2.97513
4.33911
4.51978
1.25072
0.459061
6.85567
1.60795
3.84056
3.87594
2.83407
4.94785
1.32537
5.62502
7.3863
6.38995
7.8591
4.73914
4.28905
2.57902
6.6004
3.69787
1.31441
2.5027
7.04172
6.76516
0.91317
4.51884
5.52225
6.92438
2.80487
1.11063
1.71454
1.40788
3.77015
0.459439
1.15141
7.87949
3.81251
6.79332
8.20456
3.81699
0.88647
2.38595
1.04822
3.64376
3.7882
6.42774
0.985311
4.09219
4.54842
4.14573
4.52634
4.41419
5.31882
6.82543
6.78049
6.90515
3.77076
3.67818
1.78356
6.16201
3.92609
7.18558
6.34329
3.80806
1.52233
5.96764
7.46933
2.60156
5.25703
1.09783
4.8344
5.95776
0.525181
2.79677
3.85824
6.24933
1.85339
0.90723
4.39187
1.88107
1.90282
4.46581
4.99445
6.96068
7.77693
1.52986
5.45367
5.16274
4.37106
4.65517
6.81873
3.35381
3.76907
6.90207
1.43524
8.33271
7.24816
3.97527
6.48555
2.81283
4.19316
1.16213
5.61959
4.15849
6.98886
3.43863
4.57604
2.55913
1.72329
6.17273
5.60839
6.98186
4.79012
7.4858
4.46284
1.27888
2.93657
5.08799
3.43492
4.29939
8.52188
0.956376
4.46766
3.47755
2.6733
7.63668
1.67233
1.23723
4.56521
6.67082
0.467421
0.488775
1.87543
6.92582
1.1608
4.41116
5.94251
5.63654
8.02841
1.25419
1.44042
2.55208
1.22581
4.44514
7.98339
7.36002
3.82579
6.07793
2.25404
7.35854
1.12235
1.7925
4.07111
1.26544
4.4376
6.90973
3.57714
4.46917
3.55523
3.34053
1.71108
3.61248
1.2937
2.64563
4.41127
2.37862
7.63621
0.856192
2.58907
6.42366
4.45359
1.86919
3.79085
5.61972
3.53706
3.81884
4.10474
6.62104
6.7932
7.44112
3.16209
2.81465
1.14734
7.40576
6.78873
1.40356
1.71586
1.38989
2.47858
8.18966
2.1409
4.11836
7.98533
6.72891
6.54517
2.67523
2.94261
1.82226
4.28034
3.9589
0.818955
4.86169
2.79534
7.11487
1.04492
4.30681
1.59096
4.63907
3.46993
3.53389
3.90495
1.97452
1.10992
1.31075
4.35142
4.27769
4.51817
4.57499
1.70215
6.72449
6.29157
1.18113
6.81379
5.85139
7.92249
3.74534
3.69054
4.159
0.654482
3.8336
1.34987
6.89389
4.68348
1.19857
1.20484
2.51153
3.65555
5.50017
7.90692
4.4831
2.9605
2.52387
1.12842
7.82878
1.23447
1.09332
5.57185
7.80473
4.45966
7.61243
3.40759
4.16302
1.27201
8.03192
4.34846
3.87084
1.4552
1.6215
3.85941
6.36024
5.42985
6.36039
6.29404
1.68973
5.72519
3.70418
4.30795
5.77166
6.64487
3.8478
3.64518
5.50759
3.53292
4.07086
4.55714
2.83825
2.49239
1.80872
6.95665
6.36461
8.73714
3.9265
1.45396
2.75043
1.40607
1.54957
6.49041
4.52021
3.53533
6.2916
2.87117
4.49377
4.37957
1.18548
7.7495
4.5257
7.97262
7.38101
4.50614
5.76963
4.74028
4.06
4.43186
2.05636
1.47374
4.43641
5.58084
3.56393
3.80926
4.04606
2.66971
5.1638
3.73426
7.5396
4.34154
7.71072
7.89944
6.93736
3.551
2.12096
3.51622
1.85065
1.23326
1.04775
4.02243
5.61032
6.08182
7.97671
7.3212
6.87939
3.41586
6.88195
3.85446
4.09805
0.908286
3.7721
1.44485
4.12223
4.21488
4.35744
2.90651
4.1703
7.77381
2.1653
1.64594
1.65208
5.1366
2.1585
6.93645
6.95859
1.15283
4.49601
1.56859
6.16064
1.1911
6.40389
4.44483
4.68605
3.8946
0.740358
4.53985
5.21287
7.7466
4.04806
5.64063
1.18896
1.54048
3.73864
3.80906
2.94077
6.94397
3.28939
4.16601
8.03085
4.74147
2.54351
2.66719
3.77541
4.71652
4.72097
7.23564
3.79647
4.08317
1.21105
5.85989
4.45109
4.57054
1.23979
2.17913
1.83191
6.6991
2.31742
4.50806
5.76587
7.04615
6.97311
4.49923
3.65312
5.60972
7.41338
3.39576
3.97361
7.36749
4.31384
0.898354
5.43047
2.04938
7.60892
3.80861
1.91546
4.39934
2.79798
5.26678
4.56247
7.53165
4.47174
7.32149
6.71763
0.849315
2.80205
2.28385
2.69443
6.27216
4.54713
1.20275
2.90064
4.9085
4.55189
4.01115
2.70714
4.13523
3.87704
1.53362
7.32318
1.50525
4.5569
2.61544
4.03773
5.14118
1.01633
7.5288
5.02293
4.24908
3.49023
4.98809
4.47659
3.59641
2.68857
7.65565
2.48643
7.26929
6.98787
7.72808
1.17433
3.80903
3.91393
4.07442
3.37276
5.06191
6.49445
2.80273
4.49245
1.65255
2.80486
4.36005
4.83426
1.53231
6.64701
4.79834
5.53769
4.59175
8.0847
3.74969
5.74073
4.59355
6.66788
4.2484
3.39907
4.36106
2.8031
3.99144
5.22481
1.99086
3.37486
7.73072
3.70391
8.01781
5.01475
6.641
6.32487
7.0535
5.02365
1.90583
2.50517
4.51586
7.98558
6.98321
6.35248
8.01683
1.52938
6.6446
3.79839
1.38766
1.25807
1.31668
4.02409
6.47464
5.27462
1.70104
5.70978
5.60248
5.65165
3.95766
8.1858
3.82296
1.69533
0.907031
3.01716
1.44287
0.988697
1.28104
5.1227
1.25563
2.98003
1.12618
7.84547
4.84062
5.79669
7.34087
1.07185
3.89678
4.55231
2.86907
7.34374
0.847006
4.39535
7.78655
6.89632
5.51115
4.33637
7.64253
0.9473
7.05545
2.08485
5.21003
4.25274
6.28353
5.09986
1.2153
4.579
4.6616
4.39257
6.85373
7.58652
5.71362
4.40749
6.95139
4.52473
6.51325
4.54676
5.94239
4.44477
2.46594
4.93905
1.88457
2.46185
4.0999
5.56676
4.40068
1.63612
4.31594
4.60844
4.68615
1.36071
7.65078
3.52238
3.4631
1.39442
4.35596
5.24035
3.8833
8.45872
4.14033
1.29859
4.16987
4.65566
6.00784
4.96641
2.53208
7.86047
6.94593
3.9373
3.51068
4.03617
2.13601
3.76363
4.49407
0.798284
0.78714
1.37272
2.10558
7.35818
1.39319
3.94847
6.77411
3.89162
5.51042
1.35745
1.2615
2.41972
1.00624
4.57279
6.90166
1.37904
3.53202
7.80277
7.71567
4.56549
1.38524
1.95506
1.39518
8.23437
6.92969
4.64861
1.52598
4.45154
4.56313
3.00344
4.4924
7.25012
3.85094
6.78128
2.84046
4.10658
7.7147
4.96376
7.33727
4.60753
1.59615
4.60809
4.60058
4.91263
7.09955
5.15515
2.267
1.13369
1.29994
1.32657
5.14731
4.19968
3.20799
4.03355
3.75641
3.84197
4.57453
4.62101
4.54143
4.63287
1.2009
2.52408
2.61857
7.53569
5.39283
6.9196
1.77408
1.5075
3.59716
1.23455
6.90898
3.86705
2.36062
7.44697
1.71011
1.87394
6.21887
2.78545
6.72826
4.48287
1.06951
3.54677
6.93316
4.4564
2.19476
5.63617
4.68794
4.47425
4.11364
3.7643
1.18896
6.38152
4.61649
6.93046
4.11673
3.51375
4.35484
4.16169
6.19029
6.36222
6.66892
4.42514
6.46027
4.15833
4.42875
2.35756
4.43224
1.37975
2.56478
5.82947
4.84451
7.26992
4.71474
7.27097
4.94353
1.48452
5.47215
7.99636
1.30001
4.32613
7.79705
4.58499
4.21513
2.17912
6.57577
1.77683
4.38728
3.51459
4.46924
7.23967
8.04477
4.38522
1.06257
0.952967
1.90762
3.75528
6.11517
1.85179
7.12196
0.78039
0.796699
3.91546
6.83789
6.3149
6.46298
4.96796
4.47135
3.84717
3.71511
4.48168
1.19356
6.5521
1.2957
7.52957
5.70567
6.59553
6.61558
1.45675
4.36987
7.64358
4.17755
4.47569
1.59295
1.34014
6.36349
4.74731
1.89252
2.5216
7.04737
3.82163
7.41382
4.3424
3.94557
2.78602
4.73673
4.57801
7.28954
6.85412
3.94417
4.63083
4.7568
2.76547
6.93405
5.2999
4.61399
4.47047
4.7691
1.37989
5.03113
6.80714
4.34826
4.42516
4.51321
5.63906
4.41397
2.79723
4.37135
3.9746
4.62021
2.91272
5.23912
1.27821
1.639
2.33511
7.30948
1.33085
6.05377
3.8965
2.89104
1.56733
6.34627
1.94192
3.55292
1.33467
2.95636
3.68272
1.64846
4.20355
6.08599
5.76514
1.24137
4.05103
1.79058
7.1736
4.43918
4.53018
3.57818
1.39264
7.25046
5.86231
4.4528
4.54928
4.42448
4.46585
7.07871
0.813974
4.38349
4.48868
4.87908
7.58291
2.75752
4.42525
7.90605
0.949586
7.61082
4.33686
1.71727
3.43196
2.49337
1.84104
2.24392
4.02943
4.62602
4.618
3.66378
1.12166
1.48729
7.20522
5.71572
6.73774
2.48058
8.64101
1.51634
2.65076
4.41838
3.95475
5.28108
4.48929
4.43604
4.45478
6.93487
4.58301
5.53618
7.65478
7.21121
2.43801
4.46511
3.22246
1.22702
1.10395
2.79632
2.80815
3.66945
5.09206
7.03485
1.76595
4.88414
1.32649
3.44922
4.06611
2.2641
4.6081
4.23791
4.58295
0.840719
4.54606
2.01607
3.58139
4.59038
1.21411
4.39378
4.91876
1.92615
2.80918
3.76225
3.85987
4.58309
1.52465
4.5701
6.06305
6.63553
7.30519
2.82303
3.58714
1.29343
3.95238
1.39547
1.38144
1.40793
5.66937
4.54001
6.47085
3.78049
3.89867
6.0119
1.65961
4.72164
3.26536
4.5503
4.50913
1.12598
6.94193
7.96712
4.08282
7.15583
4.48689
7.98949
2.94996
1.88037
1.14822
7.58403
4.01457
4.45498
4.65341
4.5048
6.13979
1.08507
3.808
1.51367
1.99162
8.07792
4.33943
2.56407
4.53854
1.80449
1.56616
1.23015
4.37202
4.67415
4.41376
1.41018
2.51031
7.8236
1.28543
1.29409
4.53292
2.78747
2.67718
5.79524
4.61814
5.87168
4.15251
3.74287
0.233411
2.72944
0.276614
3.92689
3.83672
5.47933
4.16548
4.55271
3.8186
4.16639
4.51455
4.49085
3.5338
6.94219
5.09873
4.70583
3.9031
3.80576
3.61311
6.9988
1.267
6.172
5.04065
3.51971
5.04127
4.50425
4.77772
6.43656
4.5706
4.49156
1.90134
6.67412
1.11547
1.96397
4.32311
3.9583
4.29633
4.26902
5.78276
2.78685
7.43438
4.46961
1.41046
6.2204
7.36551
4.09627
4.37263
4.38362
1.38537
4.51471
6.0237
2.52646
0.358954
4.54424
1.45264
3.80645
3.92978
4.40127
7.81053
5.69888
1.22626
4.64476
4.54411
2.09538
4.83273
3.82277
2.4694
1.3896
4.13358
4.8903
4.18791
6.04746
6.85445
4.48825
4.52972
6.80644
7.69869
4.57852
7.80006
4.13314
4.65698
4.75049
2.18719
1.16037
1.61611
1.28191
5.9096
4.93449
4.0871
1.13855
5.2194
3.86649
4.08914
2.8532
2.49534
3.86052
3.93829
4.65328
3.55324
1.44601
4.5656
3.94956
6.98037
3.80129
1.94991
6.81461
3.59167
4.40851
1.45372
4.12445
6.01448
2.0242
7.4133
2.68763
1.25296
4.19239
5.3744
6.18891
1.27173
4.49798
6.86968
7.26728
5.24719
4.50286
2.40674
1.38984
1.65179
3.64876
4.44043
4.14033
4.42888
3.92143
1.03001
5.56058
4.98063
6.68086
4.36699
3.08515
4.73187
4.19385
7.48793
1.75926
3.50025
3.5994
1.19212
5.92703
4.27863
4.47396
7.05372
1.69233
3.80756
2.2381
8.01873
3.55005
3.77331
3.95052
8.00293
7.0991
2.10171
5.89451
7.74907
2.56069
6.65468
2.79379
4.20986
4.7879
6.11064
6.80278
7.55066
3.73506
2.66909
4.26813
3.66342
3.84601
1.28177
7.52858
1.83664
3.63817
1.89754
3.52987
4.81676
8.32922
4.1333
3.85748
3.96939
4.52841
5.37462
1.18103
1.31913
4.76494
4.81551
4.47656
8.07659
3.6636
6.16832
2.17723
6.22428
4.89862
3.87752
4.54768
4.52264
5.57232
2.83587
0.323332
2.1468
1.50859
1.33313
5.96019
5.85095
6.56577
5.47032
6.50844
7.6776
7.69352
3.63293
6.0657
4.72354
0.801417
1.37629
6.88283
5.99516
5.67122
7.22884
7.36996
1.27702
7.23086
2.81841
2.88975
4.78678
2.05893
1.64602
4.08406
3.65917
2.51303
3.8065
5.63016
3.80418
3.20208
4.7406
3.98025
1.60852
5.84114
0.6593
3.65421
7.67082
6.15616
4.62311
2.88939
2.09941
7.05383
2.08426
0.830999
4.38691
5.41054
3.75535
7.53114
4.93013
6.02701
6.8275
7.88567
2.80952
4.40276
6.82735
4.42258
1.38478
4.76464
5.42879
1.10753
2.9313
3.95355
1.97493
3.85383
6.46339
3.96469
3.65854
2.18719
4.06859
3.47352
3.56135
7.37731
5.5156
3.51252
3.49072
8.36252
5.95924
4.67464
2.45736
1.5605
5.72803
1.46417
4.22052
5.71026
5.7
4.97519
2.4575
7.70185
0.8777
3.84056
3.67346
7.93099
3.662
3.92874
4.62072
2.70163
0.992101
5.24086
2.32649
3.01687
3.63519
3.68659
1.73837
5.67003
4.43599
2.3639
2.43177
1.35216
5.46601
2.52234
3.77783
4.20513
3.21035
1.5105
5.07063
5.48578
3.5337
4.10556
7.63989
4.41225
5.09589
4.05338
6.80205
4.80627
6.31197
7.08003
3.89167
4.47029
7.21568
7.28597
3.83395
4.70379
5.03253
5.14967
4.50684
1.84482
5.59199
7.29584
0.909661
4.67766
4.32449
2.46358
1.36733
3.22014
4.49782
3.90622
3.87672
3.19309
7.19127
1.29231
4.56876
4.04436
4.56994
5.82117
3.57408
4.4587
5.71838
3.00647
2.58595
7.02788
4.47265
4.40819
3.92436
1.38153
4.38349
4.19079
4.80934
1.27835
5.2474
0.838875
4.80489
4.7771
1.33475
7.54828
2.45187
4.72136
6.5337
4.87448
4.6362
5.75244
4.25383
1.27901
1.20859
1.87307
6.83573
6.10679
6.08774
4.46399
6.19936
5.17109
3.56918
1.17445
3.49405
4.82049
4.57282
3.92132
4.5008
5.91195
2.50351
1.69631
1.18303
6.48536
5.15548
1.37073
0.936314
5.92496
4.65257
7.35304
8.05122
5.15962
1.28218
4.95895
6.14471
5.94445
8.2206
1.80667
2.80821
5.96966
3.56799
6.04393
5.25848
6.77556
5.05496
4.26032
6.96976
7.7024
5.18967
7.32707
4.56059
3.82219
3.04818
5.03136
5.27944
1.32991
6.60936
5.15861
6.69762
2.76388
3.75281
4.46335
6.97821
3.79199
8.16159
4.58377
5.0371
4.88712
4.5378
6.77068
7.47093
5.06775
3.64549
4.40035
3.89495
4.37141
4.46721
4.22503
2.65177
1.14427
5.09579
2.50025
6.26525
3.9611
1.56488
7.51591
4.53775
4.82879
4.5498
3.30131
4.61777
5.07793
2.27495
6.2559
5.1812
5.88531
6.94213
4.7483
7.24573
0.685768
1.28548
3.04828
4.58965
2.69371
4.76241
5.98342
1.50543
5.33324
2.81146
5.04996
3.47777
4.92691
1.51256
5.03449
6.20486
3.86038
4.21786
4.92354
4.95096
4.50945
4.95351
1.40178
1.80248
2.82941
3.19709
7.769
5.0245
4.56265
2.67651
1.27455
4.98529
7.29718
4.3828
7.29643
7.4122
4.40408
2.40998
1.42024
3.94153
4.43548
6.51483
4.61214
5.44717
4.82945
6.72843
5.40025
3.83955
4.05021
7.24842
3.37112
6.1431
7.72675
1.18375
8.03343
4.5716
4.14303
1.59679
4.61024
4.49031
2.83204
1.68539
6.82838
3.32256
5.42019
4.62634
7.26982
5.03626
1.31735
1.25555
3.74872
1.08925
7.66731
4.06856
1.35675
3.81481
6.24711
4.71821
4.39646
1.32336
4.88058
6.10611
4.58275
3.41433
4.24307
3.23378
1.50972
4.18351
7.34262
6.70082
1.2742
4.29922
5.88967
5.75303
1.18326
3.27343
4.47647
7.05511
1.14356
6.44271
4.9462
4.79624
4.43144
5.87318
7.86421
7.01305
1.79693
4.78311
6.78802
4.12738
3.29428
3.97891
2.47302
4.45122
4.45741
3.6374
4.47507
2.30837
1.79839
7.60923
4.82359
1.88269
4.54636
1.29389
7.22798
0.766765
7.68781
4.57139
2.76217
5.26087
4.60335
3.00626
7.00087
4.5552
6.99018
5.38404
5.08674
6.81495
2.60839
7.77338
4.52812
0.844185
6.9576
0.970471
1.55415
8.02812
4.09972
6.81645
7.92114
4.55407
6.50748
7.36172
7.36793
3.85504
5.85421
7.05625
0.615462
1.58424
4.42156
5.46214
4.66669
0.870495
1.69231
6.98642
5.45635
5.19465
7.97446
4.99009
1.30361
1.18097
1.57294
4.7777
5.29621
6.45361
4.68261
2.15975
7.18167
5.13759
4.50813
3.25143
4.98247
6.09924
1.18466
5.41647
1.67562
4.48532
7.30168
2.53604
4.62172
1.99882
1.66729
6.44298
4.24177
4.25105
1.03828
3.28211
4.75481
6.59041
4.72001
1.7194
5.42274
4.48314
2.46664
7.34181
5.99352
7.95909
5.38557
5.19241
4.49379
3.74551
3.7451
3.41861
1.14128
3.68637
5.24878
3.63726
1.79624
7.46719
7.30653
6.16507
3.92421
1.28656
5.52254
5.36886
5.92588
3.16544
6.82121
4.09502
4.75786
1.48904
5.19144
2.78685
4.77882
4.53033
2.8664
5.53247
1.95692
6.79417
3.57501
3.85384
3.2165
7.3583
2.01802
1.5586
1.38234
4.92844
0.853535
4.54327
4.58317
3.83925
4.55446
4.14919
1.39985
6.22278
4.46318
5.39455
4.84238
5.60893
3.87256
4.18178
4.38909
5.06222
1.46311
6.17237
4.69075
4.45472
5.42308
4.50134
4.30515
1.28021
2.16762
4.48152
5.46476
1.52408
1.54721
5.246
3.84083
4.54912
7.82091
2.61883
5.16769
4.63061
4.45277
3.82725
1.46745
5.22944
4.33573
5.43444
2.23201
5.51466
1.01731
4.50729
4.59394
4.1729
5.15524
5.1953
5.23165
4.39306
7.23604
5.43027
5.54951
4.52299
5.11741
1.39281
5.26152
3.75497
4.64865
1.31488
6.77444
4.85104
1.36693
7.30768
1.33849
6.5588
3.67797
7.04106
1.32804
1.73574
5.74855
4.4
8.77469
5.04712
4.55433
5.61158
1.77066
4.43626
4.80293
4.63252
1.3807
4.65572
6.69584
5.05715
4.53941
5.13354
1.45379
1.31882
3.99653
1.88799
5.48799
4.46272
5.27963
1.50401
4.5053
4.46624
4.10948
7.54809
3.76093
2.56321
4.15884
1.24482
1.30905
3.25404
2.42742
5.88021
6.16967
5.74822
6.36765
1.04441
7.09223
8.33051
4.22183
4.55015
7.40027
4.52158
4.69965
1.70251
4.64374
3.59876
4.6176
3.70275
2.34598
4.8556
2.75089
4.98797
7.04063
4.75699
4.25061
1.3421
4.50082
5.16665
4.45263
2.176
1.49943
0.914972
3.82565
2.14311
5.16818
6.33942
2.74943
2.85179
6.27312
3.96916
5.87034
6.62053
3.73885
4.77852
5.11653
4.45036
6.7895
4.40686
4.8666
4.287
5.66973
4.32526
7.95235
5.30847
4.23406
1.93016
0.250282
2.67975
3.61323
5.0704
3.40849
1.32859
6.10405
1.67955
0.193325
1.87902
1.4456
1.1922
7.06616
4.21141
1.45725
1.24583
0.962093
2.68166
5.46659
4.47083
0.896284
3.8143
1.43234
6.42007
2.16732
6.22587
1.27898
0.549045
5.94643
5.25042
6.14708
5.03828
3.8907
4.12795
4.59367
1.62808
3.8677
3.64462
1.61929
0.786291
4.52687
3.96079
5.64348
4.37886
4.6025
0.84307
4.19847
1.0187
3.55985
4.57094
4.60696
4.04342
4.11786
4.12538
2.83154
4.6671
4.58014
7.09233
4.00229
3.80725
3.23389
4.42826
5.31352
1.93494
0.921188
6.27102
4.47647
6.95389
3.18395
4.26356
7.73834
8.50901
3.75668
5.45016
1.25835
4.63696
2.82261
1.48517
2.42392
2.77265
5.71803
2.94301
4.50931
4.49289
3.46408
4.37998
4.5035
3.97142
4.75602
5.04239
4.94656
3.18251
0.914154
4.68457
1.1423
5.25352
5.44617
5.01902
2.02946
3.54979
1.09418
4.83751
3.78098
6.04908
6.32868
3.95817
1.41213
4.14394
2.81671
5.87498
6.00357
5.84467
6.0504
3.63849
4.53024
1.56168
4.05389
1.64674
3.73292
4.55871
4.16755
5.41134
5.57587
4.49111
3.81899
3.68849
6.72121
1.85001
1.40391
7.4517
5.58525
1.87631
7.41929
7.3751
0.950895
5.04258
1.40226
4.80741
5.1764
4.41011
3.92134
5.94423
5.85168
5.32244
5.14921
5.81198
5.42511
1.91473
7.54215
7.54138
7.31887
4.73002
4.46958
4.51367
5.38965
3.48533
3.77491
3.77758
1.05778
0.939248
2.41335
6.39353
2.75397
4.72995
3.03688
0.919787
4.02286
5.95664
4.41247
3.57859
3.9483
6.15039
3.82031
3.78946
3.94125
4.48157
1.75718
5.62408
3.48768
2.61292
3.64483
4.5591
7.15049
4.4378
7.11979
3.46549
4.11242
1.38997
1.40336
3.94038
4.31775
2.84797
1.32334
1.05147
1.87201
4.03916
1.51342
3.52706
4.50855
2.61432
4.58169
4.41962
3.78927
4.6343
6.41417
5.17996
6.23423
7.2929
4.59538
3.83871
6.4611
4.24521
4.65494
1.60603
1.17095
6.55993
3.84886
2.83677
1.88273
4.53362
5.36032
5.00473
5.05019
3.03749
4.62266
2.8569
2.42258
7.55387
2.19924
6.31336
1.40801
6.12819
2.35281
7.99558
3.8859
1.82212
1.98828
1.68282
2.61215
4.52496
1.11486
6.06921
4.51656
2.72245
5.73271
4.58248
6.73061
5.15004
5.44456
8.04886
3.92139
4.45425
6.23809
0.917765
2.75561
5.67973
4.75003
0.92826
0.882881
4.10973
3.73832
2.44354
5.5336
4.58126
5.82749
1.3475
1.1726
5.68962
1.78746
4.93276
5.07291
4.47487
7.28035
4.42022
1.17243
7.58125
7.05609
0.906416
5.04812
1.18781
4.57293
4.97319
3.9288
1.6699
3.39286
7.00699
7.60449
6.19834
4.40091
1.52637
4.41906
4.28269
1.36666
1.34571
5.84497
3.48141
4.10639
3.50155
4.34902
2.59465
4.99934
1.82537
4.3863
6.43197
2.65277
7.79737
5.27345
2.18534
1.18397
7.62429
4.91084
2.74595
4.55639
5.54785
1.68784
1.08086
4.57489
1.25506
2.73983
4.78967
4.68168
5.68713
4.27355
5.00512
3.81376
7.85657
4.60805
1.62822
4.15568
2.3928
4.38381
4.55741
1.50928
0.894499
5.24552
3.50657
5.67691
2.74796
2.51997
3.64981
5.25523
4.38726
3.63124
5.502
4.76238
3.79097
7.98806
5.0514
2.64594
4.51131
3.76891
7.05561
1.31986
6.14388
3.54583
2.40142
6.51436
4.52426
1.35317
7.22398
6.01643
7.18474
1.57387
4.42735
2.6615
4.55136
5.91167
4.42432
5.7638
3.65384
3.62654
2.25433
2.12984
6.42017
6.73247
7.71622
3.93188
1.90586
4.86257
1.36678
4.14115
2.93325
3.28955
1.92075
5.20766
4.32814
4.49702
5.79142
6.86586
1.14948
4.53738
4.56742
4.35485
1.62956
5.76147
1.28335
8.13332
5.30187
3.49682
4.99841
4.85889
3.21734
4.55443
5.93421
2.33852
5.6328
6.28877
1.48157
0.820334
5.71698
4.54391
5.34982
2.54719
5.53675
3.79501
1.21506
4.67385
4.54347
4.6878
4.31965
4.61342
6.96973
0.907096
1.67903
4.18343
4.49877
7.3554
4.3426
5.77333
4.35336
4.55008
5.79746
1.11033
5.21575
4.10308
6.74556
5.51336
0.873236
6.58723
7.05981
1.96961
4.10054
4.56812
7.46662
2.09125
4.94049
3.89706
3.65941
4.38642
5.71629
1.51502
1.24404
1.40566
4.36801
4.22723
4.21364
4.18719
2.53393
7.51593
4.52579
3.70689
4.54076
4.76195
5.26561
1.41585
6.48749
2.93413
2.16066
5.87196
2.39931
2.6742
4.41363
0.931429
4.69159
7.24136
5.9684
3.80732
7.18754
4.89377
4.60109
4.52155
4.53948
4.4368
6.09497
2.50657
1.6395
4.6442
4.41056
2.75218
5.64227
4.73709
3.61966
5.47672
1.46499
4.57396
6.50235
6.69985
3.35477
7.66058
6.9154
1.34234
2.05145
2.35514
4.86991
7.88107
6.90857
4.07821
3.91186
5.60217
5.09407
4.60685
5.39094
1.28973
7.5112
1.36939
6.61271
1.39086
4.5364
1.16686
6.7271
4.98738
3.9808
4.81445
2.10241
6.5779
6.71578
4.42227
2.57772
4.55853
4.9997
2.39222
4.5587
0.996596
5.86182
5.14185
4.34973
4.86643
6.75911
6.17638
1.44248
3.32273
3.57798
6.52995
2.36089
6.09517
5.97523
2.07832
1.18216
2.81633
3.5587
7.06519
2.51069
3.21146
2.26378
4.1556
2.8122
5.27718
4.06104
6.02279
4.55724
6.50855
5.15763
2.75202
1.05454
7.66695
3.07685
6.12847
3.47416
4.73711
5.2459
1.35805
5.10941
5.19226
6.28628
7.51743
7.50514
4.40044
5.27957
2.26752
4.41876
2.37095
6.03103
3.70766
3.57401
1.0474
3.94552
6.14254
4.65507
5.18651
5.90995
4.89013
0.99283
1.00832
4.55979
1.80114
5.50358
3.47803
5.06109
4.7336
3.80968
4.30242
6.2248
6.19891
3.75499
4.53526
2.06622
3.83009
4.47236
4.17407
2.67369
6.96695
7.52813
7.20991
7.1486
3.5458
3.9672
2.02193
6.61177
1.37757
2.82936
1.01288
5.73049
6.71622
6.10656
2.54848
6.65527
6.69173
5.68523
0.665374
3.91959
4.41293
1.38112
6.47548
4.56345
4.7588
5.3717
3.34404
3.76052
4.58701
4.56569
8.09535
1.61809
6.85872
4.37374
6.20371
1.39383
5.44124
4.55881
5.48751
6.95441
2.9424
1.60526
4.8077
4.80153
4.26035
4.34477
1.08078
2.48097
4.68754
1.21699
1.26925
4.57573
4.37278
5.41125
4.93519
6.03767
1.26053
6.35606
4.66313
4.62685
1.52402
3.53944
1.33228
4.59789
6.37409
0.585768
4.15393
4.43903
5.41738
4.48395
1.00168
6.00806
4.56533
4.79538
4.45425
2.46077
4.98983
2.72543
7.29235
4.53717
5.28558
8.4554
1.43293
3.57369
4.73013
4.74252
5.10172
3.61882
1.33177
6.17285
2.16327
4.42692
5.73781
0.647918
4.54557
4.18067
4.10233
4.92574
3.25887
5.53044
1.89116
6.27931
4.59124
2.81227
8.11633
4.46148
2.06521
4.57669
5.06146
1.7831
6.378
4.73794
4.65885
3.94422
5.80103
0.942681
3.82691
6.79934
4.68839
2.96378
1.13541
1.32905
4.57514
2.44298
5.87687
5.18212
2.83326
1.11687
1.28615
0.847423
4.52497
4.93737
4.54604
4.25041
4.85141
4.58556
3.7731
5.66359
2.16871
5.42967
6.27013
4.11744
4.66147
5.96222
1.17249
5.21995
1.42814
4.61147
4.86871
2.09003
2.74367
1.56466
5.11386
3.63672
4.84272
7.08301
2.77675
5.06982
5.42465
1.60164
5.03427
5.14284
1.77965
2.44996
6.06804
4.02166
6.67275
5.11747
1.43001
6.68552
5.15818
4.2298
1.69453
2.67528
6.30353
4.5214
2.20617
4.11954
3.77416
6.90228
2.45293
2.92499
1.39821
6.34623
7.9674
3.96188
4.46364
4.22883
1.46137
3.66668
2.37193
1.33927
3.93877
5.98299
1.15013
1.12783
5.80216
3.59376
6.00752
0.95334
1.10536
0.926807
4.56696
1.25612
4.49071
5.41627
5.16158
4.38762
1.32913
6.26263
3.30754
5.77372
1.72527
6.62198
2.76106
1.65505
4.59321
4.65003
4.35317
4.68166
3.78564
3.5874
3.69786
6.09424
2.26701
5.65945
5.32182
1.58517
5.73691
4.55086
1.41475
4.07479
7.30421
5.68151
4.67218
1.24201
6.91075
3.98181
5.2316
5.77983
5.14802
1.28295
1.10771
3.2008
5.79668
4.81842
1.38213
4.16054
6.40829
5.18387
4.26077
8.20724
8.20111
5.59313
2.64944
2.60034
5.91744
4.49804
4.39286
2.51421
4.57493
1.10975
4.09772
2.51662
5.57861
4.96305
1.40166
1.157
4.61218
5.62431
7.73759
7.7654
4.96177
2.64636
3.74047
1.03669
5.66422
4.42296
5.3276
4.73895
6.17532
7.51191
3.968
3.99605
4.48899
7.30731
5.05862
3.84193
1.46637
4.68058
4.9966
5.01826
5.30055
6.26157
2.93584
1.44289
1.06429
4.58324
1.37615
2.78992
3.66266
1.64041
6.69398
4.20491
5.87602
5.01691
6.17712
0.964798
6.29889
3.64964
7.77994
1.31637
5.28514
1.79066
1.72679
3.4805
4.57646
1.39147
4.97434
0.975455
4.57621
4.56781
4.41577
6.07226
1.20524
6.40641
3.68643
6.6646
4.24626
4.4227
2.07277
3.97273
4.56651
4.57611
5.13742
5.74806
4.48856
3.56317
4.53128
1.42563
5.03187
4.48059
3.50546
4.3833
4.49581
4.50626
3.53795
5.31963
3.92509
4.50616
4.41179
6.13855
5.90679
4.49462
1.9015
4.55517
5.84235
1.0774
2.77744
3.58097
4.49941
2.38072
4.11649
6.1092
4.05878
4.93629
6.36186
4.45543
4.38106
1.23133
1.39465
5.10639
4.56798
4.62038
4.84461
4.5142
6.3828
1.82199
4.97307
3.55542
4.773
4.52883
5.198
6.11201
4.58967
2.03219
3.60439
1.75676
4.57471
3.71796
2.77932
3.83155
3.83533
5.80859
4.42571
2.39138
5.43006
4.75797
2.0491
4.58945
6.14393
2.43963
1.8056
5.94492
4.53163
4.5694
6.87571
3.78202
4.54195
3.81953
4.52548
4.575
5.29738
4.06456
6.87344
1.42662
4.49472
4.40375
1.58967
4.48913
4.5607
5.80106
4.61038
4.89643
4.40873
4.46257
6.03274
1.86686
5.91052
6.31896
6.52958
4.92693
4.25109
2.58472
6.89628
4.06793
1.67026
5.58144
5.38187
1.9111
2.83053
1.29544
6.63256
6.46541
5.27374
3.63989
2.76302
5.5389
4.41271
2.49192
3.72407
6.4757
4.56006
3.94422
7.49747
6.63542
5.38059
5.48316
4.23315
2.07569
7.31093
3.80225
4.49588
4.50888
5.48508
5.6904
5.72547
1.48414
3.86118
2.74189
6.84909
3.57159
4.44737
7.20831
4.50272
5.48245
4.4487
6.86786
4.38914
4.56491
1.98247
4.4596
5.30329
4.50213
5.40027
4.38028
2.8237
1.41455
2.03888
1.9104
2.48672
3.99292
4.77654
7.50815
4.04744
1.45017
2.72321
6.43459
7.34828
3.74327
1.4847
6.32061
1.32864
4.45664
4.6955
5.82074
5.90128
1.71323
2.90714
2.64764
6.00259
3.93343
1.30084
4.54972
4.55124
1.12469
3.04983
5.9189
0.70534
6.93785
5.3495
3.77469
6.96576
5.55617
3.93963
5.53586
5.55978
5.03689
2.52206
3.91341
3.84346
4.43068
1.47378
4.73276
3.68536
1.03938
4.18573
4.52153
5.45069
4.19844
2.56886
3.83445
4.52632
5.20281
4.95584
6.45546
6.63138
3.14227
2.63696
3.45173
3.01725
5.67805
4.53085
7.86273
6.70746
5.63059
6.56331
4.55289
4.99908
4.46302
1.10454
6.54437
6.3776
7.04011
4.85547
5.79918
6.11476
4.52707
5.58366
8.04433
4.55352
4.55215
4.89973
1.43851
3.81478
1.95979
7.48876
4.48363
1.37104
1.30993
6.56835
0.588598
6.15624
5.66221
4.48835
4.01194
6.03465
7.18708
4.6361
4.5545
4.46992
4.49574
3.73941
1.03776
6.36523
1.39193
3.74422
1.41321
7.57483
4.557
5.97284
6.81298
1.03909
2.81705
4.46077
4.56238
4.59007
1.86092
3.02616
3.77554
5.09323
4.55854
1.76402
5.149
1.4255
4.64832
4.05896
4.29379
4.96672
1.60316
4.70866
7.01015
2.81832
4.32394
1.13235
1.84267
2.32045
5.1077
4.51578
4.95883
2.60474
4.57615
4.53454
5.66911
4.34686
2.46416
1.4046
5.11574
4.76891
4.45245
1.96529
5.48724
6.5201
1.63102
4.5706
4.01425
4.16321
4.62915
3.83121
3.65343
4.36787
1.25842
3.7249
7.65194
1.39353
0.928708
4.56787
7.15118
4.45331
2.88425
2.84308
2.87128
7.22151
1.37904
1.76677
6.89282
2.39283
4.26487
6.76727
4.20665
6.27933
5.44889
3.88308
4.29927
4.44042
5.85796
5.58511
3.80444
4.39686
5.63112
1.06142
2.54022
3.85887
5.04416
4.60407
7.2021
2.43612
1.45944
1.11491
4.57892
3.89868
1.44304
4.05963
6.55171
4.46944
5.07832
7.62581
4.64414
5.88675
4.83256
4.45307
4.80809
6.0821
4.10832
2.83722
1.45293
7.32959
6.4704
5.32509
2.58141
4.58115
4.5386
5.06326
7.97607
3.83743
1.33586
4.3195
4.52287
5.95124
4.44758
4.02327
2.22367
4.20088
4.65136
4.51755
3.4337
1.6898
1.19038
5.02935
5.39998
7.50771
1.34473
3.3502
3.2707
4.27157
8.47853
3.99162
4.40422
4.05202
4.56573
3.61665
5.05585
5.33031
4.39862
4.54662
6.1634
5.97939
4.45112
4.09301
2.86263
3.79692
1.72673
1.61047
2.46101
4.51311
1.88414
1.71652
3.62526
3.03492
1.99443
6.97481
3.91615
7.67349
4.58315
4.43627
2.7528
5.61078
4.75208
1.8296
4.60003
4.38471
2.10344
3.71997
6.66001
4.52982
4.56217
6.80773
4.80646
2.92413
0.674251
6.70936
4.47728
4.50377
6.64916
3.97443
6.80495
2.82543
4.24206
1.33682
1.89676
7.21432
1.80132
4.03212
6.90952
2.51861
4.46879
4.24177
1.46205
4.58138
3.93315
4.08044
3.02697
4.60635
4.52143
5.17179
6.50506
3.56776
5.06859
3.96446
3.70224
2.8464
3.50139
5.02485
4.71234
1.76595
2.02164
3.9848
2.11304
4.48962
4.87471
4.52675
7.3754
2.4906
7.38872
6.92107
0.793003
3.80609
2.79116
5.94629
1.39622
7.55987
4.73083
4.6787
4.2267
6.55762
5.54828
1.03164
5.07346
5.56827
7.739
7.2721
1.13076
3.55524
4.08168
5.6373
5.8823
1.37573
2.48307
4.1282
4.482
3.72457
3.77517
2.39611
6.53765
4.54329
2.884
6.2083
6.48726
3.56927
4.71645
1.98155
2.06388
4.88448
4.05553
3.85062
8.45229
4.38515
4.5906
4.57047
1.47678
1.34219
5.87172
5.90215
1.56351
1.25735
3.71643
4.57757
3.7236
4.44713
5.79562
1.44917
3.801
3.99839
4.50461
4.47549
4.6907
6.55027
5.91171
5.93099
5.73427
3.95513
4.34113
5.92489
3.49345
1.74797
4.58667
3.9692
2.25782
4.42772
6.29398
3.76402
4.61259
4.53886
1.45924
5.82522
3.48793
4.39393
6.0206
6.2314
5.36934
1.5021
4.58738
7.48928
7.05769
1.41705
4.62102
2.09263
7.14372
6.16303
2.82899
4.50874
4.98941
3.59088
4.18774
4.5851
4.50672
4.82026
2.01921
5.93806
3.98569
4.13827
2.78928
3.55317
5.63729
4.57242
5.39812
5.35663
1.84066
3.7855
4.46315
4.577
4.13913
6.75777
3.37016
1.25978
4.40571
5.80678
4.35775
5.80327
7.36661
6.04232
3.93776
6.58787
0.887861
4.52775
4.72916
4.49566
7.02202
6.14273
1.12319
7.93458
4.61691
1.19761
4.01145
4.5932
4.43831
6.49477
4.59679
4.62469
4.77619
6.24828
2.1686
3.69458
4.54622
3.65014
4.41348
6.18353
1.49781
6.41364
0.979718
4.6443
5.92138
5.77217
3.64894
6.13655
2.4972
4.44426
4.91558
4.7953
4.48862
3.96713
4.19164
1.55549
1.86989
6.33395
5.10602
6.50488
4.75431
4.15203
3.8094
6.00715
5.84458
4.588
1.49446
0.110495
4.3808
4.0052
1.3762
2.80935
4.38381
5.40907
4.45146
4.56852
4.50924
6.44496
4.26162
4.38495
1.34639
3.85834
4.18201
2.81245
5.01294
5.93846
6.59889
7.35324
3.95675
1.4349
2.28936
2.82196
4.55306
4.36656
6.55292
6.23674
1.41754
7.82925
5.17641
4.49954
6.71499
5.45741
1.44809
7.54958
4.7118
4.49632
4.73621
3.75496
7.79458
1.42493
6.42389
0.919865
5.19359
1.42149
4.61026
6.08027
4.53043
2.30865
3.54717
5.01038
3.88037
1.15455
1.26771
7.1701
4.43623
1.48284
3.65545
4.48648
4.48537
4.77313
2.73525
5.21575
1.07462
7.7661
3.67823
4.4473
1.97307
3.50721
1.49056
4.10258
3.56723
6.23933
4.55426
1.4855
1.38788
7.20548
2.9285
4.85119
2.0173
6.90871
4.45947
4.7872
3.60806
1.50978
4.52305
4.61952
1.72288
5.55314
5.86878
4.37606
6.62146
6.41779
1.14478
2.81058
7.56495
5.52952
1.47277
6.9035
5.94524
1.41594
2.20344
4.6046
2.5803
2.55063
1.709
2.75275
7.49412
5.13917
4.60459
1.91795
0.184795
4.92504
6.61769
4.5208
4.6224
3.73194
4.90224
4.62408
2.92366
1.80201
3.86402
1.19245
2.19041
7.2384
4.31284
6.83183
5.0538
3.91687
6.21743
3.92063
4.52773
6.59429
4.98315
2.3997
6.61923
4.81197
3.7707
4.14443
1.1216
6.28142
4.99337
5.13682
4.57888
7.27496
4.15249
6.72307
4.68519
4.44321
2.6527
4.39815
4.50472
1.53734
4.54193
4.86984
2.09377
1.15002
2.72966
4.52325
1.57026
2.07211
4.53193
3.93727
1.88762
1.51525
7.69355
7.52634
4.0706
4.94625
4.26474
3.65848
1.70486
4.50278
1.3919
6.05003
4.37177
4.57983
3.81184
4.6216
1.77478
4.79738
5.91212
4.48657
7.20841
6.67813
1.50319
4.55623
1.81843
6.08107
3.69103
3.52712
2.80524
2.43424
0.833363
1.38105
3.66719
4.23184
4.36682
1.21326
5.44328
3.92725
3.84502
1.33374
1.92038
2.89629
4.84662
4.43262
4.60117
2.38848
0.516
6.87284
4.7069
2.23684
3.99931
4.35486
7.16327
4.43569
4.98835
4.75239
2.55754
4.47113
4.73538
0.999229
6.51077
1.3561
2.16077
6.2111
4.90706
3.7349
4.3327
6.38837
4.5742
1.09368
4.66014
4.50226
3.64849
4.69511
7.93364
2.07423
4.4297
4.82517
4.44004
4.36472
4.90708
4.60889
3.83838
2.40566
4.45027
4.44744
4.444
5.03559
1.50888
7.7068
4.26853
7.18447
1.5315
4.34549
2.02624
3.85649
4.4503
7.04989
7.21021
1.01824
4.44063
3.74453
2.91913
4.10457
4.37744
4.437
3.60295
4.0073
4.24251
6.09994
8.25675
4.58681
4.58424
4.30845
4.43644
2.76775
4.61084
4.41827
3.28891
4.37323
3.91966
4.19297
4.58242
3.54911
1.18092
4.17994
4.62789
1.4702
1.68711
4.60607
3.7665
7.43954
4.2338
6.52004
1.76825
2.13824
4.17372
5.49575
4.59374
5.89758
4.58358
4.78323
4.51124
4.77647
6.67839
6.52904
5.05584
1.49605
4.44517
2.34754
3.74833
4.16481
4.53374
4.37605
2.81718
7.22703
2.00136
4.45202
4.87645
6.35377
1.50256
4.51846
1.08439
4.60622
2.80202
4.54974
4.4205
4.62022
4.39803
4.14799
4.11368
4.70777
7.74722
2.7839
5.9752
4.60164
3.93422
3.99462
7.32316
0.686175
3.55354
1.86476
6.75846
2.23454
6.49964
5.04628
7.92375
4.30169
4.36219
2.38325
4.61122
4.5678
3.88573
4.52926
7.83407
1.47513
4.49971
4.28251
1.51155
4.57646
1.88512
4.60083
4.32194
3.66433
3.82053
4.65542
4.24135
4.48493
4.65707
4.24853
1.08834
7.1908
1.88766
5.94648
2.45222
3.55234
1.66686
6.28577
5.83291
3.48394
3.94773
1.54664
4.40374
1.01588
1.38908
4.95415
4.43619
3.2556
1.58087
1.44857
4.2103
4.4426
4.47145
4.57646
6.05961
7.25046
1.50411
7.25369
4.59158
3.46247
3.47742
1.89323
6.58536
1.17276
4.25556
1.7928
1.52556
1.29074
4.6762
4.06955
4.84688
1.3691
4.98157
4.37849
2.82576
4.56437
1.52304
4.62227
5.00798
3.9763
3.50829
2.01884
7.12432
4.13279
6.43096
2.80528
2.37122
1.39742
4.0077
4.5968
2.31161
3.89945
6.8993
7.68532
6.78042
2.50188
4.01407
5.20575
1.31984
4.45121
4.68828
5.10126
4.43502
3.47515
4.27096
4.39966
5.10046
7.01061
4.40631
4.49925
5.001
4.62225
4.38881
5.88855
4.49351
4.97892
2.6799
8.59063
0.844838
4.23052
3.5082
3.94049
4.00023
2.80636
4.4401
7.5257
2.02162
4.34625
4.193
4.17096
3.72733
3.94691
8.10611
4.19161
4.27877
6.40983
4.33918
6.96212
5.00681
6.86294
7.79997
3.77857
4.3824
4.6055
2.76633
3.94222
6.17581
1.13307
4.24467
4.53319
6.48877
2.75634
7.99792
6.62319
5.20764
1.19468
4.07715
4.50489
2.76011
4.38394
1.45622
4.38858
5.76499
4.57895
6.58524
4.0525
3.78847
6.35997
4.60583
4.0539
1.48072
3.88252
4.50301
6.42376
3.71104
1.54758
1.38483
2.12923
4.57323
4.00825
4.07778
4.57243
2.06646
6.08533
7.18328
6.73498
4.25322
4.46845
2.2393
4.36862
7.19267
1.40888
1.1742
7.27842
1.79407
7.22262
4.56746
4.61323
4.53166
4.57767
1.91335
4.21157
1.89437
1.40981
8.09131
5.81273
3.94045
7.30545
1.50107
3.1937
2.06077
4.42654
3.79395
3.91751
5.49434
4.26627
6.86358
4.25134
3.54997
4.624
2.92286
4.4926
1.84707
4.58046
4.06627
6.5947
1.37032
3.84652
4.49421
4.68595
6.69022
4.45806
6.44114
2.79139
2.94507
7.35867
4.55264
4.43949
4.56102
4.56369
2.66955
4.60617
1.97088
6.42457
1.24777
2.09253
4.51443
4.65619
2.46089
1.5284
4.33305
4.52605
3.72737
4.35068
4.59241
1.96917
3.77715
1.35516
1.98946
4.46593
4.5611
1.33555
4.6102
3.54198
4.21739
4.28936
4.81089
4.64089
1.51924
6.21295
4.05608
1.57149
4.48073
4.46036
3.92148
2.39756
4.31907
2.45421
1.66126
3.57416
4.32123
2.82559
4.41342
7.34019
1.53304
4.5008
4.04764
2.83259
3.1644
1.53186
4.46732
3.64739
1.07277
1.91281
4.56286
4.16038
2.12047
4.64973
3.61768
6.82619
6.45656
6.73191
6.84834
6.91978
4.43183
3.89419
7.25706
6.74085
4.57373
4.05974
2.80856
4.06171
4.4832
4.79092
2.12169
4.09113
6.43166
4.81799
4.45812
3.6268
3.05561
6.08481
4.68635
3.94198
6.64057
3.19383
4.47361
3.56748
3.06027
1.85805
1.40072
4.49649
1.49429
4.50858
3.91314
5.0744
4.80467
4.32117
4.39983
7.46565
4.11685
4.50205
6.3108
1.5518
5.09617
3.58296
1.29068
4.14791
2.38782
4.0173
8.15397
4.57204
3.65787
4.80435
4.96088
4.4524
1.53237
4.52962
4.48436
3.83822
5.2669
4.06304
6.21949
1.18352
4.4861
4.2309
3.60905
4.56293
4.02669
3.49862
4.59496
4.58235
4.15705
1.78947
4.44839
6.96877
2.8015
1.50505
1.55646
1.663
4.81706
5.8015
4.05359
4.30468
4.04475
2.31246
3.83508
3.75533
4.37934
1.0469
5.01483
4.33766
4.3485
1.44952
4.4695
1.05217
2.15472
6.14413
4.58494
5.85397
3.50155
4.28491
4.42469
6.7733
5.07151
6.20077
7.03683
4.07802
4.45486
1.50774
2.92596
3.58256
2.12967
3.30197
3.98818
1.71701
2.89527
6.05596
4.50207
4.59207
2.7879
4.59662
4.52089
4.50915
1.42334
1.5916
1.50424
4.11227
2.19346
3.25641
3.19875
4.57002
2.51095
3.86079
4.06955
3.99826
3.75932
6.75574
4.60967
4.04314
4.40549
4.03172
6.04163
6.88575
3.6273
1.54758
3.63033
4.78782
4.4803
3.8845
4.39205
1.89062
3.91282
4.41404
4.31659
4.486
3.81792
7.76072
6.33477
4.49237
5.37542
1.80153
4.08765
4.47711
5.46439
5.43846
4.47502
2.39276
1.25858
8.14577
6.45934
6.09538
4.00076
4.37923
2.40388
3.97375
1.26201
1.65089
4.47167
4.20469
3.64949
4.46432
7.41856
1.4775
2.76158
4.549
3.45676
4.48061
2.56254
4.05865
4.31096
4.49141
4.55881
7.53206
4.39729
5.32098
2.40038
1.45929
2.73778
4.39548
0.919774
4.5975
1.57585
3.66953
4.43583
5.78219
4.49971
5.32194
2.01305
5.59611
4.57169
1.55451
6.53814
4.39654
4.67103
7.64667
7.53789
6.56165
4.08689
1.30533
4.43431
1.60614
2.1823
4.50833
4.15686
3.7951
4.39252
3.52539
6.97724
2.79905
4.26685
6.73822
6.23463
1.52522
4.51687
4.3224
2.48122
4.39077
4.59919
0.645414
0.855508
4.47026
4.54104
4.5727
4.37302
1.08933
6.51637
4.60269
4.61258
4.17869
1.17963
5.88978
4.47743
3.41604
6.08449
4.39347
4.43706
3.71357
3.84404
5.36787
4.90284
4.04792
0.774454
0.911078
3.7926
3.77854
2.05522
1.50337
3.75565
2.18211
4.47947
4.25367
1.1821
6.33971
4.49581
1.54991
2.51108
1.59626
1.54201
4.42451
4.17279
4.3781
4.35947
1.5148
3.57517
6.36539
4.45279
3.73815
1.10051
5.12189
4.5501
3.69485
1.56879
6.18953
4.1301
2.43419
4.55084
4.17796
2.59681
3.92829
6.66683
3.69519
4.42243
4.54059
4.40039
4.62443
4.65864
2.15007
4.4358
4.57515
1.78108
4.12399
7.71356
4.52284
1.2227
6.42602
2.38076
4.18354
1.16175
4.50079
1.43252
1.23619
7.18256
3.8478
4.04667
2.81035
4.79822
4.38875
1.12353
6.01886
7.3261
1.05029
7.35623
4.33481
7.27943
2.82784
3.6937
4.46599
2.61487
1.47187
2.90944
3.74191
4.94627
1.98565
3.64992
4.45806
5.91138
1.20398
4.23233
6.8877
4.02185
6.4533
4.46658
4.5708
4.47539
4.57064
4.47431
4.20718
4.03763
2.45106
4.33581
4.44855
2.67397
1.59764
4.48572
3.97546
2.43454
4.03472
6.70951
4.39132
3.94296
5.03108
2.45343
4.06748
4.60721
3.69214
4.52655
4.75951
4.43558
2.30848
5.40417
7.14053
6.38879
6.14133
4.3233
4.44311
6.06653
1.19166
4.1034
6.80028
7.7888
4.79888
3.75231
4.37563
6.70935
4.25088
4.18016
1.15116
1.43843
4.16011
4.60679
4.84671
3.75531
5.34827
1.82253
1.68432
0.878776
4.08763
1.46608
4.82288
6.34621
4.3379
3.81226
4.27782
2.80748
4.49097
1.17079
2.52978
4.58616
4.12741
4.185
2.89224
3.94124
4.11485
3.93844
3.57895
6.90948
4.73528
2.67382
1.81779
5.24135
3.58931
1.39972
4.72673
4.03432
1.64299
1.5196
4.39025
4.56828
4.41423
4.13176
6.44536
1.75485
3.72869
6.34309
6.25955
4.53825
4.56575
4.06356
1.8947
1.39714
2.83766
1.0661
3.71396
1.23383
3.55988
4.21186
6.38416
4.53012
5.62491
3.72441
3.37757
1.35969
5.2079
1.8055
4.13624
5.70045
5.73839
3.5714
3.73512
4.16
7.74769
4.53134
1.38195
2.89966
6.79592
3.93081
2.056
3.61598
3.88307
3.61174
4.03596
2.58278
3.50321
0.756931
2.7728
3.69154
4.04885
6.80519
2.16909
6.7687
4.37532
6.96277
1.43559
3.8577
1.18599
6.76939
4.4543
4.46928
2.83036
4.69188
4.73793
4.35231
4.09383
1.79671
4.04139
3.40543
2.50887
4.8751
4.32559
1.85324
7.82124
1.50685
4.93092
4.50064
1.57696
1.83462
1.56468
4.32753
6.75594
4.38116
3.94017
6.379
4.94296
2.80085
1.54896
6.21807
1.12656
2.11002
1.92276
1.56926
2.57933
4.32935
4.45152
4.37336
4.33592
4.3753
1.81092
5.89868
3.70565
4.02166
3.64275
4.14286
1.64295
6.7675
4.77947
1.49859
2.36154
8.11583
2.87148
4.14266
4.79494
4.00135
2.86562
4.47328
4.48572
4.5261
4.83662
5.52671
3.66245
3.09383
4.78625
3.64038
4.006
1.20445
3.4597
3.96698
7.16307
3.81148
3.9044
4.45462
7.87834
3.87836
3.875
4.48046
5.26588
5.92825
4.60286
4.01249
5.04945
3.98572
6.40577
3.65626
1.1288
5.54902
4.45059
3.97244
4.28231
6.86194
2.42674
3.13336
1.79591
3.89977
1.02791
4.98923
4.38465
4.49993
6.27922
4.57997
1.59034
4.65272
3.33063
4.45686
1.47267
1.70184
7.50539
5.87108
3.50401
2.4083
5.86559
4.48274
4.55174
4.63046
6.95632
2.3579
2.37592
3.82426
3.71363
0.885684
1.8326
4.5405
4.54064
4.45216
2.84438
4.021
2.47001
6.93755
5.56862
1.54662
2.02308
5.32323
5.18469
3.95567
4.31328
1.15476
4.43766
1.42235
4.62031
4.47582
6.56157
1.16354
8.00674
1.85609
4.4967
4.55218
4.41958
3.78255
1.62057
5.34868
4.55778
1.80829
3.63913
1.47388
1.09672
4.52637
4.7715
7.42355
3.41515
3.8447
6.98092
1.53503
2.34297
5.05647
4.63562
2.57247
5.27518
6.2773
2.34099
4.47502
4.55548
4.56399
6.85949
4.48429
3.97647
4.61105
7.19466
3.70377
3.9941
5.67142
4.56915
4.88441
5.50095
4.44954
3.72263
1.64226
4.08898
4.56216
0.559071
6.3629
4.63242
1.18377
3.7857
3.66481
2.76669
3.73597
4.52405
6.17836
4.60154
4.46847
1.59944
6.80285
4.26716
2.45462
1.79236
2.56223
1.16944
4.53086
1.38075
1.14389
3.98254
4.28228
1.89736
3.77651
4.603
3.80265
1.0021
4.60864
4.02823
4.18498
6.23491
2.76689
4.34301
4.35783
2.82332
1.47497
4.01373
3.85917
3.99607
1.5909
1.58709
4.65415
3.92611
4.21926
5.7915
4.48304
4.47142
7.30917
3.62215
2.87162
1.53342
2.43375
4.06496
4.4657
1.75889
3.77545
3.73187
4.57775
2.33507
4.46698
7.57731
5.06743
2.10152
2.75463
1.13546
4.63036
4.56204
1.11035
0.445788
1.0437
3.90524
3.63524
6.5041
6.86343
1.17119
4.6364
4.48379
4.10202
3.83956
4.53831
8.11527
1.93063
5.39047
6.73837
4.59306
2.18817
4.55852
2.91354
2.78753
1.57117
3.55045
6.17757
4.78767
1.49058
1.05385
3.14752
4.58167
3.73639
4.4448
4.21187
7.15374
2.80888
3.47917
1.48886
4.38944
4.52804
4.41526
1.01965
1.55302
4.22394
3.90606
2.04545
3.92941
4.25758
5.42506
4.17711
6.61257
1.54644
4.29837
5.24831
6.17263
4.45864
4.11018
4.23133
4.63508
3.48059
4.50896
3.8306
3.96998
4.61351
4.60849
4.57263
6.63881
4.35402
5.12925
4.43672
1.89293
3.91584
5.97297
4.16728
4.47431
4.29552
3.29254
1.18133
4.5468
5.21589
2.91573
4.35906
2.82824
1.79669
2.83554
5.84664
3.83567
2.70862
1.00667
4.45703
7.25058
4.41615
2.63337
4.45247
5.2929
5.17722
0.97531
5.25549
4.23803
1.28113
4.54435
1.24662
5.32131
6.22398
4.49224
7.45109
3.81837
3.30598
6.92483
6.3513
3.98044
4.38782
5.71321
2.10017
2.83063
5.05683
2.66636
6.44531
3.82966
3.93953
4.44222
1.49451
2.11011
7.21123
2.55664
4.29314
2.34456
1.09901
0.988716
5.18461
6.01634
5.60524
4.57547
4.43138
1.5685
4.49483
1.40386
3.84948
3.67729
2.84324
2.22092
2.8928
1.84619
5.68655
3.87059
3.51942
4.62178
5.52803
1.51955
5.30309
6.27227
4.78816
4.58628
3.15595
1.35608
3.87984
4.54055
7.87501
1.61702
3.9204
4.28213
2.8288
4.12414
6.96149
3.6293
1.5359
5.28141
4.25859
3.74371
2.00989
4.48011
1.46071
4.41989
4.45719
3.82154
4.49544
1.20334
1.33139
7.77873
4.47096
2.01571
4.2142
1.54655
4.19313
4.43062
4.96308
1.38407
3.95085
1.78603
4.40431
3.91106
4.59622
4.56771
5.77615
4.32566
7.76135
1.05944
7.34214
1.6127
4.5743
2.37564
4.26539
4.47095
7.21129
1.60949
2.54098
4.08489
1.60294
6.6415
1.58789
0.861539
3.87164
4.28405
1.10578
4.47801
6.44435
5.15224
3.95614
4.40135
4.54671
1.67545
1.82169
4.21712
2.40443
4.24457
4.95448
4.60917
4.54683
4.59379
7.58623
3.48821
0.899711
4.32877
4.36429
1.62178
1.72712
3.98924
5.90344
4.33288
4.50226
2.62518
1.30146
2.67783
4.70543
5.31547
1.97626
6.36867
4.56135
1.976
3.6595
4.4506
4.43174
1.97105
3.52627
5.18394
4.5397
3.50291
5.8783
4.57213
6.12088
3.59627
4.38253
2.3981
5.41198
1.38797
7.37756
7.07494
4.45767
6.72948
3.83542
2.54996
4.08768
1.11323
1.23553
2.42395
4.61714
1.96122
3.82546
3.62902
7.15412
3.30191
7.89305
3.29587
3.92153
4.82123
5.86046
3.34223
2.30483
4.58641
4.56805
4.51271
7.23922
6.32989
2.08732
1.42281
2.29114
5.18757
1.46349
5.02851
4.40868
7.21666
1.54028
5.34678
4.63043
4.43427
3.84172
1.78027
4.94506
4.50213
2.51741
4.67691
1.49315
3.83214
4.57133
4.07526
3.49023
1.46726
5.35116
3.94042
1.48261
1.16423
5.38937
2.81778
3.69124
3.5964
4.1451
4.45144
3.6837
5.45258
4.05278
4.16747
4.01664
0.94122
4.33469
5.37475
2.31951
4.46829
1.36289
4.73934
4.40977
4.38896
2.47679
3.64311
1.88656
4.44769
3.46635
4.06224
4.04152
4.12377
4.27014
4.06901
1.10097
7.74621
2.39
1.37355
5.85387
5.48568
1.40808
4.64917
4.52638
5.75645
1.51549
4.47703
1.36931
2.83008
3.60825
4.84833
4.46695
5.57667
3.7242
6.25294
5.99951
3.50646
3.92921
6.91886
1.17331
1.65213
3.99775
2.52785
3.88068
4.67085
1.25326
1.80063
4.63119
4.40519
3.97305
5.92571
4.49005
5.64223
4.09927
1.26097
5.41602
2.29855
1.85976
3.54919
6.88118
1.69382
4.54384
4.5189
4.4378
5.42663
4.19311
3.89042
1.66042
6.35362
3.26674
3.68724
4.14742
1.59231
1.64394
5.80899
2.84124
4.5239
1.66405
5.85107
4.19813
1.87351
1.77168
3.62492
4.77264
2.40528
4.48412
1.15734
1.63172
6.84979
5.22857
3.99849
4.26452
5.25304
4.44794
2.64043
3.82416
3.51562
2.60684
3.63077
4.07754
4.43214
2.58132
3.47907
4.16604
4.17848
4.47577
3.50641
1.5493
4.29354
4.3959
1.43274
2.90602
4.42378
3.72554
6.38168
4.54605
4.52948
2.86924
2.85397
3.93572
2.48778
2.08734
4.24116
1.46965
4.43458
6.70321
1.71402
1.82664
4.62459
2.79648
3.74584
4.8697
3.63154
4.15139
1.4256
3.5178
4.27436
1.53406
4.73016
4.57243
3.9463
2.83077
4.36182
1.70076
1.84902
2.07335
1.6345
4.51866
4.42593
3.95671
5.22213
6.90412
4.06713
6.84258
1.35726
3.79183
6.46851
3.79215
1.50303
6.60901
4.84691
4.51345
4.56886
4.50752
4.66198
4.53849
4.53416
2.45293
5.62619
1.12641
2.77277
6.79485
3.93473
1.28581
6.0618
6.15611
3.94271
5.58331
3.24245
1.37124
1.81117
3.93151
4.62576
3.83776
5.88744
3.75109
4.39928
2.01348
4.0854
4.57669
6.36646
3.99995
4.21364
3.1527
2.45074
2.48391
3.6269
3.69802
4.51078
1.93234
4.09605
4.70896
2.6459
2.95024
3.74644
1.01798
4.40749
2.28828
4.44907
7.27341
4.56334
6.79532
4.10619
2.53424
4.78909
3.24067
4.83599
3.79708
4.13009
4.32703
4.57335
4.67927
1.24437
4.20398
1.49599
2.18528
1.18035
3.65554
4.73817
4.38201
5.12613
4.53396
2.91178
2.51755
3.70585
7.28197
3.60527
1.22424
3.83186
4.57336
6.89496
5.45888
3.59162
7.75138
4.43278
3.53794
1.63854
3.88437
7.28309
2.25158
4.61532
6.87402
4.44128
4.48553
4.75817
1.13854
5.03023
4.20065
4.63173
5.47172
4.43718
4.35421
1.35374
1.19288
3.77521
2.25774
2.99574
3.5744
4.36223
3.03454
4.07349
6.70871
5.82703
4.45371
4.55356
4.01393
4.51856
1.38883
1.14585
4.37237
3.91913
1.50514
2.05538
1.16466
4.17729
4.64173
4.11168
3.78249
2.28518
4.59511
6.42092
4.03543
4.58857
1.01698
2.57966
7.73092
4.57564
5.36808
4.53969
5.67421
4.34768
1.54348
1.51903
3.73261
3.60197
3.12979
2.91394
5.55888
5.53881
3.81611
5.99025
3.91038
4.42161
2.14557
3.60141
4.73187
1.81756
3.91931
4.5754
4.08652
3.88899
2.81334
4.76496
1.83449
4.89347
6.9037
1.59194
6.75413
5.86713
6.65965
4.5279
4.09745
6.19905
4.70804
4.60707
4.57733
3.56177
5.37027
5.39831
5.70037
5.66626
2.61094
3.87429
3.60083
3.60631
4.21095
1.35645
2.86713
1.65377
3.58129
4.07067
3.62182
2.74886
5.28971
7.33245
7.32212
4.53897
2.17206
3.77257
4.40242
4.10105
4.55507
3.76762
3.79103
4.58042
2.28496
1.69151
2.66367
3.83921
6.92661
4.2435
4.52049
5.24969
5.19624
5.88466
5.89444
6.52171
5.86188
4.48983
1.47795
3.79722
4.50373
4.27575
4.18179
7.12884
1.50513
7.4848
4.11798
2.57405
6.96818
1.48311
1.96509
3.82031
5.06858
3.56259
4.5732
3.87865
3.9497
4.45634
5.95155
4.20964
4.36377
4.14033
1.87086
1.86183
1.53772
1.66591
4.50949
3.91584
1.65917
4.15457
4.20082
3.61176
1.17528
4.54086
3.55936
1.44706
1.78287
2.12136
4.26651
4.5254
1.39517
4.26662
3.61665
4.1513
2.42499
1.58234
4.25774
2.83618
4.13328
4.41162
1.54052
4.42197
4.33523
1.52349
1.21222
3.51908
2.00747
5.01229
3.96485
0.962019
4.08249
5.82941
4.46267
4.41708
1.37855
1.63975
1.61347
1.51137
5.08238
5.12125
6.05359
6.02646
2.77714
1.78072
2.66052
5.32306
1.36075
4.39355
1.59808
3.68918
1.61798
4.48026
1.13783
7.58626
4.52916
7.24213
5.62354
1.88114
4.44942
1.84615
4.50082
4.42164
5.23754
4.58714
2.11843
2.8481
5.59745
6.6207
4.11049
3.69322
6.11566
7.28792
4.47342
4.51619
3.73785
2.72724
3.73484
4.68819
4.13813
4.38814
3.66043
2.65202
1.6409
5.06428
1.57604
4.40196
4.54492
3.08295
5.12611
2.21433
1.15281
4.08854
4.9637
5.72031
4.3972
3.95337
3.88921
3.6309
4.56924
3.07093
3.9692
4.59656
3.81484
1.23162
3.74387
4.41381
1.97342
1.64081
2.45365
4.51022
7.03675
5.75413
3.60108
4.17151
1.95738
2.50181
7.98503
3.99515
1.85982
4.44384
4.21806
3.27283
2.36366
4.02405
1.44091
4.96297
5.00069
6.22412
6.20069
1.35586
8.08097
4.06257
4.25107
6.30857
4.27253
1.05333
5.23743
4.52801
4.13377
4.60447
4.44968
3.63123
6.48394
2.1299
3.64248
3.51301
5.7787
2.48954
4.83085
3.65473
6.98543
2.31846
4.47183
1.62603
1.42245
2.27683
4.17339
1.60081
1.67438
1.27282
1.38626
4.22893
1.02029
6.92592
3.9555
3.63089
1.68763
4.54777
1.67563
2.05415
7.94874
1.17169
2.88093
5.39845
3.0713
4.46281
3.53894
5.66798
1.15947
4.0739
3.57105
3.81961
6.73961
3.71508
4.59101
1.27956
1.6864
5.8307
3.52481
3.63072
1.25862
1.27541
4.57182
6.61669
4.5895
4.11693
4.10551
1.78822
6.28163
4.54919
1.09889
4.9343
1.54456
4.65275
2.77837
4.3932
5.50507
3.85647
4.30969
3.96848
5.76556
5.00772
1.31329
4.56101
1.65516
1.4796
1.27664
3.90008
6.37329
4.38051
3.51099
4.0729
0.98975
3.84031
6.78472
2.83217
4.07042
3.57005
4.0337
1.85135
4.70182
4.89844
4.86035
6.37199
6.4031
3.8275
3.44125
4.4773
4.19343
4.35388
1.35324
6.80281
3.98332
1.43563
1.6265
3.83524
3.85751
3.81984
4.36318
4.08798
3.83843
1.38574
4.14851
2.04284
2.16834
0.347232
6.47822
1.22454
1.18371
2.14622
2.52232
4.33486
1.69225
6.20241
3.73653
4.02294
4.07045
3.93116
4.13888
4.41181
4.3466
5.27593
4.21569
4.36572
4.2156
4.42145
4.54525
4.47099
3.91563
3.53004
2.25433
6.8797
2.82323
1.49525
5.14527
3.68689
3.88716
4.5399
4.11051
1.31079
2.62071
2.25785
3.51638
4.03657
3.51965
1.44698
4.38237
4.471
2.77827
5.05388
4.45529
4.33511
1.03199
1.04216
2.35375
1.39302
1.10817
3.5271
3.92584
6.76336
2.83419
4.28695
4.3751
4.51868
4.4611
2.73791
4.27574
4.31431
3.54601
6.98208
4.46145
4.46683
4.41873
3.58613
4.55994
1.29274
1.81836
3.8287
3.83245
1.25047
4.02316
3.62855
4.49264
1.55968
4.45435
5.81263
4.63521
6.77824
3.88478
3.55441
3.70601
5.89192
1.57715
4.13629
4.62714
3.62373
4.39316
6.52762
4.56811
1.26641
3.54094
3.23907
4.67807
2.66623
1.591
2.24077
2.06827
1.63446
4.32659
4.41737
3.50053
3.82898
5.62036
3.49945
1.51663
4.53048
4.76122
4.80666
6.53201
6.57214
1.3784
3.49879
3.63187
3.95219
4.26021
6.70974
3.94252
1.20319
2.42381
4.40701
4.21427
4.4586
4.52341
3.87647
4.19057
7.01695
1.95526
1.40437
3.67316
4.47719
2.24912
1.78609
3.40999
2.30596
3.89125
5.03313
4.43306
4.64237
5.91615
1.50122
3.50689
5.50135
2.17636
2.58069
1.80347
3.73476
1.56194
3.90087
1.69516
7.09711
3.0905
5.47054
1.5359
4.50411
4.13955
2.13874
5.61747
7.09699
4.18528
4.7403
6.61715
3.56165
5.04835
4.57062
1.74165
6.74728
3.52506
2.53237
2.92276
6.41969
1.69738
4.5812
2.30583
3.81625
3.63644
3.92171
4.36712
2.44093
3.55866
7.79091
5.83662
6.93389
6.12081
7.76193
4.47026
2.78507
1.37357
3.49638
3.90159
4.62427
3.9165
1.53762
4.50886
3.51539
4.28862
3.81681
4.22065
6.54162
6.58196
2.4052
2.81776
3.51124
6.21515
3.98055
2.75299
6.79134
2.71468
4.34574
5.29472
5.55188
4.28485
1.67682
4.37153
3.88365
3.80258
2.86284
7.0608
3.77417
4.46938
6.8696
7.61288
7.54621
4.58505
1.67784
3.91124
3.65212
3.66674
4.22184
3.99602
4.1981
8.0518
4.089
3.07615
6.31044
4.1761
3.50781
3.82777
2.57342
3.80604
4.5829
4.61848
3.50586
1.52602
4.0263
8.1438
3.70822
7.56244
4.30389
1.70937
4.51195
7.05465
3.48999
3.51343
4.56912
5.01695
3.769
4.43419
1.94215
4.95404
1.77603
5.43652
1.54235
5.86231
4.50049
3.87558
3.99429
4.00651
4.39669
1.38708
4.49512
4.5498
2.70453
3.50185
4.14569
3.80174
1.71726
4.67921
4.72024
6.71748
6.70201
3.85305
2.76063
3.66494
4.49034
1.88443
2.55802
3.891
4.50684
2.77492
4.17442
4.54013
1.94882
7.30803
4.38316
4.11756
4.63189
4.46082
4.17756
3.24262
3.69366
2.53116
2.75243
3.53128
4.83076
2.39322
4.28334
4.5178
1.59397
2.13751
4.15221
4.12801
3.04346
7.17164
3.71751
6.39279
4.61622
1.63054
3.59861
1.38028
7.78136
2.81926
0.175338
8.07992
4.23393
3.89266
4.17094
4.03651
3.52304
4.63778
4.07049
7.56138
3.59135
4.50407
4.59489
3.85045
4.18258
4.5115
1.8931
1.4376
1.48125
4.06854
3.89319
2.13498
3.59339
4.51494
1.07849
3.83374
2.13076
4.26153
4.66391
4.00176
6.83882
0.795192
1.62843
7.14381
3.97391
4.45592
4.36186
4.14117
3.75907
7.20526
4.911
3.9033
3.98818
4.48573
4.43641
0.472473
1.72036
3.86788
3.98476
2.93679
2.00495
4.43486
1.20671
3.83902
4.09542
3.62894
1.0974
3.71551
3.02755
7.06125
4.21067
3.89059
3.90341
2.02564
4.76008
3.9639
3.94748
2.96002
3.56894
3.76294
4.68211
3.70914
5.43156
4.56074
1.71906
2.50441
1.14357
3.68274
4.11194
6.22342
4.49082
7.64195
1.75351
2.8023
4.03224
4.5637
4.30303
1.41671
4.59466
4.63811
6.84258
6.86194
7.48532
5.92345
4.14764
2.34221
3.80142
1.73116
4.04448
2.86004
4.44338
4.92888
4.04115
4.46963
4.53475
3.64271
7.488
1.45498
1.69058
3.92802
2.30987
3.98259
4.49778
3.8833
5.08639
6.69786
1.206
5.00204
5.91169
3.48375
4.2349
4.07965
4.20979
6.35897
3.03623
3.68266
4.17059
3.00587
3.5501
1.37982
2.75308
2.5862
3.66195
4.36348
1.10634
2.14148
4.10178
4.36032
1.7538
5.26661
2.86671
1.24357
2.32157
0.977181
3.84781
3.02881
3.9076
3.46199
2.29848
1.6998
4.20963
4.18979
4.31078
5.17761
4.04316
4.42235
4.00634
3.46215
4.46163
4.53258
4.44397
1.60661
2.13825
4.43935
6.25326
4.37998
4.18415
4.27206
3.97151
1.85302
1.44533
4.57079
3.60987
3.84968
2.13366
3.92325
3.90968
4.30851
6.65679
4.52722
3.75905
4.14362
4.39045
1.51298
6.75141
4.48296
3.85932
2.32795
3.9282
2.63522
1.58166
1.65986
4.31097
2.76636
1.55662
3.62537
1.78704
7.02898
4.16658
1.42092
4.04999
4.46061
1.4683
4.6449
4.16002
5.48402
2.11605
2.48426
1.47065
4.01343
3.98339
3.64271
2.71827
1.39352
3.65681
7.28872
3.72413
4.2001
2.47692
4.53216
3.61261
3.93002
2.04115
5.32522
4.34248
4.33345
2.89104
1.9212
3.57581
5.60053
3.58267
4.24185
4.31899
1.61521
4.51149
4.87601
4.30541
6.98809
6.78888
3.58009
4.30424
3.83076
2.78441
1.63977
3.86296
4.06162
4.02661
7.69427
4.51284
4.57677
7.00252
6.97864
4.88804
2.81753
4.90326
4.27256
5.77529
4.08269
4.00169
4.40957
3.88333
1.77541
1.07887
1.36244
6.2312
4.55725
3.96393
2.60081
4.0567
5.15187
6.60881
7.32058
3.82946
5.50273
2.77829
3.85191
1.50279
1.39625
4.03612
2.82264
4.48501
1.60862
6.98972
4.49719
1.84492
4.22759
1.65238
4.45074
4.59007
4.78016
1.11401
3.73098
1.49737
2.39485
7.11608
3.02863
1.8352
5.58167
4.19987
1.5472
7.75513
4.22032
2.81815
6.69888
3.7227
3.76474
3.4686
2.0962
7.26604
4.3371
4.56218
3.68215
3.68815
4.26156
3.79419
4.16463
4.84092
4.52946
2.45881
3.86151
4.29871
7.65963
4.23484
1.49554
3.99746
3.69978
4.24814
3.72774
4.59681
3.6778
3.93727
1.4012
4.05279
4.5312
4.65382
3.98732
6.65017
4.42548
4.73935
2.83888
7.71613
4.29305
4.46051
3.72221
4.19894
3.60231
2.51809
1.32478
7.28065
3.5485
4.65895
1.74059
3.60807
2.54442
2.84881
3.52381
4.50391
4.23982
3.47623
2.77077
7.0053
3.9929
6.38152
4.03805
6.87382
5.62255
1.79385
3.89834
2.80635
3.94839
4.44352
2.16696
2.82323
3.82688
1.32239
1.41559
3.4959
5.54073
4.25084
1.2209
6.33594
4.1765
2.73337
3.75885
4.66406
6.0254
3.81727
3.54449
3.80982
3.77222
3.82907
3.92434
4.07148
4.06083
2.06936
1.68238
4.34707
4.1597
4.15531
6.16121
2.73842
2.59046
4.67499
3.62414
4.52603
3.96715
1.85107
4.55661
3.74582
1.2699
3.81305
4.24313
2.43899
1.90254
4.46724
4.47962
7.09845
7.10162
3.90968
3.62195
4.38122
3.4846
4.46734
2.83123
7.17711
3.72286
4.57573
4.24402
1.75559
4.46173
5.31598
3.50809
4.31002
1.52331
4.02561
3.90524
3.94822
1.60302
2.741
4.60742
0.833363
3.54321
7.32874
7.15832
2.52423
2.62268
3.81366
4.21253
2.96543
4.59652
3.8401
3.60821
3.75039
1.717
1.75246
1.67733
2.19475
4.62132
4.54121
1.17921
4.14233
3.59624
2.42854
1.53817
4.35955
3.89153
4.86882
3.84849
3.939
2.87568
3.66047
4.53492
3.66434
3.83337
5.9609
3.74371
4.34411
0.942639
4.21897
3.79156
1.10681
1.68256
4.37332
3.54707
7.90539
5.94431
1.48941
5.13775
3.89871
4.77172
4.96178
4.40545
4.01056
1.74617
3.61439
1.58304
4.16251
5.47619
6.11131
3.60121
3.91014
1.71903
4.09429
4.36419
4.2427
2.85072
4.72371
4.35099
3.99023
4.59568
3.00056
1.11684
6.85636
6.63761
1.17544
3.84939
4.12408
3.49671
5.04801
3.688
4.08838
4.024
3.77923
5.0004
7.20669
1.57912
3.84947
7.53573
4.20992
5.85806
1.44688
7.23328
4.5574
5.39903
7.52419
5.9089
0.0435291
1.72688
1.25867
4.78929
2.81044
3.68299
3.99838
1.41799
2.66366
2.49504
4.20341
8.24934
3.79281
1.4334
1.34818
2.86671
2.23803
4.5067
4.21319
3.61403
1.54446
4.00193
1.82139
3.85072
4.35223
5.25075
3.60366
2.49874
1.00094
1.78591
1.28574
3.79118
3.82809
1.75559
5.65176
3.84604
4.51086
1.9239
2.00198
7.34427
1.38178
6.25665
1.56751
1.53817
2.81229
3.74313
1.47101
3.5946
4.74787
2.02045
4.23758
2.81044
1.71528
8.37101
4.65186
4.43519
4.4462
6.32291
2.97106
4.44267
1.60009
4.45046
1.84204
4.4392
4.01438
1.66963
3.98789
6.93718
3.81154
4.39318
3.73685
4.75404
2.4149
2.84429
1.37561
4.29185
4.18058
5.46181
2.66445
3.96942
2.04309
6.20658
5.91836
3.48399
4.07719
1.6828
4.21818
1.71098
4.71074
4.0657
1.55156
4.85642
4.12159
3.17628
1.71263
3.58236
2.34868
4.14936
2.06035
3.92293
4.40323
4.43375
7.23358
7.24258
4.13192
6.64702
6.68447
7.80308
7.80662
4.13357
3.74617
4.02469
1.76181
4.42273
7.56009
3.97531
4.44927
1.50777
3.79339
2.61783
3.84609
4.0699
1.87385
7.27715
1.53724
1.29407
4.56929
4.55108
1.77352
4.37304
7.53387
4.21816
3.60208
4.84323
4.019
4.48303
4.48616
1.85335
3.96348
3.73023
2.99255
3.62774
1.61838
1.59338
3.85001
4.39946
2.63743
7.75199
4.58834
4.3967
3.92602
4.16826
3.50955
7.24402
4.70071
4.2164
4.111
3.49965
6.404
1.74375
4.32879
2.95651
4.56631
5.9564
2.74091
1.9751
6.73824
4.05697
2.40442
2.94648
4.06008
4.53352
4.43022
3.77892
2.13145
1.56273
1.36982
1.67488
2.08118
0.923084
7.84533
4.06995
3.78896
3.76846
4.95113
1.96628
1.45571
1.74604
3.75672
4.55423
7.31325
1.60441
3.62543
2.31747
2.27756
4.71168
6.94444
2.29566
4.52208
3.61955
3.66552
7.85166
4.27373
4.47916
4.35061
2.86693
4.3447
1.69698
3.91132
4.12139
1.83127
3.49135
3.77951
4.35989
3.6475
4.09295
3.53309
2.47899
4.34826
4.57262
4.10019
4.48388
1.35283
4.0157
3.71683
2.46244
2.14854
1.60547
4.12226
4.82554
1.36348
3.7929
3.46481
4.12891
3.96721
3.80336
2.17027
3.78357
4.12282
4.52344
4.03544
4.16965
4.50026
1.61187
1.78292
3.51504
4.91844
4.18562
1.01976
7.45019
1.73939
3.30212
3.62498
4.40222
4.3874
4.40815
7.31119
7.2916
2.42068
2.85826
4.3399
4.06372
3.77809
4.11807
4.03406
4.41083
4.0455
5.44381
4.00547
1.49779
3.88074
4.47703
2.727
2.28329
1.95206
3.84503
2.4686
3.72561
3.67042
1.81936
4.015
6.28875
3.80486
6.27894
3.53623
3.47126
3.83174
1.75329
3.66225
4.05788
3.58785
6.98585
1.79475
3.7909
3.84551
3.80762
3.74139
3.87937
2.29812
1.83989
4.46518
1.6667
4.81463
4.55444
4.00205
3.9498
7.0162
2.05298
3.88293
2.8541
3.82682
2.13832
1.19572
4.02724
2.64878
2.35951
1.15423
3.46293
4.4895
4.02518
5.25714
6.25834
4.3114
4.05835
3.60024
3.74444
3.87204
3.71386
4.50294
4.8498
2.24432
3.59214
4.42829
4.40958
3.72573
1.52744
2.69316
5.12119
6.49894
1.82904
4.71813
4.20395
3.7086
3.55653
4.10659
1.69778
3.99517
4.04221
4.54599
4.46096
2.3362
3.87461
1.56324
2.70491
5.37553
4.36197
3.98931
3.01146
1.79741
5.9146
1.31057
4.11448
3.69176
3.58459
5.68377
4.35716
1.82985
4.35749
4.56161
3.47393
1.17747
4.29558
3.83121
4.78687
3.85219
1.39108
4.16047
3.43902
5.3367
4.49153
1.83092
3.69583
3.78073
1.69048
4.43291
3.5248
4.30617
3.50388
2.93057
2.44442
4.32577
4.36393
7.36096
7.37193
2.34547
4.63909
2.0986
1.64466
3.71546
3.86597
4.42468
4.22536
3.8049
5.00023
3.53475
3.62514
3.65058
4.77078
4.84808
4.39921
3.4628
4.63649
4.08344
3.63531
1.32988
3.05519
2.11203
3.66165
1.29027
4.10241
2.41266
4.75205
4.08787
4.53622
4.06739
1.77048
1.88218
0.308635
3.68654
2.29445
4.09015
3.74729
3.83432
6.56796
3.83818
1.3229
3.59142
4.09605
3.6054
1.70923
2.35711
4.45287
4.13384
3.73841
1.56502
1.70318
3.77548
3.75306
3.75483
2.38197
3.79379
3.56704
2.25437
4.1104
4.09052
3.74098
4.21648
4.48256
4.00584
3.72378
4.16501
1.75099
2.07033
4.52631
3.52479
2.52202
6.22725
4.20763
3.65856
3.50938
5.63666
2.8337
4.08143
1.98151
1.61961
4.24352
4.4672
2.04206
1.51039
1.80852
5.36897
3.76261
2.51507
5.70473
2.76139
4.68757
2.80707
6.1425
1.80413
7.00932
3.14531
4.92018
1.63803
4.26485
1.77651
3.7435
3.8601
3.69249
3.99696
1.78075
3.38344
4.26874
4.38305
3.83834
1.81423
2.25116
3.72573
1.74584
3.96966
2.77866
4.15642
1.77876
4.22587
2.12766
5.49852
2.12322
2.31351
4.56507
1.68431
1.60124
2.38791
2.28194
3.12544
3.73793
6.11057
4.26298
3.62388
1.69656
5.53949
3.89733
2.98044
1.632
3.8457
4.36419
3.78307
4.29157
4.3195
4.37986
4.35014
1.62771
4.428
4.71615
3.64718
3.84631
2.91338
7.35998
4.56944
3.94664
4.19847
3.58944
4.1354
1.93093
4.55961
3.64347
2.002
1.46218
1.60285
3.9986
3.53603
1.76551
4.43903
4.33094
2.20399
3.88411
3.80085
4.06578
3.93506
3.9184
1.66309
4.81336
3.53403
3.95522
4.48509
4.36822
3.62608
3.96542
3.65553
4.38313
7.54032
4.24112
3.90857
1.73215
3.69831
2.90949
1.49826
6.41306
1.45758
3.7842
4.46974
3.64536
3.81822
4.98779
2.13587
1.64607
3.60664
5.53943
4.45582
3.51609
7.71713
1.50829
1.81573
1.26893
4.19545
4.66326
5.60104
3.53982
3.97455
4.46921
7.46218
7.47845
4.32246
4.29355
4.23923
3.7112
7.52753
2.09807
3.7708
4.70116
3.67598
4.4906
3.49765
2.71161
4.49997
0.657667
1.76121
1.86807
4.08211
6.93213
6.66513
4.65955
2.76241
1.39649
3.9896
5.89259
4.82423
4.36791
3.50416
4.24689
4.59677
4.51123
6.81178
5.10605
2.37599
3.81882
3.66543
5.00139
4.55697
1.19389
2.17507
4.61514
1.92269
4.4973
3.81553
4.02819
1.57931
3.62791
4.5655
4.14535
1.70844
4.87368
2.71853
4.46162
3.93402
3.73427
3.82472
3.92499
1.23315
8.00173
6.71468
3.74487
2.83162
4.31779
3.77186
1.45292
3.85667
1.31418
1.50601
2.76661
1.37531
3.69913
3.87478
1.65305
4.47831
2.82091
3.84219
4.3469
4.35075
4.43254
3.57601
4.09885
4.35906
2.43086
8.14087
1.82511
3.60737
3.92574
3.63335
4.0068
4.5438
1.68469
3.78235
4.01152
6.2115
4.49431
1.62237
3.92779
3.72775
1.67724
1.80667
1.84791
3.65212
4.61663
1.96271
7.34735
3.71209
7.96587
1.63209
1.58957
4.00846
1.8435
3.85942
7.17285
1.60364
4.71607
4.45237
3.95908
1.85112
5.93767
4.46405
4.48709
4.12598
1.97434
3.63776
1.87488
2.36346
4.63943
4.70997
4.18572
3.89323
1.62551
1.81803
2.75616
7.53953
7.52365
4.2658
4.25879
2.84128
3.97464
4.02455
2.96837
4.03133
6.79608
1.28373
4.38723
3.72909
6.79556
4.04929
2.90514
4.06938
3.88014
4.66234
3.49475
3.33149
3.82339
4.085
2.14078
1.83653
4.80497
4.51188
2.8132
1.72625
4.06373
0.89462
3.9591
2.2973
2.84401
1.97854
1.16236
3.68675
3.85411
0.925877
4.56427
4.30768
3.94783
3.98947
3.76508
4.77975
2.32167
6.37807
3.80014
3.69249
2.75393
2.46605
3.57766
3.81088
4.55598
3.55337
3.9352
4.10166
3.67683
3.51975
3.80675
1.53596
3.64877
3.66963
3.70781
4.62292
4.39489
3.73184
4.09351
3.81124
5.89136
1.78662
4.54993
3.69576
4.59625
3.45864
1.12118
4.05678
4.06834
4.56
4.59543
3.75909
4.10467
2.75949
6.11367
3.90998
6.1079
6.35631
3.55132
5.43581
3.74682
0.985959
1.5315
1.78059
4.43456
1.37326
3.83892
7.37948
3.75066
3.94413
3.69965
2.20542
4.26174
7.97595
6.80189
1.22262
1.5433
1.99659
5.67114
4.49939
4.49095
3.85467
7.62081
1.67072
3.70238
2.85212
1.76298
4.48421
4.33573
4.77334
1.6632
4.17324
4.1767
1.8477
4.47339
3.45746
3.92786
4.0973
2.02889
6.94214
3.6685
3.79651
4.06479
3.45735
2.86617
4.02228
4.48152
3.56153
1.39934
6.88343
4.30973
1.69216
3.72346
3.49858
4.5147
3.36459
7.18034
4.25964
6.20901
7.03363
3.82703
3.54803
2.54069
2.05764
1.06837
6.7505
3.75563
1.64636
1.17348
3.57582
3.8502
2.60253
6.17494
3.47001
2.86411
2.79161
6.23073
4.52121
3.71762
3.49063
4.46148
7.69432
4.44198
7.59885
7.59411
4.26085
4.23927
7.21553
4.71789
3.67816
7.83065
1.7842
1.96182
4.01383
3.62058
3.65679
4.43727
7.31423
2.73116
8.30801
1.52909
6.75845
3.84899
7.13926
4.55878
2.44734
1.83882
3.46117
3.86681
4.05003
2.75722
1.16485
4.36874
2.08043
4.1344
6.5358
4.73312
1.82923
4.28868
4.17439
1.74171
3.61295
3.65021
4.50215
3.45801
3.6186
4.25692
4.57859
4.87139
4.05456
4.17212
3.78957
4.36674
3.71358
1.80911
4.13436
2.30836
4.13269
3.7233
3.90812
4.17095
4.21658
4.46735
3.9734
1.34592
2.89416
1.80647
5.75945
2.67537
3.60293
7.29495
4.37123
3.93223
7.36544
3.48796
4.18455
1.74979
3.82869
3.66027
4.34748
1.22697
4.40262
1.34409
3.8371
3.72518
0.773507
3.6483
3.77944
2.74316
3.64668
3.7107
1.84585
1.36394
5.42529
4.06023
3.63336
4.62896
1.75238
3.77302
3.75313
4.20401
6.88756
1.26823
3.51705
2.77126
4.44565
3.06076
4.3443
4.30623
6.52202
4.52267
3.98989
4.50257
4.20449
4.22638
4.05462
1.88837
2.31695
3.73202
3.95793
5.11344
3.51737
3.71663
4.48137
1.53122
4.00893
8.00845
6.16195
2.23348
3.56997
7.31653
5.76045
1.91291
3.54955
7.39559
6.35802
4.04095
1.99271
3.61806
4.53227
1.6292
0.49953
0.255215
4.49148
1.68156
3.97856
4.38854
4.53955
2.04238
0.902657
2.43332
3.61365
4.12504
4.47302
1.04015
2.57885
4.16022
2.31723
3.90443
3.94654
4.10312
7.63178
7.65107
2.30805
3.97184
2.81999
1.32964
7.31113
1.99787
4.24818
2.31438
8.29436
1.26093
4.52165
4.11923
2.15017
4.38128
6.14311
4.00231
2.47272
3.64673
6.41137
3.96731
1.81554
3.55
4.17589
1.25792
5.23443
4.38601
1.99686
4.77313
2.07873
2.33154
3.69432
2.01958
4.38805
4.16027
1.78435
3.85949
3.92686
1.38011
4.16377
3.87198
1.76926
2.78883
3.62057
3.47327
2.88987
4.37921
8.38448
4.57501
1.64972
3.809
4.52725
2.74178
7.3362
7.66412
3.67234
3.98022
3.74348
3.5538
1.55179
1.99563
3.77072
7.51762
4.17594
4.19216
1.26394
1.85701
4.35644
7.85239
4.20711
4.45697
3.72454
4.10342
4.2614
3.73825
1.04643
4.14966
4.50287
4.43738
3.48498
3.74632
3.57964
4.20323
3.6323
1.85945
2.2871
4.1792
4.0144
2.6417
4.40654
3.47719
3.70815
3.75122
2.24346
4.16051
4.82402
4.34997
7.67444
4.04379
4.54546
7.53198
2.44381
2.80886
2.48233
3.93544
4.016
4.48546
1.45281
4.51193
3.87399
3.89381
3.73664
4.52462
3.78272
4.52029
5.08194
4.26806
5.19991
1.46763
1.86762
7.81608
3.60168
3.73061
6.90237
4.01496
1.15752
3.79113
1.64453
2.70411
1.0103
4.5189
1.3578
4.86569
3.48185
1.68179
2.04885
3.46651
4.56301
3.95281
1.63879
1.36635
4.56165
1.82692
4.20132
1.23785
1.95864
3.97724
3.30958
3.62258
3.05602
4.2038
3.59991
1.97125
3.67219
4.4651
7.34822
1.98265
3.76602
4.01077
3.71645
6.21329
4.62347
1.13515
1.70244
1.6524
6.92775
4.02965
2.0058
3.94951
5.41775
2.58757
2.71581
3.87229
3.61786
7.32933
4.54
3.81648
2.03452
7.69778
7.68379
3.9642
3.17817
3.58062
1.8341
4.48662
1.78761
4.49284
4.17686
4.15144
1.77157
4.48971
4.41809
6.58118
2.01206
6.26482
6.14471
3.98686
4.03252
7.6808
1.86657
4.7383
3.52257
3.95563
4.56927
2.51596
2.88024
3.70047
3.64035
6.59652
2.83817
4.46696
3.64246
7.53851
1.47262
2.22951
1.87991
3.88092
4.00662
1.37205
3.75275
4.33524
1.71667
3.6649
4.50579
3.90726
4.56759
3.80849
3.7208
3.72182
4.57095
6.95804
7.11597
6.19529
2.37402
4.56772
4.05755
3.38412
3.68051
3.58726
4.51095
4.70017
3.74795
3.78142
4.30714
3.91136
4.16355
4.53276
3.64628
1.87758
1.89875
3.97397
4.11434
7.89753
3.52853
3.04012
1.35726
3.26981
6.52467
6.81328
3.7257
4.14661
4.36165
3.81049
3.75768
4.4784
2.50017
2.41739
1.1026
3.94296
1.81653
3.65614
1.73328
3.79601
3.75218
4.62316
4.39204
3.64263
3.67616
3.78858
2.52124
4.43819
2.14814
4.56128
1.39259
3.6321
1.24424
3.73302
3.55284
1.26703
3.71782
4.42395
1.33455
3.98824
3.85008
4.036
4.76093
3.46464
2.40385
6.85012
1.75366
3.60233
1.76644
3.7544
3.37825
3.99172
5.89174
1.31514
3.15754
2.00309
1.55802
1.79434
4.4344
3.8111
2.81815
4.15667
6.8036
4.14108
4.12814
4.14108
3.97905
1.90868
6.52738
5.81612
4.63094
3.52537
4.29677
1.90026
4.19822
2.85975
3.73894
1.46525
3.75598
4.00414
2.41149
4.1195
3.3025
3.89468
1.29228
3.59186
7.00302
1.4079
3.82281
3.56863
3.86232
2.15031
4.57521
2.46096
3.82702
4.37481
4.6272
6.83425
3.83989
4.23319
2.18343
6.58225
2.51982
1.35466
2.80012
3.76755
1.84699
4.20119
7.14045
4.56339
1.32982
7.75706
7.76847
7.32551
4.12436
1.85683
4.01732
5.16371
5.52255
4.3261
1.80162
2.5684
6.76674
3.70119
3.5001
4.83558
4.45465
3.50136
3.69833
4.57276
2.00194
2.6139
1.63885
3.99294
1.75867
4.38145
2.2129
3.59093
3.58724
2.99066
4.26283
2.39959
4.17748
3.73409
2.70741
3.46555
3.87664
2.85188
2.13341
1.6976
3.8927
6.62567
5.22037
1.92254
5.675
4.10479
4.12375
4.05438
1.24457
4.16773
3.74204
1.58466
4.40652
1.88457
3.34795
7.36132
2.07278
2.77382
1.34797
1.54539
4.35041
3.9223
4.40619
2.23034
4.20257
1.88714
4.23582
2.82447
6.96523
3.96763
4.49577
4.24977
1.27221
3.67607
1.04259
2.4058
3.99911
6.36778
3.54948
4.13519
5.18523
3.64338
4.03509
2.7991
2.84385
2.47485
3.93692
3.9368
3.9895
4.92148
3.7975
2.34588
3.90051
4.06514
6.99911
6.62751
3.64276
3.53826
2.18382
3.66364
2.4161
1.46712
1.96638
4.31943
2.61681
1.91004
3.94011
2.50072
2.79889
3.76966
1.87764
2.46919
3.71124
1.55813
3.58913
5.48478
2.18752
3.84932
3.92371
0.9754
3.49883
3.71791
4.15796
4.06812
1.43652
1.86496
4.92856
1.60234
3.55449
4.0157
3.95943
6.31661
1.75447
4.45175
3.73028
1.89189
3.63184
6.3736
4.67497
4.49232
3.9951
3.8154
3.92718
4.02276
3.92217
4.03893
5.04711
6.9709
1.48684
4.08255
4.09424
3.85186
4.62523
4.83634
3.91889
7.27327
3.78752
4.75113
1.68448
3.75308
3.94033
4.75046
3.56782
1.67695
2.73725
2.87737
1.48787
3.79307
4.04185
3.74006
3.77295
4.00512
4.46922
1.11518
1.54446
1.81292
3.94107
4.0362
1.56637
2.22765
4.42255
3.66339
7.59065
2.65632
4.05818
1.89818
1.79674
2.32825
3.85372
3.50016
3.85166
4.84157
4.50628
3.99936
4.46445
3.95667
4.40289
4.58375
6.49261
3.04341
1.01666
3.81879
1.92898
4.35641
7.81068
7.78886
4.09987
1.65632
3.73921
3.46537
4.63027
2.3181
2.70438
3.54618
3.95959
4.0525
4.02936
3.78386
1.87325
3.60207
2.45643
3.94344
1.40502
4.26534
4.26628
4.07338
4.12978
1.86687
2.62763
4.70625
6.36823
4.48106
4.56033
2.26624
4.23982
2.42982
4.66342
3.75087
3.93988
4.67616
3.27772
1.48202
3.99289
3.84989
3.83483
3.59366
3.79694
4.1917
1.79921
4.05699
4.07205
3.48137
4.51581
3.76237
2.67743
1.94897
3.69254
4.04276
7.48365
4.51046
2.79864
4.41621
4.02704
4.34623
6.46432
4.1009
4.07739
4.15291
2.93641
3.9487
4.08307
4.10118
3.54567
1.21825
1.90755
3.66627
4.39972
3.85807
3.60565
2.46642
4.46176
3.15426
4.38411
2.27791
3.97472
1.87793
2.24228
1.30774
3.98173
1.85425
3.63859
4.14295
1.26621
3.62538
3.82177
1.47807
3.4843
1.77388
6.81936
3.5709
4.33043
4.64676
2.57033
2.77424
3.52463
7.52533
2.71212
4.78236
2.32338
4.64616
3.80289
4.15935
3.80811
4.50251
3.83039
3.89215
2.79671
4.08412
3.57708
3.48631
3.80655
1.89862
3.60871
3.85446
4.083
3.8799
1.48397
3.77462
1.71292
7.38276
3.52008
2.81383
3.58717
1.32587
1.11752
1.87194
3.87808
4.04776
4.04451
3.82755
1.91849
3.55973
1.99869
4.94325
3.94751
6.91595
7.93706
3.363
2.4677
4.10298
2.22513
4.09823
4.03275
2.46299
4.44027
1.03555
2.38164
1.90599
1.35164
6.37523
3.96625
4.13658
7.55698
3.60293
1.64995
7.25668
1.56856
3.53389
6.54241
1.49276
1.34513
1.44391
3.16802
3.975
3.75297
3.45884
2.02295
3.57091
1.132
4.41762
1.78632
6.82807
1.63169
1.7786
0.988101
6.77218
4.07923
3.92797
1.51979
1.18576
4.14583
3.5728
5.02753
3.74113
2.57902
3.9298
2.7135
2.19391
3.80708
1.72855
3.92059
3.70859
5.9387
4.20581
4.00955
3.69011
4.15405
3.6569
1.30525
3.35467
1.08644
3.58102
4.77199
4.4731
1.39195
3.93978
4.1083
4.29218
4.04451
1.70857
1.8103
1.54891
1.53977
2.73777
4.5042
4.07651
4.01897
3.6321
3.85793
7.67678
2.83133
3.87656
4.02362
3.61229
2.5223
3.77186
2.36598
4.52071
1.3863
3.57415
3.66564
7.64062
3.76475
4.5035
4.21279
3.82124
4.36548
4.04694
4.01616
1.85902
8.17215
2.21689
4.71854
3.78124
3.68518
2.32539
7.16905
4.03006
4.147
2.16859
4.197
3.99521
1.7902
1.58144
1.92052
4.04962
2.4797
2.74343
1.32002
3.98098
1.77397
1.92787
4.16311
4.56097
4.94114
1.28849
2.79726
2.1587
3.57603
1.43442
4.18999
4.03154
3.7872
4.069
3.6475
6.22412
4.41811
1.97869
5.8739
4.15322
1.8849
3.6229
7.43763
4.16577
3.62637
3.6649
4.27359
1.06017
4.03208
4.4949
3.66153
2.41793
7.28458
1
2.08178
4.56398
3.85339
5.03011
2.81473
3.61451
8.22315
3.66227
3.90242
1.57511
4.34916
3.90193
3.71473
4.57605
6.08674
3.76185
4.00938
3.88124
1.88672
3.07913
3.90072
4.73759
3.83369
4.07242
4.45899
1.82041
1.49149
4.71967
4.11609
4.17162
3.79692
3.91085
1.75242
7.30111
4.11921
1.72255
7.24943
5.29184
3.98987
4.0637
3.90232
5.82816
4.27653
2.76339
4.29263
3.88449
3.7702
3.18293
3.97092
6.02653
4.18789
3.73009
3.6738
1.88982
4.60287
1.82038
4.48528
4.6778
4.47309
7.09585
3.59019
1.75393
3.98448
2.9509
4.57299
3.67012
3.78813
6.03696
3.79228
4.64403
4.13215
4.31232
3.76471
3.69054
4.13241
6.14223
3.02908
2.07692
3.83584
4.19614
3.75506
2.92289
2.82319
4.08231
4.32621
2.27647
3.7571
3.76655
3.62815
3.92887
1.71167
2.13343
3.76999
3.93451
3.80158
3.78828
1.80408
3.96054
2.8525
4.13217
7.25613
3.75364
4.99648
2.5218
6.57325
6.64596
1.93874
3.7339
1.93546
3.86204
1.29303
6.4195
1.97339
3.97151
7.52029
4.16264
3.93162
5.48093
4.10644
6.48789
1.84996
3.55114
3.61745
3.96868
3.54612
4.38328
3.57469
2.72513
3.6038
2.00201
2.28199
3.96403
3.58697
3.63874
3.78834
3.63112
2.65207
4.29487
3.81755
1.68711
3.81157
2.11722
1.70517
4.37143
1.05483
2.76227
5.0152
3.88922
4.17776
4.04774
2.87872
2.10416
2.66629
7.56683
3.65485
1.49877
5.76891
4.48988
4.57061
4.08693
2.98417
4.69964
3.69972
3.85881
3.87619
1.51731
3.59299
2.51101
1.3658
1.94806
1.6559
3.4868
0.604353
4.09717
4.15878
3.87486
2.17773
2.30144
4.58627
7.70071
2.55598
1.9127
7.49757
4.68108
4.5856
3.81315
4.04473
4.60149
3.71204
3.80681
3.59978
3.93693
8.15234
5.56214
3.71559
4.52339
1.53661
4.5919
1.5771
3.83678
1.34613
3.69915
2.64292
1.68705
4.92494
2.31729
1.4488
4.36342
4.57847
3.9395
3.76012
1.08826
0.693812
2.8344
1.34767
3.94223
2.69094
4.79395
4.55724
4.22431
3.76396
3.26536
3.3477
3.62325
3.84801
5.93593
5.46671
1.35705
1.7438
6.05955
3.73226
4.08613
1.51086
2.02936
2.00722
4.52933
4.38373
4.49257
1.5839
4.32922
2.00294
4.59132
6.5572
3.8563
7.85221
5.10283
4.1953
6.51232
4.62573
3.69888
1.95897
2.80694
3.9525
4.12205
8.00179
4.33584
3.3727
4.2638
4.2623
2.27449
3.79227
1.35936
1.20776
1.90647
1.90542
2.20769
3.95357
3.66582
5.20825
3.82921
7.34426
1.83078
3.8819
4.53352
3.89731
1.8834
3.64022
1.77576
7.3449
1.92449
3.78946
1.35679
1.54871
1.54257
3.82826
4.60675
3.95371
2.61463
6.38738
2.5954
2.27821
6.57039
3.83381
4.04662
4.04623
2.3647
2.26207
6.53013
2.2888
3.81686
2.33114
1.80866
3.8727
3.9664
3.73939
2.61656
1.87236
1.87937
2.01643
1.38506
5.48207
1.02117
2.79141
3.71758
4.45756
2.69791
6.45491
0.78934
1.80301
1.68331
3.75484
4.37524
3.7898
2.35427
1.71193
3.62678
3.72242
4.08965
2.22112
3.94062
2.62202
4.17439
2.86494
3.53747
2.5536
3.97408
2.7789
2.69459
4.61106
1.53717
2.86519
4.06914
1.67772
5.92962
1.36359
3.57153
8.11095
3.7781
1.46156
2.75454
1.77588
3.68212
1.36952
4.4229
5.34258
2.7682
5.34235
3.83103
4.05809
4.63117
3.82597
1.96078
3.97979
3.55823
3.6124
2.42175
1.5433
4.03428
1.99268
3.01776
4.23621
4.5642
3.74971
7.99878
2.21831
1.15508
3.96818
3.68003
0.974606
1.68022
1.96808
4.15823
4.10921
4.51572
4.12403
3.52029
4.02342
3.97716
1.94071
7.20881
3.7774
3.6723
1.19625
7.2462
3.64103
3.75472
3.8922
5.54717
3.39614
7.20771
4.18942
1.4241
4.11133
2.12714
1.95186
1.67882
3.83339
2.60954
2.60839
1.96277
4.22761
4.36989
4.45452
4.13636
4.96295
6.85126
3.88295
6.7712
2.18473
4.15833
1.11992
1.35124
1.90541
4.17314
4.15064
1.47215
2.66344
2.31863
1.49007
1.36706
2.28478
4.00451
4.01761
3.8612
7.81917
4.05737
5.1462
3.53779
4.75789
3.66113
1.1195
1.95805
3.88832
3.52301
3.96512
3.52021
4.16495
2.61118
2.72205
7.10306
3.95175
4.53125
3.82023
7.15251
4.5006
1.71356
3.92282
3.96647
1.83237
1.57062
1.43003
3.7841
3.50366
4.69154
1.48085
1.74605
4.09373
3.75405
4.60461
1.61981
3.80556
3.54785
6.83662
4.15143
1.71104
4.04708
1.81418
1.89145
4.38685
2.80162
1.8134
3.88182
2.74721
3.87318
4.1453
3.61074
4.32252
1.77038
6.99873
1.79816
3.5393
4.67737
1.38811
1.65173
2.05127
4.14284
4.77949
4.64277
4.26458
3.49008
7.94432
1.94304
3.7049
2.72894
1.6737
4.04952
1.77354
3.79261
2.7228
1.99682
4.38026
4.02994
3.71557
1.4126
4.47904
3.83929
4.08261
4.99985
1.97892
4.08598
3.87084
1.83394
4.05732
3.11399
1.49666
3.77194
2.80898
7.34419
1.89003
1.8005
3.55814
2.19308
2.80968
5.51763
1.3007
1.77836
3.80213
5.82301
3.69886
1.98065
7.70471
3.88016
3.62133
4.56975
1.53439
6.89687
7.49982
4.05196
4.04333
1.76299
3.65665
5.93381
1.95978
6.70721
2.92249
1.53129
2.85991
3.85406
4.51037
2.04285
3.5829
3.86124
1.81626
2.47224
3.72921
3.8783
1.47474
4.82048
4.4269
1.988
4.59069
1.74612
3.47301
1.47729
4.12726
1.47247
1.83854
3.64285
3.95631
7.6962
2.49399
3.58551
4.82727
6.67199
2.53256
3.59275
4.62492
1.5291
4.41506
1.84398
3.82001
1.85439
4.48074
4.766
3.81547
3.75441
6.40417
2.84862
3.61529
3.8991
1.74038
1.02545
3.4879
4.80118
3.77645
3.65337
1.15248
3.70518
1.25788
3.94926
3.46588
3.87408
4.08244
7.36604
3.70046
6.94325
2.08215
2.01421
4.12038
2.91441
4.51845
3.92925
4.34687
1.78287
2.21068
4.12977
2.81792
4.04905
4.58622
2.88996
4.28989
4.12024
6.91178
6.40078
4.10409
2.78354
4.13646
7.9779
3.99556
2.74592
4.57086
4.23622
3.6187
2.66073
1.77276
1.99875
1.92611
2.40638
3.7955
4.12063
3.73873
2.03617
5.97118
2.82993
3.1178
7.24589
4.50142
1.31491
3.90806
1.81846
3.60851
2.78069
4.18977
3.87543
2.6142
4.81314
2.41746
6.81284
2.81219
1.70988
3.51657
3.57927
3.88845
3.88101
4.47429
2.15619
4.37703
3.85411
2.53315
2.08056
6.39863
3.93739
6.57769
4.32316
1.84524
3.71738
4.02244
4.25181
6.61746
2.61509
4.46247
2.77979
1.69232
2.8453
4.11886
4.04084
3.61186
4.591
2.82238
3.88212
8.19186
3.81908
3.8345
3.86872
4.01477
3.78834
2.62044
1.92357
3.63903
4.2382
2.40402
3.86805
4.26518
1.74412
3.75113
3.90918
1.38625
1.39549
0.0852323
3.91062
3.37765
3.88017
4.01895
3.78476
2.77716
3.82905
3.73816
5.2694
6.50121
1.6221
2.34111
1.80696
2.89061
2.00048
4.11697
3.46091
4.52597
1.89962
4.82681
3.78345
7.63767
2.75443
4.00844
1.64717
4.37839
2.62906
1.88757
4.08546
3.79778
4.53402
3.67377
2.17884
2.80225
2.00775
4.29114
1.77752
1.92994
4.52375
4.22612
3.89001
4.6538
2.62641
4.56233
3.48691
1.41041
2.13001
3.80932
3.87
3.88106
4.46783
1.704
1.6383
3.76325
3.30831
5.37729
3.87528
6.55187
2.86824
4.4567
4.15377
4.44138
3.94492
4.11031
2.75976
4.98149
2.17597
3.9034
4.04726
4.47968
1.49273
4.05214
4.10978
3.81468
8.32981
4.03534
1.80458
4.6151
6.96582
1.68296
0.766777
4.6483
2.1019
4.12584
3.99079
1.42535
3.77873
1.94929
5.96287
1.94709
4.44788
5.55674
3.50794
1.32195
2.20848
3.80637
1.83371
1.82763
2.44936
2.73092
4.15388
1.3775
4.5495
4.07293
1.94264
3.73501
3.71545
4.3657
4.8482
3.60009
3.83857
1.83403
4.09915
3.50806
3.79219
4.63055
3.11596
2.58844
4.85089
3.82621
1.89503
3.76508
3.76355
1.8153
6.17875
1.95346
2.73923
4.40253
3.47979
3.70331
2.74097
3.95458
3.97389
2.08015
4.86136
3.81442
4.11947
2.77923
3.46811
1.89154
3.87395
2.89309
4.24439
3.49917
1.95054
4.65939
3.93841
7.37763
1.4856
1.26022
2.39102
1.14224
5.88703
1.88412
1.47732
2.43033
6.38226
7.23173
1.96519
5.19479
1.57052
5.03367
2.51331
4.54153
2.47819
8.27491
4.23871
3.86673
3.77407
2.77444
1.53027
2.84023
4.15921
6.85688
2.85943
4.4504
3.72392
3.72889
2.52327
1.49294
1.0481
2.59333
3.88649
7.14805
3.4684
4.0828
2.01849
1.16257
3.54093
2.86001
3.6862
4.44827
1.25099
1.53951
3.4705
4.35547
1.8384
4.452
2.89322
2.32035
1.96432
3.47162
2.02954
2.01818
1.39835
2.6165
4.13546
2.13838
1.94571
1.54609
3.93797
7.24248
3.00479
3.76463
1.62188
3.83971
1.55148
4.18614
3.91242
3.84615
4.25184
2.03344
2.96293
1.63373
3.62311
2.03924
1.60715
4.34568
1.95799
3.99636
3.80274
3.82239
2.02749
3.71999
3.7057
2.81309
4.42524
2.80374
1.43388
2.81373
3.48934
4.53465
1.93997
2.02016
4.03752
3.67126
3.7257
6.44402
1.406
1.37239
2.85105
3.93443
1.95194
3.7615
3.81589
4.15048
1.94438
2.21665
2.78927
4.05777
2.88743
3.95213
3.79286
2.54392
3.94914
3.62418
3.5503
3.61083
4.50002
3.90008
3.96744
2.76689
4.11171
1.09452
1.84836
2.70026
2.79524
1.82548
4.12631
3.6501
1.55329
3.17629
2.80348
2.83492
1.86578
5.34739
1.15013
6.26395
1.02708
1.48078
2.29014
4.05775
2.89102
1.53535
2.81377
3.90499
3.8898
2.71793
1.20048
1.89254
3.56303
4.22274
4.10068
3.78025
3.14996
4.35137
1.76777
4.06004
4.18958
3.90565
3.97796
2.91561
3.78214
6.60908
1.17545
2.39709
1.62955
3.83742
1.91095
4.00402
2.27016
1.91111
3.58564
1.3134
3.79285
1.46148
3.89071
4.14917
7.26089
1.95108
2.04705
1.89625
4.31764
3.92882
7.39807
7.15114
3.11212
3.81784
3.80283
3.8335
4.52304
4.64002
1.73229
3.84406
3.86627
1.84347
3.5302
3.79528
3.48769
3.76917
3.55874
2.03818
6.83446
6.47624
3.81742
3.51562
1.95331
3.76717
1.73826
3.0946
3.74175
3.86517
2.8107
4.02593
4.04803
8.18083
3.71851
3.86593
3.02957
3.51521
2.17377
3.77401
6.97021
3.8569
6.2596
4.19186
6.58165
2.14852
3.38945
3.60618
1.99785
3.8206
3.7429
6.19134
2.05076
3.53422
4.53233
4.02806
3.98311
2.79373
3.60833
2.01234
3.8877
4.06652
3.79987
1.85838
4.33943
3.82175
4.1192
1.84151
3.70798
4.56562
3.91301
4.29941
4.60648
2.48361
3.61238
3.65943
3.79534
4.10492
4.28858
3.832
3.79635
1.56115
3.75744
1.96409
1.85151
3.85785
4.10464
4.00274
3.97912
1.96253
1.37303
4.05652
3.58746
4.05237
3.71492
4.4826
3.79313
4.42251
7.27344
2.44503
4.89464
3.97856
4.08853
2.30062
3.76298
3.85663
3.82812
3.49191
3.5445
2.42718
1.56188
4.62978
2.17956
2.82117
3.97818
2.67765
1.90079
2.21722
6.3299
2.80662
6.89453
1.98336
3.89329
3.73995
3.72101
1.86895
1.86046
4.26006
3.9482
3.92208
3.9924
1.21498
2.43981
4.04046
1.92034
7.22862
7.45649
3.63323
1.9619
3.8779
4.0047
2.82414
2.31081
1.18489
3.96678
1.50302
4.00745
1.66101
4.90019
4.12306
3.59087
1.66496
7.73991
2.05776
2.22057
4.34098
1.67353
1.42419
3.87474
3.92305
7.38119
1.59752
1.76392
3.60066
2.688
4.41222
2.04668
2.59426
3.82356
1.96963
3.50773
3.6061
3.87033
1.52141
2.43524
3.72155
2.75001
3.98423
3.61568
1.58987
3.92294
3.33027
1.86462
3.52831
3.59506
3.74948
2.85835
3.74186
3.46216
2.04598
2.29581
4.03615
3.52695
3.60691
4.57874
3.89013
1.49785
1.05662
4.1087
3.97846
2.41491
2.73739
2.82527
2.03945
7.32343
7.33961
2.35138
4.4043
4.83676
5.9946
3.86392
3.55662
2.89212
6.5583
3.81218
1.40291
7.39866
7.03229
4.19104
1.42917
6.31863
4.86194
2.0171
3.88981
3.87344
1.11212
4.04446
1.70153
1.93785
3.57403
2.0189
2.35538
4.57254
1.93994
4.52908
2.64078
2.11637
2.23449
4.47121
7.3195
1.88317
3.98285
4.33575
4.87754
1.88935
3.26354
2.03336
5.20119
3.97505
4.13123
2.60365
8.06441
4.32254
3.91006
2.00168
2.41939
5.60962
3.46359
3.6964
0.745197
2.06652
3.81707
4.03446
2.39206
2.60414
2.24757
0.22271
3.74569
2.53688
2.49589
3.40879
3.79169
3.24424
3.81765
1.77281
2.38294
2.09338
3.82808
4.57602
2.04887
1.78504
4.84573
2.02371
4.27516
1.95992
3.79763
4.1153
2.79797
1.61777
1.85625
3.90663
2.65178
3.93451
4.14535
6.50395
2.70289
4.60821
1.93588
4.46306
3.84463
3.85384
3.58413
1.87828
4.50859
1.44987
9.15796
2.39752
1.90964
1.21776
3.78856
7.86946
1.36689
1.92628
3.96206
4.69717
3.88799
3.63675
3.95663
1.44785
2.6587
1.43997
1.58309
4.06479
3.60877
3.87039
3.06502
1.30538
2.96049
0.439479
3.8588
1.6407
4.00044
2.39978
3.79448
3.95826
4.08333
3.95583
4.52609
1.82168
1.88949
4.54013
1.56931
4.68206
4.54822
4.05423
2.07454
1.52198
3.44698
2.85624
8.05171
1.82382
1.908
2.10027
3.82068
4.57163
2.27482
4.35718
7.56436
4.10907
3.48433
2.90141
1.70312
5.7153
1.16792
3.8602
4.61603
4.15884
2.80147
8.13036
3.69839
1.95252
4.10042
3.81243
6.84197
3.74769
4.53895
3.93618
3.99323
4.69953
4.65246
3.59023
1.191
4.48155
3.83395
1.58693
2.02044
2.05641
1.56623
4.45923
7.62714
1.94965
4.01767
3.81102
6.37736
3.79494
4.35773
3.92484
5.21505
2.77923
8.00479
3.99326
4.00984
1.62137
3.97694
6.62121
3.85586
4.1373
1.92767
3.98414
2.45478
3.60182
6.33301
3.94856
3.80247
3.95488
4.00937
2.80269
3.91071
2.50784
2.25355
1.99893
2.84229
4.17556
2.76099
1.9008
4.56906
8.49424
1.6926
4.56891
4.058
1.79016
3.7297
3.82691
2.70167
1.31514
1.26309
3.73546
2.33013
3.72196
1.90869
0.903073
2.7284
2.80272
3.79109
3.84188
1.89349
2.8393
3.96684
3.88615
4.30231
2.21206
6.47935
2.69624
2.70339
3.80784
1.93862
2.81731
2.92055
2.0772
3.70578
3.87877
4.42539
6.10205
3.61785
3.68865
3.6656
1.48494
3.5985
1.98306
3.96649
1.98393
6.02149
4.04768
1.94254
3.72107
4.46627
3.00768
3.72664
3.87955
2.08807
2.86734
1.54419
3.73501
1.81637
1.44067
4.14138
2.08583
2.70106
4.27487
2.24722
3.81306
3.76407
4.90545
3.96728
3.6725
1.76062
4.07528
4.42242
4.51368
3.62168
3.57964
4.04155
3.53082
3.6034
3.09915
1.48904
4.18622
3.57607
7.09867
6.72353
3.72505
1.83253
4.48074
3.64336
3.92988
1.05745
3.83318
3.8869
1.66067
3.90117
6.91979
4.45966
4.3628
2.81388
4.12274
4.54943
1.90418
3.73407
6.52684
4.62681
3.62564
1.9871
4.69248
7.55435
4.23598
7.18624
4.38219
3.49016
1.99351
1.61163
1.93261
1.66734
3.69826
3.75459
1.97108
3.52851
3.57933
5.07146
4.1208
3.90222
1.98556
2.65115
3.65674
1.54224
1.51226
2.03629
1.51184
2.52732
4.40583
4.58304
3.77655
6.60591
1.97851
3.78375
4.08015
3.757
4.46376
3.73448
3.72272
4.64832
3.9557
4.09143
3.88245
4.10289
2.87273
1.55818
3.12506
3.80182
7.17018
3.7231
2.85771
3.8921
3.10287
3.65405
3.99702
3.62814
4.10197
4.10638
4.5676
1.49355
1.84564
2.45625
1.78502
2.09664
2.84598
4.06657
1.62392
2.06224
4.48163
4.09375
3.96573
1.63255
4.13082
3.72029
3.80329
3.7546
3.17149
3.72973
3.973
2.81832
2.5409
3.95492
2.83239
2.12767
4.30553
1.95111
2.40036
2.38936
1.97252
4.59802
4.1273
3.84458
4.41423
4.09387
1.89804
1.6315
3.79047
1.87582
4.47652
1.10612
1.53373
7.22467
1.41593
1.49315
1.83873
3.87593
3.90174
4.0589
2.93808
2.73275
1.69882
4.17789
3.62032
5.09598
1.70663
4.10577
3.7969
2.93917
2.10813
1.55719
3.90249
6.78309
2.21069
2.15714
7.62381
1.95583
3.65233
3.85516
1.67362
2.04043
6.6581
2.10498
2.14133
1.81848
4.86275
3.80989
4.60285
5.5774
4.14514
4.84463
3.18148
2.2251
3.41305
4.568
1.2321
4.38345
3.9224
2.65963
4.86375
3.87877
1.80502
3.53296
3.73566
3.8358
2.32082
4.07654
2.70877
4.59916
2.80674
5.74701
4.12655
2.33059
2.0641
1.69548
3.62272
2.17578
2.39559
3.72658
2.34565
3.86577
2.14205
1.25416
4.58257
3.64595
3.94215
3.83854
3.03366
3.78836
2.4583
4.08269
4.24865
4.36081
3.86958
3.54563
6.85454
1.53584
2.83014
4.44369
4.28939
4.8775
3.68042
2.0843
4.09968
2.1769
2.0446
3.46635
3.90944
3.98801
2.57514
3.88672
4.02048
3.59528
3.49628
1.94826
4.07805
2.90241
1.7426
3.75542
4.09231
1.82381
1.51989
1.61354
3.77902
3.73013
3.82131
4.55813
4.44357
3.73799
2.30057
2.31045
1.98901
7.34562
3.83587
2.81043
3.67461
3.1459
4.40328
4.01401
3.95962
3.95342
1.64197
3.7872
6.99021
4.25348
2.24619
3.94924
2.13756
1.93549
3.84072
4.08733
3.84484
2.05547
3.90056
3.9213
7.47886
3.89384
2.81273
2.37685
2.23251
1.94188
4.21485
2.83546
4.04311
3.64148
3.8474
2.08151
3.59244
2.83292
4.20926
2.02191
6.12523
3.74538
3.8568
1.90545
3.88516
1.94953
2.72407
3.54955
1.34948
7.66398
2.84469
2.2904
6.77717
4.73001
4.06151
4.20737
4.18888
2.02534
1.48122
1.26631
2.12612
3.81502
3.90947
1.73287
3.2616
1.54257
3.93151
2.46153
1.91771
2.15292
3.9353
3.96522
2.68646
4.28453
3.89641
2.81242
3.08116
4.19793
3.57731
2.48875
7.02316
1.40109
1.86562
4.25383
2.11573
1.06596
4.12787
2.15669
4.42427
2.75449
4.5534
4.51682
3.22849
1.85164
2.1169
2.12401
3.7735
6.9335
0.890159
8.12734
4.70566
1.62577
3.54236
3.97651
1.63632
4.09932
8.07355
3.86009
7.3726
3.95869
2.0231
4.21315
4.74902
2.85685
2.23024
1.52028
3.82686
3.86915
2.12311
4.18817
1.73533
4.03316
2.81453
1.40423
4.04115
3.84224
3.96576
3.61951
2.09877
3.95886
3.94768
2.68489
4.7551
2.07459
1.6641
4.06152
2.16323
1.9029
3.88627
2.91287
3.73355
3.61738
3.74737
1.69526
3.97228
3.62956
3.59276
0.974078
3.68917
3.79952
2.83647
3.92281
2.58261
3.99164
2.86407
1.74845
3.98476
2.80221
1.9435
3.61465
4.85883
3.77171
4.1729
2.09232
3.65164
3.76833
4.57456
4.8928
4.01203
3.99458
1.86054
2.03366
1.9222
1.8621
4.09191
1.65491
4.46903
2.71863
2.17725
2.00879
4.00051
5.16054
4.57988
2.0023
3.81466
3.96871
3.92879
3.45927
4.60851
4.04571
1.47373
2.13963
2.61995
4.21656
1.84049
2.1001
3.81026
3.82399
3.64936
3.72206
6.9167
1.83081
3.99399
3.60193
4.33991
2.12358
3.96819
1.71284
4.66004
2.86616
4.44216
2.16709
2.15097
1.67069
2.03825
3.93428
1.98237
4.07619
5.0706
2.05027
4.03532
1.36119
6.2769
3.93534
1.26445
2.81485
2.83937
3.25304
1.86863
3.99617
1.28576
4.09023
3.772
4.15458
2.78444
4.01285
2.84916
3.90341
3.86416
4.02264
3.8653
2.1347
3.61915
3.59088
4.24337
4.14095
3.51306
3.68055
5.00662
3.78764
6.35735
5.43593
4.12922
7.43227
1.96206
3.04021
6.30366
3.87535
3.88352
4.55312
2.10513
4.22876
3.82119
3.74029
3.8134
2.64512
1.64658
3.72798
1.96986
4.57319
3.87465
4.53688
3.50754
3.46283
3.61793
2.76451
1.70334
3.95592
3.7017
1.969
1.92981
3.71889
3.50307
2.65119
1.87107
2.37502
2.81536
3.89406
6.05699
4.68242
2.22821
3.77392
4.35286
4.61613
3.78486
3.87169
1.64885
2.14292
2.2645
1.6065
2.78092
3.66499
4.08402
3.76699
3.55506
2.14361
3.07838
4.05793
3.6285
5.07942
4.12986
3.56903
1.96834
1.61985
2.12363
4.09208
4.6326
3.93268
1.74659
3.96934
1.94984
3.95642
3.75306
3.9937
1.99171
4.50864
2.73223
3.98624
4.12911
3.78922
4.25102
3.75996
3.73392
4.07165
4.46013
3.86146
2.08315
2.34559
1.29897
3.52216
4.54642
3.53117
2.0787
4.93598
3.12013
2.20712
1.66085
3.91051
2.90699
3.82935
2.29474
4.59419
4.13092
1.83826
3.81724
3.68546
1.65352
2.86371
2.80282
3.5398
1.73997
4.57314
1.98211
2.50504
4.19398
4.02056
4.69461
3.83283
4.6369
1.48174
3.97904
4.11414
2.63043
4.09474
3.97433
3.85224
4.01628
4.03045
1.63176
3.48701
3.90093
4.0544
3.61229
4.80797
4.4995
1.96213
1.92457
1.39447
2.72813
2.04431
7.77885
7.78163
4.27987
3.44115
2.89888
4.03108
2.13664
1.54123
1.78398
5.18705
3.57148
4.13175
1.7675
4.14568
2.42638
2.26913
2.15927
3.98766
2.44834
3.86683
1.65184
3.83081
1.22353
3.55835
1.88534
3.50799
2.04861
4.51599
1.41574
3.97163
3.74751
4.23011
3.96983
3.14361
4.56065
2.58244
3.57088
3.82019
3.88507
4.81082
4.96744
2.5817
3.99437
3.50406
1.90041
3.89147
4.97018
4.09562
4.01686
3.62129
3.90197
5.06298
3.87465
3.97426
2.87806
3.8996
4.24805
2.81688
7.22788
1.53527
4.69318
3.7844
1.08885
2.37247
4.44379
3.93236
1.73195
2.03631
1.9409
4.61552
1.78101
3.78963
1.66218
1.93176
1.44981
4.07504
2.09363
2.53595
2.16808
2.28851
4.34996
3.77461
4.2324
4.39014
1.88532
2.11018
3.97064
4.536
3.56335
6.97912
2.1617
3.49939
1.79172
3.60428
2.93082
3.87006
3.89223
1.76238
2.15356
4.45799
2.00896
4.60247
1.13031
4.25525
3.67449
4.57582
6.6767
2.44467
4.04055
4.42123
7.70415
3.4687
4.07924
3.14126
3.88543
4.22912
5.13868
1.75288
4.60059
3.59233
4.10248
2.39369
3.85557
4.12993
2.42312
4.17855
2.06305
3.9365
4.60796
6.99765
3.8947
2.84668
4.00024
3.93614
1.77267
3.91919
3.04762
3.76404
3.56684
3.85712
2.07856
1.60394
3.66867
1.99257
2.29779
2.31084
1.67111
2.11251
5.00052
3.62293
2.11847
2.81944
1.83085
2.70144
1.90507
4.53978
3.87484
2.86413
3.90924
4.91362
1.51419
1.75193
4.78111
3.90109
3.58881
5.33907
4.06995
3.48155
3.95342
1.65256
2.02296
2.77051
4.09997
3.94251
5.28917
2.11923
2.2486
4.02595
4.52845
1.57433
4.57434
2.7461
3.83294
4.10667
4.21165
3.81885
3.61189
2.2387
4.7551
4.62907
5.05125
3.91153
4.49725
4.54135
1.81453
3.92019
2.71751
4.2457
2.47303
2.04138
2.0166
3.85622
3.80052
2.55674
1.93733
1.52959
2.66048
2.05514
1.28285
4.5744
3.80084
2.19552
3.9817
3.82052
4.03933
3.90907
1.38525
3.76193
6.95633
3.9904
3.91958
1.96292
2.67751
2.54701
6.1671
3.83211
4.42137
4.17278
2.57873
2.17219
1.98964
3.86809
3.82021
2.983
3.89959
4.05868
4.60795
4.00327
3.98114
2.79866
3.93335
4.40996
4.69267
4.34895
1.51022
1.94621
3.47881
4.05923
3.80618
2.15806
2.1626
4.44326
1.81809
3.78971
4.47429
3.47639
4.12795
3.47911
3.84374
2.19357
3.94824
2.00802
4.42337
3.86584
3.83322
4.12734
1.39771
3.88823
3.82494
2.4674
4.33698
1.66786
1.9117
3.76663
2.1154
5.7587
2.18032
4.1214
1.95686
1.91318
2.69239
1.92477
3.9241
3.44741
3.57824
2.44393
2.77965
3.7464
4.49632
3.51355
3.91397
4.74956
4.59903
3.88267
0.112255
3.86826
7.50046
3.45888
3.87763
4.43146
2.54769
1.47459
3.87657
2.05002
4.30255
1.73686
3.82002
3.67683
0.237538
1.70554
2.02934
1.87751
1.6651
4.17566
4.57557
5.84398
1.82438
3.9296
3.93226
4.63983
2.82004
2.23371
2.75424
2.92011
4.02097
3.60892
4.19819
2.38039
4.16319
3.40405
1.68076
1.59882
2.61505
2.03741
3.9915
3.84217
1.83091
2.14396
3.94457
2.30083
2.39103
6.40126
7.40293
3.83321
2.0093
4.16168
2.71578
3.9427
4.1057
3.61625
3.95324
3.93634
4.54644
7.48784
3.01811
3.85928
4.87337
2.85527
4.38413
3.91122
2.86751
4.53343
1.73011
2.73678
1.25239
4.01772
3.82428
4.43383
4.11771
7.00079
1.69982
2.63058
3.9897
2.18099
4.03474
2.77907
3.77224
2.82001
3.79482
2.63006
4.86275
4.15321
2.10336
4.38251
4.6145
3.56383
4.53153
3.80289
2.60338
1.90117
2.18785
4.09143
2.80175
2.41589
1.4919
4.9032
1.82701
2.16266
4.43567
2.84964
3.08546
2.15516
5.06231
4.41385
5.66585
7.01094
4.08818
3.86446
1.90713
1.63622
3.79892
3.96376
2.01498
5.71713
2.1035
1.99955
4.16214
5.01784
1.5181
2.64045
3.65571
2.00887
5.39155
3.82591
1.56147
4.42386
3.92889
3.36949
3.89678
1.52925
3.92611
2.01007
2.50427
3.90967
2.02406
2.21208
2.11064
2.03829
3.97862
6.31605
3.5386
1.69297
3.5433
4.57287
2.26694
2.26172
3.63081
6.55962
2.15579
4.42991
1.80777
2.86496
3.81572
2.19884
3.04011
3.80106
1.11193
2.42375
3.5738
4.06665
3.70739
3.6384
3.72473
4.40984
1.21649
3.78251
4.16601
3.51828
2.18117
2.71414
4.93459
3.85039
1.84047
2.86164
1.52315
3.80056
2.1908
1.98953
2.02991
5.61996
3.57092
3.70537
3.93411
4.27229
4.21118
2.17725
4.61586
2.32718
3.85816
1.74229
6.92552
5.17953
6.83631
2.85104
3.66972
4.02754
1.4757
4.11722
3.6113
1.83043
3.43147
1.94434
2.13168
3.65589
1.67092
3.75171
4.38587
3.63335
1.83963
2.64776
2.59921
3.54422
3.94208
4.00203
3.95636
1.74697
2.87333
1.29122
3.94608
4.63901
1.86175
2.23068
2.21721
4.0757
7.63789
6.76716
2.66624
4.13847
3.86945
7.05281
2.25633
3.75716
2.14459
1.76269
3.692
1.75431
6.03512
2.15243
3.86614
2.04182
1.44527
2.8097
4.05637
1.99911
3.9529
4.34334
1.73603
4.33863
3.66796
3.61277
4.02925
2.02102
3.75812
2.00103
3.04444
7.78462
4.71552
1.35974
2.70926
6.12133
2.19679
6.62866
3.86526
2.24512
0.947545
3.74043
2.85347
2.40967
3.79415
4.18729
2.02902
4.48726
3.72745
6.10928
4.0298
4.55757
3.8307
3.99725
1.84837
3.81911
4.22336
3.98855
2.62703
4.64266
3.88072
3.5991
2.22799
3.7113
3.8437
1.86791
3.95742
2.19971
3.59965
2.60769
4.03114
3.60162
1.96151
2.50374
4.61399
2.21007
2.18132
7.47569
2.20926
2.654
2.37029
3.47644
3.49879
3.57873
1.88773
3.71276
3.85481
2.11259
4.13957
3.48258
1.76428
1.73534
2.46639
3.91366
3.78622
4.00437
2.47407
3.86682
1.75155
3.85651
5.14495
3.99941
3.90931
1.21421
3.6063
1.46335
3.49605
4.39761
2.37072
3.92641
4.61951
3.51911
3.93092
1.99364
3.82942
3.82151
3.86902
4.13114
4.02763
3.87752
2.30076
2.30281
1.82453
7.31312
3.55132
2.82368
4.8547
3.80611
3.74859
3.84205
1.92673
1.95005
1.67981
6.21539
3.51692
3.15723
3.85251
3.94862
2.15382
2.3879
3.80812
2.16032
3.77595
6.71911
4.84131
3.13236
3.37935
5.03624
4.91232
2.0281
3.48441
3.83242
3.85401
1.90362
3.82112
6.29311
3.78808
4.47573
2.63606
2.44871
3.81005
2.68662
4.04447
3.94119
3.86791
3.6942
3.47117
2.80734
4.16067
3.67868
3.84313
7.46534
2.22747
1.35898
4.05268
4.76851
1.72037
3.91701
4.12825
2.62308
3.58709
1.3131
3.63181
3.85851
1.99198
2.03152
3.68381
2.14414
4.38756
3.50641
2.80987
7.35737
2.2304
6.22175
2.16517
2.21917
2.85816
2.50611
4.6251
3.82221
3.75929
4.02273
4.16945
3.72872
5.35707
3.8168
2.14977
3.75522
3.50408
2.51262
1.20076
3.01789
1.82334
4.03867
5.25256
3.66843
3.43688
3.80376
4.08215
4.05208
2.07006
3.78211
3.57847
2.20656
2.23545
3.80927
4.92663
3.9206
2.89136
3.96143
2.21812
3.86429
2.78323
4.88155
2.14363
3.51079
4.56164
3.97038
3.56031
3.57464
4.32816
3.78544
7.22842
2.86804
1.6369
3.72709
1.64149
2.80644
2.15702
2.04853
3.70266
3.71325
3.96476
3.90536
3.70627
7.35189
1.8762
2.81485
5.84377
3.82712
5.72093
2.23078
3.70721
3.80634
2.22221
2.67966
2.81003
2.74818
2.73637
3.90893
3.81755
4.2262
2.79937
3.5139
2.93169
4.31092
1.10314
1.45344
2.98902
3.97645
2.23935
4.28352
2.09844
3.54333
1.94625
4.23739
1.27035
2.01467
3.52221
3.63976
3.95652
4.62482
4.9465
3.95771
2.23728
2.52309
4.57866
2.19029
2.0486
2.23931
2.14614
3.61231
4.0406
2.23867
2.54321
3.98322
1.84407
3.84059
1.94298
3.80743
2.33782
2.29841
4.13647
3.50685
4.55156
2.67166
4.17973
4.91997
1.64431
4.13535
3.93231
2.28826
4.38081
5.11382
2.26836
4.55461
3.85468
6.51907
1.66718
1.75422
3.66537
3.9076
3.80886
4.13529
1.99611
1.99409
3.75238
3.4016
2.19989
3.74352
3.91196
3.52892
4.02746
4.45468
3.49054
4.96708
2.75084
2.82525
2.7321
2.336
4.21484
3.93025
4.1492
3.79623
4.62551
1.67217
3.80597
2.78968
2.12093
4.19681
2.16038
1.798
3.80854
2.16623
2.04818
2.02147
3.83632
3.64578
3.80156
3.88394
7.22883
3.77411
2.69492
3.81041
3.76744
7.46395
2.12515
1.82825
4.34426
1.7236
4.47876
3.59744
4.22468
5.77384
6.06546
3.997
3.92464
3.93189
1.61051
4.0101
1.75716
2.52183
3.72201
3.48191
6.79636
1.4014
2.32734
3.87805
2.16251
4.12067
1.70408
2.44174
1.59643
1.552
7.25621
2.05357
3.66579
4.57634
4.77211
2.10759
4.6949
2.59158
2.38571
2.06819
4.39163
2.3659
1.50967
2.73216
3.82675
1.6555
7.0271
2.0744
1.63142
2.168
2.84495
3.62634
4.5697
2.0899
1.77186
2.35725
2.02208
2.2535
2.14138
2.25053
2.44531
6.50778
3.87602
3.61617
3.96684
3.7389
3.89431
4.60801
2.68285
2.23635
2.32636
3.72476
0.125
3.62566
3.80893
3.86103
1.94023
3.52538
2.82095
3.90411
1.06898
1.70183
1.59871
2.39285
3.67952
4.95773
7.20008
2.7078
3.72441
2.24582
2.05378
3.92805
4.76734
1.45487
1.73957
1.85208
1.82135
2.13738
2.7625
3.52334
3.51211
1.77673
2.50808
4.5447
5.00076
3.88656
1.82431
2.24869
2.22386
4.40161
3.58504
4.00024
1.68248
1.36882
4.35863
7.15863
5.16215
3.58309
6.96391
2.22363
2.21838
1.95994
4.13048
2.8118
3.75001
3.09117
3.88489
1.84928
2.14599
4.15518
3.59415
2.38032
2.09167
2.75092
1.54922
3.55262
3.88136
2.86725
3.95124
2.27156
1.49854
2.72476
3.87159
4.25083
3.92569
3.83352
3.39752
4.02174
1.66974
1.80941
2.43869
2.65392
2.80702
2.13377
2.10789
2.06099
2.22525
4.43558
2.00727
2.02855
3.80319
7.93792
4.00362
3.81756
3.54712
2.88415
1.6683
2.24363
2.75067
4.27371
3.64917
1.81178
2.60889
2.14585
1.93064
3.3205
4.51194
1.52357
1.86011
2.14523
3.47713
6.73155
0.998396
4.55395
3.82608
4.3242
3.76116
2.04726
3.83122
3.81835
4.7405
2.20656
4.28277
2.62945
2.41173
2.23574
3.78805
3.77698
2.34152
2.23682
4.43093
2.66047
1.74748
2.7483
3.73469
2.70193
4.65009
1.70476
3.7845
4.57373
3.56947
2.24968
3.90991
3.92503
3.72724
3.62455
1.93373
2.56691
4.08108
3.94554
3.15328
3.90235
3.9688
1.9755
3.3934
3.43043
4.26732
3.54303
3.86104
4.62625
2.34636
2.50821
2.26371
2.15376
3.93073
3.95431
3.5667
5.03623
1.97591
2.25453
3.81475
3.53438
4.54184
7.7378
5.82776
3.6965
2.05377
4.72885
3.56197
2.82394
3.8352
4.51175
4.00463
3.23781
2.80286
1.91416
3.36631
3.77828
4.80158
1.54288
6.00776
3.50848
4.18563
3.52425
1.92734
2.52397
3.86228
3.00528
2.42189
7.24809
3.68813
1.82393
4.38699
3.58789
1.6898
4.36743
3.87945
6.33706
1.83547
1.72321
3.04823
3.62468
3.625
3.22153
4.45168
4.49611
3.82431
5.00468
3.73108
3.81855
3.84153
2.0663
2.22182
4.59433
2.3627
2.14746
5.07926
3.68533
2.26677
3.62334
1.40675
3.95537
3.44582
2.74947
1.46617
2.10923
4.47798
7.4678
3.85334
2.02583
3.83091
3.76177
2.2692
3.97514
2.60092
2.74637
2.1146
4.13974
2.28161
7.29949
4.01514
7.26894
3.47123
2.79971
3.65697
3.47156
2.49453
1.93975
2.76509
1.86546
3.8266
1.82862
3.93961
2.62977
4.52894
1.54004
3.72647
3.8597
2.28753
3.59782
3.02541
4.04604
3.81958
6.16649
4.12253
3.7226
2.4656
3.80869
7.41758
3.87151
2.23065
5.07271
2.28944
1.92608
3.94679
2.66711
3.90579
3.67558
3.64887
2.0092
2.00709
2.63639
2.48128
4.24804
3.84857
3.69857
4.02936
3.5404
2.43794
2.80603
1.47852
4.55927
4.03489
6.58114
2.28042
3.94993
1.9025
2.11172
3.70047
2.61447
2.76841
3.92633
1.73664
3.88167
3.50229
3.86661
2.08538
3.71168
3.3033
3.84905
1.79116
1.38234
3.86185
2.84542
3.49238
2.77542
2.23283
4.15283
4.06458
3.72185
1.80066
2.27249
2.23553
2.69703
3.62371
2.07903
2.64533
7.11101
3.95205
4.14899
3.75181
4.46708
5.84459
4.84181
3.82637
2.14868
7.86669
3.63353
1.7892
1.87313
3.71286
2.13767
2.68467
3.81156
1.84409
1.34689
3.7347
4.10725
2.74464
4.98389
4.11779
2.26378
3.71958
6.74245
1.93594
1.94476
3.79194
3.68504
2.69505
1.65389
4.85138
7.00653
3.73531
2.70264
3.90369
2.55684
3.65347
2.71669
2.28248
1.48518
2.1135
2.27151
2.43147
4.14162
2.18728
3.70129
1.73889
4.14769
3.74387
2.1055
2.88707
2.68672
1.68269
4.10039
2.88249
2.26305
1.68602
3.65418
1.72196
4.68821
1.52721
3.71236
5.8374
1.98097
2.24672
2.14991
3.01357
3.82805
2.60951
2.58827
4.71607
4.53215
2.33183
2.91344
3.77864
0.977575
3.94874
2.3897
2.65333
0.182821
1.63845
0.912938
3.19304
2.48087
3.60322
2.26507
2.87244
4.48109
2.11551
2.4951
4.58708
3.72232
1.36693
2.24055
3.42679
4.38857
4.17634
1.4564
2.85186
2.9954
3.81023
3.77442
1.76086
2.53233
3.80549
2.25519
3.65115
3.56446
3.88131
4.11844
3.73683
3.56689
1.42578
2.19678
1.4696
3.77021
4.11888
3.79947
6.73045
3.74873
2.22767
2.70737
3.81454
2.12096
2.88864
2.30715
1.70358
2.05322
6.8712
2.16892
3.79945
1.63602
2.28791
2.53308
2.55674
3.34574
8.53831
6.18291
2.29042
4.15121
5.76195
2.33361
3.62949
2.21888
3.90912
3.32135
2.07156
2.86268
2.38401
1.66086
3.74265
1.78859
3.54619
2.31397
3.66656
2.20691
3.56887
3.89759
2.27963
3.97025
2.80884
4.60306
2.0625
4.51856
1.85029
3.53811
5.07266
3.82656
4.20159
4.10747
2.29945
4.64421
2.20961
4.18992
1.90161
3.68953
2.72516
3.83076
2.51413
2.77805
3.90632
3.97269
3.89327
3.52312
3.84435
3.81493
2.90179
2.17263
2.30257
3.66051
1.75492
3.82502
2.5006
2.21805
2.52956
3.97
3.83367
4.10643
4.03337
4.57101
2.73704
4.4031
3.77306
2.32478
2.7979
3.90835
2.37863
3.65112
5.23674
2.54872
4.56621
3.16749
3.90436
2.58493
3.85837
4.19063
3.85088
3.60282
2.39558
2.25868
3.80492
2.38563
3.78511
2.29479
3.83822
2.81985
2.03218
1.25175
3.72479
8.14878
1.63189
3.92472
2.31346
4.30562
3.97165
3.82952
2.24534
1.6744
4.57726
4.12914
3.20649
2.14361
3.84617
4.07862
2.86198
4.61371
3.90276
7.48108
7.0838
2.09073
1.8105
7.12875
1.87181
2.01493
7.04071
2.86993
6.99176
4.55758
1.77382
3.78148
2.84266
5.08291
3.98721
4.14549
1.36337
4.37969
2.2241
4.16252
2.76743
3.12887
3.64205
4.55176
4.10855
6.50982
2.20927
1.73364
4.36388
3.77588
1.68373
3.65205
1.48349
2.51233
4.04037
3.16038
4.62018
2.3351
2.15131
2.06003
1.95487
1.93773
2.35217
3.69882
7.29346
1.66348
2.31703
2.70218
4.0635
2.68837
2.24955
2.05144
4.91209
3.39432
3.73606
3.76135
2.8496
8.13735
3.73973
2.00043
3.82923
6.88878
3.78406
7.07739
4.60134
2.0126
3.89889
3.93161
4.40598
6.68339
2.11355
1.56262
2.85423
2.29902
2.30812
3.8131
2.37544
3.97377
4.47576
3.94748
3.11965
4.17889
4.5493
2.98066
3.88199
3.86965
2.7051
2.28511
3.75145
1.74809
3.69595
3.98974
3.81287
3.48859
3.81055
3.54182
2.10432
1.80373
2.41609
2.69918
1.61778
2.51385
1.01622
3.69396
4.11223
2.1077
2.15498
3.79787
4.30277
2.59723
3.66258
2.44157
2.73819
4.54656
2.21533
2.55923
4.03944
2.7724
3.71687
2.26063
2.27348
2.34227
1.8877
2.33707
3.85961
2.02174
2.44892
2.08342
2.18346
2.47043
1.98121
4.36092
3.68623
2.33456
7.89093
1.89169
1.72302
3.73187
2.49416
2.35484
3.80931
3.97662
3.77621
2.00175
4.31351
4.63484
2.01003
3.74801
3.75729
2.71371
2.15442
3.75453
3.63288
1.87036
3.85681
3.61307
1.72984
3.70496
1.76971
3.57013
5.66644
3.33797
3.81837
1.83104
1.84411
3.55145
2.30986
2.82207
2.80133
2.89606
2.48528
2.88111
1.57701
2.68262
2.49536
7.71052
4.11987
2.32576
2.41423
3.62577
3.35183
2.85811
7.4193
4.33218
3.85269
3.83292
3.79168
1.6649
1.96638
1.30417
4.02726
2.82356
4.00481
6.75519
2.30375
1.77459
2.33944
2.03593
1.93328
2.80393
2.72149
2.15502
2.71641
3.87726
1.47319
2.0203
4.07729
6.16796
4.18884
4.55265
4.43197
3.03302
3.99903
3.85973
3.83616
1.94502
2.01908
3.81371
2.34232
3.69101
2.84217
1.85795
2.14201
2.8284
8.12646
2.32046
4.47018
2.17943
2.69621
4.47667
2.16592
3.85974
2.25272
2.30544
2.75509
2.34739
5.89852
2.66099
2.27233
2.12722
3.87415
3.34828
3.77902
2.50486
1.61613
3.80956
3.92298
2.35968
2.69288
2.32098
2.23484
4.01006
3.84924
4.49568
2.20094
3.77687
2.21498
2.0614
3.78961
6.30989
3.60325
2.04082
3.35666
2.31879
4.1689
2.03748
2.1663
5.46247
3.81378
2.44525
2.07343
3.9348
3.91242
2.13574
2.28746
3.55486
2.21691
2.17305
2.77117
1.9307
2.29171
2.72705
4.3835
2.15481
3.90646
2.3379
3.13581
4.48234
2.18963
2.17346
6.11132
3.77997
6.38711
4.73101
3.86156
3.90804
1.70345
2.62426
2.2712
4.0793
3.9156
2.34321
1.57276
3.76509
7.34548
3.86859
4.0515
3.93973
3.41384
1.82453
2.20864
3.15057
3.03337
4.1669
2.20197
3.68071
2.35202
4.09364
1.79769
4.35032
5.69235
2.48302
2.3559
2.13
3.77026
2.16156
2.53065
5.11072
2.22368
3.95802
3.5957
4.14226
3.86838
4.51301
3.75174
2.76369
2.06965
6.83999
1.75381
4.35169
2.20226
3.62349
3.96259
2.30343
2.0896
3.92154
3.85716
2.2592
2.22046
3.65239
3.79778
2.78086
6.57494
1.91634
1.92088
2.67763
1.92886
6.62341
2.73037
3.94748
3.83444
4.02468
3.48747
2.33892
3.79817
2.50377
2.21218
3.70797
4.6237
3.92116
2.80475
2.61565
3.44809
3.89483
3.90125
4.1336
2.05612
2.20547
2.43375
3.87554
3.75442
3.63906
3.68346
3.80428
2.24801
1.0428
1.62858
3.5932
2.20039
1.82222
2.04346
1.76508
3.76445
3.8328
2.19808
1.77307
2.8906
3.8197
3.49818
1.34251
2.26819
2.1369
6.68904
2.21995
1.72352
4.26202
2.36059
3.70648
3.66729
3.88668
2.20808
6.53038
3.77543
1.95304
2.39017
2.27236
4.24347
3.70102
2.81517
2.1678
3.87016
4.20208
5.46811
2.36294
2.36943
4.14604
2.11068
1.85612
4.3868
7.45245
3.66602
2.17102
2.87559
3.88395
1.53278
1.48362
5.1551
3.95396
4.39423
3.48245
3.93633
3.28708
5.28291
2.37693
3.81527
6.24569
2.20705
2.82705
2.85972
6.86093
2.84309
3.88492
6.39213
1.85078
4.0498
3.77321
7.07797
3.86639
3.8438
3.88085
2.43812
2.59758
1.19266
2.93166
2.81913
4.37624
2.146
2.88476
1.72329
2.67886
3.9802
3.83696
2.35718
2.88909
3.8114
3.23225
2.31326
2.19874
6.77987
2.07528
3.78474
2.55837
2.68771
2.64223
3.8841
2.49343
2.49196
2.21531
1.83622
1.98632
8.02156
2.10072
3.89538
4.03162
3.80162
2.58994
3.91566
4.50368
1.90281
3.51874
1.42226
2.22484
3.86692
3.88713
2.27884
2.86148
3.55892
2.83873
2.25762
3.51169
2.1916
3.84271
2.6866
5.74827
2.48315
2.0609
1.33872
1.74266
2.26023
2.36544
3.78585
4.44544
4.21559
2.64485
3.37885
2.27208
2.79471
3.65944
2.74041
2.7874
4.41786
2.66556
2.29268
3.76249
4.57916
3.76749
1.85053
7.35764
2.37271
2.23511
1.46897
2.13778
2.28595
3.6008
1.49782
2.33895
3.32699
2.07729
2.21578
2.2138
2.38191
5.09812
2.1971
3.51538
2.33286
3.86732
2.34548
2.81742
2.33166
6.05627
5.19571
2.09816
4.41939
2.06049
2.27796
2.41427
2.71211
3.55226
4.27634
2.04293
4.20053
3.9008
3.92919
2.29361
2.31932
4.17644
2.51643
4.22433
3.71899
2.2265
1.74295
2.35679
3.87284
2.16018
2.23741
4.55152
4.40198
2.66806
2.85101
2.80449
3.20699
4.20766
4.05106
2.30297
1.81011
3.13017
2.22816
3.61467
2.80085
7.54042
2.382
2.37782
2.40209
1.03199
3.5958
3.86053
4.59685
3.68691
2.3367
5.11637
3.20109
2.84714
2.78189
1.76919
7.16998
4.15371
1.19105
1.40856
4.77574
3.54805
2.99509
2.39413
1.42864
5.31563
3.90332
2.61155
4.641
3.87871
2.24196
1.78203
1.72642
2.28786
3.33046
2.78052
3.82282
3.80882
3.64025
4.11375
3.8935
2.97217
2.27064
2.74025
5.55733
3.85817
3.77382
5.12393
1.67522
3.08524
1.88062
1.17801
3.98563
2.61861
2.49746
3.34024
2.00002
4.45822
2.06007
4.42636
4.05836
2.62994
2.84003
3.88623
4.07822
7.16997
4.22927
3.73806
2.29587
1.76681
2.31924
3.79942
3.8309
4.36251
2.258
5.20333
2.81457
3.34247
6.56216
2.44496
1.82704
3.93187
1.69726
2.38651
2.75555
3.96588
4.43446
3.6576
3.314
2.14609
4.40554
3.8072
3.76919
2.41117
2.51418
2.23462
3.85325
3.90097
2.69106
2.2376
5.37688
2.46276
4.9862
3.12151
5.02415
3.53674
3.70655
2.66918
1.92579
2.03895
7.74403
3.75169
2.44069
2.37462
3.77623
2.78055
1.52869
3.82429
4.60245
3.9875
2.35816
4.09749
6.41361
2.41754
2.18097
2.33685
1.88157
3.77747
3.94681
4.42938
2.57226
3.86939
2.06481
4.01973
3.77657
4.66308
2.21383
6.21801
3.47341
4.59526
2.83872
3.83738
2.27479
4.45343
1.10447
2.48323
2.69936
3.94687
2.35457
2.31052
5.74111
2.76482
3.48438
1.78662
4.0424
2.2569
3.81142
3.51741
2.08036
2.21007
2.42538
4.71692
1.88222
6.37378
3.68864
2.24462
3.67301
1.70228
3.54881
1.98471
3.81305
2.12238
1.47505
4.56785
2.39229
1.45676
3.93449
2.85904
2.06844
7.72723
2.23864
1.84371
5.96258
2.27805
4.57459
5.19868
4.14449
3.03143
3.52569
2.35429
3.53904
2.80278
2.4721
4.48168
3.57201
1.81439
3.4553
2.41074
2.63836
4.55263
4.56355
1.98847
4.06724
2.40361
3.87292
2.29747
1.40079
1.46449
2.22847
2.13591
3.84579
1.91136
1.68972
2.04773
5.74819
1.87587
2.20992
2.61897
3.00678
3.92832
1.53609
2.85226
3.54468
2.33257
3.86864
2.06082
5.74666
2.31975
2.70999
2.35397
3.88301
6.25448
4.45165
2.99434
2.32088
4.63918
2.71299
2.85859
7.19794
2.79952
4.05475
2.36653
1.86514
2.48429
2.42805
2.54926
2.59823
3.84318
2.74389
2.36533
2.1808
2.61936
2.14785
2.68576
3.61149
2.34295
3.81537
2.69922
2.56981
4.62117
1.64033
4.18897
2.16724
2.47422
2.26001
3.78929
3.82552
1.65242
1.9951
2.50969
2.81
4.02074
2.26274
1.938
4.75878
3.83005
2.45934
2.1161
2.33328
2.66355
3.55502
3.85919
2.01816
2.42066
3.85292
3.86237
3.80376
3.89246
4.08713
1.94218
3.58951
2.68302
2.38514
2.7881
6.70669
3.45057
4.58288
3.52122
7.67927
2.27189
2.80032
1.84396
2.24461
3.57311
2.62515
2.64738
4.37462
3.91005
3.80192
2.24679
3.47895
3.76579
3.87562
3.78341
3.6721
2.35265
2.88205
4.06352
2.19856
2.22142
1.75762
4.74826
2.05431
4.56382
3.83765
1.92861
3.64403
2.08053
2.21423
1.11118
2.12023
2.85969
4.51443
3.61073
3.4456
3.59013
2.36198
5.5918
3.62179
1.8956
2.88282
1.8913
1.81123
3.05673
4.22165
3.81941
2.45836
3.61962
2.17705
2.33798
2.27706
1.93018
3.82114
2.06901
2.25915
2.2467
2.3213
2.68035
3.83022
3.88281
3.82199
1.0444
2.04096
0.982349
3.83503
2.30068
3.86343
3.81095
6.50035
6.53847
2.20844
3.81912
2.24169
2.39778
4.07064
2.70536
2.24068
2.10104
2.80836
2.18063
4.55709
2.44486
3.8634
3.77638
2.14978
3.17516
4.33644
3.6601
2.03121
4.47074
2.7494
3.94961
2.35743
3.17721
2.73357
3.72464
3.82143
1.9153
2.85688
1.66059
2.05222
2.43709
4.02845
2.33021
1.72151
2.89236
2.28064
1.83409
3.58288
3.87586
2.37166
2.18709
2.14097
4.04522
2.43347
3.9815
4.04522
2.79111
1.99051
4.33251
2.31174
2.15633
3.57938
3.68532
2.75202
2.31646
3.72766
3.29277
2.39852
3.56978
3.16511
2.40995
2.77478
2.55003
1.73353
2.03071
1.93495
3.75726
2.26098
5.83368
3.73124
2.45791
1.68654
2.34608
4.09279
3.77793
3.0789
4.35204
4.37073
4.44291
1.23641
3.76124
2.08044
5.88939
2.18742
3.83635
1.93372
2.3943
3.58851
2.808
2.38914
2.29281
3.38863
2.78933
2.35149
3.65985
4.12441
3.85171
3.83526
2.78728
2.43739
3.38293
3.90635
1.81107
3.95084
1.03981
2.43884
3.78322
1.93167
3.65288
4.44018
2.05428
6.86874
2.3559
3.9395
8.15705
1.72356
1.8832
3.95126
4.45139
2.40635
3.61248
5.17425
3.97624
3.36141
3.81374
1.60024
2.30845
4.10249
2.80345
2.40676
2.81311
3.32664
4.45443
5.24607
3.81565
1.9972
3.82449
3.51373
2.02915
2.19228
2.4754
2.23565
2.11999
3.21449
3.78297
1.92929
3.84729
2.12841
3.87301
3.85295
2.49426
2.80994
2.70818
2.49123
3.91916
3.87484
2.1529
4.00123
3.78642
3.31907
2.47676
2.40889
1.96259
2.21462
3.38898
3.91589
2.16791
4.10316
3.83617
2.16185
2.35147
4.20174
3.5668
1.95181
2.40759
5.97056
2.72083
3.57679
3.94266
4.11856
1.5894
2.30759
3.8716
1.76171
2.29845
5.24385
1.65754
3.44114
4.00401
3.95237
2.94588
2.10338
3.44527
6.51383
2.25083
2.46159
2.45404
3.89077
3.94332
2.58822
4.01499
4.1827
1.85676
2.5936
3.5881
5.94733
2.39644
1.92199
3.3243
3.82274
2.80827
3.95657
4.57975
2.22408
3.57574
1.92107
2.44181
3.52953
3.8205
5.08348
2.65909
1.55161
7.74592
2.38669
3.80466
3.69114
4.43591
1.56404
2.56758
3.83914
2.10809
2.32904
2.03633
6.99473
2.42468
3.30573
4.21775
1.2553
2.63184
2.17093
6.43719
3.74277
2.59667
1.89586
2.33107
2.32707
2.07949
2.40064
3.85093
2.59271
2.2783
3.53658
4.49774
3.70846
2.48686
2.68604
7.7156
4.27634
3.84775
4.39358
2.62045
2.79876
4.02122
2.23138
4.00382
3.57663
2.81127
4.10511
2.84026
3.19811
5.06712
2.80916
3.57697
1.36282
4.75005
2.87451
4.11047
2.27186
2.42359
2.86462
2.80164
3.94461
1.73982
3.98425
3.54379
2.58119
3.61124
4.50351
3.98461
1.94258
4.30122
4.62823
2.47881
2.31816
2.56546
5.79296
1.82791
0.222021
1.55767
3.57934
2.37564
2.85474
2.9712
3.67488
3.83576
7.0928
3.81617
5.2914
5.704
1.58005
3.83914
5.11228
4.17082
2.31607
7.33992
3.73143
2.2836
4.46154
1.9999
3.69672
5.32224
4.30564
2.85756
3.77612
3.86225
3.7045
1.1563
2.26509
5.27665
1.70574
3.83028
1.42661
2.37434
4.49457
1.98194
3.50515
3.76999
3.61135
2.9119
2.42591
2.31994
6.69445
1.78059
2.54945
1.34295
4.47351
2.22807
2.70734
3.77554
2.62092
1.99223
1.67507
3.84574
3.08152
2.47352
2.32824
3.52624
2.5984
4.55193
2.67104
3.0363
4.07731
2.40611
2.47809
2.5085
2.3375
3.00898
4.13399
3.76826
7.08199
7.34101
5.23465
5.81527
2.51695
1.49108
5.03756
6.80022
2.17522
1.15255
2.77035
2.16375
5.12227
2.88869
3.82623
2.80357
3.12729
3.60704
2.77967
3.189
2.70205
2.33367
6.39549
2.66479
2.72892
3.55191
3.4099
2.78961
3.69318
2.76362
2.28301
2.85722
3.5642
4.6989
4.1322
2.39279
1.44329
2.71741
3.92656
3.33577
2.25512
2.52717
2.62016
4.10591
3.94325
3.56086
3.89268
1.96093
1.95478
3.95022
4.07378
2.49462
3.93918
4.18176
2.2833
6.0437
2.54761
4.08667
3.88233
3.69934
2.44051
1.51881
4.73044
2.47075
2.32819
2.62773
2.34264
2.43305
2.38513
4.01102
2.45467
3.59798
3.48076
3.96412
3.59291
2.44079
1.19132
2.02224
4.09437
6.53392
7.64048
5.22953
3.82719
4.69006
2.30771
2.72412
4.31871
4.13558
2.76458
4.29171
4.22194
3.59018
2.00966
2.85846
3.78637
1.95315
2.19738
2.36534
5.33756
2.34705
2.36622
2.35101
4.12222
2.38375
3.36886
2.50761
2.47748
3.61272
1.13712
3.9469
2.00304
3.04423
3.42256
2.09318
1.48326
3.82077
1.37575
3.8675
3.73532
2.02696
4.62247
5.6589
2.29016
3.92895
3.75715
1.87339
2.37969
2.22231
7.2144
4.49825
2.8898
2.41637
2.05202
2.43549
2.47432
2.80913
3.46493
2.53122
3.38321
2.68999
3.13046
2.77596
3.81959
2.28328
2.16069
3.80741
1.55083
3.75301
3.31194
3.12605
5.02549
3.48407
3.97052
2.6707
3.67988
2.72364
2.48722
2.81302
2.33925
3.86151
2.6579
2.49135
2.7077
2.38241
2.01243
3.91468
3.66388
3.25135
2.73987
4.59342
2.83531
2.64989
3.42657
3.95335
4.57286
3.73712
2.52381
2.51088
3.92498
3.69757
4.31802
3.82046
2.81195
2.42425
3.39879
2.46305
2.62997
2.52145
3.57851
2.40554
4.29228
3.95581
2.48667
4.0977
6.71977
2.93429
3.50574
3.44799
2.49393
4.14764
2.18284
3.40558
2.06757
3.37599
4.00732
2.45991
2.45003
3.45774
1.83086
2.78482
2.27547
3.91259
1.91274
3.76865
3.49334
1.90951
2.2616
2.80658
3.47787
2.36823
2.51174
2.33056
2.01223
2.31264
7.20789
2.81866
4.07698
2.40151
2.50398
3.8688
2.11899
2.31563
3.93337
1.23241
3.98023
2.84269
2.5036
1.66778
3.88766
2.65237
6.70958
4.51839
2.22902
3.75267
3.9173
3.75241
3.86171
3.85522
2.47203
2.77296
2.32993
3.78163
5.23886
2.96764
1.92082
4.03856
4.06782
1.74495
2.06155
3.06688
1.85094
2.09714
2.50628
2.00356
5.25226
2.28802
7.24015
1.62805
1.35003
4.12478
1.95258
3.88827
3.83646
2.15346
0.997825
2.48911
4.56336
2.68764
3.86972
2.32814
2.5052
3.73775
2.94533
3.9833
4.23791
4.80238
4.538
2.71389
2.34975
2.67909
2.39467
1.74323
3.88029
1.15178
3.12034
2.28585
2.0443
2.37472
2.38217
2.04391
3.09685
3.60891
2.37323
2.52314
1.81541
1.62885
3.84507
2.63979
2.76702
2.47794
5.29309
2.04086
3.87573
3.81247
4.32396
2.27739
3.93242
2.36297
3.78229
2.7729
4.56697
2.42442
2.77572
3.58546
2.43741
3.8235
2.1435
2.83725
2.25213
3.06021
4.36492
2.58441
7.19677
3.99715
6.19936
3.35373
3.98068
2.80168
2.16756
3.54329
2.24542
5.29079
2.82454
2.71791
2.51023
2.37339
5.27256
4.08058
2.89515
3.86388
4.61047
2.38416
4.65867
1.99111
6.00209
1.3827
3.83896
3.30082
3.9529
2.40879
2.10603
1.61712
2.01295
5.51717
1.77121
2.44075
3.13088
3.16272
2.75365
4.44044
3.17278
3.81892
1.42652
4.15157
2.65588
3.48139
1.92081
2.46767
2.75685
1.08846
2.34839
2.42706
4.12334
2.17474
4.06927
3.12992
2.20345
2.67684
3.716
3.55036
3.81126
2.3724
2.34037
2.28786
5.20898
2.80683
3.08421
2.58909
2.45815
7.50026
3.29541
2.59705
3.49326
5.07384
3.80242
3.44275
2.87837
2.43238
2.59517
1.06806
3.15394
2.48558
3.59982
2.46165
4.23239
3.30588
3.6914
2.64964
2.67184
3.8204
3.34971
3.74472
2.84292
2.73707
2.06393
2.03184
3.98543
0.572765
4.42145
2.3857
3.32574
2.51979
3.7227
3.88062
2.47404
2.38765
3.04553
2.51994
4.0051
2.66349
2.35073
3.94077
2.58335
4.37508
3.98461
5.42058
3.62413
7.03332
1.65653
2.46094
6.76096
3.44854
6.82233
2.10104
3.73369
2.08364
2.49593
2.01666
2.70362
1.61543
2.83061
2.26244
2.8816
1.4424
5.38491
3.85359
2.78187
3.32926
3.98632
4.55697
3.75048
2.41985
2.92826
3.78715
1.51698
5.04776
3.91694
2.56464
3.88541
2.86911
2.59664
3.95541
4.12554
3.0843
1.5452
1.54646
3.36404
2.25973
3.70403
2.05904
4.49122
2.20277
4.52905
2.4819
2.77329
3.81196
2.09119
3.10382
2.61621
2.65895
2.21793
2.07878
2.49109
3.39703
2.46866
2.29034
2.49313
2.7434
2.28361
3.68146
2.72775
7.34819
3.74323
3.6548
4.12719
4.34919
3.73464
2.06109
2.26871
4.12521
2.07609
2.2469
2.60258
3.79952
2.551
3.57031
4.15226
4.30097
1.85268
3.64852
2.81446
3.5323
1.63412
4.56316
1.3368
3.8153
3.83369
3.19367
1.43754
4.15846
4.44313
3.75101
3.65439
3.71186
5.48022
2.60871
4.71383
3.81741
2.28045
3.73808
2.63963
3.24705
3.12673
2.36153
4.42174
3.80317
2.74314
2.73566
4.14846
2.55334
4.21413
3.59544
6.40022
4.28651
2.83792
5.78443
3.63291
2.48603
2.09385
1.46865
3.78388
2.30745
1.74196
3.83309
3.82202
2.46455
6.1759
1.47878
1.76298
3.17231
4.08898
2.30436
5.80578
2.50726
2.47707
3.74745
2.96584
4.12679
2.38536
2.45081
2.5483
3.75791
1.98082
4.14406
2.35772
2.36615
2.90075
3.15994
2.62152
2.54003
7.30066
1.64404
2.60617
2.46941
2.05443
3.18116
2.40336
3.46558
8.04523
2.23408
2.51381
3.64158
2.58189
2.85834
5.83605
3.58876
2.96162
2.06062
3.28342
2.64154
3.51528
2.2126
3.01308
4.62104
2.13456
3.66531
3.73329
2.3838
3.77789
1.99145
1.93616
2.05022
3.53061
2.38321
3.76793
3.70281
2.52413
3.82715
7.24415
3.74178
4.88459
2.98677
2.56505
1.32392
2.72271
4.13785
2.45041
2.12742
2.79878
4.66996
2.15773
3.57622
3.74093
2.65932
4.10988
2.45582
3.15117
4.07392
2.71113
4.96192
2.56938
6.48422
4.31014
1.92308
3.95282
3.80578
2.131
2.36659
2.08127
3.92977
2.44955
4.42157
2.88315
3.04533
2.14592
2.73153
3.69571
1.40073
3.04976
2.04201
2.51205
3.54872
1.9389
4.27927
2.44349
3.82883
3.67432
2.62414
2.78279
2.83199
3.86563
2.2426
2.86811
6.66846
1.43754
2.27777
2.64536
2.36438
2.8861
2.78952
3.15716
2.69589
3.59371
2.76727
1.8603
2.32272
3.99984
4.34959
2.53157
2.10346
3.62792
2.30896
1.88241
3.8078
4.56779
2.59084
4.73449
2.81005
3.74364
4.02628
2.07108
3.61145
7.71529
2.3945
2.50343
2.34984
3.413
3.74251
6.21084
4.04855
2.53616
2.73937
2.74012
2.84702
2.52489
3.6624
1.48
2.58101
2.56215
1.30943
4.50694
3.91646
3.68789
2.40143
3.83525
3.8545
3.5549
3.1329
2.30028
2.93144
3.82761
3.81744
3.48969
2.83681
3.57786
2.63234
2.5602
3.92422
2.41372
3.79614
4.53017
2.35937
3.72073
3.80593
3.36895
3.84093
2.19047
3.90127
2.42751
2.58143
1.98466
2.32643
3.42883
3.34392
1.46259
2.83299
2.58515
2.69193
2.74178
2.81584
3.36065
2.4732
1.70572
2.85418
4.05555
3.75621
2.95935
5.43378
2.52003
2.54909
4.16245
2.21142
1.7801
3.49793
4.05169
3.43628
3.7571
2.50982
5.33918
2.4363
2.90403
2.33972
4.50982
3.68822
2.88783
2.54626
2.75814
2.00417
3.43348
3.91425
2.76884
3.79833
2.81108
2.65222
3.86524
5.57711
2.36771
2.99306
1.49499
2.76684
3.08779
3.72439
2.49709
1.81452
3.4693
3.02161
3.46819
3.34124
4.86106
2.47105
2.15456
2.54938
3.37118
2.57674
1.9605
2.57797
2.54842
2.3185
4.30951
3.34353
3.72056
4.08614
2.44414
1.95919
2.5906
3.76789
2.62166
5.38174
2.61984
2.44002
1.14948
3.45285
2.05888
2.32002
2.72102
2.4776
2.07229
3.84815
2.51422
2.98258
3.83182
2.39293
2.80133
5.07665
2.12586
3.72511
5.21071
5.16001
2.97423
3.56194
2.37363
4.10514
2.63932
2.62775
3.79822
1.92514
3.83587
3.18694
3.25682
2.85605
2.39218
3.16345
1.42481
2.45659
2.8699
3.36163
2.46491
6.87453
2.80383
3.67334
3.85259
2.699
1.68467
2.6296
4.44465
1.33597
1.01726
4.63295
3.31917
2.09834
5.24215
3.32282
2.76254
4.28942
2.13379
2.62226
3.33446
5.94909
2.35711
5.51773
2.61154
2.75956
7.79142
4.10779
2.15708
2.37147
2.34872
4.46608
2.62047
3.52584
2.51306
3.7427
3.82071
2.80305
2.51578
3.6936
5.54859
2.45372
2.37884
2.21069
8.80264
1.69762
2.7285
3.86175
3.85432
3.87251
2.35969
4.11616
2.77998
3.3675
3.64932
2.22484
1.68208
2.66112
3.38561
3.916
3.78073
2.4451
3.4287
8.42509
2.40492
3.48274
2.69065
1.78047
4.05987
3.70635
2.34404
2.32341
1.88041
1.94256
4.09086
3.1057
4.50103
1.97899
2.24994
3.30485
1.56816
2.41585
2.54028
3.39068
3.79774
3.91491
3.5093
3.58281
4.48121
6.84624
8.62826
2.92919
3.65976
3.71629
3.60048
3.66834
2.79625
2.50636
3.36725
4.95744
2.59384
2.29776
3.56003
2.26232
3.76174
2.84799
2.86569
1.72497
2.40988
2.1766
3.97488
2.87471
3.7042
2.52221
3.76797
3.92654
4.09242
2.49093
3.65246
2.11038
2.78311
4.0284
4.23551
2.18886
3.81168
2.66205
3.7336
1.33509
3.8825
5.48474
2.53111
4.4087
2.36733
4.47675
4.47772
5.47433
2.78801
3.48146
4.19888
3.75192
2.63642
3.53504
2.66877
7.10678
3.25655
2.59957
2.34869
2.56346
2.76507
2.19709
3.92219
4.09389
2.60771
4.61191
2.42508
4.33094
2.69813
2.50236
2.97836
3.42873
2.17507
3.1358
1.7913
4.52492
6.14791
2.59565
3.92659
4.54525
2.68281
2.59787
4.57752
7.22271
2.35107
4.20247
2.41898
3.84842
3.5931
3.35795
2.41275
3.6794
4.0838
1.90143
2.48366
3.70135
2.25475
3.95774
1.86287
2.43496
3.69441
4.5753
2.45294
3.32216
2.58546
2.41448
3.84984
3.32178
3.28237
1.46252
2.42807
1.41855
3.69567
1.30501
3.7137
3.46305
2.7722
2.61289
4.53911
3.60996
1.7301
0.675029
7.11712
1.17837
3.26646
2.85112
2.48483
3.67567
2.75304
2.21694
2.589
2.76126
3.61418
2.91801
1.89635
4.39417
4.04866
3.84036
2.64555
2.84385
3.9182
3.73326
2.79495
1.67612
3.43822
3.73171
2.80814
2.89663
4.03883
2.73688
2.81558
3.41317
3.87242
3.93821
2.82085
2.44612
2.62671
2.93338
2.85942
2.70683
4.11922
3.4599
3.97944
3.49081
3.89568
3.77989
3.89955
2.61374
2.3618
2.78862
3.76558
2.39326
4.13022
3.12244
2.73272
4.46777
2.75847
3.74307
3.86049
2.66843
3.32643
3.3856
3.42343
3.88801
3.65262
2.55766
7.83899
2.54902
2.82771
4.02008
2.61256
7.86045
7.85555
2.26826
2.61447
2.29765
2.69763
3.34343
2.86709
2.1739
3.68348
2.53836
2.58417
2.75013
2.62834
2.26294
2.32223
3.397
2.46081
3.69179
3.91305
4.55192
4.05466
0.25033
2.43417
3.97414
3.75686
2.45436
3.87152
2.65704
2.36034
2.82886
4.39
2.40396
2.46832
2.21686
1.17371
3.61433
3.07955
6.92059
4.07845
2.68034
3.6762
2.8226
4.2788
3.94571
2.58765
2.56332
2.5107
2.41047
2.50125
2.45414
2.76143
3.20968
3.7631
2.42769
2.1496
1.73659
5.08535
2.27142
2.86226
2.66932
1.69374
2.98801
2.45773
3.23917
2.83921
2.1944
3.27572
2.35167
3.73956
2.73126
2.64212
2.53315
4.19244
2.75719
2.62967
2.63822
2.37623
4.56569
1.9322
3.91901
2.13618
5.17404
2.94347
5.38964
3.72509
3.73596
2.66506
2.95126
2.43413
2.50814
2.50336
2.39663
2.30223
3.3879
3.29887
2.63272
3.38636
2.5076
2.87059
2.76056
2.55154
3.42918
2.21372
5.53629
3.66449
2.09938
3.78808
3.47681
2.04168
3.62553
2.44624
1.76079
3.63442
3.79547
3.66845
3.61579
2.84656
6.20458
2.65746
3.78117
2.37954
1.52414
2.84638
3.39874
2.63894
2.0889
3.78135
2.35345
2.79092
4.039
2.20709
2.30933
1.67611
7.50407
5.57553
3.74589
2.73942
3.05841
4.10455
3.10089
2.43004
3.48692
2.53914
2.82303
3.65558
2.0118
3.36124
3.55692
3.48869
3.49656
2.39031
2.66347
3.76774
6.67109
1.97421
2.65188
3.6783
2.73577
3.74295
2.69944
6.98706
2.35603
2.71604
3.48457
1.24272
6.66462
3.96603
3.72117
2.50789
2.62122
2.41392
5.27558
2.20221
3.52027
2.46334
2.34089
2.21491
2.63528
3.79236
3.06464
2.80725
2.44685
2.4129
3.12194
2.5171
3.20743
2.26929
2.5418
3.48052
2.56776
2.51299
2.62084
4.06606
2.49851
3.67621
2.75641
2.06276
2.75044
2.63283
7.1941
3.84965
2.8234
3.84854
3.81505
2.52512
2.24828
4.50926
4.06728
2.632
2.74584
2.51427
4.42762
4.25126
3.28154
2.5301
3.92862
4.04975
2.35142
4.10897
3.12417
3.15035
2.26047
2.61975
2.4962
2.71026
4.41011
2.64377
1.92692
2.49748
2.14964
2.79507
2.41105
2.67587
3.83173
2.06684
2.48055
4.13082
3.64886
4.14919
1.99797
2.62883
2.78008
2.46324
2.32089
1.42309
2.56555
3.78734
3.74132
2.29871
3.40596
1.97018
2.75353
2.47979
2.35839
2.22669
3.81594
2.99576
5.73773
2.44349
2.65074
3.10783
2.01742
2.36024
2.40598
3.01399
4.28121
3.95766
2.14483
2.60149
2.59545
2.16658
2.61941
2.96543
2.66078
2.74132
4.72923
1.92372
3.9812
6.97873
2.79662
3.79343
2.92597
3.73398
4.53163
3.51758
3.51411
3.86603
2.53109
3.3446
2.56503
3.51355
4.60556
2.6934
3.41327
3.66571
3.51667
4.14694
2.26648
2.63203
3.70114
2.68444
1.66859
2.53319
2.80458
2.24872
2.7038
3.60142
3.74937
2.65217
2.84407
1.36616
3.35843
4.44707
1.07197
2.5258
7.31689
3.86593
1.7428
2.20022
3.15654
2.53686
3.21626
1.93872
2.48456
2.67265
2.54132
3.65694
2.65026
2.67769
2.87782
3.87992
2.29886
2.58981
3.46863
3.51875
2.82454
3.89319
2.73617
3.37588
2.56685
4.56597
2.7026
3.65317
2.796
2.66605
5.89644
3.64216
3.52108
2.69338
2.3827
3.79715
3.75426
2.39003
3.90219
3.99832
2.87543
4.69866
2.82768
7.04814
3.56192
2.55292
3.53621
2.71116
2.14252
3.77737
3.51154
6.09884
2.9547
2.36501
2.00896
3.10879
2.33045
2.12632
1.97101
2.46312
2.51519
2.07355
2.68923
3.88059
2.71667
2.28983
2.65253
2.86313
3.68669
2.23917
2.71505
2.57429
4.37245
3.29833
1.36105
2.61269
3.55556
3.80898
2.53182
3.05389
3.63714
2.7954
3.60296
5.89537
2.87532
3.8315
4.54195
7.76284
3.88777
3.69215
2.37229
2.68256
3.90725
2.43208
2.64431
2.66983
3.85401
2.78851
2.13996
3.00998
4.4642
2.86369
2.36351
2.77119
2.38401
2.73328
2.44666
1.72368
3.02307
3.39536
4.49238
2.67509
2.34511
7.43511
2.19944
2.6526
2.68873
3.7242
2.74544
2.83402
4.58486
2.60518
2.29321
4.40013
2.80345
2.58954
2.54286
2.86818
2.50409
3.55413
1.66743
5.20718
5.95619
2.7095
3.66745
2.53738
2.4981
3.90291
2.02278
5.71082
2.0418
4.2753
2.66766
2.77486
5.35389
1.87406
1.87231
3.66569
3.21386
3.21203
3.44368
3.22847
3.07028
3.81076
3.34852
2.79508
3.22561
2.69856
2.66798
3.79089
5.20728
2.63715
2.56204
2.85636
2.71276
3.44489
3.71184
3.24878
3.2907
2.42746
2.03723
3.00372
3.84089
2.73648
3.11922
1.09996
3.96063
2.83015
2.97683
2.72291
2.68107
7.20694
3.85982
3.86917
3.14923
2.71907
2.08702
2.72308
5.30916
2.66878
2.27734
2.46976
6.79302
4.58743
3.42095
1.83372
6.25148
7.01359
2.03588
3.60041
8.21421
4.65687
4.95515
4.19398
4.39014
8.05543
4.33958
4.30833
8.1873
4.35404
4.28502
6.18855
4.32429
4.32425
5.17928
5.27818
4.30635
8.14978
4.28525
4.29076
4.36477
4.31953
4.71158
5.03495
8.19687
8.20625
7.49193
3.92713
1.69911
3.98644
2.85242
2.35837
2.21973
3.75449
4.31479
4.83769
2.9216
2.828
3.1055
4.13345
2.91867
4.05127
3.54984
3.1185
2.23375
2.7791
4.84279
2.69681
3.98743
3.66383
2.29451
2.75069
3.61224
2.65091
3.01317
3.01966
3.68225
3.93868
3.87187
3.5051
2.87435
2.93465
2.7781
2.70809
3.50999
3.51181
2.68121
2.83228
3.72355
2.52386
3.82323
5.84897
1.95737
3.02011
3.81151
2.61696
2.61713
2.41968
3.77314
2.65153
3.89115
3.96127
2.34216
2.45151
2.45039
4.08824
2.73141
1.15828
2.03442
2.46835
2.31112
3.82138
3.86779
4.96187
3.32914
3.05562
2.62798
1.91683
2.58205
3.83106
3.87981
2.75967
2.69154
2.53149
3.72159
2.30935
2.11841
2.63829
6.92516
5.77788
3.5285
2.86632
2.75501
2.86823
2.679
2.69901
3.76016
2.8147
2.78068
3.62917
2.59692
2.79415
3.6847
3.31258
3.79935
2.68257
4.37909
3.76053
2.15878
2.63335
2.73099
2.55676
3.91761
3.40306
3.79745
2.56931
3.33318
5.65222
3.19428
2.27466
2.8917
2.68479
2.81925
2.56446
3.81261
2.74703
3.122
2.0739
3.48633
3.79319
2.2075
2.38323
2.46434
2.70571
2.58395
2.48623
2.98548
5.44079
2.26326
2.19674
2.75933
6.20201
2.4708
2.60706
2.86538
2.43633
2.69068
2.96006
2.43452
2.03234
1.93951
2.57287
5.21063
2.34236
2.76433
2.61339
2.80345
3.83886
2.6539
2.87273
2.96697
2.89315
2.8749
4.46928
1.12567
3.87621
2.45695
2.47237
3.35049
2.2588
3.6098
4.24425
5.30989
2.28108
2.77048
2.61312
1.7655
2.48155
2.63226
2.01825
3.91335
3.43458
3.87996
3.38137
3.52407
2.3519
3.12939
2.71279
3.86744
5.58758
3.94424
2.65045
1.65848
2.89066
2.48954
2.71903
2.81457
3.29329
2.71604
5.26335
7.2661
2.3059
2.54353
2.53915
2.34839
2.03412
2.69567
2.69769
2.23732
3.2791
3.85503
4.50346
1.41942
2.97946
2.91343
2.50008
2.8521
2.78488
3.05198
2.04834
2.52119
3.8079
4.93632
2.49789
3.80618
2.46149
3.81688
2.68938
2.77291
5.29689
3.09948
1.94999
3.62495
2.64744
3.91011
2.60554
3.35185
2.59866
1.86293
4.15884
3.62335
3.77888
2.71225
2.84612
2.74638
2.74448
2.32716
3.48254
3.85774
2.08562
2.16543
2.70437
3.5589
3.55609
2.50955
3.00319
5.36084
4.04218
2.6287
2.62742
4.6843
2.74664
3.92315
3.57576
2.80381
2.70647
3.52439
2.79381
3.83866
2.97537
2.54035
3.52901
2.68925
4.0448
5.39957
4.5533
3.77261
3.87646
2.75177
2.60398
3.48001
2.417
2.63299
2.72752
3.78241
2.94577
2.60348
4.3823
3.89353
3.37508
2.86345
2.65458
4.07945
1.67206
4.01541
3.72476
2.19531
1.99702
2.81222
2.72406
4.34077
3.25757
3.51779
4.49533
3.0245
2.32891
2.06813
2.76516
2.5973
3.80686
2.56319
2.89484
2.69223
1.78248
2.7334
3.86165
3.69719
2.35
2.74207
3.28062
4.37285
2.60147
2.75723
3.25492
3.8397
7.41861
6.79121
2.29775
4.54285
2.101
2.74328
2.71044
2.14782
2.58251
3.16621
2.5341
3.82274
2.71777
2.51957
1.98232
2.79874
2.52684
1.69344
2.73937
1.98358
6.73587
1.99082
1.27781
2.58888
2.48884
3.41608
2.68465
2.70144
2.63964
3.47737
2.43176
2.72129
2.50403
2.57938
2.69115
0.965653
3.7017
2.68698
4.42502
2.48986
2.75478
3.10061
2.18688
2.79163
3.69921
5.4136
3.8927
2.09466
3.5827
4.00426
3.19912
4.22913
2.37913
2.71918
2.46025
3.82348
2.69683
3.19078
2.05883
2.4915
2.63167
2.70643
7.03066
3.61071
1.64234
3.8151
4.54086
4.19138
1.89694
2.58053
2.70184
2.85688
2.50839
2.73019
3.78535
3.86278
2.62958
2.61396
2.8966
2.68666
2.75414
2.61309
2.61589
4.34437
3.75613
3.61121
2.52176
4.57833
3.59517
3.77311
2.55345
1.94315
3.65515
3.3059
2.6624
3.85717
3.27468
3.0003
2.73597
2.71957
2.56367
2.60777
3.60085
2.60174
3.64803
3.88975
3.2652
1.38776
4.41235
3.59128
3.567
2.74988
2.36287
3.83596
4.51629
3.4736
2.74157
2.72953
7.28982
2.71184
2.35464
3.74184
4.49911
4.31108
2.80983
2.75751
4.32551
4.03468
2.67898
2.61103
2.67521
2.7373
2.47997
2.33413
6.75882
3.51646
3.89579
2.68391
4.28279
2.20145
3.18256
2.69461
2.62812
2.83649
7.02708
2.75048
1.81515
3.82473
3.50842
3.25167
3.80861
2.82088
2.73836
3.45646
2.79359
2.73915
2.37326
2.86002
2.77908
3.57129
2.66012
2.62269
2.31717
2.76907
3.71114
2.982
3.19798
2.31924
4.00865
2.96449
3.52888
4.16076
4.7924
2.45553
2.69429
2.46614
6.81672
5.44089
4.03384
2.10654
2.37373
2.80711
2.82388
1.48136
2.77095
2.74231
2.38544
2.96215
3.25855
2.21892
3.22699
2.72733
2.82419
2.75173
2.76651
2.63516
2.6699
2.53937
3.25868
2.66846
4.18207
2.30034
2.3895
2.79887
2.59689
2.65063
3.07276
2.75918
2.08918
6.87093
1.98877
2.94497
2.384
3.38584
2.83764
2.62078
2.73848
3.86903
2.77917
2.65939
2.64447
3.12027
3.36876
2.72059
2.80077
2.10893
2.61274
3.28503
3.42254
3.46687
2.85244
2.11317
2.6049
2.4993
2.62108
2.39852
2.75687
3.6612
3.14907
3.44296
4.04927
2.76765
2.78913
2.54321
2.70015
2.75085
2.9234
3.87467
2.90097
2.40198
2.67814
4.44706
2.60476
1.92428
2.91812
1.36701
2.7419
2.932
2.96587
2.75409
1.76148
2.36304
5.34393
1.88365
3.80591
2.86162
2.71933
3.53348
2.79868
2.81969
7.18639
2.74727
2.82518
4.45838
2.77034
2.73881
3.95537
1.97268
2.36816
3.95172
2.70772
3.10122
2.68327
3.04329
2.73861
3.44901
2.13866
3.64932
2.67658
3.52931
2.35007
2.78894
2.69623
2.5276
3.04866
2.66324
2.77095
2.87078
2.79704
2.79324
3.52411
2.85242
2.82014
3.87866
6.85248
2.72927
3.62584
3.74657
2.66693
2.75599
2.72033
3.21045
3.57887
2.08414
3.40192
3.06946
3.82845
3.80623
1.84275
4.05468
2.19947
2.49943
2.75967
4.34211
5.43187
2.33207
2.80873
2.67618
1.9835
2.71105
3.69828
3.69513
4.14197
2.88431
2.84133
2.78416
2.7792
2.90326
2.77207
3.80824
2.697
3.65772
2.39123
2.20334
2.58937
6.20192
2.70532
4.0684
3.80887
4.67732
2.62903
2.3661
3.51049
2.4092
3.00495
2.76615
2.78059
2.74233
2.87496
2.83834
3.43485
3.07681
2.12886
2.02964
3.80431
3.74225
3.83806
4.26843
2.66399
2.79389
3.85742
2.56406
2.84403
2.46616
3.16679
1.80079
3.46809
2.79032
2.00224
2.78949
3.79156
2.7723
2.5986
2.65391
2.73095
2.86473
3.10215
3.53456
6.34503
2.6401
3.15072
3.53784
2.75473
3.33702
2.78338
1.91054
2.61655
2.43358
2.84283
3.89611
2.48867
2.6873
6.5953
3.20162
2.49135
2.18843
2.3794
2.60012
2.87605
2.54553
3.27901
2.73105
2.85385
2.79448
3.63541
2.80165
3.69871
2.7396
2.73187
3.94965
2.76982
3.59402
3.74655
2.81016
2.40347
4.52118
4.02373
3.47656
2.59546
2.22935
3.74055
2.69202
2.4464
2.63472
3.14881
2.74659
2.29508
2.4459
3.81126
3.21563
2.60781
3.18076
3.78001
3.84339
2.73132
2.58214
2.83327
3.01961
2.37852
2.86315
4.06003
1.37382
2.77021
4.02704
2.74403
2.76729
3.88837
2.76822
2.47366
2.81832
3.48384
1.86295
3.36307
2.78889
2.72917
3.28481
2.58029
2.76831
2.68936
2.25169
3.09488
2.59202
2.62151
2.94686
2.14645
2.75325
4.06103
3.26378
2.8011
2.43098
2.85488
2.80532
6.17648
2.81511
1.81146
3.83202
5.37961
3.89683
2.65069
2.85412
3.67578
2.44015
2.78131
2.61728
3.91193
2.65882
3.58193
6.85606
2.86068
2.55653
3.26727
2.0434
3.8448
2.78686
0.761465
2.87995
2.819
3.84786
5.29743
3.15708
5.48128
4.53269
4.44931
2.79882
3.86597
2.83431
3.35181
1.6094
1.81577
2.79534
2.70898
3.56734
4.3566
3.56142
2.78397
3.0258
4.05702
3.65984
2.82277
1.69623
2.75295
2.75969
3.68082
3.30837
2.80801
3.71373
3.39918
3.2326
2.75367
2.77451
2.68701
2.64363
3.75284
2.81461
4.57515
2.40542
3.0008
3.8986
4.33091
2.7103
5.14213
3.06796
2.34758
2.75891
2.63028
3.82386
3.09057
3.86033
2.83722
2.31241
3.49463
0.570728
3.47804
4.11426
3.70484
2.65339
1.72621
2.96469
2.82445
3.77181
1.36012
2.79946
2.88259
3.50275
2.81358
2.64802
3.42491
3.53792
6.82047
3.03455
4.31578
2.87693
3.73766
2.81382
2.14912
2.31544
2.80004
3.87538
4.85922
2.82112
2.81949
2.8659
1.65921
3.20343
2.42336
7.47999
2.75535
3.22919
2.82916
2.58374
2.76375
4.48864
2.2021
2.82605
4.42165
2.72744
2.74275
3.4662
3.81532
1.78082
2.6738
2.00944
4.35736
4.57439
2.44837
3.85894
2.79908
2.69144
2.64468
2.90887
2.11695
2.7491
2.23534
2.64895
3.4596
2.8029
4.61829
3.84305
2.68174
2.88508
3.50721
2.76664
2.38242
3.865
2.72078
2.58177
2.40461
4.42489
2.77581
2.86148
3.84277
2.16345
2.65892
2.98701
3.81397
2.80595
1.6545
2.41731
3.72751
2.9841
2.66559
3.03881
5.84462
2.77496
2.83612
2.75329
3.51948
2.82138
2.80786
3.14474
3.65258
2.8243
2.75345
2.78941
5.0194
2.79704
3.74876
2.82766
2.79914
2.8844
2.88499
2.48046
2.82754
3.12369
0.909756
2.76335
2.80834
2.44317
2.99053
2.98081
2.49049
1.451
2.38488
2.86532
3.15365
3.0059
3.82553
3.82879
2.47834
2.7265
2.69531
2.54182
3.25933
2.7914
2.81586
3.12984
3.26452
2.88957
2.87941
2.81859
3.50768
2.65863
2.74027
3.45843
2.80643
2.81629
2.66528
2.78888
4.03995
2.85353
2.48002
3.51287
2.76989
2.20822
2.79748
3.5991
3.09813
4.49383
3.61753
3.31813
4.50616
3.87929
2.74938
2.64579
2.46286
3.85738
2.64999
2.81631
2.79456
2.58677
2.99688
2.89285
2.75934
2.80646
3.75107
2.44354
4.21959
2.61352
3.72551
2.70173
3.46037
2.83727
2.76929
1.87697
2.71842
3.07996
2.83778
2.76454
2.69172
3.8508
2.22781
3.77705
2.29543
2.35929
2.85307
4.2354
3.62444
3.41701
2.47709
3.10538
2.89485
3.75863
3.67053
2.71549
2.21108
2.17621
1.96982
2.79253
2.69789
2.7358
2.82789
4.51186
2.51932
3.36346
5.4507
3.7577
2.75421
3.02875
3.90894
3.21854
4.11543
2.72159
4.68544
1.63184
2.30577
4.5274
3.83184
3.82189
2.73288
2.19729
2.61012
3.67951
2.58542
3.47341
3.82135
3.97009
2.67693
2.74475
2.43126
4.03222
3.80207
3.81375
2.28205
2.63972
2.77057
3.88753
2.78564
1.28376
2.78711
2.61789
2.60937
2.70929
2.35096
2.325
1.90283
3.15265
4.02471
3.68197
2.7926
3.51171
2.58863
2.8612
2.71638
2.699
7.18019
2.83885
2.87265
2.7643
2.68777
2.77479
3.54897
2.81128
3.53399
3.51697
2.73467
3.3551
2.7114
3.61295
1.65353
3.13158
3.64144
4.0057
2.82967
3.06288
2.54255
2.35325
2.57792
2.93646
2.76473
2.8265
2.63502
3.69654
3.98773
3.85127
2.71619
2.7218
2.23264
2.99576
2.73413
2.72778
2.68168
2.801
3.0191
0.592669
3.53304
3.24246
3.81898
2.15706
3.59323
2.80611
3.41449
3.94909
3.10609
2.61219
2.70924
2.64
2.76428
6.60375
3.37256
2.88245
2.48313
2.90544
2.84824
2.46214
2.91125
4.1304
2.6811
3.73471
2.47382
2.8233
2.51049
2.73974
5.31438
2.07331
2.87164
3.29115
2.8944
2.40468
1.73949
2.80618
3.31265
2.61735
3.6296
2.53986
2.63695
3.07727
3.88559
1.44435
4.08602
1.52537
2.58913
2.86536
2.69317
2.84079
3.77023
3.19557
2.76713
4.4115
2.88835
2.9504
2.9361
2.87256
2.69864
4.03233
3.07558
3.17691
3.77144
3.40032
1.5014
2.22186
7.4136
2.63691
2.52216
3.70781
2.68708
2.9225
3.84681
2.70984
3.85048
2.38443
3.72673
2.81495
2.78124
3.64618
2.79858
2.24709
2.24937
2.52343
3.30433
2.86931
2.88715
2.88309
5.58956
1.98563
3.1113
4.54457
4.0366
2.88698
4.15444
3.3249
2.7307
2.71971
2.7955
2.82058
4.42856
2.84128
1.84642
2.19492
3.58123
2.8505
2.2418
2.79285
2.8416
2.87
3.72222
5.4211
3.39708
2.70356
2.33283
2.85402
3.79935
2.78057
3.76418
3.87384
2.54795
2.74668
3.05824
2.77214
2.86222
3.2396
2.81217
2.81475
3.79322
3.13471
2.71517
2.46582
3.72533
4.82466
2.66325
1.97649
3.05662
3.87721
2.72175
2.73217
2.1162
2.82533
2.85259
2.3831
4.26859
2.86756
2.86635
2.81776
2.85686
2.84291
3.88884
2.77788
3.58279
3.73711
3.08264
2.7524
2.83607
2.6488
2.52789
2.13641
2.46747
2.41243
2.78929
2.45243
3.10518
2.18458
2.76136
2.81204
3.62373
6.87906
2.76466
2.78881
2.81104
4.58609
2.10692
5.99534
3.83869
2.60066
7.01832
3.58127
1.2525
2.72071
2.65663
2.76064
3.77962
3.58257
3.80202
1.86258
3.54303
2.87122
3.79103
2.93426
3.04052
2.26197
2.8691
2.63762
2.92436
2.242
3.57481
1.98417
2.87901
3.91993
4.09578
2.84927
2.81034
2.40396
2.79089
2.69084
3.21314
3.62683
3.06525
3.79998
2.4028
3.23735
2.76417
2.82705
2.57099
2.52149
2.15228
2.81303
2.71095
1.51807
3.47892
2.01449
2.5027
2.97844
1.85115
2.82123
2.81677
2.82604
1.75949
4.82208
2.25597
2.37695
2.76241
4.60872
1.94663
2.89141
2.75462
2.84764
1.758
2.8164
2.35044
1.32538
2.26924
2.75037
2.86515
2.21242
3.78145
2.7012
2.69361
2.78872
3.46959
2.88144
2.79081
3.83379
2.05902
2.85498
2.8336
3.18574
3.82283
2.98502
1.53304
2.87073
3.0287
2.72948
2.84458
4.05511
2.87654
2.74325
3.80829
2.98227
4.71214
2.74237
2.77872
3.54319
2.68282
2.73522
2.52314
2.75503
3.1396
5.28195
3.77152
2.74413
3.4256
3.11106
3.39361
2.99631
3.50756
3.75279
1.73857
2.94228
6.29353
2.47347
1.33251
2.87598
1.88225
4.26579
2.30483
2.89953
2.84927
2.78671
2.56068
2.75385
3.42758
2.86008
2.78464
3.84747
2.83877
3.0119
2.80696
3.67351
2.84028
3.64459
3.11834
2.30055
2.75884
3.66964
2.88104
2.42379
2.80654
2.47489
3.24447
2.34268
2.85266
6.67828
3.19988
2.78473
4.06773
3.55068
3.80301
2.80885
5.61473
2.18135
2.02786
2.75535
2.72914
2.79551
2.74905
3.80924
2.58472
2.78697
2.53161
3.70567
3.05777
5.49411
3.60464
2.83887
2.98934
2.74455
3.34581
2.84517
2.57291
1.9896
2.77823
2.25241
2.84054
3.83924
3.95333
2.78948
2.41099
2.51477
1.83683
7.06031
3.82441
3.28466
3.15911
4.01294
1.86944
3.01823
4.51256
3.59111
3.30666
3.07068
1.90498
3.02228
2.52232
2.79631
2.6936
1.85688
3.14076
2.76972
2.89005
3.59859
2.38462
3.63085
2.40145
2.81455
2.07115
2.8321
2.49773
3.32155
2.79074
3.28231
2.82541
3.86159
2.76063
2.83766
6.91139
2.9041
2.00668
2.73275
2.87394
2.9223
3.96066
3.72123
4.43529
6.81878
2.78029
2.63028
4.50562
2.72573
7.22996
3.10153
2.8774
2.79621
2.72854
2.9345
2.77261
4.00968
2.81536
1.99787
3.86245
2.72304
2.72042
3.10711
3.57048
4.24096
5.82165
3.15076
3.66926
2.80056
1.55517
2.81898
3.19781
2.74303
3.24855
2.82136
3.99192
2.44359
4.50741
2.92774
2.99416
2.84654
2.89563
2.80056
2.78358
2.79233
2.8526
2.35647
3.04678
6.61339
4.2818
4.61956
2.16475
3.77692
2.77191
3.04396
4.4758
1.11922
3.31229
2.83343
3.43761
3.7182
2.74913
2.36432
3.58035
4.26324
3.1414
3.25376
2.70882
4.33399
3.90142
2.82911
2.82246
2.81983
3.71421
3.54418
2.81693
2.83727
2.798
2.69162
1.95837
2.65877
2.59344
2.45141
2.00183
2.79625
2.76652
2.54166
2.81428
2.83426
2.92636
3.30087
2.81105
2.55828
3.00741
2.605
3.65088
2.889
2.51969
3.11858
4.21757
2.97605
2.68738
2.96298
3.13029
2.89775
3.43292
2.89634
6.56476
2.81779
2.30552
3.57692
2.8175
2.20476
3.63121
4.35659
2.86098
2.67111
2.75276
2.99109
2.70438
2.21305
2.77847
2.84873
2.83145
1.81715
2.71672
2.8031
2.81397
3.0484
2.6745
2.55197
2.76327
2.36942
2.55676
3.00903
2.80761
2.4854
2.7098
2.90281
3.61974
4.4454
2.73481
4.05386
2.94769
2.90799
2.73953
2.80913
3.4453
3.70416
3.4777
1.58833
3.63514
2.81406
2.9545
2.81847
2.83461
2.78254
2.94641
2.8258
3.80821
3.18461
2.93537
2.95468
2.60873
2.89675
5.81718
2.7183
2.71312
3.30261
3.00094
2.77874
3.0272
3.72455
2.63042
1.89793
2.33837
3.55844
2.60858
3.33658
2.38983
2.80494
0.733999
2.86609
2.00981
2.83223
2.1295
2.792
2.84898
2.04956
6.64945
2.8826
2.73917
2.79223
3.68989
2.59122
2.94305
2.77057
2.63325
2.99024
2.02971
3.81889
1.97432
2.84793
2.8823
2.722
3.11946
2.51296
2.9157
2.71251
2.99729
2.69456
2.80011
4.16015
2.86205
5.22895
2.94886
3.1423
2.91344
2.8267
3.3119
3.56344
1.23051
2.84836
2.82316
2.95011
2.20525
2.6011
2.24928
3.08816
1.85871
2.77063
3.89228
2.79372
7.86988
2.55911
2.7687
3.04493
3.33556
2.96197
1.34852
2.13158
2.86909
3.93254
3.83975
2.72806
3.74497
2.70916
2.79372
4.04977
2.61205
1.8056
2.82424
2.70186
2.80752
2.2682
2.87981
3.31413
2.76508
1.95563
2.83173
2.6581
4.15836
2.82658
2.17854
3.36759
2.79662
2.79428
3.8921
5.74967
2.92909
2.92548
2.49326
2.77718
3.17112
4.31334
2.73523
2.82195
2.8514
3.65143
3.8167
2.66579
2.87733
3.77592
2.76709
3.58867
2.53028
2.76946
5.92409
2.77378
2.82818
2.82726
2.77664
2.57826
2.91415
2.95668
2.78903
2.83054
2.86445
2.69936
4.23717
2.94511
2.74815
3.13024
2.07215
2.86907
2.60097
3.3672
2.7999
2.75329
2.86389
2.75038
6.85342
1.65122
3.73348
1.41912
2.26486
2.74038
2.82527
3.08496
4.50368
2.83335
2.92192
3.42787
3.63085
5.32598
3.43329
2.75221
2.78581
2.83183
2.72082
2.66648
2.90791
5.65447
2.7051
2.99801
2.41575
2.24198
3.7719
2.76218
4.2715
4.4221
2.99915
2.7727
3.84647
3.00256
2.81681
2.23375
7.85594
2.33526
2.93512
2.83325
3.80317
2.58282
2.72959
3.68242
2.77694
3.03252
2.13084
3.24268
5.31756
3.81646
2.85664
1.98626
3.83137
3.87276
2.10972
2.32396
2.6406
2.93571
3.57816
2.81344
2.81067
2.63065
1.67337
2.75696
3.98679
2.81669
2.86878
2.73545
2.81673
2.85091
2.57309
3.3429
7.75571
3.09182
2.82579
2.84182
2.78671
2.85197
2.61042
2.75693
2.6394
2.74563
2.8812
2.60622
4.39318
3.05638
2.79383
3.31343
2.84195
2.6682
2.37547
3.02091
2.7629
2.85055
2.89622
2.74928
4.00689
3.55135
2.84237
2.64898
2.80968
2.89545
2.83333
2.9393
2.35506
2.77158
2.51919
3.92998
2.87106
2.8786
2.68029
2.83454
2.45219
3.84284
2.75833
2.35866
2.80468
2.39146
2.77835
2.85233
3.76752
2.97477
2.52498
3.0011
2.65308
1.43627
2.83982
4.24117
2.30119
3.85751
3.0979
2.82395
2.69286
2.77918
2.19566
2.79577
2.77802
2.7986
2.36257
2.84737
1.80409
2.77898
3.00897
2.43782
1.37492
3.0091
2.99703
2.89
3.15771
4.31897
2.78979
3.26779
2.86938
2.70297
2.79448
3.8261
2.94228
2.66574
3.11932
2.93335
3.05812
2.74665
2.8396
1.36398
3.54958
2.81149
1.77853
3.40727
2.61524
3.0056
3.15095
3.11887
3.85077
2.71236
2.40293
3.84003
2.91512
2.27028
3.07457
2.84991
4.29387
2.85434
2.78264
2.75249
2.76212
2.53263
6.91798
2.80224
2.94655
3.82131
2.68805
3.01409
2.2519
2.69279
2.28511
2.81687
3.57258
4.56281
3.84216
3.96218
2.90991
2.87198
3.79745
2.91762
2.84826
5.87897
2.78848
3.19795
3.92646
2.94564
2.59394
3.47943
2.96354
2.66503
2.85274
2.25794
2.71891
2.80401
2.83276
3.80278
4.28213
2.4167
2.85311
3.66417
2.84975
2.887
4.44096
2.78488
2.83919
2.22766
3.63313
2.85786
2.89785
2.76141
7.63203
2.26985
3.17699
3.78639
2.80182
3.04965
2.86332
4.0013
2.34699
2.94445
2.80846
2.91831
2.72706
2.99303
2.85609
2.77291
1.31892
2.60642
2.70929
3.35422
2.972
2.84583
2.80201
2.84839
2.84583
3.2572
4.55235
2.81863
2.79135
2.68806
3.79554
2.77362
2.74867
2.98371
2.71578
2.84749
1.52088
2.81631
3.60851
2.79619
2.76968
3.15808
2.26964
4.6681
2.81213
2.12707
3.39186
2.76423
2.83045
2.76003
3.79395
2.51687
5.79473
3.80748
3.19707
4.04546
2.75988
2.82523
2.78187
2.94768
2.72219
3.05535
2.81203
3.10042
2.6217
4.3604
3.5564
3.086
4.89075
2.48675
2.78828
3.22317
3.78037
2.99018
2.76714
7.47773
7.54721
2.80507
3.40661
3.10784
2.7875
2.99891
2.4103
2.99688
2.8237
2.98804
2.86677
4.53818
2.96917
5.06625
3.58622
3.17829
2.78753
6.17097
3.26326
2.86277
3.10078
3.00848
2.04266
2.76409
2.61539
2.90509
3.48707
3.09291
2.79058
4.48681
3.31933
2.53518
3.30233
3.72006
2.81687
2.64202
3.59101
2.84942
6.55827
2.29467
3.19001
2.68611
2.75429
3.10729
3.4842
2.74049
2.8046
2.9682
6.2994
2.84287
3.81591
2.71558
3.18208
2.83288
2.9716
2.73896
2.89106
2.68665
2.9418
2.8925
2.16952
6.44707
2.83917
3.86236
4.36382
1.45929
2.86951
2.53399
2.82337
2.69579
2.84089
2.85961
3.54444
3.478
2.82694
2.95534
2.83359
2.64603
4.01997
2.86207
2.82
8.14118
3.74619
2.72037
2.81969
3.85645
2.86681
2.68741
2.85528
3.57755
1.96599
3.08393
3.83743
1.98684
2.61983
2.6769
2.84739
3.43712
3.44126
2.60262
2.25906
2.71545
2.64304
2.0699
2.87301
3.61348
2.83894
2.60084
3.04194
2.55218
2.84412
2.34429
3.55424
2.32325
2.10978
2.87406
3.67043
2.83941
3.54412
2.86374
3.53223
2.79776
2.66009
2.83918
2.86201
2.59599
2.8219
2.77003
3.84669
2.82924
2.10282
3.30512
2.78386
3.39905
5.36015
2.87637
3.69311
7.2857
3.29232
2.04294
2.37532
2.73467
2.77216
2.807
2.84778
2.60213
1.38675
2.47714
4.33706
2.43594
3.02176
3.66302
2.77757
2.88588
2.35917
1.71592
2.97242
3.7476
2.69322
2.57164
2.79502
2.49911
2.64195
2.82932
3.15108
3.28049
2.16749
3.96598
3.80826
3.63541
2.89305
8.13792
3.40419
2.83905
2.45807
3.52906
2.88261
1.94917
2.91056
2.77417
2.9887
3.0695
4.36502
2.37645
2.88673
2.70931
2.8468
3.17312
2.83776
2.83879
4.62059
2.68086
2.88559
1.56698
2.98774
3.18028
2.8222
2.42798
3.71205
2.76553
3.04183
2.8758
4.10344
2.53308
2.88351
3.48129
2.63475
4.0421
2.84844
3.53008
2.08973
2.52319
2.87909
3.15304
2.22296
2.66847
2.591
3.03104
2.39545
2.71282
2.83933
2.49255
2.79282
2.97673
2.88038
2.57413
3.7702
2.85111
2.08185
2.99442
3.66456
2.81309
2.93068
2.82629
2.72506
3.39845
2.89702
2.90192
2.75073
3.08864
3.69657
2.94426
2.67183
2.93284
3.18673
1.67987
3.604
2.77655
3.36584
2.37978
2.83615
2.97985
2.67157
2.83999
2.30598
3.03149
2.84848
2.46964
2.86931
2.47669
3.06129
2.84948
2.73897
3.12736
2.61421
4.52897
3.2874
2.71752
2.84911
2.85135
3.44324
3.23598
2.847
2.83742
3.15395
2.41984
2.32044
2.3752
3.97849
2.58874
2.61019
2.95613
2.9983
2.85967
2.18393
2.89793
3.59486
2.65696
2.899
4.00321
3.28466
1.63195
2.69781
2.98561
3.63369
1.53967
2.19415
2.99727
2.58475
2.82554
2.84986
2.77121
2.44997
3.74262
2.66035
3.01016
4.52288
2.08333
2.81345
1.62212
3.79415
2.75828
2.92925
2.72378
2.89464
6.45588
2.37329
2.80187
2.00655
3.08629
3.32839
2.72826
2.83133
2.8159
4.9757
2.86702
3.53897
2.83842
2.8354
2.74172
2.45643
2.66562
2.64311
2.54019
2.84972
2.33286
2.59339
3.05391
2.73201
2.85801
3.66527
2.86402
2.84983
4.13297
2.64445
2.72236
3.74976
2.87723
2.66682
2.43552
2.45992
3.97393
2.84943
2.88684
2.65531
2.86079
2.84749
2.24094
2.78112
2.71754
3.59499
2.83588
2.589
3.92809
2.82966
2.81567
3.88979
2.82183
2.83874
2.83815
2.69897
3.06483
2.78971
3.57868
2.8634
3.3119
2.63687
3.54287
2.58984
2.8788
2.63781
2.45903
2.75961
2.81712
2.9636
2.70285
3.59614
2.92202
4.08427
3.9061
3.0448
2.8518
2.77217
2.62912
2.79368
2.29609
2.84378
2.52042
2.30302
2.33824
2.80764
2.86642
2.76406
2.77211
8.34743
2.56754
2.82219
2.96632
2.91212
4.06397
2.29388
4.13013
2.32879
2.72054
2.84218
1.34303
3.87577
7.43199
3.04107
2.74424
2.82373
3.93991
1.84571
2.72658
2.76065
2.82087
2.84504
2.18563
3.46486
3.63696
2.11933
3.00832
3.30955
2.67348
2.94529
2.84609
2.84221
2.69073
5.45704
2.88666
2.55339
2.73427
2.82539
2.83868
2.82315
3.98279
2.89179
2.72241
2.79441
2.16759
4.26726
5.55183
5.58916
3.77618
2.83026
2.79023
4.31972
2.97499
2.85034
2.69345
2.72693
3.51657
1.36382
3.77035
2.95501
2.78028
3.09134
3.83703
2.85494
2.577
2.61078
2.8302
3.28395
2.77533
2.74269
3.01103
3.58925
3.20119
2.48874
2.38219
2.60116
2.90462
3.16506
4.4766
2.18841
4.3108
2.72244
3.27866
2.45176
2.75822
2.05693
2.39953
2.65438
3.80616
2.81964
2.03736
2.81188
3.67805
2.77768
2.77614
2.71112
2.43556
2.79933
2.84522
2.90931
3.78769
2.85488
2.67465
2.58915
3.25647
2.90211
2.74204
3.38003
3.51008
2.90099
2.83503
2.61333
2.43688
2.7823
2.81008
2.70683
3.89324
2.69053
3.02382
1.57965
2.36535
3.7044
3.39374
3.9956
5.49556
3.93422
3.04537
3.0111
2.60114
7.69025
2.75661
2.83002
3.67594
2.86177
2.93985
3.02972
2.58189
2.53088
2.62516
4.30647
2.87679
2.58304
3.68945
1.83704
2.79826
2.91374
2.80716
3.00498
2.33021
3.14945
2.58663
3.51259
3.03267
2.43821
2.58995
2.82891
1.24497
2.85025
2.78079
2.76213
1.7703
2.85187
2.19032
4.018
3.04399
2.7746
2.79778
3.78063
2.86622
2.8355
3.79288
3.04482
3.40771
4.5963
2.7025
2.33105
1.87146
3.54923
3.6329
3.31412
4.64452
3.50926
3.75337
2.82977
2.81792
2.43377
3.022
3.87748
2.79308
2.8142
3.88759
2.672
2.84833
2.58144
3.80053
2.65619
2.85102
3.04486
2.722
3.17546
3.41107
3.10349
3.27637
2.72955
2.97214
1.46414
2.80058
2.82678
2.61734
2.87234
1.94674
2.79566
2.72532
4.56742
3.63588
2.87769
2.76187
3.87479
2.77261
2.8528
2.8619
2.84475
2.70374
3.05773
3.05694
2.87939
7.87448
3.07154
1.001
2.28941
0.789587
2.747
3.55474
2.7259
2.8778
2.19361
3.80109
7.64681
3.07058
3.08509
5.90298
1.93643
2.6918
2.75615
2.92089
2.99519
3.36762
2.87976
2.15639
2.68513
3.9624
2.03337
2.85247
2.09527
2.80282
8.10955
2.87297
2.81623
3.33217
3.61395
2.57161
2.54789
2.54317
2.13304
2.94022
2.82394
2.95825
2.8787
3.00722
3.22652
2.86334
3.94882
3.06115
2.50839
4.4954
2.77129
2.85327
2.59333
4.58781
2.54767
1.61358
2.7231
3.55708
2.93377
2.83566
2.78479
2.60494
2.56228
3.49032
4.12714
2.59217
2.80172
4.40587
2.7015
3.64397
2.39559
3.07318
2.81791
3.66018
2.74426
2.44661
5.41042
3.01961
2.82477
2.68125
1.83298
2.91913
2.89047
2.53088
2.34412
2.78167
2.73112
2.95311
2.15761
2.64783
4.02626
3.55204
2.93501
3.38546
3.43384
2.31176
3.5639
3.38823
2.01172
3.64391
2.88012
3.53557
3.03168
2.45106
2.9831
3.2882
3.57077
2.67526
2.80479
2.83688
3.37291
2.87164
2.89429
1.79691
3.51116
2.88363
2.8137
3.73396
2.67776
3.4663
2.79688
3.28193
2.92459
2.73962
5.70211
3.52285
2.79955
2.72335
2.30913
6.11818
2.99122
2.68786
2.78078
3.00081
0.675181
3.7205
2.62863
2.37082
2.82982
3.38192
2.79188
2.52825
2.45423
2.61933
2.69513
2.81703
2.8267
3.8766
3.274
2.81016
2.82498
3.14398
2.69652
1.47044
3.00207
3.48758
2.65826
1.72851
2.82084
2.77729
2.40179
2.87515
1.52215
2.83293
3.91426
2.79416
6.7621
3.1053
4.33364
3.01058
2.24432
2.87634
2.83493
2.60019
2.5878
5.90593
2.59218
3.96498
4.45083
2.97448
3.13592
2.59891
1.97748
2.09592
2.62271
2.8715
2.85322
3.98607
2.96547
3.15543
1.85933
2.80544
2.72659
3.5232
2.73244
2.84614
2.61206
3.831
3.97683
2.77913
2.87877
2.79683
2.77624
2.75087
2.79691
3.72289
2.82704
2.80442
1.99681
3.62356
2.76777
4.27039
2.64031
2.82055
2.82843
3.00717
2.58527
6.01222
3.89669
3.68925
3.05768
3.11988
4.43793
2.42256
2.61411
4.41394
2.87626
2.70665
2.84257
3.56916
2.59955
2.96648
2.60667
2.66694
3.49912
2.61799
6.80584
3.13852
2.92068
2.77628
2.50586
2.72317
2.61019
2.79813
2.49717
2.85551
2.565
2.52836
2.9602
3.55031
3.17639
3.45074
2.95309
2.85408
4.60814
3.11775
3.06081
2.42915
2.73809
2.75762
2.99926
2.872
2.75436
3.16751
2.91229
3.88578
2.42595
1.68235
2.37204
2.87926
2.85981
2.33733
2.64087
3.49216
2.89527
2.88392
3.05383
2.62146
2.48404
4.04504
2.9726
2.74578
2.65245
2.56143
2.81814
2.74681
2.63356
2.8658
2.87119
2.59947
3.24783
3.8179
3.45038
2.79568
2.63124
2.63492
2.6122
2.87035
2.5986
2.76554
2.76919
2.87234
3.11434
3.49758
3.19491
3.6594
2.63218
3.56269
4.22856
2.54925
4.10967
2.64508
2.74911
3.1395
2.56171
2.7715
3.15851
2.64374
2.85862
2.79501
2.86965
2.87927
2.87921
3.06245
2.79476
2.59847
2.66623
2.81527
2.68144
2.79454
2.79643
2.70571
3.1998
2.73165
2.47399
2.79454
2.9479
4.59118
2.79391
2.72421
2.98267
2.82186
2.71216
3.13312
2.80614
2.24347
2.03862
2.92357
3.85501
2.97603
2.91421
2.8082
3.52699
2.75755
2.65425
2.59338
2.1945
2.68252
2.55388
1.77005
2.83807
2.86466
3.80722
3.80171
2.42118
3.28805
2.21874
2.87383
2.85025
2.96672
2.66595
2.63063
6.15113
2.50155
7.43666
6.58662
2.71635
2.92366
2.53956
2.78573
2.8063
3.47538
3.86322
2.77244
3.48892
4.03189
2.69831
3.74055
3.5752
2.56745
2.59732
2.58982
2.57057
2.88519
2.87551
2.78514
3.33949
2.81668
2.67238
3.66977
3.82
2.95512
2.87253
2.65928
2.61725
2.79647
3.45824
2.9542
2.46551
2.59312
2.58832
2.70294
3.04463
2.84349
3.88641
2.65829
2.49032
5.5104
2.63036
3.61942
2.2876
1.8632
2.56962
3.25336
2.51248
2.63684
2.53812
2.65688
4.74551
3.4104
2.18714
2.64909
3.02989
2.87481
2.8486
2.81995
2.6787
3.4709
3.01988
2.56775
3.02019
2.87999
2.79021
3.76695
2.79994
2.67945
2.59836
2.59823
3.22219
3.08298
4.80645
2.8517
2.39867
2.94627
2.67964
2.80859
2.37125
2.81172
4.35598
2.42651
4.4539
2.5899
3.63605
2.12367
5.43182
2.35505
2.88256
2.5897
3.48093
3.59043
2.70787
2.78198
3.93892
2.68433
2.69764
2.88702
3.22749
3.8127
3.07493
2.80884
2.61806
2.72225
2.73345
2.81982
1.59333
1.69447
3.86385
3.70347
2.823
2.57555
2.85732
2.79661
2.54475
2.847
2.87488
2.55064
4.48015
2.73176
2.4416
2.63462
2.98783
3.84976
2.51693
2.81837
2.76508
2.83766
2.69516
2.85309
2.60222
1.99933
2.54394
3.43498
3.81933
2.64959
2.70477
2.59246
2.09189
2.88935
2.89308
2.73901
2.23138
2.7671
2.54428
2.5797
2.55419
2.72348
2.84891
2.82572
3.48674
2.6136
3.59809
3.65118
3.89382
2.80225
2.68066
2.79283
2.56118
2.63799
2.8328
2.91649
2.75078
2.69807
2.87429
3.95111
2.96284
2.44061
2.87892
3.81937
2.63008
2.85742
2.80853
2.85831
2.78396
3.10083
3.12156
2.56344
6.40936
2.99677
2.59372
2.79103
3.10142
2.86485
2.65541
3.96998
2.56092
3.87361
2.62308
2.83967
3.82549
2.95643
3.99263
2.61236
2.85531
3.66565
2.63968
2.53747
3.33786
2.75599
2.97533
2.60643
2.83313
4.02861
2.4403
2.83773
2.70517
3.10686
2.71172
2.63612
3.84521
2.70676
4.70704
2.8468
2.76271
3.02087
2.80804
3.33502
5.64084
2.79738
2.76327
2.94075
2.63108
2.8006
2.79429
2.63194
2.7034
2.8473
2.75629
2.62683
1.93072
3.70917
2.95275
3.9369
2.59797
2.79125
2.33661
2.45958
3.27355
2.61024
2.67327
3.82348
2.47235
3.0083
2.94497
3.30279
2.69228
3.12557
2.78437
2.49737
3.51027
2.73385
3.25843
2.84378
2.81918
2.78093
4.02934
2.54325
3.49995
2.62697
2.69769
2.94384
2.57863
2.81813
2.60959
3.17805
2.67089
4.79029
3.03117
2.82582
2.82143
6.20059
3.09499
2.66515
2.74414
2.18026
1.97975
2.58772
2.76574
3.04847
2.81131
2.63521
2.78448
3.46869
2.79696
2.87556
3.19708
2.71401
2.76213
2.76743
2.8484
3.29459
4.25564
2.64323
2.67884
2.59117
3.39682
2.08674
2.63994
2.83141
3.12933
3.35535
3.10265
3.04311
4.47852
2.59201
2.82704
2.86992
2.81562
3.62342
2.7037
3.85447
2.65465
2.73511
3.91041
2.84994
3.76952
2.77696
3.5728
2.91594
3.33571
2.63556
3.54766
3.66101
2.85295
2.73638
1.79349
3.20589
2.72382
2.22942
2.53317
4.40197
4.5396
2.84661
2.72629
2.58033
1.75878
7.00143
2.84383
2.72658
2.60475
2.68911
2.47855
2.70085
2.81039
2.80029
2.83973
2.93165
2.84396
2.58854
2.6867
1.87727
3.95103
2.8011
2.6786
2.65086
2.84817
2.84173
2.80439
2.7826
3.15437
3.83605
2.79626
2.86259
2.79458
2.72425
3.83695
1.54977
2.82251
2.7798
3.24393
3.55707
2.35688
3.77836
2.75078
5.74628
2.45591
2.72416
2.72149
4.26728
1.65041
2.78236
2.8277
2.88754
3.14641
3.03004
2.33365
2.54223
4.54194
2.81147
2.89327
4.45426
3.0099
3.25039
2.60906
2.84963
2.7093
3.52179
3.63749
3.64406
2.79802
2.7505
2.85579
2.74913
2.48575
2.79632
3.19908
2.8772
3.79864
2.66663
5.74854
2.479
1.19215
2.45894
1.68982
2.79457
3.52916
3.9127
2.83748
3.16138
2.97975
2.6283
2.76158
2.67607
2.67602
2.85592
3.13727
2.38341
2.71749
2.35601
3.5508
2.65066
2.80419
2.57556
3.20235
2.81601
2.57081
3.77178
2.53997
2.78896
2.19474
2.68616
2.73366
2.82433
2.80419
2.81507
3.97416
3.79393
6.0999
2.75111
2.63739
2.83165
3.22867
2.68843
4.57909
2.7865
1.83998
2.3928
2.75892
1.70993
2.84425
2.73367
2.81818
2.73796
3.62227
2.20372
3.15075
2.75749
3.55303
4.51714
2.88326
2.79019
3.07423
2.95815
2.65468
2.70932
2.91679
2.80359
3.03685
2.70052
2.79785
2.58575
3.09876
2.63553
2.84171
2.82025
2.84988
2.87825
2.95627
3.2095
4.29752
2.70244
2.67791
2.68034
7.81514
8.14936
2.83997
2.88436
3.65969
2.88281
3.74763
3.93811
2.64472
4.38712
4.32666
4.35723
3.79136
3.35751
2.63047
3.09976
3.90159
2.53568
2.54544
1.76101
2.83604
2.89122
4.58298
2.77865
2.81961
2.79013
2.89464
5.16249
3.9491
2.88072
2.6113
4.20365
2.31066
1.56043
2.60719
2.88504
3.56045
2.82075
2.99666
2.86674
2.80261
2.68083
2.30306
3.74295
7.43989
2.72884
3.13697
3.16413
2.7442
2.82623
1.18573
2.58378
2.89778
3.29477
2.93511
2.80187
2.95092
2.5707
2.76652
1.84914
2.81593
2.54875
3.74488
3.78085
1.90784
1.663
3.1778
2.13018
3.50605
2.67871
3.08663
3.0403
2.84722
3.85733
2.7833
2.70248
2.74267
2.7926
2.9055
2.69362
2.81518
2.3022
2.81106
2.80609
2.88072
3.0014
2.69385
2.56496
3.27857
2.87575
2.7854
2.60901
2.75203
2.98011
5.56876
4.13617
3.1108
3.77246
2.56691
2.5164
2.62469
3.27452
2.76216
2.68749
2.79776
2.84603
2.62544
2.8264
2.22781
3.16413
3.73581
2.79006
2.89899
2.63688
2.80876
4.45651
2.78967
3.66398
2.6255
2.6885
2.80544
2.5581
1.63253
2.97567
3.07038
2.94722
2.7595
2.80565
3.617
2.70989
2.6067
2.60764
2.72447
4.79499
2.81075
2.78948
2.85777
3.78213
2.99562
2.53474
2.83348
1.69842
3.0303
3.00727
3.61949
2.62649
2.53209
2.84239
3.96392
5.37387
2.57734
3.43853
2.71538
2.87213
3.22933
3.05036
2.84857
2.832
1.78034
2.75605
3.18807
2.90436
1.40635
3.25537
2.87753
2.74019
6.71562
2.46896
3.46146
3.02015
3.56523
2.37476
2.27809
2.94079
2.60439
2.90898
2.70579
2.81789
3.46909
2.55289
3.18214
2.4397
2.87023
2.73098
2.60885
2.87443
3.98597
2.62036
2.8101
2.87349
3.4328
2.89845
2.67735
2.70813
2.73752
2.77629
2.56591
2.71
3.75382
2.67019
2.65453
2.06321
2.95762
2.72452
4.84531
2.86222
3.40094
2.7793
2.61463
2.78367
3.48254
2.64294
3.81703
2.69571
2.98783
2.62898
3.63431
2.7334
2.76748
2.85185
2.26186
1.72271
2.68744
1.49172
2.91768
2.26747
2.93
2.89255
2.39526
2.73412
2.55538
3.73932
2.58262
6.93587
2.65447
2.60681
3.97659
3.06888
2.85387
2.96545
2.81542
2.98166
3.81977
2.14417
2.64832
2.79662
2.8653
3.0162
2.78242
3.57409
2.72981
2.70139
2.10799
2.57541
2.88451
2.71414
3.05761
3.16665
3.49381
3.24726
2.37774
2.6007
2.59706
3.78865
3.54389
3.17928
2.50278
3.16358
3.28879
2.88942
2.7259
4.60212
2.74975
2.71238
2.85783
2.67625
5.50368
2.68715
2.58621
2.82879
3.34578
2.88162
2.72519
2.89752
2.58587
3.37017
1.87952
2.57977
3.52846
4.52519
2.73836
2.8723
2.88221
2.2926
4.14182
3.00398
2.17066
1.24635
2.7435
2.88897
2.60724
1.67042
2.80051
3.25391
2.65273
2.22576
2.78661
1.91785
2.81466
2.96859
1.91014
6.19707
2.82187
2.81554
3.44678
3.25669
2.89008
2.64623
2.71871
4.40677
5.16739
2.81442
2.74069
2.86949
2.72386
3.79978
2.73803
2.84961
2.64044
2.7134
2.65325
2.71232
2.55709
2.98376
2.76103
2.85376
3.11415
2.68777
2.8349
2.60015
2.726
1.9779
7.44145
2.95247
2.72479
2.87229
2.80912
3.66469
4.42504
2.75011
2.72603
3.67045
2.73162
3.86256
2.93833
3.02815
3.77791
2.79945
5.54218
3.35006
3.05784
3.24879
1.25561
2.66963
2.76515
2.80811
2.81156
2.60017
2.65516
3.52906
2.50553
2.6214
2.76187
3.61611
2.98964
3.00037
3.0791
3.21796
2.75919
4.4301
1.78466
3.86889
2.78724
2.76598
3.00585
3.04594
4.51285
2.88138
2.25808
2.85928
3.78675
2.54892
2.59865
2.75118
2.6681
2.88303
3.33942
2.83148
2.59435
3.45277
2.82575
2.60017
2.6963
2.74742
2.79689
2.71036
2.67177
2.82295
2.1238
2.5491
1.89191
3.80504
2.87509
2.65324
2.77049
2.83093
3.68112
2.0904
2.78165
2.75141
2.72304
3.79579
2.81884
2.79945
3.49844
3.06846
2.64697
2.53835
2.89294
2.65353
2.61191
2.46383
2.61853
2.66096
2.80097
2.69393
2.80181
1.95771
2.1762
0.682876
2.55028
2.29839
2.97648
2.64109
2.8006
2.16867
2.70052
2.71178
1.89448
3.34649
2.79746
2.94768
3.15771
2.81158
2.77012
2.83185
2.79397
3.95486
2.73653
2.88875
2.75533
3.59083
3.36281
2.32219
2.7078
1.3616
2.70894
2.87812
0.852983
3.96024
6.22868
2.52999
2.74231
3.6808
2.79708
2.80084
2.71252
2.65611
2.62474
2.81942
2.81147
2.01766
2.40489
2.96107
2.81628
2.81342
2.54599
2.77201
2.72033
2.90369
2.64636
2.79566
3.17994
2.80587
2.66604
2.87218
3.4006
2.79054
2.89427
3.3456
2.71245
2.78738
2.6761
1.93175
2.82887
3.11726
2.66684
3.0737
3.08658
2.72984
2.79258
2.6434
2.65843
2.35341
2.86497
2.43676
3.57751
2.96854
5.25043
3.30708
2.46848
2.69045
2.76997
2.67922
4.08827
2.76651
2.79572
1.29457
2.89548
2.54184
3.45705
2.75285
2.61901
2.56827
2.64886
2.88569
3.7621
2.79833
2.01411
3.8441
3.09342
2.68848
2.93452
2.88441
2.65052
4.50743
2.83195
2.75484
3.02735
3.54754
2.98202
2.78935
2.87672
2.8521
2.68063
2.63309
2.34245
4.10657
3.13186
2.86866
3.05212
5.72676
2.90491
4.51026
2.74383
2.82226
2.98692
2.89593
2.83151
3.72729
3.30475
2.73257
2.86254
2.69692
2.91402
2.838
3.53733
3.92107
4.64524
1.89865
2.71806
3.01355
3.88613
4.02238
3.69089
2.80106
2.74878
3.14751
1.33136
2.0315
2.85344
2.59504
2.55855
2.78286
2.16398
2.79265
2.1921
2.82512
2.78982
2.76456
2.89294
2.77651
2.90402
2.76398
2.79722
2.71491
2.37243
3.84777
1.72904
2.77771
2.64128
2.80394
3.56815
2.82578
2.88303
3.17578
2.98833
2.59928
2.8492
4.32421
2.71554
3.28259
2.39919
2.79192
2.8861
3.94236
2.80216
2.56921
2.61365
3.49447
2.85148
2.89199
2.82572
3.81461
2.57837
3.93961
2.79217
2.96357
2.73304
2.80554
3.80431
5.03678
6.39984
3.09817
3.13517
2.90525
3.60529
3.51662
2.72986
2.7021
2.93109
2.24193
2.87387
2.75193
2.87367
2.88944
2.72608
3.84925
2.66607
4.5421
2.77087
2.7625
3.90133
3.02572
2.54253
3.75204
2.80069
3.58959
2.9424
3.65149
2.81695
2.92656
3.53993
3.33891
4.4181
2.85889
2.69692
2.859
2.77978
2.84609
2.81565
2.62324
2.72367
2.61606
2.93962
2.79383
2.89478
2.86774
3.80668
2.81204
2.01101
2.97499
2.12076
3.19398
3.46486
3.4322
3.55949
2.79162
2.82531
2.86591
2.78466
2.84275
3.84586
3.36935
2.81417
2.8563
2.83936
3.46545
2.31818
2.68131
2.74058
2.95877
2.76056
3.02802
1.61922
2.761
2.84065
2.70922
2.60422
3.3711
2.91099
2.69806
2.81236
1.95256
2.8459
2.89449
1.35799
3.65449
2.24054
2.74222
3.03533
3.43047
2.7558
1.80082
2.16925
2.81635
0.991222
3.86468
2.82822
2.66573
3.91388
2.77121
3.21042
2.58219
2.85314
2.83706
2.56732
3.08429
2.72204
3.87726
3.42704
2.82123
2.72262
2.67884
2.74407
3.36906
2.6833
2.83266
2.74268
3.1104
2.83895
2.65874
3.62346
2.78784
2.23793
2.85078
2.92526
2.8634
6.04728
2.90972
2.83671
3.92925
2.83058
2.08332
2.85848
2.78884
2.7408
3.06701
2.87331
3.73946
3.87656
2.79685
2.77342
2.87655
2.84909
2.87435
2.45735
2.78544
2.84305
3.10725
2.82173
2.91952
2.58989
2.64631
2.83468
2.26781
3.20264
2.29934
2.67213
2.7394
2.61707
2.73711
5.48054
2.18383
2.2039
3.62225
5.79551
2.73134
2.71815
2.57116
2.61498
2.80575
2.70507
2.84466
2.91723
3.31938
3.58178
2.72628
2.75819
7.93775
3.91343
3.37443
2.84271
2.99693
2.45603
2.90906
3.30751
2.5794
2.74779
3.88507
2.37208
5.18699
3.34762
2.82473
7.50491
2.69536
2.03702
3.80889
2.82034
3.75234
2.82126
2.86522
2.7513
2.69895
2.74821
4.60546
3.10249
2.35217
2.82629
2.86726
2.33824
2.91278
3.67241
2.62945
2.87709
2.6068
2.84369
2.88585
2.83573
1.58541
3.71077
2.84148
2.79265
2.7493
2.824
2.7291
1.78866
3.10054
2.82404
5.49198
2.79575
3.00717
3.07338
2.61599
2.89702
3.81306
3.39556
2.42348
3.40359
2.57191
2.89276
2.87229
2.89209
2.87354
3.90038
7.46934
2.86028
2.58782
3.20166
3.38209
2.59112
3.06363
2.6391
2.76462
2.7099
2.94419
2.68337
4.15637
2.78775
3.18546
2.77714
2.56446
2.60729
2.74859
1.81982
2.59195
3.53914
2.76735
2.97962
2.67778
3.05787
2.77766
2.74837
2.73897
2.76817
2.67263
2.8242
3.83443
2.61507
2.82219
3.78474
2.69685
2.89021
2.05096
4.05587
2.75157
2.72296
2.62376
2.7849
2.70824
2.39231
2.65863
2.93802
2.81032
2.77647
2.81838
2.71411
1.97231
2.58235
2.32872
3.02742
3.52778
2.86678
2.80058
3.92715
2.86804
2.65477
2.81707
2.43211
2.83643
2.9149
2.88
1.76623
2.94523
4.53585
2.96151
2.4246
3.12008
2.8132
2.86715
2.88618
2.84675
2.92746
2.73256
4.50604
2.82581
2.95354
3.385
2.59705
3.99473
2.48308
2.67217
2.76423
2.54772
2.78199
2.74211
2.72048
2.75197
2.80852
3.01836
4.51529
2.74192
2.81181
2.72285
2.99431
2.86727
3.12035
4.99257
2.69246
2.53448
2.58918
2.60102
1.49011
5.56786
4.68426
3.10078
2.75193
2.82112
2.52577
2.47196
2.76945
2.72564
2.86643
2.78562
2.85272
2.8515
1.99134
2.8229
3.12803
3.41508
2.88919
2.80982
2.883
3.78948
2.54971
2.6776
3.81675
2.84948
2.93874
3.03013
2.70882
4.02775
2.77011
2.84614
2.52901
4.49124
4.4872
3.71717
2.2976
3.64288
2.87307
3.67049
2.84268
7.41497
4.06409
2.80174
1.55275
2.80554
2.85462
2.45214
2.60213
2.73299
2.74785
2.82168
2.63755
2.55861
2.72655
4.04562
3.79838
2.61925
2.68156
2.85311
2.82244
2.87156
2.73926
4.49034
2.8542
2.83085
3.14138
2.7363
2.82507
2.43236
2.71486
2.83431
1.78958
2.77307
2.88908
3.85346
3.10001
1.65704
2.88303
2.4773
4.2842
2.94931
2.96378
3.03706
2.68799
2.0706
2.81648
6.03036
4.52705
2.70646
2.74341
1.68652
3.41719
4.77591
2.78595
2.78362
2.05666
2.59494
2.67643
8.14104
8.15459
2.85991
2.81225
2.97164
2.86491
2.61936
2.41259
2.81015
2.72769
2.88046
2.69979
4.59988
3.79215
2.65974
2.73571
6.59073
3.43497
2.11401
2.86487
2.71513
2.76725
2.83974
2.21767
2.52586
2.78123
3.04778
2.66234
2.70789
4.58991
2.66402
2.82346
2.84421
4.59087
2.80055
2.83913
2.49066
2.77025
2.81192
2.84586
2.82383
2.83394
2.70198
2.72803
2.79598
2.69996
2.56284
2.81686
2.26429
2.69418
2.77309
2.74193
2.9032
3.67418
2.83206
2.72632
7.97785
2.76464
2.79766
2.84319
2.83885
2.84161
3.43632
2.84982
2.79785
2.52666
3.85007
2.7637
2.83771
2.35022
2.76144
2.69564
2.81437
2.76766
2.55603
2.84523
3.28004
2.75913
2.43222
2.85566
2.76227
1.73653
2.18694
2.82936
2.78933
2.76911
2.81838
3.78522
2.82833
2.68785
3.91266
2.78074
2.7933
2.85386
3.76175
2.8735
2.8335
2.83593
3.9625
7.70363
2.81817
3.17474
2.49152
2.93051
2.881
2.92567
2.33171
2.71829
2.90737
3.47621
2.99901
2.89473
2.86691
2.68566
2.62462
2.87216
4.45195
2.83889
3.07942
2.85018
2.92521
2.7076
3.82196
3.91423
2.87919
2.94754
2.23085
3.19325
2.84694
2.78821
2.81612
2.84799
3.3096
2.37132
3.69709
2.82094
2.87519
2.83187
3.73549
2.73416
2.82915
2.67178
2.20039
2.70328
2.88109
2.77926
2.66341
1.68096
2.72174
2.91135
3.53528
2.66147
2.82087
2.86253
2.82497
2.74579
2.77354
3.71485
3.11394
2.56445
3.68856
2.72147
2.83095
3.08704
2.88526
2.22898
2.62567
2.79862
2.7495
2.89532
2.78536
2.1519
2.80794
5.8448
2.8322
4.30285
2.61433
3.47626
2.27453
2.97433
2.60748
2.81233
2.7109
2.74521
4.44622
3.35106
2.54874
2.81115
2.84926
2.71457
2.141
2.7389
2.8196
4.0466
2.78873
2.63946
2.08263
2.8694
2.85948
2.67732
2.58319
2.80419
1.86813
2.7055
2.20533
2.69359
2.84322
2.77961
6.82276
2.8419
2.8405
2.82811
3.09987
2.51102
4.13558
2.98627
2.61401
2.68667
2.73728
2.53042
3.70487
2.88748
2.84149
2.8514
3.91871
5.87409
2.75291
2.31335
2.76396
2.25519
2.77111
2.67164
2.35946
3.4484
2.87249
3.53526
3.33467
2.83307
2.75384
2.68598
3.29344
2.84713
3.13367
2.88674
2.80916
2.81295
2.60376
3.56499
2.80951
2.978
5.67158
2.87959
2.82325
2.82161
3.15568
4.35753
2.82638
2.81686
2.36419
2.64699
2.99903
2.74542
2.83264
3.10968
2.61
2.81665
2.90644
3.13606
2.69453
2.84416
2.58257
3.01791
5.5405
2.90896
2.84861
2.88162
2.59816
2.57703
2.74274
3.30361
2.88775
2.68519
3.81068
2.83055
2.62123
2.86964
3.95279
3.94941
4.14425
2.63098
2.87317
2.82167
2.81871
2.74597
2.82498
3.91273
3.44275
2.68455
3.22707
2.87997
3.81321
3.10262
2.84824
2.8823
3.58049
2.85982
2.82287
2.84464
3.62144
3.01038
2.62101
2.19609
2.82185
2.53859
2.73347
2.67546
2.65322
3.17196
2.69426
2.9286
2.76445
2.69518
2.84537
2.77471
2.84837
2.85339
2.27795
3.46529
2.81168
2.21655
2.8168
2.81108
2.86685
2.7073
2.75664
3.20538
3.0802
2.77953
2.54103
5.69858
2.40176
4.12084
2.58243
2.90085
3.40184
4.45387
3.34826
2.59479
2.82105
2.81894
3.2741
2.87113
2.42425
2.78153
2.78869
2.95374
4.32566
2.77589
2.86389
4.08869
3.91116
2.72112
2.77907
1.6005
2.78735
2.79899
1.47721
2.71122
2.23639
4.05568
2.81159
3.01733
2.45772
2.67915
2.80731
3.05019
3.76731
2.86073
3.11104
2.83256
2.69888
2.81404
3.84698
2.7303
2.87621
1.70316
3.94873
2.88036
2.64732
3.02334
2.57434
2.87807
2.69408
2.82104
2.788
2.20573
2.62307
2.73116
3.13933
4.15033
2.64015
2.80751
2.86966
3.10072
2.75904
2.72461
2.81831
3.06848
2.84872
2.78551
3.69164
2.602
6.3497
2.81336
7.74089
3.01941
2.55605
2.67891
4.33148
2.70039
4.01543
3.30192
2.81627
2.73378
2.81586
4.38209
2.84821
3.09905
2.90072
3.14397
2.98726
2.73692
2.80101
2.88388
2.81688
3.08948
3.27428
2.88439
2.83225
2.69338
3.5549
2.64102
2.82437
2.81716
3.11558
2.10216
2.78575
2.60704
2.71956
2.609
2.97823
3.88336
2.79079
3.64875
3.08212
2.84874
2.79864
3.79993
3.82371
2.6875
3.26661
2.47033
2.81017
2.80604
2.77992
2.73439
2.46568
2.81984
2.8658
2.90414
3.00568
2.8299
2.81113
3.09575
2.79834
3.11691
2.74618
4.4311
2.80224
2.91873
2.78504
2.99233
3.46342
3.79377
2.57873
2.45344
2.63093
2.87679
2.3286
2.86108
2.83976
2.82811
2.73436
3.24922
2.49329
2.81081
2.90741
2.72328
1.98019
2.81917
2.86174
2.70593
2.82554
1.51619
2.48764
2.94209
6.55461
3.01591
2.97676
2.7277
2.82268
2.46689
3.08963
2.27628
2.45236
2.85386
3.49373
2.84022
3.13419
4.01209
2.58666
3.90861
3.78695
2.59967
4.23146
3.52621
2.8137
2.81569
2.83372
2.61488
2.78751
2.97516
2.8302
2.8654
2.24374
2.86624
2.75186
2.98703
0.799569
2.66962
2.56538
2.61981
2.72635
3.06261
4.22912
3.00504
2.77872
2.8843
2.55876
3.67201
2.78251
2.92328
3.01693
2.94789
3.00383
2.57295
2.71963
4.0922
2.23729
3.09077
3.73432
2.83705
2.78382
2.36461
2.74037
3.61435
2.69749
2.87605
2.70037
2.74413
2.78064
2.66659
3.03501
2.81065
2.89837
5.61492
2.5811
4.17164
2.76617
2.81157
3.53602
2.89179
3.20076
2.99872
3.48141
2.89702
2.89029
2.89693
4.61716
2.64947
2.27982
2.98966
2.86164
2.93606
2.96323
3.80195
2.69747
2.7907
2.61171
2.63149
4.48783
3.23117
2.62947
2.92644
7.47961
2.84981
2.5852
2.82058
4.50005
2.85934
1.97958
2.88968
3.02956
3.13172
2.44727
3.8549
8.1575
1.30177
2.25478
2.65743
2.62251
2.73452
2.85981
5.99543
2.91566
2.62449
2.90209
5.59071
2.70916
2.9593
2.82327
2.70721
2.66848
4.44827
2.5319
4.60205
2.85741
2.74965
2.82735
2.537
2.78083
2.63324
2.84039
2.72839
3.79271
2.91195
2.80549
2.5592
3.17106
3.05638
2.58217
3.61723
2.64375
3.94048
4.0329
2.85072
2.79161
2.78984
3.51732
2.18911
2.76618
2.9638
3.32406
4.37356
2.82573
3.02742
2.68578
2.92585
2.93062
2.77976
4.12879
4.07677
2.61967
2.69536
2.93444
2.78843
2.57743
2.7058
2.94878
4.48876
3.06695
3.22353
2.81302
3.10927
2.73055
4.07677
2.80489
2.93309
2.98958
4.45038
2.82283
2.62375
2.68466
3.13892
2.58114
2.61937
3.03788
2.81392
2.71724
2.81991
4.14126
2.78382
6.08593
2.81552
2.71522
2.79706
2.60301
2.41544
1.88751
2.81682
2.82639
2.63012
2.82658
2.27767
3.47707
3.04605
2.90713
3.85727
3.08994
4.11883
2.81384
2.34002
2.3247
2.70993
3.41169
3.84338
2.77473
3.32341
3.49023
0.629782
2.82876
2.78341
2.80564
2.73712
3.81244
2.62034
1.59017
2.85593
2.59739
2.76406
3.92157
2.71153
2.85112
2.85622
2.86864
2.85446
2.90968
2.79505
2.76219
2.78418
2.62111
3.45576
3.83452
5.55293
2.55407
2.96712
3.6511
2.60785
3.03504
2.7533
3.4778
2.83009
1.99389
2.82085
3.06576
2.76304
2.80247
2.83375
2.69162
3.13851
3.09664
2.86759
3.13447
2.71948
3.9323
2.82627
2.7897
2.85326
3.4522
3.31051
1.84068
2.75641
2.78185
2.61048
2.67175
2.79569
2.43274
2.95104
1.62337
1.61609
1.16765
1.18406
0.959023
2.23347
2.16186
2.23809
0.93563
1.68292
1.38296
1.56027
1.33232
2.1266
1.10128
1.3406
1.89502
2.84229
2.4822
2.84256
2.49792
2.81009
2.87512
1.3762
3.11014
2.81792
2.65809
2.86939
2.01803
3.01048
2.95723
2.91156
1.85016
1.80009
1.77274
1.67729
1.6335
1.5961
1.50431
1.31965
1.29248
1.24137
1.2127
2.86039
2.84696
2.85693
2.8084
2.80736
2.86855
3.08753
1.97809
2.34634
1.02495
3.1688
2.85782
2.55216
2.37552
2.93853
1.09079
2.8903
2.03771
1.04326
1.87813
2.67682
2.89506
2.01236
2.64193
2.8465
2.88202
2.87319
2.44501
2.89161
2.83701
2.40125
3.23064
2.93383
2.82628
2.89591
2.8821
2.98972
2.76111
3.37596
0.979298
3.4016
2.45303
3.58612
3.43418
2.80724
2.9162
2.82966
3.72694
3.67503
1.69897
3.40029
1.92921
2.82441
3.74726
3.23491
2.40808
2.17284
3.70748
3.74172
2.91556
3.35389
3.66425
3.36656
2.22079
2.88936
1.6054
1.94592
2.86755
3.45853
3.56277
3.48808
2.88983
3.67545
3.50638
3.57703
3.21261
3.4462
3.28085
3.71004
3.28284
2.75141
1.69183
3.60195
3.69216
1.64566
3.27132
2.39766
3.69093
2.94026
1.72617
2.10198
2.85437
3.78553
3.77894
3.68961
3.07191
2.8724
2.82433
2.8694
2.38076
1.87953
1.56915
1.35881
1.21365
1.07351
2.96389
1.70714
3.71418
2.07463
2.86218
2.65973
3.47679
2.43522
3.24487
3.0181
2.20766
3.52962
2.47711
1.3665
3.61422
3.0736
3.18131
2.03905
3.51776
2.68045
2.25301
2.87617
3.14603
3.24429
2.42909
1.10565
2.86767
3.68923
2.6795
3.72422
3.48913
2.85582
2.61688
1.56494
2.86808
1.3603
3.26383
2.8086
3.12025
1.93843
2.85201
2.62887
3.30423
2.73476
2.83624
2.89596
3.50733
2.76724
2.89312
2.81287
2.83393
2.8792
3.55103
2.90727
3.55796
1.34477
2.5588
2.05886
2.84843
2.8312
2.82396
1.44968
1.4024
1.17669
1.14046
1.09744
2.87696
2.42914
1.91972
2.82966
2.46282
2.17359
1.96504
2.72857
0.882486
2.50345
2.50515
2.15523
1.76617
2.31405
2.95887
2.27138
1.91667
2.874
2.80968
0.988151
1.67345
1.16082
1.26749
2.87378
2.61159
1.82152
2.23982
2.789
2.09033
0.948155
2.64161
2.78954
1.63399
2.14248
3.21292
1.32596
1.59384
2.78319
2.65305
2.7762
2.86577
2.87377
1.52635
1.39545
2.9835
2.93315
1.02153
1.47781
2.59613
3.20082
0.97471
1.4584
2.79584
2.87597
2.75428
2.8803
1.89699
2.02458
1.05933
1.90591
1.15993
2.00673
1.98248
1.66028
1.57799
1.65191
1.15342
1.98822
1.01151
1.19515
1.59558
1.05621
1.19321
1.03239
8.55739
8.6948
8.69194
0.168857
0.255791
0.320108
0.18275
8.76201
0.368136
0.6413
8.64144
0.3244
0.761013
0.855133
0.637937
8.91553
7.92668
8.07184
0.584122
1.18714
2.77443
0.743028
0.0467835
0.256726
0.412589
0.576335
0.727798
0.709267
0.675993
0.51187
0.367974
0.109476
0.0799916
0.768816
2.27251
2.44368
7.90466
7.95344
8.07509
8.2688
8.42758
8.6906
8.78029
8.14019
8.09901
8.06438
7.94697
9.48118
8.28083
8.00055
8.66275
8.59619
7.99402
8.04545
8.14492
8.21533
8.3435
8.39917
8.52095
8.558
8.62103
8.80153
9.01118
8.9999
8.92031
8.75611
8.68305
8.55675
8.5225
8.43152
8.39335
8.33083
8.20451
7.89926
0.428597
0.906548
8.10652
9.44698
0.623291
0.465143
0.328972
0.177877
0.78041
0.167371
0.113291
0.288016
0.797826
2.32707
0.848588
0.821304
0.57596
0.431112
0.278407
0.248486
0.217088
0.132525
0.020365
0.0617911
0.0771559
0.162951
0.182828
0.220531
0.345873
0.374192
0.391151
0.464767
0.51321
0.613477
0.659001
0.674769
0.695344
0.836339
0.866796
0.946812
0.959707
1.93525
0.655217
0.308943
2.52746
0.822118
0.232333
0.203152
0.1478
7.9657
9.16154
9.15656
0.712949
0.0458901
0.79708
0.0630734
8.5791
8.57403
1.72253
0.239053
8.62701
0.201123
7.97322
0.832602
0.741938
0.726347
8.12146
0.44853
8.13021
8.17011
7.87082
8.42742
8.83859
0.606163
0.0942985
0.273668
0.492509
8.53576
8.18265
8.85212
0.496783
0.0941063
8.7132
0.486692
0.883981
8.71657
8.78706
8.13785
8.96107
8.66322
0.706564
8.57459
0.248242
8.57414
0.0759699
0.335963
0.172253
8.07783
8.67772
0.863346
0.187532
0.424533
0.222778
9.15222
0.457746
8.19162
0.719476
0.506967
0.0848406
8.74845
0.369198
8.75533
8.66425
8.90653
0.331856
0.771783
0.635509
0.0661965
0.174621
8.09278
8.91169
0.632252
0.863993
8.09226
0.843372
0.175189
7.96331
8.65789
7.91947
0.703704
0.842488
0.735744
0.792167
2.31253
8.55963
2.26017
0.245896
8.14067
0.0695572
0.438117
0.596554
0.24685
0.803843
8.56951
2.46082
0.109361
0.121382
8.79863
0.973524
7.95741
0.491011
0.754948
0.299051
0.647238
0.384407
0.40229
0.683352
2.76317
8.38031
1.20819
1.92613
0.575313
0.0470846
0.666083
0.282412
7.93685
8.78561
0.74696
0.101899
8.11181
0.900883
0.664963
8.51914
0.956422
9.01464
0.189895
9.02307
0.648972
0.315059
8.07415
0.420671
8.17442
2.55063
0.209731
8.08728
0.227846
0.157403
9.2213
0.211057
8.60661
7.97198
9.21799
0.0330783
8.63293
0.194209
0.829788
0.228278
0.754462
1.72213
8.57733
8.5828
0.0497331
8.70371
0.135761
8.13369
8.68752
0.456538
0.710847
8.14916
0.787529
7.89644
7.98485
0.821753
0.716913
8.71644
0.600488
8.11698
8.44148
0.0812946
8.5415
8.19709
8.83384
0.265774
0.510291
0.509005
0.471748
8.83023
0.0845952
0.882282
8.71625
8.70992
8.72106
8.54844
0.265834
0.19319
0.31812
0.186268
0.212467
0.238792
0.237279
8.1216
8.57348
0.0956651
0.212862
0.23635
0.228794
8.59196
0.101469
8.12758
2.99883
8.53628
8.53653
0.275793
0.280471
4.33218
7.35869
2.98302
2.53775
2.7058
2.99421
4.38792
2.9876
2.90595
3.43253
3.93249
3.35404
3.94735
4.61834
3.04052
3.98694
2.88528
2.84753
3.06895
2.81945
2.63263
2.71579
2.66635
1.77677
2.88194
2.77371
2.78546
3.5825
3.51637
2.77466
2.81106
3.87293
2.84235
2.59786
2.78509
4.397
4.1819
2.94491
2.73749
4.05208
2.82262
5.06695
3.83768
3.40357
3.91127
3.5739
2.63204
3.12748
2.75516
2.71693
2.63509
4.34987
3.11916
2.98462
2.47976
1.41759
2.69909
2.90526
3.42031
2.80641
2.86892
2.59784
2.78142
6.14012
3.02596
3.4704
4.04499
2.796
2.34244
3.87887
2.66731
2.70028
3.51524
3.49667
2.81546
2.87301
2.5711
2.83502
2.84594
2.79058
2.36746
3.78792
2.79641
2.83564
2.67828
3.98955
2.51802
5.97403
2.78964
2.55834
3.83176
3.00392
2.94599
2.89263
2.60496
2.90908
2.75673
0.881839
2.72584
2.64056
2.98469
2.97525
3.60228
2.81246
3.92474
3.41425
3.08072
2.84636
2.7671
2.80617
3.86666
3.863
2.87065
3.98
2.96694
2.98516
3.50965
2.8375
2.80819
2.76101
3.06907
1.73054
3.72679
2.54275
2.91486
2.42212
3.11042
2.91815
4.37577
2.79014
2.81813
2.83831
2.71184
3.47338
3.03221
2.77657
2.80705
2.86321
1.24595
3.7541
6.35827
2.96478
2.46896
2.63609
2.16114
3.8051
2.5911
5.89349
2.41407
2.82892
3.98726
5.72953
2.31527
5.01957
2.80108
2.72395
2.74746
2.9675
2.28215
2.81765
2.78602
4.25004
2.64383
3.57622
3.52265
2.57477
2.86791
1.10987
3.66637
3.31309
2.7355
2.81522
1.41685
2.8795
2.78229
2.84476
2.68193
2.80803
2.93961
5.72755
2.82982
3.6369
2.85556
2.29027
2.88789
3.1912
2.82017
2.85521
2.79457
2.7109
2.70654
2.60125
3.62559
2.70366
2.85093
2.85734
2.78946
3.74167
2.73145
2.65449
2.76378
7.78005
3.00458
4.42486
2.8186
2.76253
2.5679
2.68165
3.53951
2.83331
2.88457
2.78814
2.68769
3.30517
3.22597
4.03373
3.02779
2.71129
2.74368
2.71648
2.81629
2.7127
3.89704
2.95515
2.74371
4.29131
3.16868
2.88388
2.70208
3.54971
1.52201
4.07372
2.81176
2.81267
3.03688
5.16716
3.16041
2.87157
2.82911
2.74317
2.90508
2.93699
2.53173
2.81954
2.8148
3.7417
2.69032
3.4449
2.78887
3.90392
2.76593
3.499
2.80203
3.94102
2.99595
2.92935
3.76643
2.63902
2.799
2.75216
2.71287
3.80774
3.64565
2.79833
2.84924
2.82779
3.03098
3.59359
2.36198
2.09606
3.17267
2.81812
2.82894
2.57809
2.81896
3.08086
3.82776
3.82654
3.08944
2.89279
2.57342
2.83471
2.79016
2.76261
3.4454
3.52321
3.80209
2.78088
2.62391
3.04245
2.6494
7.75675
2.71731
6.31869
2.67847
2.83016
3.62651
2.70453
3.84761
3.01068
2.70361
2.54511
2.92788
3.42022
3.0683
2.41863
2.86093
2.70302
2.74637
2.97848
2.7755
2.48298
3.85459
3.25854
2.90853
3.03281
2.83041
2.72685
3.9256
3.04297
2.93949
2.66467
3.08574
2.87573
2.68883
1.48559
2.88792
3.57649
3.13135
2.9662
2.88913
1.77896
2.61692
2.85878
2.12339
2.44973
2.9358
2.79395
2.957
3.0352
2.5426
2.32223
2.86608
2.63358
2.97892
2.68663
3.75466
2.81885
3.42131
3.17485
2.72039
1.31256
3.07171
2.35511
2.80411
2.76606
2.75284
2.65945
2.67619
4.78149
1.29337
2.61501
3.94208
2.73423
3.96365
3.07286
2.76942
3.07719
3.83064
2.71219
2.80559
2.71887
2.28105
3.54979
2.78212
3.95213
3.29306
2.60649
2.81504
3.40065
2.64931
2.91565
3.05199
3.12474
2.88446
3.71483
2.59662
1.73292
2.79774
5.85783
2.80869
3.82052
2.59358
2.39407
1.42227
2.67221
2.0264
2.95951
2.74561
2.65593
3.61527
3.2397
3.4337
3.12866
2.79142
2.83254
2.71292
2.97294
2.84761
2.88509
2.88566
2.86102
3.95285
2.55928
2.88139
4.14059
3.84255
2.81588
2.54932
4.12665
2.88176
4.09456
2.57239
2.77002
3.89312
2.84836
2.5883
1.94489
2.79744
2.71748
2.69629
1.48104
2.87032
3.82824
3.39357
3.84052
2.89218
1.37742
3.93216
2.83803
3.55696
2.85936
3.8129
2.75124
2.85652
4.53378
2.85495
4.07269
2.78207
1.99044
2.73687
3.9036
2.84753
3.0786
3.8114
2.83918
2.85263
2.63224
2.84632
2.71721
2.83776
5.74941
3.78231
2.80597
2.9927
2.66557
2.87501
2.79044
2.85711
3.33377
2.74325
3.70871
2.96421
2.8451
3.56579
2.95714
2.887
3.49087
2.83313
2.99834
3.48247
2.8751
2.76285
2.92076
2.78957
3.51697
2.59848
2.12644
1.97215
3.07678
2.11899
6.97969
2.9855
3.21845
2.81526
2.68751
2.76014
3.21101
2.44484
1.14785
2.80603
3.24489
2.93512
3.327
2.74442
2.57625
2.85941
2.97644
2.6808
4.61497
2.57488
2.92977
2.9066
2.68202
2.87666
3.36729
2.77645
2.94607
2.69264
2.96031
2.55968
2.79301
2.76272
3.84241
2.84923
2.80903
3.20394
3.10143
2.64362
2.76089
2.30378
2.67534
2.58569
3.71516
3.0243
2.6774
3.5183
2.75047
2.90496
3.20543
2.83282
2.76431
3.72815
4.03887
3.61522
3.07716
2.81178
3.10564
2.87233
3.71415
3.90271
1.82009
2.87324
4.48578
2.77881
3.84802
2.6817
2.73251
2.86028
2.34733
2.81272
3.5186
2.85044
2.87314
2.85667
2.81481
2.80857
2.20371
2.7398
3.67733
3.45979
7.45001
3.04143
2.71956
3.16848
3.88896
2.86717
3.89518
2.58877
3.53265
2.8274
3.78605
4.39466
4.42321
2.73088
2.93273
2.82431
2.65264
3.91906
3.64014
2.9021
2.77622
2.68701
2.80973
2.61214
2.88029
2.62949
2.79805
2.75885
2.90355
1.59294
2.81076
2.96237
3.05743
2.80839
3.73088
2.60254
2.86928
3.78184
2.67123
2.80366
3.36251
3.26271
3.71392
2.57732
3.2623
2.84294
2.60641
2.81301
2.86718
2.76775
2.94172
2.80877
2.78976
2.86728
3.03245
2.98131
3.94997
2.77448
2.23452
2.87407
2.69631
2.35445
2.84634
2.79703
3.62718
1.16974
2.86089
2.66958
2.84877
2.70147
3.00701
2.5164
2.91175
3.62087
2.38867
2.87631
3.24362
3.34523
2.99517
0.796
2.87695
2.7038
2.89164
4.11072
2.76182
2.77719
2.74695
2.48262
5.69521
2.64889
3.58996
2.25362
4.91047
4.984
2.84258
2.78439
1.09383
2.62515
2.02437
3.29903
3.08536
2.81104
2.5799
3.77546
2.8408
2.48817
2.70636
1.82991
2.85236
5.79996
3.16957
2.85329
3.37983
3.8281
3.19526
3.07528
3.75252
2.80743
2.91788
3.92336
2.61112
2.60757
3.06153
2.26495
2.84966
2.78809
1.24045
3.13133
5.10789
4.7739
2.76826
2.83254
3.00403
6.25162
3.00479
2.829
2.70911
2.79123
2.89362
2.51432
2.74312
3.511
3.78212
3.26242
2.61182
2.69978
2.82979
2.78936
2.58913
2.83187
3.53452
2.72257
2.78272
2.67376
2.50271
1.83946
3.1556
2.65475
3.30493
2.836
2.97333
2.79273
3.03644
3.49915
3.78129
2.16742
3.80427
3.00876
2.54573
2.79617
2.91684
2.83262
2.79438
3.07042
3.24379
2.71671
2.70308
2.85371
1.35105
2.8384
2.8723
2.78549
4.01217
2.0494
2.83683
2.24034
3.25629
2.56599
3.13412
2.60466
2.48276
2.83412
2.92094
2.858
2.77783
2.71997
2.85953
2.31317
2.95476
3.78483
4.22178
2.83121
3.1873
2.8392
3.72956
2.36839
2.84682
4.51716
2.73416
3.27963
3.81102
2.4689
2.2617
3.37551
3.00699
2.78691
2.78012
3.82545
2.87863
2.77695
2.73265
3.72012
2.7903
2.78553
2.78599
2.77344
2.79662
3.77271
2.94471
3.09185
2.73649
2.81091
2.81869
2.77194
2.64415
2.63124
3.21284
3.02334
2.91184
2.81133
2.52424
3.24174
2.81095
2.87334
2.79523
2.72024
3.1786
2.66881
4.21737
2.12534
1.64549
3.91442
2.5226
3.33593
2.87858
2.823
3.94655
2.62117
2.70767
2.63439
2.85546
2.69152
3.81328
2.79366
3.58618
2.74169
3.43611
2.99236
3.22606
2.82652
2.80928
4.49101
2.89524
2.75666
2.40713
2.63329
2.2199
2.01454
2.74846
2.64855
2.78822
2.83174
4.50014
2.79352
2.7799
4.19787
3.2855
2.41348
2.81976
3.53389
2.79233
2.84518
2.78051
3.80109
2.8378
2.70942
3.79018
2.39363
3.20526
3.0865
2.80146
2.8043
3.27792
2.30948
3.15861
2.88155
4.05915
2.97223
2.8459
2.89067
2.86526
2.78506
2.83105
2.82689
2.58015
1.69596
4.32277
2.71476
3.51392
3.19161
4.42096
2.82875
3.87408
2.70989
2.80192
2.36616
3.24555
2.81102
3.02212
2.89838
2.61313
2.71197
2.91875
6.7509
2.3358
2.73094
2.70687
3.36959
2.88735
2.85876
2.78323
2.86792
3.07668
3.71765
2.89241
1.50161
2.74202
3.07225
6.89053
2.7881
3.0311
3.04603
3.01651
3.06887
2.38333
2.72325
2.80569
3.07276
1.73777
2.70485
2.81457
7.69028
2.79
4.58847
3.49285
7.59222
2.63556
3.70598
2.68194
2.73419
2.71963
4.24908
3.30844
3.00602
1.13338
2.74212
2.64271
3.08505
2.69239
2.70264
2.87842
2.83258
3.659
2.81404
4.07894
3.53559
5.21101
2.89385
2.57942
2.83989
2.80083
2.78715
2.79627
2.5651
1.65364
5.80466
2.78478
2.86746
3.46678
2.59267
2.78748
3.1293
3.08984
2.79394
2.84505
2.79689
3.56724
3.60201
2.79694
3.86631
2.20009
2.71218
2.83558
2.7264
2.67497
2.60267
3.75817
2.76287
3.26632
4.36813
2.62019
2.43036
3.00776
2.50702
2.52553
2.58454
2.86904
2.54716
2.91544
2.85161
0.863907
4.47101
2.91059
2.71628
2.10642
3.22747
2.70217
3.46944
1.99274
2.81742
3.81642
2.78745
2.84582
2.79729
2.69841
2.76596
2.78437
3.86098
3.40223
1.92805
2.95997
2.7859
2.80387
2.8021
2.89461
3.27043
7.10194
3.05545
2.60684
2.44491
5.86355
2.80069
2.85027
3.58904
2.80315
2.72695
2.77403
0.89463
2.68245
2.79746
2.85835
2.87195
3.16778
3.11224
2.85262
2.80093
2.78041
2.69634
2.75528
2.79813
3.33555
4.07046
2.94057
3.30791
3.43401
2.80529
2.80483
2.80844
3.05635
2.67861
2.70614
3.09093
3.54355
2.69301
2.75207
3.74545
2.66052
2.50025
2.90739
2.86735
4.50784
2.86779
2.68798
2.8238
2.83628
3.40341
2.59318
2.84113
3.91133
2.7743
3.26343
3.79808
2.78442
3.49764
2.78737
2.82147
2.11444
2.86995
3.02458
2.81863
2.86587
1.72622
2.81736
5.64135
2.62647
3.44082
2.42982
2.15932
7.41608
3.75541
2.78491
2.73654
2.86298
2.64284
2.79459
2.08641
4.55031
6.73387
2.77361
2.84881
5.94306
2.80864
3.17339
2.56612
2.72796
2.62825
2.83457
3.63665
2.81145
2.82072
2.69496
2.22442
4.31309
2.86345
2.79686
2.85797
2.81785
3.38806
2.75615
2.61495
1.90435
2.66786
2.57902
2.89362
2.80454
3.66594
2.81018
3.29927
3.71516
2.70224
3.07411
3.78674
3.59719
2.88198
2.69616
2.41323
2.86817
2.78421
2.80477
2.95247
3.34764
3.59145
2.8897
2.30869
2.72011
2.62531
2.2279
2.64413
1.91806
2.84352
3.80033
2.85622
2.81586
3.1718
1.99504
2.87143
2.86652
2.82096
2.87581
2.81842
2.8691
2.8887
2.80036
4.23154
4.02032
2.7911
2.17865
4.53919
3.3839
2.84602
4.84035
2.50591
2.58096
2.56031
2.59439
2.7835
1.83421
2.67957
5.79705
2.75442
2.63359
3.40252
2.71654
2.8398
3.23275
2.81814
3.08301
2.71622
2.85497
2.78983
2.75543
2.21553
2.58141
2.85083
2.8611
2.55728
2.3314
3.8402
2.82399
3.13556
7.27383
2.86834
2.82175
3.09372
3.22227
2.82377
3.56864
7.33943
3.01172
2.49971
2.41718
1.20175
3.1151
2.63358
3.11962
2.76942
2.86469
2.77373
2.74062
2.73564
6.87406
2.65954
3.61842
2.75793
2.76785
2.71984
5.47989
2.79434
2.85582
2.1397
2.86358
2.84854
2.9227
3.67353
1.06398
2.80315
2.27982
2.9413
2.8167
2.74528
2.55178
2.84563
2.69151
7.39946
3.54596
2.83924
2.29612
2.04687
2.59646
3.23875
3.02371
2.83276
2.72615
2.86603
2.86107
2.59821
2.41341
4.23547
3.65307
2.00606
5.75472
2.64067
3.82372
4.42018
7.96766
2.82656
2.57166
4.05104
2.11477
3.06132
2.83417
2.7512
2.57257
2.62849
2.56417
2.84651
2.84302
2.81504
2.80962
2.85641
2.8322
2.51213
3.31276
2.73773
3.67887
2.70877
3.8338
2.4942
7.1045
2.34104
4.79978
3.32503
6.4424
3.50487
3.0644
2.95192
2.52981
3.87638
2.90293
4.12567
2.82009
3.59556
2.53361
2.80907
2.79377
2.67917
2.92069
3.8347
3.00035
2.62201
2.81311
2.94831
1.9753
2.82655
2.85617
2.66928
2.77758
2.67811
4.56968
4.88857
8.06399
2.7642
2.62156
2.58236
2.85626
4.93052
4.24965
3.35738
2.72517
3.30743
2.83896
7.25557
2.59468
2.78594
3.01816
2.80425
2.86337
2.99966
3.74671
3.03339
2.62138
3.95246
3.19754
2.19922
3.6339
2.9105
3.2557
5.67715
2.74058
5.52207
2.70925
3.31278
3.35643
2.7589
2.86166
2.99393
2.93743
3.45681
2.71257
3.13763
2.85018
4.55112
3.0546
2.78687
3.99575
2.7753
2.84266
2.71317
1.95398
2.61508
2.81091
3.38576
2.82523
2.84492
3.03242
2.77443
3.15725
3.12208
2.99967
4.6067
2.81797
0.260343
2.87101
3.25778
1.85372
2.75624
3.22577
2.88797
3.41822
2.71
2.77834
2.60131
3.84957
2.58964
2.81992
3.06395
2.82544
3.30889
2.88721
3.06035
7.3871
2.7256
2.77806
2.84873
2.96534
2.76589
2.7878
3.81534
2.61839
2.37352
2.80551
2.83684
2.86369
2.74259
2.82885
1.46306
5.19714
2.88807
2.62126
2.76512
3.00119
2.77093
2.7223
2.8064
2.14822
1.98888
3.79677
3.35664
4.51436
3.3222
2.19488
2.06663
3.63491
2.24402
2.90157
2.82391
2.826
3.41971
2.87218
3.21204
2.53212
2.76936
3.06305
2.7158
2.72918
2.69072
2.79681
1.8849
2.83936
3.92065
2.92525
2.70457
2.90246
2.78189
2.78859
4.43799
6.45552
2.77361
2.17497
2.16498
3.88714
4.9895
2.96253
2.77829
1.21362
2.44911
3.54004
2.76022
3.42454
4.26276
2.70741
2.87074
2.77884
2.88213
3.32872
7.85479
3.68433
2.81704
2.82567
3.43994
2.02421
3.38948
1.2944
4.06542
4.6377
3.0042
2.29718
3.4919
2.5749
2.44212
2.67409
2.98072
2.83878
2.52911
2.74078
2.70386
3.47674
2.70199
2.90214
2.8698
4.83391
2.14685
2.8743
3.15549
2.75757
2.89469
2.612
2.72372
2.69507
2.81852
2.66996
3.29647
2.7173
3.07498
2.88391
2.44804
1.9558
2.80008
2.8647
3.32719
2.68774
3.97077
2.86034
4.14342
1.39391
3.21589
3.65146
7.04189
2.70728
1.465
3.39303
4.39315
3.87627
2.59496
2.83219
2.87798
2.99759
1.79536
2.77788
3.44575
3.41439
2.79375
2.87943
2.84841
2.79328
2.61289
2.80565
2.93276
2.78941
2.94607
3.68107
2.69744
3.45935
2.33549
3.01228
3.11954
2.71973
2.69437
2.6918
3.20589
3.80425
2.98897
2.88717
3.69741
2.69881
3.60953
3.43329
2.79993
2.75381
2.74148
2.67262
2.85678
4.35461
2.39326
2.64985
2.6986
2.52522
2.8596
2.41774
2.69345
2.82498
3.45468
2.02879
4.21687
2.87118
2.67748
2.72382
3.05485
2.81452
2.21
2.7198
2.74714
2.23049
2.22409
2.77634
2.49867
2.75968
3.20602
2.53478
2.81407
2.88645
2.86979
2.25164
3.34202
2.36806
4.56543
3.86377
3.58997
3.02351
3.03129
2.26042
2.78019
2.55176
2.64899
1.79661
3.43069
2.86067
3.18766
3.13884
1.18077
2.52682
3.33027
6.8504
3.59882
2.74124
3.55958
2.85226
3.34324
3.70238
1.58295
3.69197
3.45338
2.93408
1.79377
2.69109
3.32741
2.70353
3.42298
2.79495
6.96727
1.46251
4.43893
2.68094
2.37218
2.80908
0.309239
2.96226
2.40287
3.9811
2.62692
3.28182
3.56391
2.88528
2.81905
2.64317
2.78119
2.75101
2.74571
2.7566
3.07503
2.34118
2.89
2.86485
2.66953
3.2167
3.70117
2.53107
2.75452
1.52068
2.89509
2.71065
2.66769
3.79263
4.5528
2.36754
3.75553
2.76568
2.54288
3.10673
4.6283
2.67462
1.51433
2.72568
2.59885
3.29467
2.60213
2.66415
2.75614
2.73064
2.61293
2.70112
2.72225
2.64879
2.27493
2.83533
2.63921
3.81184
2.54932
2.67626
2.70294
2.70387
2.8022
3.39465
3.95528
2.65534
3.64965
2.8111
2.59253
2.76705
2.581
2.87122
3.05917
3.49245
2.35011
3.00745
6.5027
1.99036
2.13125
5.8698
5.95549
3.28186
2.85233
3.59689
3.22624
2.95615
2.00281
3.6583
2.46987
2.70925
2.92539
2.69022
2.8537
2.85449
2.70835
3.66996
1.75732
2.54371
2.46454
2.73181
1.63859
2.80168
2.53954
2.78659
3.00096
3.48632
2.44156
2.77154
2.81917
2.84262
3.52444
2.8501
2.85567
1.27644
3.56576
2.60394
3.53489
2.42167
3.5184
2.87257
3.85083
2.80749
3.30132
3.51412
2.42011
3.32381
3.99024
3.04131
2.38402
2.81009
3.23074
2.79256
2.86137
1.86555
2.44003
3.65839
2.53393
2.76411
3.85645
2.838
2.58999
3.64693
2.69194
2.81123
2.64826
2.82212
3.9461
2.66461
2.77123
2.18809
2.58393
2.60816
2.79976
2.90315
3.25202
2.53211
3.98726
3.36194
1.84626
2.86617
4.52932
3.57194
2.8061
2.80828
3.03987
2.86417
3.72348
2.72439
2.74309
2.82612
2.44997
2.60089
3.25966
2.12449
2.74424
2.76911
2.57934
2.7714
2.99343
3.77153
2.6623
3.42385
3.19078
2.77931
2.61468
2.98686
3.2451
2.88056
2.73368
3.18172
2.89159
2.62927
2.71626
3.26103
2.68262
2.70926
2.70535
3.90985
2.89109
2.25561
2.24746
2.72277
2.6042
2.8043
4.14094
3.7897
2.64103
2.70041
3.73127
2.79618
2.83921
4.05388
2.76453
2.75659
1.93621
2.63407
2.25256
3.12589
2.73765
2.73851
2.66323
3.01564
4.14114
4.53874
2.64509
2.58165
2.49476
1.78832
2.4902
3.63207
2.84683
2.73604
3.87234
2.86083
2.20974
2.12251
2.75722
3.66034
4.05873
3.75724
2.54157
2.87983
2.86273
2.37778
3.70937
3.81084
3.02962
2.85408
2.86636
2.76647
3.42463
2.39768
2.52515
2.61652
2.71227
3.10877
2.86875
2.74367
3.58788
2.77991
3.81376
2.6069
3.04574
2.68885
2.83827
2.59663
3.52847
2.81211
2.81026
2.72358
2.24972
3.6202
3.50809
3.16454
2.90476
3.28729
5.65226
3.11274
2.57864
3.8451
3.47616
4.82697
2.7217
2.35684
1.9183
2.74913
2.69865
2.25368
2.51092
3.65896
2.60431
2.87131
2.78622
2.72758
1.88517
2.79762
4.00999
2.70333
2.82929
2.79613
2.79172
2.80647
2.44935
2.85821
2.66758
2.78954
3.22102
3.91337
2.89068
1.97944
4.46548
3.32286
2.76536
2.82669
2.73509
2.97036
3.97258
2.71023
3.79991
2.55344
2.79495
3.8386
2.43252
2.41608
2.8451
7.08873
1.93161
2.75476
2.73888
3.88964
1.20555
3.78589
3.51092
7.10162
3.28805
2.83815
2.85504
6.83744
2.7031
2.82779
2.98087
2.23029
2.32966
3.92668
2.61288
2.82284
2.44489
5.79524
2.60832
2.80646
3.05273
2.84482
5.65819
2.58766
3.29051
3.82659
3.29428
3.12363
3.62094
7.02473
3.92772
2.82874
2.17494
3.69313
1.82698
2.20307
2.75075
3.01742
3.32219
2.62588
2.84066
2.59113
3.4678
2.63375
2.59019
2.81311
3.05034
2.75498
2.88047
2.69358
2.61236
2.10499
3.00998
2.8146
2.95556
3.69912
2.93783
2.81325
2.79867
1.58276
3.26244
3.96402
2.80693
4.09231
3.24292
2.78579
2.87844
3.74299
1.66937
2.60924
2.68036
2.68238
3.83687
2.7668
3.11622
2.60957
2.68168
2.87422
3.60529
2.28486
2.29389
4.28814
3.14883
2.80214
2.36561
3.35103
2.12472
2.35341
2.54008
2.7957
2.82927
4.07509
2.81269
2.78961
3.03623
3.68358
2.68747
2.81497
2.79996
4.60094
2.50481
2.70529
3.02089
3.37712
2.68608
3.59461
7.52837
1.77629
2.94954
1.14219
5.91393
2.77972
2.10632
2.87897
3.64811
2.82961
2.57006
2.64049
2.63035
2.7801
2.79945
2.54793
2.80919
2.85002
3.59313
3.89799
2.67753
2.74024
5.70726
2.12436
2.16246
3.00875
2.8746
2.73924
2.46335
3.95353
2.24793
2.63802
2.99671
2.75164
3.15538
2.7579
2.79282
2.6268
2.59369
2.70681
3.44472
2.74616
2.76782
3.1059
2.28976
2.75324
2.78574
2.61088
4.0051
3.15038
3.26186
3.32774
2.70922
3.08618
1.82038
2.44432
3.57638
2.81613
3.87573
3.54326
2.663
2.78565
3.18881
2.58915
3.48746
3.87447
2.1873
2.61735
4.02936
4.81128
2.86453
2.79626
2.63707
2.45825
3.0686
2.5378
2.58743
2.76143
2.71496
3.66682
1.56382
6.82206
2.71879
2.90942
2.95251
2.73035
3.36967
3.37646
3.58782
2.84593
2.68185
2.64549
2.69267
3.18696
2.82272
2.71055
2.697
2.81255
2.83913
2.88455
2.67978
2.77064
2.80161
3.35776
3.02295
2.32322
1.41687
2.7948
7.85856
2.87569
3.80216
3.92771
2.83706
2.69748
8.02123
2.83373
2.8801
2.64321
2.84623
2.85603
3.90031
2.79944
2.75432
1.46133
2.98366
2.79759
4.67199
1.5993
2.75307
1.92919
2.72573
3.55842
2.88818
2.8372
2.70303
2.75708
3.4084
2.67324
2.77135
2.80311
2.82039
2.74797
2.80564
2.73493
2.51156
1.79381
3.66241
2.78503
2.84533
3.12649
3.49481
1.41227
2.67495
3.7489
2.85883
2.75699
3.39884
2.8155
2.93865
2.78983
3.58847
2.96575
1.60139
2.68874
2.97723
2.97246
2.96158
2.46929
2.78377
2.71656
1.34101
2.93628
3.86873
2.81854
2.21683
3.57836
2.2665
2.90833
2.71172
2.86696
3.97948
2.65726
2.95035
2.6793
4.16678
2.88467
3.99164
1.8888
2.84428
3.58623
2.83151
3.38998
2.68933
1.58603
2.87292
2.76806
3.30631
2.72398
2.82508
2.23022
2.7481
3.40861
2.75304
2.88256
2.75985
1.62023
2.89054
2.76752
3.07895
3.66259
2.01898
2.03025
3.05541
2.83799
2.65794
2.75207
2.54945
3.7931
2.80657
2.86875
2.76047
2.78372
2.79253
3.49265
2.76479
2.82933
2.80241
3.52204
3.61086
4.14844
2.55526
2.70485
2.46329
2.85762
2.69841
7.87351
2.69008
2.65281
2.88993
2.71134
2.8323
1.95905
2.33203
2.61152
2.65866
2.76044
2.82944
2.8592
2.80903
2.70731
2.70056
2.85471
2.76972
2.89982
2.90889
2.45431
2.12544
3.28624
2.9894
5.04974
2.89722
2.77006
2.72668
2.92308
4.41449
2.84198
2.71116
2.79901
6.19148
2.65206
2.73158
2.71168
2.59212
2.74796
2.68188
6.30969
3.31994
2.89768
2.79908
4.02661
3.53463
2.88733
2.64202
3.01224
2.67949
2.79136
3.24548
2.69325
3.07388
3.83021
2.60131
2.2362
2.79431
1.68847
1.83326
2.84276
2.79594
2.78144
2.96273
2.66417
3.10445
2.78498
4.17235
3.34593
3.92001
3.97168
2.43927
2.85381
3.05898
2.42572
3.96418
2.94723
2.7933
2.66286
3.43337
2.98245
4.02005
2.93862
3.68934
2.55758
3.154
5.69262
2.80515
2.6291
2.83497
2.77523
2.82383
2.87889
2.87161
2.63645
2.78744
2.30547
3.93722
3.89959
2.03128
2.60705
3.55422
2.81664
2.31312
3.01293
2.55286
2.7526
2.71491
2.0448
2.90168
2.88383
2.8202
4.43096
2.53802
3.05863
2.28313
2.63734
2.61526
2.93213
2.71021
2.81784
2.76534
3.54334
3.84511
2.65479
2.50482
2.7267
2.93602
2.70269
3.29235
2.6252
3.49539
2.77448
2.76578
2.18877
7.87188
3.73615
2.85035
2.69713
2.9248
2.53569
3.73647
1.746
2.98322
2.69478
2.47629
2.71073
2.97824
2.83457
3.03478
3.63692
4.41536
4.43278
3.47991
2.89768
2.84636
2.65449
2.80046
2.61817
3.13767
2.76199
2.87093
2.19824
3.17674
2.76987
2.68651
3.24379
2.59661
2.86652
2.83657
2.67227
2.78325
2.70972
3.41492
2.83123
1.73297
2.09391
3.27986
2.86743
3.64006
3.18375
2.84653
2.98933
1.85139
3.06412
2.7166
3.13181
3.636
2.80484
3.93755
2.81277
2.73633
4.0763
2.72061
4.06523
2.66025
2.91346
2.59641
3.20824
2.73034
2.8457
1.81879
2.68121
2.83794
3.15009
2.84787
2.91581
2.7178
2.73967
2.16807
2.6087
2.58693
3.19886
2.86176
4.13611
4.61268
2.81624
6.88096
2.59446
3.20403
2.61371
2.67608
2.62943
4.64887
3.5687
3.58317
2.75422
2.68793
2.73452
2.73545
2.90213
3.2568
3.22218
2.87859
2.20911
3.44048
2.49999
3.94209
2.30216
3.97218
3.62492
2.85638
2.58778
3.01472
3.16146
1.70729
3.97132
2.99328
2.51847
2.49896
2.9758
2.72696
2.75523
2.84312
2.85931
2.88881
2.77827
2.56858
2.55702
2.67171
1.83324
2.61764
3.40252
2.14445
3.39438
2.89036
3.26951
2.55375
2.67471
2.53784
2.32421
2.87142
2.81055
2.66211
2.82708
2.80332
1.16794
3.61262
2.39346
2.87771
2.93331
2.68342
2.756
2.74089
2.55676
2.18702
2.91518
2.63371
2.5527
2.85619
1.90029
2.57376
2.80782
2.59139
2.89948
2.69344
2.84013
1.22661
3.31026
2.76492
2.87588
3.52942
2.60379
2.59126
2.86912
2.75747
3.38413
2.75974
2.66726
3.87081
2.66649
2.86914
2.06842
2.65278
4.33286
3.8859
2.4256
2.65406
3.49998
2.75681
2.85708
2.65426
3.8965
2.95578
2.55465
2.89315
1.90695
2.17453
3.98704
2.75422
2.67628
3.44261
3.79068
2.87548
2.90055
2.20817
3.20827
2.98907
3.69597
2.89222
5.74064
3.97201
3.08823
3.48593
2.93415
2.60684
2.90516
2.76507
2.78425
2.78996
1.88565
2.21205
2.87649
3.0355
3.79209
2.2297
2.59768
3.48963
2.75319
2.32989
2.63316
3.6284
2.63471
4.13037
2.902
2.71388
2.85906
3.23841
2.87445
2.8706
3.94281
2.19708
2.58353
3.49594
2.81614
2.79829
4.60549
2.74189
4.21328
2.96924
2.63741
2.87082
2.22041
2.34673
3.56926
2.89044
2.6403
2.86842
2.91556
3.22056
2.99187
2.43971
2.94587
3.99676
2.75873
4.03328
3.96883
2.82125
2.88059
2.00571
5.99434
2.08523
2.947
2.70716
2.79037
2.72546
2.84284
2.47874
2.85475
3.5108
2.53674
2.86991
2.82744
2.87434
2.35846
3.00546
2.4992
3.03108
2.67385
3.75255
2.5885
3.51259
3.10516
3.0343
3.09458
2.83609
2.9949
2.89023
2.9951
3.78254
6.37809
2.83902
3.16639
3.04626
2.62719
2.84737
2.94086
2.80498
2.94145
4.11052
2.59894
2.54953
3.69216
2.58411
3.31546
2.53343
2.92909
2.65538
2.95915
2.7554
3.83243
2.45978
2.91992
2.91966
2.75295
3.43554
2.81
3.04714
2.77319
2.53842
3.02109
2.57891
2.92099
2.97585
3.39334
2.53374
3.82244
2.88793
2.81956
3.34992
7.9896
2.94241
2.70446
3.43966
3.67752
2.91255
2.90339
2.81379
3.77049
2.6071
4.95129
3.60614
2.79812
1.28263
2.39439
3.1861
2.5677
2.76629
2.84008
3.41248
2.90744
4.10958
2.705
2.61522
2.92094
2.1256
2.59809
3.02428
2.80296
2.62407
2.72472
2.84291
2.9847
2.82656
2.83274
2.87352
2.73538
2.3684
2.86511
3.8151
3.04545
2.7766
2.83654
2.8894
2.78127
2.86948
2.87793
2.78759
2.7742
3.8887
3.55821
1.64891
2.84959
2.95151
2.86468
2.83738
4.57456
2.77111
1.94563
2.41877
4.01887
1.26236
3.77923
2.59698
2.40563
3.76416
2.49577
2.80651
2.93908
3.0464
2.70619
2.76228
3.97744
2.69177
2.89113
2.86073
2.60466
2.63661
2.81072
2.06538
2.78893
2.79699
3.67225
2.53117
2.8845
3.05851
2.7631
2.72124
3.45058
3.87663
3.89333
2.16408
2.33234
2.84669
2.83184
2.82967
3.24764
3.82247
2.63745
2.61797
2.87223
3.58431
2.79446
3.06407
2.98083
2.77564
3.51695
2.90922
2.98801
2.73326
3.31437
2.68017
2.90956
3.07204
2.6185
2.72662
2.99071
4.05814
3.70093
2.6132
2.5828
2.76242
1.2702
2.79268
3.71654
2.73998
2.59879
3.02484
2.78569
3.81099
2.62662
2.87431
2.86318
2.79532
2.82373
1.98297
2.86994
2.78178
2.81727
2.88418
2.88829
3.21187
2.85314
3.07734
3.38218
2.84887
2.89177
3.4658
2.61847
2.71156
2.84341
3.11264
2.95267
4.42786
2.62341
2.85322
2.49029
1.96564
3.79846
2.43427
2.59457
2.57191
3.10347
6.76739
3.69406
2.86465
3.13158
2.4302
2.85761
2.88055
3.04641
2.76757
2.73905
2.75695
2.99649
2.58834
2.74034
3.72044
2.8263
2.07417
2.88661
3.2154
2.96239
2.88725
2.86114
2.82655
2.69036
2.78626
2.88724
2.74434
2.93443
2.99508
2.86662
3.08055
2.95415
1.55434
3.64766
2.78572
3.53096
2.70357
2.94554
2.72963
2.67902
3.06303
3.24988
2.70496
2.95081
2.61535
2.55199
2.90128
2.90458
2.72207
2.74288
2.59307
2.73321
2.84077
2.73965
3.73101
5.82881
2.72276
2.8529
2.60519
2.86605
2.8662
3.05073
1.4464
5.37445
2.93237
3.0356
3.13266
3.17118
3.37746
2.84351
2.82547
2.96947
2.71403
2.68719
4.46589
2.6337
2.85717
2.68757
3.1028
6.05512
2.84609
2.61855
2.17962
3.06625
2.66217
4.3384
2.69818
2.48007
2.71945
2.76348
2.82665
2.69197
2.64174
3.01907
4.44014
2.60078
2.64342
2.6081
3.36804
2.97119
2.69616
2.75096
4.16772
2.14372
2.64874
2.80355
3.53679
2.61714
2.72022
3.84504
2.89919
3.07093
2.84098
2.65935
3.77736
1.45164
2.76056
2.96383
2.89554
2.97588
2.92526
3.27835
2.83867
2.18356
2.65932
2.81005
1.83231
2.34103
2.71464
1.49548
2.86775
7.20675
3.78768
3.62323
4.57039
6.65643
2.05604
2.80493
2.84299
2.94627
2.78387
2.73687
3.69836
2.6184
2.82958
6.91035
3.02492
3.67153
2.60936
2.85472
2.63818
2.81606
3.51517
3.03025
3.14394
3.5767
2.75007
2.63181
2.75489
2.80836
2.96733
4.15747
3.81258
1.54133
3.20662
3.13977
2.76244
2.79976
3.45019
2.85017
3.04473
2.80277
2.99404
2.66408
2.4458
2.95127
4.89332
3.01695
2.75812
2.67797
2.35864
3.9104
4.23549
2.8333
2.85942
3.09811
2.7756
3.18252
3.62452
2.89582
3.28838
2.85506
2.65317
5.93038
2.76121
3.00516
3.04274
3.18347
2.83144
3.06037
1.98564
2.43287
2.77354
2.65883
2.87034
3.08483
2.457
2.82521
2.03473
2.86404
3.7232
3.7207
2.6183
2.13761
3.49504
4.07129
2.8199
2.78847
2.72773
2.99359
2.94301
2.66344
3.00922
2.72466
4.07687
3.13186
2.49395
2.73017
3.3992
1.74663
2.84117
3.39015
2.58651
2.36585
2.71211
2.97124
2.72192
2.55344
2.6884
2.73323
3.80756
4.00051
2.87307
2.70325
5.99506
2.78608
3.15257
2.964
2.6478
2.83398
3.90766
1.91595
2.6294
3.1136
0.994138
3.52607
2.71561
4.23461
2.98972
2.6137
2.79173
2.67388
2.33423
2.53819
2.84523
2.77459
3.30904
2.73242
2.03616
3.00846
3.59226
2.89645
2.6673
2.94623
2.83595
2.86274
2.86033
3.1344
2.88844
2.796
2.78618
3.52309
3.09814
3.6931
2.85366
2.83828
3.69594
2.18092
2.88284
2.86629
3.50947
3.98087
2.9532
1.23517
2.67424
3.68186
2.44182
2.54833
2.85703
2.81714
2.8336
3.07993
2.9738
2.8604
2.85543
3.48732
3.18841
3.06267
3.2279
2.78146
2.92769
2.63339
2.79389
2.98012
2.80539
2.72348
2.99818
1.8962
2.81756
2.77846
2.77394
2.87846
2.69121
3.93655
2.55478
3.16997
2.97818
2.96915
2.73687
2.79521
3.0578
1.95238
2.64908
2.95786
2.81451
2.02693
2.9034
2.67223
2.84586
3.67072
2.8256
2.67048
2.56828
1.64081
2.54727
4.40239
2.35928
3.03861
3.11762
3.10395
2.63094
2.78026
2.81192
2.84488
2.84166
2.91371
3.79772
2.25754
3.40391
3.80392
3.11479
3.02958
3.81247
3.0279
3.99565
3.02176
2.63011
2.51935
3.71461
3.54832
2.69249
4.00014
2.80619
2.89336
3.39022
1.85142
2.8663
3.36818
2.36549
2.85937
2.89497
2.90149
3.03553
2.75616
2.90469
2.45417
4.01367
2.63591
2.91123
4.12291
2.77134
2.76755
2.94744
2.81391
2.87035
3.15429
2.3857
1.8116
2.81965
2.88811
2.69824
2.62214
2.98212
2.81219
2.15959
2.79743
1.93642
2.79937
2.7657
2.85841
4.92864
2.77129
2.90311
2.83808
3.58123
2.80981
2.7967
3.63179
2.84418
2.95231
3.56081
2.84036
5.31053
2.05692
2.72341
6.78141
2.87542
2.76313
3.13932
2.78156
2.27206
1.81303
2.58064
4.11848
2.65192
2.2923
3.44779
3.31316
2.8829
2.73819
2.60574
2.813
2.65329
2.88243
2.70755
3.99079
2.34562
2.32524
2.78432
2.84124
2.84398
2.83821
2.06564
2.83296
2.87812
2.80522
3.73548
2.80904
2.68353
3.14556
2.94394
3.40889
2.8406
3.43604
3.13075
2.57979
2.99135
3.01923
2.85335
2.95824
4.26007
2.75685
2.71367
2.37343
2.76129
2.82443
2.73257
3.65991
2.58946
2.69696
2.66745
2.42406
1.86077
1.6243
4.39713
2.69186
2.33333
2.86099
1.59477
2.78122
2.33903
2.82739
3.05011
2.73299
3.82099
2.90254
2.79165
2.56871
3.91029
1.39042
2.79731
2.42464
2.89215
3.12564
2.68688
2.54431
2.80824
2.82834
2.98859
2.73959
2.7484
2.79771
2.82617
2.92156
2.84277
3.57767
2.81565
2.93199
4.96213
3.41087
2.76336
2.79336
3.11118
3.81224
2.79146
2.82594
2.91627
2.64281
2.85863
2.77278
3.64961
3.83493
2.81106
3.9087
4.90266
3.52954
2.93169
2.83279
2.79642
3.06023
2.78422
2.82562
4.46163
2.42238
2.78141
2.65549
3.03346
2.68155
2.12807
3.06035
2.83497
2.98796
2.7761
2.92224
2.87859
2.86545
2.62307
2.7375
2.84547
1.68908
2.81261
2.29075
2.66971
2.60189
2.81838
3.10584
3.02592
2.38557
2.86673
3.23355
3.08279
1.49336
2.81514
2.60064
1.59282
2.78064
2.36538
2.77555
2.76776
3.19624
3.60605
2.88002
2.87395
2.89319
2.82539
2.75588
3.62517
2.80009
2.92082
2.44343
2.29624
2.76903
2.84238
3.68446
2.80166
3.55588
3.11315
3.80507
2.70022
2.66931
2.84936
2.64087
4.99351
3.53763
2.60783
2.65253
2.09419
2.14815
1.96774
2.80515
2.93159
2.64955
2.62921
2.94293
2.42093
3.99056
3.34971
4.39209
2.19252
4.50901
2.78738
2.78
2.62572
2.61499
4.69264
2.60294
2.83003
2.82742
3.9554
3.15955
4.56326
3.8939
2.75472
4.48121
3.16726
2.79003
2.52293
2.69547
2.89523
2.74634
3.15002
2.33956
2.66568
2.14337
2.01383
3.75649
2.85664
4.56467
2.78018
3.16156
3.34704
3.16634
3.54015
2.76775
2.93091
2.90929
2.95281
3.30886
2.66669
3.58692
2.71596
2.55873
2.58544
2.46248
2.82339
4.59968
2.30673
2.56049
2.79559
3.49957
2.81785
4.47651
1.80513
3.61686
2.65002
2.90334
4.09786
2.95349
3.78582
2.89567
3.57039
1.30926
1.799
2.52224
2.5332
2.77086
3.47157
2.85972
2.89766
2.85531
2.84909
2.02512
2.767
2.82268
2.71182
2.54217
2.94924
5.13152
3.66014
2.90564
3.90287
3.1751
2.79293
3.99206
2.85906
3.71443
3.86926
2.42438
2.79479
3.18482
2.82378
4.03794
2.86207
2.81324
2.90517
3.04821
2.80155
3.10689
3.60941
2.87067
6.71411
2.61644
2.74799
2.79976
3.82079
2.70621
3.44055
2.74228
2.68516
2.75807
2.65851
2.92649
2.72009
2.97657
2.80268
4.43143
2.80809
2.41908
1.87227
3.65651
2.74544
2.38317
3.27053
7.00626
2.69265
2.74102
4.0699
2.90535
4.07409
2.17705
2.3113
2.84414
3.87523
1.54475
3.07848
3.07839
2.73368
3.16886
3.63421
2.58179
4.49081
2.85154
3.55393
2.77702
2.86758
3.09797
2.86163
3.28288
2.84524
2.62087
2.94052
3.54251
2.76393
2.93216
2.88594
3.19883
3.3797
2.88632
2.07941
3.18862
6.76337
1.91398
2.98536
2.68451
2.85383
3.11132
2.73199
2.73684
4.6459
2.82869
2.80284
3.85947
1.79112
3.12029
3.08319
3.38848
2.59744
3.33177
2.86959
2.78736
1.72129
2.48159
4.09079
3.3007
3.37149
3.55871
5.28953
3.54152
2.97141
2.51431
2.8296
2.80809
7.11048
2.58177
3.57124
2.88543
2.78371
2.62358
2.80833
3.36598
1.8436
2.80401
5.80349
2.67571
2.9294
2.68519
2.67197
2.78018
2.63205
2.88941
2.61569
2.1496
2.61078
3.32805
2.98241
3.5694
3.67531
2.60221
2.49322
3.38909
2.81404
4.12996
2.78113
7.33403
2.80053
2.80771
3.79918
2.70153
2.40523
3.85273
2.85226
3.62543
2.50057
1.55173
3.16113
1.96294
2.82316
2.80735
2.89604
3.79307
2.68974
2.68503
2.78239
2.87454
2.25221
3.18243
3.22877
3.93067
2.80072
2.72851
3.15205
4.11562
2.82066
3.34607
3.15246
3.16812
3.24454
2.77175
3.65807
2.71449
4.41508
3.45719
2.69996
2.70235
3.91918
3.03781
2.72115
2.62038
3.22323
2.76518
3.82071
4.28869
2.79708
2.54229
3.21824
3.14225
2.70023
3.7681
2.83761
3.64737
2.2902
4.55913
2.8428
3.84995
2.72616
2.87216
2.67834
2.6704
3.0795
2.83513
2.77203
3.51226
3.65037
3.18521
2.90556
2.81277
2.89231
2.81718
3.59323
3.22295
2.79624
2.93424
2.56564
3.59074
3.8556
4.48504
3.38476
2.73161
2.79012
3.63538
3.37068
1.76663
2.92021
3.73609
6.12184
2.84392
2.81617
3.73401
3.96374
2.51328
2.73986
1.77105
4.49218
2.63232
2.6554
3.14366
3.78554
2.74197
2.76466
3.69867
3.67993
2.75369
2.46253
2.62696
2.60889
2.83695
2.7775
2.79878
2.78247
3.21158
2.83572
3.73428
2.58876
2.92025
2.33743
2.38604
1.4091
2.73186
2.82642
3.77492
3.54575
3.97543
2.80848
2.66865
2.72644
3.53379
2.95591
2.51692
3.84479
2.59746
2.68704
2.84843
2.80053
2.78514
3.6933
2.75751
2.1669
4.13213
2.76725
2.63771
2.06727
2.79845
2.85637
4.11396
2.84931
2.73537
2.65506
2.82767
3.10236
2.86705
3.52647
3.11081
2.6017
3.28251
2.81421
3.50475
3.43362
2.67847
2.83722
3.76409
3.85781
2.66441
3.16348
2.91306
3.61237
2.80582
3.23991
2.77312
2.33421
5.57185
3.35406
3.79287
2.20365
3.92418
2.76053
3.75754
2.64993
2.41148
2.71685
2.94841
3.46804
2.85225
2.77658
3.00292
2.94694
3.94264
3.70093
2.70153
3.45038
2.81453
3.18055
3.80359
2.83705
2.7036
2.8049
2.83555
2.59428
3.19381
2.17893
4.41358
4.58748
2.32966
1.68998
2.23217
2.66602
3.70782
2.21257
6.54374
2.69954
2.64548
2.76854
3.45153
2.55888
3.7987
3.2556
2.78481
2.77165
2.8733
2.90988
3.19713
2.7809
2.81017
2.61391
3.41128
3.14422
4.45718
2.80757
3.10164
3.8045
2.71968
2.99949
3.16725
2.76892
2.80981
4.30828
2.93967
5.05112
2.77808
4.44394
2.7956
3.65557
2.5333
3.62423
2.75773
2.82444
5.48564
3.74413
2.94618
4.41572
2.71181
2.81489
3.27381
3.16327
2.53147
3.20178
2.11888
3.63488
2.88783
3.41323
3.04731
6.94726
3.27202
2.82652
2.728
2.79264
2.81546
3.65925
4.47312
2.71092
2.80246
2.8619
2.78585
2.80014
1.00265
2.84967
2.74124
2.64091
4.0774
2.54983
5.74444
2.7861
2.78388
2.87075
3.63675
3.56865
2.80342
2.8173
2.6215
2.7849
2.71366
3.25387
3.77449
2.93733
3.76193
2.67977
3.61129
3.15613
3.1363
2.60198
2.81348
1.32229
3.90699
2.84147
2.71426
2.80467
3.09284
7.53094
2.97146
3.91505
2.43896
2.37897
1.92222
2.80217
3.80508
3.03197
2.776
2.70977
2.84272
3.03923
1.83316
2.10152
3.02618
1.00812
2.32382
3.06344
4.2047
3.09689
2.79989
3.63515
6.8259
2.72484
2.70885
6.14298
3.16534
4.03832
2.84426
3.92329
3.47503
2.97253
5.02185
2.71003
3.88354
2.83014
3.34816
1.0647
2.63088
4.13564
2.96866
2.73126
2.58515
2.79541
2.68738
2.79538
3.75351
2.80913
2.80614
2.38806
1.36612
2.84142
3.59612
2.74942
3.77845
3.63256
3.05282
2.80374
3.51298
2.65908
2.61279
4.10454
2.01156
2.73991
3.47963
2.69399
2.63326
2.78749
3.43849
2.86649
2.72242
2.74421
2.67058
1.73223
3.26587
2.82156
2.67979
5.64507
2.80731
2.80982
2.63956
3.80972
2.80515
6.57755
3.63275
3.80986
2.69805
2.7978
2.59637
3.87726
2.49083
2.29228
3.42741
6.67469
2.63212
2.73215
2.78198
2.62987
2.82266
2.62451
2.81234
3.79906
2.81276
4.02059
2.74373
3.26071
2.72149
3.7947
2.07581
2.6883
3.6248
2.83229
3.62325
2.81117
3.89703
2.86983
3.88986
4.47699
3.10405
4.48528
3.09697
3.45642
2.78054
2.80241
2.73502
3.3097
3.26409
3.88231
1.70489
3.18659
2.82864
3.52555
2.83213
3.89611
3.56231
3.6358
3.26428
2.4281
3.15888
1.60891
2.57313
3.05194
2.84482
3.85676
2.39855
2.81526
2.73657
4.46689
3.00788
2.80036
2.86275
3.26268
3.07972
4.99519
2.70997
2.4315
2.70382
3.86353
3.66251
2.87345
2.77643
3.22025
2.79979
2.61943
2.86385
3.29128
3.04947
2.79394
2.66766
3.21444
2.81833
3.87199
1.81524
1.62128
2.79972
2.72345
3.17648
2.83304
2.75863
3.63621
2.50017
1.60132
2.8149
3.18953
3.88065
3.87013
3.35292
3.389
2.77106
2.78989
2.68665
2.61212
2.61469
3.74414
3.39543
2.58928
3.25735
2.81929
3.87886
2.68478
2.81883
2.66938
2.77092
2.79075
6.37929
3.04976
3.16541
1.16078
3.12837
2.92403
2.61438
2.59109
3.84318
3.87113
2.61361
1.42782
2.96162
2.88248
1.92341
3.75427
1.80173
3.88456
2.45146
2.71283
3.62282
2.8002
1.72762
3.08541
3.25203
2.13676
2.66334
2.31921
2.64102
3.08811
2.97218
3.91779
6.57964
3.12415
1.63596
2.04534
2.79275
2.87338
2.30163
3.78796
3.39644
2.3181
2.79466
2.64325
2.79536
2.80968
3.80216
2.87366
3.20761
2.66263
2.66922
2.8156
2.69243
2.44887
3.37157
2.79334
2.82116
2.41399
2.68209
2.58551
2.74901
2.72562
2.78236
2.70852
4.41231
3.14437
2.8096
6.7622
4.01944
3.42317
2.1501
2.88573
3.59251
2.77071
1.89427
2.79512
3.72578
3.19125
2.54596
3.78772
3.23878
2.83159
2.22381
2.15929
1.70231
3.52631
2.92351
2.59876
2.75406
3.88633
3.31766
2.82506
2.72171
2.95519
3.01582
4.13426
2.80528
2.58318
2.78438
2.77859
3.313
2.76979
2.63585
2.77995
4.50356
2.68974
2.76617
3.25243
3.4982
3.80966
3.8853
1.79493
2.66105
2.61786
2.56631
3.60014
2.60157
2.69804
4.62768
3.79737
4.16573
2.78241
3.69233
2.81609
3.23877
3.65568
2.90408
2.41915
3.56729
2.51225
4.27721
3.80232
2.78968
3.24215
6.58233
6.62531
2.61009
2.5898
3.75089
2.81944
2.36759
3.89826
1.74436
3.88503
4.05949
2.82068
2.67343
2.65273
2.60073
1.37177
3.35902
2.3315
1.58164
1.94464
3.15167
1.81363
2.90136
4.12675
2.33755
6.36181
3.05205
3.40475
2.54917
2.79528
4.07368
1.3036
2.34437
2.61167
3.96627
2.6549
7.03417
3.38034
2.60844
2.84074
4.00272
2.29883
2.21035
3.77128
2.6701
2.88079
2.79685
2.58061
3.3751
2.82884
4.62009
2.65729
3.51613
3.49393
3.98929
2.79513
2.68082
3.77196
2.62443
3.33425
3.2583
3.91344
3.64141
2.54912
3.84722
3.71809
3.1086
2.73161
2.67482
2.56739
2.46622
2.79681
3.75099
2.24347
2.78994
3.04356
3.8109
2.74384
2.97656
1.88521
4.57498
2.28721
3.11774
2.88958
3.99567
2.73625
3.65212
2.84728
3.65261
3.02658
2.75635
2.80646
1.36994
3.66398
3.26427
3.06802
2.63617
2.8421
3.50864
4.49541
3.71223
2.18673
5.86709
4.39502
1.9538
4.15606
2.7569
3.82771
2.77461
2.69117
2.42256
2.36687
2.13705
3.14443
1.91538
3.57206
6.24315
3.61235
2.15812
2.48331
2.78443
2.80082
3.1875
2.93313
2.82643
2.96128
1.33314
2.69851
2.69896
2.51503
3.33873
2.34838
2.80123
2.24057
2.72921
2.76223
3.79944
2.80931
2.11944
2.92024
2.67185
7.70394
2.88415
2.75745
2.87305
4.1186
2.63895
3.59819
2.79469
2.73268
2.78316
2.51523
1.86344
4.45096
5.26277
2.77709
2.85251
3.67044
2.74759
3.59374
2.61006
2.50844
1.52047
3.35536
3.30303
2.81943
5.1904
2.76957
3.57934
2.75303
2.70591
4.28717
3.87012
3.0326
2.67841
3.87427
2.54693
2.72893
2.31497
2.67252
2.94747
3.63731
6.93097
2.56116
3.32864
2.72537
1.63739
2.83377
2.85436
2.2272
3.62408
2.76121
3.23764
6.79283
3.00055
2.27942
3.95184
2.81297
2.73724
1.97236
3.26164
3.56955
2.74311
2.36024
4.53783
2.34522
2.80315
2.39629
2.69225
3.82597
2.87136
3.76616
3.29803
2.66682
2.70569
2.713
3.5416
2.79183
4.45519
4.17478
4.07642
2.56504
2.53856
2.65381
3.76808
3.82909
3.12703
2.5046
2.73705
1.90401
3.0312
2.73947
2.5646
2.47294
5.06308
2.74471
2.17078
3.27401
2.55524
2.77272
3.82095
3.25874
1.56195
2.80553
3.20112
2.73876
1.93141
2.68761
2.7782
2.79029
2.71533
2.5511
2.76113
2.79934
2.81675
3.06068
2.82051
6.16875
3.333
3.24859
2.62397
2.13919
3.56411
2.72539
2.7906
3.0554
3.33392
3.79981
3.58134
3.11369
6.09166
2.77191
2.69394
2.79582
2.32445
2.82735
3.4391
2.62035
3.69694
3.70187
2.84156
3.53625
2.48154
2.80918
2.43916
2.72847
3.23685
2.69365
1.24173
2.53867
3.3136
1.71059
2.78031
2.73688
3.16514
2.71944
2.74366
3.63007
2.77989
2.78773
2.84086
2.53514
3.50596
2.54323
3.81146
2.8992
3.89585
2.65612
2.26
3.68437
2.80079
2.97464
3.51293
3.48125
6.27167
3.28749
2.77841
3.5809
1.10397
2.83782
3.28931
3.54244
7.02992
2.7477
2.97492
3.23994
2.80426
2.51909
3.91158
2.77891
3.49097
2.96063
3.78866
4.11204
3.88332
2.27045
2.70784
3.3289
2.6818
4.10846
3.7699
2.73038
1.9949
2.50121
3.04558
5.91702
4.4805
2.54176
3.48849
2.68378
2.67552
2.86554
3.23849
3.80337
3.29966
2.74849
2.65725
6.58922
3.83549
6.44585
3.30415
2.66759
2.79782
2.57778
3.0361
4.13643
2.82094
2.64431
2.90309
3.44168
2.27556
3.61419
2.58699
1.57507
4.1065
2.66877
2.7293
3.34775
2.58194
3.26179
3.14176
2.53205
4.25665
2.77434
2.59606
2.56972
2.6779
2.76988
2.71878
2.73155
3.95854
2.74544
2.76024
4.52589
6.02052
2.79546
2.63361
3.06727
2.35096
4.21587
3.37927
4.495
2.72776
3.74773
2.68187
2.59821
3.57252
2.63817
2.61401
4.72723
2.60515
3.68922
3.5957
3.84181
7.63796
2.65112
2.62268
4.62522
2.81152
3.07285
2.09971
2.69278
2.58554
4.18028
3.16586
3.05642
1.99315
2.8159
3.24786
2.73014
2.33371
2.66297
2.98758
2.81859
3.27632
3.37074
3.09328
3.84661
4.57561
2.51713
2.50638
3.42567
3.53756
2.9627
2.40215
2.85706
4.59587
2.27543
2.62494
4.56572
3.84545
7.21644
2.49928
3.21165
4.05236
3.02049
2.63691
3.45267
3.46367
2.73801
2.19542
3.20577
2.72916
7.25925
2.61197
1.91429
2.6881
3.25358
2.2509
2.79442
4.08572
2.68082
2.98792
1.54164
2.45511
3.69747
3.64296
3.92126
3.74483
2.63952
2.83899
2.71633
3.28712
2.09048
2.53637
3.30309
1.70436
3.38303
2.8624
2.61051
2.83464
2.81306
1.35301
2.78826
2.57511
4.27342
2.81231
2.81716
3.83687
2.663
3.73353
2.69138
2.56506
3.36524
3.92481
4.103
2.80478
2.53806
3.00943
2.84896
2.0275
3.13419
3.60645
4.63117
2.86738
4.12362
3.09066
1.84729
2.76693
3.8313
3.66387
2.95076
3.01349
3.77741
3.16641
2.49327
2.59136
3.63807
2.65096
3.88676
3.0398
2.79781
2.81722
2.2605
2.44702
3.16254
2.31835
2.60534
2.71832
2.97633
3.60876
3.77515
2.07964
2.41434
3.17114
2.56574
3.04012
2.79295
3.42433
2.57216
2.73942
1.9447
3.18429
2.78781
4.14822
2.68087
1.89225
3.85381
2.58965
1.53347
2.49397
2.29543
1.9692
3.79555
3.49038
2.95481
2.93699
3.53906
3.70786
1.21604
3.74507
3.88628
2.50289
4.12504
2.68858
4.17151
3.3894
2.67508
3.17872
2.90485
2.9773
2.33335
2.93914
2.52099
3.11624
4.65785
3.37891
2.7201
2.67885
3.24119
2.58325
2.86922
2.72087
2.25722
4.57377
2.63411
2.69188
2.77529
1.98133
2.95395
2.50813
1.94974
3.79169
2.6333
3.42732
3.93523
4.11289
4.43709
2.43359
3.39377
2.22943
3.4096
5.79956
2.88378
2.48654
3.3451
4.38775
3.34862
2.12552
1.73783
3.77976
3.67802
2.97765
2.58789
2.91273
3.28077
2.89836
3.92083
2.02471
3.48123
2.96507
1.68558
2.62721
2.62273
2.73207
2.79291
2.85808
3.44337
4.31517
1.72327
2.75961
2.6333
2.76932
2.8954
2.85783
2.96316
2.16035
3.59739
4.13627
4.07894
3.49717
2.69206
2.92687
2.32354
2.18974
2.57848
3.43113
4.25572
2.61415
2.40362
3.48767
4.09184
2.62072
3.52687
4.08467
2.9377
3.24616
7.36027
2.92386
2.00819
2.46025
2.06314
3.24106
3.13438
2.48614
2.9264
3.48739
3.77848
4.57051
3.70893
3.87963
2.70181
2.60439
3.14389
1.23092
2.69556
3.51877
2.48066
2.7887
2.6279
2.47004
3.37802
3.54853
3.85924
2.78745
3.21215
6.42147
2.60379
3.61333
2.41075
2.71788
2.64814
6.81707
3.04834
3.4888
2.53324
2.7024
3.35494
2.53317
2.73801
2.75383
2.78385
2.70978
3.84928
2.8007
1.82569
1.86716
2.86981
4.21003
3.20853
4.19043
2.46262
3.39975
2.82168
3.8823
2.76913
2.6941
2.57563
3.83604
3.87046
3.11608
1.67394
3.33608
2.80345
3.52727
2.611
4.14648
3.67192
2.69563
2.76867
3.8836
2.50171
3.89548
3.80872
2.75289
4.22229
2.67486
3.8977
2.21042
2.88059
3.26432
2.62266
2.581
4.13449
2.65191
2.88284
4.13528
2.59625
2.64882
3.56852
2.40604
2.87868
3.77504
4.57394
4.02527
3.27201
4.52367
1.91472
3.97191
3.05305
2.52304
3.90511
2.8102
2.45345
3.53031
1.54513
3.44142
2.69035
4.11639
4.94392
2.8424
1.76344
3.93522
2.9047
3.80027
4.65658
1.9894
2.61508
3.06159
6.24441
2.67405
3.59103
2.89187
2.77977
3.94002
2.53543
2.59348
2.46985
5.36092
4.44591
3.96729
3.86527
2.80147
2.48596
3.17352
2.67674
3.04318
2.67704
2.66083
4.59497
3.46264
3.9669
2.69899
4.1324
2.04726
3.97607
3.65227
3.53709
2.40748
3.42212
7.18753
3.84575
2.93886
4.12523
1.98856
2.63106
4.46889
3.25751
2.61726
2.56357
3.97454
2.77902
2.55904
2.60474
2.70904
6.0754
2.5804
2.82941
2.4871
2.95434
3.191
2.4321
2.66703
2.5055
2.69181
2.72942
2.80427
3.67846
3.38251
4.47107
3.35816
3.3392
2.49574
2.51898
2.20166
2.6319
2.86182
3.29058
2.53749
2.70658
3.09421
2.6555
3.70183
2.81128
2.80912
2.9482
3.46406
2.50668
4.511
7.62687
3.76206
1.66578
6.75458
3.94902
2.67988
2.61302
3.75575
2.49415
2.78764
1.96876
4.15654
2.97393
2.81704
3.63128
2.98047
3.07246
4.03417
3.73708
2.72582
1.33157
2.80081
3.52368
2.56038
3.98934
2.70244
2.89544
3.23993
2.32881
1.45705
2.76354
3.58797
2.2828
2.64642
2.2373
2.54808
2.66032
2.73759
1.50129
2.66115
2.22339
3.20719
3.78716
2.00233
3.68667
2.77075
2.95378
3.85431
3.51983
4.06373
2.47388
2.68976
2.34688
3.76774
2.60539
2.43686
3.85018
2.61722
4.77794
3.56679
2.56845
2.85764
3.15089
6.08397
3.48846
5.94787
2.9913
3.70157
1.8463
2.7142
3.87273
1.47161
3.61074
2.37907
2.86898
2.59324
2.76562
3.41339
2.75524
1.8033
3.70987
2.67769
2.68104
2.76544
3.47971
4.28972
2.68058
2.15119
3.6452
3.59526
2.7439
3.79742
4.31382
2.65889
2.40774
2.74799
3.44813
2.72897
2.59694
3.44862
3.45478
2.30645
3.9829
2.96931
3.49166
2.34305
4.05623
2.24175
3.11155
3.6433
2.50489
3.71344
3.34718
3.79969
2.60847
1.77438
1.15826
3.55106
2.306
2.09027
2.79763
2.61272
3.63147
4.56918
2.65201
3.09418
3.96262
2.6616
2.60863
6.19343
3.07568
2.49049
2.50065
2.92576
3.51616
1.56239
1.56541
2.64343
2.22108
2.80345
2.55496
2.66123
4.09589
2.9229
4.1448
3.9583
2.24056
2.5644
3.68805
2.89412
1.28485
2.59748
1.73067
1.69795
3.88625
2.16993
2.52331
2.31046
2.64301
2.67873
3.65839
4.0745
3.13403
2.96717
1.75992
3.70261
2.77217
3.65795
4.6312
2.75137
2.5531
2.67625
2.67127
3.89167
3.19219
6.41296
2.66216
2.95811
1.4739
2.4075
2.89524
2.77415
2.70896
3.34879
2.79146
2.18996
6.94131
3.30574
2.52284
2.637
2.20109
3.72508
3.55109
2.4395
2.7009
4.6205
4.33948
2.38692
2.51771
1.12987
2.54828
2.6319
3.72583
3.72749
3.66664
4.455
6.65925
2.98165
2.47259
4.13571
2.623
3.92587
1.95446
3.5582
2.87078
2.70943
2.90763
1.37251
1.76846
2.68719
2.47295
6.29541
2.42909
4.57007
2.50409
2.83452
3.87083
3.95655
2.79194
3.75616
2.66582
2.61705
3.37877
2.57548
2.1303
2.6505
3.14399
2.60392
4.14317
2.9209
2.69082
3.01805
2.96095
2.60557
2.95383
2.86052
3.74677
4.2545
3.99016
4.14869
3.39949
3.78193
4.41734
3.06376
2.98042
2.95365
2.7131
2.63094
2.78907
2.13152
3.52104
3.42541
3.48775
6.60887
3.67179
4.66641
2.36477
3.26929
2.52363
2.47948
3.44971
3.32138
2.64101
1.85428
2.6849
3.12493
3.18208
3.04234
4.1598
2.14015
1.8448
3.81271
3.01592
2.96232
2.76526
2.57668
2.36604
4.18871
2.64267
3.27729
2.4399
2.17103
2.92752
1.1824
4.25674
2.61846
2.48021
8.01242
3.2332
3.83637
2.77788
2.93134
3.87108
2.61748
2.62413
2.71873
2.62815
4.67743
6.51389
4.61203
4.01347
2.59901
6.17719
2.70272
2.64712
2.81029
2.36437
2.67783
2.71189
4.44354
3.22296
3.71289
2.6964
2.12027
2.53598
3.58165
4.06667
3.43003
3.97495
2.39042
3.39508
2.77597
2.45654
2.63716
1.91187
2.54302
3.70812
2.76496
2.60277
2.48882
4.35666
2.90546
2.36937
3.86929
2.1167
2.59954
1.26597
1.82514
2.55953
2.19697
3.55726
2.58047
3.83774
1.05433
4.1099
2.53227
2.74346
2.60346
2.84245
3.89795
2.58794
1.51281
2.11843
2.80336
1.39772
3.49207
4.94942
4.19823
2.82143
1.25272
2.55254
5.25546
3.78082
3.41039
3.08341
4.09549
3.13519
3.93853
2.61752
2.80067
2.74627
2.85154
2.71182
2.62116
3.59509
6.46783
3.07588
3.33912
1.89242
2.63688
2.34579
3.55981
2.11194
3.6885
2.38962
3.84575
3.50925
3.52271
3.68721
3.49855
2.00452
3.61175
2.79957
3.75398
3.90601
2.5612
3.52146
4.02715
2.80856
2.62661
2.5769
2.57055
0.959237
2.25485
4.00392
3.12169
1.68164
3.46053
1.96785
4.12327
1.61257
3.46825
3.66221
2.27346
2.36272
2.03057
8.41351
2.67559
2.52879
2.86034
3.05767
2.64273
2.80988
2.59332
2.76231
1.94441
4.06605
4.43047
2.74689
2.65562
3.8558
3.93032
2.74139
3.95874
2.63107
3.85182
6.34666
3.50302
2.80576
3.91416
3.48656
2.57007
4.17315
2.63289
6.4828
3.31455
4.01786
2.29239
3.19935
2.79222
2.81579
3.65241
7.30619
2.84099
2.44361
2.68219
3.69681
3.54708
1.19749
2.80818
2.34974
3.90055
3.85561
2.57243
2.53614
2.64553
3.76019
2.6401
3.10634
3.5867
3.97146
4.00672
2.70646
4.35428
6.47832
4.00182
2.89676
2.86558
2.69635
3.63939
2.81721
3.51747
2.88319
2.49533
1.43777
3.42632
4.55378
2.47115
2.83031
3.02596
2.61327
1.67659
3.62625
2.97167
2.33844
3.20454
4.17195
2.20882
2.54179
2.58291
4.32551
3.51375
1.91438
2.19529
3.80898
2.67869
3.07756
2.7089
2.47267
3.74556
3.57469
2.48479
2.88437
3.58258
3.27847
3.7292
2.50131
2.61677
2.5901
2.97715
1.55481
2.69224
2.80587
3.80814
4.06617
2.69105
2.29115
4.20359
6.42808
2.62978
3.34363
2.39855
4.48775
2.44424
4.7304
3.63777
2.69937
2.69993
2.62578
2.51636
3.5919
2.61413
3.27581
2.60356
3.36017
3.46737
2.69143
3.72409
2.77013
2.77809
3.67667
2.70093
3.89499
2.34882
3.48697
3.22675
2.64163
1.2085
3.04326
2.09685
1.88138
4.22902
6.3979
4.45978
3.78637
2.60673
3.075
3.91091
3.79233
2.752
3.65306
2.39114
7.91339
3.33615
3.54409
2.46816
3.6602
3.91734
2.21718
3.66044
3.53359
3.84769
3.52797
2.59311
3.74685
2.6171
2.86762
1.61497
2.88951
3.82889
3.5026
2.67888
2.81654
1.98735
3.77913
3.7619
1.77095
2.1346
4.02448
2.58115
2.23613
3.79584
2.75999
3.80039
3.52561
3.54964
2.52882
4.22946
5.69645
2.79832
4.98708
2.51861
4.57961
2.07656
1.4381
2.61636
2.47766
3.25086
1.71227
3.93492
2.56545
3.94708
2.80166
3.23313
2.09221
3.55148
2.72511
2.43966
3.47474
1.83656
4.15593
2.31416
2.70329
3.77717
2.55609
9.43366
2.50106
2.79265
3.07332
2.8091
2.51251
3.25952
2.60888
2.54056
2.48838
1.77605
1.80156
3.85346
3.48794
2.62599
3.63284
3.76432
2.61365
3.33447
4.08669
2.96527
3.60401
3.7216
2.32555
3.85762
2.68696
2.52331
3.62353
4.52418
2.81807
2.58307
3.82605
2.85373
2.8041
3.23623
3.64507
3.75241
2.74737
1.751
3.76127
2.81174
3.83614
3.07115
2.6755
3.49489
5.85652
3.73567
3.73178
3.47576
3.62132
3.82033
2.3885
2.79421
2.86154
2.52319
3.9153
3.49029
3.63483
2.58678
3.98328
3.53627
3.8189
3.2505
2.35587
3.60807
3.57927
4.67879
2.45151
3.13573
2.3384
1.72986
2.29209
2.54626
2.8634
2.71636
2.80802
1.98217
7.3302
3.30189
3.53112
2.37321
3.61203
2.87057
2.56272
3.84203
2.03364
2.43461
6.63757
2.59207
3.96684
3.27002
3.52188
2.72957
2.31596
3.16924
4.43469
2.7439
3.31263
2.53984
3.07102
3.21373
2.57958
2.61716
5.82758
2.50737
2.70866
2.98274
2.10647
1.91053
7.76226
4.01517
2.37839
2.54608
3.68457
3.48786
3.74229
2.85181
3.27699
2.30065
3.73788
2.54339
2.55231
3.26345
3.85327
2.47189
3.81425
2.5458
3.01506
3.80866
3.29209
2.36413
3.83889
2.59657
4.60398
0.880471
4.14036
2.78938
4.60197
2.89129
3.86833
2.19656
2.62187
2.82905
2.61874
4.52168
2.58654
3.55144
4.91321
2.5738
2.70306
2.58997
7.81028
1.93477
2.75471
3.60096
1.80514
2.995
2.74308
6.21118
2.73451
2.58948
7.66019
4.41334
4.04242
2.25567
3.58306
6.33322
2.07703
3.16907
2.60008
2.61753
2.50259
1.91524
2.49087
4.0659
3.50493
2.26911
3.08035
3.38229
2.79153
1.66337
2.42443
3.16284
3.23317
3.70768
2.5832
2.42367
2.57396
3.29995
2.57141
3.42883
2.89715
2.3448
4.01891
2.7807
4.13812
3.85049
4.54465
3.80341
4.17928
3.02148
3.5655
4.23082
1.45591
2.59078
1.14909
3.75705
2.07025
3.67427
3.46398
1.76058
3.58694
2.37632
3.31642
2.05319
3.77091
2.50351
1.46988
3.418
2.86935
3.24433
3.84395
3.7347
2.01405
3.79165
3.86371
3.11701
2.85728
2.63185
2.0571
3.8587
3.9209
3.01741
4.01392
2.80296
3.71772
3.346
2.39528
3.93002
4.19867
2.94924
2.40109
1.97956
2.35919
3.00835
5.0238
3.59385
2.32078
2.58308
2.5859
1.64673
4.86276
1.33949
2.59909
2.80591
2.81831
3.82968
3.57703
3.57583
3.18749
2.52715
2.78887
3.68009
2.76307
2.60611
2.12803
3.65482
3.87044
2.68983
4.02438
4.01133
3.36376
2.8091
2.52734
3.13087
2.5524
2.56731
3.41702
2.62839
3.04082
2.41813
3.08327
2.76164
2.15348
2.34688
1.5766
2.75371
2.53877
4.82675
4.5678
2.84498
2.79619
1.52127
3.74595
2.66029
3.07051
3.73848
3.09573
3.00883
2.18283
2.08737
3.47495
2.50723
2.56692
1.8224
3.77684
3.21738
2.77311
3.40858
3.3896
2.05729
3.15038
3.55282
3.21826
2.66997
3.79538
2.74529
3.20257
5.03699
2.348
2.58767
2.5303
3.28102
1.52551
4.01415
3.79158
4.09031
2.58776
3.14502
4.64038
3.79515
3.55436
2.85069
1.89338
3.8961
2.28625
2.0041
2.31381
4.52702
2.09846
6.6145
2.29332
3.82182
2.78319
2.56723
3.94927
3.66998
6.2425
2.56654
2.03392
1.71151
1.59521
3.87166
1.9954
3.88837
2.6624
3.61234
2.94979
3.56883
2.5129
1.86426
1.14566
2.67333
2.46139
1.28195
1.48239
2.07279
4.21334
1.61764
2.78787
2.6639
3.20141
4.57356
3.50822
1.79867
3.92823
3.67797
2.89562
3.59988
3.48858
3.21032
2.55811
4.7405
2.70949
3.17338
2.83032
3.29026
2.43139
4.0112
2.40596
3.18991
3.20998
4.06309
3.81275
3.58829
3.60628
3.80348
3.76903
3.73002
6.96357
2.00517
3.82042
2.96494
1.93569
2.09236
3.80461
3.85724
3.21449
2.45523
3.68209
4.67541
2.73976
2.44124
3.77031
2.58111
2.28515
2.16257
5.09754
3.33145
2.73004
7.86859
2.33578
1.71682
3.75801
2.73169
2.3762
6.64334
2.50038
3.63442
3.74385
3.49001
3.6526
3.00275
3.67075
3.15103
4.37422
4.03575
3.56531
2.39353
2.64261
1.84117
3.85626
3.30132
2.8768
3.79979
2.18361
2.52251
2.84607
3.60018
3.58197
2.53232
2.45254
4.56137
3.10074
3.23947
3.20996
2.48379
3.98828
2.56618
2.63805
3.74238
2.46583
3.36326
2.74065
2.29561
2.54339
2.1658
7.28592
4.26941
2.30303
2.47047
2.43842
3.54766
3.05338
3.43294
3.73166
2.25507
2.51067
3.43582
2.4292
3.98554
2.97636
3.47586
2.64097
2.79442
2.32305
2.27258
3.53679
3.5634
2.33281
2.7644
3.76538
3.58451
2.86998
3.25209
3.99631
6.26134
2.55078
3.7348
2.41255
2.75851
2.52086
3.82673
4.07028
3.59102
2.44346
3.92376
2.30473
2.45954
3.12676
2.5717
2.34916
2.6288
3.98143
2.17741
3.07667
2.73136
2.46733
2.54228
2.47784
3.24381
3.09492
2.90959
2.57975
2.8219
2.10998
2.43489
7.95554
4.02613
3.11076
3.78449
3.77134
3.86658
2.7907
3.73703
2.74824
2.14664
3.95515
2.17181
3.53375
2.24038
3.92932
1.59555
3.54305
1.89545
3.62962
3.96646
4.51745
2.53546
4.1851
2.47288
3.85241
4.00612
4.21372
1.78439
2.34646
3.8067
2.45167
3.66852
3.74363
3.20894
1.98554
3.65796
1.86141
2.45147
3.77058
1.20759
3.94399
1.4758
6.52296
2.79857
3.74388
2.75766
2.50868
1.85903
3.30461
7.18851
3.73688
3.72443
3.95265
2.78507
3.48062
2.26716
2.43478
4.53434
3.78339
2.12746
1.48969
4.89893
1.61581
3.64005
3.55468
4.24245
2.61164
2.69506
1.8537
1.83653
4.58651
4.00587
2.33746
3.70059
3.54479
3.83584
3.68174
2.751
2.79935
2.4214
2.8126
2.42993
2.97216
1.99364
3.70056
3.21244
4.25896
3.82172
2.32625
5.01827
1.73604
2.82643
4.32827
2.80896
3.64283
2.52611
1.58565
2.36647
3.2347
1.85608
2.34154
3.86582
4.2141
2.98926
3.65984
2.5263
2.66727
3.67872
4.11348
2.56728
3.94645
3.60374
2.42302
2.55563
4.27849
2.48329
2.23494
3.09918
3.48565
2.40105
3.82778
2.82976
2.79321
3.34755
5.41517
2.41377
4.55176
2.74527
2.88619
2.52777
2.5743
3.03081
2.10837
3.8042
2.4899
3.73146
2.45073
3.92138
1.80548
1.87587
2.63371
3.42798
3.74851
2.77919
1.72588
2.76143
2.5511
2.49949
1.25415
2.7078
3.90941
3.72718
3.82185
2.98286
2.44288
2.82213
3.14348
3.81363
1.48705
2.93121
3.88047
2.19934
3.80307
2.90337
2.80293
3.60857
2.5754
2.18836
3.49211
2.73323
6.68181
3.3705
2.45206
3.71034
2.38363
2.63378
1.66061
2.3017
3.57821
2.21975
3.64124
2.40469
3.56095
2.33715
3.57313
1.97579
3.75751
2.80147
2.77252
2.47113
6.88575
2.69087
3.45004
2.72058
2.32383
1.81674
2.02219
2.3892
3.90219
2.53949
2.21613
3.52239
4.49844
3.54119
3.81446
4.66807
3.51839
3.16055
3.78635
2.70553
3.84053
2.73454
3.17635
3.81075
2.08778
2.15631
2.50846
2.47995
2.57483
3.80874
4.6205
2.8071
2.5373
3.59254
2.4559
2.76601
1.66585
2.17929
2.66506
1.76796
2.49
2.3243
2.24902
3.92524
4.28395
3.75293
3.7181
3.63461
2.42897
2.72056
1.96589
2.53207
2.68932
6.93461
2.67987
4.63504
2.64876
2.43403
4.76374
3.41131
3.11731
2.7568
2.16589
3.93975
2.27769
2.36616
2.439
2.81989
3.68147
2.99847
2.45251
3.89629
3.18352
2.4331
7.55652
1.98155
2.78186
2.81978
4.45825
3.56122
3.8394
3.61635
6.80733
2.47325
3.47259
4.40683
2.86358
2.4339
3.14312
4.0395
2.66628
2.72706
2.40629
2.4174
2.44716
3.55275
2.96581
3.5528
2.51006
1.92941
2.42419
3.8225
2.71461
6.46628
1.75949
2.44097
2.61378
3.53074
3.72155
2.41173
5.56201
3.90559
3.85151
3.53439
4.45993
2.68199
2.97507
2.8669
3.58627
1.75324
4.53468
2.19615
3.83673
2.17054
2.18492
2.41036
4.55897
4.10836
3.76226
1.64252
5.14329
2.28023
2.39532
3.61124
4.61878
7.65023
2.80503
2.00913
2.62409
2.48407
3.87697
2.86351
2.41055
3.26891
6.93242
3.93337
1.95674
3.99359
5.91366
2.3233
2.66148
2.8876
4.49313
2.32862
1.51862
3.65732
3.76808
2.45988
2.34205
2.72887
2.42123
2.3487
2.85912
4.68937
2.71345
3.67105
3.81645
2.49622
1.43644
2.75283
2.38759
3.97133
3.22251
3.65367
2.69841
2.52362
3.94846
3.0169
2.65579
3.91436
2.39171
2.95036
2.83376
3.72406
4.37071
2.34995
2.37069
2.47603
3.97864
2.68829
6.12397
4.50261
2.42761
2.85396
4.40116
2.03768
3.78091
2.79471
3.84987
2.07895
2.72777
2.70699
3.5837
3.76185
7.32251
3.81393
2.01556
3.80805
3.7574
2.1939
3.64501
3.92362
2.41413
1.06291
3.58968
3.09664
2.43002
4.59175
3.60135
4.39511
3.90061
4.09798
2.33096
1.59878
5.67395
2.6609
3.53753
3.88596
2.54618
3.79547
2.87656
3.82573
3.69412
2.78461
2.40361
2.61499
2.49379
3.65935
1.60114
2.391
3.64138
4.2113
2.47486
3.83152
3.87646
2.68601
3.75603
2.17495
2.14529
2.83124
3.45461
7.61982
3.80582
2.21237
2.53438
2.33112
4.00249
3.47729
2.6418
3.8967
2.4773
3.65678
3.45464
2.50746
2.74659
4.4385
2.6068
3.65836
3.76327
2.06842
4.08543
4.47654
2.68557
5.98333
3.99173
1.13994
3.52674
7.27526
2.39549
2.62152
2.47737
3.48969
4.27126
3.53656
5.58372
2.84781
3.05419
2.75467
2.55142
4.71259
3.81708
2.98944
2.91106
3.69922
3.80415
4.04152
2.81379
3.87175
3.80321
1.13311
2.23076
1.73351
2.31927
2.36976
4.1983
2.87613
2.41705
3.62551
2.50896
3.31545
3.91649
3.73938
2.73989
3.81186
1.82728
2.28534
2.35353
1.92016
3.23357
2.59298
2.46533
2.31527
2.26548
6.36788
4.38247
3.11187
4.23729
3.69839
3.61155
2.39507
4.73212
2.77858
4.55034
2.21596
2.89803
1.53236
3.6178
3.74357
3.85479
2.13942
3.06823
3.87692
3.87026
1.40247
1.62151
2.19709
3.72294
2.84102
2.31345
2.80844
3.68487
2.65212
2.61589
3.95244
3.83711
2.59828
3.80836
2.56846
2.51825
3.83172
2.6709
1.94655
3.34535
4.36684
3.80291
2.60545
2.19399
3.67608
4.04059
3.84563
6.65692
2.35768
2.57215
3.83674
3.68429
6.17899
4.47484
3.49774
4.23134
6.41579
4.64668
3.68104
3.98115
4.48427
3.26854
2.32709
3.47253
4.16048
3.42849
2.73325
3.74187
3.4591
4.69363
3.72038
6.59528
2.60522
3.91246
2.21269
3.28398
2.47951
3.57558
2.79101
4.57161
4.52258
3.56491
2.37309
3.48119
3.78942
1.88362
2.80535
3.63057
2.49721
3.56119
2.46081
1.89499
2.47596
7.01456
3.88825
2.69607
1.41722
2.6872
2.72711
2.2658
2.68166
3.97696
2.62348
4.37199
2.34224
2.60303
1.4952
2.1806
3.78821
3.45005
2.37645
2.57396
4.07573
4.11942
2.45897
2.1336
1.90335
3.9521
2.3609
2.56465
3.8022
2.59838
3.25863
3.71452
2.71299
2.54124
3.6664
3.94073
2.12783
3.74666
2.74504
2.7588
4.0192
3.60676
3.59403
3.64809
2.95975
2.04934
3.93335
3.83408
4.05707
4.66392
6.57515
3.36714
3.23288
2.40264
2.16278
2.08607
7.21893
3.6429
2.65583
3.63201
6.51992
2.49123
2.31338
3.60525
2.82654
3.35739
3.01318
1.6696
2.57217
3.80447
2.16684
7.36465
4.52313
2.38285
4.24812
2.17806
3.74104
3.47822
3.16393
1.76479
2.77254
3.93281
2.79734
2.15899
2.19732
2.26104
3.55226
1.50351
3.96476
3.57154
5.02338
2.6905
2.84417
2.41463
3.55422
2.6563
3.13157
2.43346
2.38381
3.1356
3.57895
3.83035
3.94239
3.30213
2.74982
2.42207
3.73802
1.45041
2.06678
3.67454
5.82014
3.39421
4.21137
1.87573
4.13985
3.97403
2.53941
3.89982
2.54482
2.71895
4.61841
2.29615
2.38581
2.74097
3.94264
1.47123
3.60028
2.71585
2.28165
2.80972
1.33261
2.89823
1.08691
4.77041
6.73493
2.55652
3.47634
3.32082
2.72269
2.29563
1.38801
3.47555
3.63454
6.91906
2.40002
2.50988
3.71088
2.65614
3.41083
1.87178
3.57883
4.10888
2.99291
3.56305
3.61125
3.81494
4.38029
2.69383
3.90497
2.47463
3.70668
3.84636
2.04649
2.17156
5.93768
4.054
4.16562
3.32294
2.38324
2.13754
2.44413
2.66731
1.71559
1.86385
3.82318
2.30696
2.48396
2.15645
2.33599
2.61213
2.1087
2.36673
3.47469
2.88458
2.22129
2.1591
3.86483
3.81358
3.67458
2.88721
3.96074
3.36457
4.58379
3.77768
3.56335
2.40417
3.8486
2.77859
3.58786
3.85867
2.08605
3.98438
2.74699
2.31856
3.93891
4.27673
1.92307
3.8054
1.34987
2.28502
2.66004
2.80585
3.48638
3.96661
3.52881
4.04514
1.96679
3.74032
3.56713
2.7276
2.45785
3.86635
3.89474
3.80369
3.98488
4.43814
4.05434
2.36577
4.69434
3.82304
3.76756
3.65411
2.62376
2.47038
6.14957
3.04432
1.68612
2.6043
2.4629
3.75651
2.10004
2.49349
3.78377
1.36154
2.31225
2.02882
2.73157
2.78438
2.79303
2.78091
4.11675
4.1718
7.86444
3.06787
3.38995
3.44947
2.75345
2.63055
3.84957
2.98304
2.80013
2.70798
1.398
4.83353
2.47704
6.16841
2.04938
2.26237
3.72432
3.56834
2.80942
2.2838
4.00854
2.66981
1.39126
2.20576
2.37597
3.60799
3.88855
2.8875
3.62636
3.33837
3.5681
2.56183
2.31406
2.65226
3.60337
4.10664
4.59519
2.72232
1.47639
2.47072
4.01446
3.68148
2.67851
3.59293
3.79796
6.98351
1.64858
2.81649
3.60304
2.66919
2.68144
3.79642
3.69442
1.37671
5.24048
2.31282
6.43021
6.57214
1.51794
1.86202
2.30092
2.99048
4.09886
3.91515
2.4416
2.72264
6.63089
3.86098
2.92347
4.20025
2.75565
2.17537
3.74449
2.68525
3.6233
3.87514
2.06572
1.01663
3.77579
3.72885
3.78647
3.02559
4.05077
2.19513
2.35179
3.56566
3.62273
3.73397
3.88734
3.93062
1.96252
1.84406
3.13093
2.28976
1.48723
1.77187
5.99508
3.84941
2.27145
3.81332
3.60472
2.86428
3.8057
2.4633
2.34835
2.45948
7.04134
2.75303
4.10355
2.37667
1.3991
3.54153
1.94282
3.96852
2.64737
3.43318
1.74509
2.46037
3.67597
4.0819
3.45796
2.28363
3.61745
3.85621
5.97213
3.57292
4.09191
2.74392
3.40414
3.57823
1.85647
2.32751
4.12807
3.40612
3.80781
2.27152
3.80391
3.67731
2.46166
3.67134
3.65867
1.99202
2.85487
7.65352
2.80406
2.6209
2.53569
2.63639
3.79801
3.74386
2.66289
2.13924
2.28321
3.59735
1.32254
1.64593
5.47239
5.02797
2.41502
2.44614
3.93654
4.5086
2.15002
1.86256
3.86428
3.7093
3.86413
1.50649
3.65965
3.456
3.58774
2.76051
3.87304
5.32148
3.57757
5.09618
2.12798
2.39805
2.64834
3.1954
2.81884
2.72269
2.08047
2.64112
7.96273
4.13317
3.85967
4.46416
2.32574
2.63621
2.44381
3.65282
4.12381
3.66773
3.97608
2.82423
2.1662
2.83094
2.33942
2.15575
3.84431
2.00934
3.80628
3.90003
3.83465
3.56274
3.94465
2.63378
2.403
3.65077
4.39544
4.4234
2.67455
1.68613
2.08951
2.28259
1.98991
3.30646
2.9895
1.48842
4.03781
4.46855
2.7428
3.895
2.35476
2.75437
2.95133
5.02026
2.33119
2.27786
2.6377
4.07967
2.11351
2.18664
2.04497
1.20607
1.7255
3.81154
1.49205
3.01859
1.70573
2.59373
3.28333
3.93629
2.3051
3.72489
4.59689
2.33108
2.1499
2.32414
2.32428
2.25979
4.12597
2.42553
4.41297
3.79153
2.32599
2.78484
3.4295
2.60233
2.42945
4.08888
2.70634
2.14075
2.67863
2.73452
2.45712
2.53103
1.50133
3.11014
3.56542
4.09418
2.30823
3.78618
1.82429
3.83943
2.86458
2.0433
3.47327
4.67449
1.83726
6.91352
3.41345
1.87306
2.33657
2.57703
4.27363
3.87503
3.91454
3.83488
2.26413
2.01226
3.16705
2.1075
2.10912
2.37742
2.26761
2.51929
1.22229
2.2675
2.28304
6.6878
3.89699
3.29946
4.13177
2.50376
3.89952
4.50574
4.23935
3.72423
3.53116
2.13146
3.3722
2.18114
2.24724
4.53454
4.47251
2.81344
3.81614
2.2766
2.24448
2.06073
1.40657
2.87717
2.72028
1.98747
0.782063
1.84294
2.21191
2.60556
2.63199
2.68516
3.85966
2.42683
1.96016
2.83106
2.63372
3.69419
2.4246
2.30208
2.51631
2.24173
3.76678
4.03102
1.88666
4.10523
2.35381
2.69792
7.06907
2.26536
2.4415
2.31343
3.70372
3.50643
1.59131
2.59302
3.90148
3.92512
2.49209
3.75299
3.94466
2.67805
1.98992
2.93513
1.35837
3.82637
3.49802
3.38723
4.37518
4.05185
2.01101
3.86863
3.47973
3.60471
2.16874
2.12226
4.0679
4.22517
4.47495
4.59308
4.1889
2.31794
1.51356
2.69258
3.42069
3.61321
1.92718
3.89442
2.48281
3.88119
2.79395
2.36267
3.6662
2.00431
3.79595
3.76444
3.9842
6.94989
4.54245
3.87597
3.89535
3.32512
3.32173
3.70531
4.44665
2.38289
3.80009
2.29055
1.83473
2.24735
3.96006
2.14777
1.97014
3.67479
2.51555
2.08647
2.46477
3.81257
3.64322
2.41264
3.8996
3.67807
1.33862
3.90274
3.7758
0.998356
4.60931
2.65134
2.60924
2.79196
3.55341
2.17564
2.43196
2.11936
3.32366
6.26638
2.27173
2.36942
3.72608
3.82518
3.86984
3.59898
2.15772
3.52221
2.99505
3.81645
2.26494
2.74946
2.75106
3.62873
4.61738
1.47468
3.71584
2.22911
3.91213
1.47817
3.44123
2.62221
2.28904
4.85231
1.90697
2.96339
2.77891
3.54543
3.61293
2.4157
3.96954
2.67312
8.01237
4.20842
7.07413
3.64379
2.75443
4.35734
3.8331
6.73276
4.70295
5.60263
3.68533
2.73214
3.55935
2.15222
3.77856
2.65522
2.24457
2.16869
2.15052
1.95046
3.17226
2.02576
3.81946
2.555
2.73739
2.61019
2.96147
2.39832
2.68896
3.59882
4.62477
4.034
2.08825
3.87563
4.26764
2.36631
2.22238
2.58769
2.38087
3.63747
3.73222
3.97967
2.74929
2.21738
2.22342
3.76379
2.49449
2.34006
3.95641
4.35429
4.0345
2.14793
3.62443
4.41687
1.74578
3.81135
2.50625
2.73327
1.38493
3.76846
3.60692
2.77074
4.11865
3.91341
6.17912
4.80099
3.74926
2.19847
2.4367
3.67399
4.01306
3.71478
2.59644
1.96496
1.68398
2.43528
3.97212
2.57777
4.00691
2.06723
4.49725
1.06863
1.45614
2.60593
1.2841
2.29789
2.8819
2.28866
3.80313
3.48366
3.99781
2.13048
3.85086
2.59317
4.7176
1.14066
2.32136
3.66971
3.82803
2.561
3.81946
3.81125
2.74798
2.52637
2.78725
3.78147
2.32245
4.10953
3.57856
3.42903
2.06953
4.56545
3.6582
4.23781
3.56269
2.64484
3.68033
4.34372
3.58967
1.1276
3.72873
2.32
4.14019
2.05055
3.61909
3.69675
2.12096
3.91075
3.96619
1.81147
2.28032
4.75212
3.83632
2.39506
2.72994
2.9459
2.79827
1.79163
3.65686
1.65368
2.32626
3.39248
2.42273
2.2449
3.75944
2.29579
3.73969
1.78643
3.97543
2.0412
2.56139
2.84819
2.26967
3.84867
3.9584
1.91013
2.18058
3.82914
4.98014
4.66096
2.95987
4.7307
3.77817
3.77377
3.48176
4.37909
3.67823
3.7407
4.1628
3.76891
3.75337
3.69971
2.30013
3.01263
2.22923
4.27281
2.44326
4.35676
2.62172
3.94969
2.20517
3.81262
3.44544
2.61239
2.59344
2.31197
2.05965
3.95579
3.9417
2.65836
2.87741
4.72216
1.35135
2.6039
2.80341
3.82269
6.51817
2.80121
2.86643
2.42731
0.559385
3.56037
2.07031
2.66099
2.40979
1.1803
2.40752
2.79745
3.75488
3.53887
3.44143
2.63081
3.98293
3.69439
3.65766
3.76323
2.11237
2.11057
4.25687
1.83747
3.79698
2.76395
4.63308
1.76743
2.29977
2.71553
2.34621
1.27424
3.91879
2.2529
6.44884
2.36361
3.58752
4.0967
2.97211
4.61538
3.42751
2.37823
3.8626
3.51047
2.32405
2.84971
2.84053
7.70202
1.02335
4.46368
4.51032
4.39516
3.78132
0.970306
2.85574
3.78383
4.09238
2.26673
2.65929
2.18675
3.78648
2.37261
2.04785
2.98225
3.25225
4.02053
2.06027
2.86212
3.76631
2.56142
1.10996
4.46529
1.92993
7.45834
4.08663
2.54487
9.24376
6.1231
3.83103
2.64606
3.85469
2.6886
2.36805
2.96438
3.69761
2.62721
3.83117
3.66216
3.73823
2.02303
3.98595
3.87201
3.88022
2.28122
3.80999
2.96791
3.92648
2.67114
4.72385
3.81168
2.61536
2.00209
3.83197
3.73794
2.64272
6.04868
2.26978
2.5542
4.14251
2.02173
2.76397
3.71223
1.89672
2.2013
4.92853
2.97152
2.65007
2.17888
3.81853
3.83874
2.64939
2.67603
3.95903
6.16204
3.33739
2.80276
2.37602
3.90922
3.93973
3.83363
3.41346
2.37957
3.83585
4.52906
1.77735
3.72376
1.97383
3.71946
4.63405
2.77985
3.90603
4.38101
6.13433
3.79125
3.68965
5.05477
3.73394
4.73357
4.16431
4.5128
1.48087
3.9855
4.22315
2.02724
2.13221
6.37892
3.72953
3.85642
2.63194
2.1046
3.68455
2.24964
2.36102
3.80034
2.21187
3.90105
3.64587
3.77269
2.39085
3.89731
2.32867
2.66557
3.92971
2.66486
3.00562
2.22759
3.75332
4.9467
2.26382
2.28985
3.67664
2.1341
2.57652
8.4118
1.33902
3.80312
2.39272
3.77523
2.08596
2.02206
2.65391
6.93836
3.79563
3.74357
6.55146
3.70252
3.84258
6.40079
3.48483
4.28525
3.73412
3.82102
2.02864
2.33663
3.83518
3.88554
3.8558
2.80917
2.21093
1.42858
3.80099
2.58514
4.01768
3.87258
2.23002
1.55446
3.83779
3.68771
3.08305
5.53262
3.71153
3.57754
2.04114
2.4926
3.93591
2.78602
3.83634
1.88944
1.47118
2.54295
2.63514
2.35186
2.37354
2.278
3.75926
3.38284
2.25998
3.71726
2.32831
1.84947
3.95339
2.86626
1.7921
2.59105
1.16136
2.99812
2.87986
3.5134
4.28725
7.31812
2.2881
3.25927
3.89526
7.65437
2.53048
2.07976
2.37557
2.22559
5.9619
2.31678
2.95937
4.51294
4.51586
1.24569
3.29815
3.79697
3.48413
2.83987
3.56797
2.20995
2.74163
3.74771
2.2546
2.73102
2.92269
3.72191
2.24184
3.79669
4.5191
2.75296
2.30592
6.03458
3.7613
3.59666
2.63739
1.61404
3.78469
3.78418
2.13163
3.71479
2.0426
2.14127
4.06862
2.30594
1.35979
3.20442
3.79544
2.13829
2.62989
2.56408
2.53263
3.8877
2.37534
7.14124
4.63335
1.75199
2.52875
4.79774
3.73985
2.35595
2.54681
2.1682
4.09
1.82186
3.59601
3.35012
2.31685
1.47466
3.60037
2.69573
3.89716
1.74846
2.05372
3.61538
4.55988
2.31327
3.8437
3.78727
2.91004
3.86259
7.36494
3.81252
2.35815
1.75185
7.3837
1.73191
3.80371
2.24446
2.21814
2.02837
1.50432
2.76126
3.05213
4.50989
3.75252
4.04901
2.51222
1.88555
2.24133
2.10565
3.79603
3.79784
3.81468
4.46003
7.92995
3.63029
3.69007
3.77006
2.25024
4.50496
3.79872
3.59934
2.05108
3.74352
3.05228
2.80437
4.20413
2.19256
3.93288
4.38811
5.48111
1.52418
4.55661
3.84407
6.69
3.78832
2.27426
3.74424
2.85435
2.86308
2.55245
1.96348
1.62818
3.75251
4.80731
3.8093
2.59639
2.7767
3.73729
3.82416
4.76284
2.41296
3.54274
1.85209
2.59976
3.92179
4.34735
2.26959
2.10836
2.72351
3.88044
1.34463
3.73654
3.5537
3.98688
2.84841
1.86966
2.73793
2.18998
3.7052
2.20401
1.71722
3.8393
3.83444
3.98124
3.58918
3.63847
3.89391
4.77342
2.56072
3.98088
7.06199
2.87622
3.6957
3.46657
3.82182
2.20472
1.37832
3.60708
3.70031
2.13601
2.17406
2.34385
3.80624
3.94687
3.73358
2.04797
5.13286
3.69087
2.3408
2.65627
3.71302
4.47039
2.04744
4.60178
5.09698
3.54565
2.00873
1.98295
1.32698
2.18053
4.46534
2.22575
2.22395
4.27328
2.33865
2.20699
2.31101
3.78099
2.02643
3.89626
3.94103
3.82037
3.89722
2.46538
2.81124
2.79875
3.80615
3.82729
3.71332
4.05838
2.65079
3.70212
4.14766
3.76376
4.09827
3.82763
3.80759
2.60187
4.02127
2.8027
1.77176
4.78942
2.49601
2.51448
2.21287
3.61709
3.94274
1.99265
3.49091
1.98816
3.96018
6.63616
1.81815
3.793
2.44738
3.06476
3.53377
3.74524
1.71193
2.37834
2.29319
2.66002
3.91284
3.88829
2.59578
6.11876
1.95429
3.88216
3.40011
4.19937
2.34425
3.7435
3.93429
2.32127
3.91893
2.32309
2.6209
2.1554
4.54856
4.06816
3.62049
2.75278
2.78413
3.95728
3.78297
2.21364
3.3751
1.91241
4.89744
3.52083
7.99943
1.22568
3.76982
3.77916
3.83558
4.31838
4.61029
3.20298
3.78999
3.82945
7.58329
2.311
3.33679
3.79871
2.03181
3.9265
2.19814
1.60882
4.61391
4.11266
2.14958
3.95277
3.58821
1.35445
3.63467
3.67707
5.14594
2.13806
2.97649
2.11845
6.71301
4.0595
3.59233
2.32637
2.96426
3.76617
3.31892
1.94383
6.63304
2.79423
2.5125
3.51947
1.51094
3.14918
4.57034
2.20614
3.98428
2.85134
6.74443
3.61722
1.63432
3.51227
4.79496
2.21143
1.67973
1.20184
2.0873
1.93862
2.1856
2.21402
3.72834
1.07474
6.22666
3.16493
4.79477
3.50942
3.49252
2.07245
3.50791
3.51006
2.18229
2.20557
1.73005
3.71374
3.82146
2.11888
4.30596
3.532
7.57946
4.00886
2.63793
1.34065
4.28652
3.80294
6.06289
3.56817
3.88516
2.27527
3.89303
2.8464
3.63611
3.80352
3.84123
3.50345
4.00891
3.87621
3.80504
2.64347
3.70828
3.7072
3.65589
4.1931
2.27537
3.94132
1.11987
3.7529
2.05001
2.18355
4.01537
1.98907
3.79449
2.23079
3.68326
1.11919
2.66275
2.07359
3.86172
2.12986
2.50314
2.72994
4.49744
2.00816
4.37028
2.56203
1.60684
2.72097
2.88408
0.917015
2.16111
3.57425
3.82924
2.57206
2.12406
3.96053
3.52815
2.30885
2.22936
3.85549
3.87509
2.8155
2.30964
3.57503
3.85182
1.18134
3.88472
4.41674
3.78602
1.88055
4.24858
2.9095
1.3665
1.69836
2.58568
4.0424
4.81464
2.04016
3.76993
4.51921
3.73645
2.25163
2.45035
3.88806
3.63326
3.99468
7.86343
4.56223
3.90663
6.77141
0.24161
1.69188
2.22249
2.92463
3.50334
4.8057
4.52721
3.8314
2.86123
2.87924
2.18727
2.30531
3.82103
4.42119
1.55648
3.998
2.7862
6.57686
1.30825
1.93396
1.65553
4.14574
5.21117
3.55519
3.65687
2.14331
4.58247
2.80271
3.60675
7.05359
3.81246
4.23712
2.54474
1.2682
4.28729
3.73708
3.62043
4.61586
3.98996
4.00186
2.57203
2.09813
2.35492
4.07721
3.89803
7.1317
3.62257
1.28806
3.90687
2.5441
6.84545
2.87761
3.59594
3.1117
2.11289
2.10274
3.75059
4.42705
2.11416
2.97139
2.30369
3.52839
3.71394
3.80829
3.74343
4.05322
2.48327
1.88988
3.5305
3.83713
1.98714
2.13091
3.79592
4.06522
1.51659
4.15457
3.53157
2.7448
2.22582
1.84061
3.8188
3.82398
0.94694
3.95542
3.78046
2.15345
3.7788
6.68766
3.78244
2.94433
1.66156
3.99228
6.60133
1.92314
2.13685
2.16118
3.90449
3.81656
4.00181
4.02359
2.15195
3.92166
6.85049
3.49168
3.10497
1.41862
2.04119
1.48748
7.58937
2.1909
3.78841
3.63215
4.60407
2.36876
3.91446
3.72652
2.29116
2.7494
1.94006
3.93491
1.79574
4.01599
3.5522
3.88166
2.2572
3.57763
1.67529
4.14082
4.09444
3.88623
3.9254
4.4548
2.59682
2.11791
2.64475
3.66049
7.00992
3.33871
2.6054
3.56638
3.73057
1.63342
2.85834
2.13381
3.85379
3.70334
4.57438
0.172718
3.80823
4.0047
3.51348
3.88359
1.25315
2.68394
1.84346
2.1121
4.09321
2.3653
2.62924
2.29713
1.77251
2.49207
1.75574
3.91487
4.17227
2.26361
3.97579
2.91042
1.949
2.35841
3.52758
4.14151
6.64836
6.54458
4.11207
4.01449
1.29523
4.11132
1.67184
2.49826
6.48713
2.34741
2.48169
3.8547
4.13111
3.71094
3.87975
2.7148
1.91514
2.29274
3.21772
4.30142
4.11704
1.86878
2.12111
1.63862
4.13654
2.97235
3.82002
2.5269
3.98244
2.73465
3.5141
3.95839
3.76796
3.143
4.54816
3.56094
2.12491
2.09899
2.14159
3.97043
2.20695
3.71737
1.94937
3.86528
2.28138
2.69943
3.80322
1.2443
3.82118
2.27982
3.66365
4.5725
3.97049
4.46891
3.53916
2.63327
2.55367
1.89086
6.63449
3.58605
3.93176
3.96104
4.63296
2.08117
6.0367
4.05308
3.77399
3.9297
2.56819
2.57252
1.67254
2.85461
2.17678
3.64929
1.84238
3.94424
2.07914
4.33807
2.73921
3.33756
1.43062
1.9169
1.9693
2.53542
2.10869
2.77281
3.79714
3.82522
2.51231
3.82692
3.59831
4.77099
3.75719
4.49696
3.84391
3.82716
6.58743
6.32384
4.23999
2.47223
1.78151
4.1095
2.30204
6.09843
3.66347
7.06071
2.82121
3.91619
3.64912
3.87494
1.9489
4.06219
3.93714
1.07089
4.13367
1.62975
7.16884
5.87981
3.8765
1.38739
2.45271
1.61174
3.93916
2.16869
0.906777
3.57297
3.6541
4.60673
4.4425
3.86761
2.17461
3.93974
3.00868
4.27688
3.78064
3.63022
2.27346
3.56117
4.011
4.57791
2.20544
7.68106
3.64749
3.89052
4.75148
4.02299
4.0443
6.71384
2.10592
2.7262
3.80723
3.76181
3.7855
3.71901
4.82108
2.95219
2.18686
3.83956
3.22678
2.09317
3.77352
2.61689
3.71009
3.40595
3.74283
1.89495
2.09496
4.08963
3.75335
2.18815
4.3263
2.82068
3.71739
2.08653
3.92738
3.918
3.8547
3.57821
1.94271
4.58909
3.90796
0.333911
4.12296
3.66551
3.82473
2.79065
2.28751
3.2917
4.32566
4.33216
6.77125
2.12361
3.97331
2.20324
2.99197
2.04235
3.7025
1.82332
3.70348
1.75083
3.8354
3.73978
4.20536
2.55563
3.82783
1.45838
2.09445
3.97015
3.75753
2.43228
4.57255
3.99441
4.06422
4.01516
1.25275
2.18909
2.18355
4.29269
2.85959
0.865482
3.83162
4.00849
1.93271
2.1221
3.57589
3.89223
4.06974
3.79113
6.84914
3.78175
2.55794
4.62693
1.93394
4.224
2.23904
4.11783
3.57115
3.63639
4.32504
1.55087
2.15537
4.30138
2.07961
3.82801
2.63638
2.1812
1.92932
1.30782
3.92369
4.23212
3.82332
1.96846
3.97336
3.49818
2.2554
1.94528
4.0845
3.5519
2.17298
3.47446
1.11
2.67338
4.52758
1.73365
4.02038
4.38912
4.08621
3.72136
2.28621
1.84752
3.80638
3.87309
4.29843
2.46943
2.30308
3.85354
2.18137
2.80278
2.25748
3.79589
3.5496
2.09584
1.59198
2.13395
7.32825
2.09864
7.48
2.5889
1.72626
2.33393
2.3564
3.51514
3.8562
4.01141
4.25729
3.78186
2.03674
3.82899
4.78501
3.77826
6.15535
3.52398
3.63883
3.82184
3.86455
4.04035
1.83107
3.8895
2.12472
4.52111
6.75
6.56965
2.67205
2.53903
6.43047
2.07408
1.76423
4.40261
3.969
4.36295
3.16923
3.50796
3.55508
2.8717
3.77476
4.75272
2.63306
2.18433
3.87218
3.65689
3.63574
3.81989
1.57392
1.89188
3.99743
3.87914
1.58071
2.87923
3.86238
3.64047
3.75731
4.10913
1.46078
2.6684
1.79477
4.57869
3.89909
3.82511
2.88814
3.75172
1.27533
3.90118
2.88771
3.52239
2.09818
5.86055
4.11465
1.15547
1.83552
3.63481
3.8339
4.0742
1.8988
3.8052
3.97337
2.57542
1.52133
3.59637
3.83576
3.98142
2.53836
4.34115
3.48962
4.61132
3.86332
2.13611
2.2207
3.75781
2.98335
3.25004
3.73323
3.82881
3.90913
4.00469
3.61213
2.16929
3.90092
2.74568
1.93434
1.8041
3.98869
3.82602
3.65225
3.79367
2.5775
3.84405
4.39719
3.86472
4.48261
1.07436
4.48276
2.23955
3.22078
2.80892
1.92921
2.27
3.70765
3.99856
3.8177
3.92959
3.70901
3.91625
2.52135
2.2375
3.8348
6.59959
3.92977
3.24415
3.62207
3.39873
3.97997
3.48441
3.76139
3.81505
3.78557
2.88668
2.79683
6.15845
1.85508
3.61171
3.81411
3.779
4.01841
2.061
3.86043
3.0761
3.82186
2.51358
3.59126
2.24153
2.05465
2.8809
3.99465
2.31464
1.92064
2.20242
4.07645
3.91706
3.77176
4.0864
4.47887
2.26814
4.13549
3.58842
4.84189
3.8585
3.62979
3.91695
3.75419
3.89084
6.65479
2.25199
3.91133
3.75533
4.44702
2.15655
3.6678
5.5956
3.67551
2.1482
2.15229
4.85145
3.87474
3.81952
2.15037
2.756
4.86727
4.40378
3.93282
3.46353
1.92541
3.9256
7.04405
8.33085
1.77524
3.58659
4.4357
3.6109
2.11203
2.46073
4.15218
1.83071
3.48966
2.06382
2.62431
2.24971
2.11671
3.88957
3.70529
2.13133
1.53971
2.75577
2.15005
5.60622
3.77727
3.47128
2.44237
2.0285
6.88833
6.00977
4.34243
2.0117
2.80769
4.06748
1.31652
3.73661
2.20307
3.93928
3.38255
2.66329
2.17819
4.45913
4.11298
3.73197
3.0324
2.8204
2.73
3.48155
4.65099
4.00472
1.19362
4.70122
3.77276
1.10001
2.96501
6.07589
1.92665
3.80096
1.24855
4.44171
3.82549
4.36046
3.26563
3.91837
2.69904
4.2643
2.54922
2.72991
3.71608
2.11242
2.37679
3.6956
2.29506
3.50118
3.92649
1.65635
1.24523
2.45733
3.92509
1.88908
3.70065
3.85765
3.50799
1.50171
4.58025
2.07462
1.88982
2.46403
2.06679
3.86341
4.57369
3.11862
4.31533
4.08247
3.72276
2.9468
2.11901
2.0604
1.12805
3.89771
3.72628
2.41275
3.69454
3.88914
3.14861
3.824
1.87805
4.60504
2.23369
2.48572
3.8511
2.33662
3.80989
2.88671
3.93165
3.8734
3.19901
4.09367
3.57776
6.59968
2.88318
1.92827
2.83997
5.59542
3.69649
3.82169
2.81243
2.26144
3.75359
3.7345
1.81598
4.46729
3.80579
3.96708
2.2317
3.35028
3.6834
2.13958
7.35834
4.40643
3.57978
2.75499
4.27981
3.94407
3.65198
3.66477
3.86307
3.88862
4.01174
4.47595
6.93537
1.87186
2.2782
3.64457
1.9761
2.40487
3.59279
1.73408
4.58444
6.17279
3.63519
3.98027
3.86639
4.62306
4.36084
3.79898
2.08742
3.57288
1.81614
4.73844
4.26132
2.97523
3.79938
3.9754
7.19103
4.47991
2.80388
2.10258
3.66711
2.19366
3.96227
1.86883
4.26277
3.91188
6.58043
2.81011
1.79657
3.49392
2.03521
2.13164
3.7244
2.21916
3.83406
3.66757
3.65964
2.09587
3.47597
4.60991
1.84018
1.81008
3.99479
1.72542
2.48662
4.00429
2.11064
2.09237
4.04852
1.87855
7.4505
3.98351
4.20623
3.51277
1.61853
4.02867
7.05183
3.74737
2.69174
4.27549
1.90925
3.98326
3.70445
2.10001
4.06085
2.78444
3.83556
4.019
3.80927
3.69827
4.03188
3.50396
1.34131
1.93385
2.9025
4.47593
4.16022
2.90073
3.81084
2.04108
2.50712
3.50276
3.67544
2.61242
1.75452
1.92675
3.81464
2.21577
4.19329
1.89471
4.04182
3.83474
2.0253
3.91425
3.60271
3.06358
2.50305
1.90578
2.13117
4.09488
6.69949
1.625
3.83618
1.85188
3.6639
3.86346
3.82326
4.33489
2.04577
2.45732
3.94819
6.59467
7.79026
3.72413
4.05104
4.53401
3.80676
3.71673
2.67673
3.82247
2.73831
3.98078
3.12629
3.75803
2.29636
3.85744
3.80361
3.99231
4.03623
1.71376
1.55513
2.09326
6.59165
3.67223
3.84265
1.55907
4.47498
4.55986
4.01435
1.59812
4.4847
1.24736
3.71191
3.75636
2.0948
3.83688
2.11634
1.59464
3.88015
4.60664
3.77526
3.8099
2.58705
4.38933
4.57132
3.8932
4.65041
4.53122
2.79538
3.7941
3.54388
2.21385
2.52122
3.70237
2.6264
4.54625
1.35082
2.07387
2.29419
4.73904
3.59606
4.56408
2.18359
6.77265
2.00317
4.61705
2.64336
2.80048
3.98444
2.74786
3.69871
2.19451
3.57063
2.04402
2.27227
4.00236
3.67638
2.83803
3.91298
2.34254
3.84729
6.74314
3.55267
4.11421
4.18062
1.99734
2.19148
1.93729
3.8169
2.19709
1.55508
2.06681
3.72399
1.76877
3.6856
6.94127
2.25608
4.07094
4.50894
4.00122
4.62934
4.06891
3.85742
3.92072
3.87715
3.81883
3.84276
1.61776
1.83948
3.81356
4.11834
4.55633
4.00854
3.94311
2.17077
2.00223
2.58283
1.83084
3.24785
3.85351
3.80208
2.67992
1.74339
3.17907
2.07736
6.34659
3.60211
2.85847
3.90071
1.21816
1.44054
2.75169
3.58874
2.06353
2.85741
2.02147
4.08385
3.83103
4.77109
3.85552
4.91855
2.6166
3.80544
3.81401
2.17213
0.983315
3.84661
3.77168
2.19563
1.37414
1.47256
3.86473
4.8549
4.0085
3.6437
3.90284
3.52505
3.9209
3.68281
3.90593
4.54142
4.5146
2.18946
2.79803
2.40296
1.78628
2.10182
2.02456
3.869
2.64337
3.5992
3.94387
2.84415
4.0555
4.39374
3.91494
3.64674
3.98906
2.1
3.80065
1.272
2.44162
3.45559
2.14608
2.07402
2.08305
1.48037
3.62114
3.5906
3.92917
4.28337
3.01518
2.71886
4.01217
3.67106
4.05897
4.62951
3.91135
3.93912
4.00653
2.69414
3.91768
3.56579
2.73147
2.51315
3.94137
1.88607
2.2919
3.4634
2.20094
3.80908
4.52193
1.35271
2.1081
2.92706
2.04778
1.38698
2.78491
4.3122
3.7049
7.65678
3.94916
6.3392
1.92948
2.3607
3.81272
6.36552
1.49691
7.06112
2.01591
3.86967
2.04813
1.73543
3.95337
1.57789
3.90273
4.0732
3.82717
2.31057
3.74258
3.61798
3.53675
3.7129
3.88961
3.85856
3.47146
2.81147
3.54792
2.16507
3.99681
2.50388
3.90558
3.81741
3.82758
2.41991
3.73873
2.09946
1.86643
3.60621
3.76067
2.75844
2.81384
2.03202
1.82399
3.97734
3.98057
4.22233
3.84365
2.08925
3.74942
1.73836
3.84474
3.8726
2.64482
1.95075
3.90429
4.86889
1.84678
4.03676
3.95519
2.17892
4.03357
3.8791
4.48176
2.68372
3.8979
1.31775
3.01315
3.55649
6.53348
1.73596
2.61461
3.69603
2.8217
1.688
3.58554
4.39974
2.85946
4.00957
4.07476
1.80787
3.94247
2.05472
2.09372
1.92766
3.82563
4.0364
2.06951
3.99918
3.9387
2.51655
2.28908
3.6466
3.79149
3.79208
2.15326
2.45272
2.32888
3.89643
2.66627
4.044
2.08082
3.54877
4.54821
3.92649
1.63343
2.13217
4.01663
2.05501
3.89073
1.69422
3.81712
3.86351
1.43581
3.65931
4.70804
3.91179
3.86918
2.16339
2.00186
3.77839
2.53629
2.02822
3.61489
1.73344
4.35357
3.62589
4.02164
2.22205
1.97744
1.89063
2.95351
3.59726
2.4663
1.98211
2.18248
4.54524
4.13777
4.20554
3.88983
2.1272
2.95392
3.28183
3.96971
3.10024
3.99487
6.28258
2.89622
3.85638
2.01461
2.66324
3.53975
5.14549
4.45701
2.16279
4.79296
1.82829
2.77757
3.59855
4.17418
3.81877
2.53535
8.02807
1.50532
2.51474
3.78354
3.78008
2.05767
4.72135
1.38076
4.04246
3.87693
4.67254
4.69648
1.60205
3.90766
2.17714
1.83294
4.02208
4.1289
3.76283
1.96624
1.84847
4.56874
4.01754
4.11608
3.27457
4.36765
4.04892
2.03509
3.85912
2.92165
3.68413
2.69933
1.68411
4.91822
4.53935
6.4289
4.01319
4.46469
1.82614
6.80468
1.8271
4.11204
6.61755
3.78751
4.02963
3.83309
1.71497
3.88316
3.77368
1.22859
4.00142
6.6839
2.40811
3.94734
1.99566
2.80897
3.81893
5.40207
2.79417
1.67201
3.65669
1.55771
2.32981
3.6134
1.65812
4.56116
6.21914
3.90149
3.98876
2.52748
2.00896
3.88034
2.14282
1.6908
2.69903
3.9407
2.03522
1.92557
2.90628
3.93379
1.69247
7.31581
4.3024
3.87061
2.42278
3.77936
5.0996
3.82649
1.4725
4.41365
2.77731
3.98879
1.81736
4.48338
2.69628
1.33749
3.65574
2.88395
3.60146
2.16395
1.99638
1.74846
3.77879
2.15236
1.01145
4.32166
4.01643
2.63465
3.92694
2.38574
2.79853
1.89739
3.80242
4.74546
1.40027
3.49824
2.67137
3.25633
2.08468
2.39895
1.54007
3.94589
3.90574
4.5843
7.8961
6.47214
3.64603
4.24297
1.80297
1.6951
1.80765
4.00858
1.47717
3.83171
2.52519
4.60366
2.00525
4.60952
6.03965
4.58314
1.46486
1.46056
4.16472
3.53449
4.57516
1.52498
2.18232
2.03525
1.384
4.48804
1.96206
4.04431
3.62608
2.53131
1.88841
4.02296
1.30385
3.8221
3.60699
2.14375
4.4092
1.88828
1.85496
2.18385
1.1877
1.66042
1.53663
3.72876
3.39515
4.3225
3.67266
4.11629
3.81775
2.06162
1.09396
4.13994
2.64517
3.64013
3.82966
2.03694
2.89416
3.89714
2.00088
3.86239
3.72498
2.93933
5.26642
4.02959
2.02855
3.82545
4.50676
3.8781
4.36699
3.52094
3.90758
3.96009
2.16029
2.48637
1.97666
1.3982
3.65474
2.07678
3.8992
6.97798
4.24517
4.56563
3.84463
3.97962
1.98871
1.94683
1.86594
1.53726
5.96191
4.38847
1.3205
3.96307
3.48422
3.60166
4.02451
4.16378
2.12367
1.76099
3.25937
1.88388
4.11825
2.11798
2.51581
3.71155
4.08311
1.22941
4.10675
6.40955
2.7852
1.66409
1.34982
3.59318
1.76962
4.01348
3.976
4.49489
2.59065
3.81473
3.69081
4.05355
4.74802
4.11511
2.85472
1.65179
1.78674
4.09793
3.58225
1.83811
1.81085
4.4252
3.76787
5.19862
2.80232
4.05631
4.01982
3.84843
4.03035
2.38663
2.6359
3.88661
3.5232
1.45616
4.62214
4.0086
3.61515
4.5125
3.38377
3.58608
3.90848
1.94352
4.16262
2.19236
3.80437
1.82009
4.03186
2.24062
2.88903
3.82609
1.04092
4.65304
2.36857
4.52605
3.74652
6.88192
3.99192
3.95696
4.01652
3.82231
4.81627
7.37533
3.92361
1.50385
3.80589
3.61595
4.52728
3.79651
4.83132
1.72825
4.00568
2.14533
2.07184
3.81193
2.66026
2.76208
1.88151
2.41951
4.89653
2.4943
4.38909
4.06106
2.8312
4.57043
7.24524
1.95537
4.45147
2.03456
1.97534
3.96174
2.36628
3.48756
4.88793
2.08811
3.78532
4.26167
3.65241
3.65565
1.7672
3.8241
2.93932
3.70642
6.91698
2.09179
7.89577
3.81816
4.09929
2.43351
3.05397
2.20881
1.67618
5.51911
3.80885
2.28359
3.8641
7.43989
4.6752
3.73866
4.00034
1.84927
2.05074
2.37002
2.72474
2.82772
2.09529
3.47448
3.68634
3.79587
3.76435
2.68008
1.9244
1.48467
4.01295
4.57843
6.4554
4.5312
2.33242
2.03584
4.68203
3.91788
2.79611
3.99195
2.90343
4.00371
3.82609
3.00612
2.9523
1.37451
2.85359
2.8045
2.27707
3.74752
3.78796
2.01834
2.27692
6.69776
4.23724
3.78661
3.84228
1.0508
4.31437
2.15846
1.74856
3.99638
3.56892
1.91509
3.83456
3.86759
6.72937
1.78884
3.83302
2.0761
3.86686
3.80568
3.82298
7.4131
3.95339
4.59632
3.58322
2.04246
1.65084
6.76154
6.82755
6.06028
3.92837
4.04069
2.45088
2.95965
3.87073
3.91373
4.2939
2.14158
1.9567
3.94756
3.67379
1.8752
2.65877
3.79834
6.66268
2.69698
2.97522
4.31123
2.35127
3.70479
2.14011
2.65235
4.28089
4.06888
3.89843
4.14457
2.12628
1.39407
3.8094
3.90761
3.9639
4.20852
3.34862
3.54347
4.40048
3.91991
3.59458
3.67511
2.69241
2.96513
1.77512
1.80243
4.0295
2.72518
1.58607
1.7542
7.23364
7.5293
5.28797
3.54946
4.4319
3.533
4.02492
3.09256
3.89751
3.28088
2.81914
2.46861
3.6415
4.04834
3.92147
3.78198
2.43283
1.12246
4.81879
3.81603
3.73129
3.80098
7.0762
4.10998
2.42424
4.02008
4.25109
4.01132
4.11714
4.32915
2.11847
2.81669
2.81354
3.2532
2.0108
4.49647
1.8003
3.91039
1.93641
3.89068
4.81326
3.79424
6.5382
2.31487
1.50293
3.99603
2.31136
4.06253
3.73463
0.659477
5.99025
4.6002
4.77071
4.29021
3.60779
1.41031
3.97979
2.10758
1.42058
4.12322
3.81254
3.88029
3.46645
4.18132
2.02316
3.91745
2.46537
3.82097
1.98472
3.65217
1.60923
3.81806
1.94224
2.01571
2.69968
2.16536
2.10424
1.76605
3.91256
4.31959
4.49086
3.81421
6.01446
4.48815
3.91558
3.96851
2.16236
3.78527
2.91184
3.81735
3.50997
3.93357
4.26192
1.751
3.86307
1.74761
4.98036
2.6427
4.08278
3.4597
3.90785
1.99871
1.8376
2.01698
1.99617
1.57141
1.70805
2.41015
2.93268
3.91851
3.64234
3.64394
3.65605
8.30383
2.35253
4.04921
2.01306
3.87239
3.66749
3.9517
4.07253
3.9846
3.81157
3.79891
2.03078
3.81652
2.12269
3.71523
3.69396
2.62399
3.68221
3.73512
3.9323
2.12036
3.75799
2.65523
1.87467
3.77721
2.29324
2.86366
3.9407
4.41597
2.13976
4.40298
2.39434
3.53661
3.60721
2.85468
1.97626
1.76302
3.73401
3.98381
2.57161
6.30999
2.10811
4.38071
3.73294
3.99765
4.14832
3.9114
3.84771
3.50286
3.99903
1.92216
2.05915
3.97635
3.82167
2.24941
1.94909
3.82552
2.05665
3.86388
3.59844
1.80876
4.06733
4.22517
2.35691
2.67511
1.44341
2.12086
3.92296
2.97116
1.74528
2.09528
3.86186
1.39992
3.63064
3.82012
7.35712
2.79937
3.90055
2.58417
3.96286
1.61005
4.5415
4.04482
3.69389
2.02478
6.64099
0.687272
1.75602
1.93954
2.47949
2.83887
4.14728
2.33379
3.79495
2.57223
4.10093
1.973
3.77963
2.8728
3.88349
3.85737
1.62993
3.79376
2.33234
3.39498
2.24026
1.63301
4.0986
1.30256
4.52543
4.42874
3.68976
1.46581
4.23301
3.91942
4.27137
4.5523
1.67322
2.18551
4.31345
2.08828
1.84576
3.79042
3.2206
2.19243
1.6519
3.73246
2.82141
4.03496
4.29276
4.35799
4.27404
2.72529
2.10395
1.70927
3.88406
2.11443
3.88428
4.64459
3.69439
3.5923
4.0907
3.8417
1.80725
3.54767
4.42534
3.81313
4.54368
3.60174
3.6127
1.9044
3.4812
3.81092
4.49476
1.96953
2.66722
3.87619
1.51265
2.29915
1.97679
2.05488
7.66323
3.86074
4.15008
1.97927
5.80466
2.41227
6.88278
4.03577
3.70025
4.43526
3.68118
2.05196
1.46718
1.75547
7.30566
1.80109
2.82881
4.0748
2.62179
4.85917
1.05231
4.59532
2.29737
2.76878
1.68203
4.15775
3.53533
1.90182
3.6243
2.84495
3.70792
3.82058
4.79735
1.78409
4.56959
4.83551
3.68833
3.78306
2.10192
2.26996
6.65227
2.72679
4.3232
7.08488
1.38922
1.80768
4.48559
4.11475
3.61148
3.27024
4.13627
4.002
1.64689
2.71877
1.71962
4.05076
4.21427
3.68603
2.06417
3.12836
4.53957
2.11445
2.27952
4.56578
6.36341
4.65874
4.33873
2.18613
3.05072
2.50558
4.29491
2.79416
4.03824
4.16043
6.93661
1.99171
3.74322
4.00513
3.70825
3.8152
4.06026
4.22874
6.73205
4.05095
3.97931
3.78234
6.34461
4.01765
2.65609
3.73598
3.88954
4.47804
5.73743
4.24977
2.94053
2.10021
1.24513
4.17134
1.65709
4.06375
1.43757
3.96971
1.9097
6.43776
1.89268
3.85365
3.92223
4.43419
2.65033
1.82037
4.08235
5.87056
4.61687
2.44374
4.08751
3.80974
3.62364
3.88853
2.08447
3.86958
3.73879
5.35091
4.0306
1.38182
2.85791
4.30716
3.68437
1.44819
6.73157
1.89586
1.19551
2.83674
3.6572
2.09934
1.95642
3.98638
4.62076
3.62985
2.20922
3.97624
1.96412
2.85356
1.69627
3.75283
4.67202
2.01601
3.53857
3.99363
4.92577
3.95954
4.07497
2.01654
4.10799
4.01942
2.17886
4.37337
3.67496
3.86194
3.74959
3.22209
4.50282
6.81077
2.04759
5.58467
1.95979
2.47445
0.727882
6.782
3.3284
2.74041
3.4756
3.85383
3.81942
5.32391
3.5007
2.77105
8.02662
2.04561
4.84485
3.60059
3.97794
1.97603
5.03724
2.81189
2.0372
2.75148
1.80758
3.72908
2.83552
2.20198
4.02555
1.79414
2.05818
4.05452
4.08021
4.17496
7.2759
4.00456
4.05535
4.50606
2.2463
3.72712
3.95632
3.56573
4.37251
2.55435
4.66345
3.66238
3.92416
2.85976
7.29639
3.62119
3.74338
3.88217
4.19502
4.53757
1.48336
2.84116
1.11879
0.815524
3.76783
1.76759
1.46282
4.4275
4.00622
3.89996
2.08283
3.91594
3.08215
4.10239
1.66689
3.54024
6.69862
4.59983
3.72458
3.94685
4.16704
4.25318
6.3724
1.12797
4.03768
3.54917
1.57514
3.61385
1.97206
3.73914
2.23855
3.98861
1.10013
1.88273
1.89448
3.10056
3.88406
4.47836
2.21167
2.06522
3.95815
7.34746
1.2839
1.91402
3.85347
1.40046
4.55967
4.65934
4.33317
2.18876
2.06916
3.9293
3.81418
7.80879
4.55865
4.06735
3.9313
2.7539
4.05324
1.88164
4.07412
4.11922
3.74049
3.81641
2.19167
2.37816
1.73583
3.82708
2.93477
3.70822
4.05004
1.8841
3.2888
1.93641
3.60311
3.72318
4.47639
2.64985
3.87762
2.71727
6.75358
2.27898
1.68741
1.40999
3.96099
3.64101
3.69537
2.87888
2.84987
3.79829
3.93633
7.11456
4.44749
1.13967
2.89159
4.52074
3.7594
4.5451
3.81421
2.7938
3.86589
1.24044
1.46238
1.4699
2.67474
3.66161
4.35294
1.79841
2.31626
3.078
4.04342
3.9342
6.42037
2.87796
2.32042
4.01818
4.43797
2.06369
6.77052
1.93376
2.17435
3.64505
1.77758
2.92479
3.2211
3.81943
2.25774
1.48695
7.18747
3.82691
3.85641
4.05925
3.98438
3.79319
3.76499
4.05443
4.4573
2.91969
3.95267
3.99173
4.35705
1.86129
3.66692
2.70593
4.01665
3.75586
1.9796
3.96857
3.94742
6.92074
2.2985
1.89761
3.72502
4.45908
3.7502
3.97942
1.31297
7.11342
3.96364
3.64808
3.66299
4.04797
1.95343
2.14315
4.28133
1.66047
4.86197
1.41903
6.38451
1.93947
4.30832
3.55985
4.1593
2.76156
3.83086
1.87477
1.95297
1.7162
4.00186
2.90316
4.05448
4.25527
3.80008
2.01771
3.86895
6.96273
2.42187
2.31626
1.41977
3.50537
1.96729
2.8161
2.77111
8.07369
7.00913
3.96002
2.26434
3.49465
4.09005
1.87988
3.79375
3.88554
1.36753
1.8618
3.96766
2.0461
3.81563
3.54896
1.14158
1.93726
3.48358
3.67519
1.69657
3.94378
3.72561
1.75913
4.04356
4.17144
3.88355
1.97643
4.56614
7.50663
4.06348
4.51541
1.66883
4.09426
2.2322
3.85424
1.44206
3.57012
4.52916
7.35428
4.02144
2.48185
4.35795
3.77818
2.23743
2.29864
4.4043
3.91326
6.82443
6.85088
3.84249
2.11482
3.59748
2.84393
1.25303
1.95618
2.25292
7.83719
2.58814
1.93528
2.7656
7.44241
4.12369
5.8738
2.62649
1.4345
1.35654
1.91985
3.94589
5.25423
2.14249
3.57272
4.37036
3.90537
7.24266
2.57011
1.84179
3.87013
2.28071
3.81943
3.63128
0.703344
0.687022
2.04987
3.65455
3.95536
2.68852
2.2422
4.25346
2.53199
4.76565
3.90704
4.55373
1.92762
3.80586
3.97472
1.85751
3.92708
4.95599
3.76837
4.03445
3.82021
3.45273
6.60434
3.95004
4.04726
3.95121
4.51819
1.23505
4.04446
2.1226
1.63742
4.5074
1.69001
1.91602
1.66857
7.06915
4.35263
4.38904
5.63596
4.37343
3.98779
3.90488
2.04434
4.24253
1.96713
1.42996
1.09362
4.99069
1.96678
3.71396
3.66127
4.89116
1.58808
4.03449
3.81811
2.34352
7.69885
3.99599
6.99332
4.45924
4.01176
1.99804
1.67805
1.69469
3.88067
1.73827
4.06827
3.97695
4.07443
4.45953
4.20359
2.17177
4.65912
4.00281
1.39636
3.81975
1.07258
3.84199
4.66933
4.48238
1.16628
3.60022
1.8942
3.79125
1.55344
3.97641
3.84454
3.46695
4.08735
3.64837
3.98781
3.97099
3.60344
1.80226
2.87987
4.20334
2.81246
2.73487
1.85495
3.97984
7.78219
3.53571
3.84593
3.96761
2.00668
4.14459
3.61595
2.61915
1.63232
3.94444
3.48967
3.79688
3.42744
1.41583
4.9225
3.8236
3.90274
4.04648
2.09015
2.67285
3.69967
2.00736
1.89949
3.94877
3.90521
4.30841
3.58494
4.12447
5.84394
3.61289
1.88861
1.91654
3.66338
1.39616
3.6541
2.03043
3.8374
2.24857
1.38179
7.02927
1.86406
4.42154
4.68366
4.09229
2.93279
4.6256
3.98917
2.10997
2.82273
3.96316
4.04515
3.59557
3.04148
1.95501
3.53945
5.94488
3.45576
2.74829
4.00831
2.17303
6.25473
1.14572
4.04887
4.06827
3.96121
2.53927
3.92749
3.89481
1.42135
4.08701
4.47517
1.35864
2.7443
1.91934
4.26353
3.79081
3.74269
1.50618
4.27935
1.93217
3.43405
3.61099
4.00857
3.08222
5.64748
3.67964
2.68787
4.58951
2.34565
3.82445
4.20176
1.66509
5.14778
4.46664
3.87467
4.39213
7.36067
6.64679
4.45994
3.80945
3.99122
4.32325
3.95858
1.24876
7.12866
1.64772
3.91671
4.62823
4.06539
2.02693
3.96482
4.87019
1.84075
3.9965
1.53965
2.07337
3.12131
1.60581
3.48031
3.50817
3.50029
3.88764
4.0977
3.76077
1.82967
3.56021
1.58684
3.97466
3.68314
4.15039
3.59465
2.3446
4.64718
3.47103
3.71458
3.24397
3.93959
3.90263
4.49922
2.26291
3.98971
3.61011
3.73205
4.05201
3.64816
3.52653
3.5751
3.7045
1.20629
2.92392
3.89327
1.59345
4.01687
4.10519
3.94156
4.48521
3.7493
2.13146
3.78578
4.08548
3.93496
3.95155
0.94252
4.09449
1.77346
2.32458
4.53738
1.8436
4.35165
4.63806
3.82856
3.64388
2.82422
3.82528
3.94099
1.93588
0.892622
4.10013
2.68244
2.97018
3.82699
2.26271
3.95754
3.53794
3.76143
3.48359
2.15934
1.21721
3.63455
3.27533
4.75829
3.92315
3.82092
1.7971
2.76752
3.68007
4.06456
3.81632
4.57328
3.9079
3.90145
3.81126
2.28114
2.56643
4.10383
1.73582
1.53591
2.1515
3.81604
3.96151
3.90821
4.00869
1.17706
3.58807
0.929986
2.77627
2.54811
3.95407
3.59365
4.46127
1.83513
3.76609
3.85789
3.80559
3.9036
3.65149
4.20619
2.17445
3.56608
4.23496
3.59261
4.5712
1.91324
1.50584
1.8227
4.10598
3.94756
2.53077
3.69424
1.89726
1.88206
1.82112
2.79515
4.06627
3.99514
2.01101
1.02083
7.06814
1.33221
6.89489
2.13222
1.64454
4.21287
3.52144
2.05168
3.60468
4.06552
5.02618
4.57062
2.38502
4.05714
4.11647
1.97834
3.82856
1.47007
2.25955
4.03029
3.8166
2.14513
2.78268
4.47686
4.79019
4.46911
3.77489
1.09064
2.57839
1.40061
4.05891
3.06227
6.08953
3.74382
2.82614
4.04715
3.60281
1.7558
6.36199
3.85286
2.8496
3.71973
3.52452
1.25324
3.97413
2.85469
2.13624
3.85435
0.946256
3.59056
4.07784
3.8548
3.93967
1.73718
4.07247
6.44253
4.04877
2.1701
1.83694
4.55147
1.82769
4.14075
3.70828
3.96433
1.82302
4.5374
1.69886
3.7166
3.60038
4.50693
3.96608
3.86669
7.26906
3.85884
3.70493
3.77932
3.27352
4.5389
6.56457
1.89578
3.9245
4.16804
3.98834
3.82707
3.93892
4.95417
3.98874
6.5451
1.64964
3.54186
2.87012
2.87063
4.54869
4.57557
4.47143
4.04014
4.46769
4.50833
2.23954
4.10315
1.59071
3.88259
1.39779
2.20737
2.02483
3.84249
1.96802
1.89035
1.87926
3.71035
3.98839
3.95307
3.66811
4.04116
4.09865
4.00401
4.0074
1.79057
3.53865
2.87726
4.5231
4.12809
1.2492
4.43566
3.47975
2.67102
3.72004
1.79686
3.5876
5.05918
2.86301
2.01031
4.45891
4.25332
2.36066
4.90851
3.7081
2.68623
1.99128
3.50519
1.8433
6.01507
0.819773
4.73836
3.73208
4.10758
3.54066
3.89809
1.80106
3.89116
4.02591
4.50771
3.96974
4.48359
1.32814
3.57002
1.76625
4.11124
3.53767
2.00772
1.83003
2.51675
4.34806
7.3119
4.13329
3.0315
1.95847
3.5846
3.96619
4.50852
3.69328
1.67689
3.69142
4.54568
1.72774
2.55087
3.90901
2.90854
4.55069
3.66865
3.77419
4.61734
4.76475
1.73689
4.12131
4.55493
6.10431
4.30008
3.53496
1.83692
3.90231
3.88068
3.8833
3.73641
2.28936
1.34523
2.69951
4.10898
6.53253
4.09448
4.12197
4.22973
4.27502
3.60993
3.9914
7.39614
4.30266
4.17822
2.76887
4.08505
7.48323
5.05577
3.57542
3.69279
4.64978
1.5266
4.5099
1.85904
6.44476
6.59632
3.79113
3.86778
1.79931
3.62557
1.75361
3.70561
2.29723
3.77538
7.06349
4.22463
3.13376
1.2727
1.46473
4.08637
2.62632
3.89355
1.82008
3.29687
3.74935
4.45788
2.24466
4.44452
3.595
1.72959
2.63652
2.21953
1.73137
4.48206
2.61895
1.37424
3.65743
4.64377
1.95794
4.22918
2.21251
2.39553
3.04615
4.06846
3.99174
2.2264
1.83877
4.07936
3.79025
2.46335
3.58412
4.51592
1.82057
1.80252
3.51604
4.50505
1.90214
3.82185
2.30835
3.86198
4.04687
3.67173
4.55865
3.8809
4.67461
3.61648
1.87517
4.12395
3.52442
3.71965
3.95036
4.48437
4.46667
3.67118
1.89034
2.25841
1.93846
1.60488
1.97092
3.43038
3.79529
1.99244
3.91579
4.17147
3.86008
4.10145
4.62463
3.55125
3.83194
3.90157
1.23173
1.32823
4.98754
2.57184
4.56907
3.36145
2.77696
4.02409
4.52082
3.0829
2.23165
2.65933
3.9818
3.78712
2.33509
3.98737
3.97395
2.96611
3.56712
1.6125
3.88358
2.8251
4.09384
1.98826
3.60302
3.60979
3.77327
1.97895
1.57486
2.65592
3.66958
1.77843
3.98502
4.03455
2.80483
1.79522
3.57129
3.93512
7.12342
1.6919
4.23576
1.93843
4.01753
2.00523
2.68362
2.0826
2.96321
3.49418
3.72426
4.44739
5.19152
6.63987
1.50893
4.88089
3.59708
2.64598
1.87618
2.30658
3.91118
5.02178
3.87479
3.98819
4.64612
1.62571
0.867378
3.83291
4.01383
4.5518
3.81897
1.85864
2.90908
6.19973
3.65192
3.58663
3.60287
1.37884
4.41785
2.70708
3.84583
3.83447
1.82769
1.62537
1.31356
2.30436
3.48062
1.67867
3.58785
2.67909
2.00774
3.22616
1.71106
4.14892
6.96072
2.18891
1.98533
1.85724
3.74502
1.99813
4.65601
1.63106
3.89195
2.17863
2.61657
3.89109
3.71947
3.84545
2.44599
1.47312
7.49456
6.76164
4.3199
3.80887
1.61719
2.22242
1.71694
3.73018
3.74194
4.4443
4.31698
3.94703
2.71569
3.66797
3.52883
4.47546
3.93027
4.04289
3.74248
4.57595
4.05838
1.19794
4.13109
3.98207
3.57243
3.59255
4.04258
4.38734
2.20813
4.11122
2.09648
6.96449
1.38096
3.9177
2.32484
1.13944
2.66795
3.82123
1.8125
3.78422
4.07533
7.7875
3.03492
1.95927
4.65109
5.05965
2.19386
3.79022
3.86906
1.91493
4.07484
4.30971
3.93409
5.88822
3.75575
3.58063
1.55581
3.96577
3.68631
1.7818
4.09148
1.81529
4.93718
4.00917
3.83798
1.78575
3.45975
7.27955
6.40755
2.32598
3.80616
3.91891
1.23358
1.53207
2.9616
6.57845
3.9007
3.70327
3.63742
3.58203
4.46804
4.22149
1.30313
4.58121
2.71841
4.06641
3.67742
4.33087
3.61198
1.81591
4.61783
3.68968
3.283
3.71369
4.15429
1.33963
7.98818
1.96822
4.64863
3.9955
1.85626
3.81543
3.76426
4.35518
4.42907
4.5107
4.05305
1.83654
3.64124
5.05766
3.6438
1.80888
3.76616
6.82073
2.01809
3.89404
3.82939
6.50092
4.55025
4.33258
2.68937
3.80237
3.53265
3.66065
1.54842
4.31607
3.66428
4.11569
1.47742
2.19904
3.76704
4.07651
1.78028
2.27265
4.87447
4.50072
3.4779
3.59423
1.48868
3.69355
3.56523
3.98763
4.20218
1.68496
3.73988
4.1309
3.86664
6.5996
3.77238
3.79451
2.86638
3.71366
4.31206
6.96312
1.3228
3.86088
4.12061
1.9529
2.54191
3.94895
4.22634
4.44238
1.96567
3.52393
3.84988
3.7313
3.75642
4.43436
1.97931
1.29483
3.5873
3.57904
3.58739
2.85574
1.71326
4.33865
3.92103
4.64819
6.51314
4.08866
3.82463
4.12712
1.68479
4.21575
1.93253
2.17594
4.60515
2.6295
1.15678
4.28885
3.94176
4.74592
4.11601
3.06153
1.93664
3.73392
7.84684
3.83921
1.67149
3.78909
2.8982
6.78882
3.73538
3.70208
4.1342
4.45609
3.85725
6.08904
4.6148
3.54626
3.99902
2.84961
2.73213
4.05132
3.83613
7.35983
1.15661
3.97785
3.81963
1.76137
4.0263
3.74959
6.68197
4.72854
3.99445
3.60994
3.64173
3.69148
3.74341
3.64835
2.64877
4.02351
4.10159
3.97583
4.70956
1.34778
4.25047
4.0367
3.94943
4.30933
3.93917
1.21672
3.76805
4.08457
3.97454
3.69613
5.8593
3.53398
2.18116
6.17705
7.11952
4.01803
4.03802
4.43229
3.80571
6.22785
4.02108
3.7949
7.21275
3.58774
2.56452
4.57884
4.08206
4.15478
4.61324
4.66926
2.64503
2.36997
3.83105
3.90337
4.04798
3.91758
2.61871
4.03527
1.74608
1.58303
1.36305
2.17057
1.95134
3.99837
4.59804
3.72088
2.26916
3.8674
4.05839
7.15507
5.30645
2.11228
1.2873
3.12776
3.75636
1.62786
2.24222
4.1425
4.52867
4.08684
3.81611
4.23505
3.84234
2.85203
1.61082
3.98164
1.42942
3.68092
3.9976
2.33708
4.55788
1.25472
3.8958
1.76105
3.87038
1.91847
4.04289
3.92055
1.51665
3.83618
3.89712
3.88371
1.30769
2.82509
3.81055
6.00035
2.55627
1.82786
4.10012
6.23336
3.87824
6.55657
3.75304
2.58587
1.76511
1.34343
3.02321
2.15186
1.94561
4.00505
4.15546
3.60128
0.575659
4.49685
4.12739
4.32409
3.49649
3.67367
3.62627
3.96513
4.05174
4.15233
3.99774
1.83559
3.8696
1.80542
4.71916
4.24812
3.57836
2.5554
3.57252
3.7979
3.27726
3.61747
3.6995
3.80749
3.82623
1.75371
4.62446
3.83006
1.53673
3.60234
3.90689
3.70941
3.79349
3.92534
1.27406
4.54665
3.97722
2.55942
1.86188
3.93624
3.92397
2.6078
4.00227
2.18976
4.03716
3.983
2.70845
2.64614
3.59535
7.74405
4.05804
2.70142
1.58191
4.58828
4.52275
1.82593
2.74498
1.72281
2.2
1.33005
2.22268
2.78869
4.26368
3.55467
4.53574
4.08419
5.38826
1.32394
4.07517
3.83636
3.8927
4.27757
2.92246
1.70896
3.76619
3.57019
3.55852
1.5912
3.58639
3.96271
2.18955
4.0642
2.9235
2.76252
3.96873
4.01427
3.89577
3.85481
4.66478
2.91194
3.54171
3.91242
4.53234
4.10537
3.64707
4.56851
4.48228
3.93004
3.89539
2.1712
4.00917
7.14895
4.41578
4.54441
4.97401
4.4378
4.06475
3.95211
4.07937
3.73615
3.75279
6.01323
2.72955
1.91571
3.06353
4.54813
2.0446
3.60638
3.79592
3.59909
6.94503
3.71398
3.76818
1.68976
2.72432
1.29484
4.64987
6.14609
4.07545
1.81808
4.05684
2.24998
7.00118
3.87625
4.11836
4.29487
1.7826
4.73319
2.75029
7.61498
2.63741
5.09527
4.14385
2.10615
3.58256
1.25075
6.1725
4.87472
2.08459
1.7998
3.83229
2.5223
3.88729
3.54205
4.09639
3.56119
1.44675
4.26437
3.7923
3.63495
3.96362
4.1405
3.46978
4.43049
3.58129
1.76273
3.61067
4.30479
3.84978
1.89832
3.83309
3.74098
3.7066
3.68702
3.7865
2.68652
2.26085
4.4653
4.38039
4.02304
3.83277
7.01338
2.83198
3.94071
4.05624
4.71934
1.35766
1.74283
4.74207
4.88322
5.95401
1.69185
3.58126
3.89121
3.74764
1.61389
4.57454
1.87813
4.29079
3.56308
3.58983
3.82736
4.14346
2.79941
3.78948
1.9315
4.5705
4.62596
1.49929
3.598
1.35813
4.71204
2.27091
4.55125
1.82075
1.62399
3.98766
3.59117
2.81611
4.11955
6.6745
3.50596
3.77391
2.22309
3.90632
2.21181
4.06313
3.91525
4.24421
1.62057
3.20574
2.62805
1.62787
2.86517
4.23841
3.84184
4.52357
3.96698
4.48616
3.9284
4.57636
4.63442
1.92533
4.44617
4.03023
4.76104
4.52079
2.64673
2.77525
2.77291
5.14057
4.69683
3.74973
3.48481
2.02446
5.18714
2.82742
3.71679
2.9341
3.47339
1.6064
4.10063
1.33737
1.50769
2.48517
1.45366
4.49455
4.38119
1.82356
1.7799
3.68583
3.68672
4.41851
4.51797
1.57079
3.42577
3.74428
1.9196
3.52436
7.64198
3.48479
1.87497
3.81001
1.75176
3.86926
3.83526
1.47698
1.95178
4.50099
3.81638
4.04066
4.42826
4.59783
2.14561
3.82482
3.63423
1.7015
1.10256
4.41943
4.0252
4.44446
3.94045
1.657
3.73803
3.83449
4.05527
3.93948
8.09735
3.75635
3.5595
3.98934
2.51013
2.33541
1.74075
5.13294
1.744
3.86531
1.68306
7.56815
1.73256
4.16216
4.45069
3.84384
1.7849
3.77602
7.23033
3.55288
3.87564
3.85027
3.51754
3.64872
1.74017
3.76954
4.01577
3.85319
4.68248
3.77557
2.57019
4.04703
3.87572
7.02458
1.64183
4.56337
1.58885
4.56949
3.85893
4.54407
1.91072
3.67262
4.40855
3.66386
3.65488
1.20779
1.84816
7.4305
1.32424
1.01517
1.72286
4.79425
3.86509
3.63962
3.74162
3.503
1.15663
4.01799
4.44237
2.23646
1.72526
1.86825
3.93127
2.16235
4.1448
3.86373
3.3775
3.5366
3.98699
2.65121
3.74727
3.63775
4.09234
6.61778
3.90795
1.75082
6.61913
1.3428
3.84713
2.90798
3.49854
4.02292
2.81305
2.97364
2.23096
3.90062
3.86166
1.58219
3.84836
5.01327
1.7648
3.54583
6.97842
2.02114
2.57125
4.24288
3.86243
5.12949
3.8097
4.07778
1.87792
3.64565
4.1752
2.66498
2.56996
3.52706
4.51776
1.8588
1.75267
6.80909
1.42739
2.89698
4.14461
3.48834
3.60245
4.39091
3.92057
3.97418
1.89512
4.04416
3.75701
4.55123
3.92816
1.49753
1.29043
3.61328
4.095
0.89209
3.52353
1.49249
3.79647
4.01154
3.49833
3.78817
1.64548
2.66103
3.10451
2.15271
6.09063
3.63708
3.94207
1.37974
3.53415
4.02748
4.13379
1.03771
2.29185
4.30012
3.94511
2.56171
4.79258
2.4869
3.55033
1.76014
2.45303
3.56677
2.12522
1.55095
3.6816
4.42398
3.91904
7.08938
4.05218
1.75995
2.23211
4.69527
2.81126
3.75565
4.0659
2.69955
3.6179
5.92975
4.26749
3.88693
4.30329
3.75556
3.46372
6.09122
2.92701
3.99248
3.82435
4.18126
1.56025
5.0438
4.02948
3.50834
2.81996
1.57548
7.88413
2.17224
2.13371
1.03358
1.78301
4.00738
1.72118
4.43885
2.63116
3.84823
3.95573
1.11236
3.96485
4.09667
3.3357
3.64098
3.81413
3.73095
1.06498
6.77745
2.65078
4.57737
4.2104
3.68759
3.50893
4.05024
3.75949
2.78275
4.84019
3.85909
4.6132
5.92785
4.81716
3.54867
3.69104
2.65053
4.03285
3.47231
3.97596
1.79876
2.09944
4.21836
0.42879
1.73467
3.81958
3.62403
4.72623
4.10079
3.90687
1.72494
3.76691
1.45068
4.05922
6.73173
3.55152
1.74705
2.04654
3.8561
4.0019
4.09775
4.1584
1.24959
3.8299
1.50158
3.59314
3.59624
4.20534
4.62074
1.22652
1.67475
4.20386
1.85783
3.94186
3.85413
1.27609
5.22879
1.90536
4.0993
3.51499
5.80777
1.70288
4.81731
1.30261
4.31706
3.79929
1.89061
1.82037
1.61144
4.41078
6.54967
4.22584
4.56954
4.39347
3.53401
1.7598
1.52725
1.64947
6.30679
1.64436
3.47911
3.70378
1.56898
4.70841
2.12413
4.00674
3.59062
5.36288
3.74392
6.43835
3.59822
4.47556
4.39698
1.77686
6.16235
3.77019
4.00403
4.49357
3.61298
4.28728
4.55616
2.81414
5.18272
3.88598
4.06837
4.13602
2.19907
4.34692
3.89092
4.41622
3.52689
3.57111
0.705087
1.73164
4.45499
1.6492
3.74277
4.03976
2.55034
4.52493
3.51211
4.11088
2.81847
4.0162
1.48645
4.55403
4.41281
3.86365
4.46851
1.73963
4.58469
3.68785
2.57539
3.44076
2.2485
4.10525
6.65932
3.52133
3.92176
6.32615
1.71919
5.25345
6.6419
4.44041
1.58013
3.4702
4.06959
3.73762
2.19977
3.84914
3.9116
1.68019
2.79592
7.35124
3.97374
4.53609
7.29286
2.17564
3.62043
2.9041
1.75141
3.77935
3.4961
1.51068
2.66679
4.47849
3.69172
6.50801
7.12246
2.45126
4.53666
4.60298
5.45787
2.224
7.90515
3.67418
6.30322
7.66881
1.76431
2.80998
7.0616
1.7203
3.85568
3.91651
3.79224
2.22248
3.46924
3.93991
6.63108
1.86917
1.8389
3.89941
1.40817
4.42755
3.69511
1.92311
3.63681
3.52186
3.981
6.23615
3.70343
1.67961
2.10569
2.80405
3.60538
3.92006
1.69992
1.87077
5.95448
3.67596
3.98972
5.27021
8.00298
4.55589
3.77496
4.25164
3.20683
7.59588
7.56477
3.8291
3.71057
4.29816
4.48425
3.93687
4.77051
4.44205
4.59749
1.03508
1.15985
4.24982
4.12323
3.78866
3.6742
3.76021
3.81886
4.12749
5.23856
1.49495
3.3118
1.29831
5.22598
5.99634
4.12058
3.83571
3.55383
1.81399
5.31607
3.58692
2.09433
4.38879
3.51988
3.8887
1.71909
3.79549
3.67155
1.8758
7.0935
1.69673
4.01645
4.46256
4.08695
1.69075
3.68312
3.78145
5.90758
1.55751
3.90703
6.27897
3.90043
4.19505
3.60356
2.05414
5.40515
3.74528
4.3324
1.83758
3.84454
4.74476
1.84991
4.76468
4.48449
4.00609
3.90123
3.58705
3.61525
3.83508
1.79892
3.56584
4.19452
1.68282
3.57215
3.99348
3.73671
4.14899
2.12065
7.12647
2.5824
4.47103
3.7019
1.27557
1.7803
2.17408
3.74659
3.53989
3.66272
1.05648
3.6229
1.50735
3.4889
4.72865
4.22431
0.861212
0.88329
4.61385
5.58855
5.28258
4.63101
4.45788
3.67866
7.37063
2.66433
4.48903
4.52375
3.90976
7.24117
3.76744
3.84653
3.86715
3.67872
4.0836
2.10497
3.53622
1.51507
4.07251
2.64205
6.60288
3.72175
3.90881
3.92789
3.60495
1.70311
3.83753
6.22604
6.60909
4.14807
1.57346
3.91876
3.68919
3.55346
3.83146
4.62834
7.14216
6.03675
3.48539
3.93167
3.81345
3.82577
3.61318
1.77344
1.78595
3.64523
3.50788
0.970138
4.54699
3.85004
2.68857
3.50283
4.11978
4.60423
7.04207
3.67809
1.81717
4.00101
1.68016
1.88844
3.71909
4.01805
3.48442
3.64122
3.80708
5.0544
3.66936
5.68873
1.74373
4.15021
3.62901
4.30753
4.42668
5.36364
3.64857
6.73221
3.92575
3.54887
3.83766
3.53755
4.38788
1.81888
1.56256
2.27758
1.89747
3.86971
4.07597
1.69798
4.54302
4.16745
3.89888
4.35793
1.78794
5.52219
4.89785
3.65745
4.52841
3.80824
2.62772
2.8402
1.72482
3.83388
4.16053
4.53984
4.21833
4.61126
2.07602
4.03084
3.93633
3.74031
1.85621
4.48918
4.25056
5.09803
3.71823
1.66645
3.56449
3.75132
5.44724
2.66181
3.91236
4.25065
3.57773
3.94732
5.14452
4.15058
4.06076
1.71273
3.80556
3.61136
2.15208
3.82103
3.49282
3.8057
1.64793
3.63063
1.2571
4.66146
1.90762
4.19573
4.4469
3.90887
2.52971
3.96444
3.77409
5.50538
1.55645
3.80588
4.13498
3.87555
4.01335
3.98494
1.56763
6.96714
4.78569
3.90882
1.82577
2.82304
2.75163
4.10438
4.34302
3.91121
3.9587
2.58072
1.86424
2.17979
2.78434
3.811
1.85023
4.23411
2.63546
3.8617
3.65853
2.44864
4.12669
5.27152
2.05602
3.90527
2.89319
3.9221
3.88966
2.08269
5.41102
4.81477
6.75697
1.43973
4.08348
1.7192
5.97436
1.72309
1.67005
1.54932
4.29249
1.74029
3.20319
2.8125
1.53836
1.13644
2.0552
4.08885
1.7317
2.93082
4.40915
3.29427
1.17772
1.31762
4.01236
1.92609
3.1464
1.85504
2.16201
3.89559
3.81314
3.92319
3.49996
1.88491
1.56693
1.27982
4.5394
2.53839
2.51426
3.3824
2.85439
2.3696
1.55821
3.46569
3.56559
1.95752
5.0799
3.79954
1.65858
4.69998
1.92763
7.897
2.08653
4.21483
5.21141
3.48642
1.6767
1.32771
2.10173
3.26725
2.79636
4.52346
4.15735
4.80566
2.26008
2.03615
1.20768
2.58729
4.1668
5.56303
2.51562
3.12324
4.57571
4.1588
4.72157
4.6813
3.90346
3.77524
3.55154
3.55614
4.04211
4.09436
6.17226
5.21622
3.86587
7.87303
2.68134
5.73975
3.93871
2.85807
1.33997
1.53097
1.6849
4.11723
4.02132
5.88087
2.74025
7.83924
4.31885
1.73201
3.73369
5.4619
4.05801
1.53908
3.46527
3.96576
3.4722
4.56048
1.6879
4.18453
4.14632
3.51886
4.63354
4.38929
3.70028
4.00624
3.92657
2.63916
3.83344
4.14674
4.52885
1.66332
3.91886
1.67799
6.11435
4.44064
4.05311
3.63924
3.59501
4.0038
4.38228
1.61808
3.90724
2.6714
1.79629
4.08951
2.30052
5.51367
3.68438
6.02315
3.49497
2.82894
6.69389
3.62732
1.63702
3.7273
4.43734
3.52467
4.25921
3.79469
1.54068
3.9272
1.60435
3.8918
1.67289
3.48804
1.88735
5.58693
1.80699
4.07872
2.84107
1.83406
4.47685
3.70118
3.92431
4.88732
4.60443
4.0134
3.69754
2.72858
1.75049
1.27755
4.11842
3.80961
4.07517
4.0262
2.78993
1.54757
5.19597
6.33594
5.56524
4.22283
3.76322
7.91658
5.93875
2.39267
3.69683
3.481
3.96874
3.94916
3.67286
3.48279
4.10796
3.57634
3.72298
1.25339
3.96119
6.85201
5.32066
6.16743
1.47588
3.54983
4.05279
2.02162
4.01255
1.86432
4.10043
3.13573
4.5343
1.72163
1.48333
2.11484
1.92481
6.62277
1.32795
4.16417
1.91161
3.51602
5.56401
3.99922
2.65291
4.51363
4.18179
7.01507
3.67796
3.50455
4.10659
3.95622
2.10082
3.71366
1.74215
2.37251
3.49807
7.28348
3.45788
4.62556
3.59447
3.65561
4.94811
4.18013
7.3548
1.79485
4.91109
4.34031
4.42681
4.13149
4.58439
1.23616
3.59883
1.79998
1.61096
4.91737
3.60349
6.85671
6.37021
4.5367
3.55933
2.8365
7.05189
2.71998
2.64715
2.24793
5.97832
4.59609
4.20813
2.80894
4.95989
2.64931
1.25733
3.53157
1.31617
6.22614
3.56135
3.61095
4.26821
4.67556
4.23661
6.38958
5.98393
2.66474
3.67927
3.6497
1.63616
5.09695
1.96823
3.796
1.59128
4.06146
4.44094
4.75785
3.6778
3.69114
3.50091
3.48941
3.92275
4.10233
1.65534
3.899
4.78497
2.7363
2.88174
3.49436
2.05668
4.32677
1.98622
4.34574
3.56019
1.60483
2.16399
3.86233
1.14676
4.96832
6.44537
4.5816
1.90795
4.57373
6.43369
3.74667
1.81392
1.74802
3.80422
3.69263
4.3532
4.33809
7.11613
3.97899
6.21173
3.61501
4.49434
6.28104
1.48902
3.82317
3.92318
0.843799
3.93686
2.07548
1.37528
1.74618
4.21118
3.92447
4.61977
3.7579
6.06199
4.01879
3.96454
1.49339
3.49219
1.48909
4.27842
3.93035
5.85139
4.25366
4.34871
4.70901
1.32073
3.5144
4.63365
1.38877
2.83069
3.58877
5.82632
4.26699
1.71866
3.82961
4.34771
1.47575
3.90295
4.42129
5.36937
8.14952
1.9172
4.61094
2.74022
4.29479
4.0112
5.61775
4.35094
4.83318
2.86956
5.07417
4.79715
1.70223
3.91833
1.77847
3.70616
1.34053
1.21921
3.53723
3.92313
3.29951
4.22981
3.6174
4.67624
1.61503
1.92219
4.3305
3.95235
8.14024
1.3839
4.05643
3.8104
4.22766
1.49033
1.63059
4.00786
3.76681
6.11685
1.03328
3.51356
3.9605
4.42094
3.7139
3.43539
6.24273
2.83978
2.80259
3.71806
3.57945
3.76721
3.86984
4.5733
4.56412
3.73451
3.49049
4.39847
5.93156
2.85914
1.93807
5.19301
1.51756
3.61963
3.60169
1.77566
8.14092
1.69879
3.97778
3.88264
6.60759
3.84899
3.7358
3.78128
4.14824
3.71007
4.21845
3.9407
3.98562
4.43605
2.86159
4.15262
7.58767
4.61557
1.48753
3.8973
4.36364
4.3825
1.91841
3.88842
1.20952
3.60118
1.28133
4.62324
4.54473
7.08966
7.36847
1.69702
3.74802
1.55986
4.51551
3.7966
4.42343
2.05797
3.87257
3.57881
4.01199
3.6399
1.24852
2.85882
1.20339
5.3504
3.98368
1.64618
1.82966
5.05108
3.80124
3.84421
3.69716
5.30447
3.82206
3.71801
3.97304
5.2439
7.06242
4.30656
3.86176
2.03942
3.84431
5.29674
2.73985
1.13745
3.79749
4.68905
6.64498
3.50364
2.11128
3.70263
4.25442
3.58037
6.00272
4.21092
3.98283
4.14652
4.0959
3.7459
7.39191
4.14833
1.8082
4.23705
2.1431
3.69646
3.73884
1.31977
3.58873
4.36184
3.9011
1.79343
2.03433
1.39995
4.49727
4.09654
7.12119
1.78748
3.62023
1.89068
6.83007
2.4738
3.57502
2.86894
1.62954
3.56444
3.87938
5.41874
3.75299
3.8628
2.71736
3.50729
3.41473
4.99172
3.97735
3.49778
4.66616
1.32443
5.99534
4.12456
7.14498
3.78747
2.55957
4.08678
1.78158
6.59287
4.32442
2.10831
1.29581
3.71448
6.23902
4.15198
4.25184
2.14243
4.45775
4.29871
3.84213
4.3576
4.49275
4.53514
7.00799
7.07927
3.93397
0.914668
4.45159
2.01234
3.62413
4.5531
3.92877
2.15327
2.63934
5.1577
1.65755
3.47433
4.02188
4.62482
4.33522
3.59661
1.80446
6.74028
1.68189
2.29728
1.89881
2.81243
4.33529
3.86508
4.04854
3.65718
7.80666
4.62026
4.2675
4.24357
3.576
3.52985
3.90694
3.67773
3.61541
4.18126
4.12102
1.51743
2.63738
3.63861
4.6015
3.72338
3.81048
1.49992
4.5693
6.51847
2.03755
3.72578
1.62807
3.57395
1.35306
6.68589
3.57284
1.45496
3.89874
4.43715
1.88399
3.93134
3.8989
3.74064
4.44134
1.37716
3.69524
2.85352
3.98291
4.59169
3.62575
1.80889
4.86727
4.48592
2.564
2.13354
4.07042
4.14602
2.01786
1.49086
4.1898
3.83962
3.67663
6.4973
1.6338
3.65019
1.51844
0.0984737
3.22818
1.755
3.9029
3.84862
4.59832
3.88465
4.52881
2.09482
4.46986
1.53868
6.374
3.88248
0.794002
3.85463
6.31938
4.00626
4.08337
4.41595
3.78548
1.87915
2.57491
4.1013
2.1381
4.56945
4.59349
1.60944
7.29501
3.61928
3.99385
4.28676
3.92243
1.9099
1.59303
4.09498
4.0967
4.21175
3.91048
3.8045
4.11386
1.23745
3.99257
6.39572
4.15167
4.84621
4.2753
3.53735
3.50632
4.02919
4.28587
1.6941
3.76971
2.78119
1.71944
4.19974
3.80506
4.30038
1.77293
3.75539
4.50312
1.35135
3.70255
4.39796
1.67819
4.5248
1.18988
4.23689
6.94671
4.00313
4.08745
4.24943
1.86653
4.47287
4.74645
7.52758
3.48058
2.5751
3.92815
2.73479
3.55938
4.21137
1.4795
2.54615
4.59529
4.85973
5.87974
3.89403
1.39627
3.99141
1.36928
4.68732
4.59095
4.10981
4.02237
6.8516
2.56641
4.44371
4.0204
3.87756
1.78809
3.59255
3.87325
3.88954
4.39815
4.25609
1.55299
4.55874
3.97475
3.95172
2.08116
4.20396
4.12328
2.66893
2.55583
7.34771
2.80221
2.11429
4.29314
3.53672
3.85006
3.66081
1.94742
6.01352
4.28497
5.98896
4.5251
1.85957
3.9269
1.65466
2.06519
2.81433
1.6362
4.96294
1.47793
3.84274
2.77372
0.663784
3.63958
3.50214
4.13913
3.47447
3.67124
1.6613
4.28142
1.46827
4.57092
2.06139
4.98836
4.44953
4.51843
2.49711
1.36888
1.87549
4.51182
2.46404
6.4908
1.36078
1.65538
1.8643
2.6765
4.0292
4.48642
3.98924
7.02087
3.81074
4.49903
1.74483
0.992664
3.7439
5.40194
2.89534
6.24959
4.18401
3.64472
4.52572
4.22158
4.25674
4.55357
1.57674
4.08805
1.71244
1.57095
3.69596
3.58421
1.557
3.77027
1.61227
4.24168
5.50365
2.15588
2.04469
4.04082
1.90808
3.68851
4.29397
3.66978
3.99244
4.0228
3.8417
4.57712
3.6487
6.14483
2.58051
4.11204
1.76323
5.8478
3.79381
1.73419
7.19073
6.41496
7.07533
6.00467
1.06318
4.90347
1.54676
1.48423
4.58885
3.50394
2.01995
3.99783
3.79128
5.11126
3.64433
3.98538
5.27831
3.81424
1.58912
4.13258
6.29949
4.45162
1.27776
5.17722
5.94636
1.60509
1.58418
3.71672
4.12954
2.80923
1.56424
1.67591
6.30951
1.7279
1.62162
1.94624
1.94465
2.81836
5.47143
4.46743
2.48247
6.40094
5.46737
6.55771
3.52052
2.10416
1.76715
6.8791
3.46628
3.95199
1.36531
3.94516
3.14876
4.2516
5.04481
2.14037
4.52222
3.91327
3.47321
4.49604
5.78837
3.87704
2.65382
3.82797
3.8668
3.6926
1.99926
3.54037
3.54574
2.55572
3.81723
7.10352
5.22809
3.93869
4.37677
3.81017
4.03561
1.35051
8.44893
1.37076
4.57265
4.39156
5.7795
3.96007
4.36061
2.59474
4.31747
3.3546
4.93702
1.4492
4.06615
1.23241
3.62447
1.46721
5.72532
4.53579
1.00151
4.43838
2.24558
4.53819
4.4892
4.44139
6.44114
6.44285
5.83416
1.19866
1.71487
1.86776
3.95085
4.42722
2.82836
1.77999
3.79858
1.28771
5.40839
4.12396
4.02411
4.3184
1.73963
0.645997
3.67624
4.18934
1.65881
3.3211
4.13903
6.03189
2.0697
2.59234
4.28949
5.35197
1.81294
3.92521
4.04093
4.19401
2.85643
4.83304
5.02165
4.37385
5.28488
4.34216
4.61943
1.36238
1.11643
4.08286
1.75224
1.62576
4.98377
1.41082
4.44183
6.17526
2.87822
2.81125
1.75738
1.67924
2.49193
2.71115
4.31805
3.92917
4.28679
1.6482
2.09293
3.55436
1.63364
7.7174
4.05585
3.44107
2.91395
2.81494
1.86871
5.64909
1.86878
5.8295
2.62034
3.54035
4.57749
5.67009
1.13003
3.64947
3.54123
1.90914
3.92867
3.77528
4.76257
4.07196
1.09164
1.0923
6.35522
4.23955
3.95301
3.93378
4.38914
4.42995
3.58168
1.47821
3.76172
4.06933
1.49393
1.2658
4.35802
7.81074
4.29569
1.65963
1.34279
3.99786
3.74759
3.5477
1.339
4.42308
4.37035
4.44821
3.71397
4.30476
4.29333
0.897107
2.84853
3.8051
1.70054
3.71162
5.24652
7.283
3.56221
3.6925
1.7887
4.21488
1.95775
4.54941
2.57734
1.62369
3.92038
4.97113
4.62362
3.62022
4.1542
1.22456
4.13287
2.28444
4.39382
3.86687
3.67136
4.30669
3.59197
3.78943
3.99395
4.46071
5.32054
3.80159
3.46872
1.799
2.25011
1.56881
1.87893
3.4748
4.00905
3.94243
3.54512
4.21498
4.57033
4.48022
6.73632
4.22455
3.81406
3.46782
7.25985
4.00105
3.8542
1.19006
4.18793
3.99553
3.09173
1.85863
4.78287
2.83866
1.4861
4.57669
4.104
1.62276
4.30547
1.57797
7.03307
4.4927
4.67704
4.49827
4.45954
6.1239
4.42787
3.86862
4.36399
4.55528
5.58821
2.60227
5.52656
4.51346
7.34528
7.36352
4.41785
4.66409
4.05754
4.01395
4.56701
1.5111
4.60728
1.70679
6.87917
3.47017
2.80536
3.0602
1.49586
4.3578
4.49793
4.53326
3.56297
3.76081
1.47357
4.74634
1.75378
2.65744
4.32442
1.59046
1.71263
2.70271
4.54112
3.63814
4.15794
3.85726
1.64013
4.11072
3.90236
2.55412
3.92665
2.27334
3.8054
1.54383
3.84656
3.89413
4.28947
3.57672
5.90622
6.31513
6.28915
3.50087
1.57086
4.45291
3.57241
4.3914
3.99211
4.03864
4.65083
1.46705
3.84176
4.61869
5.59983
2.06725
6.30088
3.83434
3.47539
4.62648
4.0494
4.47212
6.25953
1.48096
2.15229
1.91208
3.65452
2.1941
4.43504
4.64269
6.31014
3.94343
1.59861
4.93791
4.51651
4.63617
3.83845
1.73262
1.21779
1.69175
1.89463
6.07651
3.5518
4.82551
4.34932
1.73472
5.58291
2.07218
3.82654
7.10874
3.96127
6.91657
3.64116
4.06584
4.25791
4.20153
5.78084
4.00961
3.74156
4.02547
1.05622
2.57513
1.6577
4.11278
3.42467
4.62837
3.58579
1.70842
4.01678
4.14118
4.31812
4.57595
6.52789
4.31271
3.98177
2.71078
3.62178
4.29385
1.90357
1.25996
1.81722
3.87043
6.29036
4.12448
3.79234
3.94573
3.49664
1.44998
1.24341
4.66609
4.07271
6.54819
2.60767
4.76353
2.60891
3.48478
1.67093
0.595396
2.02655
4.42385
4.2839
4.15845
2.85506
4.05753
4.07305
1.92539
4.01861
1.67717
3.89604
4.78342
4.32573
0.981608
4.10955
1.54871
1.86858
4.06065
1.23898
4.32468
4.20661
1.54829
3.48873
7.41954
3.73957
3.67473
2.08932
0.909534
1.57258
3.62661
3.58096
4.88649
2.49626
7.09105
4.07822
4.58594
1.6318
8.26008
4.02881
2.65295
1.01961
4.35111
1.67863
3.80532
3.5897
1.69983
5.90249
4.19413
1.7108
7.70687
4.06213
4.08746
1.77551
4.16625
4.62325
1.61933
4.11778
1.78698
3.78811
4.19225
6.78566
5.77388
2.87191
2.75407
2.03896
5.09768
1.60478
6.01399
4.45264
1.5848
4.61527
6.76655
3.87822
4.57932
4.22832
5.71175
3.84932
7.89404
5.04563
4.36378
2.79405
5.00047
3.90089
3.63245
1.73465
4.86127
4.11582
5.87659
4.51751
4.61757
1.46065
5.53856
1.04941
7.38165
5.52604
4.18022
3.83592
4.50887
4.30435
2.83645
4.43179
2.85248
4.12473
7.07449
1.71138
1.73095
1.73825
5.86028
3.74583
4.96377
1.31562
5.44337
4.61324
4.63492
4.33226
1.66373
1.46662
1.20733
5.25483
3.86169
5.3701
4.28631
4.16694
3.59517
5.11359
4.60921
2.04781
1.4339
3.82466
3.81719
2.84038
7.03073
3.88243
5.20728
5.12097
4.01292
1.29831
6.51206
1.87705
1.12966
4.32986
5.73243
8.13992
5.89981
1.11323
2.80632
4.34354
4.49904
1.31796
0.666954
3.85613
2.52652
3.99814
4.56251
4.02831
5.17692
5.49511
4.52751
4.06257
4.64462
4.06457
4.02447
1.27876
4.65723
4.02973
3.86985
4.10185
3.5274
4.38438
3.90656
2.27255
3.66502
2.59978
1.46486
3.59037
1.68575
3.93864
4.46774
1.79408
1.57874
3.94853
3.94742
2.63931
3.80274
3.47459
2.47804
3.53576
5.33238
3.36788
3.89093
4.42767
4.03216
4.35239
4.66108
3.5677
4.12465
4.0686
2.28309
1.70003
1.2576
3.94008
4.64168
3.99098
4.06248
1.96937
3.75776
3.77562
4.27614
2.19259
5.50843
3.91701
4.15268
4.35709
4.11176
2.53961
1.65763
6.3791
4.10901
3.81175
4.11843
1.65828
4.2509
4.49073
4.30761
7.64073
0.433272
2.83727
3.92148
4.40211
2.16247
1.59823
4.3939
2.06336
5.52954
5.8253
4.5631
5.77281
3.63186
3.57742
3.89244
4.12725
3.99851
2.49069
4.31979
4.56675
2.28101
4.55633
3.88719
3.6494
1.79218
3.99704
4.0857
1.31636
6.60046
5.14872
3.77585
5.54445
3.60862
4.62892
4.28773
6.05206
4.46211
4.04706
3.59628
4.43494
2.54245
4.78504
7.07246
4.23005
6.44798
1.81215
4.49377
4.07938
7.37102
2.76482
6.06018
7.58008
0.683181
4.46786
4.45585
5.83692
1.36511
3.89448
4.45044
4.11078
7.42394
3.79268
1.53972
4.08469
7.88583
4.96632
5.07709
2.02848
1.70162
3.47619
3.44862
1.13938
4.67445
4.36229
4.41809
5.93328
5.86154
3.60113
2.64352
4.23962
4.11699
6.39011
3.91632
1.28492
3.83735
7.12492
4.25274
3.69383
7.49754
3.83353
4.39236
2.25827
3.61125
4.09294
5.72555
3.70903
4.59819
4.46314
1.572
3.65724
3.60712
8.03504
3.94543
1.7097
4.13286
7.25017
4.21745
6.83178
4.41728
4.1556
7.05635
1.19933
4.5561
5.67946
4.51614
5.08265
4.55215
4.82464
9.2577
4.03476
4.01436
4.30768
1.66057
1.19855
4.24851
3.37732
4.6246
1.68077
4.1394
1.60336
1.05831
4.28323
5.68603
1.64843
4.47417
4.51385
4.0334
4.56542
4.42933
1.71326
3.79305
3.83816
7.33318
3.99413
3.84724
6.5525
4.53666
8.011
1.30721
7.26546
1.26962
5.65451
1.80591
4.57078
4.30236
6.74258
6.7734
6.97138
1.59096
4.4782
4.44885
2.20485
4.39023
3.9509
4.08754
1.94738
1.56849
4.06604
4.76991
3.99962
4.11026
1.49072
1.50739
1.69013
1.96602
4.29985
4.02058
3.58001
2.6404
4.07074
6.16069
4.37495
4.20121
2.33601
1.34309
2.57133
3.81621
1.90108
4.38696
4.64624
1.72682
3.66084
3.70338
6.29576
1.54837
6.62339
1.41456
4.25905
3.69411
1.81876
2.7998
7.5113
1.55644
4.34375
1.34394
4.53647
2.6964
4.44756
1.93125
3.83175
4.05852
6.96888
4.29638
3.9549
3.62728
2.63879
3.98258
1.8012
3.84792
4.55591
4.46421
4.46508
4.44678
1.9062
4.29259
4.22247
1.59599
1.68846
4.39236
6.07398
3.68066
1.27817
4.18291
4.09145
4.2281
4.29302
4.1385
4.46474
1.60821
3.59584
7.85653
1.38757
1.35642
3.75286
6.32206
3.67133
4.4459
2.9106
5.37156
1.09644
4.10556
6.09363
8.18069
4.1349
4.56546
4.41588
4.39262
6.79676
1.6264
5.51096
4.03294
1.77502
7.17096
1.52318
3.86181
1.38554
4.41362
0.373686
4.60584
1.45924
1.91918
4.52123
4.28469
4.23829
4.91789
4.98466
4.01997
3.54494
4.28383
8.29293
4.1033
3.92933
1.43945
4.33975
3.78677
2.013
6.98608
5.14531
1.27165
2.40543
4.43685
1.37227
1.72084
4.41307
4.46325
4.28679
4.45555
4.44082
1.25939
4.9758
4.53593
5.04625
3.80452
3.61755
3.57015
3.94736
4.33195
3.8039
4.4858
4.56313
3.77604
7.02658
7.28408
4.57332
6.20072
6.26218
1.57718
4.03346
3.87028
2.38282
4.26157
7.00056
4.53329
3.978
3.97591
3.77139
6.95348
4.37089
4.03926
4.10142
4.63509
1.67942
1.07745
4.55848
3.99593
4.6304
1.62451
4.50093
1.6636
1.94779
4.1229
4.0414
2.64231
3.69678
6.05288
7.35107
4.66397
3.70397
4.25624
4.09645
1.58728
2.85184
1.76813
2.33643
5.31058
1.7683
4.77113
4.47416
4.31904
1.78784
4.38702
1.74882
1.24714
4.44643
3.68275
4.07753
4.68377
1.54638
4.09223
4.35544
1.22457
5.00618
0.785204
4.46313
2.57282
4.11869
4.30971
4.13219
4.35764
4.1065
4.54861
7.08196
3.93049
4.33353
4.3643
3.89165
4.06331
1.66728
2.55042
4.07604
6.96832
1.52634
4.07308
2.78007
3.8846
5.48674
4.60335
4.62261
1.57919
4.52132
4.30285
1.43991
4.22459
3.9243
4.47678
3.87437
1.45513
4.05002
4.51428
2.17098
5.25348
1.43009
6.8273
4.4911
3.65636
3.80168
2.85551
3.89556
4.40333
4.751
4.28277
4.41376
4.23312
4.31148
4.57573
4.64979
4.39403
4.4267
3.80572
1.6483
4.09579
3.97313
4.30324
4.34935
5.33232
5.40848
8.20293
2.91474
1.51289
5.83341
3.64933
4.35948
4.61146
4.44778
4.59024
4.57136
4.10322
3.7338
5.69052
4.1912
3.61066
3.79691
4.24098
3.90414
1.47371
1.23346
4.59452
4.40088
3.80067
4.39784
2.64724
3.60135
3.71509
3.96508
3.8825
4.5701
2.00853
4.38026
1.92687
3.65706
0.848042
4.5624
5.63981
3.86442
4.23055
3.60449
3.53157
4.29748
2.26298
4.4547
4.54627
4.06194
4.39245
4.31305
4.93309
4.04832
4.5544
2.93145
7.45606
4.31863
3.05365
6.03733
2.94843
4.09863
3.89753
4.05308
1.58712
3.80816
4.00669
4.11089
7.35692
4.16699
2.24195
4.30327
3.9226
3.82
4.82141
5.14905
4.49011
3.59669
7.69081
3.63024
3.55426
4.10562
3.55238
6.65985
4.61163
4.55805
4.27337
4.32633
6.45798
4.85224
3.54561
1.50385
8.39786
1.63516
4.10268
3.83675
4.53756
3.98482
7.47044
0.432131
4.03624
4.4044
1.36427
3.95095
4.20495
3.80706
7.50336
1.75757
1.49475
1.62699
4.87124
4.31807
3.72763
2.82175
4.26026
2.83798
4.05419
4.68858
3.53065
1.5989
2.27009
2.24371
1.90609
3.58017
1.55948
4.43956
4.25033
6.97978
6.66666
1.32972
2.25668
7.16074
3.94075
4.48444
3.56925
4.49054
3.62674
1.72913
7.81294
2.53227
1.864
1.5242
3.63439
4.33517
4.39433
4.49011
4.48205
1.32085
4.78936
3.54627
4.5801
4.01701
4.50184
3.61797
4.42511
6.89674
1.95955
1.74424
1.64592
2.79735
1.55423
3.97715
1.66842
4.42077
1.5683
1.6628
1.60313
4.60956
3.57474
4.05383
2.38868
4.15433
4.94213
1.56359
1.74624
7.11496
2.83152
5.92254
4.00057
6.47344
4.48096
7.36586
7.05613
3.76545
1.36191
1.95712
3.88197
3.8844
4.49802
2.79656
3.79433
3.91855
4.38333
6.80629
3.86851
3.70857
4.20012
7.08951
4.50223
3.90296
3.91722
3.7655
2.79307
1.46032
4.3568
4.37285
4.52733
4.62593
1.80181
1.61504
4.72814
4.12543
4.09
6.56948
1.69222
3.49497
1.47418
3.88158
4.01598
4.47314
2.84679
2.08069
4.46288
3.67371
1.05614
6.62735
1.65181
4.3905
4.60118
4.11
3.78636
6.87779
2.54895
3.67098
4.20086
1.5828
2.88601
3.60828
5.56536
4.65109
1.62948
4.55302
4.55879
4.54492
1.98117
3.90943
4.29086
3.73333
1.40025
1.66982
1.33678
4.50788
4.81729
4.40777
3.84236
3.82363
4.4959
4.13698
1.26309
1.61483
2.86387
3.75742
3.764
4.06293
4.23644
1.75789
3.97117
4.29923
3.55259
5.61634
0.687998
4.11156
3.81718
4.57233
4.40742
7.04649
1.24105
2.41273
3.57776
4.48052
4.01301
3.49746
4.49056
2.56517
7.87069
4.18484
2.72391
4.03897
4.58288
3.75719
2.84134
4.17839
1.70955
3.8954
3.48682
2.43277
4.59021
4.29373
2.83614
2.37206
3.17515
4.49649
4.40939
4.09827
4.8129
3.603
4.52954
7.63427
3.87953
4.07079
4.05834
4.30871
3.58854
4.10061
4.78492
4.47244
7.67614
2.52556
4.31825
4.3228
4.30425
4.32287
4.342
6.99157
8.12119
4.63952
4.22936
5.7113
4.386
4.33448
8.20316
5.23023
4.34167
4.36288
6.12664
8.20988
4.29788
4.82951
5.65776
5.32727
8.12596
4.33405
7.85274
4.46144
4.27937
5.15267
4.77035
8.1777
8.05558
7.73258
4.34826
8.01057
4.26022
8.17654
8.05369
4.69723
8.18635
4.62382
8.15183
5.00213
8.19362
7.81882
5.09031
4.40226
4.42365
4.2697
4.2387
7.96472
4.28559
4.29331
4.31482
4.89484
1.61931
3.91889
4.0241
1.76798
1.24723
4.08125
4.6104
2.69339
5.2362
2.15957
4.28159
3.99533
3.56458
2.47338
1.89967
3.87855
4.05501
4.79016
4.24182
4.53872
8.24908
6.52831
4.29904
7.54937
3.57688
3.86992
4.44516
4.22647
6.50585
3.66941
3.9071
1.59622
4.45155
3.70715
4.46286
1.3375
3.85724
3.76521
4.10514
4.28441
1.42949
4.01633
6.99432
4.21754
4.16238
3.83336
7.76792
3.59425
4.37136
4.65249
4.43818
3.99686
8.01475
3.95157
3.86104
1.64691
1.59342
4.52821
3.88163
0.893223
1.62433
3.59386
3.06516
4.6726
4.33328
4.05049
4.72261
7.71039
4.52701
7.37263
4.31873
1.7387
7.92152
1.45348
7.47255
3.96452
3.88494
3.92789
7.09841
4.10139
6.62753
3.96885
4.06058
3.83622
3.97825
1.23943
1.87114
8.07626
1.67222
3.58896
3.73781
7.77279
4.47649
4.60032
7.33351
4.21228
4.5579
3.78398
1.80762
4.2404
1.68713
6.02443
3.9911
1.26491
3.86205
4.03952
2.74142
4.60669
3.9228
2.15702
1.46057
4.32934
5.66144
4.58929
4.06768
1.47084
1.72663
3.83662
2.8196
5.46709
2.8243
6.56984
4.01342
2.83708
6.53865
6.5494
3.54804
4.01802
3.58348
1.50182
4.3147
4.49294
1.31858
1.62246
1.90609
1.44537
1.65567
3.83946
1.604
1.28038
1.97138
2.81502
1.61478
0.362609
1.52503
4.32792
4.38
3.89546
4.45708
5.67379
4.16079
4.089
4.45466
4.31378
2.26938
4.63988
3.75353
4.87902
4.27747
2.77684
4.61447
1.17765
2.55135
6.40116
1.56128
4.53137
4.49715
4.20299
4.07533
2.75027
2.5208
4.49141
2.51782
3.57963
3.99029
1.48106
3.17018
3.89468
4.69757
3.9679
0.821346
4.56676
3.09566
4.06313
6.60102
2.08461
4.91395
1.45703
3.87764
5.60496
3.57626
1.782
3.7968
2.85487
4.50986
4.47644
4.45187
4.62296
4.54696
4.90407
1.63315
6.50355
3.58968
4.33963
4.83111
3.79875
3.98777
6.00535
4.43678
1.91684
4.22289
2.15088
1.81475
4.14642
1.459
3.92738
7.06722
4.48437
1.14293
3.21819
4.40487
4.4714
3.97961
1.54224
4.7207
4.47236
4.42148
1.81933
4.40811
1.44001
1.62515
4.05109
5.42416
3.94732
2.15555
1.57939
4.28995
0.66099
5.56667
3.7862
3.70759
4.14213
4.51551
3.96347
2.50712
3.81061
1.71844
6.33371
4.41219
5.94726
3.67579
2.59411
4.34158
2.64947
6.11399
3.8344
7.41491
1.23033
4.30524
0.962149
2.84211
6.74648
2.53645
4.51474
4.57794
1.8859
3.99872
3.53841
1.8251
4.4892
1.12032
4.93306
1.84403
4.53848
5.96888
1.54015
1.5701
2.79714
1.60272
4.34081
3.98613
3.87459
3.84435
2.04162
6.66074
4.80482
4.59359
4.29461
1.66658
4.4153
3.89633
4.56664
4.27672
3.73607
4.47409
1.43431
3.70601
5.83883
1.34893
4.28642
4.61717
4.12343
1.43288
4.19591
2.46857
4.43241
4.79654
5.86864
1.61103
3.5826
2.78387
3.61882
4.21573
1.58956
1.64003
1.57771
4.56023
7.27378
4.75854
3.79409
1.45766
4.4981
1.58392
4.04511
7.44781
4.6226
3.87373
2.00418
4.0388
3.61263
4.0299
4.3521
1.25625
5.26381
4.61724
5.21825
1.61347
4.56146
2.13663
5.68758
4.63862
7.31404
4.49749
7.02681
7.97006
3.63405
4.0947
4.22016
1.63011
1.6251
6.68998
1.48962
6.86954
3.70407
4.16455
2.73539
3.58678
4.3437
4.51014
4.1804
5.13385
3.7519
3.55817
3.58316
2.73129
6.54164
1.3201
4.32657
1.18327
3.4931
4.42648
4.07248
4.30615
1.47934
7.10217
2.54624
1.50218
3.52475
3.95513
4.31396
3.90152
4.42079
1.57021
4.37077
3.59961
4.20867
3.92425
3.90381
4.14653
1.54998
3.85933
3.60939
4.56752
3.75222
3.97764
4.07239
2.53189
3.71657
5.6078
3.57004
4.53106
4.05013
1.78905
4.1858
7.22665
3.93697
2.80869
2.23548
4.62935
2.72431
1.58255
4.47446
4.84994
1.2094
4.33048
2.13453
4.02461
4.70214
4.07234
3.66806
7.17701
4.13834
3.84305
2.79483
4.52021
6.06576
6.35765
4.46818
3.59753
4.6108
1.52825
1.73593
7.72344
3.73356
5.09756
7.63191
4.21906
4.15462
3.59215
4.01322
3.91386
4.82729
1.7163
4.03377
4.0098
4.53589
4.34707
3.50054
3.76508
4.5239
4.50727
1.49619
6.514
4.40591
0.989645
4.36336
3.58582
1.33989
2.61861
1.60325
6.54139
2.07632
7.5721
4.32914
4.38193
4.03056
4.58393
4.52916
3.85052
4.57872
4.42843
3.91273
2.90419
7.91005
4.38901
4.35394
4.56649
6.58009
1.82714
2.81932
7.24885
1.52732
6.42999
3.8131
4.67245
3.86788
4.33365
3.84621
4.27591
4.44424
3.73377
3.9817
2.71428
4.38
3.91547
4.27087
4.43123
1.23032
4.27971
4.54456
2.78583
4.29925
4.2955
4.51308
3.66753
3.83158
1.2028
4.04643
1.41209
3.92108
4.48975
6.48822
2.65132
4.28444
1.28817
6.77126
4.53342
4.47883
4.5134
4.29939
1.45829
5.14189
4.04721
6.49027
4.25143
5.0921
6.11912
1.80638
4.35097
2.6849
4.65343
5.33216
2.81123
4.81885
4.3183
3.59089
2.55908
4.42576
4.15812
4.55406
1.68454
4.92777
4.54469
1.81104
4.46216
2.91492
4.40146
1.2981
1.33289
2.80609
1.69804
3.99565
5.03031
1.82873
2.84983
8.04643
6.53929
5.82466
4.47801
7.86701
6.1602
4.15725
3.76458
2.88999
6.66333
3.64833
1.2666
4.3593
6.77292
3.6197
3.90337
4.29831
6.84222
3.9205
0.82923
1.81004
4.36919
4.35112
2.59281
1.23563
1.81833
4.63838
4.53786
3.71339
2.70354
1.45212
1.25943
2.75118
6.02858
3.68546
1.07964
5.62497
2.60825
3.922
1.8656
3.94743
2.81735
1.97769
2.83038
5.80479
1.12714
5.61068
1.80749
4.79957
1.64636
5.98595
3.52719
5.32208
3.58672
3.74636
2.81334
4.48251
1.91993
6.32082
4.1487
5.44972
1.58663
1.08307
4.52349
4.72464
3.70779
3.87311
1.7302
4.57024
4.27699
4.3863
4.51562
1.58113
3.73385
3.881
4.37851
7.34197
1.35803
6.8721
3.77972
2.07322
4.28367
4.49654
2.12501
3.58031
4.62353
4.02841
6.8723
7.05867
4.49077
4.48004
4.31484
6.92287
4.0746
4.57809
1.46072
5.11132
4.59324
2.17184
4.6478
4.12368
1.451
3.65438
2.7151
4.34299
1.48129
4.32089
4.46816
3.55086
4.364
6.61634
2.37736
4.54255
4.28068
1.5808
1.25921
4.10445
4.64147
3.58819
3.73194
4.28859
7.03318
4.19563
6.43524
1.5178
4.43153
4.5485
3.96486
1.45035
4.27784
3.63013
4.11945
4.13087
5.13266
3.89633
4.38363
4.02162
6.78797
3.78913
3.91916
1.58489
3.92024
2.8204
6.38643
4.07719
3.78437
4.79494
3.56515
6.76157
1.05554
4.80181
4.61237
4.41755
1.29648
4.43552
6.73155
1.22923
6.54348
3.47361
4.66709
4.55912
4.54273
4.08653
4.21341
5.49711
4.03379
3.65272
5.86016
4.57853
4.75078
2.09371
4.98838
7.13479
4.19556
7.46321
7.13739
3.71723
7.47796
4.33341
5.43494
3.75415
1.35101
2.60431
1.81302
1.38142
2.10202
3.6201
1.72443
4.102
4.81452
2.1748
4.81882
1.52085
4.56319
7.47568
1.84535
1.91571
4.52135
4.30123
2.85069
1.37367
4.41316
4.45956
4.22502
4.70987
3.57361
2.62669
2.50601
1.54947
1.42087
2.12822
4.6407
4.00003
4.41357
4.68037
1.82279
6.78913
4.33351
4.57627
4.64575
4.14477
3.74978
7.20325
2.86541
4.56442
8.51271
8.53883
3.69659
1.77884
4.49717
7.46137
2.81153
4.4801
3.57216
3.78118
1.90915
3.58121
6.42874
1.40761
4.39908
4.05669
3.77067
4.34973
4.40226
4.25559
1.11559
1.13128
1.53387
3.92986
2.77401
6.88995
3.88157
4.31581
2.34599
1.98532
4.21528
4.0858
3.59241
3.74369
4.28023
4.53717
4.39141
1.15856
2.4408
1.52029
3.50795
4.37778
6.68551
1.3871
4.3522
1.26427
4.40367
1.57513
1.47101
1.56923
7.00511
5.8183
3.8474
1.42341
7.15692
6.82528
4.62585
3.59043
4.57285
3.69122
6.26668
1.79262
3.48351
4.22295
3.7607
6.77941
3.70566
3.51145
4.60235
1.64278
5.6781
3.59689
4.82548
6.0471
1.79596
0.942391
4.23444
4.35239
6.81193
4.78069
4.42838
4.50547
6.60388
4.05331
4.42179
6.99127
4.58616
3.69341
1.59843
4.34539
4.42
4.66376
4.55122
4.33541
4.89589
7.18845
4.53857
2.65674
4.47978
3.96412
2.86683
1.44197
4.43214
1.06822
4.26382
4.55066
2.76678
4.67692
3.97263
1.15633
3.99703
2.00731
6.93659
1.55918
3.76201
3.75797
7.56346
3.996
2.20003
3.87472
4.43861
3.91499
3.98056
5.93654
0.302842
4.44459
7.42844
6.43617
3.6436
3.98985
4.97464
4.32991
3.58205
2.21877
2.62388
4.22956
1.42847
4.20061
1.68088
4.13615
1.61778
4.45561
1.45292
3.8592
3.97666
3.47924
4.06636
7.82325
4.52102
7.81245
1.48776
3.7849
1.49678
3.75487
6.72053
3.52558
1.66859
4.34881
4.55306
4.50538
1.43529
4.09959
4.58605
3.70343
1.65961
3.8968
4.28024
3.60831
4.55879
1.30355
4.4416
1.64827
1.5587
1.64011
4.04628
4.65326
2.69676
4.2998
3.82808
4.57092
4.06128
4.63729
4.46795
4.44605
4.77982
2.77548
4.60715
3.52063
4.33608
3.5684
6.44142
3.70208
1.88802
4.04401
2.11587
4.43926
4.20918
4.0301
3.91539
3.52953
4.44724
3.56492
4.44376
4.59772
4.02987
5.13703
1.35209
4.15548
4.20096
2.52879
4.51395
7.70441
3.46856
2.82542
3.6284
3.91445
3.64112
4.56077
4.22921
3.66503
4.28884
5.12937
4.46606
4.02309
4.52951
7.93961
3.80917
4.6263
3.77785
3.57835
4.47167
6.97863
4.63688
7.36294
1.89649
4.54024
4.58576
5.67406
4.57077
4.40428
4.23689
4.52518
2.56456
2.69638
4.65723
7.02904
1.2358
1.36203
2.64997
8.10142
1.4058
3.81091
5.10774
4.08069
3.57043
3.61035
6.2112
4.2315
4.09247
4.6646
2.85426
3.75736
4.04373
4.26634
6.63004
3.78125
3.48534
1.75582
3.93942
1.52822
4.43242
3.59129
3.98438
4.424
1.73593
1.93334
6.6977
5.57362
6.78552
6.3377
7.14509
1.4808
1.24145
5.71566
4.37025
4.73761
4.64572
5.76127
4.62862
4.45913
4.29034
1.51658
6.28322
3.92286
4.55336
1.53652
4.88053
7.23807
6.62756
4.56634
2.81222
4.09243
4.43162
1.331
4.00416
3.72416
3.95997
3.58212
4.60027
4.17433
1.4758
4.5197
3.84337
4.49388
3.691
4.67128
1.49687
1.39113
1.71887
4.42627
4.52235
4.41578
4.56661
1.03123
4.70221
4.43701
5.61299
4.42228
2.79058
2.63075
1.39036
4.45966
2.71313
1.45967
4.50079
4.41784
4.41475
1.30149
4.56571
4.60051
1.80338
6.93763
3.52608
4.42309
1.82852
3.58729
4.41499
4.36741
3.58603
3.513
3.43058
3.74173
3.77143
4.49403
2.54307
4.55868
4.5561
4.25125
3.69099
4.13497
1.82943
7.38121
4.51757
6.36117
4.50372
4.51697
4.06901
1.56811
4.48777
3.72321
4.35316
4.62208
4.10843
1.26915
4.48249
4.01684
6.76769
4.24588
3.51779
5.84501
2.5599
4.67758
4.62259
2.46401
1.87924
2.252
3.4696
5.37102
4.3884
4.54049
3.8488
2.84048
7.67427
1.07124
4.5877
4.04424
4.45173
4.36825
1.7925
4.42669
4.65753
3.72646
4.51112
2.64536
4.56122
7.25396
4.11317
3.59884
3.83278
7.60105
3.65652
1.48395
3.60375
4.11356
2.11233
3.85827
4.81812
1.83901
1.66261
4.38111
3.22675
4.26593
4.44238
4.5854
4.60522
1.56618
2.7063
1.81683
3.79275
4.73874
4.57963
4.54787
1.28892
4.8402
2.45472
7.04639
4.42768
3.62243
3.78487
4.39439
2.7326
4.71615
2.55624
3.96326
3.82597
1.18078
3.83924
4.52801
2.22049
4.66261
2.88778
1.49945
4.3972
2.60443
3.56415
4.1895
2.15428
4.33268
7.29522
4.51694
2.25361
4.54568
7.25525
4.33529
2.65569
3.67459
1.75995
4.49242
6.93812
2.97488
4.52991
1.59993
3.76972
4.28088
4.6084
3.57149
7.2941
4.42274
4.01784
4.57318
1.44807
2.0148
4.06513
5.53384
4.19624
4.83147
6.41245
2.0873
3.54556
1.83673
4.55526
4.10849
3.75544
3.52571
1.51433
1.68874
4.43208
4.57429
1.4466
5.30052
4.494
4.33306
4.596
3.48038
4.52398
8.20724
4.24027
5.11862
8.22725
5.63658
5.78611
4.60059
3.94359
4.53915
4.2626
6.45569
5.09103
8.40915
8.43326
4.32017
6.61059
3.53025
4.72556
2.22765
6.39868
7.41001
2.11754
4.62654
6.66695
4.94714
5.326
4.23518
4.39609
2.8302
1.98454
1.31393
7.19601
4.32368
4.56684
3.68886
4.49871
4.45048
4.55323
3.61713
4.64638
3.71099
6.2321
1.3355
3.50628
5.02679
4.87596
3.11994
4.67552
4.33447
1.50616
4.08542
4.10319
1.89951
4.4838
1.0314
8.07512
4.39397
4.18077
2.47418
4.48687
4.73153
3.94741
4.68434
4.61074
4.60313
4.46162
4.50184
1.419
4.71659
3.58723
1.07583
8.0035
7.03663
4.03071
4.4038
4.24419
4.44433
3.83901
1.48732
1.84611
4.22367
4.53802
6.24764
4.52365
3.4793
4.61252
4.27184
8.45058
7.66227
7.02076
7.59889
1.45458
3.09351
1.18714
3.46895
6.465
1.10215
2.85692
1.71596
3.9926
4.36209
4.59288
4.37933
2.25062
3.7379
4.46499
1.4138
3.94489
1.38283
4.56244
4.64113
3.8762
4.2571
3.47084
1.69391
3.75826
6.83116
4.61604
5.27564
4.20837
1.71691
1.08461
3.44569
2.602
0.724581
4.61143
4.07456
1.41186
4.75661
7.91831
4.6878
2.47577
6.79567
4.6118
7.2836
1.53683
4.83339
3.98314
1.46105
4.4271
4.56923
3.47349
4.41302
3.58053
2.4305
2.31683
4.65898
4.27676
4.5609
2.48765
1.3014
4.46166
1.85594
7.49584
4.4854
4.43905
4.38872
1.49181
7.39396
4.63344
2.54487
4.4957
6.66314
4.62504
4.48806
4.00834
1.73831
4.27366
4.54188
1.23265
3.81719
4.09617
4.55338
4.53733
2.37805
4.65477
3.86458
3.90084
4.5675
2.09678
4.75739
4.62974
1.63863
4.05255
6.42841
4.55225
3.11602
3.51103
4.62317
3.69266
4.45655
4.57156
7.68654
2.01113
2.50531
3.10689
4.20383
7.73975
4.54573
4.39112
4.30595
4.49614
4.84889
2.82874
4.397
1.39329
2.48956
4.5335
5.22332
4.15502
2.79954
3.48691
7.45847
1.31404
6.48665
6.65116
3.86251
1.40118
4.55483
1.34117
3.91069
3.88549
4.04449
3.89163
6.66984
4.4498
1.00736
4.62384
7.77134
3.85835
4.53626
1.10292
5.43198
5.98017
3.67756
3.6824
5.29997
5.30897
1.63759
4.62452
3.96757
4.94915
1.71237
1.81562
3.4716
4.57635
4.44967
4.82445
3.58106
3.76155
6.17638
3.67878
1.30176
3.92193
5.14895
4.54366
3.46018
3.90214
2.62419
3.9941
1.21219
1.74489
1.57247
4.58021
1.80236
1.79846
4.44737
4.18476
1.6959
7.12257
2.1032
4.55864
4.1793
1.23623
4.41875
6.95252
4.46972
3.84413
3.93313
4.54626
7.26204
4.40556
3.67816
4.49214
4.45463
2.79168
3.92712
4.55837
5.30892
1.90304
7.46256
5.61201
7.02303
4.61242
4.62031
4.4995
3.99563
6.17222
1.01107
6.30295
1.42966
4.73404
4.61429
3.55321
3.6781
3.88358
4.87637
1.69061
7.10075
3.7925
4.32708
1.38863
6.82843
1.71769
4.06005
1.13504
1.73923
4.61094
4.04037
4.4512
4.67159
4.64224
6.9556
3.90478
3.13132
6.74761
4.55139
4.58102
4.43871
3.70529
7.54249
1.38616
2.09557
5.8188
3.74511
4.70584
3.28961
2.52087
4.7163
5.99318
4.62401
4.83805
1.69147
3.14359
1.61822
7.90222
4.44808
4.67791
4.5357
6.66998
4.76351
4.69349
0.851269
1.74032
4.55407
5.91366
4.55532
4.45333
4.44863
5.97649
4.75654
1.28714
4.82467
2.24688
1.90346
4.51731
7.32875
7.52496
5.38417
4.45792
4.6253
3.75591
1.55608
4.44922
3.89077
4.62086
6.11555
2.473
4.35189
5.49754
4.08255
4.35925
8.04615
3.68219
4.58399
5.3786
4.5287
1.96239
6.83062
6.20415
4.62204
5.26062
3.99196
4.56395
4.58895
2.82091
2.78184
1.47733
3.34233
5.21943
3.57519
4.40587
4.45401
4.00997
7.57832
3.9016
4.55522
2.91694
2.19745
1.60793
6.64258
4.39577
1.51426
6.93575
2.75786
6.99897
1.31186
4.57898
4.55135
4.21958
4.40746
1.44965
4.75289
3.82768
4.54307
1.80726
3.68176
6.64749
3.53411
2.82053
4.52473
3.94316
4.04909
4.08562
7.13384
1.06726
4.42301
1.92704
6.95203
6.64368
4.40994
1.74158
3.89679
1.39561
4.5449
4.53042
4.55383
4.55953
6.06224
7.73734
1.45844
8.13531
2.76189
3.97817
1.1674
6.29499
5.76262
4.9551
3.60151
2.9808
2.87927
4.51922
3.49876
4.00167
1.4465
6.96458
3.9032
6.49579
1.20501
5.26878
4.44761
3.46729
0.703905
4.7732
4.41918
3.70668
3.83721
7.23323
6.52771
4.4048
4.53991
3.96047
6.71384
1.34629
1.26613
3.88819
4.50731
6.36071
4.58345
4.57158
2.71456
4.55414
1.16914
3.47764
1.36067
7.74098
1.97232
3.55854
4.54542
2.77129
5.32937
4.61777
4.10748
1.7624
4.41469
5.94204
4.23927
1.3788
1.55086
4.81352
2.14415
1.67518
3.44519
7.29862
4.54312
1.24456
4.03095
4.08668
5.33688
4.46118
4.1867
1.20643
1.46827
2.00475
4.80005
2.42215
1.66492
4.50568
4.28224
4.31982
4.94523
1.06226
3.8725
6.45481
4.22821
6.25741
1.56091
4.58823
5.58444
4.80535
4.43367
7.95029
7.26777
1.70531
4.5029
5.97858
3.96171
5.60049
4.53915
1.49146
4.66172
4.81713
5.41199
3.84395
4.7202
2.82559
4.71726
7.59128
5.8404
4.56045
1.11828
4.55586
4.54753
2.49607
4.44387
5.12087
5.40353
7.27558
2.46559
1.35962
4.53637
4.11547
4.65306
4.54723
1.63693
1.27411
1.65042
6.27399
6.39375
6.73637
3.48091
3.73085
3.84659
1.6424
4.54528
3.67888
1.82257
1.83756
1.25689
2.79374
4.53895
2.75652
1.52924
4.92287
1.48432
1.2248
5.6852
5.72228
3.98811
4.4261
3.74563
4.43682
4.703
3.96717
4.56404
4.59869
0.868144
3.56321
3.74897
3.81073
1.1134
4.57563
2.60159
4.42783
4.28039
3.58125
6.61604
4.53072
5.52152
4.37301
2.54842
2.06078
3.48183
4.5601
4.3954
1.40946
4.55819
3.98311
4.50777
5.01049
0.854423
1.2928
6.35893
3.59185
4.61538
5.09423
4.51227
4.57671
4.61901
3.51631
4.94467
6.48428
1.77222
1.36486
0.94183
4.6412
6.47491
4.09116
4.94875
1.72207
1.70106
3.57219
2.7882
5.85703
4.56325
7.78726
1.03582
3.71592
1.66659
7.6731
2.47756
3.88691
6.05926
3.88932
3.66868
4.54652
4.66373
5.76844
1.43176
3.86617
4.09745
6.45964
6.0089
3.79352
6.00651
7.57872
6.23955
6.48663
1.35616
4.49464
4.48375
5.55603
5.8591
1.44043
3.9537
5.88364
1.20948
4.87163
1.24351
3.96702
4.68867
1.8664
4.66257
2.39428
1.24931
1.99443
5.25465
2.40432
4.50912
3.64416
4.36593
1.12078
6.98989
3.92081
6.46541
1.77565
4.54899
3.48914
6.3323
1.65729
6.85375
4.33206
1.51892
4.62665
4.57407
2.91358
4.81093
4.79778
2.23387
4.55322
4.73577
4.60844
3.57194
4.18638
1.70492
1.13615
6.49145
1.07113
4.85526
4.57464
4.53064
5.48219
3.7772
4.46154
6.88563
4.14471
5.99761
1.60555
4.57602
4.52447
6.83958
3.50208
4.51733
1.74028
4.92966
6.10284
3.89353
1.932
4.77958
4.5801
1.04667
2.80928
1.74242
4.11396
4.41417
4.43882
4.62541
4.49557
2.67528
3.84464
4.46204
5.13224
3.53188
6.27239
3.71734
7.38512
6.14552
4.53403
4.68536
4.90055
4.1169
4.57309
2.52974
4.09358
1.06308
4.88805
1.33096
4.68504
1.6338
5.73239
4.55515
4.62195
5.14578
4.11624
4.51718
4.45928
4.55256
1.18923
7.0005
4.68504
4.11815
8.04718
8.01182
3.69347
7.24842
4.83565
0.769035
1.45654
5.21671
4.64833
6.27976
4.08723
6.87313
4.16927
1.00665
4.43934
4.25461
1.87693
5.75971
7.25106
7.09908
4.68683
6.01696
8.50004
1.263
2.50449
4.91177
4.63614
7.64653
1.88377
3.9818
1.51901
4.75141
3.72363
1.14673
1.40345
4.60458
4.56662
5.00494
2.52015
3.9691
1.51398
4.43586
3.66647
4.60404
4.60987
5.3275
5.15159
6.48187
1.33335
4.3778
3.81533
4.11822
7.55771
4.36909
7.14192
1.51013
4.45012
3.92502
4.63878
4.37775
2.5385
3.69815
2.55528
3.86139
1.71136
1.84735
1.23915
4.16427
3.06619
3.6654
3.8883
5.19151
4.30411
5.96783
4.45806
4.58637
4.20383
4.12486
4.27278
3.90096
4.654
4.35075
6.37884
3.57214
4.59167
3.92815
2.30628
2.16588
4.56443
2.8182
3.91266
4.55778
1.10171
2.81782
5.864
4.56145
3.34729
2.67835
4.03676
7.48105
4.52254
4.71889
3.98815
4.10445
7.07719
7.91884
5.5803
4.61201
6.562
3.8524
7.21547
4.64949
5.66191
3.91896
2.25327
4.65805
3.62053
2.08267
1.4485
3.90919
5.89269
1.46895
1.08047
1.37256
1.45164
4.55191
4.0774
4.1635
4.55071
5.03679
6.07125
3.79148
2.8573
4.61363
4.72886
4.99342
4.47629
4.91603
4.42772
7.15601
3.93523
5.17383
1.34487
5.14965
5.16965
4.63869
2.24754
4.51255
4.12271
5.96237
4.61391
3.81535
4.5475
1.52932
4.20752
1.26453
1.59852
4.87799
6.47484
3.63557
5.94849
4.57691
4.57827
6.8615
7.65706
4.04815
7.07688
4.5998
1.97306
4.14766
6.35815
1.09416
6.9055
4.28961
5.25656
1.45588
5.34433
4.01208
3.77224
1.70079
3.66796
5.93801
3.90348
7.21593
3.50314
4.8006
4.74272
5.83304
3.68908
1.29494
6.4255
4.75424
4.6417
4.90966
4.61652
5.12072
6.80223
6.45791
1.28863
4.57837
1.70747
4.8939
7.26616
4.64182
2.50187
1.21991
2.24898
4.7425
1.12764
3.47224
1.34115
4.27474
4.25704
1.3101
4.95516
3.84656
4.04908
4.7464
1.59421
2.81666
2.41375
3.67025
4.7087
4.30167
5.29234
5.26144
1.70525
6.70305
4.13991
4.3048
4.50534
1.62185
4.09464
3.78265
7.25617
3.79723
5.00117
4.77964
1.44626
5.12591
4.4006
2.09432
1.28658
4.8049
1.09996
5.16177
4.41298
4.41021
3.70177
5.52008
5.1982
1.73075
4.26626
4.29093
4.61608
4.96755
4.0883
5.6692
4.40698
2.53296
1.4317
1.884
5.13005
5.29271
3.7199
4.25218
3.94066
3.50698
7.41049
5.31306
2.76133
7.3254
1.97406
5.50594
4.04307
6.1458
1.36472
1.1844
3.87491
2.81401
3.79368
5.16218
1.15955
6.4963
6.54693
4.57041
4.50705
1.38386
6.66393
3.69681
6.09038
6.10571
3.38558
4.98758
6.63745
4.32275
1.27143
4.57278
4.74843
7.86544
0.990466
7.281
4.63445
4.91131
6.27638
6.55237
1.82827
1.67219
5.11071
4.58566
2.38781
7.35615
6.28235
4.34671
3.43267
8.38592
7.09306
4.58226
4.52042
4.61143
1.79574
4.4484
2.17341
4.64175
4.10883
1.07239
7.69444
6.65516
4.01298
1.24009
5.17578
4.71297
4.72868
4.91625
6.31305
6.63456
7.07702
1.77128
2.37117
6.46139
3.53371
6.01438
2.81311
5.59076
3.53212
1.3487
2.12289
1.64257
4.22155
2.71434
1.4704
2.54925
3.91628
7.62545
3.88217
2.06163
4.10583
4.22753
4.51341
3.96954
6.51344
4.35039
4.42825
4.26419
1.27798
1.72913
3.85579
1.38855
3.7826
4.16524
0.97122
6.52502
5.96305
3.96923
7.38898
1.22508
4.23317
2.11256
0.697853
4.93666
2.10557
1.04296
1.40753
3.30218
4.59305
1.42064
6.64101
1.14727
4.6368
5.55764
4.51241
5.7645
8.09434
4.50702
6.90416
4.77434
6.39311
2.52661
6.61089
4.57216
4.31324
4.30798
1.49557
4.11928
5.07305
1.62693
2.02206
4.50577
4.13221
4.52865
3.79826
3.90074
6.05161
2.81354
0.210712
1.01502
6.63393
4.64279
5.92208
4.5332
4.54213
2.8205
5.62734
7.81243
0.707754
1.22649
1.31262
1.33775
5.11433
6.00035
7.51356
3.33564
4.16214
7.09925
4.50181
4.80761
4.10278
3.67241
5.64806
4.55463
5.88517
4.63698
5.33137
3.67431
7.463
2.09312
6.55736
4.31997
4.44567
1.49997
4.62256
4.59172
1.46169
7.94861
4.63751
4.71433
1.43972
2.42315
2.54458
7.06241
3.51245
4.03135
7.36697
4.48169
4.56317
5.66161
7.05067
4.34902
5.969
7.86662
3.53061
1.34128
4.43974
8.13129
4.10045
5.94163
1.42129
1.18844
1.40867
6.15902
1.09679
3.95424
4.36573
1.33617
0.732315
4.46131
1.64674
4.90116
4.71177
2.23914
4.5218
4.98957
5.06017
5.11356
4.02408
1.83984
4.54325
1.75275
2.83552
7.60762
3.52478
1.26884
4.39463
2.03046
1.26192
4.58403
7.57293
6.20688
1.3056
3.73542
3.74873
4.33193
4.59262
1.79291
5.05922
3.6027
3.89115
4.05465
1.3192
1.42958
3.77287
1.31688
5.56026
4.64904
4.91139
3.83576
3.83199
1.1132
6.26956
4.81246
1.20997
2.07385
6.54333
3.57903
4.52818
4.09127
5.73222
4.42403
2.78649
4.99929
5.44049
4.52322
3.80853
4.57374
5.20203
6.93008
4.5867
4.04313
3.92666
7.1841
2.81185
6.10643
6.29985
1.04125
3.48194
4.31153
2.76573
6.90819
3.83515
4.64657
4.03513
4.61291
5.84934
5.01804
4.49909
4.51967
3.62995
5.15016
6.42274
0.581148
5.62702
4.82422
4.92412
1.29742
4.78331
4.02153
1.13993
5.6305
4.34368
2.0054
1.09569
6.25044
6.8186
4.57353
5.50986
5.1426
4.62966
4.86764
4.32569
3.92572
4.35428
3.66121
1.73059
1.78219
8.02387
3.63565
3.6534
4.33087
1.79547
1.21615
3.93093
4.64194
4.68934
4.81414
4.58068
2.06206
4.4747
6.45179
1.68974
3.69627
4.50798
7.10311
4.65571
6.811
2.71628
7.05457
1.35354
4.51556
4.82387
5.14612
7.37472
4.81557
3.84983
6.28886
4.61803
5.3542
4.3198
7.2867
6.55071
3.89288
4.51358
4.27367
2.43436
4.69306
4.71168
2.53415
5.60852
1.70059
3.75816
3.87101
2.4967
3.86782
4.18942
4.82231
5.0817
4.66873
4.83158
1.98057
6.8316
1.31045
4.3297
3.73188
2.47733
7.37127
5.83293
2.55029
4.26761
4.59824
2.08123
5.90936
3.63725
6.72054
4.82196
1.82968
4.08027
5.54854
7.55649
4.63092
1.37419
2.95296
4.42225
4.23474
4.39223
1.2423
3.75396
4.3647
5.09805
3.73719
1.29982
1.44896
4.2006
5.83163
5.11098
3.83052
3.91037
3.49261
5.66387
3.89592
5.11494
3.84485
6.16279
5.99554
2.5529
1.32628
4.96914
1.09351
7.23189
2.83407
2.3954
4.34444
6.72023
7.75884
1.85369
3.72601
1.26816
7.40426
3.82075
4.39055
5.92328
1.56281
7.59785
5.09845
4.35098
4.28983
4.55251
6.81249
4.65446
4.9506
4.27602
4.91684
1.22819
4.62514
4.81626
4.46136
3.94363
1.33412
3.51061
1.44583
5.06995
6.74308
4.11611
5.73736
5.99659
3.5063
4.2912
8.16004
2.54296
4.60294
4.14864
4.26158
6.32909
4.63518
6.38548
4.5228
1.51116
4.59835
1.67393
4.56538
5.90534
5.41306
6.32035
4.31073
4.60973
4.50639
5.39416
4.55368
4.22311
1.50661
1.42302
0.880075
7.441
3.83632
4.77214
4.53561
1.94277
3.66701
4.69517
3.84497
5.72491
4.55041
1.78475
3.85109
3.60762
6.63366
5.52258
3.47747
4.32886
4.52695
1.40087
1.62698
1.61282
5.38996
5.25715
2.05453
3.8245
2.55394
6.97433
1.10556
6.07764
4.13629
3.9583
4.51775
1.32063
4.2353
1.34736
5.23331
4.8301
4.09363
4.64701
5.9374
4.28718
6.49792
4.57355
4.67452
6.70876
4.60724
2.11829
5.6853
1.38533
1.35444
3.20962
3.73892
1.22037
4.12991
4.69149
1.24991
5.50798
3.17372
4.70664
4.52535
1.32529
4.54309
2.31578
4.91816
4.51888
4.58862
1.65181
3.91352
7.02303
1.29687
3.30321
4.11148
5.52828
2.81561
6.83579
4.5828
1.90473
6.53941
3.90986
4.45771
5.52455
2.84647
6.26718
1.65965
4.56291
2.24734
4.17479
5.88092
1.88628
1.52874
1.26292
4.61291
0.276746
0.258822
0.818176
4.88666
5.10713
3.97916
2.13624
3.67461
2.47428
2.8098
6.95739
4.03997
4.39808
4.70568
4.25487
4.20236
7.05198
4.49694
5.56159
4.99287
2.0351
0.872229
3.83989
5.41745
4.80907
4.59479
3.93146
1.3684
5.09589
4.87486
5.44518
7.49954
2.20176
5.53403
1.30571
4.57321
5.32268
1.17509
5.65704
1.80692
4.62522
1.98175
5.24995
1.00928
1.25869
1.72416
1.4345
4.53991
3.4622
6.90287
4.62558
8.06822
6.05326
1.82658
4.57189
7.27715
1.21539
4.0695
4.55573
4.99173
0.669986
2.84362
1.29241
5.2258
1.77353
4.92388
4.1392
4.25121
4.53309
1.56528
4.54153
1.43904
3.77234
6.77924
3.9951
6.05541
4.47431
3.22312
6.51606
5.1141
4.69553
1.50633
4.51487
4.43245
1.94276
8.0358
4.03613
1.95697
7.1136
4.51737
6.99612
2.77563
5.78109
5.58546
8.03118
2.53225
3.99768
3.91666
5.84865
7.17757
4.04307
5.63542
1.9286
2.83115
4.17088
4.83304
5.47398
4.50706
7.08914
5.1933
3.65071
5.36802
4.95435
6.54763
3.60981
4.17033
2.79233
3.67438
1.40839
4.82099
4.92246
4.24539
7.35071
4.34812
7.11998
3.70121
5.55361
4.86004
1.41652
1.28415
4.88695
4.79659
1.70505
6.19186
4.13967
2.66334
3.78866
5.20136
4.53384
5.92529
0.0593059
4.60764
4.14731
5.91026
4.69381
5.20968
2.80357
5.94927
1.12951
2.41764
1.3071
4.26272
4.57211
1.34439
5.80812
4.69513
5.95613
4.2836
5.07456
2.1462
1.81665
6.03258
4.62012
1.47929
4.67878
1.33439
4.95256
4.25577
6.05471
1.27237
2.85525
3.81268
5.42171
1.03684
5.04001
4.60613
4.69963
1.56338
6.501
5.28289
4.11879
5.53721
3.58745
4.97767
7.05341
4.24396
1.32573
1.81837
1.39944
5.12709
4.5956
7.36822
3.88601
5.38922
5.51019
2.80277
4.59489
6.4735
6.50731
4.32015
3.61514
3.86911
1.16745
4.97343
3.68743
3.55557
1.17666
5.96847
5.38054
4.30584
1.79469
3.81685
4.77998
4.04009
4.38618
6.32817
2.07376
4.50778
3.75667
5.70709
1.67196
4.59835
5.9509
4.44758
1.5973
5.05553
8.45851
4.23088
4.63849
1.36189
7.44868
6.085
4.55263
4.49846
4.97957
0.903415
6.76555
1.12201
1.92547
3.77952
3.81864
7.39084
4.6775
1.61501
4.45842
7.52954
1.63552
4.08771
4.53226
3.58451
1.91374
2.83641
1.08838
2.83457
1.63147
4.67539
4.57361
4.79181
4.39961
3.85765
4.61667
4.68041
5.0068
5.90106
5.43729
5.70323
2.77606
7.18013
1.84473
3.65857
5.50584
6.48887
4.4069
4.73368
4.37703
1.28841
1.15049
4.86196
8.03596
4.19815
5.78966
5.07223
1.69768
4.58631
4.47284
2.0868
1.27753
2.65902
3.88143
4.75398
4.52659
4.08889
3.93141
4.001
4.40595
1.12218
3.7887
1.48711
5.31272
7.91698
3.7598
6.31696
1.40694
3.89453
4.75835
3.57056
3.84822
4.53664
4.27861
4.6644
4.77705
1.78465
4.37842
7.97867
4.66409
4.75259
4.24275
4.50094
1.34233
4.54805
4.45566
4.54004
6.24881
3.74653
0.969671
3.84561
5.25267
4.46946
1.12701
7.6349
3.36203
1.51735
3.67774
4.84641
3.85322
5.481
2.96526
3.55685
1.67233
4.52259
3.83098
3.79098
1.33172
4.69892
0.934105
4.02794
7.84106
8.09643
1.61087
4.81982
2.29615
4.10093
1.33087
3.87811
4.26755
2.85964
4.55658
1.39378
5.27821
4.27722
7.54726
2.81703
0.769686
4.40648
4.53384
8.04378
2.64873
4.71357
5.35328
3.34501
2.10778
8.02574
2.58079
4.0862
5.19346
6.40791
4.65907
7.20658
1.86239
3.87476
5.12997
1.38227
5.17779
7.32852
1.37594
1.36747
4.52307
4.58758
1.11342
6.55723
4.45077
6.62601
4.06036
1.92314
1.93834
3.8941
4.57533
5.02233
4.02021
1.33811
5.06505
6.01883
1.95781
1.05698
5.98814
2.37849
1.99096
4.23962
3.66823
4.6396
4.57497
4.50227
2.5052
4.07358
3.58359
5.18451
4.98131
5.80051
4.62847
1.3913
5.78163
1.39305
2.81094
4.91168
5.86035
3.64679
4.42227
7.93457
3.53981
3.84049
4.22101
1.26419
4.07744
3.8037
6.91265
0.813841
6.59779
4.47982
4.62067
4.33016
1.183
4.36092
6.44412
1.98366
4.57497
4.44252
4.31049
2.0644
4.6879
7.19976
3.91511
3.53473
2.66193
3.90571
3.96747
1.30007
4.13961
3.53385
4.04763
4.45218
4.82871
4.55906
6.43636
4.28881
7.13381
1.03798
3.97948
5.70624
5.12254
6.82696
2.52499
4.07628
4.48454
4.23579
1.18179
1.73947
1.11425
4.52444
6.65764
4.85394
5.10376
6.25092
3.85533
4.95062
4.9901
3.97601
2.53966
1.96003
3.96404
2.80065
4.49835
2.4889
7.37829
5.97324
4.55293
1.10892
1.4116
4.36934
4.49171
4.03126
4.84509
6.00776
4.25524
1.13645
4.64017
1.22436
7.85358
6.81228
7.66311
7.77611
4.83309
2.57521
4.51353
3.76617
4.61344
4.46571
1.56972
3.62254
5.57492
2.51351
5.12907
2.77125
1.46177
3.87205
1.11528
4.6182
7.15606
4.55601
7.35086
4.47493
4.22575
5.13042
6.70271
1.58916
6.50792
5.12536
3.86799
3.766
7.76914
4.56565
3.50944
3.90706
4.60254
4.41991
4.48084
4.45326
4.45144
7.88668
3.49194
2.79888
4.0623
6.80984
5.09491
0.997016
7.97178
6.5679
1.67894
5.82605
4.69492
3.77011
4.00213
3.90882
6.06862
3.71568
3.54101
4.54832
1.39017
1.06526
4.98058
4.37526
1.2794
5.14563
5.11803
1.02898
6.52554
4.52646
3.90981
1.08199
4.32219
2.85693
2.86942
4.54554
2.65836
6.45194
3.6675
1.79738
4.42537
4.55256
5.40912
4.45842
4.67844
0.908692
5.14105
3.88597
4.45347
4.44864
3.67483
4.51268
6.85586
1.56928
6.07856
4.0703
4.93036
5.71531
4.29881
4.49054
4.27149
5.23451
4.708
2.14244
4.3607
6.90511
5.57174
7.07969
1.25021
1.99717
3.64363
4.97562
5.26772
5.22311
4.39396
4.65958
3.47229
6.09153
1.21456
4.28648
3.60864
3.50857
6.96509
1.38044
5.89735
4.77085
1.78611
4.70763
4.17506
1.69776
4.75551
4.34826
4.31302
4.38793
1.50278
4.3563
4.65229
3.77968
7.19654
4.38068
3.76184
5.76445
7.38645
3.98084
3.8035
2.6662
4.67139
4.2526
1.97777
4.63131
2.83224
4.66722
4.50951
2.51293
4.53536
1.35218
3.65151
4.58809
4.78338
1.18006
5.15849
4.55706
3.74723
6.34288
1.26753
0.910151
6.68277
4.38685
4.34853
2.68834
7.73314
4.8712
7.05647
7.08387
1.14622
2.22377
0.0389779
1.35908
3.70119
1.0933
4.0301
4.45891
3.72535
4.59467
4.21352
1.91768
3.58366
4.07892
3.76317
4.50221
4.81775
6.59166
4.07366
5.95632
2.01225
4.04316
3.47164
4.53235
4.2624
4.64372
4.53669
4.08728
1.37059
2.43509
1.71323
4.3438
6.05409
4.47898
1.54345
4.49673
1.35368
4.33148
5.56709
4.58077
1.07285
2.62431
7.05429
4.16658
4.6007
4.68952
5.27671
8.05607
1.02048
4.30707
6.38848
3.45715
4.5935
7.42701
3.4853
3.85077
1.22521
2.66932
4.06528
1.57175
1.8712
4.58157
2.47294
3.51474
3.86843
4.59314
4.54216
4.27792
6.35422
2.49715
3.50715
3.93946
4.57603
4.03534
8.0315
3.73694
1.78169
5.62406
5.05545
4.564
4.60979
7.09756
4.55974
6.81027
5.46065
1.09143
1.05254
3.66598
3.55416
2.78804
3.72226
4.43343
8.02255
4.13421
3.76689
3.72618
4.58814
2.41423
3.56804
1.46858
1.2603
4.31453
3.59122
4.58651
7.53591
1.71713
4.69472
1.3007
7.91521
1.35629
5.23262
4.6936
3.76687
7.16913
2.28656
7.55568
4.87076
7.57303
3.87108
8.31096
6.2875
4.04299
1.06485
5.52094
5.6997
3.62146
4.43677
6.41535
1.23291
4.01222
7.6635
6.3793
4.33993
3.73163
4.69618
0.861552
1.55564
4.62184
4.29649
5.79262
4.85987
1.58668
1.09177
1.04371
4.56
1.27393
4.15446
1.32776
1.33719
8.68291
4.50958
3.61625
2.15489
4.41194
5.55509
4.65632
1.56733
4.50367
1.3463
5.75146
3.60464
4.76555
4.32885
1.26156
1.38969
2.11931
7.26945
1.85787
6.46032
1.40049
4.81752
2.89844
4.41172
4.51015
3.86583
3.65284
3.77415
5.49954
3.8598
3.64774
4.34517
1.32794
2.15073
1.31438
3.7147
4.46644
2.81488
4.30312
5.40432
7.85292
2.03721
4.29758
3.95352
2.52681
4.61004
8.04244
1.43011
4.31843
3.76962
2.01736
3.82852
4.15309
3.90369
3.95713
3.93532
4.33032
4.41503
4.57449
5.77906
5.05993
4.40242
1.99957
5.31802
4.525
4.94849
1.06071
2.8375
3.61264
3.8371
2.16973
1.86705
5.52006
3.59172
7.21791
1.60707
1.87113
4.50111
3.78674
7.1079
1.20096
6.78302
1.66543
4.4931
2.48538
2.77945
3.83903
5.09544
4.55098
4.11529
4.48494
4.60511
4.40847
3.64947
7.32083
4.27301
3.53365
4.55251
2.51605
3.5676
8.07059
7.40403
3.458
1.89331
4.0704
8.3992
1.85763
4.26618
2.20875
2.1453
4.81844
3.94767
1.31474
1.42355
4.41572
2.41129
4.42585
4.53823
1.5504
4.16109
4.53137
7.24489
6.71458
4.5752
4.2986
3.67333
3.27826
4.48804
3.88428
1.85216
4.8718
3.82933
3.80402
5.74808
2.77704
5.20204
3.45144
1.37048
8.01822
1.36762
3.90186
3.4996
4.70376
3.55616
4.12617
2.18126
4.61485
5.16499
4.32584
1.48045
1.24262
3.80189
5.30568
6.71489
1.29161
7.67739
2.12632
4.32856
6.73617
4.5744
6.02014
3.59667
4.58525
2.65993
0.933396
3.5058
4.51873
4.30659
2.0779
6.59558
1.25027
4.99815
4.5688
4.57354
5.35378
4.34767
4.32327
6.31647
3.83939
2.03104
1.04473
5.22407
4.26843
2.8133
0.774345
4.67591
4.05079
4.64377
1.05669
1.76882
1.47481
6.30042
3.73443
1.24601
4.69787
3.69767
1.19271
4.63707
4.35932
1.29616
1.17062
3.57978
6.88986
4.39016
1.43992
5.94172
0.5832
2.80997
7.56845
3.68619
3.61458
5.16453
2.82336
2.03075
3.86808
4.38659
4.58262
3.78291
4.06965
5.23593
5.80569
4.81521
2.45069
4.7355
6.70647
4.07459
2.05751
7.9066
1.09118
3.90183
5.5854
3.5879
3.87705
1.66475
3.08524
7.28656
4.30642
2.14588
4.62557
6.3265
7.95524
1.25575
5.95826
4.32313
4.24927
2.63621
3.97486
0.293573
3.65283
4.53534
1.78127
8.02977
1.19392
1.01177
3.11747
4.55935
4.85967
3.60591
6.57209
2.65573
3.76052
2.42484
5.98889
3.81346
5.28234
7.46006
3.92263
6.86985
1.72314
4.70273
1.34417
6.34149
4.74907
6.53377
5.24529
5.19043
6.73705
6.35206
4.2988
1.19498
2.76623
4.01402
3.81842
0.843049
5.41507
4.5507
3.76201
2.03743
3.92469
4.79565
1.98258
1.6073
7.27795
6.81051
6.09579
1.30382
1.27628
1.42896
1.40856
3.95473
1.02324
8.13482
2.10624
5.01997
3.94818
4.63741
3.58708
1.98629
3.95782
4.75894
4.5619
4.57656
4.02869
5.97649
7.59769
8.37624
3.49621
5.10174
4.05881
6.71359
1.78945
3.47081
7.81597
5.06282
2.42688
4.539
4.58199
4.42248
4.22338
0.948062
1.02244
5.96363
4.48823
6.05548
7.97427
4.52309
1.12646
7.77585
3.24187
2.26779
4.55696
3.88305
3.6589
4.22032
2.59283
6.51197
2.0963
7.38587
4.58933
1.31061
3.77361
7.28995
3.87103
8.1243
3.29145
7.36396
4.24148
2.6836
2.86304
0.841784
1.24967
1.22779
2.40685
1.60126
4.0594
1.3771
1.12448
3.86339
0.361013
3.9634
2.08989
6.88492
4.77794
4.60911
4.41733
6.83044
5.06157
7.23455
4.96589
3.51399
3.97043
2.56551
4.85256
2.11164
2.55775
4.47762
4.25102
6.5809
3.82826
4.68767
4.51658
0.889044
4.59486
4.60632
1.56168
1.31026
4.51775
2.00139
1.53691
7.29356
2.60026
4.56652
4.45454
2.82206
4.32543
3.49758
4.0598
6.40931
4.62647
1.11968
5.22094
7.24385
1.80494
1.32107
1.99498
3.85583
1.40764
1.27251
4.6425
1.34718
1.34918
4.67562
4.81844
6.02483
4.41767
2.81174
1.24289
1.35017
4.13478
1.26662
6.35935
3.26198
4.89555
2.44144
2.40396
4.09052
3.62628
6.56278
3.82356
4.50668
7.17386
2.19139
2.45186
4.35548
7.05261
3.75513
4.46723
4.44495
7.08229
6.56655
3.90505
7.39751
4.80586
4.43358
3.73287
6.30247
4.72508
3.90721
3.69986
3.93463
6.83614
2.09182
8.49837
8.01315
1.97026
4.3956
2.41983
2.80742
6.42995
1.30136
2.77228
4.12465
4.54651
3.61873
5.9972
4.51036
4.93806
3.80901
6.66443
4.48068
5.60667
6.30816
3.58217
0.624742
1.70744
3.6139
1.09047
3.79757
0.955655
6.58755
1.70714
4.86478
4.26931
4.31543
2.43975
7.94375
3.88695
7.09158
1.06523
5.9298
2.12959
6.608
1.10665
3.45847
7.76203
4.86718
2.41684
1.88189
1.57992
6.61979
6.52333
3.60973
8.08103
1.25087
3.98589
3.61399
1.98665
5.04466
1.68449
2.9609
6.04889
1.23838
3.7526
3.92515
2.80071
6.56692
3.85801
3.87539
4.28396
4.9795
4.03499
1.21928
0.751101
4.4672
3.80712
1.51627
7.35115
6.59154
1.71697
1.2898
3.76167
1.46926
4.57577
1.7325
7.16231
1.22824
4.43423
3.89645
5.45177
6.12136
6.49884
3.99502
1.36794
3.7938
4.58061
6.5876
4.93012
3.99138
3.73021
3.96208
3.5587
3.86679
1.0483
3.68926
1.56055
4.56174
4.16932
3.97121
0.748208
4.6063
3.85776
3.89304
4.09518
3.92985
4.62461
2.46666
3.6968
3.51418
4.05542
1.29783
4.70233
6.15924
6.63918
1.25055
4.30942
3.91812
6.60945
3.82023
2.30699
7.69677
0.998484
4.61321
8.1749
1.14831
4.12817
6.20895
6.48582
4.0152
3.8692
1.31089
1.75452
5.00692
6.88558
3.85347
1.90522
3.45912
1.71787
2.47968
2.18299
1.26548
7.84403
4.8099
2.81343
3.65405
4.52581
4.08231
2.60458
7.75087
3.96971
1.08236
3.73853
3.68251
1.29993
4.78268
4.22704
0.99232
5.73744
2.81277
3.91755
3.5751
4.64753
1.27438
7.45047
3.76053
1.2171
1.14784
4.46871
4.54982
5.00675
1.76134
2.76384
4.97582
4.41991
2.55591
6.47352
4.53161
2.40099
6.36058
1.33429
1.3505
5.27527
2.91982
4.57865
7.38055
6.27801
4.09864
1.2805
1.77759
1.27585
4.7543
0.866412
1.45675
4.6528
4.39575
1.49813
3.4693
2.82512
6.35299
0.886013
4.26462
3.69267
4.57285
1.92754
4.07985
6.84361
5.76882
0.9538
1.22278
1.02194
4.57336
7.2412
3.6065
0.607209
0.805141
0.771302
4.45128
2.5126
7.06391
3.64401
2.12814
4.77776
5.24067
6.95401
5.23235
1.21982
1.32376
4.3995
3.89974
4.50714
4.29184
4.69401
4.29172
4.66125
4.08998
0.923189
1.93272
7.49883
1.21968
5.22825
0.977426
7.02205
4.9428
7.40354
3.75703
1.42462
1.22331
5.93431
1.32509
1.14704
2.01638
1.21972
7.01611
3.96026
1.80175
7.84531
1.6456
6.40369
5.68457
4.34605
4.30361
7.74034
5.71343
2.17879
1.92545
4.09643
1.96557
7.03984
7.86945
1.52776
1.25154
6.11408
7.82323
8.01032
3.82216
7.00701
4.80143
4.13748
1.52891
3.56047
4.78337
4.55924
3.99835
6.86986
3.83386
3.62825
4.55247
7.14637
2.86176
2.85502
3.95589
7.7814
1.25241
4.87041
2.65893
1.05094
1.78853
7.65645
7.99325
2.43597
1.69524
3.76489
2.69803
1.18976
2.70624
7.62482
3.50565
1.01751
1.87518
2.82067
2.82496
4.12272
4.90515
3.78438
1.04364
1.97236
4.0716
1.8639
4.02779
3.78756
1.25178
2.09953
0.336152
2.39631
3.76648
3.92865
6.89056
3.52238
4.37216
7.41025
5.29405
7.46692
3.45951
5.12215
4.3995
2.47015
4.72979
5.46906
2.61516
6.58183
4.5367
4.4293
3.62359
1.27903
4.49731
4.62763
7.53812
3.17482
7.39321
4.3173
3.49599
3.46662
4.00002
4.16332
1.77496
3.84746
2.81531
3.90059
1.43284
1.2593
1.26139
3.75263
5.86347
4.43594
2.27646
4.50791
2.72803
4.03385
4.20706
2.81367
6.74829
7.31291
4.65114
5.37858
4.28025
7.45175
3.79715
1.71874
3.90475
4.56032
1.62711
4.67279
4.58405
6.34548
4.5343
8.05914
2.44652
4.51779
4.44583
7.16459
1.11257
3.93247
5.48044
1.59976
5.07465
4.93385
1.19154
5.44282
2.1163
3.8683
5.3188
2.55921
4.08152
5.48378
2.07081
1.19444
4.57064
1.28166
3.90634
3.7886
6.32396
6.51964
6.56675
4.43993
5.30003
7.03589
6.23912
2.82432
1.14706
1.38981
4.67114
2.7806
3.47076
2.56427
7.08704
1.33781
2.67046
1.17043
5.79148
1.63065
6.05771
4.03285
0.847794
5.49109
7.87244
2.7992
1.79194
4.56197
2.81539
3.64983
4.01723
7.33551
0.927091
3.69255
7.19687
3.87942
5.56542
4.56779
7.31451
4.58906
6.84765
3.76675
0.801374
8.28935
0.972806
3.78687
1.16415
2.81859
7.51516
4.5172
3.59301
4.3032
4.59589
1.10472
5.96536
4.39997
7.77924
7.82864
5.29685
0.974648
3.7021
1.13848
1.11218
4.56681
4.27391
4.24797
3.49715
1.7191
3.94887
4.04437
0.126762
4.55001
5.96075
5.01026
2.99394
2.96652
1.63317
1.54634
3.70315
1.60051
1.79464
7.74175
4.21726
2.68877
4.43673
4.57373
4.54662
5.12329
3.79791
6.05258
1.43675
1.50721
6.73869
3.32387
3.60169
3.65124
6.67727
3.76756
1.97613
1.63814
2.40691
5.98503
5.39603
4.44902
1.06948
6.89972
4.29308
4.64799
1.91908
4.29241
6.85062
3.7696
4.9647
1.04102
4.84857
4.46217
1.5773
5.71717
7.34667
4.3179
4.20884
0.818413
4.86909
4.62975
7.43877
1.58597
1.47154
3.83447
6.41221
1.16537
4.5711
1.22701
4.79791
1.35173
4.89583
4.7098
1.24815
6.7103
3.77998
4.61528
4.49475
3.68229
4.82902
1.43719
1.30581
6.75734
1.40422
3.62229
7.38409
1.30462
2.0033
1.97936
4.96716
2.07618
4.38589
4.57815
7.82459
4.69021
7.48638
1.22673
2.79228
4.63325
6.39507
1.48721
2.07632
5.28973
2.3777
4.29415
7.57342
4.41504
2.67655
6.5723
4.90787
4.30166
3.80649
3.68784
2.08934
4.41476
3.98177
4.38249
2.8559
1.56682
7.45932
7.29471
1.2405
1.36553
2.87482
5.23042
6.55369
7.47688
4.59451
4.31372
6.94517
3.51545
1.03334
5.20268
3.77701
3.87758
6.80389
1.25443
6.08434
5.56428
4.03032
7.78489
4.47887
1.47142
4.35211
4.09002
2.06741
1.73095
4.47234
1.2446
7.06858
4.50525
4.93122
4.57519
2.6454
2.00495
6.63882
4.28399
4.8863
0.820713
4.47213
3.52411
6.72559
3.86279
1.7412
7.32592
7.7937
4.79499
1.05494
4.69556
4.51554
4.41471
1.24066
8.16272
4.09306
3.95546
1.80043
4.63789
1.50966
4.56346
6.01812
4.72827
2.59866
1.30687
2.21173
4.51078
7.12399
8.35869
2.68269
4.35417
4.04208
1.44072
5.6448
4.56296
5.46629
5.10476
8.03294
4.5736
4.37403
6.91217
4.07018
5.96702
5.96834
3.84286
6.71344
4.1116
1.39533
4.35083
5.84891
3.77026
3.97705
4.015
4.31584
1.0834
1.11266
7.2684
2.82008
3.70317
4.3689
6.01265
4.05538
1.02227
1.06026
1.2405
4.5757
4.80639
3.62926
6.66825
6.26845
3.84115
7.06419
4.61673
1.17557
7.99905
3.8675
3.87338
0.935786
0.143607
2.53599
4.7047
3.71711
4.34194
6.47235
5.1883
1.43514
2.00154
3.84311
7.96173
8.0535
6.82687
4.60323
6.66619
4.54239
2.72385
2.26669
4.60104
4.21857
3.98958
2.42285
8.52601
1.88412
7.06464
4.31568
4.5699
1.22265
4.58946
7.60802
1.97119
1.67459
1.52273
4.95052
6.04053
3.60234
7.01398
0.64255
1.12272
4.57657
1.36212
3.90272
4.54113
1.02921
4.46639
4.62394
0.935997
1.2176
1.06707
1.01398
2.26266
3.61484
6.93778
6.33909
1.32463
3.94924
7.17514
7.38072
4.51556
4.77374
4.21754
4.57006
4.58426
4.61641
2.4579
5.15917
6.53328
7.72008
1.68658
1.4117
3.98616
6.61872
1.10248
7.79741
6.21676
6.8657
2.43787
3.7112
2.08972
1.41387
4.84635
0.596879
6.61961
2.46425
5.17754
4.24721
6.76526
4.02808
4.85895
4.11345
7.01784
8.34444
4.80111
3.79164
3.95356
1.23842
4.86454
4.60242
4.68206
8.07266
7.3317
1.52126
5.64383
4.74941
7.9704
3.84777
1.2151
4.4757
2.48515
4.62576
4.44462
3.83065
1.51882
2.79285
5.75012
4.37867
4.86305
4.68577
1.21773
4.46699
4.55184
3.78105
7.90187
3.72441
7.02585
0.60046
2.61309
8.05091
1.68383
1.25215
5.99953
1.21472
4.21422
7.53971
0.610791
4.91694
0.794998
7.28189
4.10898
3.81731
1.00755
5.16188
7.67105
3.77771
6.65626
7.0839
4.61446
1.00171
4.8837
2.14775
3.98776
4.82966
3.89431
1.29722
4.57498
8.29108
1.06992
3.99762
3.69027
1.13868
1.24716
6.85476
5.0892
4.41629
7.01491
1.04029
6.02816
1.21257
3.49296
1.89664
1.91102
1.94788
1.17233
2.84322
3.64501
1.78842
3.76846
1.07319
6.68679
2.11733
5.36605
7.203
7.02728
5.29215
5.08081
3.6857
4.44421
6.63965
6.1739
6.55707
4.12456
3.89638
4.86751
8.14667
4.65556
1.30851
6.90737
6.35738
2.06643
6.26306
4.58185
7.31621
4.77039
6.90927
3.78168
2.01795
1.22666
2.52336
3.53585
4.32477
0.511725
4.7933
1.30032
1.22884
7.04034
7.34974
6.82175
5.22786
4.95062
4.65187
1.41082
3.92576
3.96137
5.574
0.593936
7.59393
4.95099
4.58766
1.03139
5.43957
4.61601
0.98345
8.11051
1.50899
0.899101
2.18059
2.74667
4.41619
1.19758
1.10982
4.44503
3.96497
6.96434
4.96862
3.6835
3.28143
2.20237
5.53777
6.98979
4.83387
5.89715
3.75007
4.96066
7.84369
4.58859
3.55432
4.736
1.24232
7.48185
4.8458
1.09345
5.26537
2.81755
1.52065
4.70409
4.46686
1.26147
2.52156
1.9997
4.76173
4.06613
8.31568
4.2324
2.44991
3.54718
1.72795
6.50913
4.84745
1.31134
3.39052
1.57698
7.66605
5.09743
1.15687
7.04153
4.82388
1.28643
7.43704
4.56238
0.888991
7.98432
4.44802
1.2632
4.49563
4.44862
3.91796
1.13257
5.02975
1.88984
3.78109
6.93768
0.824054
0.98608
4.26324
4.69914
3.89606
8.07387
6.77434
4.05136
7.79709
7.5055
6.10646
3.46519
6.3348
6.76019
4.09058
6.86608
5.42472
4.50304
4.63807
1.11592
1.98712
3.95684
4.29545
6.67333
4.61616
1.86038
1.16925
0.985976
3.94142
4.5244
4.62189
4.56872
6.89612
4.62188
3.65406
1.72
1.70934
3.51551
0.621637
4.46851
3.92769
3.78893
3.88701
4.66883
3.82819
6.64714
3.80807
4.62761
0.328863
3.7991
3.89299
7.91629
4.44784
3.63981
1.27523
6.49462
7.08583
1.1896
1.0267
6.78191
2.5891
0.996901
1.12582
3.55763
4.04595
4.45343
3.74333
4.32903
4.24828
3.90947
2.19786
0.95796
3.65312
4.0498
1.03626
1.2769
1.36991
3.82914
3.93928
3.88407
4.86655
4.23852
4.60128
6.89118
4.26812
1.0461
3.69855
1.35385
3.84831
1.43107
4.41986
3.91872
4.98546
1.30384
4.32178
3.9872
6.27532
4.53456
1.21063
4.449
7.91708
0.941198
7.58772
3.8115
4.61438
3.75644
4.89768
5.0489
5.03096
4.97741
1.37631
6.90845
4.11955
6.09437
1.1665
4.37994
7.31051
3.78108
4.99235
7.61903
6.98888
1.41838
7.63394
6.42734
1.05579
3.59442
6.31084
4.33555
2.24957
1.46376
0.991847
3.99801
1.75489
3.83849
4.36678
1.035
1.25224
7.4413
4.67413
3.63979
6.43812
3.47437
7.46151
4.96224
3.70188
6.41714
1.7327
1.55432
5.77818
4.3794
3.78654
7.08924
3.52549
1.37265
3.59975
4.52001
3.66232
4.66255
5.1235
1.67669
4.43651
6.28811
8.13035
5.23807
0.952788
4.14934
4.40983
7.37335
6.10532
8.4107
4.66095
0.833417
4.24479
1.29083
2.06759
1.87617
2.66366
7.3458
4.95508
4.53062
1.249
6.5914
4.75526
1.49883
7.01179
1.33118
3.90394
4.92333
3.95357
7.27037
4.0255
3.93341
0.980948
1.64797
7.29536
5.26829
4.43633
4.65703
7.66195
3.12555
6.38779
3.8802
4.34826
4.62636
4.53035
4.11492
5.92167
6.44905
0.608443
4.73596
1.26778
7.81901
3.55314
7.75712
4.49241
1.36411
7.94876
4.58656
0.40063
4.90873
4.52135
0.404314
3.59681
5.68512
1.9169
4.38273
3.45581
7.55164
6.57164
0.259582
5.54835
3.62412
5.14958
3.6869
3.82337
6.86317
4.63216
3.9095
3.36925
1.20301
4.42862
3.64723
1.18037
3.82657
4.28951
3.80649
7.00613
1.26275
4.67331
1.11199
6.33767
5.15142
4.61974
0.929671
3.97044
4.12094
3.67106
2.51266
2.99943
6.58681
5.85398
1.62454
5.3635
4.6859
6.34353
3.74193
3.57989
3.87151
4.06627
0.643558
7.01189
4.07521
1.83204
4.6249
3.85355
2.41163
4.66972
8.00514
3.68784
4.43049
5.14789
5.32988
4.55883
1.20335
0.733614
1.05251
5.19121
6.03886
5.25259
3.87753
3.48032
5.36077
3.74669
4.65174
4.32483
1.16339
2.75635
5.285
7.46801
4.28958
2.77614
2.56306
7.08547
6.00074
7.08832
1.21237
8.01244
3.8829
1.41258
3.45583
4.01763
4.80392
4.0276
4.21605
4.53887
7.05248
5.81128
4.48572
0.382115
5.1275
7.59931
4.44937
4.02927
1.20122
1.49773
4.7144
1.95571
7.64871
5.0615
3.55479
4.68375
7.5739
7.27938
4.53894
0.42598
3.69309
4.57504
3.50333
4.90191
5.26029
3.56025
2.06797
5.15104
4.68047
7.41173
1.37516
5.99796
0.972544
2.43335
2.77375
2.33096
4.76394
1.39744
1.26013
1.0252
4.62262
5.7873
7.2864
4.41147
4.35745
3.84157
4.89635
1.06159
5.31926
1.33962
3.99275
0.767698
3.67675
7.98596
1.32788
3.95566
5.88671
3.70527
4.79098
4.08872
4.57147
7.33074
3.71753
4.5775
2.25875
5.47963
1.31763
4.64659
2.68287
4.6157
4.59719
5.64167
1.99581
4.31861
3.79551
7.07398
5.29673
0.036472
4.71622
6.01406
3.88951
7.87289
6.35895
4.05373
5.42987
2.01915
5.29641
5.43245
4.93
1.19407
4.3331
7.84148
4.03901
1.04311
3.56744
3.00637
5.33312
4.5215
7.32262
5.75255
4.61845
6.68049
5.23159
4.51326
1.195
3.71948
5.99163
4.59385
7.4213
1.90589
4.16092
7.02118
2.36662
2.6518
3.03562
4.49078
3.5809
4.22798
4.31742
4.02611
1.20149
5.89844
4.49493
4.49591
4.91852
4.81367
7.08813
4.38718
7.87712
4.48216
3.44844
4.75753
1.00468
6.54511
2.85252
1.17725
3.90024
4.57635
1.77935
6.86629
1.04609
5.15564
5.06243
1.10533
4.10297
4.537
3.9931
3.85345
7.36873
0.572362
5.97924
3.76412
4.31693
6.54088
4.23494
1.94935
5.84349
4.92548
7.84598
5.14699
3.56801
5.47254
3.80988
1.1272
1.21711
4.48163
5.09482
1.87025
7.49403
3.85756
1.26748
7.97614
2.58389
7.16709
1.07559
6.98795
2.79111
4.02192
4.11282
6.61447
3.97551
4.52527
3.8456
3.87442
4.58748
0.904159
6.13749
1.66335
6.60453
7.30381
6.30492
3.59557
3.34563
4.32337
4.37291
5.52262
1.61137
4.46797
1.05801
4.36628
4.15068
2.55284
1.26826
1.75947
4.02013
3.75404
0.702245
1.20694
4.29789
4.70802
5.69843
2.5109
4.52449
4.78631
1.97422
4.60637
4.33559
2.85819
1.53163
4.88114
5.5248
5.33813
5.58986
4.47603
4.43565
3.92533
4.77056
6.55326
4.11713
3.59083
3.93382
1.24063
4.68914
4.60596
4.36389
6.54777
2.8202
4.45936
4.48371
1.58092
4.95588
4.49575
2.81647
4.73509
8.16833
4.53123
2.81454
1.0622
1.26055
3.47142
4.62093
7.84862
6.7124
5.16813
5.97256
6.39693
4.23592
2.85747
1.93652
5.03187
4.05454
4.98407
3.58076
7.0322
0.946278
3.69397
1.24749
4.62482
2.16417
4.67802
4.01223
2.85181
2.59807
3.91917
2.07259
2.09588
8.96846
5.55112
2.40124
6.52964
4.22208
5.12514
4.94114
1.3203
5.35589
1.08452
7.43138
4.45437
4.51037
0.915681
1.30945
8.11085
1.86894
4.65319
2.8161
1.61119
7.93362
7.05314
6.68058
3.21061
7.41508
4.0149
6.26795
3.73725
1.5351
7.16403
3.49147
5.61101
0.817679
5.11501
7.32975
6.92337
4.83536
1.15084
5.74725
1.46363
5.03522
1.57874
1.23205
3.98791
8.0077
4.12
4.36541
5.39499
4.06605
1.32683
1.8741
5.85434
4.60684
1.63515
3.7462
4.60468
3.93954
1.05856
5.8234
6.58768
0.812324
2.82452
1.08051
1.21249
1.31244
8.05169
0.893766
2.36186
1.81171
4.88167
4.54853
7.04751
4.72731
2.83064
2.83898
1.20195
0.954979
2.58844
4.4649
3.69771
6.85974
1.96916
2.25548
7.05691
4.79984
4.92388
7.13565
6.85649
1.08795
6.69373
1.00906
4.30709
7.04331
7.61738
2.05033
7.61347
1.89902
4.50128
0.858671
3.14644
4.53918
5.09783
4.46222
4.72645
2.10912
1.42215
0.970514
4.90039
3.48548
0.960337
3.73059
2.35898
4.55659
3.59956
4.01787
1.21695
4.34655
1.64372
1.41455
3.31686
3.67392
6.25213
0.884753
4.57469
3.53272
3.61047
4.62701
4.82558
4.03081
4.04255
4.85233
3.76648
3.79571
6.89232
6.56637
5.14075
7.21447
8.06481
2.82085
3.76125
4.48253
6.37489
5.7529
1.99568
6.19636
4.83769
1.13677
1.00059
6.66174
6.28067
1.13594
3.90796
1.17532
5.79451
1.34705
4.34244
4.54455
1.08478
0.656589
7.24479
7.34656
1.52522
3.99095
6.55493
1.83972
4.10103
8.16031
3.29595
3.54882
4.37544
4.60221
4.04067
3.041
1.90965
1.84739
7.9464
1.02332
4.13174
4.09286
1.5441
4.11846
7.82648
3.68655
4.4689
1.77915
4.85438
4.50018
4.51849
2.43675
2.89799
2.79759
2.88338
2.87994
5.27328
3.77946
6.93162
4.67895
6.83084
3.64159
0.824542
1.94534
7.29678
4.96875
3.80906
6.91021
1.09936
3.93857
6.64307
1.99588
4.26956
4.47308
7.39241
4.87161
4.46235
4.56661
4.42843
3.90311
2.39734
4.48361
2.01547
3.5091
4.12472
3.95483
4.57556
4.54716
1.09603
4.5386
4.5462
7.24662
2.83761
2.18368
0.667575
2.1237
3.9516
3.57069
4.54474
4.02738
2.1797
8.41677
2.1266
1.60381
1.31056
6.98751
1.32245
4.61329
3.30969
1.34495
7.17774
1.87362
4.21249
2.04386
1.46209
4.42604
1.98903
4.32618
5.05064
3.97642
5.26291
3.46083
7.79224
2.98169
3.82374
6.14432
1.65649
3.56849
8.04422
3.91236
1.62668
4.12764
4.56463
4.40912
3.66917
0.776949
2.48845
1.12418
7.45719
3.45398
4.58195
0.991746
5.8107
6.46115
6.13748
2.11652
4.66759
3.79956
1.47148
6.8462
6.48065
7.38988
3.91761
3.79186
7.10307
5.49541
3.96358
6.89644
5.44172
4.88088
4.38292
8.74325
4.06338
0.999169
3.93522
7.6381
1.42213
4.37458
1.18052
1.89878
2.5735
3.85306
3.92886
0.785162
1.31798
1.49059
4.3107
3.95053
4.35128
0.955955
7.72663
4.07004
6.08198
5.83214
2.38906
7.4978
5.86271
7.2171
3.68776
8.17942
4.56759
7.4449
7.32413
5.75422
5.40424
5.17307
4.53522
3.80576
3.78462
2.29682
2.28324
6.97505
1.18665
7.7591
3.87633
3.80783
1.03152
1.00443
5.36459
4.51776
6.38165
6.69718
2.45
4.47551
4.8763
2.39594
1.76807
7.46999
4.60422
1.40584
8.06423
3.71523
3.82785
4.42754
4.55361
7.57765
7.61687
6.36879
4.32906
1.68163
4.58282
3.72011
4.23204
3.95748
4.41589
3.62046
5.08401
3.01062
4.34435
4.08218
5.91866
3.57734
4.3485
2.85247
3.90794
2.4297
5.168
4.34024
4.45039
4.01507
7.75573
1.9705
2.80225
0.819203
8.1181
6.90636
6.47747
4.68775
2.85478
1.10301
6.02804
7.0108
5.10994
4.54947
8.03445
1.66889
0.0211489
3.57212
1.55765
7.22196
6.34232
5.35885
2.81578
3.97417
3.46726
1.40002
6.84865
2.86147
2.41801
3.51486
6.03812
4.54222
5.29649
4.74901
5.07216
4.96964
4.57772
4.03871
3.71685
7.33115
1.01875
4.60914
5.02163
5.89844
1.61778
3.09848
3.88111
1.07378
3.85782
4.56953
4.85934
6.96419
6.692
2.41985
0.471716
6.96195
6.67712
1.1346
5.31288
5.21563
6.88758
4.91941
4.61481
3.7573
4.44161
5.87588
4.11003
4.00196
6.97843
3.7641
2.01038
0.962059
1.31832
5.03637
4.96563
1.91669
6.97979
5.21906
7.23428
2.71446
3.83347
5.36997
2.75543
4.50862
4.52742
5.26423
1.54179
4.56234
5.97936
4.30652
8.13397
4.56198
3.79613
1.79025
4.49635
3.7699
4.11809
6.03111
1.191
3.16419
1.01174
4.02376
1.69931
3.99167
4.82823
1.30828
4.69706
4.861
5.47064
2.37011
7.37652
0.939105
2.34999
4.6217
4.25631
2.85782
5.09042
4.58833
6.75013
5.02169
4.31702
6.78607
4.79186
3.61629
5.21082
5.3619
3.74123
5.81417
5.0608
5.31099
4.98048
5.15142
6.83808
6.01117
8.37686
4.58474
5.3098
5.17899
1.34886
2.47097
0.984374
3.88603
5.53538
4.70811
4.1546
4.02061
5.44978
4.54569
4.48383
5.17409
5.50969
5.24087
1.10913
2.75178
5.45196
2.0359
8.1187
8.0892
7.73455
4.35679
5.92949
6.16656
4.53154
3.97945
4.61794
1.13884
2.05707
4.4709
4.12065
3.9928
6.12122
1.44226
1.04062
4.73779
1.16805
3.69917
2.46319
4.43095
8.19926
7.25797
4.64499
4.63473
4.76473
4.05895
0.428798
0.445285
0.741934
4.89465
4.31407
6.66902
5.4079
4.33446
5.9845
2.30213
1.02408
1.33215
5.45917
7.17109
1.16015
2.43965
5.21135
5.13934
4.677
5.29152
2.5039
7.4048
6.27352
4.62935
1.79028
5.13763
6.37729
4.3282
3.55542
0.80199
4.70737
1.63773
3.87485
1.11717
3.65304
3.57668
7.59625
8.90527
5.72846
3.78056
6.63478
0.497792
4.63354
3.96421
4.17149
5.68913
7.20247
3.51307
3.56395
6.95539
4.63138
3.47262
5.71793
2.2134
6.63365
3.7847
1.31537
1.78774
4.33724
5.13562
2.8301
4.45889
4.49091
0.672462
3.92433
5.19245
7.42491
6.42331
5.82787
3.71743
1.0972
3.54266
4.03042
4.80531
4.60966
2.39707
3.84662
2.86386
6.34654
3.66837
4.01318
4.75432
3.93444
2.02873
1.14886
2.41726
1.23487
1.05858
1.07335
5.76289
7.55395
3.50437
4.60553
2.59294
2.86285
5.2918
1.05628
5.77323
3.93332
3.31046
2.21741
3.97147
7.91065
4.9022
2.78308
4.38968
1.33401
3.95437
5.84707
7.91279
4.4776
3.85101
0.779126
4.90126
6.34816
7.72937
2.39841
1.22629
1.53122
2.08305
1.87308
1.06766
3.52129
4.4134
3.80487
1.05786
7.57221
1.64746
7.94166
2.72172
7.911
2.40824
3.53134
2.4642
7.10577
4.65785
4.05785
3.47168
7.25461
0.976029
4.62965
3.83655
4.2757
5.17834
3.63072
2.5977
4.35885
3.77728
3.63449
4.38707
3.50236
2.61802
1.10965
7.8533
7.49782
1.32674
2.4374
2.87014
1.595
1.17583
4.72793
4.77736
4.56747
3.77827
1.33961
4.3479
1.97176
4.89234
0.631823
2.33671
4.87245
2.86658
4.11854
4.60292
3.86466
7.67155
4.59267
5.79679
2.86539
4.6855
3.52124
1.61854
7.64294
7.25401
2.3968
2.86629
4.57894
2.31979
4.48291
4.02661
3.54293
7.25166
1.91295
3.96335
3.22662
4.59323
7.28749
5.04898
7.9537
8.0894
4.86196
7.352
7.45566
4.51087
7.5006
4.48059
2.70544
2.84824
1.1627
7.70067
6.80721
2.79389
1.15032
4.83133
5.73913
4.66501
1.12469
4.04243
5.7855
3.39998
4.99486
3.77915
4.2804
4.52593
3.87903
1.18457
7.58393
4.78718
2.3029
1.97853
3.93487
4.44456
3.5737
4.91671
1.04582
0.968935
7.44148
4.53958
4.38994
3.71538
7.1592
6.23483
1.28963
4.62701
4.76843
7.4284
4.27953
1.73037
6.70033
4.48356
7.31217
6.67648
5.98147
4.55434
1.30089
4.4685
4.53326
3.31349
1.98139
4.9521
3.80586
4.41779
4.51075
6.47462
4.01215
0.898642
4.5931
1.08205
1.50956
4.42568
3.76529
2.07507
6.8023
7.24982
1.07406
3.91482
5.82895
5.6144
7.72128
5.1076
7.60534
4.05577
3.09836
2.42397
3.87664
2.4332
4.25793
6.572
6.8816
6.44558
1.01916
4.05455
0.917433
4.57421
0.92265
1.07107
4.39718
2.67478
4.04363
3.59494
4.47135
2.40348
4.54576
1.46199
7.42097
6.51737
3.53275
4.52676
1.85613
3.82617
5.35222
4.71585
4.41935
2.60768
0.875056
2.09416
0.629974
4.57325
3.32587
4.47548
4.57597
2.16156
2.55957
4.47964
3.89059
4.07584
3.86889
4.54374
4.84779
4.10258
1.66784
1.51901
4.0403
6.85387
4.53161
7.20218
2.83291
5.17816
8.57378
7.51779
1.19989
4.01429
4.14074
1.089
1.08845
7.95212
7.79181
2.56737
3.84483
3.55856
3.96794
3.82804
2.10674
4.08728
3.32716
4.47048
3.59929
3.30476
0.540763
1.77066
7.86529
4.03299
4.42205
4.54586
7.3877
4.6079
1.02512
7.26993
7.70063
3.81937
3.39005
4.12238
1.29975
4.602
1.31001
0.460709
6.82591
1.46647
2.57392
2.06832
2.35526
3.57619
2.41892
1.15783
5.11362
7.00837
7.55359
2.04829
8.05328
4.63491
4.22256
1.06925
1.75303
3.7972
4.8453
4.91984
3.61159
7.38102
3.86508
4.56141
8.05009
1.01037
1.44002
4.50592
2.7886
2.83586
4.61136
3.82541
4.60154
4.12417
4.28381
5.51895
8.10953
1.10391
3.41059
2.83889
6.06261
3.91833
8.26446
4.07352
3.89972
3.84012
0.733056
1.02801
4.62841
2.27801
5.94676
4.56699
0.866302
1.85802
2.99954
1.12199
4.36386
4.38452
7.45663
3.56536
6.87535
2.8236
1.61592
3.93672
2.47529
3.78418
7.80956
5.55782
1.30448
3.66536
5.44254
1.15877
6.60987
4.50757
2.38426
3.94834
4.53284
0.933081
7.10175
2.40233
3.76318
1.40325
3.59809
4.36792
4.48897
3.36246
7.99004
4.12966
2.56242
4.45133
5.83214
2.71675
8.23446
6.93433
3.99438
3.60844
4.24958
3.85802
5.06469
7.07243
5.00946
1.23645
1.66689
3.65939
3.58701
4.2162
3.93822
4.33055
0.944548
6.63278
2.53259
4.01884
1.984
5.07153
1.28834
3.76721
4.00517
0.27357
3.77267
6.6014
1.88451
0.101743
4.58188
2.86054
6.70958
4.28997
1.16238
1.0367
7.23542
1.26074
2.26598
3.78362
2.26889
0.996465
7.91971
5.67445
2.85649
3.88457
2.48328
7.75537
7.61191
5.47789
1.62168
2.17112
1.74349
4.1435
1.85349
5.75914
3.83768
2.28426
5.74441
2.29252
2.84013
2.55838
5.29548
4.50728
4.25496
7.72262
1.11884
2.63218
8.74528
4.55563
5.88031
6.89542
4.57558
5.99611
1.85863
3.83969
7.39224
7.27253
4.18631
7.6792
3.8073
2.79603
4.72065
3.78463
3.94069
0.696518
1.09806
3.46366
4.32185
2.86294
1.28786
4.86181
1.38454
2.72596
2.86528
8.42312
0.98874
3.3593
0.870625
4.69474
7.82623
0.997595
4.55196
7.31016
7.90202
6.25325
4.19601
2.12654
3.82943
7.76824
7.0172
4.30985
4.042
7.75276
3.68348
2.2055
5.20974
0.056739
5.38342
6.98211
0.538904
4.55621
7.15125
4.54309
1.07992
4.47933
3.84433
1.79998
4.22158
1.32733
3.6895
7.40088
3.71333
3.93086
1.07877
3.73873
0.746264
3.88794
7.12654
6.9197
0.985537
7.14412
6.14629
3.30095
1.02873
1.97485
7.93119
7.65447
4.64002
0.606782
4.66359
4.20972
3.96986
4.23733
8.03227
0.966942
5.06587
4.86158
7.46405
3.65741
5.74916
3.0692
6.43601
5.64726
4.31175
4.60591
7.81475
3.67697
6.82
1.01347
4.12878
2.55017
2.44654
0.989305
3.2779
1.13227
4.28698
7.55138
5.70933
4.92368
3.74171
3.97207
0.776109
4.49591
7.85487
6.81819
4.58941
6.60671
1.20798
0.985566
1.18112
2.1287
3.94831
2.09659
4.77088
3.95462
3.96227
5.81043
1.27719
0.959627
7.08638
6.96301
2.42743
0.901532
2.77606
7.66947
2.81431
3.73396
4.68932
1.03583
8.00836
7.75253
4.75306
6.23829
0.430778
0.89938
4.45699
4.39285
7.53094
2.83619
1.09007
4.93416
3.51884
3.63316
7.42544
2.83951
4.44986
7.97862
1.17897
5.61147
7.53828
4.48577
6.85248
4.06374
7.43919
3.63026
2.16279
2.55527
2.62629
6.88065
3.77797
1.57297
2.84515
5.21194
4.4646
3.48309
3.8131
6.85271
7.25435
5.64402
7.79327
6.69458
6.98739
2.7682
4.28312
0.444872
1.32097
7.91184
4.73335
2.37594
4.29977
2.87878
4.43379
3.05382
2.83586
3.80524
0.882862
3.751
3.25791
8.03505
2.28575
7.80291
7.49075
5.33049
1.87788
1.21615
1.30908
3.66536
2.7118
4.00773
7.75727
4.26149
3.84828
6.63615
4.60964
3.48315
4.57302
1.65269
1.04078
4.57447
4.90782
1.52878
0.916502
7.74694
2.81771
2.4543
3.67418
7.27177
4.06876
2.2157
3.79194
6.84157
7.6929
2.3497
7.94578
4.39515
8.10741
4.03523
7.92049
3.59589
4.53884
4.33883
2.48747
4.69344
4.87127
3.53841
3.32159
8.12823
3.81785
1.75093
3.85359
8.0591
4.75122
1.40834
6.52668
7.69916
4.57236
1.57683
1.36879
4.21366
1.44118
0.431562
5.00956
7.06172
1.02873
3.52593
3.27312
2.52822
3.88612
4.40079
7.55393
4.13694
7.1239
2.57311
4.7368
1.78637
6.4645
5.35956
7.60735
0.937731
1.45644
2.18121
3.79083
6.41252
3.34094
5.08012
3.67116
1.03129
4.02504
4.19819
2.66003
1.10555
4.53348
7.91702
3.51253
1.56251
5.39606
2.4129
1.3689
7.9748
7.51444
4.15621
2.1002
3.78524
6.05732
2.46161
0.916039
7.77747
4.40157
4.86005
5.19241
3.78504
7.74856
7.92143
4.73743
4.84819
7.91115
4.23965
0.951474
5.24507
1.86146
3.74736
1.98433
7.08678
6.88295
5.64395
4.7807
3.54612
4.19361
7.31295
2.688
7.40371
2.46444
7.99598
1.0254
4.47748
6.99136
5.08286
2.49628
4.93924
4.32572
4.22769
1.14688
1.34981
2.85882
0.973016
1.01089
6.00174
7.15801
4.48253
0.851113
4.56164
2.42265
0.873644
5.34212
7.45832
3.45436
5.48408
4.15323
1.30326
3.88531
3.80135
2.70172
2.20005
1.00843
4.72199
3.56838
6.0022
4.85814
5.10554
2.70632
4.59054
4.33359
3.2924
2.39299
4.87209
5.09333
0.654836
4.53033
1.84656
6.8425
3.29302
0.893892
4.28861
2.79594
1.04338
4.68966
5.05128
4.16891
7.20021
2.4175
2.86068
1.80016
7.14668
3.24747
4.62677
4.59981
3.82409
7.1462
0.770133
1.58278
6.4515
6.99126
3.51756
3.64403
2.1081
1.55319
7.16021
7.10406
7.07668
2.38558
2.73088
5.71459
1.48959
1.01252
3.92325
8.11119
3.68614
7.14313
3.60205
5.48484
4.51994
8.30366
1.65743
4.5192
1.46312
2.36629
7.00192
4.60665
5.23279
2.04142
7.57974
3.93141
2.40441
2.58888
7.58891
0.726684
2.26507
1.74852
4.43361
4.38295
3.75251
1.18497
3.78038
3.48885
6.87896
3.74289
4.15072
8.36606
2.8625
5.45302
1.52701
0.910223
6.33025
3.84945
1.08546
2.34439
6.1271
6.72564
3.89919
3.93216
3.68836
4.56759
3.61784
7.83117
1.87605
3.66561
1.42114
4.59998
3.8839
4.49796
1.32132
4.84307
3.65774
7.48057
1.29193
2.40011
2.83477
4.1376
7.9687
7.4377
0.935121
2.05012
4.58487
7.83137
0.807252
2.8244
6.99772
3.23498
1.62265
0.879553
4.62409
4.59658
3.47445
2.07952
2.56761
4.02594
1.00138
3.83908
5.65844
1.27702
7.38608
5.36646
2.38573
3.84322
2.37072
3.39537
7.85638
7.65407
3.69965
2.60734
0.867446
1.64467
3.94398
3.62832
4.70275
3.57547
3.99591
4.25677
7.51687
2.63351
8.16735
6.80556
4.22475
5.00173
0.803628
2.61403
4.58555
0.993651
4.5643
7.50068
6.6218
7.97185
7.23008
2.85302
3.90366
1.4173
7.74309
2.03264
7.16259
4.62186
7.61846
2.12632
4.45007
4.26678
1.16053
4.5559
3.78752
3.91329
3.66045
6.4
7.43637
0.921424
2.79646
4.46247
2.63336
4.6165
2.07019
8.03721
4.03233
7.68721
4.58458
4.03661
3.48594
8.13869
4.581
4.45468
7.20515
2.06253
3.71439
2.6465
1.99778
2.8334
5.03276
1.15911
4.33719
4.03913
2.83139
7.39415
8.15376
4.97946
1.70522
8.32794
6.38058
4.31543
7.13187
8.03832
7.08148
3.88134
0.571624
4.49099
2.69568
1.58786
7.8188
4.69967
7.06528
0.932128
7.45399
8.76942
3.72531
7.45393
4.65772
4.01105
2.16124
1.17285
1.42015
7.89485
2.82307
3.96936
1.06157
0.930207
1.88525
4.23493
4.04334
4.16574
3.17611
3.71248
3.94961
7.95824
3.94862
4.21577
0.0747578
4.11598
4.28817
3.87849
5.90653
7.02934
8.01152
4.02283
1.24855
8.04551
7.98169
3.53396
2.88066
2.80269
0.858205
3.97804
4.08345
7.12644
7.88891
1.34085
7.27246
4.55935
3.92639
3.57635
0.533035
5.75282
4.4784
4.60502
2.39945
3.51502
3.50263
3.7793
1.85353
2.82483
3.26381
3.72342
2.79143
5.69123
7.84607
7.13323
0.988881
1.05639
6.71566
3.93381
1.04503
2.83469
3.96229
7.09152
7.51582
5.67596
3.66958
2.62082
4.04046
5.61777
4.71052
0.945124
4.59588
2.77145
3.88733
2.83795
8.05896
3.49555
2.7233
4.02319
4.9379
0.353522
1.57218
3.38053
7.74505
8.19785
4.17189
3.43297
2.09337
7.87247
0.858133
3.79749
1.23521
3.47053
2.37764
1.50061
2.78988
2.63625
3.98808
1.13968
7.18015
2.72604
1.8542
2.46097
1.72083
3.97816
0.89202
7.25135
6.20636
3.848
2.43342
7.79168
7.66461
4.56756
3.79864
0.635031
2.42804
2.90607
2.90131
3.68339
5.46071
1.36965
3.71275
0.953441
3.83505
2.05215
1.67314
3.84397
0.775303
4.44024
3.64057
1.29189
3.51638
4.29018
7.55603
2.8186
7.87469
4.3119
6.92487
4.16718
3.81846
4.21924
3.77658
2.79503
3.72618
6.81879
6.89729
5.14506
4.53721
7.81338
1.23399
7.40188
0.979338
2.23729
2.49028
0.831543
2.45326
1.09466
6.4937
3.8072
7.17115
3.83496
4.86079
4.1104
5.23063
7.29234
2.39681
4.40646
0.793512
3.57566
4.55717
4.53034
4.14505
2.91391
7.3908
3.70577
4.56541
7.91473
4.45869
3.52208
0.882348
8.13392
1.42701
3.69831
1.00945
4.37968
2.59092
5.76061
2.8695
1.03765
3.83951
0.771754
2.33717
4.52247
1.36033
2.44418
8.0716
2.67358
7.0749
4.41461
4.59786
4.57975
4.5778
2.61175
1.49731
1.64815
7.7471
7.36965
4.73495
4.19588
2.74602
7.49479
0.137473
7.7556
4.29212
7.03733
4.62091
4.38212
6.89211
5.06065
4.59831
4.54578
3.81687
7.82485
3.70997
7.09643
4.90655
4.07099
0.906834
0.791067
7.40651
5.7731
3.41609
0.81211
3.53758
4.70691
1.00417
1.14038
8.09953
4.49032
7.89588
2.3374
3.51124
3.98241
6.20691
0.886474
4.36926
4.32349
5.53637
3.47481
5.50183
2.77232
5.69604
1.23299
1.76258
4.50245
2.4376
2.76383
1.42439
4.33564
2.12615
7.39294
4.06769
5.02119
5.85573
4.61473
1.30421
3.59986
4.19459
1.31957
3.72151
4.42325
2.88743
6.63666
7.3822
7.78001
3.9666
3.94274
1.56455
0.440864
3.58383
4.14154
3.96276
4.06415
4.48876
8.72153
2.68052
7.31121
1.21245
5.79596
4.44152
4.53237
4.45237
0.982618
7.65158
4.5623
4.51561
2.51644
2.50825
6.7775
4.49555
7.94907
3.4105
7.53611
3.85563
3.70614
7.14345
7.0676
1.21048
4.73536
1.79755
7.41313
4.06589
5.26177
6.63525
3.62066
3.81162
5.57732
7.53007
7.18283
3.79209
1.95867
1.53985
3.96992
3.90514
1.38505
7.367
3.88309
4.23676
6.42698
4.04106
0.658401
3.88073
4.50015
1.50379
5.18998
1.98012
1.3006
1.16112
4.22099
1.10824
4.73573
4.50049
4.55087
3.91234
5.5875
5.09012
1.1656
4.50594
2.60678
0.882718
2.35214
4.58137
4.02456
4.34108
7.04078
5.68116
1.22835
1.47833
2.59932
3.78842
2.83387
1.88642
3.30705
2.39073
3.57324
3.66147
2.07427
7.85492
3.90521
7.06929
2.46117
3.87168
0.161578
4.0743
3.83921
4.53665
0.0273734
2.42064
8.81224
4.01894
7.07679
6.26643
4.09367
2.64523
3.66027
2.81935
8.46911
4.43589
2.33781
6.98334
8.29561
3.95516
1.0588
2.82868
4.23577
8.06164
8.05479
4.74634
3.85439
3.02966
1.65582
1.34252
1.0186
3.93228
3.49555
1.21556
1.21
4.21865
4.02351
2.64244
3.7699
1.41027
4.42452
4.07725
1.23688
4.19762
1.22727
7.23038
2.71729
4.11415
3.7855
3.67156
1.06689
7.68728
4.18337
7.09025
3.81013
2.34374
4.21471
7.86152
4.07467
8.12645
4.94498
4.2385
4.59533
2.31569
4.54243
3.34407
2.45573
7.89759
8.18779
1.8735
2.38005
1.01421
6.3307
2.81969
0.653287
1.46156
3.78368
3.70372
7.07693
4.77369
2.47952
2.40819
2.80544
0.811344
1.2033
4.28196
1.14645
8.36151
2.81639
6.13444
7.24776
2.40373
7.90158
1.04564
3.85756
7.66143
7.14271
0.985878
7.40353
6.67286
1.49875
3.61532
4.55073
7.29013
4.65618
3.77589
0.843252
2.28297
3.75698
0.905949
7.2021
7.94724
0.996901
8.43394
6.63594
3.79781
1.8782
7.22147
4.59261
4.06718
8.10281
3.51328
2.76996
2.00905
3.52643
7.05738
3.94879
4.1513
6.74239
1.0644
0.522872
7.77081
3.72202
4.50784
1.04867
6.35898
8.38106
7.19121
8.01913
0.133178
1.05359
1.20681
1.29647
5.89638
1.5882
7.48986
3.72243
1.67825
2.87036
5.01031
4.69966
5.39531
1.91302
3.62901
4.38681
1.55048
2.37599
1.31141
7.08699
7.03596
4.47806
0.818993
4.76447
1.06646
3.52988
3.87825
5.30351
1.17959
1.62839
4.5176
4.07602
3.66853
8.26459
6.75133
8.13249
4.15652
1.03405
4.12951
2.81046
3.66661
3.15473
2.89149
3.67396
2.77115
7.85978
7.83495
4.55532
1.27372
7.71213
4.04745
8.16865
2.66994
3.84253
3.58273
4.03632
3.97786
4.63228
0.889878
3.70105
4.43982
1.86405
4.47885
6.75444
2.65777
7.14571
4.61112
7.32664
3.72143
3.91974
0.619497
1.25029
4.24147
4.71625
4.06934
6.56905
3.97625
1.53467
2.62281
0.991974
3.54421
8.11538
4.48001
3.9805
4.03907
3.82304
2.44803
3.90301
4.26245
1.12177
8.10843
2.14408
3.56816
8.04556
0.838176
7.2411
7.65315
2.54187
3.84185
4.47375
1.33882
4.75215
1.74845
7.97686
3.72543
1.74005
2.36876
1.66882
4.14897
1.53492
3.71151
3.63864
3.81391
7.72742
0.719089
0.948384
5.47135
1.03225
1.22876
1.0505
4.86828
6.02512
1.71052
7.87439
7.64862
3.41712
2.41396
3.10684
3.96141
7.38656
1.2922
3.95822
5.01815
8.90093
3.73158
6.42003
4.89353
7.08725
7.99258
2.80914
3.52089
4.60937
3.94128
2.12511
4.49951
7.90418
0.993902
5.6768
4.79221
0.776746
7.58676
6.91937
1.3476
7.44354
6.58595
2.86291
7.97724
4.07865
7.59334
3.72525
0.860321
5.63455
7.40355
1.05217
4.89562
7.34057
6.35672
2.41641
7.28837
1.91859
2.0562
2.68243
1.00369
2.83134
4.62651
5.14655
2.00822
2.90453
4.28181
1.49962
7.16885
8.02041
6.3245
7.24095
6.16666
1.85127
1.64409
3.79786
4.38685
4.58075
3.11083
6.97247
5.20406
0.955832
4.54023
3.96207
6.64838
7.99214
4.13487
3.48374
4.70603
4.59247
7.67921
1.03554
7.78472
7.53236
2.01229
4.87723
5.13105
2.72835
1.07992
7.46696
8.79306
4.11549
3.64266
5.93748
4.61181
3.70158
1.03692
0.513302
4.43435
7.5716
5.72201
4.50353
3.95223
0.789337
7.39732
4.32443
4.50474
4.46345
8.57559
4.45052
7.41955
5.40187
2.85876
3.70324
4.47912
2.11799
3.71966
4.10756
1.79437
7.8627
0.940185
7.98442
5.03409
7.41884
0.964576
7.47218
8.0082
3.81154
4.26307
7.33606
7.68891
1.82174
8.07369
4.56935
7.29684
8.8594
7.34261
4.03035
7.11034
3.20332
4.39799
3.99219
5.66782
7.6159
7.75222
1.30899
5.87487
0.998475
2.38904
3.02402
3.92285
1.16975
4.25416
1.25935
6.93346
6.35082
2.80789
1.53402
4.25459
3.80587
1.16968
4.47572
7.33921
0.994025
1.95058
4.23848
4.12859
3.86636
8.03778
4.24509
1.54649
7.28407
6.92324
3.84627
7.3297
6.74872
0.792541
0.901732
6.81602
7.89839
2.41836
7.48298
2.6796
3.87066
2.08598
4.5776
1.5376
7.38238
2.80013
2.60301
7.91691
2.83749
1.31767
1.7704
4.38949
7.33084
2.75933
7.28088
4.33569
1.13657
5.82309
4.20513
0.813124
8.07565
5.80724
0.728998
4.79082
6.93552
4.37802
2.62239
8.06076
6.81799
5.63379
0.881025
2.37608
1.80831
4.44766
5.49002
2.68776
0.972887
3.81272
2.86128
2.03193
1.12484
7.11227
2.82183
7.42208
1.19003
1.516
2.4494
4.32079
4.50699
3.94795
2.82436
8.23664
4.54614
4.37779
4.49022
7.57297
4.62907
1.87529
3.85366
2.74104
6.7068
5.62661
3.80711
4.00549
0.703543
1.28239
4.46594
7.66601
1.7804
0.926941
3.99715
3.75681
0.955886
1.14067
1.60991
1.0861
1.04241
4.09261
4.49985
3.99975
6.96407
4.71459
7.28371
7.53071
3.94471
5.10476
4.16874
6.77619
3.55754
2.89072
4.25937
7.27682
3.9614
2.31022
3.72911
4.42353
7.84302
1.95271
1.01889
8.26973
5.82384
3.94153
6.19087
4.1361
1.81925
2.17154
7.4261
3.5143
5.0518
5.6903
4.15917
3.72847
6.27288
4.66689
0.765173
2.38656
4.5843
5.97164
7.69504
7.06645
3.43572
4.27017
0.693014
4.58811
5.56631
5.35286
3.74586
7.73219
7.83388
3.72796
1.76862
4.95442
7.206
8.23957
8.19577
4.28915
3.84131
5.96718
1.08528
3.81561
2.16249
3.6733
3.58206
7.43942
3.78983
4.54797
2.74998
5.71383
1.0763
6.01651
2.09524
4.28608
3.49717
3.59522
8.05453
6.89187
2.78123
7.47807
1.46723
3.72007
4.34005
4.25774
1.6617
0.974025
1.2384
3.7703
2.98683
3.90771
3.58589
2.00879
4.09343
3.59928
1.7605
3.71485
1.29417
7.67344
1.99081
1.37682
8.58837
1.11782
6.08304
0.961197
3.84062
2.36535
5.30647
4.50942
3.69334
4.60514
2.87099
4.3779
3.76497
4.01297
1.75038
4.25871
2.84359
3.68137
3.965
0.348423
1.52852
4.02274
7.7088
4.48428
1.04775
7.49304
0.967514
6.96673
4.45261
3.72559
6.47714
4.60264
3.98039
4.73944
3.56557
2.02632
2.10085
3.91126
2.01752
1.22031
3.53327
4.3273
2.27443
2.70911
8.35577
1.57724
3.01822
7.5278
4.01584
2.79159
3.71125
1.63923
8.03261
4.38738
3.5436
2.86019
1.30834
0.678211
1.5977
3.59612
7.55118
7.14125
3.93636
3.83435
3.75578
3.86303
4.26838
4.10488
2.13525
5.28348
3.50288
2.4126
5.06134
1.22853
3.56165
4.54039
7.56814
7.02378
3.56227
2.33362
7.93482
4.28225
1.7437
4.73415
1.14869
1.97265
0.954742
2.41227
6.91328
1.55099
2.83684
3.89179
7.84401
4.57216
3.75542
7.51494
1.40859
5.84406
4.38609
4.51327
1.44352
8.54442
3.74049
7.00735
2.33475
4.53556
1.95629
6.91078
7.7982
3.98329
7.52724
4.35529
3.20493
6.67955
1.75315
7.09214
7.88605
7.18747
4.30682
4.56413
3.57048
4.41293
1.02608
3.5048
2.53705
4.57147
4.03829
7.26023
3.89963
3.26609
5.47284
2.19016
7.20742
3.57199
1.93051
2.45753
2.84251
3.98248
4.11599
1.5461
3.40386
1.93162
4.6939
1.00312
7.86944
4.6033
1.01311
4.5307
7.17518
4.23017
4.15677
4.27305
7.66952
7.5938
4.41521
2.84773
6.9558
4.27252
1.29426
4.02887
4.45953
1.98503
4.56928
2.62103
4.58753
4.46667
7.3166
4.99023
4.33133
3.49982
0.629067
1.38972
8.33855
4.40625
3.50445
1.07098
5.25346
4.36124
4.09066
1.70705
4.42169
2.79199
1.93295
7.29935
4.16053
1.65472
7.10361
4.23103
3.81116
7.01601
3.78739
4.5387
0.791037
1.70733
7.45074
8.01478
1.2459
7.29482
8.23749
1.54498
4.1227
3.94594
2.38528
2.62334
2.77306
2.91655
3.80133
6.58164
3.84432
2.32694
3.50529
5.44089
5.11474
5.11258
3.75687
1.0171
4.64471
7.87521
4.27789
2.81899
3.55894
4.2206
4.47547
1.00379
3.85262
3.55177
7.699
2.04274
1.18728
7.79576
7.10592
1.30136
4.55842
2.87332
4.51932
4.52955
6.10913
4.49717
3.47059
2.0207
2.34806
3.97112
0.803766
5.17331
2.56323
4.85783
1.01698
2.58624
3.50255
1.40868
3.70261
8.16127
2.42505
1.05985
2.21207
1.97289
2.81986
8.00488
3.80784
2.30939
4.51325
6.41755
1.93447
4.46805
4.06798
2.78085
1.34583
2.55405
0.926032
7.60165
4.57393
4.32867
1.49002
4.49481
7.89766
4.01118
4.56965
2.00721
4.30152
7.54176
2.15293
7.95632
0.962045
3.7929
1.53257
3.90625
0.892692
1.0337
4.64528
5.30305
8.04004
4.56169
4.47863
5.2607
0.495599
7.71804
1.00047
3.74879
1.06549
7.76245
7.60756
5.23622
6.85944
5.13988
2.45349
3.77546
1.75932
3.94295
4.10958
1.27167
2.1269
0.940935
4.10092
1.70279
7.62093
1.31919
1.31248
4.43999
3.46135
7.26438
7.92184
7.79649
5.57939
2.7729
0.493503
0.991389
1.6576
4.43335
0.75443
8.61054
0.540317
4.12661
3.07326
1.1928
7.35272
1.12798
2.22708
2.79976
8.35686
1.85662
3.8864
1.32457
4.0393
1.06421
4.96956
4.03093
4.23546
2.08822
7.81746
4.59624
3.2616
1.99326
9.05296
7.63885
3.20524
2.79728
3.60381
0.916944
2.78536
4.62013
1.02634
4.54438
0.947426
4.62549
7.72252
3.4719
8.02703
1.11979
4.45981
3.49184
3.70808
3.87492
2.31569
7.12537
4.36599
7.98476
5.13261
5.06674
2.76349
4.47734
1.00766
4.37798
8.61448
4.03784
2.36122
4.23731
6.95172
2.63968
3.94889
6.73913
1.89791
4.23192
2.84076
0.55367
1.30229
1.53216
2.77807
4.01713
2.13413
1.51188
7.89139
1.24964
3.80292
2.34739
1.08697
4.02432
0.861528
4.5295
8.66026
2.76418
4.5487
1.19062
1.73225
7.29838
3.68914
2.76631
7.42359
1.99485
4.4972
8.10698
1.77409
1.42614
1.22832
2.60442
1.16552
3.82151
7.74187
8.24795
0.391888
4.36734
6.76372
4.02601
4.43655
2.76617
2.78761
4.51573
7.14398
4.24766
0.914249
5.76768
2.74244
3.96663
2.74568
2.80356
4.78435
7.06803
1.83128
4.7598
7.9916
7.38316
1.12434
2.68889
4.41272
1.11889
3.91
7.52052
3.82683
7.58811
2.30732
1.70885
7.97473
1.23911
0.831472
7.75045
3.87404
4.51181
4.53978
7.95983
4.13644
7.99167
1.00575
7.53359
4.01727
1.40402
4.00803
3.47397
5.4552
8.03845
4.44715
4.15201
7.92207
2.52491
1.75223
2.8109
7.59682
8.131
1.02168
4.49093
4.28531
4.27682
4.57685
4.58515
0.924593
4.4751
4.48238
4.26016
4.5574
1.47521
1.45693
3.81376
1.33029
3.86816
1.22303
0.939607
7.46246
8.32082
3.82125
4.63698
1.51136
1.30601
3.09102
1.12149
4.02677
2.31977
7.22069
7.73464
2.38224
5.19537
3.97666
1.23904
3.69721
1.09914
3.75656
7.39339
4.90331
7.14794
4.72581
4.01095
2.66949
3.62891
0.803232
2.9758
0.993529
0.897059
0.70904
0.858817
3.62905
1.72348
4.53553
1.18487
6.05831
2.80099
6.37861
1.0713
1.49451
0.9586
3.66332
3.88322
1.99824
8.75121
8.71576
3.99375
5.51985
1.46131
4.5226
1.62189
7.01197
4.0353
2.07922
4.08821
1.69929
0.816301
4.76269
2.3702
6.99565
7.78075
3.49116
2.30166
8.07696
4.41664
0.368453
1.44862
4.62227
2.30235
5.14596
1.78952
7.1178
3.63209
1.28524
7.70874
3.79973
1.95222
7.85889
4.09698
2.32779
6.65507
4.0332
4.48989
8.15007
3.5082
7.48642
7.86298
1.595
4.98696
2.82328
7.67323
3.98348
4.61263
4.20018
3.95707
3.96321
3.82519
5.01789
4.64062
0.526621
3.97252
3.80885
3.54587
4.01743
2.77798
4.74506
3.88265
7.2414
3.20047
0.530803
2.53353
6.79403
2.7673
3.75858
4.64282
2.76554
2.92534
1.39725
4.06569
3.81618
1.51024
3.96264
3.77979
1.057
3.55606
4.45598
2.04469
1.21676
1.73613
2.58878
4.72245
0.723783
3.91754
4.00039
4.4787
3.50364
4.53636
2.01023
1.64644
1.65788
2.7409
0.943982
7.89901
2.31748
1.27175
0.826228
4.28626
4.49153
6.64352
2.26319
4.47681
0.168841
2.31761
7.49234
2.74912
1.33268
7.9018
7.13217
1.03364
8.01019
0.98953
7.14374
5.56488
8.55833
5.38525
2.26178
2.26074
1.0109
4.70138
6.84835
5.88099
3.55746
7.83807
4.71978
2.60457
7.66348
3.79264
4.21738
0.878884
8.11708
8.07934
8.05302
0.913462
0.906076
2.30621
4.46582
5.09662
0.738483
7.67569
0.649207
4.02044
2.06367
4.46634
4.06365
4.01709
7.4037
4.60102
1.68038
5.71046
7.98782
0.420825
2.57784
7.10566
1.73045
1.74806
2.56291
7.17494
2.7481
1.58336
0.899928
3.99381
0.0529499
5.94095
3.9445
3.54821
1.35993
7.98656
3.9495
4.18705
3.76816
4.39793
0.775424
1.23565
5.45995
7.10683
5.37332
7.69113
3.90897
1.70644
3.89865
3.27586
3.80945
1.28014
3.88898
1.70568
1.44572
4.19638
2.27462
2.78118
4.68616
4.01054
5.63176
0.401494
6.87623
7.31715
7.56726
3.4735
2.65326
3.10105
4.60361
0.831502
3.785
3.936
2.52047
8.06243
5.39947
5.38219
6.72283
0.650472
0.465803
4.57479
2.24311
3.95226
8.65808
2.539
1.35288
3.65948
2.01086
7.34961
1.43326
5.69332
7.72019
3.51181
3.12222
1.51038
4.78005
2.0577
4.1548
4.13618
4.45924
6.71815
6.53714
4.50323
7.49292
6.95551
4.08167
1.05088
3.01432
1.03284
4.53213
4.46347
2.40062
3.90576
3.69946
3.45404
3.1593
8.04176
6.17319
4.13212
2.65473
7.189
2.58277
6.81242
7.72341
5.48789
1.07049
2.82778
1.7664
1.01947
3.96249
3.64028
4.56957
1.52119
7.73591
1.03818
5.12606
4.48078
7.35407
1.75773
5.02462
4.51119
1.66372
6.00577
0.79044
6.76048
4.18042
1.97421
5.11537
7.82925
3.48281
4.5451
4.25517
2.65211
5.46671
5.19459
7.34834
2.77679
7.42961
2.01302
6.15445
5.5334
1.94645
1.01466
5.10203
3.8699
4.23171
2.84814
2.21461
2.03054
4.06877
3.48306
1.49868
2.4106
1.37981
5.74474
6.4336
3.48785
4.40537
3.56814
8.05558
4.96467
6.11594
5.61046
1.05031
1.98857
4.76616
7.44963
7.6422
2.06209
3.78287
1.23064
7.9719
3.85121
1.15453
2.02515
4.59094
3.66609
7.4125
4.43498
4.44263
7.37116
2.09649
4.05675
2.80797
2.66112
1.4612
4.15247
7.70835
7.67778
4.48071
7.53298
1.16763
1.18548
2.57305
8.00988
5.59368
2.79952
7.222
3.80858
0.512469
4.50664
3.93137
3.47133
2.10722
4.19636
7.84408
0.9804
4.50276
4.14689
2.6933
4.59707
3.45841
1.14584
4.02708
5.0448
2.27367
2.85476
7.77678
7.66284
6.11715
8.0184
0.880937
4.5554
5.31431
0.757582
1.73358
0.0666433
1.98578
2.91253
6.71023
2.39657
6.18537
3.6008
7.49686
5.66705
4.50353
0.842517
5.57906
3.93967
3.78069
3.9867
6.75991
0.759241
1.0949
4.36162
7.2648
2.853
4.5148
2.17628
1.38607
2.26283
2.53127
2.79862
4.64369
2.55229
5.39071
2.22545
2.79979
1.7806
4.72985
0.636948
4.39593
1.89607
2.1936
1.03778
1.79938
7.81162
1.40413
3.61099
6.75225
6.21529
3.99805
2.5821
1.94711
0.161385
6.98879
3.94801
3.77767
2.28316
7.53729
7.60905
3.89317
1.15102
4.1988
7.97748
3.0448
7.75754
4.09541
0.745637
2.6892
3.6201
4.61673
1.13049
0.793885
2.29168
2.64388
1.42719
3.88017
2.81387
2.16547
5.71716
1.64131
1.23408
3.73368
4.55702
6.3349
2.44457
2.68855
7.14192
2.82697
2.73406
3.49573
1.68818
4.23061
3.05158
2.55016
7.42052
0.980425
3.64028
7.97542
3.8938
6.77316
3.90153
3.86414
4.14302
3.7933
3.57914
4.51651
1.02424
6.40665
3.95584
2.79506
8.82895
3.1065
3.29483
7.88326
6.98932
5.55663
3.7139
4.19357
7.05104
2.07134
0.96741
3.8945
1.14641
3.19226
2.59257
1.43895
5.31345
1.84779
4.99341
8.1852
4.61289
7.94592
7.66335
3.59761
4.03068
0.837108
4.07808
1.00686
4.58149
4.50702
2.81968
4.37372
7.53175
1.70291
0.398909
3.05299
4.50053
3.85098
3.9525
1.09094
1.08285
3.98823
7.99395
2.79154
7.36159
2.80729
1.35824
2.15227
4.4873
5.23063
0.316833
3.89382
7.32012
2.31936
3.52257
4.42257
1.83917
5.06595
4.11881
7.66055
3.88641
6.0588
7.96383
3.58769
7.7789
0.845099
0.323967
3.88716
7.41226
3.7104
7.3856
0.975769
2.54104
3.87302
7.56512
7.26898
1.74093
2.21996
8.20025
4.53053
7.45162
5.35579
7.74193
7.10188
7.31038
3.68555
4.6035
7.37488
4.50035
2.7709
7.9927
4.94915
7.11273
2.88663
4.83559
4.0543
4.47065
3.8752
7.79904
7.95286
2.36949
4.12496
6.88852
3.39825
8.1557
3.49017
4.2621
7.77966
3.65321
1.94623
4.17713
5.92236
1.38204
2.31924
8.07174
4.35571
3.16757
4.39817
0.793942
4.19947
6.40051
8.5001
4.35241
4.28342
8.33696
2.07292
4.41633
7.96566
2.40531
8.21075
7.93401
4.70222
1.20887
7.51231
1.57473
1.0133
2.95352
7.48749
0.748976
4.08689
2.04605
7.85579
4.3027
7.40835
7.26038
4.47612
3.93714
4.7334
0.782329
3.85878
3.45456
4.13683
1.72032
4.59359
7.50903
4.68594
6.59877
4.69854
4.16046
3.09106
2.63972
2.649
7.6851
2.84494
7.06149
1.96617
3.85008
6.72713
4.31767
3.8866
4.60666
4.17394
5.00908
2.84457
3.73265
7.46288
4.47681
2.85401
1.00581
7.83817
4.19856
3.63499
7.90663
0.295763
1.08619
2.76694
3.73529
4.70861
4.17915
4.23353
4.43815
4.1495
7.84211
7.40907
4.9056
2.3894
4.12368
7.33042
2.75201
3.87089
4.59628
1.33012
4.03198
2.17606
1.98928
7.96045
0.962961
3.70659
2.57929
7.44871
4.59933
5.54016
4.34653
4.58199
4.49172
7.5052
4.47541
7.42639
7.16563
8.41776
2.41068
3.8622
2.69899
1.15693
8.11324
3.73323
2.11198
2.81758
7.31443
4.97648
2.76949
2.83989
4.60339
1.48126
1.70931
1.28174
1.58417
7.06796
7.02315
0.303439
0.306904
6.46625
0.364461
1.74234
5.18938
6.07076
4.63031
5.60022
2.22926
1.87441
4.3274
7.32328
3.67647
3.76515
5.44981
5.42314
3.66205
3.81076
0.886864
1.94475
2.88949
5.02275
2.04852
7.94795
4.36348
3.71001
1.17303
3.5061
1.39848
6.1509
2.52186
8.59333
3.88325
4.27501
3.01535
3.66944
1.2811
4.57888
1.31936
4.57846
4.05611
4.41873
4.15908
5.41209
7.58277
3.46915
2.86239
4.49966
3.95308
4.3011
3.48003
0.750936
4.34
5.06785
4.29565
7.19084
2.65107
5.24128
1.81992
0.384439
1.90627
3.75021
1.8797
3.98466
2.24756
4.04724
0.0337997
7.97784
4.6326
2.84787
7.28496
2.22275
4.91855
1.84899
6.23583
4.29177
1.82
4.64512
4.43074
4.6892
4.40003
7.78422
0.394453
2.87271
3.64361
3.67045
3.51114
4.59079
0.836601
7.30741
0.923462
4.10522
1.88648
3.57739
8.12823
8.09695
2.47438
8.53795
4.4348
6.25541
3.70345
7.54209
1.78605
1.47601
7.86212
4.62625
1.74311
4.43486
4.47301
0.981798
4.58899
1.34173
3.81424
2.65094
3.72526
2.22233
0.298911
0.29921
7.93645
2.87712
4.58898
4.56728
4.3605
7.90574
2.22281
1.94911
1.95783
6.88883
4.30377
7.70623
5.58318
4.8889
7.87964
3.75349
4.25108
5.90015
7.09705
2.5697
1.38125
1.24522
7.56817
4.3888
4.97883
7.79089
2.54361
4.28535
1.26274
3.91912
4.2793
4.01193
0.782938
7.83349
3.83027
1.31355
1.71079
6.89113
4.42692
7.58422
7.05088
4.4545
0.903026
3.58738
2.84114
4.11918
4.52357
7.3647
6.59197
4.5982
3.64364
7.37921
6.76103
2.42618
7.93504
6.36067
2.72809
4.53066
4.4279
3.49573
3.83877
6.53777
4.46436
7.15966
7.01045
3.78285
4.58209
4.45199
5.17061
0.885399
3.72403
4.6248
4.53405
7.73236
7.48924
3.64844
1.25005
1.96713
7.15247
2.91572
1.07161
4.49468
3.00044
3.6884
1.50417
2.08664
2.96769
1.14919
3.59514
4.58239
3.22835
4.97258
4.14051
3.56125
4.39981
4.77046
1.84361
4.27712
7.92649
2.82879
6.55609
0.703552
1.41944
0.649375
4.45735
8.02514
2.86279
3.72598
7.09634
7.94382
3.8807
3.6811
4.24234
3.47495
5.06749
2.70423
2.82469
7.40611
4.63459
5.45527
3.58252
1.96963
4.45679
8.0058
3.8025
6.98413
0.882341
2.60358
4.42342
2.1665
8.00871
3.05561
2.36026
6.8014
7.65328
7.32019
3.71934
4.54108
4.75614
4.67088
2.69933
0.877487
5.59608
4.48873
7.90615
3.50941
2.40944
4.52593
5.22732
5.14712
1.2627
2.54829
4.89825
7.82318
0.901122
1.16416
4.1168
3.54268
2.74954
3.72564
1.02739
5.02252
7.87223
0.132202
4.27583
3.8105
3.57101
4.43517
2.29372
4.3271
5.73424
3.96679
7.62128
1.53678
3.5401
2.6639
3.89899
2.38578
7.12786
1.52075
4.6021
3.79137
1.54438
4.72506
5.01458
4.2869
7.42336
3.14554
7.52622
7.45826
4.4227
1.14313
4.68717
3.0076
2.97563
7.88922
7.91319
1.44492
3.61174
0.665219
4.59975
2.5841
4.19078
1.46673
2.80592
4.29605
3.66931
7.88171
6.28666
3.91795
1.37101
1.5573
7.30312
8.06098
3.76168
3.52564
0.824803
4.08743
7.95047
7.13854
4.49608
1.94741
3.56944
6.23924
6.74791
2.73828
2.78425
7.10483
3.59602
8.00063
3.82818
3.84943
7.10542
5.02867
6.40834
4.30956
1.12849
2.79912
7.409
3.49061
2.56192
3.72058
1.33101
2.24309
6.46256
4.0722
1.87988
2.79322
4.45552
7.54504
7.41306
6.25859
2.21248
4.47116
1.1184
4.57641
8.00485
6.72722
0.884326
7.90946
4.59969
4.30459
7.76927
6.32658
4.52989
1.46739
3.79767
7.25869
4.05035
1.31442
2.82324
1.04908
5.86602
2.79666
3.56855
4.29198
4.91107
2.03237
0.0774224
7.39062
4.11348
7.84738
0.930594
2.96582
7.73649
3.94438
2.77524
3.71023
0.701879
2.1436
3.52433
3.83835
2.3727
3.9273
4.46049
8.94402
8.03218
2.10093
7.84653
7.27835
3.68252
1.73911
3.4721
1.35275
4.72425
2.23634
4.27137
2.59363
6.80994
8.36004
7.36239
8.71616
3.60003
3.81323
3.53975
3.3731
4.42173
1.33124
0.470218
7.9691
4.04782
4.50623
0.858142
4.23549
3.99563
4.46059
4.0654
0.910039
2.77191
4.62007
2.85662
3.51346
3.65906
2.94872
0.875582
2.84003
2.84461
3.75926
1.86526
7.28893
4.27148
7.21933
4.26833
4.47394
3.77771
4.50224
6.91333
0.373818
4.18233
1.88933
3.711
3.85167
3.29979
7.26948
4.19266
7.97427
1.22871
3.81171
4.61232
7.96332
7.40484
4.64026
7.10222
7.80025
6.03912
3.47791
1.98251
1.13505
4.32118
4.05601
4.41233
0.708652
3.76032
1.62818
3.91427
8.04748
1.10209
2.3572
7.74251
7.76388
4.17543
4.51317
0.802958
4.7925
3.72481
3.52849
0.75311
4.30539
2.08497
0.766264
3.361
3.21591
3.49352
4.51386
3.25263
7.97053
3.53491
6.121
6.21111
8.56154
2.76172
3.68777
5.01057
2.85168
0.739404
8.08511
7.63647
1.21789
1.42082
6.81574
4.94397
1.08877
4.1211
7.82109
2.44738
1.76448
1.87141
0.993336
2.13338
2.77258
7.73086
2.75707
0.969857
4.56984
2.74565
4.31019
1.97163
3.6846
4.58804
3.48057
6.21736
3.56125
3.49401
2.23671
1.93607
6.23126
7.33201
3.55506
4.15189
6.41222
7.90866
7.45389
7.73859
4.60521
7.77998
2.90123
0.987169
7.91964
3.41538
2.79382
5.50723
7.42932
3.96121
1.07589
7.34126
4.34922
4.77906
8.70466
1.306
0.91363
7.30256
7.73158
2.47611
3.49482
2.78124
8.05012
0.926125
1.86672
8.0068
0.978987
4.48269
6.56376
7.7505
7.77643
3.76792
3.75062
7.87294
0.439822
1.77154
0.544356
1.08221
5.02615
5.56995
2.86657
1.03084
5.24913
1.56035
3.7398
0.950214
3.69714
7.8193
8.25789
1.85139
7.81685
7.67114
0.960292
3.68907
1.95433
8.53525
3.65129
8.23793
3.91593
1.79382
3.91753
1.45721
2.28376
1.68127
7.46796
4.43351
1.81523
2.13276
3.48024
8.71844
3.58521
8.15357
1.37843
1.99948
3.70091
5.03588
6.09673
3.34763
3.07279
4.11318
0.680696
5.60885
3.6135
4.49107
7.98434
1.16787
2.65319
2.80076
1.40593
4.37734
8.01044
6.26814
1.18241
4.56434
8.07262
3.67583
0.889141
3.92847
1.35274
3.52899
4.48597
1.86693
4.16304
4.62272
2.80727
1.88429
4.25566
2.70807
4.32317
1.39231
3.76121
3.95112
4.06613
5.74717
2.40713
3.92833
4.17046
0.977345
3.46892
0.997808
4.47465
3.15594
7.54417
3.86558
3.88229
3.75965
2.30773
5.9552
7.91526
1.81992
4.38883
6.59556
3.69513
3.46455
4.52435
7.67692
2.14325
0.801424
7.19893
4.08075
7.07255
2.70107
3.58259
4.50849
8.27087
7.9773
4.48661
3.24287
3.65957
3.99034
3.58299
3.77548
8.5994
2.04216
7.91015
5.93896
1.08858
0.865665
2.64204
5.64136
2.77543
3.66512
3.374
3.88554
3.87566
5.06454
2.52441
3.41751
1.00449
2.24481
6.38609
1.91795
0.900466
7.9748
3.69609
3.69933
6.22898
7.78666
1.09801
4.70939
0.796355
2.91794
3.50667
4.48728
3.66815
7.94361
0.776671
7.74565
2.36356
3.50086
7.91858
3.96526
6.2363
3.4428
4.59967
7.94357
2.11191
1.62094
7.72455
1.03989
2.07783
4.51367
7.22852
4.01113
3.6403
3.51176
3.63806
1.63115
3.61276
1.33022
3.65432
8.22339
7.11479
0.399632
4.37616
4.62364
4.43123
2.1246
2.37659
4.53607
3.5138
7.4065
0.704166
1.16463
8.12896
5.59354
8.12834
7.91884
8.02388
1.73899
7.678
0.633355
3.69976
2.32461
0.76844
6.00473
7.41441
7.94125
2.73608
1.03211
6.78769
4.51216
3.57776
5.88359
0.965813
3.9935
7.96984
5.69739
1.01387
3.90679
8.15794
0.807812
3.87227
5.27699
3.59551
3.46547
2.12545
1.82192
7.98905
7.95852
1.6518
0.610805
2.87381
4.5963
6.90242
2.3225
4.09352
3.73945
3.86611
4.58515
2.69004
3.87837
3.77653
6.7659
2.8626
1.56186
1.59859
1.3524
0.873229
5.63038
8.00051
0.92444
2.83429
0.2672
8.10642
4.75328
2.7181
1.75993
7.79725
2.34663
3.50959
3.70046
0.812771
7.8462
1.10473
4.41065
2.21906
1.22062
7.66471
1.21795
4.21813
4.15364
0.945144
1.02683
4.21251
8.00907
3.41681
7.13029
1.7523
7.69271
7.19542
0.921186
6.92946
2.84862
3.69842
0.953653
4.66479
4.00272
4.20231
4.38042
0.844511
3.98319
1.28813
3.35831
2.96408
2.71206
2.08211
2.05242
6.6562
7.72082
2.44658
3.90755
5.40442
1.29738
7.93268
2.0811
4.03877
4.41491
3.47667
4.59102
7.4212
4.54503
0.972617
1.55558
7.89204
0.478006
0.403307
4.78167
1.0064
7.91593
4.55733
8.37705
7.13935
2.48314
4.51711
0.631757
8.01862
3.52972
7.55894
2.52269
3.80328
2.24061
2.40288
8.10011
2.00679
2.99065
2.73942
4.622
8.80501
4.71255
4.14466
7.86851
3.91767
8.47261
5.65757
3.64408
4.88666
6.64178
7.82859
6.50618
0.893179
4.72142
2.4068
7.99043
3.77364
5.76942
7.17089
2.59098
2.57359
4.46003
2.74926
4.25552
4.75833
8.02994
2.55519
2.80157
3.70796
3.41091
0.746829
2.22862
3.52016
3.43561
6.91472
1.03545
8.02993
2.48349
7.76747
0.220754
0.201348
1.9332
3.85273
2.20801
3.86572
0.865999
0.955052
7.12521
3.89741
3.9031
3.67388
6.1572
3.53358
1.06359
4.50998
7.71943
7.11909
6.92613
4.57283
4.5159
1.5283
8.02044
0.57825
1.71889
2.83396
4.40259
1.70327
4.34832
2.75626
7.39532
4.19762
4.53484
3.75721
4.17942
1.70145
7.73795
3.93829
5.06192
7.73847
3.84784
5.6821
7.15074
0.85537
5.8433
2.87774
5.69547
4.27399
1.54763
4.61073
7.10128
4.36485
2.57941
1.26699
3.66664
6.52655
0.877574
0.890377
2.64119
8.08657
4.62565
3.58001
2.4244
6.25834
1.9848
3.84586
0.113885
5.088
3.00667
2.55652
7.86913
5.68226
8.60496
7.8344
7.63409
0.732552
3.58267
4.83954
2.52628
6.98804
3.85249
0.968791
4.56086
2.33858
4.46139
0.734057
2.50154
5.35723
3.68447
4.04414
2.04213
3.77594
4.33718
2.36707
3.71816
7.84501
2.95757
3.85905
3.95487
1.22574
1.57194
2.10384
1.53083
4.63225
6.82537
2.8735
1.27098
2.55478
4.68905
3.58425
5.05107
3.77061
4.30796
0.0784791
7.886
4.0291
6.09009
0.0945558
3.59772
4.14409
2.82147
1.95521
2.46884
7.51566
4.38413
4.1852
3.86126
8.10594
1.11863
1.12229
8.05345
2.3325
3.9118
7.91302
6.31067
3.67708
4.64009
4.14818
7.54204
2.8644
3.72111
7.71234
3.84747
2.71387
1.39262
4.01341
1.91438
2.62637
1.51875
4.47448
0.927765
6.46944
3.71856
7.79343
3.679
1.69585
3.55469
8.05621
7.55392
3.74064
0.662461
4.85852
5.32344
4.30338
4.51143
2.61165
6.5774
4.51163
0.572692
4.32425
7.27999
3.68681
7.81397
8.18531
4.5756
2.72467
8.13367
0.978715
1.02195
3.67066
6.46935
3.93601
4.46857
3.66195
6.57387
2.82541
4.66047
1.87419
0.785506
7.83142
7.82036
2.68424
3.37763
4.62963
4.10501
1.68004
2.07578
2.00216
1.08153
2.09395
5.95418
5.2921
0.828887
4.60644
7.12665
4.37442
8.09208
3.39727
2.06933
3.09972
7.47607
4.55968
2.6735
2.71842
2.55324
0.558841
6.61074
7.4428
4.5283
0.171499
4.0228
2.82769
3.77452
7.68676
3.89661
2.6125
7.87432
4.65469
4.21242
7.73775
1.08808
5.63996
2.8118
2.11683
3.99683
4.29852
8.46794
3.31422
3.34714
2.03171
7.47926
1.73114
4.05482
4.15365
0.836154
7.11039
2.82679
4.51764
2.82351
2.82296
6.55753
1.91476
1.72675
4.28058
2.46482
4.29799
1.94573
3.69256
3.73051
1.16457
8.51762
8.59687
1.6184
3.85613
3.73492
4.23479
3.84333
4.7403
3.68935
6.34053
0.769818
4.15858
3.66926
7.46392
7.4728
3.41518
7.75093
7.32889
0.719278
2.08995
6.59637
6.67114
4.46984
4.02978
4.08436
5.71939
4.15592
1.99155
4.15075
6.80397
3.58558
3.61201
0.449236
0.530752
7.61551
3.66528
7.76884
8.02603
1.66671
4.58684
5.22896
8.07505
6.33239
1.83117
4.31725
4.04096
7.5178
4.03554
7.58949
2.03896
1.87257
0.614564
2.76503
3.73516
3.69379
3.91814
4.0274
2.72447
7.25554
3.8166
2.42478
2.35937
6.9616
3.45383
5.60335
2.59686
4.36297
2.1382
4.07424
3.03039
3.64565
4.5041
3.84999
6.78129
3.92901
8.19034
6.99944
4.22206
4.00919
3.36137
7.82292
3.84234
7.96357
7.5479
7.76954
5.4972
6.08975
2.87303
4.4253
1.01288
3.68826
4.57054
4.31777
1.86685
4.69681
1.70174
0.982484
3.61588
4.47377
2.69663
8.01821
4.45558
3.57028
4.45868
1.58805
7.18932
2.7024
2.22087
1.66597
1.48824
3.75923
0.72349
4.2145
2.24206
3.60468
7.38996
8.19792
4.08207
4.40992
2.44326
3.94989
2.85731
1.28309
3.61007
2.1832
2.20158
8.16232
6.71642
7.38939
6.83818
4.74554
4.73495
4.45795
3.47386
3.83266
3.51988
4.4877
3.53137
4.39803
7.4936
4.22862
1.7487
1.22049
3.71007
6.49934
2.1964
3.50937
4.26137
7.56273
7.53502
3.89752
4.515
2.31727
2.81347
7.02882
4.3296
8.00854
1.5025
1.73784
4.17584
4.18064
6.88454
4.0815
0.750538
5.1812
1.29831
7.3909
3.7588
2.449
3.88891
4.38725
0.751908
6.47359
4.57263
5.9118
3.49276
3.57643
1.44387
4.38143
3.79199
4.00277
3.52582
4.24464
2.824
3.85003
3.50652
3.52186
2.50809
2.20272
3.81213
2.42696
8.09555
4.77279
4.00271
7.37822
4.61074
6.73918
3.51743
2.46429
2.46682
2.69618
2.2239
7.96889
8.11776
2.44453
3.91629
2.13427
2.79435
5.03119
4.55811
3.58036
2.82922
4.07215
4.05582
2.69288
4.41331
3.36131
3.59713
8.04993
8.0924
0.787084
1.72549
7.28917
1.29735
0.967415
3.65054
2.39569
3.8384
2.83528
2.03876
1.13074
3.6266
3.32511
6.69187
0.52708
3.95834
2.65774
0.899744
2.94716
0.911942
3.69716
7.99905
7.76078
8.36583
3.26706
4.0006
4.32854
3.34095
7.20942
1.45309
3.70815
7.96943
4.10266
1.13015
2.06141
3.33289
1.97797
2.51334
1.6827
3.66839
6.76501
4.42039
1.16922
1.61098
4.45358
4.62242
3.49651
3.91546
0.79784
1.30128
4.10215
3.77555
4.59277
3.85912
7.16259
2.39466
3.76019
3.3417
0.696475
2.77476
0.541101
4.99824
7.01143
3.74808
3.83702
2.39565
1.83473
2.6206
3.2887
2.16594
4.03645
4.62635
4.68598
8.09516
4.22738
4.45466
9.06474
7.66595
4.74575
7.93092
2.00353
0.984485
3.6325
4.37794
2.76674
8.10408
1.73425
2.3539
4.51163
3.74048
4.47624
5.49145
0.971357
4.00603
4.36935
5.25838
4.60444
7.91274
4.19664
4.51321
6.03877
2.84387
5.38737
1.72884
3.88731
3.7959
7.75116
0.776548
5.66136
4.10459
3.7011
2.13318
3.83705
3.82941
1.56983
2.0829
0.80896
1.505
8.04165
0.933629
3.93988
3.99238
8.12131
4.26953
0.875224
2.81401
3.92012
0.854148
3.41826
6.17528
7.15712
3.92771
2.38472
0.393006
1.49611
6.95889
3.44053
2.55586
2.8567
3.61399
7.52402
3.94991
3.75475
6.11471
3.05754
5.53659
4.45
6.76631
6.46459
1.14717
0.731622
3.95629
0.997349
4.65714
3.47757
8.04145
7.80871
6.79144
1.46916
4.56031
7.80392
4.39066
0.836439
7.09649
6.63193
1.9534
0.654323
6.18515
0.801168
2.97394
6.44313
0.765462
8.12837
4.2169
3.92206
1.68761
4.30487
2.34981
2.00466
2.83479
5.32086
7.78845
2.64197
7.56751
5.64865
7.05353
2.10973
3.89709
1.47961
2.6882
5.64931
0.546595
3.99018
1.70663
1.4575
4.60581
2.83591
3.62439
0.60077
1.04712
3.75539
7.71506
3.29931
3.32091
4.34827
7.43992
7.96364
3.75787
7.76545
0.326896
2.11435
4.45407
2.39365
3.62818
4.33299
7.52605
6.75765
2.65174
2.1116
3.6277
4.64365
1.51692
2.17601
7.32767
1.1368
1.13392
2.83467
3.5445
4.54494
3.99803
7.92942
0.415312
0.691857
1.86553
1.29427
4.32456
7.35944
4.42809
1.95129
3.75333
0.29963
2.38847
1.29483
4.71521
8.12261
4.50971
1.98189
4.15113
1.78819
7.63011
7.11477
3.48629
4.00507
8.2337
7.51837
7.40614
8.53609
-0.0112119
6.39909
6.9182
4.49274
4.12919
3.64889
4.62206
4.41426
4.62587
3.47896
1.31711
0.732202
5.18845
8.02937
0.942141
3.69311
3.44005
0.980709
0.757647
4.38943
4.00087
7.91626
2.69836
4.92903
1.82435
2.06963
3.11904
8.2753
6.73066
3.72799
1.72969
4.69272
8.16603
2.18872
1.94966
4.38957
7.52443
3.91582
7.64378
3.35922
2.1752
1.84186
0.447025
3.52025
4.2996
2.66639
8.15697
4.5453
1.5056
4.04911
3.46884
5.58029
6.75093
4.49294
4.38175
1.29819
4.30193
3.76166
2.40497
7.0435
8.05241
6.75567
3.61758
1.27328
2.89164
4.24181
2.4067
1.94032
1.29613
7.97257
6.78328
5.6523
1.93092
2.36333
3.80515
3.86305
7.83428
3.53594
3.78854
4.4812
7.32006
4.30929
1.45334
5.54888
2.18318
4.26987
3.81791
2.09501
1.77833
7.87611
3.56298
2.21705
4.78442
3.63685
4.07782
4.12617
1.94204
2.76212
0.740915
0.921142
1.87628
3.23356
6.01696
7.84822
0.865202
0.954008
4.31402
1.62071
3.76415
1.50596
0.778135
3.48599
4.66069
1.49929
8.28962
4.10077
3.72531
7.56527
8.01458
0.9003
7.66361
1.92447
3.99667
5.32975
0.949791
3.24686
8.09225
2.08928
2.32353
3.1652
3.54511
1.33386
2.66679
3.60579
5.27496
4.54222
4.71737
0.955659
1.59258
3.8821
7.585
0.777089
8.06724
9.19004
4.62797
4.61184
8.06009
3.54164
4.23401
1.83467
6.78994
2.55811
5.72249
3.21977
2.74109
2.02161
2.69529
8.34248
3.89102
6.13559
8.0668
7.64451
5.82622
0.412984
4.68182
2.43558
7.16551
2.97603
2.32567
1.58836
4.25662
4.62999
7.82655
4.29755
4.32339
4.46074
2.52749
0.968357
4.31102
3.04964
3.02126
4.07832
3.2171
2.11813
2.85007
5.15887
3.29811
1.72881
7.30263
1.05916
2.51892
6.73308
2.50954
6.90102
2.36999
4.42255
8.05522
2.47079
3.61152
3.8448
4.2653
4.56879
3.88651
4.45371
3.54507
2.4982
7.99094
7.42091
4.53934
1.66035
7.83584
4.48108
6.65653
3.54311
3.77706
1.2046
3.72611
2.7912
1.22145
6.99093
4.59421
3.93342
4.01486
2.63119
3.62303
4.35241
0.798833
2.07692
7.62328
6.52054
4.58005
4.19517
2.47574
2.69732
3.50029
3.99861
7.61567
5.672
7.67818
4.19136
2.53282
1.36083
3.72531
7.75856
4.20859
4.49867
4.68303
4.37867
3.60256
1.06852
8.02431
1.71603
4.35013
2.17406
0.902981
0.853501
8.0685
2.09708
2.747
2.14554
1.75811
4.08419
4.38163
4.78066
3.1923
2.80808
3.7355
5.49868
4.52013
6.24484
7.4891
7.43031
0.892857
8.04847
3.52255
3.59132
7.9966
1.40133
6.46502
3.87997
1.00789
3.79358
7.23426
2.80258
1.48723
1.74575
2.03189
7.99574
4.15694
4.30879
4.76007
3.84966
5.31814
2.80644
8.03644
7.42599
4.71876
7.56696
7.76331
7.57809
8.01596
7.46935
2.66875
0.988617
7.93985
4.30405
2.92548
1.04694
2.6783
4.49505
1.41177
2.81075
2.17256
2.4793
3.788
4.55344
6.93499
2.89259
8.73772
7.1118
7.48408
8.09616
1.85933
6.84868
0.260428
1.19869
6.14394
2.50441
3.69342
4.62799
2.84598
3.35837
2.66114
1.49521
4.50132
2.42426
4.40954
4.14255
1.45182
3.80958
5.5239
4.80794
2.82656
7.05274
5.64455
4.4018
4.62827
3.51158
7.25736
7.81101
4.421
0.0687189
6.59211
4.51317
3.87942
7.86474
3.63866
0.870979
4.1112
7.43129
3.16983
3.62154
3.49389
3.91211
7.99399
3.98674
4.24638
5.87099
1.56952
2.83481
0.339397
1.92588
7.928
4.33475
4.2866
0.757227
1.68843
2.84177
2.86563
4.46137
7.87955
4.89641
4.56157
6.85439
2.85302
2.13789
7.30808
2.88222
3.8949
4.30291
3.85171
0.757321
3.85826
2.32597
4.6705
0.74585
2.16464
4.42097
2.08291
0.602454
3.66688
1.59292
2.76336
4.63099
4.3733
2.43626
2.53654
4.23973
1.23613
7.90444
3.70123
7.94551
4.42904
7.98779
4.29023
7.4328
2.39306
2.84275
4.42596
2.11803
3.54615
3.91237
4.53814
1.80554
2.80386
0.915224
3.76085
0.38428
2.80154
7.66438
8.0536
3.57193
1.17355
2.88819
3.46822
1.30654
4.53088
1.65242
4.67786
3.63445
0.21929
1.38065
3.53574
1.41798
7.70978
1.61558
4.57433
2.08826
4.37752
3.98729
2.33068
6.82484
1.61637
1.01363
1.52949
3.5943
6.5216
1.24765
4.50978
0.196855
4.53878
7.1997
1.03102
3.95332
3.55566
6.08278
7.71554
4.07711
4.55805
6.19836
3.7215
6.03706
7.21957
3.49325
8.05588
0.528798
7.98953
3.66258
3.81869
7.14053
4.4456
3.81833
4.1369
6.74667
7.94693
0.696565
4.60255
7.47987
2.73486
7.83865
2.25978
7.66032
1.92459
4.16236
2.45609
3.09559
4.36935
7.31565
4.43831
0.961173
1.54995
3.57629
7.96423
3.33984
0.34864
4.02616
1.92046
4.23797
7.88242
3.60227
4.11778
4.3656
6.79545
3.69474
2.75386
1.02422
3.96883
3.00769
1.95514
1.93927
4.59857
1.94127
4.18459
1.0303
7.85825
4.7715
2.80822
4.5848
8.08214
3.32266
3.58294
3.49561
4.41439
2.87684
0.708675
4.60574
1.67124
3.80854
7.67638
7.63594
7.66677
3.82642
4.32402
2.645
4.03101
1.05157
2.50746
0.772047
3.75159
2.48694
7.53341
4.19775
7.8628
7.18801
3.02208
4.50473
4.35637
4.15274
2.79447
4.61674
3.71393
8.14077
1.30997
7.6471
8.04791
1.39781
4.23744
3.19156
1.53653
1.53474
2.35796
6.14408
4.05833
1.64429
1.51352
3.49892
4.48281
3.23586
3.53348
4.47728
7.47006
5.02953
3.96786
5.61226
0.986462
2.39597
7.37687
2.46064
3.16516
1.62094
2.08457
3.98294
1.72095
1.23272
2.91441
4.23442
7.50492
2.89218
2.39678
7.14487
7.56273
2.64713
7.24136
7.46511
3.77466
8.12012
4.3553
4.31686
1.87191
3.54195
3.58522
4.49464
2.8312
8.55524
1.72074
7.90536
2.82664
8.3775
7.03223
2.82837
3.52986
2.82948
3.16994
7.47934
3.85803
0.804758
2.19367
2.02456
6.27113
3.50102
0.303371
3.54542
7.97596
0.614003
2.35579
3.0269
3.29298
5.72664
1.4989
4.53553
5.41379
1.30754
2.86909
2.7411
3.60794
3.77611
3.50766
3.96846
8.02113
5.49413
1.37525
0.941957
0.949491
5.36166
1.45299
4.54991
7.69947
2.76743
2.63177
2.10322
3.82775
3.89523
4.6289
1.05383
4.01079
6.639
5.99487
0.921106
0.923067
4.0178
4.51022
7.79072
7.31939
0.336742
0.339084
4.24664
1.8151
3.94349
3.83837
6.65063
7.42954
3.25079
4.46661
2.691
2.72931
7.43509
7.92959
7.92805
8.02805
3.78034
4.04334
4.06935
4.56935
4.40762
4.05481
1.90927
4.2855
1.0434
2.73623
1.72136
0.551792
2.52404
4.48861
7.6007
4.52467
2.54643
2.24537
4.64197
4.41864
3.74669
6.97735
7.79982
1.72948
7.73569
1.88856
4.25349
2.70278
2.55442
3.30017
7.84737
3.47615
4.92641
1.74563
1.28748
0.95577
3.50872
1.34787
7.8137
3.95437
8.13762
7.00951
3.97012
6.95488
7.3678
3.95387
2.62964
4.62035
2.77454
3.26224
4.56886
4.28662
4.51915
9.15937
7.78128
1.46298
7.72394
0.851459
2.08825
5.64261
2.72547
6.74551
7.57834
2.71749
3.1112
8.15305
1.28654
3.86335
3.77837
1.9301
3.76119
8.51416
2.6936
1.8008
0.536066
8.40087
3.70782
7.42045
4.84245
4.0553
8.14018
3.82007
3.84224
2.0325
2.34856
7.49921
7.48422
3.98815
3.9838
4.55842
2.89316
3.59037
0.356793
8.13206
3.16843
3.91565
2.05079
4.96879
1.04971
4.01304
3.66927
0.565115
1.04465
3.57765
2.6508
0.871077
4.05602
4.0577
3.28002
1.63477
1.84048
2.5301
0.740728
4.49811
1.04312
3.91491
4.87208
6.96102
7.56029
7.27036
3.2722
3.3677
7.52033
0.447304
1.43212
4.53726
2.04788
3.47317
1.96093
3.30669
2.30629
4.44948
6.15752
0.850024
0.870501
8.08811
2.4097
8.18375
0.513247
5.88821
1.71783
7.61906
6.88481
7.4983
2.55364
3.81669
0.113191
1.78319
4.39393
4.51921
4.72719
2.84095
2.36378
2.51437
0.977429
3.52513
7.66826
2.68385
1.85412
3.67811
0.299657
1.1421
7.86086
7.67405
2.57921
7.62918
5.4211
7.88913
3.4081
4.18423
0.748526
7.80113
3.01867
4.556
4.99005
1.84654
4.31981
3.91354
4.2027
6.20175
3.71484
2.61046
3.70414
4.0584
3.01469
4.19946
2.80966
2.82516
3.79143
2.78649
3.98005
8.79043
7.73245
1.42788
8.07321
3.64089
3.80247
4.5392
1.66838
1.06983
4.69216
1.80611
7.28456
1.97324
8.94615
4.55039
4.32575
7.43307
7.34948
4.71756
2.21094
5.70639
4.5437
2.31439
4.61197
3.20881
3.76546
6.72776
3.62687
5.06598
3.70333
8.08178
4.62132
2.17357
4.93596
3.98711
4.95692
0.63785
3.53668
1.25488
3.78614
4.46719
5.25091
4.08
6.78341
7.83085
4.45573
7.96119
4.83631
7.34595
1.27406
5.39829
4.52839
1.15024
2.5733
4.28323
7.60996
4.20588
1.72146
5.56668
1.6014
0.96988
2.80437
0.795556
3.76394
8.09348
7.67473
4.18622
7.71332
4.00298
1.77227
2.48494
3.9558
4.04965
3.13084
4.00367
4.56874
1.49665
3.48095
2.16944
4.28142
4.37763
1.60213
4.61952
8.11673
2.63714
8.07808
0.569663
5.31922
3.94372
4.20962
7.91591
4.90507
2.06493
4.04321
7.51998
2.06731
6.95898
5.8094
6.37888
4.5157
4.5712
3.81901
2.64375
2.35913
5.98804
4.49661
6.06825
5.3525
2.06137
1.47566
4.74383
2.82112
0.992354
0.997174
2.66066
4.51682
4.29411
8.32302
7.3975
4.41666
7.44205
3.08597
3.87964
2.05702
4.68776
7.6978
4.64048
7.44226
2.2981
1.50893
3.03764
7.70232
4.05096
7.44447
2.67604
2.1133
8.03219
4.54194
2.79189
2.92481
5.83565
4.38574
3.88084
0.197494
3.51577
7.46798
5.48391
5.03486
1.79229
4.49747
5.1768
0.638715
0.998269
1.65668
1.17291
4.42515
7.81042
0.994322
2.77674
1.71599
1.28449
6.06117
0.982491
3.59024
4.38868
4.43858
2.75366
8.06164
2.02231
1.38996
6.44234
4.93345
4.37806
2.58756
2.11537
3.40459
3.69952
3.85726
4.63817
5.17875
8.1707
8.16403
4.54586
7.65748
2.79189
4.60303
0.870877
4.70314
3.07363
6.40976
1.70897
5.36527
3.81452
3.49497
2.03671
1.56081
2.31314
7.8754
2.04059
5.67493
5.48697
3.59024
4.43162
2.4575
3.58825
3.35791
2.41301
2.7955
3.16861
1.65301
4.74679
2.30346
4.62236
2.32107
4.5693
4.5905
2.87289
3.92488
1.28442
5.13941
5.55429
3.80815
7.77741
2.78916
6.61542
5.51083
4.95623
3.63334
0.964654
2.4521
3.11772
4.20049
0.763893
4.48512
4.3701
3.60284
5.73649
8.12751
3.97366
1.73191
3.01739
7.94248
1.85228
3.73198
2.00995
2.38359
4.37192
8.05978
4.4604
2.10373
3.51655
4.69798
4.5096
8.27559
1.2226
8.19974
7.68555
3.21705
6.83173
4.57265
3.53182
6.94446
4.47271
7.74973
4.90494
4.0165
4.62162
3.6199
8.01828
3.81114
3.52216
7.11219
3.85359
2.94887
7.93341
5.37124
4.3754
6.14383
5.63954
5.51641
4.24277
2.82444
7.30984
1.77384
7.44679
5.72144
4.01188
7.58972
8.00747
4.54973
4.60027
1.72877
3.81497
7.00448
5.0635
7.99924
0.211953
0.448864
8.25948
0.823366
2.14704
2.6904
4.13185
1.07882
0.442025
6.91771
5.72434
2.79647
4.53709
5.10206
1.66099
2.80616
4.36333
3.5071
4.15879
4.58372
4.39405
1.60555
1.8009
4.48153
2.94735
3.87766
4.58821
4.46133
0.527228
0.968684
2.37828
0.806545
1.09474
7.87889
4.54384
4.44647
8.20936
2.32697
2.80254
5.4315
7.62632
5.61781
6.27723
3.67555
3.25469
3.33276
5.1847
4.49042
1.64345
7.4077
4.24104
2.71618
4.81102
4.35523
7.93045
7.16455
4.35614
3.78062
6.21678
3.66914
2.60551
2.86084
4.38682
4.49983
0.935661
4.45299
1.07267
1.9267
7.04245
3.99713
7.7253
5.97424
1.5436
4.4172
7.55459
3.54916
4.47005
4.21821
4.29237
6.99805
3.77334
4.64113
6.67531
0.758848
0.602341
1.49934
6.65853
0.802881
3.99488
1.90094
3.84458
4.62931
7.7118
4.99738
1.45479
1.89159
1.32658
2.28673
1.89257
4.62794
4.24745
1.93186
2.96
6.82557
8.29165
1.58654
4.11872
7.45028
1.57147
6.88662
1.51504
4.54252
4.00561
2.40861
1.08968
3.94394
2.75007
2.75448
1.45253
1.49646
3.82351
0.499598
1.47627
2.19453
2.0162
1.16033
0.724981
7.56502
6.8184
7.74649
4.79379
8.05252
3.59435
1.58192
3.742
4.43603
3.50781
4.4015
7.86251
4.62183
4.47133
1.76046
0.819057
5.31293
1.97232
2.56926
3.65215
2.66374
1.9436
3.39304
0.885863
7.43767
2.15631
6.86762
3.97282
5.19565
1.58748
8.13384
2.75119
5.97213
4.44397
3.53344
4.36096
0.539173
1.41441
7.69862
3.99169
6.49831
5.30484
1.074
7.89801
8.07443
0.556026
0.748249
6.35087
2.7819
0.701699
2.34586
1.79042
2.16571
3.90572
2.33858
2.91957
0.884042
1.43121
2.32619
7.367
3.57849
3.58782
3.35352
1.26579
4.85498
3.10775
2.60843
1.44542
7.83709
7.42008
2.80532
1.91121
2.74802
1.91916
8.28593
4.73965
1.54299
7.91798
3.97789
2.74227
2.78964
7.26205
0.85991
7.61753
4.69551
7.1006
4.16036
1.99722
8.23285
7.83463
3.0475
1.30599
1.21187
7.64978
5.87079
0.886911
2.62377
3.77554
8.03043
3.78463
3.80381
0.722613
2.36624
3.81915
6.78023
3.08972
2.81395
2.80439
4.01523
0.845956
3.64707
2.60119
2.07692
1.76605
0.867657
4.16891
2.46807
3.25366
0.961693
2.75247
5.23085
8.83814
4.27609
3.93342
2.48462
4.34819
7.63842
4.44418
2.86017
7.11622
5.21768
2.8619
3.82612
2.82829
4.16969
0.42015
2.13752
2.35127
7.28449
2.62226
1.32807
3.52137
7.42169
4.4765
4.60524
4.50634
0.573282
0.447844
1.606
6.94107
3.88584
4.99284
6.18041
2.87903
6.97993
1.61377
2.74067
8.18896
1.04904
7.07986
3.98371
1.24516
7.75897
5.67954
0.975122
6.34174
8.91969
4.53824
7.94713
4.585
6.99195
7.0908
2.70921
4.0165
1.22304
3.98095
1.15319
3.63978
3.74727
8.30654
7.91235
4.35122
1.72952
5.4496
1.30801
6.50883
7.82126
4.30931
0.901699
7.71291
8.10931
4.80139
3.5416
4.82822
8.06862
7.6622
5.42297
6.70965
8.0662
1.79129
7.46216
2.61056
4.53797
2.09767
2.47701
4.86532
2.74986
3.41175
8.03157
2.0758
5.36261
7.94894
7.37396
3.71545
3.51005
2.91484
2.79466
2.77921
3.6087
5.21667
2.81701
3.18823
7.38217
0.260298
1.06807
1.05067
7.34108
4.50059
0.412575
2.05286
4.38739
5.91908
7.77711
2.59413
3.85962
4.12552
4.46584
4.4449
1.89061
4.56364
4.41726
4.47446
4.76769
1.96901
4.3531
8.16555
2.12377
6.1303
2.72336
4.46736
5.62037
4.62396
1.53894
2.04574
4.21022
2.05479
2.82589
0.392954
2.41447
6.60104
8.22162
3.67417
3.89463
2.44703
6.33123
2.5663
4.46138
2.74283
1.13209
6.90359
7.71945
7.72742
3.72342
4.31788
6.92696
1.13027
7.36395
2.29549
4.40928
2.78979
3.23264
2.89819
2.77005
3.95333
2.38831
1.31271
4.45836
2.82128
2.85786
4.24732
7.03044
0.682577
4.00851
4.04509
1.53736
3.96134
1.63515
2.81206
4.08023
4.26318
2.40293
2.82093
2.69135
0.974969
0.551561
0.767744
9.01912
3.93148
3.21741
8.09964
4.14846
1.7016
0.52836
1.652
3.35932
7.17258
3.61173
4.01031
3.91295
2.76169
4.49043
8.03835
3.18505
4.62559
4.71222
4.08085
7.69563
2.61907
8.18126
2.31336
5.84978
7.35845
0.674762
2.72235
4.41639
4.02275
0.597267
4.24349
3.77086
6.1119
4.41736
5.11544
8.12462
4.49996
7.40247
7.51372
3.70391
3.48413
7.60512
3.90595
4.4796
4.40599
4.43752
2.584
3.0057
2.67126
7.91947
3.70843
1.25585
2.79694
4.29289
3.75846
1.21047
6.07251
7.07336
0.922234
1.96336
1.41586
2.55417
2.86896
2.34428
0.892104
7.15731
4.89052
4.78706
2.56883
2.6402
1.07766
7.38403
0.560233
4.77014
2.67231
2.87083
4.55968
1.06365
4.43358
7.42559
3.84571
8.11985
7.85463
2.22595
3.74089
2.10795
2.58698
7.94852
3.40027
4.30802
1.62709
1.68694
4.29995
4.67219
5.98719
1.9102
1.45699
2.77639
4.74443
7.94828
4.42271
2.05724
0.635507
7.68875
7.66397
2.79122
1.58551
4.1731
3.24672
1.91099
4.12001
2.56061
7.97868
3.7069
4.19714
3.00149
2.77389
8.12986
3.54169
7.63687
6.43706
3.72317
3.21381
4.12207
7.60714
7.96055
0.637333
1.23597
7.88943
2.77469
2.76297
3.69428
3.77967
1.99775
5.74914
2.78199
6.98147
2.85502
4.00835
1.02229
6.46137
1.50017
1.07546
1.88121
2.35516
1.74121
2.53904
2.26147
1.17157
2.34189
2.78176
2.83932
2.05078
3.69641
3.12759
8.02615
3.6775
3.1822
2.65051
2.78377
1.81897
2.81713
0.744786
2.57889
4.52512
4.17497
4.52432
8.2836
1.23587
2.80351
2.79034
2.59039
2.58357
2.53584
1.32931
8.27253
4.05412
4.20237
0.630049
2.75303
4.09216
7.19152
5.42846
1.62637
7.91396
3.64407
7.88773
2.62063
4.56314
3.50918
7.51902
0.366089
1.86759
4.63946
2.81228
2.66203
5.58158
3.81915
1.94221
7.21202
1.07508
1.91454
4.19824
4.15468
4.16567
8.18638
4.40592
2.83027
1.80603
5.44369
2.68388
2.54349
2.54113
3.89677
2.83626
1.56202
3.86149
0.862338
7.12601
1.77846
7.56192
0.492882
4.45094
3.21378
2.51599
4.16825
1.42311
0.643102
3.18826
1.81916
1.82761
4.60677
0.443747
1.49206
2.84162
1.86458
7.42197
8.33111
1.07142
0.744135
7.22799
4.42809
2.95505
2.10679
2.82855
2.07008
3.50509
5.17814
1.53742
2.20916
2.8561
2.77322
0.0717629
1.96891
0.543068
7.97803
7.96949
2.81093
2.78785
2.58355
2.78491
4.92795
7.18804
8.30773
7.39
2.93414
1.49321
3.01152
3.63175
4.62124
0.404916
2.93877
2.76866
2.75286
4.52418
2.19959
4.34768
2.78784
2.53243
7.05613
2.77097
8.16072
7.39499
4.3004
1.04723
2.2497
2.6233
2.35856
2.74899
3.60962
3.61119
8.29094
3.52687
4.266
7.94912
2.50177
7.14456
3.85264
1.48015
2.6287
2.93877
0.964053
4.92478
7.97999
8.54368
1.22839
1.56075
4.69778
4.47107
3.6698
3.78412
6.24473
2.06141
8.00756
4.44577
0.901657
1.70938
3.89743
8.0342
1.48616
4.14494
3.28763
4.5636
8.02858
2.39664
2.87265
6.83151
3.75627
2.92765
1.22772
8.28597
0.926824
4.47133
3.42394
4.4944
1.53993
4.41632
4.09962
7.40523
1.79834
5.44192
3.82265
2.38247
1.127
2.76971
2.77453
2.86751
3.47857
6.82877
3.83279
8.07177
4.35225
2.09351
2.9057
7.00313
2.87356
4.46029
3.69422
1.74617
8.04031
8.00423
2.41471
5.2962
8.07435
6.58242
2.81471
2.94043
0.802212
3.22769
8.07029
4.50724
6.22936
4.16028
8.06479
4.44729
7.30128
0.703405
4.57291
3.89988
3.78342
7.21135
3.61803
6.69376
4.14226
2.79214
7.00742
2.91893
8.17282
4.45929
3.51075
8.03684
4.41728
2.93214
2.03746
1.63562
0.513004
4.51201
2.95936
4.23122
2.0316
1.59568
1.11211
1.22721
3.57318
6.41029
7.80185
4.95678
4.00584
4.29955
6.32464
3.68234
3.29474
7.93565
1.26484
7.98834
1.8153
5.60445
4.16508
3.44826
1.20303
4.49382
1.40525
2.76501
2.81318
0.0812904
4.49039
3.5576
2.32919
3.36365
1.20171
2.54214
5.26203
7.47164
4.38647
3.49453
2.82063
0.850816
4.6315
7.751
1.93577
4.50651
4.4726
0.879742
4.32496
3.02225
7.35542
1.74648
8.12484
0.622899
2.29141
2.88609
3.50435
4.32997
4.66329
3.86691
4.41509
1.34523
3.56487
2.80607
0.862678
2.20496
3.54809
3.96751
4.03918
7.92409
4.50839
5.0976
1.219
4.60133
2.41062
4.19066
2.48354
2.83735
4.36826
3.8131
3.61746
7.32189
0.908978
8.10805
1.9854
2.83411
2.56039
3.56142
4.02329
1.14682
3.84701
3.10852
4.39203
1.99498
2.55223
2.3015
2.29734
3.98089
0.594981
6.87201
8.05227
4.58032
2.44066
3.6269
7.92552
7.69939
2.15756
2.11259
2.66096
3.68723
5.32996
4.70182
9.01314
7.50122
4.48126
4.33935
1.10072
2.83389
1.04955
1.04891
8.20943
1.71394
8.22076
0.754478
1.26858
3.61785
2.72047
2.29885
7.44648
7.42473
7.74306
2.69951
2.20212
3.5161
8.22734
4.40918
4.56573
4.53137
3.00839
2.80434
3.55913
4.57549
2.83189
8.43397
2.89029
4.44302
4.57678
1.29301
1.01508
1.30659
7.55706
5.54556
1.72295
5.64178
4.41992
1.98209
2.82928
4.49922
4.94322
7.41799
0.781339
3.73531
7.76418
3.7476
8.64874
4.50242
3.08986
2.84371
1.27884
4.60867
4.21955
4.95866
8.15837
3.54532
3.60084
1.24625
7.5376
1.74866
1.61592
3.112
4.60399
4.80108
6.7766
8.17676
2.80555
7.85226
7.81435
4.23194
4.4073
3.81635
7.61433
7.92493
4.43766
4.77439
3.85749
4.21984
3.94531
3.03182
2.89724
4.48701
3.8426
4.55214
4.55755
4.53876
4.57098
5.59059
4.20869
0.934586
5.69743
4.00836
2.53395
4.58805
5.91333
2.81387
6.63183
2.27762
0.9032
2.32121
4.16119
1.26322
2.18489
6.37523
5.85381
7.13032
2.55518
1.75051
3.98319
1.1135
3.8553
8.10781
3.8193
4.45021
4.59512
6.15815
2.28559
4.36318
6.67548
2.83953
2.85563
0.78297
7.23154
6.61631
1.97724
2.73927
4.93316
2.83615
7.73749
0.435295
4.08491
0.0575976
4.38978
8.11615
7.99149
4.27672
3.77055
2.20274
2.32319
7.33845
1.27015
1.26402
0.726869
4.44914
2.83345
1.40337
6.4001
2.64856
3.47567
5.0735
8.60937
4.23564
4.3458
2.36872
4.5421
8.46224
6.12983
4.88727
2.9232
4.16064
2.9139
2.41461
2.67491
2.77172
7.77996
4.35964
3.49874
4.96652
1.26071
6.89315
3.75311
2.50968
7.17302
6.6672
2.42117
3.94589
1.74518
2.04262
4.5447
2.54262
3.77572
1.61269
2.88715
0.70205
1.04621
4.13765
2.844
7.84292
4.66649
2.3557
8.45311
2.57264
3.94449
3.39842
0.666406
3.50044
3.71337
4.1892
3.52181
7.7314
8.12699
4.52744
3.36387
4.48405
4.68888
2.34491
6.73492
3.21241
7.72336
8.04505
4.4901
3.74131
6.92148
2.01123
2.52744
8.02461
3.77999
7.97149
7.97537
2.36379
3.29897
0.785761
3.80073
4.91847
4.62512
1.93159
3.63445
2.82264
5.56746
2.01504
2.78688
3.91823
4.54525
2.94806
4.47706
3.88621
7.0666
1.35644
4.86889
3.29926
3.94121
7.91673
3.95763
1.31164
2.87509
2.74849
2.88384
3.49438
8.75245
1.74402
5.34478
4.11655
5.70728
1.54768
3.18036
4.07145
4.62325
1.41098
7.13304
1.86343
2.82063
3.47405
3.73544
7.95356
1.2088
1.52855
7.8362
0.802356
1.34639
8.04187
2.55945
2.49112
4.53995
3.84889
1.59039
4.71763
4.00781
4.05028
2.5785
8.45508
2.32586
1.75301
3.93833
2.88189
2.98827
3.5557
2.8336
2.72418
4.19308
4.16935
2.97314
2.46755
2.64864
7.2656
7.7362
8.15415
2.02175
6.14879
2.88301
5.18112
4.00196
7.77473
7.94502
1.99379
4.27117
1.6036
3.73678
1.6366
4.573
4.61428
3.63081
4.63203
2.86771
8.48894
4.49094
3.3349
5.97062
2.05803
0.0805938
0.919916
4.58923
2.87837
4.02656
2.8764
7.55271
2.71271
2.88231
1.76286
1.18955
0.628656
0.112818
3.801
1.96893
4.99886
4.57938
3.51676
6.09495
4.21224
4.38255
3.87877
3.8997
7.95252
2.62726
4.40121
2.03764
2.31452
1.7475
1.74472
4.5586
3.74601
3.44433
4.46787
7.53281
2.03821
4.91947
2.87138
4.34656
8.07838
3.68737
2.88421
7.20803
3.89827
1.86164
8.05421
5.65448
0.697472
4.84276
1.26625
7.01846
7.53849
1.23925
1.62928
4.46441
1.42502
7.6563
2.47763
7.79178
4.13993
4.47809
1.93782
2.86314
3.86265
1.34984
1.86089
5.44331
3.99291
3.8399
4.20915
3.54677
1.87507
8.04611
0.661558
7.73847
4.01835
4.88853
1.85208
4.46558
2.8708
3.3601
3.80889
4.45846
1.81018
5.50287
4.42842
2.77324
8.45286
4.03382
8.15595
7.98978
4.16037
1.21358
1.89202
5.65755
4.26509
2.96077
1.07332
3.87009
1.39986
8.01662
3.47741
3.60874
1.07738
4.46081
4.45693
2.49458
4.04943
3.47699
1.46402
6.86432
0.556498
2.80262
4.19723
2.20039
3.365
1.58407
1.31942
2.71996
1.90885
0.720984
2.04882
1.67652
7.11069
3.62396
4.12283
8.04944
1.05102
2.70253
2.02942
1.85434
4.4173
4.58115
4.33286
2.52415
7.11953
7.11083
3.94634
8.1014
4.39011
4.02044
2.77025
3.84381
3.89482
2.46988
2.47497
4.75256
3.89197
0.853387
1.87189
3.88035
3.85734
2.0313
3.98837
4.56814
3.80578
6.24899
2.85025
0.828185
4.57483
4.14684
1.90254
2.8274
2.05467
8.56919
8.77931
3.96993
3.75475
4.85266
3.85154
5.03945
4.46835
3.95243
2.65636
3.88103
0.755122
7.88072
3.20292
4.45854
4.22985
4.16643
0.752092
3.93638
0.595178
2.76848
5.20042
7.40014
4.61373
3.1211
7.92342
1.96251
3.17195
8.40823
6.93095
5.4959
1.98662
3.47698
1.00571
6.02544
4.61606
2.8206
0.871724
2.68197
7.84635
5.18316
3.99172
6.56942
7.95538
3.60503
2.9803
2.90944
2.54136
5.31613
3.86236
4.47153
7.74571
3.10782
1.41866
3.28301
1.31906
3.4722
2.59892
3.46561
3.7974
4.57932
4.38876
7.66674
0.901495
3.7598
1.4265
1.19707
2.78647
4.03675
2.11813
7.9317
7.28983
0.656126
4.49418
4.64298
2.16995
4.56058
6.30248
3.61498
7.69254
3.86451
4.33373
2.11631
2.11911
2.35389
2.08277
1.12842
1.87011
4.52945
7.68024
4.65338
4.07375
2.85129
8.09909
2.01244
1.25454
3.5747
3.71274
2.79098
2.47576
7.98395
4.56472
2.65384
3.03266
2.85716
7.30654
4.62721
2.93478
4.4047
3.46301
1.3423
3.50085
8.60864
3.69085
4.07103
2.39802
6.68813
2.77036
1.25662
3.5891
0.777783
2.50904
2.52543
7.27633
7.30432
4.0341
0.784679
2.85124
2.86428
2.02244
3.16017
1.92167
3.08889
2.61359
2.9381
1.67145
7.3372
3.07318
4.24357
2.75712
8.14935
7.99622
1.74218
2.79458
7.41416
4.49753
8.04561
1.10412
2.59063
2.75146
2.80507
3.04135
6.13756
4.62831
2.31736
4.53942
2.26479
2.70364
4.70917
3.40635
2.66795
2.72302
2.75972
4.47788
1.84385
3.84371
2.47638
4.32186
4.59087
3.74297
6.63026
1.09306
2.62842
3.64225
2.78117
7.99381
3.61832
2.66242
7.60855
8.75963
2.73984
4.62291
2.73789
1.9625
7.96201
4.92185
1.28682
3.79435
0.861109
8.10284
3.44585
2.81441
2.81376
2.36644
4.58166
1.80891
4.47125
2.5379
2.81636
3.68346
7.75729
3.78927
8.91864
2.17446
3.9502
7.82589
1.69401
2.32981
1.0812
1.63413
3.47432
7.40125
7.89082
0.772886
1.08904
6.85177
4.43232
4.94571
7.97769
4.91281
5.42022
4.93494
0.913004
3.53641
1.63289
7.14146
4.13383
3.96376
2.79468
1.66338
3.6933
3.97759
2.88422
1.91566
1.16376
4.14959
7.26691
1.43525
8.25816
1.67067
4.62527
2.25375
4.41614
4.39453
4.31381
1.6274
3.81794
2.74861
2.67205
1.55792
4.15463
2.23008
4.12798
0.804411
2.64955
7.9032
7.99389
3.06426
0.131364
3.72725
7.15838
3.09728
3.54418
7.5266
0.548707
1.25428
3.84203
7.4891
8.17055
4.54823
1.09918
3.32231
2.70674
2.84128
2.01567
7.73185
3.7285
0.497597
2.78503
3.82359
1.4245
1.12195
4.52445
3.67485
3.60184
7.57169
1.35824
3.68388
3.87381
2.647
2.748
2.64484
1.99024
1.77761
3.64187
7.41186
3.88793
3.81677
2.67381
4.51031
8.05151
2.9812
2.52724
1.14945
2.7763
4.01831
8.05449
1.71918
7.68188
1.87247
3.42112
3.6944
7.56394
6.03331
3.84662
2.88113
1.97692
3.50992
1.54834
8.01037
4.00618
2.80555
3.30544
6.22054
3.84184
4.60068
7.87982
2.72801
2.482
2.72104
4.56039
1.8558
2.90279
3.61723
4.22406
2.67941
2.26492
2.42377
4.56462
7.90224
3.09246
3.85001
3.06619
2.08796
4.58672
4.13055
3.94816
4.51849
2.74027
1.07085
3.86664
2.69256
3.82523
8.05361
7.86885
4.45461
0.983722
4.18011
3.85419
7.05239
8.45509
8.1603
4.02929
5.44085
3.69402
5.30185
1.91325
7.79221
3.26748
3.69132
2.8198
4.25185
2.61703
1.9133
2.21408
1.46703
1.86513
4.01244
2.88209
2.84296
2.3724
4.87394
2.56168
3.58977
0.724141
4.15321
1.71073
2.57369
2.40823
3.69686
2.05101
0.763922
2.79316
7.79977
2.64321
4.17141
7.78375
3.5494
2.08068
6.9277
1.89303
3.58889
4.51008
3.58229
10.6836
-0.0138352
10.6334
3.68652
3.41584
3.76229
4.15672
2.74277
3.85425
1.98574
2.69895
4.85135
3.82696
5.62372
0.195641
3.70419
2.91438
2.24784
2.02252
3.52227
2.79873
3.11379
2.27642
2.39445
2.48152
3.91349
3.66213
7.43246
3.91176
1.8817
2.83643
2.82746
6.52922
3.7887
2.5963
2.53318
1.92263
1.29309
3.84674
3.75497
8.07571
2.87272
2.69089
2.054
1.9961
2.55866
3.06794
1.71181
2.96051
8.74243
3.92021
2.79988
1.06845
1.09902
2.90583
6.82578
3.3563
2.09882
2.31237
4.117
2.69618
3.27233
6.10518
1.15644
3.34586
1.83278
3.81968
0.814978
6.80578
0.927718
2.29739
2.79992
7.80337
10.1386
10.0838
0.0104985
4.55461
2.81539
8.14171
2.53324
3.60547
2.69507
1.35758
2.85566
2.67773
3.9514
2.77817
2.08118
8.17698
2.71498
3.38088
4.50231
6.085
1.80318
3.6479
4.06476
0.788455
2.52375
4.08222
2.49395
2.41232
0.243884
2.12982
2.13247
1.16043
4.5935
2.08278
0.408554
0.375285
2.64477
2.00761
3.83671
3.66862
3.3197
1.63994
7.30311
8.12374
2.74007
2.00511
1.74762
2.89068
2.84145
2.84794
6.9249
3.77682
2.66783
1.88187
2.75689
2.87689
2.73072
1.14623
2.2464
2.41494
3.95842
1.14119
8.74877
4.41753
5.35011
2.59689
2.06198
2.63257
2.39928
3.6952
3.46808
4.13848
1.94338
4.51989
3.94077
4.46132
0.35068
2.64972
2.67294
2.59846
2.81535
4.10235
0.843736
1.19995
2.02305
4.07203
0.842486
2.47703
2.83444
4.43575
2.79548
8.1361
1.71545
3.95643
2.85665
2.78851
3.61807
2.8076
7.8481
2.61646
3.09215
1.00305
4.25255
7.43977
2.52295
4.39056
2.49841
6.07113
2.65519
1.91027
8.06863
3.85828
7.61539
7.79831
2.08188
4.68461
2.94266
7.71188
2.6433
3.76168
8.00585
2.5785
2.42616
4.80745
3.90257
3.94883
4.31207
8.31969
4.9134
4.58697
4.21582
0.827236
3.71419
2.85787
0.68749
1.87255
3.01579
8.48965
2.91952
0.619284
4.66107
3.785
3.98799
3.96948
4.49806
7.4853
3.6027
3.73594
2.65181
4.39118
2.51917
1.47939
2.81728
0.289336
0.321242
2.82452
2.20024
3.72531
0.863726
2.67225
3.81094
3.71611
2.87393
2.54897
7.56989
6.89121
5.38037
3.36964
1.74507
2.59426
2.33726
2.91724
2.8874
2.07008
2.76786
2.66215
7.99284
2.54131
2.77047
3.08623
1.6141
1.90229
2.62436
9.32107
7.15738
2.5367
2.90401
3.14405
1.49893
1.51366
3.77643
6.99735
2.91417
2.8587
4.41917
1.39711
0.629028
7.04658
8.0307
2.53622
3.95142
2.01852
7.60011
8.06633
1.46045
8.04129
4.25573
1.66367
2.63652
3.78429
3.90379
4.88387
2.66981
2.82745
2.98723
8.17497
4.48473
4.62562
4.01736
0.869616
4.63415
3.57791
2.67804
1.28446
4.53856
1.85316
0.586403
4.65193
1.16773
6.44046
1.41433
2.69805
2.883
8.06148
2.55176
3.77398
2.82003
4.60745
2.74968
2.98038
4.67257
2.2964
4.04712
0.439849
3.87633
4.00079
4.12614
1.43537
1.166
0.866801
3.00864
7.53011
6.11646
3.69691
2.24381
3.58441
2.60027
7.44032
2.60372
2.78542
3.54228
2.86698
2.63242
3.79264
2.56068
2.59944
2.61485
8.60185
2.23296
7.90312
3.56449
4.15983
8.36651
7.34843
1.58444
2.87423
6.39704
1.84288
2.61415
0.77558
4.71548
1.31676
2.78075
2.31537
2.7213
3.89044
2.23509
2.40849
1.83947
2.35729
2.8277
2.09144
7.49203
2.66053
1.85173
2.99891
7.4436
2.80624
7.87264
0.557966
3.64247
3.7746
2.25399
3.63733
2.70849
2.65418
0.786319
2.86694
2.71937
2.41567
8.18509
3.04476
2.0992
3.48726
7.9963
1.53181
8.58572
8.82883
2.532
1.65287
1.35587
2.69695
3.67714
2.95943
1.57893
1.23418
2.65738
1.38964
1.95655
4.42033
2.53054
8.83769
2.63928
2.73849
2.19483
8.45389
4.53406
0.195377
3.02062
0.707402
1.29271
4.01885
2.59545
1.80018
3.71893
7.99729
3.80324
7.75485
4.51611
2.83293
2.68158
2.51836
2.72312
7.63571
1.18107
2.62052
3.53031
3.07599
7.77664
4.53101
2.57816
2.34686
2.63262
2.69197
2.59351
3.49503
4.45229
3.98408
3.65389
4.38722
2.74114
2.96126
7.84308
4.08294
2.30938
2.79761
2.5731
4.56666
1.84054
7.91078
3.14114
4.31979
3.66918
2.45573
4.15696
3.56438
3.07971
2.13103
3.50484
4.15271
3.95869
4.58569
4.32599
2.73784
2.3113
2.06616
1.84155
7.27721
2.6941
2.10745
2.0226
2.26376
2.74391
8.15923
6.79313
2.98666
4.49551
3.96989
2.06774
2.56038
3.81055
3.88948
3.97426
3.50108
7.11299
4.73026
0.924503
2.43099
5.99484
4.50046
8.05029
2.32717
2.65697
2.35981
1.74845
3.743
7.85536
3.45808
0.977174
1.9789
1.36429
2.82884
5.87871
2.27507
3.82549
1.94281
6.28986
4.48231
2.9807
1.784
1.75755
2.41347
2.02196
1.27352
1.87591
3.96226
3.77302
1.60684
2.11569
1.32614
1.64336
7.86335
7.4196
3.67616
2.81858
3.61287
8.12036
2.16531
4.93391
6.65705
8.09752
3.67453
4.14118
0.577676
1.36907
7.56023
4.30194
4.57942
8.07855
3.13173
3.06125
4.54135
3.9941
2.54495
4.20327
0.486331
3.56592
3.68757
3.19238
2.42814
7.49663
3.643
7.27788
0.950138
1.20012
4.29025
2.36191
7.83503
1.86137
0.281218
4.54713
4.19029
3.51638
0.0448485
0.953563
4.16236
1.94702
2.27884
2.43139
8.31163
3.7563
1.76796
5.12032
2.2357
4.10749
2.54274
1.50532
3.99787
6.30692
2.25814
3.51927
2.34269
7.04665
1.28591
4.54891
2.19421
4.57409
4.4271
4.25411
6.70511
4.08559
0.827358
0.758895
1.66258
2.76039
6.67682
2.66735
7.40057
0.501337
1.90656
4.57592
7.03405
4.34619
0.757877
1.34491
4.46427
2.22649
6.98482
2.73219
2.33332
2.82919
0.460632
1.58382
4.15813
4.51781
0.0361078
2.79869
3.84745
2.38019
4.38007
3.9408
4.66287
3.86506
2.79031
4.33449
4.50184
0.91806
2.26081
0.883833
0.833169
2.85733
2.78308
4.04662
4.48277
7.65418
3.71945
4.14634
1.51205
4.15695
7.81953
8.33474
2.3095
4.28423
7.78043
7.57231
0.741416
1.83764
1.4516
4.88986
2.64089
4.08518
8.28483
1.43831
2.03504
2.86127
6.95812
7.27382
1.63241
2.03519
2.60557
1.51523
4.27145
4.53352
2.17523
3.78034
7.72371
2.29173
8.07384
1.02481
3.53364
7.0157
3.86812
4.16783
4.56534
3.59217
6.53397
1.55736
2.03707
4.53391
3.53694
0.747576
2.13216
3.73563
0.828068
0.679301
2.7987
0.564298
2.00682
8.36319
8.01613
1.35542
8.27727
4.45572
0.933304
7.76183
3.46963
0.794346
2.81519
2.28077
1.89122
3.87836
7.53426
3.99182
6.88089
2.37969
4.49151
1.9383
5.0888
2.676
2.89534
7.01052
2.53862
4.51627
5.99183
2.29972
4.3615
7.15625
1.87745
3.97931
2.71074
3.80512
2.00514
2.23323
3.86531
0.940296
2.36704
2.82771
0.607375
3.77566
4.89196
1.84608
4.54404
9.15893
1.77837
2.22993
2.80898
7.96687
3.84052
7.89115
5.29194
1.81297
7.92899
5.36602
2.90633
7.37796
2.71504
8.03377
6.44742
3.58516
4.2708
4.47495
4.5583
4.27867
1.42036
4.73955
1.1822
4.90031
2.88946
4.82371
4.34818
1.04655
4.07328
1.73379
1.00697
7.97894
7.98573
2.02275
5.21885
1.10556
3.17463
5.39685
8.29823
4.41848
2.66452
7.09654
3.82338
2.90537
3.16467
3.89305
3.50131
4.29908
4.21778
0.9027
1.73505
3.80284
7.65356
8.03252
3.97989
1.43899
7.13369
0.586808
3.59358
3.94632
4.37756
3.17158
1.67179
4.47682
4.06435
6.80528
1.90575
7.11988
2.3883
4.64089
2.76571
3.90686
3.67285
0.914198
8.05927
3.60615
4.54082
2.01058
1.60763
3.795
2.8108
4.43235
4.66713
1.00585
5.13846
1.91573
4.61949
7.27087
4.82409
4.5521
0.889309
8.2047
1.45245
7.49412
4.50279
3.18125
7.90382
0.769729
2.506
7.71165
7.41731
0.822935
3.45591
1.59358
2.69668
4.49171
3.74014
0.625739
1.61193
7.93028
3.52414
7.3772
8.17442
3.68403
1.95159
1.00942
8.09147
2.78354
1.08029
4.00964
4.38677
4.13663
3.85613
4.41342
0.269622
4.00454
6.57728
6.96017
2.6843
1.32611
8.12725
8.02931
2.88986
2.52714
6.82938
1.97652
2.67879
3.68047
7.69198
8.18045
4.47857
4.34275
5.69277
0.541705
4.53268
3.50616
7.65371
4.92046
4.18081
8.01531
1.1168
2.77535
2.82332
8.52822
7.8036
5.77886
6.06705
2.85329
6.92158
3.90257
3.56921
2.52408
3.78761
5.34063
1.17807
2.72786
2.25165
4.39485
4.99401
3.88432
4.29881
1.80976
6.43848
3.64989
1.79867
2.16978
6.89802
4.92723
4.43124
8.0347
3.54076
1.19255
7.3402
5.37318
2.67739
-0.00992981
4.29157
2.0427
2.66153
4.38127
3.69267
5.00765
7.97754
4.14917
4.64893
1.67002
1.33709
7.1244
4.53715
0.270643
3.67238
3.86886
6.37721
1.3111
3.47165
1.92093
4.83753
7.39981
4.50314
2.72434
3.60529
4.49903
3.51285
3.90652
3.63399
4.29591
7.50533
0.614018
7.1422
7.44576
1.87963
0.72012
4.12573
7.01449
2.28197
7.50324
3.99391
6.62241
1.3926
0.0111543
4.58825
2.16938
4.2959
7.38226
6.39897
2.1122
1.06164
7.43242
3.8301
0.907663
0.86209
6.91385
1.21579
1.98994
1.79726
0.779991
3.23864
4.39228
1.70339
1.34681
4.29695
3.74501
1.75405
0.874727
0.429161
1.82495
1.36479
1.6411
3.63166
3.11111
0.99988
1.64349
1.16474
1.85258
4.24796
3.77266
1.21525
1.83635
4.5375
5.44682
7.85654
3.07407
4.91114
3.47139
2.98564
1.86578
4.63301
1.73558
3.80241
2.48734
2.79555
4.77767
3.67146
2.79445
7.83307
1.59935
5.14076
3.94541
5.44492
3.97917
8.0388
7.11905
5.35651
5.84776
4.25655
6.68527
4.53705
1.80955
0.895485
6.7237
1.29937
4.38858
4.28458
8.34713
0.849477
3.86744
3.75684
8.12338
3.9418
2.62073
7.36365
4.34644
4.07097
2.75841
4.2208
6.43169
3.74256
3.4464
1.48347
0.402084
3.91424
4.10513
0.993203
3.73468
4.24292
3.75541
7.62444
3.15541
6.59957
3.81703
3.36907
0.805635
2.88585
3.56985
3.66691
4.53785
0.78854
3.08003
3.80172
4.48166
6.06223
3.87431
4.24752
0.394603
4.39437
3.87878
4.47663
6.12905
4.07297
4.62397
0.885928
7.32943
8.00701
2.63564
8.16849
4.66481
1.37779
2.21906
4.62091
4.19813
2.57644
4.30391
7.6759
3.65867
6.26383
4.12946
6.5516
4.18769
2.56768
8.10838
7.28601
4.53166
7.43414
7.42998
6.86655
4.59156
4.4941
5.65655
3.96189
4.32296
7.55014
7.63588
1.19433
4.38559
3.90622
1.23761
7.94363
7.46474
0.511755
4.06013
2.67602
4.38351
7.55166
3.65355
7.89112
3.6767
3.65771
4.50766
0.868679
3.13454
2.73481
4.42456
3.87961
1.81023
3.91368
8.11173
7.97521
2.00126
0.984955
1.64648
0.33279
2.46253
4.2646
4.14019
1.34581
2.79601
1.39915
4.55158
4.16251
6.48583
6.42822
4.8417
2.58558
2.75886
1.63398
4.63346
8.11181
3.64017
0.843111
7.32112
1.75864
8.76208
3.75337
2.67183
1.54657
2.85898
2.80843
4.50162
4.13487
7.41676
6.72775
4.16877
6.60425
2.51245
7.10828
4.54933
7.88501
1.11537
0.753852
0.852839
4.72417
2.15715
3.90824
2.08939
3.9451
4.56306
2.77866
2.45859
1.39652
0.946765
0.890454
8.25657
4.73721
4.53289
4.68962
1.32604
5.78117
4.08904
7.75398
5.61211
4.30571
4.85674
3.2218
2.00465
6.51725
1.4007
3.52447
2.60553
7.7979
5.75595
4.629
7.06231
4.05092
6.15472
3.73211
5.39937
8.18427
2.09999
3.96872
7.52229
7.44186
1.89082
7.53178
1.41073
3.62554
7.75158
4.48189
1.53086
0.34892
2.86507
4.30262
5.62237
1.86072
4.56656
8.56893
4.27315
5.31696
7.5723
1.11732
9.00942
7.85259
1.13843
8.39177
4.46305
4.18051
4.1057
3.02954
5.70474
7.35996
9.06041
8.09577
0.757342
4.44352
1.20045
2.20051
3.8238
7.85031
4.90247
0.885151
4.49486
1.13243
5.09474
0.920596
3.79031
4.09047
6.83847
2.59316
6.61618
1.48169
7.18448
1.02594
4.28783
0.762252
8.1349
4.97844
2.39937
6.34954
2.5597
8.0684
4.10429
3.75054
5.70259
2.88185
1.67359
0.817147
4.4561
7.93642
2.62103
4.39832
7.8951
4.0938
4.41974
4.70746
4.27196
0.97393
4.56624
2.95501
1.15958
8.22851
7.97723
4.50703
4.21417
4.11835
1.92866
4.07387
2.86612
0.849292
4.44764
4.53881
3.86934
3.22506
2.54198
4.55947
3.52118
4.63405
4.91373
7.47396
4.71829
2.20558
1.78907
0.298551
6.05538
4.47131
8.23629
5.37433
1.28185
8.04231
3.09768
3.85409
4.96365
4.0099
0.365787
2.72435
1.35248
8.0486
0.314319
0.484442
7.45552
6.6528
2.53789
1.80027
3.62876
8.0197
7.01225
7.7909
2.40089
3.67338
7.73418
8.15274
2.05957
8.08741
3.86239
3.73151
1.38503
3.69452
7.33826
8.09522
1.64016
4.41875
4.47367
0.895337
3.68584
0.0236538
2.56046
0.78028
0.491751
3.75155
4.85626
8.52374
1.23785
3.763
4.51017
7.94188
2.93129
3.46921
2.31974
7.23564
4.40769
0.0822458
2.77897
2.58818
0.6567
8.11494
0.522203
1.12231
0.697295
6.65809
7.00408
7.33127
4.57823
1.67527
3.66855
1.13295
1.8916
2.85505
2.23428
1.42591
8.3098
0.986873
3.7536
2.50559
0.766248
1.30396
3.65709
4.62855
4.6492
7.08631
2.46165
2.57286
0.372512
0.602777
3.68041
1.90292
3.53035
3.69516
3.93106
4.47454
3.86572
1.17057
0.297847
3.47876
7.89796
0.944621
8.04664
1.82817
4.52567
5.74217
2.4399
2.482
8.54564
5.00026
6.5242
1.93285
4.67399
4.43945
2.70081
1.95537
4.87378
8.28722
2.58141
4.59009
4.25115
7.5044
7.9171
0.876791
6.65225
3.926
1.32482
1.74836
3.78746
3.86409
3.00773
4.39163
4.73369
7.10701
4.33892
2.50236
5.09504
2.21654
4.42749
5.78414
4.15482
6.43754
1.65385
4.04476
3.72953
3.80527
5.84017
2.27357
2.04866
2.26366
1.22117
0.959896
1.51437
4.46957
8.34373
0.748972
4.63075
0.756456
6.91566
4.13475
3.5433
8.36622
7.08413
3.81117
3.77692
6.88937
4.64861
7.90357
4.3119
1.19875
1.341
4.50907
4.63335
5.61266
3.73855
1.43329
4.48791
3.82735
7.82223
3.91968
3.81664
3.61723
1.47371
2.4082
5.5391
4.29707
3.95802
2.93477
1.79014
7.46793
4.53875
4.49888
4.54084
4.31585
7.63827
3.87679
3.99542
4.07989
4.24869
0.770054
1.24419
0.323339
3.46808
5.35048
6.96015
1.28857
1.358
2.38147
4.04984
3.42645
1.89592
4.56119
2.57264
0.864687
1.0767
7.91413
1.35067
5.01075
4.46615
5.64698
3.03092
8.39403
0.802402
3.76295
3.70178
7.68115
3.9389
6.97241
7.83502
1.44927
4.62673
1.44724
4.20386
4.10172
1.08338
4.60913
4.33222
1.80918
4.02679
8.15865
4.40915
4.03714
0.215629
6.09347
4.62467
8.15197
7.88996
6.57318
1.38401
7.95507
3.74307
3.82438
1.1932
7.16927
2.32259
4.09666
3.54278
0.71145
4.56059
5.61251
3.74087
5.51059
3.81287
2.25602
5.4098
1.69444
0.736682
8.12099
1.94247
7.93008
4.03322
7.20414
8.62068
4.55971
4.34604
0.0727525
4.52627
4.95733
1.78077
2.23193
3.88397
3.85818
6.67644
1.33718
5.07344
4.26965
2.05289
2.35997
5.54649
7.9898
1.1521
1.2754
4.52731
8.23741
4.62666
1.92634
1.90524
2.54116
4.02814
0.797239
3.74226
2.7629
7.95872
4.27912
4.33339
2.82108
1.1544
4.31981
1.96013
1.57483
4.45646
8.24703
6.48699
3.66157
4.28794
0.119916
4.56032
7.67889
5.18837
0.821169
3.77475
3.62954
5.56528
7.49123
6.30428
7.79272
5.91217
0.965815
8.07948
3.65409
7.15563
4.33233
2.99559
2.73912
2.78725
1.16068
1.10764
1.26013
5.56733
7.87849
1.15794
3.69694
3.86381
1.15165
0.905066
3.88331
3.46593
2.11929
3.77965
3.21027
0.536271
7.1067
8.17275
3.9564
0.838595
4.24482
0.829573
7.39751
3.92686
1.30603
6.609
4.2095
1.29664
2.80037
4.25188
1.17288
8.22698
2.6985
4.46364
3.80704
1.64592
1.48722
1.02532
7.1471
7.95445
2.8758
4.71588
0.475658
4.75785
4.62751
4.15011
2.72956
2.79662
7.98019
2.75871
6.9061
2.58955
1.30865
4.46664
6.6036
0.2632
8.35237
1.6493
0.170166
1.97484
2.7445
7.71367
1.0899
8.16507
7.64789
3.73513
7.75112
3.47576
1.21006
4.84776
0.761313
2.78079
1.21005
2.5568
1.86722
5.42086
7.19224
4.10676
0.539945
3.70255
4.45982
3.47363
2.97748
0.071353
3.71873
7.09359
7.97658
4.61875
2.21166
1.84576
4.01969
3.21849
7.33926
4.5279
8.20557
4.97189
8.02567
4.68335
4.44128
8.16792
1.93733
1.15382
3.84768
2.75096
2.12042
0.334876
1.84888
2.17711
3.21194
2.70549
3.85664
7.70443
1.05601
7.97729
4.52196
1.40223
8.51717
3.76459
2.18718
4.79845
7.13093
1.77027
1.52324
8.06404
7.53885
3.88894
4.19259
3.7153
2.76134
1.0342
1.87472
7.86678
7.62716
6.16343
3.91105
4.4245
2.45002
7.73173
4.09772
2.19559
1.71744
1.38548
8.06582
4.66158
7.69291
2.79957
0.854278
7.01684
4.01234
2.36701
9.03288
3.82983
4.71504
2.76679
1.7503
4.89938
7.93952
2.79944
8.80415
2.80718
1.29081
2.23474
8.14195
2.80187
6.08065
2.20427
1.6405
5.60444
0.854213
4.459
2.8597
1.70871
8.54125
4.18658
1.98944
2.5897
8.06967
0.469851
2.09174
3.86619
0.790122
2.65888
2.23445
0.921279
6.93765
1.22277
4.30418
1.44271
4.91658
2.91234
4.55709
7.9821
0.821671
3.75714
4.43788
3.95907
7.67513
1.16888
5.01974
2.5033
0.916715
0.784175
3.54095
3.91168
2.8067
2.5982
6.91113
3.58436
7.80185
3.73474
3.19285
4.70942
3.70704
4.27111
1.33473
4.46538
4.17387
1.14692
1.31591
4.85801
4.29149
4.23456
1.88336
8.16009
4.75642
2.75517
8.78341
4.42619
4.26446
4.49928
0.585294
3.32157
4.49852
7.6973
3.62595
0.391466
4.31425
4.08612
7.17007
3.03034
3.71072
7.90273
1.62104
7.04309
3.7837
3.80804
2.17015
1.28293
2.80534
1.13686
8.34562
7.73184
3.23755
5.33315
4.9509
4.00616
1.02411
4.10464
1.53003
2.8678
4.61366
1.35448
4.46165
6.10407
2.81786
3.89038
6.74222
3.59819
6.11865
8.21421
7.95338
0.148905
7.8696
3.00588
4.26235
1.70379
1.20261
4.45874
0.231066
3.95099
5.66212
3.04487
5.45332
3.87939
3.46545
1.58518
3.67964
3.88896
4.24965
4.66492
3.38301
1.67025
2.98153
3.67177
3.63719
3.598
7.50825
4.48927
3.0095
1.74605
3.2435
4.28287
6.71992
2.8998
7.74139
5.77137
4.44485
8.7433
4.32751
1.65623
3.73899
1.73208
3.01456
4.07007
3.82089
7.58174
3.84611
3.83371
0.634167
8.19779
2.29602
7.88786
2.74671
2.37891
7.93789
3.88369
1.50801
3.76586
2.61102
4.44257
2.04439
2.83892
7.39305
4.19823
6.8587
7.49072
1.70128
7.576
3.68647
4.48724
4.97284
2.37988
2.90752
1.78147
4.64411
3.71856
2.82198
4.9198
3.76473
2.74552
3.73459
3.50409
4.69717
3.39407
2.83635
3.43425
6.20421
8.91551
4.53618
5.79105
2.39445
0.24805
3.72923
3.68601
6.50547
3.7226
4.22314
7.83258
4.48833
4.03137
3.85197
2.76185
5.25024
3.73564
1.34191
7.98671
1.90718
2.85435
2.68831
2.79213
8.43604
2.6078
3.87152
4.65947
4.62765
0.689923
4.0092
2.35712
3.44908
6.50312
4.63141
2.80261
7.96472
2.22631
5.06906
8.00591
7.66322
3.9254
7.40611
8.45543
4.63063
2.524
7.87441
3.76354
0.302644
3.25995
0.432415
3.73277
4.64208
4.61359
1.60344
3.77908
7.3456
2.49304
0.692675
4.25181
2.69695
3.14083
0.241574
8.23712
3.47239
0.854129
1.71721
1.01944
0.972914
3.81695
3.56062
7.96198
0.871113
2.82003
1.58718
5.77448
4.31923
0.18914
4.0962
3.46755
3.55483
4.45175
2.16862
0.525605
2.85289
1.97892
3.61957
4.48486
4.35281
1.20076
0.771234
3.19027
2.21309
2.78829
8.16425
2.71158
7.66785
0.71592
1.28068
6.08761
1.59417
1.19052
7.70639
1.31346
3.62652
4.10281
8.06031
2.78783
7.17273
8.08691
4.05833
1.24864
4.26834
4.53213
5.27359
2.79374
3.21083
7.43439
0.471223
2.7443
1.65534
1.32263
7.79419
6.10649
5.39269
0.315024
4.07451
0.762392
8.07912
5.43741
4.43232
8.10211
0.613341
0.915536
7.73949
0.931469
3.8522
2.01913
2.87248
4.29839
7.68425
2.04741
0.638304
2.8104
1.93538
0.421637
1.1092
4.11658
3.52943
1.2155
1.57977
6.64446
1.84224
4.92407
7.20095
4.50171
2.79629
2.21693
7.55726
2.86564
4.94307
4.31553
8.07448
3.76482
3.71694
8.01288
0.871245
3.83653
3.49037
4.52455
2.79083
4.23388
4.32434
1.94718
3.89915
0.199871
2.78878
5.87571
4.54722
4.19393
0.242262
2.21669
6.23918
4.60268
4.16111
8.01288
3.50832
3.36423
0.287832
2.1929
0.836493
0.536726
1.99547
0.974864
4.50615
7.09509
8.22509
8.064
6.05786
7.88848
2.21115
5.44981
5.27119
2.2247
5.45701
4.50968
4.19203
3.76355
4.00469
2.14635
4.00999
1.39117
4.62352
3.47443
3.9396
4.07645
6.02705
6.76048
3.77395
8.39857
7.55952
3.84496
8.24957
0.595075
5.64142
0.66702
8.16623
2.55149
4.49937
3.52123
8.70412
6.13004
4.52823
7.94046
1.84289
1.67384
7.70155
8.11389
7.4364
1.26361
0.931954
1.19607
4.76988
8.04231
4.93315
6.57303
7.52566
3.87953
7.63843
2.05328
5.60492
1.74801
7.5423
0.772044
7.9282
7.21383
2.11489
4.2313
4.31539
5.02018
5.06158
1.20456
4.72037
4.44635
2.05768
2.82262
8.87869
7.51292
8.34418
2.23345
0.873776
1.72589
1.37055
3.66036
4.58298
3.71045
4.88439
2.60301
0.981336
8.07298
2.74593
3.44863
4.74733
7.60408
0.881233
3.64063
6.26999
1.44755
8.0559
0.35104
4.99314
8.1603
1.69603
2.54369
4.45814
3.99438
1.43045
7.24491
2.80874
0.125869
4.70409
4.46106
2.31664
7.86474
1.03608
4.76878
1.56623
6.75515
4.52058
3.88399
4.6107
4.26119
3.34701
8.43586
3.04103
0.514143
2.34668
7.17511
7.39139
3.84015
1.98355
0.84758
3.90366
8.39088
3.78554
2.30529
4.56073
0.863372
4.26939
8.12415
8.0412
7.94064
7.46552
7.34988
7.98388
4.26382
1.17524
5.09058
5.32541
4.54222
5.95927
2.7975
1.49616
2.02944
7.25613
0.871891
2.4946
3.46412
2.57515
7.56431
1.78082
3.76112
3.91263
2.94985
1.85773
0.648328
7.92347
1.41368
3.79602
1.62013
4.49478
2.20068
5.43005
1.25772
3.22772
3.90835
2.89265
3.83966
1.13192
2.67799
0.98406
2.59571
1.34445
1.58073
3.87405
2.10866
4.61795
3.84858
5.42471
4.29051
8.45641
2.99736
1.42372
0.792055
3.00978
1.23339
1.62337
4.30127
3.56072
7.62325
3.44294
4.71513
2.83335
1.16518
0.552428
2.31371
3.66346
3.60591
1.26456
2.76419
2.56118
8.01277
0.739507
7.35585
4.48266
2.51621
7.51786
4.51837
4.53992
4.14845
4.02757
0.934889
4.54332
3.82826
3.92378
4.0908
0.210107
0.750604
8.29573
4.04024
2.34658
4.67246
4.53214
2.45871
0.850358
3.26303
2.12797
7.10757
7.9571
2.80397
2.58129
1.33451
3.57433
4.30082
3.88321
1.70757
0.674884
0.892659
3.91815
3.71874
8.15555
6.98673
3.66389
1.95418
7.71739
2.14976
2.62522
5.58693
2.93866
4.39381
3.0864
3.70684
3.48877
8.03536
4.18365
1.64187
0.391811
4.20791
1.18691
3.79994
4.64293
7.22025
5.21297
3.83356
7.71722
7.58919
1.51236
1.81794
4.05583
3.69159
0.76899
4.4459
2.25097
1.03793
6.70617
5.04089
2.15826
2.69299
3.68407
3.87016
1.97713
3.51804
8.51325
0.35534
2.59201
4.12105
1.21278
3.55685
7.45145
8.53734
3.71694
4.69419
2.05163
3.48469
2.86078
6.70945
3.75075
3.97649
2.56198
2.93451
4.69855
8.26115
0.964584
3.76643
4.48147
6.69549
4.52454
4.90047
8.10522
3.7163
3.69912
2.20403
2.79814
1.03432
1.90949
1.35232
4.51867
2.8274
1.95207
4.62424
5.02846
1.54091
3.83254
3.93483
1.57473
6.91621
1.05863
8.06112
6.14689
1.70756
4.65848
7.41535
7.02843
1.27085
6.57069
4.25857
4.62371
4.42581
0.230478
1.61322
8.07352
5.77772
0.919691
0.413565
2.57907
4.44149
8.15257
4.60346
3.49411
4.09399
2.78797
2.41604
3.81283
4.49671
7.074
2.54612
2.56173
6.852
2.48393
4.57147
4.27668
8.0537
1.69429
4.14759
3.57269
8.39526
3.86633
3.98915
2.07361
3.61177
7.01791
4.79541
4.54954
0.395876
7.23252
0.355435
1.43317
1.07248
4.54528
2.56631
0.778806
2.76575
5.32682
4.61553
4.60953
0.930688
2.66684
7.33707
0.15146
2.72988
4.5468
6.7983
7.73084
2.68254
3.74338
4.73192
5.65351
3.8189
2.99417
4.43501
8.04484
7.3685
0.533155
2.24405
3.78611
3.65528
1.02362
4.36347
2.85051
0.278029
3.73347
0.817327
3.9466
5.97604
6.22116
3.78274
5.36923
4.92836
5.00022
0.92414
1.07891
0.0694949
3.7251
0.373666
7.50067
5.19788
0.417514
4.29204
1.20547
6.53488
4.26818
0.773772
3.09115
2.19424
8.0527
1.56521
3.76591
1.90444
7.24144
8.5606
0.275757
4.78963
0.159934
4.344
3.8694
3.92517
3.67292
4.6414
1.5098
4.40646
6.13239
8.44055
2.87455
2.67707
2.80852
2.07082
1.6971
4.3529
0.758512
2.69381
4.7516
0.706816
8.04776
5.91056
2.74912
7.79153
8.11488
1.17623
7.82545
7.67691
4.56339
6.51491
2.74258
2.09312
4.19001
4.62679
4.10598
3.19056
6.77024
4.03871
6.40794
4.31885
0.429846
1.76101
1.0287
2.20091
8.58288
5.91153
5.49714
1.9019
5.17326
2.70142
3.74398
8.08512
2.31818
2.79816
8.23269
8.21515
4.51442
3.7866
4.74236
0.751184
3.54226
1.00168
8.06926
1.97166
6.62096
1.93524
1.59066
3.52442
6.84723
7.22984
2.59734
0.577639
1.42188
2.82369
0.184473
0.460472
2.52413
3.22035
6.99557
2.08335
4.76279
4.93282
3.60169
1.42509
4.35242
3.60396
0.936753
2.19244
4.52003
2.48487
3.82431
4.12629
3.88218
4.46007
1.84738
3.33292
3.50858
1.14107
0.197209
7.14555
2.83384
7.59516
1.40412
7.78808
2.90048
6.85578
6.10785
1.52185
2.87768
3.8114
7.26739
7.30761
3.91957
6.8961
4.33314
5.06593
2.78586
1.11962
1.9448
3.74498
4.72724
8.23871
0.409725
2.81027
7.03113
3.53127
7.86191
4.36171
3.80385
4.39267
6.95609
4.7558
4.09311
7.99164
1.1559
6.88146
4.46958
3.90872
2.63355
6.06361
7.30426
3.62407
2.49984
2.1247
4.55284
0.733326
1.36358
3.56086
2.17382
6.61746
3.56004
4.62912
8.38125
4.14487
4.51471
3.80226
3.76804
7.88198
0.174918
6.9741
4.36397
6.73248
1.63369
1.04948
8.01488
4.53268
2.75413
5.46446
1.69163
2.18204
1.39334
5.62455
1.55276
1.8708
1.30213
7.80156
2.7693
3.69269
4.1844
1.27399
5.93453
8.48173
5.29458
1.06615
5.15663
7.15445
7.88665
1.98799
4.43316
3.04274
8.41182
4.51815
2.71552
1.72094
7.87886
3.63409
8.05193
0.130555
0.580064
1.68599
7.23299
7.2062
6.07725
3.45475
0.874573
3.61731
0.758351
8.16296
4.7075
8.28796
1.96969
1.52565
7.61621
3.91698
3.84694
7.82247
1.54056
6.29476
4.561
4.43934
6.05076
5.2201
3.64593
2.73015
3.14988
4.26245
7.71068
5.98619
3.93973
7.94728
7.26178
8.3628
4.5291
2.80213
1.7454
6.4838
3.72928
8.17765
7.85297
3.59158
8.09588
1.12544
4.30104
2.63681
2.79508
4.27327
9.06218
6.51676
3.03074
4.18884
4.4711
0.83638
0.82551
2.47411
7.09045
5.48582
4.73783
2.49771
3.48713
3.42093
2.77955
5.9738
1.56669
0.829711
3.47827
8.84983
6.00134
2.81512
7.58936
3.28324
1.55479
4.20513
8.33373
4.57035
4.53941
3.7425
3.88565
1.79012
0.237878
3.08223
3.22096
6.92491
4.07682
3.89176
6.44711
0.237223
4.94989
2.19001
2.87419
4.50069
8.12262
4.60983
2.19112
1.38053
3.84536
4.27718
2.08461
4.33134
2.11356
1.56506
8.68643
7.96804
2.49365
4.27939
5.47538
4.36167
3.04138
1.90422
2.11273
4.21601
3.7794
5.57968
4.02149
1.53523
6.66229
5.75302
7.46944
2.18498
7.963
4.44771
2.13848
7.26211
7.698
1.43013
8.92837
5.97789
7.85008
3.83063
2.09242
7.7626
2.68797
7.25871
7.14459
0.761013
5.73687
8.2089
1.41115
2.02687
7.9827
5.82349
0.998942
1.21462
1.79133
4.55487
1.27354
0.109539
3.78187
0.775261
2.87564
4.89368
8.57267
1.75073
3.13707
2.8289
7.34368
3.6956
2.16341
8.19378
7.21047
5.71492
2.78684
1.89209
5.48071
4.4606
7.21989
3.83641
4.34129
4.32241
4.91918
1.74111
7.76246
4.53886
3.49303
2.83042
6.45624
1.96307
3.75213
2.83868
7.91166
4.45948
4.18421
3.70389
3.7897
2.03837
3.76245
6.48081
5.77704
0.995305
7.17358
4.54247
7.80136
4.31638
2.1362
3.88914
1.5281
4.56737
0.611005
7.11497
1.8428
3.58881
6.45702
2.72584
2.07775
1.56464
2.1144
3.67515
3.99534
2.20794
2.76127
3.7652
4.5163
4.76188
1.59679
4.35602
4.56333
2.73391
4.48378
1.7433
3.84095
1.29597
2.83597
1.11406
7.32879
4.75122
4.47003
3.23968
4.60155
0.315226
5.3757
4.55084
2.68087
7.38234
3.74042
5.42215
3.75276
8.09306
3.12806
3.81783
8.51647
4.15987
2.25955
1.64264
1.40038
2.79961
0.978323
8.07861
3.82175
1.64617
7.45535
2.06931
2.80643
3.68591
4.18571
1.54156
3.46564
7.45672
7.86368
7.58013
6.49626
0.996667
1.15971
7.82344
4.26145
7.96868
3.70209
3.76884
3.17174
4.68144
4.04277
4.59049
4.59914
4.50182
3.65161
6.14486
7.79688
8.07459
2.06796
4.33764
3.74424
0.74271
2.47536
5.50389
3.81388
4.44799
4.37299
3.59152
3.48144
3.76059
4.54661
4.30495
1.23668
2.89003
3.85162
1.06699
3.70154
8.1225
0.950633
4.50215
7.62207
0.659904
7.8968
7.24676
0.112473
2.54259
6.3296
8.09188
4.60124
5.58221
2.06519
4.04607
0.945468
4.43174
0.395159
6.89115
3.99957
7.89001
7.72475
1.93178
2.7371
3.49148
3.58048
2.62358
2.93514
3.58544
0.262781
3.96981
3.56545
7.89026
4.43767
4.40058
8.10323
6.55314
1.45161
7.26467
1.99582
3.33528
4.61242
4.50353
3.54927
4.09466
6.1965
4.62411
7.50195
4.33659
4.26937
7.28492
7.97649
2.77487
3.58359
8.09223
1.12828
4.28342
8.50372
4.18
2.78709
4.5864
7.78705
1.91228
2.21946
8.07154
3.533
6.60596
0.350448
1.86402
6.58289
0.711691
8.24976
4.52203
4.29666
1.47112
4.04093
7.78072
4.44294
2.26566
4.45165
4.45403
0.403578
2.72171
1.7146
2.57347
0.622451
2.77712
4.32236
2.70886
3.8304
2.10574
1.57856
0.893578
3.58612
3.41591
3.47986
4.32023
0.824283
1.2865
0.503034
7.9907
4.61856
4.68448
4.39124
4.35924
4.07396
2.02136
3.80956
8.06313
4.51214
3.72062
5.41754
2.98502
4.48508
4.28133
4.0882
6.82653
4.41907
3.96487
3.59814
0.00839254
1.70965
0.978648
8.38248
5.38218
2.80932
7.43102
8.34176
1.86812
3.53455
1.70412
1.99776
2.89225
2.68801
6.97623
2.71696
8.17544
4.42038
1.32063
4.53979
1.14535
3.14554
8.38365
4.2244
8.0233
0.566364
1.59455
2.09968
3.88105
0.659535
2.20903
7.98106
0.96199
5.6093
3.31359
0.534016
0.975479
5.8821
7.70671
4.36067
4.34218
8.29505
3.46663
0.579109
2.06762
2.65868
7.57893
3.68626
7.89894
4.07059
3.6272
0.474162
4.39501
3.8401
6.23337
2.83059
2.70029
3.82161
4.4662
5.68837
1.9412
4.11366
4.37295
2.2906
2.78065
0.646729
3.84796
3.66849
0.02164
3.69476
4.70764
3.91994
0.591489
1.26175
4.42713
2.96212
2.67804
1.44579
1.73056
5.32105
2.7605
2.35771
4.06507
0.997872
4.67718
3.50876
7.51285
0.0782552
4.67262
5.93209
3.11501
0.182679
4.52846
4.3998
6.97562
3.92368
7.92108
3.60239
4.35179
1.29578
2.82116
0.0359403
1.25204
3.93916
4.44053
2.69941
1.28989
2.06544
6.47803
7.06686
7.92341
0.507493
6.30401
5.94048
4.58277
8.26267
2.65615
4.85
1.89136
2.7204
2.74925
7.96104
3.66679
1.95629
2.30914
7.1213
3.82495
2.86736
3.76513
7.89314
0.723183
7.92725
3.39296
1.68688
4.0186
0.983232
2.05291
7.93319
1.57769
4.03353
4.42731
1.34762
3.83678
3.58994
0.937688
1.63024
4.76799
3.48358
4.84007
0.927979
1.94464
2.62997
2.14379
1.26887
8.17937
0.889484
8.0833
2.44648
2.78344
2.88259
3.87755
4.15979
2.10424
0.212061
3.96975
4.71401
2.75791
4.42357
1.98411
2.62612
4.05325
7.77731
1.81204
8.16273
1.67935
4.35578
8.53967
6.38874
4.66041
7.59727
7.82085
1.61482
4.60986
3.92243
2.22751
7.79999
4.4281
7.96857
4.37119
7.19313
2.07704
2.75943
8.07737
5.54956
0.756533
4.54247
7.41827
0.476901
7.94044
5.30616
7.14254
7.85838
2.92355
2.68565
2.88725
8.0393
7.90841
5.69698
3.65425
3.88866
7.76395
2.45479
2.31674
4.40521
8.08546
2.15498
5.34831
0.317498
0.565389
2.7208
1.72283
7.19459
7.97168
4.45378
1.19013
4.13159
5.46157
7.94722
1.31038
6.42397
4.558
5.43744
4.46382
0.513476
4.62088
6.1383
8.64098
1.94139
2.76344
6.73466
3.92672
2.18572
0.822559
8.05762
7.72236
4.01615
5.54528
8.04042
8.21112
1.11025
3.61463
2.36835
6.93338
4.60946
1.28471
1.02035
2.82847
1.13036
2.24503
4.46865
0.455654
4.55694
5.81241
1.24216
1.69963
1.84018
0.340463
1.62781
3.77204
3.53697
3.54862
9.06303
3.61302
3.69787
4.43211
2.77967
3.55481
1.34312
3.66058
4.93664
1.83613
2.83366
0.290882
1.46736
4.23146
2.09743
7.60994
3.70406
5.70694
3.08094
3.6379
2.56732
2.37585
3.65793
4.15384
6.76503
7.87219
8.11369
3.75291
1.72454
2.13627
3.6565
7.98706
2.87593
8.02348
1.68637
2.73823
0.810743
4.46555
4.48375
4.79924
1.16391
7.10528
4.18997
4.3387
0.734658
2.16383
2.71543
4.46833
5.39718
6.55398
1.30718
1.05166
7.51174
2.64059
3.79797
6.31215
7.61751
0.795786
2.17482
3.03648
4.93158
8.17269
4.37285
2.80725
7.96835
4.5501
4.76845
4.54813
8.19136
4.99735
0.0367667
3.5853
2.58868
3.72368
1.2499
2.73082
3.62242
4.33331
4.63074
8.14703
4.66065
2.67765
2.64299
8.08701
4.05578
3.67826
7.52829
1.21222
4.61678
4.32274
4.40384
0.374889
3.99316
2.65177
4.14909
1.81877
3.53592
1.21337
4.40784
4.44965
3.54384
3.80659
3.9387
3.92933
2.43549
4.3628
1.26105
2.84361
5.99443
2.15865
0.94245
3.62563
4.70368
7.04209
3.01435
4.67115
7.97282
7.75874
0.737573
4.40923
0.624622
2.535
8.03368
4.0519
5.46735
4.40941
1.27071
3.63535
2.18295
6.23504
0.794098
6.71288
4.01402
4.54359
1.26297
1.48565
1.16244
8.29742
7.36094
1.65231
7.86172
3.73715
0.899536
6.29449
2.11953
2.65491
4.17859
2.39723
4.95436
4.19502
2.20226
3.76251
7.87829
2.60631
2.92908
3.98791
8.21389
0.613022
3.89294
7.90325
7.81336
7.78917
7.34132
3.61222
7.93297
3.54276
2.79139
2.18173
2.69805
2.9155
7.47564
3.85593
6.06301
1.42836
5.91858
3.66484
3.65017
5.17333
2.14486
4.64096
8.61924
1.30935
2.02301
1.67373
3.56838
7.94237
2.86966
3.80104
4.02508
4.46339
0.942303
7.77943
1.31603
6.17294
0.118127
4.32908
4.84487
1.91812
1.41108
2.87952
4.30389
5.94399
3.75343
1.48708
1.02381
3.53117
3.83067
0.726478
4.52105
3.83119
2.08698
7.28918
2.05485
0.749722
2.80313
4.71044
6.73086
7.88674
0.156659
1.6054
7.02833
8.5989
2.70368
1.76263
2.26071
0.279436
1.20555
3.50749
6.91744
3.62268
1.60848
2.68927
7.13545
2.90371
1.18893
0.843537
0.320537
3.33439
0.89979
2.1719
4.62614
7.79938
7.87194
6.79077
3.49511
4.44405
2.8021
3.78077
8.04939
7.32235
2.56471
6.9253
3.86844
2.07434
0.462681
2.56241
1.12569
3.56761
1.85095
4.52438
2.82752
4.41005
3.16464
7.0788
5.40225
7.87175
4.53413
3.02416
4.35438
2.14775
0.823538
4.52754
3.56248
4.85531
4.49392
1.67246
1.59387
1.26052
2.84604
2.0231
1.86423
1.31295
1.66015
2.15544
2.42433
4.03652
1.68804
3.70751
8.09343
0.320052
2.48998
2.23602
3.62588
0.258817
2.72445
7.89877
5.91359
2.21466
3.86576
3.09126
0.790166
3.69687
4.72505
4.91198
0.717284
1.20151
3.8225
3.67584
3.67014
7.98517
6.89952
4.0696
4.17572
4.36825
1.07055
0.825798
2.56109
0.960635
0.755589
1.0552
4.45988
2.08735
5.76728
7.15322
7.97788
0.987483
6.77018
3.51873
3.61388
2.55791
7.77727
1.5009
1.82307
4.34669
8.12619
1.64965
2.65833
7.70569
3.82817
8.30714
5.76574
3.76989
6.66457
4.64457
2.5406
3.77419
2.65571
1.57852
2.88487
4.3964
3.59854
6.9021
3.92964
2.7574
0.853318
1.565
2.7131
4.57635
7.30462
3.59062
3.56848
4.4042
4.06661
3.67039
3.52138
4.54656
4.45501
7.7661
7.67997
8.20415
3.77138
3.22075
5.38472
6.96025
2.84318
0.218457
4.47463
4.36865
6.63328
3.9243
3.02191
7.85974
7.69279
4.3803
3.75043
1.31819
4.16418
0.740902
6.19207
1.62483
6.45261
2.7897
7.41112
2.16184
1.23317
3.4681
6.68369
2.12209
2.76886
4.58117
2.47147
3.3243
7.90142
3.88208
8.4031
4.67754
1.0603
4.29091
0.377881
2.44131
1.97113
2.88246
7.80171
4.66598
2.86877
3.58569
4.68614
2.8221
8.04804
3.35248
5.18447
5.79147
8.19345
8.32507
7.4662
3.22263
3.5396
1.67789
4.06863
4.05737
4.09765
2.88773
3.7293
6.39723
4.31985
2.41117
2.70544
4.25576
2.57444
0.895102
4.40071
4.52496
0.607524
3.80974
0.383882
2.59843
4.4221
8.12631
1.62262
3.75407
7.41822
3.85584
3.34226
3.6018
0.398293
5.96642
0.99833
7.90575
4.62273
2.97155
0.458847
3.54378
1.40146
2.86978
4.62273
1.14497
3.72894
4.40081
3.99884
3.8225
0.0935359
2.02075
4.12217
2.93767
2.86602
4.58985
1.7518
2.32271
3.37732
4.80618
8.09059
7.9445
1.52
4.04729
1.92372
2.72788
5.4133
2.94774
2.66569
4.2124
8.70066
5.42789
5.16492
1.48627
2.87159
3.58835
8.0278
7.83624
5.4862
4.17972
2.85801
0.974079
6.63221
7.99516
4.14174
7.551
8.13096
0.873285
2.60011
3.93488
0.791468
8.69637
0.161725
5.90646
2.89155
1.85402
5.68044
3.36602
4.8605
7.73962
7.54291
2.52283
2.62129
7.97036
8.96453
2.17488
1.05462
1.53872
0.832411
7.85801
6.50317
3.53439
0.747362
1.41536
3.04036
1.04871
0.109496
1.56463
3.36033
0.673581
0.3462
0.236946
0.720628
5.61756
6.2172
4.41662
1.40954
2.49346
3.09581
2.87655
3.27216
7.19962
3.91295
8.63522
3.80074
2.10185
3.61743
7.43404
3.44476
2.64571
5.15533
8.09301
3.68187
0.73833
2.58199
4.59863
1.74186
1.66016
4.51489
5.94405
1.3572
0.919344
6.08778
2.04462
1.57346
6.2789
5.85537
1.4553
4.5428
3.12116
0.728958
2.6268
4.03525
4.88087
6.02369
2.52361
5.3953
3.61931
8.46687
2.62232
0.34309
3.40098
7.53258
4.84996
2.73346
8.78426
2.85191
2.82241
2.055
0.65312
5.52027
2.39992
1.3331
4.5487
0.38633
3.42589
3.79637
2.72926
0.715123
3.47072
4.07429
7.12092
2.5859
1.62408
5.48869
1.64999
1.69708
3.93835
7.98699
3.18845
3.81283
8.06571
4.41543
2.63924
3.27208
4.17443
4.55107
4.62541
4.42243
3.42106
7.4193
7.99796
0.331989
0.423297
7.95074
3.21841
3.30143
7.66851
0.676103
4.46136
1.60305
1.05959
3.81011
4.45077
8.13826
0.937539
4.76736
3.14093
2.64378
2.56335
8.21042
4.52507
3.01509
8.91048
4.0289
7.30525
3.818
4.40772
4.71278
2.06408
8.07518
3.56022
3.79417
0.92558
2.92869
2.89563
5.62641
3.17116
0.338744
7.37958
3.75766
7.83896
4.75853
1.42382
2.81137
2.90847
6.71298
7.99603
3.96897
7.91898
7.92664
2.59202
4.48339
4.3973
8.32083
4.15763
8.26412
3.2859
1.68641
1.2529
3.8276
3.62646
3.97773
0.844553
7.64458
2.55044
3.56946
0.734562
4.48566
2.75435
3.57175
4.21261
4.41181
3.91869
3.30343
3.57235
3.38725
3.47069
1.25827
0.403872
3.23672
8.58097
1.53148
4.47583
4.59462
1.59098
1.19871
4.61089
3.54185
2.80523
3.52675
2.82607
5.67018
7.70752
8.52663
2.76344
2.90987
7.80465
2.78933
4.46679
4.36649
8.12449
3.5149
4.31736
2.62849
4.16888
3.62146
7.71843
4.04472
2.92754
4.02326
2.98723
7.68435
1.09926
2.84298
1.58923
2.67763
2.10492
8.09061
1.09521
3.70724
4.52908
7.31149
4.42522
2.97237
3.28657
2.87354
2.88568
4.31751
2.54854
7.79181
5.25751
3.70773
8.00973
3.29172
4.01416
8.37333
4.49821
4.94116
2.8986
1.24926
6.24225
7.39501
2.86768
2.95669
8.07465
7.88225
1.24678
4.56042
8.06307
1.71042
1.67705
0.658863
2.84232
1.01311
1.23356
2.12513
1.42932
7.43355
2.56218
4.24706
2.72247
0.609396
2.02217
0.837953
8.15382
1.16482
2.33609
0.751379
3.48396
2.97879
6.50625
4.19095
1.99382
1.9259
2.79779
4.66215
5.56737
8.09625
8.84022
0.0750744
0.784256
8.05064
1.40233
6.78227
4.16951
0.647427
3.61043
4.58549
1.23825
7.46157
3.55867
1.15477
0.314098
4.62406
6.94029
0.85486
2.60154
1.63953
2.76772
1.67574
7.88037
3.8943
3.84023
2.98588
3.66563
0.184026
4.36657
4.36994
2.90014
1.06254
6.80214
2.72534
8.00827
4.57205
3.78058
1.69774
2.42481
3.26265
0.625786
4.04081
1.92523
3.2741
4.38052
2.11445
3.65181
1.71952
5.88385
1.46623
6.71768
2.49538
0.837352
4.65391
6.17628
2.3031
6.97661
0.615867
2.95584
4.68125
0.350396
2.10414
8.08266
8.25186
4.54703
2.28012
2.57533
5.64388
7.54202
8.16285
2.80608
3.25199
2.58277
1.92368
2.64169
3.02513
4.65247
1.15058
2.85748
3.62798
5.22365
2.7322
3.24962
6.70573
3.48051
2.03551
2.59561
4.47021
7.9363
6.14425
7.63772
4.65071
3.8093
2.89594
2.52699
1.75082
1.015
2.8306
3.73932
1.4758
2.93437
4.27181
7.11115
0.219534
3.59043
3.94476
7.72705
1.02227
8.39552
3.78903
2.58981
3.87742
4.43854
2.71965
6.63729
4.44774
4.15291
4.47809
4.20207
4.75272
7.27314
2.72437
0.614409
2.33589
4.52081
7.91496
8.88844
4.90222
1.61219
2.59309
7.10148
6.79365
2.85631
2.24858
0.817883
1.90001
0.575113
4.20051
0.699207
3.88935
4.45753
4.64168
1.37569
2.63574
3.81831
3.09159
2.09646
8.74159
4.519
1.32618
3.91318
1.29474
2.66033
3.56008
1.17703
7.98188
1.2074
4.16529
4.33741
5.88788
4.57902
2.72749
6.2577
4.40928
0.71676
3.72002
6.70387
0.752048
5.88279
3.10443
2.87827
2.55947
1.25796
2.59764
3.30865
1.21283
2.42299
0.769852
7.69294
1.37905
3.182
1.90367
7.72018
2.36835
7.48088
1.44798
2.56417
1.28637
2.03466
4.36579
6.27714
5.75033
7.7058
2.71375
8.02795
2.09459
2.25417
5.99752
2.58448
4.93832
4.33502
4.15926
2.9315
0.766527
0.728192
3.7169
7.95667
4.56181
3.66329
4.12914
5.58366
1.24561
2.75978
1.22208
4.10676
2.71553
7.63596
0.773778
2.51389
5.57629
7.71304
1.76897
3.90645
7.4364
4.55782
3.81483
3.03337
1.49585
7.51179
1.59509
6.52645
0.29993
7.27103
1.631
2.7853
4.46128
1.96253
2.88613
2.0968
0.83212
3.80802
6.98409
5.42156
2.7463
6.54713
2.80823
8.1848
3.51032
3.06138
3.882
3.75135
7.74713
3.96654
3.67602
4.79257
1.24163
0.711376
1.39271
4.48331
2.72584
4.52276
2.70978
0.995111
1.2859
7.00101
0.805942
4.78287
1.61976
2.56436
6.41186
2.36811
2.33804
3.92649
3.53478
3.97637
4.51936
3.24309
7.93445
0.869028
0.200553
7.56816
4.53598
3.62476
3.92038
3.6035
7.27624
3.67814
0.742966
8.62086
2.7466
2.04412
3.13823
7.20595
5.18746
4.31292
7.52313
8.02555
2.73895
4.31972
2.72097
1.27293
4.65533
3.53185
1.741
7.66007
4.53569
8.80445
8.44886
8.01092
7.91585
4.36628
3.38792
2.54569
8.85001
1.69599
4.51881
3.09879
3.68178
0.710797
7.47482
4.27874
4.96495
4.57263
1.69046
4.72182
3.56375
7.72077
4.61536
4.29161
2.66937
0.24818
6.94277
3.2041
7.84622
2.3953
1.43661
0.80019
3.76409
4.07369
7.9448
1.33265
7.91967
4.47859
0.812262
2.27189
3.55507
7.23065
5.73683
2.09927
5.2668
2.22675
2.62459
3.04466
6.83047
6.23711
3.47378
1.91157
3.00205
3.49971
1.45102
6.76956
3.93688
3.48959
3.59327
4.5817
4.44681
2.82746
5.65875
2.45921
2.88704
2.52863
3.60357
1.59531
4.27323
2.57084
2.70264
1.2706
3.52012
1.82818
3.02449
3.68881
0.629108
3.81516
0.983018
2.38873
1.15343
1.11153
3.69277
7.78548
4.90307
7.9787
6.98671
1.9155
0.746885
2.51155
4.41109
7.87671
2.98066
6.04877
4.16128
2.5838
7.96366
2.0157
6.78158
7.92543
4.64919
0.0715324
2.47687
1.01533
4.57908
7.50425
2.78611
5.12829
0.38164
1.36922
4.18648
3.99331
4.19006
7.25505
2.74334
2.53996
8.19856
4.35543
3.77292
4.81298
4.3671
7.46047
3.53312
0.770414
4.39118
2.94138
3.00005
5.54086
3.64715
8.01085
4.17574
2.83529
3.73644
7.75961
5.48194
2.05447
2.70099
0.813084
2.49432
3.9422
2.98419
8.21321
4.73901
2.79497
2.94622
4.55386
2.03981
2.45196
8.25417
4.2805
0.762909
2.08605
5.65752
2.52755
5.62853
4.29106
2.59622
4.21072
3.1674
8.09905
2.02481
4.37786
2.08785
2.15568
3.22469
2.96457
3.82098
3.4704
4.44674
2.56952
4.21016
4.3432
7.76493
2.52177
4.40321
0.351003
2.77612
2.0444
3.90452
1.72253
5.00707
4.53549
7.4264
2.87091
7.51053
7.39042
3.54618
2.75335
2.25686
4.31211
4.86089
2.73734
2.59238
3.37663
4.4737
6.9342
1.16811
2.22539
5.46267
1.09359
1.78213
5.14799
8.16323
7.3204
2.70716
0.279566
1.61976
0.183665
7.05537
7.36223
8.26178
0.827117
8.46816
6.23048
7.98629
2.49018
4.22103
1.29039
2.70811
3.65605
7.52574
2.48724
0.339909
6.27845
7.62173
4.73253
0.58148
3.05841
4.43672
4.26301
2.58201
3.72854
0.909766
4.19478
3.56892
2.56558
4.70076
1.10081
4.29884
4.56816
2.03282
4.3276
8.22611
2.735
2.50513
2.30836
3.49566
4.00036
4.59505
1.78853
1.88013
8.10834
6.09625
3.64879
2.50056
2.04431
5.78617
1.84148
1.01238
1.07247
0.248913
2.52473
1.56345
2.61416
4.56641
2.3343
3.95832
4.37153
1.90253
2.87428
2.57552
3.82155
3.37358
2.9961
7.90674
3.97779
8.18363
4.48224
7.37419
2.71705
4.41315
2.74954
2.64401
8.87176
4.37094
0.819674
1.77931
5.27581
4.94844
6.77825
1.09113
6.33732
2.7566
2.53866
2.05937
5.59048
4.63085
2.77144
5.38738
3.45729
2.48304
3.02983
2.79163
2.14741
2.51789
3.82405
3.67244
3.8082
4.26303
0.60239
2.76875
1.38831
1.94127
0.186791
3.77785
4.62548
5.98637
7.45535
7.99514
1.22074
4.1943
4.84174
2.43383
4.15206
1.98895
1.63577
0.0299282
2.67026
7.06563
2.53517
0.542516
4.56724
3.73643
1.4188
5.43287
0.517189
3.77539
4.54508
2.79506
0.127821
4.32933
2.66852
2.89078
3.09536
8.18925
1.96246
1.08696
4.59424
1.82916
3.7192
3.83201
0.383243
5.71032
0.280775
0.924938
7.95522
1.18646
4.55183
2.45479
4.59316
7.86696
3.04027
0.787169
3.66219
3.00064
1.58112
8.38964
3.34803
0.804984
2.92806
3.41491
2.60779
2.50756
3.61847
8.45792
3.42486
3.85129
2.63726
8.79596
0.853494
1.78126
8.68205
3.65332
2.37723
3.09925
2.60465
0.685548
3.41315
3.97311
1.34208
2.55239
7.50141
6.02779
3.62189
3.68225
1.71651
2.07983
3.63415
3.81823
2.89891
6.32549
1.58729
4.34002
4.31732
2.4697
3.70706
2.46533
3.9373
5.18249
3.42692
2.50457
4.5829
3.57251
3.00911
1.42613
2.58917
3.21779
1.15025
2.6562
1.31647
2.10669
5.29846
3.21985
4.28703
2.66224
7.07659
3.50662
7.10103
2.9236
0.808221
3.41197
4.71806
4.89362
1.83543
4.39886
0.273379
3.67239
7.55876
1.54195
8.36177
2.79463
3.79302
7.0048
0.656929
3.6802
2.54197
2.5946
3.77585
2.44743
5.27113
2.39523
5.40204
2.71976
3.05686
3.91916
7.11705
8.24225
1.56945
0.822757
0.94182
3.17323
8.38269
2.81528
3.66272
2.86791
2.47266
3.69796
8.00617
0.735527
8.64541
2.71537
4.94953
3.98658
4.61065
4.87001
0.220879
2.78161
3.14109
1.80881
7.33152
0.159877
5.68371
2.83574
7.95838
7.31388
4.74727
1.39768
2.71435
4.50908
4.89677
2.85557
4.43822
1.45772
2.72879
2.91322
7.76199
4.4718
7.49261
4.95216
8.063
3.07524
2.84347
1.96335
0.613267
5.5322
1.43177
8.16275
2.30494
1.21878
7.59884
0.577489
8.62576
1.43502
3.57169
2.78448
5.07973
3.58541
2.7962
4.55359
4.43611
2.92897
1.53778
0.712903
3.80435
2.73102
3.82384
7.54453
4.33688
2.87306
8.22269
2.81992
2.94875
1.72616
0.258553
1.93666
3.94086
3.70478
4.06772
0.50155
3.99944
0.812424
3.52654
3.93958
1.55872
2.81339
3.65986
1.83649
7.21917
7.78959
0.955533
1.99618
3.27723
2.77289
4.57579
2.97589
2.19332
4.51126
1.18918
4.47689
2.75257
4.34699
2.95169
3.64269
1.06671
2.78707
4.60376
3.23463
6.22928
2.75576
3.0649
4.65523
4.51604
3.71468
0.966456
8.32376
2.74524
1.42555
7.87702
8.60521
4.20197
4.48667
8.46253
7.37266
7.3195
2.34449
4.07418
0.374529
2.59612
1.83359
4.80705
4.37826
0.851577
7.92501
4.58302
0.812317
2.8001
5.10036
7.40026
3.59916
3.80995
4.62202
6.06201
4.45409
6.66877
8.41925
2.7943
6.20978
2.71288
1.54379
2.55204
7.92193
7.86837
2.78623
2.79623
6.83697
3.98722
7.71084
8.16495
8.47385
1.8803
4.61258
3.15906
0.48586
2.30696
3.20756
0.192919
0.863828
4.65005
1.95796
2.77631
7.72282
1.31823
2.5982
3.33179
4.459
4.38588
0.116954
3.95753
2.60684
8.44044
4.33704
2.86978
4.99817
4.55799
1.3589
0.543283
5.60925
4.56956
2.11583
6.34226
3.2553
2.78564
2.66108
0.379655
4.09689
4.55359
2.63524
4.34099
6.95198
8.06527
0.549288
2.57656
3.73597
2.77557
3.69604
1.02038
4.85372
4.59347
6.9563
0.805888
2.79025
0.369703
3.58693
3.22465
7.47259
3.00627
3.34834
2.76556
2.799
6.51243
7.72954
7.47706
2.77416
3.24327
3.16649
3.72116
1.85988
7.70486
0.887717
7.89889
1.36487
2.75652
2.85715
2.78888
3.73014
2.57279
2.4369
0.550903
4.54372
0.95586
2.71129
4.58708
3.21254
2.56154
1.79888
2.99826
7.88516
8.1126
4.54471
0.886297
7.48329
4.25935
8.25795
6.66836
2.78399
4.56027
6.14098
2.78744
4.23803
1.51377
2.59917
0.101915
4.08741
0.948311
6.9926
2.95538
2.78633
4.45984
2.80748
0.376283
7.15559
2.85953
4.4929
4.05873
2.02794
8.06782
3.71628
4.48534
1.41731
2.29481
1.13953
2.70518
7.17702
7.51387
1.00062
2.7416
8.19999
0.269025
4.57389
8.6103
3.41041
1.27006
1.69803
4.59664
3.47699
6.87143
2.54884
8.15708
6.89987
3.00257
3.7647
1.62465
2.75116
1.41181
0.824148
4.97207
0.611705
4.48215
4.69866
1.33046
3.58876
4.40795
4.02886
3.55235
2.42942
7.55626
2.99385
4.59322
3.83657
4.62676
2.69988
0.232526
4.56875
2.51382
2.753
7.09909
2.68846
3.14018
4.06696
7.24537
7.09902
7.51963
2.77473
6.97308
4.23123
8.05892
2.81106
7.77294
1.394
7.81622
4.18132
7.83772
5.71286
4.37546
3.97027
2.54049
1.01113
2.78303
4.62249
7.82425
8.09309
0.0636198
0.055464
4.1259
0.893488
7.13587
0.516438
2.50471
4.69649
2.69533
2.75162
7.49031
1.66957
1.01745
2.78322
2.64062
4.35851
3.93579
1.04912
8.436
4.53404
4.0675
8.25489
0.510226
3.48746
6.73323
4.68776
4.32745
2.23855
8.09828
8.18468
2.40709
6.09573
7.85642
3.82273
4.06874
2.83115
7.86913
4.64241
7.56679
1.16432
4.40968
3.17705
2.8098
2.75877
2.75017
2.55434
1.76575
2.37825
2.10828
3.15691
4.64844
2.7957
3.21719
1.51084
0.368263
2.12605
8.12007
7.56972
4.93452
8.41359
1.93328
3.63076
4.72633
5.04385
7.64689
4.53051
5.37008
2.62253
1.98403
2.72709
2.19058
8.00476
0.509108
2.84036
2.99454
3.22547
2.58005
2.58706
3.70473
8.01046
4.65575
4.0371
8.20824
1.76577
2.94189
2.8517
2.54902
3.23498
7.19999
8.36444
8.11804
1.36142
7.86046
0.31039
1.14234
1.79977
3.66261
4.02575
1.07086
4.54172
4.41679
3.7929
3.07917
2.78125
2.55996
4.13678
4.23062
2.96318
0.70376
1.88857
2.76043
4.15135
2.5893
0.971012
4.90406
4.29187
2.6714
3.2212
4.59622
7.8945
2.9272
7.96121
2.45699
2.73704
0.637487
1.02239
2.95991
3.14326
8.00913
3.75939
4.34919
1.66683
2.57308
4.32685
4.52806
0.231984
2.94479
7.5604
4.54511
2.81937
1.63117
0.46414
3.07419
1.62529
3.6935
5.51229
1.02835
2.62839
3.64969
6.49109
0.936602
1.8038
2.13243
4.55224
7.75531
4.25717
5.59682
4.47119
7.08014
4.05282
4.33722
7.95388
2.54439
1.82491
0.448813
5.13475
3.01372
0.0324245
9.41678
7.65486
3.32727
4.72784
2.775
1.64164
1.96753
4.20659
2.73535
3.7882
7.63994
6.04107
7.71075
0.856952
1.11816
2.22362
8.34998
5.61904
4.49135
2.92557
4.98696
2.77223
1.92359
7.6225
3.69994
8.2875
7.33433
1.51688
2.28814
2.86446
8.63665
2.32556
3.58896
8.06558
2.77812
7.60783
7.56644
2.54657
1.73857
7.79676
4.76553
2.74855
1.12487
1.35323
2.77365
4.13621
1.04302
3.81521
0.80179
2.86416
4.30771
3.47907
4.54873
3.6763
1.75143
8.084
0.967607
2.60752
5.06457
4.29213
2.55132
9.0544
4.91852
2.69528
8.00487
2.58227
3.13182
8.29753
2.75182
7.74425
5.49153
8.35385
6.01078
8.13053
2.92248
6.24722
1.0667
4.80602
4.59433
4.48638
9.02795
3.69007
6.86492
1.54387
1.03949
6.42674
1.61674
7.66773
3.95066
2.8015
4.37306
1.81108
3.71715
6.69137
4.44928
0.754863
5.03297
5.35381
4.53563
1.10704
3.82441
8.23333
7.18591
4.14209
1.2956
4.12892
2.55256
5.49833
4.60171
0.369883
2.16084
1.71353
2.78901
3.81698
3.23215
1.76148
4.87218
4.09276
7.57882
7.99783
2.78477
0.200156
7.9063
4.06452
8.48541
1.34553
4.57669
7.41399
8.96995
7.04053
8.25383
5.22921
5.77809
5.32059
0.324183
1.77556
2.52394
0.973728
5.34396
7.53924
4.83331
2.91041
8.2461
6.36622
-0.0114971
9.76892
4.61683
1.69131
2.44908
8.23722
4.89989
4.33205
1.92249
1.54897
7.89788
1.87034
4.0543
8.33081
4.50957
2.91581
3.47147
4.65109
2.9295
2.81031
7.98374
4.03088
3.70285
2.91159
2.52226
7.24169
0.230396
7.55259
4.57782
2.66388
4.50246
5.69756
1.60752
4.50122
4.28363
8.57839
4.62089
3.6302
4.16738
2.93699
2.15143
4.52446
4.54109
7.64449
2.93714
3.67979
5.62897
4.34342
3.71004
4.25796
2.91215
2.9287
7.47935
4.04624
3.88829
6.69379
0.521276
2.14201
2.87229
0.730271
2.70829
4.5214
1.55325
8.2584
3.33228
1.92912
1.16524
1.39181
6.32772
1.44883
4.49472
3.82279
2.82634
2.19093
1.14224
2.81198
4.605
2.87378
2.20458
3.69373
5.1355
3.88905
0.842273
5.64444
2.94247
7.75259
7.14577
2.83396
7.37552
3.62539
2.62246
4.41462
4.50862
7.5876
8.19705
4.58355
4.26625
0.0778722
1.90244
2.71177
0.808455
3.71827
2.86272
7.88979
3.237
7.95411
0.624157
8.35712
1.22018
4.09155
6.97445
4.18586
3.19594
6.65125
3.65552
3.66482
2.90014
3.5772
3.45825
3.46924
3.37508
3.70551
3.72673
1.64572
4.14805
7.1473
5.86634
5.48604
3.35735
3.85226
5.44352
8.50546
4.04352
3.5336
5.08196
8.41798
2.81815
7.01861
0.12525
9.12675
1.38849
4.44708
0.97197
8.46418
7.57653
4.99607
4.69008
0.8707
7.75977
7.25233
0.975108
2.29683
7.0603
4.55784
4.3739
3.70009
4.70969
3.14419
2.13528
4.82609
3.62941
7.66866
4.55616
2.83607
4.02572
1.61946
4.36901
2.66188
9.02555
2.74543
0.00968903
2.7452
7.15772
4.58482
6.17736
1.358
1.04515
2.6583
8.21821
2.82148
0.534525
3.55908
4.5026
3.81989
4.54714
0.699626
2.83687
4.53281
3.39247
1.19394
1.20788
5.01025
3.71316
7.92507
1.41052
6.91003
4.33806
4.0376
4.07988
2.84879
2.81352
2.65856
1.65545
4.38891
8.89936
4.51847
2.11309
4.86919
4.41154
3.34742
2.07726
4.31872
2.31803
2.14852
2.68181
1.01793
6.6471
1.24461
4.13888
1.93532
5.70614
3.09713
1.20179
2.96322
4.34047
0.817204
2.82026
8.65301
3.60582
2.83921
3.0676
0.445252
1.40998
2.91138
4.54622
2.52018
0.805019
3.80243
3.60019
1.43764
2.56476
8.64576
0.853673
1.51933
3.96224
1.32059
2.23233
3.13167
4.61834
4.8821
8.03857
2.64915
2.5537
3.79062
8.19624
3.58902
1.55131
3.89906
6.67467
2.2239
6.30923
1.86171
1.40234
4.54263
6.90564
2.84076
3.67099
0.45374
2.67354
3.71566
3.67323
8.1296
7.19695
7.40521
4.31279
4.05823
4.99529
2.85778
7.53992
2.48984
4.01595
3.87783
2.6724
1.8821
3.70021
2.53271
1.35471
2.31399
2.23542
4.47079
4.0822
7.29641
4.72865
2.41753
2.57378
3.82348
3.27574
8.13243
2.1228
0.343877
3.47217
1.8977
0.546716
8.13705
4.21105
1.48004
4.63142
3.56986
7.03375
2.64339
2.66062
6.08746
4.0216
3.88395
1.26865
3.82402
3.61863
2.58559
7.12224
4.7414
4.50628
3.83212
4.54295
4.0604
4.23295
4.00361
7.469
7.86584
1.86264
4.47738
7.52973
0.483818
1.7334
8.05795
4.42158
2.86795
4.39035
2.83929
7.75619
3.62872
3.84249
4.47734
4.54587
4.57017
3.8228
4.81768
8.44995
0.958094
2.7375
4.6137
4.49707
8.1266
2.57325
3.23807
2.52221
3.62209
5.71937
4.05092
4.4459
0.785748
0.720355
4.54017
2.8244
0.891804
0.755359
2.63292
0.963096
3.23608
0.97029
8.00765
1.835
2.77008
3.59131
1.60339
6.92358
3.99579
1.89013
3.53862
7.88865
1.28232
2.35496
3.72338
4.87935
3.59139
2.54144
7.89054
0.496897
5.05543
7.50285
3.24032
2.03118
7.81443
3.27649
2.85077
4.08023
5.29957
7.87838
4.49829
3.95587
2.80235
2.14126
0.791742
1.85752
1.57382
0.693515
1.92426
1.41486
1.58419
7.98825
3.72874
8.08321
4.54833
3.71405
1.43686
7.99858
2.23088
4.5705
3.58259
7.93831
1.62837
1.87201
2.93148
2.82187
7.43706
8.43543
6.74142
6.35379
6.57313
2.84646
3.5923
3.3722
5.75138
4.24596
2.84388
3.22877
1.64512
8.31125
3.49146
2.88602
4.0124
1.39305
3.94902
0.0418967
3.98399
2.85352
8.11502
1.17435
1.1224
3.53327
4.90092
2.37127
4.3758
5.71894
2.88066
7.34002
8.44651
2.88124
5.88983
8.39392
7.27501
4.50471
4.68469
0.564415
8.46283
4.15454
4.32629
3.75402
0.829754
2.48692
4.20981
2.59556
0.549254
8.07848
1.16878
2.04077
4.45499
7.86753
0.947806
8.28313
3.49668
7.64372
2.0285
4.36704
2.51919
8.68689
7.24144
1.01503
4.62763
4.89584
8.00791
4.90613
7.15116
4.53814
7.01766
2.88826
3.72156
4.25322
3.46721
3.87441
0.885062
2.2218
7.14328
4.39955
4.55628
7.49854
2.89351
7.7747
0.838924
7.65612
6.27659
2.56747
3.80117
4.40485
4.41042
3.8885
2.83052
2.87099
2.71958
3.65434
1.45934
5.35474
7.40044
3.80616
4.49854
4.64346
4.81699
4.33378
7.24991
6.23005
4.58641
1.64211
1.33355
4.44417
1.30699
4.55097
4.7482
1.37525
3.35733
3.55534
3.91075
4.57591
4.7668
7.60619
4.46501
3.38077
5.16925
0.942464
2.89188
4.84729
7.49643
3.50561
0.816487
2.84673
2.10447
0.762998
2.65911
2.74779
3.991
4.32522
0.372473
8.48934
4.62423
0.839843
7.13484
2.38208
7.80215
3.94175
2.88815
3.76111
3.81695
0.96095
0.922006
8.00532
4.56089
5.82235
2.98134
8.49291
2.18991
0.145006
1.62366
4.17926
0.43093
4.36548
1.56055
1.22567
3.6732
7.96256
6.14475
3.89324
8.83802
7.1671
1.52732
0.731825
2.85486
1.11273
4.43759
1.60647
6.04458
1.81606
4.4564
2.65915
4.06319
5.34348
1.74756
5.29557
8.20842
2.02011
1.19389
2.2745
2.14602
1.36851
3.46152
1.04406
7.7219
4.51827
4.47723
4.79579
0.799655
4.89979
0.732261
7.85725
2.87911
4.07163
4.60654
3.60356
3.5536
7.61535
3.65349
3.42829
2.26588
4.09465
5.74267
3.1882
7.74719
4.52914
1.47686
4.32042
4.59613
2.89854
3.93826
1.36066
7.59408
3.61869
2.84719
3.87674
4.00732
3.50242
3.71258
7.00764
4.26272
1.91975
4.93589
4.08647
8.0346
2.56374
3.92048
4.49234
2.94431
3.97531
4.06488
4.01528
2.56108
5.37436
1.51562
4.48734
4.89628
3.17022
8.50547
8.48773
8.50555
1.58777
0.894087
6.66944
1.06897
2.97578
3.88423
1.58564
1.27326
3.48945
0.958552
0.393927
3.5935
4.34133
3.87955
8.46599
0.598066
3.48558
3.9958
3.56199
2.53286
4.47742
1.46851
0.580595
3.22744
2.70705
8.01466
8.47851
4.36549
7.23214
3.78745
4.4471
8.72125
2.87208
1.09376
2.96002
2.91311
0.112201
5.23398
7.47094
3.93829
1.38571
4.53223
1.18878
6.03158
3.86368
1.38679
2.9627
3.80098
2.56743
4.62573
2.20398
8.74062
8.12797
6.97629
0.924008
8.65122
8.0825
8.49557
5.30058
3.65992
4.45802
4.86354
2.72218
2.56528
3.73814
3.88458
2.87018
3.81513
2.93936
3.13528
4.40602
7.46399
4.37091
4.5217
2.97367
1.0934
4.56595
2.5318
4.46384
7.98108
3.61861
4.47158
2.67932
0.633001
1.42191
3.49152
2.02936
7.94568
7.15386
4.91079
5.7678
6.08764
2.81672
3.5202
1.89244
7.30342
5.09777
1.20383
0.63379
2.47455
7.49944
2.53245
2.43923
1.06035
2.6705
1.34549
0.714594
3.90351
1.57697
1.14995
7.39292
8.20262
2.91139
4.08001
1.04533
8.04472
8.04051
1.3791
8.55397
2.59637
3.88949
4.334
3.50175
2.83936
7.50265
7.77464
4.53186
8.08167
7.9242
6.25486
2.15516
6.8986
2.87564
0.111851
4.05556
2.71028
4.39451
3.75646
7.10878
2.86973
1.60449
7.47365
7.66794
3.80651
4.18964
4.58573
4.76893
1.80834
1.84115
0.846631
3.73301
4.03337
2.9863
5.76499
3.26287
1.88565
3.89319
3.44841
4.66458
5.31805
4.10084
4.88465
3.06535
3.81497
8.97618
8.49907
5.71336
3.46197
4.22628
4.79226
1.29111
5.98081
3.87626
8.69399
4.8003
4.52725
2.95317
6.60499
7.33683
2.85705
4.52173
1.31939
5.91742
0.156376
3.57217
4.50909
7.7377
2.93627
0.871249
2.49864
1.11934
2.43217
4.40535
1.39133
3.49785
4.56774
2.56118
2.23476
1.7606
3.81365
8.04531
8.05
2.84221
2.42155
1.89383
4.74163
4.7597
4.60534
7.66965
5.5608
1.00652
2.84595
4.54153
2.83979
3.7498
2.83819
3.06003
4.57794
4.55139
1.64171
3.55189
4.56075
3.22791
3.16253
3.80244
8.38527
4.5757
2.1911
6.84298
4.35976
3.68998
5.86123
1.37296
2.82082
4.23684
1.11165
2.76582
1.22687
4.374
4.73615
3.80846
1.60881
7.87042
4.7664
3.77555
3.79141
2.11827
3.96504
7.48229
4.58337
4.26436
0.0562889
1.16125
4.38018
8.00765
7.4106
7.23955
8.04482
7.1469
4.03726
4.49834
3.15351
5.01924
8.32226
0.231125
4.0715
7.7324
2.5981
0.680966
2.85702
2.96668
3.0793
5.65069
3.69287
5.4291
4.81481
2.52375
2.75912
3.55269
3.10691
3.5911
2.84607
2.60709
8.51916
4.88573
3.48026
2.78414
4.01538
4.5486
3.57127
0.76294
2.67694
3.48548
8.39936
4.45419
3.94138
4.52739
7.38349
2.97188
1.57368
4.81249
7.98159
2.85957
2.78468
1.57094
0.780428
7.61872
4.04165
3.56372
7.94293
4.37739
2.81661
4.51579
1.63655
4.59174
1.44129
0.0764913
2.80474
7.41979
3.4485
3.93708
8.43052
4.53069
1.61951
5.46206
0.628687
3.88014
8.17921
4.53894
4.46556
5.28587
3.01773
4.05327
7.12541
3.05108
3.54517
3.79157
1.22806
2.02313
0.912806
4.0099
4.81779
6.22314
2.34959
2.36428
8.214
2.80324
3.07559
1.58735
4.20612
4.23772
2.66852
1.53658
4.14936
8.26555
4.353
8.94771
3.69601
1.74543
3.68968
3.29609
3.73448
3.15128
6.82034
2.81359
7.25065
2.75466
3.66951
3.80431
2.83764
2.58811
1.22863
2.88805
2.77816
3.07777
7.39438
3.29668
2.87695
4.25457
7.75655
3.80687
7.78814
3.95892
8.50913
3.80308
1.68727
4.49142
4.66093
2.86856
1.34241
2.69834
3.87286
8.22807
2.86407
4.57019
8.15469
3.31586
4.21316
8.31958
4.10011
4.8434
4.08768
3.77106
2.18565
1.22567
4.23466
1.20282
3.3334
7.47969
2.83948
2.90819
4.26994
7.96347
3.73583
5.09209
1.14232
2.78442
2.78614
1.24126
7.28689
0.944391
4.18479
2.67833
2.55467
2.77069
5.22929
3.76372
2.83558
4.93678
2.16871
7.17364
3.79155
5.42674
8.19444
2.93272
1.18023
2.77619
0.805278
3.90518
3.71308
3.58095
6.49893
4.40089
2.89447
6.13909
4.25373
2.38635
3.81197
3.70055
4.35533
7.49365
4.37127
4.3923
2.91718
3.02071
8.10105
7.96056
5.58485
3.62007
8.48392
3.9543
3.74479
3.29902
7.73146
2.57363
7.95549
1.56209
2.77082
4.24619
1.36343
4.5572
0.739036
2.17763
7.36609
8.83757
6.91328
4.43194
1.84028
2.35562
3.81467
3.33501
2.16948
4.49019
2.615
3.26761
2.15794
0.941714
2.51236
8.51884
2.77772
2.94291
2.93073
2.93917
3.00414
2.14877
2.84069
0.663104
2.60898
4.63007
2.7398
3.03886
8.06145
7.53404
4.27816
2.83062
0.892523
2.63093
3.5555
8.00404
1.90313
4.5484
2.84102
3.64524
7.74518
3.85835
3.91902
3.44026
3.80433
8.2648
4.30493
8.05695
3.51701
1.66397
0.521091
1.02706
3.40717
7.54793
1.51595
4.31597
3.71128
7.37659
1.5253
4.24076
0.996219
4.46187
6.75375
7.43803
4.67379
3.59155
7.7689
3.77303
2.98436
4.55264
3.78543
4.96077
2.67212
3.75764
4.45465
7.97536
3.51114
3.8803
4.56262
7.41057
6.97899
3.71574
4.43212
6.93066
4.58794
2.95868
1.94992
0.589009
7.8854
2.84245
7.95395
1.04352
4.25594
2.64846
5.0596
4.23414
4.3371
2.41835
4.27041
2.96069
5.90931
3.12971
6.02669
1.96826
4.39923
4.87018
3.88762
6.96162
2.66552
2.82715
2.96926
3.83398
3.93795
2.93967
4.7789
4.47709
4.92891
2.05161
4.96381
2.83494
3.58563
1.90688
3.52948
1.60715
4.47311
2.79825
2.50267
3.13953
0.982835
1.06208
2.73307
2.49019
2.22938
3.62349
4.34805
2.45161
1.37018
3.83203
6.17998
4.20332
6.19463
5.37007
3.9844
5.9242
7.58567
2.98427
8.0118
7.84894
4.59031
7.91032
3.94601
4.49009
4.38628
0.127378
2.87509
5.32206
2.46844
3.52904
2.94688
3.69574
3.56709
0.34532
2.46112
6.90328
1.44175
4.60261
4.47011
7.51594
4.57283
2.74862
1.87917
8.8075
5.94993
6.06754
6.75376
3.06268
2.56619
4.50312
2.69733
3.72681
4.37258
2.55381
3.57308
8.072
2.53168
8.12267
2.52659
6.33521
4.74363
1.77475
4.61207
2.54257
6.47805
2.35661
5.06794
3.6909
3.64434
4.38649
2.92658
2.48562
2.73665
4.18851
4.52226
4.91578
2.43443
1.16496
2.75097
2.68184
3.4728
3.59007
2.18712
2.47778
3.1296
2.62413
4.23294
4.01338
7.09031
6.98938
7.9795
1.86515
3.50787
2.79056
0.655955
4.51663
4.51743
2.73617
0.967607
3.38776
0.268122
2.68949
0.55816
2.95077
1.09009
3.7096
2.74392
2.77247
4.00157
2.97928
8.80074
4.62021
1.96487
2.63397
1.61769
2.93846
7.73254
3.61136
2.5158
5.83472
3.60998
4.81984
4.78759
2.69646
8.25264
4.4822
3.84727
0.743331
2.96634
2.68857
2.88295
4.17553
3.8639
3.50572
7.79428
2.7662
3.50505
6.39356
4.12097
3.74031
2.78054
2.49462
6.90351
2.76717
5.46273
1.88488
2.73195
2.72928
2.44472
3.84015
8.13096
4.34918
5.58061
4.38325
2.70532
2.71615
3.11855
2.72446
2.836
2.12054
2.45208
3.47209
7.16073
4.00773
0.413475
2.41243
2.25524
0.709514
0.0928195
7.87785
4.33437
7.06896
2.46547
2.69355
3.63186
4.86199
3.64558
3.48746
1.5052
8.74291
2.82589
3.53284
0.555214
1.70861
4.56163
3.83363
2.34845
4.88695
2.75837
2.90251
4.35512
2.8079
2.90736
2.79907
2.75314
2.67721
0.739012
7.93931
2.66149
7.82228
2.67414
4.53198
6.66989
1.35544
3.85511
3.08277
4.32247
3.64317
0.134035
2.76006
4.53864
0.0174438
9.56267
9.56971
2.00084
3.85083
1.14546
4.41124
1.63663
1.37583
3.06743
6.92724
2.87017
1.56428
2.03026
1.11296
2.79328
2.87596
3.45819
2.48789
4.53802
2.89627
1.82802
2.89028
0.596868
2.34567
2.88258
4.5416
1.32152
3.77935
2.86053
3.84413
1.77662
2.00288
7.50811
2.40182
3.70025
4.34107
3.73641
0.942646
1.50332
2.77541
2.87508
4.54357
4.09186
5.03147
6.46139
3.83935
2.1315
4.32031
4.07842
4.57007
4.27462
4.4195
0.789668
2.82192
4.40447
0.26299
2.97037
1.59853
1.16314
6.37543
3.75984
7.5446
8.39757
2.44898
3.98646
2.99888
6.38289
3.98073
2.62021
2.77242
4.44274
3.95512
2.40752
2.94325
2.84261
2.45779
3.25351
2.63393
3.72606
2.73753
1.18157
2.66432
4.01589
3.72618
2.81505
1.14828
2.91983
2.66138
4.80011
1.93635
2.45975
1.19843
2.91626
4.69594
4.03428
2.69907
2.50427
4.45259
2.76409
4.37916
2.52783
4.56811
7.58148
5.81994
2.74534
2.65062
0.0357372
7.98997
3.83897
2.64519
4.30066
2.65219
2.89872
2.77557
2.86088
2.75264
3.96523
3.57346
3.94434
2.69104
4.91042
2.90617
3.83601
2.44023
2.82692
4.46715
4.26668
8.1969
3.69528
4.03661
0.585521
2.91618
4.06466
4.49958
2.54025
4.3544
5.46152
2.67354
7.99017
2.8604
2.33823
2.73812
2.76723
2.71067
1.78152
6.2009
2.72395
2.92126
2.95094
4.429
5.41458
3.50276
2.68391
7.74616
3.37849
2.81748
0.0358663
8.16204
3.82057
7.55542
2.75999
4.20723
1.16637
2.7298
4.50638
1.07482
2.96133
4.96087
2.44177
5.22443
2.91402
0.984457
4.51713
2.66866
1.2319
4.39337
2.64937
7.13899
2.58829
4.14396
2.19641
0.874672
4.89215
1.38571
2.82252
1.16651
4.49927
1.64256
2.92187
4.43372
2.88153
1.57097
4.02224
7.49701
2.60779
3.99334
2.60289
4.55083
1.14459
7.53561
5.45571
2.78694
4.32687
3.38675
1.08186
3.74808
7.55586
7.67741
1.20382
2.86792
1.5975
3.70002
8.07191
8.08982
4.43127
2.75167
4.46159
2.66142
2.72568
8.12906
3.64056
3.05236
1.56748
2.46059
0.493379
3.94098
5.14005
8.02074
2.66471
2.77442
3.8721
4.45612
3.77338
4.84075
4.45202
1.86942
5.57477
2.74758
2.79546
1.89595
2.8534
2.88248
1.17021
4.29171
2.68653
2.9231
4.4654
6.96671
2.65861
2.49684
2.30325
1.36293
2.67528
4.24884
5.96811
4.29017
4.44779
4.00393
4.56288
3.55687
3.90605
8.0857
3.90575
2.92651
1.57632
5.39634
2.62932
2.48645
4.20904
3.58491
0.489756
1.88691
1.46526
1.90808
2.8133
7.17168
4.812
1.21964
1.90876
2.22045
2.98947
4.66818
3.25753
3.7287
2.5383
7.62149
4.48085
5.00138
1.63037
7.86707
3.78972
5.44512
1.80203
3.87413
7.74332
3.88805
4.62806
2.72261
3.52419
4.5752
2.62778
2.8488
1.87647
2.03241
2.83605
3.01882
2.78082
3.47683
5.58027
6.70182
4.48781
2.24348
2.58284
1.87397
3.8155
4.5397
2.55206
6.88942
4.02292
3.07926
1.92829
7.20987
3.02406
3.81024
2.70122
3.39669
8.03297
4.47754
3.74515
1.6616
4.30975
1.66034
4.24022
2.80706
4.49899
4.91996
4.56988
4.21138
4.12148
3.20605
3.03938
2.24954
8.14247
4.47782
3.83385
2.61335
2.79181
7.25974
3.97578
3.96294
3.68374
2.89924
4.49393
1.82377
7.57974
0.994023
4.21597
0.556247
4.22255
2.29512
3.99723
3.74912
4.87001
2.81086
5.56599
6.47322
2.23424
0.668004
4.47246
1.32389
3.40155
4.22198
6.16991
3.16734
3.08181
2.69413
1.15428
5.94958
2.22414
2.79409
4.38871
1.11782
7.14438
2.61474
7.42332
7.18043
1.34544
2.51138
7.67219
0.985979
2.81411
1.62948
1.54152
1.3681
0.997602
4.41564
2.43278
5.16255
1.85975
2.52669
6.77611
2.80045
4.07352
8.70326
2.54373
5.44274
3.18315
7.11266
4.83316
2.20046
7.35329
3.49768
4.82703
5.5144
1.15899
4.89357
5.25482
0.713945
6.09116
3.62262
3.35782
2.01313
3.01841
2.59997
1.19509
4.31923
7.91655
4.29204
1.84645
4.38146
3.8098
4.06828
1.91747
4.89716
5.62477
1.20291
2.86618
1.65292
1.20199
6.45813
3.16808
0.106276
3.25394
5.24346
3.26797
3.69763
3.59203
1.1933
4.02906
4.41038
2.95976
6.43222
2.80581
1.1933
4.21009
2.62782
7.19906
2.94051
2.33393
4.40107
3.73246
0.38191
0.629287
8.39338
4.33731
4.13344
3.6949
4.37014
2.9058
1.78828
2.80749
4.0441
2.59982
2.77669
3.58593
1.15247
2.61021
2.74566
2.0053
2.0423
4.2943
3.28828
4.43124
1.37375
3.25128
4.92954
4.52035
3.12538
3.59211
7.60999
4.38904
7.93193
1.27724
3.64413
3.39497
3.57452
3.13769
4.32636
2.33756
4.30392
1.34944
3.82341
2.53263
3.55581
2.69969
0.430303
4.19892
0.913248
4.38809
1.11447
3.48661
1.64906
2.60387
8.59591
2.99092
4.47999
3.82136
5.30157
7.08099
8.11491
4.52053
2.11834
6.60455
2.63383
6.26491
1.59071
4.40495
4.90144
7.6414
2.08769
2.16227
0.265831
4.86461
2.16251
1.39536
1.49535
4.69346
3.60239
3.26159
6.89063
6.14395
3.66492
3.81063
2.61906
3.65484
2.28414
1.17485
1.85582
2.21301
3.65646
4.01768
2.16102
6.83435
2.39797
4.32312
2.79149
1.28756
4.29137
5.4949
2.78049
2.33114
7.13713
4.22509
8.15475
8.44888
2.57676
3.74964
6.97445
4.85331
3.85678
6.41149
1.32418
1.13026
8.00892
3.52503
1.38242
4.47838
4.82342
2.55014
7.82445
1.67759
3.22565
2.82829
5.40649
2.71648
7.9368
6.22747
1.90311
2.16389
2.19025
1.18194
4.91511
2.56098
4.2929
5.45248
2.15544
4.44753
3.0417
4.2342
2.88075
0.842492
3.88138
3.72913
2.81863
4.11122
1.3713
3.20335
4.45986
0.923378
1.2062
0.752786
4.22998
6.59006
3.90522
1.0091
2.6263
3.03072
2.8385
3.23872
0.554404
0.955861
8.15956
1.21273
5.59615
0.662338
2.16959
1.66835
2.22329
4.43569
2.7655
1.47598
7.10081
6.06402
4.45276
2.71682
3.05606
3.08447
2.09853
3.53779
8.8491
4.63952
2.71584
2.93901
1.15392
2.68856
4.88607
5.02347
4.61631
8.22589
1.59275
4.45773
7.79787
4.23384
2.64624
4.22156
3.48716
2.98164
3.2083
3.77504
4.55412
2.68972
2.33025
7.75068
2.56943
2.42167
2.56839
1.39785
2.60422
2.391
8.18146
2.24681
1.4036
4.70892
7.23699
4.67838
2.5829
7.24342
4.44085
4.03703
3.75398
1.50427
7.29938
2.81342
1.87225
1.71976
7.55475
7.90611
6.48674
2.42367
1.84743
1.14631
2.18093
4.74758
4.48571
3.18582
2.61009
3.15397
1.59663
7.51959
2.32796
8.98455
2.83134
3.78078
5.58614
4.33083
6.51074
3.55179
6.41769
3.68518
1.33774
2.07874
7.52874
3.43581
0.454109
4.48592
4.44127
2.93516
3.17259
4.03131
0.81185
5.30363
2.19149
3.56795
2.25135
2.84743
2.73846
1.35683
4.23776
5.97118
0.973812
7.97496
2.07063
7.72687
3.15563
2.6606
3.33976
8.63881
3.76125
6.19994
3.81873
4.42385
2.11725
2.72966
7.48338
3.7702
3.90664
1.73155
3.56492
0.747997
2.73511
2.83386
2.0127
5.62943
7.14996
2.20371
7.229
4.46093
2.77294
1.29712
7.19356
2.93604
3.2423
1.00416
4.27718
6.92387
6.07365
8.83032
2.29357
2.00035
1.99167
3.12078
2.53569
4.09106
4.0611
2.64005
4.02057
2.66189
2.10708
2.81999
1.19842
8.59804
6.01914
3.54529
1.83272
7.76924
4.55443
3.61831
4.14832
4.39802
1.21167
3.05175
2.64445
4.74491
1.52444
2.76117
2.84289
4.38854
0.561198
1.43765
3.75287
3.12627
8.48869
6.89714
7.99498
8.11248
4.04187
2.05854
4.06631
1.22645
2.91464
1.99738
2.15247
2.66438
2.19109
2.64287
3.27504
2.28889
4.47991
4.45701
1.07865
2.52384
2.29069
1.71477
1.99697
8.4773
1.2268
3.5537
4.4763
1.80816
4.40923
0.905713
0.717397
1.36433
4.36899
0.478369
6.90698
3.6511
4.41356
2.74468
1.0088
6.37872
3.53996
1.19756
7.60831
0.333334
4.03823
7.83175
3.49537
3.7466
2.47782
1.14802
1.96342
3.77565
4.33264
4.50709
2.65214
3.62436
3.93597
1.39878
7.8454
2.54333
9.16424
8.13944
3.78912
4.5323
2.90464
4.50922
4.29363
4.95327
2.81585
6.52716
2.36078
3.51513
2.32768
2.88227
8.01465
3.53885
3.21676
3.57712
7.40237
5.35135
0.789027
3.80895
3.48285
2.44503
2.85781
2.18367
2.65072
2.63523
2.86885
2.31927
3.59527
2.38184
2.19269
1.82937
2.72723
2.73788
3.02772
2.88742
2.72555
1.36037
4.62924
3.68275
4.41348
2.87173
0.792259
1.532
4.02218
4.45271
6.95997
2.34661
3.95582
2.56322
4.55772
2.65464
2.14211
3.73271
2.38539
2.83094
2.92822
7.88794
2.6655
2.77524
1.79276
2.84834
4.32404
3.58578
3.7048
2.66496
3.68532
4.30543
2.31215
2.13994
3.78504
2.15423
8.05035
2.33906
4.32379
2.24462
4.47486
7.70012
7.35312
4.53392
2.80301
1.95595
2.13123
7.70163
2.2481
3.67256
2.758
4.53215
1.89476
3.21723
2.62719
3.15617
3.09747
4.62377
2.84237
3.73453
8.18198
1.92248
3.67598
5.94116
3.50512
2.07095
1.95053
2.64397
1.85693
2.73315
3.71396
1.80035
3.64812
8.00728
6.64286
1.91264
4.28729
1.97715
1.36759
2.72801
2.91961
2.70379
2.0805
4.24979
4.98661
2.60928
2.83766
1.2988
3.33828
4.37191
4.42662
4.05781
5.00906
3.89721
2.82683
3.51393
2.82969
2.8664
2.06804
3.98528
0.824984
4.61276
4.3508
2.4627
6.33545
2.44651
3.73132
2.52643
6.68554
2.16372
2.9815
3.55619
2.17361
1.76488
4.41809
2.83564
2.88736
4.8147
1.73945
8.09254
7.75671
4.36513
2.94159
2.96442
5.13584
1.6187
2.81977
0.950545
3.67572
2.31223
2.47179
1.32307
1.3348
2.31054
4.79792
2.12395
5.42839
4.09967
3.9183
2.87195
2.21621
1.65306
2.65569
2.74375
4.04543
2.64963
2.63133
4.73472
2.13328
1.26354
2.25508
2.48825
1.932
3.61857
4.39688
4.54596
3.34288
1.24997
3.66939
2.52745
4.56757
1.79328
2.47929
4.57507
1.95517
8.66254
2.99769
2.78235
2.74865
2.61185
4.55688
2.65084
2.23171
1.72444
7.00955
2.72348
2.48166
2.51669
2.24661
1.85353
2.16131
2.50408
3.12081
6.91469
2.4454
2.11666
3.88427
4.48031
3.51967
0.960847
4.47906
2.71307
2.72351
2.81265
2.90489
4.38482
4.56676
1.34505
8.06739
8.50423
2.8215
2.62846
2.92943
1.19692
8.14268
7.14998
2.06173
2.64497
3.75982
4.37738
2.09212
8.66211
2.81942
2.65381
4.50197
2.91913
2.76333
2.9174
2.93947
3.6758
3.40787
4.54795
2.65742
1.48436
2.8403
8.00374
2.74968
2.49537
2.8618
8.08672
8.48129
6.84553
3.20588
2.7547
2.10786
4.57401
2.45507
3.8982
0.31456
2.93076
3.71006
2.66382
2.00239
2.68316
4.91333
5.53798
2.52766
2.72769
2.57405
2.44599
2.99628
2.20665
2.63935
2.43908
3.92564
0.256484
3.32435
2.67075
2.53764
8.08236
2.69836
4.37196
2.82105
2.82049
2.20671
2.745
2.44451
7.6283
6.87965
2.81563
4.42583
2.61125
2.86332
2.80909
2.1255
3.60139
7.85199
2.55005
7.75937
2.12101
3.32011
4.06457
3.70535
6.15266
3.5048
2.25797
2.37277
4.41134
2.53211
2.7091
2.40638
5.1316
2.32929
1.59712
6.84121
2.43516
0.147559
3.05677
2.02926
2.33475
3.58118
1.82443
2.81734
8.28317
4.24367
2.72705
4.28188
2.82906
7.80021
8.16641
1.65511
0.10665
2.74768
2.6446
3.14781
2.32155
3.00498
2.57422
2.7104
4.50927
2.47328
2.82434
7.14864
2.7078
2.69565
4.42612
8.14014
1.37315
2.99592
5.50806
2.1005
2.11163
2.57168
2.82751
1.42588
4.03442
0.590623
2.42385
1.28593
2.90298
4.60134
3.69324
4.59992
2.78717
3.19861
2.5477
2.79736
4.47284
2.84502
2.58496
6.82313
2.8154
2.50793
0.451764
2.71423
2.81981
7.98279
0.156574
2.6418
2.86777
2.87986
2.04357
3.10117
2.4005
2.7177
1.37803
2.74312
4.53896
2.7774
1.50359
2.74626
0.5222
2.62464
2.79447
5.34826
1.524
2.77235
2.75883
2.86538
2.77293
2.67232
2.84201
0.300427
2.85322
2.70242
2.30072
2.7741
2.85957
3.80407
2.55808
2.79901
2.81852
2.63804
2.90333
1.66498
2.81841
2.67967
8.83
2.77472
6.31399
2.84422
0.39058
2.58106
2.65768
2.901
2.8368
3.55729
4.47757
7.51435
6.79804
2.73955
2.84204
4.27109
2.82415
4.66204
2.83125
2.80205
2.86038
1.21554
3.90653
8.08046
2.85417
2.69882
3.6162
4.57179
3.70484
7.16358
8.15987
8.17428
7.17821
0.265705
2.71758
3.6198
1.31173
3.64915
2.8661
1.72311
3.68998
2.86987
7.36733
2.81737
2.71158
8.17457
3.73948
7.9952
2.66551
4.59846
8.26228
8.41331
3.96174
7.85434
4.57192
4.56914
4.45517
6.18374
3.53598
3.7889
7.79139
6.67189
2.63962
3.64693
0.294834
2.3782
2.8074
1.51394
1.13749
3.62787
1.24442
7.85481
0.306668
3.9721
0.389181
7.76277
4.77463
4.13977
1.38774
2.89965
3.69379
3.70979
3.63895
2.47517
4.83626
6.94717
6.97744
2.90116
4.56075
2.0245
2.85294
4.3024
6.61521
3.66113
0.96565
2.02818
1.56515
3.93112
4.52482
4.01973
0.346957
8.34926
7.97099
3.10617
1.93376
4.66462
6.64834
3.6962
2.24303
4.4099
0.0584832
9.07753
6.03294
4.50499
2.67903
3.82148
1.2515
3.24711
1.31374
1.38174
1.41865
1.14072
8.27812
3.74025
1.94429
1.3257
8.41926
1.29184
4.14053
3.81368
4.22178
5.12037
2.14965
4.88645
1.58223
4.9889
6.19787
0.749372
0.993992
5.28017
7.02379
3.68356
7.36212
7.94947
2.82109
1.88605
0.974914
3.70904
4.18655
1.70713
4.58775
4.44155
3.83977
0.181449
1.11442
4.26297
1.13624
1.71338
2.02724
4.26967
8.00958
1.42645
1.33127
0.215452
7.76366
6.18281
4.56174
1.12598
1.44375
1.24812
1.07445
1.30213
1.29951
3.83491
1.3934
0.880113
2.2484
4.86548
4.62945
4.43474
7.99949
4.30623
0.337036
7.14474
0.883624
1.30812
0.259382
3.57962
2.68352
0.756311
0.595777
2.6749
4.5719
7.75342
3.88659
7.9789
6.35749
8.20801
0.788805
1.61178
7.55184
1.45349
4.78882
7.93186
4.64388
0.656497
0.445353
1.63609
6.43792
7.87063
5.1305
8.2102
4.724
4.3494
7.34963
4.80753
6.51907
5.54758
3.61304
1.69391
4.55924
8.68344
6.21584
6.97213
1.72935
4.87667
4.3198
3.61507
8.11656
4.54174
0.99898
0.382944
1.71366
6.0615
5.43345
1.26629
3.8117
0.0402831
4.30907
4.73175
6.84128
5.49802
7.49213
4.26109
4.54474
5.01635
4.30404
4.87143
1.00465
3.79496
7.97905
4.18413
5.33414
4.55094
3.86287
4.34603
7.9915
5.28549
4.4838
6.82087
1.43815
1.17669
8.39845
1.30977
7.76133
7.99069
4.89968
0.743522
6.02429
0.490335
6.25511
8.54147
8.71034
3.83526
1.99235
3.38346
7.43445
0.796769
1.10244
1.30354
4.71203
0.586983
2.09287
5.00239
7.48591
6.0795
2.82732
7.98951
4.25406
2.71844
0.997053
2.91455
4.3076
5.71622
2.71602
7.7939
8.22794
4.0682
0.498166
4.63067
4.51366
6.84202
7.92218
8.16444
0.101526
1.09856
2.68497
4.37686
3.81474
8.45635
8.71584
7.83175
1.17769
4.40148
0.319366
1.2124
3.95243
3.89428
3.92737
4.34193
2.75874
7.17221
0.971445
3.63445
7.28153
1.42639
0.616313
1.59732
8.17102
8.21063
4.93484
0.804032
4.63278
4.69152
5.73131
0.246232
2.84631
2.88584
3.81693
4.05286
8.51407
1.49249
2.65392
7.5483
0.251739
5.35837
6.92817
4.54099
2.83427
1.23638
1.26139
2.52763
1.05059
1.09359
6.51499
2.01727
1.10324
7.40785
4.60614
0.297197
0.218557
7.50422
6.85858
4.7841
8.14021
4.30659
0.571182
1.99532
7.80531
1.19225
7.72106
7.80677
2.42805
7.37322
1.23566
2.58937
0.22228
8.11657
4.62763
7.02079
0.444517
8.18287
8.18253
6.94664
8.18059
0.812331
1.02512
2.18233
2.78225
7.71242
7.03462
3.55156
4.56063
0.520111
3.63237
1.70725
3.95792
3.90785
5.78737
0.246603
4.55792
7.62848
2.06988
8.18221
4.4628
7.7793
7.76929
9.11498
7.95491
0.736366
8.22407
5.37321
1.35125
7.52092
5.30685
5.16134
0.0703342
4.70472
0.168006
4.88776
3.65762
0.92172
4.63346
7.64873
1.0351
1.6257
0.141862
4.9727
6.43786
8.65624
0.120473
2.57717
1.43504
8.0824
4.03753
4.86272
6.38117
4.57214
1.72278
4.24961
4.89704
3.46425
8.63202
0.734445
1.16384
1.03009
5.54564
7.12585
0.0937819
7.78784
5.40743
7.99157
7.44125
3.17408
7.5731
4.62928
2.74047
5.91525
0.983377
8.18804
1.26239
4.99611
1.08615
1.00555
4.40815
0.210488
4.55217
3.50687
8.64518
0.963845
2.87534
2.87268
8.06701
5.81588
8.2367
8.71894
8.06406
1.96478
2.30677
0.270721
1.0391
0.951595
7.93788
7.2136
0.785465
1.01923
8.76885
3.68569
3.34847
8.11592
2.55985
4.97896
0.33291
8.00951
7.97031
7.76701
3.54189
1.50107
1.05442
6.01471
8.00024
0.445236
0.749375
1.75165
3.5131
9.34303
5.77971
7.69213
7.91672
1.10291
2.77171
4.09737
0.409758
6.11435
3.87729
0.132705
7.78349
7.61987
4.61535
8.12825
2.63369
1.38883
4.36326
7.5437
0.370186
4.25331
4.47103
0.594019
0.888634
0.304761
4.51219
1.2255
6.24814
7.78188
1.59703
4.88562
8.39406
4.53409
0.291043
2.39298
2.41308
4.3259
1.31984
0.863855
8.72168
7.9408
0.226834
1.07256
8.70917
4.60231
7.75225
7.5496
7.25919
6.92381
7.95845
6.9912
2.19359
1.17103
3.28235
6.39914
1.2483
1.16473
2.22762
1.55641
4.20803
0.492696
4.23702
4.16653
3.01764
0.866114
6.98887
4.53224
6.26928
3.72154
4.87617
5.73654
6.20798
8.23641
6.21872
3.3293
4.53678
8.08669
3.00005
7.41987
7.24573
0.739093
7.52401
3.74568
8.49527
0.862681
0.185113
7.69544
8.46773
2.07008
3.12297
3.1389
4.89487
0.253071
1.0835
0.200183
8.48021
3.74623
3.01135
8.24653
7.96874
0.422264
7.95551
0.387852
0.723422
4.61285
1.95579
0.103151
2.54079
2.37425
7.05237
0.233509
7.64436
2.64055
0.697689
2.5662
8.04624
1.14426
8.28137
8.7057
0.471866
2.02694
4.26448
1.10523
0.249257
0.762427
4.06144
5.25288
0.205855
2.19619
3.66396
0.777077
1.68027
7.25147
8.06964
7.07595
3.25552
0.458121
8.05567
2.64183
2.42944
4.52725
7.98919
4.65983
3.54726
4.63018
3.70464
0.432788
0.71939
3.612
2.2956
7.5268
3.574
2.55789
9.07535
2.98979
4.43173
2.8027
2.3416
3.0271
8.27243
3.58999
0.783498
7.6022
7.9813
0.648146
8.74418
0.0125489
4.51332
7.1613
1.77106
3.52016
0.778083
7.20314
4.11856
4.30882
3.9304
1.81858
3.77784
2.56889
8.50882
8.22932
3.58747
8.1947
0.211385
8.52919
8.03032
7.83091
0.124326
3.61658
2.87534
7.74473
0.837113
8.20429
4.32988
4.1032
3.07912
7.94808
7.78909
7.94973
0.61995
0.725662
7.64806
8.92486
0.248322
7.9933
2.50414
4.48218
7.282
0.635277
7.7425
1.83182
2.94868
0.178128
4.28792
0.971599
3.0909
7.72748
0.26601
2.74643
3.62654
4.56087
8.80677
1.30689
8.02895
3.9073
4.31615
0.770464
0.379571
8.57851
0.970085
1.90476
8.02265
0.882576
4.4657
2.82732
4.27058
2.84326
4.72419
2.22411
3.03647
4.55311
1.00222
2.5709
0.499178
4.55581
4.59599
0.731297
3.42267
3.68429
8.53738
0.479012
3.73113
3.73799
7.5368
8.43649
8.76674
8.31645
4.43769
8.11753
0.552221
0.461649
4.47371
0.169347
8.05405
8.68026
7.97611
7.79953
4.47013
0.888852
3.10221
6.95548
4.42632
3.71512
0.843088
2.28586
7.77922
3.50093
4.04556
8.28365
0.294983
3.70143
2.89013
3.76746
5.33362
3.65742
8.04417
4.17692
8.09615
0.582041
0.323673
8.34704
6.95771
0.153116
0.962208
8.19687
4.61839
2.62157
7.80786
2.97906
2.97568
1.19798
1.17563
0.776559
4.08972
2.41515
8.53296
7.39995
8.67871
7.99615
7.98035
1.79991
4.55435
2.76816
8.44442
3.96282
7.69466
1.17238
3.65528
8.43054
4.48091
1.59824
7.20073
6.12374
1.36002
4.50033
0.816204
4.63872
2.11154
2.04481
4.39183
3.20841
3.18645
5.28382
0.55213
8.22034
1.80191
1.14382
4.93454
1.15637
1.8961
1.0399
0.606635
2.56818
2.56284
2.88731
8.54098
4.53754
3.99872
0.77504
0.35582
0.333982
1.36507
7.72708
2.56683
3.06807
0.316056
8.2068
8.06903
8.71443
3.67105
0.13915
0.715236
4.37
0.604387
7.72093
4.53867
3.18695
8.10337
0.723854
0.841518
7.59017
2.99808
8.08446
2.87742
1.61841
7.90953
2.82058
0.731381
1.16404
2.99892
7.71223
8.00182
2.82488
7.3169
8.04799
2.67463
6.49296
8.16518
2.87647
1.15473
3.00578
4.93079
8.48446
4.58233
8.75999
8.6615
3.19456
4.34131
4.11329
2.21913
0.0265355
8.28724
0.326617
3.55984
2.61371
7.11276
5.17522
7.52203
0.722543
2.59526
2.83685
3.47792
2.76088
1.33446
6.12319
8.56011
2.92961
2.47824
2.92594
8.44525
3.98619
2.47032
4.72096
0.350756
5.3269
7.7477
6.65824
7.45132
2.18791
1.60832
2.94808
7.59729
3.5643
0.105165
0.126331
2.6056
4.74931
1.6808
6.62859
0.897004
0.42959
0.816393
0.869027
3.36463
5.30894
8.8459
2.65444
7.72383
3.79745
4.33959
3.98655
7.55697
0.0157645
1.78399
3.89621
2.822
0.0682178
0.592363
4.10767
1.4071
7.73798
3.34859
4.31561
2.7013
0.0845329
6.76932
2.86223
7.62878
5.38294
2.84266
2.8834
4.47048
0.193524
8.14167
4.0131
2.18715
5.45312
8.42381
7.20311
0.564948
8.20924
2.86151
2.98238
2.80168
4.61415
6.03266
2.91203
0.191344
8.00319
7.89321
4.55813
0.248043
1.54542
5.49923
8.2163
3.70954
3.06586
0.480314
0.461373
3.11286
3.0679
2.77646
3.94229
7.04355
1.61519
0.0766207
8.68287
3.7276
0.48286
3.96967
3.37876
0.121728
2.72165
7.34456
2.79692
8.63743
7.1649
3.21831
8.37911
8.31333
0.978196
8.66373
1.03489
5.36699
8.11043
2.42312
8.67176
2.60072
0.881584
0.897392
3.8183
8.17963
3.93113
2.58746
3.79709
2.58339
4.31236
4.04157
2.51769
4.82233
4.29502
3.72084
1.40442
7.0324
8.44541
6.42035
4.55318
0.0846527
8.69608
2.16677
4.48721
4.54898
0.0599981
4.56096
4.43072
3.41502
4.55405
8.7081
8.34324
0.128756
1.11543
2.1893
4.5333
0.485955
1.15439
7.66015
8.20789
2.63511
4.30699
2.63878
1.054
2.98063
3.84437
5.02764
9.02849
6.21523
7.97551
2.82726
0.381696
6.35831
4.34238
1.16946
3.54761
1.74354
4.37883
4.03331
0.586484
2.87091
8.62526
4.02355
3.59386
0.322184
2.57277
2.87743
3.38736
2.35031
0.992049
4.50629
2.58463
4.74563
7.64284
0.491834
4.26172
1.01251
3.05986
4.9109
5.49793
3.86563
8.11908
4.74691
5.19057
1.59678
2.71486
0.573679
4.96139
7.12402
4.55161
3.82749
8.07075
0.603365
7.90729
0.0378505
1.06521
0.204728
7.9611
4.29929
1.3571
3.5952
0.988813
3.5534
3.69139
2.19827
2.6502
4.34851
3.93524
4.9182
0.36427
0.230031
0.800683
4.49469
1.47179
1.17722
2.93782
0.332386
1.54351
3.76475
0.039097
8.50725
0.285881
2.00718
3.02992
3.81605
4.93
0.194778
4.47808
3.97604
8.29632
5.59922
4.30756
6.48062
8.63742
2.75151
2.53034
7.05622
0.878766
2.53523
1.83709
8.69118
3.82177
8.65416
0.974927
3.77957
1.65734
0.102705
2.68181
3.89221
4.38405
1.43909
2.16422
5.30088
2.86684
3.47883
6.15404
5.0157
0.217423
1.99749
2.72826
2.79149
2.87694
8.70958
8.87674
8.7397
2.93899
3.8659
0.345302
3.76179
4.28303
2.86944
6.43631
3.68857
4.01408
7.99776
0.473032
0.415548
2.81811
0.807937
6.96516
6.94222
4.00755
3.38214
8.82878
5.45998
3.50894
3.50997
0.577244
8.20514
0.191584
2.15395
3.71411
8.77042
9.13882
4.58716
0.47256
3.98189
4.40453
2.90227
0.552145
1.15767
3.75777
8.83975
4.10277
1.96311
7.6694
2.87859
8.85441
1.53101
0.319982
4.25562
4.59208
3.76555
8.93455
2.15774
5.47206
4.25124
2.0838
3.09163
1.83692
8.85948
8.55081
1.95667
8.76273
2.88151
3.6904
3.68679
1.66635
0.258508
4.01189
8.71121
8.55428
8.66088
2.08479
0.341402
0.192636
0.112437
8.24389
0.306533
0.040586
0.082156
7.54518
)
;

boundaryField
{
    frontAndBack
    {
        type            empty;
    }
    walls
    {
        type            zeroGradient;
    }
    inlet
    {
        type            zeroGradient;
    }
    outlet
    {
        type            fixedValue;
        value           uniform 0;
    }
    cylinder
    {
        type            zeroGradient;
    }
}


// ************************************************************************* //
