/*--------------------------------*- C++ -*----------------------------------*\
| =========                 |                                                 |
| \\      /  F ield         | OpenFOAM: The Open Source CFD Toolbox           |
|  \\    /   O peration     | Version:  2512                                  |
|   \\  /    A nd           | Website:  www.openfoam.com                      |
|    \\/     M anipulation  |                                                 |
\*---------------------------------------------------------------------------*/
FoamFile
{
    version     2.0;
    format      ascii;
    arch        "LSB;label=32;scalar=64";
    class       volScalarField;
    location    "4.6";
    object      p;
}
// * * * * * * * * * * * * * * * * * * * * * * * * * * * * * * * * * * * * * //

dimensions      [0 2 -2 0 0 0 0];

internalField   nonuniform List<scalar> 
76166
(
-2.57311
-4.23612
-4.73328
-0.274048
-3.89886
-1.20031
-4.37256
-1.05611
-0.932577
-2.40968
-1.25355
-4.34858
-2.54597
-4.72175
-4.45013
-2.5412
-2.40494
-1.6627
-1.91077
-1.33701
-4.80063
-4.50226
-4.70714
-4.30619
-2.70776
-2.64429
-4.00188
-4.32951
-4.45946
-5.01873
-1.66566
-4.61684
-4.27396
-1.3719
-1.05676
-4.53809
-4.55425
-2.75055
-0.65541
-2.7372
-4.26445
-4.20966
-4.09866
-0.883597
-4.15219
-4.84734
-1.09817
-2.56679
-2.71121
-4.3823
-0.038477
-0.0716191
-1.36436
-4.52225
-4.63256
-2.72036
-0.772308
-5.877
-4.6519
-1.95952
-1.05506
-4.37477
-1.51635
-4.43589
-4.42322
-4.42963
-4.5346
-4.34913
-4.20775
-4.5686
-4.6768
-4.92147
-1.95301
-4.26493
-3.18629
-2.9346
-4.40288
-4.61105
-4.53406
-4.42588
-2.52846
-2.93311
-1.71236
-4.28711
-2.52463
-4.47984
-3.10327
-0.46651
-1.25781
-4.87612
-3.16913
-4.5299
-4.48281
-5.83242
-4.32164
-2.51054
-1.54572
-2.50498
-3.86134
-4.6451
-0.659732
-1.99624
-2.63883
-4.41029
-2.33785
-4.95523
-2.90615
-4.50049
-0.573323
-3.5874
-4.52537
-2.89915
-4.55189
-4.35515
-2.94541
-4.12793
-2.56125
-0.753307
-0.92653
-2.37585
-4.52044
-1.29538
-4.31374
-4.70231
-4.19163
-0.579325
-1.33511
-5.28614
-0.91416
-3.88651
-1.44831
-0.745071
-4.40715
-4.41222
-4.41534
-0.753894
-1.88251
-5.34963
-5.98103
-4.40065
-4.4755
-4.36489
-4.11727
-4.66618
-1.07021
-4.7324
-4.84228
-4.87626
-1.38249
-1.37344
-4.24592
-4.49066
-4.44154
-4.7306
-4.15411
-0.514658
-4.6839
-1.11374
-1.27514
-1.08013
-1.65887
-0.380709
-4.10049
-4.51228
-4.51665
-4.77066
-4.40924
-4.41445
-4.89201
-4.54891
-1.18909
-4.12593
-4.55685
-4.75375
-5.02928
-4.96644
-4.52891
-4.21508
-4.95278
-4.35478
-3.53926
-3.80884
-3.83889
-1.22006
-2.02521
-0.796981
-4.52791
-4.4313
-4.72872
-1.49463
-4.93839
-2.9603
-4.4436
-4.4202
-0.90707
-1.92543
-4.26821
-2.48813
-4.29986
-1.84282
-4.32897
-4.71981
-4.6821
-1.08474
-2.48427
-4.81345
-4.61072
-4.57501
-5.05458
-4.89352
-1.60812
-2.1481
-5.36564
-4.23757
-4.72973
-4.53243
-2.81307
-1.37754
-4.22888
-4.20626
-4.28226
-1.49705
-4.96398
-5.38628
-4.27601
-5.84486
-4.41655
-1.52641
-0.380337
-2.42705
-4.18387
-2.74929
-4.45161
-1.34027
-1.6455
-4.46271
-1.06872
-4.37299
-4.76067
-4.95733
-0.652238
-4.05429
-1.37174
-0.918313
-4.53598
-1.19408
-4.62161
-4.41721
-4.27924
-4.52408
-1.12709
-4.41307
-4.64893
-0.780667
-4.24428
-1.56395
-2.42748
-1.27456
-4.0487
-1.15385
-5.82443
-2.13385
-1.12162
-2.34437
-0.667429
-1.23587
-4.40567
-2.32863
-2.41647
-1.51077
-4.41768
-0.257524
-1.81542
-4.67954
-1.41845
-2.36627
-3.87737
-4.47972
-3.19445
-4.93618
-4.42724
-1.51999
-0.643861
-2.41593
-4.3969
-0.6411
-4.23946
-5.31681
-4.32079
-1.56247
-4.31094
-4.6508
-4.40775
-4.6889
-4.97034
-4.23616
-2.08207
-1.52345
-4.14266
-4.47752
-3.24715
-0.777829
-0.931544
-4.21876
-4.89816
-4.47726
-0.919376
-4.45216
-4.78262
-0.609384
-1.84099
-3.23443
-5.3337
-1.11636
-4.57319
-5.05024
-4.4587
-4.74241
-4.57919
-4.10882
-4.20919
-1.14145
-2.86585
-1.16656
-4.32135
-4.62365
-4.75606
-4.49219
-0.927443
-0.374734
-4.13765
-4.21509
-4.56112
-4.41249
-4.16566
-4.37582
-4.47284
-4.30001
-5.88314
-4.67408
-1.62502
-4.58606
-4.32925
-0.980751
-5.85063
-2.86171
-4.31237
-4.44855
-1.07725
-1.04056
-4.08468
-2.32591
-1.04445
-0.544595
-0.923489
-3.44943
-1.33987
-4.36671
-2.32103
-4.41093
-0.625831
-4.47292
-4.1258
-4.27539
-4.28645
-1.24266
-4.39239
-1.62373
-1.39436
-4.76966
-2.11116
-4.54864
-5.33926
-4.5759
-5.04819
-3.99607
-4.22282
-3.45187
-4.59284
-2.03168
-5.39279
-1.66113
-1.50623
-4.53909
-0.701005
-1.15668
-4.53859
-5.80046
-4.42503
-4.7642
-4.5538
-4.39431
-2.49757
-1.21262
-4.42027
-4.69344
-4.58853
-5.04585
-5.41303
-5.17329
-4.07473
-4.40754
-0.28395
-0.419126
-1.53461
-5.37868
-2.37109
-4.41914
-4.66127
-4.96228
-4.47161
-4.28432
-4.18067
-4.36941
-5.18648
-0.720886
-2.02215
-4.63623
-5.82471
-4.52113
-4.33513
-4.4405
-1.42449
-0.87339
-2.35506
-4.42603
-1.02955
-4.51613
-4.41761
-2.0727
-0.859343
-4.4153
-5.45
-1.47253
-0.0897997
-0.623949
-2.92132
-0.527904
-1.15041
-4.71439
-5.42977
-3.57414
-0.118176
-4.37438
-4.17264
-1.50647
-2.27817
-4.61865
-4.41316
-4.2829
-4.50189
-2.02561
-2.76516
-4.41537
-0.828109
-4.46202
-4.71076
-0.52948
-5.38922
-1.25731
-0.0931076
-0.0306998
-1.91202
-4.22152
-0.755446
-3.80686
-2.38063
-4.22696
-5.06284
-5.0548
-2.53416
-0.837102
-4.38784
-3.23666
-4.2407
-4.3276
-1.61261
-0.624819
-4.0634
-4.07172
-0.837916
-3.23769
-2.87585
-4.10161
-1.47743
-0.595972
-2.79685
-0.600098
-4.35212
-0.830327
-4.88489
-4.23139
-4.26367
-0.386234
-4.47526
-4.58526
-4.22256
-4.43634
-1.23805
-1.60114
-0.888516
-1.78192
-4.49655
-4.95388
-1.24953
-4.27847
-4.46393
-4.27695
-2.68407
-0.921983
-3.16802
-4.43571
-2.44108
-4.21298
-2.0482
-4.4485
-4.63958
-4.16515
-2.7782
-5.01472
-4.36969
-4.06448
-0.314383
-4.14967
-2.44097
-1.33343
-4.99845
-5.32775
-4.57543
-4.70004
-4.1821
-4.60243
-4.61451
-4.40241
-3.16061
-4.31427
-4.28574
-1.60799
-4.32414
-4.42096
-3.81365
-0.860571
-1.59584
-4.24963
-2.38865
-4.45797
-2.25627
-4.2681
-1.52493
-0.261435
-2.34162
-4.07243
-1.30659
-4.5324
-1.52895
-5.41105
-2.38125
-4.56885
-2.398
-4.47304
-2.33458
-4.76667
-1.53345
-4.76982
-4.53961
-4.78965
-4.12233
-4.90504
-4.4741
-4.46115
-1.32933
-1.0401
-1.35663
-4.46268
-4.61984
-4.24065
-2.78981
-4.5445
-5.03794
-4.32676
-3.18495
-1.5898
-4.44115
-4.45682
-2.8685
-4.28134
-4.52204
-1.0185
-4.76545
-4.45372
-1.31533
-3.15328
-4.52696
-4.45639
-4.70883
-4.68063
-4.75519
-1.27554
-4.74039
-4.65261
-1.27571
-1.08832
-5.06849
-4.3228
-4.35828
-3.32362
-1.27079
-2.417
-4.46382
-4.37413
-0.273186
-4.26316
-4.47153
-1.03526
-3.93645
-4.76485
-0.673412
-4.62726
-4.67225
-1.9249
-1.22346
-1.46812
-4.92053
-0.783511
-1.5874
-4.3289
-2.55988
-4.21294
-1.22299
-4.25741
-0.725063
-4.47288
-4.94308
-4.69772
-0.393822
-4.51855
-2.40212
-1.33137
-4.47985
-1.55567
-4.3733
-4.99295
-4.4066
-1.72125
-4.45669
-0.950598
-4.33425
-2.97173
-1.44828
-2.68954
-0.274901
-1.34753
-4.63061
-3.25486
-4.61623
-4.37297
-4.17321
-4.53243
-4.29677
-2.50574
-4.36378
-4.40648
-5.5813
-0.877172
-2.68469
-4.40523
-0.61386
-4.6243
-4.44945
-4.80623
-5.16927
-5.0428
-4.79531
-1.08639
-4.369
-4.62513
-3.61517
-4.69298
-4.5545
-5.047
-4.73442
-4.52785
-4.47919
-4.70192
-4.22796
-2.2944
-4.35666
-4.20875
-0.558129
-4.40737
-1.37589
-5.02689
-2.53208
-4.89644
-4.36258
-4.59972
-5.39175
-4.0692
-4.3767
-4.9018
-4.20305
-4.32211
-4.34154
-4.53962
-4.25328
-4.53788
-4.43934
-5.39185
-4.53005
-4.77671
-5.00977
-2.62745
-2.69421
-1.54568
-4.42518
-1.22806
-2.92031
-4.72577
-0.592557
-4.59724
-0.671951
-4.3748
-4.35588
-4.30456
-3.53264
-3.19483
-4.47504
-2.05906
-0.873165
-5.3598
-4.55456
-3.93763
-2.45654
-4.37531
-5.02106
-4.61937
-4.56217
-0.117654
-4.73182
-2.69271
-4.37205
-1.03215
-4.52587
-2.46114
-1.6803
-4.5669
-4.1638
-5.13232
-3.52891
-4.48828
-4.4417
-4.2784
-1.58068
-0.400915
-4.72697
-4.8924
-4.89819
-3.79991
-6.05534
-5.96873
-4.41506
-4.31114
-0.737798
-0.845884
-1.47613
-4.70948
-0.138473
-4.69411
-0.919848
-2.11101
-4.3441
-0.733302
-0.616289
-4.18344
-4.33507
-1.46578
-4.47052
-4.90962
-4.9089
-4.5711
-2.68288
-4.74652
-1.57505
-1.71935
-4.3693
-4.43195
-3.89509
-0.441683
-4.43736
-2.27803
-0.628654
-4.35509
-5.94817
-4.46256
-1.67036
-4.44714
-6.05809
-4.37544
-2.38949
-0.5977
-2.78346
-4.5467
-2.94578
-0.663247
-3.9204
-3.64568
-1.48306
-4.30372
-1.54147
-4.2894
-4.17263
-4.06985
-4.70352
-1.60851
-0.561329
-1.13381
-2.28808
-1.3432
-1.60977
-1.12484
-5.00474
-1.6051
-3.15221
-4.46157
-4.37307
-4.79359
-0.550827
-2.21341
-0.605208
-1.55398
-2.95105
-4.36893
-2.02808
-4.61227
-3.17474
-0.875282
-4.55623
-0.823798
-0.776481
-1.90626
-4.4142
-4.95357
-4.8655
-4.30699
-5.52041
-1.42639
-4.34299
-2.15088
-4.1274
-4.49407
-4.32466
-4.69167
-2.28414
-4.48754
-4.38132
-4.37556
-2.89029
-6.00579
-4.21502
-4.91417
-4.51994
-4.53797
-4.73102
-0.690738
-4.37462
-4.75445
-4.55396
-4.54418
-2.61966
-2.92825
-2.37984
-4.28011
-4.35987
-4.55559
-4.89704
-4.42862
-4.50852
-4.4376
-4.37433
-4.97925
-4.8732
-4.70213
-4.02385
-4.44571
-4.44187
-2.60597
-2.87971
-5.53946
-5.03252
-2.53617
-2.01354
-2.89001
-4.33722
-2.32975
-4.86882
-4.96205
-4.33724
-4.79844
-4.53775
-4.62653
-4.094
-4.64288
-2.5267
-4.4884
-4.46517
-4.74374
-4.39661
-4.61758
-4.44827
-4.52327
-4.93103
-4.19547
-3.43413
-4.5392
-4.40571
-4.71707
-4.38563
-4.27074
-4.80771
-0.778209
-0.755746
-4.53681
-4.78353
-4.77471
-4.33614
-4.41984
-4.53769
-4.67569
-1.60454
-2.03416
-4.74493
-4.41067
-4.60913
-0.974661
-4.44068
-4.87876
-1.06298
-1.42522
-1.92768
-1.54823
-4.45834
-0.474172
-0.608128
-4.90647
-4.12309
-1.26921
-4.63207
-3.16662
-4.65462
-3.19716
-4.64112
-4.40264
-4.5554
-4.75496
-2.0391
-5.4529
-0.206058
-4.5095
-1.46777
-3.24468
-1.65904
-4.65134
-1.4997
-0.288003
-4.56005
-4.93291
-0.526572
-3.41901
-4.34136
-4.54946
-0.609797
-4.32681
-4.19193
-4.6242
-4.88145
-4.4584
-4.28143
-4.65728
-4.76853
-1.71665
-3.58781
-4.64373
-1.54454
-2.83966
-4.34719
-4.51418
-4.77558
-2.67969
-4.44992
-0.750763
-4.52841
-1.52778
-4.73009
-4.71557
-2.52388
-5.00993
-1.31552
-2.55116
-1.92521
-4.76785
-4.68154
-2.15174
-4.96967
-4.33266
-4.5326
-4.44525
-4.342
-1.60043
-4.4206
-5.85072
-1.88805
-0.651872
-5.02724
-4.91048
-2.73607
-1.21937
-4.60218
-4.75013
-2.03379
-1.27566
-2.03759
-0.0748784
-2.53587
-4.33296
-4.40812
-2.33439
-4.07291
-4.92604
-1.42042
-4.24057
-4.2674
-1.69262
-0.627271
-0.749965
-4.1181
-5.53318
-4.28442
-4.97247
-1.038
-4.70662
-4.21464
-1.03303
-0.380393
-4.39484
-4.27978
-2.80716
-4.29073
-4.67316
-1.04681
-1.04924
-4.55692
-1.50447
-2.60149
-4.63089
-3.05725
-0.403453
-3.20685
-1.29965
-1.99543
-2.55796
-4.91829
-1.88121
-4.25947
-0.418623
-0.533851
-4.41355
-4.38815
-4.76421
-3.60902
-4.36588
-1.69036
-4.29309
-4.363
-5.0145
-3.22403
-4.59241
-0.742295
-6.0457
-2.58198
-3.6038
-4.37228
-1.83215
-3.9002
-0.451338
-0.944192
-2.29396
-4.21344
-4.3834
-4.41386
-4.1937
-3.86928
-4.74756
-1.50427
-2.65547
-4.45815
-1.96789
-4.45104
-4.88416
-4.52053
-5.99351
-4.38808
-1.22846
-0.675212
-4.55866
-4.15429
-4.47826
-4.68141
-5.72209
-4.56556
-4.24743
-4.06974
-4.3662
-4.66777
-4.13509
-0.452247
-2.30894
-4.70838
-2.32284
-4.25158
-4.45387
-2.63646
-1.48328
-5.01693
-4.35757
-4.58573
-0.717974
-4.79545
-1.47426
-3.12679
-4.61993
-1.98196
-4.70208
-0.587181
-4.6465
-4.97639
-4.38397
-0.776051
-0.608257
-4.47037
-2.95458
-4.35178
-3.51096
-4.2906
-1.40034
-0.630938
-4.54142
-2.86396
-2.52655
-4.88073
-0.0738331
-4.78938
-2.57662
-0.612617
-1.1088
-3.33722
-6.061
-1.02442
-5.71266
-0.83444
-2.60955
-4.94263
-1.81806
-2.15911
-4.35774
-3.89248
-0.402061
-4.06761
-4.27979
-4.44974
-4.31184
-4.08267
-4.85846
-4.53266
-4.77939
-2.56627
-4.13204
-4.06115
-4.35999
-4.49082
-4.01915
-1.19553
-3.63461
-1.97896
-1.056
-0.801119
-4.45721
-0.656843
-5.24942
-4.56026
-4.29603
-1.6538
-0.771017
-4.23287
-4.27682
-3.91045
-4.21566
-4.36742
-0.990936
-4.66321
-4.50566
-1.03195
-4.34841
-4.52882
-3.92536
-1.92244
-1.52061
-4.45629
-4.32719
-4.62985
-4.27401
-4.44534
-4.38463
-4.10669
-4.35281
-4.31291
-4.36987
-4.19614
-2.26117
-1.82866
-4.37476
-2.32772
-4.38263
-1.85462
-2.31441
-3.47002
-4.42191
-4.57476
-2.02466
-3.85609
-4.33631
-4.75951
-2.26334
-5.18565
-5.40648
-0.565357
-4.71936
-1.19659
-0.429872
-0.0538163
-4.36358
-1.03676
-4.50229
-4.3085
-4.71124
-4.59272
-4.61536
-4.61156
-4.98538
-3.19274
-1.18428
-4.38231
-4.29605
-4.65153
-3.00369
-1.64267
-1.10411
-3.46456
-4.90691
-4.61468
-4.35512
-5.25057
-3.89316
-0.403705
-0.911777
-2.02553
-4.78786
-4.20614
-2.14796
-4.44572
-4.62439
-4.53797
-4.4749
-4.78976
-2.30446
-0.796885
-4.43759
-4.68933
-1.47326
-4.11702
-4.67418
-0.543711
-1.77399
-1.00931
-2.95816
-4.78431
-4.40403
-4.45726
-2.03057
-5.06537
-0.41116
-5.31696
-4.76643
-4.24046
-2.92563
-4.2567
-4.5675
-4.53174
-4.39907
-4.79197
-3.91415
-4.79679
-0.917546
-4.30109
-2.31713
-4.4926
-4.51879
-2.96351
-1.69381
-4.72356
-4.54245
-1.55779
-1.19121
-4.81173
-1.131
-2.12305
-4.32039
-1.55871
-4.60727
-4.79076
-0.970922
-4.23075
-1.93491
-2.87258
-4.45838
-4.20914
-4.20823
-5.08413
-1.47254
-1.5547
-4.54393
-4.67241
-1.30469
-1.63138
-4.72058
-0.626051
-0.447294
-3.73472
-4.42675
-0.273419
-1.43318
-0.697127
-4.76723
-0.822173
-4.32485
-4.07385
-4.65765
-1.59732
-2.08851
-0.768623
-2.03537
-4.72241
-1.96056
-1.3243
-4.29609
-1.26393
-0.659294
-1.79722
-4.20744
-3.69405
-4.21796
-4.5493
-2.95496
-4.54388
-4.69079
-2.48984
-2.29374
-1.04014
-4.39082
-4.22357
-2.04615
-3.8264
-2.04195
-3.09047
-4.56152
-4.47285
-4.20712
-1.03856
-2.14933
-3.20558
-4.54347
-4.78351
-4.68281
-0.691676
-1.02196
-4.29956
-0.746707
-1.29161
-0.388605
-4.16824
-4.22791
-4.32201
-4.66781
-4.81644
-4.54399
-2.33044
-4.28638
-4.79876
-4.44536
-5.24496
-4.34638
-5.03429
-2.00115
-4.68818
-0.978995
-4.32085
-3.79999
-4.55639
-3.47226
-1.4642
-4.41087
-3.95672
-1.64137
-5.79759
-4.34593
-4.60443
-2.11835
-4.27642
-5.04851
-4.36796
-0.729536
-4.54531
-4.47207
-4.34775
-0.625237
-4.86516
-5.02097
-4.3833
-1.89035
-2.31615
-4.42114
-2.2608
-2.03384
-4.66085
-5.77998
-1.64267
-0.819859
-4.68491
-1.49497
-2.31422
-4.36787
-5.95344
-2.40581
-4.6468
-0.977408
-4.36506
-1.67042
-4.46455
-4.54109
-4.36538
-4.56416
-4.76732
-4.3781
-4.39401
-4.66814
-4.42824
-4.24252
-4.67251
-4.37294
-4.26437
-0.933316
-4.41982
-1.62865
-2.91993
-1.51801
-4.45638
-4.461
-4.47769
-4.2155
-5.30973
-4.28746
-4.30271
-4.54347
-1.29405
-4.45588
-1.07255
-4.36754
-4.20732
-1.97444
-4.21617
-4.494
-5.22596
-4.37618
-4.90822
-0.359135
-4.47718
-0.799385
-4.67962
-4.61028
-4.8026
-1.77847
-1.51519
-4.46103
-4.86713
-4.39305
-4.46247
-4.43198
-2.36814
-0.744428
-3.47451
-5.21434
-4.42644
-4.4122
-2.92034
-4.37038
-5.30259
-4.6716
-4.56625
-4.8699
-1.37595
-2.53681
-2.27648
-4.37206
-0.800759
-0.984698
-4.42799
-4.89758
-4.46888
-4.31463
-5.05114
-4.54601
-4.60354
-1.25093
-4.42473
-4.53225
-4.37824
-4.47665
-4.27729
-0.0709725
-4.26799
-4.38805
-2.01296
-2.1196
-4.85781
-3.01092
-0.510127
-4.29882
-4.23495
-2.10481
-4.45837
-4.47992
-4.38869
-4.44441
-1.61902
-4.20236
-4.67587
-4.58774
-1.45289
-4.46214
-2.09336
-5.00311
-4.29375
-4.48019
-4.30233
-4.68276
-4.54456
-4.81189
-1.4351
-3.92764
-2.93462
-4.30744
-4.68728
-0.843556
-4.52806
-5.03087
-1.47212
-4.40347
-1.85805
-4.91792
-4.19325
-2.02867
-2.3785
-4.33138
-1.02272
-4.32423
-0.793165
-3.63008
-0.346356
-5.02521
-4.55394
-4.45646
-4.62878
-1.91994
-1.60572
-4.33816
-4.91975
-4.40733
-1.91416
-5.2668
-4.84825
-4.33573
-4.46222
-1.60605
-1.37979
-3.72315
-1.12707
-4.73098
-4.67148
-4.92469
-4.2797
-4.40145
-0.460651
-4.3504
-4.46804
-4.99225
-4.40093
-4.82611
-4.46186
-4.28395
-1.64007
-2.04388
-4.27739
-3.28844
-4.68102
-0.0202202
-4.56495
-4.53199
-4.1731
-4.71512
-3.11457
-3.41447
-2.0358
-4.69334
-0.842542
-1.46079
-0.77214
-0.294867
-4.39161
-2.56162
-4.44358
-4.25389
-4.34269
-1.55107
-4.80654
-4.54986
-4.30933
-2.37978
-4.56
-2.56669
-4.40365
-4.44533
-4.4534
-4.41342
-3.91513
-4.16848
-4.40685
-4.33612
-1.62923
-0.54862
-4.70425
-4.27424
-1.20377
-2.80226
-1.66239
-0.988812
-4.38075
-1.31219
-0.114879
-4.9811
-0.720459
-4.40458
-5.15046
-3.19313
-0.637852
-2.20891
-3.63596
-4.69357
-1.05039
-2.22454
-0.0420374
-4.37013
-4.45477
-4.34754
-4.50716
-2.21756
-4.25222
-0.962496
-3.21716
-0.655869
-4.22166
-4.3484
-1.60703
-2.20845
-3.15791
-0.0603041
-0.543264
-1.06292
-0.682446
-4.33485
-0.69068
-3.07109
-2.21963
-4.29945
-4.21823
-1.12322
-4.81655
-4.7108
-4.10658
-3.20342
-4.47674
-4.76826
-0.616288
-1.48429
-3.82034
-2.21616
-2.9046
-5.06171
-4.47437
-3.03548
-4.46226
-3.17752
-1.99747
-3.91417
-4.1203
-4.904
-1.45356
-4.43355
-0.601975
-0.19416
-1.64302
-4.47615
-4.43107
-4.23478
-0.929376
-4.18165
-4.44101
-4.6101
-4.3963
-2.05089
-4.45414
-3.10263
-4.49634
-4.16479
-1.3353
-4.51033
-1.36821
-4.39367
-4.46814
-4.78242
-4.53278
-4.21436
-1.94067
-4.47552
-0.760354
-1.02056
-1.33837
-2.98815
-0.765669
-2.46159
-4.27571
-4.53589
-4.53203
-4.21196
-1.39894
-4.50962
-1.39851
-1.44198
-4.68871
-4.39184
-5.23622
-4.36794
-4.4318
-4.9463
-1.06442
-5.10166
-4.71042
-4.02632
-0.396978
-1.97661
-4.27552
-4.16481
-4.36456
-4.44558
-1.38016
-4.40869
-0.127912
-4.07327
-0.120713
-3.06601
-2.00688
-4.16318
-4.4507
-5.01605
-1.39659
-4.60312
-2.09599
-2.1225
-1.71312
-4.95312
-0.297156
-4.26345
-4.19854
-2.11248
-0.212011
-4.45576
-3.93559
-2.43875
-5.76453
-5.13893
-4.73953
-4.61805
-4.21593
-4.29669
-4.50277
-1.38459
-4.46132
-4.30614
-4.46928
-4.30852
-2.99491
-0.530296
-1.28023
-2.27035
-5.2563
-4.32224
-4.62145
-1.47555
-2.01563
-4.97094
-1.03652
-5.74947
-0.265853
-4.04758
-4.61102
-2.27104
-4.46326
-5.04829
-4.76508
-4.3645
-4.88444
-4.93171
-3.64008
-1.08193
-1.81249
-4.68652
-0.965368
-1.11677
-1.98493
-4.77821
-2.40302
-4.47251
-4.77364
-4.25593
-1.77604
-4.43026
-4.69454
-3.73902
-4.56383
-0.866304
-2.26735
-4.46462
-4.08662
-4.10796
-4.42016
-4.36482
-0.396748
-4.31111
-4.67106
-0.837928
-1.82058
-4.47844
-0.413609
-0.679542
-3.09626
-1.72921
-4.78567
-4.51301
-0.299746
-0.616309
-4.691
-2.03866
-5.07667
-1.44273
-1.04463
-4.68259
-4.8101
-4.5338
-4.86432
-4.68933
-2.39021
-4.86976
-4.58263
-2.00186
-4.34337
-4.29484
-4.60242
-3.04741
-4.50521
-4.11796
-0.585791
-2.97807
-1.69581
-1.2392
-4.98405
-4.90405
-4.43628
-4.17122
-4.55303
-4.05614
-4.55073
-4.0971
-0.654231
-1.48365
-3.90516
-0.635907
-4.37476
-4.34442
-4.90109
-0.656252
-4.24689
-1.82047
-0.699069
-4.9497
-4.43105
-4.52731
-4.34601
-4.4106
-1.69453
-2.92178
-4.55119
-0.758929
-0.430592
-4.41691
-4.53338
-1.33692
-4.93478
-5.95978
-1.64456
-4.33938
-4.36201
-4.68608
-4.49367
-4.74517
-4.39484
-4.37699
-4.55083
-4.42902
-4.4619
-4.48397
-4.24542
-4.53804
-2.55132
-4.35248
-4.73178
-4.57574
-4.71428
-0.784132
-4.30034
-0.935628
-4.27369
-1.48849
-0.646518
-4.53506
-4.40862
-1.22156
-0.986144
-1.72483
-0.736511
-2.15113
-4.29392
-0.416327
-4.43005
-4.43833
-4.34369
-1.38906
-4.40445
-0.979529
-2.25312
-4.25091
-5.00015
-2.85496
-3.82742
-4.92173
-1.44824
-1.18888
-4.68343
-4.65368
-2.96316
-4.4367
-4.70104
-4.57185
-5.50338
-0.41002
-0.50843
-4.55111
-2.80414
-1.8707
-2.6945
-4.9591
-4.04482
-5.47055
-1.3902
-4.19484
-1.05431
-4.54588
-4.58664
-4.66363
-2.04197
-2.69155
-4.36676
-4.24429
-1.53397
-0.132156
-4.61148
-1.31211
-0.737403
-3.96098
-1.0377
-4.78984
-0.0820689
-1.44981
-4.40832
-4.52584
-0.416849
-4.3053
-5.75238
-0.109378
-2.41015
-1.2995
-4.34053
-4.84101
-0.612231
-4.73993
-0.707555
-4.67398
-4.36642
-4.98869
-4.75664
-4.37267
-3.68903
-0.850939
-2.25388
-1.98893
-2.18623
-0.713212
-2.37025
-2.75579
-1.94305
-4.33019
-4.43117
-4.28743
-1.13812
-4.71411
-4.54074
-4.34571
-0.80418
-4.50447
-0.252461
-0.635889
-4.93741
-0.847563
-4.52606
-4.55211
-1.71028
-1.21912
-4.33236
-4.32705
-4.35667
-2.7643
-0.646323
-4.54113
-3.61984
-4.9598
-3.1841
-3.41588
-5.72025
-5.14365
-1.54552
-4.34874
-4.46144
-1.4848
-0.715703
-4.40359
-4.67151
-3.08364
-0.757722
-3.00357
-3.82873
-4.36765
-4.30545
-2.28181
-4.88766
-4.55656
-1.40776
-2.19897
-4.08695
-0.728969
-3.19282
-4.81795
-0.748446
-1.28106
-1.99038
-4.31432
-1.3233
-4.34383
-2.03664
-4.45491
-1.07025
-0.733909
-4.35771
-1.33715
-1.77669
-0.956831
-4.7471
-3.22169
-1.41385
-4.65478
-4.35
-2.98688
-4.65604
-1.57357
-4.45426
-0.116885
-0.074184
-4.3487
-0.560257
-1.45558
-4.30947
-4.12995
-0.806452
-4.62469
-0.327635
-0.913284
-4.43965
-0.119545
-4.75218
-0.648156
-4.28059
-4.81014
-4.36639
-1.99359
-3.07832
-4.69704
-2.91145
-4.58162
-4.20476
-4.42152
-4.94974
-4.37077
-4.28284
-1.33994
-4.53641
-0.960224
-0.42386
-2.23321
-4.6634
-4.25098
-0.472504
-4.87279
-1.38323
-4.07427
-2.36671
-4.53064
-0.753929
-1.61399
-5.15535
-4.52192
-1.16512
-1.78456
-3.67268
-0.35445
-2.13744
-1.94727
-4.884
-4.37684
-4.33196
-2.60366
-4.47378
-4.6642
-4.10639
-4.58229
-4.95104
-4.51011
-1.54308
-0.22638
-4.58254
-4.26245
-4.32776
-3.17869
-4.82079
-2.35902
-4.35677
-4.49333
-4.51452
-2.22398
-1.47251
-4.66438
-4.66215
-4.06295
-0.579557
-4.8337
-1.30808
-1.0491
-0.263486
-0.743868
-4.46897
-2.91362
-3.00844
-2.12742
-2.38862
-2.97541
-4.55402
-1.19248
-0.63506
-1.06388
-3.30518
-1.62549
-4.95449
-2.0003
-4.76007
-4.56315
-4.65987
-1.29259
-3.31272
-1.50317
-4.35669
-4.51603
-0.501502
-0.656915
-4.73178
-3.89747
-4.32734
-4.5035
-4.32694
-0.523037
-3.15109
-4.35364
-0.965332
-4.8862
-4.09746
-5.33518
-5.33795
-1.99484
-0.596416
-0.993038
-4.41321
-4.76111
-2.60243
-4.36867
-1.83273
-4.41126
-4.53259
-4.51423
-0.642735
-4.87864
-2.21775
-4.33814
-1.54248
-2.89644
-5.24953
-1.35451
-0.323728
-1.30995
-1.53596
-4.7581
-4.76278
-4.38044
-2.05409
-0.693437
-4.40787
-1.21917
-1.61554
-5.07482
-5.04975
-1.53528
-4.32812
-4.69735
-4.62953
-4.27611
-4.40969
-0.520809
-4.4392
-1.61043
-1.98862
-4.45593
-4.31146
-4.99121
-4.24515
-4.90253
-4.25263
-0.993376
-4.55807
-4.40595
-4.66194
-4.35275
-4.55043
-1.6001
-4.6114
-4.9404
-4.54689
-2.02522
-5.24149
-4.36067
-4.36495
-4.96077
-4.66769
-0.62003
-4.19981
-4.53724
-1.49903
-4.43421
-0.49212
-2.25737
-1.33358
-4.49406
-4.50816
-4.42374
-4.40156
-4.37614
-1.44284
-2.2372
-4.92949
-3.24504
-4.48745
-4.70867
-4.91808
-4.35416
-4.75474
-4.32078
-4.96317
-4.43145
-4.3157
-4.89328
-1.05701
-4.38409
-0.230556
-1.44716
-4.62814
-1.93295
-4.16287
-4.82041
-4.42266
-4.96468
-4.53454
-4.83856
-1.88471
-3.75225
-4.17634
-4.6599
-3.86556
-4.24769
-5.06552
-4.86514
-4.81759
-4.50344
-4.31855
-4.53236
-0.708061
-2.80551
-3.45993
-3.44585
-4.42591
-5.08848
-4.4214
-4.7812
-0.389215
-0.981442
-4.9377
-0.940373
-2.1846
-4.13581
-2.11509
-4.1193
-4.40643
-0.23419
-5.02683
-0.81276
-1.26066
-4.32416
-1.46523
-4.72403
-4.6352
-0.71048
-4.26892
-4.21983
-1.06902
-4.53485
-1.86652
-0.965617
-4.93569
-2.95601
-2.18014
-1.92388
-1.43345
-4.26693
-4.67209
-1.19817
-4.64734
-4.18523
-0.838764
-1.59278
-1.80322
-3.00186
-1.40915
-4.40265
-4.56789
-1.58449
-4.30968
-4.67648
-2.33376
-1.95358
-4.41503
-0.503001
-4.69205
-1.62546
-0.552798
-0.573422
-4.93625
-4.79863
-4.90293
-0.66246
-1.38168
-4.22896
-4.26177
-4.58149
-4.11924
-4.74575
-0.96771
-4.80923
-0.0545595
-4.55798
-4.29412
-5.03629
-1.63778
-2.88535
-0.464703
-4.4709
-4.4096
-1.17228
-4.30834
-4.88491
-4.97519
-4.46463
-5.36321
-4.4614
-0.473534
-4.45197
-0.252292
-4.7611
-4.33243
-4.53523
-4.36653
-1.68699
-4.25179
-2.88743
-4.89195
-4.64299
-5.37961
-1.29513
-4.68009
-1.23174
-4.34683
-4.47433
-0.744075
-2.77586
-4.27513
-1.09339
-2.88969
-2.8803
-2.7817
-4.43355
-4.08729
-4.53236
-4.72706
-4.20141
-1.60972
-2.14289
-2.00467
-4.37302
-4.69322
-4.49904
-4.55626
-4.70388
-4.82552
-4.83744
-4.58117
-1.44782
-4.5179
-1.65647
-4.56995
-0.652713
-4.82167
-4.26357
-1.64001
-1.01178
-1.77787
-1.78535
-4.38179
-4.42438
-1.25639
-1.50946
-4.77745
-4.37806
-1.85194
-4.47577
-4.6483
-4.41675
-4.83313
-5.06253
-1.46245
-1.63548
-1.76295
-4.26721
-4.32015
-0.732843
-0.719301
-2.20868
-4.39069
-2.87955
-4.41924
-2.21944
-1.87277
-2.81091
-5.02232
-1.90929
-4.76252
-5.33504
-0.914897
-1.5471
-0.576345
-1.62702
-4.46298
-4.43296
-4.37667
-4.91968
-4.37884
-4.31736
-4.19915
-1.88753
-3.39968
-4.46275
-1.60424
-4.18563
-4.70247
-4.2651
-4.30711
-4.70423
-2.92954
-3.27229
-4.32287
-4.64621
-1.95511
-1.13124
-1.86817
-2.20039
-1.9525
-4.61181
-3.20774
-4.45989
-1.63824
-1.37202
-1.49269
-4.37877
-4.52541
-0.569174
-1.92547
-1.93287
-4.89134
-4.2184
-0.956059
-4.63341
-2.0288
-4.45466
-4.38923
-4.49909
-3.21866
-0.197874
-4.33041
-4.18022
-3.1726
-2.33714
-4.50867
-1.56031
-4.5352
-0.529677
-1.62059
-4.15197
-4.97596
-5.01769
-1.95145
-4.39163
-1.43824
-6.00433
-4.33803
-0.607477
-4.40946
-1.43226
-4.42596
-0.975631
-1.89908
-3.80624
-0.801632
-4.47774
-1.94533
-0.491233
-1.915
-4.39832
-4.37136
-2.94291
-4.82335
-3.58241
-3.33829
-4.37986
-4.3715
-4.87598
-4.28013
-4.40785
-4.56604
-4.52799
-4.76118
-4.05569
-4.39001
-5.0695
-1.48877
-3.08372
-3.93734
-1.78706
-4.37325
-4.27245
-0.794
-4.30443
-4.7245
-4.51204
-1.70425
-4.38968
-4.63002
-4.46165
-4.55534
-4.89866
-4.22357
-4.27857
-0.664872
-4.37613
-4.30508
-4.35709
-1.46804
-4.54771
-1.00702
-5.07042
-3.17487
-4.28874
-2.19468
-1.81489
-4.44012
-4.51547
-4.44739
-4.36636
-4.3887
-2.7526
-4.2303
-4.11807
-1.32821
-4.61838
-2.76055
-1.97454
-4.51145
-4.50464
-4.24937
-2.62434
-4.60539
-5.00177
-4.71717
-2.49012
-4.90117
-4.47108
-2.70573
-3.65857
-4.42662
-4.47309
-3.63376
-0.507343
-1.51108
-4.98279
-4.26291
-2.11408
-4.29542
-4.90853
-4.45035
-4.65176
-3.3559
-4.5392
-4.55533
-1.03925
-4.42189
-4.3841
-1.11342
-4.4192
-1.1728
-4.55682
-4.75453
-4.73478
-1.83475
-4.45304
-4.40394
-4.43447
-1.04357
-2.19677
-4.45487
-1.49549
-4.5927
-4.47127
-4.37129
-4.48827
-4.49754
-1.56681
-3.0107
-4.279
-4.3682
-4.79794
-2.38726
-3.89839
-4.25692
-2.90412
-4.44941
-4.39613
-4.70823
-4.53144
-1.01342
-4.5092
-4.76892
-4.83218
-5.3698
-1.55161
-4.26343
-1.43881
-1.65078
-4.59286
-4.58811
-4.66241
-5.01208
-5.00557
-1.68146
-0.254543
-4.04044
-1.93774
-4.31924
-4.27325
-4.86626
-0.612406
-4.44572
-4.25523
-2.19144
-4.43089
-4.29442
-4.98447
-4.5694
-1.33258
-4.51428
-4.93394
-3.42135
-4.2846
-4.37573
-4.62579
-4.63577
-4.45964
-4.60559
-4.43354
-4.9401
-1.65372
-1.64688
-1.16554
-1.43807
-4.46905
-3.78701
-4.35978
-1.88395
-1.66531
-5.94578
-2.92883
-4.8277
-5.13806
-4.96698
-2.64582
-2.14772
-4.39732
-4.33773
-1.30937
-5.39187
-4.42054
-4.58438
-4.40095
-4.33466
-4.41037
-4.21298
-0.921453
-4.94495
-4.86669
-1.94492
-4.8733
-4.73242
-0.520152
-4.59364
-0.373808
-4.41333
-4.45467
-4.20398
-3.80131
-4.789
-2.42578
-4.54957
-4.60499
-1.0034
-2.3495
-3.07337
-4.44436
-0.0415732
-4.36193
-1.33173
-1.54096
-4.23997
-4.98923
-4.78089
-1.04172
-0.148334
-1.45297
-1.76728
-4.70242
-1.30833
-2.96684
-2.41205
-1.87268
-1.8688
-1.36402
-4.32278
-2.62615
-4.47384
-3.8677
-4.08163
-4.4656
-4.96574
-4.46817
-2.95573
-0.328126
-2.26987
-1.16561
-0.779874
-4.14188
-4.43798
-4.34767
-1.61442
-2.03766
-4.42496
-4.63886
-1.34373
-4.67127
-4.61043
-1.58896
-4.44542
-4.39633
-4.49853
-1.42587
-4.42677
-4.40217
-4.89503
-0.238425
-3.46435
-4.73261
-0.944015
-3.23546
-0.452601
-4.65259
-3.08023
-4.45785
-4.2238
-1.00543
-4.43614
-0.32572
-4.3293
-4.53856
-4.82715
-3.55595
-4.46444
-4.32243
-4.29205
-4.15167
-4.52262
-0.578969
-2.02352
-4.29461
-1.32413
-4.72602
-4.13945
-4.36139
-1.32562
-3.31388
-1.88571
-4.40886
-4.85481
-4.81355
-4.47662
-4.91003
-0.0433228
-2.63528
-4.61615
-3.74176
-3.14875
-1.4585
-2.13733
-1.54597
-4.45408
-0.770447
-4.24895
-3.12198
-0.994021
-4.36767
-5.10375
-5.02638
-0.0369219
-2.28426
-4.432
-3.05428
-4.51043
-1.30686
-0.935666
-0.778579
-4.15366
-3.9076
-1.41817
-1.35214
-4.86133
-0.321428
-4.36046
-2.97042
-4.26213
-3.14051
-1.85811
-3.20687
-3.05278
-4.60154
-4.65798
-2.34497
-0.418473
-4.29919
-4.2205
-1.83837
-2.34379
-4.34084
-5.99217
-4.55262
-2.02294
-5.07074
-4.05915
-4.46923
-3.70647
-1.59244
-3.19633
-4.79419
-4.77803
-2.9097
-0.838276
-4.10225
-4.47886
-0.658427
-4.21106
-5.01772
-3.65376
-4.416
-3.91344
-4.50741
-1.31461
-2.29301
-4.54507
-2.35125
-4.26376
-4.49467
-3.13406
-4.67316
-4.4057
-4.29858
-0.53671
-4.89301
-2.28925
-2.43794
-0.706064
-1.02225
-4.25372
-4.59162
-0.539032
-4.52649
-0.825722
-4.55726
-2.18535
-4.52216
-3.09617
-4.50153
-2.00221
-2.67175
-1.45705
-1.42994
-5.0163
-4.61309
-4.37289
-1.29099
-1.35319
-4.23224
-4.65814
-4.26396
-1.35903
-4.10753
-4.33484
-5.42417
-4.05675
-3.47909
-5.23468
-4.46107
-2.12697
-3.12547
-4.84027
-4.56329
-4.48605
-4.76584
-3.06084
-0.967229
-1.40376
-5.06637
-1.31408
-4.78921
-0.843404
-2.76338
-1.55271
-5.06834
-4.53206
-1.84446
-4.16593
-4.4296
-0.285459
-1.38049
-4.30468
-1.92314
-4.30711
-1.46205
-1.45361
-2.2797
-2.90965
-0.936395
-4.99044
-4.31726
-1.01919
-4.26966
-1.47938
-4.48916
-2.90494
-2.87391
-2.78906
-4.90277
-0.826964
-5.05603
-3.12192
-4.5015
-0.685612
-0.944678
-0.676902
-1.56573
-4.33802
-1.65602
-4.91755
-4.35543
-5.66387
-4.35489
-1.82055
-6.01194
-1.42194
-3.9232
-2.95326
-4.86376
-2.86042
-0.67046
-4.48527
-0.955439
-4.4452
-4.62481
-1.06505
-4.76663
-4.62436
-4.81124
-2.75825
-5.68546
-4.37165
-0.941545
-1.83243
-2.55064
-2.51341
-3.18378
-4.87786
-1.33813
-5.04771
-0.329582
-0.619718
-4.44632
-0.812994
-3.47788
-4.71821
-4.48256
-3.18179
-3.59584
-4.36549
-4.30818
-4.46099
-4.19781
-2.18426
-4.62455
-4.53608
-4.61975
-4.67115
-0.0539715
-1.40712
-4.73208
-1.96785
-4.82575
-2.99277
-4.28771
-3.95785
-2.93728
-4.76775
-0.296638
-4.47243
-4.26421
-3.4758
-4.59756
-4.26818
-4.39199
-1.32074
-2.86781
-0.991614
-2.98469
-0.934604
-4.37526
-4.92222
-5.05392
-1.94288
-4.31875
-4.68641
-3.79862
-1.33205
-5.54339
-1.40596
-4.1107
-0.982355
-0.139852
-4.41894
-1.07411
-1.81167
-4.64963
-1.58652
-4.46215
-4.62675
-3.8939
-4.81753
-4.75039
-5.43621
-1.02054
-5.19893
-4.47952
-4.41771
-0.185393
-0.622915
-0.299268
-0.112127
-4.39621
-4.133
-4.16597
-4.82783
-2.0923
-4.52825
-4.87626
-0.629634
-4.41171
-1.08592
-4.95897
-1.58362
-4.30787
-1.15729
-4.97323
-5.00833
-0.620124
-0.543276
-0.647499
-1.03865
-3.63592
-4.83248
-1.55878
-4.38282
-4.44506
-4.39146
-4.05935
-4.26503
-3.56434
-4.36975
-1.3596
-0.18035
-0.612253
-0.616569
-2.44931
-4.07067
-4.58262
-4.44973
-4.73079
-4.46228
-1.43838
-1.42875
-5.04672
-2.08034
-4.17315
-4.40351
-4.36825
-4.59054
-4.69753
-4.51444
-2.92419
-3.49575
-1.50773
-4.10569
-2.12262
-4.4976
-5.04935
-4.63917
-4.30551
-4.43609
-4.86436
-4.57924
-4.78224
-4.89912
-2.00239
-1.67338
-1.80191
-4.38113
-1.8311
-4.55038
-4.38768
-0.621489
-1.06831
-5.01207
-2.29795
-4.96639
-4.32749
-4.47651
-1.05093
-4.74495
-4.70386
-4.69145
-1.92633
-4.4643
-4.26795
-4.18872
-4.9061
-4.13334
-4.12707
-3.49821
-5.04248
-2.8249
-0.767336
-4.59727
-4.38618
-4.69233
-4.25391
-1.42465
-1.94983
-0.631542
-4.24447
-4.30774
-1.5353
-4.84909
-1.51671
-4.28582
-4.26539
-4.37208
-1.674
-4.29661
-4.88091
-2.83096
-1.27004
-4.53427
-1.03162
-2.82442
-2.1561
-4.36895
-4.82932
-4.77997
-4.19939
-4.55929
-4.56094
-4.35912
-0.693168
-4.90033
-1.72246
-4.92286
-1.40432
-1.76864
-1.81479
-1.54033
-3.84896
-4.338
-4.29621
-4.83065
-0.363502
-4.75532
-4.46216
-4.19493
-0.950377
-4.05834
-4.33406
-0.208446
-5.77863
-4.57334
-4.73285
-3.23443
-2.12875
-4.62279
-0.134048
-3.85268
-4.6697
-4.21357
-1.0147
-4.14606
-4.90225
-2.60216
-0.469314
-4.6994
-4.72409
-0.264299
-1.17604
-3.79846
-4.81801
-4.04698
-2.14056
-4.75538
-3.00718
-2.21642
-4.89998
-1.81364
-2.82739
-3.70672
-3.15654
-4.46536
-1.63027
-2.83487
-1.16134
-4.48239
-4.55968
-0.0373693
-4.67976
-1.3733
-4.36845
-5.09132
-2.10291
-4.82093
-5.47394
-0.512975
-4.61975
-4.42725
-2.01398
-2.19892
-2.09652
-5.11506
-4.54029
-4.67244
-4.53309
-2.82946
-0.152408
-0.929748
-4.0876
-4.47266
-3.812
-4.71797
-2.0876
-4.89675
-4.6916
-5.0072
-1.36574
-4.39398
-4.43524
-4.32042
-1.40012
-4.43077
-4.7428
-4.52831
-4.29176
-0.711518
-4.27141
-5.05157
-1.93855
-1.03295
-4.72001
-4.83444
-4.58009
-2.17115
-4.76035
-4.36626
-4.18055
-4.39494
-4.10851
-4.10808
-1.70882
-3.8989
-5.05018
-4.2903
-1.11326
-4.68222
-4.45857
-0.68546
-4.43194
-1.46889
-4.46649
-1.75236
-4.48985
-4.0573
-1.42643
-0.591782
-4.15608
-4.28192
-5.06381
-4.30574
-4.25852
-2.59164
-1.22405
-4.32171
-1.34923
-4.6212
-1.37541
-4.69683
-4.41758
-0.63545
-2.86678
-4.26916
-1.93542
-2.66639
-0.355489
-4.34611
-4.58927
-1.47637
-3.62961
-3.61809
-4.62121
-0.979528
-1.54659
-2.76604
-4.81933
-2.66191
-4.4222
-3.09675
-0.967398
-4.28938
-3.21057
-4.87249
-4.24385
-4.55726
-2.85951
-4.26281
-2.59146
-4.36078
-1.95025
-4.21783
-1.36269
-1.90614
-4.28115
-4.51112
-2.23766
-4.17834
-4.30488
-3.6278
-5.51976
-0.582117
-4.64126
-4.38062
-4.22736
-4.43598
-4.34367
-2.02359
-3.2341
-3.23032
-4.87711
-4.25403
-1.20485
-4.35307
-4.42535
-2.52208
-0.693603
-4.94723
-0.69305
-0.686158
-4.74758
-0.585776
-4.92226
-4.4213
-4.76699
-5.2279
-1.3177
-4.47315
-4.20134
-1.26097
-4.36866
-4.44297
-4.3318
-4.33267
-4.41848
-0.574616
-0.343963
-1.9055
-0.988577
-1.1702
-4.8321
-4.37294
-4.75179
-2.15026
-4.7561
-1.83289
-4.5442
-3.31921
-4.6713
-0.678582
-2.22025
-4.47932
-4.40137
-4.73387
-4.42712
-4.41169
-1.88884
-2.15839
-3.5471
-1.34859
-5.19347
-3.14075
-2.95608
-3.628
-4.91533
-2.57196
-4.61855
-3.32136
-5.58732
-4.40712
-4.21756
-4.66722
-1.41618
-4.23915
-4.19316
-4.40637
-4.27237
-4.3362
-4.21064
-4.69204
-3.81278
-1.74304
-4.22931
-4.4751
-1.59553
-4.5505
-1.31919
-4.82111
-2.93429
-4.94506
-4.4294
-3.07907
-4.82334
-0.031689
-4.42237
-0.0843342
-4.33974
-4.69856
-1.35062
-3.21011
-4.49511
-4.78317
-0.0676891
-4.81953
-4.67844
-4.99195
-4.87448
-4.3647
-4.27147
-4.7055
-4.52557
-4.79055
-0.639527
-4.67557
-1.1283
-0.772108
-4.06259
-4.73054
-0.744301
-4.63513
-0.215116
-3.15389
-4.18188
-1.40252
-0.500054
-0.702612
-4.43512
-4.25546
-3.18376
-1.70495
-4.45996
-1.42666
-4.30558
-4.36443
-5.92356
-4.85774
-2.93702
-0.593411
-1.21825
-1.29083
-4.36642
-3.16718
-2.98269
-0.0595926
-4.73477
-3.81711
-0.759032
-1.50976
-5.00773
-4.55432
-3.07909
-3.13318
-3.84934
-4.03059
-4.43224
-4.58106
-4.67706
-1.15623
-2.96723
-2.39097
-4.28833
-3.9187
-4.63257
-4.56467
-1.42866
-1.76188
-1.79377
-3.22061
-0.371777
-2.8783
-3.90947
-4.44095
-2.20394
-3.30795
-0.654073
-1.39136
-2.53683
-4.33141
-4.7921
-0.258143
-5.15337
-4.33815
-4.06973
-1.50078
-2.26957
-1.22893
-2.2889
-0.57896
-2.9158
-1.62486
-1.59796
-1.29057
-4.58651
-2.00173
-0.525471
-0.698003
-4.46485
-4.60904
-4.60788
-4.61123
-4.31995
-2.50869
-2.01629
-4.73761
-4.65874
-2.50866
-1.6379
-5.03321
-2.20509
-1.00575
-4.32039
-2.38366
-4.59609
-1.01715
-2.22781
-1.98039
-2.86875
-4.54026
-4.39724
-4.74698
-2.27294
-4.22511
-1.00443
-6.0688
-4.78886
-4.91531
-4.20248
-4.49881
-4.71507
-2.57613
-4.55468
-4.2842
-5.40351
-4.23168
-4.2486
-5.03996
-4.30306
-4.36359
-5.45221
-3.92628
-2.57275
-0.791427
-1.62553
-4.61858
-5.06696
-4.93102
-4.88527
-4.89321
-4.84349
-5.90741
-4.41093
-4.44752
-4.57967
-4.55584
-3.89014
-4.61503
-4.43821
-4.39285
-1.82742
-4.38294
-4.76232
-2.23817
-4.31227
-0.966078
-0.769369
-2.34105
-4.58772
-6.01735
-1.36909
-0.943437
-2.94352
-1.60622
-4.54222
-4.47155
-4.8202
-5.08211
-0.786051
-0.983308
-0.790811
-4.0423
-2.78184
-4.77071
-1.9826
-4.46453
-3.26643
-3.23092
-4.73681
-0.640919
-1.91338
-5.00827
-3.24213
-3.26154
-1.87521
-4.33055
-4.75712
-3.91908
-3.64404
-1.16337
-2.94754
-3.34355
-4.36648
-1.2544
-1.61228
-2.44375
-2.1223
-0.638406
-4.3294
-4.37119
-4.5696
-3.92662
-4.37664
-1.33352
-4.43349
-4.82875
-4.43993
-4.27079
-3.1992
-4.62502
-1.31595
-4.43907
-4.39459
-1.66705
-0.968571
-2.26891
-4.8364
-5.07884
-4.4121
-1.8645
-4.43108
-4.90757
-0.96595
-1.68548
-4.32133
-4.52817
-4.5198
-1.55088
-4.90234
-2.54959
-4.41012
-1.9652
-4.70044
-2.61049
-1.31612
-5.08271
-4.17347
-4.42418
-3.22599
-1.03324
-4.36544
-4.90604
-4.57653
-3.10704
-4.34254
-4.51901
-4.73884
-6.03642
-4.911
-4.70564
-4.48453
-2.55648
-4.43905
-4.51575
-3.0227
-4.27317
-4.92228
-4.82542
-4.39923
-4.9357
-2.75551
-4.40779
-4.31639
-1.66397
-0.491379
-4.62428
-0.80573
-4.66003
-2.44233
-1.37447
-4.58394
-4.26573
-1.2319
-4.44437
-2.77067
-0.990452
-4.40218
-3.5861
-4.33973
-5.01704
-0.798159
-3.64704
-4.50723
-4.51501
-5.00679
-4.62751
-4.6145
-0.683853
-4.88839
-4.35633
-4.12043
-0.850566
-4.18632
-1.83614
-3.60008
-4.1704
-4.49118
-3.90796
-4.44031
-4.68198
-4.32833
-1.73625
-4.33274
-4.83123
-4.31826
-1.88978
-4.631
-3.07345
-4.37158
-4.39099
-4.65551
-1.42624
-4.39852
-1.81644
-1.90371
-4.43395
-4.47465
-5.21198
-1.87861
-4.32525
-1.20326
-5.00996
-4.71744
-4.30543
-3.74329
-1.74045
-5.17358
-4.37836
-2.87615
-4.41349
-1.76067
-4.29169
-4.86258
-0.33631
-1.62906
-1.30347
-4.74603
-3.89251
-3.01734
-4.60415
-4.55348
-3.93998
-0.96977
-1.68526
-4.53168
-0.169934
-4.35977
-3.57114
-4.72155
-1.87058
-4.22223
-4.77886
-4.86854
-1.3837
-4.84611
-2.03071
-4.37676
-4.0749
-3.98537
-3.14119
-4.61493
-4.60765
-0.821938
-4.59317
-1.2157
-4.39265
-4.35117
-0.648975
-4.35633
-4.57718
-1.65421
-5.10323
-1.08987
-2.15816
-4.32096
-4.7408
-1.62629
-4.99101
-0.504659
-4.0386
-4.79582
-1.26435
-4.31165
-1.4971
-4.44856
-1.41999
-3.55072
-3.68796
-4.42217
-4.47114
-4.4622
-3.4037
-4.43795
-3.81572
-4.37913
-1.62154
-4.4923
-4.3541
-4.26337
-4.34057
-4.57024
-4.39767
-5.08213
-4.40061
-4.89411
-4.60564
-0.482358
-0.737859
-5.09651
-4.50243
-2.11395
-4.54969
-0.980822
-4.3734
-5.0041
-3.89535
-3.53095
-4.36073
-1.84252
-4.4705
-4.24141
-2.23852
-4.88773
-4.36393
-4.33733
-0.0126415
-4.38217
-0.153879
-3.89423
-4.59697
-1.28071
-4.59312
-4.04106
-0.352239
-4.84006
-1.16186
-1.42238
-4.16597
-1.5951
-0.690508
-4.94543
-4.8517
-5.07172
-0.404512
-2.12781
-4.47753
-4.12223
-5.07734
-0.0102594
-1.30446
-4.75098
-4.53965
-0.0373567
-4.4333
-4.31911
-1.9495
-1.69046
-0.273186
-3.79202
-4.507
-1.4403
-3.30905
-3.2633
-4.68945
-3.09071
-2.01009
-4.86984
-3.23853
-2.05986
-0.726856
-4.28359
-4.51327
-4.20363
-4.26695
-4.1358
-4.18661
-4.45714
-4.92457
-1.36
-4.89628
-4.94421
-1.1593
-1.93333
-4.56163
-0.280186
-4.09135
-4.70229
-4.76892
-1.91047
-4.85909
-4.49812
-4.46582
-4.64387
-4.54147
-0.573726
-4.63537
-3.54518
-4.8028
-2.08442
-4.45434
-4.27181
-1.45888
-4.37989
-0.258779
-1.43152
-4.31544
-1.59278
-4.54985
-4.70054
-4.61941
-4.45786
-4.35721
-1.61747
-1.61149
-2.65988
-3.24713
-4.44852
-2.23678
-3.10744
-0.492082
-4.46958
-4.30841
-4.52886
-6.06234
-1.24028
-1.49445
-1.45451
-4.54285
-4.53567
-4.38317
-4.40987
-4.45436
-1.76978
-4.2306
-4.04743
-2.60517
-1.76513
-4.33572
-2.61765
-5.36218
-4.49524
-0.193346
-2.83624
-4.36768
-1.11692
-5.00129
-5.06925
-1.20415
-3.23616
-0.501485
-0.657723
-1.26595
-2.86592
-2.04949
-4.35406
-4.37899
-4.80533
-4.31826
-2.18071
-1.51403
-4.76241
-1.70624
-4.14551
-0.0243158
-1.31391
-1.38436
-2.25114
-4.36592
-4.62262
-4.37636
-4.94645
-4.03931
-0.926151
-4.88769
-1.40984
-4.15708
-4.43889
-4.11179
-0.785936
-1.32658
-4.39226
-4.57857
-2.79606
-4.16395
-1.03815
-1.05722
-4.52869
-4.90452
-4.554
-2.81856
-1.36802
-6.05266
-0.667047
-0.716269
-4.46705
-1.05252
-0.00681819
-4.68945
-2.03658
-4.38504
-1.88788
-0.782168
-4.57386
-1.57758
-4.19716
-4.48978
-4.47912
-0.438523
-4.15273
-3.03786
-4.37949
-1.66723
-4.47388
-4.69659
-0.247269
-4.68626
-1.00635
-5.32984
-4.68837
-4.70656
-4.24909
-4.41082
-4.25592
-1.25881
-1.93121
-4.96816
-2.65857
-0.488486
-5.01068
-1.96702
-5.07326
-2.03072
-4.35783
-4.61501
-5.05919
-2.61441
-4.40336
-4.26928
-4.35581
-3.93698
-4.61452
-4.4254
-4.42717
-2.35751
-0.52065
-1.6795
-3.21779
-4.87163
-0.698604
-5.08436
-2.91802
-4.74507
-1.66422
-4.47361
-4.24641
-4.9271
-4.59752
-4.56153
-4.28557
-1.68231
-1.61632
-0.961693
-4.28443
-4.54444
-2.0993
-2.13839
-1.61285
-4.4773
-4.21157
-1.72433
-4.5663
-4.37677
-2.23728
-4.45824
-2.38641
-4.35126
-4.47898
-0.258942
-0.728178
-1.43661
-1.73797
-0.93557
-4.94593
-0.783991
-4.37465
-1.40909
-1.38569
-4.36511
-1.97097
-5.29269
-4.53679
-0.361361
-4.62257
-0.783419
-4.58429
-4.48911
-4.3993
-1.39532
-4.37788
-4.69281
-4.3874
-4.09761
-4.35885
-4.67277
-3.22984
-4.04813
-4.38049
-1.97713
-0.651748
-4.55143
-0.633127
-3.24782
-4.41731
-4.6727
-1.56926
-1.37111
-4.35251
-3.26221
-4.75121
-4.56467
-2.03458
-4.74733
-0.590594
-4.4599
-1.36442
-4.36734
-2.97823
-0.831989
-1.32052
-1.09907
-2.21376
-0.28642
-0.30388
-0.72294
-4.45439
-1.70133
-4.23899
-1.33177
-4.85829
-1.60622
-4.295
-3.39498
-2.53752
-1.3027
-4.51413
-1.20381
-4.41372
-4.31063
-4.8919
-1.67799
-4.4044
-4.53697
-0.118744
-0.443581
-4.31924
-4.68274
-1.92637
-0.580075
-4.24191
-3.78962
-0.804585
-5.04178
-4.59009
-4.95524
-4.28305
-1.34281
-1.51333
-4.75715
-0.593796
-2.65264
-2.07086
-4.87771
-1.3307
-3.69137
-4.05758
-0.591721
-0.753242
-4.61563
-2.87891
-4.42193
-1.12717
-3.07935
-0.440106
-4.88393
-1.21902
-4.64435
-4.47774
-4.32595
-2.03514
-4.19406
-3.06481
-4.64523
-4.00635
-1.81756
-4.1436
-0.164803
-1.60189
-3.37254
-4.31431
-5.18521
-1.51778
-1.66565
-1.69436
-4.71539
-5.30342
-4.39796
-0.835618
-2.38062
-4.90122
-4.49688
-4.497
-1.86455
-4.68052
-4.37537
-4.51461
-1.93725
-0.954305
-4.26814
-2.38593
-5.13136
-4.34275
-0.854843
-4.32479
-4.5577
-4.4849
-4.49347
-4.34798
-3.08637
-6.0206
-4.6037
-3.23453
-4.28154
-4.70269
-4.10706
-0.921548
-4.77242
-1.53907
-2.26792
-3.94935
-4.4847
-4.53588
-1.7552
-1.03255
-4.90464
-4.32642
-4.52482
-1.6692
-4.79932
-1.04046
-4.67183
-4.91214
-4.84035
-4.3752
-4.8017
-4.63786
-1.84748
-0.227374
-1.81963
-4.59455
-1.8137
-3.96305
-5.33064
-4.07257
-4.07263
-4.38591
-4.31609
-3.12819
-4.53854
-4.32231
-0.247182
-4.7534
-1.96409
-4.67536
-3.06318
-3.25732
-0.696099
-4.23289
-5.02315
-3.26048
-3.01343
-2.95376
-2.09082
-4.42499
-1.94556
-0.00945921
-4.39528
-4.49933
-5.03571
-4.40123
-4.31476
-0.784751
-2.53564
-1.12569
-4.80332
-4.57611
-1.4052
-4.42921
-4.99089
-3.25599
-1.48556
-0.911218
-2.83125
-4.96773
-0.304283
-2.87354
-1.93682
-4.372
-3.37358
-4.56411
-4.89614
-2.24235
-4.48656
-4.56595
-4.38809
-4.28482
-0.75711
-0.14245
-1.73113
-1.25746
-4.45954
-0.934603
-4.55626
-4.50463
-4.06001
-4.41322
-2.83954
-4.48248
-4.52625
-4.65661
-5.37488
-3.24493
-2.75365
-4.56614
-0.573943
-4.5213
-4.81686
-4.0842
-3.62392
-4.39315
-2.77293
-1.77878
-3.63348
-4.37085
-1.76081
-4.42903
-4.51215
-2.9186
-0.726078
-0.441829
-1.32151
-4.84455
-2.08057
-4.2792
-4.39754
-4.42641
-1.29901
-4.43059
-4.55973
-0.69117
-4.48533
-1.54006
-3.30191
-1.9513
-2.55044
-2.01207
-4.05058
-4.33067
-2.13262
-2.21151
-4.52682
-4.37516
-1.39155
-2.91828
-1.82589
-0.420676
-4.72621
-4.49376
-4.34753
-1.35552
-4.00517
-0.688926
-3.13311
-4.68615
-4.68732
-5.39152
-2.04893
-1.78579
-4.05162
-0.625358
-1.30805
-4.14875
-1.44458
-3.99831
-2.16266
-1.6926
-4.30538
-4.42974
-3.9064
-4.4418
-1.68294
-4.23926
-4.54196
-4.7246
-4.39703
-1.72156
-4.13076
-5.00753
-4.51293
-1.35278
-4.38189
-4.3636
-4.86994
-1.5804
-4.35464
-4.32215
-1.86323
-4.90256
-4.4813
-4.52519
-4.85518
-1.84974
-2.68271
-4.9316
-4.56435
-1.60835
-4.79424
-5.06115
-4.99774
-2.12086
-4.24465
-1.9704
-4.54267
-4.74938
-4.37825
-1.30327
-4.3358
-0.467292
-2.3296
-1.37047
-4.41612
-0.238455
-2.05261
-1.05011
-2.32784
-4.55959
-4.63471
-4.52909
-1.92761
-4.70045
-1.29133
-4.32508
-4.94384
-0.140811
-3.48235
-1.22615
-1.26774
-3.90533
-0.922991
-3.58846
-4.81786
-4.9406
-2.97559
-4.48367
-0.705342
-1.68838
-0.565528
-4.90051
-2.00698
-4.42016
-1.75739
-4.76675
-4.16604
-0.288467
-3.91672
-5.03447
-3.6208
-4.37598
-4.60563
-0.673309
-4.94773
-0.325787
-1.82668
-3.36905
-1.79203
-4.36931
-4.34632
-0.410196
-4.524
-4.51519
-3.28312
-4.32012
-1.50624
-1.46514
-0.564797
-4.4677
-4.34945
-4.69587
-4.63337
-4.27109
-4.52977
-2.18314
-4.6938
-0.192431
-4.33876
-4.51285
-4.81274
-1.67895
-1.38927
-0.641569
-2.99378
-5.15192
-4.61529
-4.36262
-1.52074
-1.2675
-1.28866
-0.828952
-4.51507
-4.34034
-5.08031
-4.52024
-0.739615
-6.03366
-4.25911
-1.3566
-1.07045
-0.0824091
-4.26046
-4.56813
-5.00209
-4.71542
-2.0765
-4.62782
-1.76288
-0.726684
-4.61065
-0.574224
-0.158822
-1.1123
-4.8017
-4.82702
-4.05416
-4.74509
-2.57639
-4.78171
-0.609722
-1.18041
-4.87442
-3.40198
-4.5316
-1.84952
-5.24189
-4.48037
-0.740518
-0.668419
-4.53807
-0.980673
-4.90422
-4.25884
-4.36268
-4.59074
-4.40338
-4.10873
-3.59067
-4.43827
-4.67469
-0.425652
-1.032
-4.34359
-4.43437
-0.113608
-0.121823
-0.966949
-4.84838
-4.41389
-4.34283
-0.965059
-0.70318
-0.340954
-3.89734
-0.63424
-4.25447
-3.56469
-1.75143
-1.21446
-3.22942
-4.40891
-4.34332
-4.05588
-3.51363
-4.5104
-4.87405
-4.37335
-4.78224
-4.44922
-4.28
-0.228228
-3.40741
-0.585895
-2.69968
-5.54294
-4.50977
-4.71792
-3.24755
-4.43247
-2.47287
-4.52597
-3.5229
-1.52438
-4.11814
-1.35022
-4.3278
-4.68028
-1.29534
-2.68575
-4.40227
-1.57561
-3.64372
-4.53406
-4.36583
-4.54272
-2.52348
-4.65452
-4.30918
-4.40223
-2.64082
-5.20747
-4.66674
-1.09417
-1.5772
-1.8512
-0.705172
-5.85935
-1.57814
-4.2455
-1.27483
-1.14486
-4.47921
-4.15901
-5.29267
-2.17033
-4.54847
-4.54441
-4.66339
-4.42317
-4.99142
-4.29985
-4.59135
-1.70335
-0.682459
-1.81895
-1.38531
-3.3829
-2.90434
-4.33637
-3.07282
-4.566
-4.46467
-1.60218
-4.54515
-4.31562
-5.0314
-1.70639
-1.6611
-1.39517
-1.58451
-4.5242
-4.42812
-1.57983
-4.3543
-4.91547
-4.28658
-4.5348
-4.58101
-0.677134
-4.08724
-1.29751
-4.93999
-1.49542
-2.79331
-4.41127
-4.42737
-4.5703
-4.5257
-0.95854
-4.3539
-4.47486
-0.690138
-0.208899
-1.39732
-4.54866
-4.62247
-0.870629
-4.54368
0.00764814
-4.80564
-6.05653
-2.97337
-2.82203
-4.43529
-4.11467
-4.80358
-3.61203
-4.5182
-2.66073
-4.28471
-4.31522
-4.56378
-0.474408
-1.7797
-4.34228
-4.5327
-1.83815
-4.28156
-4.86233
-4.47366
-1.35492
-2.65236
-4.96423
-5.0757
-5.14002
-0.92496
-5.12774
-4.87164
-3.69733
-5.13737
-4.18205
-4.4883
-4.51342
-4.34759
-0.778685
-4.40043
-2.77634
-3.55003
-5.76667
-0.206883
-4.45062
-1.84047
-6.05897
-4.41249
-1.81283
-2.81906
-4.45878
-4.89509
-0.721217
-2.02429
-4.44145
-4.44496
-1.27676
-1.20541
-4.90747
-4.24424
-2.02038
-1.74902
-1.13903
-2.69691
-0.382876
-1.18795
-3.55776
-4.52278
-2.46156
-4.33027
-1.4917
-4.59432
-0.87821
-4.46884
-4.8316
-3.11973
-5.32236
-1.13575
-1.41055
-2.34911
-1.39763
-4.72891
-3.81901
-4.63733
-4.68501
-1.64182
-4.31894
-0.732447
-3.10993
-0.276293
-4.43827
-2.90716
-1.69999
-4.36488
-1.76109
-1.80281
-4.70902
-4.48065
-3.59705
-4.36001
-0.453787
-4.52355
-3.5943
-4.08793
-0.613912
-1.80831
-0.575282
-4.74395
-4.29945
-4.42205
-0.256618
-4.44723
-4.7165
-0.890483
-4.25393
-4.0621
-5.05708
-4.96406
-4.10086
-4.56253
-1.34367
-3.22133
-4.43162
-4.2379
-4.44917
-0.440093
-4.66284
-4.10154
-4.58094
-0.592423
-4.35509
-1.82126
-1.40079
-4.54608
-0.674449
-4.44449
-0.941205
-4.70781
-4.17439
-1.83607
-2.80172
-4.23476
-4.42483
-0.865165
-0.665688
-4.5757
-4.52646
-3.24214
-4.43155
-4.4507
-4.54007
-4.78086
-4.05904
-4.34645
-1.0099
-4.06343
-4.70134
-1.89637
-5.02981
-3.24871
-1.38654
-5.01283
-1.87555
-4.71901
-4.56699
-4.42818
-1.39197
-4.43969
-0.491957
-4.55569
-4.47696
-3.58075
-1.02204
-5.08227
-3.88158
-4.98641
-4.39815
-4.32224
-1.80066
-1.27326
-3.10016
-1.38487
-1.26248
-4.2488
-2.83217
-4.47745
-2.11765
-4.69918
-4.81183
-4.98014
-4.29865
-4.42426
-4.31636
-4.43308
-1.41341
-4.59476
-2.11917
-4.60185
-1.48442
-0.01114
-3.80747
-0.443104
-4.21748
-3.28175
-5.3271
-1.39172
-3.46735
-0.942788
-4.41859
-2.82379
-1.05821
-0.30079
-4.2505
-3.10053
-1.6347
-4.67791
-4.26339
-4.59506
-2.39837
-4.50364
-0.501962
-4.43526
-1.20914
-4.24895
-1.74596
-4.96943
-4.21049
-4.87924
-4.70379
-1.14124
-4.46542
-2.14053
-5.36945
-4.39455
-3.85702
-4.8771
-4.76226
-1.03031
-4.38425
-4.34655
-4.51185
-3.59912
-1.88073
-1.39913
-2.0943
-5.07142
-0.724153
-4.34577
-4.25872
-1.4893
-5.07967
-4.44065
-4.43731
-4.27582
-1.4183
-4.44655
-2.03036
-4.36957
-4.77332
-4.74363
-4.1979
-0.00419846
-4.41424
-4.48245
-0.152808
-0.437167
-1.41538
-3.48043
-2.43092
-1.24709
-2.18722
-1.05187
-4.26089
-1.27618
-4.20577
-4.68431
-4.33993
-4.51936
-0.642707
-4.28453
-4.39474
-4.43492
-2.94901
-4.30574
-4.36753
-4.47581
-4.27814
-2.61122
-2.13805
-0.651023
-4.44881
-1.0166
-4.88639
-0.115266
-0.918314
-4.26523
-2.16848
-5.01074
-4.59198
-1.85174
-4.69219
-4.97018
-2.62044
-2.67086
-4.11808
-3.26018
-4.87266
-4.95543
-1.03594
-0.0678788
-4.15091
-4.68373
-4.86699
-4.36595
-2.95603
-1.71098
-4.41072
-4.44182
-4.2962
-4.80966
-4.25983
-4.17612
-1.81146
-3.28887
-2.36399
-1.75439
-4.33937
-0.0282212
-3.07186
-2.64502
-4.33445
-4.42392
-4.29607
-4.21556
-1.8739
-2.65277
-4.53061
-0.612885
-0.949717
-4.93198
-4.18114
-4.39981
-4.39005
-2.39436
-4.42376
-4.83193
-2.67594
-1.88066
-3.91062
-4.53863
-0.494995
-0.343497
-1.32546
-1.38002
-4.35121
-2.928
-1.45636
-0.46066
-4.36433
-4.55374
-5.91056
-3.00954
-4.48107
-4.78685
-4.36498
-4.51741
-1.70092
-4.52627
-4.66175
-4.51153
-2.9505
-0.307458
-1.64841
-0.45809
-4.31098
-1.84076
-4.63222
-4.36057
-4.42785
-4.84717
-4.39905
-4.36531
-0.869533
-1.84453
-4.77283
-4.5266
-4.76558
-4.94383
-2.31133
-4.47047
-2.80809
-4.43734
-3.00031
-4.62153
-5.02316
-4.42029
-4.24299
-4.94667
-4.71131
-4.26478
-4.33831
-4.32547
-1.88469
-4.51473
-4.32561
-1.30223
-4.11248
-3.47464
-1.26024
-1.20337
-4.27538
-4.38011
-4.25358
-4.23778
-1.11354
-4.45887
-4.54964
-2.47514
-4.55779
-2.18921
-1.6618
-5.00667
-4.30259
-1.19545
-4.26009
-4.71438
-1.73449
-4.41886
-1.12341
-4.43708
-2.46394
-4.55116
-5.05901
-1.44876
-0.733481
-3.95215
-3.39928
-0.349938
-0.355304
-4.42176
-5.07135
-1.39657
-0.000552477
-1.92631
-1.93995
-5.10141
-0.985833
-4.4637
-1.82407
-4.47726
-1.211
-2.03203
-1.61036
-4.5311
-4.07294
-4.52785
-0.822292
-3.96085
-3.29625
-0.521268
-5.04131
-3.91272
-0.516315
-4.19855
-4.32019
-4.98794
-1.35913
-4.21871
-4.56232
-4.50111
-1.85662
-4.23409
-2.0355
-4.39393
-3.32479
-4.73113
-0.78597
-4.12381
-4.80201
-4.31977
-4.89526
-1.35417
-4.54382
-4.19546
-4.37867
-1.71747
-3.32387
-4.98374
-1.62746
-1.26361
-1.40032
-4.76577
-1.63346
-4.39492
-4.08767
-6.0667
-1.95773
-4.4759
-4.76497
-4.42711
-2.25459
-4.36605
-3.15742
-1.09523
-1.36716
-4.60211
-4.40363
-4.53687
-1.21387
-4.57119
-1.91672
-4.16641
-4.36036
-1.94714
-4.18445
-4.33795
-1.52395
-3.98203
-1.30389
-1.76532
-4.51854
-4.55397
-4.56713
-4.51692
-4.37387
-4.4621
-4.13545
-4.59796
-4.36956
-3.47565
-3.50062
-4.37708
-4.25002
-4.43039
-2.91469
-4.10996
-4.47303
-0.0208528
-4.49089
-4.29616
-4.35817
-4.33803
-1.30069
-3.24784
-0.727612
-0.722293
-4.27163
-1.50646
-0.802948
-4.46424
-4.3291
-1.34884
-1.71378
-3.92746
-2.76677
-0.251823
-4.47096
-0.931494
-1.39171
-4.60776
-4.46261
-4.96366
-5.08939
-1.82958
-4.42725
-0.842362
-4.29441
-0.790473
-4.93194
-4.47165
-1.81215
-4.67684
-4.59506
-4.95209
-3.0233
-4.3308
-4.41526
-1.66233
-2.14844
-0.934408
-4.6374
-4.79163
-0.950527
-2.57376
-4.51814
-0.699681
-4.27231
-4.56494
-4.36614
-1.62339
-4.44505
-4.83806
-4.20412
-4.9154
-4.57032
-4.47318
-2.74729
-3.20447
-0.372629
-4.64181
-4.30931
-4.73659
-4.48629
-4.33318
-4.66255
-2.45199
-1.93938
-1.47347
-4.50091
-4.57585
-4.34182
-1.7824
-1.82072
-4.08581
-2.71261
-0.364892
-4.42424
-4.36482
-3.03118
-4.87305
-4.50744
-4.8177
-0.726165
-1.34072
-5.16494
-4.27652
-1.59009
-1.36448
-1.58462
-4.40339
-4.61268
-0.637574
-4.54882
-1.26672
-4.33416
-0.577347
-4.46
-1.76962
-4.52736
-4.3594
-4.74086
-4.8888
-1.61001
-4.33802
-1.81131
-4.4751
-0.609982
-5.93878
-0.400461
-1.65009
-4.3799
-0.85348
-3.9998
-1.17658
-4.44237
-1.56354
-4.40903
-4.55545
-0.612631
-4.09709
-3.15072
-4.39735
-3.00778
-4.38202
-4.73002
-4.52836
-0.461123
-3.47595
-4.84583
-3.40566
-4.16841
-2.27496
-1.9348
-4.31026
-4.42807
-1.46167
-4.3683
-4.20901
-0.394599
-4.26661
-1.31253
-4.61678
-2.97519
-4.14481
-4.65604
-4.634
-1.35425
-4.36005
-4.86297
-1.9015
-4.52386
-4.42308
-4.59504
-1.67234
-1.64778
-3.06357
-4.46262
-1.03223
-4.25325
-4.6578
-4.249
-1.88068
-4.40324
-3.19768
-4.97051
-3.97143
-4.39612
-4.27067
-4.26731
-4.85299
-1.56444
-4.52972
-4.23649
-2.46505
-4.70466
-4.3432
-4.43106
-4.57554
-3.22252
-4.72276
-0.784504
-4.21015
-1.49059
-1.44288
-2.7357
-4.31802
-4.67652
-4.47112
-0.774216
-0.954575
-4.78927
-1.44879
-4.33249
-1.64994
-4.61535
-2.98457
-4.19299
-0.43814
-1.26558
-1.33825
-4.29009
-3.35667
-3.46982
-4.81996
-4.12448
-3.21509
-1.43366
-4.2375
-3.36742
-0.558895
-3.22175
-1.88543
-1.02701
-4.36203
-4.45604
-4.76138
-4.86351
-4.44154
-4.33867
-0.478234
-4.06186
-4.32152
-3.90471
-0.651539
-4.44401
-4.92593
-4.72084
-2.26882
-2.07541
-4.44208
-4.33864
-5.05702
-1.62922
-1.67364
-4.38802
-0.703343
-0.0193635
-0.610399
-4.0909
-4.29717
-4.52351
-4.38142
-5.04589
-4.4642
-4.82245
-4.59175
-4.35607
-4.81983
-1.45674
-4.26589
-4.41623
-4.88461
-4.03976
-4.55149
-4.46006
-0.942556
-4.32355
-4.85288
-1.70471
-4.12244
-3.08533
-4.87797
-4.31277
-0.65307
-4.18116
-2.46743
-1.94163
-1.38594
-3.38231
-4.75006
-4.73757
-1.25464
-0.857034
-4.29029
-4.34876
-4.52428
-3.03997
-0.813176
-4.4267
-4.21807
-0.325639
-3.90797
-1.46752
-4.50959
-4.36264
-1.76508
-4.32743
-5.41436
-2.89282
-4.65852
-4.50963
-4.82961
-1.86497
-2.66392
-4.51368
-4.27783
-4.34785
-4.52349
-4.99994
-4.50433
-4.28344
-4.59292
-3.56142
-4.4638
-0.437278
-4.34597
-0.537654
-0.707111
-1.35804
-2.95718
-4.89526
-1.44204
-0.391625
-4.67421
-1.59764
-4.18746
-3.28431
-1.39045
-4.5802
-4.86935
-1.968
-4.37231
-2.36158
-1.80767
-2.90422
-4.52006
-1.1655
-4.29797
-1.30256
-0.429169
-4.54772
-4.64463
-4.27589
-4.16086
-0.497899
-1.02442
-5.04413
-4.5451
-0.941709
-0.148073
-1.66773
-4.55911
-4.62551
-1.85983
-3.13359
-1.34871
-4.38686
-1.72156
-2.51448
-4.38659
-5.35445
-1.43483
-4.46644
-1.14545
-5.24178
-1.58662
-4.81737
-4.82632
-4.56961
-0.961129
-4.37479
-2.74253
-1.81736
-4.32315
-4.32339
-1.40653
-2.88461
-5.06865
-4.4695
-4.43954
-1.28233
-4.86358
-4.52924
-1.65731
-4.51684
-4.69435
-3.35044
-1.31408
-4.89508
-4.56999
-2.79009
-2.05255
-4.33983
-2.87991
-5.37586
-2.41164
-2.49253
-0.984294
-4.26405
-2.66713
-4.40763
-4.31314
-1.59647
-4.92439
-3.26252
-4.12806
-4.52244
-0.612197
-1.63868
-1.29876
-1.15712
-4.71761
-1.03472
-2.81098
-0.394768
-1.60061
-4.2575
-4.3447
-4.30388
-1.03146
-3.05639
-1.54456
-0.0504731
-1.28229
-4.68029
-3.18878
-4.97883
-4.81371
-2.68595
-1.37897
-2.0419
-0.748055
-4.47036
-4.67459
-4.82334
-5.50906
-4.47264
-0.944979
-4.44424
-4.87801
-4.60632
-4.93413
-1.94487
-4.19863
-1.78649
-4.38256
-3.04462
-4.44769
-1.37275
-1.01327
-4.34322
-4.36657
-4.41306
-0.157341
-0.867744
-1.32807
-0.736934
-4.31064
-1.28573
-3.44428
-0.663326
-4.33143
-4.12322
-3.12008
-4.65158
-1.39704
-4.77357
-1.754
-4.29135
-5.34332
0.012266
-4.51192
-5.02843
-0.757643
-4.74515
-2.478
-1.96067
-4.81107
-4.26519
-4.6176
-4.47369
-4.30591
-5.17901
-4.36093
-4.7951
-4.03193
-4.40371
-4.70537
-4.83436
-4.42297
-2.97991
-4.55282
-4.40055
-2.98134
-2.31957
-1.42767
-1.10516
-4.33455
-4.05071
-1.95236
-1.27063
-2.94693
-1.63487
-1.33375
-1.9401
-4.13813
-1.43873
-0.289317
-4.44106
-1.51913
-4.51221
-4.41721
-3.93512
-2.86782
-0.34207
-4.22443
-4.06403
-4.74585
-1.30392
-4.30159
-2.85151
-5.12864
-4.89116
-4.44475
-4.60145
-2.62917
-5.08267
-4.03958
-5.19881
-2.95402
-1.1676
-1.34706
-3.71714
-4.29525
-0.848499
-4.38853
-4.33806
-2.50836
-4.37368
-1.29722
-4.5958
-3.51059
-4.87721
-0.483949
-5.04221
-2.97822
-5.4091
-4.45502
-4.471
-4.82479
-4.53928
-4.36627
-4.46361
-4.90348
-3.47635
-0.515846
-0.480945
-4.89947
-1.93544
-4.36514
-4.0316
-1.31919
-2.52304
-0.582513
-3.03482
-4.45471
-4.38086
-4.79171
-2.44542
-1.66478
-4.56466
-4.56173
-1.00387
-1.15843
-0.738598
-2.63349
-4.52654
-0.691845
-0.573613
-1.13209
-2.33227
-1.68033
-5.2752
-4.13286
-4.62722
-1.81594
-1.88352
-0.767361
-2.45941
-4.92498
-3.51226
-4.56204
-4.37855
-2.19868
-1.94711
-4.42745
-0.842947
-5.26497
-0.717229
-4.50728
-4.45188
-0.703851
-4.99184
-4.56044
-2.23759
-3.02327
-1.10794
-4.55272
-1.6119
-4.44172
-2.06042
-4.88316
-1.05959
-0.388587
-4.42431
-0.928051
-4.6408
-4.46849
-4.99502
-5.46263
-4.3077
-4.70056
-2.29499
-4.26816
-4.71621
-4.27467
-0.415753
-4.55271
-0.450027
-4.41404
-2.97345
-1.25202
-4.44418
-4.14423
-4.43128
-4.46549
-1.10799
-4.42458
-4.59838
-3.02023
-1.04734
-4.27542
-4.73106
-3.6163
-2.09694
-1.43133
-4.73162
-0.777411
-1.24017
-4.11096
-1.0116
-4.56296
-3.70798
-4.43967
-2.80439
-4.57701
-4.30243
-4.69854
-1.61254
-3.75081
-4.68456
-0.647955
-4.84644
-1.81355
-4.66849
-4.31639
-4.54969
-4.4834
-4.44603
-4.80654
-1.80409
-4.12847
-2.14906
-2.20901
-4.35513
-4.401
-1.74297
-1.69127
-4.51946
-4.04263
-4.53205
-4.47943
-3.36259
-0.548684
-4.2889
-4.66543
-4.43866
-4.45841
-4.68812
-1.28209
-4.52905
-0.563836
-1.99421
-0.358541
-2.52223
-4.94647
-1.54993
-4.43574
-1.35916
-4.92125
-2.0598
-4.06366
-1.43901
-4.40777
-4.18261
-1.14726
-3.89722
-3.38277
-2.86452
-4.37004
-3.39065
-5.8847
-1.63262
-4.26405
-4.05969
-4.92637
-2.95381
-4.0899
-4.13951
-4.53797
-4.43546
-2.29546
-0.535087
-4.51033
-4.80919
-4.35013
-1.20142
-4.50917
-4.30968
-4.36321
-3.93019
-2.9474
-0.808863
-4.43707
-1.24046
-0.378789
-4.52482
-4.9215
-4.88743
-4.33311
-1.64057
-4.24589
-4.85306
-4.52295
-2.50671
-4.25184
-1.32787
-2.76175
-4.04113
-0.861589
-4.64842
-2.52087
-4.34835
-4.32711
-4.17091
-4.32099
-4.99838
-3.92347
-4.40868
-4.42164
-1.87892
-1.71153
-0.863713
-1.04582
-1.09863
-4.94157
-1.05177
-4.20129
-4.21129
-1.17682
-1.28992
-1.70798
-1.94347
-4.4945
-5.47145
-4.51665
-1.83758
-5.01623
-5.45388
-4.51846
-0.667164
-1.93247
-1.17936
-4.52612
-5.14769
-1.88198
-2.44835
-4.39891
-4.97598
-1.34749
-2.10169
-4.47121
-4.53882
-1.84593
-5.0161
-4.45866
-3.58997
-4.99983
-1.56985
-5.79089
-2.39732
-4.2163
-1.87351
-4.95266
-3.5138
-1.1958
-2.99411
-5.92418
-4.27239
-0.423627
-1.30863
-4.463
-1.14904
-2.94975
-4.15571
-0.935113
-2.96976
-4.23847
-2.97029
-4.41791
-0.545313
-4.57669
-4.32846
-4.43166
-4.5786
-0.0234086
-2.22151
-2.98371
-4.27947
-4.32768
-0.33423
-4.33877
-0.998586
-2.78753
-1.34933
-3.0778
-1.48786
-4.23752
-4.79568
-1.70083
-1.94572
-4.4607
-4.43101
-1.38876
-4.65864
-0.631889
-0.9376
-1.15597
-3.93742
-4.46314
-1.51438
-4.39044
-4.55788
-4.42497
-4.51711
-1.29747
-1.93791
-4.4366
-4.58644
-4.53631
-0.612748
-1.73275
-4.40137
-0.54111
-3.07236
-1.18066
-5.809
-3.35099
-2.86561
-0.873163
-4.45712
-2.38874
-4.36991
-4.06186
-4.65095
-1.37326
-4.89764
-4.46601
-1.94832
-1.48855
-4.4625
-4.34722
-4.84433
-2.95045
-4.02954
-2.01889
-4.72392
-4.31101
-4.69621
-3.31117
-1.46523
-4.53053
-0.2592
-1.4244
-1.48586
-0.670745
-4.20487
-1.30378
-3.33976
-0.106943
-2.04303
-4.33184
-1.10135
-1.73674
-4.88361
-3.2705
-0.0193616
-4.39662
-0.540076
-1.26862
-4.83699
-4.5925
-3.968
-3.12929
-4.26047
-4.31103
-4.46875
-4.32086
-4.63417
-4.24696
-1.82708
-4.15213
-4.37688
-2.95395
-4.28932
-4.64204
-4.79086
-4.67547
-4.94248
-2.94582
-1.44827
-4.93533
-4.5191
-4.67352
-1.43017
-0.746796
-4.76052
-4.59689
-4.53288
-4.37137
-3.40296
-0.373135
-4.30309
-4.73805
-0.93676
-4.53783
-0.642963
-1.53171
-4.46459
-4.54187
-4.55945
-4.57915
-4.52673
-4.63671
-1.35855
-4.60266
-4.44524
-4.37612
-3.38293
-0.683416
-1.04814
-0.254113
-4.16017
-4.50228
-4.4255
-4.31428
-1.54373
-4.59422
-3.16394
-5.1392
-4.50894
-0.660443
-4.29279
-4.36755
-4.2512
-0.609191
-5.42676
-4.40925
-2.14958
-4.41523
-0.0192544
-0.687469
-3.16838
-1.54764
-4.45745
-4.29422
-4.43453
-4.45619
-4.12368
-4.45868
-3.14458
-3.02834
-4.80728
-4.55533
-2.21361
-4.43219
-4.15155
-1.65297
-0.38409
-9.70672e-05
-4.95448
0.0056329
-1.27688
-4.61357
-1.32203
-1.92742
-0.644167
-4.44633
-3.02241
-3.8086
-2.00441
-3.07864
-4.56622
-4.97264
-0.44294
-1.14793
-4.75689
-2.18619
-1.17263
-4.60514
-1.58167
-4.94803
-1.26244
-4.94209
-4.22359
-4.32464
-1.39558
-1.11457
-1.41555
-4.3555
-4.71367
-1.63692
-4.67059
-4.09137
-4.43597
-5.28535
-2.19497
-5.98889
-0.436718
-0.819087
-3.37186
-1.68644
-4.4689
-1.5491
-4.5911
-4.47385
-1.28387
-1.59927
-4.79822
-1.23115
-0.862235
-1.37697
-4.58062
-4.28463
-0.789356
-4.1822
-3.9169
-1.72517
-4.53956
-1.42467
-4.11523
-0.633149
-1.10273
-4.51677
-4.45037
-5.00852
-4.69922
-0.387154
-2.67376
-1.94754
-2.98996
-4.37141
-1.64083
-4.23475
-0.586745
-0.867462
-0.943647
-4.39876
-1.87731
-1.10104
-0.859135
-4.59793
-0.305172
-4.31265
-4.80228
-1.38612
-0.732302
-1.13013
-1.73622
-0.87228
-4.80036
-4.26677
-4.41937
-4.4443
-3.45539
-3.88171
-3.90613
-4.30065
-3.25706
-3.95163
-4.15242
-2.19672
-4.31584
-4.3362
-4.25476
-1.61547
-4.9686
-4.7039
-0.857321
-4.26441
-4.43568
-0.446712
-4.13307
-5.05542
-4.43564
-2.82389
-4.40739
-0.174118
-0.758005
-4.58117
-4.06751
-1.34428
-4.26623
-1.91192
-4.36108
-1.90081
-2.77229
-0.691578
-1.3804
-4.04425
-4.88947
-1.96665
-4.48394
-4.55463
-1.27181
-4.24457
-1.4649
-0.646395
-4.4236
-4.64653
-4.49775
-1.20339
-4.74801
-2.97182
-2.06022
-4.55624
-1.61414
-1.26686
-0.936403
-1.24493
-4.85124
-1.57163
-4.211
-1.69701
-4.72755
-4.56537
-1.10943
-2.72148
-4.6116
-0.747696
-2.96492
-4.46116
-1.78455
-4.22023
-2.13377
-2.16477
-0.558866
-4.3652
-1.75933
-2.05655
-0.233778
-4.43358
-4.20006
-4.82379
-0.494782
-4.38015
-4.43391
-0.563565
-4.62972
-3.89615
-2.76429
-1.07673
-0.743277
-3.94197
-2.74118
-0.923406
-4.17794
-4.4959
-2.2601
-4.44342
-4.0967
-4.3727
-4.30851
-4.26341
-0.600138
-4.38016
-0.369762
-4.33882
-4.20919
-3.00566
-1.24493
-4.69309
-1.68743
-4.43591
-4.87622
-4.53544
-4.54135
-4.75678
-4.59145
-4.89844
-4.26421
-4.79859
-1.28917
-4.43954
-4.91629
-1.43957
-2.73144
-2.17581
-0.327739
-4.60653
-4.34198
-4.90883
-2.77453
-4.55638
-0.941672
-2.7492
-4.9768
-4.43201
-2.58339
-4.59359
-4.55126
-4.51025
-1.90455
-0.894892
-4.40112
-4.52183
-1.43267
-4.83576
-0.856445
-0.840625
-4.74535
-4.79129
-2.54726
-1.90234
-4.51744
-1.83238
-0.399168
-4.26016
-1.36446
-4.43007
-2.06931
-4.38898
-1.84043
-4.34527
-0.808981
-2.82776
-2.3626
-2.08998
-4.3907
-1.03844
-3.18147
-1.75966
-2.58226
-0.929988
-1.51446
-4.55093
-0.984842
-0.591369
-5.19441
-0.530393
-0.884509
-1.25668
-0.700082
-1.23906
-4.54803
-1.40417
-4.13637
-1.79419
-4.28744
-4.75245
-4.35192
-4.67468
-0.924017
-4.42644
-0.661278
-1.68779
-4.42901
-4.52293
-1.93159
-1.71261
-1.98182
-2.54481
-0.406297
-1.58664
-4.36287
-4.26573
-1.48392
-1.95511
-1.61367
-2.86667
-4.52294
-1.64333
-2.02123
-4.24317
-2.76339
-4.79253
-2.58057
-1.37271
-4.24451
-4.41987
-2.08082
-2.47947
-1.42569
-0.664583
-1.43351
-0.518488
-4.76079
-4.86792
-1.46179
-3.24755
-0.651739
-2.77321
-4.52921
-4.30125
-4.38322
-2.0906
-4.37203
-1.26186
-4.31356
-4.61693
-1.78565
-4.11291
-4.54342
-2.1595
-4.70665
-4.58562
-4.41454
-0.951574
-2.99284
-4.64756
-0.954632
-4.36253
-1.60903
-0.650648
-4.38304
-4.62714
-1.13834
-0.572218
-4.38071
-0.851849
-4.32939
-4.43523
-5.82034
-2.03176
-1.21663
-1.58069
-4.22574
-4.57988
-4.50756
-4.53719
-4.88028
-2.02003
-4.55892
-4.2045
-4.25877
-2.74068
-3.39353
-4.11618
-1.419
-4.64574
-1.41686
-4.57012
-4.52355
-1.8097
-4.73293
-5.63318
-0.354793
-4.39071
-3.79545
-3.24148
-4.12438
-4.30339
-4.45503
-4.3448
-1.60468
-1.67957
-2.86807
-4.30541
-2.98201
-4.42531
-2.24235
-1.36555
-4.62735
-4.45913
-0.638673
-4.17892
-4.37389
-2.04163
-2.74121
-4.81105
-4.29451
-4.28646
-4.44777
-1.96665
-4.30699
-4.39773
-4.33246
-1.89597
-4.58422
-4.23131
-0.634479
-4.56904
-2.77611
-2.66848
-4.90586
-4.69249
-4.78908
-4.88431
-3.54221
-4.37446
-4.6681
-0.735108
-0.443624
-4.21947
-4.9571
-4.07687
-4.40233
-4.31323
-2.94575
-0.867445
-3.04673
-2.77137
-4.6143
-2.97102
-4.25786
-3.86912
-1.44031
-1.16971
-4.46923
-3.21573
-3.55095
-1.67254
-1.97526
-1.23321
-4.49423
-1.69179
-4.7957
-4.28118
-1.45733
-2.84978
-4.2328
-2.94303
-4.36391
-4.52771
-0.221474
-1.64346
-4.46187
-5.42409
-1.6097
-4.40345
-4.20678
-3.83959
-2.93991
-4.46157
-1.66795
-1.07766
-4.1653
-4.20746
-2.83311
-4.33491
-3.47873
-1.26779
-4.62174
-4.39353
-0.700917
-1.27643
-0.609824
-0.770818
-4.30634
-3.27716
-4.7051
-4.69875
-4.85168
-4.36068
0.00179655
-1.60496
-4.67339
-4.43799
-4.43236
-1.15924
-2.77631
-4.84718
-4.51205
-4.34373
-3.89309
-1.49872
-1.66985
-3.92979
-4.13819
-4.4996
-4.38328
-0.625585
-4.48343
-1.25559
-4.32498
-4.39477
-4.2707
-5.04941
-0.505704
-4.57331
-4.5132
-4.4886
-4.44246
-4.39945
-4.48603
-3.58829
-0.690116
-4.58431
-4.38579
-4.46711
-1.32401
-1.67698
-4.17739
-1.00901
-4.69066
-4.5632
-4.44669
-4.36168
-1.78508
-4.0514
-1.60541
-4.53792
-4.23998
-1.37192
-4.36632
-4.71368
-4.29949
-4.56031
-1.55905
-4.79465
-1.49761
-4.31462
-4.44115
-4.01289
-3.89516
-4.83626
-4.79116
-1.64688
-3.60524
-3.89805
-4.67375
-0.803797
-4.49328
-4.38539
-0.377016
-4.51945
-1.09751
-4.54304
-1.16703
-2.06429
-4.43219
-4.80607
-4.72987
-5.07614
-3.9042
-4.26019
-3.50564
-4.4561
-1.93768
-1.4245
-4.27669
-1.33599
-1.31478
-4.42541
-4.43125
-4.77101
-4.09905
-5.04711
-4.38924
-1.6823
-4.79021
-3.19404
-4.35
-3.96043
-1.23438
-4.41645
-4.25238
-4.30751
-1.60612
-4.55199
-4.72838
-4.80917
-0.603335
-4.42042
-0.567205
-4.48526
-0.486841
-4.79099
-4.42581
-3.80728
-1.73887
-0.866829
-4.36888
-4.3485
-4.58778
-4.52602
-0.50748
-1.37312
-4.37928
-4.43136
-2.0689
-3.75484
-4.28493
-1.5231
-3.07784
-1.61938
-1.66791
-0.471411
-5.38795
-4.08857
-1.48696
-2.66501
-4.6184
-4.35798
-0.722473
-1.26326
-1.25116
-4.72006
-2.95112
-4.71668
-4.35767
-4.5003
-4.58977
-4.24564
-4.50439
-0.970608
-4.0125
-4.35708
-4.42288
-4.53643
-1.47151
-4.6717
-1.5915
-4.82369
-0.659545
-0.458833
-3.84915
-4.64727
-4.98717
-0.636297
-1.11454
-2.06345
-0.584216
-3.86541
-4.14015
-1.55408
-4.53279
-4.47556
-4.0018
-4.04625
-4.08709
-4.43856
-0.583488
-4.86317
-1.37562
-4.13113
-2.85132
-4.86625
-4.44019
-4.3456
-0.915655
-1.663
-1.53671
-4.30256
-4.23763
-2.06848
-4.50302
-4.9381
-1.47537
-4.43399
-2.76169
-0.576664
-2.97774
-0.716654
-4.39684
-2.901
-1.44801
-4.47373
-2.12225
-4.26459
-4.27321
-4.10077
-1.16854
-4.58012
-0.756861
-4.27574
-4.6192
-3.37858
-1.80763
-4.13632
-2.03261
-4.83727
-4.70306
-4.03458
-4.57413
-5.21947
-4.40843
-4.27492
-4.37978
-5.00556
-4.21797
-2.1123
-4.62247
-0.607353
-4.46012
-0.448653
-3.42341
-4.65108
-4.77477
-4.57954
-4.37187
-1.42613
-0.643003
-4.20827
-0.847373
-4.50126
-3.56768
-4.26971
-3.64081
-1.70539
-2.64227
-4.72994
-2.68764
-4.8813
-3.86776
-2.87477
-4.55551
-4.13102
-0.918953
-2.11781
-4.34148
-4.91334
-1.36496
-1.32613
-4.25832
-1.60939
-2.84086
-5.04609
-4.27532
-4.43552
-0.94747
-0.592665
-4.81633
-4.53204
-4.54163
-1.94416
-4.22475
-4.56069
-4.37626
-4.79092
-4.37155
-3.36518
-4.38272
-4.40395
-2.14784
-3.85279
-4.3136
-1.82257
-4.64914
-1.74661
-4.19177
-2.63858
-4.1384
-3.42654
-0.631357
-2.7648
-1.80122
-4.25868
-5.02761
-4.67768
-2.25227
-0.856973
-2.02465
-0.977976
-4.4791
-1.93199
-4.52415
-4.53078
-1.44059
-4.5029
-0.62524
-4.62183
-3.41465
-1.42016
-4.38234
-1.18588
-4.26106
-2.02395
-4.9509
-1.06972
-2.02836
-4.55236
-4.1276
-1.70163
-1.53337
-4.21421
-4.47885
-0.858108
-4.27925
-0.65322
-4.36066
-3.46539
-0.613393
-4.27912
-4.45204
-4.36667
-4.40972
-3.01461
-0.413906
-4.43113
-1.18044
-3.19223
-4.65541
-0.586124
-4.30091
-4.10217
-6.0359
-4.55077
-0.626865
-1.87483
-1.29667
-4.37735
-0.641708
-1.6692
-0.932543
-4.36624
-1.26269
-4.7019
-2.22986
-4.39868
-1.80399
-4.23054
-4.7763
-1.47453
-4.39087
-4.57358
-1.46325
-1.65422
-4.64777
-4.65544
-0.42699
-4.38987
-4.51425
-1.67454
-1.73601
-4.50368
-3.80259
-1.3225
-1.25726
-4.30959
-0.830116
-1.70778
-1.1018
-1.43307
-1.0198
-2.76335
-4.60067
-1.72155
-4.43912
-1.64583
-0.132697
-0.928265
-4.45189
-2.64555
-4.30221
-0.767931
-3.91399
-4.81612
-1.66738
-4.59127
-4.18624
-4.39221
-0.40074
-4.4055
-1.37556
-4.79586
-1.76101
-0.65365
-1.29045
-4.1849
-4.78467
-0.551986
-0.139709
-3.91271
-4.89299
-3.84405
-4.30653
-1.74133
-4.25522
-4.4554
-4.59282
-4.468
-2.49643
-1.31233
-4.57803
-5.0287
-1.04857
-4.33989
-4.97603
-4.251
-2.59963
-0.706324
-4.79641
-5.18975
-4.45249
-4.82714
-1.48855
-2.30409
-4.53156
-4.37435
-0.182662
-1.64623
-4.43494
-4.12678
-0.930014
-4.83806
-4.72018
-4.54922
-1.29465
-4.77358
-4.27431
-2.58522
-0.569775
-3.91145
-4.27103
-4.03458
-4.44818
-4.77078
-4.58936
-4.00053
-1.60517
-4.56162
-4.53258
-4.5774
-4.36175
-4.33245
-1.5295
-1.34698
-4.21024
-2.9213
-4.59064
-0.563555
-2.6616
-4.62954
-1.37048
-4.5001
-4.12649
-4.63458
-4.3754
-2.34207
-3.11853
-4.93995
-0.615135
-4.8214
-2.49019
-4.52421
-4.50966
-1.14446
-4.32885
-1.67318
-3.05515
-5.18054
-4.01945
-4.90518
-4.39349
-2.9017
-2.57894
-1.07762
-2.33361
-4.48383
-0.524217
-1.40618
-1.32552
-4.20114
-1.93884
-3.04873
-4.5662
-4.38235
-0.182635
-4.81152
-5.76598
-1.15504
-3.5844
-4.43487
-1.65357
-1.07067
-4.8324
-4.36846
-4.68892
-4.33681
-1.58894
-4.59392
-5.57492
-4.39008
-4.45185
-4.18027
-0.591226
-0.763217
-1.87916
-4.32406
-3.97451
-4.59807
-4.36778
-4.0832
-6.05556
-1.79921
-0.575865
-1.43727
-4.55231
-4.522
-4.48543
-4.31327
-1.16161
-3.77001
-0.889644
-0.727132
-4.63114
-4.5534
-4.02941
-3.67072
-1.348
-3.90331
-4.67143
-1.05953
-4.23502
-4.25538
-4.58019
-1.71098
-5.06411
-1.30538
-4.53253
-4.42191
-0.928963
-4.27997
-1.22285
-4.49183
-4.73788
-0.75141
-4.60123
-5.36555
-4.34494
-0.408974
-1.68424
-0.487317
-4.35829
-4.53083
-0.157326
-1.30354
-2.73971
-4.0901
-4.55298
-5.06418
-1.55675
-4.44945
-0.450933
-4.70596
-4.27197
-4.15916
-4.5011
-4.55798
-0.943908
-1.45412
-4.21187
-4.39239
-4.56534
-4.09397
-4.36185
-0.47613
-2.203
-4.80558
-4.89547
-4.38459
-4.5077
-4.31149
-2.93458
-4.57116
-4.04874
-3.79903
-3.16334
-4.68971
-2.94127
-1.71471
-0.891022
-4.6244
-0.852555
-4.56545
-4.42348
-4.31129
-2.17521
-4.56513
-4.27263
-4.73927
-3.55622
-4.32889
-1.35821
-4.22159
-4.26697
-1.35947
-0.958219
-0.627998
-4.57235
-4.12364
-0.948922
-4.69017
-4.44001
-4.38097
-4.35152
-0.602156
-0.999416
-0.341088
-4.54458
-4.33084
-1.65735
-4.2175
-4.84463
-4.48033
-2.5236
-4.50847
-4.53927
-4.58371
-0.905621
-4.42676
-2.85258
-2.30783
-1.52168
-4.53438
-4.6267
-4.30992
-3.37773
-3.72759
-4.44093
-0.950498
-4.69358
-0.565229
-4.24847
-3.24835
-4.58867
-1.74888
-4.51305
-4.44083
-0.568172
-4.07408
-0.733894
-4.27637
-1.56954
-1.67593
-2.52444
-4.24318
-4.44805
-0.201236
-4.7484
-4.9734
-4.84424
-1.75922
-1.76808
-4.62586
-4.60558
-4.21798
-1.30588
-1.0356
-4.7818
-4.3679
-2.51367
-0.768908
-4.31234
-1.35959
-4.3004
-2.34464
-1.18029
-5.59343
-3.96814
-4.47451
-4.72182
-1.44322
-4.62745
-0.953027
-4.21204
-2.93677
-4.41917
-4.08831
-1.3381
-0.661845
-1.61086
-1.10881
-3.66032
-4.75609
-0.995205
-1.58352
-4.39569
-4.17092
-4.23597
-0.799517
-3.95624
-3.26576
-4.92585
-4.94824
-2.19746
-4.08772
-4.30189
-4.16143
-4.52437
-0.408788
-1.45415
-1.41675
-3.05574
-4.4425
-2.63268
-4.40333
-4.26809
-1.07865
-4.3726
-4.57874
-0.948198
-4.8742
-1.90291
-2.51634
-4.62763
-4.38709
-4.5941
-4.4554
-1.45149
-3.95064
-4.24716
-1.30062
-3.25303
-0.431186
-0.992686
-4.65958
-4.3603
-4.35333
-0.131987
-5.0374
-1.64457
-2.4594
-2.973
-1.38283
-1.07475
-3.30816
-4.46405
-4.36406
-4.66982
-4.18505
-4.65392
-1.31354
-0.405782
-4.83388
-0.856167
-2.99808
-1.90355
-3.32999
-4.77258
-0.119283
-0.784275
-4.54329
-4.65788
-4.09019
-4.70667
-4.662
-0.611822
-4.01588
-0.451967
-2.51328
-0.122012
-4.7012
-4.71712
-2.00667
-1.1522
-4.50583
-0.402681
-2.62211
-4.45857
-4.94031
-1.15836
-4.96565
-4.36295
-3.45364
-4.26784
-4.26025
-1.31846
-4.26557
-1.8463
-4.26574
-1.62313
-4.36955
-4.6421
-2.74891
-3.13131
-4.47314
-1.98935
-1.98245
-4.58168
-4.62772
-3.4798
-4.37186
-4.4531
-4.36472
-2.3582
-4.62671
-1.36434
-1.8536
-2.0083
-0.92242
-4.41124
-4.66991
-5.09353
-4.23393
-5.03994
-4.88421
-4.25282
-4.45373
-4.22357
-4.35238
-2.54732
-4.7153
-4.26595
-4.77961
-2.15528
-1.29391
-4.72254
-2.61052
-4.34004
-2.35094
-4.64138
-1.62765
-5.0431
-4.3381
-4.25833
-3.97601
-4.26047
-4.77223
-1.6182
-4.27928
-4.62982
-3.34312
-4.36791
-4.27431
-4.30145
-0.31231
-0.941191
-4.68689
-4.50568
-4.55544
-4.19082
-3.13433
-2.86865
-5.04295
-4.33533
-4.5207
-0.818363
-1.5966
-1.97697
-3.26493
-4.45654
-4.98265
-4.39402
-2.07416
-4.58858
-4.26102
-4.39401
-1.87507
-4.64451
-4.97311
-4.95667
-4.84713
-5.00207
-4.34918
-1.41779
-4.63332
-2.96438
-4.44999
-1.0221
-4.8456
-4.2747
-0.540012
-1.95127
-4.93237
-0.533753
-4.49483
-4.47458
-1.25941
-4.77011
-0.839004
-4.53124
-2.36468
-4.56229
-1.58205
-1.47525
-4.98339
-4.96415
-4.3814
-4.5504
-5.01203
-1.41701
-1.8813
-4.6681
-4.62242
-4.31151
-4.69878
-4.23807
-0.808263
-2.42832
-4.4041
-4.55944
-4.10558
-0.62168
-4.69643
-1.24188
-0.643103
-4.1216
-4.25502
-4.31887
-4.34166
-1.26626
-5.10078
-4.61825
-1.7278
-1.60158
-0.820706
-4.33367
-1.74433
-4.18537
-4.33226
-0.54087
-4.43788
-1.47867
-0.699381
-4.81294
-4.5978
-4.86143
-4.63421
-4.45571
-4.30838
-4.29139
-4.33804
-4.14513
-4.84706
-4.41752
-4.22751
-4.3531
-4.45994
-1.24926
-4.57842
-4.12234
-0.603175
-4.51941
-2.7898
-4.43858
-2.33867
-5.82445
-4.83631
-0.0423179
-1.26033
-0.710682
-4.50541
-1.25536
-4.43846
-4.91285
-4.04651
-4.83487
-4.50736
-0.87578
-4.37967
-4.53125
-4.32647
-4.5739
-3.9357
-1.62373
-4.3432
-3.42947
-1.87605
-1.47257
-4.34746
-2.32779
-4.70816
-1.73352
-1.70131
-4.8316
-4.50253
-4.22108
-3.15814
-1.72236
-5.03151
-4.52298
-1.27194
-4.83937
-4.53478
-4.22445
-1.14299
-2.04471
-0.781661
-4.38636
-4.91357
-3.40554
-4.30974
-0.639134
-1.47162
-1.83218
-4.39465
-4.47413
-0.959004
-1.69702
-0.520012
-0.951521
-4.86969
-4.39968
-4.79571
-2.38107
-0.611575
-4.44051
-3.30955
-4.78613
-0.949453
-4.51197
-4.54005
-4.25246
-1.21822
-4.85277
-1.11612
-3.3035
-4.18525
-4.34394
-4.05162
-1.16802
-4.39215
-5.60845
-1.89788
-1.65111
-4.45426
-5.5475
-4.38349
-4.23127
-0.42064
-4.16494
-4.51891
-4.46784
-4.65102
-0.594397
-4.36936
-4.21146
-1.73123
-4.52608
-4.36424
-4.60315
-4.29521
-4.6505
-2.16615
-4.46627
-1.321
-4.5904
-3.18137
-4.37584
-1.40029
-4.12974
-4.83025
-4.36219
-1.65621
-0.428745
-4.8324
-4.60034
-3.81762
-4.33195
-4.41695
-4.45211
-1.07374
-4.55132
-0.0146414
-4.76694
-1.64669
-1.15401
-4.54875
-1.1812
-1.58991
-1.07387
-4.45685
-5.59691
-4.43382
-4.56118
-4.9069
-4.76654
-4.42983
-4.45989
-3.07232
-1.56203
-4.2078
-1.17931
-4.43665
-1.06695
-5.11958
-1.90951
-4.89231
-1.34879
-4.30098
-4.35823
-1.26639
-1.68863
-1.82973
-4.30737
-3.04978
-4.76933
-4.85499
-4.29455
-4.33752
-1.1962
-4.53388
-2.91201
-4.28184
-3.34998
-4.76797
-4.59084
-5.08059
-0.649031
-4.62855
-3.99559
-1.58576
-2.39097
-1.60791
-4.07933
-0.967746
-0.641268
-4.3515
-1.6678
-5.72191
-2.75651
-4.36064
-1.58458
-2.83579
-4.2933
-4.62631
-1.56415
-0.452362
-3.07753
-2.98894
-1.3231
-3.19471
-4.75337
-1.68621
-4.40655
-0.61236
-4.91053
-1.58882
-4.59802
-4.41431
-4.43997
-4.80231
-4.50521
-4.10423
-4.89888
-4.45619
-4.67
-4.25141
-4.46559
-4.33354
-1.61802
-1.46222
-4.72563
-0.958111
-1.675
-4.5798
-2.02481
-2.26683
-4.3376
-4.2016
-4.42175
-3.13994
-4.64785
-4.49752
-4.26437
-1.86663
-4.56748
-4.39828
-0.98199
-4.12909
-4.58978
-4.27366
-4.39956
-4.54104
-4.71314
-0.657713
-4.2505
-0.718681
-4.91409
-0.651518
-4.39829
-4.36154
-4.26124
-4.53186
-2.25345
-4.45847
-4.2178
-4.54337
-1.28019
-1.36483
-1.24718
-4.56111
-3.92592
-1.88479
-1.81113
-0.614848
-4.29609
-4.53543
-3.38584
-1.12398
-0.791908
-4.46634
-4.41347
-1.70017
-0.911595
-4.61493
-4.14885
-4.74989
-0.0308162
-0.905892
-5.70406
-4.39145
-4.44451
-4.20584
-3.93247
-4.23713
-4.69642
-1.31598
-0.365175
-2.00413
-4.08319
-4.49793
-4.37746
-1.64675
-2.39671
-2.4055
-2.36063
-0.015576
-1.87866
-4.80819
-2.03817
-1.64542
-0.803805
-1.30748
-4.56662
-2.01009
-4.2954
-1.57014
-4.99759
-1.76168
-1.3256
-4.94747
-4.35307
-2.76456
-1.40631
-4.80889
-1.12015
-4.45547
-0.892821
-4.80871
-1.09444
-4.46415
-4.53619
-4.34386
-1.2587
-4.62514
-4.24859
-0.473433
-2.04846
-4.62244
-5.40443
-4.59183
-1.19146
-4.42195
-4.71736
-4.2356
-4.37266
-4.36682
-5.51264
-4.39766
-4.80309
-0.717888
-4.37359
-1.42058
-4.5287
-5.33007
-4.19845
-4.78802
-1.92961
-4.44847
-1.21522
-1.31427
-4.85573
-1.41894
-2.12974
-0.622767
-5.05938
-0.723576
-4.91934
-4.28759
-4.25827
-4.69563
-1.19383
-1.29336
-3.0667
-4.76811
-4.51147
-4.52265
-4.02733
-4.61995
-3.96027
-1.69447
-1.17193
-1.69045
-4.39287
-4.33091
-4.5124
-4.58882
-0.762549
-4.80309
-4.45154
-0.853997
-4.50165
-4.33575
-4.44946
-4.66395
-4.18811
-1.86016
-1.01046
-1.53868
-0.91935
-4.52623
-4.61698
-4.75589
-4.8229
-4.84977
-5.10288
-4.52651
-4.30053
-4.89464
-4.41128
-1.84624
-3.70555
-0.603479
-4.08365
-5.0489
-4.66428
-0.765737
-4.51399
-4.46476
-4.5102
-2.02919
-1.7175
-0.576843
-3.61111
-3.00981
-1.42568
-4.67869
-4.26135
-0.567599
-0.52397
-4.08846
-4.13001
-0.663182
-0.030427
-4.52643
-4.68035
-0.4691
-4.53236
-0.796943
-4.3946
-4.87579
-4.48026
-4.12555
-4.54822
-3.43642
-4.81595
-4.36083
-1.71718
-1.51448
-4.2426
-4.57543
-4.04839
-4.67124
-4.42849
-1.19364
-4.90673
-0.67094
-1.24198
-0.575528
-0.102733
-4.89431
-5.76929
-0.557908
-1.4054
-4.53789
-1.20218
-1.74864
-1.25163
-4.34027
-0.602551
-4.13678
-4.50926
-5.78271
-3.89716
-5.75271
-2.30656
-4.777
-4.07322
-5.73547
-1.35935
-4.95249
-1.91188
-1.81069
-0.75297
-4.27448
-4.08006
-4.4203
-1.13539
-2.26587
-2.25121
-0.347249
-4.80984
-4.27879
-1.95757
-2.76343
-4.5466
-4.81812
-0.943387
-3.94113
-0.634601
-0.705478
-4.32246
-2.85921
-0.616791
-4.47492
-4.63186
-3.31044
-4.58322
-4.78656
-4.46243
-1.75979
-4.5245
-4.329
-1.82881
-1.84192
-0.632887
-4.54217
-4.46784
-2.08326
-4.64022
-4.49755
-4.60718
-2.2588
-0.654329
-4.30915
-2.02745
-1.82669
-4.30228
-2.24891
-2.7898
-4.51927
-4.47593
-1.35922
-1.42435
-4.38815
-4.39702
-0.538057
-5.30619
-1.9973
-1.27473
-4.78412
-4.75853
-1.75484
-1.08808
-4.61302
-4.51808
-0.421442
-4.55452
-4.6626
-4.37347
-4.42469
-5.13906
-4.29713
-4.07789
-1.47216
-4.15253
-2.8076
-4.35668
-1.647
-4.29239
-3.36417
-4.25957
-3.10018
-4.63962
-4.35369
-0.72933
-1.64048
-4.44183
-1.54098
-3.49977
-1.70204
-4.39576
-4.81374
-1.62481
-4.19653
-4.35384
-1.10996
-4.44974
-2.95573
-0.766477
-4.54169
-4.75944
-4.0475
-0.528026
-4.35328
-4.39576
-5.03865
-1.23187
-4.84197
-3.30305
-4.55351
-5.07086
-4.54047
-0.349549
-4.46354
-4.92161
-4.45752
-4.41062
-1.04246
-3.97629
-4.61499
-2.65394
-3.71141
-4.09708
-3.1337
-4.43764
-3.12395
-1.71425
-0.471327
-3.03059
-1.06744
-1.90905
-4.16057
-0.671399
-1.66417
-4.25595
-4.25212
-4.56152
-4.29819
-4.54191
-4.61436
-1.71061
-1.68279
-3.03617
-4.31486
-1.04481
-4.52847
-2.95256
-1.27712
-2.49653
-4.35727
-1.52332
-1.17084
-4.48124
-3.15374
-4.56738
-0.98429
-3.16601
-4.35216
-4.31924
-4.84206
-4.14377
-1.32634
-4.5265
-1.24227
-4.12358
-4.90489
-4.83164
-4.56751
-4.43027
-3.86447
-4.51062
-2.00066
-0.395227
-3.33035
-4.51588
-4.68222
-4.05149
-4.33645
-4.18353
-4.32574
-3.44346
-4.46607
-4.6556
-5.54934
-0.427166
-1.89768
-5.68651
-0.642807
-1.26232
-0.612712
-4.51513
-5.14249
-2.89823
-3.83269
-1.4363
-4.72181
-4.25159
-4.84169
-4.54216
-4.11391
-4.25901
-1.83428
-1.14971
-1.41525
-4.42637
-4.30415
-4.84755
-4.14941
-4.51491
-4.32049
-4.36306
-4.49558
-4.80445
-1.56388
-0.945321
-4.80862
-4.37098
-4.64055
-4.40138
-4.4345
-0.659973
-1.69506
-0.577979
-4.51823
-4.46513
-4.1938
-4.0624
-0.753109
-1.40055
-4.39789
-4.42935
-1.72363
-4.70341
-1.33409
-4.25836
-1.41755
-4.03588
-4.59996
-4.24922
-4.28796
-4.2923
-4.11803
-4.62296
-1.32574
-1.58792
-4.44373
-4.80957
-4.7314
-0.955851
-4.8768
-1.25514
-5.55598
-4.14197
-4.5645
-4.12441
-1.28675
-5.50122
-1.78493
-1.69849
-4.11755
-5.58675
-4.27496
-4.10605
-4.49474
-1.58541
-4.26524
-5.0657
-4.42062
-4.43226
-1.44285
-4.38877
-4.43884
-4.53612
-4.2051
-4.23335
-2.85049
-4.40051
-4.36413
-2.87952
-0.54579
-4.65204
-1.66235
-4.77931
-3.82456
-4.28649
-5.0968
-3.36244
-1.04345
-4.67175
-4.32717
-0.850473
-4.10002
-1.16174
-1.30761
-4.61087
-4.57556
-4.37092
-1.57731
-4.27734
-4.52234
-1.55866
-4.46356
-0.649173
-0.870254
-4.43984
-4.37233
-2.13552
-0.904806
-0.634636
-2.90626
-4.78798
-3.12997
-4.44057
-1.71005
-4.62548
-4.44392
-3.42632
-4.24081
-4.40323
-4.61271
-2.27179
-4.20573
-3.9895
-4.92325
-3.20132
-4.78807
-4.52122
-4.57166
-5.06507
-4.43802
-4.64326
-0.358895
-2.64689
-1.41367
-4.42813
-0.742797
-2.00544
-2.55817
-4.85819
-5.35904
-1.76603
-4.66379
-4.53619
-1.19486
-4.77563
-4.30272
-5.22028
-2.57953
-1.1166
-1.78565
-5.5122
-4.60502
-0.417764
-3.98371
-1.43895
-4.55844
-4.57753
-4.11184
-4.88286
-4.7858
-0.226291
-1.17325
-0.778585
-4.44542
-4.52541
-1.60379
-4.24884
-4.79747
-4.85549
-4.42442
-0.772159
-2.03413
-4.13978
-2.61523
-0.765551
-4.31811
-3.92611
-4.80615
-4.4386
-4.24247
-4.66138
-4.54658
-4.34182
-1.72215
-4.67956
-4.33554
-4.57867
-3.63797
-4.13957
-4.49556
-4.82537
-1.39147
-1.77723
-5.02292
-1.92013
-4.15457
-1.28583
-0.8097
-4.56522
-4.46337
-4.31844
-0.504366
-1.27877
-5.04031
-2.19693
-4.03932
-0.444377
-4.28686
-1.37409
-1.39743
-1.24223
-2.73239
-4.7448
-4.27006
-4.91443
-4.38559
-3.76889
-4.95899
-4.20941
-1.74076
-4.40064
-1.05696
-1.12979
-4.36284
-4.28721
-4.41948
-4.76661
-4.28185
-1.26766
-1.1474
-2.06473
-4.27522
-1.34971
-1.22452
-4.27732
-4.22499
-4.5221
-4.31876
-4.21324
-1.64912
-4.54697
-4.53404
-3.10764
-4.90147
-4.93585
-4.54202
-4.82314
-1.75308
-1.93837
-1.44644
-4.37298
-4.21016
-4.4368
-1.63517
-4.47896
-4.47314
-4.53993
-0.645604
-1.96571
-1.61553
-4.33771
-4.25963
-1.94045
-4.50635
-5.06399
-0.161865
-1.35572
-0.603884
-0.898057
-0.424383
-5.62232
-4.79283
-4.52551
-4.37303
-4.51262
-3.99979
-0.536203
-1.89937
-4.41649
-1.72044
-2.06825
-1.95153
-4.0465
-4.77419
-1.44651
-4.66283
-1.15973
-0.343963
-0.246454
-4.49808
-4.38847
-4.91942
-1.56652
-0.454436
-4.31377
-2.00613
-3.19262
-2.10957
-2.95114
-4.95479
-4.76198
-1.15985
-4.28118
-4.42768
-0.448788
-4.31418
-0.716514
-4.1409
-4.68273
-1.32991
-4.20007
-4.71287
-1.9304
-3.91321
-2.04642
-4.77165
-4.37245
-4.19543
-3.21877
-1.73082
-0.345108
-1.16248
-0.998599
-1.15282
-4.42054
-0.591348
-4.54781
-0.767086
-0.546462
-4.23848
-2.21129
-4.44581
-4.57824
-5.50504
-3.30249
-4.24968
-4.80367
-2.57952
-4.34681
-4.5294
-4.26764
-1.28282
-4.45923
-4.23419
-4.46163
-4.81169
-4.29309
-1.74241
-5.11226
-4.52171
-2.49744
-1.01787
-1.97463
-1.27738
-4.76615
-2.01272
-5.05513
-4.49903
-2.2554
-2.50979
-0.68148
-1.73035
-1.71067
-4.32352
-4.31306
-5.08347
-4.30662
-1.32501
-4.29384
-4.6103
-0.600653
-4.30216
-4.08544
-4.53725
-4.37682
-4.48685
-1.54407
-2.49039
-0.491693
-4.3009
-1.39085
-1.87612
-0.61881
-1.9905
-4.27216
-4.83009
-1.2915
-4.40874
-4.50171
-4.31388
-1.99388
-0.534328
-1.21223
-4.54593
-0.881096
-5.96246
-1.39097
-4.03885
-0.489665
-4.23192
-4.77294
-4.64239
-4.70753
-4.3171
-4.68867
-1.51881
-4.87146
-4.80907
-4.01257
-0.799328
-4.32911
-5.68456
-4.53178
-2.61997
-4.61947
-2.552
-4.29299
-4.46318
-4.06266
-4.33748
-0.691909
-1.04714
-5.05978
-4.83633
-1.51486
-0.623292
-4.47862
-4.34406
-1.98618
-4.42296
-4.20973
-4.64384
-2.05774
-4.37846
-4.44543
-4.09275
-1.3442
-4.37306
-3.74748
-2.86803
-4.50575
-2.68057
-4.46418
-4.56804
-4.69845
-4.58236
-5.74023
-4.39717
-1.01709
-4.78743
-4.78823
-4.60977
-1.46997
-4.83392
-4.30578
-4.49137
-4.62515
-4.93685
-4.8275
-4.10189
-0.358386
-4.31361
-1.15573
-2.14186
-3.25432
-1.70331
-0.945654
-4.44868
-4.4687
-0.472013
-3.46396
-4.38428
-1.107
-1.55866
-4.38386
-0.492273
-4.29235
-4.45095
-4.19918
-4.4054
-3.71522
-4.64124
-1.40877
-4.43697
-4.31437
-2.39143
-1.64225
-4.33378
-1.47325
-4.5398
-0.616744
-2.93152
-0.485451
-5.13517
-4.90288
-4.12129
-2.80837
-4.51829
-4.50128
-4.27198
-4.74513
-4.40578
-2.46327
-1.08019
-3.46438
-0.6785
-1.07417
-1.58729
-4.54038
-1.42905
-4.15798
-4.19635
-2.54085
-4.69256
-4.31979
-4.74301
-4.24464
-1.45684
-4.36237
-1.47616
-0.464134
-0.606331
-4.77716
-4.21633
-2.43674
-0.714084
-4.49182
-5.09037
-5.7127
-3.03161
-3.07797
-1.41983
-4.79891
-2.37159
-4.80644
-3.555
-0.69969
-4.57476
-4.60005
-4.77996
-1.64284
-4.51755
-4.65476
-4.62103
-4.40182
-4.4085
-4.27055
-4.65378
-4.27964
-4.50828
-4.07091
-4.47936
-5.06903
-1.65514
-2.15457
-4.24685
-4.0832
-4.30602
-4.61389
-1.10023
-0.749246
-4.79764
-0.782111
-2.29263
-0.940367
-1.38927
-4.41115
-1.9339
-3.46882
-3.65254
-4.37861
-4.36606
-4.78613
-3.91425
-4.64381
-4.8243
-1.25662
-1.54243
-4.54359
-4.29432
-4.22911
-0.660432
-4.098
-4.29876
-1.7931
-4.87496
-4.58011
-2.06485
-4.27768
-1.62806
-1.18188
-4.52841
-4.31015
-5.64775
-1.30853
-4.25723
-4.27067
-0.759252
-1.98944
-3.68514
-4.87727
-4.44284
-4.96935
-2.4021
-4.43831
-4.45401
-4.69109
-4.26163
-1.35732
-0.374316
-4.27037
-4.52005
-4.34741
-2.24247
-0.132362
-4.74523
-0.653909
-4.27747
-0.646215
-4.35352
-1.46765
-1.57643
-0.474232
-4.31052
-4.34515
-4.35352
-4.2807
-4.1667
-0.849994
-4.51101
-3.22261
-4.51279
-4.42624
-1.98843
-4.54042
-0.0778032
-2.06117
-3.73248
-4.18053
-4.81733
-0.894316
-1.47506
-4.92132
-2.30679
-0.618388
-2.3609
-0.748945
-4.55686
-5.33682
-3.95251
-4.17976
-1.85228
-5.92389
-0.659426
-4.59969
-4.43541
-1.42638
-4.13441
-5.2506
-4.68055
-4.35917
-1.81739
-4.85448
-2.45597
-4.20331
-0.364381
-2.89631
-4.55554
-4.56943
-4.40751
-3.78091
-3.66123
-2.20226
-4.62718
-3.07251
-4.44202
-5.00126
-3.926
-4.61725
-5.70036
-1.71981
-4.3031
-4.57034
-1.23498
-4.16774
-4.14727
-4.21697
-4.41719
-4.45756
-4.11349
-1.29794
-1.64171
-4.00393
-4.50241
-0.47765
-0.659684
-5.72035
-3.98438
-1.80304
-0.936137
-4.34762
-2.98347
-1.71144
-4.28762
-4.51944
-4.47848
-4.73316
-4.6805
-4.5362
-1.97178
-4.44306
-4.53303
-4.53917
-4.5182
-1.47979
-2.96518
-3.60745
-4.45622
-4.59838
-0.98718
-4.32495
-2.8533
-4.35641
-4.40856
-3.20175
-4.44817
-2.69363
-1.91435
-0.157506
-4.071
-4.24277
-3.94777
-2.55728
-4.34429
-2.62442
-2.49976
-1.77378
-5.48997
-4.47262
-5.33276
-4.23063
-0.439446
-5.01485
-4.80518
-4.25126
-4.52633
-4.14672
-3.26994
-5.81422
-2.33368
-0.746572
-4.30688
-3.10748
-4.13192
-4.1962
-2.03308
-4.30109
-4.04813
-4.63574
-0.693908
-1.95377
-1.50121
-4.1542
-4.78279
-4.83344
-4.28054
-0.468146
-4.56077
-2.02907
-0.982099
-1.86302
-2.41437
-3.92335
-0.798771
-0.779896
-4.87303
-1.86283
-1.6194
-4.47094
-4.48437
-2.85535
-4.23446
-1.33334
-4.12056
-1.35255
-4.19719
-0.512921
-0.514922
-3.89861
-3.58118
-5.07038
-4.29235
-4.36023
-1.12111
-4.57716
-1.46719
-3.02661
-4.41486
-4.45836
-0.968504
-2.19384
-4.46611
-3.04941
-3.12718
-4.3201
-4.76344
-1.64157
-1.06213
-3.36195
-1.4043
-2.01548
-1.5801
-0.613914
-1.3269
-2.23334
-4.91456
-4.86065
-2.02941
-4.68553
-4.42842
-4.15363
-4.33584
-1.42803
-4.5864
-4.46691
-4.45989
-0.74688
-4.59449
-4.40115
-4.41074
-4.45855
-4.88598
-4.37143
-1.64638
-5.06756
-4.43207
-2.10477
-2.43006
-1.32269
-4.28024
-0.95709
-4.79922
-3.23953
-1.10008
-4.74947
-0.36947
-4.78823
-4.06694
-4.37514
-4.35134
-1.47779
-5.63017
-4.31139
-4.48811
-1.63781
-4.77031
-4.73055
-0.646915
-1.16993
-0.956794
-4.39434
-4.34716
-1.634
-1.93831
-4.59148
-4.49767
-4.27952
-4.82573
-4.92716
-1.38932
-1.9684
-0.820583
-4.56163
-2.3725
-5.58581
-1.04366
-4.89475
-1.65596
-4.52868
-1.32015
-4.65425
-2.9337
-3.916
-2.72578
-4.42324
-4.53619
-4.78515
-4.45154
-1.61991
-1.56636
-4.38378
-3.89667
-4.19351
-4.36943
-1.75868
-1.96389
-0.297415
-3.42847
-1.34239
-3.01534
-1.35592
-4.25532
-1.09532
-1.40245
-4.39691
-4.55013
-2.34958
-4.76261
-4.37388
-4.27795
-4.26328
-0.66351
-3.02212
-4.96441
-4.36721
-4.26917
-4.23439
-4.2472
-0.731682
-1.24052
-0.779169
-1.55564
-4.48372
-4.86173
-4.85975
-4.32797
-4.41383
-4.14123
-3.59451
-2.88157
-0.630225
-4.54301
-3.90478
-4.57789
-1.88634
-4.64324
-4.5026
-4.52257
-1.92018
-4.50483
-1.32494
-4.16331
-4.81381
-4.73198
-1.93176
-3.76024
-4.27279
-2.22769
-4.69786
-0.477071
-1.21033
-0.285484
-4.34817
-4.13961
-1.73339
-0.428531
-4.5025
-3.14612
-1.2906
-1.63989
-1.68672
-1.16822
-4.62437
-1.38543
-4.32336
-4.09791
-2.14397
-4.35242
-4.56301
-4.57264
-4.38858
-4.32133
-0.20504
-4.68795
-3.52527
-4.22972
-2.33471
-3.23816
-4.50951
-2.89532
-4.7407
-4.6582
-4.72935
-3.42832
-2.02934
-1.3822
-4.38981
-4.43193
-4.57089
-1.54875
-4.21723
-4.43578
-4.52032
-0.957215
-1.43188
-4.3298
-4.54609
-0.517332
-4.69565
-3.98434
-1.01811
-4.66423
-3.06246
-4.52709
-1.7653
-4.17454
-2.88064
-4.77074
-2.75002
-1.60476
-2.01175
-0.655495
-4.45745
-3.06208
-1.06408
-4.25035
-4.42937
-1.95023
-0.590848
-4.65549
-1.39235
-4.40439
-4.15332
-1.61413
-4.32266
-0.622068
-4.40139
-4.28622
-1.28128
-1.70552
-3.99894
-4.0973
-4.44303
-4.39007
-4.37996
-0.764544
-3.81011
-1.33145
-4.45635
-4.13976
-4.58605
-3.01004
-4.15855
-4.17835
-1.34626
-3.47089
-4.23334
-4.2917
-4.31239
-4.6077
-4.61234
-4.31964
-3.28709
-2.59461
-1.17228
-4.50531
-4.56962
-4.36475
-4.98626
-4.90861
-0.663696
-4.07737
-2.0243
-2.86315
-4.97432
-4.63889
-0.0860856
-4.27844
-1.99265
-4.58824
-4.69002
-2.90552
-4.25534
-1.3132
-4.45576
-4.05773
-4.72013
-4.41796
-0.439529
-2.58906
-4.34365
-4.28525
-0.7623
-1.81305
-4.90637
-4.33548
-4.19944
-4.19301
-1.96244
-1.35869
-3.05536
-4.90135
-4.81115
-4.26483
-4.53666
-4.31243
-5.81028
-4.04889
-4.58224
-4.44238
-4.52848
-1.74149
-4.33922
-4.02597
-4.45311
-4.39858
-4.53227
-4.1367
-4.26809
-0.827237
-4.45862
-3.39531
-3.16177
-4.38269
-4.30459
-4.25098
-4.70513
-4.23076
-1.8021
-0.79456
-4.56951
-4.81337
-4.71907
-2.75843
-1.19128
-1.46746
-1.50239
-4.47522
-4.38101
-4.60857
-2.92226
-4.80461
-0.0328842
-4.29146
-4.50174
-1.45686
-1.94024
-4.39359
-2.02532
-4.03788
-4.37798
-1.31158
-2.72527
-2.56256
-4.44467
-1.42099
-0.657085
-1.78313
-4.05797
-4.31805
-1.14365
-4.48103
-1.87646
-4.47711
-0.856673
-4.35445
-4.69543
-1.98679
-4.43085
-0.732399
-4.27762
-0.713218
-4.28607
-3.15128
-4.50924
-4.73557
-0.413645
-4.31194
-4.35674
-1.78178
-0.60378
-0.760569
-1.13995
-1.7555
-4.34307
-4.36121
-4.25775
-4.47701
-4.40022
-4.2194
-0.932917
-1.76858
-0.346787
-4.5144
-0.776349
-4.41346
-4.09714
-1.29998
-4.32453
-4.88599
-4.32058
-4.84918
-3.58389
-2.63004
-1.03589
-4.2564
-4.33274
-3.5228
-1.97855
-0.623434
-4.24685
-4.46378
-4.09817
-1.40863
-0.918183
-0.380953
-2.09673
-4.32228
-0.709085
-4.48515
-4.339
-4.44602
-0.877167
-3.92929
-4.51621
-3.92513
-1.97776
-4.41888
-4.59387
-4.74158
-4.38885
-5.00103
-4.46858
-4.55828
-1.08003
-5.28853
-3.22935
-4.3534
-4.34749
-4.23886
-4.36477
-4.71768
-1.42677
-4.45562
-1.06483
-0.739651
-0.796272
-3.15361
-3.20301
-4.70168
-4.16908
-4.2865
-4.38052
-4.36276
-3.04711
-2.07245
-4.53936
-4.87825
-4.97975
-4.68891
-4.39659
-4.2454
-4.50919
-4.45856
-3.40792
-1.98703
-2.64847
-4.15394
-1.33918
-4.54823
-4.73295
-4.49685
-1.41791
-4.87401
-4.23236
-4.22399
-4.25369
-0.529348
-4.58774
-0.832427
-4.11023
-4.73371
-4.65434
-2.03627
-4.54629
-0.479422
-4.59661
-4.4705
-1.13541
-0.482265
-0.946229
-4.20987
-4.365
-5.20556
-0.958545
-4.51206
-4.4573
-3.1038
-3.33925
-4.48109
-4.48775
-0.433324
-4.53064
-4.5441
-4.34767
-4.35423
-3.96457
-4.18009
-0.745974
-4.44827
-4.88066
-3.48902
-5.43149
-0.0449171
-1.14439
-4.37134
-4.46378
-2.01707
-1.14966
-4.73448
-4.17679
-0.785128
-5.54173
-3.1514
-1.4995
-4.24202
-4.39411
-4.34512
-5.05406
-0.568211
-4.47893
-4.35983
-3.16069
-0.435938
-4.6042
-4.70841
-5.15841
-0.430888
-1.06983
-1.50006
-4.72814
-4.24106
-4.24113
-4.26378
-4.61784
-1.79008
-4.55975
-2.06665
-1.55848
-4.03773
-4.26686
-2.25558
-3.1504
-0.940671
-1.7538
-4.39059
-4.2367
-1.97503
-5.51103
-4.62603
-2.96837
-5.32073
-4.27842
-4.43305
-0.90415
-4.51882
-5.07267
-4.18907
-1.64342
-1.31734
-0.789112
-4.42336
-5.05638
-4.57151
-4.54647
-1.70531
-4.44142
-4.28679
-4.12207
-2.61185
-4.55053
-4.19216
-4.35076
-1.0048
-4.42191
-4.53266
-1.57191
-4.14518
-4.53334
-4.30577
-4.72062
-4.93721
-4.52506
-1.77377
-4.05682
-2.23312
-4.1259
-4.59107
-0.406156
-1.17843
-1.92085
-5.00787
-5.86058
-3.05598
-0.90146
-4.55331
-4.12498
-4.51288
-4.11853
-1.46516
-1.36629
-4.32469
-1.82173
-4.22984
-4.73977
-1.46905
-4.6883
-4.24179
-4.45792
-0.671156
-4.32114
-1.14363
-4.80182
-0.601877
-4.43365
-4.461
-4.34509
-4.44943
-4.33751
-1.70593
-0.649073
-4.68484
-4.44666
-2.99252
-6.03899
-4.68911
-4.76327
-4.61582
-4.41254
-4.25839
-4.64796
-4.3448
-0.995755
-1.12756
-1.33689
-4.29424
-4.59354
-4.36133
-4.42341
-0.950691
-4.92467
-1.59189
-4.45425
-4.35305
-0.718294
-4.0365
-0.466226
-4.47608
-3.48784
-1.78666
-5.76515
-3.11031
-1.23261
-3.98209
-4.68503
-4.34463
-4.07756
-0.833053
-4.3345
-4.43224
-4.41627
-4.71313
-0.703385
-4.47865
-4.14651
-4.69764
-3.12345
-4.59705
-4.89114
-4.89512
-0.688019
-1.83795
-0.787958
-4.77639
-3.02825
-4.42686
-4.59072
-4.63527
-4.74599
-2.58017
-0.43931
-4.55019
-0.569391
-3.62997
-2.23787
-4.46442
-1.8703
-4.73263
-4.85158
-4.21724
-4.52893
-4.67148
-3.49035
-4.63238
-4.46249
-2.68261
-4.32277
-4.38059
-0.698671
-4.54442
-4.23317
-4.43284
-2.86296
-1.8592
-4.3334
-3.66748
-3.70637
-4.1997
-1.83759
-2.70878
-3.14181
-4.58572
-4.28522
-4.57229
-3.52076
-4.47898
-0.705465
-0.762903
-4.46313
-4.0741
-1.78278
-1.89905
-4.57425
-4.52602
-4.25897
-4.47557
-4.94172
-4.56023
-4.28743
-4.73807
-4.04297
-4.45255
-4.41949
-4.98159
-4.68016
-1.43059
-1.35389
-4.54098
-0.393167
-1.9245
-4.40342
-4.03757
-4.65192
-4.58291
-4.52851
-4.60553
-0.979191
-4.60743
-0.583718
-4.86794
-0.6607
-0.758417
-4.36698
-4.63067
-1.6952
-3.62966
-1.74836
-4.14711
-4.82909
-0.771353
-1.4737
-1.02315
-1.77466
-3.30384
-5.04266
-4.55027
-1.8742
-5.76616
-1.77887
-4.61903
-4.53846
-4.45061
-1.39119
-1.8279
-1.50006
-6.0078
-4.24097
-4.29926
-4.86688
-4.24699
-3.45269
-1.52258
-2.84527
-1.92736
-4.79662
-4.49464
-2.67485
-4.30544
-3.23784
-0.542151
-4.70319
-3.06566
-4.48214
-0.785705
-4.5365
-1.8266
-4.93089
-4.12697
-2.74532
-4.70813
-1.93276
-4.43373
-4.66316
-4.7652
-5.01373
-3.97194
-2.00166
-1.6117
-3.99494
-4.54149
-4.20431
-1.98183
-3.17118
-2.01834
-4.5657
-1.09378
-4.37361
-4.25364
-4.44644
-4.46483
-5.34738
-0.77504
-3.96859
-4.59284
-4.26292
-4.74092
-1.80379
-1.40036
-4.29632
-3.66382
-0.627904
-4.68079
-0.703764
-4.6821
-4.29939
-4.44519
-0.489487
-4.37772
-3.60074
-4.62586
-0.903783
-4.43486
-4.77278
-4.76353
-4.32893
-4.90655
-1.72435
-4.43683
-4.44392
-1.32268
-4.49125
-4.43383
-1.63051
-4.26949
-4.95826
-4.82111
-1.89881
-5.90644
-4.53987
-0.930892
-0.735769
-4.40397
-4.24895
-2.76814
-4.50542
-4.81759
-4.3589
-3.49946
-4.05869
-2.8609
-3.91489
-4.2664
-4.25897
-1.29672
-0.981281
-1.46259
-2.86919
-3.01977
-4.59988
-4.41406
-1.92173
-5.39171
-4.65411
-4.29362
-3.0913
-4.37573
-4.7037
-4.79898
-3.96419
-4.42186
-4.34059
-1.04207
-4.60352
-4.32305
-2.04809
-4.35982
-4.50313
-2.00644
-4.66602
-0.774157
-4.28676
-4.88609
-4.22701
-1.30942
-4.9551
-1.25212
-4.18033
-5.15367
-4.47616
-1.24243
-4.93247
-4.31297
-2.49088
-4.21883
-0.410428
-4.59027
-4.45744
-4.57406
-4.58486
-5.87528
-1.95855
-4.62561
-1.37234
-4.48438
-4.33988
-4.53412
-4.59399
-4.68633
-4.29121
-4.71839
-3.07437
-4.46089
-4.59205
-0.771538
-4.53302
-4.53698
-4.0896
-3.21351
-5.76067
-5.06292
-1.41296
-1.16146
-4.37706
-0.649832
-3.90168
-1.48211
-1.33494
-4.42793
-4.44312
-4.39418
-4.39198
-2.17781
-3.15329
-1.2687
-1.41535
-0.804451
-5.63967
-5.09261
-4.42582
-4.41373
-0.773714
-0.602475
-3.12949
-4.46385
-3.9448
-4.33646
-4.44931
-5.13895
-4.46606
-1.69796
-0.99522
-4.7994
-4.71823
-4.33425
-4.18481
-4.57848
-4.56791
-1.75879
-3.99166
-0.597763
-4.5026
-3.57627
-4.71427
-4.49486
-4.08631
-0.760171
-4.15985
-5.29242
-4.70135
-5.94877
-4.86221
-3.76566
-2.01014
-4.08247
-4.63831
-0.741371
-3.81105
-4.80906
-4.40326
-3.08389
-1.98234
-1.84839
-3.14526
-4.32876
-4.40721
-4.61559
-2.21655
-4.57757
-4.29832
-4.45861
-3.15436
-4.36814
-3.14911
-0.925249
-4.66763
-4.1784
-4.49161
-1.23897
-4.66391
-4.34597
-0.443816
-4.6193
-4.42714
-4.21898
-4.22904
-0.860817
-1.06513
-2.7307
-4.6188
-4.19205
-4.7262
-1.05867
-4.44082
-1.1929
-0.731287
-0.88447
-4.95867
-0.653344
-3.26579
-2.19066
-4.07096
-5.5504
-4.24737
-4.54315
-4.43907
-4.74548
-4.36221
-3.14786
-4.19067
-5.20557
-4.89388
-2.45921
-4.7219
-4.18807
-4.75546
-4.57756
-4.51152
-4.39298
-4.5466
-4.06116
-4.67565
-4.70026
-4.269
-4.80896
-3.15535
-4.57422
-0.755049
-1.94658
-4.07268
-3.02537
-4.27557
-1.47015
-4.60774
-2.13733
-4.17475
-4.71771
-4.44952
-0.772349
-1.36965
-4.76251
-0.62404
-4.83198
-4.34229
-4.78121
-4.42318
-4.55941
-2.1279
-1.4947
-1.45761
-4.33065
-4.4253
-4.42805
-4.39445
-3.21795
-4.33111
-4.4318
-3.20623
-3.64291
-4.34677
-4.63503
-4.34935
-3.13994
-3.11045
-4.18454
-0.698964
-4.68103
-2.80316
-4.29926
-4.07599
-4.71428
-1.13573
-4.41464
-4.45271
-4.20528
-4.40402
-2.05362
-5.41678
-4.92689
-4.09611
-0.764407
-4.7334
-1.70313
-0.951962
-4.35249
-4.90119
-4.19834
-5.3676
-4.71688
-0.202957
-4.45759
-5.01614
-4.45868
-4.54405
-1.25637
-4.45831
-1.36481
-1.87499
-4.53278
-4.30988
-4.46425
-4.13624
-2.93312
-4.08366
-1.35356
-1.78042
-1.88129
-4.38511
-4.25873
-1.49123
-4.26142
-1.96188
-2.02245
-1.9943
-4.45528
-2.07352
-1.03643
-2.54414
-0.877832
-1.82271
-4.42142
-5.43476
-4.37886
-4.39351
-4.87255
-1.99622
-1.99417
-4.63723
-1.61731
-1.17119
-5.83847
-4.26435
-4.59129
-4.35845
-4.21235
-1.31216
-4.5965
-0.519648
-1.05214
-0.855183
-0.781133
-4.71379
-2.88014
-4.41396
-4.55178
-4.49887
-4.94717
-1.97045
-4.04922
-4.28887
-4.27589
-4.4366
-4.63181
-4.53891
-4.76188
-1.98426
-4.49969
-4.43712
-4.3649
-4.38361
-1.52579
-4.14232
-4.44134
-2.16729
-1.1148
-0.306909
-4.24803
-4.60109
-0.683442
-4.4881
-4.55665
-4.13235
-4.36773
-1.41357
-1.4634
-4.07044
-4.94425
-1.70797
-4.5733
-1.70059
-5.20453
-4.46098
-2.1415
-1.40163
-4.60207
-4.57508
-4.42829
-1.31302
-4.51738
-4.35566
-4.27195
-4.63778
-3.1636
-3.47677
-1.21013
-1.42844
-4.17222
-4.5851
-4.25343
-4.46258
-4.27595
-4.37869
-1.08968
-4.35722
-4.54239
-4.51861
-1.88335
-4.89489
-1.97695
-4.35616
-4.44088
-4.74443
-0.957262
-4.57251
-4.72577
-5.08433
-1.45105
-4.44667
-1.24054
-0.838713
-4.4021
-4.5707
-4.47666
-1.70868
-0.0350815
-1.1683
-4.26848
-4.88684
-4.31361
-4.46897
-4.59183
-4.44133
-0.743998
-4.58787
-4.36951
-3.15512
-1.60826
-4.60511
-4.37281
-4.16699
-4.69034
-4.35518
-0.0395679
-4.38539
-4.59684
-4.53324
-1.24498
-0.753493
-1.06567
-4.62081
-4.40055
-3.7876
-1.71185
-4.06089
-0.723073
-1.4069
-3.27009
-3.65386
-4.81637
-4.4663
-1.54012
-4.0994
-4.06353
-4.38918
-4.60194
-4.35508
-4.48135
-4.35923
-1.586
-4.32661
-4.63584
-4.33377
-3.03678
-4.5186
-4.13908
-4.50211
-1.82039
-0.527537
-4.4106
-1.40678
-4.55658
-4.09149
-4.45403
-0.798952
-3.18796
-4.78818
-4.33167
-4.18218
-4.23956
-1.43002
-4.84217
-4.35702
-5.69535
-4.13632
-4.36027
-0.559713
-1.21062
-0.591718
-4.37658
-4.25025
-4.59908
-4.62491
-4.76246
-4.45903
-4.48368
-4.34201
-4.58634
-0.78052
-4.21396
-2.54939
-4.10116
-4.52699
-0.433699
-4.50902
-4.4736
-4.12427
-1.16525
-2.39398
-1.8943
-0.826702
-4.26355
-4.19197
-2.65421
-2.06091
-2.03797
-0.482087
-5.20816
-1.34321
-1.97743
-4.08379
-5.10809
-4.31037
-1.19465
-1.19995
-1.91306
-4.41192
-4.57796
-4.08998
-4.3612
-4.91564
-4.76734
-0.567445
-4.16788
-4.26097
-5.3577
-4.39894
-2.91027
-1.46376
-4.48581
-4.48164
-4.35182
-4.75311
-4.86994
-4.34399
-2.01863
-1.36501
-4.45798
-4.59567
-4.43455
-0.63321
-1.80683
-4.33663
-4.27444
-4.30735
-2.88762
-1.95146
-3.43775
-4.58091
-0.989506
-4.54059
-2.79147
-4.24785
-4.18717
-1.39507
-3.73291
-4.32285
-3.01961
-4.7333
-3.89471
-4.45091
-4.60795
-4.36725
-4.26393
-4.68125
-4.70997
-1.72607
-4.2405
-3.26611
-4.48112
-4.34976
-4.50933
-4.46092
-1.31709
-5.05999
-4.78759
-5.72906
-1.75106
-4.82269
-4.4079
-1.27051
-4.35764
-1.99798
-3.10451
-4.55726
-1.02498
-4.98595
-5.01145
-4.36183
-1.65688
-1.26296
-4.51347
-4.1648
-0.782121
-1.0504
-5.63387
-4.40594
-1.10927
-4.31495
-0.884001
-4.64791
-4.12663
-4.94843
-1.70389
-4.46346
-1.86533
-5.04719
-4.087
-0.776353
-0.661892
-0.462345
-3.91417
-4.5548
-4.33398
-4.61763
-4.36074
-0.743948
-4.15237
-1.38689
-4.56467
-4.47528
-4.39542
-2.86697
-6.0069
-4.63953
-4.14973
-4.34905
-3.70398
-4.34174
-4.33282
-2.03451
-1.30217
-4.13971
-3.66124
-0.821465
-4.31625
-4.3094
-4.1736
-4.40881
-4.36111
-0.912535
-4.43507
-4.40941
-1.66728
-4.21
-4.70127
-5.03179
-4.82142
-1.1189
-4.4108
-3.13596
-4.47684
-4.55983
-1.61592
-4.55419
-0.708671
-4.957
-4.2793
-2.00978
-4.30987
-4.26154
-4.42634
-4.90464
-4.49331
-4.38523
-4.37295
-4.54776
-4.56114
-4.13041
-4.4982
-4.41573
-0.787103
-4.27232
-1.74914
-1.45868
-0.645074
-4.26772
-4.83284
-4.10861
-1.5704
-4.51962
-4.70245
-4.44945
-4.68601
-0.630509
-4.75208
-4.29266
-3.13416
-4.30136
-0.744236
-4.50724
-3.06105
-1.43283
-4.47809
-4.43761
-4.65117
-4.2363
-5.20187
-2.95732
-1.12451
-0.594921
-4.24838
-0.770866
-4.22292
-1.97863
-0.918251
-4.01769
-4.27871
-4.50502
-4.52708
-4.70864
-4.95984
-0.987533
-1.09983
-0.659768
-0.270397
-3.21832
-4.75947
-4.01824
-2.04622
-4.28795
-2.01945
-4.30195
-1.16036
-4.17181
-1.46371
-0.786746
-4.53963
-4.54975
-4.37611
-3.13553
-1.11031
-4.32068
-4.43463
-4.508
-4.36989
-4.92842
-4.4615
-1.77942
-4.41216
-4.88175
-4.77318
-4.63838
-2.02232
-4.50582
-4.31255
-4.40702
-2.89361
-1.27598
-4.12306
-4.2939
-1.12057
-4.78947
-1.72104
-4.84527
-0.535791
-4.57932
-3.49371
-1.09999
-4.56358
-1.12037
-3.60995
-1.32504
-4.33975
-4.58747
-3.2089
-1.30084
-4.39372
-5.79485
-4.24196
-4.3039
-4.51915
-1.25967
-0.459877
-4.92489
-0.675032
-3.95708
-1.33576
-0.0451021
-4.73204
-4.90436
-4.37963
-1.7141
-4.18945
-0.751394
-4.17988
-4.44238
-4.39804
-0.502483
-4.37475
-1.61227
-1.18517
-0.712631
-1.82718
-2.42694
-0.394697
-0.398788
-1.71206
-4.63704
-0.790715
-4.88334
-1.70861
-4.10262
-4.56236
-4.52425
-2.90507
-1.08776
-4.46719
-4.54487
-4.2439
-4.08284
-4.8666
-4.51627
-4.2544
-4.44166
-4.2337
-4.34655
-4.69862
-4.64116
-5.18256
-1.98473
-4.25554
-4.08133
-4.56913
-4.31864
-4.51812
-4.41388
-4.32565
-2.03253
-4.53551
-4.1042
-0.892731
-5.89624
-4.64953
-4.30502
-3.08184
-4.37039
-5.47481
-0.900893
-4.63489
-4.16993
-1.42809
-4.42374
-0.75307
-3.60303
-1.36167
-1.22859
-4.42741
-4.36976
-4.22984
-1.28419
-4.41567
-2.02556
-4.65023
-0.682345
-4.53048
-3.34224
-0.0873973
-0.323688
-4.55831
-4.53027
-4.78149
-4.53527
-4.58095
-4.98747
-4.55703
-4.64727
-4.66482
-2.17183
-4.23109
-5.00747
-4.39341
-4.53285
-4.58916
-4.39812
-4.42632
-5.02587
-4.36408
-1.30836
-4.93402
-4.30842
-4.35438
-1.8339
-4.39082
-4.39531
-1.7877
-4.41238
-4.85806
-4.41737
-4.68066
-3.39088
-3.24906
-0.982495
-4.30947
-3.05766
-4.95273
-4.43745
-3.23343
-0.561547
-1.61348
-4.3193
-3.65458
-0.902774
-4.31739
-4.10011
-4.62056
-4.3706
-4.59645
-4.56293
-4.51169
-4.44788
-4.36931
-4.79155
-3.25272
-1.73079
-4.45161
-4.3001
-2.04961
-4.70373
-3.05534
-4.27918
-3.13407
-4.35196
-4.40525
-4.43403
-4.51247
-2.46577
-1.76386
-3.70811
-1.50967
-4.53254
-1.20222
-4.72668
-1.46919
-0.736631
-0.757968
-4.47615
-4.69978
-1.3535
-0.88311
-4.24899
-4.49773
-1.31906
-4.2544
-4.26922
-4.35826
-4.50664
-4.99778
-4.65912
-4.94375
-4.56418
-4.15304
-4.64296
-4.63973
-4.45202
-4.54644
-4.71832
-4.35299
-1.28626
-4.65682
-4.78998
-0.718468
-4.48697
-4.4111
-4.25886
-5.26706
-4.35075
-4.39696
-4.63563
-3.75105
-4.28024
-1.99538
-4.4976
-4.70719
-1.79846
-4.48641
-1.45766
-3.06604
-1.36351
-3.11408
-4.29464
-3.82943
-1.20037
-3.04963
-3.37059
-1.04478
-4.9054
-4.38167
-4.37594
-4.3897
-4.18214
-4.65234
-1.31172
-0.598582
-4.30606
-4.24815
-2.19617
-1.28602
-3.53555
-4.30686
-1.34923
-4.27724
-4.22426
-5.1886
-4.645
-1.39575
-4.52217
-0.595583
-1.04095
-5.42055
-4.69021
-4.41372
-4.13846
-3.05009
-4.61972
-2.74892
-4.59873
-0.86153
-4.68873
-3.05641
-4.40357
-4.23814
-4.2382
-4.18025
-4.17707
-4.54276
-1.81273
-4.21965
-4.60068
-2.01692
-4.32641
-4.90296
-4.43683
-5.4311
-4.37185
-4.22564
-4.01459
-0.114666
-0.894485
-4.20652
-4.44821
-4.5166
-4.42568
-4.56715
-1.4845
-4.49829
-1.68389
-3.93804
-4.27758
-4.83332
-4.45533
-2.62867
-4.29306
-4.30282
-1.96138
-4.03989
-4.27093
-4.5901
-0.991165
-4.77079
-1.58774
-0.724406
-0.894288
-1.68692
-1.69022
-4.42741
-1.5012
-4.79854
-4.41317
-4.5993
-0.902801
-4.10618
-4.28451
-4.35678
-0.29686
-4.34509
-2.27526
-4.26947
-4.4396
-0.89472
-4.736
-4.30743
-0.7974
-4.27544
-4.69434
-3.29598
-4.49118
-1.5438
-4.71594
-4.00961
-1.24214
-4.37473
-1.12941
-4.04272
-1.8329
-0.948772
-4.53464
-4.45174
-4.55901
-4.44185
-1.49099
-4.46222
-4.43262
-3.58182
-4.27104
-4.92276
-4.46326
-3.34684
-0.65442
-4.4164
-4.37077
-4.30205
-2.06178
-4.13601
-0.830858
-4.34409
-0.73256
-0.996055
-1.48607
-4.35369
-4.74104
-1.60358
-1.36501
-4.68322
-1.61029
-4.815
-4.80664
-5.01416
-4.26107
-4.87681
-1.64281
-4.41079
-2.03389
-3.15653
-4.60162
-4.2475
-4.55266
-4.8853
-4.18851
-4.4129
-4.72876
-3.31299
-4.6689
-4.56138
-4.89357
-4.80283
-4.37192
-4.54584
-3.68468
-4.1016
-2.95764
-0.859981
-4.11446
-1.43718
-4.00517
-4.37534
-4.73521
-1.27298
-1.23322
-4.46709
-4.8914
-4.18703
-3.95891
-4.56653
-4.87889
-4.44944
-1.65038
-1.2127
-4.28635
-0.884917
-4.36915
-4.82968
-1.75171
-0.800039
-1.608
-4.5578
-1.402
-4.75727
-4.19821
-3.84295
-3.91886
-1.06621
-4.53201
-4.2441
-3.9775
-1.55725
-4.57147
-0.59004
-1.63344
-1.68196
-1.60647
-4.37802
-4.2095
-4.57853
-0.88514
-4.25866
-4.6025
-4.36733
-4.85117
-4.23411
-4.39782
-0.632808
-0.809967
-4.43028
-4.25447
-0.754971
-0.856578
-4.58804
-4.1828
-2.90078
-4.15136
-4.49372
-1.79373
-4.75822
-1.51505
-4.18021
-1.23416
-4.37429
-0.923604
-4.1362
-4.52813
-4.44189
-4.4219
-4.36668
-1.11478
-1.53893
-4.47012
-1.76625
-4.52722
-4.31867
-0.533062
-0.924992
-5.35677
-0.698798
-4.97894
-4.45056
-0.597229
-4.39526
-4.03148
-4.31065
-4.6
-4.34685
-3.21801
-4.43687
-3.13022
-4.2693
-1.25408
-4.63926
-4.48776
-4.37167
-4.42575
-4.40365
-3.26894
-4.38985
-4.71461
-4.37222
-4.63274
-4.79112
-3.29079
-0.742812
-4.71224
-2.8706
-4.34357
-4.49827
-1.01838
-1.48681
-4.16731
-4.48369
-0.936212
-0.607983
-3.42125
-4.74732
-4.81671
-4.62891
-4.74686
-4.10582
-4.60089
-4.8702
-1.68034
-4.13488
-4.82517
-4.77432
-5.64151
-4.3682
-2.08898
-1.70717
-1.58816
-1.50278
-4.82261
-4.02462
-0.552581
-4.799
-1.03461
-4.37722
-4.52487
-4.47843
-0.565274
-0.620643
-0.908572
-1.88647
-1.42746
-4.72894
-4.41783
-4.19491
-1.77651
-1.5309
-1.78789
-4.42103
-4.17943
-0.784173
-4.35555
-2.29092
-4.62586
-4.90951
-4.48644
-4.36411
-4.42394
-3.05421
-3.48783
-4.6123
-4.72995
-2.90543
-1.58386
-1.20896
-0.85735
-4.15934
-4.47166
-4.24375
-4.35188
-1.51733
-0.869282
-0.562557
-4.52036
-4.37712
-0.508809
-4.16178
-1.77811
-4.38476
-1.31817
-3.94513
-4.14136
-4.78506
-4.25652
-4.58196
-4.49373
-4.36075
-1.60044
-0.396435
-4.2965
-4.44086
-3.73193
-4.31133
-4.60664
-4.41956
-4.52715
-1.63886
-2.86631
-4.77578
-4.42996
-1.16342
-4.34975
-2.80313
-4.31635
-4.35022
-1.25102
-4.80418
-4.35054
-1.81928
-1.80951
-4.09866
-4.64799
-4.44448
-3.06352
-4.5666
-5.03711
-4.29835
-5.29513
-0.421477
-2.48296
-4.57542
-4.34643
-4.66863
-1.84579
-4.42006
-1.38035
-1.35275
-3.36875
-0.84493
-4.2403
-4.52898
-4.35115
-5.04851
-0.442968
-2.91191
-4.43166
-6.03494
-4.45473
-4.43356
-4.25944
-4.68138
-1.81821
-4.31611
-1.52997
-4.2242
-3.18771
-1.31635
-4.75261
-4.28
-4.7036
-0.479805
-4.31373
-4.67638
-4.65144
-1.65927
-4.87447
-3.23079
-0.78662
-4.31013
-4.34768
-0.975136
-3.8707
-4.57792
-0.769966
-4.62707
-1.64904
-4.63127
-4.34055
-4.20484
-1.96774
-0.798552
-3.03563
-2.43631
-4.46763
-1.32823
-4.28703
-0.705053
-0.841545
-4.80807
-0.657494
-4.82879
-4.50464
-2.83428
-4.48458
-2.81927
-4.19429
-4.35139
-1.96516
-3.20362
-2.90383
-4.34747
-4.65035
-4.64521
-1.27448
-3.56786
-4.37008
-1.192
-1.56536
-4.87248
-4.35725
-5.63409
-0.894002
-4.3407
-3.91327
-2.45297
-2.01162
-4.11719
-2.623
-1.80798
-4.30761
-4.27846
-4.57174
-1.0887
-3.01584
-0.827864
-5.60952
-4.30172
-1.05827
-4.4229
-0.601128
-4.77743
-4.00196
-3.45067
-4.36108
-2.10142
-4.37978
-4.88682
-1.33826
-1.23885
-3.32302
-0.810728
-0.0963899
-0.829183
-4.44415
-5.51399
-2.9299
-0.658635
-1.8655
-4.47845
-4.5558
-5.57783
-4.49428
-5.77479
-4.43542
-4.29286
-4.6715
-1.51005
-3.92899
-4.98737
-1.95206
-3.18497
-4.38749
-4.29223
-4.58667
-3.03454
-4.62156
-5.9014
-4.44476
-5.47477
-3.18486
-4.61546
-4.71143
-5.50086
-4.25852
-4.19767
-0.399106
-5.74046
-4.88685
-4.24438
-4.81855
-4.74282
-1.29213
-0.812865
-4.41971
-4.5344
-2.02512
-5.46767
-4.44157
-2.71033
-4.53004
-1.66167
-1.53285
-1.86988
-4.24876
-4.46128
-3.06337
-4.35304
-1.26185
-5.04955
-0.997156
-3.59515
-4.6468
-4.01551
-2.18838
-2.49819
-4.31021
-4.75156
-1.4363
-1.49348
-1.48529
-4.37497
-4.8002
-1.61448
-4.70776
-0.701267
-4.41086
-3.04166
-0.936301
-0.71889
-4.30096
-1.64796
-1.87905
-2.81429
-4.37082
-3.04536
-1.349
-2.4351
-4.35886
-4.43881
-0.966662
-3.27671
-4.34677
-4.27138
-4.14123
-4.88733
-4.54966
-3.70146
-4.45661
-2.42228
-4.44212
-4.12967
-2.43772
-1.18639
-1.33194
-3.28698
-4.71685
-1.94114
-4.40647
-4.2281
-4.25203
-4.05764
-4.55586
-4.39728
-1.33441
-2.39257
-0.130485
-4.36704
-4.4712
-0.840641
-1.83369
-4.3202
-4.67664
-2.5617
-4.52706
-1.98354
-0.712605
-1.08437
-4.75406
-4.53994
-2.01802
-2.4045
-4.31609
-4.22181
-5.6651
-4.52046
-1.65005
-4.90342
-4.2758
-4.40505
-4.63166
-4.70902
-4.25848
-4.37852
-0.928107
-0.614969
-4.91322
-4.51066
-4.44397
-4.67605
-4.36386
-4.31412
-3.63288
-1.10701
-4.72074
-4.11325
-4.30938
-4.60639
-0.716373
-4.76082
-2.23302
-4.10127
-0.910603
-4.36671
-0.632603
-4.46466
-4.76669
-4.54452
-0.911159
-4.35251
-4.73361
-4.30634
-0.491316
-3.14666
-4.92847
-4.41263
-4.77893
-0.913132
-1.24624
-3.36345
-4.08045
-4.70081
-4.6869
-4.55264
-5.15558
-5.78626
-4.38754
-4.34619
-4.43111
-0.768921
-1.2086
-4.2831
-4.39912
-4.92415
-4.39108
-4.67766
-3.93899
-4.20547
-0.924268
-3.08673
-1.46674
-2.41463
-1.57411
-0.64471
-4.67825
-4.76456
-5.73427
-5.04486
-4.45302
-4.27917
-3.78478
-1.87037
-1.43223
-1.99782
-0.676112
-4.57225
-4.79691
-1.85219
-1.82869
-4.82441
-4.57502
-4.04021
-4.30875
-4.82979
-4.71154
-4.0605
-2.71396
-3.17215
-1.83314
-4.12873
-1.7072
-4.96226
-4.69316
-4.30004
-0.717584
-4.61841
-0.772185
-5.69184
-4.68857
-1.32133
-1.33199
-4.53272
-1.01726
-4.32244
-4.10481
-4.62832
-3.06945
-4.59628
-4.28508
-0.523562
-4.20734
-4.89285
-2.37182
-2.22555
-4.52947
-4.45282
-4.29142
-4.43242
-4.26551
-4.36487
-4.25227
-4.42933
-2.21568
-4.32758
-0.635619
-5.50528
-4.29338
-6.04091
-4.43472
-0.844213
-4.6649
-1.10444
-1.94986
-1.86826
-3.16748
-4.68028
-3.97774
-4.96762
-4.72021
-1.55768
-4.59672
-1.11012
-4.31915
-4.76899
-2.89858
-1.14921
-4.36194
-0.0582268
-1.24874
-4.31863
-4.5068
-4.24321
-5.61252
-4.56781
-0.796533
-4.43409
-4.3582
-0.563588
-4.42912
-1.77875
-4.02285
-1.75016
-5.23016
-4.27671
-1.53348
-4.57116
-4.55312
-4.48433
-4.7984
-4.99556
-4.29762
-4.2233
-4.53514
-0.594133
-1.40713
-4.73479
-4.48237
-1.4924
-0.811299
-5.83532
-1.68021
-1.85642
-1.55492
-4.70045
-0.513488
-1.91979
-4.46964
-4.79894
-0.862532
-4.41492
-4.87718
-4.64496
-2.9835
-1.97041
-0.889716
-4.34031
-0.588687
-4.32215
-4.5883
-0.48265
-4.3241
-4.53547
-4.37165
-4.33049
-4.55572
-4.25105
-4.07682
-0.777731
-4.64777
-4.40671
-4.95908
-2.02121
-4.23792
-1.32844
-4.44072
-3.28531
-4.30618
-3.93222
-4.12838
-4.52511
-4.79885
-4.22059
-4.86106
-1.32023
-0.993529
-4.35179
-4.80379
-4.19491
-4.14528
-4.57894
-4.65132
-4.42074
-2.36874
-4.29484
-4.36545
-0.452332
-0.982389
-4.32206
-2.36167
-1.66046
-0.736744
-3.09073
-4.81743
-4.55113
-4.27588
-4.25033
-2.03285
-4.34291
-4.74593
-4.30822
-4.50783
-4.5899
-4.37195
-4.43499
-4.91176
-5.567
-4.54181
-2.40412
-4.82373
-4.4627
-4.67485
-3.40991
-0.945406
-0.654335
-1.73027
-4.31987
-4.65436
-1.05575
-4.82337
-4.04947
-1.65874
-0.539144
-4.64149
-4.59624
-4.36958
-4.51325
-3.17305
-3.24922
-4.36506
-4.45613
-4.52257
-4.15757
-4.46193
-3.53204
-4.51602
-4.52427
-4.06405
-4.91586
-1.48436
-4.31574
-2.98369
-4.50622
-4.55307
-4.23992
-1.49448
-4.40354
-4.47476
-0.615584
-3.09224
-4.29827
-1.54726
-1.28542
-0.713772
-5.85221
-4.54537
-4.61931
-1.60001
-4.33124
-1.35523
-1.85832
-4.30356
-4.29196
-1.22533
-0.98845
-2.36331
-1.75268
-3.63486
-4.32033
-4.47524
-4.39294
-4.7541
-0.830737
-2.91182
-0.863709
-3.06501
-4.60061
-4.32824
-2.40538
-1.95984
-4.51512
-0.73921
-3.88635
-4.64246
-1.71447
-4.62334
-4.80517
-4.4389
-1.51425
-4.69815
-1.00964
-3.68612
-3.66151
-4.93222
-1.24056
-1.88002
-4.16067
-1.57197
-4.31107
-1.09275
-4.67851
-4.19437
-4.43188
-1.18786
-4.79629
-4.47414
-4.44193
-4.08977
-4.80764
-4.342
-3.95153
-1.25699
-4.50604
-1.93683
-3.08348
-5.48121
-5.05844
-1.46878
-1.25821
-1.9401
-4.39764
-4.22874
-4.52019
-4.37316
-4.46574
-1.72666
-4.29658
-1.56283
-4.37964
-4.04354
-4.93173
-4.20702
-4.36921
-1.49662
-5.86979
-4.49455
-4.66862
-4.41827
-0.161655
-4.32281
-4.4063
-4.75682
-4.68014
-4.51527
-0.913403
-1.63554
-1.12464
-3.33738
-4.51451
-4.55711
-2.13309
-4.43999
-3.32354
-4.5175
-4.46873
-0.120231
-0.939034
-4.57251
-4.50635
-4.59685
-1.27148
-4.38013
-3.7586
-4.58748
-4.46791
-4.21218
-4.78369
-1.00507
-4.27093
-4.52562
-4.49863
-0.739127
-1.32483
-4.49873
-3.77727
-4.38497
-4.96962
-1.82198
-4.28097
-4.31873
-4.88069
-1.4965
-4.12588
-4.25134
-4.42269
-4.81804
-4.31643
-4.09122
-4.30606
-2.87282
-2.47891
-4.458
-2.86061
-4.53313
-4.77435
-4.53377
-3.99233
-4.41032
-4.33604
-0.574461
-4.58328
-0.553963
-3.13538
-5.56799
-1.14714
-4.67802
-3.53548
-1.80291
-1.63229
-4.36413
-4.67845
-4.52927
-0.847732
-1.3614
-0.61981
-3.89268
-4.6962
-1.30323
-5.7379
-4.44162
-0.466895
-3.64517
-4.84648
-2.05483
-4.24676
-4.60884
-2.66905
-1.73879
-4.59401
-4.80182
-2.09033
-0.606453
-5.25994
-4.07861
-4.06819
-4.63986
-4.28037
-1.40048
-1.04342
-4.35312
-0.864999
-3.59863
-4.30607
-4.58896
-4.5935
-3.17596
-4.37153
-4.58553
-4.68775
-4.56186
-5.68433
-2.8048
-4.80643
-4.37235
-4.20859
-1.99026
-1.32025
-3.64899
-5.77087
-3.59941
-4.57074
-4.58155
-3.88472
-4.32312
-3.13903
-4.25002
-2.047
-3.97315
-4.58843
-4.29424
-3.16573
-4.18674
-4.47902
-4.12917
-4.53208
-1.37703
-4.5851
-1.01562
-0.560074
-4.77245
-4.54165
-1.82082
-2.38043
-4.25427
-1.86141
-0.812296
-4.32435
-1.59398
-1.90386
-4.20688
-1.60769
-2.24823
-4.69465
-1.74615
-1.37265
-4.64342
-4.79904
-4.67308
-4.31568
-0.811861
-1.67937
-0.770337
-4.42915
-4.29248
-1.49176
-4.29692
-4.10818
-4.39343
-4.36637
-4.93155
-0.651088
-1.93923
-4.32271
-1.0281
-2.23241
-4.23464
-4.70093
-4.63271
-4.15067
-1.18027
-4.31999
-0.848533
-3.62526
-1.48698
-3.7795
-4.538
-4.44414
-1.1619
-4.63605
-4.52442
-4.64808
-4.45722
-4.3187
-1.9568
-1.26228
-4.42675
-4.40318
-4.60922
-1.61359
-4.26411
-4.60736
-4.01718
-4.01791
-4.48501
-1.78205
-4.56914
-1.32974
-4.28155
-3.42604
-2.0729
-5.51901
-4.71293
-1.78085
-1.77694
-5.98208
-1.0596
-4.83155
-4.32956
-4.53696
-1.82982
-4.33224
-4.17214
-1.61294
-4.5444
-4.70953
-3.28298
-4.38305
-4.90056
-4.17004
-1.28493
-0.764482
-4.83033
-4.61144
-2.15059
-4.32754
-4.30664
-5.78633
-4.64307
-4.61803
-4.41223
-4.6821
-2.14474
-4.33076
-4.74141
-4.50652
-4.35696
-4.51035
-3.91849
-5.44006
-4.55697
-4.36812
-2.95958
-4.26262
-4.86812
-1.70744
-5.02528
-5.81937
-4.35632
-4.50344
-4.35238
-4.29252
-4.4421
-1.58633
-3.17111
-4.49846
-0.888892
-4.4124
-3.28857
-2.92674
-1.98792
-0.614759
-5.72725
-4.0449
-1.60583
-4.54683
-5.62084
-1.88919
-4.51
-4.45832
-5.00161
-4.36468
-4.26937
-4.27852
-3.81604
-4.98139
-4.543
-4.12831
-4.31767
-4.26287
-4.51965
-4.46119
-4.14628
-4.8979
-3.50707
-5.07586
-4.28312
-1.70073
-4.45001
-4.34702
-1.86125
-4.89309
-4.36826
-4.29171
-4.53894
-4.49769
-1.35716
-3.08812
-4.51778
-0.70493
-4.35429
-1.95802
-4.34112
-0.823025
-4.29485
-4.47128
-1.90932
-4.59033
-4.46508
-4.79819
-0.571917
-4.57491
-1.60173
-4.34484
-4.15465
-0.555875
-4.49869
-1.61222
-4.81154
-4.45633
-2.73633
-4.22836
-4.39018
-1.6367
-4.76953
-4.692
-4.55505
-4.6816
-4.52828
-3.20547
-2.14996
-1.33028
-4.4718
-1.39176
-4.75042
-0.598672
-4.21424
-1.6971
-4.35662
-0.922782
-1.92858
-4.23847
-4.58925
-4.36218
-0.895034
-4.03456
-0.823692
-5.73867
-1.21193
-2.90293
-0.637883
-3.11377
-1.94891
-4.27485
-4.73635
-1.0525
-4.45189
-4.1295
-1.34773
-4.05386
-1.18238
-4.14726
-1.41508
-3.97842
-4.85253
-4.16779
-4.44753
-4.42365
-4.22896
-4.33948
-4.25575
-1.94382
-4.48973
-4.34686
-1.95572
-1.53304
-4.39527
-4.26392
-4.18517
-4.66863
-0.822635
-4.16457
-4.52287
-4.29919
-0.758554
-4.37718
-2.9207
-4.43316
-4.51871
-4.58374
-4.45904
-1.59865
-4.54396
-5.68764
-4.38021
-4.29707
-4.29553
-4.21214
-0.201372
-3.46248
-4.65006
-4.37885
-4.46415
-4.33937
-4.78898
-4.20335
-0.998047
-4.26468
-1.56632
-1.36908
-4.41011
-1.90473
-5.02282
-4.34686
-2.89819
-4.54469
-0.759123
-3.10298
-5.5684
-4.44529
-0.86012
-4.52361
-5.35462
-4.4574
-1.77532
-4.39521
-4.29646
-2.01451
-4.1035
-4.31569
-0.982946
-4.45559
-1.74134
-5.73173
-1.0097
-4.29944
-3.93545
-4.25523
-4.74835
-4.5485
-4.8677
-4.69141
-4.46769
-4.37464
-3.20542
-2.93302
-4.544
-1.44077
-4.59074
-5.13512
-4.77785
-4.5742
-4.62916
-4.27202
-1.66979
-1.74411
-0.988224
-3.22228
-4.4675
-4.53299
-4.66738
-0.94373
-4.54001
-4.6161
-1.03609
-4.43376
-5.57894
-0.420578
-3.99263
-4.39265
-4.35301
-4.63813
-4.4691
-3.91038
-3.95244
-4.44551
-4.05928
-4.61557
-4.45331
-0.870887
-5.6649
-1.55704
-1.08126
-4.40058
-4.86022
-1.39438
-4.44751
-4.78963
-3.90237
-0.523633
-4.57008
-3.23352
-5.7964
-0.935771
-4.44075
-5.07024
-1.47449
-2.2402
-1.0237
-4.58153
-4.78658
-4.77315
-4.33584
-4.44092
-2.92736
-4.55232
-4.30906
-4.21126
-0.573607
-4.40733
-1.344
-0.812624
-1.37413
-0.658694
-4.43319
-0.811354
-4.87298
-4.35779
-4.19971
-4.58417
-2.86594
-2.82371
-2.17048
-4.31531
-3.97332
-4.3993
-4.29897
-4.56452
-1.62051
-4.2544
-4.47064
-4.50179
-5.66125
-4.66405
-3.15621
-4.83892
-4.43652
-4.90072
-3.02011
-1.20678
-3.02075
-1.19827
-4.30461
-4.30133
-1.38513
-2.05005
-4.10402
-1.01812
-1.03388
-4.10302
-4.50451
-3.56183
-1.35544
-4.43142
-4.28252
-5.57983
-4.51282
-3.81112
-2.31527
-3.09241
-4.45022
-4.78707
-4.11584
-3.52345
-4.20601
-4.51906
-4.58003
-4.5302
-4.46695
-2.25121
-2.83797
-1.96838
-3.02568
-4.5838
-0.93808
-4.49596
-1.94568
-4.28698
-3.7598
-4.50255
-4.22144
-3.16146
-4.26569
-3.84322
-1.00388
-4.34216
-4.69778
-4.03603
-4.4582
-1.1648
-4.43665
-0.702977
-1.37512
-1.89031
-1.92128
-4.65998
-3.82223
-4.46467
-4.26339
-3.01537
-2.48578
-1.03609
-4.25613
-2.15964
-4.5761
-2.91889
-3.09714
-0.747777
-4.10224
-1.57708
-4.30508
-0.393067
-4.56418
-4.43455
-0.795461
-4.36406
-4.39015
-2.88923
-4.47811
-4.27272
-1.83112
-4.34239
-5.05668
-4.36882
-4.3732
-4.58692
-4.52475
-4.34666
-4.45942
-5.03641
-4.24476
-4.28288
-4.39065
-3.70224
-1.57125
-3.51631
-4.31088
-4.84093
-4.58265
-4.57456
-0.666847
-4.45696
-2.48355
-1.64174
-0.606896
-4.51208
-4.55015
-1.38067
-2.05311
-4.31333
-4.45414
-1.03834
-4.61723
-4.25007
-5.21928
-4.41417
-3.17552
-1.32696
-4.2717
-0.720922
-4.58127
-0.565123
-5.53524
-4.41668
-4.37478
-0.864642
-4.41063
-0.703582
-4.29992
-4.08398
-4.27145
-4.34051
-0.594122
-4.65398
-1.99573
-4.32425
-3.56639
-4.68446
-4.27354
-4.84062
-4.33215
-2.24475
-4.52839
-4.78079
-4.27768
-2.18624
-4.43821
-4.54903
-4.27686
-4.31944
-4.7869
-4.60558
-2.02086
-4.68625
-4.57648
-4.09847
-4.21343
-4.49475
-4.55787
-3.4052
-4.46191
-4.48391
-4.51307
-4.56102
-4.3899
-5.14115
-4.6749
-3.0461
-2.1024
-1.5348
-4.08841
-4.46367
-4.51288
-4.52618
-4.43827
-4.3795
-4.57796
-4.03695
-1.59368
-4.4483
-4.3566
-4.39375
-4.60776
-4.58075
-3.17685
-4.63888
-1.18551
-4.86513
-0.600385
-4.32249
-3.16765
-4.63596
-2.21051
-4.19171
-2.37038
-4.47658
-1.22239
-4.35158
-4.30008
-4.4111
-4.88526
-4.44067
-3.49682
-1.00168
-4.28076
-4.32436
-4.71699
-4.44677
-1.72482
-3.72348
-3.00963
-4.52825
-4.53049
-0.675309
-4.58025
-4.67278
-4.6001
-4.47899
-1.38594
-4.42403
-0.831927
-1.34197
-0.736671
-4.48334
-4.53486
-3.08149
-1.30044
-4.40444
-4.15342
-4.23933
-4.34152
-0.929614
-4.61126
-4.64451
-0.959494
-4.12823
-0.838714
-4.597
-1.04936
-0.800855
-4.69411
-5.60787
-1.60228
-3.61622
-3.19884
-0.645702
-4.80696
-2.91266
-1.48795
-3.08381
-4.398
-4.54607
-4.32587
-4.55756
-4.52969
-0.768138
-4.57868
-4.32396
-3.33219
-5.49592
-4.38332
-4.59089
-4.29352
-3.63582
-1.50663
-3.67732
-4.3584
-4.61434
-4.55218
-4.46284
-4.91167
-4.58194
-4.55017
-4.3696
-4.22202
-4.43151
-4.72349
-4.22662
-4.30511
-4.37975
-4.3699
-0.709989
-4.32741
-4.46142
-2.45497
-1.58766
-1.64834
-4.50282
-4.32344
-1.17714
-2.02596
-1.98696
-4.65539
-4.68473
-4.45008
-4.36145
-4.81613
-1.91994
-4.7967
-4.31953
-4.49709
-4.58086
-2.2083
-1.01406
-1.4409
-4.39649
-5.11459
-4.45797
-4.31383
-4.46314
-5.20855
-1.83867
-1.78974
-1.66527
-4.35914
-1.44068
-4.52575
-4.51339
-1.39056
-4.8928
-4.63442
-1.01846
-4.55373
-2.06152
-1.90334
-4.5275
-0.976921
-5.52772
-4.01326
-3.1713
-4.56787
-1.02023
-3.7236
-4.33211
-0.748353
-1.5878
-1.89632
-4.09541
-4.49437
-2.14075
-4.74338
-4.42365
-4.38428
-4.45534
-3.98439
-2.88972
-4.56186
-4.43822
-4.06427
-4.42916
-4.4337
-4.39461
-4.29016
-4.67582
-0.890186
-3.02621
-3.49339
-3.0423
-0.741199
-5.03971
-0.814508
-4.38412
-4.5657
-5.07503
-4.56821
-1.62858
-5.34696
-4.5129
-4.66805
-1.88585
-4.02249
-1.1536
-0.702758
-1.70187
-1.94959
-4.22573
-4.8752
-1.77195
-4.09203
-1.13604
-4.36283
-4.3892
-4.32793
-0.695153
-4.8348
-0.924318
-3.90273
-4.34018
-1.31228
-1.79789
-4.2945
-1.55596
-4.45623
-4.43597
-4.70692
-4.49677
-4.58018
-0.670836
-4.79215
-0.915595
-3.66457
-1.63152
-4.13937
-0.583467
-4.52379
-1.67568
-4.40175
-1.42602
-4.59567
-4.53492
-1.20807
-4.88048
-3.05098
-1.0756
-4.58782
-4.22431
-0.105618
-4.60218
-4.64102
-2.84262
-0.993355
-3.25001
-0.919479
-4.85234
-5.29243
-4.34516
-4.57991
-4.44256
-4.25797
-4.60595
-2.88884
-1.59016
-1.49595
-4.36177
-4.55572
-4.79941
-1.99377
-4.58996
-4.53597
-1.76895
-4.58013
-4.34866
-4.64138
-0.882543
-3.10298
-1.50547
-4.64868
-3.7526
-4.45708
-2.19938
-4.346
-4.36762
-4.28935
0.00360005
-4.76361
-2.85251
-4.355
-4.5873
-1.09941
-4.64189
-2.84121
-3.00158
-1.08788
-4.43693
-4.47125
-3.15651
-4.5507
-1.35113
-4.43953
-3.68642
-4.26627
-5.65388
-4.79615
-4.31519
-0.612732
-4.25574
-4.70341
-4.45423
-4.51046
-4.47963
-4.46137
-2.99684
-4.46478
-4.38891
-3.47636
-4.42869
-1.76915
-4.85239
-3.95718
-1.53326
-4.42199
-1.15155
-4.33736
-4.49772
-4.53293
-0.641785
-1.88856
-2.48509
-1.89627
-4.38459
-4.44811
-4.28649
-0.874689
-4.30013
-4.54537
-4.54081
-0.688853
-1.73286
-1.89304
-3.53024
-4.46596
-4.44021
-4.37127
-4.22498
-4.49566
-3.63751
-4.41274
-4.28216
-4.0425
-4.44054
-4.97003
-4.81658
-1.52979
-4.34732
-4.43448
-1.80359
-4.52273
-4.24743
-1.33667
-1.46733
-0.782992
-1.50962
-1.35318
-4.76037
-4.70776
-4.36918
-4.42391
-4.9717
-4.4904
-4.49956
-1.51914
-5.72425
-4.89502
-4.43019
-4.52957
-4.61478
-5.45536
-1.97196
-4.35841
-3.06102
-4.42826
-4.45918
-0.822795
-0.872419
-5.82894
-0.634888
-4.29799
-5.01916
-1.81601
-1.44651
-4.28096
-1.28215
-4.3009
-1.90688
-1.11446
-1.49269
-4.04101
-0.633588
-4.11342
-3.72259
-4.16215
-4.28762
-1.59208
-2.00777
-4.81773
-5.6644
-4.50485
-3.61412
-4.41338
-1.26365
-3.16053
-1.73902
-1.14155
-4.26675
-4.38601
-4.47765
-4.3853
-4.38634
-4.49603
-1.8493
-4.09451
-4.83839
-1.06398
-1.04743
-3.05949
-4.86762
-4.40089
-4.17453
-4.40076
-4.63291
-1.97755
-4.54238
-1.87811
-4.51347
-1.15713
-1.80605
-1.64104
-3.53197
-4.70979
-3.48856
-1.302
-4.37942
-1.30621
-3.11806
-4.30689
-5.22817
-4.71975
-4.86227
-1.38755
-4.06162
-4.81242
-4.36386
-3.05907
-1.74333
-4.39103
-4.27894
-4.57888
-5.0111
-3.0192
-4.58088
-4.49249
-0.83359
-4.24462
-1.12379
-4.15732
-4.54663
-4.42296
-1.9605
-1.14248
-4.3464
-4.37396
-4.58877
-1.91429
-4.66347
-4.69605
-1.37986
-4.33271
-3.1287
-4.44681
-4.57327
-3.27311
-4.32006
-4.10104
-1.72811
-1.15155
-4.54104
-1.00696
-3.18862
-4.60459
-4.5353
-2.27108
-1.98946
-4.67323
-4.51244
-1.03923
-1.19332
-2.0199
-4.85295
-0.638796
-3.97124
-1.86239
-2.9902
-3.21869
-4.41499
-3.01899
-1.53108
-4.35815
-1.52882
-4.55134
-4.38275
-3.06343
-4.4848
-4.33233
-4.22312
-3.09096
-4.5369
-1.84226
-1.8722
-1.98346
-4.39912
-4.56706
-4.28689
-1.36085
-4.66947
-4.53451
-1.41922
-0.735629
-4.4661
-4.26338
-4.76533
-5.0804
-5.74541
-1.16887
-1.40093
-1.33519
-4.62784
-4.51812
-4.48655
-4.30795
-4.62426
-3.61781
-4.75663
-5.3182
-4.49711
-3.07907
-4.53469
-4.34001
-4.56821
-4.5872
-0.588223
-4.53417
-4.18113
-4.32745
-4.30795
-4.86171
-3.15171
-0.787055
-1.56651
-4.32137
-4.56669
-4.28555
-3.44081
-3.11241
-4.33662
-4.4818
-4.14239
-1.68627
-0.585651
-4.50724
-1.58669
-1.86909
-0.909648
-5.33805
-4.41233
-4.26297
-0.953484
-4.51809
-3.63251
-4.79538
-4.46604
-3.15137
-2.83575
-3.11273
-2.2228
-4.3311
-3.14858
-4.38348
-4.60843
-4.53906
-4.06524
-1.10014
-4.35036
-2.01323
-4.55533
-1.04874
-4.47134
-1.013
-4.37652
-4.74821
-4.4941
-4.54671
-2.02448
-1.9551
-5.54921
-3.93508
-1.8185
-4.4367
-4.42977
-2.32761
-3.4134
-4.46838
-4.57718
-0.668457
-4.54257
-4.4165
-3.4939
-4.57618
-4.30872
-4.43382
-4.56926
-4.87143
-0.938486
-0.129066
-1.63953
-4.60248
-4.10326
-4.61463
-4.9881
-5.63374
-4.68696
-4.45741
-4.57584
-1.25209
-4.45828
-4.36829
-2.01017
-4.31804
-5.68039
-4.56289
-4.58151
-4.39604
-4.80914
-3.90537
-1.03663
-0.71473
-4.13551
-4.40717
-1.59475
-4.28066
-3.33636
-1.0868
-4.77693
-4.4106
-4.44098
-4.55619
-4.43877
-4.47415
-0.982297
-1.55364
-3.65511
-0.823803
-4.17802
-4.87382
-2.5656
-4.31316
-0.980483
-0.48302
-4.41547
-1.00731
-1.53777
-3.93085
-2.82362
-1.41049
-4.32578
-4.31996
-0.761037
-3.79681
-3.93757
-4.26765
-4.31827
-1.07815
-4.36076
-0.0181929
-1.74034
-4.31032
-1.27234
-4.37284
-4.29445
-4.54623
-4.56851
-1.87876
-1.01027
-4.36414
-4.34287
-4.50231
-1.06702
-4.4761
-3.21375
-0.541734
-3.6063
-1.54313
-4.35809
-4.42902
-2.28115
-4.54112
-4.89308
-1.09753
-4.44229
-4.50184
-1.02902
-4.57417
-0.814374
-4.46767
-4.29047
-4.35235
-1.50097
-4.53794
-4.57401
-4.54413
-1.84866
-4.46801
-4.38512
-1.7977
-4.31199
-5.04245
-4.11981
-4.34011
-1.64412
-4.35721
-2.00203
-4.07134
-4.28637
-0.449951
-2.80502
-4.80788
-4.17617
-4.42943
-1.78017
-4.54768
-5.15651
-1.09363
-4.8865
-1.02287
-1.06708
-4.54379
-4.44226
-3.20636
-1.05562
-0.78248
-4.56393
-4.1336
-4.29685
-4.55884
-4.27274
-4.48164
-1.63363
-3.04508
-4.96742
-4.33784
-4.31964
-1.49121
-1.46355
-1.36398
-4.98506
-4.4087
-4.6457
-4.36178
-4.71369
-0.883004
-4.85318
-4.81376
-1.85219
-4.67742
-4.66902
-1.48052
-5.59385
-4.67717
-3.88097
-2.00202
-0.637079
-1.59769
-4.42116
-1.10752
-4.38998
-4.54918
-4.43895
-4.31323
-4.51501
-1.04454
-4.52405
-1.29098
-0.834565
-1.14356
-5.96732
-3.11975
-3.12713
-4.22156
-0.777629
-4.42461
-0.559892
-4.63108
-4.49033
-4.14001
-4.20591
-1.3794
-0.711975
-4.8521
-4.85582
-1.36725
-4.08328
-4.29209
-4.54087
-4.05359
-2.00991
-3.96911
-4.4725
-1.79325
-4.38867
-4.50054
-4.56546
-4.37133
-0.640676
-3.28224
-4.45109
-0.528049
-5.05945
-4.36365
-4.47924
-4.44243
-5.72042
-4.38559
-0.921925
-0.958824
-4.37399
-4.24972
-4.41589
-4.07966
-1.56729
-5.69236
-0.664162
-4.80514
-4.36487
-2.01486
-4.45099
-4.57914
-4.22574
-0.843581
-4.72427
-0.878818
-3.661
-2.34552
-4.36925
-4.53811
-4.666
-4.26106
-4.25898
-4.85802
-1.49316
-1.83727
-0.709698
-1.23008
-4.71473
-4.35971
-5.53211
-3.88679
-4.11898
-3.63165
-4.31026
-1.13735
-2.02283
-3.88589
-2.09774
-4.56855
-2.88856
-5.30787
-0.783397
-4.63346
-4.24524
-4.64563
-4.73754
-4.52026
-3.07463
-1.29885
-0.947618
-0.926615
-2.90189
-4.31357
-4.08193
-2.81718
-4.31955
-4.53745
-3.00963
-0.825177
-4.5921
-3.31137
-4.1754
-4.46068
-4.53821
-4.47261
-1.71779
-1.43098
-4.4054
-2.90174
-1.10352
-4.63428
-1.43899
-0.954216
-4.67638
-0.747824
-5.7946
-4.298
-4.68281
-4.26183
-1.60207
-4.39525
-3.02799
-4.66259
-4.36787
-0.641108
-4.46631
-4.25191
-1.08537
-1.79227
-4.96701
-1.58795
-1.33312
-4.69623
-1.74005
-4.84169
-4.43336
-4.77694
-4.39983
-4.04311
-4.86849
-4.22446
-4.09441
-3.95256
-4.35281
-2.01251
-1.14504
-5.09238
-4.40925
-1.31562
-0.840353
-4.59542
-1.05081
-4.29081
-4.36708
-4.75494
-4.14631
-1.54729
-4.46202
-4.24564
-5.52442
-4.54189
-4.07003
-3.06418
-1.52525
-4.38962
-1.00878
-4.51553
-4.16505
-4.3629
-1.21939
-0.89381
-0.740723
-4.53955
-1.54506
-4.43823
-1.37087
-4.54802
-4.56668
-4.76444
-0.983448
-1.53694
-1.9319
-1.22813
-3.31544
-0.556896
-0.899219
-5.72626
-0.626295
-4.39195
-4.51637
-4.5861
-4.20623
-4.39594
-1.64667
-1.30338
-1.63602
-4.3596
-4.34155
-4.46782
-4.44247
-0.92968
-2.02242
-2.28723
-3.96522
-3.09804
-1.13147
-4.34275
-4.25604
-4.27387
-1.26504
-4.46703
-4.56306
-5.09515
-4.53159
-4.85503
-5.73
-5.07873
-4.47319
-4.38916
-1.63295
-4.26816
-4.43354
-4.37443
-4.54244
-0.483054
-3.14708
-5.71412
-4.70899
-4.481
-4.68607
-4.40682
-0.987676
-2.00672
-4.46808
-4.17978
-5.69812
-2.02415
-1.64344
-0.699915
-4.22918
-4.42448
-4.67868
-3.16099
-4.8334
-1.35109
-4.26956
-4.79363
-1.18419
-4.65872
-4.62073
-4.342
-1.85467
-1.28382
-1.24974
-0.762824
-3.31413
-0.954082
-4.30197
-1.11578
-4.03934
-2.03342
-1.0981
-4.85945
-4.93312
-1.33155
-4.43454
-2.97945
-1.15489
-1.08328
-4.30911
-1.73963
-4.73553
-4.32894
-4.43643
-4.37667
-4.67959
-1.87056
-1.3477
-4.45783
-4.26192
-2.96781
-5.53673
-3.9433
-4.14156
-1.25114
-4.63813
-4.48179
-1.34996
-1.48421
-3.01933
-1.07267
-0.696463
-4.4872
-4.03734
-4.54306
-0.951358
-3.12893
-1.41484
-4.19805
-4.38122
-4.21349
-4.47125
-0.641772
-4.54415
-1.7322
-4.52585
-4.3225
-4.45583
-2.38814
-3.98071
-4.38174
-3.75511
-1.29611
-4.25216
-1.09416
-3.27328
-4.72465
-1.26254
-0.845892
-1.05328
-3.62178
-4.66213
-3.34617
-4.48247
-4.32729
-4.54527
-4.83804
-1.16884
-4.78016
-4.01951
-4.55999
-4.1488
-4.41882
-4.7654
-4.75495
-0.981358
-1.80787
-4.60095
-0.836112
-1.81576
-4.87016
-3.60587
-4.4033
-4.48394
-6.08402
-1.03779
-0.418144
-4.4832
-0.870373
-5.09698
-4.36245
-4.858
-4.62287
-4.10262
-1.03152
-4.80077
-4.57972
-4.46698
-4.46147
-4.36316
-4.45997
-4.33464
-4.25787
-5.12854
-1.51793
-4.44512
-3.40632
-4.51336
-4.41405
-1.08562
-4.3556
-4.62455
-4.76287
-0.891401
-1.06986
-1.22232
-4.64126
-4.75763
-4.39006
-4.5459
-4.36551
-4.56425
-4.2557
-1.13669
-4.4683
-3.95427
-4.25902
-1.85942
-3.89631
-1.09836
-4.56339
-0.607359
-0.742874
-5.2705
-4.01538
-2.42084
-1.35892
-5.3033
-1.09247
-4.53813
-3.59624
-4.54077
-4.80706
-4.32562
-4.40906
-0.890313
-4.34702
-4.62488
-1.48605
-0.640086
-4.5765
-1.49949
-4.70473
-4.25751
-4.49063
-1.08823
-4.38371
-0.752613
-4.38352
-3.92703
-4.80943
-4.07728
-4.40286
-4.81108
-1.12684
-4.55473
-4.60326
-4.67423
-4.31286
-1.33527
-4.50445
-4.12127
-2.7322
-3.89633
-4.1878
-5.05732
-4.44669
-4.3004
-4.46828
-5.13227
-4.65185
-0.739244
-1.13613
-0.944377
-1.03366
-0.919427
-4.18101
-2.3588
-4.35157
-1.75039
-1.79185
-0.463845
-0.736666
-4.11915
-4.3618
-4.23455
-2.5016
-4.52227
-0.683565
-1.07826
-0.849258
-4.39753
-3.64065
-4.1861
-1.39792
-4.62938
-4.48165
-1.06365
-1.31261
-4.27697
-5.71165
-2.13129
-4.5821
-4.51397
-4.66482
-1.12069
-0.550481
-4.12189
-4.13848
-4.46355
-4.30904
-1.34428
-4.27475
-4.91285
-1.6476
-4.50727
-4.61505
-4.66278
-5.61344
-3.10578
-4.59521
-0.709937
-1.13129
-4.31643
-3.06386
-2.23287
-0.513537
-4.91404
-4.37508
-0.606426
-4.38114
-3.2169
-4.44496
-3.68821
-0.752284
-0.678776
-1.4262
-4.47972
-4.34919
-3.13773
-4.19128
-4.37725
-4.25466
-4.34927
-4.46425
-4.7481
-4.78909
-4.22735
-4.42568
-4.37182
-4.29855
-1.88292
-1.0088
-5.69052
-4.43367
-2.86955
-4.58867
-1.03362
-4.7039
-4.46054
-0.626873
-4.46087
-4.31582
-4.15657
-1.35539
-4.466
-4.31733
-0.86786
-3.16099
-0.688758
-4.69645
-4.52475
-4.26896
-4.54471
-4.53848
-4.59561
-4.39798
-4.24156
-1.07314
-1.01553
-4.1627
-1.02556
-4.56167
-1.64176
-4.00839
-4.42156
-0.746004
-4.37914
-4.55923
-4.74689
-1.37401
-4.55171
-1.80244
-4.5833
-1.11842
-4.29859
-4.3086
-4.32705
-1.13157
-4.52776
-3.45563
-1.2948
-4.07446
-0.782296
-1.23529
-2.0088
-3.29893
-4.59799
-4.2747
-4.30753
-4.26816
-2.38819
-4.3129
-4.57663
-1.71903
-0.649698
-2.27626
-4.33411
-2.13515
-4.50195
-4.43233
-3.94197
-1.50643
-3.33066
-4.5912
-3.047
-4.51108
-4.39677
-4.17739
-4.75706
-3.02759
-4.46073
-4.79783
-4.48854
-4.30992
-4.41815
-4.41126
-4.31086
-3.91969
-4.49438
-1.21462
-3.94239
-4.45968
-4.46693
-3.18496
-4.45834
-4.31764
-4.21109
-3.1216
-1.48725
-4.36502
-1.05849
-4.21065
-4.38435
-0.76038
-3.34847
-0.682708
-0.992113
-2.88654
-4.43433
-4.60499
-4.61348
-4.42065
-4.55913
-4.43388
-1.49656
-1.16242
-4.51017
-0.643755
-4.67126
-4.44904
-4.43816
-4.89066
-4.46151
-6.06779
-4.52022
-4.24694
-0.383247
-4.01865
-4.36323
-4.86323
-4.5276
-4.31725
-4.51828
-4.44628
-1.30364
-4.54651
-4.57357
-0.751412
-2.23779
-1.03997
-2.11514
-4.09638
-1.25568
-4.13539
-5.55761
-3.93093
-4.3763
-4.7796
-0.732195
-1.61591
-4.25809
-4.72279
-4.59873
-4.34788
-0.739174
-4.28234
-4.31383
-4.58319
-3.1439
-4.60944
-4.85998
-4.37157
-5.79584
-4.78177
-3.29369
-4.51983
-4.23295
-3.14043
-1.7207
-0.690226
-0.880456
-1.25381
-1.53012
-2.42267
-0.725306
-0.651465
-4.48122
-4.28218
-4.56953
-4.85571
-4.34889
-4.62812
-4.49032
-1.24613
-0.892208
-4.02031
-2.16143
-0.817376
-4.62622
-1.52
-2.89059
-0.563015
-1.11214
-3.44836
-4.3711
-0.969071
-0.163342
-4.36689
-4.42462
-4.4685
-4.29894
-4.42311
-2.71926
-4.37278
-4.86945
-4.92078
-4.45998
-4.12203
-4.48276
-4.58102
-1.37075
-4.39751
-4.66713
-4.40125
-0.973465
-4.27858
-3.43622
-4.53604
-4.63257
-4.34285
-1.14383
-4.18102
-4.61733
-4.52383
-4.33585
-4.11472
-4.42526
-1.03982
-4.54627
-0.73797
-0.744654
-0.690161
-1.53403
-1.7009
-4.612
-1.81552
-4.47742
-3.77064
-3.04088
-4.17432
-4.44012
-0.94561
-0.374277
-4.44701
-1.07207
-4.81686
-4.69755
-2.28121
-4.71267
-1.22534
-4.28764
-4.55487
-4.49903
-4.5061
-4.43992
-4.80177
-1.81953
-4.51265
-5.5605
-1.23739
-2.024
-4.42862
-4.4591
-0.682399
-4.35705
-4.31271
-4.38036
-2.06094
-1.04504
-1.45892
-0.90439
-3.11974
-0.481707
-0.749795
-4.735
-3.9231
-4.4605
-4.02913
-3.46449
-0.623058
-1.73795
-0.693085
-5.53421
-4.78484
-4.52769
-0.663166
-4.57541
-4.61789
-3.24013
-4.35767
-4.64338
-4.29634
-4.45573
-4.46012
-4.37352
-3.63317
-5.78678
-1.21708
-4.51502
-4.06232
-4.40526
-4.31962
-4.12896
-1.36649
-4.42859
-4.45071
-1.83835
-4.53229
-1.03812
-4.24921
-4.54527
-0.445605
-2.22763
-4.82511
-4.47765
-1.27684
-0.63168
-4.34819
-1.45251
-1.53118
-4.74854
-4.43918
-4.38049
-4.18225
-1.1375
-4.43798
-4.75121
-4.42847
-4.23711
-4.46119
-3.10448
-5.07112
-4.3713
-0.942934
-4.83412
-4.41692
-5.04162
-4.50644
-2.23419
-4.09436
-1.08136
-4.38841
-4.17725
-4.39967
-3.21805
-4.56899
-2.00259
-1.46227
-4.48932
-4.47706
-4.37729
-4.41875
-4.58941
-4.69047
-1.09425
-2.50474
-4.43859
-3.39415
-4.63946
-4.98288
-0.888426
-4.19004
-3.7001
-2.03087
-4.58037
-1.12561
-0.891234
-4.55497
-4.47278
-0.392883
-0.405854
-1.51875
-4.46015
-0.813288
-4.26393
-4.27813
-4.50741
-4.63605
-1.17278
-1.19168
-1.72598
-0.933976
-4.72663
-4.76471
-4.54981
-3.63886
-4.6772
-1.60416
-4.55032
-1.0944
-1.2239
-4.25912
-1.17776
-4.43008
-4.37714
-5.6639
-4.30873
-5.08141
-3.19796
-1.15683
-5.601
-0.844241
-1.76868
-4.57724
-1.85371
-4.4174
-0.605595
-1.82852
-4.52978
-4.38736
-1.28802
-3.40317
-4.48351
-5.78355
-2.89811
-3.93555
-4.50252
-4.35449
-4.56338
-3.14657
-2.65345
-1.06238
-4.55364
-4.46045
-0.915987
-1.4456
-1.29279
-1.80816
-4.03965
-1.60979
-4.56161
-4.31229
-4.5145
-4.48244
-1.77301
-2.51667
-1.50121
-4.2647
-4.75353
-0.5918
-4.69936
-2.2198
-4.44907
-0.988741
-4.77168
-1.0565
-4.84974
-4.87532
-5.80633
-3.51942
-1.55254
-0.790594
-0.852591
-4.15124
-4.61041
-4.41641
-4.86122
-1.44187
-4.46262
-4.58419
-0.844453
-4.46093
-4.68423
-4.29033
-4.04713
-5.02388
-4.58587
-0.59182
-3.5741
-1.23904
-4.44328
-4.68106
-1.13994
-0.785151
-2.02182
-2.94088
-4.76728
-4.70425
-4.41891
-2.55689
-2.58582
-0.748033
-4.70868
-1.15725
-1.02502
-4.7374
-4.69648
-4.21189
-4.60853
-3.09652
-4.12038
-0.901281
-4.49548
-4.4251
-4.14884
-1.21874
-1.4011
-3.91566
-4.55659
-4.79532
-4.61724
-4.48072
-1.13654
-4.778
-5.65004
-4.62058
-4.45714
-4.45353
-4.12189
-4.31244
-4.76286
-3.22581
-4.93472
-4.62649
-2.30097
-1.70675
-1.2391
-4.3812
-4.55338
-5.04618
-4.51111
-1.27183
-2.10632
-1.28182
-1.00995
-4.50001
-4.43121
-5.74987
-4.42892
-3.00689
-4.49456
-4.2992
-0.824118
-4.30352
-4.66021
-4.42397
-4.5568
-4.75623
-4.7592
-4.26547
-3.38859
-4.28842
-1.58251
-1.3174
-4.50999
-4.73109
-3.19404
-4.12951
-4.87833
-2.01915
-4.25
-3.23371
-4.46958
-4.26127
-4.56375
-4.65108
-4.37161
-5.7602
-1.67967
-4.43991
-1.27518
-1.17245
-0.993583
-3.97795
-4.78935
-4.29919
-4.7647
-4.46374
-4.37494
-3.10914
-4.37323
-3.18968
-4.89787
-0.697548
-3.9778
-0.942533
-3.92135
-4.19607
-4.5529
-3.08835
-3.97895
-4.63741
-1.84796
-1.44506
-1.4165
-4.29415
-1.82189
-4.37033
-4.38849
-0.823196
-4.32805
-1.40661
-4.67433
-0.786038
-4.46942
-4.33548
-4.27621
-4.12861
-0.548205
-4.37375
-4.42525
-4.57953
-3.90324
-4.70941
-1.10279
-1.38297
-3.99098
-4.21843
-2.75159
-4.43308
-2.79625
-4.04137
-4.6556
-4.2078
-1.99989
-1.99547
-4.59587
-4.83011
-4.26507
-4.48353
-3.49041
-3.91984
-0.837815
-4.65777
-4.30745
-4.52162
-0.947804
-1.52762
-1.29894
-4.50385
-1.67972
-4.47506
-4.29365
-4.43079
-4.36649
-4.52916
-3.01054
-4.46005
-4.55939
-2.91705
-3.89422
-4.54798
-4.6478
-0.838569
-4.79621
-1.44582
-4.24125
-3.34167
-1.32207
-4.35365
-2.98392
-4.471
-4.32601
-4.53889
-4.3243
-4.48656
-4.47538
-0.604665
-2.53724
-1.60398
-3.04506
-4.64131
-4.59104
-0.845602
-2.44888
-4.25319
-4.23706
-4.2186
-2.05592
-4.30932
-3.90991
-1.39971
-4.45564
-1.34021
-4.31172
-2.72121
-3.34847
-4.86536
-0.684479
-4.50494
-4.26985
-4.24016
-4.60314
-4.26267
-4.34363
-3.09392
-1.91521
-4.58344
-2.0251
-4.36895
-4.38423
-4.35283
-1.08408
-4.81335
-4.29277
-3.71667
-3.2056
-4.42916
-4.33387
-2.10752
-4.3312
-1.10897
-2.22117
-4.44003
-4.67777
-1.35448
-4.51668
-4.80799
-4.51992
-4.30133
-4.14936
-3.98899
-4.29773
-4.38481
-4.49748
-4.246
-2.9095
-4.48708
-2.99479
-5.01625
-4.77922
-1.46549
-2.90996
-4.5659
-3.88112
-4.23904
-4.42189
-4.49351
-4.62115
-4.37972
-4.87024
-1.49024
-1.83048
-4.29052
-4.28697
-4.38391
-4.60616
-4.76215
-1.01133
-4.47719
-4.87058
-0.905768
-1.16859
-1.21654
-3.76994
-4.44288
-4.4732
-1.14143
-4.46845
-4.64878
-4.70067
-4.71717
-4.76228
-4.79901
-1.13726
-0.629437
-3.07761
-1.32625
-0.669295
-0.816348
-4.27413
-0.879491
-3.02799
-1.07695
-4.31843
-4.89754
-4.28315
-4.51687
-0.930244
-3.01496
-4.33833
-2.58811
-4.41392
-0.602562
-4.481
-4.52498
-4.42445
-4.79345
-4.40142
-4.5923
-0.648493
-4.35522
-1.64878
-4.84737
-4.03986
-4.49087
-4.66571
-1.1223
-4.24721
-4.23095
-4.57419
-4.46227
-4.42117
-4.57927
-4.57003
-4.43414
-4.31004
-4.34886
-4.35177
-4.62807
-4.53439
-1.94146
-4.45783
-1.51721
-1.79281
-4.6034
-4.48183
-4.48511
-1.3443
-4.23581
-4.74967
-4.39068
-1.25228
-4.58424
-4.88827
-4.8421
-0.893879
-4.5042
-4.30376
-3.56351
-4.98481
-4.84552
-1.26332
-4.57626
-4.2689
-4.32344
-4.50888
-1.78503
-4.71786
-4.4741
-4.70866
-2.79336
-4.90434
-1.49708
-3.67766
-4.44719
-0.578395
-0.707717
-0.897112
-1.55595
-4.54274
-1.23758
-5.08987
-4.42903
-5.06724
-4.7975
-1.14278
-0.902145
-1.68316
-0.678074
-4.58347
-4.39548
-1.28576
-5.71779
-4.65642
-4.55217
-4.58507
-0.893981
-1.54101
-1.28782
-4.74371
-4.37095
-4.50322
-1.37195
-4.39509
-4.27757
-3.06906
-4.45777
-4.48713
-4.03487
-4.36219
-2.25975
-3.94402
-4.30027
-4.59207
-4.54345
-4.27172
-1.06247
-4.18437
-4.32052
-4.80579
-4.38213
-4.81072
-1.58323
-1.07775
-1.20358
-0.863251
-4.74142
-4.3953
-2.81489
-3.76961
-5.2919
-4.32453
-4.58392
-4.25072
-4.35122
-4.49863
-1.10461
-1.71871
-2.71505
-4.5403
-4.73676
-4.46434
-1.2165
-1.32562
-3.04022
-1.16236
-4.4621
-4.91615
-1.79241
-4.50482
-1.15141
-1.54718
-4.55347
-2.23728
-4.43797
-4.35051
-1.01103
-5.15366
-4.43506
-4.2928
-1.63581
-4.4396
-4.46779
-4.21785
-4.8631
-4.61855
-0.833013
-4.59134
-4.23327
-4.46668
-4.14681
-6.09112
-4.7833
-4.06915
-4.6616
-4.44521
-4.33995
-4.48062
-4.36131
-4.12983
-4.52042
-1.65813
-4.46952
-1.00356
-1.98814
-4.69786
-4.245
-4.41748
-4.39463
-4.48301
-4.59908
-1.34976
-4.44296
-4.4121
-0.827435
-4.10468
-4.65133
-4.50868
-4.5408
-1.68003
-4.33928
-1.21191
-4.66817
-2.91759
-4.21271
-4.35777
-4.19332
-4.49456
-1.00776
-0.879437
-1.56977
-3.02133
-4.68248
-1.51525
-4.38647
-0.56598
-0.726707
-4.67792
-4.38791
-4.53129
-4.56422
-4.91062
-4.46364
-4.25622
-4.92531
-4.45682
-1.063
-4.4764
-0.912383
-4.56091
-4.68262
-4.52151
-4.51103
-0.94049
-4.37271
-4.55588
-4.38481
-4.37553
-1.06032
-1.24582
-4.59486
-4.44818
-1.46746
-1.8043
-4.45206
-3.40835
-4.56334
-4.70879
-5.08314
-2.18549
-4.40467
-4.5869
-4.42555
-4.37371
-4.03065
-4.26989
-4.40452
-2.40066
-4.4712
-4.7534
-4.60443
-4.31566
-4.22777
-0.880411
-4.77829
-4.46526
-4.53835
-4.83487
-4.52104
-4.65666
-4.48654
-2.65799
-4.49789
-4.792
-4.2841
-3.09706
-4.77429
-1.21237
-1.09176
-1.72147
-4.4895
-1.23887
-4.32267
-4.58366
-2.41669
-1.39242
-4.52659
-1.51786
-5.72872
-1.2289
-2.71971
-5.76453
-1.41269
-4.57572
-4.68844
-4.59642
-1.14068
-4.79277
-1.3882
-4.42208
-4.33377
-4.68421
-2.95256
-0.890479
-4.41
-4.64207
-4.21585
-4.52346
-4.42091
-4.40918
-4.35792
-0.597451
-4.36676
-4.51823
-4.78638
-4.60466
-2.00004
-4.41897
-4.1536
-0.898743
-4.54514
-4.26001
-1.16193
-3.20832
-1.77939
-1.26765
-1.57511
-4.9662
-4.52449
-4.25371
-5.61543
-0.730699
-1.12812
-4.37212
-4.29122
-4.45848
-1.88039
-5.03782
-1.3799
-1.77109
-4.3419
-4.78057
-4.45735
-4.41379
-4.46836
-4.33162
-4.4593
-4.87602
-4.49289
-4.63385
-4.394
-1.86036
-4.47
-2.81255
-1.12338
-1.05952
-2.66662
-2.44276
-4.4034
-4.42259
-4.41561
-1.20091
-4.38677
-0.912779
-3.08407
-4.64671
-1.58951
-4.17967
-4.02696
-4.85647
-0.773286
-4.35036
-1.52728
-3.02096
-4.55043
-0.796736
-4.49564
-4.46059
-1.53265
-2.52607
-4.61178
-4.7544
-4.55922
-1.38965
-4.25443
-4.31121
-4.50134
-4.53444
-2.26371
-5.09046
-1.20559
-4.72999
-0.948784
-1.28449
-0.959789
-4.33475
-4.57442
-4.35772
-4.81961
-4.61649
-4.52314
-1.11411
-4.68776
-2.76108
-4.52759
-4.45952
-1.06797
-4.43174
-4.11712
-3.92828
-4.50939
-4.35384
-4.36676
-2.86145
-1.52235
-1.12037
-4.33339
-4.86748
-4.41821
-4.84461
-4.46142
-4.64946
-0.79009
-4.74227
-1.3554
-1.57591
-4.16061
-4.41577
-1.87908
-4.62327
-1.49749
-1.37562
-0.905534
-4.36063
-4.31857
-4.26199
-1.20843
-1.70395
-4.54613
-1.07489
-1.19962
-4.72743
-2.04252
-1.81227
-4.33889
-4.75048
-4.65524
-4.05137
-5.2813
-0.178353
-1.97575
-0.222614
-4.29569
-4.83527
-4.29464
-3.97488
-4.5507
-3.51916
-4.04781
-4.58164
-4.34598
-4.90868
-4.38073
-4.31944
-4.76348
-5.14053
-2.90427
-5.63872
-4.42337
-1.15762
-4.35819
-4.4173
-6.08248
-4.58849
-4.40365
-4.42534
-4.43134
-4.53071
-4.45741
-1.32577
-4.46154
-0.72424
-1.36402
-4.57258
-2.99222
-4.59629
-4.58202
-4.68963
-1.91311
-4.5027
-4.20238
-1.3206
-4.43573
-4.55164
-4.58112
-4.35295
-4.39949
-0.887933
-4.45435
-4.59805
-1.77821
-0.315852
-4.58707
-0.928645
-4.83161
-5.0972
-4.73268
-4.31873
-4.29728
-0.782706
-4.2743
-4.27251
-1.65212
-4.34911
-4.65141
-1.80522
-0.888207
-4.5447
-4.23185
-4.07304
-4.31754
-4.46769
-4.44301
-4.56796
-4.46152
-4.60606
-4.18017
-4.64812
-4.68669
-4.52471
-4.80606
-1.68158
-0.746476
-1.34384
-1.06137
-4.67991
-4.67926
-4.62345
-0.733272
-4.4506
-4.67731
-4.74965
-1.96145
-2.02264
-3.45225
-4.04053
-4.75913
-3.72758
-1.28497
-4.74164
-4.64968
-4.42792
-4.82278
-1.36891
-4.46386
-5.19936
-4.23641
-1.32085
-4.56585
-4.67015
-1.53439
-4.49412
-1.80284
-1.14152
-4.61406
-4.44336
-4.64195
-0.808572
-4.51606
-4.38208
-4.52641
-4.58492
-4.33623
-1.87809
-1.00253
-1.43142
-5.82446
-4.4752
-4.32651
-4.32021
-3.18372
-0.974822
-4.39819
-4.66962
-4.46033
-4.54539
-3.14138
-4.82803
-4.41187
-4.52281
-1.47439
-4.57102
-3.18933
-1.11757
-4.61827
-4.77581
-4.59556
-4.41343
-1.43459
-5.25578
-1.59788
-4.26849
-4.91913
-4.53384
-4.69633
-4.36911
-4.43709
-1.66481
-4.34426
-4.62536
-1.91932
-4.49255
-2.05616
-4.50167
-4.65982
-4.51743
-4.45878
-4.58339
-3.07241
-3.02784
-4.1858
-5.74552
-4.1167
-1.18925
-4.5395
-1.51064
-5.57197
-1.32091
-5.00035
-4.8077
-4.92528
-4.60927
-4.81554
-4.77314
-4.39165
-4.44253
-1.15167
-0.923327
-4.52531
-4.41319
-4.32792
-4.12908
-5.58404
-4.46482
-1.84705
-4.58271
-4.39904
-5.17959
-4.5564
-4.16702
-4.45877
-2.24935
-0.284528
-1.82447
-0.994218
-0.90413
-4.62123
-4.53481
-4.47465
-4.65406
-4.56272
-4.57929
-4.56774
-5.50266
-4.66041
-4.44897
-0.57705
-0.88037
-4.4402
-4.4202
-4.50136
-4.51897
-4.55385
-1.19866
-4.40036
-2.37503
-2.41201
-4.41883
-1.46052
-1.11457
-4.25863
-5.49995
-1.71272
-3.40668
-4.43399
-4.89549
-2.87771
-4.55356
-4.39527
-1.41206
-4.47208
-0.581964
-2.9738
-4.62003
-4.36328
-4.18582
-2.42942
-1.71339
-4.41594
-1.70709
-0.754607
-4.35715
-4.6546
-5.39392
-4.29512
-4.38606
-4.52233
-4.38267
-4.68876
-2.10441
-4.65423
-4.46755
-4.25249
-0.885897
-4.4351
-4.3187
-0.720799
-2.49667
-4.41552
-1.38686
-2.99605
-4.34522
-4.87084
-5.44623
-1.85895
-2.99677
-2.92559
-5.74757
-4.55004
-4.51202
-4.87728
-4.90478
-4.94262
-4.67071
-4.53809
-1.88413
-1.01947
-4.64321
-1.0554
-4.83562
-4.49197
-4.30532
-4.7913
-1.94
-4.53828
-0.617404
-3.63458
-4.53286
-4.3663
-5.20819
-4.32119
-4.26654
-3.03667
-0.922468
-4.29358
-1.72058
-3.03733
-4.89277
-3.20649
-1.45668
-4.40875
-4.33247
-1.74403
-1.68967
-1.24275
-4.67949
-1.8434
-4.47908
-4.19402
-2.79831
-1.02902
-4.4023
-4.27699
-2.93283
-4.0926
-4.41231
-4.33717
-4.41221
-4.66867
-4.37409
-4.42012
-4.62396
-4.36917
-4.09241
-4.85673
-4.48715
-4.53329
-4.77331
-4.53521
-4.53208
-4.30484
-4.68317
-1.51578
-4.26452
-4.38888
-0.853168
-4.52937
-4.79599
-1.76136
-0.875528
-2.97679
-4.71709
-4.79728
-3.9191
-2.87668
-4.3881
-1.17334
-4.58238
-3.98066
-4.5941
-4.62622
-5.40175
-4.32709
-4.45682
-3.02942
-2.95305
-4.4145
-4.43507
-4.48664
-4.05608
-1.263
-4.54773
-4.318
-4.78912
-1.15763
-4.43369
-0.598594
-4.34224
-4.34909
-0.869459
-4.51752
-1.79365
-4.54903
-4.50359
-4.28726
-4.52836
-4.27239
-4.09733
-0.815005
-0.90743
-1.51839
-4.45315
-4.54177
-4.29451
-4.31448
-4.45957
-4.47731
-3.49521
-0.754908
-4.65325
-4.2462
-4.30937
-4.71885
-4.32483
-4.66714
-1.78326
-1.17455
-0.75692
-4.34502
-4.22493
-1.25592
-0.633614
-4.42203
-4.53295
-4.51345
-4.8033
-4.2968
-1.25081
-4.37355
-4.42802
-4.35592
-4.7738
-1.49844
-2.2424
-4.2894
-2.93295
-4.34535
-4.43726
-4.46507
-4.31828
-4.78287
-4.44004
-4.38558
-4.51952
-4.47498
-4.54574
-3.39786
-2.79736
-4.60315
-4.46868
-1.28754
-4.53721
-4.66358
-4.46035
-2.14721
-5.40456
-4.21817
-4.47474
-5.23254
-4.67607
-4.78606
-4.66876
-4.35358
-4.58972
-4.39792
-4.31949
-4.41141
-4.0695
-4.15935
-4.09658
-4.6502
-4.51733
-4.13221
-1.97829
-0.741482
-4.31524
-1.79539
-4.33603
-3.2892
-1.39525
-4.55491
-4.33687
-4.66421
-4.3169
-2.92095
-4.33703
-4.28206
-1.59768
-4.33102
-4.41627
-4.52913
-4.4693
-4.65346
-4.52046
-0.527087
-0.913197
-2.78558
-4.32521
-1.8041
-4.31908
-4.40158
-0.976699
-4.57308
-2.51224
-4.43727
-4.78538
-4.67017
-1.38202
-4.42854
-4.57393
-5.21251
-4.18679
-4.395
-4.46087
-4.6819
-4.38177
-0.899753
-1.51519
-2.23579
-2.78711
-4.31917
-4.51682
-4.54977
-3.01934
-1.19508
-4.52492
-4.53649
-4.14755
-4.45811
-4.5632
-4.37476
-1.88159
-1.34597
-3.80522
-4.67382
-4.52283
-4.39887
-4.46422
-4.33287
-4.43464
-4.52477
-4.38019
-4.87623
-4.52507
-3.32542
-4.51214
-4.50944
-0.763834
-4.67498
-4.32035
-4.29208
-1.23301
-4.33375
-4.30472
-2.20699
-1.12649
-4.46509
-3.19072
-4.28457
-4.2992
-4.41503
-4.28039
-1.18738
-1.16772
-5.40758
-0.718869
-4.59818
-4.76083
-1.24856
-4.12418
-4.3266
-4.43301
-4.56208
-1.24693
-4.36065
-4.30237
-4.31127
-3.35996
-4.02849
-3.1621
-1.13873
-4.07768
-4.54665
-4.48239
-1.24504
-4.60148
-4.44455
-4.54332
-0.758511
-3.18275
-4.20085
-4.41835
-1.09263
-4.39955
-4.46371
-4.34696
-4.31602
-4.29538
-4.63553
-4.36133
-1.49269
-4.31345
-4.37128
-4.56401
-2.91342
-4.66996
-1.76437
-4.3603
-4.38073
-4.34853
-4.35259
-1.67756
-1.22967
-4.56858
-4.33941
-1.523
-4.3514
-1.10857
-4.40943
-0.568907
-4.52517
-4.57696
-2.17672
-4.26732
-4.77071
-3.07445
-4.36335
-4.5638
-4.4781
-4.68963
-4.46859
-4.45455
-2.02981
-4.63254
-4.5188
-0.600627
-4.37377
-0.912493
-1.37621
-4.25111
-4.86117
-4.41615
-4.13005
-4.52575
-4.4569
-4.54145
-4.47714
-4.10974
-4.28716
-4.42654
-0.542538
-1.03859
-4.53024
-4.28115
-4.52634
-0.80774
-1.14121
-4.47256
-4.64348
-4.27115
-4.41146
-4.51466
-1.17344
-0.763753
-1.0686
-4.31782
-4.65111
-4.34128
-4.63859
-1.52328
-4.48679
-4.31368
-4.32102
-2.8985
-4.53167
-4.35454
-0.758625
-4.74577
-1.15652
-4.30496
-4.31222
-1.78706
-4.2822
-1.58083
-1.15176
-4.33741
-4.72071
-4.59644
-0.797805
-2.89635
-4.40343
-4.33108
-4.53699
-1.15979
-4.66646
-4.32346
-1.73383
-4.5433
-4.55898
-4.34071
-4.44098
-4.54022
-4.30063
-4.08862
-5.41387
-3.20747
-1.11725
-5.21318
-4.44319
-3.9039
-1.22776
-4.51428
-4.46621
-4.41428
-4.79054
-1.22965
-4.45578
-4.35889
-4.41182
-2.78463
-4.46679
-4.86742
-4.23935
-1.01649
-4.52934
-2.20809
-4.22051
-4.65797
-3.0717
-4.63271
-1.35914
-4.45661
-2.86842
-3.68779
-2.96771
-4.4939
-1.5664
-1.34561
-1.23944
-4.26204
-0.605718
-4.56651
-4.55832
-4.11601
-4.53924
-4.73898
-1.27859
-4.40333
-4.20834
-4.30641
-4.40827
-4.32186
-4.63225
-4.81582
-4.53818
-4.50889
-1.32638
-4.48423
-4.52972
-4.52107
-4.78869
-4.47036
-4.23536
-1.25109
-1.52671
-4.53519
-4.47733
-1.00642
-1.25612
-4.59853
-4.10569
-4.54919
-4.27828
-2.98101
-4.31916
-4.52752
-4.42885
-3.45337
-1.36969
-4.56479
-4.10433
-4.31111
-1.65725
-4.47973
-0.9838
-4.29994
-4.54362
-4.62842
-4.3093
-4.32766
-4.69776
-4.49634
-4.51218
-4.4467
-4.66952
-4.48755
-4.67354
-1.28245
-4.34055
-5.0502
-4.52333
-1.21562
-4.37384
-4.25909
-0.992336
-4.43162
-0.897499
-4.49512
-5.65143
-4.48019
-1.28788
-1.45333
-4.48257
-4.58913
-5.06726
-4.42329
-4.53926
-4.50526
-1.5006
-4.31251
-4.55498
-4.61972
-0.96736
-4.62906
-4.37575
-4.32357
-4.26887
-4.79311
-0.952747
-1.23145
-2.96634
-1.53314
-4.643
-4.30399
-4.56951
-0.976985
-4.3642
-4.84801
-4.25937
-4.25413
-4.83296
-2.01076
-4.76292
-0.879455
-0.924045
-2.8892
-1.85738
-4.66549
-4.46156
-4.33518
-4.45556
-0.697615
-4.35598
-4.8628
-4.12897
-4.53719
-4.56023
-4.7491
-4.23603
-1.37308
-4.54232
-5.51862
-4.53008
-5.71873
-1.73481
-4.25381
-1.8353
-4.52666
-4.35809
-4.54568
-4.60608
-1.20151
-4.29325
-4.30033
-4.14143
-1.62423
-0.987047
-0.636477
-2.99063
-1.61085
-4.28917
-4.4588
-2.10644
-1.95606
-4.39479
-4.41387
-4.54357
-4.45813
-5.63023
-4.54855
-4.46248
-4.26731
-4.46366
-4.63096
-4.50022
-4.18705
-4.66081
-4.58132
-4.42338
-4.69261
-4.15856
-1.35174
-0.221902
-1.95315
-5.71999
-4.27954
-3.20986
-1.18625
-4.32594
-1.42762
-0.22101
-1.29579
-1.35877
-0.763225
-4.40847
-4.61877
-1.36327
-1.09829
-0.890802
-1.90559
-4.29382
-4.45681
-0.626526
-3.40662
-1.31998
-4.49489
-1.6211
-4.45512
-0.855492
-0.483452
-4.4434
-4.29582
-4.34996
-4.69428
-4.21916
-4.85795
-4.54922
-1.08074
-4.19054
-5.82099
-1.10892
-0.573676
-4.498
-4.03553
-4.2908
-4.12089
-4.27906
-0.602627
-4.08972
-0.683493
-5.05638
-4.5422
-4.24837
-4.02033
-4.83961
-3.97093
-2.60057
-4.34
-4.34507
-4.40222
-4.17096
-4.03851
-3.02213
-4.34786
-4.77376
-1.51807
-0.865308
-4.57619
-4.31728
-4.4719
-3.15791
-4.19299
-4.60631
-4.98504
-4.84547
-4.5751
-0.818478
-4.33302
-2.60861
-1.3268
-1.87089
-2.18699
-4.29737
-2.53778
-4.4259
-4.53272
-4.84086
-4.49219
-4.56426
-3.65301
-4.18537
-4.28352
-4.43349
-3.16186
-0.63198
-4.38109
-0.744973
-4.25383
-4.31419
-4.52887
-1.42966
-4.90323
-0.725816
-4.50628
-5.33044
-4.43362
-4.52306
-5.07655
-1.33955
-4.67811
-2.49871
-4.46481
-4.31882
-4.34162
-4.36001
-5.61862
-4.33435
-1.14656
-4.22403
-1.124
-3.67991
-4.52854
-4.04538
-4.51743
-4.38349
-4.66789
-2.96927
-5.67297
-4.37439
-1.27229
-0.908308
-4.50445
-4.38997
-1.51291
-4.28534
-4.2865
-0.884551
-4.27369
-1.28857
-4.51222
-4.2921
-4.59505
-3.02324
-4.34759
-4.45979
-4.81824
-4.47069
-4.47585
-4.44143
-1.49596
-4.46451
-4.59969
-4.54215
-4.24651
-4.19292
-4.29455
-4.57498
-5.88217
-3.01962
-4.83022
-0.705898
-0.879507
-1.86838
-4.44235
-2.16565
-4.24121
-2.77677
-0.635311
-4.42419
-4.32063
-4.32794
-5.83655
-3.60715
-4.39156
-3.42792
-4.45555
-3.7806
-4.26875
-1.47441
-4.46106
-4.9362
-2.98944
-3.2836
-4.53213
-4.50694
-4.54482
-4.45344
-2.8763
-4.02516
-1.26844
-0.97769
-4.71912
-4.40032
-1.95127
-0.905014
-0.701648
-1.44703
-4.21818
-0.990569
-3.18718
-4.47833
-1.74377
-4.30273
-4.56537
-5.25364
-4.35306
-4.34121
-4.42571
-4.54516
-4.5388
-4.27544
-3.34664
-4.43373
-4.71432
-4.89844
-1.42705
-0.752405
-4.51394
-3.18113
-2.23881
-1.51504
-4.53312
-4.31306
-4.46054
-4.27579
-2.7648
-4.58899
-1.96708
-1.74636
-4.54727
-1.70242
-4.32453
-1.28091
-4.45814
-1.7678
-4.77381
-3.02609
-1.32177
-1.57739
-1.43043
-1.85878
-4.49521
-1.07214
-4.31683
-4.48714
-2.66401
-4.46303
-4.56028
-4.46038
-4.46026
-4.2779
-4.18355
-3.85477
-4.42462
-4.32203
-0.862112
-2.23964
-4.49521
-4.23902
-0.870587
-0.822531
-3.13524
-4.82337
-1.89741
-4.46208
-4.25081
-4.45539
-0.893287
-1.1555
-4.44025
-1.36191
-4.25807
-4.3137
-4.51686
-4.52888
-4.55872
-0.751076
-4.54367
-4.42177
-0.846493
-4.57561
-0.869733
-4.55536
-4.30974
-4.01158
-1.12112
-3.35966
-4.45997
-4.56282
-4.45894
-4.58692
-1.38693
-4.49846
-4.77469
-1.2144
-0.873425
-4.4685
-3.10988
-3.89868
-5.86833
-4.49806
-2.95663
-4.22964
-1.49482
-4.54312
-4.33401
-3.05444
-4.16679
-4.26813
-1.62172
-0.764475
-4.56275
-4.60417
-1.83036
-4.34724
-4.49969
-1.1702
-0.714944
-4.56901
-1.08282
-2.64089
-4.67367
-4.27686
-4.60917
-4.19798
-4.57444
-3.5418
-4.6785
-4.58107
-1.35592
-4.03569
-1.89576
-4.13048
-4.54414
-1.37338
-0.834313
-4.57299
-5.02287
-4.38029
-1.99208
-2.59289
-3.28004
-4.2673
-4.11711
-4.88977
-4.55997
-4.76757
-4.50574
-4.19897
-4.43733
-2.00845
-4.35805
-3.74471
-4.41478
-0.859994
-4.3001
-3.18799
-1.68566
-4.53659
-4.4964
-1.19889
-4.37749
-4.63877
-4.33419
-1.04554
-4.49094
-1.89147
-4.53573
-4.5333
-4.29421
-4.33752
-5.26033
-4.01393
-1.58325
-1.49283
-4.36369
-4.45944
-4.60754
-4.78577
-1.53146
-4.25593
-1.27903
-3.22009
-2.49906
-3.1837
-1.33604
-4.60403
-4.54645
-4.34371
-4.60146
-4.37406
-1.09909
-4.55722
-4.55359
-4.42165
-1.40644
-4.53585
-1.24775
-4.05848
-4.66178
-4.55463
-4.6081
-4.24873
-3.17058
-4.52041
-4.46172
-1.66482
-4.54682
-4.32648
-0.96698
-0.751246
-4.67326
-4.5344
-4.30924
-2.0084
-4.7686
-4.81054
-0.937342
-4.2392
-4.57423
-4.91201
-4.85687
-4.5355
-4.38436
-0.632527
-1.12769
-3.99527
-4.29579
-4.55024
-4.37588
-4.38648
-4.60489
-4.61002
-4.45955
-0.728846
-4.84191
-4.02033
-4.46903
-4.57368
-0.779519
-4.37792
-4.35958
-1.36953
-4.27672
-4.5577
-4.42808
-1.70649
-4.25945
-3.55342
-5.49467
-4.50556
-4.48725
-0.99964
-1.15241
-0.900604
-4.16064
-4.56704
-4.01352
-4.08042
-2.00391
-4.53057
-4.35985
-5.69497
-4.34328
-4.41646
-4.57581
-1.05967
-4.50904
-2.51139
-1.6679
-4.5584
-1.88217
-1.80109
-4.31639
-0.874324
-4.23551
-4.34204
-4.28921
-4.67292
-4.43947
-4.56642
-4.26587
-4.35681
-4.38074
-4.31697
-4.42332
-1.76313
-1.30566
-4.53082
-4.58587
-1.91988
-4.38112
-4.54116
-4.83606
-4.55888
-1.31619
-4.55108
-4.5228
-4.48133
-3.19837
-4.6383
-4.43218
-1.2342
-1.45734
-1.87544
-4.46912
-4.50108
-4.37297
-4.2221
-4.99351
-4.54898
-4.57609
-4.25746
-4.77393
-0.824673
-4.58466
-0.904692
-4.33765
-1.22607
-4.63268
-1.04354
-4.45363
-4.42081
-5.04908
-4.44731
-1.51947
-4.48872
-4.48062
-4.65935
-1.90586
-4.6041
-4.43133
-1.67914
-4.54333
-0.673693
-4.34404
-4.57584
-4.48332
-4.24992
-4.36426
-4.51328
-1.20392
-2.9721
-4.89273
-4.55676
-1.7669
-4.34771
-4.32248
-1.5903
-1.12118
-2.6617
-4.97701
-4.48348
-1.79957
-3.15225
-1.68322
-4.72291
-2.38937
-4.26229
-3.863
-4.31938
-4.59597
-4.50137
-4.57962
-2.15862
-0.703048
-4.58739
-3.11779
-4.65164
-4.83358
-4.24162
-4.87627
-0.95662
-4.30686
-4.57498
-4.31631
-4.53538
-4.52998
-4.36115
-4.50917
-1.97061
-4.3475
-1.67516
-4.30837
-3.8397
-5.98812
-0.698567
-3.60191
-4.52331
-4.4034
-4.51034
-4.45853
-4.667
-0.675447
-0.678995
-4.54757
-1.50618
-4.70745
-4.75775
-4.58065
-4.42286
-3.38439
-4.41719
-4.43325
-4.35214
-4.05501
-4.26723
-1.58355
-2.94919
-4.16985
-3.98817
-2.69496
-4.42548
-4.50813
-4.51809
-4.48663
-3.74622
-3.88379
-1.65364
-4.35605
-1.21222
-1.91492
-0.683023
-4.53744
-4.34611
-4.53439
-1.88658
-4.46674
-4.46136
-4.28952
-0.518921
-4.06614
-4.47605
-0.901712
-4.38143
-4.52628
-4.41619
-4.28746
-3.092
-5.55866
-4.56542
-4.5359
-4.06446
-1.18308
-4.3728
-4.40201
-4.2983
-1.27816
-4.27355
-4.33315
-4.68762
-4.37135
-2.52532
-1.07019
-4.28451
-4.4595
-4.63554
-4.4396
-1.01405
-1.7018
-4.53889
-0.776643
-0.890816
-4.58618
-4.2502
-4.72615
-4.4232
-4.39278
-1.1777
-4.58296
-4.53281
-4.6444
-1.38738
-5.71071
-0.934946
-4.54138
-4.38718
-0.511889
-3.98988
-4.25685
-4.2785
-4.54258
-0.923935
-4.66889
-4.5973
-4.45294
-4.30741
-1.69598
-4.49803
-2.84543
-4.41556
-4.35192
-4.58083
-4.98201
-1.30876
-5.71095
-4.23557
-4.39899
-4.50953
-4.90026
-0.851345
-4.29999
-1.61722
-4.13692
-4.38834
-0.520006
-4.26368
-4.58226
-4.58233
-4.49564
-2.85813
-4.4601
-1.30597
-4.33059
-4.24846
-2.3768
-4.82841
-4.51726
-1.63669
-4.27269
-4.50014
-1.22644
-4.36711
-4.23621
-4.40506
-2.91366
-4.55439
-0.886022
-4.04635
-4.39501
-4.41926
-3.03226
-0.732408
-0.896936
-4.57396
-1.75367
-4.53931
-4.26323
-2.31743
-0.728725
-1.19549
-0.784629
-4.6371
-4.69267
-4.52899
-4.58771
-4.39974
-4.33557
-4.56875
-4.28226
-1.67013
-4.46078
-4.3254
-4.01682
-4.49183
-4.34982
-0.750848
-4.27197
-1.17814
-4.61056
-4.49246
-1.46359
-2.1474
-1.02402
-4.76508
-2.81399
-4.49133
-4.35163
-2.18873
-4.30847
-4.44028
-1.32279
-4.43441
-4.51026
-1.50674
-1.88634
-4.54688
-4.21541
-4.48485
-4.85698
-1.294
-4.44269
-4.46119
-4.7387
-1.43677
-1.90177
-4.35597
-4.49916
-1.62761
-3.97319
-4.83614
-4.45691
-1.75717
-2.4852
-1.26359
-4.43249
-4.75677
-4.01368
-4.34234
-4.21227
-1.30623
-5.51496
-1.67662
-0.875944
-4.02941
-4.39237
-0.739286
-0.731297
-4.59239
-2.89863
-4.29989
-0.894115
-0.715878
-0.639153
-4.30686
-0.807142
-4.66945
-4.56362
-4.53328
-4.51206
-0.864208
-4.38991
-3.19034
-4.45523
-1.25535
-4.46098
-2.12814
-1.11065
-4.24572
-4.64601
-4.76515
-4.24009
-4.84985
-5.22692
-5.16796
-4.39203
-1.67864
-4.48996
-4.70663
-1.04065
-4.75854
-4.26364
-1.23728
-3.33981
-4.46839
-4.76221
-4.23297
-0.809989
-4.47065
-2.91108
-4.51016
-4.4013
-4.59561
-0.987558
-0.724078
-3.40933
-4.72139
-4.48991
-0.883465
-4.30687
-4.35935
-4.88656
-4.61096
-4.02716
-4.02872
-4.80575
-1.79032
-1.737
-4.52734
-4.29963
-4.48302
-1.7724
-4.55051
-0.724236
-4.88651
-1.77195
-4.76981
-4.45305
-1.22362
-1.05408
-4.24937
-4.77117
-4.6871
-4.63858
-4.43365
-1.8007
-3.02781
-0.99357
-4.44169
-4.55855
-4.50875
-4.26389
-4.36691
-4.49422
-3.95235
-4.86754
-4.42362
-4.31084
-4.44306
-4.88772
-1.06447
-4.2335
-4.45406
-4.87326
-4.5705
-4.32106
-2.80538
-1.31441
-1.03955
-4.56016
-0.887699
-1.90166
-5.84273
-1.09611
-4.41176
-4.7155
-4.39036
-4.80828
-4.50935
-0.898675
-4.4811
-5.55309
-4.64989
-0.913292
-4.46291
-1.50111
-1.46241
-4.928
-4.56923
-0.919037
-4.57854
-0.900418
-4.54974
-4.60466
-4.71205
-4.54094
-0.769671
-4.5259
-2.92581
-4.35461
-4.71853
-4.36303
-1.58673
-4.70991
-4.2571
-4.55881
-4.77697
-4.45254
-4.53696
-3.75143
-4.56016
-0.990699
-4.45494
-4.5192
-4.51671
-4.54816
-4.30393
-4.91863
-5.86514
-4.74429
-4.03963
-4.48583
-4.67026
-4.56716
-4.58357
-4.4347
-1.47237
-4.60319
-4.58375
-0.719171
-2.50097
-6.00332
-4.45086
-1.68157
-3.93894
-4.5293
-4.47267
-4.30356
-4.55193
-4.5234
-4.50448
-1.20814
-1.18231
-4.45639
-4.58927
-4.25938
-4.92284
-4.35137
-4.319
-1.49137
-4.30361
-5.64888
-4.48877
-4.40655
-4.46285
-4.29873
-4.26946
-1.59308
-4.34942
-1.19169
-4.56934
-4.90273
-2.03436
-4.41516
-4.06926
-4.74179
-4.25105
-1.67871
-4.50562
-4.55429
-1.57759
-4.24518
-4.51879
-1.763
-1.48864
-4.41483
-4.63141
-4.32147
-4.43863
-5.4989
-4.35152
-4.11645
-4.32261
-4.57673
-4.51244
-3.86637
-4.46278
-0.915532
-4.47104
-4.35635
-1.04514
-4.41916
-4.34388
-4.7573
-4.53543
-4.49403
-4.12972
-4.20928
-4.66007
-1.54244
-4.67301
-4.48725
-4.4941
-4.88277
-4.17025
-2.96652
-4.46653
-3.6823
-1.42507
-4.6978
-4.43539
-1.35123
-2.30604
-0.832241
-4.44424
-4.33686
-4.44533
-4.9318
-2.71179
-4.55393
-4.26461
-1.78573
-4.26076
-4.34074
-4.31186
-3.23529
-4.52822
-4.34387
-4.46144
-4.45639
-4.53205
-1.64107
-4.42357
-3.49381
-4.45345
-4.51716
-4.66412
-4.48579
-4.38299
-0.971941
-3.39813
-1.82322
-4.37405
-5.15241
-4.25982
-4.40471
-4.60903
-4.43457
-4.22365
-4.46966
-4.29891
-4.31652
-1.55289
-4.40021
-4.43824
-4.29467
-4.58473
-4.54
-2.22518
-1.29051
-1.43555
-1.3344
-1.74851
-4.22725
-4.45848
-4.53151
-3.91427
-0.949985
-1.95981
-4.34163
-4.44077
-3.94108
-1.31618
-4.38776
-1.236
-4.26976
-4.40521
-4.55407
-4.46864
-1.45795
-2.46342
-1.87657
-4.3949
-3.58
-0.848123
-4.50394
-4.34885
-0.733357
-3.11764
-4.44112
-0.540525
-4.46994
-4.43235
-5.33613
-4.47457
-4.46094
-3.82409
-4.315
-4.2927
-4.51161
-2.00986
-4.74343
-4.12289
-4.37911
-1.34474
-4.48826
-4.22093
-0.695857
-4.19029
-4.4365
-4.46408
-4.05637
-1.81243
-3.99813
-4.51788
-4.51346
-4.23665
-4.3329
-4.49851
-3.13567
-2.06847
-3.36231
-3.09732
-4.46223
-4.50665
-4.59404
-4.36367
-4.44158
-4.35216
-4.26571
-4.5186
-4.71809
-1.06685
-4.53695
-4.4312
-4.44873
-4.46971
-4.53655
-4.34949
-4.55196
-4.43556
-4.77419
-4.30785
-4.26453
-4.45067
-1.24782
-4.35285
-1.36163
-4.53275
-4.4532
-0.968249
-1.2673
-4.49583
-0.496769
-4.39916
-4.43722
-4.29862
-4.15748
-4.45159
-4.39613
-4.23521
-4.53077
-4.35902
-4.53436
-5.17463
-0.693479
-4.31339
-0.899826
-2.9015
-0.931729
-4.55217
-4.5341
-4.45496
-4.37325
-0.68869
-2.21291
-4.31975
-4.59677
-4.23892
-1.50848
-2.7555
-4.52415
-4.46527
-4.31351
-1.47973
-4.69366
-1.2344
-4.25042
-4.64416
-4.11938
-4.50025
-1.06823
-4.41096
-4.48699
-2.17173
-4.38239
-1.06119
-1.5061
-1.87233
-4.62192
-4.47986
-4.52933
-1.93756
-4.58985
-4.35656
-4.54217
-4.35406
-1.75471
-1.16644
-4.5131
-4.22716
-4.27217
-1.60573
-4.71778
-4.33931
-1.08769
-4.54798
-3.7371
-4.03457
-4.27976
-4.64705
-5.46763
-4.32835
-1.21175
-3.67525
-4.58881
-0.977979
-0.639804
-4.37126
-4.36414
-4.27511
-2.49458
-2.59408
-2.18251
-4.52085
-1.25913
-1.47943
-4.38178
-1.79712
-4.63973
-4.3958
-4.53555
-4.32213
-4.43946
-4.80239
-4.413
-4.44686
-4.31457
-4.45724
-4.41048
-4.12826
-4.37573
-0.707591
-1.88283
-3.65715
-4.42941
-4.62597
-4.51509
-1.77641
-1.35749
-0.729022
-4.25311
-3.91361
-0.942214
-4.03837
-4.52368
-4.32501
-4.46181
-4.57599
-4.3343
-4.30203
-4.89631
-4.53496
-4.28113
-4.31191
-3.94335
-2.23304
-0.951792
-4.43201
-4.33513
-4.81327
-2.95435
-4.23903
-4.299
-4.47178
-4.64596
-4.86496
-0.887375
-4.2503
-4.48964
-4.52182
-4.85418
-4.11319
-1.56107
-4.55863
-4.50575
-4.30254
-3.20822
-1.35958
-0.762563
-4.47961
-4.73142
-4.532
-0.887382
-2.98322
-2.97779
-4.44868
-4.97697
-4.6492
-4.32722
-3.3237
-4.57955
-4.89221
-4.46444
-4.29822
-4.27846
-4.45231
-4.44237
-4.30537
-4.30807
-4.85563
-2.13171
-4.62087
-1.34738
-1.10279
-1.7459
-4.2904
-1.55175
-1.16242
-4.85278
-2.73732
-1.39026
-4.38036
-5.12264
-4.51032
-4.34309
-4.39161
-2.47513
-4.4355
-4.90149
-1.44416
-4.28168
-4.5349
-1.77783
-3.03084
-4.46745
-4.49964
-4.30436
-4.37303
-4.4408
-2.46847
-0.520988
-4.50733
-4.32652
-4.46744
-4.36604
-3.029
-4.36972
-2.18155
-4.16028
-0.868273
-1.52267
-4.41783
-1.49551
-3.90938
-4.3768
-1.77453
-4.21831
-4.16589
-1.25802
-4.30667
-3.74455
-3.91155
-2.7425
-4.51738
-4.29215
-4.46727
-4.54803
-5.70886
-4.44067
-3.98843
-4.25878
-1.94478
-2.9212
-4.49948
-4.66227
-1.46633
-1.56943
-3.88501
-1.52919
-4.31439
-4.34346
-4.29748
-4.51844
-1.89291
-4.55636
-4.47086
-0.649409
-4.37111
-2.46873
-4.44254
-1.27684
-4.54993
-4.43696
-4.49036
-4.78328
-4.45741
-4.28397
-0.964951
-4.43422
-4.31511
-4.55393
-4.509
-0.738913
-2.90799
-3.9281
-4.45665
-4.28828
-0.8965
-1.89368
-4.04664
-4.29588
-4.85047
-4.82193
-1.74914
-4.44554
-4.58169
-2.39951
-4.50452
-4.51479
-5.62698
-4.56001
-1.56476
-1.48998
-4.21785
-2.9834
-3.36885
-4.93104
-4.4066
-4.31067
-4.58949
-1.00564
-0.934368
-4.52885
-4.5441
-1.38726
-1.19337
-3.07237
-4.52801
-4.06839
-4.46307
-4.53087
-1.2448
-3.55102
-4.27638
-4.42975
-4.25799
-4.20676
-4.36111
-4.28622
-4.46064
-4.29275
-3.21991
-4.14925
-4.51781
-6.08625
-1.45895
-4.24642
-5.06573
-1.74742
-4.84305
-4.43072
-5.01393
-4.27109
-4.32876
-1.36541
-4.28265
-5.86649
-4.3584
-4.5104
-4.47999
-4.64264
-0.988522
-4.35084
-4.28732
-4.42511
-1.17862
-4.28912
-1.71622
-4.50656
-4.43408
-3.07488
-4.47064
-4.68079
-5.62792
-4.0777
-4.49889
-4.47942
-4.3231
-1.56827
-4.53748
-5.02847
-4.58646
-1.86716
-4.90732
-4.28624
-4.36876
-4.31923
-4.30085
-1.50529
-3.32543
-4.20465
-4.32003
-4.0283
-4.4611
-2.91891
-1.11372
-4.3139
-4.35942
-4.52519
-4.45124
-4.44974
-4.5884
-2.9179
-4.4888
-0.622001
-4.56839
-4.26254
-4.46942
-4.47883
-4.54206
-0.733074
-4.74309
-4.28204
-0.909841
-3.63572
-4.54679
-4.13971
-4.48776
-4.57233
-4.28347
-4.30492
-4.63781
-1.83396
-5.47823
-4.34405
-5.40917
-4.29649
-4.40836
-1.33525
-4.50673
-0.664137
-4.49452
-4.68154
-4.73386
-4.888
-4.30337
-1.75684
-4.28286
-4.2298
-4.27845
-4.38341
-4.70856
-4.7364
-1.01538
-1.51882
-4.31317
-4.8003
-4.45656
-4.43863
-3.33856
-3.9567
-4.52871
-4.65421
-4.52362
-0.9684
-0.0913855
-4.56164
-4.86088
-0.897742
-2.14734
-4.29801
-4.36315
-4.44778
-4.60145
-4.67802
-4.3821
-4.55522
-4.63834
-0.916133
-4.13239
-4.57894
-2.07364
-4.43662
-4.63216
-4.46256
-4.54765
-4.07774
-0.944556
-1.66475
-2.48171
-4.38807
-4.31397
-4.40489
-4.39851
-1.28542
-4.6687
-4.70994
-4.51974
-4.49837
-4.27645
-1.00205
-4.54552
-4.24908
-4.18472
-4.5499
-4.56393
-4.60556
-0.919573
-4.4183
-0.650466
-4.59842
-1.31372
-4.31738
-4.60582
-4.57659
-1.66327
-3.09057
-4.45745
-4.65862
-1.04047
-0.836407
-4.47713
-4.24368
-0.999133
-4.03442
-4.52099
-4.20322
-4.27579
-2.87798
-4.26419
-0.715177
-4.44241
-4.25445
-4.47304
-1.37408
-4.41627
-0.973342
-3.82301
-4.885
-4.40677
-4.34874
-1.26736
-0.900159
-4.41143
-3.02142
-4.23574
-1.43664
-4.47344
-4.21091
-4.46533
-5.68046
-1.37684
-4.36932
-4.24887
-1.47026
-4.43876
-4.30203
-4.35156
-4.42381
-4.49202
-1.0498
-2.43835
-4.37979
-4.58085
-1.25458
-4.47492
-4.52059
-0.989478
-1.54688
-4.28896
-2.94129
-1.92349
-1.44285
-2.89642
-4.55014
-4.75733
-4.29742
-1.53071
-0.18563
-4.46749
-4.34905
-4.3847
-4.27707
-4.80598
-4.22506
-4.20397
-2.47297
-1.23246
-4.99508
-0.779299
-1.62608
-4.52071
-4.43335
-4.37337
-4.59412
-4.0604
-4.58101
-2.90801
-4.35917
-4.50424
-4.68933
-1.67828
-4.33281
-4.65342
-5.02016
-4.82261
-1.06535
-4.45361
-4.53068
-4.28391
-4.87203
-4.48937
-4.00816
-4.46172
-4.39644
-4.28881
-2.0142
-4.5239
-4.90602
-1.35835
-4.3915
-4.44963
-1.51449
-1.07671
-2.07729
-4.6011
-1.04173
-1.68231
-4.37827
-3.77503
-1.38335
-1.36731
-4.6468
-4.53262
-3.84563
-4.4316
-4.81003
-5.60524
-1.43931
-4.38534
-1.26804
-4.50959
-4.54882
-4.33953
-3.32493
-4.25639
-1.46781
-4.3108
-4.49876
-4.16285
-4.47427
-4.39182
-1.09989
-4.52957
-1.39037
-4.50807
-5.5237
-5.02273
-2.05929
-1.89282
-0.600879
-1.27567
-5.06632
-4.20264
-4.55896
-0.773897
-4.49611
-4.896
-3.36094
-0.858282
-1.53908
-2.42906
-4.33036
-4.29661
-4.2404
-1.99946
-0.477701
-4.41769
-4.40416
-1.59709
-3.95667
-4.34168
-4.5079
-4.13366
-4.7008
-4.45846
-1.74938
-4.68497
-4.40555
-0.673803
-4.41433
-1.29227
-1.62847
-4.36392
-4.28541
-4.07917
-4.36885
-4.42229
-4.33994
-0.742419
-4.4355
-4.51811
-4.86889
-4.25236
-4.54082
-1.59076
-4.24927
-4.49328
-4.44519
-4.37176
-4.35013
-4.18952
-4.1346
-2.00415
-4.29532
-4.31261
-4.33399
-4.52077
-1.27657
-4.5901
-4.55334
-4.41359
-1.40036
-4.79175
-1.57152
-3.38842
-4.27141
-4.43425
-4.34177
-0.681024
-4.35659
-4.79656
-2.46778
-3.11213
-4.545
-4.45765
-5.21929
-4.85508
-4.48682
-4.44649
-4.76892
-4.58612
-4.34421
-4.39882
-4.37931
-2.14076
-4.25372
-4.26097
-2.81343
-4.47193
-5.12711
-4.08333
-4.34092
-5.67575
-0.780074
-4.7964
-4.25751
-1.0133
-1.45056
-4.31425
-5.551
-4.40769
-4.60039
-4.40835
-1.49863
-1.59932
-4.84364
-4.44435
-4.54336
-4.53031
-4.24799
-4.59955
-4.42713
-4.41383
-4.46478
-4.45168
-4.76889
-1.26506
-4.22608
-1.87982
-2.92324
-4.02766
-4.58768
-4.30607
-2.15676
-4.51547
-1.58121
-4.27246
-4.49563
-4.50378
-1.37609
-4.53094
-0.721725
-4.26194
-2.22346
-4.18007
-4.45251
-4.25304
-4.46152
-4.09839
-3.93472
-4.78289
-4.26688
-2.21511
-4.44026
-4.51144
-3.1725
-3.13776
-4.54173
-0.534107
-5.00451
-1.45132
-4.46123
-1.56873
-4.35926
-4.60833
-4.21807
-4.56453
-4.39776
-1.89121
-4.31823
-4.2583
-5.17055
-4.52332
-4.28945
-1.32676
-4.33912
-4.43157
-0.997008
-4.5237
-1.53349
-4.27064
-4.78046
-2.96018
-3.78016
-4.39794
-4.08332
-4.69262
-4.24374
-4.80505
-0.725766
-4.43442
-1.51859
-4.40435
-1.69537
-5.8273
-1.12059
-4.39047
-4.5528
-4.6445
-4.04828
-1.39744
-4.27659
-0.710822
-0.912521
-4.46892
-4.23904
-3.1762
-1.04606
-1.29459
-4.61166
-4.22966
-4.38247
-4.25089
-4.45188
-4.51403
-1.01224
-4.53092
-4.2748
-4.67083
-4.88428
-1.52665
-4.35316
-0.758959
-4.57712
-1.22492
-1.11128
-0.840851
-4.27371
-4.84678
-4.5022
-1.2258
-4.36918
-4.50649
-2.1969
-4.60289
-1.39744
-4.27785
-4.30356
-4.37139
-3.18064
-1.58906
-4.49993
-4.34352
-4.36016
-2.11546
-1.99162
-1.3334
-3.75151
-4.52807
-1.66421
-4.21834
-4.44798
-4.59707
-4.36623
-1.78922
-4.88104
-4.5229
-1.19991
-4.2201
-4.27483
-4.51048
-4.23708
-3.36353
-4.80098
-4.41888
-4.47252
-4.38802
-4.51861
-4.69352
-4.50141
-4.25123
-4.30838
-4.41521
-4.2065
-4.77499
-1.8029
-5.01722
-0.774742
-4.67899
-4.68678
-4.06986
-4.87194
-2.2102
-4.24228
-4.53846
-1.58973
-4.4838
-4.38069
-4.64295
-3.92819
-5.06646
-4.064
-4.63603
-4.68502
-4.57636
-4.77227
-4.3679
-4.91185
-4.46821
-4.32578
-5.27441
-4.29656
-4.3074
-2.92021
-4.85729
-4.50328
-1.06365
-4.22607
-4.51537
-4.41141
-2.49151
-4.53086
-4.46956
-4.53307
-0.764046
-4.87374
-4.51857
-2.13171
-4.26924
-0.958289
-4.3848
-4.77473
-4.55588
-4.47162
-4.87985
-5.4332
-4.42411
-4.2904
-3.96413
-1.08845
-2.92963
-4.34215
-4.49944
-4.0579
-1.36304
-1.25044
-1.75148
-4.55287
-4.0624
-4.88095
-4.57524
-1.46425
-4.42794
-4.51271
-4.35993
-4.46882
-4.47965
-1.60551
-4.66623
-4.51279
-1.26176
-0.75918
-4.51531
-1.49379
-4.32735
-4.34209
-4.28274
-4.30521
-4.88766
-1.52751
-4.62634
-1.47458
-1.30766
-4.1138
-4.65035
-4.00444
-4.50951
-1.29157
-2.83983
-1.46353
-4.42762
-4.41873
-4.24312
-4.49827
-4.67759
-4.46667
-4.61044
-3.1691
-4.24784
-2.49029
-4.17456
-1.51593
-4.55741
-4.87188
-4.32722
-0.876194
-3.17051
-4.54367
-4.33577
-4.41681
-4.34898
-4.48649
-2.24642
-3.01728
-4.48334
-4.27624
-4.34594
-4.17866
-4.60802
-1.89833
-4.27685
-1.5495
-4.56246
-0.792915
-1.59319
-4.51961
-4.5475
-1.79627
-1.05824
-4.51165
-4.42066
-4.26052
-4.39852
-4.33674
-1.57611
-3.48233
-0.945882
-1.38506
-4.3018
-4.52707
-0.851117
-4.52027
-2.91408
-4.75263
-4.59543
-4.4626
-4.24883
-1.27461
-4.39797
-4.86701
-1.37563
-4.46016
-4.91032
-2.92946
-1.67525
-4.53991
-1.75103
-1.45285
-5.66183
-4.54481
-2.9721
-4.51514
-4.41066
-1.35572
-4.45661
-4.2237
-2.26246
-3.15432
-1.2861
-4.47926
-5.46738
-1.01991
-1.53582
-4.61332
-4.85089
-1.48612
-4.49669
-5.94141
-4.46188
-4.49005
-4.40375
-4.37377
-4.40877
-4.40294
-4.02337
-4.51953
-4.46317
-4.3513
-4.1511
-2.09417
-4.27565
-4.70309
-4.24594
-1.53378
-3.89323
-4.48396
-4.50855
-4.21552
-5.70997
-2.74727
-4.4415
-4.32562
-4.08051
-4.34897
-2.84413
-4.37748
-3.08975
-3.12657
-1.28566
-0.968109
-4.43993
-1.34399
-4.45269
-3.50853
-4.50357
-4.45611
-4.56964
-4.54379
-4.51763
-3.80047
-4.17705
-4.60607
-1.01269
-4.3967
-5.8156
-0.852474
-4.55902
-1.67531
-4.72158
-4.74271
-4.5571
-4.30119
-4.82646
-4.43627
-4.44744
-1.00631
-4.36551
-4.25838
-4.84284
-4.58799
-4.74224
-4.3532
-0.772736
-4.53338
-4.70818
-5.32061
-4.37912
-4.88703
-4.97366
-4.43323
-4.29899
-4.847
-1.22216
-4.33807
-4.48053
-2.21763
-1.36118
-1.38855
-1.45325
-4.44425
-4.65943
-3.29047
-4.56781
-4.89996
-1.87591
-5.11067
-3.67761
-4.41922
-0.701924
-4.26855
-4.37851
-4.38992
-0.933107
-4.4791
-0.699868
-1.52451
-4.6686
-4.3839
-4.28519
-4.64637
-4.4524
-4.17408
-4.46454
-4.3867
-4.43793
-4.36068
-4.84441
-4.27832
-1.36125
-2.48055
-3.53054
-1.59533
-2.80668
-4.88077
-1.35044
-2.44395
-4.42846
-4.31999
-4.30043
-1.90742
-4.40288
-4.52997
-4.53433
-1.31216
-1.3263
-0.983488
-3.33312
-1.67146
-2.79421
-3.16248
-4.56846
-1.80003
-4.1444
-4.00092
-4.9115
-3.74603
-4.37317
-4.26978
-4.76597
-4.33413
-3.10083
-4.60625
-4.47361
-5.9171
-1.12246
-3.99117
-4.51496
-4.2828
-4.82962
-4.12272
-1.31681
-4.2669
-4.3133
-4.77072
-4.70077
-3.85516
-4.41812
-4.4907
-4.19172
-4.37878
-1.49136
-4.71447
-4.25386
-4.46893
-4.43796
-4.39271
-1.6737
-0.861398
-4.67257
-4.4926
-4.50061
-4.25036
-4.37304
-1.71763
-3.96561
-1.12904
-1.10428
-4.38838
-4.50043
-5.34575
-4.47969
-4.29112
-0.972151
-2.57108
-4.28432
-3.39382
-4.16917
-1.82087
-4.87506
-4.62725
-4.42392
-4.57379
-4.54299
-4.28424
-4.26046
-1.89152
-1.35444
-2.08541
-4.72775
-0.863361
-4.31834
-1.03215
-4.31634
-4.45714
-4.29812
-4.44844
-4.80217
-1.56652
-4.68772
-4.54302
-1.29562
-4.49508
-4.33491
-4.32817
-4.22008
-4.25846
-4.45717
-4.65303
-1.25053
-4.39992
-1.34674
-1.58761
-4.50857
-4.01852
-5.42581
-4.37546
-5.94145
-4.48334
-2.12358
-4.81541
-4.38618
-4.33215
-1.02634
-4.77238
-4.40264
-1.78135
-4.32275
-4.28838
-0.574379
-0.596341
-4.4793
-4.2894
-4.42949
-4.57006
-1.00506
-4.50308
-4.2521
-4.26356
-4.80011
-1.1104
-4.44514
-4.53322
-3.01789
-4.45192
-4.35215
-4.40593
-4.27433
-4.31097
-4.26499
-4.78215
-4.87162
-0.694973
-0.633371
-4.85797
-4.86505
-1.4839
-1.34957
-4.88539
-1.61923
-4.28506
-4.79702
-1.16187
-4.4338
-4.29023
-1.07094
-1.99841
-1.38861
-1.28249
-4.51267
-4.122
-4.34681
-4.10223
-1.34511
-5.60112
-4.45515
-4.39201
-4.89403
-0.719767
-4.45992
-4.48448
-4.89919
-1.40672
-4.44197
-4.65924
-1.74385
-4.43055
-4.74376
-1.93204
-4.81726
-4.37568
-4.90605
-4.37274
-4.37435
-4.31994
-4.25513
-4.27275
-1.61392
-4.52929
-4.37416
-1.50489
-3.03979
-4.58051
-4.58811
-0.92098
-4.33711
-1.99202
-4.09124
-0.755423
-4.41446
-0.938707
-1.11174
-4.51382
-2.93964
-4.85881
-2.2484
-4.44955
-4.29094
-0.730141
-4.31282
-4.46604
-0.699141
-4.47727
-4.39008
-4.33713
-2.25151
-5.51777
-4.46495
-1.92507
-1.30365
-3.06197
-5.12728
-4.23548
-1.38185
-4.73085
-4.28032
-4.35671
-0.77679
-4.79963
-4.46762
-4.78955
-4.53449
-4.4785
-4.5611
-4.51861
-4.56252
-4.52183
-4.47372
-4.8651
-1.89446
-4.56809
-4.5192
-1.90059
-1.40839
-4.30218
-4.80345
-1.73704
-4.88223
-4.45784
-4.25468
-4.01118
-4.31054
-1.75766
-3.83953
-4.27816
-4.89223
-4.84888
-4.20379
-4.37731
-1.622
-4.78526
-4.48185
-4.36416
-4.53511
-4.57969
-4.22622
-4.35446
-1.11399
-4.68961
-4.37283
-4.68455
-4.49944
-5.04115
-4.36447
-4.35105
-4.70667
-4.57323
-1.08406
-1.00089
-4.81547
-4.51374
-4.66988
-4.53252
-4.44224
-1.48333
-1.27748
-0.624281
-4.47867
-1.33849
-4.24056
-4.36706
-4.50619
-3.88018
-4.44677
-2.13272
-4.52418
-0.766531
-1.81413
-4.17727
-4.58188
-4.07471
-2.3244
-4.38373
-4.60257
-4.07121
-5.88228
-4.37107
-4.55506
-3.04012
-1.43095
-4.41791
-5.62357
-1.33213
-4.39842
-4.09908
-1.40951
-1.32762
-4.29444
-4.56344
-4.49472
-3.08845
-4.48822
-1.34243
-4.89616
-4.47177
-4.42985
-4.39156
-4.37438
-3.35258
-1.52246
-0.910807
-2.99777
-0.70845
-4.03717
-1.09836
-3.8683
-4.52856
-4.33836
-4.363
-4.6106
-5.14784
-3.20757
-0.902151
-4.40989
-1.44519
-3.98284
-4.5992
-4.49277
-5.61482
-5.33858
-4.59669
-4.65669
-4.50719
-0.91517
-2.43656
-4.38116
-4.86966
-1.62957
-5.72439
-5.17599
-2.95282
-3.96889
-1.88921
-5.92658
-0.55799
-2.16852
-5.47564
-4.85171
-4.45733
-1.63125
-4.46044
-4.37071
-4.48101
-0.924771
-4.4166
-1.10996
-4.45901
-4.29205
-4.22517
-1.91559
-4.40424
-4.44027
-4.47618
-3.12839
-1.48173
-4.8822
-2.86093
-1.81787
-4.2341
-4.60464
-1.43676
-4.42313
-1.04574
-4.45178
-4.41306
-1.30434
-1.51103
-1.29103
-4.08627
-4.46021
-4.42629
-4.03728
-4.43
-4.2347
-3.07753
-1.38278
-4.32213
-0.775389
-1.47829
-1.53966
-1.13466
-2.90909
-4.15476
-4.29922
-4.38452
-4.59313
-4.16605
-1.51122
-4.54407
-5.28706
-4.87818
-5.63509
-4.85555
-1.41206
-4.38363
-4.45522
-0.986518
-1.67129
-4.06256
-2.10316
-4.84021
-4.27552
-4.70709
-3.0206
-4.30431
-4.30573
-4.27414
-4.24443
-4.40125
-2.99529
-3.1368
-4.46162
-5.35704
-5.01449
-1.12644
-4.69837
-5.06393
-4.5113
-4.30992
-4.81104
-4.46229
-4.15697
-3.93753
-2.89093
-4.19238
-4.6005
-4.40128
-4.28043
-4.94022
-4.43787
-3.7054
-4.32854
-5.34969
-0.744157
-4.62197
-4.5329
-4.70139
-4.26695
-4.46123
-1.89638
-2.86649
-1.44725
-5.14497
-0.682574
-4.23266
-4.35996
-4.44001
-4.54731
-4.30888
-1.40286
-4.23051
-3.34995
-4.21515
-1.1028
-1.14906
-4.52393
-4.47278
-6.09106
-2.02619
-4.69602
-4.16509
-4.43472
-4.52929
-4.4799
-1.65367
-1.66842
-4.11594
-4.90245
-0.617607
-1.52706
-4.31215
-4.36814
-4.23789
-2.31924
-3.96488
-2.02641
-4.38939
-4.81241
-1.0168
-1.56838
-4.44009
-4.31553
-4.69656
-4.59104
-0.984996
-4.30989
-1.30188
-4.28076
-4.52006
-4.44339
-0.752548
-4.19318
-1.51309
-4.32658
-4.33846
-4.54589
-3.3125
-1.3651
-4.85205
-4.56044
-1.42948
-3.66115
-0.997179
-0.715755
-4.4884
-4.92817
-4.28072
-3.03616
-4.12666
-4.37524
-1.39081
-1.76106
-4.7815
-4.27562
-1.81698
-4.42658
-4.60128
-1.8947
-4.44364
-4.33197
-4.55224
-4.4518
-4.47319
-4.8884
-4.28911
-4.51655
-4.90685
-4.8327
-4.29298
-4.59925
-4.22099
-4.28111
-4.36782
-3.69865
-1.3735
-4.80879
-4.23642
-0.538847
-4.47738
-4.24828
-1.07438
-4.43922
-4.71865
-2.20604
-3.70063
-4.34251
-4.40069
-4.30412
-4.29019
-1.31355
-4.39033
-4.78941
-1.78737
-1.47839
-2.57374
-1.0942
-4.42779
-0.883653
-0.745026
-4.87594
-4.65995
-1.35841
-4.81519
-4.28676
-3.3003
-0.957389
-4.28871
-4.85511
-4.52217
-4.42706
-1.88519
-4.38525
-4.15779
-2.22347
-0.966691
-3.08734
-3.1508
-4.84422
-1.41304
-1.29993
-4.27041
-4.8607
-4.11722
-4.46181
-4.40454
-4.17049
-4.51592
-2.94005
-2.37554
-1.35927
-1.73636
-4.83591
-4.20026
-1.19534
-3.98851
-3.87392
-4.28676
-1.76191
-4.34607
-4.55238
-4.44109
-1.62213
-2.72344
-0.733292
-4.24661
-4.68307
-0.759041
-0.517107
-0.690803
-2.93042
-5.57935
-4.48578
-4.37725
-1.1023
-4.52984
-4.27758
-4.89149
-4.41676
-4.27247
-4.11544
-1.3416
-4.63056
-4.39352
-4.70141
-1.6247
-4.36194
-2.44251
-2.10052
-1.08382
-4.88541
-4.53536
-4.7641
-0.964862
-0.990335
-3.153
-4.48417
-5.3243
-4.47805
-4.81746
-4.42611
-2.71029
-4.86427
-0.968544
-4.53139
-4.58598
-4.35341
-0.95892
-1.36589
-4.50758
-4.74231
-1.62521
-3.9015
-4.71047
-4.52559
-4.80365
-4.3764
-1.03595
-4.60525
-4.32873
-4.4813
-4.28544
-3.02379
-4.59763
-4.25449
-6.03045
-4.51713
-4.11864
-4.88503
-4.26427
-4.24476
-4.53638
-4.34086
-4.38413
-4.29087
-4.46979
-1.36628
-4.04055
-4.31657
-4.76264
-4.36917
-4.78159
-2.97477
-1.0613
-4.36749
-4.32272
-2.45446
-4.45601
-2.33205
-1.4161
-2.56293
-4.61291
-3.23947
-2.96874
-0.680722
-4.63093
-4.40756
-4.53259
-1.98548
-4.62491
-4.86023
-4.88877
-0.659113
-4.64364
-4.53407
-0.833601
-4.53403
-0.801653
-4.63837
-4.45422
-4.60142
-4.5141
-3.44519
-3.3159
-4.43371
-4.42864
-3.9223
-4.33927
-4.43941
-1.47105
-2.23773
-4.26917
-2.70984
-4.32909
-3.32818
-4.72463
-4.377
-1.35621
-1.72996
-4.43923
-1.79782
-4.61823
-1.73015
-0.727418
-0.666474
-4.45061
-4.51487
-4.43702
-4.54583
-4.53283
-1.03986
-4.68986
-0.927412
-3.48051
-5.20778
-1.9406
-1.6309
-2.30648
-1.53135
-4.43851
-3.48407
-5.84398
-4.5106
-4.43745
-1.00089
-4.58229
-4.49742
-4.44635
-4.18559
-2.7609
-0.916478
-4.63208
-4.28499
-4.19636
-1.43115
-4.71953
-4.66631
-2.46573
-4.82014
-4.41285
-4.8944
-1.35493
-4.33567
-4.7076
-5.42894
-1.56382
-4.28434
-1.01226
-4.30475
-4.33554
-4.13019
-4.53764
-0.791058
-1.23637
-4.41131
-4.39864
-1.57603
-4.42119
-1.38246
-4.54974
-4.30421
-4.26693
-1.18457
-4.78212
-1.21942
-4.47598
-5.14025
-4.26449
-4.59748
-4.58732
-4.63373
-4.59068
-0.704065
-4.47598
-1.423
-4.53313
-1.89582
-4.13664
-4.36566
-4.42162
-1.3094
-1.72061
-4.87573
-1.39193
-4.46008
-1.40253
-0.805403
-4.77866
-4.67836
-1.07896
-4.83777
-4.51667
-4.27878
-4.10044
-4.30203
-4.33086
-1.11936
-1.51472
-4.75663
-1.7336
-4.16397
-4.51504
-4.53834
-4.37126
-4.29449
-4.39029
-3.17985
-0.62841
-4.13307
-4.59157
-1.3226
-1.26213
-3.98958
-4.46571
-4.61096
-4.51846
-1.74958
-1.15747
-2.02899
-4.40981
-4.34228
-1.45955
-4.44016
-4.34787
-1.55955
-5.79236
-4.2095
-4.51514
-1.56767
-4.87578
-4.28445
-4.53084
-4.86781
-4.46194
-4.5425
-4.40196
-4.62083
-4.31913
-1.99782
-4.30096
-0.888015
-4.5525
-4.49687
-4.30026
-4.46153
-5.25655
-2.00542
-4.27768
-1.08072
-0.795409
-1.73295
-4.50741
-1.56308
-3.46803
-5.7642
-4.4158
-2.8256
-4.16687
-3.00898
-4.21652
-4.45388
-4.52426
-2.90791
-1.61858
-4.26902
-4.34646
-4.41766
-4.48965
-4.32642
-1.5164
-1.34367
-1.66789
-4.65073
-1.33813
-4.26371
-4.30683
-4.43853
-1.01676
-4.4448
-4.71668
-4.51784
-3.47895
-1.26886
-4.25337
-4.33372
-1.77592
-4.21745
-1.10159
-4.38364
-4.38459
-4.02051
-5.95756
-1.00391
-4.34837
-4.27773
-1.02479
-0.755206
-4.35431
-2.18448
-4.88227
-4.7037
-4.59638
-4.31836
-5.54906
-4.3057
-4.85939
-4.24282
-3.29587
-0.877469
-4.14302
-4.29404
-1.72547
-4.42471
-0.870932
-4.46101
-4.18263
-4.32967
-1.90231
-4.88376
-1.52234
-4.36048
-4.85741
-3.90255
-4.93788
-4.63982
-4.6784
-4.93269
-1.03185
-4.57666
-2.00214
-0.879519
-4.45754
-4.28357
-1.33991
-4.29195
-4.52344
-4.62936
-1.11285
-4.54335
-0.885007
-2.27862
-5.18801
-4.6566
-4.44932
-4.32038
-4.05066
-4.31639
-4.55221
-6.09747
-2.92236
-4.47611
-0.767946
-1.10599
-5.02253
-1.91257
-3.48633
-4.55679
-1.17193
-1.48733
-4.25536
-4.12362
-3.91362
-4.56377
-4.44759
-4.72381
-4.65892
-0.802344
-4.43184
-1.66713
-1.27998
-4.7627
-4.46943
-1.13792
-4.34547
-4.59798
-4.51132
-4.36156
-4.54598
-3.58439
-1.41858
-4.50012
-2.90556
-5.1648
-4.62078
-1.09585
-1.33175
-4.54761
-2.55561
-4.18172
-1.38316
-4.5756
-4.77125
-1.51302
-1.26212
-5.88861
-4.44871
-1.69084
-4.52387
-0.76083
-1.31872
-4.45985
-4.33384
-5.00065
-4.1744
-4.7904
-4.26502
-2.05952
-4.65651
-5.94477
-1.74014
-5.67215
-4.84399
-4.82803
-1.8936
-6.08449
-4.81277
-4.19599
-4.38162
-5.01835
-1.39848
-4.23844
-4.31203
-0.981263
-3.07107
-4.50042
-4.87999
-4.53375
-4.60935
-4.53034
-2.58759
-2.60183
-3.79355
-1.81854
-1.60685
-4.72485
-1.29483
-4.22141
-4.3737
-1.15918
-1.27005
-4.25155
-2.10942
-4.01111
-4.2443
-5.61155
-4.65655
-0.94069
-6.09307
-4.58662
-1.36576
-4.76181
-4.34681
-3.59197
-2.4523
-4.48367
-1.44013
-1.27678
-1.69141
-1.43356
-4.37994
-4.55364
-4.72805
-4.74561
-4.44583
-4.92301
-4.46645
-0.87937
-5.13832
-4.48291
-5.3076
-1.33739
-4.45837
-4.2395
-4.48523
-4.53516
-4.28893
-4.73693
-4.58965
-4.52711
-1.79526
-4.31828
-0.740855
-2.21433
-4.3757
-4.73041
-0.82689
-4.69936
-4.6717
-3.9888
-4.31184
-2.80003
-0.875371
-1.47006
-4.71995
-4.24957
-4.81652
-4.66438
-5.34497
-4.53504
-1.57464
-3.90947
-4.55779
-4.36261
-4.12182
-4.38913
-2.77414
-1.76873
-2.02632
-5.66276
-5.63416
-4.41891
-1.40692
-4.59549
-4.38851
-1.75581
-3.12252
-3.89026
-0.678758
-4.34329
-1.65794
-4.12494
-4.44167
-4.547
-4.46393
-4.87429
-1.91857
-4.30293
-3.02838
-4.32083
-4.83293
-3.54677
-4.50988
-4.58086
-4.22679
-1.15852
-4.13854
-0.980834
-1.66979
-0.772797
-5.62487
-4.23048
-4.5471
-4.65519
-4.62212
-2.46942
-1.91341
-5.44604
-4.52806
-4.66572
-1.14297
-2.9085
-4.25187
-4.37799
-4.43716
-4.81634
-4.17853
-4.55949
-6.07208
-1.40888
-3.99902
-4.53348
-1.598
-4.24712
-4.47131
-4.40587
-4.66556
-4.29438
-0.747099
-4.50391
-4.72872
-4.27589
-4.3644
-4.52223
-4.24606
-1.2488
-1.11941
-4.8465
-1.64261
-3.10293
-4.73524
-4.49008
-2.74973
-4.67833
-4.46707
-4.312
-4.31073
-4.3086
-5.00344
-4.45644
-0.889693
-0.753928
-4.3156
-4.0449
-0.986698
-1.59126
-0.761781
-4.76684
-4.39725
-3.36867
-3.76352
-1.77071
-4.5486
-4.44245
-3.88207
-4.55423
-0.6807
-1.73453
-4.56201
-4.53884
-4.30327
-4.38531
-4.3196
-4.26494
-1.37116
-1.05703
-4.22817
-4.89737
-3.14586
-3.05335
-4.41225
-4.27773
-4.62975
-4.29442
-4.72939
-4.31961
-1.60998
-5.75648
-4.28659
-1.5013
-4.06479
-4.35271
-4.00049
-3.92345
-2.09185
-4.30179
-1.33833
-4.34027
-4.37659
-1.3903
-4.45698
-4.46395
-4.34738
-4.37522
-4.76849
-4.46679
-4.28032
-4.28493
-4.34828
-4.1926
-4.42805
-4.26572
-4.28835
-4.43656
-2.99866
-4.85828
-5.6479
-4.80833
-4.35994
-0.868537
-2.17277
-1.32837
-4.78432
-4.93449
-4.89196
-2.12231
-4.26554
-4.46703
-4.53428
-4.51438
-1.61785
-4.54164
-4.54527
-4.86945
-4.54792
-3.80078
-4.45119
-4.56227
-1.8644
-1.31347
-1.89156
-4.60633
-4.47547
-4.82264
-4.63507
-4.2601
-4.4408
-4.28696
-4.41156
-4.35962
-4.29577
-4.62496
-0.960676
-3.52684
-4.65055
-4.54348
-4.21112
-4.50501
-1.37667
-4.52457
-4.61233
-2.56658
-4.39022
-1.33849
-1.55027
-4.08942
-4.45563
-4.75352
-4.57669
-4.59484
-4.79578
-4.39851
-4.30138
-4.10611
-4.24489
-3.10852
-1.29906
-1.28989
-1.12443
-1.34141
-4.44381
-4.72352
-1.41901
-4.78364
-4.71291
-4.60852
-1.15765
-4.32269
-5.68582
-0.929524
-1.4801
-1.63076
-4.58672
-4.58496
-0.893251
-4.11138
-4.89279
-4.63221
-1.77102
-1.37995
-4.18129
-2.22916
-3.97971
-4.30481
-1.06891
-4.36379
-4.48706
-0.996847
-1.13838
-4.69534
-1.3963
-4.4158
-5.00207
-0.897285
-4.9183
-4.45363
-4.22456
-4.12797
-0.879637
-1.41034
-1.11122
-1.29001
-4.43418
-4.25008
-4.29686
-4.42712
-1.89589
-1.4799
-1.80022
-4.65175
-0.869039
-4.1194
-1.08962
-5.5535
-1.43486
-4.40299
-1.06902
-4.62959
-4.52501
-4.44525
-4.26547
-1.51575
-4.38671
-1.50165
-4.35107
-4.13117
-4.26444
-4.23032
-1.73686
-2.58725
-4.37722
-4.45086
-4.84258
-4.8666
-4.29804
-4.51117
-4.23184
-4.31519
-3.92226
-2.06147
-4.0112
-4.31725
-4.27572
-4.47249
-4.8515
-2.44579
-1.12371
-4.65876
-1.12291
-4.52747
-4.26388
-2.71955
-4.30261
-1.55413
-1.08835
-4.85433
-4.35912
-4.32453
-4.52655
-5.03949
-4.50006
-3.27272
-4.55903
-2.79941
-5.03397
-4.32656
-4.85372
-1.15652
-5.38108
-4.4821
-1.55895
-1.09107
-1.80345
-4.49089
-4.35769
-4.47851
-4.82927
-4.08679
-1.40501
-2.00184
-4.10995
-4.54734
-1.46255
-4.14794
-4.71513
-2.91523
-1.85447
-4.99018
-1.25908
-4.42678
-4.24076
-4.30853
-4.43023
-0.864947
-4.0911
-4.87306
-4.55656
-4.31294
-4.12341
-1.02549
-4.2504
-4.33786
-3.95007
-4.24175
-4.32427
-4.83177
-4.48655
-1.60753
-5.85755
-4.40306
-4.27485
-2.00952
-4.45674
-4.87914
-4.39168
-1.95662
-4.24566
-1.07955
-0.918
-1.86666
-4.53966
-1.06427
-1.45933
-1.18834
-1.19738
-4.53032
-0.68715
-4.47454
-5.06627
-5.62184
-1.35119
-4.52342
-1.33765
-1.5891
-4.72096
-1.07243
-3.04624
-4.27023
-2.81116
-4.35899
-5.01487
-4.64409
-0.760004
-4.59292
-6.02344
-3.93818
-4.37877
-4.77452
-4.54571
-0.817513
-1.13616
-4.49395
-4.36087
-4.90323
-1.22794
-0.819942
-4.57089
-4.46917
-4.33913
-3.93642
-4.24166
-1.50194
-4.47507
-4.63736
-0.719616
-4.22864
-1.01252
-4.26764
-1.90211
-4.55395
-4.4415
-4.68277
-4.50244
-2.92897
-4.32851
-4.66072
-1.21981
-4.43262
-1.14604
-1.3732
-1.18111
-3.0437
-4.57416
-4.54351
-4.65424
-4.91282
-0.672456
-4.65399
-4.46273
-2.22536
-4.90002
-4.99042
-4.69471
-1.42916
-4.75373
-4.22565
-4.41667
-4.43474
-4.31635
-3.26107
-3.01294
-4.26563
-4.63975
-4.5605
-0.863529
-4.3654
-5.04433
-1.2986
-1.40361
-4.47505
-3.46296
-2.89567
-4.27713
-4.59123
-3.23715
-0.884881
-4.85747
-1.42894
-1.80341
-0.341694
-4.44955
-1.11107
-0.767269
-1.51818
-2.58717
-4.29983
-1.22677
-4.48371
-3.09093
-4.77618
-4.77212
-3.83882
-3.95463
-4.46276
-4.44032
-4.25746
-4.22179
-4.57986
-4.11461
-4.59864
-4.53899
-4.23951
-4.73072
-5.82842
-1.63985
-4.37272
-2.34894
-1.00979
-4.28621
-3.21092
-4.24995
-4.40292
-4.72327
-0.838056
-1.98004
-1.61221
-4.45636
-4.9088
-4.40616
-0.954384
-4.24905
-4.33033
-2.17745
-4.42322
-4.49
-4.24806
-0.692478
-0.697648
-1.98265
-1.16821
-0.729193
-4.35412
-3.579
-4.38618
-2.31914
-4.19876
-4.11267
-4.42915
-4.32601
-1.82716
-4.20993
-4.23994
-4.72071
-4.38431
-4.48852
-4.51898
-4.4374
-4.89546
-4.25765
-1.20467
-1.51643
-3.25764
-3.33936
-1.1284
-4.99285
-5.60972
-4.67363
-1.13602
-4.34701
-4.3327
-4.52961
-4.46155
-4.76181
-4.23371
-3.03764
-4.4038
-1.39827
-4.06567
-4.52949
-2.84568
-4.34401
-4.44413
-4.57874
-0.82661
-4.29099
-2.96163
-4.75703
-1.80216
-1.38439
-1.85894
-1.46641
-1.12698
-4.41285
-4.41252
-5.00986
-3.39036
-4.49953
-6.09699
-1.02276
-4.2883
-4.41098
-4.21104
-4.4417
-4.32749
-0.897501
-4.50606
-5.59634
-4.689
-4.24686
-4.46196
-5.09915
-0.770427
-1.74006
-4.16619
-4.07811
-4.48951
-4.49578
-3.96182
-4.1682
-4.36207
-1.54571
-1.06612
-5.16399
-4.29424
-1.60922
-1.47932
-3.00956
-1.62077
-4.08285
-4.31574
-4.45435
-4.22842
-4.49424
-1.08969
-4.60803
-4.43818
-1.6407
-2.8952
-1.50646
-4.30615
-1.08183
-5.15407
-1.14349
-4.409
-2.72456
-4.75939
-1.37807
-4.42629
-4.07852
-1.60809
-4.27774
-4.49656
-4.53874
-4.40175
-4.33481
-5.13332
-4.37685
-4.35395
-1.48597
-4.46173
-3.82012
-1.87431
-3.09899
-4.45482
-1.34844
-4.37787
-1.88997
-4.8369
-4.18493
-4.71588
-4.51956
-1.69032
-4.89795
-4.64363
-4.29787
-4.47317
-4.31962
-4.63457
-4.47921
-2.20103
-1.26333
-5.93414
-5.15278
-4.27051
-4.02624
-1.01067
-4.33913
-4.60208
-4.58081
-4.82971
-4.08622
-4.57149
-4.55468
-1.7198
-2.08032
-4.55973
-4.535
-2.92908
-1.9097
-4.44379
-1.95349
-4.10331
-4.48029
-4.44562
-4.51456
-1.43395
-4.10834
-4.22149
-3.94014
-2.17992
-4.41609
-4.86814
-4.19766
-4.3804
-4.38737
-4.54221
-4.32512
-1.42787
-5.13835
-5.7834
-5.68718
-4.62261
-5.02737
-4.64285
-4.7865
-4.58066
-3.12822
-4.56481
-4.66348
-4.46747
-3.4347
-1.82659
-4.85482
-4.24596
-4.53354
-4.45209
-1.00172
-4.96275
-4.66117
-4.30726
-4.61343
-4.4237
-1.361
-4.59695
-4.49094
-6.07853
-4.50749
-4.61036
-4.27717
-4.82837
-4.34046
-1.56235
-4.66173
-1.48416
-4.2711
-1.35903
-4.33554
-4.44253
-3.5036
-2.92548
-4.84493
-4.81166
-0.890138
-4.60778
-4.59296
-1.94607
-4.4619
-4.01446
-4.40409
-1.26105
-4.39424
-4.20148
-4.34729
-4.44792
-5.23661
-2.17255
-3.2719
-4.4573
-1.35761
-1.72024
-4.73532
-4.30374
-2.07815
-4.82381
-4.43176
-1.39667
-4.48213
-4.47642
-4.29381
-4.74934
-4.63727
-4.05679
-2.96933
-2.85027
-2.00702
-1.8333
-4.68655
-4.25397
-1.68073
-4.41914
-4.42796
-1.33512
-1.75897
-4.685
-3.21358
-3.11715
-4.48961
-5.46093
-4.33347
-4.27562
-1.36426
-4.89592
-0.883025
-4.69126
-2.67632
-0.163371
-4.61094
-4.62353
-3.17746
-4.07349
-4.17975
-4.64581
-4.26213
-4.09958
-4.61086
-4.85452
-4.47369
-4.24116
-4.79803
-4.06707
-4.31489
-1.52146
-1.34225
-0.973772
-4.85252
-3.8527
-1.60501
-4.86644
-4.35494
-0.716988
-4.69577
-1.76304
-4.52494
-4.27123
-3.88496
-4.46402
-0.578681
-1.43862
-4.43769
-4.72946
-4.52528
-4.47613
-4.54729
-3.03558
-4.48967
-4.26019
-4.75199
-4.97113
-4.45665
-4.45649
-0.440835
-1.44851
-4.8346
-3.97929
-2.97442
-1.51443
-4.51413
-0.791351
-4.19382
-3.93615
-5.88716
-0.731045
-3.06262
-3.11493
-4.42754
-4.61354
-5.16385
-4.75941
-1.61278
-4.41953
-5.00366
-4.71574
-3.16299
-4.88737
-4.88906
-4.27253
-4.50105
-4.73634
-4.36203
-1.3593
-1.82921
-0.793646
-4.8688
-4.86475
-4.65013
-4.32295
-4.5794
-1.47624
-2.21244
-3.23968
-4.53459
-4.79296
-1.28782
-4.38488
-4.18723
-4.46178
-4.3677
-4.51435
-4.47488
-4.04549
-1.85387
-4.24629
-1.37206
-4.26144
-2.16423
-4.33615
-4.81386
-4.20704
-4.47855
-4.50971
-5.65898
-4.33468
-1.34724
-1.17767
-4.80466
-1.71715
-5.02687
-4.5311
-4.82014
-4.30521
-4.45996
-0.770161
-4.47932
-4.33848
-6.05463
-4.22413
-4.59171
-4.3292
-4.53742
-3.10439
-5.46723
-4.65207
-2.67899
-5.77154
-1.30596
-2.18597
-1.85983
-5.24912
-4.43317
-0.719266
-1.60727
-4.77867
-4.37304
-1.19747
-4.55175
-2.12391
-1.08441
-1.63503
-0.670498
-4.67839
-2.70944
-2.91838
-4.75423
-1.76401
-1.1425
-4.02933
-4.10267
-4.27198
-4.40079
-4.75272
-4.3399
-4.4836
-4.78374
-4.3844
-4.26903
-4.62049
-1.06512
-1.50848
-4.16759
-4.45744
-4.28861
-4.06612
-4.69289
-3.95593
-1.27462
-0.933983
-4.54456
-4.0781
-4.72083
-1.61858
-3.78242
-3.49606
-4.66868
-4.41784
-4.35319
-4.83011
-4.03399
-4.5825
-1.38324
-4.38087
-4.29928
-4.47487
-1.72591
-5.11529
-1.79151
-1.14894
-1.11119
-4.44878
-2.17912
-1.39563
-5.68146
-1.41593
-4.37237
-4.80812
-0.905867
-3.91444
-4.4892
-0.967583
-4.52652
-4.10399
-4.49121
-1.6109
-1.9007
-1.09038
-4.99035
-3.96747
-5.65993
-2.05351
-1.27606
-4.1392
-4.423
-5.45301
-4.09615
-1.74193
-4.35925
-4.89798
-4.71385
-1.44794
-4.5843
-4.59289
-4.4962
-2.33336
-1.51934
-5.89069
-4.44895
-4.6998
-4.20434
-4.5246
-1.42436
-4.44218
-4.39572
-4.78913
-4.39302
-4.45807
-5.94475
-4.55283
-4.91514
-2.08668
-1.44492
-5.20914
-4.1134
-3.28239
-4.64734
-4.36934
-4.16808
-4.38868
-4.47852
-4.28415
-2.19786
-4.66134
-4.60825
-4.61682
-4.05579
-4.73236
-4.75566
-4.3545
-1.47594
-0.717383
-0.910401
-4.47731
-4.5502
-4.04364
-2.63358
-4.14993
-4.40659
-4.53038
-4.37242
-3.37208
-4.65357
-2.97894
-4.13257
-1.37666
-1.0345
-4.65876
-1.96094
-4.31346
-1.35482
-4.484
-4.34646
-1.2667
-4.18858
-1.37275
-4.49114
-4.74048
-4.43947
-0.7256
-3.64399
-1.36926
-1.71608
-4.48586
-2.72172
-1.27921
-4.65723
-4.78815
-1.06208
-4.4056
-4.4037
-2.67027
-4.46165
-4.48513
-5.23646
-4.86391
-1.52218
-4.45373
-4.53916
-4.61896
-4.89249
-4.89623
-4.23698
-4.48664
-4.81748
-4.25061
-4.29537
-1.77976
-3.1616
-4.79688
-4.49365
-4.78934
-1.36496
-4.88735
-5.4338
-4.14921
-4.39596
-4.52507
-5.72024
-3.5919
-0.907902
-3.67902
-4.3911
-4.52655
-3.97624
-4.37425
-4.52531
-4.2077
-2.43351
-4.41995
-4.66638
-4.48773
-2.91674
-4.15736
-2.96463
-2.00224
-0.852941
-4.4617
-5.6774
-4.3885
-1.37018
-5.60013
-1.91679
-2.60855
-5.76938
-4.48401
-4.49773
-4.9013
-2.18006
-4.48704
-4.8882
-4.32989
-4.84678
-4.37357
-4.6946
-1.28893
-5.04335
-2.22049
-3.66543
-4.30911
-1.79238
-2.34628
-5.20372
-0.857676
-0.905316
-5.83849
-4.73192
-4.69768
-0.798475
-4.36242
-4.13731
-2.12954
-5.3994
-4.5269
-4.61882
-4.83538
-3.84769
-4.34772
-4.97336
-3.40313
-4.67705
-3.61555
-4.73005
-1.5843
-1.43368
-4.46804
-3.97483
-4.29101
-4.59723
-1.86409
-2.96479
-4.52776
-5.56373
-4.29878
-2.91559
-1.28109
-4.53844
-5.33301
-1.23333
-5.29541
-4.72757
-1.98902
-1.34257
-4.33555
-4.17025
-4.49893
-4.42335
-4.28999
-5.44022
-4.53671
-6.07737
-4.3331
-2.22163
-4.51044
-5.6515
-4.24991
-4.65457
-1.46747
-4.48889
-4.55658
-3.79867
-4.59358
-1.3608
-3.98104
-4.7144
-2.94419
-1.39548
-1.85569
-4.28432
-0.607422
-4.8755
-4.47411
-4.50747
-1.87134
-2.96205
-4.11982
-4.61218
-3.09021
-4.29397
-4.65571
-4.90884
-5.39908
-1.15551
-1.38391
-1.18476
-1.62305
-4.23341
-4.66024
-0.755509
-4.13839
-5.97912
-1.68612
-1.00299
-4.10713
-4.5551
-4.35016
-4.02251
-4.32926
-3.0052
-3.19443
-4.35706
-5.46058
-3.73496
-4.34214
-5.02401
-4.76948
-0.647602
-4.2116
-4.68105
-0.731489
-1.44034
-4.45621
-5.04842
-4.72569
-4.53128
-0.981506
-4.58833
-4.05968
-4.20624
-4.42029
-4.1226
-3.90828
-1.47185
-5.93762
-1.09444
-4.82216
-4.45132
-4.51036
-5.57717
-4.82156
-1.15888
-4.62564
-4.79744
-4.73004
-2.98219
-4.20554
-4.42095
-4.63627
-4.2811
-2.66993
-0.735263
-4.37504
-4.46029
-0.751696
-4.68232
-3.95878
-5.8368
-4.30691
-4.74886
-3.55447
-4.88307
-5.24141
-4.51012
-4.51952
-1.40795
-4.12536
-4.4824
-4.11041
-4.68363
-1.23298
-4.44838
-4.55664
-4.78612
-4.28123
-4.67068
-0.0310878
-1.45116
-0.821373
-4.25966
-2.37021
-4.88251
-4.84674
-0.907734
-2.43575
-1.7944
-4.79802
-4.84561
-4.50924
-1.30302
-0.95749
-1.99312
-1.86871
-4.34782
-4.17315
-4.34293
-1.0088
-3.10931
-1.25017
-3.39511
-4.27265
-4.84086
-4.92315
-2.00643
-0.707226
-1.48007
-0.881045
-4.4058
-3.3613
-1.20307
-4.45121
-4.86326
-4.47261
-1.39848
-1.3954
-4.48529
-0.886054
-4.58084
-1.12535
-1.08924
-2.36958
-4.90187
-0.95138
-5.58028
-4.26147
-1.4153
-4.79008
-2.17454
-1.45249
-4.9042
-4.66982
-4.36438
-4.29897
-4.46711
-3.02526
-4.32044
-1.06203
-4.26736
-1.2717
-4.34143
-4.87671
-1.1594
-2.98361
-4.43134
-4.69196
-4.30953
-4.52802
-4.76333
-1.72316
-1.95962
-0.920589
-4.42895
-4.73881
-4.62177
-2.9496
-3.6042
-1.52323
-4.39087
-4.57121
-5.88253
-4.77179
-1.22563
-4.50062
-1.19553
-4.7915
-3.23133
-1.01551
-4.65883
-4.25918
-2.83863
-1.15348
-2.90586
-1.89048
-4.67071
-1.44065
-4.40747
-4.3087
-4.14101
-4.51404
-4.44453
-3.57562
-4.45933
-4.3814
-4.68538
-4.64524
-4.5629
-4.21502
-4.97638
-1.38205
-4.28942
-4.5503
-4.9628
-4.27439
-1.34416
-4.6014
-1.78053
-4.36641
-4.08227
-1.45514
-4.45587
-1.03616
-1.19809
-4.74412
-4.76165
-1.39605
-4.54747
-4.5911
-4.3729
-4.89919
-4.43118
-4.95293
-4.29281
-4.30937
-1.50979
-5.06032
-4.02732
-3.17625
-5.8817
-1.41753
-1.41358
-4.43792
-4.23174
-1.99945
-4.67709
-4.5357
-4.54293
-4.95812
-4.80457
-4.80671
-4.45345
-4.19909
-4.60164
-4.71014
-5.82902
-4.33706
-1.47083
-4.08872
-3.1025
-4.29603
-4.51631
-1.98034
-1.51771
-4.34808
-4.13019
-1.71923
-2.52196
-4.67284
-4.51755
-4.38811
-4.95801
-1.60581
-1.02134
-0.893187
-1.43362
-1.55608
-0.856156
-4.67338
-3.88903
-5.18638
-5.52796
-4.30098
-1.36642
-1.32026
-1.45923
-5.08153
-4.35149
-4.53727
-1.10825
-5.41691
-1.669
-1.65794
-4.54862
-4.46124
-1.77595
-4.28773
-5.61124
-5.29529
-4.18289
-4.19371
-4.41427
-4.57103
-2.09972
-4.10315
-1.43682
-2.90649
-3.3185
-1.26301
-4.7844
-4.91918
-4.32858
-5.34053
-4.01864
-5.72034
-2.02393
-4.59415
-4.5879
-4.27002
-4.27347
-0.871895
-4.21344
-3.96493
-1.80596
-1.50998
-1.06152
-4.31134
-4.20439
-0.888405
-4.73642
-4.72154
-3.27031
-4.0398
-4.82517
-1.62013
-3.2717
-3.106
-4.39889
-3.96211
-4.06235
-4.43008
-1.43226
-1.39515
-5.77655
-4.30548
-4.15736
-0.976527
-4.5125
-1.46006
-3.2883
-4.19459
-4.27408
-4.27529
-4.12066
-4.46357
-4.53545
-1.68483
-3.01428
-4.77808
-2.97706
-4.9992
-3.07452
-4.7817
-4.2974
-2.95948
-4.6328
-3.12635
-1.36979
-4.96157
-4.29686
-2.12191
-1.6917
-1.54233
-4.33841
-1.69722
-5.46098
-5.25516
-1.50133
-4.88459
-4.52698
-5.41871
-4.45326
-5.84724
-5.95934
-3.89031
-1.4653
-4.35336
-3.92107
-4.89593
-4.48169
-1.40912
-5.45774
-2.89468
-5.22267
-5.42717
-2.89969
-1.65344
-1.4137
-4.51728
-1.4216
-4.32889
-4.72867
-2.93212
-4.81439
-4.39535
-1.43233
-3.93946
-2.34571
-4.73242
-1.64073
-0.779122
-4.90471
-2.06623
-1.66813
-0.747696
-4.68614
-4.43273
-2.94422
-4.28852
-4.62796
-4.12627
-4.94996
-4.06824
-4.35188
-5.19315
-3.7622
-4.35456
-4.76401
-1.63985
-4.89602
-4.24496
-4.74487
-3.7383
-1.25963
-2.31474
-4.27348
-4.44621
-1.5208
-4.24454
-4.77093
-4.44659
-5.79807
-3.01818
-1.44693
-4.24796
-4.1834
-4.3547
-4.33876
-1.97073
-5.14182
-1.38193
-1.94674
-4.42448
-4.49926
-4.9826
-3.10617
-1.50735
-4.60742
-1.21141
-4.00135
-5.5166
-5.96362
-4.7051
-4.47354
-1.50198
-4.10474
-4.60191
-6.08101
-0.767617
-4.78841
-3.6187
-4.21744
-4.75811
-1.31085
-4.08086
-3.08958
-4.28944
-4.51702
-1.47715
-3.06374
-5.03053
-1.13401
-4.16022
-4.91581
-4.11807
-4.86535
-2.49174
-1.74066
-4.25953
-4.10979
-4.55135
-4.48704
-1.84028
-4.26878
-1.62318
-1.38152
-3.75408
-4.95986
-4.41267
-4.02462
-3.30345
-4.49233
-4.89705
-4.65094
-5.2839
-4.23757
-4.45506
-4.66778
-4.82493
-4.18999
-4.69799
-4.29477
-0.872154
-2.71216
-1.62556
-5.31516
-0.84084
-3.49411
-1.6953
-4.31342
-4.73751
-4.51046
-3.91459
-1.20623
-1.55827
-0.253954
-4.03077
-1.65053
-4.22283
-4.84513
-5.26009
-4.34519
-4.8469
-0.845577
-4.83174
-4.31213
-4.89526
-1.15564
-1.6656
-4.2347
-3.22536
-4.7786
-1.03397
-1.3276
-4.8599
-4.87781
-4.86281
-1.68042
-4.84675
-4.17695
-1.8573
-3.04554
-4.00511
-4.88181
-4.34278
-4.67698
-4.5671
-4.54342
-4.65104
-1.49324
-1.44877
-4.5246
-6.08531
-2.61479
-4.35857
-4.71597
-5.48554
-5.93256
-4.46687
-2.546
-4.04014
-1.58704
-1.07854
-4.72484
-4.41444
-1.57576
-0.995332
-1.48699
-4.55971
-3.11662
-2.0064
-4.45258
-2.05638
-4.53001
-2.06569
-4.31971
-1.40941
-4.47885
-2.80962
-4.24834
-1.11572
-4.1895
-1.49723
-4.87982
-4.31968
-4.90071
-4.51776
-1.49712
-2.78302
-4.48893
-4.76873
-4.11918
-1.509
-1.86712
-4.88924
-1.46085
-4.06423
-2.66345
-4.06322
-1.21348
-4.83671
-1.60661
-4.66765
-1.60208
-1.88647
-4.28163
-1.23379
-1.41762
-1.68725
-1.78276
-2.75827
-4.49788
-4.34265
-4.60565
-4.8946
-1.2907
-4.76652
-5.03846
-3.09452
-1.11758
-4.42042
-4.31852
-2.89537
-4.58258
-4.56153
-4.51769
-4.53886
-1.08285
-4.49203
-4.4158
-5.28843
-5.1541
-2.6708
-4.29942
-4.52823
-4.07106
-4.50304
-4.85017
-4.27607
-1.45802
-4.26031
-4.68678
-1.56237
-1.35369
-1.39058
-4.71945
-3.08238
-1.46774
-4.32225
-4.78215
-1.82488
-3.50361
-4.96608
-3.99677
-4.82783
-4.93303
-1.43017
-4.65576
-4.98542
-4.71062
-4.51648
-4.31115
-5.61423
-4.62413
-4.24841
-4.15108
-4.54202
-4.69611
-3.59294
-1.20998
-4.20866
-3.04247
-1.01834
-4.51091
-1.22976
-5.33667
-4.70903
-5.62378
-4.374
-4.30216
-1.62006
-1.34079
-3.26261
-4.30769
-4.21437
-5.78291
-4.54791
-1.19475
-1.42344
-0.828832
-4.0803
-4.23798
-4.50119
-4.87632
-4.59098
-4.20528
-4.57774
-4.51674
-4.08062
-4.21
-4.02898
-5.03966
-4.43794
-1.70504
-5.27993
-4.53169
-5.23204
-4.31599
-4.50948
-2.57326
-4.16602
-0.581631
-1.19854
-1.43204
-4.1693
-4.37449
-4.4586
-4.22374
-2.12788
-0.914122
-4.52926
-4.63999
-4.23508
-4.35913
-2.91515
-4.21666
-4.28566
-4.39483
-4.36949
-4.27871
-1.72678
-3.32338
-5.44726
-4.25792
-4.17454
-0.770764
-1.7968
-4.18419
-1.58123
-4.44696
-4.87624
-4.37146
-1.31385
-5.67126
-4.52836
-4.11062
-1.44115
-4.22061
-2.11149
-4.69055
-4.39301
-5.43871
-2.94017
-4.63352
-0.80271
-4.56571
-4.46021
-4.85959
-1.91848
-4.764
-3.76524
-1.31503
-2.91667
-0.845556
-1.36502
-2.17832
-1.19972
-4.04308
-4.15834
-1.10554
-4.53919
-1.97221
-3.17648
-4.23717
-4.76033
-4.24923
-5.6513
-4.85085
-4.39873
-1.75621
-4.069
-1.42448
-5.5894
-4.16088
-5.89074
-4.79678
-4.2677
-1.12973
-5.22412
-4.47832
-4.51
-4.47641
-1.42062
-2.94115
-5.40903
-1.45989
-1.48605
-1.40995
-5.43821
-4.25765
-1.36429
-4.43838
-4.41357
-4.19433
-1.09006
-1.0884
-4.43858
-1.49628
-4.29162
-4.43249
-1.40159
-4.5348
-4.31124
-4.99961
-1.45953
-4.5957
-4.52042
-4.3301
-4.27636
-1.54938
-5.89436
-1.52959
-1.98368
-4.28424
-4.23264
-4.13997
-3.16235
-1.12267
-1.51836
-1.83845
-4.53799
-4.59625
-4.07448
-4.18045
-2.99353
-5.00804
-3.90468
-3.14929
-4.33823
-4.37214
-0.836557
-4.18861
-4.36957
-4.46614
-4.23975
-2.42862
-4.30515
-3.5838
-4.32947
-4.97521
-3.19442
-3.37831
-4.18755
-1.69359
-1.43874
-4.77625
-4.36183
-2.35419
-1.16475
-3.98263
-0.645406
-4.89092
-1.71054
-2.57179
-1.5723
-0.746646
-5.40836
-3.27799
-0.636726
-4.35576
-4.20803
-5.03183
-4.47429
-4.17076
-4.23231
-1.63067
-4.50756
-3.39596
-5.14345
-2.33462
-1.7156
-4.32432
-4.93803
-4.35049
-4.80734
-4.76236
-4.00333
-5.46462
-6.07629
-4.11434
-0.999399
-5.82419
-5.75217
-4.89983
-4.22585
-4.30943
-4.81139
-4.24134
-5.11036
-4.48974
-1.26676
-4.34239
-4.90531
-4.26029
-4.76586
-0.730263
-4.12587
-4.13807
-4.52856
-4.1924
-4.63519
-4.67885
-2.19366
-4.50593
-4.8979
-4.30891
-4.35772
-6.03623
-4.67853
-4.72117
-0.936409
-1.01096
-1.45908
-4.26267
-0.895162
-3.58475
-4.29874
-5.58177
-4.76671
-5.70654
-1.83673
-4.58349
-4.53335
-4.45509
-0.798923
-1.00472
-1.56003
-4.57057
-4.4475
-4.44487
-5.21978
-4.33662
-1.43453
-4.36852
-2.34058
-1.20733
-4.42686
-4.42576
-4.65114
-1.42668
-4.19423
-4.6242
-1.50292
-4.45833
-4.7991
-4.74613
-4.02356
-1.43489
-4.4764
-5.31235
-3.96274
-4.46422
-4.73587
-2.11206
-4.49811
-4.60814
-5.96142
-1.21128
-4.37393
-4.29659
-1.45001
-5.68679
-6.04832
-4.37408
-3.21326
-4.46488
-4.64695
-4.50083
-4.41383
-5.33269
-5.68835
-1.81911
-1.49245
-0.731746
-4.46135
-3.93453
-1.13815
-0.856691
-5.74628
-2.94338
-2.6453
-4.49031
-4.75229
-2.10725
-2.60703
-4.55799
-4.51435
-5.07405
-4.78499
-4.29902
-4.24693
-4.4819
-4.61083
-4.56306
-4.04423
-4.14213
-4.44016
-4.22693
-2.92461
-4.55068
-1.49694
-1.37027
-5.00667
-5.67659
-5.71305
-4.23503
-4.46862
-1.97238
-4.82215
-0.993262
-4.35709
-3.4632
-4.4893
-4.59466
-1.94437
-1.52931
-4.73031
-4.0691
-4.78179
-2.32027
-1.09172
-4.28411
-1.45611
-3.23413
-4.45864
-4.53724
-1.25866
-4.4218
-4.80784
-1.45931
-4.05677
-5.6806
-4.33234
-4.72508
-5.52295
-4.16784
-4.54692
-4.60099
-4.95373
-4.54841
-3.33509
-4.14199
-5.47443
-1.46592
-3.95073
-1.71105
-4.64523
-5.51817
-3.91183
-4.71264
-4.75784
-4.44318
-4.68466
-0.876954
-2.66697
-1.28363
-4.453
-1.78217
-2.95015
-4.37895
-4.30829
-5.11214
-4.44764
-2.88601
-4.05999
-1.18558
-2.98671
-4.08319
-4.28353
-0.788773
-4.50267
-0.866303
-3.01193
-3.12092
-0.600703
-5.63761
-4.08418
-1.82663
-5.47483
-4.75362
-1.44143
-0.871577
-4.56127
-4.76071
-4.90336
-4.24878
-1.49138
-5.51592
-4.99409
-4.0034
-4.4506
-0.81208
-4.86668
-2.06466
-4.225
-2.7174
-4.56669
-4.5686
-4.48446
-4.71624
-4.61154
-4.45515
-4.10721
-4.02708
-4.01809
-1.45045
-1.71186
-5.06974
-4.68946
-4.31164
-4.86556
-5.4782
-4.7071
-0.997016
-5.01242
-4.11328
-4.34498
-1.88174
-4.32849
-4.47119
-4.28935
-1.51431
-4.97382
-4.55887
-4.52567
-3.9771
-1.57854
-4.90966
-4.35803
-1.40374
-0.411168
-0.256789
-4.53287
-1.31702
-4.28795
-4.50116
-4.17819
-1.64061
-0.833871
-1.70941
-4.89782
-4.02243
-4.7178
-0.694194
-2.9287
-3.36829
-1.75585
-5.07922
-4.8747
-3.8084
-4.63791
-4.58486
-1.71599
-5.06212
-2.59332
-1.22454
-4.42109
-1.5972
-4.09148
-1.66937
-4.80639
-1.23118
-4.34812
-4.0832
-1.65726
-4.33451
-4.53025
-2.9362
-1.77166
-5.57847
-4.59781
-4.22394
-1.48942
-2.96149
-3.97803
-0.800529
-4.25603
-4.48212
-1.39023
-4.42109
-1.47663
-1.63964
-5.16233
-1.42834
-4.36601
-3.30832
-1.47589
-5.20665
-4.83343
-0.900423
-4.0957
-3.80937
-1.20398
-2.68383
-3.01073
-4.88827
-2.96659
-4.30584
-4.94441
-4.55126
-1.44857
-2.89043
-4.72794
-2.1406
-4.47262
-4.64005
-5.58146
-3.63524
-5.0736
-5.6604
-1.02475
-1.59656
-4.55103
-4.53641
-4.06854
-4.00983
-0.821237
-1.45462
-4.58791
-4.14621
-4.09908
-4.45827
-4.94599
-3.98095
-4.48563
-4.79436
-0.920745
-4.12524
-4.686
-4.27383
-4.74991
-3.11334
-5.42993
-4.06262
-4.89216
-1.54102
-1.80498
-4.8456
-3.22202
-1.99454
-4.35217
-3.02359
-4.71632
-4.18367
-1.89041
-3.25382
-4.76921
-4.13424
-4.58872
-3.97264
-4.2779
-4.59863
-1.71793
-2.37784
-2.00646
-4.67818
-4.66772
-4.34539
-1.33285
-4.33255
-4.27466
-4.69873
-3.5831
-4.50315
-4.52724
-4.36781
-4.25913
-4.65625
-4.25534
-0.952981
-1.52476
-4.65431
-5.96107
-4.87042
-4.47124
-3.74077
-1.13391
-2.89101
-1.10057
-2.55618
-0.962776
-4.37708
-0.885
-4.78223
-5.91442
-1.17261
-1.48569
-4.84759
-4.34687
-4.00597
-1.42709
-0.88982
-4.6064
-1.3053
-4.61272
-0.788929
-1.56336
-4.84671
-2.83287
-4.3059
-2.75912
-4.17052
-5.75424
-1.37285
-5.19395
-4.52902
-4.47448
-1.55449
-4.82598
-4.93733
-4.35362
-4.34745
-4.51699
-0.739905
-1.18886
-1.13466
-4.4463
-4.67635
-1.60265
-4.01084
-4.67722
-2.97902
-2.09013
-4.59459
-5.92154
-4.42947
-4.55892
-4.64539
-1.51693
-4.61073
-4.65762
-4.20973
-2.86892
-5.74048
-1.49741
-4.18168
-1.29103
-4.39614
-3.98725
-4.02891
-1.20583
-4.43906
-4.23554
-4.55369
-1.58445
-4.3498
-4.5079
-4.52361
-4.33461
-4.59659
-1.45833
-4.64487
-2.88638
-4.6948
-4.34086
-1.86369
-2.94247
-5.73856
-5.54447
-4.3751
-2.66147
-4.63105
-5.52551
-4.54325
-1.32618
-1.59503
-1.55351
-5.10765
-4.53998
-0.885584
-5.51572
-4.12269
-1.44503
-5.1933
-4.30662
-4.69439
-4.22846
-5.40796
-5.34945
-4.21299
-4.23889
-4.47699
-4.50287
-4.5481
-1.85848
-4.60716
-4.21966
-3.01486
-5.4645
-5.45024
-4.51645
-4.24762
-4.31816
-4.46958
-4.74127
-4.87321
-3.96814
-4.2358
-5.50451
-1.47253
-1.41419
-2.91864
-4.23716
-4.68324
-3.77599
-2.89659
-0.883357
-3.01039
-4.34469
-4.45966
-5.04335
-4.22599
-4.40863
-5.3926
-3.88586
-4.21167
-1.72213
-1.8919
-0.962357
-4.71347
-1.508
-4.43536
-1.46751
-5.44703
-4.83524
-4.26545
-4.56278
-5.5682
-5.75538
-4.4192
-1.80376
-4.23335
-1.51864
-4.61168
-0.910617
-5.85845
-0.793396
-5.6321
-5.22342
-1.24018
-5.12695
-4.53919
-0.853319
-4.85612
-4.64247
-4.12885
-4.27304
-4.65002
-1.68989
-4.45934
-1.42355
-5.46931
-1.24818
-5.01465
-3.08504
-3.89389
-4.52295
-1.27787
-3.18129
-1.60476
-1.03064
-1.47945
-4.3851
-5.38919
-2.36009
-3.20255
-4.46391
-3.99472
-3.98742
-3.97083
-4.60229
-1.47069
-4.47696
-4.45255
-4.86863
-5.89226
-4.56438
-1.56696
-4.36344
-3.02409
-4.27441
-1.36928
-3.23623
-4.65134
-1.68428
-3.96239
-3.01622
-4.05673
-0.822414
-5.70634
-4.47994
-1.19574
-3.19021
-5.88771
-4.01265
-1.61897
-4.30535
-1.70679
-5.19332
-4.55615
-4.25099
-4.37362
-3.74115
-4.57375
-1.53246
-4.43044
-2.59763
-0.884608
-2.13584
-4.87562
-1.32549
-4.42769
-4.50627
-4.53424
-0.847552
-4.67226
-4.62926
-4.4701
-3.94398
-1.53668
-3.96429
-4.88541
-4.29952
-4.61696
-1.47075
-1.72557
-4.36332
-4.03073
-5.82211
-4.2558
-4.25323
-5.9439
-3.76067
-4.33907
-1.58897
-2.97688
-1.41275
-3.72917
-1.49586
-4.51845
-1.55463
-5.78691
-5.81009
-3.09655
-4.49241
-1.88049
-4.00856
-4.8113
-2.07943
-4.80518
-4.70168
-1.99747
-1.77909
-1.45403
-5.16784
-4.5135
-4.54572
-1.44771
-4.67762
-3.94063
-3.95146
-4.93765
-1.16163
-4.04037
-3.1238
-1.29011
-4.43557
-1.51927
-3.32431
-4.47599
-1.55065
-2.18386
-0.861099
-1.02148
-4.52659
-3.56725
-4.63588
-1.64957
-4.77584
-1.4766
-4.62829
-2.58669
-4.38423
-4.16602
-4.70317
-4.03409
-0.829003
-4.20232
-0.721665
-1.86906
-4.50845
-4.48819
-5.72302
-4.01656
-4.57019
-4.66
-4.13737
-2.72352
-1.9631
-2.02867
-3.63119
-3.5685
-3.68313
-4.36023
-3.82866
-1.97324
-5.00642
-4.15155
-4.36235
-4.38474
-4.26023
-3.06864
-1.84807
-5.2339
-1.88279
-0.963985
-1.37371
-4.11321
-2.95246
-1.53554
-5.02219
-1.90866
-2.22113
-4.51712
-1.52906
-1.71027
-5.11904
-1.03232
-4.16144
-4.5612
-1.82009
-3.01911
-5.05544
-0.667124
-5.82277
-5.54258
-4.01146
-4.14721
-0.926342
-1.52457
-4.7895
-1.06292
-3.77257
-4.44651
-4.58971
-4.35177
-1.46173
-4.22142
-4.82282
-1.51786
-5.71604
-4.51676
-4.47146
-4.69001
-4.33606
-4.99142
-4.04023
-4.40974
-4.89599
-3.96406
-4.39195
-4.39008
-0.978023
-3.89824
-3.93526
-2.97442
-4.24981
-4.59798
-5.13341
-4.4082
-4.55156
-4.5405
-1.44519
-4.48172
-4.78464
-4.26744
-2.83839
-1.44029
-2.13951
-2.38788
-1.27892
-4.46389
-4.30658
-4.43759
-2.89456
-4.35413
-4.34399
-1.09222
-1.00746
-1.48976
-3.61989
-3.78551
-1.34031
-1.63347
-4.13113
-4.21382
-4.60364
-1.88485
-4.20941
-1.4926
-1.48025
-1.96058
-3.40727
-5.81767
-3.64648
-4.44844
-4.37002
-4.94594
-4.48511
-4.67071
-4.28564
-4.31029
-4.57848
-2.73791
-0.952078
-5.32271
-1.49458
-4.32535
-4.65369
-4.6983
-3.01944
-1.41632
-2.90938
-4.82471
-4.25142
-1.62789
-2.03402
-5.81321
-4.8443
-3.8028
-4.24951
-4.12813
-1.34635
-4.8916
-1.87663
-3.88446
-0.91834
-4.47007
-4.25784
-3.96788
-4.69941
-1.34567
-1.98513
-4.63791
-4.35389
-4.39834
-4.33117
-1.75597
-4.72238
-1.86063
-4.48728
-5.31494
-4.61836
-4.27312
-3.25526
-0.966965
-4.89831
-4.95919
-4.60308
-5.9581
-4.37327
-4.09006
-1.50752
-3.85143
-3.92029
-5.90539
-4.42754
-4.04623
-1.78819
-1.51589
-3.00761
-4.77133
-4.52077
-4.54312
-2.67041
-4.56256
-4.19755
-4.42845
-4.48135
-3.98916
-4.46329
-3.50389
-3.07746
-4.55187
-3.93744
-4.10429
-5.06392
-1.18136
-1.49797
-2.84415
-4.55207
-3.69456
-5.59804
-1.88947
-4.20101
-2.82795
-4.38524
-1.87733
-4.549
-1.51547
-1.63802
-0.852701
-4.31641
-1.50502
-2.93709
-3.987
-0.814049
-5.34374
-3.28869
-1.32468
-4.93468
-1.2703
-4.46266
-4.89578
-4.39911
-4.24309
-1.80281
-2.96812
-5.7607
-4.51807
-2.98055
-4.27316
-1.65718
-4.48988
-4.08688
-3.23025
-4.5826
-4.53173
-4.61065
-5.03668
-2.11189
-4.04062
-5.803
-5.87868
-4.87033
-1.52332
-5.93093
-4.63669
-4.04553
-2.92594
-0.96128
-2.9098
-1.24198
-4.48463
-5.90322
-2.32406
-5.14471
-0.843834
-1.02745
-1.51134
-4.90293
-3.90893
-3.80529
-3.24972
-1.51239
-5.76719
-1.39272
-4.45506
-2.95592
-4.3802
-4.15497
-2.78617
-1.89704
-3.9203
-1.6642
-3.9354
-4.86562
-1.7608
-4.32423
-0.926497
-1.86748
-1.52489
-1.30395
-4.33326
-3.65491
-3.18327
-4.47675
-5.55936
-1.41374
-4.45586
-1.03652
-5.70887
-4.3758
-1.33702
-0.875575
-0.945008
-2.76991
-5.02802
-4.26007
-4.74128
-1.6161
-5.98569
-1.10803
-4.49417
-1.49857
-4.36697
-1.08977
-1.47428
-0.703211
-4.42093
-4.04659
-4.4567
-1.39392
-1.14628
-4.58651
-5.81842
-4.46979
-4.02961
-2.92221
-2.94868
-2.04163
-1.53986
-3.78679
-1.45006
-4.21166
-4.22545
-4.67326
-4.69399
-4.6404
-5.53758
-4.01877
-5.33738
-0.839902
-2.77961
-0.726533
-5.69082
-4.54408
-4.18715
-0.889796
-2.90846
-4.49211
-4.67975
-2.97765
-1.18533
-1.49287
-1.02521
-1.27165
-1.82154
-4.3969
-4.10812
-4.94012
-5.68978
-4.72014
-4.57873
-2.32443
-3.46018
-3.87841
-5.4612
-1.8288
-2.88732
-1.89115
-4.52184
-1.26993
-6.01095
-5.44405
-4.58146
-2.90974
-4.3543
-4.00867
-4.04858
-4.74768
-3.88682
-3.95041
-1.42491
-4.72532
-1.63186
-4.48447
-4.49741
-5.15558
-1.75442
-4.51111
-3.99921
-3.19313
-1.79893
-4.093
-4.97243
-1.4579
-1.04912
-1.5815
-3.99858
-1.87438
-1.82428
-0.858002
-3.88797
-1.48464
-1.51871
-3.34715
-4.61691
-4.89842
-0.998863
-2.13494
-1.78838
-5.6144
-0.937987
-4.15415
-3.8395
-4.92151
-4.11635
-5.58859
-4.6453
-4.16693
-1.58237
-4.45153
-3.19831
-1.51736
-5.55955
-4.43455
-3.28827
-5.14953
-5.2671
-4.45376
-0.698565
-3.30835
-4.31622
-5.21119
-2.02741
-4.53501
-0.677233
-1.58833
-4.52749
-3.57211
-4.43596
-2.55042
-5.37819
-4.89964
-4.69627
-2.91568
-1.04302
-4.499
-4.27441
-4.98641
-4.55289
-4.42791
-4.30395
-4.90453
-4.34363
-1.36619
-2.80498
-3.17624
-4.4842
-4.73351
-3.30243
-4.21627
-1.49718
-1.37211
-4.40225
-3.43633
-4.60849
-4.74154
-2.94172
-1.46366
-4.46303
-3.74238
-1.20428
-4.41665
-4.81341
-4.42997
-4.62296
-3.92787
-4.28448
-4.09645
-1.88225
-4.22562
-4.85178
-5.07089
-3.183
-4.91955
-4.44554
-4.04167
-2.90823
-5.25961
-1.40318
-4.28937
-1.46416
-4.62002
-4.62992
-4.68946
-4.42194
-4.88469
-1.18977
-4.87521
-3.08174
-4.33307
-5.49118
-4.95869
-4.70912
-3.39659
-4.52178
-3.66578
-4.23453
-4.97442
-4.01491
-3.96546
-4.52579
-2.70446
-1.50748
-5.24172
-4.84377
-3.62694
-3.06829
-2.09258
-3.87768
-4.38643
-1.79882
-5.00929
-5.04267
-5.63749
-4.59612
-1.23373
-1.49601
-4.14016
-4.21998
-5.32317
-4.87965
-1.4837
-2.96748
-2.35817
-4.80983
-4.52246
-3.53504
-4.43186
-2.57306
-4.34864
-4.3344
-1.53425
-2.88464
-1.53811
-4.39737
-0.902485
-4.35586
-1.58022
-5.0038
-4.53346
-3.23438
-4.36699
-4.75455
-3.99608
-4.37678
-1.51025
-4.32092
-5.29494
-4.28904
-4.89389
-4.29677
-5.79932
-2.1477
-5.47924
-1.56112
-1.66572
-4.675
-4.1128
-4.73082
-4.09885
-5.38982
-1.92742
-4.72354
-4.9562
-1.43087
-4.78463
-1.76637
-1.3366
-4.4834
-0.812389
-2.53823
-4.43282
-2.93581
-4.50316
-3.94957
-3.03126
-1.65666
-1.8942
-4.54997
-5.30474
-0.987561
-4.65659
-4.42699
-4.33712
-3.63745
-3.16382
-4.48469
-5.08069
-3.61196
-3.40172
-1.26245
-4.33623
-1.90771
-0.880201
-1.54075
-1.42453
-5.86952
-0.478798
-4.84075
-4.35686
-3.35111
-1.65852
-1.71672
-4.51617
-4.6241
-1.87571
-1.38672
-4.41586
-4.48565
-4.51065
-5.35957
-4.10318
-4.5063
-5.43406
-4.05932
-5.55776
-4.65889
-4.06642
-4.33053
-3.68879
-4.35835
-1.01577
-4.52243
-1.04383
-3.86588
-0.857832
-5.4285
-1.99955
-1.13168
-4.52538
-1.62922
-0.933848
-4.74245
-4.55438
-4.13073
-4.87427
-0.714478
-0.63754
-1.92508
-1.23957
-3.53831
-2.55602
-4.54685
-4.33564
-4.06343
-3.59315
-2.96143
-3.04451
-4.04231
-3.44385
-4.45952
-4.70826
-0.995007
-1.2243
-4.33976
-5.45058
-2.99611
-1.34926
-1.42366
-1.56453
-4.49966
-4.44512
-4.40938
-1.04937
-4.59243
-1.57202
-4.29765
-4.37806
-4.64351
-4.15459
-4.52887
-4.33541
-4.39177
-4.28032
-3.74123
-1.55779
-2.69742
-4.20607
-4.2392
-4.42603
-4.44833
-3.04291
-4.08298
-4.44664
-1.65781
-3.92483
-0.866252
-0.788653
-1.38681
-1.54224
-1.6277
-4.08173
-4.89275
-4.29775
-4.83631
-4.48155
-1.41182
-5.09812
-4.29336
-4.65832
-1.54493
-5.32594
-1.40319
-4.48916
-1.53268
-3.32529
-0.873874
-1.02584
-1.02098
-4.29727
-4.29067
-3.68389
-1.79154
-4.38385
-1.85895
-1.64811
-4.38799
-3.39445
-4.69782
-3.89401
-1.88066
-1.68366
-4.45473
-1.70506
-4.35019
-1.88899
-1.51116
-4.05903
-4.05457
-5.07521
-1.85038
-1.51408
-1.44526
-1.60783
-0.902733
-4.2733
-0.676818
-2.12662
-5.12219
-4.1962
-2.67728
-4.39442
-0.575442
-1.48845
-1.32626
-3.98241
-4.30531
-4.99301
-1.86519
-1.37018
-5.75381
-4.89663
-4.83948
-1.88114
-3.58096
-1.98567
-4.05436
-2.59459
-3.76377
-1.81125
-2.97817
-2.18413
-1.9395
-4.5382
-1.01071
-2.18664
-4.28175
-1.12329
-4.39144
-1.25079
-5.38466
-4.08158
-5.50398
-0.96001
-2.15803
-1.2224
-5.17598
-0.891185
-4.3288
-4.26506
-2.17704
-4.68181
-3.85009
-3.24544
-4.25031
-4.02043
-1.61324
-3.97097
-4.87774
-5.62327
-1.69273
-1.00873
-3.88955
-1.6407
-2.69879
-4.68764
-4.4905
-4.95591
-4.25489
-1.5834
-0.750726
-3.98346
-5.21391
-0.6633
-1.12522
-1.56491
-3.18514
-3.92444
-4.3106
-3.70744
-5.8881
-3.93681
-2.99645
-1.5969
-4.4381
-4.25368
-4.01571
-0.76417
-4.44198
-5.65033
-3.50096
-2.92072
-4.55977
-2.78954
-4.41244
-4.58663
-0.931501
-3.747
-1.78624
-1.42662
-1.1227
-5.25775
-1.9827
-2.95188
-1.55618
-4.35474
-4.33179
-4.51431
-3.1447
-4.4298
-4.46733
-3.43029
-4.37021
-1.59217
-4.63437
-0.742962
-1.28456
-1.52563
-4.66742
-3.1562
-0.960346
-1.77535
-1.63061
-0.979894
-1.25145
-1.97932
-3.75795
-3.9006
-4.90168
-4.66247
-3.05878
-4.55179
-5.85963
-4.48421
-5.239
-0.726385
-1.4256
-3.21689
-2.91435
-4.03882
-5.75203
-4.75222
-2.99366
-2.09765
-4.35034
-4.36386
-4.4176
-4.65002
-4.38669
-4.43632
-1.1549
-3.67134
-4.14523
-1.48414
-1.03741
-0.972139
-4.8745
-5.80756
-4.35432
-0.972922
-1.18295
-3.097
-4.88576
-4.27789
-1.07999
-4.63568
-3.07675
-4.45349
-4.53025
-1.15389
-4.63744
-1.50307
-1.41194
-4.3574
-2.1502
-1.24367
-3.37451
-1.82924
-3.30764
-3.15043
-4.03897
-4.79297
-1.49269
-4.48205
-1.27933
-5.69298
-4.19359
-0.904517
-1.31917
-1.43526
-3.17452
-4.48476
-4.27371
-4.36715
-5.85934
-4.73757
-1.5475
-5.59057
-2.12872
-1.12122
-4.91875
-1.47021
-5.02365
-2.06963
-1.50693
-4.50886
-4.75058
-4.96708
-0.92361
-4.52123
-4.01122
-3.93584
-4.79026
-1.58073
-3.29332
-3.27157
-1.51832
-3.70379
-2.74969
-0.98544
-5.3734
-2.53404
-4.474
-1.52717
-1.30264
-5.15487
-1.62679
-2.23044
-4.66389
-0.830118
-1.26041
-4.69254
-4.25349
-3.22129
-1.63046
-4.47968
-3.91986
-3.26726
-4.26901
-1.39292
-4.47189
-4.58895
-3.7715
-3.8642
-1.4715
-5.61328
-4.44901
-1.36907
-4.46254
-2.70145
-1.3593
-2.17141
-3.9193
-4.29634
-1.58785
-5.42434
-3.53876
-1.24407
-1.77114
-4.83312
-3.91032
-0.969107
-4.55105
-4.24005
-1.5884
-4.25929
-1.45877
-4.89841
-0.972544
-3.38059
-0.96813
-1.40658
-3.99625
-4.15101
-4.66827
-1.90274
-4.16373
-4.4262
-4.52849
-1.8344
-5.4462
-4.26595
-1.0056
-4.15308
-1.49951
-4.36202
-1.522
-4.15984
-4.20413
-4.86147
-5.412
-4.48756
-2.61485
-5.62969
-4.02072
-1.45485
-0.687722
-6.09552
-4.48452
-3.8541
-5.23695
-0.742322
-5.4997
-0.80392
-3.58165
-4.7619
-3.93235
-4.8724
-4.29521
-5.38448
-4.3879
-1.65283
-1.58412
-3.71924
-2.99218
-4.33073
-2.9527
-4.47791
-1.21663
-1.5685
-4.70569
-2.19941
-2.95671
-4.24598
-3.03757
-4.20188
-4.02828
-4.46099
-4.43429
-3.92928
-3.01166
-3.14572
-4.14387
-4.86505
-2.17366
-4.27246
-4.07708
-4.01003
-1.97937
-1.47295
-1.6058
-1.40732
-1.76013
-5.32987
-3.94512
-4.75675
-1.61913
-4.53521
-2.2375
-2.86297
-4.51797
-4.5183
-0.838935
-4.01177
-1.29656
-3.24924
-2.19901
-4.74704
-4.47142
-3.01366
-4.35152
-1.76524
-4.45914
-1.88864
-1.14905
-3.07031
-2.84968
-2.90115
-3.20813
-4.51005
-1.82656
-4.39156
-2.89549
-1.79525
-1.69136
-4.39775
-4.18458
-4.45442
-4.49088
-1.50022
-3.7488
-4.47098
-4.81704
-4.49076
-1.98091
-4.52936
-2.9994
-1.45529
-2.40222
-3.95213
-3.26411
-4.10407
-4.1818
-1.9671
-4.78013
-4.03651
-2.89132
-4.6923
-3.91518
-3.18678
-4.10962
-2.97877
-1.53618
-5.42555
-4.1076
-1.70626
-3.24176
-4.67095
-1.18012
-4.67165
-4.21609
-1.26417
-0.901859
-0.0888016
-2.94582
-3.20349
-3.32589
-3.35488
-4.48269
-2.20896
-3.34298
-3.97498
-4.68566
-4.37948
-1.43654
-1.65788
-1.50802
-2.31523
-1.64925
-4.82425
-4.82481
-4.41411
-1.46489
-4.48625
-3.8279
-4.57475
-1.87025
-4.88231
-1.10141
-4.49914
-1.78961
-1.51974
-3.88339
-4.46602
-4.31924
-3.20811
-1.81619
-2.16314
-1.61392
-4.4348
-1.49732
-1.54363
-4.31421
-4.09288
-2.93994
-4.62161
-1.98004
-4.58022
-6.06112
-0.923472
-1.68547
-4.1806
-3.97475
-3.92121
-4.23148
-1.14735
-1.09417
-4.58738
-2.82397
-4.72507
-4.96442
-4.44669
-3.02107
-4.67345
-3.24552
-4.20765
-2.96213
-3.95148
-3.11216
-4.22592
-1.58909
-3.14838
-3.76398
-4.44039
-0.982674
-4.14535
-3.83665
-4.62789
-4.84627
-4.94417
-1.27936
-4.25831
-4.36701
-1.1335
-0.563249
-4.4711
-1.47099
-3.65502
-2.97766
-0.931349
-4.98842
-1.35891
-4.29529
-1.5422
-4.15536
-4.69042
-4.78866
-0.843635
-1.57916
-4.33195
-1.50126
-1.51924
-1.77609
-2.07763
-4.56172
-0.882552
-4.39245
-4.04313
-1.54081
-5.44766
-3.00026
-4.36175
-4.23361
-5.43094
-4.10851
-1.49665
-3.90186
-4.83035
-4.40232
-4.40054
-2.80022
-2.86094
-4.48683
-4.77359
-1.5386
-3.8583
-3.49499
-1.48851
-4.53057
-1.55821
-2.16646
-4.11838
-5.93799
-2.90919
-3.10586
-4.25911
-4.00195
-1.70831
-4.4269
-4.71523
-4.3841
-2.2015
-4.73115
-1.33337
-4.2473
-2.32578
-4.4923
-4.45642
-1.47954
-4.27316
-5.09354
-4.48532
-0.976889
-1.17432
-1.68538
-0.749268
-4.49419
-1.51632
-0.969085
-1.69727
-4.49618
-4.45063
-1.4476
-4.83037
-1.04402
-4.29229
-1.78035
-4.47322
-1.74057
-4.78633
-4.14895
-2.936
-4.5063
-2.17452
-1.0107
-1.93355
-4.33971
-4.47105
-2.35746
-4.28834
-4.88787
-4.87937
-1.90605
-0.982599
-0.983097
-1.87036
-5.11467
-4.3943
-4.69176
-4.8523
-1.63065
-0.761455
-5.86194
-2.57873
-2.95511
-4.26628
-0.796733
-1.01755
-3.74569
-4.09972
-1.31738
-4.43026
-2.66066
-2.00544
-1.42459
-4.67973
-1.61201
-1.5379
-0.896652
-1.98713
-4.20891
-1.51381
-1.42773
-1.02327
-4.1538
-4.45256
-2.66784
-5.3466
-1.08135
-3.39397
-1.36934
-4.62622
-4.19006
-2.88296
-4.52409
-1.57347
-2.87139
-1.09182
-4.01511
-1.44462
-1.42112
-4.09524
-1.54475
-3.13877
-4.86529
-3.29741
-1.63976
-5.47723
-5.00504
-1.88956
-4.32466
-2.35368
-0.930473
-2.34713
-4.96526
-4.17075
-1.54769
-1.66922
-4.15817
-5.25473
-5.09354
-4.5044
-0.899047
-0.875521
-2.0014
-4.51222
-1.55804
-3.95313
-3.41353
-4.10144
-1.38771
-1.66253
-2.22539
-3.89985
-3.05132
-4.14673
-3.58364
-1.80068
-5.08869
-2.94688
-3.21945
-5.64639
-4.29696
-4.23643
-3.86588
-3.11928
-3.92504
-0.822693
-1.53082
-1.93224
-2.04493
-1.25507
-3.66168
-5.76829
-1.02894
-3.15651
-2.53068
-2.65745
-1.42459
-4.27392
-0.755297
-4.48564
-0.680866
-1.36818
-1.79226
-4.44513
-2.41078
-1.01597
-2.0736
-5.14338
-3.87456
-2.86237
-0.769856
-1.5489
-3.19761
-4.71093
-4.4758
-4.98912
-2.81782
-4.33252
-1.49321
-3.83264
-4.48872
-3.91785
-3.96025
-2.67709
-2.88792
-4.36082
-0.761229
-1.68525
-1.30971
-3.98545
-1.54587
-2.93567
-1.87921
-1.32232
-2.98371
-0.856586
-3.00253
-0.943219
-5.024
-4.76915
-4.5261
-1.38771
-1.66534
-1.40137
-4.13558
-4.34773
-4.5363
-4.50325
-3.14177
-5.07562
-5.18743
-4.95027
-4.51746
-4.27548
-1.17088
-4.8355
-4.59266
-1.26907
-3.21737
-3.82421
-3.76829
-4.79816
-2.99202
-1.6563
-4.38538
-4.45483
-4.34952
-5.96306
-1.55113
-4.56404
-1.36141
-3.2668
-3.87057
-2.93185
-2.35522
-3.84759
-2.96485
-4.84653
-4.00656
-3.04006
-3.11074
-5.87947
-1.83232
-3.50727
-4.47955
-3.95341
-4.43086
-4.62622
-4.45593
-1.60855
-2.78257
-4.10827
-1.48906
-3.29114
-4.7414
-4.30985
-1.43363
-4.86455
-4.31967
-2.9489
-4.97952
-2.22286
-5.55698
-1.44178
-3.0795
-3.27867
-4.36016
-1.33702
-4.34475
-4.25824
-3.03631
-1.29335
-5.50264
-4.55641
-4.57914
-4.50308
-4.23187
-1.90253
-4.58221
-3.99949
-3.29857
-3.30673
-4.7042
-3.03111
-3.38314
-1.03474
-3.51834
-1.50482
-1.53628
-2.96463
-4.29523
-3.89676
-3.7135
-1.5478
-0.878439
-3.89352
-5.05973
-3.89104
-3.83726
-4.40377
-3.28334
-4.13213
-4.45454
-1.79493
-4.52476
-2.92032
-3.10589
-1.90009
-3.9052
-4.71056
-3.19705
-4.76014
-5.74754
-1.70066
-1.03016
-4.27034
-1.72437
-1.90419
-3.83955
-2.94254
-1.5254
-1.69906
-4.51966
-1.88641
-4.37915
-1.59378
-3.13192
-2.95257
-4.87894
-1.54295
-1.43309
-4.12515
-3.97904
-3.95923
-2.91561
-0.794688
-1.93974
-3.22729
-1.4856
-4.41137
-4.31367
-4.00519
-1.58531
-3.28447
-3.23572
-2.30229
-1.92104
-0.7747
-3.88493
-0.990867
-3.72103
-1.11559
-4.364
-3.95825
-5.67227
-1.11508
-4.61996
-1.68231
-1.57325
-4.371
-1.12598
-1.29057
-3.25037
-3.18744
-4.49698
-1.05748
-1.20073
-5.38063
-2.04816
-4.50462
-1.4484
-2.92612
-3.36493
-1.38566
-6.08914
-5.274
-3.59107
-1.00645
-1.78416
-5.46382
-2.32196
-3.68082
-4.85454
-1.39008
-4.01457
-2.9115
-1.3374
-4.90437
-5.66586
-3.8445
-2.53708
-5.45671
-4.80519
-1.57817
-1.88255
-3.78556
-5.76699
-5.96117
-4.3232
-3.05733
-1.04551
-0.70353
-3.93222
-3.85707
-1.73024
-2.25987
-2.95721
-1.69058
-4.54396
-4.47635
-1.66247
-4.46311
-4.46265
-4.446
-4.95102
-6.03476
-2.42305
-4.45066
-4.11689
-1.27777
-4.49244
-4.36868
-4.84025
-0.917593
-4.43098
-4.89954
-1.50788
-3.037
-5.19354
-1.05576
-3.33518
-1.14817
-1.38703
-5.7667
-1.6047
-2.02201
-4.59989
-1.51012
-4.28692
-1.81808
-1.48254
-1.57694
-4.25362
-4.30778
-1.51809
-3.94525
-4.52156
-4.48842
-1.5556
-3.00357
-1.67524
-4.68755
-3.23461
-4.13851
-2.9409
-4.09512
-4.36679
-4.76323
-1.56203
-1.96647
-4.62104
-4.66281
-2.91696
-0.671364
-1.69122
-4.07888
-3.77929
-1.87084
-2.99097
-1.57832
-0.213207
-3.05368
-1.93273
-1.80605
-2.78336
-4.40353
-2.97634
-5.28862
-1.46416
-1.67545
-1.4664
-4.98439
-4.31813
-1.43099
-1.47578
-4.55428
-1.50498
-4.51446
-1.53233
-4.62645
-3.08479
-1.87666
-1.07388
-1.50497
-4.24872
-1.97267
-5.09226
-3.42608
-4.33772
-2.66521
-4.28521
-1.54352
-4.22772
-5.24084
-3.93589
-4.34313
-1.35778
-4.57872
-0.951092
-4.95622
-1.92326
-1.56917
-1.1972
-4.48731
-4.71656
-0.899745
-1.48736
-4.37192
-4.19286
-4.74889
-5.87249
-2.97481
-1.34971
-2.06453
-0.92582
-1.04702
-3.19762
-5.9443
-3.2238
-3.03545
-0.830264
-2.99974
-0.365167
-3.52646
-1.09501
-3.27444
-1.76343
-4.03267
-3.98593
-4.40537
-2.91152
-4.37518
-1.24909
-1.32652
-4.40176
-1.38102
-4.39383
-4.53138
-3.88954
-1.49934
-0.987981
-3.1735
-1.97336
-4.14879
-1.25256
-1.31941
-1.49461
-3.02074
-4.31324
-1.97538
-4.36141
-4.51949
-3.05523
-5.99604
-3.04931
-1.45324
-4.45935
-0.761716
-4.03007
-4.28376
-3.30712
-1.8822
-4.06787
-3.22515
-1.56528
-3.91709
-4.05998
-4.46062
-2.97293
-4.32402
-4.18006
-4.3948
-4.40591
-4.39485
-5.35733
-0.881257
-4.41083
-2.98453
-1.05404
-1.56878
-1.57697
-1.02732
-4.32064
-4.39784
-1.41748
-4.18878
-4.86688
-4.46795
-3.33404
-4.3604
-4.18873
-4.43659
-2.71057
-4.3284
-4.94362
-4.99971
-1.40566
-4.01397
-4.35279
-3.38298
-3.18703
-1.33261
-3.87867
-1.71154
-5.30269
-4.38401
-4.04558
-3.51102
-4.01335
-4.95571
-2.94471
-4.63935
-1.86058
-1.68253
-1.51731
-2.41703
-4.69632
-2.05574
-1.49988
-4.37186
-4.99607
-1.13692
-4.5458
-3.96539
-1.48443
-5.543
-3.69608
-1.87341
-0.837401
-0.824092
-2.89249
-1.8785
-4.88906
-1.54193
-0.627846
-1.8534
-1.88113
-4.38179
-3.04286
-1.51984
-2.33479
-2.98638
-3.90593
-4.24392
-1.82726
-4.48473
-2.07122
-2.01893
-3.01028
-1.37249
-2.89065
-2.97112
-1.70709
-5.63788
-2.91287
-4.22085
-4.56811
-5.72364
-5.71804
-5.79547
-0.968506
-4.56836
-1.56371
-3.17072
-1.44314
-4.29562
-4.4267
-1.59458
-4.32031
-4.67961
-2.67531
-3.05491
-4.24607
-1.62061
-2.11065
-1.02494
-4.81486
-1.24618
-1.30548
-3.63823
-1.71623
-2.07228
-4.1962
-1.89331
-4.0531
-3.4949
-4.48966
-3.09473
-5.20428
-1.49575
-3.30548
-4.5191
-4.67196
-5.62791
-5.70987
-3.18992
-5.85885
-5.91687
-3.08681
-1.37156
-4.72187
-5.1264
-4.38768
-4.35409
-3.23778
-1.41891
-4.48102
-5.87622
-3.56479
-0.695965
-3.23265
-3.09655
-1.42199
-4.05809
-4.37667
-4.30308
-4.34364
-2.23878
-3.99564
-4.1734
-1.37816
-5.51265
-4.50278
-4.39147
-4.35744
-1.55717
-4.39472
-4.60698
-4.50955
-4.43366
-4.52439
-6.09074
-1.56688
-1.075
-1.53515
-1.42968
-3.0156
-5.28777
-1.60503
-4.40059
-5.81925
-4.79117
-3.28483
-4.28231
-1.55909
-2.71578
-5.68387
-1.0041
-1.38923
-1.52589
-0.996019
-1.99934
-4.41975
-4.35443
-3.31818
-4.48312
-1.46939
-4.42847
-3.98324
-3.01109
-4.14258
-2.90017
-5.47856
-4.28369
-4.96565
-4.86433
-3.12002
-4.66505
-3.01634
-1.01557
-3.11677
-3.36341
-4.51695
-4.96825
-2.32072
-3.98636
-2.85893
-5.64304
-3.17155
-5.67924
-3.0155
-4.82833
-4.3073
-0.975883
-1.27335
-1.72815
-1.28135
-1.73202
-2.32861
-3.95342
-1.08513
-1.5402
-4.4292
-3.97332
-3.13812
-1.43601
-4.01176
-3.02122
-3.74511
-5.45703
-2.83223
-4.88796
-3.99036
-2.30208
-1.84329
-4.06657
-2.96492
-1.63797
-4.10169
-1.40553
-1.67926
-2.03142
-1.59205
-4.33376
-3.23959
-3.46834
-4.34685
-3.35487
-1.37835
-1.42174
-3.08768
-1.51496
-4.61931
-1.05272
-1.00036
-4.44408
-0.912095
-0.981783
-1.44724
-3.43317
-4.81321
-3.63128
-3.03062
-2.33596
-1.14059
-4.02674
-5.20669
-4.84755
-1.14883
-3.00719
-3.38382
-2.53052
-1.76172
-1.02529
-3.13562
-4.3736
-1.86679
-1.61208
-4.57336
-1.41634
-5.86596
-3.50464
-1.32917
-1.57564
-4.36341
-1.74166
-1.63931
-1.24989
-4.46465
-4.00648
-4.38752
-4.76884
-4.00346
-4.44557
-3.37968
-1.86856
-3.20799
-4.54974
-0.805664
-4.46274
-3.54659
-2.70076
-4.52123
-5.13128
-1.5074
-6.08025
-4.15757
-3.36562
-1.69283
-3.57049
-2.87157
-4.24192
-2.34234
-4.34375
-4.64603
-1.71693
-1.58712
-1.33974
-3.005
-1.53904
-1.68538
-5.45156
-1.92456
-4.38631
-1.65415
-0.815195
-4.5305
-5.86183
-4.11269
-3.0194
-2.70963
-4.44069
-2.03023
-3.86931
-4.69608
-4.4278
-3.056
-3.78733
-4.37387
-1.01583
-2.98392
-4.65778
-4.44518
-4.55809
-5.1405
-1.46394
-3.02826
-1.53868
-1.4747
-5.98363
-2.91111
-3.83151
-1.759
-4.31401
-4.62066
-3.00368
-5.9663
-1.56019
-4.68431
-2.41684
-1.18234
-5.03146
-3.91297
-1.25178
-0.987847
-1.07441
-4.49351
-3.18581
-3.32484
-4.37702
-4.72894
-2.87686
-1.94074
-2.00445
-1.55796
-4.46587
-3.22687
-2.07039
-3.01111
-3.14222
-4.5156
-3.95589
-3.89323
-3.6683
-1.4143
-2.95482
-4.47988
-4.66639
-1.88189
-3.60347
-1.73845
-1.37853
-4.71427
-3.00391
-3.93586
-1.54395
-4.26251
-2.90356
-4.2586
-3.89145
-2.26368
-1.68556
-1.56902
-1.37926
-4.5336
-2.32482
-3.80625
-5.65425
-3.3641
-1.61482
-5.11477
-2.30564
-4.07146
-1.41699
-4.41072
-3.1024
-3.42624
-1.52481
-3.15821
-1.38184
-2.84485
-6.06047
-0.880098
-4.64578
-2.65125
-1.89692
-4.45939
-4.43452
-4.25776
-4.01914
-4.08872
-1.45906
-0.956433
-1.22236
-1.61425
-5.38597
-3.02716
-1.17231
-2.9531
-1.01995
-4.06234
-1.80402
-1.39894
-1.61087
-4.01407
-4.02597
-1.91517
-4.68588
-2.92361
-2.09135
-3.02888
-4.13092
-5.43348
-1.71749
-4.48319
-0.911112
-1.29129
-4.48756
-1.75592
-1.00679
-3.1377
-1.61417
-4.53742
-2.08967
-4.46521
-4.35452
-3.21952
-1.27559
-1.60417
-1.76508
-3.46594
-4.47276
-0.80506
-4.07916
-4.43149
-1.0848
-5.08521
-3.1254
-1.09535
-4.20677
-4.74072
-3.38558
-4.48553
-4.34812
-1.57951
-4.04926
-4.1974
-2.91807
-1.63493
-1.37759
-3.41546
-2.91892
-1.61675
-4.78741
-1.45527
-3.77142
-2.93493
-1.32222
-3.93686
-2.88803
-4.67551
-4.66944
-1.59556
-3.96265
-5.03717
-3.05592
-4.43547
-1.56075
-1.11798
-4.28166
-1.5182
-1.52813
-5.10057
-2.66233
-4.87847
-2.94295
-5.22951
-1.46225
-3.9881
-5.56009
-5.50114
-0.666085
-2.97256
-4.34001
-2.21546
-3.88796
-2.88167
-2.91569
-1.98934
-1.18789
-3.86667
-2.33872
-1.41845
-5.43126
-4.45769
-5.23369
-3.99863
-1.61713
-5.59693
-3.09618
-4.56183
-4.24895
-3.72658
-3.48605
-1.5139
-1.5824
-1.36108
-1.50864
-3.51004
-1.1104
-4.39059
-1.94838
-1.81202
-1.56501
-4.44101
-4.44721
-4.3826
-1.64632
-4.05055
-4.2059
-4.89637
-4.68987
-4.29456
-4.12299
-1.32073
-1.52476
-1.91491
-4.58595
-1.26417
-1.57096
-4.31158
-3.32353
-3.00572
-3.1094
-4.43187
-1.52743
-3.69484
-3.26221
-4.39168
-1.60368
-4.09727
-1.44921
-4.42795
-3.00317
-4.36878
-1.65543
-1.60906
-1.12376
-1.57579
-4.03739
-1.62761
-4.84091
-4.43415
-1.58285
-3.2728
-0.88751
-4.38513
-4.06576
-0.914128
-2.29013
-2.5383
-3.25177
-1.51119
-3.92109
-1.25115
-3.00894
-5.49763
-3.97922
-2.19307
-4.87142
-1.97184
-3.83532
-3.21882
-3.74932
-3.43013
-1.77914
-5.35014
-5.98746
-4.03582
-4.84007
-6.09836
-5.16023
-4.85857
-4.1056
-4.46275
-4.48793
-4.86225
-4.50504
-1.41545
-2.73174
-4.32074
-3.18742
-4.41289
-4.54452
-1.4823
-4.82922
-3.28167
-5.3942
-5.3047
-1.76808
-1.10472
-4.18044
-1.61728
-4.56472
-3.42141
-4.35788
-3.74287
-4.65562
-3.82096
-2.93416
-1.14486
-3.97768
-3.09867
-1.60143
-1.58425
-5.43359
-6.09997
-1.77015
-1.55011
-1.67175
-2.07901
-4.74047
-4.44257
-4.43124
-1.59387
-3.94639
-4.86142
-4.57978
-4.05427
-3.07336
-1.10549
-1.78755
-1.90283
-1.43166
-3.12864
-4.26677
-3.98702
-3.26538
-4.23753
-1.79102
-2.79329
-3.72019
-5.85848
-4.32567
-4.24284
-6.02834
-1.56856
-1.07242
-1.60372
-4.15379
-4.61257
-3.9866
-1.19371
-4.17354
-1.60008
-3.88384
-4.96476
-3.94727
-1.49161
-4.53069
-1.99716
-4.69953
-3.96234
-2.96508
-4.0706
-3.3621
-4.04541
-2.98216
-4.29059
-3.41989
-1.50492
-2.02305
-0.844887
-4.42397
-4.53065
-4.36267
-1.6145
-4.49087
-3.11308
-1.54948
-1.42984
-3.98802
-2.44279
-5.24063
-1.87197
-4.42378
-3.19723
-1.2678
-4.22356
-4.72561
-1.42548
-3.00444
-2.20177
-4.30964
-1.48657
-4.56525
-1.55474
-1.81614
-4.72524
-4.43786
-4.27827
-3.21837
-4.428
-0.959017
-5.05106
-4.22558
-1.9735
-3.32021
-2.9086
-2.8892
-3.92746
-3.88105
-1.08789
-6.09029
-3.07545
-4.94469
-5.44826
-4.43826
-4.40787
-1.49402
-1.36925
-0.892797
-2.5567
-1.58065
-4.68373
-4.64422
-4.061
-3.05252
-2.87617
-3.21198
-1.6075
-1.40542
-1.48888
-4.44306
-2.95818
-3.15758
-1.20342
-4.2596
-1.78244
-1.59841
-1.53963
-3.1153
-1.92198
-4.35919
-1.10558
-5.24251
-0.797155
-3.04896
-1.30881
-5.88722
-1.45086
-4.57028
-0.92432
-4.57469
-5.60568
-4.74135
-4.14731
-2.96756
-4.30246
-1.75967
-5.84484
-3.30764
-4.01332
-4.31469
-4.49196
-1.89486
-3.8405
-4.44424
-1.53069
-3.1196
-4.25852
-4.89455
-4.3865
-2.97373
-3.09085
-4.4294
-3.43987
-3.09562
-2.38895
-4.73586
-4.17626
-2.34799
-4.32452
-0.999014
-4.33472
-3.54401
-0.708586
-1.87647
-4.52956
-4.7429
-1.48223
-1.57288
-1.5559
-4.42512
-1.38693
-4.17114
-1.42286
-1.33842
-1.34319
-4.09617
-1.57694
-1.93055
-1.53364
-1.61181
-4.41398
-3.90017
-4.49097
-4.23183
-1.46999
-1.60057
-4.95798
-4.37212
-4.19743
-4.38037
-1.80825
-4.63961
-1.49538
-5.1322
-2.56943
-3.46542
-4.29612
-1.19755
-1.80102
-4.70322
-1.64672
-4.56339
-0.735016
-4.62845
-3.19633
-4.56936
-4.34925
-1.73447
-4.80784
-4.53079
-4.53354
-3.17375
-4.1323
-2.95912
-2.90679
-4.14316
-4.68475
-1.18964
-4.23904
-5.57629
-3.84355
-1.70162
-3.56993
-3.12034
-1.70357
-3.98595
-1.59479
-3.57276
-4.31802
-4.47582
-2.96271
-2.64096
-2.93077
-4.82174
-1.20694
-4.73847
-2.88795
-4.61238
-3.00118
-3.45265
-1.58923
-1.4271
-5.12646
-1.5988
-1.94846
-1.62603
-1.45637
-1.59958
-4.49313
-5.26307
-1.63205
-2.94429
-1.25653
-3.06236
-1.32616
-4.53747
-3.91767
-2.00244
-4.73501
-4.56109
-0.984513
-1.18835
-4.43684
-2.98272
-2.94855
-4.78719
-3.87487
-6.08014
-4.00439
-1.10244
-1.45127
-2.1721
-3.91788
-4.77012
-4.73973
-1.58561
-1.84947
-3.76248
-4.59279
-1.0395
-4.29321
-1.98287
-4.12028
-3.52791
-4.00735
-5.37049
-5.69311
-1.66488
-4.45524
-4.49198
-4.25143
-4.08721
-4.37338
-4.32523
-1.50785
-3.90649
-2.05788
-4.50025
-2.00979
-1.68712
-1.42244
-4.17169
-4.36028
-1.87671
-1.41943
-1.35239
-2.00544
-1.58337
-0.833309
-4.58882
-3.46673
-1.54009
-3.66676
-5.34839
-3.89118
-3.53586
-1.3254
-3.57415
-4.38176
-4.29386
-4.57627
-1.43804
-2.92986
-1.92997
-4.42696
-4.10484
-4.31129
-4.05052
-1.77054
-1.82157
-1.63564
-3.83142
-3.31508
-3.1035
-3.10731
-4.83211
-4.30454
-4.31198
-3.9033
-2.14374
-3.99379
-4.3127
-4.24145
-4.35776
-1.34159
-1.53991
-6.05911
-3.91456
-2.88346
-1.64957
-1.67925
-4.52791
-1.24578
-3.015
-4.38384
-6.03406
-4.01478
-6.00071
-3.98413
-1.87629
-4.03505
-1.58833
-4.53968
-3.987
-2.97744
-3.34431
-0.913358
-3.9883
-3.31889
-2.02799
-4.23962
-1.11726
-1.57425
-3.26901
-1.5362
-4.52912
-1.82748
-3.93441
-1.43962
-1.5296
-2.92373
-1.34329
-3.56217
-3.71598
-5.81548
-1.79289
-2.22677
-3.25309
-4.31015
-5.93677
-3.51446
-4.24426
-4.51347
-3.06881
-0.0977128
-3.42324
-4.44046
-3.00472
-5.07504
-4.3112
-1.87221
-0.952595
-3.526
-1.6204
-4.67122
-1.17346
-4.81435
-4.00592
-0.259404
-1.24789
-1.55082
-1.39065
-1.11256
-4.84936
-4.5488
-4.64838
-1.25058
-3.57489
-4.00844
-4.59367
-2.24941
-1.67218
-2.55328
-2.47292
-4.66142
-5.41377
-4.74195
-2.03072
-3.28978
-3.21387
-1.43285
-1.06472
-1.95899
-1.55819
-3.09152
-3.51035
-1.25798
-1.62721
-4.74294
-1.91453
-1.76227
-4.47181
-4.55761
-5.30214
-1.6556
-3.349
-1.91005
-3.89978
-3.4528
-5.70055
-4.15316
-4.69304
-4.53635
-4.43025
-3.12318
-2.96328
-4.44676
-2.58555
-4.32357
-4.06956
-2.07535
-4.52347
-1.17172
-1.97158
-1.22808
-3.85391
-4.25372
-4.64311
-3.3972
-4.42494
-1.44196
-1.99421
-3.95084
-1.69183
-3.90471
-2.19815
-4.52712
-2.84896
-3.28754
-1.92151
-4.3336
-4.3242
-1.60838
-4.57113
-4.30153
-5.17216
-4.42031
-3.36692
-1.78274
-1.31899
-1.64288
-4.00886
-2.05723
-1.69822
-1.33129
-4.44806
-1.5019
-1.63966
-4.31482
-2.30728
-3.06109
-1.62731
-4.28701
-4.53399
-4.76867
-4.36799
-4.01204
-3.41291
-1.53549
-1.09531
-3.0808
-4.54118
-1.49812
-4.76527
-1.60136
-1.56098
-4.2753
-4.4064
-1.00188
-1.76346
-5.59325
-1.50104
-4.66623
-3.45531
-1.03455
-4.66265
-3.89198
-3.4798
-3.57338
-1.0895
-4.22454
-1.5306
-1.81536
-4.05147
-1.42654
-1.89994
-1.78684
-1.47682
-4.26686
-4.5048
-2.99538
-1.1361
-4.33286
-4.4227
-1.85789
-1.91119
-3.96418
-4.35863
-1.51758
-4.25547
-1.49256
-2.18072
-2.88425
-1.84437
-2.74392
-4.04712
-1.07461
-1.87945
-3.06096
-4.11193
-2.90045
-3.95078
-5.68252
-4.49645
-0.782142
-5.47829
-4.74708
-4.4758
-1.86827
-1.95265
-4.44942
-4.59565
-1.53751
-2.33163
-0.999531
-3.42767
-1.8396
-1.48143
-1.57087
-4.77069
-5.68698
-4.17557
-2.9246
-4.69397
-4.49256
-1.62319
-4.27151
-1.66477
-4.42403
-1.18294
-4.38048
-4.3111
-4.37311
-2.06789
-4.04863
-3.77448
-1.32327
-3.05616
-3.21512
-1.25566
-3.00351
-1.36008
-1.60575
-5.7934
-1.11667
-4.70252
-4.3129
-5.64678
-1.26035
-1.76523
-1.84871
-3.19623
-3.09652
-4.62948
-3.10842
-1.1862
-2.39397
-1.25994
-3.89908
-4.59887
-1.54865
-1.7635
-1.85934
-4.10491
-4.63291
-4.413
-2.962
-4.08124
-3.41613
-4.35952
-1.88948
-4.22873
-1.75752
-1.20032
-2.99446
-1.19234
-4.54524
-1.61192
-4.37965
-1.57501
-0.991975
-2.15982
-4.00186
-1.402
-4.50552
-4.26163
-1.1775
-4.41134
-4.38906
-5.69966
-3.98995
-1.63668
-3.28204
-1.40301
-2.98919
-4.42265
-4.28357
-0.884341
-2.05012
-4.43768
-1.54606
-4.34545
-3.40602
-1.84233
-0.649916
-4.41099
-2.54484
-1.96467
-3.93788
-4.50241
-1.67642
-4.36768
-3.85458
-4.52169
-3.94827
-4.44621
-3.22703
-4.22184
-1.50915
-3.56493
-4.69722
-4.49372
-1.85512
-4.26206
-3.05537
-5.74293
-1.66316
-3.68799
-3.44325
-1.51791
-3.62395
-1.89285
-4.79212
-1.95379
-4.88158
-4.30042
-1.56386
-1.98341
-4.26023
-1.62944
-1.65136
-4.4199
-1.85603
-2.06546
-1.71247
-4.6505
-2.9736
-4.76275
-1.52658
-4.05919
-4.15061
-1.59182
-3.24624
-6.08173
-1.20157
-1.18395
-1.89659
-3.10154
-3.28183
-4.88836
-1.8879
-3.13608
-1.19056
-2.92529
-4.79189
-3.93359
-5.09227
-0.791059
-5.89522
-0.959825
-5.98093
-4.31733
-1.92071
-3.54553
-4.28888
-4.57243
-3.74782
-1.3966
-2.95964
-2.94048
-3.40875
-4.06
-3.94144
-4.19564
-1.79824
-1.869
-1.5064
-4.46464
-3.21636
-1.90421
-4.41402
-3.34934
-5.34916
-3.43592
-1.54386
-1.35379
-1.13983
-4.53034
-4.52528
-2.83753
-3.48946
-3.88917
-1.62314
-1.92012
-4.15243
-1.5626
-3.08761
-4.46271
-4.81826
-3.32377
-3.00796
-4.49479
-4.87329
-1.5201
-5.96238
-4.07941
-3.03659
-1.32001
-3.35039
-4.36567
-3.28496
-4.27561
-1.98993
-2.02333
-4.01012
-2.69708
-4.11075
-4.13362
-2.95631
-3.05422
-3.07043
-2.24741
-3.40871
-5.53973
-3.42622
-4.50446
-1.87042
-1.29391
-3.89821
-4.2981
-1.44995
-4.22846
-3.61864
-1.96787
-5.78205
-1.26059
-2.93333
-4.14292
-1.39678
-1.43092
-4.1686
-1.66561
-4.31892
-3.22967
-2.92218
-4.48613
-1.92288
-4.3853
-1.83007
-1.8467
-2.98908
-1.79984
-4.24007
-3.2839
-3.76874
-3.90306
-4.60287
-3.10139
-4.56751
-4.05195
-1.83488
-5.55459
-3.07599
-1.80385
-0.922585
-2.68631
-1.41729
-3.7869
-4.60569
-5.58897
-3.06515
-3.90458
-4.01088
-4.70381
-1.63156
-5.38807
-5.99404
-1.65384
-1.87156
-4.09513
-4.35314
-3.03246
-2.31728
-3.64191
-1.91637
-3.39961
-2.21737
-4.25307
-1.62412
-5.9447
-4.55405
-4.04244
-4.73132
-5.61041
-4.24803
-3.27053
-4.52217
-2.00583
-1.08455
-5.62408
-1.20862
-2.91229
-1.61709
-1.571
-5.67764
-3.32291
-4.23885
-4.03484
-5.48117
-4.47584
-1.37422
-1.95982
-4.54149
-3.25398
-4.56041
-1.63724
-3.0807
-3.40485
-1.61819
-1.824
-2.17308
-2.15185
-1.8202
-3.96801
-3.30818
-4.70631
-2.12075
-4.41634
-2.68758
-4.23822
-0.719491
-1.3639
-2.91279
-2.9707
-1.68225
-4.7938
-1.56092
-3.05365
-1.56905
-4.5971
-0.847692
-1.42028
-2.96773
-3.95626
-4.514
-4.24013
-4.56313
-3.63088
-1.63724
-1.82976
-4.32883
-1.6232
-1.69843
-1.89337
-1.80864
-5.71548
-3.89369
-1.63716
-1.93184
-3.88049
-1.43399
-3.35687
-1.34866
-3.41468
-1.87415
-1.61636
-4.7767
-3.06283
-4.42253
-2.69117
-4.28836
-4.28417
-1.09796
-3.63396
-4.0309
-1.63723
-4.54693
-4.50407
-1.78915
-4.57686
-3.93058
-4.4823
-1.12072
-1.19269
-4.02618
-4.67834
-4.04835
-4.53856
-1.39681
-1.39773
-3.09357
-3.05931
-1.66219
-2.8855
-3.54998
-5.9001
-2.96718
-4.71877
-4.90689
-4.45071
-2.04755
-1.90972
-2.1543
-1.92032
-4.31444
-4.05499
-4.62741
-4.11569
-4.5858
-1.12231
-3.36661
-2.69693
-1.60327
-4.30225
-1.70859
-1.50676
-4.04136
-1.61807
-1.69828
-1.43189
-4.84207
-4.14819
-3.79947
-3.92195
-4.44302
-5.35637
-1.94017
-3.31594
-4.65688
-4.41003
-1.61346
-1.25395
-4.10407
-1.16724
-4.68227
-3.00857
-4.52958
-4.75919
-4.41209
-3.73725
-3.60397
-3.90219
-1.07063
-3.06075
-1.48834
-2.02507
-3.13174
-4.92184
-4.45881
-0.898145
-1.7268
-3.03817
-1.84297
-4.57992
-1.24046
-1.88076
-1.04907
-1.14856
-4.4505
-1.53395
-3.98794
-4.5667
-4.41405
-1.78184
-4.32347
-2.84655
-1.70614
-1.61204
-4.57998
-1.67621
-1.3911
-2.86802
-3.00474
-1.4158
-4.48795
-1.60862
-1.25894
-1.61894
-2.63093
-4.62272
-4.51553
-1.64319
-1.47251
-1.66438
-1.42491
-1.88247
-1.77672
-1.64034
-1.86718
-4.44308
-3.47451
-4.12105
-3.96274
-5.41855
-3.90708
-4.31264
-1.90831
-1.9386
-1.66175
-3.15646
-0.0991504
-5.58986
-4.03848
-4.80484
-1.34604
-4.61593
-2.46633
-3.45057
-0.711349
-1.14676
-1.38836
-1.67985
-3.08898
-4.26258
-4.44391
-2.82687
-4.45528
-1.88297
-1.57948
-2.93674
-4.51315
-0.954338
-1.45911
-1.50566
-1.24832
-1.8015
-2.98487
-5.83552
-3.00291
-1.21115
-1.97607
-4.31221
-4.45193
-4.17805
-1.24934
-1.94347
-1.63445
-4.53373
-4.29031
-3.70534
-1.1312
-0.874168
-4.27443
-4.42509
-4.46005
-5.92269
-4.37561
-1.57225
-1.6723
-1.55607
-3.56618
-2.33227
-3.84158
-2.74019
-4.10129
-1.27453
-1.50599
-3.47763
-5.65558
-1.92458
-1.56613
-1.98585
-1.36271
-6.02313
-3.69985
-2.09758
-2.8949
-1.89135
-1.19947
-2.57391
-4.02337
-4.46407
-3.62888
-4.0981
-3.2037
-3.88596
-1.11301
-1.24046
-1.91851
-1.96842
-2.18888
-1.60686
-1.62904
-1.59908
-1.63323
-4.44632
-1.41591
-1.59438
-3.44843
-4.64881
-4.90101
-3.0321
-5.70435
-2.39675
-1.43444
-1.67409
-1.86721
-4.67402
-4.68884
-1.2408
-2.8843
-1.75017
-1.34081
-3.1902
-4.29318
-0.992957
-1.54402
-1.60909
-2.89685
-4.47412
-0.666487
-4.29796
-4.3739
-4.0978
-5.09606
-1.53796
-3.92284
-3.81388
-4.29017
-1.84656
-4.40141
-2.40266
-2.02944
-1.65645
-5.47617
-3.27935
-1.72192
-1.68186
-4.62547
-1.89868
-1.48944
-1.99259
-3.25071
-2.01898
-4.46554
-1.15172
-3.37763
-4.59636
-3.00476
-1.65686
-3.54553
-3.53143
-3.09108
-4.72458
-1.33997
-1.86919
-4.64852
-4.16269
-3.35301
-3.48266
-3.61704
-1.43507
-3.21102
-3.69062
-4.6835
-5.77891
-3.4651
-4.23867
-1.7381
-1.72523
-1.8924
-1.56408
-4.00923
-3.98412
-5.7186
-4.45272
-1.37923
-1.95837
-3.53526
-4.65698
-4.59678
-4.56822
-4.52313
-5.52381
-1.43628
-4.4069
-5.94199
-2.6578
-3.92172
-4.2839
-3.71751
-3.00478
-2.89818
-1.32986
-3.05394
-3.38228
-4.30653
-1.01417
-4.58827
-2.99435
-4.34026
-4.87699
-1.33519
-1.78572
-3.93977
-2.69622
-1.91814
-4.448
-3.0809
-1.51401
-4.34595
-3.25809
-1.13123
-4.54499
-4.09084
-4.45283
-1.2595
-1.45247
-2.87619
-4.81658
-3.01306
-3.01337
-4.33355
-4.30987
-4.08153
-4.37155
-3.2768
-3.374
-2.93224
-1.5553
-1.65642
-4.4919
-1.67213
-1.64653
-4.68171
-3.07153
-1.96281
-4.06594
-0.917802
-2.90308
-3.21402
-1.9806
-0.962668
-1.65606
-4.52031
-4.57921
-3.15512
-1.62963
-3.35239
-2.95593
-1.88723
-3.94217
-1.9748
-2.87459
-1.6032
-4.03552
-1.89836
-4.45962
-4.64429
-4.45664
-2.98061
-2.82642
-5.51248
-6.06162
-1.97457
-1.34483
-1.89227
-1.51058
-2.89032
-1.27656
-4.15713
-1.8609
-4.50715
-1.01961
-3.97969
-3.05296
-1.68778
-4.90137
-2.96507
-4.66594
-4.81453
-4.38577
-3.05536
-3.13805
-1.73387
-3.00035
-4.50285
-3.49304
-1.67594
-4.49508
-1.89697
-1.51119
-2.94926
-1.95307
-4.04801
-3.01955
-3.83558
-1.41881
-1.4049
-1.95595
-1.92298
-4.82816
-3.45371
-3.02446
-4.65822
-5.95424
-1.71636
-2.86786
-0.971358
-4.54947
-3.8854
-4.34016
-1.69307
-3.96489
-1.56978
-1.7403
-5.09254
-1.92476
-2.18533
-3.47498
-1.46611
-3.93328
-3.22912
-3.51019
-1.57175
-3.23397
-3.18928
-3.92149
-1.48104
-1.01953
-3.47398
-2.29664
-4.9629
-2.23923
-1.6568
-3.14623
-4.06019
-3.14621
-1.48847
-1.97648
-1.57409
-2.0268
-5.4729
-1.46082
-1.96237
-4.40029
-3.79897
-3.14321
-3.54584
-4.54527
-4.74125
-4.8715
-4.09119
-1.62241
-4.67778
-5.45893
-1.51014
-1.29159
-3.23872
-1.63554
-2.53976
-5.28151
-1.26553
-0.866234
-3.25302
-4.89064
-1.91557
-4.56609
-3.99514
-1.65695
-4.86736
-4.38367
-1.3483
-1.34918
-2.93639
-4.85392
-1.92588
-1.41792
-4.32444
-4.4803
-3.08241
-2.07817
-4.43289
-1.86324
-5.83724
-2.10471
-1.88356
-1.11593
-1.49304
-1.65493
-1.92267
-3.13385
-1.88381
-5.50453
-1.17701
-4.35906
-2.96531
-1.77757
-2.39948
-2.50727
-1.44436
-4.81176
-2.39412
-1.76643
-1.13594
-4.83566
-1.1629
-4.27571
-1.00856
-3.73717
-4.74864
-1.56298
-1.65695
-1.77674
-3.13044
-3.04255
-2.89734
-2.9329
-4.46177
-4.32593
-1.84938
-2.66821
-3.29964
-0.915998
-3.50344
-1.8772
-1.99828
-0.130477
-1.08952
-0.804748
-2.96926
-1.71381
-2.93854
-1.6442
-2.07237
-4.31301
-1.49314
-1.81219
-4.2829
-3.20833
-0.892529
-1.84963
-3.00484
-4.71372
-4.11363
-0.93968
-2.60205
-2.65914
-4.03978
-3.30409
-1.47138
-1.80862
-3.01794
-1.691
-2.92649
-5.91566
-5.08581
-3.04549
-3.82285
-5.86664
-0.936972
-1.626
-0.957981
-4.98004
-3.51224
-3.47431
-4.37395
-4.71995
-1.7039
-1.94363
-3.32197
-1.60101
-2.29085
-1.90139
-1.44346
-1.58014
-4.46155
-1.71775
-4.87127
-1.40729
-1.65412
-1.78576
-1.95451
-3.00231
-4.98894
-4.43367
-1.99177
-4.05495
-4.67742
-1.6628
-4.62896
-1.65765
-4.08357
-3.19186
-1.64717
-2.19032
-1.95295
-1.15716
-5.46754
-1.48364
-4.69511
-1.79203
-5.57222
-1.57208
-4.48957
-3.48161
-1.65473
-5.05263
-2.23772
-4.53308
-1.64092
-4.34334
-1.50591
-3.09738
-4.45385
-4.10238
-4.77819
-3.9738
-1.9039
-4.29985
-1.71033
-4.54498
-1.31464
-3.12547
-2.0768
-3.46977
-1.78122
-2.22525
-2.9348
-3.69133
-3.92801
-5.95833
-3.45284
-4.07691
-2.43621
-1.5758
-1.99402
-5.52298
-1.19342
-3.35868
-1.86215
-1.6334
-1.7812
-3.88153
-3.19865
-3.02797
-3.94899
-4.58532
-2.87946
-4.30619
-3.00542
-1.90447
-1.87632
-4.06567
-1.67451
-3.0164
-4.77936
-1.8291
-4.17118
-2.96114
-3.59628
-2.87474
-4.18204
-4.4924
-4.13269
-4.53592
-1.71661
-1.85891
-2.94543
-1.67578
-3.427
-1.6839
-3.90541
-2.47836
-1.62004
-1.16385
-3.80367
-4.07236
-1.08299
-4.03461
-1.83345
-4.39584
-2.91505
-3.36981
-1.63873
-1.42524
-4.59085
-4.01462
-3.02273
-1.82845
-5.14427
-2.997
-2.55641
-4.57582
-3.46861
-4.28254
-4.48484
-1.489
-1.48975
-4.50532
-1.53928
-1.4109
-4.39763
-2.07831
-4.38848
-4.29913
-1.20916
-3.52498
-2.3041
-4.24205
-3.81419
-3.99826
-0.879594
-4.57302
-1.92745
-4.07436
-2.51186
-2.99198
-3.84441
-4.33821
-3.01185
-4.35628
-1.83613
-1.17872
-4.32175
-4.84202
-1.12742
-3.96331
-0.974268
-2.02562
-3.78647
-3.18413
-4.27639
-1.63913
-1.55773
-1.68927
-1.39682
-1.34348
-1.66783
-5.4544
-4.46408
-1.11446
-1.90728
-1.95232
-3.8973
-2.01949
-1.77123
-1.44696
-4.34331
-3.02061
-3.01504
-4.83902
-2.07148
-4.75833
-5.38667
-1.57132
-5.25102
-4.46947
-5.31756
-4.3836
-4.32487
-1.59852
-4.0716
-4.56287
-4.48479
-4.3888
-1.61153
-1.02041
-2.04715
-1.65691
-2.00499
-4.69528
-1.70245
-3.71274
-4.45845
-3.76982
-2.74121
-4.01011
-4.5408
-2.89125
-3.08642
-3.46357
-2.03397
-1.64958
-3.34071
-1.27771
-3.15424
-3.89756
-3.42336
-4.61435
-4.00683
-3.00603
-1.58733
-1.23438
-1.69772
-2.44677
-1.39765
-1.92262
-0.685282
-2.90721
-4.01092
-1.59972
-1.51071
-4.10411
-4.24371
-2.93788
-3.9772
-1.6995
-1.97125
-4.29299
-1.57563
-1.94039
-2.96611
-2.76219
-3.77967
-1.657
-1.69984
-1.90548
-1.30194
-1.76936
-3.02537
-1.41844
-1.88809
-1.58985
-1.86521
-1.80666
-1.5717
-4.3508
-3.221
-1.90934
-4.29044
-1.30644
-1.16245
-3.62881
-1.9822
-1.77458
-5.20597
-4.00088
-3.71981
-1.47595
-4.64892
-4.87883
-1.40538
-4.83903
-3.26577
-1.8398
-1.63676
-4.20379
-3.9676
-1.51364
-4.16342
-4.04124
-1.16754
-3.10854
-1.20397
-2.81245
-4.60209
-3.03845
-3.23121
-1.49701
-1.52369
-3.06274
-1.67994
-2.23881
-2.1487
-2.65778
-1.72386
-2.38689
-1.04912
-1.81428
-1.75762
-4.65915
-3.46724
-2.01501
-1.7297
-3.99415
-3.01343
-2.57328
-4.54134
-4.50508
-3.9179
-4.1139
-3.38705
-1.12027
-1.55692
-1.27058
-3.93607
-2.64422
-4.87595
-4.45091
-1.78496
-1.20597
-1.7045
-1.46801
-1.54303
-2.84221
-2.87332
-1.81175
-2.05426
-3.95852
-1.35858
-1.57952
-3.97046
-4.45683
-4.13169
-4.59889
-4.69733
-2.85964
-4.06081
-4.37059
-3.82624
-1.34885
-1.41952
-4.08019
-1.65847
-3.07884
-2.64366
-1.51903
-1.61569
-2.31198
-4.05966
-1.79775
-4.61315
-1.64046
-2.02646
-4.3066
-1.57907
-2.93772
-1.75874
-1.65489
-1.83456
-1.6665
-4.51604
-2.03935
-1.6562
-1.60466
-4.07743
-3.02731
-3.28441
-1.73232
-1.07938
-3.44998
-4.00071
-1.90624
-2.01161
-1.73185
-1.63592
-4.76347
-4.17464
-4.69133
-1.62498
-2.88088
-1.85912
-1.58143
-2.84881
-4.42347
-3.80069
-1.5865
-3.03412
-1.91636
-3.9986
-1.42292
-1.52084
-4.85181
-4.10364
-1.90028
-1.45657
-4.05699
-4.97324
-1.62365
-1.90662
-2.89857
-1.56731
-1.64907
-2.19545
-1.33809
-1.7085
-3.08805
-4.37533
-1.67494
-3.49657
-2.01517
-3.18041
-4.32903
-1.88178
-1.68887
-4.386
-2.94781
-4.57248
-4.80749
-3.41978
-3.09972
-1.47108
-2.01284
-1.64848
-3.00398
-2.91312
-2.02323
-1.03018
-3.29744
-4.54858
-3.63279
-3.9508
-4.01777
-3.0664
-1.25151
-1.5628
-2.81909
-3.14161
-3.97553
-1.89038
-4.00418
-1.91059
-3.00496
-1.45223
-4.5519
-4.53371
-1.77546
-1.80656
-1.51971
-4.4854
-1.61337
-1.92793
-4.45448
-1.57934
-5.07554
-4.92529
-3.2025
-3.94866
-4.5871
-3.40102
-2.80184
-1.69695
-4.46131
-1.4671
-4.6057
-1.86542
-3.99183
-3.9791
-1.6687
-1.46118
-3.14338
-3.37914
-1.88
-1.91381
-3.0969
-3.29969
-2.29792
-4.56107
-1.33115
-1.33045
-1.90729
-1.56021
-4.39396
-1.96145
-4.00301
-3.35606
-3.17425
-3.18332
-1.73983
-4.62951
-1.92514
-1.56896
-3.32054
-4.26433
-4.75152
-2.85326
-2.86774
-3.07137
-3.56273
-3.9089
-3.12737
-1.45438
-1.57126
-1.72962
-4.08777
-4.44911
-3.99163
-3.09844
-3.99498
-1.63886
-0.996713
-1.08923
-4.91192
-1.55854
-1.25341
-1.42713
-1.48693
-4.27357
-4.33026
-1.6518
-1.48689
-2.35051
-3.29664
-5.8664
-1.24189
-1.6522
-1.61077
-4.35277
-1.67257
-1.44795
-4.23037
-2.02851
-4.00343
-3.00342
-3.53932
-1.90629
-4.48559
-4.31348
-1.35448
-1.81481
-1.59745
-4.1962
-4.04604
-2.67096
-1.61481
-3.42923
-4.1485
-4.28429
-1.92549
-1.91069
-3.23111
-1.58111
-1.28243
-4.56515
-4.40024
-4.10402
-1.85636
-2.38171
-3.68149
-1.012
-1.36549
-4.50439
-3.61704
-4.53589
-3.07727
-5.10319
-3.00065
-4.86695
-1.90614
-5.2721
-4.4291
-1.56256
-2.96868
-2.32478
-4.46795
-3.11004
-3.51312
-4.45177
-1.53909
-3.66934
-5.26354
-4.35165
-3.50509
-3.94855
-4.09941
-1.71807
-1.93468
-1.17146
-2.58139
-2.26311
-4.34528
-1.81414
-2.26458
-1.44928
-3.03793
-3.82026
-4.36066
-1.67973
-2.30559
-3.31905
-2.99733
-1.69472
-1.55815
-4.46372
-1.59362
-4.52336
-1.96057
-2.06114
-2.62502
-3.14561
-1.76591
-1.85489
-1.567
-1.26435
-1.39129
-4.69673
-1.59748
-3.91671
-3.89067
-3.40518
-1.73262
-4.08133
-4.68595
-1.5259
-5.76963
-1.29575
-1.57168
-4.09781
-4.06823
-1.68651
-2.1726
-3.59659
-2.57897
-1.6523
-3.16579
-1.66034
-3.35845
-2.04378
-4.46745
-1.92992
-1.44947
-1.29588
-1.17998
-1.96389
-1.81316
-3.38728
-4.24558
-4.16494
-1.99026
-3.06113
-1.87687
-1.87145
-3.12447
-2.33428
-1.92447
-4.5278
-2.73258
-1.92089
-3.29728
-4.35012
-3.10701
-1.27504
-4.47806
-2.0267
-1.67268
-0.949152
-1.50729
-1.68232
-5.4209
-1.38502
-1.66398
-3.19252
-1.45117
-1.84785
-1.57503
-1.75346
-4.38806
-1.56772
-3.08349
-1.80668
-3.40141
-1.66522
-2.27502
-1.70566
-4.3862
-4.73853
-1.7419
-4.5495
-1.59429
-1.65265
-1.92238
-2.10409
-3.04045
-4.4059
-1.62837
-4.64744
-3.52611
-3.54299
-1.65146
-1.68977
-4.66925
-2.02483
-4.6265
-3.85571
-1.929
-1.45615
-1.74812
-3.97931
-1.79737
-1.57457
-4.33786
-4.54359
-1.9676
-2.17195
-2.64492
-2.99857
-4.5724
-3.1759
-1.72392
-1.24313
-2.8049
-1.63634
-4.00718
-2.42335
-4.56893
-1.8813
-2.03197
-1.96121
-0.691899
-3.20732
-4.0848
-4.23195
-2.91637
-1.93266
-4.7492
-2.99096
-2.31412
-2.1162
-1.44657
-4.43157
-4.69058
-1.04928
-0.901811
-4.42176
-5.70376
-2.91745
-1.90565
-0.934905
-4.77665
-3.81255
-1.99934
-4.26279
-3.11022
-1.8612
-1.2151
-1.17481
-1.9432
-3.04887
-2.22336
-4.1102
-3.35161
-3.25788
-4.07799
-4.0441
-3.16498
-1.65225
-1.97523
-4.75033
-3.47255
-3.46792
-4.3977
-1.43903
-3.0458
-1.30339
-0.834348
-3.22024
-1.85036
-1.92754
-3.06775
-1.40012
-4.39614
-1.58237
-4.61213
-4.84096
-2.01196
-2.91428
-4.2799
-4.92484
-4.50953
-4.18094
-4.8416
-1.99216
-1.21262
-1.76356
-3.97135
-3.33838
-4.46186
-1.78077
-4.46064
-2.26172
-3.05553
-4.39985
-1.69524
-1.5064
-3.76275
-1.14065
-1.9105
-2.74149
-4.89299
-4.33003
-3.85981
-3.00182
-1.51254
-4.70621
-3.99232
-3.36944
-1.90541
-1.8198
-1.63434
-4.01213
-3.53607
-2.52298
-1.94067
-4.43548
-1.90887
-4.36148
-2.75598
-4.56724
-4.7148
-3.04702
-1.77934
-1.53228
-1.61792
-4.23479
-3.35363
-1.88144
-1.75658
-3.57594
-2.02417
-1.01071
-3.35933
-4.56933
-3.93991
-1.71622
-3.95196
-4.44577
-1.77366
-1.87708
-1.69298
-1.30795
-3.79544
-3.88423
-4.5221
-1.96552
-4.10379
-1.68153
-4.84214
-3.37933
-4.56723
-1.56321
-4.65138
-3.15852
-4.33508
-2.31726
-4.11454
-1.64523
-4.29879
-0.722924
-1.84305
-2.79304
-2.98812
-1.8086
-1.94521
-4.59054
-2.16348
-3.06466
-1.48886
-3.88488
-1.95635
-4.10115
-2.9083
-1.60232
-1.67084
-1.77333
-4.408
-1.29898
-4.41785
-5.47506
-1.95058
-3.21228
-1.46126
-3.10388
-1.39132
-4.09202
-1.75451
-0.960112
-4.59313
-1.76566
-1.06762
-3.57065
-2.23131
-1.45805
-4.18495
-1.93671
-1.26736
-4.5564
-1.70069
-4.47073
-4.50461
-3.35691
-2.87027
-3.19069
-1.94492
-3.04666
-2.40987
-1.91978
-4.30042
-3.27636
-1.24383
-3.00133
-1.69122
-2.05313
-4.34218
-4.33871
-1.45549
-4.87369
-1.90952
-3.95637
-1.66381
-1.28465
-1.26913
-1.6808
-1.50316
-4.09218
-1.43588
-1.13933
-1.43103
-4.4382
-1.30027
-1.58052
-1.88515
-3.14047
-3.89199
-1.01423
-2.14882
-2.89638
-1.66124
-4.80032
-1.6891
-4.30242
-1.65787
-3.08272
-1.68165
-3.96656
-4.52915
-4.30395
-3.16895
-1.91111
-4.26151
-2.77495
-1.97224
-4.41752
-2.51434
-4.08984
-1.66967
-1.32081
-1.70959
-1.90526
-1.9272
-2.91047
-3.85944
-1.97806
-1.67082
-1.6557
-2.04905
-1.61284
-1.78919
-3.02703
-1.6804
-4.30569
-2.02242
-1.838
-4.37814
-1.09861
-4.07995
-1.53367
-1.84443
-1.87027
-3.73901
-4.11216
-1.1084
-1.39089
-1.78657
-2.25519
-3.92493
-1.96971
-1.56559
-4.23403
-4.09708
-1.88912
-1.48185
-1.66721
-1.7903
-5.80852
-3.94062
-1.40565
-1.90966
-4.14751
-3.48345
-4.5557
-3.94768
-3.07667
-1.5431
-3.7873
-1.78393
-1.67639
-2.19573
-4.36599
-3.16314
-4.84188
-3.0576
-4.6476
-1.69213
-2.88773
-1.53222
-1.58507
-5.7559
-1.99517
-2.01429
-4.28674
-4.84867
-4.67825
-1.69023
-2.92728
-2.84341
-3.44014
-4.4456
-5.78023
-1.65571
-2.38485
-3.91581
-1.56895
-1.63324
-1.24101
-4.51191
-1.45259
-4.48319
-3.65688
-1.36323
-3.98141
-1.47919
-1.66337
-0.724909
-1.61582
-1.9773
-4.32021
-3.25677
-3.17753
-3.24944
-1.67495
-4.61277
-3.09681
-1.31792
-2.85669
-1.56043
-1.48627
-3.11991
-4.12137
-3.28489
-1.72839
-2.83942
-1.62492
-1.70189
-1.761
-1.39803
-4.02855
-1.44609
-1.63695
-1.63786
-1.66079
-2.75204
-4.09676
-3.64805
-4.12424
-0.687624
-1.42602
-0.918661
-3.43382
-1.67789
-3.06787
-4.13647
-4.40581
-4.51233
-1.65512
-4.08267
-1.90278
-1.7264
-3.95467
-1.90313
-1.6364
-1.60843
-2.23696
-1.61951
-4.61088
-1.90602
-3.94651
-3.2656
-1.50767
-2.84133
-4.50618
-3.1753
-1.41858
-4.34178
-2.24023
-2.91618
-1.67137
-2.99194
-2.78701
-3.32711
-3.34467
-1.33538
-3.11756
-1.41498
-1.6009
-1.96719
-3.89
-1.70239
-1.16611
-2.34403
-1.9861
-1.26133
-2.9431
-5.18512
-1.95904
-1.62261
-1.62292
-4.92493
-1.77393
-4.84119
-3.93654
-2.12516
-1.41847
-4.29526
-1.69091
-1.51185
-3.02785
-3.22467
-2.08875
-1.72223
-3.96734
-2.7721
-1.6799
-3.00437
-2.95186
-1.77497
-2.21514
-1.89663
-1.17601
-1.41691
-1.35262
-2.84493
-1.64178
-4.41476
-3.94338
-2.02053
-1.13978
-1.67068
-3.63665
-4.1078
-2.73247
-4.33982
-4.38496
-4.54558
-1.15638
-4.00134
-1.4682
-4.56768
-1.54065
-3.19202
-1.34129
-1.73726
-5.66923
-2.64333
-1.96892
-1.99034
-3.63449
-2.11255
-1.82157
-3.19894
-3.14079
-3.44719
-3.44349
-2.0359
-1.9097
-3.49982
-3.48027
-1.23961
-4.38916
-0.971714
-1.69076
-3.22827
-1.58543
-3.14564
-4.32933
-1.43594
-4.46311
-1.84506
-3.98276
-4.83246
-1.16442
-1.32418
-4.88122
-4.33101
-1.97434
-3.07013
-4.43491
-3.55342
-3.01656
-4.09882
-1.25992
-1.91392
-3.08135
-2.8273
-1.67966
-1.96511
-2.77719
-4.24473
-4.46048
-4.10618
-1.40238
-4.5867
-3.80571
-1.41548
-1.85065
-1.84681
-1.93414
-1.50982
-3.00593
-2.91875
-1.37829
-4.61328
-1.50334
-3.02241
-4.10392
-1.76663
-2.86811
-2.09426
-1.84035
-5.12516
-4.40245
-1.76789
-3.86713
-4.1143
-3.00723
-1.89653
-1.73224
-1.55002
-1.63036
-3.20314
-5.02741
-1.52086
-3.92145
-3.42152
-1.51579
-1.67436
-4.09742
-2.95287
-1.57799
-1.69378
-4.50804
-2.83396
-3.59501
-3.88743
-3.75247
-1.05641
-1.74847
-4.63694
-1.46519
-1.99977
-4.50412
-1.11229
-2.97816
-5.01523
-3.87977
-2.90094
-1.73151
-2.92785
-4.57153
-1.64309
-1.9072
-1.91028
-3.56895
-4.86103
-1.73094
-4.85878
-4.79694
-1.50599
-1.76809
-5.70843
-4.6085
-1.69186
-1.33477
-3.05924
-3.31204
-2.87797
-2.91032
-4.26421
-1.5595
-5.64397
-1.34342
-1.77522
-3.02247
-4.09346
-4.45933
-1.96628
-1.02662
-4.2188
-1.81291
-4.12262
-5.38812
-4.52841
-1.03107
-1.76235
-3.92265
-1.47547
-1.64254
-1.43843
-4.48208
-1.73356
-3.19141
-4.78863
-0.832615
-2.01834
-1.57159
-4.41199
-5.02604
-2.83234
-1.5268
-2.00926
-1.64261
-1.45605
-2.03612
-3.91833
-2.94424
-1.6334
-3.00461
-4.42827
-3.9186
-1.80284
-1.91321
-4.61581
-4.2449
-4.10114
-4.28585
-1.99922
-2.65679
-4.04808
-1.64352
-3.92992
-3.24236
-3.09649
-3.99289
-1.93557
-3.01496
-4.56788
-2.25126
-3.20993
-1.25603
-4.23381
-2.535
-4.38976
-1.95992
-1.98097
-2.54333
-2.22642
-4.34788
-1.18051
-3.09923
-3.19947
-1.91812
-3.87119
-4.35681
-3.08383
-1.397
-4.22993
-4.49699
-1.81553
-1.63922
-2.00889
-4.35538
-1.25393
-0.167977
-1.0285
-3.20321
-1.69562
-1.96761
-2.8894
-3.99255
-4.31471
-4.49477
-3.45059
-4.45903
-4.40835
-1.04959
-3.91852
-4.5681
-4.04628
-2.0112
-4.46762
-5.2203
-1.66992
-4.3346
-1.41189
-3.3159
-4.30782
-4.81169
-2.87495
-5.3513
-3.4737
-3.94147
-0.746931
-1.69925
-4.44181
-1.45302
-3.43331
-1.08162
-1.95144
-4.53948
-1.55775
-3.19287
-4.19974
-3.21544
-2.53666
-1.68487
-1.63872
-4.47062
-1.28813
-1.79655
-1.28329
-4.33548
-1.85975
-2.10441
-3.44399
-1.95788
-1.38803
-1.23358
-3.92056
-2.73662
-1.87776
-1.65954
-2.98241
-1.83549
-4.27045
-2.6802
-3.13514
-3.90839
-1.95025
-1.91001
-1.86438
-1.73426
-2.70142
-3.07486
-4.09731
-4.38997
-4.54052
-4.33943
-4.57925
-1.91162
-0.976014
-4.75769
-4.3787
-1.53335
-0.755584
-2.09333
-1.57269
-4.40654
-2.40559
-5.24577
-2.81586
-3.14632
-5.58249
-2.10243
-3.00686
-1.95179
-2.02006
-4.32489
-1.97194
-1.92264
-5.66793
-2.90285
-1.91784
-3.27191
-2.21566
-1.90944
-1.97313
-3.18544
-4.22984
-4.71077
-1.95951
-1.30791
-2.09599
-3.11953
-3.02065
-1.5905
-1.92413
-1.85399
-3.01839
-3.74004
-2.80392
-5.00285
-1.36812
-1.36975
-4.65916
-4.40952
-1.91328
-4.25312
-4.05629
-1.70804
-4.49861
-1.95081
-3.93146
-3.19235
-3.96358
-1.76705
-1.38137
-4.51105
-1.91172
-2.01401
-2.61703
-1.66342
-1.88426
-1.69899
-3.7368
-1.80576
-4.84876
-6.07472
-3.95437
-5.53799
-1.71479
-0.776791
-1.57261
-3.92095
-4.33415
-4.62771
-4.44392
-3.3341
-4.22961
-1.65093
-1.85051
-4.44799
-3.49457
-2.20452
-4.47179
-4.66783
-3.24892
-1.41354
-2.45063
-3.83455
-1.35695
-1.83305
-1.69184
-4.45949
-1.7764
-1.6924
-2.02529
-3.0438
-1.826
-3.47427
-1.8515
-2.02829
-2.83571
-0.739845
-3.59664
-1.56457
-3.12437
-3.18072
-1.47819
-1.35505
-3.33563
-0.879704
-3.91297
-3.91913
-1.43224
-4.25542
-4.4362
-1.70159
-4.14204
-3.30197
-1.29604
-1.67033
-1.57869
-4.51876
-4.49947
-2.65377
-1.77144
-1.63444
-1.70439
-1.98753
-2.22558
-3.1865
-1.85345
-3.04977
-2.01507
-2.74849
-2.78308
-3.30342
-1.60631
-1.51555
-4.08028
-1.3831
-3.19111
-3.09835
-3.17801
-4.6755
-5.91665
-4.90854
-2.05657
-3.91264
-2.05805
-1.91521
-2.2442
-1.66352
-3.32251
-2.04578
-1.85111
-2.13027
-1.68687
-1.61115
-3.89793
-5.82257
-3.19721
-1.9694
-4.56434
-2.24813
-1.89193
-3.1678
-4.10119
-4.54145
-3.00555
-1.8643
-1.91856
-3.8889
-5.51602
-4.77758
-4.10428
-2.11408
-1.7716
-3.1823
-1.87654
-2.0463
-1.79237
-2.8341
-1.68634
-4.25657
-3.9552
-1.97761
-3.97644
-4.46649
-2.86738
-3.18975
-2.98512
-2.02658
-4.80227
-1.53049
-3.53329
-1.72388
-3.2016
-4.40131
-1.78753
-1.73964
-3.04804
-1.49445
-2.94705
-1.60298
-4.02236
-1.33023
-4.10032
-2.98331
-1.42686
-1.58833
-2.19911
-2.91745
-2.03196
-1.71296
-1.7398
-1.42494
-1.73183
-4.40223
-2.32924
-4.03497
-1.83816
-1.77094
-3.66731
-1.48528
-1.96414
-3.13985
-1.03245
-3.93552
-2.29324
-1.91902
-1.29423
-4.08017
-2.03028
-4.35148
-4.48369
-1.88059
-4.15005
-3.58484
-3.19737
-4.2413
-3.41077
-1.81664
-2.19375
-1.77169
-3.87291
-4.40949
-2.9928
-1.53005
-4.43077
-4.23918
-1.185
-1.60656
-3.02281
-1.50242
-1.59739
-1.83902
-1.43465
-4.43753
-1.88498
-4.44395
-1.08545
-0.862546
-3.05394
-1.36353
-4.23089
-4.1046
-1.51079
-0.671348
-1.82771
-4.5309
-2.45548
-3.92608
-1.9225
-2.02616
-4.7642
-2.53283
-4.86423
-4.68587
-4.26134
-4.28955
-2.11131
-1.72715
-1.9191
-1.70251
-1.18162
-3.43721
-1.09822
-3.13968
-1.60676
-1.42933
-1.69504
-1.68573
-1.44253
-3.04242
-3.86272
-1.75253
-1.85091
-1.24341
-1.42176
-3.6365
-2.07072
-2.19364
-1.80014
-4.44038
-1.58018
-3.1729
-3.34635
-4.56655
-1.90002
-3.55586
-2.02827
-2.89653
-1.84865
-4.32171
-1.72039
-1.85341
-4.12309
-1.79615
-3.33711
-1.5033
-2.81705
-1.871
-3.03404
-4.55304
-1.82589
-4.44007
-4.76811
-4.66267
-3.18017
-4.50322
-2.65876
-1.52041
-4.99054
-1.58575
-4.5035
-2.20975
-2.06826
-2.02508
-1.68216
-4.41829
-4.7987
-2.40719
-2.91628
-4.55422
-1.69838
-4.60058
-1.55697
-4.38589
-1.26968
-3.92474
-3.18958
-3.08445
-1.77203
-1.4882
-1.40882
-1.4103
-4.62321
-1.20675
-1.77404
-2.80565
-2.84945
-2.05992
-4.45907
-3.01615
-2.87751
-0.919861
-4.54849
-2.04085
-2.96195
-1.32881
-1.78909
-2.78706
-0.721207
-1.74788
-1.97183
-4.82129
-1.52562
-3.59255
-3.04247
-1.54472
-1.97718
-3.28395
-3.42983
-3.33115
-1.68104
-1.63484
-1.60726
-4.43676
-2.44535
-3.03472
-1.92067
-1.77358
-4.52457
-2.76867
-1.75852
-3.16502
-4.37858
-3.36382
-3.21301
-2.35245
-1.77254
-1.94251
-1.04253
-2.82886
-1.69973
-4.05885
-1.99731
-4.10123
-3.17528
-5.09766
-2.69554
-1.96147
-4.17504
-3.19625
-2.84498
-2.4071
-2.94475
-1.44441
-1.4413
-3.41801
-0.460149
-4.31564
-2.03295
-3.19531
-1.92399
-5.07621
-3.66585
-1.71881
-1.74903
-3.07694
-1.97967
-4.27803
-2.71381
-1.66699
-3.61565
-2.88687
-4.6607
-3.44772
-4.44018
-5.49818
-4.48262
-1.11194
-2.03036
-4.50314
-2.96382
-4.38001
-1.60054
-2.83743
-1.45939
-1.81304
-1.45186
-2.03869
-1.07552
-2.30008
-1.64336
-2.99314
-1.30179
-4.45941
-3.37756
-2.93301
-3.08531
-3.69286
-4.3805
-2.94223
-1.85013
-2.55297
-4.39763
-0.995655
-4.26797
-4.02104
-1.75004
-3.43874
-2.06804
-1.95901
-4.95567
-3.17995
-2.74656
-1.11306
-1.01942
-2.95214
-1.5891
-5.12134
-1.62828
-4.32235
-1.55817
-4.35659
-1.84018
-2.15404
-2.98873
-1.65784
-3.03415
-2.85439
-1.88951
-1.55969
-1.63922
-1.98939
-3.64215
-1.78986
-1.61236
-1.72675
-2.04058
-1.66289
-5.14834
-1.81291
-4.45754
-3.34396
-3.28672
-3.96377
-4.30765
-3.96573
-1.58649
-1.62345
-4.52409
-1.73368
-1.7389
-1.95802
-4.30882
-1.72603
-3.24695
-3.17923
-4.198
-1.50613
-3.98556
-1.95384
-3.46194
-1.08897
-4.31842
-0.855197
-2.9046
-3.55043
-3.03513
-0.928394
-4.02385
-4.22715
-3.29284
-2.8496
-4.02927
-4.43155
-1.95802
-4.51052
-3.37371
-1.66341
-4.76689
-2.40059
-3.01237
-2.7353
-1.99354
-4.66955
-5.07332
-2.91093
-2.03546
-4.00511
-1.94546
-4.11496
-5.65111
-4.36809
-4.40334
-1.92925
-4.47444
-4.05748
-1.80204
-1.47304
-0.964193
-3.35974
-1.97704
-1.41039
-4.90121
-3.06968
-1.74852
-4.65231
-1.07789
-1.19903
-2.9829
-3.91424
-1.69314
-4.69296
-1.98925
-1.79917
-4.0846
-2.58018
-4.00005
-1.71304
-2.02933
-1.86649
-4.09575
-1.38356
-4.20882
-1.65752
-1.75623
-2.41272
-3.16956
-2.00273
-1.86342
-4.53593
-1.42008
-1.91974
-1.77911
-1.43951
-3.19575
-1.68886
-3.18268
-4.79575
-1.86061
-1.82629
-5.51942
-1.92113
-1.97844
-4.62501
-2.9979
-2.98355
-1.44121
-2.99537
-2.63528
-3.21176
-1.55416
-2.94009
-4.24771
-1.60982
-2.88137
-3.33676
-1.76497
-4.10858
-1.62713
-1.34243
-1.67784
-3.17288
-1.73241
-3.51301
-3.27797
-2.02559
-3.23774
-4.50823
-3.62491
-4.2485
-2.60151
-1.88668
-1.22634
-2.14636
-3.98456
-1.77702
-1.72867
-2.0432
-4.22676
-1.53811
-4.95982
-4.76228
-1.7725
-3.02635
-2.0308
-2.83564
-4.11463
-2.83717
-4.25791
-1.95359
-4.33036
-4.26587
-1.33699
-4.65636
-4.10983
-1.78463
-1.66164
-1.59347
-3.98869
-2.02004
-4.6008
-2.66627
-2.71346
-1.62123
-2.12287
-3.20666
-1.27281
-3.02707
-1.44103
-1.73556
-5.21883
-1.53843
-4.22545
-1.78207
-3.2154
-5.14229
-1.9719
-2.18663
-2.63111
-3.20314
-1.57482
-2.52757
-4.35705
-1.33597
-1.60288
-1.98896
-1.93432
-2.27899
-2.21531
-3.02552
-2.75511
-5.02786
-2.08016
-1.28039
-1.70401
-3.97177
-4.11403
-1.83981
-1.47426
-5.50272
-1.62559
-1.40686
-4.80961
-4.5373
-1.96102
-4.2761
-2.2351
-3.28183
-4.87883
-1.47335
-2.98799
-4.63048
-1.68172
-1.77029
-1.65348
-3.27089
-4.76259
-4.51395
-4.95731
-1.98166
-2.1473
-2.03867
-2.30372
-1.71083
-2.84289
-1.29242
-1.91299
-1.95194
-0.848682
-4.35629
-3.90559
-4.03281
-1.77383
-3.48665
-3.23471
-3.23946
-3.18072
-1.66966
-2.99558
-3.36961
-3.29732
-3.73044
-2.97757
-5.5857
-1.76168
-1.76108
-3.97729
-1.7154
-4.09753
-4.28586
-1.65855
-3.94364
-2.94834
-3.02436
-4.11839
-1.55391
-4.03154
-1.78486
-1.90062
-1.59221
-1.92991
-2.87463
-2.78469
-1.10509
-2.21276
-1.96407
-1.78458
-2.06717
-1.94818
-2.78876
-1.70338
-1.47212
-3.00955
-3.8285
-3.37617
-3.1287
-4.4586
-1.77302
-1.854
-4.63545
-1.55088
-1.21424
-3.78179
-4.12537
-2.94236
-4.09546
-1.76606
-4.50281
-1.79351
-2.42442
-1.68287
-4.34299
-3.24116
-2.36931
-1.9432
-2.19629
-1.61879
-3.22143
-4.21973
-2.1658
-5.28184
-1.89082
-1.99259
-3.92724
-4.28538
-1.6643
-2.65111
-1.36978
-2.77439
-2.74119
-5.49438
-1.91895
-1.24288
-3.71116
-3.02486
-6.01504
-3.19603
-4.2441
-1.81428
-1.61632
-1.7529
-3.20164
-1.72905
-1.37811
-1.96147
-1.87405
-1.91955
-4.56747
-2.96695
-3.25324
-3.26214
-1.74739
-1.54519
-1.933
-4.64563
-1.96095
-4.78383
-1.91563
-1.80884
-0.74255
-3.15885
-1.45139
-1.6762
-2.95043
-1.98175
-1.60936
-4.00592
-1.77573
-2.7741
-3.92177
-1.71293
-2.04314
-4.27319
-1.49791
-4.06734
-4.31719
-4.56751
-2.6604
-5.69737
-1.68825
-3.92153
-1.98675
-2.05456
-4.04476
-1.333
-3.37583
-3.02319
-3.17082
-2.16243
-1.68126
-2.80167
-0.932413
-1.72728
-2.08005
-3.47266
-1.99063
-4.3733
-2.45897
-3.93511
-2.9222
-2.09363
-1.45022
-2.60728
-4.46322
-0.869701
-0.815113
-4.22812
-2.76856
-1.64859
-4.32415
-3.03011
-1.9645
-4.59147
-1.74694
-1.93545
-2.9502
-4.38486
-1.65663
-4.44157
-1.75831
-2.18179
-4.22344
-4.62869
-1.51341
-1.6734
-1.71372
-4.54364
-1.75448
-3.71307
-1.82544
-4.0368
-3.2829
-2.21537
-1.90515
-3.98124
-4.64222
-1.74358
-1.67117
-1.63163
-5.04134
-1.468
-3.09791
-3.92192
-3.49875
-2.91073
-1.98605
-3.9425
-2.10367
-2.89566
-3.31599
-1.66582
-1.43377
-2.07015
-3.20482
-4.17079
-3.91825
-1.7175
-3.16326
-4.90269
-1.91888
-4.64575
-2.47624
-1.48494
-3.98006
-4.52805
-1.94657
-1.89283
-1.29619
-1.47035
-4.9023
-2.81803
-4.39182
-1.5522
-1.58454
-2.77984
-1.37263
-1.92952
-1.95041
-3.29678
-4.42776
-4.04532
-3.21927
-3.07199
-4.39308
-4.48024
-5.03979
-2.88151
-5.16754
-3.96714
-3.28937
-5.16431
-2.07226
-1.7153
-3.23841
-4.49622
-1.97123
-1.66475
-5.63109
-1.58629
-3.31159
-2.16919
-2.51954
-1.45272
-1.89605
-1.52842
-2.90644
-2.37577
-3.23025
-1.84955
-3.30849
-3.89594
-3.0027
-1.88527
-4.0122
-1.50447
-2.82359
-3.89673
-4.14502
-1.56462
-3.70669
-2.69514
-4.10444
-0.945768
-4.06565
-4.45669
-2.57872
-4.27479
-1.72566
-4.21828
-4.19653
-4.63254
-2.22249
-2.99692
-3.99499
-3.46359
-2.74239
-3.69239
-1.81435
-4.48883
-2.83301
-1.94523
-1.65657
-1.72401
-2.00389
-1.54236
-3.53294
-3.9003
-1.76743
-4.24245
-1.70577
-4.37688
-1.79696
-1.78978
-2.82382
-3.3019
-1.62186
-3.31125
-1.22319
-4.36812
-4.29647
-1.73586
-4.63806
-4.30278
-2.04627
-1.91504
-4.2296
-4.43516
-1.66812
-4.76138
-1.78314
-3.05807
-5.78638
-3.19756
-1.99014
-5.45573
-3.87794
-1.52251
-1.76187
-4.04525
-1.65155
-5.05626
-1.51409
-1.89929
-3.94824
-4.56129
-1.72099
-3.2634
-1.7724
-1.71633
-4.37984
-3.20755
-2.76382
-1.31973
-1.74132
-1.19335
-3.91931
-0.831212
-3.25166
-2.92515
-2.00756
-1.90523
-4.37358
-5.10676
-1.47504
-0.604721
-4.41544
-0.758538
-3.17859
-2.52644
-2.02782
-4.01819
-2.60221
-1.58246
-1.92326
-1.84119
-5.15982
-2.7998
-1.34116
-4.55693
-3.86917
-3.93443
-2.02496
-2.19348
-5.03574
-3.13807
-2.03677
-1.12809
-2.92182
-4.84766
-2.39349
-2.65182
-3.89153
-2.93237
-2.56006
-3.56558
-3.09124
-3.60664
-2.77191
-1.80551
-2.00138
-2.82157
-2.32785
-1.93531
-3.1525
-4.69852
-3.87479
-3.16971
-2.99156
-4.54774
-3.14395
-1.93031
-1.95641
-2.773
-4.09498
-1.69496
-4.85101
-2.89448
-1.96447
-4.3779
-2.17398
-3.64437
-3.92346
-1.90944
-3.19874
-3.20501
-3.17727
-3.9156
-3.85878
-1.86385
-4.66552
-1.85296
-2.13649
-3.7728
-1.94614
-4.67753
-4.71296
-1.5979
-1.99946
-1.61439
-2.44593
-3.19431
-2.52393
-1.52522
-4.02272
-2.02413
-2.94066
-2.07829
-1.86027
-1.59254
-1.80194
-2.78244
-1.97918
-3.94111
-2.90016
-4.34628
-2.97781
-0.218823
-1.73035
-5.00574
-3.26294
-1.72309
-4.34714
-1.77171
-1.86835
-1.91442
-4.15762
-1.68214
-2.02983
-1.55727
-1.10749
-3.94287
-2.7253
-4.38902
-4.60894
-2.6637
-4.01794
-1.90444
-4.68137
-3.97569
-1.82999
-1.93487
-1.9841
-1.69534
-2.02577
-1.74436
-2.22248
-3.16562
-4.82631
-1.89184
-1.70173
-1.46218
-4.27473
-1.77611
-2.33446
-2.68401
-1.4441
-3.01473
-1.98761
-2.95432
-2.20414
-1.62856
-3.17575
-1.65396
-3.03754
-1.81794
-2.01507
-1.78931
-4.04733
-2.22577
-1.94597
-1.95162
-1.70312
-4.33256
-1.549
-3.08677
-1.78997
-4.28304
-2.84367
-4.50135
-4.06873
-4.07987
-1.95463
-2.55152
-1.78229
-1.89123
-1.77606
-1.97586
-1.68133
-2.94833
-3.23136
-1.86523
-3.26883
-1.7639
-2.54289
-2.15381
-1.82341
-2.88183
-1.6154
-4.45561
-5.42021
-1.72856
-3.75501
-3.68612
-1.59803
-3.95383
-1.71897
-1.19945
-3.27048
-4.25142
-3.26396
-5.66635
-2.80686
-4.35805
-2.0295
-3.90524
-1.96766
-0.99164
-2.30806
-3.18079
-1.76298
-1.71732
-5.17468
-1.92098
-2.2941
-4.86998
-1.55637
-1.63447
-1.12807
-4.43596
-4.43633
-2.89335
-2.06696
-3.04597
-3.27422
-2.99131
-1.7031
-3.66973
-1.97903
-2.30149
-3.99224
-1.41277
-3.19693
-2.99299
-2.91451
-3.65175
-1.67397
-2.01638
-2.87236
-4.46486
-1.38036
-1.98351
-2.84297
-2.02616
-4.03542
-2.43534
-4.36754
-1.68874
-2.80807
-5.89558
-1.21997
-4.50605
-3.87671
-3.26625
-2.02601
-1.76883
-1.98163
-4.33007
-1.56433
-3.22994
-1.81415
-1.81659
-1.6338
-2.00996
-4.36093
-2.71642
-2.28023
-1.75144
-1.70236
-2.7717
-2.02605
-3.16647
-1.64553
-1.89943
-2.90774
-1.84869
-1.7939
-1.7933
-3.24898
-1.8494
-3.10574
-2.1517
-1.66002
-2.04677
-1.75187
-4.42218
-4.53382
-3.10611
-4.28893
-3.4027
-1.89707
-1.64645
-4.56106
-4.60883
-1.80231
-2.15337
-1.8475
-4.25303
-4.78093
-3.50498
-1.93744
-4.15376
-3.04205
-1.65113
-3.01575
-2.83752
-2.98426
-1.67628
-1.99688
-2.02728
-1.80486
-4.32632
-2.05172
-1.341
-1.83672
-1.53486
-2.45281
-1.9827
-1.99696
-4.12186
-1.44518
-1.82457
-3.45107
-5.16331
-4.0081
-1.55976
-2.05834
-1.85596
-2.0308
-1.64406
-0.980096
-1.87402
-4.81222
-4.16775
-1.70245
-3.65988
-1.46147
-2.72144
-1.81716
-1.89557
-1.6512
-4.12016
-3.09534
-4.65827
-1.74679
-2.02382
-3.17644
-1.56662
-1.66869
-1.69058
-3.01682
-4.56571
-5.06175
-1.55922
-1.95322
-1.95363
-1.52688
-2.91026
-2.56276
-1.78025
-1.81793
-4.23043
-1.33282
-3.90846
-4.37503
-2.04879
-3.93787
-2.47614
-3.92019
-4.36519
-4.89886
-4.91221
-3.61648
-1.85948
-3.23695
-1.87305
-4.93115
-4.797
-2.49161
-3.21842
-5.17962
-4.95552
-3.1864
-1.85396
-2.0001
-5.14554
-2.00387
-1.18291
-1.83188
-2.23173
-1.6408
-1.79866
-3.8072
-3.2632
-1.80272
-2.96857
-0.875959
-2.94509
-4.37324
-0.712654
-1.91767
-4.34917
-2.86849
-1.18825
-1.57631
-3.16281
-2.5248
-2.96244
-1.55452
-1.76247
-2.04489
-1.88518
-2.98918
-1.8926
-2.04524
-2.36495
-3.67958
-1.6172
-1.92955
-2.9137
-3.49449
-2.23604
-3.47541
-2.02676
-2.90002
-1.92748
-4.36134
-2.03812
-3.96238
-2.0241
-2.03877
-4.38358
-2.92514
-4.98647
-2.01123
-1.67435
-4.11602
-3.00024
-1.67966
-3.97789
-4.97505
-2.34306
-4.51048
-2.10351
-4.49188
-3.24747
-1.81013
-2.80163
-2.04577
-1.50127
-5.34253
-5.89976
-4.32049
-3.00398
-1.66137
-1.40016
-2.75179
-1.63971
-1.503
-1.36919
-1.98288
-1.86163
-1.45141
-2.41899
-2.89392
-2.03824
-1.65029
-1.97347
-2.2414
-3.96085
-1.76426
-2.13858
-1.72878
-4.15009
-3.2058
-1.26087
-1.90425
-5.66525
-3.43218
-1.87148
-2.86449
-3.30773
-2.76068
-3.92803
-4.43753
-2.3552
-2.93264
-4.23605
-4.60991
-3.94634
-3.93895
-1.66622
-2.00834
-4.61346
-1.71051
-1.98536
-1.79249
-3.93823
-2.03808
-1.76615
-2.99142
-4.4339
-1.99435
-1.66119
-2.15361
-1.69234
-2.77522
-1.70804
-1.16676
-3.07725
-3.52417
-4.51872
-1.78087
-1.64651
-4.56328
-1.89781
-1.94982
-1.92253
-4.03227
-1.82374
-2.32513
-4.93573
-1.96704
-1.67948
-4.28036
-2.10532
-1.95507
-1.80572
-2.36245
-1.77689
-5.17237
-1.11467
-4.40046
-4.43201
-1.81724
-5.17931
-1.93722
-1.81296
-2.95474
-1.41101
-4.43654
-1.57729
-4.59466
-1.99058
-2.49755
-4.43915
-1.29
-1.29055
-3.91169
-3.36054
-2.84187
-3.18464
-3.42674
-2.75418
-3.44201
-3.19397
-2.79671
-3.1944
-1.82684
-1.77231
-3.40461
-4.2876
-1.95691
-1.81274
-2.56234
-2.94711
-3.6256
-3.98738
-3.17261
-3.09209
-1.70841
-1.57355
-2.68039
-3.51863
-2.32273
-2.82571
-1.06153
-2.90135
-2.13313
-2.6009
-1.81241
-1.77683
-4.46448
-3.91605
-4.0745
-3.18114
-2.05335
-1.59444
-2.96223
-4.42569
-1.91011
-1.60006
-1.91525
-4.38254
-4.56029
-3.67245
-1.25876
-4.45027
-4.40261
-1.42113
-3.92388
-4.02082
-4.93334
-4.92172
-4.69143
-4.89463
-4.07412
-4.66668
-4.41031
-4.02873
-4.87984
-4.42708
-4.62547
-4.39114
-4.63859
-4.81792
-4.80357
-4.61505
-4.04513
-4.48945
-4.84665
-4.68826
-4.86629
-4.94314
-4.91582
-4.02796
-4.0202
-4.42605
-4.16373
-1.13904
-4.73095
-2.1886
-1.66924
-1.59089
-5.17499
-4.6453
-4.23998
-2.45645
-2.23843
-3.15681
-3.94329
-2.54804
-3.89608
-5.19658
-3.28413
-1.58931
-2.4706
-4.43075
-2.30399
-2.92208
-4.15933
-1.66343
-2.13618
-5.91174
-1.98958
-2.66136
-2.68087
-3.11627
-3.88394
-5.1118
-2.79341
-2.71682
-2.65652
-1.8889
-2.03008
-3.17654
-3.73615
-2.05459
-2.50924
-3.98887
-1.79158
-3.92181
-4.43187
-1.57571
-2.69318
-3.59773
-1.96663
-2.05509
-1.70018
-5.29684
-1.94441
-2.99214
-3.08035
-1.6486
-1.71801
-1.78452
-4.61726
-1.96243
-1.00078
-1.4365
-1.79676
-1.62369
-4.96213
-3.97784
-4.76312
-3.1778
-3.15319
-2.03982
-1.53981
-1.83644
-3.80998
-3.63227
-2.78067
-1.94521
-1.94373
-4.02343
-1.65631
-1.49847
-1.98283
-4.43466
-4.67239
-5.02309
-2.71278
-2.13909
-2.0103
-2.67175
-2.00721
-2.95302
-1.89737
-1.85959
-3.83819
-1.91435
-2.28573
-3.04015
-3.03986
-3.94539
-1.98833
-4.12343
-3.83824
-1.52844
-2.06496
-2.05807
-1.88219
-4.87765
-2.94345
-3.7808
-1.93986
-2.88026
-4.49469
-2.81607
-1.66802
-2.50691
-1.8261
-2.16561
-1.88565
-3.93391
-2.11606
-2.97448
-1.45085
-3.2266
-4.5618
-1.90427
-2.0186
-1.92358
-2.93122
-2.96044
-1.80933
-2.75858
-4.49968
-1.654
-1.83566
-2.1427
-4.47762
-1.72666
-2.00887
-2.008
-1.71338
-2.01515
-2.86619
-1.70735
-1.42816
-1.56257
-1.89589
-4.56621
-1.66881
-2.2198
-2.01424
-2.19185
-2.92858
-1.94851
-2.82532
-2.57532
-2.92264
-2.35848
-4.2155
-0.728607
-4.16695
-1.72504
-2.02886
-3.20198
-1.61956
-4.02342
-4.16285
-4.3363
-1.60704
-2.13516
-1.92945
-1.26588
-1.99269
-1.98097
-1.40787
-3.55771
-2.83526
-3.97731
-3.20941
-2.94647
-1.65216
-2.76041
-2.09489
-3.44618
-4.45549
-3.12649
-1.98312
-1.10459
-2.36391
-1.73583
-1.8294
-2.24872
-2.92785
-1.88703
-4.56435
-4.51595
-1.69788
-1.80656
-1.86225
-1.6751
-1.4211
-1.8362
-1.78821
-1.5709
-3.17695
-4.08221
-4.33457
-0.908271
-3.00599
-2.52315
-1.75805
-2.14468
-1.8631
-3.01027
-1.60383
-1.93054
-3.46969
-4.25306
-1.99233
-3.95756
-1.9757
-3.92513
-2.02009
-2.16372
-4.27404
-2.81632
-1.55149
-3.30094
-1.996
-3.89522
-1.99251
-2.77552
-1.94141
-1.28318
-4.02599
-5.50388
-4.0984
-2.96101
-2.13115
-2.13385
-2.07868
-1.68992
-3.19396
-3.97509
-1.46271
-1.51713
-1.87464
-3.20741
-5.68574
-1.91145
-2.65006
-4.63057
-3.80285
-1.75667
-2.0631
-4.51077
-2.05432
-2.96758
-5.0442
-2.80108
-1.8265
-3.19627
-2.1079
-3.94551
-2.59207
-1.81861
-2.7986
-1.78881
-3.23535
-4.29917
-4.54439
-3.27364
-5.06259
-1.83169
-1.98582
-5.96722
-1.70319
-2.96977
-2.11309
-2.87638
-3.10147
-2.413
-4.65596
-4.87017
-3.18283
-2.53411
-2.0023
-4.89195
-1.43464
-3.75681
-5.3298
-1.53671
-1.39472
-2.30051
-2.07041
-4.13019
-3.16584
-3.68544
-4.6546
-2.98133
-1.66164
-1.50125
-1.96129
-1.83445
-3.92544
-1.82178
-2.41842
-1.91905
-1.46307
-2.09615
-3.39187
-2.89095
-1.71675
-2.13203
-3.1902
-4.38571
-1.84396
-2.04323
-3.18182
-4.08862
-4.52086
-4.38501
-1.64748
-4.36905
-1.7726
-2.15559
-2.05098
-1.50591
-1.83744
-2.82627
-1.79016
-2.93596
-2.12093
-1.71568
-1.37993
-2.7815
-1.98343
-1.43402
-1.82208
-1.38636
-4.39982
-1.50983
-0.841156
-1.90957
-2.02704
-3.21422
-1.91223
-1.8879
-1.88615
-3.22162
-1.71
-2.10558
-1.82224
-1.93792
-2.05639
-0.667561
-4.01367
-1.92819
-4.5862
-1.75123
-2.56404
-2.79831
-1.53498
-2.96327
-4.00522
-4.76153
-3.3121
-1.46646
-3.90052
-3.09748
-2.86134
-4.06948
-1.6737
-2.07326
-1.89923
-4.09243
-1.93481
-2.95441
-1.60647
-1.78519
-1.86441
-2.08776
-4.49305
-5.09908
-1.09425
-4.0226
-4.61355
-4.68546
-1.53165
-1.74123
-2.10359
-2.04009
-1.74503
-1.81075
-3.29964
-4.00079
-1.88759
-1.84046
-3.05265
-1.92747
-2.42007
-1.94889
-2.0041
-4.56569
-3.20858
-3.93646
-1.83549
-4.29736
-3.21156
-3.49349
-1.80586
-1.34862
-4.19476
-3.05034
-2.01174
-4.60322
-3.22904
-2.63864
-2.12416
-1.97133
-1.95823
-1.84017
-5.49103
-1.85351
-3.9023
-3.91025
-2.92267
-0.905876
-4.33917
-3.28218
-3.27287
-2.11091
-1.66758
-3.34218
-4.40104
-3.22069
-2.11072
-1.97832
-4.4609
-1.80462
-1.65797
-2.92397
-4.28799
-4.64199
-1.88991
-2.17503
-4.11959
-4.61471
-1.77919
-1.98953
-1.99675
-2.09033
-1.91366
-1.6415
-4.35569
-2.89869
-3.03146
-2.00392
-4.07374
-1.62747
-2.99909
-1.79145
-2.75732
-2.85179
-4.48156
-2.14348
-1.48634
-4.60363
-3.70474
-3.17848
-4.19161
-2.54781
-2.15504
-3.21841
-1.87289
-1.98542
-1.82108
-2.64539
-1.91312
-3.88456
-2.00197
-2.04134
-1.66132
-2.51181
-3.26064
-2.80911
-2.82758
-1.62807
-3.72792
-2.64321
-3.42826
-4.77877
-4.2364
-1.91828
-3.0799
-2.02835
-4.4124
-4.30263
-3.74387
-1.5311
-1.68807
-2.40677
-2.10444
-1.33179
-2.94635
-1.86729
-1.67635
-2.93044
-2.76109
-1.57274
-3.14269
-2.13611
-1.99866
-1.84778
-2.21847
-2.0446
-2.58958
-1.84906
-2.75499
-2.68907
-4.03213
-1.65235
-2.02519
-2.22243
-1.78078
-2.05849
-2.72105
-1.83864
-1.59096
-4.41564
-1.39187
-2.91336
-1.67099
-2.77272
-2.50023
-1.93989
-2.12044
-3.9303
-2.16779
-1.95972
-3.04977
-2.81028
-3.09063
-2.07523
-2.20932
-1.5973
-1.84562
-3.18571
-3.21855
-3.69693
-2.45388
-1.48122
-1.92469
-1.70478
-1.87001
-1.76076
-2.09987
-4.00273
-2.79654
-2.89698
-3.88917
-2.08126
-1.86623
-1.98671
-2.40939
-2.18448
-2.99234
-3.42903
-2.43019
-1.68604
-3.07399
-4.31223
-2.91324
-1.57432
-2.92217
-1.29962
-2.17454
-2.89832
-3.12306
-2.58154
-1.45252
-1.67787
-4.34292
-1.54435
-3.44075
-2.19196
-1.97087
-2.83634
-2.76778
-2.32083
-4.34013
-2.12284
-2.26318
-4.54708
-1.84484
-1.98471
-4.10379
-1.37255
-1.68105
-3.89443
-2.03025
-2.74328
-2.7721
-2.71316
-2.70144
-2.83568
-1.82733
-3.98619
-1.92118
-2.98496
-1.86428
-2.01522
-1.81521
-1.75442
-3.10571
-2.46022
-2.12406
-2.51588
-2.11601
-2.19975
-4.89107
-2.15321
-2.28804
-4.55659
-4.37636
-1.97774
-2.81473
-2.85195
-1.98998
-2.19407
-2.28136
-3.40054
-3.89341
-1.59376
-2.88375
-2.73038
-3.42172
-4.09345
-1.5185
-4.25685
-1.64988
-1.85361
-1.86186
-4.66885
-4.6221
-1.65398
-2.97127
-2.03963
-1.48393
-2.12288
-3.2535
-5.11102
-3.16137
-3.04627
-2.05257
-2.17201
-2.12813
-2.42114
-2.57089
-3.31267
-2.08707
-2.88978
-1.83456
-1.6035
-2.87693
-4.31223
-1.79968
-3.84768
-4.30246
-4.39781
-1.94533
-1.69965
-3.73012
-1.84639
-3.1465
-1.84371
-2.19076
-2.02232
-2.27059
-2.52012
-3.6396
-2.77402
-1.60349
-1.46969
-4.03292
-2.9647
-4.11221
-4.63498
-2.0892
-2.34896
-4.92348
-1.77381
-2.13363
-2.01769
-3.00762
-1.3263
-3.66114
-2.1872
-1.40081
-2.19038
-4.57557
-2.1951
-1.83487
-1.95721
-2.00416
-2.36407
-2.80913
-5.94552
-4.3211
-1.88678
-2.81105
-3.83736
-2.14546
-2.95717
-1.85948
-1.37811
-1.90692
-1.74334
-2.84141
-4.2503
-1.92229
-2.00022
-4.3704
-3.16359
-2.02709
-1.53574
-1.67395
-1.79497
-2.65021
-1.76435
-3.18616
-2.05921
-2.97935
-2.21222
-5.17562
-1.87959
-4.3985
-2.26897
-2.01443
-5.04013
-2.21403
-2.83593
-3.37097
-1.92897
-1.67718
-4.28391
-3.78076
-3.75282
-1.9772
-1.82934
-3.58084
-2.08815
-1.71953
-2.06786
-3.165
-2.0347
-1.81675
-2.02616
-3.33729
-2.86861
-2.81039
-3.16532
-3.41969
-3.06874
-2.01415
-1.78387
-1.92018
-2.96067
-1.71814
-2.11741
-3.89415
-0.980062
-1.8512
-3.99395
-2.07915
-1.89703
-3.55379
-2.12654
-2.02736
-1.93532
-5.99007
-1.50773
-3.20286
-2.20312
-2.11779
-3.06628
-2.90158
-2.14577
-2.64874
-1.90379
-2.9642
-1.82989
-2.05633
-2.99504
-1.50592
-2.17232
-4.60672
-3.06684
-2.23689
-1.76356
-2.17819
-2.32532
-4.52401
-2.17874
-1.24481
-3.93042
-4.34942
-3.41737
-2.67667
-2.32092
-3.98215
-1.94374
-2.21317
-1.80541
-4.76608
-1.88801
-3.82677
-4.37442
-2.11507
-1.89455
-3.18667
-1.42644
-3.48695
-2.21527
-0.692898
-2.23875
-1.98383
-4.0093
-4.63524
-3.15776
-4.30765
-4.37709
-4.35387
-1.93534
-3.91762
-2.28004
-3.35277
-1.06454
-1.48894
-2.20296
-1.96427
-2.82359
-4.14021
-5.30827
-2.23525
-2.95083
-3.88481
-3.07777
-2.00327
-1.2475
-2.03055
-2.14492
-4.38994
-2.88287
-2.23423
-3.95471
-2.90911
-3.16777
-2.30818
-2.07742
-2.65711
-1.96718
-5.41144
-2.25167
-4.31708
-1.69119
-2.93654
-3.09021
-4.57133
-2.04558
-4.27796
-2.74925
-1.80869
-2.14795
-1.84738
-3.92529
-2.73814
-3.92513
-2.28339
-1.79998
-3.2093
-0.472958
-3.64551
-3.92992
-2.8832
-1.96826
-1.16603
-3.16508
-2.25998
-3.30735
-0.869368
-2.21275
-2.47438
-3.78692
-1.89341
-1.88323
-3.21168
-4.89975
-4.45333
-2.76021
-4.63176
-2.48766
-4.93961
-2.2732
-1.60972
-1.70684
-2.09105
-4.98309
-4.42818
-2.2762
-2.46326
-2.35663
-1.43647
-3.21545
-1.68215
-4.4158
-1.88188
-3.17259
-2.30946
-1.95754
-2.03857
-4.35078
-1.62498
-3.10689
-4.15961
-2.15573
-2.02256
-3.73352
-3.34901
-1.47343
-2.00144
-1.59999
-4.59237
-4.54299
-1.72288
-3.50701
-2.35184
-2.07072
-1.96187
-2.7781
-1.60939
-2.13075
-1.58146
-1.81328
-3.72993
-2.22469
-4.2335
-3.10958
-2.00793
-2.38615
-2.90508
-2.00717
-1.81712
-3.10508
-1.94755
-1.82241
-1.72659
-4.5408
-1.8547
-1.98354
-3.20978
-1.63417
-1.98403
-3.12929
-4.59411
-1.88623
-1.10403
-1.88987
-4.85843
-3.13632
-1.82449
-2.74591
-4.38199
-2.18197
-2.30463
-2.03086
-3.69768
-2.25685
-2.29777
-2.97497
-5.44359
-1.90773
-2.13406
-2.00418
-4.2629
-1.94148
-3.77837
-2.10122
-2.49909
-2.38165
-2.39117
-1.88421
-2.95196
-2.98118
-0.629956
-2.03868
-1.94131
-1.78464
-2.79387
-2.9817
-1.74998
-0.935702
-1.70555
-2.89797
-2.86318
-2.64731
-3.32576
-3.95525
-1.99825
-2.80414
-2.03127
-1.79291
-2.76309
-2.19677
-1.94308
-3.16213
-3.47634
-2.84323
-2.85249
-3.13193
-2.89483
-1.90406
-2.10688
-3.67447
-1.89036
-2.24714
-1.77443
-1.92975
-3.60741
-1.96076
-1.74335
-3.46261
-2.16476
-1.55025
-2.20253
-5.53796
-2.7288
-4.45199
-2.88908
-2.96378
-4.45719
-4.8042
-2.16414
-2.05843
-1.69351
-4.37735
-1.87916
-1.89394
-2.80469
-2.03883
-2.63009
-2.39886
-2.2636
-1.93594
-3.59215
-1.6867
-4.68609
-1.852
-3.95316
-2.08729
-3.72818
-2.37668
-1.84834
-1.52342
-1.9155
-3.15532
-2.28957
-2.26123
-1.89042
-3.37132
-1.56436
-3.2702
-1.9193
-1.72596
-2.0507
-4.71814
-5.59928
-3.67672
-1.79186
-2.79627
-2.75779
-4.08841
-4.00834
-1.80769
-1.66678
-1.87838
-1.56054
-2.16589
-2.0775
-2.08961
-2.2996
-4.64152
-1.77129
-3.60257
-4.42979
-3.52055
-2.92834
-3.15253
-3.82503
-2.91368
-4.63298
-2.92581
-4.66421
-1.20735
-1.96012
-4.6271
-3.92888
-3.45971
-2.13353
-1.62924
-2.41989
-3.2632
-1.94391
-2.83769
-3.19691
-4.11991
-1.92187
-2.12802
-1.8785
-4.15441
-3.37953
-3.7963
-1.64695
-1.87244
-2.02583
-4.16957
-2.18414
-0.816669
-2.09972
-2.59917
-2.40052
-2.11075
-1.98885
-1.98192
-1.42634
-3.01675
-3.14096
-5.11614
-2.16165
-3.68848
-2.91957
-2.55482
-2.05747
-2.46088
-4.3781
-2.79785
-2.38578
-2.06806
-2.80786
-2.14727
-3.85478
-1.89166
-3.83227
-3.09681
-2.14433
-3.58428
-2.79092
-4.95849
-1.22005
-3.17297
-3.97429
-4.01267
-2.26988
-2.763
-2.5142
-1.73118
-2.51309
-3.00811
-2.06893
-1.90899
-1.8691
-4.03798
-4.44888
-2.86522
-2.06247
-1.95051
-1.62597
-2.8596
-2.77782
-1.95845
-1.83587
-2.17544
-2.85343
-0.503627
-5.84014
-3.17418
-3.36063
-1.57544
-5.14116
-2.22732
-3.54737
-4.74264
-2.73242
-1.82832
-1.96446
-1.77754
-2.7632
-4.36789
-3.61807
-2.40696
-1.6979
-2.52927
-1.94933
-1.76746
-2.44226
-3.40883
-2.83278
-5.44903
-2.01495
-3.11453
-2.00112
-2.11699
-4.80483
-1.58596
-2.83086
-2.77387
-2.41709
-1.67669
-1.48412
-2.28829
-2.92562
-2.04299
-3.29126
-1.78822
-2.01646
-2.81405
-3.23604
-0.932557
-2.99438
-0.992218
-1.82836
-2.35119
-2.07734
-2.36796
-3.54257
-3.16474
-2.15458
-4.32701
-2.49643
-3.04368
-3.15939
-2.34531
-2.02267
-3.18538
-2.7924
-3.07734
-4.2145
-3.01116
-1.34239
-1.63082
-4.49604
-2.98163
-1.77459
-2.89193
-2.43043
-2.8818
-3.92586
-1.93993
-4.36687
-1.67197
-4.83081
-2.97887
-1.85819
-3.89288
-2.12271
-1.57883
-1.57908
-1.99013
-3.19381
-2.2024
-2.2778
-2.37751
-4.49454
-1.49405
-3.17894
-4.29375
-3.88516
-2.45449
-4.16079
-3.29067
-2.11477
-2.87609
-2.61534
-1.97893
-4.57448
-2.33538
-1.50199
-1.60166
-3.26765
-2.16713
-1.6627
-2.74945
-2.12542
-2.37014
-5.47819
-4.35302
-2.83237
-2.0939
-1.98012
-2.33247
-4.31824
-2.17592
-5.55244
-3.91768
-1.909
-2.31013
-2.79181
-2.63044
-2.35133
-3.18011
-2.36642
-2.11464
-3.55474
-2.7389
-1.80717
-2.00668
-4.87399
-4.45042
-1.81226
-1.38126
-3.14724
-3.42384
-2.05042
-2.02198
-1.48695
-1.9241
-2.44209
-1.69123
-4.08988
-2.0873
-2.35664
-2.60209
-2.32434
-2.39402
-3.91345
-2.06021
-2.89706
-4.0739
-3.17381
-2.16737
-2.98281
-2.07613
-1.78308
-1.65898
-1.84549
-1.74348
-1.86767
-1.90885
-2.88857
-1.71112
-2.1409
-2.27584
-3.28444
-4.38076
-2.15642
-2.9307
-2.96794
-4.25271
-1.476
-4.34998
-3.20257
-2.82549
-4.48976
-2.88698
-1.18794
-1.95224
-1.79006
-2.16158
-3.96343
-5.50419
-4.35881
-1.38347
-3.23594
-2.81016
-4.53706
-2.66235
-2.84718
-1.64174
-2.34884
-1.8671
-3.10827
-1.63629
-3.77572
-1.6291
-2.38077
-3.5185
-4.18924
-2.43771
-2.24718
-1.71212
-2.19817
-1.87698
-2.95295
-5.17257
-2.78567
-4.52153
-2.00932
-2.91611
-2.18353
-2.7116
-2.03257
-1.77796
-1.8305
-1.97166
-1.84878
-0.986507
-3.20097
-1.56479
-1.70436
-2.75078
-1.50233
-2.73678
-2.76166
-2.01896
-1.29207
-4.50081
-1.59471
-1.98553
-2.16847
-4.23902
-1.5426
-2.40456
-2.1231
-2.46481
-1.19616
-2.27576
-1.65188
-0.861787
-1.59331
-2.59519
-2.33787
-1.56318
-2.9454
-2.37716
-2.33359
-2.44961
-2.89472
-2.25309
-2.08289
-3.35556
-1.4471
-1.9653
-2.68571
-2.80961
-3.95169
-2.72244
-1.00425
-2.02293
-2.82845
-2.08212
-2.49214
-3.81467
-2.27023
-1.94302
-3.33877
-2.66672
-4.20281
-2.10244
-2.34092
-2.88546
-2.06101
-2.07071
-1.79074
-1.99117
-3.14816
-4.29132
-5.37413
-2.17669
-3.6154
-2.73796
-2.87853
-2.74723
-3.22593
-3.30331
-1.27666
-2.93142
-4.31732
-1.75786
-0.878302
-2.98301
-1.38501
-4.67755
-1.62111
-2.42439
-2.31053
-1.96267
-1.72587
-2.95077
-2.92453
-1.9824
-2.28113
-4.13331
-2.59021
-2.98567
-1.88522
-3.05602
-2.30986
-3.14434
-2.96695
-1.6175
-2.65986
-3.9179
-2.37361
-1.72592
-1.95323
-1.9717
-2.75082
-1.64651
-2.32348
-4.37428
-2.91376
-1.8637
-3.88527
-3.24038
-4.55214
-2.1464
-4.31234
-1.62172
-1.42075
-2.00561
-2.32463
-2.80964
-2.1851
-2.8973
-1.85689
-2.18984
-1.90477
-5.51035
-2.74566
-4.4976
-5.1324
-1.95014
-2.66143
-2.16306
-3.57638
-2.563
-1.81331
-1.56901
-2.22582
-1.61757
-2.6595
-3.92282
-3.78038
-2.95192
-1.69449
-1.89684
-1.5064
-4.49234
-3.92698
-2.91969
-2.89917
-4.47628
-1.5106
-2.80897
-4.50099
-5.7554
-2.7712
-2.72119
-1.35094
-2.74934
-1.71064
-2.48335
-1.91978
-1.51517
-2.78953
-2.94757
-2.51594
-2.80716
-1.98177
-5.53003
-1.68908
-2.12888
-1.45719
-1.92142
-1.89125
-2.7832
-2.0827
-2.76209
-2.02255
-3.39313
-1.99813
-2.27495
-4.36997
-2.42994
-1.40854
-2.13858
-2.03413
-2.91391
-4.69363
-4.90966
-4.56352
-4.37246
-3.11913
-3.04286
-4.52908
-1.86191
-4.52637
-2.84612
-2.36234
-2.13457
-2.14642
-2.60506
-2.15828
-3.77221
-2.08077
-1.63142
-3.91549
-2.11209
-2.12618
-3.1395
-5.38126
-4.51527
-4.46397
-3.16132
-2.89061
-2.22958
-1.0302
-2.37467
-3.33223
-3.10911
-2.75513
-2.01111
-4.55411
-1.73988
-4.17168
-3.05632
-2.65615
-2.18189
-2.48948
-1.92311
-2.1805
-2.51134
-2.31374
-1.6558
-2.71615
-4.47319
-4.10285
-4.51385
-1.83993
-3.92496
-2.21636
-2.95299
-4.38876
-0.723317
-2.9011
-2.01983
-3.69855
-4.16387
-2.18561
-1.66711
-2.80681
-4.45832
-2.89701
-3.3746
-2.13622
-4.45305
-4.5468
-2.31261
-2.0955
-2.39685
-4.05457
-2.90612
-2.27442
-2.34298
-2.15885
-1.94562
-1.58532
-1.96023
-1.73633
-1.78572
-1.41569
-2.15363
-2.17009
-1.71783
-2.1186
-2.28612
-3.0648
-2.8763
-2.25903
-1.9045
-2.65909
-1.75734
-3.3147
-2.38736
-1.77861
-2.77436
-4.05516
-2.93303
-2.00063
-2.91912
-2.78852
-2.51714
-2.90922
-2.36384
-4.50184
-2.17074
-1.82191
-3.25226
-3.12641
-1.55726
-5.5741
-4.3283
-2.35343
-2.03891
-1.88887
-2.74003
-1.93317
-1.92535
-2.20414
-2.85193
-2.61724
-1.49669
-2.79569
-2.10537
-1.89524
-3.04285
-2.33053
-1.93854
-2.20536
-1.66526
-1.83945
-2.78763
-2.2455
-2.00156
-3.09278
-2.68366
-3.94857
-4.5095
-2.16676
-4.6135
-2.90421
-2.42952
-1.87526
-2.26151
-3.59436
-3.12733
-4.73435
-1.18437
-5.4917
-2.12896
-2.55905
-1.89958
-2.10719
-1.99752
-2.52817
-2.31815
-4.2701
-2.80559
-2.49895
-2.5758
-2.00358
-2.88996
-4.61071
-1.95132
-1.942
-3.08593
-2.7655
-2.28308
-2.70323
-4.89505
-1.86363
-1.52776
-1.65236
-5.63958
-1.74311
-3.19521
-1.7218
-2.22277
-0.662547
-2.8844
-1.57618
-1.93632
-1.63189
-2.22504
-2.41126
-1.5929
-4.45173
-2.37946
-2.14631
-2.24961
-4.03042
-2.8635
-2.50577
-2.93461
-1.86352
-2.69088
-1.58464
-4.21661
-1.38131
-1.9881
-2.37461
-1.81028
-2.78597
-1.78644
-2.45494
-1.94414
-2.71539
-2.0925
-2.08093
-3.36743
-2.34617
-4.64105
-2.63361
-3.04868
-2.44608
-2.87139
-3.52561
-4.33659
-0.803097
-1.95515
-1.89936
-2.62813
-1.65781
-1.8369
-1.9657
-2.87504
-1.30502
-2.02652
-2.94806
-2.44989
-4.68531
-2.02461
-2.15963
-3.0383
-2.891
-2.63234
-0.859816
-1.64431
-2.06564
-3.55594
-4.29169
-2.10284
-3.96357
-2.37635
-2.20366
-4.25233
-1.74524
-1.23709
-2.15274
-1.89809
-2.39469
-1.59265
-2.22111
-3.0228
-1.90392
-1.49428
-2.48891
-1.95285
-3.25013
-2.34891
-1.54363
-3.29689
-2.21202
-2.19987
-3.46048
-4.71018
-2.48053
-2.47176
-1.77191
-2.22547
-2.8061
-4.58787
-1.84211
-2.30033
-2.82926
-3.95542
-4.09453
-2.59834
-2.22809
-4.91193
-2.0048
-3.11788
-1.99493
-2.02806
-4.31199
-2.20264
-2.37178
-2.38128
-2.17183
-2.03616
-2.46396
-2.54936
-2.49518
-2.39395
-1.99906
-1.92525
-4.56712
-2.86191
-2.09155
-2.78928
-1.63435
-2.02923
-1.83729
-3.21141
-3.11825
-1.94885
-1.98372
-2.93351
-4.37599
-1.09953
-4.02278
-1.00277
-1.59341
-2.12585
-2.63271
-2.88506
-4.46326
-2.17803
-2.46009
-3.67819
-2.88883
-4.59671
-2.89271
-2.15002
-2.21931
-2.37114
-2.0063
-2.65971
-2.50912
-4.32025
-2.12449
-2.84788
-1.68192
-1.66595
-3.9554
-2.69856
-4.32382
-4.5263
-2.73354
-2.50895
-5.24445
-3.1104
-2.26569
-1.74543
-4.53692
-1.66106
-2.88686
-2.2642
-4.43053
-1.86503
-2.09949
-3.92266
-1.92076
-2.70349
-1.62073
-2.81967
-4.56202
-3.9327
-2.1994
-1.55714
-4.01824
-3.4148
-1.6737
-1.83817
-2.00884
-2.49807
-2.98821
-2.49197
-2.35745
-1.75406
-1.11877
-1.99502
-3.07734
-2.24212
-2.50506
-2.13183
-2.64535
-2.53554
-1.90699
-2.89696
-4.30828
-2.72356
-2.32078
-2.7725
-1.93576
-2.3175
-1.8444
-2.1785
-1.87075
-2.42851
-2.37022
-1.94655
-4.56812
-2.73414
-2.11224
-2.96243
-2.12491
-1.89735
-1.66904
-2.84146
-2.00292
-1.95672
-2.42377
-1.98389
-3.72491
-3.73692
-2.33668
-1.76392
-2.24085
-2.43597
-2.177
-2.50335
-1.66627
-1.87643
-1.80983
-3.60542
-2.09069
-2.46922
-3.07905
-2.11051
-2.00041
-4.56241
-1.83623
-1.9973
-1.95849
-2.0284
-2.15797
-2.03726
-4.0974
-2.65082
-1.87426
-2.80334
-1.87978
-0.936118
-2.20275
-4.62928
-1.6211
-4.37026
-2.72835
-2.28922
-2.30587
-2.01505
-1.62445
-2.64814
-2.02301
-2.63336
-1.68657
-2.63305
-1.23437
-2.6512
-2.67142
-1.71398
-0.878167
-2.66953
-2.65105
-2.48584
-2.85478
-4.62936
-2.51245
-3.46644
-2.7886
-2.05825
-2.09353
-3.33303
-3.16106
-1.77577
-2.73087
-2.48602
-2.77977
-2.76573
-2.29025
-0.981317
-2.89045
-1.97643
-1.21228
-3.04765
-2.9264
-2.73926
-2.85216
-2.78725
-4.35882
-2.35812
-1.7407
-3.37561
-2.45015
-1.59826
-3.12923
-2.02792
-4.64039
-2.6926
-2.61559
-2.138
-2.56285
-1.80123
-4.38123
-2.73572
-2.52355
-3.29036
-2.34615
-2.69169
-1.58498
-2.79613
-1.99549
-1.99581
-3.04606
-4.18319
-3.19656
-4.20646
-2.43413
-2.38485
-4.02644
-2.48343
-2.78582
-4.57964
-2.5791
-2.98383
-4.01926
-2.69456
-2.8382
-2.89703
-2.58681
-2.81857
-2.1601
-1.58473
-2.77814
-2.60191
-2.27305
-3.93422
-4.66479
-1.73659
-2.15896
-4.00117
-2.05812
-2.85938
-4.30557
-1.96866
-2.46217
-1.56364
-3.83403
-2.1662
-3.03383
-2.6302
-4.54184
-1.92428
-2.90264
-3.71931
-2.98492
-2.71703
-2.01544
-3.72615
-1.64894
-2.51105
-2.25147
-3.15815
-3.10172
-2.78157
-2.16703
-2.54506
-1.2672
-3.01149
-1.93774
-3.59304
-2.73946
-2.22843
-3.1238
-2.15038
-2.22974
-2.91267
-4.60098
-2.08356
-2.15946
-2.65208
-3.89111
-2.74924
-1.85686
-2.65372
-2.28221
-2.48865
-1.35347
-2.68422
-5.54804
-2.04502
-2.01092
-3.17855
-1.66252
-4.4682
-2.5109
-1.78846
-3.20494
-2.15935
-2.12349
-3.1145
-4.51842
-1.70689
-4.37978
-4.5766
-2.82146
-3.82527
-2.11244
-2.58886
-2.50535
-3.1629
-2.04982
-2.71746
-2.37866
-2.76976
-1.91166
-4.32027
-3.79358
-2.72896
-4.76698
-1.91909
-2.52991
-3.40714
-3.44519
-2.64857
-2.21368
-4.27494
-4.5075
-2.1378
-2.97791
-2.78168
-2.56372
-2.81641
-2.01455
-3.11719
-2.32574
-2.70498
-2.41808
-4.52821
-2.62871
-4.50341
-5.65034
-3.34822
-2.54718
-4.3013
-3.18472
-2.1306
-2.76938
-2.83545
-1.43199
-2.54922
-2.40893
-2.65747
-5.91876
-2.81182
-2.21005
-4.16702
-3.54509
-1.77976
-3.19232
-3.65001
-2.30581
-2.73232
-2.8885
-2.50737
-4.48847
-1.72397
-2.96088
-2.82364
-2.05969
-2.78294
-2.99975
-2.10351
-2.14235
-2.64593
-4.3303
-2.35826
-3.2846
-1.94568
-3.36803
-1.99361
-2.56843
-2.898
-2.39135
-2.84578
-2.62045
-2.40511
-1.61563
-4.58813
-2.11819
-4.094
-4.31512
-0.957371
-2.37283
-1.79607
-3.0103
-1.79105
-2.29771
-2.34392
-3.73677
-2.99297
-2.31767
-2.53705
-2.54682
-3.05586
-3.14273
-2.02127
-2.01562
-4.07603
-3.82064
-1.80921
-2.15569
-3.39222
-2.08489
-2.44661
-2.33928
-2.83629
-1.55025
-2.79837
-3.47956
-1.39226
-3.03451
-1.90558
-2.3187
-2.88574
-3.70556
-1.89935
-1.78149
-3.1001
-1.94329
-1.59924
-2.36667
-3.11635
-2.53404
-2.75402
-3.05024
-1.81632
-2.30063
-1.64878
-5.64542
-1.67443
-1.61509
-2.06495
-3.87603
-2.38564
-2.87648
-2.3574
-3.81963
-2.54411
-1.97902
-2.51953
-2.1441
-2.98798
-2.23678
-2.53438
-3.92716
-2.00746
-1.59615
-2.88551
-1.98168
-2.88893
-4.29533
-2.38151
-5.53547
-4.45901
-3.49348
-1.69636
-1.67143
-2.01793
-2.20359
-2.12938
-2.63344
-2.9993
-0.886554
-1.74353
-4.50423
-1.68721
-3.05715
-4.69381
-2.01957
-2.39132
-1.66493
-1.16074
-2.57418
-3.29353
-3.08757
-1.83174
-2.27043
-2.01449
-1.94444
-2.39894
-2.80111
-2.95195
-1.72903
-3.67883
-2.85216
-4.07873
-2.41076
-4.05551
-3.16692
-2.10138
-1.7292
-3.70909
-2.84079
-1.57957
-2.52482
-2.17947
-2.82689
-2.77929
-4.38156
-1.67073
-2.73696
-1.7954
-2.34567
-2.81165
-2.14255
-2.1109
-4.19411
-2.40261
-2.45663
-1.0399
-2.62055
-2.85897
-2.36685
-1.97997
-4.00801
-2.56246
-2.7104
-2.48481
-4.62157
-1.88228
-2.26988
-3.75945
-3.0528
-4.84791
-2.25596
-3.21779
-1.60752
-1.7851
-2.24369
-3.14962
-1.76559
-2.49467
-1.84744
-2.69162
-1.67666
-1.8025
-2.35616
-1.70378
-2.20549
-2.59616
-2.39595
-1.9166
-3.21345
-2.04139
-1.74719
-2.64344
-3.2932
-2.13613
-2.71275
-2.57448
-2.66299
-3.64982
-2.41542
-2.43093
-2.40089
-3.12971
-4.15657
-2.52046
-1.98207
-3.15207
-3.16836
-1.13095
-5.35598
-1.90859
-2.88503
-1.74318
-2.32446
-2.67865
-1.94973
-2.12426
-1.6545
-2.71599
-2.14074
-1.73648
-2.03079
-1.78414
-3.01516
-2.31205
-2.78909
-2.73456
-3.02266
-4.35275
-2.94623
-2.06387
-1.97831
-2.86415
-2.89494
-2.94789
-2.15228
-2.15382
-2.74048
-2.0122
-2.01485
-1.72718
-3.69121
-2.62505
-1.86378
-2.62859
-2.64607
-3.0529
-1.63623
-2.40882
-3.23576
-2.53104
-2.41552
-3.73488
-3.38861
-1.40882
-2.63959
-2.60897
-3.98292
-1.3648
-1.54794
-2.63376
-2.89238
-2.04483
-2.4523
-2.20154
-1.70294
-3.36263
-2.704
-2.86611
-4.35031
-1.46756
-2.57448
-1.07434
-4.04845
-1.8427
-2.4865
-2.76636
-2.38049
-4.57398
-1.81048
-2.08281
-1.56397
-2.7914
-3.01426
-1.81583
-2.27697
-2.11029
-4.66741
-2.01977
-3.72643
-2.13126
-2.11546
-2.40203
-2.00974
-3.07284
-1.97667
-1.78919
-2.28418
-1.64083
-2.97611
-2.85332
-2.09212
-2.13774
-3.07219
-2.5043
-2.42582
-3.10842
-2.72644
-1.98485
-5.41915
-3.00524
-2.42474
-1.97553
-1.79475
-3.66696
-2.33926
-2.64023
-2.64239
-2.05874
-2.47918
-1.62788
-2.96985
-2.60214
-3.23081
-2.69864
-2.96363
-2.95885
-2.1429
-2.48251
-3.50074
-2.85782
-2.48029
-2.6539
-2.63209
-2.77387
-2.11366
-5.28204
-2.10446
-2.89182
-1.91413
-3.56123
-2.94943
-2.81972
-3.04401
-1.83862
-1.99661
-2.61615
-2.6254
-2.39706
-2.93382
-2.4779
-3.6943
-4.17708
-3.21594
-2.31153
-2.01518
-1.8806
-2.2124
-1.61604
-2.50689
-1.92869
-1.79257
-1.80213
-2.48057
-2.34537
-2.68222
-2.64257
-4.88273
-1.8141
-2.06264
-2.69624
-3.09401
-3.89183
-1.79496
-4.68321
-1.68103
-2.27155
-2.12964
-0.857793
-5.13768
-4.57094
-2.83559
-1.82832
-2.0875
-4.11
-1.30175
-2.06194
-2.67118
-2.14628
-2.5773
-1.55652
-3.61793
-5.64187
-1.80222
-2.65715
-3.53467
-3.04643
-2.5173
-2.13851
-2.67282
-1.81333
-4.3616
-2.46452
-1.93714
-3.1039
-2.74879
-2.60423
-2.08741
-4.08354
-2.51058
-1.95466
-2.17007
-1.61627
-4.43646
-4.74708
-4.74796
-5.05569
-2.10257
-2.03743
-4.60525
-2.5829
-2.3398
-1.8247
-1.95894
-4.84288
-0.889366
-3.63121
-2.54173
-2.44478
-3.25189
-4.02201
-2.85077
-2.60391
-1.94755
-2.72402
-3.18458
-2.01679
-2.55658
-2.65782
-3.90728
-2.85224
-1.70302
-1.69299
-1.94938
-2.4362
-3.34093
-4.66893
-1.54827
-4.10819
-2.12104
-2.87605
-2.03202
-2.94568
-1.58038
-1.82229
-3.05992
-4.09342
-2.25005
-1.68077
-2.82537
-3.99047
-2.091
-1.95067
-2.08868
-1.74598
-2.12909
-2.13287
-2.44051
-5.33136
-2.1824
-2.5074
-2.92253
-3.45923
-2.42039
-2.13747
-3.61537
-5.84347
-2.50396
-2.65049
-1.8488
-1.71225
-1.86382
-2.42045
-2.62017
-3.59932
-2.65859
-3.0173
-1.38468
-1.81309
-3.94029
-2.95651
-3.70294
-4.43567
-3.61283
-3.19717
-3.10511
-2.81756
-4.19706
-1.99251
-2.10199
-4.14883
-1.9905
-3.12193
-2.81654
-2.92817
-1.83882
-1.74791
-4.40811
-2.22207
-1.92835
-3.98938
-1.26137
-2.48551
-3.15476
-2.13227
-2.64161
-1.80406
-2.76702
-2.93738
-2.88741
-2.70979
-1.714
-2.85809
-2.44839
-1.21476
-2.5503
-2.55886
-2.69447
-1.47582
-2.14572
-1.56637
-3.7471
-2.71968
-2.50487
-2.50335
-3.32775
-2.18933
-2.11773
-2.99106
-2.73167
-2.89278
-4.54457
-3.0703
-1.64862
-1.39189
-2.98152
-5.5654
-2.77356
-4.19732
-3.21531
-4.89449
-2.10219
-2.63939
-1.70994
-2.70509
-3.87166
-1.86515
-2.98561
-4.18355
-2.39901
-2.64663
-2.94779
-5.42048
-2.35709
-2.11165
-2.73529
-2.26989
-2.85756
-2.83331
-2.87998
-2.87914
-2.26014
-2.57362
-0.94505
-2.137
-2.38931
-2.89895
-2.04161
-1.35062
-1.87839
-2.01828
-4.562
-2.83927
-2.79858
-2.20943
-4.76267
-2.52289
-2.20576
-2.17734
-2.17972
-3.09039
-2.7526
-2.74089
-2.36618
-4.73418
-2.77252
-0.676413
-1.6687
-0.720151
-2.0352
-3.78596
-1.98408
-2.3259
-1.81286
-4.47999
-4.4816
-2.76109
-2.78028
-4.29635
-1.5438
-2.39288
-2.11911
-2.4687
-2.72909
-2.87972
-2.22994
-1.77909
-2.67707
-3.64411
-1.42584
-2.09959
-1.75971
-2.62807
-4.68557
-2.37799
-1.91165
-2.94787
-4.28873
-1.81489
-1.72168
-1.79948
-1.81376
-2.51145
-2.62598
-2.6387
-2.33696
-2.66253
-3.12002
-2.11929
-3.75178
-2.77992
-1.70908
-4.51612
-2.55687
-3.10568
-2.59157
-4.55267
-1.79827
-1.39814
-2.77901
-3.86202
-2.4923
-2.14451
-2.03722
-2.80849
-1.80591
-2.94694
-3.07557
-2.89444
-2.39747
-4.53299
-2.81897
-3.30308
-1.68372
-3.09125
-2.1983
-3.08903
-2.25602
-2.03284
-4.42401
-2.79714
-2.99874
-1.96478
-1.28426
-2.4835
-2.39499
-1.78342
-1.66203
-2.07377
-2.26732
-3.07877
-1.85288
-1.89754
-4.24391
-2.83301
-2.57776
-2.93045
-3.57545
-1.7662
-5.86977
-2.92231
-1.4149
-4.6321
-2.33663
-4.86683
-2.69762
-1.83858
-2.73681
-2.96054
-3.80376
-2.33251
-1.89635
-2.11436
-2.89071
-2.04083
-2.40292
-1.48915
-3.68369
-2.23791
-2.26877
-3.80145
-1.99303
-4.78363
-2.16485
-2.88668
-2.46689
-2.73948
-4.32319
-3.70265
-2.58564
-2.07534
-1.67479
-4.48849
-2.67832
-3.08673
-2.54475
-2.75547
-0.589933
-2.84742
-2.39403
-1.66627
-2.36358
-3.52445
-2.54381
-1.7782
-1.75597
-2.03384
-1.92377
-2.15884
-1.92797
-4.53098
-3.48693
-2.16105
-2.10958
-3.33098
-2.63734
-1.24386
-3.14182
-3.76166
-1.90337
-1.47774
-2.38871
-2.09003
-1.69961
-2.66696
-1.15203
-2.38675
-5.12186
-2.20285
-4.45877
-2.73336
-4.35609
-2.77618
-1.75017
-2.32687
-2.15571
-1.77012
-2.90999
-4.59448
-1.94054
-3.57106
-4.23491
-2.74912
-2.82304
-2.82404
-1.48653
-1.47808
-3.04161
-2.05938
-2.15998
-3.18489
-2.55793
-2.83721
-1.5101
-2.54792
-2.26077
-3.81331
-2.60871
-2.12006
-2.7658
-3.46812
-4.94312
-2.18592
-2.34771
-2.5713
-2.64313
-2.14101
-2.64075
-3.78168
-2.34082
-2.05855
-1.40613
-3.87341
-2.0522
-4.19027
-2.86375
-2.27529
-2.22405
-2.72469
-2.87336
-4.34436
-4.18211
-3.17614
-2.72048
-2.81778
-4.72211
-1.69951
-2.03571
-4.61847
-2.22768
-2.29561
-2.14125
-5.84418
-2.82851
-2.56531
-2.95935
-3.05659
-3.72016
-2.78252
-4.36287
-2.83278
-3.03643
-2.52064
-2.00945
-2.00157
-2.85221
-2.13897
-1.70106
-2.1782
-2.46676
-1.71521
-3.08862
-5.23847
-2.85037
-3.59782
-2.61461
-2.49925
-4.28381
-2.80754
-2.80059
-1.79411
-2.6821
-1.83858
-2.70241
-2.07206
-2.64809
-3.16514
-2.43829
-3.45241
-1.68745
-1.46231
-1.67238
-2.34719
-2.12744
-1.67455
-1.87455
-4.50075
-2.33405
-2.70514
-3.13541
-1.85751
-1.85403
-3.88467
-2.6405
-1.99764
-2.35734
-2.67714
-2.50219
-3.11417
-2.94872
-2.40409
-2.41083
-1.96866
-2.8723
-4.20159
-3.70712
-2.15006
-2.38287
-2.89277
-1.9716
-2.40116
-1.74203
-2.21243
-2.29515
-2.39003
-2.82239
-3.02482
-2.90407
-3.90088
-2.92175
-3.75614
-4.81963
-2.64505
-3.10216
-1.95738
-2.2369
-2.7434
-2.54174
-2.20806
-2.84664
-2.82768
-2.13971
-2.52257
-2.04932
-2.78698
-2.2372
-2.82142
-2.53962
-2.74844
-1.91508
-2.12366
-2.32066
-2.55595
-2.1728
-2.62498
-3.13949
-2.801
-1.75854
-2.09619
-2.61228
-4.2421
-2.12703
-1.80425
-2.65714
-2.09343
-1.95841
-3.29027
-2.11941
-1.65164
-1.59884
-2.4642
-3.91499
-2.57871
-2.51598
-2.0711
-3.25026
-2.07154
-1.76683
-2.84433
-1.62482
-3.07436
-1.99414
-1.24208
-1.95545
-3.00013
-4.06686
-3.43033
-1.70605
-3.38656
-1.63061
-2.21387
-2.08113
-2.57027
-3.0631
-2.80946
-4.30843
-1.99888
-4.44343
-4.47975
-2.644
-2.52968
-1.86977
-2.56421
-3.10202
-4.81255
-3.49252
-2.30763
-3.00433
-3.8872
-1.95744
-3.28249
-3.08807
-2.51298
-2.84754
-2.74177
-2.5642
-2.25931
-2.21188
-2.54432
-2.88808
-2.1431
-2.57272
-5.76066
-3.47753
-3.02219
-2.4217
-1.89151
-1.75003
-2.6498
-3.61345
-2.73228
-1.73043
-2.73126
-2.75043
-2.29649
-2.72491
-1.97359
-4.1581
-2.34688
-1.70002
-4.83108
-2.96612
-3.25777
-1.6488
-1.28626
-2.01745
-2.87939
-1.76888
-2.37208
-2.01088
-2.00999
-4.41911
-3.20646
-1.55746
-2.83256
-3.19007
-2.37114
-2.01218
-2.29119
-1.90935
-2.90351
-2.67496
-2.60744
-2.68198
-2.3915
-2.26521
-3.25361
-3.11192
-2.67622
-2.86542
-2.00571
-2.86299
-2.78702
-4.68244
-2.16721
-1.75414
-2.59066
-2.32161
-2.90916
-1.67983
-2.28557
-4.55216
-1.70439
-4.16279
-1.8217
-3.87516
-1.64057
-4.55525
-1.6813
-2.24599
-2.61413
-3.64699
-3.90095
-2.8288
-2.02772
-3.58427
-1.93314
-2.06347
-2.2568
-2.87059
-3.83801
-3.24668
-2.24964
-1.97128
-2.34918
-2.31179
-2.24666
-1.05566
-1.16384
-4.34056
-3.1437
-2.30641
-2.46011
-2.15254
-2.43617
-2.61534
-1.99264
-2.40644
-2.66169
-4.64651
-2.30157
-2.03181
-2.38279
-2.61484
-3.47244
-1.87173
-2.18568
-2.25116
-2.11693
-2.11963
-2.01699
-1.74207
-1.40351
-2.55517
-2.90225
-4.56171
-1.95356
-1.88889
-2.88146
-1.76219
-2.32336
-2.28877
-2.10079
-1.94522
-2.28286
-2.58449
-2.59351
-2.5276
-1.95591
-2.0324
-2.16793
-4.84886
-2.78769
-3.8407
-3.97603
-3.80241
-2.43783
-2.67141
-2.13936
-1.9946
-1.80394
-2.1099
-2.77845
-1.98989
-2.64397
-2.39185
-3.6211
-2.88576
-2.01844
-2.40052
-4.11256
-2.93628
-2.15076
-2.6294
-2.16418
-2.64324
-2.79091
-2.94093
-2.49974
-4.31417
-2.63848
-2.43458
-2.25791
-2.79328
-2.0949
-3.04715
-3.53475
-2.48639
-4.15534
-2.86895
-2.21853
-3.34533
-2.54456
-3.68954
-2.40879
-2.31707
-3.96451
-2.37201
-2.51035
-3.55695
-2.10125
-2.58707
-1.79583
-2.19343
-4.20793
-1.71386
-2.31061
-2.93709
-2.77723
-2.41436
-1.75811
-3.53186
-1.93642
-4.42049
-2.1569
-2.38583
-2.68713
-2.38152
-2.90054
-4.454
-1.93011
-2.29638
-3.06694
-2.85117
-2.13931
-2.1877
-2.88407
-2.36416
-3.04374
-2.15573
-2.91306
-1.36927
-3.09029
-3.07041
-3.88922
-2.43505
-2.03494
-1.67505
-1.72173
-3.4204
-2.40095
-1.97701
-3.28374
-1.985
-2.65625
-2.51584
-3.03294
-2.66227
-2.8449
-2.33224
-1.7383
-6.05969
-2.70783
-2.82544
-2.1436
-2.30733
-2.49358
-3.76886
-2.63012
-3.66931
-1.86359
-1.9283
-3.08274
-2.73559
-1.99095
-1.90978
-3.18391
-1.82688
-4.44314
-2.70368
-1.91072
-3.09273
-4.44883
-2.77564
-2.67859
-2.11782
-1.54399
-1.40904
-2.49657
-2.30896
-3.06325
-2.35357
-3.03234
-2.17658
-3.62518
-1.91951
-2.31536
-2.85459
-2.89659
-2.13211
-2.51523
-2.06219
-3.49777
-4.07685
-2.8173
-1.91642
-1.82786
-3.20728
-1.75106
-2.85071
-2.94748
-3.15773
-3.1974
-2.80145
-2.72595
-4.3872
-2.44618
-2.14608
-2.04708
-1.89439
-5.86325
-1.79363
-4.13307
-1.81522
-2.10228
-4.93087
-3.09034
-5.18085
-2.19229
-3.26581
-3.05151
-2.76859
-2.03612
-3.18294
-3.95308
-2.16072
-2.93162
-1.22567
-3.37937
-2.71962
-1.65011
-1.91873
-4.50981
-4.35573
-2.3287
-2.0873
-2.714
-1.19739
-4.48135
-2.24571
-2.31407
-1.84165
-2.03582
-1.72943
-1.79372
-2.18771
-2.1959
-3.09655
-3.08145
-2.08345
-1.78603
-2.43254
-1.51132
-3.98609
-2.75436
-2.41473
-2.72967
-2.2996
-2.35698
-1.8792
-2.03065
-2.84542
-3.45272
-2.33527
-2.20651
-2.2455
-2.01848
-3.90724
-1.3659
-2.26521
-3.11301
-3.17956
-2.80548
-1.68935
-3.38742
-2.29693
-4.37668
-1.87017
-2.89773
-2.11213
-4.60724
-1.41912
-2.26926
-2.12728
-2.29607
-2.76515
-3.21097
-1.71713
-1.89332
-4.40254
-2.52924
-3.03549
-4.53591
-2.66383
-3.43864
-1.84337
-2.59357
-3.08724
-2.82553
-3.95294
-3.85682
-2.39588
-2.23865
-2.15668
-1.82705
-1.70524
-2.46734
-2.84979
-2.23043
-4.62455
-2.77016
-4.3271
-1.74382
-1.00129
-1.78655
-1.43693
-2.24153
-3.04535
-3.1561
-2.10517
-3.32029
-2.64599
-1.95098
-2.01821
-2.33791
-2.7886
-2.51852
-2.824
-1.67557
-1.80434
-1.68187
-5.24373
-2.90439
-2.38469
-2.69784
-2.85993
-2.22598
-1.77605
-3.90489
-2.6004
-1.86182
-1.90234
-2.05513
-1.8154
-2.26997
-2.83818
-2.28817
-4.28629
-3.40511
-4.30578
-1.9869
-2.3863
-2.9336
-3.18147
-2.5928
-4.56076
-2.18393
-1.50134
-1.67771
-2.5251
-1.44516
-2.1227
-2.41646
-2.14987
-2.25464
-2.83114
-1.56484
-2.79082
-2.07485
-3.26222
-4.35595
-2.98605
-2.16272
-3.22644
-3.13518
-2.74951
-2.73765
-3.07518
-2.3099
-3.13251
-1.83848
-2.05193
-2.8671
-2.78447
-2.69335
-2.06541
-2.25209
-2.18677
-2.51757
-2.55422
-3.33547
-4.58357
-2.11641
-2.66914
-2.0759
-4.5123
-4.83326
-2.05668
-2.44858
-3.93035
-2.25598
-4.08684
-3.6007
-2.04797
-4.51619
-4.56057
-4.53813
-3.42009
-3.19903
-2.46343
-2.83561
-3.54522
-2.5299
-2.5717
-1.46812
-2.13403
-2.33513
-4.30404
-2.86391
-2.86979
-2.19322
-2.41654
-4.4467
-2.985
-2.37271
-2.79398
-4.77332
-1.6347
-1.37391
-1.82544
-2.49447
-5.69071
-2.29264
-3.03031
-2.3917
-2.92695
-2.01306
-2.00447
-4.97945
-4.50775
-2.77813
-2.79683
-2.7458
-2.43121
-2.60714
-0.7769
-2.47365
-2.51005
-3.04391
-2.83969
-2.41334
-2.66463
-2.50134
-2.5858
-1.27081
-2.27383
-2.543
-3.35365
-4.73349
-1.54333
-1.2212
-3.21764
-1.80939
-3.68068
-2.41823
-2.78398
-2.70855
-2.27142
-4.33006
-2.65708
-2.04348
-2.97207
-2.15344
-3.10122
-2.69862
-2.00362
-1.65234
-2.28538
-1.94742
-2.45562
-3.16108
-2.81062
-2.52923
-2.76907
-2.65638
-2.31772
-2.05095
-2.82019
-3.14433
-4.30956
-3.32904
-2.77391
-3.22547
-2.48842
-1.74728
-2.04791
-3.18093
-2.25286
-3.06452
-1.94642
-2.81954
-1.85364
-2.09621
-1.56982
-3.19213
-3.36162
-2.40596
-2.36902
-2.7112
-3.0195
-4.20915
-2.3619
-3.9812
-1.84665
-2.86238
-1.96527
-2.55833
-1.40717
-2.58845
-2.75769
-3.06318
-2.22657
-2.18191
-3.28314
-1.93944
-1.73924
-2.92468
-2.41667
-4.2227
-1.98402
-2.20589
-2.42366
-4.45294
-2.70551
-1.75649
-2.27904
-1.14641
-3.17078
-2.6751
-5.91802
-2.6571
-1.72371
-3.02792
-4.58125
-4.5588
-2.47265
-3.58136
-1.85137
-2.26051
-3.36519
-2.71357
-2.67346
-2.10947
-1.47674
-1.89345
-2.9466
-3.04092
-0.918971
-3.18804
-2.28104
-2.27919
-4.36108
-1.69905
-4.66178
-2.70819
-3.76322
-1.68875
-1.65093
-3.12025
-2.8144
-3.012
-2.41687
-2.53919
-4.61382
-1.76561
-3.17699
-1.69331
-2.36243
-2.91007
-2.03772
-2.47553
-3.68829
-2.79028
-2.12007
-2.49824
-3.20632
-2.47581
-2.43359
-2.71767
-3.09755
-2.229
-2.47535
-2.66178
-3.97359
-2.34214
-2.83658
-1.44214
-3.10731
-2.40182
-4.41755
-2.34016
-3.21569
-1.92435
-2.05452
-2.14014
-2.79386
-3.0517
-3.38368
-2.36586
-3.11609
-1.76836
-3.89381
-2.96255
-1.90743
-2.15823
-1.95203
-1.46814
-2.08883
-1.22791
-2.98302
-1.97994
-2.48224
-2.40793
-1.70938
-2.4317
-2.5155
-3.19483
-2.44959
-4.47582
-2.52488
-2.96695
-3.92223
-2.76761
-2.15551
-2.83609
-2.30266
-3.09276
-4.15727
-1.61372
-2.82193
-2.17748
-2.77213
-2.73283
-2.8316
-5.86109
-1.86401
-1.92662
-1.48859
-1.85484
-3.02136
-1.94321
-3.01468
-2.9678
-3.66237
-2.75845
-1.73737
-2.83387
-2.89798
-2.87281
-3.7639
-2.84956
-1.78224
-3.37064
-3.05429
-2.30916
-2.75748
-4.27777
-2.62153
-2.13256
-2.43683
-2.39708
-4.75123
-1.88613
-2.90752
-2.01141
-3.53864
-2.46518
-2.30393
-2.34112
-2.00752
-3.20692
-1.31872
-2.93541
-3.71811
-4.2932
-2.49062
-2.35951
-2.49046
-1.92831
-3.27913
-2.65008
-1.86152
-0.799069
-1.87881
-2.35571
-2.42062
-1.42781
-2.32315
-3.01921
-2.55647
-1.92225
-1.86168
-1.5455
-2.09663
-2.63398
-1.5322
-4.43697
-2.02977
-2.1065
-2.7834
-2.9962
-2.42604
-2.36132
-1.97201
-4.5311
-4.64592
-2.32001
-2.82227
-2.19726
-2.94248
-3.93012
-1.96898
-2.96881
-2.89934
-2.38768
-3.05496
-2.0814
-1.89757
-2.64165
-2.13616
-2.22139
-3.15801
-2.33755
-1.98775
-2.85206
-2.12795
-1.60826
-4.39043
-2.61454
-1.83026
-2.33344
-2.06614
-3.25365
-4.47537
-2.37356
-2.64435
-3.8904
-1.97285
-3.96851
-2.59263
-2.70089
-5.35284
-1.87523
-4.43894
-3.13416
-2.91246
-2.88098
-1.23086
-1.8966
-2.18809
-2.17898
-2.62803
-1.73781
-2.56553
-5.74051
-1.71146
-2.67522
-2.77063
-3.29396
-2.6546
-2.63338
-3.15335
-3.16863
-2.73466
-4.26174
-1.21804
-3.91049
-2.46446
-2.42616
-2.66348
-2.71233
-4.40183
-2.48413
-1.6452
-2.17441
-4.83133
-1.82952
-2.42319
-2.72597
-2.42262
-2.44003
-2.77397
-2.29288
-1.7449
-3.60226
-2.05223
-2.96389
-2.09456
-2.79889
-2.40866
-2.34012
-2.49222
-2.71107
-1.60758
-2.61929
-1.52236
-5.14526
-2.2201
-2.81009
-2.37718
-2.10643
-3.89118
-1.59822
-2.29446
-2.35998
-2.69989
-5.32788
-2.07338
-2.38073
-3.70317
-2.87098
-2.54103
-1.90898
-2.40006
-2.58967
-2.79614
-1.7387
-2.39748
-2.49215
-2.21206
-2.67932
-2.21993
-1.35922
-1.52642
-0.606653
-2.51344
-1.65531
-2.90557
-2.92178
-2.88659
-1.85993
-3.08311
-2.06868
-1.30681
-3.47198
-2.26212
-3.13914
-2.80794
-2.36565
-2.56344
-2.00003
-2.97173
-4.12593
-2.24968
-2.42839
-2.78789
-5.9738
-3.06649
-1.64459
-1.79291
-0.869124
-2.28455
-2.50304
-0.76924
-3.88028
-4.39205
-1.81458
-2.38701
-3.97516
-2.15082
-3.00833
-2.06484
-2.08367
-2.83684
-2.31976
-1.88936
-1.65598
-1.71277
-2.57662
-2.62581
-2.73193
-1.99687
-2.84221
-2.14867
-2.76525
-2.57377
-2.42342
-2.81789
-2.4592
-2.46356
-2.20457
-2.89937
-2.64096
-3.02567
-3.26467
-1.95901
-2.177
-3.08694
-1.53831
-2.29259
-2.8152
-2.33572
-2.74754
-3.17708
-1.96354
-2.39221
-1.87406
-2.624
-1.66842
-2.74852
-2.02853
-5.64591
-2.62067
-4.26368
-3.19059
-1.73706
-2.31107
-2.20046
-2.48566
-3.92898
-2.74308
-2.43759
-0.824035
-2.38883
-2.52836
-4.75953
-2.66455
-2.05785
-2.46766
-2.60752
-2.27027
-3.3699
-2.63729
-1.41353
-4.018
-2.95695
-2.07742
-3.10354
-2.41243
-2.51087
-4.35799
-2.43176
-2.22442
-2.73685
-3.74048
-2.63338
-2.23124
-2.52014
-3.03778
-3.06762
-2.05404
-1.71843
-3.90672
-3.17701
-3.09596
-2.71837
-4.31008
-2.99621
-4.38941
-2.78237
-2.44891
-2.76002
-2.40981
-2.11821
-3.33542
-2.89591
-1.8187
-2.66402
-2.05144
-2.47121
-1.92981
-5.06652
-3.89668
-4.39918
-1.31172
-2.13572
-2.65543
-4.1649
-3.889
-3.31569
-2.2177
-2.28637
-2.73716
-0.867465
-1.57619
-2.57716
-2.953
-1.7299
-1.98825
-1.62043
-2.52735
-1.55429
-2.17765
-2.30922
-1.8629
-2.34308
-2.27126
-2.92513
-2.57927
-2.52881
-2.60551
-2.025
-3.08551
-1.45438
-2.35492
-2.64097
-2.41944
-3.8799
-2.69513
-3.023
-3.16017
-3.1546
-2.97898
-3.02776
-4.38954
-2.13985
-3.18865
-1.6857
-2.905
-2.28224
-3.58437
-2.05753
-2.68118
-1.75288
-3.66031
-2.47933
-2.42493
-2.93889
-4.77382
-1.73695
-5.10319
-1.86442
-2.55814
-2.74762
-2.40613
-4.00254
-4.4918
-4.54071
-3.13349
-2.83084
-2.89546
-2.81067
-2.9611
-2.15783
-1.78998
-2.92876
-1.9485
-2.66017
-2.76358
-2.87798
-2.29787
-2.52365
-3.59111
-2.52206
-4.17681
-2.21322
-2.75723
-3.90421
-2.94024
-1.79139
-4.04792
-2.42581
-3.78969
-2.54571
-5.54404
-2.28938
-2.95008
-3.03256
-3.19847
-4.54039
-2.35166
-2.11697
-2.41158
-2.68613
-1.94593
-2.28212
-2.77076
-2.91298
-2.42003
-3.06916
-2.2394
-2.9017
-2.43048
-5.27826
-2.12641
-1.57003
-3.00247
-1.77221
-3.38634
-3.09589
-3.33007
-2.81245
-2.19279
-2.26537
-2.8548
-2.53146
-2.13664
-3.02922
-3.19792
-2.20017
-2.56396
-2.81056
-2.97224
-1.65927
-2.66116
-2.64555
-2.54872
-2.72215
-2.97322
-1.07818
-2.28483
-2.68845
-2.68084
-2.01466
-3.20058
-2.90382
-2.64355
-3.00166
-1.54611
-2.83215
-2.35812
-0.865504
-3.24885
-1.72208
-2.7561
-2.77854
-3.65657
-2.91607
-1.48432
-1.54986
-2.76751
-0.674303
-5.20313
-2.60431
-2.55654
-4.41646
-3.04517
-2.81833
-2.91494
-1.96217
-2.33615
-1.72845
-2.7566
-2.40518
-2.90536
-3.57147
-2.34383
-2.34809
-2.38405
-2.29912
-3.49804
-2.64243
-2.33996
-2.17589
-3.13359
-3.13584
-2.47814
-3.14658
-1.85969
-1.63962
-2.38039
-2.86983
-2.33578
-4.30362
-2.79585
-2.96176
-4.86947
-2.31408
-1.46122
-1.97944
-2.91931
-3.10802
-3.12332
-2.21835
-3.36929
-3.51274
-2.72528
-2.66312
-2.46131
-2.39969
-2.28788
-2.01629
-2.46689
-2.14224
-3.15288
-2.78761
-3.11539
-2.70187
-1.77944
-2.3319
-1.6399
-2.77189
-1.74984
-2.4084
-2.90457
-2.39797
-2.61338
-4.52289
-1.62687
-1.63124
-3.28992
-4.33095
-1.93139
-2.33793
-2.72446
-2.77093
-2.47234
-2.32004
-2.4718
-3.07624
-3.54955
-3.25156
-2.49182
-2.16706
-4.23116
-3.32182
-2.83061
-2.2968
-2.65401
-1.69258
-2.4962
-2.77975
-2.44237
-2.27646
-3.80432
-1.67242
-4.44329
-3.46882
-2.61744
-4.57768
-2.41859
-1.42153
-3.42361
-2.29213
-2.91542
-1.91677
-2.42552
-2.41558
-2.35408
-2.01795
-4.23747
-3.15705
-1.66701
-2.74665
-2.02622
-2.01789
-2.45174
-3.96821
-2.45251
-2.49392
-2.42107
-3.02442
-2.41186
-2.62061
-1.05494
-3.32925
-2.62591
-3.09202
-2.54226
-2.11537
-2.46124
-1.22249
-2.74688
-2.30181
-4.55048
-2.07589
-3.09646
-2.73851
-3.02936
-2.94598
-4.31861
-3.55797
-2.0205
-3.55184
-2.45622
-2.40674
-2.53172
-2.39846
-2.37177
-3.33492
-4.4054
-2.42303
-1.83923
-3.35631
-2.82107
-2.48543
-2.72514
-2.65942
-2.51094
-2.42602
-2.59707
-2.07894
-3.4316
-2.43445
-3.15941
-1.94606
-2.69182
-2.46959
-1.98368
-1.49364
-2.98349
-3.77539
-2.66555
-3.08401
-3.05895
-3.17298
-2.73532
-2.26619
-2.80968
-2.73072
-2.62506
-2.75775
-5.19581
-1.89365
-2.08805
-5.17179
-2.40404
-2.33948
-1.58358
-4.05358
-2.24294
-2.62956
-1.99445
-1.97527
-2.28524
-1.67686
-3.03928
-3.05918
-2.46774
-1.87804
-2.29151
-2.35082
-1.55337
-1.73162
-1.69206
-2.99903
-3.75124
-2.57421
-2.74574
-5.06289
-2.0445
-1.76701
-1.91662
-1.76467
-1.93053
-3.04247
-2.36258
-1.47156
-2.92952
-4.50083
-2.68999
-1.70406
-2.78872
-2.91575
-2.49577
-2.44562
-2.01898
-2.54211
-2.29099
-4.35079
-2.53475
-2.56551
-2.78756
-2.58162
-3.85828
-1.76808
-1.77604
-2.24096
-1.85902
-2.70521
-2.28887
-2.006
-1.87818
-2.31303
-2.68031
-4.4882
-1.93246
-2.23173
-2.59396
-2.64579
-2.06334
-2.93186
-4.40426
-2.79339
-2.01978
-2.85336
-1.73951
-0.978968
-4.2771
-4.20282
-2.91994
-2.85793
-2.13703
-1.94843
-1.69666
-2.88167
-3.09411
-2.56233
-2.71708
-1.99125
-2.18985
-1.56187
-2.9045
-3.14074
-3.62652
-2.41724
-1.8977
-2.31679
-3.24431
-1.72112
-2.47531
-3.42379
-2.6271
-2.56891
-3.16433
-2.92013
-2.96183
-2.01177
-1.99901
-2.62586
-4.31281
-4.30514
-3.32991
-1.97004
-3.27183
-2.96249
-3.3
-2.34458
-4.30168
-3.94114
-2.21413
-1.3667
-2.78827
-2.52318
-1.69149
-2.41193
-2.38824
-1.83203
-2.92477
-1.75712
-2.63201
-2.92586
-4.16167
-3.24926
-3.02763
-2.69488
-2.64776
-1.90404
-2.06062
-1.84461
-4.28876
-2.62017
-2.11459
-3.16323
-1.99113
-2.59527
-1.80773
-2.62602
-2.69865
-1.22218
-2.68377
-2.4167
-3.92144
-3.13248
-1.10175
-2.48536
-1.79284
-4.55782
-2.55426
-2.97833
-3.10888
-2.46638
-1.591
-2.88283
-4.43829
-4.36117
-2.64733
-2.97976
-1.15373
-3.1945
-4.5432
-1.86706
-2.17799
-1.70736
-2.49269
-2.35178
-4.05186
-4.04807
-2.54908
-2.61636
-2.59813
-2.08303
-1.74844
-1.68105
-2.89278
-2.90643
-2.30661
-2.12741
-4.1871
-4.04442
-2.34629
-2.25691
-4.4755
-3.65614
-1.78846
-2.57179
-2.40295
-2.70344
-2.63828
-1.91742
-2.5764
-2.21665
-2.99502
-2.55663
-2.59047
-4.68885
-2.44967
-2.58549
-2.07024
-4.29669
-2.74622
-1.96024
-2.01172
-2.54905
-2.72665
-1.94561
-2.2875
-2.19957
-1.79353
-2.15859
-2.19203
-2.86372
-2.0321
-2.91535
-1.86336
-2.87435
-3.12146
-2.75995
-2.44794
-3.79094
-2.76889
-2.00187
-4.74279
-2.22918
-2.04915
-1.97952
-2.09223
-2.95622
-3.60099
-2.64248
-1.88215
-2.53876
-3.93468
-2.12457
-2.30269
-1.98259
-3.10784
-1.99241
-2.44285
-2.13745
-1.86892
-2.60774
-3.19156
-2.23247
-1.68695
-2.1355
-2.86012
-1.1753
-1.82099
-2.68208
-2.03427
-2.72316
-2.70324
-3.93523
-2.73658
-2.39197
-5.13288
-2.64739
-2.62842
-3.04613
-3.96046
-2.31693
-2.63548
-2.67268
-4.02749
-4.18361
-2.89998
-3.32585
-1.70231
-2.66469
-2.30661
-2.49642
-1.63759
-1.80528
-2.46044
-4.89313
-3.01154
-2.774
-2.09319
-1.78156
-2.05893
-2.49
-4.47649
-2.67961
-2.75836
-2.76174
-2.77034
-2.61728
-3.43358
-3.56658
-2.7647
-2.68382
-1.75424
-3.3056
-2.6297
-2.14679
-2.16876
-2.04882
-2.90379
-1.6659
-2.89915
-3.0303
-2.60257
-1.94225
-5.64032
-1.81744
-2.72693
-2.50391
-1.66412
-2.04858
-2.64672
-2.18838
-2.53964
-1.12628
-2.53969
-2.64554
-3.71889
-2.51306
-2.59953
-1.99694
-2.22264
-2.54972
-1.8516
-5.38519
-3.09494
-2.66445
-4.00745
-1.95253
-3.01975
-2.86396
-2.4364
-1.57739
-2.39752
-2.56058
-2.24239
-2.35394
-2.23484
-1.83855
-2.16389
-4.33352
-2.68993
-4.59878
-2.64088
-3.63868
-1.90973
-2.60789
-2.77606
-2.27989
-2.12978
-2.92984
-4.54991
-2.7816
-2.49998
-2.83196
-2.15618
-2.32762
-1.54782
-1.97475
-2.57504
-3.82033
-2.84549
-2.78896
-1.45706
-2.37914
-2.5924
-2.46243
-2.93275
-2.24329
-1.2862
-2.05507
-1.79644
-2.73525
-2.2081
-2.67239
-4.3748
-2.17807
-2.95053
-2.26197
-3.09687
-1.70845
-3.63094
-2.61341
-2.6194
-2.11155
-2.8511
-1.71465
-2.84707
-2.72759
-2.67696
-2.17347
-3.43826
-4.30869
-2.71339
-2.00365
-1.83922
-1.58882
-2.36367
-2.09654
-1.68936
-3.68193
-2.20507
-3.23818
-3.44247
-2.7086
-2.05867
-2.57299
-2.76481
-2.65969
-3.16258
-2.75349
-2.16887
-2.85814
-2.60066
-3.81892
-2.74604
-2.97287
-4.34924
-2.44596
-2.31723
-2.03528
-3.27261
-4.55519
-2.71928
-2.21104
-1.67857
-2.36724
-2.67295
-3.04398
-2.6652
-2.7726
-2.76796
-2.8122
-2.69723
-2.74604
-2.91079
-2.32292
-2.66629
-2.70047
-4.38396
-2.51436
-2.89483
-2.8568
-2.44657
-2.5539
-2.74412
-3.06206
-2.92221
-2.40659
-4.82716
-2.92894
-2.58933
-2.68706
-4.97612
-4.2105
-4.77024
-2.62469
-2.73254
-2.29698
-2.78309
-1.99824
-2.72962
-5.00658
-2.91597
-1.93371
-3.17449
-2.4772
-2.97956
-3.07534
-2.66778
-2.64053
-3.23176
-3.03724
-2.88925
-2.04452
-3.86495
-2.82202
-2.77299
-1.54092
-2.74765
-2.49975
-2.59127
-2.43978
-2.71143
-3.30256
-2.29878
-2.50651
-2.11089
-3.09394
-2.13313
-2.01728
-2.13997
-2.97116
-1.98052
-6.01098
-2.40715
-1.55527
-2.2976
-2.84867
-2.99235
-2.73475
-2.19475
-3.09303
-2.93991
-2.53208
-1.84407
-4.37345
-1.98032
-4.79238
-2.03286
-2.74256
-3.52818
-4.54222
-2.8197
-2.99646
-2.75692
-2.86274
-3.3592
-2.5431
-1.70413
-2.66005
-2.49504
-2.54891
-4.35512
-2.6508
-2.39321
-4.13665
-3.12222
-2.50697
-2.19528
-1.42821
-2.27408
-2.22389
-1.13111
-3.09135
-1.56939
-2.9601
-2.90524
-2.72005
-1.83172
-2.66156
-2.28352
-2.71371
-3.74491
-2.00243
-3.0905
-2.52811
-2.77443
-2.26102
-3.91853
-2.26082
-2.51262
-1.15069
-4.51727
-2.70532
-1.93739
-2.94892
-2.70855
-2.77613
-2.58995
-2.68875
-2.43714
-1.90663
-2.96066
-2.60889
-2.75046
-3.50128
-2.81112
-2.26002
-2.37466
-3.06825
-3.12501
-2.12739
-2.7748
-3.02428
-2.32795
-2.70667
-5.0981
-3.00733
-4.3146
-2.57759
-4.6719
-2.66767
-2.48965
-2.47714
-4.56638
-2.59981
-4.32369
-3.51756
-2.80206
-2.89377
-2.7163
-4.11418
-1.95663
-2.78301
-2.87973
-3.34527
-2.69256
-2.08535
-2.45531
-3.00796
-2.42897
-3.14878
-3.47199
-2.25374
-2.56169
-2.58388
-3.74617
-2.74416
-2.54609
-2.83757
-3.17982
-1.47189
-2.54241
-3.01921
-2.91603
-2.78201
-2.67364
-3.48474
-2.33385
-3.28605
-2.72615
-2.9377
-2.30792
-5.16845
-3.39059
-2.76621
-2.96769
-1.98098
-2.82253
-2.24814
-2.2365
-2.7352
-1.83348
-2.79051
-2.4092
-3.03103
-2.9248
-2.70123
-2.80567
-2.77484
-2.68575
-3.26294
-2.8476
-4.26949
-2.14298
-2.81712
-2.18061
-2.9008
-3.6196
-3.86809
-2.72605
-2.02779
-2.83879
-2.69584
-1.66918
-2.10321
-2.33467
-2.76256
-2.84076
-2.82332
-1.90633
-2.50414
-2.57386
-2.47566
-1.39517
-2.3924
-2.02208
-2.43156
-2.7601
-0.982242
-1.74851
-2.95328
-4.42942
-2.78369
-2.87871
-2.44513
-3.01032
-1.73384
-3.04961
-1.67314
-1.97357
-1.97404
-3.21157
-2.66886
-2.8488
-4.18567
-2.97214
-4.01153
-4.03336
-2.00337
-4.39946
-3.74508
-2.87377
-2.82952
-2.55327
-2.01154
-2.49098
-2.87463
-2.82955
-2.57177
-1.93981
-2.68126
-2.75208
-2.89847
-0.72505
-2.74282
-2.63597
-2.93686
-2.69639
-2.72328
-4.02688
-2.64881
-2.63089
-2.72109
-2.68461
-4.99607
-3.08236
-2.7861
-2.9459
-2.82951
-2.91967
-1.91016
-2.14085
-4.00218
-1.58159
-2.76514
-3.6755
-2.20119
-2.40347
-1.66289
-3.03163
-3.2962
-1.84891
-2.366
-2.62517
-2.79491
-2.49245
-2.5245
-2.96827
-3.08362
-2.50068
-4.54036
-2.46137
-3.97412
-3.03252
-2.79446
-2.83321
-2.62872
-3.24654
-2.63538
-3.22536
-2.40398
-2.43598
-3.15366
-4.17617
-1.88041
-1.96175
-2.72451
-2.04092
-2.68052
-2.57243
-3.06987
-2.3811
-2.03817
-2.83904
-2.71429
-4.30995
-2.90622
-1.86323
-3.15857
-4.26423
-2.14741
-2.95928
-2.7233
-4.3067
-2.59705
-1.37488
-2.2802
-3.01342
-3.11749
-1.71916
-4.04157
-4.0498
-1.21292
-1.58318
-2.64285
-2.38647
-2.16575
-2.06063
-4.29798
-2.50689
-2.82569
-3.05009
-4.44257
-1.83723
-2.85304
-2.30372
-2.37055
-1.89743
-4.471
-1.78049
-4.54215
-1.99148
-2.23551
-2.55632
-2.62656
-2.43187
-2.37565
-2.34541
-2.81525
-5.46531
-2.49473
-2.98946
-1.80413
-3.36938
-2.99427
-2.94683
-5.57904
-2.77411
-4.11096
-4.51781
-2.33396
-2.96837
-2.42015
-2.79847
-1.88436
-2.64774
-2.55237
-3.44297
-4.33012
-2.92089
-2.71465
-1.9154
-3.01617
-2.76062
-2.46212
-3.71675
-3.091
-2.45363
-2.0554
-2.49002
-2.76417
-1.81928
-2.94368
-2.53739
-4.45686
-3.01671
-3.42084
-2.77843
-2.76161
-2.67061
-4.11468
-2.23618
-2.80901
-2.69917
-4.53978
-2.78923
-2.88209
-2.05636
-2.73327
-2.48508
-2.78154
-2.97837
-2.76783
-2.60812
-2.88059
-4.58238
-2.52467
-4.43863
-2.24602
-2.79677
-2.97977
-2.86883
-1.76238
-1.3017
-2.855
-2.15617
-1.98154
-2.37722
-1.59803
-3.73807
-2.77118
-2.56269
-3.99031
-2.76606
-3.80935
-2.90106
-1.65259
-1.63248
-2.28875
-3.65093
-5.24464
-2.50898
-3.52404
-6.09913
-0.541784
-2.16423
-2.36071
-2.61958
-2.92172
-4.04428
-2.39029
-1.41699
-2.66329
-2.47022
-2.20489
-3.55801
-2.04134
-2.10139
-2.08089
-2.19575
-2.14788
-2.76612
-2.52567
-3.10012
-3.09818
-1.98137
-3.71046
-3.10519
-4.54532
-2.50229
-3.08274
-2.81582
-2.80284
-2.72719
-2.68336
-3.20897
-2.30389
-1.55723
-2.59704
-3.12525
-2.15094
-2.74055
-2.36147
-2.73066
-2.88802
-3.10746
-2.34139
-3.11967
-1.98877
-2.98719
-2.67237
-2.10445
-2.28227
-3.217
-3.41564
-1.53015
-2.15995
-2.95719
-1.84665
-2.53991
-2.80783
-2.0235
-2.65879
-1.40327
-1.3985
-0.767255
-0.777258
-0.657997
-1.63608
-1.51316
-1.63906
-0.650657
-1.13222
-0.905184
-1.37133
-1.22755
-1.49808
-0.728363
-1.23331
-1.52201
-1.93022
-1.74781
-1.92087
-1.75687
-2.39488
-2.68797
-0.8996
-3.08557
-2.33022
-1.89198
-2.12632
-1.40653
-3.09599
-3.07288
-3.03734
-1.26771
-1.23306
-1.20374
-1.12547
-1.09389
-1.06425
-0.991876
-0.861776
-0.840519
-0.814237
-1.13289
-2.16838
-2.21082
-2.19929
-2.38732
-2.44308
-2.68208
-3.05558
-1.55308
-1.64602
-0.692053
-3.15882
-2.14268
-1.73031
-1.67543
-3.06831
-0.722915
-2.26222
-1.42628
-0.980374
-1.51523
-1.79126
-2.31307
-1.56619
-1.8681
-1.93822
-2.09359
-2.13457
-1.71885
-2.45514
-2.72141
-1.689
-3.27996
-2.80523
-2.88974
-3.03174
-2.02059
-3.09401
-1.84186
-3.21619
-0.665121
-3.22002
-1.72558
-3.28365
-3.22936
-2.4141
-2.7764
-2.89157
-3.92234
-3.87883
-1.14676
-3.22144
-1.33584
-2.87249
-3.91862
-3.17786
-1.69521
-1.52054
-3.8951
-3.92528
-3.0526
-3.4548
-3.86466
-3.21229
-1.63378
-2.71772
-1.39422
-1.35079
-2.15565
-3.61706
-3.75477
-3.24563
-2.74034
-3.32735
-3.6799
-3.27862
-3.17621
-3.59398
-3.34321
-3.35432
-3.19465
-1.8353
-1.14036
-3.28908
-3.33807
-1.10172
-3.19071
-1.68352
-3.88791
-2.82001
-1.45081
-1.59788
-2.18941
-3.93014
-3.40724
-3.887
-3.12389
-3.00649
-2.80426
-2.18531
-1.67388
-1.29611
-1.03799
-0.887022
-0.793544
-0.714621
-3.08015
-1.15433
-3.35271
-1.58733
-2.17655
-1.88616
-3.63819
-1.71117
-3.29122
-2.94631
-1.62955
-3.26203
-1.74156
-0.892609
-3.81489
-3.02892
-3.17122
-1.42238
-3.25658
-1.90478
-1.64165
-2.04906
-3.14244
-3.18341
-1.69153
-1.03592
-2.01291
-3.33889
-1.91128
-3.90675
-3.6607
-2.63225
-1.75458
-1.37111
-1.97904
-1.247
-3.32433
-2.42283
-3.10465
-1.34388
-1.94656
-1.86038
-3.19552
-1.82368
-1.91681
-2.39605
-3.25563
-1.84753
-3.02062
-2.50433
-2.25923
-3.00999
-3.26868
-2.75634
-3.27229
-1.23797
-1.80939
-1.43698
-2.95914
-2.91265
-2.86187
-0.951363
-0.912983
-0.772445
-0.752067
-0.730852
-2.11455
-1.70486
-1.32823
-2.56373
-1.73331
-1.52587
-1.36063
-1.96471
-0.622177
-1.71018
-1.76382
-1.61254
-1.46827
-1.6579
-2.84883
-1.59807
-1.53037
-2.10542
-2.06781
-0.669829
-1.42588
-1.08662
-1.1776
-2.08893
-1.84575
-1.49207
-1.57224
-2.02988
-1.46576
-0.651857
-1.87557
-1.86774
-1.40712
-1.49967
-3.23682
-1.22192
-1.38787
-1.86011
-1.77169
-1.85434
-2.14694
-2.54125
-1.35112
-1.27064
-3.08872
-3.05504
-0.952464
-1.32392
-1.84373
-3.16863
-0.910661
-1.31008
-1.87329
-2.03083
-1.82837
-2.03981
-1.52304
-1.4128
-0.714043
-1.52728
-0.762651
-1.56455
-1.55635
-1.11646
-1.37888
-1.10939
-0.758243
-1.55849
-0.950609
-0.783326
-1.38849
-0.98348
-0.786248
-0.96549
-5.02976
-5.06261
-5.07663
-0.126007
-0.202458
-0.264255
-0.142338
-5.06582
-0.320627
-0.564368
-5.07099
-0.265206
-0.561914
-0.783798
-0.49682
-5.04179
-4.71399
-4.82534
-0.466634
-1.11333
-2.01099
-0.552909
-0.0459062
-0.201751
-0.345489
-0.497532
-0.653013
-0.535416
-0.516667
-0.422039
-0.316637
-0.103771
-0.0756538
-0.692388
-1.64709
-1.69725
-4.70133
-4.72485
-4.79775
-4.89985
-4.98999
-5.06413
-5.09515
-4.85623
-4.83318
-4.80769
-4.75706
-4.75906
-4.91152
-4.77565
-5.07137
-5.06589
-4.75085
-4.79346
-4.83203
-4.86292
-4.92915
-4.96138
-5.0054
-5.02856
-5.03786
-5.06631
-5.00546
-5.02673
-5.05419
-5.08413
-5.08264
-5.04337
-5.0203
-5.00251
-4.97903
-4.95195
-4.88693
-4.73519
-0.361715
-0.838608
-4.80583
-4.76898
-0.488118
-0.389092
-0.288419
-0.16542
-0.571318
-0.153404
-0.0860693
-0.232869
-0.72707
-1.633
-0.605373
-0.590274
-0.459634
-0.361479
-0.250787
-0.225463
-0.197005
-0.122458
-0.018251
-0.0460049
-0.0591014
-0.127794
-0.141686
-0.172205
-0.282326
-0.311109
-0.328673
-0.394405
-0.44209
-0.543487
-0.583144
-0.600111
-0.619061
-0.764803
-0.799063
-0.877466
-0.893462
-1.53753
-0.507102
-0.248605
-1.72509
-0.74757
-0.211444
-0.183723
-0.136101
-4.77002
-4.93056
-4.94665
-0.638442
-0.0319307
-0.580014
-0.0601307
-5.05284
-5.04355
-1.16834
-0.186865
-5.07026
-0.156633
-4.7382
-0.596787
-0.670063
-0.544009
-4.84395
-0.378241
-4.81654
-4.86252
-4.69479
-4.96852
-5.06733
-0.478948
-0.0894331
-0.217863
-0.425021
-5.01923
-4.87745
-5.07128
-0.41088
-0.0730311
-5.07432
-0.411493
-0.817564
-5.08554
-5.07662
-4.82221
-5.03733
-5.06881
-0.628946
-5.04259
-0.19419
-5.02949
-0.069111
-0.27478
-0.134896
-4.83243
-5.07308
-0.792839
-0.173861
-0.354998
-0.203334
-4.93905
-0.387142
-4.88183
-0.539452
-0.417397
-0.066515
-5.08952
-0.320164
-5.09878
-5.0708
-5.06382
-0.272517
-0.567607
-0.556098
-0.0521334
-0.160305
-4.80393
-5.07436
-0.494711
-0.792243
-4.82776
-0.602861
-0.133671
-4.73195
-5.08807
-4.70739
-0.627293
-0.772308
-0.549832
-0.72766
-1.63229
-5.05483
-1.64509
-0.221294
-4.8236
-0.0670873
-0.368812
-0.473777
-0.193435
-0.584618
-5.0349
-1.69574
-0.10074
-0.113283
-5.08166
-0.905636
-4.76359
-0.417426
-0.559036
-0.239175
-0.5717
-0.319624
-0.336959
-0.6083
-2.00938
-4.98286
-1.12816
-1.53502
-0.462162
-0.0385391
-0.590628
-0.224553
-4.7208
-5.10539
-0.665181
-0.0783071
-4.83917
-0.830244
-0.510015
-5.01888
-0.886879
-5.02159
-0.175482
-5.0292
-0.506457
-0.255332
-4.81501
-0.353214
-4.87222
-1.7273
-0.190509
-4.78595
-0.205657
-0.144771
-4.92639
-0.162668
-5.07292
-4.7772
-4.91388
-0.0239251
-5.07996
-0.148773
-0.755356
-0.178167
-0.680432
-1.16278
-5.05435
-5.06389
-0.0507825
-5.06985
-0.127269
-4.85018
-5.0937
-0.385015
-0.64114
-4.86298
-0.575934
-4.69483
-4.74531
-0.59264
-0.540139
-5.08578
-0.478287
-4.81265
-4.9719
-0.0796343
-5.02883
-4.88147
-5.08547
-0.208802
-0.433923
-0.418933
-0.400599
-5.1027
-0.0653656
-0.811356
-5.09988
-5.07697
-5.05672
-5.02116
-0.210625
-0.150402
-0.257129
-0.177491
-0.195145
-0.212717
-0.186271
-4.81994
-5.05738
-0.0716456
-0.190625
-0.216672
-0.18022
-5.05578
-0.0803982
-4.80603
-2.64021
-5.01791
-5.00574
-0.217197
-0.227073
-4.63798
-4.47008
-2.89294
-1.78795
-2.63323
-2.62517
-4.61782
-3.13514
-2.76043
-3.20568
-3.15306
-3.17492
-5.08161
-4.25682
-3.02954
-4.91599
-2.38812
-2.68353
-2.7399
-2.35241
-1.9949
-2.61785
-1.97111
-1.20986
-2.47246
-2.49386
-2.63163
-3.25797
-3.22746
-2.41806
-2.27736
-4.10788
-2.31526
-1.98813
-2.74378
-4.63033
-4.49911
-2.61766
-2.10454
-4.10568
-2.27885
-4.89842
-5.29937
-2.92014
-3.587
-4.28227
-2.39329
-3.13703
-2.92193
-2.37515
-2.60649
-4.51124
-3.31488
-2.68738
-2.02904
-0.961036
-1.98743
-2.5216
-3.55161
-2.77326
-2.03743
-2.83943
-2.17176
-4.43938
-3.21356
-3.16961
-3.02947
-2.20409
-1.98514
-5.18469
-2.59026
-2.67915
-3.58798
-4.60905
-2.61436
-2.70148
-2.72172
-2.94451
-2.08916
-2.9612
-1.98304
-4.09068
-2.22576
-2.2882
-1.99278
-3.60259
-1.7731
-4.43886
-2.24682
-2.71681
-4.10576
-3.12189
-2.72318
-2.3695
-2.94675
-2.70915
-2.71488
-0.641489
-2.1069
-2.50823
-2.63114
-2.64129
-3.22661
-2.41724
-4.29644
-3.54786
-3.04405
-2.96712
-1.84695
-2.58725
-4.6511
-3.12674
-2.5138
-4.49808
-3.08164
-2.84251
-3.23383
-2.41573
-2.72382
-2.61909
-2.88059
-1.48298
-3.04467
-2.53973
-2.78292
-1.75411
-2.84002
-2.71785
-4.65817
-2.08566
-2.18684
-3.0831
-2.80377
-3.21585
-2.98534
-2.71154
-2.51112
-2.7291
-0.812693
-5.39775
-4.56859
-2.67048
-1.97196
-1.99398
-1.64733
-3.99172
-2.03642
-4.33681
-1.72254
-2.65014
-4.88954
-4.6255
-1.97641
-4.90399
-2.44175
-2.39269
-2.15734
-3.04582
-1.65061
-2.52128
-2.4794
-4.73354
-1.97903
-5.81315
-3.23384
-2.45493
-2.9811
-0.733337
-5.62372
-3.41451
-2.817
-2.04345
-1.08122
-2.74326
-2.22914
-2.68943
-1.98891
-2.48965
-2.68681
-4.47696
-2.43105
-3.96731
-2.34085
-1.65007
-2.45426
-3.20927
-2.84735
-2.65608
-2.82227
-2.07648
-2.05648
-2.61082
-3.27345
-2.03786
-2.61998
-1.99201
-2.73335
-4.01354
-2.61444
-2.54846
-2.51616
-4.62258
-2.64749
-4.4631
-2.08378
-1.87134
-1.94749
-2.8435
-3.72206
-2.35296
-2.77052
-2.18575
-2.77704
-2.99039
-3.26341
-3.13017
-3.00411
-1.80209
-2.71649
-2.60742
-2.28734
-2.31767
-3.28873
-2.84747
-2.75264
-4.61389
-3.27778
-2.42687
-2.91061
-3.74002
-1.067
-4.00554
-2.5252
-2.3339
-2.70345
-4.43603
-2.75091
-2.36547
-2.27392
-2.36069
-3.03768
-3.12808
-2.52569
-1.89853
-2.33867
-3.29661
-2.60765
-3.65418
-2.55834
-4.0911
-2.14493
-4.85069
-2.36789
-3.46372
-3.18522
-2.80373
-4.10458
-1.94932
-2.20682
-2.01102
-2.05842
-3.64778
-3.19724
-2.24694
-2.97971
-2.25298
-3.1497
-3.91362
-1.66014
-1.46768
-2.89347
-2.73965
-1.91459
-2.44127
-2.44883
-2.73077
-3.9689
-3.3155
-3.23264
-2.74237
-2.58497
-2.32396
-2.69048
-2.02162
-3.68445
-3.70014
-5.28099
-2.5301
-2.38656
-3.116
-2.04911
-4.51124
-2.60052
-4.53797
-2.69668
-2.90636
-5.68009
-1.96983
-5.23497
-2.66008
-2.64431
-1.98915
-3.05385
-3.62827
-3.26519
-1.97819
-2.9863
-2.8565
-2.59253
-3.16795
-2.88164
-2.01536
-4.77235
-3.3114
-2.81419
-2.70494
-2.80246
-2.78702
-3.68437
-2.71741
-2.82616
-2.80194
-2.82932
-3.01345
-1.91813
-1.03418
-2.31373
-3.76897
-3.26946
-2.87075
-2.38221
-1.21295
-2.62342
-2.49534
-1.4888
-1.72154
-2.50671
-2.6293
-3.16136
-2.69661
-1.79041
-1.66398
-2.19321
-2.03608
-2.63829
-2.07072
-3.43766
-2.56863
-3.20974
-3.0878
-2.00562
-0.855197
-2.76534
-1.65443
-2.22429
-2.43887
-2.5352
-2.65332
-2.60692
-4.74707
-0.82305
-1.84708
-4.13868
-1.96762
-3.49268
-2.73726
-2.52665
-3.16604
-4.77569
-2.30659
-2.06169
-2.62794
-1.60204
-3.01152
-2.21068
-3.94837
-3.36312
-1.9728
-2.35078
-3.52351
-3.02888
-3.05498
-2.71813
-2.79481
-2.28718
-5.71051
-2.89825
-1.17487
-2.18857
-4.28789
-1.88395
-5.28285
-1.83287
-1.9843
-0.928081
-1.98178
-1.57127
-2.60993
-2.12239
-2.02338
-2.92837
-3.38949
-3.5728
-2.73946
-2.04046
-2.2722
-2.04192
-2.62338
-2.19563
-2.38097
-2.35871
-3.13918
-3.92734
-2.47276
-2.26026
-3.54611
-4.89664
-2.75153
-1.89347
-3.62986
-2.41746
-3.67595
-2.64872
-2.54472
-3.24928
-2.14462
-2.89389
-1.40609
-2.87489
-1.94767
-2.32715
-1.3663
-2.35677
-5.01209
-3.51015
-3.30241
-2.46376
-0.901448
-3.90884
-2.8321
-3.24712
-2.16681
-5.12841
-3.02684
-2.16466
-4.34872
-2.55497
-3.85225
-2.18103
-1.55844
-2.16508
-4.78726
-2.58407
-2.74149
-3.9321
-2.61478
-2.32145
-1.86614
-2.31012
-2.44586
-2.12074
-4.45159
-3.97202
-2.78587
-2.93279
-1.92109
-2.36565
-2.21809
-2.34614
-3.19251
-2.24479
-3.62997
-2.90532
-2.46757
-3.75566
-3.14163
-2.38669
-6.00398
-2.64377
-2.63956
-3.64276
-2.50615
-2.00492
-2.45955
-2.48006
-3.73041
-2.42374
-1.49124
-1.38037
-3.13587
-1.72023
-4.37244
-2.63569
-3.38501
-2.5788
-2.93202
-2.90997
-3.23105
-1.97768
-0.746497
-2.93677
-3.43931
-2.85954
-3.56085
-2.13529
-2.5737
-2.58169
-3.15621
-1.93875
-4.7118
-1.81574
-3.12165
-2.83391
-1.97945
-2.29804
-3.19936
-2.01968
-2.60108
-2.06193
-2.62167
-2.64895
-3.07834
-2.81249
-3.54742
-2.19942
-2.60674
-3.30893
-2.92951
-1.94284
-1.99916
-1.65221
-2.38401
-2.68351
-3.0098
-2.9816
-2.77149
-6.03839
-2.61181
-2.43774
-3.16693
-2.92509
-1.9749
-3.91418
-3.6886
-4.76407
-3.12661
-2.54655
-3.10978
-2.46628
-2.83182
-3.3889
-1.2673
-2.35642
-4.4157
-2.50724
-3.95509
-3.04995
-2.07333
-2.52599
-1.66482
-2.69443
-3.70196
-3.02074
-2.0539
-2.50601
-2.01577
-2.09909
-1.68034
-2.80455
-3.72562
-4.71739
-4.55953
-3.12833
-2.27598
-3.16138
-4.04124
-2.69679
-3.36071
-2.5727
-2.82146
-2.24963
-3.78322
-4.67075
-4.69068
-1.80937
-2.48544
-2.90803
-1.88198
-3.99653
-3.93397
-2.90527
-2.22302
-2.72005
-2.16071
-2.02921
-3.07383
-1.97007
-2.49969
-2.63924
-2.48239
-1.05198
-2.43052
-2.55307
-3.03192
-2.76091
-4.8739
-2.88194
-2.74881
-4.67553
-1.8992
-2.48549
-3.4648
-3.1819
-3.84521
-2.00109
-3.18055
-2.62253
-1.90688
-2.30079
-2.45812
-2.03162
-2.543
-2.02592
-2.89599
-2.49571
-2.69912
-2.62341
-3.22626
-2.80153
-1.64478
-2.08409
-2.60707
-1.74452
-2.38631
-1.86922
-3.92933
-0.77488
-2.48401
-2.84268
-2.34553
-2.84066
-3.11738
-2.02487
-2.86283
-2.89757
-1.6783
-2.23427
-3.27984
-3.13993
-3.09557
-0.615075
-3.05327
-1.93208
-2.7902
-4.20794
-2.23492
-2.47584
-2.18256
-1.74545
-4.45256
-2.98994
-5.38281
-1.64405
-4.90756
-4.90931
-2.22074
-2.38814
-1.03362
-2.76648
-1.64962
-3.18613
-2.776
-2.26786
-1.73383
-3.54625
-2.63987
-1.82582
-2.69023
-1.52745
-2.69158
-4.29199
-3.1931
-2.60633
-2.94757
-3.76693
-3.22316
-3.08144
-3.08316
-2.59459
-2.84856
-4.18525
-2.58082
-2.83541
-3.05419
-1.65863
-2.70758
-3.11631
-0.789538
-3.15281
-4.64944
-4.21113
-2.61481
-2.31822
-2.95622
-4.44272
-3.17894
-2.20966
-2.53939
-2.06792
-2.37958
-1.99383
-2.59988
-5.01067
-4.49103
-2.95198
-2.79817
-2.98157
-2.96458
-2.8826
-2.73998
-2.3249
-3.71981
-2.03238
-2.54014
-1.92689
-1.76006
-1.28621
-3.16638
-3.00111
-3.50365
-2.93617
-2.90747
-2.98334
-3.00639
-3.49552
-4.05066
-1.54274
-4.30984
-2.65929
-2.48552
-2.2041
-2.83465
-2.66831
-2.90682
-3.05696
-2.78417
-2.09978
-2.87595
-2.5091
-0.969547
-2.12678
-2.21141
-2.83053
-3.78753
-1.57759
-3.0274
-1.57313
-2.76851
-1.90851
-3.13964
-1.89194
-2.02593
-2.62024
-2.5289
-2.45478
-2.44526
-2.67205
-2.67531
-1.62652
-2.60891
-3.19721
-4.70103
-3.0025
-2.83006
-2.39154
-3.39698
-1.99754
-2.1789
-4.55249
-2.89317
-3.33642
-4.08551
-2.0014
-1.58631
-3.49263
-2.70948
-2.80343
-2.41692
-3.93758
-2.36967
-2.16686
-2.57381
-3.2824
-2.77546
-2.34525
-2.85747
-2.67054
-2.91918
-5.50141
-2.88025
-3.08368
-2.11657
-2.80699
-2.63138
-3.08261
-2.36119
-2.42783
-2.94911
-3.1064
-3.00577
-2.2435
-1.94358
-3.30308
-2.26976
-2.28849
-2.83657
-2.8973
-3.17566
-3.0086
-4.01565
-1.73668
-1.10271
-2.89894
-1.77514
-3.44152
-2.25413
-3.12889
-3.95853
-2.94823
-2.3296
-2.80646
-2.32643
-2.91391
-3.26648
-2.74568
-5.77616
-2.62706
-3.07727
-2.66296
-2.75727
-1.91013
-2.7089
-4.60233
-2.97963
-2.12388
-1.69415
-1.75213
-1.55902
-1.40582
-2.25916
-2.00047
-2.18073
-2.34394
-4.40283
-2.31915
-2.94332
-4.74093
-2.77929
-1.68134
-2.23222
-4.88615
-2.58966
-2.75054
-2.00039
-3.39212
-2.18746
-2.58769
-4.67271
-1.67609
-3.24693
-3.13276
-2.61008
-2.59716
-3.35961
-1.65731
-3.29766
-2.40358
-3.61193
-3.10742
-2.03989
-2.29895
-2.3455
-2.8716
-2.56702
-2.28197
-2.91454
-1.46705
-4.43905
-1.79765
-4.60431
-3.22103
-4.48486
-2.65838
-3.13397
-2.46025
-2.29485
-2.03024
-2.78073
-2.15119
-2.68774
-2.79998
-2.04919
-2.05818
-2.50924
-4.46266
-1.63841
-2.08328
-2.86661
-3.49543
-2.42013
-2.12411
-2.17251
-2.63479
-3.1031
-3.81717
-2.39553
-0.971985
-3.1029
-2.95313
-4.46653
-2.37578
-3.13808
-2.8224
-2.74859
-2.72888
-2.0318
-2.89906
-2.57825
-2.85852
-1.48625
-3.05797
-2.9828
-4.51988
-2.94138
-4.24415
-6.09733
-4.28813
-1.9675
-2.95396
-3.06362
-2.37413
-2.11457
-4.45389
-2.9567
-2.93608
-1.08817
-2.83696
-3.0389
-2.77307
-2.3134
-1.90909
-3.14566
-2.11848
-3.2109
-2.58166
-4.79041
-3.52955
-4.59033
-2.39992
-1.81554
-2.70625
-2.96177
-2.03756
-2.15604
-1.89949
-1.11046
-4.45009
-2.1805
-2.36402
-3.65229
-2.8537
-2.01907
-3.24601
-3.28351
-2.3784
-2.32772
-2.86232
-2.8042
-5.73054
-2.60023
-5.12943
-1.54431
-2.47592
-2.65244
-2.29385
-2.00182
-1.8998
-5.39965
-2.16249
-3.33233
-4.10432
-2.82168
-1.70544
-2.65047
-1.89889
-1.71167
-2.90536
-2.18806
-1.85112
-2.45904
-2.50035
-0.797438
-4.53738
-3.16077
-2.43049
-1.47654
-3.27557
-1.84997
-4.83117
-1.4252
-2.96326
-3.93057
-2.92511
-2.16561
-2.94953
-1.97224
-2.93727
-2.84386
-4.74799
-3.58066
-1.55194
-2.89097
-2.03232
-2.10997
-2.47162
-3.01937
-3.0912
-4.50049
-3.11869
-2.03153
-1.99632
-4.48928
-2.13252
-2.65813
-4.52337
-2.98373
-3.02425
-2.21053
-0.623779
-2.34082
-2.16224
-2.45256
-2.2599
-2.75006
-2.74136
-2.14522
-2.16508
-2.25837
-2.03226
-2.62878
-2.59349
-2.80853
-3.07127
-3.09616
-2.80492
-3.59905
-2.21894
-2.50277
-2.5184
-2.7381
-2.71606
-2.89429
-3.17854
-3.75805
-2.96216
-1.96298
-5.57294
-2.36352
-2.02537
-3.08031
-2.0163
-4.59294
-2.23387
-1.89849
-2.9922
-2.28321
-3.54806
-1.94492
-3.0117
-3.86774
-2.29274
-3.33057
-3.34452
-2.81805
-3.70006
-2.17609
-2.09493
-1.49616
-2.33506
-2.7823
-2.02833
-2.55297
-1.16918
-2.5878
-4.44496
-1.92612
-3.22541
-1.70875
-1.51603
-4.50531
-4.65195
-2.51699
-2.10635
-2.43501
-2.38724
-2.84922
-1.46171
-4.37226
-4.46868
-2.01485
-2.44362
-4.33979
-2.97176
-3.15899
-2.71286
-2.09095
-2.59082
-2.62992
-5.63456
-2.56411
-3.08019
-2.11029
-1.60314
-4.42661
-2.09141
-2.36439
-2.97681
-2.25414
-3.62111
-1.99569
-1.74402
-1.31694
-2.02971
-1.85059
-2.35189
-2.08404
-3.82801
-2.56741
-3.38613
-5.64222
-2.31766
-3.14138
-3.17839
-3.83337
-2.43093
-1.92496
-1.74766
-2.05306
-2.79222
-2.06274
-2.57551
-2.77254
-3.63094
-2.32643
-1.80889
-3.04104
-2.41058
-1.6411
-1.88218
-1.32759
-2.59894
-5.11577
-2.40184
-2.25912
-2.75871
-1.39023
-2.52265
-2.07197
-2.28258
-3.02475
-2.08035
-2.62318
-3.07672
-2.44429
-4.36791
-3.7573
-2.76001
-1.53107
-4.38467
-3.50167
-2.10986
-4.74867
-1.70591
-1.94735
-2.49012
-2.88624
-2.02679
-1.49964
-2.10437
-4.4285
-2.22491
-2.37614
-3.17174
-2.61174
-2.47457
-3.18603
-2.39042
-2.91773
-1.92056
-2.18326
-2.57403
-2.68491
-1.60014
-2.90213
-2.5699
-2.2089
-1.88298
-2.01995
-3.65696
-2.3007
-3.17436
-4.40547
-2.03466
-2.53497
-3.14558
-2.98256
-2.58528
-3.79661
-4.47799
-2.8946
-1.99291
-1.68724
-1.1853
-3.23845
-2.57326
-3.14302
-2.70326
-3.04503
-2.53915
-1.97538
-2.07003
-4.37329
-1.88887
-5.68359
-3.00871
-2.65353
-2.09761
-4.26764
-2.51274
-2.41268
-1.79679
-2.56408
-3.07666
-2.65231
-3.22337
-0.999863
-2.06561
-1.9307
-2.6728
-2.28993
-2.34689
-2.70641
-2.27145
-2.35564
-4.56422
-5.80776
-2.33448
-2.00083
-1.43154
-2.60725
-2.77062
-2.72727
-2.05653
-1.81545
-2.52519
-1.98708
-2.5735
-1.6956
-4.62616
-3.16017
-1.44299
-4.28542
-1.87165
-4.59211
-4.50124
-4.22525
-2.6386
-2.46602
-3.98206
-1.50051
-3.17598
-1.92255
-2.23107
-1.8114
-1.87523
-1.85894
-2.15807
-2.03123
-2.56647
-2.48305
-2.54073
-2.50406
-1.83518
-3.38757
-2.13062
-5.45034
-2.90626
-3.83448
-1.82638
-4.37
-1.71496
-4.24211
-2.80789
-4.3243
-3.08965
-3.10202
-3.13046
-1.84344
-4.18957
-2.50314
-4.22591
-2.26037
-4.28054
-2.63871
-2.07193
-2.23401
-2.80736
-2.50081
-2.97121
-2.62524
-2.44224
-2.31549
-2.53368
-1.37491
-2.29032
-2.67755
-2.97299
-2.02314
-1.90658
-4.56977
-4.64746
-4.62493
-2.13716
-1.9408
-2.58913
-1.97006
-4.65748
-4.04486
-2.97078
-2.58831
-2.76618
-2.21779
-4.45586
-2.91176
-2.42408
-2.76472
-2.08756
-3.02198
-2.63893
-3.92032
-2.70842
-1.85498
-3.6114
-3.27981
-1.77333
-3.02189
-2.63155
-2.81184
-4.53587
-2.90903
-4.27349
-2.50711
-2.94203
-3.46757
-2.63155
-3.02952
-2.61854
-2.98012
-3.60643
-2.77073
-2.84106
-1.95373
-4.35042
-3.159
-2.17802
-2.93456
-2.22153
-1.93781
-2.13788
-1.54311
-2.96907
-2.27909
-2.8916
-2.16712
-1.94034
-3.17228
-2.91265
-3.04084
-2.88318
-3.1443
-4.27149
-2.02585
-0.213759
-2.76443
-3.19019
-1.27876
-2.61
-3.25521
-2.39059
-3.65465
-2.13764
-2.22032
-1.864
-3.14595
-1.91055
-2.30231
-3.07874
-2.37537
-3.38656
-2.38354
-2.91861
-4.49
-2.73723
-2.57591
-3.00344
-2.66623
-1.87403
-2.6686
-4.05154
-3.00102
-1.67133
-2.11914
-1.92397
-2.31389
-2.9451
-2.30983
-0.957434
-4.30633
-2.28826
-3.03518
-3.0768
-2.69602
-2.69095
-1.83925
-2.17229
-1.64541
-1.62262
-3.20494
-3.46805
-4.51099
-3.4132
-1.55299
-1.44666
-3.86703
-1.58055
-3.09183
-2.25025
-2.09445
-3.42398
-3.03734
-2.90546
-1.86078
-2.47526
-2.72079
-3.02825
-1.93355
-2.8868
-2.159
-1.30116
-2.04332
-4.8929
-2.46913
-2.80066
-3.15622
-3.10592
-2.61838
-4.55505
-4.30178
-2.01432
-1.85144
-1.61602
-4.30681
-4.42979
-3.07423
-2.69922
-0.846443
-2.00604
-4.31672
-2.11276
-3.62752
-4.05439
-2.31171
-2.20559
-2.37217
-2.24678
-3.41227
-4.72063
-3.88941
-1.89685
-2.16663
-3.42523
-1.42391
-3.52095
-0.84322
-4.09253
-4.52276
-2.66777
-1.69665
-3.76469
-1.9202
-1.78303
-2.07361
-3.17695
-2.34439
-2.54738
-1.94768
-2.0448
-6.06504
-2.88275
-3.0317
-2.48174
-4.78463
-1.56663
-3.15134
-2.73668
-2.04368
-3.07414
-2.60678
-1.95536
-2.34379
-2.14045
-2.71308
-2.88683
-2.88942
-2.74883
-2.40407
-1.98944
-1.35913
-2.05222
-2.51057
-3.41622
-2.9023
-4.03028
-2.00837
-3.40095
-1.07059
-2.7746
-3.88323
-4.49047
-2.38979
-0.960133
-3.20003
-4.54646
-3.45228
-2.75603
-2.36012
-2.29726
-3.0029
-1.22692
-2.38712
-3.64869
-3.19537
-2.13154
-2.62336
-2.5509
-1.86921
-2.93868
-1.88277
-3.15941
-2.52856
-2.51912
-3.91419
-2.74717
-2.78962
-1.73309
-3.14702
-2.95842
-3.04211
-2.94088
-2.05983
-3.16699
-3.9629
-3.11282
-2.37212
-3.10604
-2.72904
-5.74984
-3.11673
-2.22814
-2.9996
-1.82232
-1.84117
-2.06801
-4.53084
-2.01061
-2.7411
-2.82861
-2.57113
-2.0478
-1.7001
-2.85888
-2.42604
-3.51456
-1.67169
-4.74985
-2.60939
-2.85297
-2.61255
-2.72282
-2.10184
-1.63163
-2.87342
-3.01409
-1.57438
-1.93033
-1.95998
-1.83841
-2.27393
-3.17042
-2.62075
-2.28231
-2.29985
-2.53527
-1.6403
-3.44125
-1.69504
-4.66697
-3.43026
-5.67574
-3.12266
-2.69692
-1.96922
-1.85617
-1.79597
-2.75779
-1.22768
-2.88038
-2.02836
-3.27782
-2.79951
-1.00137
-2.59545
-3.53444
-4.45279
-5.8959
-2.24645
-3.86424
-2.08872
-3.43932
-3.93147
-1.38108
-5.4265
-3.62422
-2.49369
-1.49737
-2.03761
-3.18657
-2.52296
-3.57365
-2.49812
-4.4715
-0.958857
-4.46026
-2.36963
-1.66781
-2.32866
-0.254503
-2.72091
-1.77212
-3.45952
-2.03685
-3.19247
-3.26354
-2.27285
-2.55582
-2.4124
-2.07361
-2.57989
-2.70421
-1.83398
-2.73992
-1.98727
-3.06018
-2.48663
-3.04314
-3.2498
-3.74352
-1.78215
-1.95951
-1.00302
-3.08602
-1.97142
-2.0451
-3.40933
-4.61614
-1.76115
-4.029
-2.72706
-2.6638
-2.94148
-4.52673
-1.85415
-0.997144
-1.81118
-2.93605
-3.18897
-1.83835
-2.83039
-2.2283
-2.35305
-1.85346
-2.96521
-1.96589
-1.87793
-1.70891
-2.13936
-2.04384
-3.21535
-2.51234
-2.93224
-3.0208
-2.76037
-3.12447
-2.833
-3.61428
-2.83077
-3.85755
-3.00165
-2.56052
-2.54736
-1.8662
-2.34949
-3.13329
-3.55784
-1.66188
-2.72418
-4.34522
-1.38927
-1.75473
-4.54597
-4.56671
-3.31109
-2.48471
-5.38525
-3.17341
-3.10186
-1.50406
-3.89228
-1.7381
-2.62611
-3.08865
-3.05091
-2.20479
-2.06038
-2.12861
-2.82193
-1.19517
-2.64428
-1.81597
-2.28323
-1.09697
-2.93096
-1.99173
-2.46312
-2.97402
-3.67237
-1.83294
-2.80078
-2.41662
-1.94584
-3.5615
-1.96124
-2.48412
-0.831198
-5.29305
-2.43196
-5.84958
-1.78403
-3.24899
-2.30516
-3.40974
-2.46634
-3.387
-3.71929
-1.7864
-3.48492
-3.04697
-3.23165
-1.761
-2.18597
-3.27724
-2.47602
-2.61556
-1.28523
-1.79591
-4.8911
-1.88562
-3.09022
-3.09
-2.12612
-2.59218
-3.18468
-1.79065
-2.25643
-2.77546
-2.05666
-3.58996
-1.9098
-2.95818
-1.73481
-1.93234
-2.8174
-2.21136
-3.06779
-3.30419
-1.72231
-3.5351
-3.54357
-1.26929
-2.47453
-4.83454
-5.99775
-2.94192
-2.24484
-2.70267
-2.38165
-3.94505
-2.68545
-2.32951
-2.26726
-1.72353
-2.43302
-3.3056
-1.80216
-2.66376
-2.137
-1.96825
-2.55516
-3.15305
-3.31917
-2.74448
-3.6482
-3.20095
-2.34571
-2.58973
-2.62604
-3.41578
-2.26555
-2.41073
-2.82124
-2.36043
-1.95147
-2.38849
-2.8327
-2.95756
-1.80058
-2.49112
-3.50658
-2.40003
-1.6982
-1.5915
-2.43168
-2.49357
-2.79611
-3.33305
-3.95692
-3.04675
-3.00747
-3.45954
-2.20831
-2.09625
-4.61594
-2.12478
-2.30652
-1.34342
-2.74709
-1.66418
-2.79617
-3.07432
-2.65367
-1.77301
-2.68666
-4.24302
-4.51831
-1.76423
-2.92022
-1.99815
-1.45318
-1.7529
-3.18333
-2.05315
-1.99069
-4.97824
-2.639
-1.7814
-1.60535
-2.53058
-2.91815
-3.13272
-5.23581
-2.67106
-2.24741
-2.18156
-1.67104
-3.72491
-3.23468
-2.79726
-1.98032
-2.47387
-2.28217
-3.57293
-1.68563
-1.77398
-2.47367
-2.45219
-3.17328
-2.05628
-1.97641
-2.91878
-3.05276
-4.0636
-2.04899
-3.17722
-2.98416
-3.06621
-2.51447
-3.17758
-2.95351
-2.25593
-3.01109
-1.58454
-3.05176
-5.97455
-2.80312
-2.53056
-3.35838
-4.3694
-3.15046
-2.71715
-4.11733
-2.87048
-4.20938
-2.96892
-1.65759
-1.36857
-2.67547
-1.92607
-1.94744
-1.76634
-5.57974
-2.74536
-2.63656
-2.36086
-2.26386
-1.39333
-2.43275
-3.85902
-2.4712
-2.54566
-2.31471
-2.33796
-2.40297
-2.03195
-2.4154
-1.89536
-2.17933
-3.31575
-4.19387
-2.38855
-1.38582
-4.50645
-3.41441
-2.27177
-3.11739
-2.56901
-3.02312
-3.66301
-2.98949
-4.06407
-2.66786
-2.15316
-3.16694
-1.95497
-1.69923
-2.02366
-4.49831
-1.38697
-3.07989
-2.91701
-3.27012
-1.18621
-3.54262
-2.83037
-4.40077
-3.47513
-2.64432
-2.15575
-4.37272
-2.05804
-2.27443
-2.63615
-1.83856
-1.63899
-4.24956
-2.80333
-2.27638
-1.72887
-4.50366
-1.74759
-2.26917
-2.72804
-2.13094
-4.27885
-2.55357
-2.83905
-2.85939
-3.35959
-3.32612
-3.94973
-4.46159
-3.54202
-1.97384
-1.66051
-3.17236
-1.25337
-1.70061
-2.91658
-2.69186
-2.84322
-1.77759
-2.19086
-2.43125
-4.62348
-2.77261
-2.53406
-2.07245
-2.71529
-2.00513
-2.40607
-2.4911
-2.05123
-1.63067
-2.6948
-2.18917
-2.53918
-5.06357
-3.09537
-2.37359
-2.51282
-1.0507
-3.19047
-3.63862
-2.23253
-3.06809
-2.95566
-3.052
-2.43566
-3.95461
-1.12255
-2.01688
-2.54403
-2.52685
-3.38961
-2.50663
-3.31522
-1.84034
-2.71761
-2.45307
-3.25915
-1.71608
-1.72065
-4.06192
-3.15842
-2.16126
-1.67201
-3.51148
-1.63995
-1.66604
-1.84982
-2.13051
-2.15335
-3.06349
-2.56332
-2.08982
-2.70064
-3.03123
-2.50889
-2.00763
-2.58754
-4.18081
-1.82316
-2.74979
-2.68279
-3.18332
-2.87792
-5.29407
-4.26083
-1.21107
-2.59093
-0.750792
-4.28665
-2.0218
-1.59873
-2.57811
-4.8886
-2.27656
-1.99863
-2.73614
-2.52453
-2.38323
-2.29119
-2.67909
-2.55544
-2.18564
-4.90049
-3.48441
-2.07126
-2.86269
-4.28122
-1.50551
-1.85316
-2.66587
-2.56105
-2.59834
-1.75379
-4.05296
-1.58393
-2.79528
-2.64741
-2.53769
-2.8903
-2.67288
-2.13752
-1.75584
-2.45836
-2.78555
-2.90542
-2.14189
-3.09025
-2.75399
-1.96945
-2.56371
-2.21539
-2.82197
-3.40119
-2.77237
-3.4443
-3.19843
-3.0441
-2.74261
-1.30717
-2.03272
-5.919
-2.22371
-4.62313
-3.25822
-3.03104
-2.03129
-2.83264
-1.74037
-3.67008
-4.3514
-1.88335
-2.05426
-3.74747
-4.24964
-2.6493
-2.16706
-2.58947
-1.80653
-2.73083
-1.98875
-2.88128
-2.01903
-2.75695
-3.95123
-1.03582
-4.46582
-2.88769
-3.14711
-3.06883
-3.06261
-3.51802
-2.84006
-5.74225
-2.29972
-2.07087
-2.6067
-2.95572
-3.16563
-2.25534
-2.63003
-2.86612
-2.55517
-2.74383
-2.59426
-2.56049
-2.6407
-2.26743
-3.20476
-3.00584
-1.63539
-0.926657
-2.08959
-4.21214
-2.50024
-5.06015
-4.13973
-2.13266
-2.81767
-4.62051
-2.28966
-2.52051
-2.36395
-2.44776
-2.4288
-4.3799
-2.05081
-2.1932
-0.986173
-2.61881
-2.04856
-4.50601
-1.06209
-2.66114
-1.55788
-2.37504
-3.77397
-2.40733
-2.21765
-2.30123
-2.54671
-3.15661
-2.94772
-2.02375
-1.97033
-2.24973
-2.65119
-2.2212
-2.1112
-1.76618
-1.47536
-3.86382
-2.51691
-2.18081
-2.76301
-3.23526
-1.33079
-2.67443
-2.83714
-2.40844
-3.06555
-3.60043
-2.23318
-2.56983
-2.19866
-4.9726
-2.67617
-1.06557
-2.84929
-2.59115
-2.59764
-2.57582
-1.79784
-2.60242
-2.28349
-0.871393
-2.50225
-3.88061
-2.17601
-1.67745
-2.91577
-1.66362
-2.44821
-3.00343
-2.43098
-3.7071
-2.70541
-2.55328
-2.97624
-4.05773
-2.53986
-3.91261
-1.52474
-2.10232
-3.8107
-2.98385
-3.21385
-2.9995
-1.10374
-2.45206
-3.1124
-3.4523
-2.59294
-2.97458
-1.69095
-2.63463
-3.62854
-2.38009
-2.30728
-2.44669
-1.08135
-2.60976
-1.84539
-2.75858
-3.95418
-1.46089
-1.53052
-3.17236
-2.76612
-2.62366
-2.67676
-2.69209
-2.91138
-2.15403
-3.14092
-3.04985
-2.47015
-2.04409
-2.79708
-2.60011
-2.49322
-2.21674
-3.78198
-3.84444
-4.00205
-2.02874
-1.98639
-1.73698
-2.4807
-1.9576
-4.497
-2.62884
-2.74503
-2.39143
-2.61201
-2.41815
-1.44906
-1.74639
-1.77851
-2.58227
-2.02717
-3.00847
-2.1115
-2.70821
-2.29921
-2.04209
-2.29425
-2.09215
-2.62448
-2.63793
-1.73267
-1.4945
-3.1921
-2.99383
-4.65073
-2.77858
-2.01078
-2.72585
-3.03582
-4.12332
-1.98462
-3.07041
-2.19332
-4.47885
-3.02335
-2.90668
-3.07931
-1.83092
-2.14864
-2.57666
-4.43507
-3.40027
-2.47231
-2.239
-3.90148
-2.96675
-3.1522
-2.36441
-3.20573
-2.83177
-2.97367
-2.90709
-2.6432
-3.20567
-3.18922
-2.45835
-1.68772
-2.04962
-1.13773
-1.27299
-2.46139
-2.48319
-2.11496
-2.82499
-2.3357
-2.88942
-2.02974
-4.09984
-3.51327
-3.50769
-3.68937
-2.03142
-2.38541
-2.72951
-1.68631
-3.9857
-2.55494
-2.03924
-2.04541
-3.62186
-3.14019
-3.16706
-2.57604
-4.02732
-1.72692
-3.17879
-4.44683
-2.99348
-3.00988
-2.49067
-2.26008
-2.52403
-2.47388
-3.05603
-3.02102
-2.16786
-1.92436
-3.56566
-3.56873
-1.56203
-1.75111
-3.83137
-2.10756
-1.73215
-2.66593
-1.79818
-2.92995
-3.05635
-1.43906
-2.64865
-2.26201
-2.31675
-4.13146
-1.72037
-2.8412
-1.6073
-2.70568
-2.6843
-2.67044
-2.55784
-2.34483
-2.94988
-3.13791
-4.86988
-2.75833
-1.92672
-2.36556
-2.51655
-1.93063
-2.96941
-2.77482
-3.42839
-2.12201
-2.10054
-1.54174
-4.72612
-4.06939
-2.43114
-2.68038
-2.49278
-2.58032
-5.50245
-1.2328
-2.62696
-1.97736
-1.81673
-2.52329
-3.08702
-2.18755
-2.8031
-3.96562
-4.67001
-4.71689
-3.12008
-2.46218
-2.36199
-2.35007
-2.4353
-1.91732
-3.29476
-1.97905
-2.27785
-1.68688
-3.11047
-2.00927
-1.83783
-3.17883
-2.86018
-2.66272
-2.12403
-2.6402
-2.14477
-2.05649
-3.19826
-3.01941
-1.17797
-1.47419
-3.18528
-2.35238
-3.29112
-2.77512
-2.43736
-3.08797
-1.52255
-3.10402
-2.86358
-2.83818
-3.0286
-2.24057
-3.6344
-2.39088
-3.08699
-3.86198
-2.71613
-2.98317
-2.73185
-2.46893
-2.00962
-2.78176
-2.46945
-2.43249
-1.46197
-2.71077
-2.3383
-3.15236
-3.03909
-2.65992
-2.14608
-2.03786
-1.52773
-2.57488
-1.73659
-2.93294
-2.30338
-4.82186
-4.27609
-2.36322
-4.44881
-2.56266
-3.33133
-2.80354
-2.32549
-1.88112
-4.72903
-2.93844
-3.87512
-3.09246
-1.96796
-3.04778
-3.00498
-2.44512
-2.99618
-3.43466
-2.25088
-1.5563
-3.68315
-1.75887
-4.32292
-1.62233
-3.93348
-3.92188
-2.12299
-1.74347
-2.75984
-3.15554
-1.15352
-3.78226
-3.10613
-1.71396
-1.70777
-2.98741
-1.95722
-2.24849
-2.31611
-2.44265
-2.43939
-2.48
-2.47942
-2.64943
-1.94918
-1.52797
-1.98682
-3.62649
-1.6492
-3.07232
-2.42106
-2.79219
-2.52217
-1.91298
-2.53358
-1.70805
-2.35249
-2.02014
-2.8012
-2.26604
-2.19856
-1.14466
-2.9213
-1.9838
-2.41699
-2.67815
-1.84884
-2.56622
-3.05985
-1.83976
-1.54831
-2.50219
-2.75145
-1.81711
-2.33289
-1.38688
-2.6946
-2.94859
-1.84832
-2.7327
-2.65712
-2.995
-0.801247
-2.81514
-1.91559
-2.24108
-3.20086
-2.83244
-2.86736
-2.25034
-3.07365
-3.57191
-3.04776
-2.72977
-2.87464
-1.91569
-2.32329
-1.5666
-2.77407
-4.60603
-4.30998
-1.70522
-2.35432
-4.89238
-2.89691
-2.49627
-1.93146
-3.53947
-2.68758
-2.50141
-3.08582
-1.32467
-1.70311
-3.73243
-2.40736
-2.05462
-3.19148
-4.39158
-3.0659
-3.13873
-1.6305
-3.0643
-2.61174
-3.32789
-2.37218
-4.52978
-3.89107
-3.21148
-4.92977
-2.5487
-2.91514
-2.76786
-3.10212
-3.10677
-2.16707
-1.33293
-1.73875
-2.23968
-3.15709
-3.34521
-1.57007
-3.00245
-2.84743
-1.85887
-1.63654
-3.0288
-3.82774
-2.40001
-4.84814
-2.59378
-2.67625
-2.4691
-2.78717
-2.36079
-2.21937
-3.91082
-1.62518
-2.88848
-6.10043
-2.28436
-2.48519
-4.27263
-2.69025
-4.00087
-2.58572
-1.91447
-2.23472
-1.74805
-1.67871
-3.23025
-2.58859
-2.02738
-2.39288
-3.10501
-3.37345
-2.62905
-1.71436
-2.99806
-3.92274
-2.54994
-3.03333
-3.88048
-2.57153
-2.42069
-1.58656
-4.46868
-1.62142
-2.54
-1.9744
-2.07171
-2.5858
-2.34796
-1.70206
-2.64946
-5.79052
-2.53714
-2.20948
-2.11899
-2.95775
-1.65685
-3.1279
-1.75657
-2.70098
-2.35326
-2.8927
-2.45537
-3.39717
-3.29653
-2.69635
-3.14252
-2.32393
-2.62674
-2.55885
-2.63921
-4.2269
-4.35883
-2.63712
-3.0693
-2.71123
-2.5583
-2.42117
-3.13387
-2.08403
-2.53271
-3.71336
-2.92306
-1.72923
-5.07186
-2.45632
-3.1917
-2.56121
-3.08048
-2.37725
-2.60215
-2.07937
-3.96245
-1.72893
-2.62497
-2.47736
-2.59208
-3.21558
-2.45385
-2.71152
-2.40518
-2.63192
-2.69009
-1.81492
-2.65081
-2.66514
-3.59976
-2.60858
-3.50279
-3.14577
-2.32098
-3.19801
-4.22365
-2.5255
-1.96976
-3.09524
-3.78648
-2.48451
-2.55727
-2.14252
-3.94847
-2.5044
-4.90282
-5.04256
-2.18528
-1.19657
-1.70878
-3.17877
-1.73646
-2.62996
-2.67334
-2.84321
-2.49532
-3.95045
-1.93546
-2.48401
-3.1139
-1.54561
-2.87234
-2.7149
-2.93057
-2.42369
-2.01758
-2.24478
-2.61851
-2.29276
-2.1923
-2.23005
-2.87551
-1.72809
-2.22223
-3.18913
-2.71287
-2.83527
-2.04735
-2.37909
-2.62096
-3.13802
-2.39693
-2.23165
-2.01619
-5.1207
-5.93269
-1.14659
-2.96396
-3.15524
-2.35373
-2.61462
-4.47783
-2.70862
-1.55952
-1.68518
-4.97855
-1.18031
-3.92626
-1.86482
-1.68095
-3.96898
-1.71096
-1.90555
-2.65301
-2.81082
-1.95986
-2.14322
-3.90093
-2.3293
-2.48879
-2.34344
-2.89055
-1.93219
-2.49595
-1.61248
-2.1084
-3.11541
-3.32354
-2.58485
-2.49517
-2.82943
-2.18881
-2.02296
-2.8451
-4.17117
-3.51131
-1.65877
-1.74314
-2.34719
-3.12758
-3.14021
-3.0591
-3.36992
-2.77678
-2.423
-2.21704
-3.80549
-2.67712
-2.74084
-2.69661
-2.21
-2.85793
-2.48668
-3.18373
-2.04022
-3.08727
-1.90923
-2.47604
-2.84731
-2.40968
-1.84189
-3.1346
-4.14524
-3.8188
-2.92546
-1.86501
-2.53317
-0.807461
-2.18593
-3.89787
-1.88721
-2.52373
-3.17126
-1.8719
-4.10337
-2.46318
-2.22154
-2.18249
-2.38059
-3.04104
-1.3843
-2.42242
-2.85651
-3.11959
-2.40495
-2.61507
-2.78205
-2.61106
-3.03862
-3.16268
-2.45677
-3.14099
-3.22326
-2.75641
-2.30517
-2.28784
-2.79072
-2.53375
-4.31691
-1.85779
-3.13095
-2.02572
-1.56836
-4.31481
-2.02948
-2.54346
-2.70246
-3.30432
-4.37787
-2.8835
-2.00464
-3.1566
-1.79761
-2.19784
-3.09925
-3.11568
-2.22445
-2.34302
-2.07045
-3.06949
-1.97513
-2.27242
-3.29225
-2.30729
-1.45847
-2.42828
-3.18773
-3.15453
-2.27285
-2.09179
-2.09744
-1.92104
-2.20945
-2.39743
-2.05865
-2.4944
-2.69849
-2.73256
-3.28052
-2.53151
-1.38854
-3.87498
-2.68149
-5.96405
-2.48239
-3.03396
-2.29979
-2.35479
-2.72675
-3.17774
-2.99909
-2.68033
-1.88106
-2.65606
-2.44506
-2.41519
-2.44272
-2.40151
-2.72942
-2.42257
-2.03537
-2.0825
-4.01277
-4.59719
-2.03059
-2.35024
-1.83966
-2.3736
-2.68455
-2.93269
-0.946174
-4.36677
-3.14953
-2.79081
-3.14478
-2.82984
-3.49253
-2.07428
-2.9536
-3.16354
-2.46337
-2.53554
-4.5262
-1.89775
-2.23259
-2.55234
-2.75685
-4.44351
-2.33349
-2.77803
-1.64302
-2.7297
-1.89043
-4.37235
-2.75285
-1.70466
-2.36263
-2.6422
-2.10868
-2.51823
-2.58037
-3.21311
-4.61305
-1.88101
-1.87307
-2.83914
-3.59845
-3.12977
-2.5004
-2.31997
-4.52396
-1.81749
-2.59706
-2.72587
-5.94596
-2.02725
-2.72501
-5.24156
-2.75618
-2.72206
-2.12238
-1.8902
-4.09264
-1.34633
-2.01014
-3.16119
-2.99838
-2.62861
-2.74818
-3.10403
-2.12086
-1.53457
-2.61412
-2.20066
-1.51001
-1.95499
-2.30686
-0.98287
-2.25106
-4.38243
-3.95099
-5.1153
-4.53463
-4.46981
-1.44153
-2.43663
-2.13606
-2.56961
-3.06773
-2.70624
-3.1154
-1.89801
-2.31299
-4.46975
-2.77043
-3.04793
-2.67131
-2.53362
-2.56301
-2.14271
-3.23455
-2.69273
-2.7757
-2.82202
-2.1681
-2.69344
-2.93963
-2.25916
-2.6832
-4.25919
-4.01198
-1.35974
-2.89725
-3.18218
-2.29638
-2.25396
-3.20705
-2.17266
-2.70904
-2.33509
-2.62845
-2.57325
-1.69172
-2.56417
-4.22608
-2.67516
-2.25093
-2.0614
-1.96654
-3.12954
-4.32339
-2.31153
-2.59365
-2.80525
-1.96355
-3.23398
-3.84837
-2.69654
-3.36051
-3.14371
-1.88589
-4.51228
-2.20229
-2.65764
-3.15191
-3.38548
-2.34777
-3.12725
-1.57695
-1.71446
-2.60141
-2.7156
-2.45518
-2.81796
-2.03003
-2.29432
-1.41975
-2.34194
-3.9071
-5.5904
-2.89425
-1.50289
-3.23153
-4.16649
-2.29201
-2.87851
-3.07619
-2.63866
-2.52089
-2.8127
-3.16737
-2.61457
-3.62486
-3.33296
-1.77278
-2.69772
-2.79287
-1.4631
-2.14804
-3.52104
-1.82189
-1.6609
-1.86069
-2.57267
-1.9652
-2.67614
-2.56843
-2.7765
-2.85469
-4.04176
-2.47004
-1.99876
-4.34183
-2.3746
-3.1787
-2.66046
-2.75995
-2.11371
-4.78757
-1.36017
-2.78219
-3.14549
-0.673022
-3.23506
-2.66224
-4.55715
-3.1339
-2.44285
-2.35224
-1.92736
-1.68934
-1.82484
-2.30177
-2.24946
-3.38569
-2.16334
-1.42607
-2.70529
-5.56666
-2.46206
-2.74062
-2.58858
-2.33031
-2.33007
-2.50293
-2.81454
-2.58773
-2.32951
-2.50198
-3.20576
-2.7493
-3.91734
-2.37648
-2.12565
-5.68429
-1.53025
-2.57075
-2.05221
-3.10354
-5.038
-2.58468
-0.803115
-2.63003
-5.75135
-1.69295
-1.85984
-1.99837
-2.27836
-2.10863
-2.73787
-3.05463
-2.39439
-2.07042
-3.21799
-3.18572
-2.72522
-2.93664
-2.17649
-2.70823
-2.87427
-2.09608
-2.6089
-2.51225
-2.60247
-2.68555
-1.31187
-2.28812
-2.20029
-1.88764
-2.55332
-2.71884
-5.01543
-1.72618
-2.97608
-3.16582
-2.58727
-2.14815
-2.18911
-2.92295
-1.35821
-2.78379
-2.56502
-2.08545
-1.67813
-2.49344
-2.68434
-2.37347
-3.8983
-1.99127
-2.71643
-2.68132
-1.42089
-2.52412
-4.34481
-1.83086
-2.71377
-2.75948
-3.13464
-2.94026
-2.02793
-2.30894
-2.19485
-2.26064
-2.44694
-3.42262
-1.58887
-3.20851
-3.94885
-3.1701
-2.70521
-4.15862
-2.91448
-3.95898
-3.14691
-3.04493
-1.81021
-4.88134
-5.99612
-2.64582
-2.93776
-2.26453
-2.60286
-3.59127
-1.27765
-2.31265
-3.58002
-1.6705
-2.01122
-2.47132
-2.61784
-2.70041
-2.87194
-2.78936
-1.69865
-3.91568
-2.54112
-2.63162
-3.94137
-2.5002
-2.05176
-2.54221
-2.07502
-2.30681
-3.06196
-2.00435
-1.50249
-2.70659
-2.53153
-2.84337
-3.02006
-2.6012
-2.27257
-1.63599
-2.25157
-1.5605
-2.30639
-2.0054
-2.51659
-4.22557
-1.85046
-2.64271
-3.01007
-3.82911
-2.27313
-2.14597
-5.1214
-3.0294
-2.52545
-4.89914
-2.79119
-4.54621
-1.45011
-2.12899
-4.45702
-2.61063
-2.39901
-2.76899
-2.48193
-1.64586
-1.49312
-1.82268
-3.1219
-2.81157
-1.65114
-3.17024
-2.78971
-2.51176
-2.87489
-2.99958
-3.13008
-2.34969
-2.81358
-2.62283
-4.02588
-1.66531
-1.66007
-1.85536
-2.32706
-2.00427
-2.23388
-1.58465
-2.20785
-2.49135
-2.267
-3.90985
-2.26163
-1.99473
-2.93522
-3.15625
-3.59688
-2.02306
-2.78734
-3.19531
-1.94185
-2.62975
-3.17054
-2.73805
-3.10636
-4.55775
-2.78405
-2.66451
-2.02601
-2.51885
-2.12832
-1.82276
-3.87183
-1.97949
-2.00855
-1.83711
-1.71016
-1.34676
-1.07335
-4.44623
-3.02389
-1.6546
-2.38303
-1.0535
-2.20331
-1.64461
-1.91901
-2.71489
-2.68031
-3.94664
-2.47006
-2.46422
-1.72791
-4.21996
-0.905298
-2.89788
-1.72666
-2.63021
-2.92499
-2.73755
-1.79166
-2.41886
-2.73195
-2.61581
-2.69417
-1.98649
-2.22508
-2.18235
-2.51594
-2.16543
-3.88651
-2.32295
-2.50493
-4.22754
-3.54665
-2.69762
-2.19629
-3.31224
-3.92168
-2.1696
-3.02481
-2.65409
-2.96161
-2.5795
-2.1589
-3.85409
-3.94167
-2.27608
-4.34174
-4.59624
-2.80971
-2.66481
-2.32168
-2.19049
-2.731
-2.23022
-2.75202
-4.38267
-1.70981
-2.48075
-1.97162
-3.16887
-2.9039
-1.4979
-2.72432
-2.71603
-3.16284
-2.21065
-2.64478
-2.75279
-2.01438
-1.85995
-3.06906
-2.07952
-1.13352
-2.32615
-1.61038
-1.98233
-2.44616
-2.34922
-2.73003
-3.11798
-1.67574
-2.42027
-3.43908
-2.7677
-0.96582
-2.40337
-2.98746
-1.42323
-2.39656
-1.68524
-1.84884
-3.06174
-2.80527
-3.84432
-2.46445
-2.44251
-2.55046
-2.25941
-3.10321
-3.83277
-2.12315
-2.48107
-1.7541
-1.73218
-2.21022
-2.33499
-5.5223
-2.28298
-5.19853
-2.73036
-3.08006
-1.79842
-1.98587
-2.17402
-1.9626
-4.65286
-5.72799
-1.91941
-2.94157
-1.59733
-1.5129
-1.61799
-1.87937
-2.67226
-2.72108
-1.94898
-2.52865
-1.7528
-3.89167
-2.79442
-4.53816
-1.62358
-4.35852
-2.2052
-1.85181
-2.76344
-3.00875
-4.74201
-1.91546
-2.30552
-1.9115
-4.08388
-2.81161
-4.59219
-3.64744
-2.18998
-4.43097
-2.92915
-2.44948
-1.74208
-3.03688
-2.41186
-2.17265
-2.99064
-1.69944
-2.9219
-1.51427
-1.41241
-3.31288
-2.40103
-4.363
-2.90805
-3.36658
-3.56274
-2.88359
-3.80366
-2.20219
-3.14033
-2.45688
-2.68172
-3.38898
-2.69031
-5.84175
-2.56613
-1.73313
-2.44427
-1.76797
-2.94136
-4.30045
-1.65045
-2.69792
-2.51485
-5.91359
-2.15747
-4.82818
-1.23487
-3.25738
-1.95347
-3.07905
-3.92794
-2.71257
-4.02995
-2.45141
-5.07256
-0.89161
-1.23001
-1.90041
-1.78265
-2.01153
-6.04645
-2.39755
-2.43305
-2.44205
-2.726
-1.59456
-2.0072
-2.33286
-1.82824
-1.75039
-2.67477
-4.72544
-3.31272
-2.48465
-3.59839
-2.78032
-2.1879
-4.057
-1.98653
-3.93287
-2.9304
-1.74056
-2.71437
-3.18452
-2.8842
-2.96095
-2.67727
-2.27424
-2.47426
-3.16261
-2.41577
-3.09332
-3.83824
-2.9738
-4.37971
-2.57135
-3.03868
-2.41943
-4.08292
-2.66762
-2.79562
-2.55451
-3.03842
-2.52338
-2.98169
-2.83593
-2.76074
-2.69073
-2.25944
-4.36508
-2.13335
-1.6998
-1.52962
-3.85923
-1.97887
-1.67758
-2.83769
-4.36826
-2.696
-2.11917
-4.86408
-2.72097
-4.92916
-1.61982
-1.62345
-2.16383
-3.1349
-1.02132
-3.16115
-3.15654
-2.38346
-2.77223
-3.13487
-1.82508
-4.41742
-2.32812
-2.84283
-2.14242
-2.19567
-2.73286
-2.37125
-3.49305
-2.3584
-2.78944
-2.56252
-3.24441
-2.00215
-3.0929
-2.48593
-2.77747
-3.59737
-2.42901
-1.45712
-2.89468
-4.46225
-1.32602
-2.62811
-2.65931
-2.39137
-3.28213
-2.11457
-1.85306
-4.52244
-2.33439
-2.42168
-4.26566
-1.4935
-3.18035
-2.76551
-2.7979
-1.95522
-3.54716
-2.34527
-2.19681
-1.47809
-1.78202
-3.01934
-2.84274
-3.53723
-4.28405
-4.24756
-3.22507
-3.04205
-1.93035
-2.10548
-2.24388
-4.50013
-1.95139
-3.85177
-2.40911
-2.08676
-2.80878
-1.88359
-2.95982
-1.26752
-2.23299
-4.52435
-2.02839
-2.9564
-2.08985
-3.03171
-2.02416
-1.77965
-2.68868
-2.55803
-1.78385
-2.81707
-3.1952
-2.61873
-3.84366
-3.26747
-2.84553
-1.7527
-3.57101
-2.23591
-4.46672
-2.01142
-4.41911
-2.20934
-1.88516
-3.91175
-1.92727
-1.72724
-4.07088
-2.37472
-5.45311
-1.79597
-1.02142
-3.15536
-1.36898
-2.25366
-2.3899
-2.57566
-3.6958
-2.10883
-2.091
-2.51488
-2.40319
-1.64045
-2.74562
-2.79351
-3.02097
-2.09999
-3.03386
-2.88078
-3.97944
-2.24862
-2.76807
-3.28618
-3.18371
-2.76472
-2.53391
-3.29602
-2.89239
-4.40654
-3.20853
-2.12173
-2.62827
-3.89355
-3.17164
-2.58044
-1.89834
-2.78451
-2.01099
-3.0257
-4.05644
-2.10995
-1.79275
-2.76099
-3.00756
-2.00382
-4.57116
-2.15474
-3.86927
-1.62053
-4.34778
-2.06131
-4.27464
-2.29723
-2.3542
-3.00021
-2.07494
-3.17347
-2.13895
-2.49257
-3.79066
-3.25698
-3.161
-2.74442
-2.37798
-2.60286
-2.28948
-3.21457
-3.1733
-2.1862
-3.12559
-1.9471
-3.68885
-3.49785
-4.16853
-3.1578
-1.96704
-2.12351
-3.29918
-3.19809
-1.20393
-3.00769
-3.34534
-4.57561
-2.35154
-2.27114
-3.02175
-3.52578
-1.7676
-2.17088
-1.48422
-4.39894
-2.7825
-2.74704
-2.95165
-4.08274
-2.58233
-2.00413
-3.28029
-3.30774
-1.98945
-2.02518
-1.92596
-2.90166
-2.08338
-2.08515
-2.05626
-3.09516
-3.42092
-2.32872
-3.94409
-2.44297
-2.70037
-1.67572
-1.7135
-0.918766
-2.58799
-2.77607
-3.32865
-3.8402
-3.67999
-2.49364
-1.89916
-3.08751
-2.90282
-2.9701
-1.93987
-3.37157
-1.87336
-1.91707
-1.95146
-2.12627
-2.1014
-5.12391
-1.99363
-1.52748
-3.46769
-2.50459
-2.76672
-1.44601
-2.22005
-2.00099
-4.79328
-1.96315
-2.59671
-2.06056
-2.29088
-3.1772
-2.797
-3.81596
-2.99883
-2.04563
-3.19302
-2.35775
-2.9868
-2.91169
-2.72407
-2.32201
-3.62676
-3.96585
-2.02969
-2.77691
-3.15408
-3.26972
-2.26949
-2.89861
-1.99253
-1.67541
-4.48088
-2.83861
-4.01473
-1.6289
-3.89352
-2.13014
-4.97035
-1.8817
-1.69581
-2.60774
-2.98112
-2.80517
-2.31519
-2.48605
-2.69939
-2.55677
-3.66172
-3.32267
-3.01769
-3.20714
-2.3512
-3.3191
-4.90261
-2.13371
-2.12855
-2.00738
-1.92464
-2.04324
-2.97604
-1.55431
-4.1378
-4.54562
-1.6483
-1.44929
-1.635
-2.99421
-2.95015
-1.6296
-4.33811
-2.1065
-2.80091
-2.21334
-3.05957
-2.68955
-4.39202
-2.78919
-2.08257
-2.06516
-2.38521
-2.81857
-3.30755
-2.81948
-2.49729
-1.85417
-3.2064
-2.80746
-4.29083
-2.07833
-3.16502
-3.03782
-1.95053
-3.08926
-2.94531
-2.11568
-2.22319
-4.60018
-2.53067
-4.46693
-2.13819
-4.14581
-2.07684
-2.96157
-1.93907
-3.9417
-2.10005
-2.2624
-4.45852
-3.61389
-3.08924
-4.45691
-2.10927
-2.08644
-3.33521
-2.87313
-2.66434
-3.18406
-1.62089
-5.28183
-3.07069
-3.59875
-2.71252
-4.47887
-2.8463
-1.98647
-1.96016
-2.41542
-2.31198
-5.82702
-4.54057
-1.98565
-2.24368
-2.36309
-2.16047
-2.07699
-0.680721
-2.34034
-2.16155
-2.04912
-3.6541
-1.94581
-4.44828
-2.46791
-2.17653
-2.62869
-3.85246
-3.25397
-2.23174
-2.30485
-2.88013
-2.08716
-2.12378
-2.85055
-4.05085
-2.52098
-4.04933
-1.93212
-3.91517
-3.20217
-2.74249
-2.01523
-3.10906
-0.858653
-3.89957
-2.32367
-3.07154
-2.2094
-3.17026
-4.49616
-2.61468
-4.16783
-1.7157
-1.73993
-1.33317
-2.23589
-4.78242
-2.70773
-2.90084
-1.99829
-2.20789
-3.17831
-1.25923
-1.59609
-3.10822
-0.672122
-1.63581
-2.7159
-4.52205
-3.17715
-2.0699
-3.84736
-4.37772
-2.15254
-1.93894
-4.34362
-2.81903
-3.92444
-2.11234
-3.2221
-3.55104
-2.60719
-4.47659
-2.13545
-3.09102
-1.92075
-3.1845
-0.996121
-1.86474
-3.27096
-2.85732
-2.95144
-1.7989
-2.45031
-1.9506
-3.01093
-3.95139
-1.98725
-2.25665
-1.84802
-1.26139
-2.72596
-3.2571
-2.11564
-2.94204
-5.38266
-2.94255
-2.01373
-3.05005
-2.07928
-1.96082
-3.95911
-1.40161
-2.17425
-6.06187
-2.11894
-2.79104
-2.03076
-3.1926
-2.32492
-2.61123
-2.38899
-1.86262
-1.45558
-3.19216
-2.08621
-3.01558
-4.63762
-2.07756
-2.40538
-1.75327
-4.01249
-2.24816
-4.48281
-5.33257
-4.00466
-1.78709
-2.05958
-1.83505
-4.18007
-1.75363
-1.65189
-2.80179
-4.46991
-2.57224
-2.99348
-2.84516
-3.03766
-2.29802
-2.03701
-2.27541
-4.6857
-2.36098
-3.88252
-2.05034
-2.77005
-2.98546
-4.35767
-1.4571
-2.11208
-3.94526
-1.91925
-5.52414
-2.54316
-3.4899
-2.96579
-2.87492
-4.52534
-3.16438
-4.28872
-2.72411
-3.70302
-2.02896
-2.17611
-2.05806
-3.19156
-2.78231
-3.44952
-1.19702
-2.9287
-2.30107
-3.80024
-2.27263
-3.51636
-3.22843
-5.41844
-2.7633
-1.70868
-3.11672
-1.06919
-1.89736
-3.12655
-2.01036
-3.92369
-1.68571
-2.23635
-2.09509
-4.5307
-2.69701
-2.22486
-3.06892
-3.47497
-2.75708
-4.2313
-2.02392
-1.90939
-2.11814
-5.10498
-3.06487
-2.22474
-2.16345
-2.89755
-2.47379
-2.80495
-2.47506
-2.80381
-3.17259
-3.10464
-2.90837
-3.29111
-2.26504
-3.91714
-1.24164
-1.41136
-2.06924
-1.94992
-2.75062
-2.32085
-2.09422
-3.2813
-1.93243
-1.40196
-2.23874
-3.34141
-4.0541
-3.43802
-2.8921
-2.84187
-1.9966
-2.8653
-1.78373
-2.04414
-1.76867
-4.73349
-2.80069
-2.42952
-3.27781
-2.28453
-4.7523
-2.10691
-2.33417
-2.09178
-1.8462
-3.0444
-4.49365
-2.72116
-3.3282
-0.746523
-3.27422
-2.67664
-1.84268
-2.00286
-3.47906
-3.51797
-2.84864
-0.932334
-3.0955
-2.27727
-1.33698
-3.36174
-1.23262
-4.1536
-1.72357
-2.07326
-3.24395
-2.20899
-1.17037
-3.17242
-2.98964
-1.49927
-2.08894
-1.81425
-2.94908
-2.72606
-3.08932
-3.51891
-4.47098
-2.91277
-1.42721
-1.60685
-2.18352
-3.00529
-1.75859
-3.93287
-2.88002
-1.66159
-2.24512
-1.78886
-2.04479
-2.21318
-3.92319
-2.59655
-3.18263
-2.02928
-1.84859
-1.8937
-1.7852
-1.92247
-3.59322
-2.15241
-2.51235
-1.90142
-1.90933
-1.82504
-1.98792
-1.80628
-2.22343
-2.57284
-4.32292
-3.18163
-2.27582
-4.36554
-4.98572
-3.22365
-1.83217
-2.29204
-5.90967
-1.84197
-1.3135
-2.05018
-3.65358
-3.18499
-2.68506
-3.39645
-3.11564
-2.48134
-1.85009
-1.61398
-1.14229
-2.80303
-2.99056
-1.74164
-1.9724
-3.91095
-3.14538
-3.05748
-2.84347
-2.84046
-2.88184
-4.85524
-2.26145
-2.024
-2.19318
-2.08013
-3.5279
-2.20223
-1.75972
-2.17049
-4.52014
-2.04343
-1.83895
-2.84384
-3.75111
-3.93882
-3.46581
-1.22588
-1.91519
-2.7838
-1.73033
-3.89309
-2.03359
-2.03738
-4.25054
-3.18306
-4.4496
-2.18398
-3.91044
-2.33262
-3.17558
-3.08058
-2.78984
-1.69946
-3.22985
-1.76798
-4.77081
-4.00036
-2.17527
-3.17489
-4.44333
-4.37485
-1.9098
-1.98643
-3.37889
-3.06835
-1.67006
-5.04538
-1.18011
-3.02585
-3.84143
-2.13192
-2.09675
-2.92861
-1.90204
-0.891906
-3.58182
-1.66956
-1.39193
-1.35105
-3.35951
-1.24248
-3.14833
-3.99942
-1.83015
-4.4393
-2.71749
-3.63269
-1.7794
-2.39397
-3.85695
-0.846173
-1.64873
-1.84808
-4.12879
-2.96958
-4.49564
-3.56747
-2.56264
-2.45032
-3.83318
-1.64829
-1.6299
-3.3789
-3.01636
-2.26433
-2.88405
-1.98511
-2.80454
-2.31459
-4.52908
-2.08276
-2.86776
-5.91797
-3.78034
-2.48788
-1.93903
-3.48289
-2.9043
-2.85376
-2.78041
-3.50663
-5.49597
-1.97182
-4.30675
-3.2691
-2.82904
-2.07363
-2.08595
-2.01856
-1.92623
-2.46205
-2.87407
-1.57783
-2.24024
-2.72069
-2.85692
-2.10348
-3.06828
-1.30313
-4.56285
-1.63656
-2.94913
-2.6365
-3.80722
-2.37064
-3.98034
-3.1209
-3.09731
-3.11706
-2.11587
-2.26707
-1.06077
-4.9029
-3.33289
-2.90584
-1.97307
-1.98968
-3.2151
-4.43476
-5.464
-1.54196
-4.51829
-4.45671
-1.36153
-4.50962
-2.18157
-5.16848
-2.68363
-2.95001
-1.7619
-1.70011
-1.67541
-2.92515
-1.32805
-4.29899
-4.61916
-3.91987
-1.83926
-1.92899
-2.18659
-2.69907
-3.25828
-2.97116
-2.30578
-2.6086
-0.849709
-2.02519
-2.05471
-1.93653
-2.76854
-1.68804
-2.06339
-1.65016
-1.80874
-1.84208
-3.88552
-2.22538
-1.60177
-3.15408
-1.90328
-4.6577
-3.0551
-2.12955
-2.74111
-3.11709
-2.75942
-3.81657
-2.14943
-2.03953
-2.12881
-1.84882
-1.50999
-4.29263
-4.54099
-2.21855
-2.37626
-3.23551
-2.07335
-3.22997
-2.43094
-1.76309
-1.35076
-2.84827
-2.79671
-1.89872
-4.30263
-2.53105
-2.86951
-2.00327
-1.91654
-4.66977
-4.90037
-2.69687
-2.04373
-4.66902
-1.72338
-2.28139
-1.65582
-2.98889
-2.80795
-3.87893
-4.47815
-1.80712
-2.98962
-2.03619
-1.29615
-2.11156
-2.40127
-1.57714
-3.84355
-2.19989
-3.18898
-4.36613
-2.86183
-1.63467
-3.0675
-3.03129
-2.67861
-1.47111
-3.19093
-5.63319
-1.95614
-1.66636
-4.52205
-1.69227
-2.21248
-1.8928
-1.90448
-4.00733
-2.47947
-4.68846
-2.78659
-2.04671
-2.13112
-2.01919
-3.28549
-2.05486
-4.43808
-4.27309
-3.23737
-1.89208
-2.5697
-2.07815
-3.81157
-3.41611
-2.73519
-1.76284
-2.05429
-1.31989
-3.22756
-2.11426
-1.84973
-1.74297
-4.24338
-2.98671
-1.55172
-3.33147
-1.79982
-2.10369
-3.42525
-3.19001
-1.38187
-2.26238
-3.41319
-2.58672
-1.53494
-2.09888
-1.85196
-2.78007
-2.54852
-2.01533
-1.99411
-2.22124
-2.52661
-3.25896
-2.28929
-4.45194
-2.84728
-3.35035
-1.86103
-1.60792
-5.09254
-2.5295
-2.4028
-3.00517
-2.7907
-3.92912
-5.89871
-2.92523
-4.34137
-2.10541
-3.0068
-2.57867
-1.63358
-1.97972
-3.68529
-1.95243
-2.97297
-3.13777
-2.29083
-3.79627
-1.82665
-1.99678
-1.80278
-1.94843
-2.97387
-1.96216
-1.16476
-2.65059
-3.37283
-1.45788
-2.47592
-2.56613
-2.936
-3.0231
-2.16148
-3.92597
-2.4743
-2.45628
-2.14907
-2.0137
-3.52701
-2.54726
-4.02929
-2.96744
-4.17866
-1.96424
-1.6212
-3.7667
-2.253
-2.61651
-2.84044
-3.45951
-4.4943
-2.79386
-2.16325
-5.66598
-1.05182
-2.46339
-3.15087
-4.76004
-4.3731
-2.17957
-2.59316
-3.28369
-1.97905
-2.01311
-4.00932
-1.85062
-3.39774
-3.04599
-3.42405
-3.9347
-3.49352
-1.596
-2.0689
-3.12785
-2.02228
-4.45502
-2.84989
-2.10878
-1.40377
-1.75736
-2.88475
-4.44102
-4.45402
-1.79006
-2.83805
-2.81305
-1.927
-2.54038
-3.29862
-3.41448
-3.39536
-2.09094
-1.98617
-4.47836
-3.45855
-4.32573
-3.19417
-2.02672
-2.19968
-1.81727
-2.70471
-4.02129
-2.24895
-2.05872
-2.4258
-2.87005
-1.61916
-3.86779
-1.94562
-1.39812
-3.07188
-1.98584
-1.80918
-3.19947
-1.9059
-2.93133
-2.94293
-1.7129
-4.21883
-1.84611
-1.73696
-2.01887
-1.89376
-2.53985
-1.92835
-1.94248
-3.32934
-3.09281
-1.99376
-4.50117
-4.50982
-2.43867
-1.868
-3.17521
-1.75579
-4.75909
-3.59716
-4.68573
-2.36116
-4.07306
-2.01372
-2.02974
-3.84062
-2.06571
-2.03849
-4.74384
-3.01316
-2.82676
-5.9747
-3.99946
-4.498
-1.88262
-2.05453
-4.2397
-3.06798
-3.27277
-1.59529
-2.03932
-1.82675
-4.51609
-2.74478
-2.7217
-1.52013
-2.23858
-2.76276
-2.14207
-1.64495
-1.92072
-2.61911
-2.2435
-3.18941
-2.79422
-2.90628
-2.87174
-4.31981
-1.96622
-1.95273
-2.84397
-4.4915
-2.60422
-1.7422
-2.62247
-4.50424
-1.66893
-2.029
-4.34306
-3.46223
-4.38585
-2.02396
-3.18713
-2.96301
-3.18361
-1.93199
-2.81137
-2.8467
-1.96839
-1.561
-2.75403
-2.58075
-4.52904
-3.02427
-1.32419
-1.91817
-3.30688
-1.57983
-3.06341
-3.04048
-1.7823
-2.61731
-1.3717
-1.73407
-3.24987
-3.15079
-3.89357
-5.40253
-2.74498
-2.97804
-2.12351
-3.33829
-1.5951
-2.65868
-2.79151
-1.14909
-3.20511
-3.12884
-1.86448
-2.30883
-2.33842
-0.907895
-2.75511
-1.95005
-4.67846
-3.04815
-1.90067
-3.05437
-1.92105
-3.93661
-1.99541
-2.03107
-3.4168
-4.11935
-3.90889
-2.42177
-1.82446
-3.11326
-3.05979
-1.57123
-2.89341
-3.88182
-4.25162
-2.44719
-3.9426
-3.06494
-1.26963
-2.1497
-3.44291
-3.99879
-2.96103
-2.70424
-3.07588
-2.82123
-1.75347
-2.04112
-3.91753
-2.73822
-2.89474
-2.7019
-2.14925
-3.01467
-1.59352
-1.80728
-2.94965
-1.65875
-1.99225
-2.02058
-2.59726
-3.21623
-2.99691
-1.58895
-1.76073
-3.17837
-1.80806
-3.1679
-2.2015
-2.99093
-1.83254
-1.81803
-1.3567
-2.88561
-3.00054
-4.04012
-1.7771
-1.53826
-5.20809
-1.73571
-1.37858
-1.75032
-1.63326
-1.55021
-3.85641
-4.92235
-2.65459
-2.50937
-2.95865
-3.69579
-0.79159
-3.23318
-4.02997
-2.01305
-3.95162
-2.00596
-4.32711
-3.20181
-1.77568
-2.91465
-2.58641
-3.10177
-1.97764
-2.64664
-1.77587
-2.83311
-4.48545
-3.21131
-2.5971
-2.02425
-3.18901
-1.73472
-2.19687
-2.08344
-1.59593
-4.25375
-2.75958
-1.91711
-2.48827
-1.55549
-2.55161
-1.70927
-1.54332
-5.22908
-1.93667
-2.85186
-3.88882
-3.93129
-4.51352
-1.83295
-3.63334
-1.56779
-2.79798
-4.44855
-3.13193
-2.01339
-3.19499
-4.70272
-3.19644
-1.65356
-1.17852
-3.94307
-4.01079
-3.09936
-2.03054
-2.60347
-3.18359
-2.56877
-3.58429
-1.41411
-3.73559
-2.57488
-1.13178
-1.75079
-1.89162
-2.16204
-2.05135
-2.21528
-2.78477
-4.60183
-1.16627
-2.08364
-1.87954
-1.84244
-2.4813
-2.4626
-3.06791
-1.52905
-3.79036
-3.97273
-3.86841
-6.00718
-2.1146
-2.63341
-1.97481
-1.53658
-1.82007
-3.20484
-4.15448
-1.95534
-1.74166
-2.84083
-3.88792
-3.02724
-3.12954
-3.91564
-2.51316
-2.77174
-4.48597
-2.6204
-1.56432
-1.73227
-1.44654
-3.14559
-2.81455
-1.70027
-2.48939
-2.82382
-3.47375
-4.36692
-3.99895
-3.43064
-2.02069
-1.87505
-2.92797
-1.16439
-2.03795
-2.8127
-1.74631
-2.17117
-1.96818
-2.01398
-3.1755
-2.94221
-3.48197
-2.04129
-2.97413
-4.38084
-2.02214
-3.34692
-1.98982
-2.1448
-1.89814
-4.47731
-2.71204
-5.9751
-1.80204
-2.12829
-3.54177
-2.55677
-2.28918
-2.26526
-2.609
-2.54048
-3.82167
-2.76978
-1.51845
-1.51099
-2.21486
-4.29851
-3.11828
-4.28841
-1.73071
-3.45225
-2.08887
-3.73432
-1.84266
-1.97887
-2.03481
-4.19847
-5.14066
-2.79942
-1.44663
-3.37895
-2.19988
-2.84032
-1.96635
-4.79723
-3.25897
-2.12198
-2.52306
-4.746
-1.75896
-3.67978
-4.96894
-2.12293
-4.54289
-1.9926
-3.49935
-1.55205
-2.72873
-3.05542
-1.89209
-1.9845
-3.29284
-1.91493
-2.6169
-4.34625
-2.03539
-1.88859
-2.96665
-1.85959
-2.58417
-3.48738
-4.56862
-2.93911
-2.77569
-4.52901
-1.5751
-3.06997
-2.71724
-1.85801
-4.17438
-2.1983
-2.01428
-3.23772
-1.01509
-2.82778
-2.34456
-3.16271
-4.65115
-2.01557
-1.48583
-3.68095
-2.46347
-3.7379
-4.5204
-1.4023
-1.97397
-2.72364
-4.34866
-1.89917
-3.90896
-2.47926
-2.24718
-3.96941
-1.7843
-1.99718
-1.69476
-4.55019
-4.13963
-3.66791
-3.08478
-2.44708
-1.74772
-3.37874
-2.0985
-3.12355
-1.96115
-1.98102
-4.33912
-3.2004
-3.97312
-2.83162
-3.16798
-1.57803
-3.88069
-3.052
-6.07689
-1.7624
-3.072
-4.37625
-4.3504
-3.07372
-3.08707
-1.55725
-1.75044
-4.45461
-3.09771
-2.78091
-1.80906
-4.00184
-2.6936
-1.90827
-2.8666
-2.32062
-4.60821
-2.02785
-2.09986
-1.81035
-2.58269
-2.95075
-1.75809
-2.066
-1.75878
-2.10131
-2.02966
-2.43336
-3.17153
-3.41827
-4.41586
-3.12157
-3.53853
-1.75394
-1.71058
-1.57819
-1.91465
-2.68835
-2.78255
-2.0104
-2.11848
-2.82291
-2.02792
-2.95319
-2.48146
-2.45165
-3.05217
-3.21692
-1.84542
-4.37151
-4.45305
-3.94063
-1.11588
-4.36839
-3.88497
-1.90946
-1.93545
-3.91873
-2.00076
-2.23628
-1.3758
-4.82383
-3.08004
-2.3361
-3.18763
-2.6078
-3.17613
-3.65426
-3.29787
-2.15639
-1.28201
-2.372
-2.80507
-2.03021
-3.88029
-1.92113
-2.4416
-3.39086
-1.86111
-0.950697
-1.98946
-5.94394
-1.60334
-1.97104
-1.64693
-1.92144
-1.94248
-2.34804
-1.38761
-2.02361
-1.65535
-3.2402
-3.06745
-1.40858
-3.99427
-2.33529
-2.59531
-3.93696
-3.78526
-3.94038
-1.95329
-1.7857
-1.87787
-2.87989
-2.04685
-1.72256
-3.86007
-1.92021
-4.2133
-2.8095
-1.96149
-2.59215
-3.13016
-4.50346
-2.96929
-4.39455
-2.69301
-3.59702
-1.26825
-2.01
-3.50209
-0.965782
-2.8152
-1.6971
-2.41237
-1.98125
-2.77325
-3.65149
-1.9906
-1.48388
-2.9215
-2.08585
-2.04005
-2.24091
-3.14066
-4.06838
-2.10636
-1.53706
-3.20031
-2.84554
-2.89626
-3.94452
-4.60413
-1.84376
-1.69476
-3.08523
-2.80201
-2.02887
-1.92041
-3.48802
-3.20843
-1.65412
-4.0298
-2.68413
-5.88897
-1.66407
-3.22411
-1.57389
-2.75927
-4.02074
-2.00778
-4.05086
-3.20337
-3.33373
-2.87629
-1.21005
-1.11047
-5.93702
-1.73994
-1.47822
-2.1402
-1.84916
-3.26138
-4.3409
-1.91454
-2.74996
-3.8823
-1.89178
-1.98723
-4.34611
-2.73735
-1.83108
-1.90554
-2.63961
-2.80277
-1.0369
-1.02732
-1.92518
-1.59262
-2.34969
-2.02231
-2.08501
-3.24983
-3.04224
-4.08491
-2.89803
-1.60705
-2.02207
-4.8968
-2.42246
-0.833851
-2.99596
-1.46709
-1.1431
-2.8862
-1.5222
-2.01873
-1.84583
-1.92512
-2.60446
-3.21323
-3.89372
-2.77291
-2.61605
-1.24939
-4.03635
-1.9823
-5.81529
-4.18648
-2.11676
-1.85711
-1.96129
-2.04223
-4.7443
-3.11065
-4.44301
-2.07071
-2.56325
-0.964759
-2.01858
-2.57633
-1.97785
-2.01078
-2.80319
-2.19041
-1.53836
-4.38318
-2.87436
-1.71076
-1.97589
-1.54487
-3.2913
-5.79818
-1.95439
-2.70398
-4.25663
-4.25345
-1.68172
-1.8755
-0.732783
-2.01776
-1.96245
-4.05721
-3.10812
-3.87059
-4.40588
-4.36009
-3.08254
-1.82172
-3.95095
-2.91771
-2.99155
-1.36474
-3.20146
-3.14584
-2.11056
-2.6084
-1.2683
-1.20553
-1.95086
-1.73813
-4.35086
-1.68592
-4.33006
-1.76506
-2.2774
-3.88672
-2.89479
-2.59053
-5.28906
-2.09182
-2.82371
-3.17117
-1.99553
-1.61205
-2.07852
-3.06823
-1.84352
-3.47351
-2.80693
-1.78226
-2.68392
-3.06037
-1.926
-2.54656
-2.38956
-4.13724
-4.45327
-5.03616
-3.99294
-3.20625
-3.32353
-4.38942
-3.16943
-2.68109
-3.08818
-2.67572
-1.75239
-2.23589
-1.52207
-5.76058
-3.45359
-3.21572
-4.48927
-3.2269
-4.5208
-1.89215
-3.36037
-1.77773
-1.69913
-3.22975
-3.13984
-1.90852
-1.27511
-1.77972
-3.1257
-3.06474
-3.17397
-4.05888
-1.51416
-1.26985
-3.94232
-2.70136
-2.58679
-2.87986
-1.73391
-1.66834
-4.06667
-1.87462
-3.03472
-1.71833
-1.52257
-3.05969
-1.13279
-4.46159
-1.87498
-1.74088
-4.79033
-3.18758
-3.35049
-2.60928
-2.5017
-4.34099
-1.87071
-2.79801
-2.021
-1.96155
-4.5216
-4.4675
-4.5005
-3.74609
-2.04633
-4.49937
-2.10611
-2.058
-2.25854
-1.68464
-3.00308
-1.9376
-4.81081
-3.06029
-4.0206
-2.33082
-1.49888
-1.84907
-6.01018
-3.89885
-3.2096
-3.88201
-2.01536
-2.81509
-2.21725
-1.81589
-1.89186
-1.52792
-1.89725
-3.78588
-1.83725
-1.84263
-1.74758
-4.26526
-2.43306
-1.66194
-3.7022
-1.4847
-1.85858
-0.82159
-1.25292
-1.98658
-1.55288
-3.8298
-1.8426
-3.70958
-0.726747
-4.87621
-2.01525
-2.27482
-1.96174
-2.34367
-3.53404
-1.95642
-1.36789
-1.77652
-2.05812
-0.904018
-5.86708
-4.52435
-4.77476
-1.90487
-1.18114
-1.72904
-4.24259
-4.0658
-3.33036
-2.74334
-3.93619
-3.14689
-2.89611
-2.43029
-2.05315
-2.56506
-2.36649
-2.00196
-1.94584
-2.8179
-4.50788
-3.04864
-2.87501
-1.30651
-2.75501
-1.67811
-6.04461
-1.50725
-3.81714
-1.67514
-3.93178
-2.8094
-3.24057
-5.53043
-2.94157
-1.40776
-2.81842
-2.35805
-5.26204
-3.79202
-1.82703
-3.21983
-3.76746
-2.25081
-1.90673
-1.72997
-1.72872
-0.689089
-1.79359
-3.71175
-2.7643
-1.45182
-3.46006
-1.41484
-3.1779
-1.07178
-3.49053
-5.71874
-1.81374
-1.66236
-1.42057
-4.90271
-2.61524
-2.64492
-3.14672
-3.16866
-1.75946
-2.21098
-1.83748
-2.35795
-1.48186
-4.92792
-4.32707
-2.06195
-1.9091
-3.19983
-4.75328
-2.56108
-3.63273
-2.92722
-3.89859
-4.35307
-2.85824
-1.99851
-4.7487
-3.5265
-1.86345
-4.04957
-2.04676
-4.49874
-3.11588
-3.87837
-1.82873
-2.77248
-2.45242
-2.32375
-5.61752
-4.53849
-3.12984
-1.71399
-2.66908
-3.26997
-4.60299
-0.780406
-2.2538
-1.75368
-4.74456
-4.13182
-1.95104
-1.9596
-2.07195
-3.92323
-1.9471
-2.72471
-4.32357
-3.65311
-3.1269
-2.06505
-4.29219
-4.48196
-3.88459
-2.45035
-2.95555
-2.11259
-5.18947
-2.38912
-3.17291
-3.15033
-1.81933
-0.936729
-3.22144
-4.63062
-1.73845
-2.2669
-3.09083
-2.6299
-1.13002
-3.26383
-2.68966
-1.64221
-3.23016
-4.17277
-1.69207
-1.81169
-1.82217
-4.23806
-2.79536
-1.3256
-1.88873
-3.10734
-1.77772
-3.13476
-2.09357
-1.69819
-4.77317
-3.27105
-1.85808
-2.467
-3.24228
-2.78552
-4.05272
-1.86628
-1.92022
-1.87516
-2.59311
-1.11102
-2.04699
-2.25921
-3.39728
-3.92246
-2.03199
-1.65213
-4.08376
-4.48228
-2.06008
-2.90476
-1.69204
-4.52153
-2.00635
-4.39711
-2.84804
-2.63864
-2.09182
-1.95563
-2.01445
-3.87081
-2.04953
-2.80116
-2.03936
-2.92444
-3.21026
-2.61978
-2.83379
-2.22685
-2.03085
-3.41316
-2.12252
-4.01589
-1.96489
-5.94163
-2.99085
-2.75306
-1.14672
-2.7094
-1.46993
-1.29721
-4.13758
-4.35507
-4.60425
-4.00786
-1.89356
-3.11257
-3.55487
-4.06584
-2.10391
-3.9444
-1.68201
-4.68289
-2.79372
-2.9288
-1.85064
-3.25867
-3.98443
-1.75793
-2.97121
-2.93897
-3.97738
-2.85091
-2.0104
-3.26725
-2.03714
-2.26767
-1.07275
-3.15151
-3.9384
-2.8488
-1.77582
-2.36354
-1.38961
-3.9391
-3.92293
-1.48513
-1.55025
-3.88217
-1.98836
-1.7758
-4.07827
-1.83329
-4.31802
-6.08814
-3.62724
-1.98565
-4.30822
-4.48163
-2.098
-4.8076
-1.84072
-4.50852
-1.45287
-1.29631
-1.95423
-1.80686
-3.01593
-1.15642
-3.5885
-1.90522
-3.61042
-2.06418
-2.77666
-1.4791
-2.91887
-2.59191
-2.00901
-3.42898
-1.26288
-4.01509
-1.73935
-2.68987
-4.07426
-1.94831
-4.77864
-1.83188
-2.20594
-2.71712
-2.26389
-1.76826
-2.79854
-2.04956
-1.72515
-2.0084
-1.20957
-1.22802
-3.07334
-2.86151
-2.79799
-3.56213
-3.92593
-1.8805
-3.1226
-4.4421
-3.07471
-3.24309
-3.99878
-1.68456
-4.32195
-1.98974
-1.70863
-3.90973
-4.58263
-2.28948
-1.99341
-3.32504
-2.43127
-2.23025
-3.18909
-3.90291
-3.94413
-2.44011
-1.47559
-3.07419
-3.09251
-3.42696
-2.9445
-2.01354
-3.2236
-4.44757
-4.04304
-3.30899
-2.82907
-3.8496
-3.67417
-1.96035
-2.04281
-2.39935
-1.94144
-3.05942
-2.80527
-3.24881
-1.8705
-3.67547
-3.25242
-3.2117
-2.77468
-2.00276
-3.92902
-3.7888
-4.73787
-1.8441
-3.21815
-1.99313
-1.17243
-1.61411
-1.79192
-2.56691
-2.28941
-2.06469
-1.3992
-4.54235
-2.85001
-3.59362
-2.01019
-3.82653
-2.21444
-1.80671
-4.93672
-1.44552
-1.83847
-4.33922
-1.83224
-4.11999
-3.0419
-3.03632
-2.88924
-1.62717
-3.10932
-4.41389
-2.09811
-2.85355
-1.94922
-3.09827
-3.14719
-1.87059
-1.75093
-4.49759
-2.02268
-2.00686
-2.60657
-1.48193
-1.32519
-4.624
-3.7338
-1.67183
-1.83477
-3.27165
-3.21459
-2.89954
-2.07804
-2.98792
-1.63012
-4.92385
-1.98341
-1.90917
-3.15108
-3.95758
-2.01043
-4.25007
-1.91116
-2.66912
-3.33992
-3.14626
-1.72245
-3.78857
-1.99364
-4.32483
-0.659441
-3.9614
-2.18148
-4.256
-2.96991
-3.59959
-1.78259
-2.80799
-2.31197
-1.96795
-4.4166
-1.73558
-6.02332
-4.46325
-1.94411
-2.0022
-1.87532
-4.69723
-1.34822
-1.82995
-3.25835
-1.23573
-2.6891
-2.04953
-4.52055
-2.44938
-2.02974
-4.34496
-4.42244
-4.41244
-1.6626
-3.6619
-4.48816
-1.45507
-3.27401
-1.90444
-2.87063
-1.76075
-1.33143
-2.01878
-4.42712
-2.80084
-1.67771
-2.72281
-2.80497
-1.86532
-1.16594
-2.02034
-3.2506
-3.27309
-3.28579
-1.73891
-1.76322
-2.02408
-3.04167
-1.81457
-2.81685
-2.52643
-1.64681
-3.77629
-2.15853
-3.12189
-4.206
-4.34539
-4.00708
-4.80094
-2.70689
-3.62917
-4.13616
-0.945549
-1.89987
-0.751049
-4.06361
-1.45076
-3.98571
-2.79635
-1.19842
-4.90807
-1.79408
-3.06797
-1.46118
-3.93225
-1.95511
-1.32284
-3.05477
-2.29505
-2.79608
-3.40207
-3.31902
-1.42939
-3.59028
-4.33353
-3.10647
-2.71345
-2.81255
-1.43796
-3.42007
-3.92826
-2.67484
-3.89119
-2.40267
-4.88856
-3.06674
-1.68087
-3.8884
-4.12439
-2.6677
-1.99098
-1.49607
-1.76133
-3.08311
-4.29986
-3.26507
-1.98106
-2.0389
-1.94068
-1.0993
-4.21814
-0.855211
-1.88776
-2.23784
-2.3749
-3.3811
-3.08301
-3.23145
-2.78384
-1.97862
-2.18693
-2.85119
-2.89284
-2.03632
-1.49704
-2.82061
-3.11281
-2.65363
-4.39678
-3.87589
-3.09366
-2.37365
-1.82036
-2.73146
-1.79896
-1.91615
-2.97731
-1.96392
-2.7055
-1.83273
-3.11164
-2.19442
-1.51682
-1.68638
-1.0406
-2.62445
-1.8552
-4.46022
-4.32442
-2.35321
-1.86932
-1.36134
-3.3058
-1.90324
-3.16751
-4.84962
-2.93817
-2.71088
-1.54383
-1.46101
-2.79262
-1.94409
-2.03354
-1.49198
-4.0806
-2.79127
-1.97
-3.12
-3.09194
-1.44004
-3.10757
-2.96757
-3.25277
-1.93222
-4.00099
-2.09401
-2.76154
-4.42196
-1.64746
-2.03102
-1.84547
-2.8479
-1.00008
-3.8876
-4.10123
-3.96093
-1.73141
-3.2637
-4.48763
-4.09226
-5.73771
-2.09112
-1.52054
-3.90199
-1.67042
-1.53524
-1.62965
-4.41851
-1.60178
-4.47783
-1.61611
-3.20909
-1.85553
-1.78897
-2.92644
-3.16163
-4.50164
-1.99045
-1.42963
-1.15139
-1.40832
-3.44147
-1.56106
-3.7836
-1.975
-3.69535
-2.67322
-2.84262
-1.83219
-1.28677
-0.751092
-1.77235
-1.73337
-0.829659
-0.971128
-1.47679
-4.10391
-1.0803
-2.18516
-1.8976
-2.78579
-4.33309
-6.10022
-1.23183
-2.96395
-5.41056
-2.53686
-3.27219
-3.23011
-2.93782
-2.02029
-4.7531
-1.99788
-2.73736
-2.10071
-3.11673
-1.71384
-2.97877
-1.79359
-2.93914
-2.93339
-4.38861
-3.93797
-3.27438
-3.2794
-4.08502
-4.00951
-3.27647
-4.42742
-1.39883
-4.00254
-2.56767
-1.54023
-1.49205
-3.26929
-3.10981
-2.76958
-2.01228
-2.82817
-4.48346
-1.96069
-2.0209
-3.93083
-1.73043
-1.95005
-1.67975
-4.25121
-3.51236
-2.09851
-4.13699
-1.6414
-1.15801
-4.86361
-2.08825
-1.97706
-4.44805
-1.96636
-5.52717
-4.73846
-3.73673
-3.30462
-3.16753
-3.89187
-2.91334
-4.45562
-3.00948
-3.23409
-2.0129
-2.92
-1.49987
-3.51974
-3.10368
-2.43488
-3.99507
-1.66878
-1.83613
-2.09921
-3.66015
-5.46443
-1.78329
-1.72899
-4.54567
-3.14213
-3.27893
-3.18566
-1.9649
-4.35217
-1.87486
-2.54545
-2.87833
-1.69723
-3.56847
-2.45922
-1.65346
-1.725
-1.72511
-4.50458
-4.56759
-1.96664
-1.94395
-2.01512
-2.80572
-3.09098
-3.11849
-4.06497
-1.64467
-1.8779
-2.97784
-2.02645
-4.13866
-2.5951
-2.84795
-2.52751
-2.16349
-1.65027
-1.60362
-3.2434
-5.67041
-1.66184
-2.01302
-3.32071
-4.9197
-2.27842
-2.75678
-4.48251
-4.56823
-2.02985
-5.15271
-1.75132
-3.03071
-1.77267
-4.03911
-4.87524
-2.81091
-1.72486
-4.56583
-1.61724
-1.69376
-3.14825
-2.02436
-1.65056
-2.41583
-3.72452
-1.55299
-2.93572
-1.95634
-1.96436
-2.0175
-1.86232
-3.11008
-3.13634
-2.95687
-1.86924
-2.33141
-1.60686
-1.72037
-4.5529
-3.75595
-3.20918
-5.32993
-4.85429
-3.91542
-2.50255
-3.22134
-2.17439
-1.70856
-3.89399
-1.52671
-2.87684
-1.57927
-3.71431
-1.05683
-3.22264
-1.31454
-3.69337
-3.94158
-4.4871
-1.7161
-4.11754
-1.69629
-3.98755
-3.89186
-4.80059
-1.21694
-1.66457
-4.40995
-1.72769
-5.18465
-3.91676
-3.05226
-1.3833
-3.10519
-1.50695
-1.72417
-4.90513
-1.16834
-3.72301
-0.965174
-4.47573
-2.25715
-4.73943
-2.52933
-1.80588
-1.50641
-3.12868
-4.33612
-5.02155
-4.55665
-4.12325
-2.16477
-5.94497
-1.93144
-1.93383
-4.65365
-3.33744
-1.69332
-1.38064
-4.64941
-1.4173
-3.26908
-3.22548
-4.72554
-3.01772
-3.07252
-1.53636
-1.26313
-4.29532
-4.37363
-1.96126
-4.0147
-4.68125
-3.39699
-5.13462
-1.99321
-2.50003
-2.01937
-2.09286
-1.70915
-2.71294
-1.394
-5.11375
-2.75072
-4.70414
-2.91567
-1.65973
-4.32382
-1.17771
-2.09561
-4.28354
-2.38648
-3.72709
-1.88298
-1.0456
-1.97488
-3.36537
-1.28034
-1.75398
-3.65113
-4.82685
-3.16729
-3.87618
-2.01622
-1.77013
-5.12108
-3.26089
-1.81028
-3.94709
-5.46649
-1.80185
-2.01921
-4.41966
-1.82248
-1.63298
-3.09737
-6.0869
-1.8284
-3.31398
-1.91424
-2.1728
-2.93599
-4.55241
-1.75244
-4.52811
-2.56152
-2.67943
-1.71566
-1.72941
-2.68968
-1.682
-3.31618
-1.93385
-4.84632
-1.96556
-4.88811
-1.23562
-1.2975
-1.9367
-2.96475
-4.72949
-3.035
-1.45551
-1.83636
-1.98123
-1.8988
-0.915448
-1.99042
-3.52778
-3.42341
-3.50459
-3.15524
-1.72324
-2.29871
-3.10618
-4.07808
-1.36748
-3.1387
-3.9084
-1.5514
-3.37008
-2.54544
-2.25121
-3.92796
-1.81865
-1.64989
-4.67204
-3.07685
-4.49124
-3.57091
-1.76435
-5.35224
-1.82465
-2.77346
-1.10811
-1.95194
-5.90742
-1.56559
-5.59659
-2.01971
-2.93422
-1.64389
-3.2329
-1.55363
-4.01514
-1.87548
-2.02008
-1.77794
-4.46914
-2.11485
-3.14628
-2.13622
-1.74684
-1.24561
-1.41812
-1.68111
-4.07554
-2.01583
-1.64202
-2.86241
-4.5187
-4.838
-3.36246
-4.38557
-3.28912
-3.00054
-3.1889
-2.0951
-3.25207
-2.1549
-3.18259
-4.0176
-1.66124
-1.64836
-1.96466
-1.74383
-1.72652
-4.04469
-4.26183
-2.30366
-1.72914
-5.61029
-1.92264
-2.00709
-1.42172
-1.53686
-2.69967
-1.27414
-1.7919
-1.65087
-1.91107
-3.97152
-4.7303
-4.8522
-5.06837
-2.81615
-1.79121
-2.09228
-1.36798
-1.86122
-2.10138
-4.38451
-2.09415
-4.73032
-2.72994
-1.96805
-4.41358
-3.20409
-3.23119
-1.99935
-1.54169
-4.20761
-1.59253
-1.82133
-1.92151
-2.10128
-3.89539
-2.71618
-1.76384
-3.47003
-3.20026
-1.75089
-4.24227
-1.38667
-3.01752
-2.10041
-4.22573
-3.22813
-3.09226
-5.51548
-4.37082
-1.93105
-3.20926
-4.21603
-2.55191
-1.71917
-2.73933
-2.97608
-2.08608
-2.05413
-1.76033
-1.80643
-1.80181
-3.15567
-2.6779
-3.23156
-2.01548
-1.34224
-1.71563
-4.12071
-2.03681
-4.44403
-1.44811
-2.0307
-1.93609
-3.25544
-2.85526
-1.78553
-4.64903
-3.49478
-4.08987
-6.0332
-4.48098
-2.09983
-3.15721
-2.29658
-5.74617
-1.46191
-4.5122
-1.63837
-3.99582
-1.53906
-1.74265
-1.67909
-4.26499
-4.00525
-4.50756
-1.10054
-4.25405
-1.61582
-2.02344
-5.73944
-4.27279
-4.36563
-2.31185
-1.40053
-2.79069
-1.69662
-4.68049
-2.22422
-1.77929
-3.11018
-4.47359
-3.89712
-1.54542
-4.19486
-4.44645
-1.94088
-2.98966
-2.4591
-4.53391
-1.63619
-0.988131
-3.72727
-3.73114
-1.72901
-2.0113
-2.59738
-1.9102
-1.81796
-2.21423
-4.52352
-2.00934
-3.75826
-4.2949
-2.00648
-0.931167
-2.1031
-2.02026
-4.32889
-2.75559
-5.46971
-2.12065
-2.01368
-2.90833
-2.71795
-1.90959
-3.70475
-1.76689
-3.10959
-2.72602
-4.04201
-4.27845
-1.66403
-2.01971
-1.69818
-4.16995
-2.02483
-4.59405
-4.51624
-1.84597
-2.70095
-4.29584
-1.42485
-3.46233
-2.43217
-3.37394
-1.45759
-2.59361
-1.79587
-3.87942
-3.93642
-4.54207
-3.34421
-1.5681
-4.27255
-4.08324
-1.56032
-3.95329
-3.53012
-1.73722
-0.999654
-3.8111
-2.94708
-2.03475
-4.51847
-5.67439
-4.42975
-3.29287
-4.36983
-1.69487
-1.41273
-4.71106
-1.76836
-6.01442
-3.81836
-1.83479
-2.98266
-2.56983
-3.24795
-5.09911
-1.85891
-1.90035
-2.55307
-2.0159
-3.96224
-1.06054
-1.6737
-5.24724
-4.55343
-1.70065
-4.22097
-3.1449
-1.97354
-4.72521
-1.61705
-1.51276
-2.12376
-2.97307
-4.43408
-3.37987
-1.86656
-1.97935
-1.81431
-3.88318
-3.14486
-2.88252
-4.89731
-1.69555
-3.30194
-2.99739
-2.01224
-1.82438
-4.51232
-2.04487
-4.49107
-5.20125
-1.65277
-3.47675
-4.39544
-2.11225
-4.52004
-3.92792
-0.737249
-2.931
-4.32326
-1.85709
-2.78652
-2.01661
-3.17332
-4.77921
-2.92258
-4.64004
-2.30054
-2.72686
-2.18155
-1.90485
-4.48204
-4.22199
-2.91166
-2.9666
-2.93139
-4.4628
-4.72657
-2.25122
-2.94075
-4.54006
-0.733904
-1.88933
-1.45402
-1.65805
-1.83523
-4.13454
-2.71681
-1.97023
-5.54919
-1.80557
-3.48311
-3.89049
-3.59805
-2.57924
-4.58697
-1.33399
-1.62921
-2.01914
-1.33174
-2.94651
-2.99057
-1.81228
-1.64722
-1.61505
-4.51458
-4.37849
-2.79065
-4.38341
-2.82718
-3.28655
-1.72363
-4.48158
-2.31233
-4.37121
-1.62124
-3.06386
-1.38664
-3.4973
-3.93456
-3.61614
-1.50127
-2.74658
-3.91149
-3.47441
-0.913125
-1.07903
-1.60805
-4.85035
-3.14218
-1.81058
-2.0732
-3.75636
-3.0083
-1.85654
-4.2356
-4.12522
-2.04055
-5.29732
-1.72471
-1.97403
-4.11831
-2.09753
-1.3521
-3.10925
-4.42102
-4.5071
-1.94336
-1.84282
-5.13831
-3.69353
-3.49955
-4.38339
-1.6552
-1.81677
-4.07901
-5.09933
-4.58283
-4.39836
-3.2247
-4.14714
-4.33277
-4.38676
-3.25793
-3.05739
-4.49321
-3.04428
-1.82499
-3.2105
-3.98467
-2.80316
-2.04066
-5.32399
-4.80621
-4.48274
-3.33843
-4.44315
-1.745
-3.89944
-1.55522
-3.12204
-2.00753
-5.59683
-3.02775
-4.37738
-4.51849
-5.89099
-1.75597
-2.80078
-3.49446
-1.31279
-2.23491
-3.89653
-1.84523
-5.63671
-2.01709
-1.30987
-1.73878
-4.38871
-4.94788
-1.78763
-0.916551
-2.02697
-2.83465
-1.93374
-2.09664
-3.89691
-1.75387
-4.22657
-1.64502
-1.87809
-1.1135
-1.56195
-4.52545
-2.79187
-1.83592
-1.79256
-3.90443
-3.34247
-1.69622
-1.80476
-1.33052
-3.60131
-2.01374
-1.85
-3.36348
-2.02559
-3.12291
-3.34727
-1.79812
-1.78686
-3.31877
-2.89293
-1.55322
-4.06226
-2.36134
-2.86028
-4.23576
-3.26906
-5.55178
-3.52974
-2.57748
-1.64274
-3.55358
-3.92231
-3.04443
-4.39837
-4.4153
-2.84947
-2.93363
-1.77744
-1.51967
-1.47266
-4.33924
-5.46222
-3.01324
-3.25022
-4.44455
-1.96316
-1.93627
-5.73026
-2.10981
-2.80121
-2.69863
-1.30308
-1.86007
-3.49686
-1.65828
-4.48281
-4.53107
-1.90355
-4.79809
-1.59606
-2.83531
-6.07223
-3.18314
-1.1995
-2.49777
-3.40661
-2.42832
-1.52252
-1.66775
-1.58802
-5.96938
-0.979875
-3.88533
-4.89542
-4.23852
-2.02253
-2.09268
-1.73701
-5.26328
-1.96432
-3.11726
-1.68927
-1.98394
-3.00117
-2.89315
-4.07486
-3.57825
-2.9872
-1.98062
-1.7966
-2.86177
-1.33353
-1.44636
-5.15273
-4.5085
-2.80464
-4.15165
-1.29405
-3.3538
-3.9232
-1.91433
-3.89695
-1.90637
-1.94017
-4.3872
-1.61532
-1.88861
-1.96896
-4.11502
-1.3455
-5.69634
-2.07957
-1.6166
-3.13135
-0.861996
-3.01551
-1.06198
-4.45218
-4.49037
-1.78215
-6.04807
-2.79768
-2.04078
-1.80636
-1.32555
-6.0195
-3.1705
-4.46573
-1.97244
-1.87349
-2.87591
-2.72362
-3.66639
-1.54783
-3.88612
-4.62126
-3.14832
-5.65879
-2.8451
-3.00218
-4.54777
-2.11167
-3.95463
-1.96095
-3.26384
-4.06849
-1.44035
-1.52673
-4.29003
-3.91265
-4.66949
-3.50951
-1.97336
-1.77281
-2.01716
-2.08182
-1.4452
-1.29465
-3.31192
-2.00116
-1.74766
-1.79553
-2.01682
-1.86658
-1.53924
-1.70838
-2.81374
-2.45734
-1.55931
-1.58317
-5.20527
-3.22731
-4.75869
-2.43935
-3.62519
-3.1165
-4.52697
-3.60853
-5.63795
-1.68304
-4.12907
-2.06141
-5.30529
-4.12798
-1.46693
-4.13988
-1.98343
-2.01038
-3.20882
-4.79599
-1.348
-4.56724
-0.874662
-1.61304
-1.89299
-2.32687
-2.81025
-4.10632
-3.22675
-4.63094
-1.37481
-5.42738
-3.25661
-2.14227
-1.9616
-4.06415
-2.93795
-4.10404
-3.88604
-4.31251
-4.3415
-1.97407
-4.39718
-5.07326
-4.07854
-2.85597
-1.9306
-1.69452
-4.42474
-3.19827
-1.13487
-3.00653
-2.0096
-3.58898
-1.70157
-1.86515
-4.04883
-1.28772
-1.65637
-1.62254
-2.10286
-2.46214
-2.24504
-2.72366
-4.7448
-4.49025
-4.35458
-2.74965
-2.85146
-2.95491
-1.98728
-2.55468
-4.12798
-2.60388
-2.25792
-2.81172
-0.902006
-4.44231
-1.85729
-4.30217
-1.54883
-1.59408
-3.84623
-2.87775
-1.88604
-1.61439
-3.92002
-1.90014
-0.90829
-1.90732
-1.71022
-5.73793
-3.52459
-2.95426
-4.11279
-2.80072
-2.85616
-1.72358
-1.64666
-2.06841
-4.35352
-4.05725
-4.38152
-2.08727
-0.954173
-1.69281
-4.36621
-3.27676
-1.9108
-3.27109
-4.07974
-4.39147
-1.10495
-2.27772
-3.28701
-1.77428
-2.02019
-3.39054
-3.78888
-1.31877
-4.49573
-1.6566
-4.5482
-4.37531
-1.00142
-1.28715
-2.00282
-3.09529
-3.94266
-2.89084
-1.96319
-3.00461
-4.47405
-4.06158
-3.06547
-4.54151
-1.90793
-1.81894
-3.75749
-2.68744
-2.9107
-3.4479
-1.45205
-0.963475
-4.03441
-3.29996
-4.09294
-3.16096
-3.14444
-1.69502
-1.90303
-5.33587
-5.84469
-3.87483
-4.35576
-3.88548
-1.38254
-1.27652
-3.1515
-1.74184
-0.969317
-1.47034
-4.61415
-4.81989
-1.73553
-3.19999
-3.12476
-2.24056
-3.26205
-1.69355
-1.97351
-1.69272
-4.40256
-2.75807
-3.57549
-1.71047
-0.894157
-3.25787
-1.36545
-3.65002
-2.03152
-2.80793
-1.18202
-1.8508
-3.56289
-4.02767
-3.68188
-1.6058
-3.17409
-3.13137
-4.44462
-5.86709
-3.94338
-1.89293
-2.85127
-3.28812
-1.27817
-1.67326
-3.94511
-3.12248
-4.64315
-1.97964
-3.13798
-4.09472
-1.8267
-5.64552
-4.17209
-1.39877
-2.32066
-4.51223
-1.8792
-2.04578
-1.71929
-2.89803
-2.93801
-3.87399
-1.97492
-1.50718
-1.99196
-3.49819
-1.03864
-1.4135
-4.55329
-4.56659
-2.02218
-2.01217
-3.58295
-4.43035
-1.50953
-1.28174
-2.98574
-3.33943
-2.86638
-0.984356
-5.48748
-3.20683
-3.26445
-2.62152
-4.55584
-4.57305
-3.27201
-4.24736
-1.62149
-2.01991
-1.98525
-3.18467
-2.2625
-2.14567
-1.68679
-1.87589
-4.73095
-4.50125
-4.1323
-4.48706
-1.63657
-2.05581
-1.84426
-2.84851
-4.48588
-5.56045
-3.69332
-2.1155
-1.5193
-2.12483
-1.66304
-1.51594
-3.15214
-1.61395
-4.02519
-4.22272
-3.36796
-5.92199
-3.88112
-1.89734
-1.67785
-3.31004
-4.6867
-4.70927
-2.09305
-1.12963
-1.52496
-1.92255
-1.60254
-3.19448
-2.92247
-1.07666
-4.73455
-4.37438
-1.97089
-4.54722
-1.8857
-2.36682
-2.56411
-4.42862
-1.95142
-1.79978
-1.95131
-2.9878
-1.48126
-1.66462
-1.43816
-1.15445
-1.16451
-3.15672
-1.35689
-3.16316
-1.14702
-1.83257
-3.1916
-3.61798
-1.64316
-3.36125
-4.72039
-1.97176
-1.80909
-1.63248
-1.82756
-1.79297
-3.10073
-1.80339
-4.52167
-3.25029
-1.99526
-2.28911
-2.85539
-1.98011
-2.01456
-2.99209
-1.92945
-1.61423
-1.9064
-2.57944
-1.72161
-1.84629
-1.35033
-3.11157
-5.67585
-3.00017
-1.65924
-2.8516
-1.25832
-4.55856
-2.3404
-1.68777
-4.72143
-4.39563
-1.26226
-4.47308
-2.808
-1.29073
-1.87092
-2.02122
-4.44546
-3.41629
-3.8964
-3.17428
-1.70479
-1.54108
-3.15948
-1.6133
-1.60346
-1.84413
-1.62249
-1.88506
-1.14648
-1.67152
-1.71474
-4.45472
-3.52488
-3.13407
-4.63529
-1.70235
-3.55421
-4.59742
-4.18315
-3.34672
-4.80724
-1.49826
-3.13419
-1.62548
-1.74022
-4.40789
-4.61348
-2.27057
-4.1195
-1.71601
-1.67356
-1.66589
-0.909816
-2.44474
-1.80415
-1.39921
-0.7104
-1.26605
-1.89292
-1.74315
-1.86575
-2.01071
-3.20195
-1.83955
-1.36629
-3.13594
-1.97611
-5.42979
-1.96546
-1.72555
-1.71249
-1.78481
-4.02964
-3.56875
-1.30666
-3.93867
-1.67433
-1.79209
-4.40452
-1.97871
-1.71885
-1.96754
-3.19068
-3.24633
-1.38542
-2.02853
-4.61778
-3.57003
-1.7528
-3.90128
-4.00239
-2.10272
-1.39716
-3.05911
-0.88066
-4.25413
-4.75314
-3.1153
-4.43897
-3.5926
-1.51138
-4.13555
-5.98323
-3.1605
-1.8583
-1.49215
-2.98294
-4.16766
-4.29431
-4.3011
-4.83861
-1.85552
-1.00188
-1.9173
-2.79292
-2.89418
-1.33641
-3.52634
-1.74163
-4.14521
-2.16477
-1.66764
-2.92956
-1.41043
-3.96804
-3.79105
-3.71803
-4.38769
-4.20355
-4.05043
-3.63018
-3.19828
-3.11047
-2.98274
-4.32573
-1.66923
-3.84241
-1.96726
-1.291
-1.96279
-3.91781
-1.51179
-1.59199
-3.88389
-1.76904
-1.7225
-1.73623
-3.58373
-4.2053
-2.01553
-2.99476
-2.82277
-0.870635
-3.5833
-3.23194
-0.961508
-4.27983
-1.76529
-2.54413
-2.44563
-3.31964
-1.85531
-2.02323
-1.48664
-2.97842
-4.46773
-1.61199
-1.76738
-3.30812
-3.4876
-4.1319
-3.2779
-1.51716
-2.84227
-3.16167
-2.96952
-1.74642
-2.56659
-1.97778
-3.53033
-4.50278
-1.35867
-2.96958
-1.73235
-3.81989
-1.37131
-2.81232
-1.85869
-1.64495
-4.64735
-1.32123
-2.58507
-2.04353
-5.67172
-3.31881
-1.80088
-3.99395
-2.0619
-4.13563
-4.30549
-4.4963
-3.2128
-2.11891
-4.61687
-2.86032
-4.46362
-4.52503
-4.29092
-3.98425
-1.96303
-5.64398
-1.52468
-2.97596
-2.71486
-1.64212
-1.64103
-1.52416
-1.5812
-3.18325
-1.42091
-3.29033
-1.72258
-2.16355
-1.85393
-2.59499
-1.79321
-2.02685
-3.85978
-4.39296
-3.92577
-1.59701
-4.13988
-4.65719
-1.70719
-1.56533
-2.01414
-2.01611
-3.31848
-3.28888
-4.07036
-3.02036
-1.92947
-1.77501
-3.89834
-1.75378
-1.75119
-4.89531
-4.22069
-3.89485
-1.63443
-4.57414
-4.30864
-1.1832
-3.40727
-1.76231
-2.57728
-0.922845
-4.0838
-5.75389
-2.73722
-3.98405
-3.98039
-4.63055
-4.21843
-4.88724
-1.7402
-2.01382
-3.30802
-3.80824
-3.30373
-2.01902
-1.37482
-1.43085
-1.99897
-3.87553
-2.03046
-3.73037
-1.70187
-4.35034
-0.707804
-0.955306
-1.9746
-0.829742
-1.85434
-2.54008
-1.81952
-3.97247
-4.73343
-2.94973
-1.50914
-3.12348
-2.04091
-4.52723
-1.07515
-1.73893
-3.35151
-4.31468
-2.01525
-3.5587
-4.56783
-2.34792
-1.77695
-2.45807
-3.45189
-1.6574
-4.79781
-2.92078
-2.83426
-1.45106
-4.5646
-5.84325
-4.41412
-3.2533
-2.9064
-4.04048
-4.43553
-3.34974
-0.742361
-3.35501
-1.69183
-3.99276
-1.43549
-3.16976
-3.29771
-1.7437
-3.89963
-4.26209
-1.24116
-1.647
-4.48176
-3.44522
-2.0187
-2.15689
-3.08834
-2.09416
-1.22647
-2.9119
-1.10156
-1.66431
-3.19804
-2.0073
-1.69341
-3.21562
-1.96128
-2.93667
-1.21977
-4.4567
-1.54287
-2.02854
-3.14279
-1.63087
-3.0312
-3.87782
-1.55778
-1.5374
-3.42518
-4.43122
-4.4628
-2.56035
-4.45731
-3.92672
-4.89686
-2.96235
-4.3161
-3.1776
-3.30686
-3.2856
-3.92776
-3.38588
-3.38644
-1.83898
-3.1703
-1.94457
-4.68937
-1.68824
-4.44745
-1.93497
-4.05442
-1.7642
-4.27568
-3.12899
-1.74423
-1.73665
-1.64013
-1.44201
-4.83032
-3.64675
-1.88773
-2.41656
-4.40777
-0.875269
-2.04832
-3.12858
-3.52177
-4.37604
-2.10353
-2.3689
-2.01627
-0.551674
-5.70035
-1.51008
-2.70867
-1.8351
-0.767257
-1.96677
-1.87224
-2.83843
-4.86474
-2.84699
-1.90079
-4.08917
-2.85199
-3.56253
-2.86015
-1.49448
-1.49384
-4.7086
-1.50139
-2.8495
-2.74867
-4.25607
-1.204
-1.65363
-1.93232
-2.00139
-1.19831
-3.52681
-1.80654
-4.3572
-2.00988
-5.53612
-3.05491
-2.61087
-4.28469
-3.12187
-2.02029
-5.11493
-3.24298
-1.65739
-2.00767
-2.42037
-4.20612
-0.68789
-4.6109
-4.31016
-4.80439
-4.87021
-0.900456
-2.05735
-3.95488
-2.99621
-1.70805
-2.07116
-1.75179
-5.29713
-1.90016
-1.68232
-2.68622
-3.04871
-3.88591
-1.56028
-2.33437
-3.23414
-2.02749
-1.0817
-4.33517
-1.57208
-4.39593
-3.13857
-2.011
-4.94488
-4.42231
-4.1248
-2.50902
-5.00914
-1.9104
-1.87794
-2.70538
-2.96206
-2.77224
-5.32514
-4.34361
-4.11882
-1.55669
-3.02434
-4.87369
-3.87749
-1.82275
-3.5354
-2.60331
-3.95488
-2.05549
-4.39926
-3.35202
-1.88061
-1.62259
-3.34007
-2.86328
-1.97633
-4.46549
-1.59377
-1.84458
-3.11193
-1.63921
-2.34423
-3.66062
-1.31458
-1.73221
-4.91638
-2.58171
-2.4566
-1.61984
-3.43298
-3.47018
-1.9365
-2.09947
-3.69694
-4.40685
-2.78251
-2.18858
-2.00507
-3.89167
-5.0026
-4.53367
-2.9706
-1.67325
-3.41427
-4.36532
-1.48018
-3.30135
-1.37843
-4.89349
-4.20441
-2.02691
-3.9024
-4.62831
-4.45018
-3.95667
-3.19385
-4.43236
-3.36303
-4.53031
-3.34482
-4.66887
-1.33918
-3.87444
-4.22148
-1.41622
-1.54374
-4.60807
-3.34513
-3.34681
-2.53674
-1.49033
-3.59559
-1.57925
-2.01963
-3.35425
-1.68155
-4.08766
-3.3513
-3.0295
-1.9695
-4.5348
-1.99061
-2.05542
-5.11217
-1.95454
-3.15733
-1.63602
-3.73298
-4.42985
-1.80847
-1.6455
-3.38514
-1.50304
-1.9282
-4.93775
-0.872639
-3.73194
-1.83072
-4.18472
-1.5912
-1.52386
-2.4903
-4.36774
-4.62072
-3.31581
-4.349
-3.36009
-3.35626
-4.43511
-5.96841
-4.67853
-3.69586
-3.44202
-1.41592
-1.76092
-5.28594
-4.13356
-4.94829
-2.47306
-1.92412
-0.94818
-3.4313
-1.89658
-3.90911
-3.10519
-1.56514
-1.03088
-2.86142
-5.03776
-3.17827
-4.55287
-5.48875
-4.36175
-1.654
-1.70181
-3.61124
-2.03448
-4.6498
-1.55157
-0.974251
-2.02136
-2.06009
-1.72751
-1.96985
-1.95347
-5.11613
-2.79227
-1.94199
-4.85818
-1.67234
-1.53063
-3.93667
-2.39289
-1.28157
-2.02232
-1.09368
-2.69146
-2.69173
-5.86378
-4.78644
-4.46002
-1.73272
-3.03836
-3.9053
-4.62401
-2.02221
-1.59004
-1.82719
-1.68322
-4.30384
-1.6979
-2.59016
-4.35255
-4.51535
-0.793498
-3.47941
-4.85785
-3.13615
-2.28718
-3.25964
-1.55085
-2.56123
-3.38257
-1.93035
-1.81305
-3.14174
-2.83006
-1.92905
-3.54945
-4.53221
-2.73501
-1.67738
-4.44107
-3.51714
-4.88672
-1.89235
-1.43196
-3.47108
-3.81158
-1.5029
-4.87119
-1.43238
-1.50768
-4.7497
-1.69443
-0.873479
-3.22516
-3.26373
-1.81029
-2.04782
-1.72783
-1.72224
-3.5159
-1.65574
-4.42161
-4.27815
-1.19254
-2.00819
-4.40762
-3.20084
-1.9693
-2.02368
-1.73685
-3.02743
-1.27415
-3.90572
-2.79039
-1.65568
-0.96757
-4.61275
-2.85487
-4.16187
-1.46334
-1.43624
-3.18736
-4.27136
-1.64073
-3.40744
-3.35611
-2.67154
-3.41583
-4.45856
-3.44056
-1.82391
-1.1898
-4.4571
-1.17148
-3.75685
-1.78585
-1.88663
-1.664
-0.988182
-3.01332
-2.75332
-4.28934
-3.34018
-3.96482
-2.00646
-1.30113
-1.7999
-1.74459
-3.98307
-3.33272
-3.31308
-4.49108
-4.7374
-3.2807
-3.18831
-3.77096
-1.61748
-4.52718
-3.2696
-5.62884
-1.49489
-3.37671
-2.76526
-2.48574
-4.76741
-1.90176
-5.0968
-4.67759
-4.65845
-1.005
-4.38651
-4.12945
-4.46616
-2.85759
-1.61863
-3.00763
-2.99797
-2.28614
-1.79559
-1.59718
-1.4038
-2.94585
-4.64357
-3.67409
-2.04335
-2.19717
-2.98503
-3.45085
-4.40903
-1.78913
-3.24931
-1.2745
-1.96814
-3.81876
-4.37383
-1.64348
-1.48266
-1.80663
-3.43073
-1.21338
-3.28706
-3.83553
-3.76509
-2.95127
-1.54116
-2.09687
-1.61252
-3.42149
-1.76065
-1.16197
-3.47053
-3.38495
-4.62698
-5.62903
-4.89443
-4.14364
-4.48176
-1.9168
-4.63112
-4.49359
-3.10565
-5.38361
-3.12834
-4.59806
-1.59015
-0.88831
-2.92465
-2.90473
-1.50105
-1.87778
-2.01678
-3.97671
-3.91523
-2.9984
-1.58353
-4.25529
-3.29894
-1.82065
-2.9016
-5.25292
-4.71262
-1.59133
-4.28937
-4.25606
-6.01348
-1.64648
-1.61009
-0.853321
-1.88591
-4.24766
-1.76799
-1.91451
-4.23022
-1.96722
-1.74988
-1.97731
-3.2455
-1.42461
-4.15197
-3.93246
-3.84803
-3.66168
-1.95122
-2.45749
-2.11696
-3.3528
-3.27212
-4.89009
-3.90402
-2.07229
-3.3379
-3.16281
-3.22814
-4.53202
-3.45959
-4.11221
-2.0443
-3.76327
-2.17319
-1.20817
-4.767
-1.70396
-2.02042
-1.5902
-2.81837
-3.94156
-1.40838
-3.0324
-1.3851
-4.7225
-4.36307
-1.24629
-3.91253
-1.95114
-2.73864
-2.85466
-3.21236
-1.15318
-1.88116
-1.9618
-1.94179
-3.72277
-5.1511
-1.74114
-4.63953
-1.36193
-5.09522
-3.12786
-3.99942
-1.66472
-3.93056
-3.9209
-1.96443
-4.73721
-1.81669
-1.74986
-1.85274
-4.52505
-3.00356
-5.51081
-1.90076
-2.06831
-3.7462
-3.56717
-1.91221
-3.38805
-1.54768
-4.23402
-3.14351
-4.78607
-0.794033
-5.53882
-3.80846
-3.46113
-4.36959
-4.28953
-3.16736
-4.0808
-4.24216
-4.3752
-1.65406
-2.84909
-4.11273
-1.47911
-3.91257
-1.77594
-1.3949
-4.27492
-3.27881
-1.72141
-4.06643
-3.16027
-0.88231
-3.08053
-5.40802
-4.48812
-1.56215
-2.70103
-1.5078
-4.46345
-3.94016
-5.76171
-2.01224
-2.59644
-4.0764
-3.19424
-1.5846
-4.45666
-2.47655
-1.70683
-4.99992
-0.980706
-3.15346
-4.61134
-1.67394
-3.68028
-2.30969
-4.36332
-3.13482
-1.08442
-4.96736
-4.48837
-1.58886
-1.13031
-1.129
-1.46905
-1.40661
-1.80979
-1.70691
-5.38576
-1.00781
-4.30284
-3.14082
-4.48383
-4.94059
-2.93208
-1.45259
-4.91892
-4.90336
-1.54962
-1.89745
-1.17034
-4.91456
-3.30603
-1.493
-4.79098
-5.97929
-4.47808
-3.84197
-2.76174
-0.855052
-4.39489
-3.98529
-4.64687
-2.90325
-3.7152
-1.94396
-3.49109
-2.98561
-4.38826
-3.69583
-4.27765
-5.97053
-3.88378
-3.52749
-4.20203
-2.0663
-3.30641
-3.34535
-5.62297
-4.65396
-1.60227
-3.02587
-1.05635
-3.92757
-1.43521
-1.78379
-3.88719
-1.63027
-3.36556
-1.60278
-3.44841
-1.09924
-1.99609
-1.58741
-3.94983
-1.49516
-1.70479
-2.75074
-4.33264
-1.56886
-4.78609
-1.84177
-1.06829
-2.71506
-3.03967
-0.858891
-1.54705
-2.81384
-3.56128
-1.85964
-1.4978
-4.97929
-2.99188
-2.00537
-1.6328
-4.13234
-3.48309
-2.27892
-1.65395
-3.26083
-4.6015
-1.11099
-3.45967
-4.6802
-3.61023
-1.36575
-4.38011
-3.06503
-0.872038
-1.14637
-2.02541
-4.135
-4.464
-1.4266
-3.58787
-4.31414
-2.83272
-1.62114
-1.6893
-3.53152
-5.54877
-3.79015
-4.21824
-4.70965
-4.13413
-4.38163
-0.193067
-1.13509
-1.83835
-2.72543
-3.13542
-4.27188
-4.27875
-3.19201
-2.32931
-2.43646
-1.87809
-1.81268
-3.41538
-4.50094
-1.0218
-3.87712
-2.04686
-4.45657
-0.850702
-1.34657
-1.28033
-4.53595
-4.50468
-3.1516
-5.37162
-1.83472
-4.34718
-2.18634
-5.62574
-4.41136
-3.28422
-4.02356
-1.72115
-0.814217
-4.24511
-2.85583
-5.9233
-4.3703
-3.68677
-3.81585
-2.02517
-1.59382
-1.67493
-3.53864
-5.05627
-4.45132
-3.38117
-0.826727
-4.15699
-1.83603
-4.46687
-3.02138
-3.90289
-2.72615
-1.62759
-1.4894
-4.73499
-4.38726
-1.63643
-2.5842
-1.96081
-6.03422
-3.33771
-3.28386
-4.79051
-3.44924
-1.69907
-1.30895
-5.80999
-3.40142
-1.56826
-1.70504
-3.94278
-4.07683
-0.986715
-3.97376
-2.80942
-2.10804
-1.62971
-1.32604
-4.05793
-4.08896
-0.647341
-3.88495
-3.39597
-1.65522
-2.84233
-4.34592
-5.19593
-3.13087
-1.3162
-3.87433
-4.38599
-1.57149
-1.82519
-1.74743
-3.56134
-3.29021
-3.74734
-3.75837
-1.68261
-3.91044
-4.37546
-5.98545
-2.90984
-0.927595
-1.5765
-1.38125
-4.56127
-1.76203
-3.93284
-5.68762
-4.39428
-1.73821
-4.17589
-3.19826
-1.99641
-2.5465
-1.34713
-3.66484
-1.50684
-3.89738
-5.75147
-3.61546
-1.92433
-5.68973
-1.17683
-3.29293
-3.54988
-3.52234
-3.58508
-4.41134
-1.86427
-1.79887
-1.90326
-2.82376
-4.39767
-2.91548
-1.91928
-3.86
-3.48665
-1.44092
-2.01739
-1.64637
-3.79904
-3.28813
-4.53261
-0.130922
-3.36296
-4.45252
-2.9404
-4.14988
-0.817329
-1.97096
-1.26952
-1.68639
-3.91671
-1.7496
-2.64908
-1.65207
-1.20576
-1.7561
-1.42865
-4.31236
-4.01679
-1.73619
-4.24457
-3.13213
-1.35379
-1.76243
-5.0396
-3.4189
-4.47076
-4.38902
-3.84439
-4.45288
-1.21526
-3.31831
-1.11708
-2.02076
-4.39243
-1.68542
-1.74782
-3.8367
-3.6632
-2.89671
-3.06363
-1.80232
-1.32915
-1.76153
-3.18583
-4.52561
-3.19042
-1.38385
-1.55705
-1.08703
-3.5801
-2.59814
-2.85342
-1.88714
-3.88194
-2.57526
-4.89408
-2.89851
-5.36531
-3.14754
-4.36947
-5.88921
-1.79308
-1.77143
-1.53217
-3.90883
-1.61783
-3.34567
-1.60079
-4.13521
-1.74324
-2.66208
-3.34209
-0.805054
-4.08071
-1.72307
-3.17619
-4.5598
-3.9156
-4.26993
-3.14301
-2.75272
-2.01383
-1.3583
-4.47283
-4.11722
-4.88635
-3.42084
-4.2674
-1.73363
-4.48539
-3.03522
-3.69909
-3.91782
-1.9203
-1.87881
-1.11695
-2.01061
-1.86443
-5.53196
-1.26862
-4.83501
-1.57759
-4.55408
-2.57233
-3.15511
-0.918099
-1.32748
-1.61508
-1.89447
-1.70878
-2.32116
-3.95486
-3.65365
-1.70962
-4.12196
-5.55068
-4.63752
-4.6913
-4.69511
-2.87151
-4.1596
-4.36063
-4.36695
-4.32457
-1.74123
-1.21663
-3.56014
-1.63069
-4.43717
-5.25587
-4.4601
-3.13685
-3.51725
-3.04841
-3.4203
-1.56987
-4.58697
-3.92792
-1.03831
-4.1902
-1.08975
-4.3448
-4.61305
-2.87448
-0.901517
-1.69279
-1.07346
-4.22826
-1.8561
-0.848044
-3.15139
-3.41393
-4.24154
-4.30851
-3.41113
-1.7346
-3.87602
-3.16709
-4.05451
-3.03458
-5.37028
-1.98432
-3.13741
-3.75157
-4.36426
-1.62646
-4.61578
-4.88296
-3.81822
-4.53312
-3.89182
-3.91764
-4.38632
-1.76652
-2.08452
-3.93405
-2.85292
-3.84685
-3.69533
-4.48263
-2.58387
-1.77394
-2.91506
-3.05096
-1.66563
-3.57144
-2.5346
-3.4848
-3.54407
-5.10834
-1.31368
-1.48498
-4.69166
-3.52736
-1.60502
-4.7895
-2.08742
-3.18605
-1.75527
-3.59424
-3.58064
-3.5028
-3.31622
-1.34785
-4.34765
-3.57053
-0.295538
-3.75071
-5.06789
-4.11223
-2.4444
-1.8075
-3.45407
-4.44597
-4.46857
-4.41791
-1.71119
-4.47055
-1.58738
-2.68371
-1.67936
-3.0198
-1.25386
-5.46041
-1.46692
-4.84923
-3.73027
-4.84116
-1.8729
-3.33225
-1.07761
-1.62743
-3.47721
-3.60617
-2.00488
-4.57554
-2.93846
-4.0355
-3.88333
-0.810715
-1.62158
-1.62299
-4.73077
-2.38049
-0.611208
-3.35758
-4.60426
-1.3428
-1.51706
-5.85162
-3.61561
-3.83986
-3.61881
-4.3718
-4.1528
-1.93426
-4.27883
-1.34733
-4.31599
-1.90289
-3.6553
-2.92505
-3.16524
-4.63429
-1.01928
-1.71749
-4.26011
-1.74543
-4.16649
-2.51842
-1.83899
-1.58719
-0.839561
-3.57613
-4.45223
-3.44251
-1.55387
-3.89021
-3.04034
-1.97085
-1.35819
-3.9378
-2.81331
-1.66495
-3.05765
-0.731101
-2.01297
-4.3184
-1.38095
-4.89385
-4.48784
-4.8244
-3.35335
-1.95492
-1.30827
-3.71481
-4.13888
-4.3981
-1.73329
-1.6364
-3.7948
-1.69633
-2.2274
-1.74565
-5.29534
-3.25046
-1.60257
-1.05973
-1.70811
-4.31229
-1.49236
-4.51564
-1.88471
-1.47638
-1.66053
-1.69743
-6.00664
-3.87464
-3.87995
-4.33026
-4.78728
-1.43469
-3.32957
-4.5104
-3.36179
-4.30303
-3.2538
-2.82265
-5.22134
-3.44139
-4.64789
-1.3161
-4.90795
-1.76748
-4.4143
-4.37466
-4.51253
-2.6937
-2.01872
-4.39496
-1.64501
-1.19821
-4.55814
-3.45913
-4.59211
-3.17188
-3.13034
-2.94885
-2.38088
-3.01049
-4.27593
-1.7569
-1.68822
-4.83973
-2.90694
-5.33807
-5.18248
-1.04371
-1.37939
-3.88585
-4.14362
-1.37907
-2.42678
-5.21427
-5.55866
-3.31916
-3.9228
-1.32734
-2.08946
-1.22625
-4.32632
-4.01957
-4.20253
-2.56282
-4.76681
-0.824698
-3.90361
-3.02452
-3.78699
-1.48309
-4.63622
-4.53984
-0.756255
-1.26274
-3.28874
-3.3386
-3.0218
-1.3502
-4.0129
-5.04211
-1.96341
-1.3489
-5.72704
-3.47711
-3.89442
-1.86633
-4.30066
-3.05221
-4.29827
-4.30228
-1.70091
-1.88033
-3.76673
-2.70792
-3.39366
-5.33538
-2.86466
-3.51139
-3.88279
-5.80882
-1.59237
-3.77902
-2.111
-1.34406
-1.2371
-4.16035
-4.14682
-3.1663
-3.35517
-1.93275
-3.51389
-4.55296
-5.15587
-4.43993
-0.941521
-4.2757
-1.73868
-2.88059
-2.36954
-1.53769
-1.80135
-2.8271
-3.87447
-4.11145
-3.44983
-5.38267
-3.58222
-2.00866
-1.95271
-3.47652
-4.44976
-3.60301
-3.14066
-4.25244
-3.38883
-3.91585
-3.21929
-4.10511
-3.06455
-3.16441
-3.11621
-2.42694
-4.43376
-1.27978
-3.27597
-3.37237
-5.17478
-3.75538
-1.58307
-2.86548
-2.92626
-4.24583
-1.78729
-5.80738
-1.70167
-1.62061
-2.55622
-4.0214
-1.68238
-1.54645
-1.85632
-4.22321
-3.8554
-4.06616
-3.95885
-4.5189
-1.94633
-3.42011
-5.86487
-4.48447
-3.91233
-5.42538
-4.14894
-3.79375
-3.05106
-4.39136
-1.79402
-4.83322
-4.62089
-4.70086
-1.61203
-5.50745
-4.49778
-2.95772
-1.773
-1.51153
-4.77228
-3.42402
-4.99887
-1.5792
-2.33889
-4.59279
-4.54696
-3.57042
-4.75903
-1.3414
-2.92343
-4.48633
-4.94602
-1.49811
-5.77406
-4.46918
-5.48554
-1.76071
-1.93912
-3.95841
-1.52878
-3.19823
-1.51338
-1.75108
-1.9339
-1.6841
-4.89261
-3.18462
-1.80759
-1.35909
-2.96252
-1.8328
-4.73901
-3.33795
-4.78343
-1.93468
-1.57231
-4.45215
-4.65211
-4.77026
-1.40345
-2.47146
-4.78659
-1.23119
-4.06494
-1.67914
-3.71021
-2.84086
-2.47095
-1.62001
-4.28985
-4.21763
-3.75319
-2.91937
-1.90054
-2.72792
-4.8149
-4.27501
-3.87529
-0.781556
-4.27062
-3.80574
-1.06838
-2.57253
-4.52778
-1.33669
-3.26327
-0.801548
-4.39356
-4.18374
-4.67196
-3.17489
-3.7868
-1.99067
-4.21402
-1.86725
-3.01561
-5.44153
-1.78134
-1.76912
-2.99657
-1.67562
-4.84608
-5.07158
-1.4364
-0.806267
-1.69031
-3.70133
-1.56254
-2.88188
-3.23262
-2.93297
-0.975328
-4.31709
-1.61909
-1.30589
-1.69179
-1.5848
-3.50027
-4.31619
-2.80923
-4.3816
-3.82689
-4.02394
-2.69115
-1.54831
-1.72053
-0.729523
-4.16681
-3.27861
-1.68321
-3.32267
-3.47218
-3.14677
-4.12885
-1.29582
-4.42312
-1.78461
-1.70286
-3.48148
-1.68335
-3.03929
-2.44898
-4.89022
-2.94687
-3.18429
-3.90782
-4.64881
-4.35288
-2.70447
-1.33943
-2.28556
-4.55097
-4.00089
-4.30787
-2.09225
-1.66974
-3.92644
-3.5235
-1.24539
-4.54023
-3.67001
-3.93791
-1.92019
-2.86406
-3.9706
-1.81481
-4.41707
-4.27535
-2.92866
-2.54194
-4.19696
-3.89698
-3.9518
-3.96304
-3.5148
-3.90238
-4.52138
-4.54453
-4.46274
-1.35754
-1.72509
-3.93782
-1.37954
-1.78892
-4.79423
-1.48028
-4.42076
-4.44015
-3.94863
-3.37928
-3.18309
-4.26736
-4.30647
-3.15985
-1.58307
-3.80591
-1.51675
-4.63096
-4.42162
-2.89636
-3.42958
-3.98097
-4.51044
-4.53148
-2.39804
-1.50183
-5.50014
-1.75278
-4.01573
-1.5512
-4.5043
-3.54014
-4.5054
-2.06985
-1.22799
-4.85401
-1.59821
-1.80717
-3.92152
-1.93456
-3.49179
-2.90265
-3.0263
-1.66813
-4.60059
-4.30831
-1.26172
-1.24949
-3.69756
-1.45782
-1.86917
-4.24832
-1.61699
-1.46744
-3.49816
-1.30565
-4.51162
-4.00902
-4.04106
-6.06184
-1.06956
-4.23282
-4.4839
-3.36173
-2.67182
-4.33397
-1.57444
-3.92449
-3.91387
-1.53391
-4.62061
-2.181
-3.48934
-4.85962
-3.36687
-3.33049
-3.8982
-3.22925
-1.29316
-1.56123
-3.0483
-4.22976
-3.9644
-2.70888
-3.43234
-1.69602
-2.01836
-3.25534
-5.49234
-2.52531
-1.4887
-1.55824
-4.35697
-1.77479
-3.99413
-1.53075
-3.81342
-3.33573
-1.48125
-4.19442
-5.6778
-3.18978
-1.87662
-1.32441
-1.6495
-4.65054
-4.46628
-1.08168
-3.34544
-1.33738
-5.57678
-4.28836
-4.225
-4.10146
-1.45948
-1.95384
-3.60541
-4.39665
-4.68557
-4.74224
-4.61541
-4.32246
-3.43791
-5.42324
-2.00838
-3.30776
-2.5839
-3.68752
-3.07964
-5.35601
-1.65055
-5.1781
-5.28741
-4.03627
-4.84567
-1.46948
-1.02376
-1.75533
-4.42338
-5.51469
-3.35327
-1.36918
-4.27352
-4.34623
-3.89854
-1.05231
-4.44907
-1.20217
-3.29418
-3.56529
-1.68166
-3.34782
-1.5998
-1.28551
-4.3502
-4.32575
-3.61026
-3.26824
-1.97524
-4.38721
-4.30957
-4.13941
-4.4268
-4.69906
-2.15858
-5.0657
-4.30512
-1.90603
-1.85878
-5.49516
-2.76715
-4.39294
-0.878255
-1.71523
-1.63271
-4.51399
-5.74155
-4.41855
-1.83292
-4.45535
-1.62856
-4.30189
-2.49975
-1.87391
-3.2274
-2.55725
-4.71463
-1.65598
-4.90649
-1.45469
-1.67141
-3.88124
-4.6836
-2.44754
-3.52674
-1.66258
-3.8431
-4.46239
-4.92567
-3.13036
-4.79218
-1.43502
-1.65815
-1.34668
-3.72586
-1.76206
-1.0292
-1.64848
-3.92552
-1.21887
-5.3725
-4.38346
-1.65671
-3.93322
-4.6059
-3.89245
-4.42109
-4.62009
-4.27047
-2.88615
-5.06736
-3.53949
-3.07032
-1.0796
-1.26396
-3.44091
-3.93171
-4.53895
-3.88945
-5.03074
-1.6898
-1.63769
-1.88206
-1.25694
-2.98281
-3.76151
-3.15081
-2.71065
-1.46283
-3.12326
-1.65598
-4.41908
-3.23867
-2.05015
-3.51408
-1.1337
-1.31533
-2.54345
-5.73981
-1.47066
-2.02037
-1.67229
-4.24707
-3.85187
-4.53716
-3.48868
-4.5215
-2.75442
-3.55319
-4.80565
-1.53956
-0.667798
-3.09788
-4.99992
-1.88663
-1.25154
-1.31989
-3.15059
-4.46026
-3.88273
-5.09392
-3.52639
-4.78663
-3.52896
-5.55335
-3.61308
-4.41825
-4.53214
-1.68066
-2.21475
-2.02652
-1.2178
-1.72259
-1.43861
-4.30859
-2.7408
-5.77873
-3.59407
-1.96908
-3.82661
-4.33908
-2.98562
-5.15185
-3.70136
-1.48357
-3.59276
-0.822882
-1.76034
-3.71931
-1.78462
-1.72891
-1.48636
-0.970742
-5.7017
-5.69823
-3.97594
-4.19238
-2.91555
-2.73652
-4.08838
-3.91979
-3.9123
-4.26541
-3.58316
-3.69415
-3.94752
-1.97881
-4.89969
-3.86212
-2.63163
-1.83976
-3.89323
-1.30731
-1.62614
-3.01032
-1.91212
-3.37364
-4.66844
-0.865643
-1.76343
-2.52274
-1.70447
-0.992892
-2.05074
-4.6079
-3.44898
-4.64134
-3.05733
-4.45746
-1.33797
-1.73267
-4.40997
-4.38238
-0.970734
-4.41017
-1.57458
-4.29927
-1.57942
-1.17756
-4.28021
-1.03529
-3.50469
-4.79331
-4.83474
-1.95355
-3.63406
-3.27688
-4.94163
-5.37523
-3.53346
-4.02309
-4.60369
-2.23694
-6.03264
-1.80818
-3.70588
-1.85092
-3.62876
-3.17624
-3.31501
-2.02876
-5.18442
-1.47712
-1.29003
-5.61192
-4.12485
-2.32498
-2.08936
-1.57225
-1.25189
-3.6736
-3.69867
-4.01463
-3.42038
-1.69336
-3.57843
-1.1794
-3.48147
-4.325
-1.90363
-1.44099
-3.90286
-4.48581
-1.27262
-3.77839
-4.30437
-1.749
-4.07937
-3.59949
-4.18413
-2.98117
-4.15395
-0.840277
-3.15509
-3.25697
-4.4024
-1.45891
-1.74876
-2.8231
-2.06932
-1.13754
-3.23791
-4.37987
-2.33077
-3.87905
-3.86057
-1.23734
-4.09473
-1.70262
-1.59257
-1.34276
-3.7865
-4.66767
-1.6742
-3.71442
-2.9754
-1.81524
-1.6491
-3.29694
-3.65824
-3.56924
-1.7255
-1.94205
-1.95462
-4.1445
-2.70837
-3.17566
-1.51912
-5.95089
-4.28552
-3.04783
-1.08578
-1.49698
-3.89597
-1.60872
-3.22708
-1.14185
-3.44902
-4.21207
-1.31139
-2.89828
-4.62285
-3.51724
-5.1869
-1.52305
-1.65023
-3.58626
-1.89896
-1.59977
-2.91562
-1.17528
-4.7809
-3.14998
-3.89826
-1.69002
-1.38594
-1.30906
-3.14127
-3.14091
-1.69491
-1.62842
-1.88861
-4.2753
-4.65985
-4.00688
-3.1926
-1.76148
-2.54586
-3.45036
-4.09689
-3.24147
-3.06879
-4.42461
-3.04869
-4.58807
-1.59219
-2.72725
-4.63735
-4.45699
-4.26517
-1.54977
-4.54052
-1.5302
-2.47546
-5.64732
-3.98351
-4.32858
-1.82996
-4.15387
-0.990656
-1.85354
-3.71735
-3.45515
-1.64006
-4.4281
-1.06113
-4.62244
-4.30607
-4.42634
-4.42912
-1.05504
-4.16025
-1.86488
-1.25836
-4.07807
-3.94029
-3.60813
-1.47252
-1.54064
-4.58696
-3.8944
-4.64568
-3.13467
-4.58256
-2.99124
-1.57495
-3.77777
-3.0504
-4.11574
-1.98977
-1.18052
-4.77651
-4.32735
-4.46417
-3.09795
-4.45097
-1.25311
-4.45276
-1.25509
-4.80577
-4.4559
-3.91756
-3.13309
-3.7306
-1.15774
-3.73772
-3.15996
-0.789439
-3.72376
-4.3657
-1.68073
-3.67406
-1.5804
-2.06664
-4.26979
-4.66584
-3.12438
-1.45323
-4.64894
-1.01916
-1.65896
-2.87089
-1.10622
-4.5995
-4.42966
-4.78152
-3.91818
-1.82002
-1.65526
-3.28074
-1.50561
-1.13856
-2.64838
-3.57584
-1.67452
-1.55093
-3.12069
-2.89668
-1.46223
-4.41338
-4.65781
-4.90247
-1.7469
-4.25829
-4.5012
-3.17445
-1.35457
-4.41007
-2.04765
-4.14949
-1.24652
-4.27248
-2.0584
-1.24677
-4.88258
-3.10368
-3.17351
-1.86359
-1.55163
-1.19964
-5.12732
-1.51178
-0.682415
-4.75518
-3.86737
-1.89359
-3.58773
-2.02237
-2.25818
-1.31454
-2.85961
-4.4321
-0.914251
-6.00388
-1.99756
-3.42033
-1.49039
-1.691
-1.36046
-2.90214
-3.50502
-4.26472
-4.18605
-4.40771
-3.3794
-4.06393
-1.24535
-1.14223
-1.52009
-4.15831
-0.955174
-4.2906
-1.71483
-4.32047
-1.39713
-4.31356
-4.53932
-4.5343
-1.31662
-0.940778
-4.53855
-5.73985
-4.59695
-1.35069
-1.56513
-1.67656
-1.3141
-4.61874
-1.60893
-3.79333
-4.56986
-1.71943
-1.30894
-3.9053
-1.2224
-4.1372
-5.87054
-1.50764
-4.41292
-1.30799
-1.51389
-1.55018
-0.762773
-1.42476
-1.00214
-3.3388
-2.85464
-4.58789
-5.56502
-3.38629
-3.71406
-1.50385
-0.724265
-4.71342
-1.89498
-4.61103
-3.1664
-1.62672
-3.1139
-3.71251
-1.39549
-3.39615
-4.13193
-2.54307
-4.68871
-4.60108
-1.65038
-4.0573
-4.68513
-3.52154
-4.77806
-2.94926
-3.51218
-3.62253
-1.734
-1.84229
-1.52749
-0.89372
-5.85124
-1.58699
-3.69372
-4.47723
-4.23601
-4.30565
-4.2571
-3.66443
-1.552
-1.45188
-1.2861
-1.00249
-4.6559
-4.11413
-0.86042
-4.1424
-2.79987
-5.45953
-3.89164
-3.97042
-1.52004
-1.19862
-3.1803
-1.3035
-3.9599
-1.61948
-1.70986
-2.83009
-3.87455
-1.17505
-4.8572
-4.41346
-2.0642
-1.11001
-0.871348
-3.14623
-1.20558
-3.88734
-3.64471
-4.52113
-1.96921
-4.17122
-3.27843
-4.07074
-4.30624
-3.09251
-2.66151
-1.44257
-1.50946
-4.77933
-4.47661
-1.26404
-1.24055
-4.70001
-4.8419
-4.60173
-2.05688
-3.90135
-2.99849
-5.22222
-3.88665
-1.67477
-1.90691
-3.74924
-4.9538
-0.95357
-4.29368
-3.89332
-4.52635
-4.63522
-2.86426
-3.16437
-4.14575
-1.56081
-4.68391
-1.57371
-3.7118
-1.24701
-4.69255
-1.7731
-2.44985
-3.98242
-0.694648
-4.27378
-2.01699
-4.53159
-3.63912
-4.47128
-3.74277
-3.94314
-3.91894
-3.97198
-4.54388
-4.47697
-3.79913
-0.975696
-4.28017
-3.24408
-4.53337
-2.96274
-4.29789
-1.18042
-3.90898
-1.83801
-1.58566
-4.45447
-2.08567
-2.5273
-1.30236
-1.70459
-4.48577
-1.86974
-4.7684
-3.83089
-2.29878
-4.28752
-4.44191
-1.56502
-4.30021
-1.59769
-1.57385
-2.94345
-1.71502
-4.58683
-4.51843
-1.47301
-2.99783
-4.1916
-3.29494
-5.58758
-1.44178
-3.22071
-2.70173
-3.29496
-4.38191
-1.62842
-4.66517
-4.37829
-4.57882
-1.75012
-2.73068
-1.6289
-1.12493
-4.44706
-3.60621
-1.75326
-3.49178
-4.48721
-4.27634
-3.5921
-3.91389
-1.27464
-1.66072
-1.66908
-2.06529
-2.13103
-1.73273
-4.87745
-3.27961
-3.41393
-4.82462
-2.96925
-1.45771
-1.32762
-3.8865
-4.57788
-4.43671
-4.19223
-2.00777
-1.63842
-4.61537
-4.15144
-2.17357
-2.96949
-2.44297
-4.17194
-3.89705
-2.92611
-2.69781
-1.32018
-2.31568
-2.26786
-1.75352
-3.32218
-3.15644
-1.61923
-1.60979
-4.35789
-4.65758
-3.48025
-4.24917
-1.02308
-4.49444
-1.84253
-1.18809
-3.04828
-3.16455
-1.54793
-3.69203
-2.87279
-4.36453
-1.2379
-4.88749
-1.71075
-3.79477
-4.93742
-3.69266
-4.30678
-3.67043
-4.33378
-5.34923
-1.48818
-1.42533
-4.46237
-4.37732
-4.46577
-3.73194
-3.9063
-1.8224
-2.55681
-3.77339
-2.89038
-4.34091
-1.71565
-1.50181
-3.6901
-3.8928
-1.29755
-1.77176
-3.42221
-4.48183
-2.72894
-2.60595
-4.37066
-2.01035
-3.33145
-1.57032
-2.48022
-4.49243
-4.01049
-3.56803
-4.3433
-1.81231
-0.906789
-3.16988
-4.00546
-3.65247
-4.00512
-2.84
-4.56
-4.75756
-5.11905
-5.92067
-5.4659
-2.69576
-2.56822
-1.20865
-1.23505
-3.65601
-2.51306
-1.38295
-1.19347
-4.52367
-4.25613
-4.52931
-4.29528
-4.32577
-2.95263
-4.72341
-3.2203
-2.88062
-3.01868
-2.29402
-1.83287
-5.64053
-3.79954
-3.34942
-4.47757
-1.81112
-1.05329
-4.27837
-4.51376
-4.843
-3.47741
-4.37801
-4.14359
-1.68875
-4.8752
-4.69643
-2.95276
-4.73922
-4.61975
-1.75029
-2.10714
-2.48378
-3.12813
-1.63013
-4.36772
-1.28483
-3.69108
-1.39747
-4.13712
-4.2451
-2.97734
-4.35805
-2.00256
-1.3384
-3.88099
-1.68678
-3.89949
-2.95822
-0.632169
-4.29693
-4.27419
-4.43316
-4.65797
-5.67944
-1.00581
-3.68906
-1.78411
-1.34382
-4.44988
-4.48937
-4.43593
-3.71218
-4.32212
-1.47188
-3.58387
-2.02259
-4.19669
-1.46766
-5.22129
-1.42569
-4.90191
-1.59102
-1.65148
-2.70801
-1.67721
-1.62596
-1.49907
-3.23824
-4.39971
-4.25778
-3.76845
-4.64796
-4.37826
-3.57524
-4.30569
-1.53479
-3.3471
-3.12611
-3.48029
-5.7913
-5.10325
-4.03931
-1.18883
-4.29606
-1.18841
-4.78409
-2.73577
-4.63187
-4.76192
-3.57963
-1.60432
-1.5012
-1.41854
-1.62654
-1.40425
-1.16209
-1.69456
-2.73871
-3.9449
-3.92474
-3.93124
-3.92386
-4.89115
-1.66668
-3.81071
-1.56711
-3.90479
-3.92862
-4.21174
-4.38485
-4.32965
-4.37769
-4.14684
-1.64349
-4.04995
-1.69946
-3.98712
-3.95902
-2.01164
-3.93923
-4.01586
-4.98542
-1.49392
-4.0538
-1.88354
-1.29668
-4.09848
-1.62673
-3.09107
-2.89035
-4.52443
-1.81764
-4.55016
-1.777
-4.45539
-3.15522
-3.07552
-1.60397
-1.20002
-3.65618
-3.67715
-1.97228
-4.38333
-1.73905
-4.56265
-2.95033
-3.71023
-4.49491
-3.27536
-4.90616
-3.76349
-3.92079
-1.57363
-1.58159
-5.05075
-3.8302
-1.63821
-1.59292
-4.33253
-1.69016
-4.89027
-5.74367
-1.23792
-3.04608
-4.54527
-1.697
-2.70241
-1.05298
-1.79247
-3.58653
-3.14665
-1.48956
-1.7529
-4.10024
-1.2894
-5.07899
-3.16799
-4.31141
-2.46997
-3.49391
-1.96425
-3.21393
-1.07218
-4.51792
-3.90412
-3.28852
-1.56945
-4.46697
-0.617115
-1.19505
-1.42879
-1.83606
-2.30386
-4.62396
-2.00133
-4.32024
-2.03413
-4.4383
-1.39152
-4.94898
-2.35592
-3.76917
-5.09
-1.43504
-5.12977
-1.66153
-3.51667
-1.69924
-1.09317
-3.95287
-0.848346
-4.52828
-4.32802
-4.00725
-0.953545
-4.25716
-3.59253
-4.05085
-4.37044
-1.12515
-1.64991
-4.34294
-1.75844
-1.27065
-5.21661
-3.1686
-1.67517
-1.10583
-3.3535
-2.33452
-3.1046
-4.66476
-4.56743
-4.54822
-2.09507
-1.67713
-1.47362
-4.86887
-1.75557
-2.87166
-4.26447
-3.95258
-5.7375
-2.99418
-2.86675
-1.23689
-3.84037
-4.32955
-4.90273
-4.52986
-5.29008
-2.85151
-1.43453
-3.04497
-3.3666
-4.88389
-1.60637
-2.67668
-3.78829
-0.987204
-1.65262
-1.37486
-1.44418
-4.65813
-3.38175
-4.79858
-1.59469
-4.52085
-2.02626
-4.37302
-4.95234
-4.99095
-4.32053
-3.85905
-1.61194
-0.958724
-1.19104
-4.46507
-1.23945
-1.92728
-3.8644
-2.51561
-4.51619
-0.699719
-4.28138
-1.99404
-2.0455
-1.13184
-3.3658
-4.79094
-1.55794
-2.91842
-1.94247
-5.42068
-4.53532
-4.43433
-1.21642
-4.35882
-4.47487
-5.35946
-3.40446
-1.76644
-1.72545
-4.35152
-2.09995
-4.62722
-4.49617
-1.27021
-1.26916
-4.67259
-3.9804
-5.85287
-3.14001
-3.98901
-4.35179
-1.09375
-1.80083
-1.16342
-4.0138
-4.65329
-4.06177
-1.58317
-3.05844
-4.30127
-1.77917
-1.98447
-4.54654
-4.33736
-4.26351
-4.35365
-1.63311
-2.71917
-1.70874
-4.09877
-2.44049
-4.39327
-3.30704
-4.36921
-1.6153
-3.81795
-3.89365
-5.192
-3.57618
-4.40785
-4.70572
-4.35552
-3.14271
-4.09208
-5.06703
-4.49732
-2.97343
-2.07201
-2.93128
-4.38244
-4.17924
-4.52592
-4.54687
-3.14738
-1.60528
-0.809198
-4.50325
-1.10788
-2.96351
-0.939772
-2.92242
-1.35941
-4.56174
-1.34936
-4.13222
-3.5399
-4.36381
-2.72109
-1.24782
-2.98139
-4.41177
-4.24302
-1.81569
-3.88199
-4.42794
-3.15587
-4.13555
-1.65664
-4.30606
-5.33739
-4.43937
-3.86734
-0.901224
-2.0372
-4.73571
-3.3163
-0.944205
-4.46097
-1.3272
-0.771256
-1.92719
-4.20013
-1.47197
-1.58177
-4.09085
-4.28377
-2.90887
-1.62741
-2.92531
-1.46322
-1.98802
-1.19226
-5.24058
-4.26372
-1.40574
-6.02727
-3.7592
-4.48747
-3.04678
-2.97715
-1.47318
-4.36455
-4.37331
-1.67583
-4.34195
-3.1918
-3.85576
-2.94202
-3.13442
-4.45254
-4.47021
-1.42981
-4.33373
-1.58432
-2.01976
-0.56478
-4.35954
-3.19441
-2.08189
-4.62598
-4.17658
-3.77282
-4.67246
-6.09789
-2.05959
-4.79448
-1.57849
-4.54673
-5.75447
-3.67126
-1.59978
-4.24195
-2.34151
-1.67107
-2.5474
-1.23753
-3.66123
-2.27675
-1.55087
-2.95656
-1.48875
-1.44272
-3.84858
-4.42403
-4.50405
-4.52895
-3.74332
-3.91168
-4.42032
-1.64743
-4.78121
-2.92412
-5.89398
-4.33675
-1.91854
-4.29151
-3.18147
-4.83244
-2.03051
-4.35478
-5.54272
-5.3014
-4.89278
-4.50934
-4.64097
-0.960021
-3.12339
-1.06574
-0.749376
-5.06737
-1.47569
-0.944846
-4.36123
-3.74363
-3.33143
-1.73909
-3.38868
-2.90539
-3.61457
-1.12661
-4.3001
-4.40603
-4.2834
-3.94301
-3.4319
-4.7298
-4.62946
-4.46655
-0.73529
-4.62311
-5.9903
-1.37591
-3.14073
-1.60463
-3.35393
-1.73164
-2.94664
-0.72785
-1.50438
-1.32132
-3.07554
-4.76877
-4.28566
-1.56182
-1.63379
-3.62222
-4.45943
-0.836266
-1.33918
-3.05649
-0.912398
-4.5619
-4.29097
-4.34475
-1.62141
-1.73182
-3.32917
-2.92989
-4.34423
-4.30047
-3.92117
-3.28989
-2.73709
-3.82816
-1.54312
-3.49208
-4.72611
-3.37138
-3.34208
-1.54652
-2.01969
-1.17344
-4.55214
-3.04463
-2.93789
-4.79519
-1.41473
-3.02525
-1.56069
-5.75911
-2.94605
-4.52932
-1.90165
-4.31184
-2.08401
-4.45852
-1.64778
-1.14358
-0.921326
-3.70712
-3.28954
-4.93139
-2.39268
-1.96928
-3.41507
-3.96408
-4.43877
-4.40357
-0.968556
-3.12025
-4.49276
-3.32189
-4.33194
-4.18432
-3.08623
-4.13013
-0.903266
-0.943279
-1.36049
-2.451
-5.22332
-4.45416
-1.48443
-1.98999
-3.2267
-3.86771
-4.98713
-4.33089
-2.42622
-1.95676
-3.88441
-4.31644
-1.71372
-4.40739
-1.35691
-1.61468
-5.56942
-1.21077
-2.47942
-3.1832
-4.53778
-1.66251
-0.976187
-4.49176
-3.31233
-3.87115
-3.83421
-4.11227
-3.59462
-3.69765
-3.19789
-4.25978
-2.68107
-3.5435
-3.88225
-4.09556
-1.52948
-2.90884
-2.07398
-3.87757
-4.03225
-1.38726
-3.26418
-3.34615
-4.40762
-1.97627
-1.4399
-5.62503
-4.28574
-3.37008
-2.94285
-0.835615
-4.39669
-3.6855
-3.18024
-3.30266
-3.01393
-1.37423
-1.71742
-4.0714
-1.11618
-4.44347
-0.926019
-4.47733
-1.57878
-4.47663
-5.94629
-3.40764
-2.52982
-4.15909
-1.30328
-1.59337
-1.1558
-4.06269
-2.44091
-3.86907
-4.65279
-4.04986
-1.65288
-3.17189
-4.45833
-1.70426
-1.83024
-1.30284
-2.96027
-1.55507
-2.07844
-2.04075
-4.82944
-4.40113
-3.40863
-1.6086
-6.08803
-2.98665
-1.51538
-3.45199
-4.61758
-0.873527
-1.52564
-3.6504
-1.61176
-4.93663
-5.90145
-1.07153
-1.57667
-5.92586
-5.02495
-1.13824
-3.38872
-3.36078
-1.46766
-3.00164
-4.03301
-4.39767
-1.62243
-4.58289
-4.53729
-3.87252
-4.36605
-1.45586
-4.63753
-1.57544
-3.6516
-0.92964
-5.89518
-4.60182
-4.46856
-4.9921
-2.02168
-4.41294
-3.34843
-1.64515
-1.82601
-4.1516
-2.88694
-4.38126
-4.37862
-5.04555
-1.72616
-5.86913
-2.29624
-1.19433
-1.54373
-1.5888
-4.21252
-2.04051
-1.55655
-2.3157
-4.5112
-4.76186
-4.5147
-1.88661
-1.29775
-0.880341
-1.5656
-3.59389
-4.6755
-1.5198
-4.26763
-4.39579
-4.24527
-4.38316
-1.73294
-1.51562
-3.40641
-1.96002
-3.95684
-5.2069
-0.532909
-0.523593
-1.70554
-5.29841
-3.45414
-2.84651
-1.57989
-4.19245
-1.91276
-4.22435
-4.14435
-4.61004
-1.53336
-3.42336
-3.31828
-1.28104
-3.83093
-4.48983
-4.78493
-2.98226
-4.02721
-3.21356
-4.34678
-3.67568
-4.21009
-4.7718
-4.35633
-0.806072
-3.42342
-1.5047
-1.0921
-4.52469
-1.4647
-1.54154
-1.11704
-4.49394
-4.34405
-4.52807
-4.43443
-4.10449
-3.9501
-3.99424
-1.68736
-4.45876
-1.37598
-0.92973
-1.02527
-4.48913
-1.54734
-3.92534
-3.03417
-4.44516
-1.24567
-3.84449
-4.10378
-2.00558
-4.3541
-3.73842
-4.39778
-4.52804
-3.74779
-1.63581
-1.12375
-1.45581
-3.24316
-1.17572
-3.50893
-4.93414
-3.45925
-4.2305
-4.76481
-1.53096
-4.60687
-4.52767
-0.989053
-5.33752
-0.708882
-4.03335
-4.27359
-4.22087
-0.985688
-3.17787
-1.31067
-3.44234
-1.40357
-3.66372
-3.45035
-3.21754
-3.89072
-3.88852
-3.69609
-4.65096
-5.79839
-1.48611
-2.2808
-4.45858
-2.39123
-1.81222
-1.28507
-3.69957
-4.18922
-3.81385
-3.4943
-4.09331
-1.40862
-3.14783
-4.23158
-2.50631
-1.09071
-2.91022
-6.07134
-4.3484
-2.79341
-1.28499
-4.44587
-3.38053
-4.1944
-3.01908
-1.46555
-2.68814
-3.99906
-1.57091
-1.55512
-4.93922
-2.88271
-4.07065
-4.28548
-4.69485
-4.34998
-5.94733
-1.54224
-1.57945
-5.55445
-1.31487
-4.58969
-1.68039
-3.46168
-1.77129
-0.899043
-4.37042
-1.39021
-4.43691
-4.2642
-2.99098
-2.6945
-4.27021
-3.70442
-1.48042
-2.25342
-3.934
-2.95566
-4.93891
-2.71345
-1.3793
-5.70152
-4.50706
-3.68425
-2.11037
-2.95512
-1.55974
-4.38404
-1.12089
-3.91595
-3.38661
-3.79907
-1.78617
-4.93241
-4.51023
-0.915412
-3.51966
-4.17982
-1.26152
-2.09441
-1.54473
-4.19555
-3.90287
-5.4003
-0.980881
-4.42833
-1.57932
-3.03178
-5.18911
-3.90334
-3.24844
-4.67184
-5.57242
-2.71539
-4.27565
-1.67142
-3.45106
-4.47829
-1.43527
-4.5824
-4.20273
-4.13229
-4.37659
-4.46195
-4.35727
-4.22222
-4.4698
-3.71253
-4.58787
-3.89806
-0.998227
-4.41782
-1.44882
-4.39598
-4.36384
-4.03294
-1.5893
-4.23876
-4.5527
-1.51663
-4.04119
-1.13506
-1.58355
-2.73127
-1.06545
-4.70243
-5.85378
-5.90279
-4.23869
-3.05295
-5.57044
-1.26789
-5.90864
-1.0491
-2.93301
-5.78559
-4.74334
-5.70327
-1.67088
-4.26406
-2.79263
-2.95968
-3.18634
-4.18341
-3.55415
-4.35263
-1.81388
-4.09741
-5.85048
-5.36257
-4.10614
-4.99557
-4.46483
-3.11784
-5.51793
-0.779266
-2.68778
-3.55076
-1.06225
-3.93728
-3.93363
-2.89235
-4.50253
-3.31487
-1.56577
-5.48443
-3.88565
-3.89242
-3.7637
-0.884963
-3.221
-1.47567
-2.00697
-4.37334
-1.37164
-4.09824
-4.43429
-4.69025
-5.80418
-2.11609
-3.45133
-5.0933
-1.47133
-0.83192
-3.0444
-2.67843
-3.11641
-3.22527
-1.94166
-4.09626
-5.14864
-4.60413
-6.09237
-1.52395
-0.794825
-4.24124
-3.42317
-4.49095
-3.96074
-4.36011
-1.22818
-2.99615
-3.78679
-4.937
-3.63197
-4.26947
-4.13531
-5.07296
-4.50122
-1.82142
-2.02692
-3.52992
-1.17665
-1.00812
-1.5165
-4.52499
-4.89347
-3.50343
-3.80939
-0.758477
-5.75602
-0.683913
-2.04041
-1.7935
-4.00291
-5.80456
-4.71974
-1.26679
-4.77665
-4.51737
-3.19414
-4.35653
-2.91549
-4.69787
-1.6189
-5.83601
-4.81216
-5.68901
-4.33273
-1.57075
-0.989607
-1.26411
-4.8839
-4.11319
-1.74383
-5.18031
-1.55666
-1.53502
-1.5095
-2.17328
-3.03431
-4.0051
-1.65709
-0.684297
-4.41056
-0.865368
-4.37839
-1.50969
-1.09266
-4.1139
-5.79777
-1.57914
-4.24108
-2.96826
-4.49098
-4.32821
-1.76931
-3.01445
-3.08613
-1.62049
-3.32743
-0.949232
-1.64212
-3.77832
-3.8909
-1.5068
-2.20599
-4.18064
-4.40425
-4.65886
-5.3578
-0.720376
-1.97704
-0.90099
-3.91076
-3.13653
-4.48944
-5.29296
-1.90864
-3.8987
-5.84888
-1.19281
-4.52999
-4.78106
-2.35779
-3.68621
-5.85121
-0.804835
-4.18906
-2.03044
-1.60592
-4.5596
-0.876214
-5.16824
-3.04881
-3.53385
-3.60887
-1.22518
-3.91951
-4.53332
-3.82264
-1.66924
-1.27232
-4.29549
-1.28893
-3.39077
-3.71203
-3.19069
-1.35384
-4.39924
-1.14064
-5.18389
-4.31332
-4.24505
-4.63378
-3.50922
-4.45841
-4.13194
-4.88351
-4.66964
-2.97961
-4.36383
-4.42284
-1.52319
-3.93578
-4.01243
-3.88462
-5.04311
-4.84479
-4.4473
-3.05585
-4.47898
-1.09574
-5.19548
-2.40461
-2.41379
-4.33682
-4.36254
-4.18337
-3.79115
-4.18967
-4.67837
-1.63676
-3.11485
-1.42224
-4.13286
-1.27133
-1.91834
-1.66191
-5.14561
-1.37026
-1.34049
-1.54508
-2.85803
-3.03502
-4.14409
-2.87976
-3.15267
-3.08679
-3.76317
-3.08245
-1.47875
-6.00652
-3.12101
-4.39647
-3.28632
-1.17611
-4.15554
-4.85315
-2.0911
-3.35534
-1.48174
-5.76928
-4.77907
-2.25806
-1.40595
-4.52173
-4.19869
-1.72903
-4.55505
-5.06021
-2.10636
-1.63529
-5.81585
-1.50239
-4.49999
-0.71094
-4.49075
-4.8511
-3.92867
-5.17994
-4.81152
-1.49828
-4.39335
-3.11421
-4.48446
-3.64653
-4.70114
-0.845898
-4.72471
-1.20191
-3.1719
-6.05093
-1.56518
-1.25799
-1.71738
-4.33177
-4.30922
-3.35031
-2.92889
-1.60568
-5.80194
-3.38986
-4.46735
-5.07022
-1.12075
-5.06504
-4.35642
-1.45367
-1.79587
-4.91998
-2.47559
-4.34042
-3.8262
-4.57137
-4.25959
-4.50868
-1.17475
-3.22666
-4.37062
-4.40835
-4.71549
-4.60643
-1.3782
-2.88034
-4.51227
-3.95297
-5.38466
-1.99222
-0.862845
-2.98761
-4.73318
-4.47118
-3.94103
-3.56901
-4.33958
-4.48422
-5.47286
-3.99127
-4.48598
-4.06199
-4.72065
-2.30182
-3.91094
-4.38891
-4.42921
-5.86137
-3.75196
-4.26347
-1.00588
-4.49839
-1.53576
-4.45282
-4.48281
-3.02571
-3.16
-1.49336
-5.56775
-1.2532
-3.91074
-1.64031
-5.36004
-4.43142
-4.12235
-3.15209
-0.809811
-1.11771
-3.07063
-1.88619
-4.88896
-1.50481
-2.97785
-4.6845
-4.31645
-1.92136
-4.30787
-5.55185
-1.17248
-1.86575
-1.63113
-1.48015
-4.25906
-1.74566
-1.26041
-2.88713
-4.26558
-1.46479
-4.65002
-1.77062
-1.78127
-2.759
-3.7978
-3.8759
-1.89947
-1.52555
-3.78985
-3.40532
-1.69985
-5.77534
-4.30324
-1.28666
-1.33441
-3.23929
-4.28927
-1.54383
-4.54493
-1.98237
-4.26355
-3.80765
-5.40652
-4.61934
-2.87549
-4.28418
-5.50165
-1.50627
-3.48774
-5.99933
-2.94012
-3.85888
-4.3119
-4.39979
-3.79971
-1.5175
-1.70783
-1.59138
-1.42903
-1.61466
-3.69093
-2.93399
-1.5839
-3.94756
-3.98582
-3.18785
-3.73892
-4.2597
-6.01256
-3.52616
-3.5043
-0.802383
-0.868347
-4.44822
-2.00601
-4.25191
-3.20154
-2.06596
-3.85959
-4.35311
-3.14807
-1.79385
-2.00093
-3.35242
-4.95314
-1.66109
-3.96984
-4.12291
-2.5646
-5.61066
-1.07572
-2.88893
-2.21104
-3.83636
-1.5418
-5.67263
-4.57404
-3.24698
-1.37836
-1.41278
-2.72741
-5.60621
-1.48253
-4.06911
-4.63511
-2.40048
-1.34039
-5.61111
-3.95301
-4.38025
-1.13413
-4.46084
-1.4433
-3.88464
-1.63657
-2.1046
-1.70254
-3.14937
-6.09913
-4.91246
-4.19433
-4.67386
-4.47423
-0.977235
-4.4224
-5.72741
-2.65767
-1.55472
-1.82415
-4.64565
-4.4494
-4.30081
-3.71321
-4.8578
-1.43769
-0.805912
-3.46837
-4.44795
-4.34357
-5.25327
-1.53185
-2.69079
-4.38404
-5.05428
-5.73805
-5.71618
-1.27592
-4.12589
-2.64371
-5.21803
-3.5103
-1.50238
-1.07593
-0.852713
-1.63693
-5.93567
-1.12534
-5.76657
-2.09596
-1.40076
-3.12949
-1.47367
-3.98533
-4.38857
-1.89653
-1.61203
-1.50514
-3.97262
-1.39447
-4.29818
-1.41585
-4.79286
-1.76299
-2.65414
-4.52504
-5.42113
-3.46766
-1.69414
-1.33815
-4.52178
-4.46561
-4.454
-3.38336
-1.29612
-1.60145
-1.20878
-3.81494
-3.77473
-4.498
-4.58126
-3.96011
-2.69626
-4.29933
-5.11876
-4.34949
-3.63639
-3.89015
-5.62325
-4.55966
-3.98818
-1.12089
-3.39409
-4.06667
-5.63422
-5.77914
-4.59767
-4.29177
-1.87609
-3.20885
-1.59351
-4.43207
-1.15555
-4.50251
-1.65704
-0.749625
-2.70755
-3.45716
-1.30198
-3.25171
-3.87296
-4.68933
-2.69718
-1.36321
-4.2695
-4.49205
-1.57693
-4.83557
-3.41158
-1.555
-4.0795
-4.71907
-4.17979
-4.60463
-2.99094
-5.84051
-1.03134
-3.24522
-5.54068
-1.3182
-3.76491
-1.24841
-4.5573
-3.9113
-3.96556
-1.47508
-4.78373
-4.45828
-4.48965
-1.6576
-3.95549
-5.03467
-1.15356
-1.39366
-3.13852
-4.41093
-4.88368
-5.48187
-4.97729
-5.6221
-4.16014
-4.75186
-1.2064
-4.21035
-2.62722
-3.43064
-5.14065
-4.35136
-5.51981
-1.26087
-4.30088
-5.28167
-3.42312
-3.6901
-3.96721
-1.23346
-4.11146
-1.51934
-4.36235
-3.88205
-1.28001
-3.75498
-3.37853
-4.61117
-4.57915
-4.3845
-3.8239
-1.52622
-5.4326
-4.45011
-4.34811
-1.25757
-2.93242
-4.45503
-1.40944
-4.50346
-3.15996
-4.48008
-4.38648
-4.76287
-2.66334
-3.77322
-5.1415
-3.84126
-1.02179
-4.38797
-5.36222
-3.62346
-1.28122
-1.62557
-4.93025
-2.97661
-1.49006
-1.94975
-4.29088
-4.58936
-5.96316
-5.84932
-0.961214
-3.74939
-5.88173
-4.1158
-4.03557
-1.43938
-4.73022
-3.97027
-4.63467
-4.46184
-4.84657
-5.28204
-2.26834
-4.97677
-4.37352
-4.38684
-1.22149
-5.12944
-3.26496
-1.45041
-1.92554
-3.92195
-4.11647
-4.23106
-1.58837
-6.01307
-4.76234
-4.96447
-4.75588
-4.48094
-1.3772
-1.241
-5.54047
-5.83738
-5.78993
-2.02684
-1.47401
-4.54684
-3.92282
-4.5783
-4.47947
-4.87269
-3.91288
-3.95047
-1.12783
-4.74703
-1.55639
-1.68208
-4.30093
-2.49654
-0.751187
-4.62792
-4.06682
-4.50739
-3.97474
-3.08556
-1.5929
-4.67001
-4.54031
-3.14309
-1.44643
-3.26462
-2.67756
-4.46554
-4.88285
-3.7158
-3.9614
-4.64389
-4.08737
-4.57248
-4.36962
-5.13954
-3.93964
-2.3579
-2.59882
-4.81341
-3.11324
-4.47989
-0.747503
-3.68231
-3.30492
-1.21639
-3.91638
-5.54406
-4.35449
-4.50678
-4.88932
-4.66366
-5.41552
-5.44517
-5.19671
-3.88202
-2.66828
-4.07473
-3.38373
-3.67453
-4.279
-0.876874
-4.7086
-3.86045
-4.96872
-4.44072
-5.01202
-1.13644
-3.32932
-4.88371
-3.29532
-5.34099
-4.44946
-6.03787
-1.75408
-4.51998
-4.41861
-2.94637
-3.00026
-4.1354
-3.57317
-4.31826
-4.73235
-4.56758
-4.42882
-5.38732
-2.00451
-4.31389
-3.82146
-4.65418
-4.22574
-4.19664
-1.87419
-1.73812
-3.39295
-4.88995
-3.8616
-4.42895
-1.87558
-4.84495
-1.43072
-1.42291
-0.885897
-1.87174
-1.59491
-3.87896
-4.24074
-5.26886
-1.72101
-4.1633
-3.86232
-4.43517
-4.59381
-1.73329
-1.19385
-2.85603
-5.40537
-1.07825
-1.61436
-3.94824
-4.53189
-4.85888
-3.37299
-4.67205
-3.97455
-2.02114
-1.40678
-4.46753
-0.920039
-3.93675
-4.02319
-1.66049
-4.2279
-1.16852
-5.16341
-1.29991
-4.76715
-1.5789
-4.04741
-4.53408
-0.992697
-4.88122
-3.94385
-4.12234
-0.832271
-2.1959
-3.83023
-4.59226
-2.02992
-1.26225
-4.12082
-4.55066
-4.1323
-4.34129
-4.82657
-2.03681
-1.46861
-0.868577
-3.22025
-1.84656
-1.56752
-3.87624
-3.96175
-5.8729
-0.504406
-4.32831
-3.3263
-4.50845
-5.9443
-5.56486
-5.69769
-3.66094
-4.01651
-3.96095
-3.82059
-1.53269
-4.13626
-1.51206
-4.33886
-4.70454
-4.90121
-1.92378
-5.02547
-3.1736
-3.18159
-5.56265
-2.86271
-3.18086
-5.13114
-1.30475
-4.25023
-4.55727
-1.01385
-5.53249
-4.78917
-2.99289
-3.41391
-2.88605
-0.810668
-4.26445
-4.13383
-1.80103
-1.28565
-2.97605
-4.66628
-1.87021
-3.88534
-1.77175
-3.52483
-2.95111
-1.79594
-1.90685
-4.48599
-4.61238
-3.95483
-2.06128
-1.41029
-4.18249
-4.23463
-1.28196
-1.82098
-1.44858
-1.62612
-0.848447
-1.77896
-2.24387
-4.41432
-6.02724
-4.36541
-3.90068
-4.31446
-0.847597
-3.93335
-4.90974
-5.16808
-4.66498
-3.12949
-1.44256
-5.23141
-5.89626
-4.89628
-1.39677
-4.61219
-4.71209
-1.85215
-4.29577
-2.47388
-2.03964
-4.05599
-4.16299
-5.16437
-3.39234
-4.58663
-2.44938
-4.91501
-3.56396
-4.34054
-3.07973
-3.04211
-4.54366
-4.60089
-4.12319
-3.4847
-1.7571
-3.73211
-4.50992
-4.21727
-4.2916
-4.56068
-4.37861
-4.7112
-5.04337
-3.87937
-4.0545
-5.23082
-4.30681
-2.98624
-1.44957
-2.98081
-4.3096
-1.5763
-5.75745
-3.92269
-5.66407
-4.44663
-5.45217
-3.52861
-1.13161
-1.80838
-0.840343
-4.22391
-4.38343
-4.91502
-1.52265
-3.84233
-1.70585
-4.39756
-4.45928
-3.53886
-4.6918
-1.21673
-4.28462
-2.12644
-4.57383
-1.75408
-4.45067
-3.95345
-1.71729
-5.82306
-0.810701
-4.39295
-4.40908
-1.5891
-1.4813
-3.98519
-1.79683
-4.34072
-5.16075
-3.92732
-5.90891
-0.938615
-4.64556
-5.07023
-5.26945
-3.92453
-3.63737
-4.85003
-4.60958
-5.80697
-1.19834
-5.48971
-4.62731
-3.48824
-1.56634
-3.45206
-3.37594
-5.26308
-5.42147
-4.05414
-1.77918
-1.71335
-4.37154
-4.64587
-4.0615
-3.54462
-4.48481
-3.00882
-3.61804
-3.89415
-4.41617
-1.24754
-1.18004
-4.27376
-4.43726
-4.31489
-1.45543
-4.42481
-3.54215
-5.3894
-1.0652
-4.60111
-1.5547
-4.69817
-5.32523
-5.78819
-4.26253
-3.97446
-2.41496
-3.86916
-1.57711
-4.30177
-4.25406
-0.98479
-5.22885
-1.22749
-4.50626
-1.81292
-4.53926
-1.25813
-1.0852
-3.9015
-5.00067
-2.0804
-3.81471
-4.44803
-5.91984
-3.38764
-1.56561
-3.84586
-1.68552
-4.36392
-4.59667
-4.15379
-1.07091
-3.12243
-2.48627
-1.08243
-2.28537
-4.05836
-5.13323
-4.39703
-3.90191
-4.30639
-3.5964
-4.57839
-4.57114
-1.54621
-4.32419
-2.94651
-4.29117
-4.17222
-1.95765
-2.59981
-2.51449
-4.50068
-4.50647
-4.69077
-4.91452
-1.41236
-4.45617
-2.26356
-4.01035
-2.53623
-2.80189
-1.05946
-3.93886
-0.860425
-0.99137
-1.70579
-0.9353
-4.38923
-4.2268
-1.52167
-1.22842
-3.26386
-4.94702
-4.39646
-4.58005
-1.38737
-2.78787
-4.44897
-1.55231
-5.08573
-4.58653
-6.01044
-1.52272
-3.98681
-1.45377
-3.80491
-4.9731
-0.968464
-1.59908
-4.41194
-3.96789
-4.0936
-4.31694
-4.30086
-1.60991
-4.28339
-4.53349
-1.43904
-1.07853
-4.52988
-4.10359
-4.63335
-4.45794
-1.17241
-4.55793
-3.33284
-4.72327
-4.86296
-4.76477
-4.6514
-5.90261
-4.18224
-1.70571
-1.66753
-1.4633
-4.77929
-1.45835
-5.08531
-1.12497
-4.59954
-1.4127
-3.97373
-4.59964
-5.11026
-1.50311
-3.49799
-4.42824
-4.84518
-4.84645
-3.1034
-5.02418
-5.59844
-1.28527
-4.85851
-4.23098
-3.49011
-4.50719
-5.39337
-1.92911
-3.12221
-3.94123
-4.48742
-1.10026
-4.42822
-1.05065
-4.35136
-3.50626
-4.64511
-1.56029
-5.23232
-4.67112
-4.97931
-3.12869
-1.08062
-1.27386
-4.38089
-0.856183
-0.960126
-1.1617
-4.406
-4.47904
-5.01593
-4.84441
-3.23715
-0.759304
-4.71763
-4.53186
-1.90906
-1.2115
-1.2798
-3.55146
-1.73533
-4.01715
-4.99562
-3.12851
-5.97263
-3.6951
-1.82634
-4.61775
-5.23299
-3.80035
-4.46617
-3.65972
-1.18949
-4.44787
-0.856784
-3.47143
-2.4531
-6.05449
-4.68991
-2.34521
-2.90764
-1.69503
-4.51066
-4.52047
-1.0446
-5.19567
-4.5621
-1.20301
-5.94779
-4.39574
-1.41046
-1.93422
-4.46554
-4.58291
-4.67224
-5.29335
-4.0004
-1.29802
-5.28932
-4.04166
-2.01132
-2.03065
-4.93059
-4.3446
-1.2798
-1.18769
-4.45431
-0.924134
-2.45604
-3.96178
-5.90028
-5.49233
-4.33335
-4.84078
-3.65742
-1.42805
-4.06594
-3.37069
-4.34792
-4.17827
-0.977201
-0.835221
-5.0077
-4.5091
-0.829394
-6.02377
-0.979493
-3.2035
-4.13745
-2.94858
-5.16429
-1.0959
-2.69486
-2.86822
-1.74074
-4.38481
-4.8097
-4.82555
-0.887235
-3.81499
-4.66648
-4.21014
-0.689863
-1.67885
-4.7768
-2.89277
-1.92148
-4.29911
-1.81705
-5.91624
-1.48129
-1.72425
-4.87557
-1.60412
-1.37706
-5.09597
-4.67864
-3.34663
-4.41025
-3.92801
-1.20941
-1.6048
-4.31537
-2.42241
-4.68435
-3.00658
-2.65895
-5.21662
-4.59435
-4.42177
-4.39991
-4.22021
-4.50864
-4.71153
-4.31586
-2.50989
-4.60999
-3.21264
-4.00872
-1.41347
-4.40069
-4.6475
-6.03411
-2.40668
-1.03811
-4.68914
-1.74389
-1.72301
-1.00423
-1.50199
-4.21673
-1.1756
-4.52698
-1.94111
-4.03718
-3.84871
-0.950173
-4.19512
-3.94522
-2.82702
-5.34114
-3.44925
-4.86338
-0.704789
-4.36779
-1.91552
-4.18326
-4.25033
-5.07012
-6.08713
-3.58074
-5.27031
-2.14189
-4.31569
-4.56206
-4.18485
-4.30072
-4.6397
-3.25555
-3.92831
-1.99967
-3.7833
-5.9782
-4.44
-1.26026
-1.75245
-4.20866
-0.370086
-1.45838
-4.94388
-2.88543
-4.26045
-3.91147
-3.55428
-1.16623
-4.7211
-0.945144
-3.87773
-4.36862
-4.87133
-1.46787
-1.58553
-3.4448
-4.0834
-3.91486
-4.50002
-1.22472
-5.02179
-0.984945
-5.70578
-5.79269
-4.83451
-4.56588
-0.797279
-1.11718
-4.28982
-1.54367
-3.88804
-3.47207
-0.828071
-4.45662
-1.52641
-3.42169
-3.79147
-4.30988
-1.14355
-4.72568
-0.834988
-4.22742
-5.08241
-1.54459
-1.51952
-1.07536
-4.75017
-4.44313
-4.60075
-4.21209
-4.56137
-3.21795
-1.47529
-0.994146
-1.17663
-4.44946
-1.10227
-4.88244
-5.4492
-1.03129
-4.22721
-1.70042
-3.96624
-5.78018
-4.28724
-5.38165
-4.50267
-5.19641
-4.48945
-4.65751
-1.44009
-4.48071
-5.14378
-4.02374
-4.359
-4.97346
-4.68047
-4.56646
-2.28501
-4.50155
-5.12083
-4.83064
-4.65334
-1.90781
-4.74509
-4.85901
-4.26319
-5.73324
-5.14351
-0.633214
-1.4584
-4.29641
-1.41837
-5.20525
-4.21576
-2.02244
-4.66923
-4.96411
-4.52198
-2.07556
-3.83475
-0.972779
-4.62914
-4.52973
-4.8515
-4.14964
-1.19034
-4.31762
-3.2873
-1.98231
-2.8006
-1.69969
-3.91106
-4.45977
-6.06175
-3.67103
-4.51724
-1.47816
-4.44177
-4.40602
-4.61949
-1.04276
-2.95618
-4.57095
-5.27699
-1.86304
-4.70381
-3.67373
-1.43063
-2.1669
-4.48103
-3.65405
-4.28758
-4.41295
-1.54632
-5.72414
-2.68379
-1.24483
-5.11988
-5.8451
-1.38337
-2.73045
-4.335
-5.0873
-4.33621
-4.3879
-1.69484
-4.51567
-4.24503
-4.52044
-1.56189
-4.23687
-5.56608
-4.5615
-4.20758
-1.49275
-2.27775
-4.3977
-1.46315
-5.22532
-3.37628
-4.35407
-1.68986
-5.98718
-3.69267
-4.36891
-1.28903
-1.29957
-3.54319
-0.909662
-4.51672
-4.69165
-1.37824
-5.67305
-3.24473
-4.28695
-4.47026
-4.12512
-1.44555
-1.59777
-2.26807
-4.52238
-2.90392
-1.45456
-1.53033
-4.42415
-5.61005
-4.11891
-4.45821
-4.0951
-4.6176
-4.76887
-4.16591
-3.15799
-4.21966
-4.24754
-5.18637
-5.07033
-4.54764
-4.49365
-3.88384
-4.23253
-4.29807
-4.29219
-0.693155
-1.08742
-4.17994
-4.04143
-5.1189
-4.6582
-5.18157
-5.0568
-3.97523
-4.43504
-0.979396
-3.18818
-1.23117
-4.50138
-4.44968
-4.60601
-5.22247
-4.76423
-1.25446
-4.45688
-4.96945
-1.75858
-4.52515
-4.81488
-4.20426
-1.26962
-5.24595
-5.4596
-1.40601
-4.48909
-1.43685
-4.75867
-4.20224
-4.79707
-1.26589
-5.3874
-4.8761
-4.45849
-1.02468
-5.13926
-4.62227
-4.4738
-4.00641
-5.66016
-1.58057
-4.43478
-4.74746
-4.56963
-1.53269
-3.43738
-4.25874
-1.27305
-4.25714
-4.29015
-4.4233
-3.72623
-5.762
-5.73492
-5.26092
-1.49669
-5.60653
-4.08375
-1.12551
-5.63547
-3.72338
-5.41819
-4.03474
-1.64378
-4.49593
-2.01771
-4.39971
-5.15367
-1.21335
-1.21362
-1.54556
-4.98003
-5.18474
-5.82831
-0.911454
-5.48764
-0.978308
-4.53703
-4.20555
-4.66583
-0.611684
-0.621565
-4.23921
-4.28255
-4.43481
-4.2526
-4.22192
-4.23578
-4.48231
-2.07965
-4.46629
-4.36612
-4.32134
-4.52242
-4.58497
-4.84233
-5.16213
-5.19782
-3.05002
-1.6801
-5.08585
-0.983389
-3.89049
-2.68602
-4.44378
-5.20605
-5.10711
-4.53214
-5.58495
-1.43967
-4.82135
-4.43607
-4.44494
-3.95957
-1.03637
-5.02426
-5.30999
-5.1162
-4.14691
-4.23844
-4.42488
-4.38416
-5.9517
-5.10699
-4.74087
-5.17432
-5.7951
-1.50202
-1.21931
-4.52645
-4.90042
-0.907785
-4.54153
-4.99595
-2.6797
-4.88149
-3.2179
-4.27663
-4.41244
-5.53964
-1.5233
-4.14479
-1.14167
-1.30484
-4.72091
-3.7656
-4.79134
-4.58274
-3.66783
-4.56328
-5.59274
-4.43476
-1.48419
-3.96435
-4.53812
-4.57323
-4.43945
-4.45566
-5.63426
-4.44849
-5.067
-4.48441
-3.12395
-5.1725
-4.2897
-1.27998
-1.02451
-1.62643
-1.31168
-4.43795
-4.20196
-1.2558
-4.16881
-3.98304
-3.7456
-4.56891
-1.21986
-4.38813
-4.3337
-4.62045
-4.16745
-4.85173
-2.6383
-2.0869
-1.4202
-4.27243
-3.97508
-4.55579
-4.302
-4.55783
-1.74072
-3.91411
-3.59751
-3.75166
-1.27703
-4.32224
-4.32005
-4.56404
-5.69632
-1.11226
-5.61086
-3.77225
-4.43948
-2.01571
-4.9804
-4.24814
-5.3547
-4.92688
-4.56366
-3.97251
-4.0051
-1.46639
-4.88493
-5.68967
-1.64106
-3.73234
-4.55585
-4.78923
-1.24208
-5.68015
-0.819283
-4.19729
-1.32082
-4.70227
-4.39839
-2.89219
-1.7118
-4.17204
-2.98747
-4.43418
-1.01832
-4.23535
-3.66782
-5.17986
-4.85384
-3.68405
-1.03319
-4.39193
-4.25609
-3.64308
-1.52194
-2.09031
-1.8266
-3.14591
-4.44464
-3.56815
-3.91149
-2.03627
-1.54175
-1.7634
-2.49924
-4.15616
-1.51703
-4.3122
-2.00818
-4.9618
-5.24688
-1.69166
-4.18625
-4.50121
-1.46877
-3.54151
-3.12881
-5.12153
-5.15688
-1.72517
-4.45598
-4.23574
-4.46382
-0.940453
-4.22546
-1.17156
-4.63163
-1.47468
-1.11412
-1.0124
-4.0886
-1.47234
-2.87037
-2.27006
-1.00899
-0.736486
-1.5069
-3.43694
-1.17382
-2.50423
-4.49916
-3.18747
-1.10449
-0.857146
-2.95275
-1.58358
-2.8702
-1.38502
-1.86204
-4.7637
-3.78818
-4.61688
-6.09313
-1.50911
-1.02943
-0.814407
-4.53594
-1.72332
-1.84082
-3.03336
-2.35882
-1.77478
-1.37472
-4.6638
-5.65894
-1.5561
-4.2554
-3.12476
-1.42159
-4.26953
-1.34075
-4.37911
-1.59103
-4.03342
-4.44042
-5.88713
-1.24293
-0.847518
-1.74811
-3.02767
-2.15824
-4.28447
-3.97283
-4.88232
-1.71753
-1.49071
-0.786001
-2.97266
-3.97148
-4.43057
-1.82264
-3.10593
-4.57701
-3.96937
-4.38078
-4.27345
-3.75908
-3.8826
-4.52508
-4.6825
-3.99294
-3.59227
-4.4348
-4.77238
-3.39387
-4.36548
-2.04119
-4.43657
-4.8904
-2.24853
-1.27664
-1.36655
-1.12993
-4.83615
-2.95094
-4.43172
-1.97955
-4.36981
-4.59605
-1.48267
-5.5828
-4.45442
-3.52744
-1.40278
-4.73476
-3.63216
-4.6117
-4.3626
-1.42516
-4.7223
-4.4585
-5.00748
-4.31473
-4.53844
-5.20356
-4.26997
-3.54051
-2.47684
-5.31067
-4.16133
-4.28556
-1.11722
-2.9261
-1.12524
-4.31424
-4.5388
-4.03465
-5.88487
-4.24282
-4.92771
-4.28703
-1.0698
-4.73852
-2.08669
-1.51232
-4.7782
-1.68409
-4.45241
-5.47555
-4.45403
-4.86591
-2.38977
-4.36141
-5.53945
-1.41353
-5.32623
-4.42283
-5.06862
-4.17899
-5.01162
-1.00714
-3.54866
-1.05543
-4.28114
-1.13703
-4.84898
-1.30783
-4.37253
-1.25101
-3.9457
-1.93457
-1.36578
-4.41636
-5.41381
-3.40858
-4.28042
-4.54999
-4.33225
-4.92684
-2.48154
-1.45898
-0.824341
-4.80301
-5.21974
-3.20984
-4.08444
-2.57576
-1.01362
-4.43378
-4.43808
-4.63126
-4.77827
-5.28204
-4.40456
-4.67155
-1.67692
-5.01316
-4.59486
-5.05909
-4.89431
-2.95175
-5.9427
-3.17061
-3.14621
-5.6072
-0.797727
-3.92326
-4.36913
-4.49938
-4.58642
-0.952702
-5.92985
-3.90472
-1.4108
-4.1089
-1.49158
-3.90353
-2.87664
-4.52244
-1.47473
-0.958981
-1.69509
-1.58534
-4.46651
-1.24559
-4.69366
-1.40037
-5.82272
-4.45434
-3.71828
-1.83855
-4.36429
-4.84841
-4.39638
-4.1541
-5.87771
-3.96644
-4.82442
-1.6343
-5.24356
-1.1825
-1.67187
-4.48184
-4.48005
-4.78575
-4.26488
-5.53133
-5.48381
-4.28103
-4.25907
-4.34789
-1.47982
-4.24846
-4.47516
-4.4736
-3.97785
-4.31238
-1.21253
-5.78506
-1.24791
-1.06399
-4.28077
-5.51716
-4.46813
-4.32656
-4.35107
-4.81397
-2.37338
-4.40335
-1.80034
-1.95774
-1.60826
-4.52555
-4.47266
-4.02401
-2.38251
-4.25581
-1.76097
-0.815905
-5.12856
-0.861982
-4.43154
-4.73114
-4.43387
-4.32669
-4.26971
-4.12569
-4.44077
-4.38318
-2.08147
-3.91162
-2.83829
-1.15703
-4.37352
-1.57407
-3.19405
-1.38612
-4.9171
-4.59959
-4.38372
-4.21027
-5.36961
-3.76444
-5.92686
-2.90435
-3.95469
-1.23023
-4.18299
-4.32797
-1.815
-2.68001
-6.07982
-1.7143
-4.49783
-1.56414
-4.55385
-4.60062
-1.21992
-1.53541
-3.36549
-0.803471
-4.35192
-4.43867
-4.25141
-1.32426
-4.53475
-4.37687
-4.79765
-1.34711
-1.43597
-5.03052
-4.64123
-4.45398
-4.40849
-4.49339
-4.26432
-4.52419
-4.48253
-4.32868
-4.43761
-0.976931
-3.24016
-4.3597
-0.775873
-3.56338
-1.48441
-0.893626
-1.18558
-4.01464
-4.4997
-4.2582
-3.5466
-4.43411
-4.5834
-4.99674
-0.971828
-6.05684
-1.37351
-4.29935
-4.97456
-4.50361
-4.0384
-4.11925
-4.26245
-1.24813
-4.94329
-4.25506
-0.895618
-2.58989
-5.69129
-4.43305
-4.78843
-1.47519
-5.22958
-4.21105
-1.37432
-5.07302
-4.85521
-4.49864
-4.79442
-1.33064
-4.23709
-1.81566
-4.31021
-3.73986
-4.45082
-4.39109
-4.2935
-3.08467
-4.6679
-4.3852
-1.46735
-2.98423
-1.47629
-5.21033
-1.08089
-0.777905
-5.15602
-4.46631
-3.18678
-4.5036
-4.34579
-4.31044
-1.40425
-1.55268
-4.61728
-3.29928
-4.05051
-0.899617
-3.9275
-4.89508
-4.13169
-0.964457
-1.08385
-3.89761
-5.33681
-4.43448
-0.916046
-4.99385
-4.86673
-4.67028
-3.91039
-3.14729
-4.50519
-2.61007
-2.41127
-3.91171
-4.78714
-5.40531
-3.73769
-4.56664
-4.32371
-4.86371
-5.97142
-4.11664
-4.38192
-2.38027
-1.35261
-4.56299
-1.39443
-5.4208
-5.97078
-1.50136
-4.08543
-1.15386
-4.80324
-4.93607
-4.41173
-3.78341
-4.7073
-5.35096
-4.81561
-3.27529
-4.51523
-4.09428
-3.69845
-4.31744
-2.39085
-4.79476
-4.37964
-4.39093
-0.962565
-4.88574
-4.22053
-4.54561
-1.33569
-5.14342
-0.789449
-5.50753
-0.822533
-4.24893
-4.16652
-4.42785
-4.43926
-1.14509
-5.27191
-1.02293
-4.36377
-3.40789
-4.388
-1.63588
-4.04046
-5.83131
-4.74972
-4.43751
-0.798699
-2.3592
-0.787822
-4.37972
-4.04831
-1.43206
-1.50488
-4.36915
-3.38494
-5.06507
-3.88717
-4.76288
-3.97963
-5.01559
-3.66214
-4.56163
-4.37992
-4.35493
-5.20158
-1.6134
-5.26833
-4.5596
-2.96838
-1.06887
-3.52739
-4.19386
-4.51024
-4.93124
-1.63973
-5.02268
-4.82583
-5.1731
-4.43732
-4.53072
-4.58923
-4.69485
-4.81246
-4.06576
-4.48628
-4.80636
-1.2438
-4.48856
-1.53479
-4.8853
-5.41012
-1.25388
-5.57849
-4.37705
-4.43685
-1.33071
-1.57384
-0.908369
-4.39265
-3.90692
-4.41502
-1.47674
-4.39447
-1.30629
-4.45876
-1.76509
-4.89946
-2.40351
-1.07783
-4.64793
-3.91731
-4.498
-3.28572
-4.41953
-2.50573
-6.09843
-3.21241
-4.25802
-4.15607
-5.92474
-4.1902
-0.862375
-4.57737
-4.72284
-4.42124
-3.42662
-1.80332
-3.60408
-1.47573
-4.4578
-4.41281
-1.49782
-0.82547
-3.27291
-4.49663
-4.60544
-4.05576
-1.73029
-4.41023
-4.65605
-5.2871
-4.59506
-4.5296
-4.3422
-4.43336
-4.37709
-4.90274
-0.631043
-4.38666
-1.56529
-5.47026
-4.342
-4.12186
-1.54509
-2.46646
-4.2719
-1.43047
-4.57432
-4.74475
-4.23445
-4.61967
-5.50035
-1.23989
-4.3658
-1.457
-1.68905
-1.31862
-2.27084
-4.35306
-5.1964
-4.37159
-5.18865
-4.37319
-4.26543
-4.18059
-4.04837
-5.57394
-3.24652
-4.57425
-5.38061
-5.61205
-4.4197
-4.79221
-0.999991
-2.67436
-5.49903
-4.54297
-4.92906
-5.24149
-0.978142
-4.56603
-4.46823
-1.68834
-5.24604
-1.13099
-5.86372
-0.87882
-4.46889
-4.90995
-0.993487
-4.89036
-4.59123
-1.5284
-3.94834
-5.1576
-4.92037
-4.4156
-0.89407
-5.25291
-1.98222
-3.70837
-4.26322
-5.50979
-1.49314
-4.23047
-4.34225
-1.93113
-1.53041
-3.5342
-4.15407
-1.66411
-0.970915
-4.80243
-4.79722
-5.31756
-4.44185
-1.21828
-5.39724
-1.35422
-0.0642191
-2.87991
-1.49239
-4.18853
-4.54209
-4.28634
-4.55055
-4.2097
-1.50002
-4.2361
-1.18888
-4.46808
-5.1054
-0.715727
-5.22437
-4.32212
-3.71966
-4.56715
-4.42832
-5.31231
-1.30137
-1.73766
-4.29133
-1.52302
-4.57239
-4.29034
-1.06046
-4.46347
-4.49517
-3.72112
-4.33119
-4.39463
-1.3224
-1.39548
-4.76189
-4.3466
-4.289
-4.26175
-4.25149
-4.76502
-0.800541
-3.70184
-4.48461
-3.22562
-4.21078
-4.19027
-3.20493
-4.88558
-4.80861
-4.55419
-1.46003
-2.93714
-2.17411
-1.45378
-4.12782
-2.84801
-4.42918
-1.31413
-4.66145
-4.36102
-0.880482
-5.31375
-4.43547
-1.13569
-4.16694
-0.925491
-4.35204
-4.47505
-3.73328
-4.34873
-4.43545
-1.28535
-4.26014
-4.20821
-4.24856
-3.73887
-2.01525
-3.66352
-2.99757
-6.04706
-4.64957
-1.3319
-2.0244
-4.24276
-4.28091
-4.38044
-4.19629
-0.907067
-4.24636
-0.88166
-4.37618
-4.28078
-4.72455
-3.84308
-4.44928
-2.01082
-4.44934
-3.74967
-3.98985
-1.48225
-2.90905
-4.24655
-4.24056
-4.14466
-4.21188
-1.01695
-4.54134
-3.67081
-3.63093
-1.627
-4.11216
-4.68847
-2.08078
-1.73055
-4.45106
-2.21301
-1.51511
-4.37115
-5.96009
-5.21609
-5.60751
-1.35943
-4.64724
-4.31895
-4.51132
-4.608
-1.28398
-5.09903
-1.16288
-1.47509
-2.47161
-1.08674
-4.24022
-1.20324
-3.45911
-2.91139
-0.579078
-3.29584
-6.03755
-3.95566
-5.96156
-4.95938
-1.44879
-4.06293
-0.954105
-4.31725
-1.61678
-4.51536
-4.37509
-4.49794
-1.82851
-0.887679
-1.2926
-4.50799
-1.73275
-4.47826
-1.23854
-1.44941
-1.51896
-2.08497
-4.82497
-4.4214
-4.50345
-4.48204
-3.44708
-4.28914
-1.2481
-0.934324
-3.92477
-4.74736
-2.67082
-4.45214
-4.76203
-4.99333
-4.5297
-4.80324
-4.05379
-4.52777
-1.40409
-4.40397
-1.44243
-1.38657
-4.10466
-3.19662
-1.30522
-5.21098
-1.2068
-4.63767
-4.61317
-1.53152
-1.49785
-3.5962
-1.3259
-2.94234
-4.74183
-2.89984
-4.39859
-3.89138
-5.21905
-4.5696
-4.49432
-4.50148
-2.01107
-3.23111
-1.42107
-4.61013
-5.13949
-1.48299
-4.42166
-4.32345
-4.48769
-4.54309
-0.707348
-4.23009
-1.01036
-0.964388
-4.30114
-4.48541
-1.59044
-4.42662
-5.27894
-4.27271
-5.65925
-4.54774
-4.72768
-5.25392
-1.04379
-4.32641
-4.44663
-4.48524
-0.83173
-4.39292
-4.43805
-1.07463
-1.38263
-4.11229
-4.42936
-2.41305
-1.39476
-1.12042
-4.45961
-1.45934
-1.0835
-1.54795
-1.44217
-2.43487
-4.49592
-4.37223
-1.77487
-4.45402
-4.5495
-4.46315
-5.98697
-1.5055
-1.47182
-4.37201
-4.68518
-4.28084
-0.870415
-3.47147
-2.73201
-4.80192
-4.30158
-1.65613
-4.60196
-4.53003
-4.70615
-4.53581
-4.47095
-4.19793
-2.72308
-3.45979
-5.14479
-2.94527
-1.5639
-4.79632
-5.1956
-2.00036
-4.77852
-4.49286
-4.44503
-3.51978
-4.44552
-5.27195
-3.90907
-0.861272
-4.99692
-0.888283
-4.57197
-4.32777
-4.44668
-4.98744
-4.6298
-1.74482
-4.49684
-3.58938
-4.23345
-0.939079
-4.78946
-1.15178
-2.86384
-0.948526
-4.44757
-4.31594
-0.674484
-4.57901
-1.72855
-4.64753
-4.31082
-4.54704
-4.59077
-4.56554
-4.44586
-0.970525
-1.4686
-1.29087
-3.88052
-4.32117
-2.41785
-1.21444
-4.31754
-0.838006
-4.55378
-4.48371
-4.01758
-4.23588
-1.23432
-0.508015
-5.08768
-4.20736
-1.44893
-3.54217
-4.74898
-4.60993
-1.60171
-2.98389
-4.06539
-4.55691
-1.26454
-4.51192
-3.8933
-4.29257
-2.37094
-4.22847
-4.66156
-4.57014
-4.26319
-4.63793
-4.23565
-0.882109
-0.72527
-3.94647
-1.29904
-1.42273
-4.29665
-0.909969
-4.56842
-4.31551
-2.67284
-2.23045
-1.47092
-1.12317
-1.7066
-2.65269
-4.40365
-3.53599
-4.34869
-1.09753
-1.7377
-5.87311
-1.09295
-4.53053
-4.94646
-2.79282
-3.13229
-2.34211
-1.29143
-4.53609
-1.29176
-4.37826
-2.66538
-5.13731
-4.53579
-4.45045
-1.03388
-4.53351
-5.97558
-1.52497
-3.93929
-5.08911
-4.22024
-3.03861
-0.723006
-0.713977
-4.32411
-4.17704
-4.1675
-4.97555
-4.68769
-4.14818
-4.87989
-0.962285
-4.6144
-2.97527
-1.16963
-0.824723
-4.45453
-4.65971
-4.08272
-1.30642
-0.87491
-4.48486
-5.14738
-5.91818
-0.852249
-4.73705
-4.37013
-4.5576
-4.95579
-4.33535
-4.17109
-0.631136
-1.98206
-3.21774
-1.14796
-4.85778
-4.28586
-4.36293
-5.02805
-3.72266
-1.22146
-4.12281
-1.36935
-4.4418
-2.03389
-1.08498
-4.55351
-4.23686
-4.20384
-4.98843
-4.47412
-1.20331
-4.68262
-1.62287
-4.5543
-5.18217
-5.17344
-4.08559
-5.71584
-3.97869
-4.56828
-4.29449
-4.29324
-4.50235
-5.97465
-1.23041
-1.68514
-1.02687
-1.53327
-3.22824
-2.94837
-4.81166
-5.11629
-4.02182
-4.55517
-4.70545
-4.46119
-4.63141
-4.1898
-5.97963
-4.44366
-3.78438
-4.90253
-0.77166
-4.79035
-4.52722
-3.08638
-1.28111
-4.2718
-2.06905
-1.18605
-4.38259
-4.73816
-1.39944
-4.07452
-1.37898
-4.40479
-4.53253
-4.19701
-4.51939
-4.42616
-4.31174
-4.52424
-5.1818
-4.68265
-4.59103
-4.53974
-1.73891
-4.5459
-4.34822
-4.31292
-4.28685
-4.51314
-4.38925
-3.82959
-3.75519
-4.26296
-1.3556
-4.29075
-1.44083
-4.37661
-4.63403
-2.39902
-3.05879
-1.38501
-4.35239
-4.51033
-4.34877
-5.1467
-4.9261
-0.950133
-4.4505
-1.45766
-1.76634
-4.33682
-1.19534
-1.45792
-2.06579
-4.35374
-5.89135
-4.74907
-4.76973
-1.44044
-3.9686
-4.8984
-2.02665
-5.1169
-1.61261
-4.8958
-1.38418
-4.8897
-4.90451
-4.41309
-5.00654
-4.62833
-4.50127
-4.52164
-3.24077
-1.03049
-4.72405
-5.80292
-4.52446
-3.87425
-4.40464
-4.54713
-1.362
-4.78393
-4.27859
-4.47689
-1.72893
-4.49037
-5.249
-5.98456
-4.24899
-3.81522
-4.66593
-4.47418
-0.956184
-1.80326
-1.36805
-5.13244
-1.62416
-4.49313
-4.29286
-4.31857
-5.02373
-1.07597
-4.24027
-4.52024
-4.39115
-4.23474
-1.44776
-1.01698
-1.14118
-1.56201
-4.30436
-5.25232
-4.4341
-4.26388
-1.46259
-4.51965
-1.6187
-3.98152
-4.40336
-3.64048
-4.38169
-5.44517
-4.70671
-4.21092
-4.75106
-4.37538
-3.05939
-4.85007
-3.90967
-0.840216
-2.02969
-1.11787
-4.86493
-3.04359
-4.27722
-5.84941
-1.44491
-4.19233
-3.99152
-4.2381
-4.57277
-4.47023
-4.52209
-4.95433
-2.29302
-5.8005
-4.07129
-1.35874
-0.809465
-1.25388
-5.18307
-4.47605
-4.16979
-3.68109
-4.91438
-4.86925
-1.09197
-1.03254
-4.82702
-4.89249
-4.47322
-1.86963
-4.20341
-1.75044
-4.83052
-1.1333
-0.577866
-1.57871
-4.68901
-4.79848
-3.99854
-2.38881
-3.54883
-4.79165
-1.38701
-4.54379
-1.44515
-4.22677
-4.22766
-4.45263
-0.665066
-4.8753
-1.3783
-1.53099
-3.8504
-0.80774
-4.42788
-4.70986
-1.01017
-4.85233
-4.372
-4.8628
-5.54021
-1.73978
-0.666011
-1.37384
-5.02132
-3.11215
-4.23973
-1.982
-4.40514
-4.32762
-4.53367
-1.08195
-4.85054
-3.76372
-2.01401
-0.686399
-4.38112
-1.45805
-3.20181
-5.6974
-1.46708
-4.31298
-4.70523
-1.1565
-4.65865
-3.16314
-3.0417
-1.21034
-4.72856
-4.49004
-1.43052
-4.61962
-1.23184
-3.03767
-4.70029
-4.37043
-4.5252
-3.11093
-3.00251
-1.57527
-4.29614
-1.41421
-4.30912
-4.70492
-1.40406
-4.27627
-4.4596
-5.19121
-4.28462
-4.52679
-4.52996
-3.74543
-4.51093
-4.24496
-4.33813
-2.18157
-4.24283
-4.27591
-3.62993
-1.41839
-4.62722
-4.85151
-4.29912
-4.3574
-4.27949
-0.952164
-4.28153
-0.700949
-4.48826
-4.30521
-4.69316
-4.83049
-4.34963
-4.49684
-2.40185
-4.31385
-2.36751
-4.65387
-4.41528
-1.43846
-1.28358
-1.47157
-4.44829
-5.39549
-4.51783
-0.8532
-4.27816
-4.23687
-4.26151
-4.45176
-1.41865
-0.948159
-0.77649
-4.38123
-4.59392
-4.4165
-4.6011
-4.8028
-4.98251
-4.25845
-4.27275
-1.62333
-1.12299
-5.00648
-4.00696
-2.43701
-4.3977
-5.18408
-4.26334
-4.35432
-3.76776
-0.833964
-4.49301
-1.29788
-0.785003
-4.36634
-4.37251
-4.80864
-4.51332
-0.767628
-2.22745
-4.33961
-4.68193
-0.846906
-0.511861
-5.20691
-2.60122
-4.91937
-4.51346
-3.83642
-4.26095
-4.27628
-4.5097
-3.02321
-4.23595
-3.1872
-4.80366
-0.821146
-4.51485
-3.08734
-4.7595
-4.78707
-6.00839
-4.33544
-3.57108
-1.68901
-5.60479
-1.85933
-1.31892
-4.88373
-1.1385
-3.39664
-4.50034
-1.23546
-1.06228
-3.61929
-4.92769
-1.75793
-3.15425
-6.0738
-1.9752
-5.98624
-4.2518
-2.85976
-4.27615
-4.70743
-3.88423
-4.32766
-4.53634
-4.90602
-4.59708
-4.71776
-1.62239
-1.43757
-0.839766
-4.61659
-4.46249
-3.71128
-3.92265
-1.54986
-3.92922
-3.93441
-4.19614
-1.71483
-4.59301
-4.46478
-3.98828
-4.55436
-3.84792
-1.99571
-1.44927
-4.34654
-4.8468
-4.95067
-4.58463
-1.44227
-4.04589
-4.2911
-4.464
-4.63524
-0.36746
-2.66499
-3.764
-4.33485
-1.81492
-1.42216
-4.12272
-1.68381
-4.57795
-4.29589
-4.62126
-4.29425
-2.89934
-4.87411
-4.76245
-4.53088
-4.74067
-1.99074
-4.77249
-4.4678
-1.67696
-4.48062
-3.83959
-5.51762
-1.22355
-3.90423
-4.73587
-1.06985
-4.41665
-4.26727
-5.47402
-4.58698
-4.95087
-4.47251
-4.23812
-4.50518
-4.15324
-4.6847
-5.79033
-4.7235
-1.71699
-4.28081
-4.40341
-4.27509
-4.46066
-1.2415
-4.50761
-4.84445
-4.39998
-2.49755
-4.53913
-4.55531
-0.60896
-4.52175
-4.23419
-4.5191
-0.886347
-3.91205
-4.55342
-4.63727
-4.45658
-3.98985
-1.01419
-3.19844
-4.46743
-4.40992
-4.25104
-1.68023
-1.45936
-3.24551
-3.23952
-0.74623
-4.45595
-4.54856
-4.31582
-4.67919
-4.75781
-5.81299
-1.75627
-4.52976
-4.64608
-4.49992
-4.87735
-0.816755
-3.43527
-4.49007
-4.15815
-3.89586
-4.52543
-4.04243
-4.29495
-1.67288
-5.64966
-4.7641
-4.28938
-5.33562
-4.52827
-4.53715
-1.37686
-2.86604
-3.01841
-4.12006
-3.89544
-1.26889
-4.54583
-4.32759
-4.12868
-4.37435
-4.42258
-4.5209
-4.40854
-0.783601
-4.60775
-4.28421
-4.16288
-4.26279
-4.53608
-4.43576
-4.91462
-3.89755
-3.81858
-4.79559
-1.44228
-0.765225
-4.17534
-3.20237
-4.88882
-1.45337
-3.97267
-1.06853
-0.82506
-4.48538
-4.36886
-1.17023
-4.54404
-4.31883
-4.13291
-4.59481
-4.52314
-1.40864
-4.78947
-4.80462
-4.42187
-4.36953
-4.51863
-4.46825
-4.27478
-4.30604
-0.834888
-4.34899
-0.822736
-4.73683
-1.26221
-4.58284
-4.37836
-4.50724
-4.46557
-4.46143
-1.42378
-4.28182
-4.29366
-1.6445
-4.55577
-4.81977
-3.89352
-1.57942
-1.18465
-3.86553
-4.21432
-3.76788
-4.69435
-1.34467
-0.981344
-1.42954
-1.59166
-4.38605
-3.75409
-5.89456
-1.94717
-4.02854
-4.44563
-4.44211
-4.67594
-1.69119
-1.26437
-1.81178
-3.99146
-1.31568
-4.35704
-4.27317
-1.42595
-3.30917
-3.26413
-4.60846
-1.01746
-4.47808
-0.917817
-4.51629
-5.04836
-1.48976
-2.21148
-4.49703
-1.37237
-4.34186
-0.984401
-4.5199
-1.78544
-4.35765
-1.42067
-3.77011
-4.94643
-4.39289
-4.30748
-3.90579
-5.70656
-2.00389
-4.90967
-1.23184
-4.82026
-4.28139
-4.49547
-4.5445
-4.3129
-1.54694
-4.06768
-4.68048
-1.42201
-1.25532
-4.29635
-4.53296
-4.92175
-0.828346
-4.4962
-4.24814
-4.73853
-4.07245
-4.66511
-4.27602
-1.40697
-5.58428
-4.14909
-1.10165
-0.86813
-5.36225
-4.47751
-5.49751
-4.31796
-2.4572
-4.60874
-0.752047
-4.21545
-4.69395
-4.03978
-4.62818
-4.61054
-4.44484
-4.40009
-4.45355
-1.0916
-4.35432
-4.02324
-1.47213
-4.51041
-1.37349
-4.4758
-1.30711
-4.47787
-0.297555
-4.51852
-1.31362
-1.53064
-4.292
-4.45422
-4.65489
-4.92095
-4.81893
-4.88721
-5.93721
-4.21846
-4.92487
-4.68783
-5.07759
-0.973637
-4.46165
-5.3069
-1.40595
-4.39295
-4.25997
-0.822879
-1.75138
-4.33876
-0.881438
-1.47618
-4.54531
-4.30785
-4.53823
-4.49078
-4.71522
-0.808156
-4.6522
-4.2143
-4.44463
-3.43459
-5.58101
-5.61955
-4.25061
-4.46546
-5.39315
-4.5258
-4.56004
-2.97626
-4.39773
-4.34536
-4.56587
-4.66574
-4.59844
-1.41799
-4.57839
-4.46661
-1.67273
-4.29379
-4.39447
-4.58084
-5.04364
-3.88517
-3.65267
-4.47675
-4.11527
-4.64318
-4.74851
-4.27034
-1.45805
-0.728072
-4.45645
-3.88838
-4.25275
-1.40119
-4.6138
-1.44165
-1.60061
-3.41241
-2.98344
-2.01726
-3.89673
-4.4478
-4.33735
-4.2703
-5.05328
-4.17563
-4.73444
-1.38258
-2.31127
-1.47186
-1.66806
-4.6081
-1.20224
-4.41211
-4.34166
-4.4812
-1.48036
-4.38181
-1.18454
-0.809637
-4.48587
-5.08794
-4.30442
-4.78557
-1.17402
-4.26968
-4.65539
-0.786495
-4.48049
-0.578794
-4.53865
-1.82529
-3.45971
-4.22637
-3.95659
-4.5594
-3.64698
-4.22665
-4.39847
-4.59551
-4.78833
-4.282
-4.00517
-4.05817
-1.24317
-1.84114
-3.9299
-4.36449
-1.36878
-4.06138
-2.2268
-5.18075
-4.73982
-4.22362
-4.24349
-1.38156
-4.37594
-4.51017
-1.30827
-4.26209
-4.19548
-4.52993
-3.51134
-0.950404
-3.9014
-4.37739
-1.82779
-4.37296
-1.33406
-4.36727
-4.31073
-5.62181
-4.81635
-2.00711
-5.04137
-4.43454
-4.40236
-4.28541
-4.69076
-4.74919
-4.56702
-4.91758
-4.79217
-4.29289
-4.54423
-5.23361
-1.42541
-3.89527
-3.87801
-4.58812
-4.36634
-4.87766
-4.78861
-4.02932
-2.48972
-0.993459
-4.28223
-5.43501
-4.30042
-4.53353
-4.7019
-4.53401
-4.17524
-3.20892
-3.36785
-4.7787
-4.02274
-5.74932
-4.47999
-4.71196
-3.56295
-1.37299
-1.2077
-4.83928
-4.12888
-4.40634
-4.41909
-2.00424
-5.63083
-5.33005
-3.89839
-4.27937
-4.60677
-1.57459
-4.52845
-1.5697
-4.955
-0.780304
-4.28925
-4.36484
-3.40037
-4.22476
-5.5166
-2.98901
-4.07544
-1.60827
-4.68569
-4.49468
-4.65173
-4.68862
-4.84872
-4.64147
-3.84054
-4.50442
-2.51682
-4.49578
-4.63421
-3.24971
-4.33927
-2.52757
-3.7046
-3.95562
-3.8173
-1.40454
-3.4486
-3.7936
-4.7717
-4.41973
-4.79662
-1.70964
-4.07919
-4.42988
-3.43208
-4.86532
-4.32645
-4.34852
-3.205
-4.5895
-4.47965
-5.89087
-3.91735
-5.9481
-4.34465
-4.24399
-4.52843
-4.69422
-4.59583
-4.58983
-4.45154
-5.20837
-1.36026
-4.96895
-1.43816
-4.71491
-3.74794
-4.48255
-4.76628
-4.52166
-0.372963
-4.85363
-4.48814
-1.28019
-3.88798
-4.67752
-5.01469
-4.25287
-1.47193
-0.968016
-1.15658
-4.43409
-4.36372
-5.02715
-2.13849
-4.63333
-2.28088
-4.36658
-4.45147
-5.73812
-1.394
-1.59324
-1.57723
-1.55972
-5.56896
-1.3709
-4.32515
-4.65559
-4.46008
-4.34074
-1.08633
-1.61145
-4.42197
-5.09594
-4.30994
-3.56354
-4.53462
-5.44928
-1.16686
-4.44
-1.99584
-1.28874
-1.1641
-4.98347
-4.34606
-4.55918
-4.29019
-4.51682
-0.841092
-4.41333
-5.75628
-4.33056
-3.07272
-4.39456
-5.48482
-4.57995
-4.37633
-1.57102
-1.18384
-1.23131
-2.25606
-1.02024
-3.88467
-1.4198
-4.38476
-1.38751
-1.10782
-1.41359
-4.26934
-5.78965
-2.95197
-1.78703
-3.96416
-4.48761
-1.40877
-1.46275
-4.42299
-2.16269
-4.4854
-4.1235
-4.45431
-4.25938
-4.31544
-4.38054
-2.91893
-0.877527
-1.58877
-4.19169
-4.82961
-4.40049
-2.25602
-5.21195
-3.64109
-4.56622
-4.36221
-4.82144
-3.90649
-4.56104
-4.4141
-4.36157
-2.87952
-3.73608
-5.12469
-2.24788
-1.3456
-4.78281
-4.77504
-4.52247
-4.21424
-1.25464
-1.41174
-4.40956
-4.86416
-3.94105
-4.44462
-1.46537
-5.89486
-0.952441
-4.02634
-2.96155
-4.40719
-2.34753
-1.72985
-4.2057
-5.03906
-0.998153
-4.45768
-1.09937
-4.76681
-4.28813
-3.4789
-4.80603
-4.37823
-2.02692
-4.9652
-4.51851
-1.41766
-2.83373
-4.47732
-4.348
-4.28926
-1.40914
-4.36973
-4.58039
-4.52661
-1.4336
-5.11172
-4.63641
-5.65105
-1.28307
-1.44003
-1.00055
-4.30231
-4.39904
-4.75048
-5.22961
-2.91896
-4.5227
-3.94661
-0.817375
-1.4338
-2.34302
-4.8605
-3.51015
-2.95569
-4.235
-1.19308
-5.06004
-4.71637
-5.87067
-4.34196
-0.524783
-4.06313
-4.50967
-4.53058
-4.32848
-4.48749
-0.798693
-1.6821
-5.83851
-4.50183
-4.16969
-4.96339
-4.3546
-1.93677
-4.48448
-4.01324
-2.06519
-3.83831
-4.30165
-4.06724
-2.3155
-4.70342
-1.14921
-4.2457
-3.75038
-1.68734
-4.29293
-4.61734
-2.331
-1.80342
-2.7414
-4.32517
-4.44703
-4.88272
-4.50471
-5.74504
-4.53516
-4.23512
-4.51775
-3.70427
-4.82245
-4.55622
-4.23345
-3.1823
-4.53436
-4.31101
-4.50507
-1.71794
-4.59295
-4.39682
-4.47268
-4.41685
-4.38149
-4.39826
-4.05534
-4.92112
-4.67342
-4.73041
-4.87607
-4.55835
-4.02781
-4.80774
-4.64363
-4.6666
-4.64347
-4.02484
-4.82413
-4.81934
-4.80381
-4.79267
-4.05608
-4.61458
-4.15091
-4.76322
-4.59677
-4.80766
-4.92639
-4.03425
-4.07934
-4.18697
-4.86251
-4.09543
-4.78797
-4.03723
-4.07625
-4.92856
-4.03542
-4.76604
-4.04642
-4.91198
-4.02976
-4.14615
-4.90185
-4.33679
-4.89109
-4.62353
-4.68771
-4.10505
-4.49745
-4.5451
-4.42917
-4.9144
-1.12874
-3.89559
-3.89259
-1.46866
-0.813055
-3.93013
-4.17963
-2.05083
-4.48421
-1.66566
-4.45673
-3.99716
-5.82971
-1.73872
-1.5228
-4.17073
-2.9634
-4.22719
-4.72368
-4.5283
-4.91243
-4.33785
-4.62405
-4.54634
-5.86439
-3.86808
-4.49312
-4.04585
-4.48126
-5.11762
-4.83058
-1.06916
-4.14168
-5.27383
-4.15255
-0.851825
-5.20628
-5.29773
-4.85467
-4.31191
-1.32118
-4.6651
-4.42067
-4.75448
-4.00236
-4.33122
-4.49698
-5.79452
-4.55949
-4.19146
-4.51296
-4.86741
-4.43335
-4.48532
-3.49113
-1.41182
-1.42232
-4.50069
-4.6457
-0.621237
-1.22006
-4.39354
-3.26242
-4.18713
-4.31484
-4.80248
-4.53752
-4.60857
-4.53133
-4.48909
-4.58092
-1.46139
-4.34191
-0.937334
-4.26624
-3.87796
-4.88554
-4.84712
-4.48403
-4.87118
-4.48273
-4.44191
-3.85377
-3.78684
-3.87635
-0.796102
-1.29242
-4.64818
-1.44045
-5.81284
-5.56355
-4.67476
-4.40202
-4.53033
-4.46026
-4.73355
-4.52254
-4.73872
-1.48386
-4.47091
-1.43306
-4.45185
-3.91023
-0.817679
-4.90367
-4.2931
-1.8174
-4.53572
-5.12297
-1.66732
-0.940912
-4.60448
-4.27561
-4.30765
-2.96292
-1.33292
-1.48062
-4.25253
-2.07367
-4.27604
-2.09115
-4.44833
-4.04965
-2.07436
-4.46567
-4.48797
-3.4954
-3.74142
-5.80555
-1.15383
-4.72869
-4.34443
-0.838554
-1.08617
-1.57093
-1.34989
-1.42996
-4.72253
-1.06684
-0.82187
-1.44602
-2.31729
-1.07785
-0.322313
-1.396
-4.48245
-4.28914
-4.47293
-4.14636
-4.29899
-4.63395
-3.72879
-4.52559
-4.36656
-1.69518
-4.22062
-3.37819
-4.49253
-4.70319
-2.03919
-4.4552
-0.75316
-1.72193
-4.50719
-1.39477
-4.54859
-4.2467
-4.10524
-2.98001
-1.82441
-1.7142
-4.34859
-1.99998
-5.84604
-4.77559
-1.3509
-2.86684
-5.15816
-4.22349
-5.06015
-0.592676
-4.59122
-3.28826
-3.99617
-4.4548
-1.47485
-4.41832
-0.937238
-4.59505
-4.44724
-5.86687
-1.21598
-3.61308
-3.01216
-4.51912
-4.15247
-4.30913
-4.25738
-4.29578
-4.74777
-1.08223
-4.37273
-5.98361
-4.39531
-4.40281
-4.83948
-2.93716
-4.55495
-4.12241
-1.56825
-4.49617
-1.6578
-1.27143
-3.95635
-0.947461
-2.88598
-4.35886
-4.52236
-0.736923
-3.03178
-4.33235
-4.59
-4.01411
-1.39894
-4.1987
-4.62108
-4.26327
-1.24802
-4.35399
-1.09456
-1.4015
-3.51321
-4.58445
-3.248
-1.6021
-1.42018
-4.33509
-0.520102
-4.65114
-3.41222
-5.32598
-4.53487
-4.34604
-4.79241
-1.99109
-2.92621
-1.15789
-4.45289
-4.37256
-4.48989
-5.43675
-2.97667
-4.46033
-1.75976
-4.67851
-3.15133
-4.5661
-0.794991
-4.41651
-0.65527
-2.29145
-4.3469
-1.71293
-4.16608
-4.26106
-1.5587
-3.8994
-6.07444
-1.49291
-4.36108
-0.735593
-4.42447
-1.27077
-4.65247
-4.54972
-1.3991
-1.03423
-2.20314
-1.209
-4.62562
-3.87652
-4.20339
-4.51405
-1.51335
-4.47264
-4.41693
-4.30312
-4.35781
-1.44153
-4.39076
-4.8778
-4.57048
-4.67974
-5.26493
-4.45616
-0.926321
-5.47783
-4.43623
-0.869263
-4.44309
-4.28238
-4.32865
-0.922531
-4.76528
-2.0009
-4.33791
-4.28672
-4.62803
-1.41238
-5.80286
-2.59373
-5.31324
-4.26222
-1.06739
-1.08857
-1.24871
-4.56883
-4.52159
-4.22835
-3.1723
-0.942638
-4.4881
-1.05346
-3.84645
-4.38604
-4.46271
-3.84537
-1.48687
-4.73054
-3.29183
-4.40808
-4.37865
-0.812412
-4.45054
-4.48247
-4.53452
-1.07416
-4.54368
-1.58907
-4.66801
-4.26431
-4.3833
-4.34832
-4.37086
-4.4568
-4.48301
-4.89307
-4.47719
-1.09041
-1.43602
-4.34375
-1.34246
-4.37738
-5.00597
-4.72782
-2.07388
-5.54591
-4.57252
-4.36081
-3.99129
-4.45134
-4.81582
-5.27912
-5.83142
-2.26849
-4.56694
-0.847465
-4.41329
-0.895671
-5.90443
-4.42838
-2.97237
-4.37612
-1.14375
-4.38896
-1.79356
-1.36294
-5.11039
-4.61446
-4.50604
-3.55228
-4.40567
-1.4115
-4.20481
-5.56147
-4.12618
-2.88446
-4.40422
-4.82623
-1.01517
-4.89651
-3.62822
-4.26792
-3.32401
-4.22145
-2.97281
-1.71568
-5.00349
-4.36606
-4.92501
-4.41263
-2.95431
-1.22139
-4.63996
-4.32886
-5.10111
-2.24601
-1.72023
-4.25576
-2.49535
-1.3806
-4.47936
-4.59869
-0.786717
-4.73865
-1.51565
-4.63753
-4.2761
-2.96879
-2.86046
-4.42222
-3.98086
-3.77002
-1.97327
-4.16474
-4.48199
-4.44507
-4.53199
-4.22463
-4.26726
-1.367
-1.21315
-4.39072
-5.24357
-4.49291
-4.57678
-4.03769
-3.96339
-5.71641
-4.0299
-4.98856
-4.84265
-1.4508
-4.88921
-4.56303
-4.55293
-4.73844
-3.21375
-3.69917
-4.53399
-4.63952
-0.970242
-4.34094
-4.74373
-0.671454
-4.36425
-5.56589
-0.860538
-2.84678
-1.39424
-4.44277
-1.46245
-4.55179
-4.55202
-4.53721
-4.12069
-4.62226
-4.16542
-4.8965
-4.50222
-4.31641
-3.91993
-2.85681
-4.70208
-4.10756
-4.64375
-4.37568
-4.36782
-1.49727
-2.06376
-4.46981
-0.993526
-4.46543
-3.96018
-4.80476
-2.86544
-4.43694
-4.24136
-4.53092
-4.14576
-5.29109
-4.96119
-1.94781
-4.56604
-3.75471
-4.22321
-4.70155
-0.783617
-4.62763
-4.53678
-2.23547
-4.70473
-4.45443
-4.23375
-5.39705
-2.85778
-0.774513
-4.31786
-0.908211
-4.08076
-4.43313
-4.35574
-1.76174
-4.20682
-0.821067
-4.46212
-4.57113
-4.59417
-4.16114
-4.53135
-1.33982
-4.54997
-4.10119
-4.36961
-4.47499
-4.43401
-4.42553
-1.35268
-4.43191
-2.03559
-4.2632
-4.43324
-2.37022
-4.27595
-4.22999
-5.64214
-2.00931
-4.41934
-4.76449
-4.35393
-1.4636
-4.42344
-4.38296
-1.5177
-4.18663
-2.46517
-4.30079
-0.824982
-0.868121
-2.38598
-1.43988
-3.97736
-4.43994
-1.37108
-2.30484
-4.77352
-4.47809
-4.57124
-4.29763
-4.5991
-4.4242
-3.99855
-5.49824
-2.45224
-4.4123
-5.42028
-0.805854
-4.3406
-4.46439
-2.90656
-4.19817
-4.4757
-4.37293
-4.81573
-0.621391
-1.4862
-4.67033
-4.48654
-1.8944
-1.16098
-1.49285
-4.26933
-4.16504
-4.99228
-1.78939
-0.984569
-0.816074
-1.82867
-4.57767
-2.83893
-1.02848
-4.51406
-1.84496
-3.65467
-1.54716
-3.95402
-2.3296
-1.44491
-2.34612
-4.62129
-0.811821
-4.43236
-1.48885
-4.2243
-1.10747
-4.64073
-5.1211
-4.49827
-5.26119
-3.56099
-2.31115
-4.22374
-1.4078
-4.45196
-3.95565
-4.39936
-1.05493
-0.70875
-4.36401
-4.2818
-5.32456
-4.7162
-1.45154
-4.32209
-4.21097
-4.29244
-4.27906
-1.38538
-4.97487
-4.58606
-4.29059
-4.29974
-0.877163
-4.44398
-3.86332
-1.59782
-4.63569
-4.34474
-1.49259
-3.0682
-4.24318
-4.12879
-4.37449
-4.39331
-4.4304
-4.41468
-4.71727
-4.37729
-3.92879
-4.55491
-1.34016
-4.43623
-4.24596
-1.64968
-4.27119
-4.25905
-1.36303
-5.58039
-1.94867
-4.45625
-1.35186
-4.46603
-4.52136
-5.67743
-4.34878
-4.44306
-1.67039
-4.57596
-4.71435
-1.19808
-0.801294
-4.81151
-4.48229
-5.87961
-5.2771
-4.63939
-4.48385
-4.0267
-4.32567
-1.34626
-4.20505
-4.60054
-4.92642
-1.32101
-4.07905
-5.52097
-4.55237
-3.72424
-4.4309
-5.15985
-4.68366
-3.79119
-4.45314
-3.52674
-3.95668
-1.41825
-3.76759
-2.12192
-4.4794
-3.91839
-4.79621
-4.5069
-5.89977
-4.45952
-1.00399
-4.23085
-4.49514
-4.41038
-0.826963
-4.71596
-4.46032
-1.06628
-4.3698
-4.75951
-4.26314
-4.56877
-4.6217
-4.32589
-4.51851
-4.481
-4.04205
-3.98364
-4.67551
-4.2003
-4.28844
-1.60408
-4.70853
-4.50151
-4.48956
-4.52011
-4.41545
-5.26529
-4.47221
-4.75752
-4.32456
-4.77454
-1.18781
-1.8412
-1.5171
-1.32004
-1.54297
-4.82027
-1.48024
-4.81022
-4.42979
-1.64803
-4.42113
-1.38892
-4.32957
-4.52108
-1.53579
-1.53537
-4.62449
-4.62079
-2.32175
-1.28863
-4.39483
-4.72315
-4.45768
-4.33115
-4.48274
-2.00711
-1.89289
-1.40588
-1.31274
-1.80175
-4.38582
-4.39692
-4.7463
-4.26409
-1.25142
-4.37239
-4.43053
-4.57998
-4.26971
-4.83403
-3.79124
-4.36813
-2.34979
-4.21824
-5.03644
-5.04484
-5.03012
-1.47266
-4.44494
-4.46461
-2.27995
-4.54964
-4.82129
-5.21406
-1.54933
-3.19357
-4.32674
-1.30827
-4.6931
-2.9566
-5.32079
-4.57301
-4.69818
-4.4255
-0.737203
-0.746672
-1.35646
-5.08214
-2.51808
-4.37406
-5.04205
-4.61042
-1.63731
-1.40537
-4.46472
-3.72718
-5.67452
-4.83746
-4.4003
-4.33159
-4.31782
-0.751534
-1.99577
-1.37436
-5.95831
-4.56368
-4.37232
-1.294
-4.55867
-0.803961
-4.36972
-1.37674
-0.947697
-1.37631
-4.39241
-4.60621
-5.16676
-1.33815
-4.42217
-4.37079
-4.24641
-3.27908
-4.36787
-5.05923
-4.61997
-1.50784
-2.79349
-4.10781
-4.84621
-4.46261
-5.47193
-4.87735
-4.23766
-1.09023
-4.5927
-3.88531
-4.31227
-4.57812
-1.24165
-0.693333
-4.71764
-4.31762
-4.45482
-4.29587
-4.73007
-4.37313
-4.4687
-4.02395
-4.49327
-4.39744
-4.32871
-5.0461
-1.11536
-4.6413
-4.37113
-4.4537
-4.57899
-4.45921
-4.24342
-4.37651
-4.35568
-1.82872
-4.34051
-2.954
-2.38518
-1.10738
-4.72127
-0.713365
-4.73726
-4.37449
-1.84055
-4.28832
-3.83967
-0.74227
-4.31027
-1.6566
-4.37434
-1.37717
-3.32943
-3.53769
-4.51592
-3.71885
-1.62167
-4.51648
-4.70734
-3.59634
-2.96429
-4.58677
-0.254259
-4.69475
-4.5022
-4.51501
-4.29553
-4.2243
-4.25285
-4.73115
-4.56283
-1.6333
-1.85773
-4.54791
-1.35034
-4.81597
-1.42895
-4.78513
-1.08752
-4.273
-1.30955
-4.12049
-4.19881
-5.9101
-3.9076
-4.71819
-4.53453
-4.35449
-1.34538
-3.88553
-0.97357
-4.74509
-4.46442
-4.85885
-1.45333
-4.65322
-4.2195
-4.62244
-1.32843
-4.33074
-4.55418
-5.03978
-1.1242
-3.5589
-4.64622
-5.56206
-4.41681
-0.900848
-4.7331
-1.10374
-1.18746
-1.14258
-3.90561
-4.19459
-1.92877
-4.48079
-2.92248
-4.5369
-4.04062
-4.18956
-4.58217
-4.31632
-4.6061
-2.16486
-4.32416
-4.88517
-4.67644
-4.5651
-4.45276
-5.34946
-1.53901
-4.53583
-1.48683
-4.51813
-4.47277
-4.83158
-2.89917
-5.13253
-4.53005
-4.51995
-4.31185
-4.28539
-4.10809
-4.45025
-0.861254
-4.7895
-4.75765
-1.89684
-4.28275
-4.51962
-6.02191
-2.09972
-4.30624
-3.57304
-5.45008
-4.41755
-4.71215
-5.39363
-4.80642
-4.439
-4.14487
-4.05494
-4.22455
-4.12809
-4.10808
-4.24402
-5.23277
-5.60935
-4.14743
-4.38815
-4.27629
-4.32328
-1.56658
-4.35201
-4.30237
-4.52913
-4.34326
-4.70775
-4.44535
-4.55202
-1.7314
-1.93432
-4.21647
-4.40232
-0.788798
-1.31118
-2.01829
-4.8321
-1.33788
-5.27149
-4.4875
-4.74747
-5.20361
-5.4727
-4.53875
-4.04986
-4.69832
-4.29141
-2.15266
-3.72393
-4.73708
-4.41657
-4.5424
-3.67499
-6.09474
-1.19316
-3.31109
-1.39455
-4.42874
-4.52471
-3.88968
-4.32637
-1.17474
-1.42988
-4.48903
-4.67955
-4.35683
-4.57984
-4.49843
-0.96294
-0.796572
-4.72658
-4.54933
-4.20643
-4.19122
-4.49311
-4.24234
-4.14446
-4.39277
-0.986561
-4.57567
-5.04948
-4.52138
-1.17724
-4.33109
-4.43616
-4.41751
-4.32109
-2.29946
-4.65618
-4.40008
-0.861813
-4.0039
-5.01814
-3.94391
-6.011
-4.3712
-4.54209
-1.18932
-4.52094
-5.19888
-4.51372
-3.88808
-4.1914
-1.37921
-0.893855
-1.44578
-4.38718
-4.4164
-4.69712
-4.46187
-0.689214
-4.41227
-4.41144
-4.73503
-4.37189
-2.24636
-1.94087
-1.32855
-4.22276
-1.7965
-1.36427
-4.33556
-4.35436
-4.33573
-0.845576
-4.32581
-4.27577
-1.51205
-4.36872
-5.09808
-4.53319
-1.25666
-4.47789
-4.32916
-4.65964
-5.56397
-5.77312
-3.21346
-4.97311
-3.85019
-4.38512
-1.71453
-4.6124
-4.47362
-4.74353
-3.2623
-4.8621
-1.2571
-4.41742
-4.36577
-4.48467
-4.68766
-4.67467
-4.90896
-1.05105
-4.24502
-3.23493
-4.46745
-4.28386
-3.93277
-0.826102
-4.39867
-4.5608
-4.47009
-4.50012
-6.08554
-4.75226
-1.72764
-4.47852
-4.29244
-1.87527
-1.51824
-1.71772
-6.06364
-4.45159
-4.71755
-4.3516
-5.17462
-2.07793
-4.32345
-1.03429
-4.2991
-3.89725
-4.42413
-4.77532
-1.22497
-4.34667
-4.62872
-5.30468
-4.35628
-1.75928
-4.50665
-4.40089
-4.67255
-5.52992
-5.21596
-4.56513
-4.25121
-1.17338
-5.25627
-4.78154
-1.48211
-4.89238
-4.41678
-1.26478
-1.43508
-4.6736
-3.0381
-4.47176
-4.42194
-4.27497
-4.28426
-1.36754
-2.89151
-1.24725
-4.8107
-4.20186
-4.33305
-4.21103
-1.20769
-4.46304
-1.69941
-4.41075
-4.47894
-5.27788
-2.92888
-4.44518
-1.96789
-4.4778
-1.80273
-4.91378
-5.20135
-0.762756
-3.34868
-4.66125
-1.64078
-4.2973
-2.88954
-1.37956
-4.68239
-1.93514
-4.3728
-4.78476
-1.53066
-4.4854
-4.51747
-4.53422
-1.72836
-4.48633
-4.35264
-4.79263
-1.76271
-3.86805
-1.46308
-4.42258
-4.36804
-2.67163
-4.56815
-1.05805
-3.33883
-4.49932
-4.27185
-5.87889
-4.53031
-4.52813
-4.75615
-4.58602
-1.07904
-1.56697
-4.92125
-4.61254
-4.10849
-4.42613
-4.37627
-1.74436
-4.89306
-1.26364
-4.3733
-3.84748
-3.81707
-6.08561
-1.16741
-1.46264
-4.32512
-4.37628
-1.13656
-4.28502
-4.6335
-4.66493
-4.28569
-4.75876
-4.16155
-4.02403
-4.6219
-4.90671
-4.01489
-4.7978
-4.70897
-4.3308
-4.57463
-4.57359
-4.72558
-4.46166
-4.26812
-4.98359
-4.99344
-4.68727
-4.50817
-5.08294
-4.20564
-1.72
-4.4642
-4.44189
-1.57537
-4.41936
-4.45683
-4.34984
-4.50771
-4.49061
-4.51392
-2.26768
-1.39412
-0.855357
-4.42901
-4.62154
-4.28099
-5.50962
-4.64027
-4.68171
-4.49658
-5.25217
-4.21778
-5.46124
-4.61987
-0.855281
-6.06071
-4.36696
-4.92818
-2.87312
-4.27123
-4.25032
-1.38633
-3.44056
-3.87899
-1.54437
-4.53242
-0.686037
-4.1087
-4.51262
-4.78717
-1.99167
-4.64721
-4.4553
-4.455
-4.50173
-4.26424
-4.54245
-4.50957
-4.52241
-1.0964
-4.22058
-5.23182
-0.709491
-4.24125
-4.39257
-3.88759
-4.54877
-4.43612
-4.41871
-3.14424
-0.964847
-1.50177
-4.67063
-4.64796
-4.43806
-4.34805
-4.56011
-4.27695
-4.51737
-5.0005
-4.58782
-4.40157
-4.48316
-1.12081
-3.12988
-0.765761
-6.00095
-4.37608
-0.850239
-2.66885
-1.15652
-3.70543
-4.27846
-4.27526
-4.41245
-1.66761
-3.84631
-4.52241
-1.34192
-4.48749
-1.32495
-4.25737
-4.52525
-3.88141
-4.67366
-4.73156
-1.14122
-4.85332
-4.45002
-4.26658
-4.25219
-4.09001
-1.4769
-0.71092
-3.22304
-1.74677
-0.544394
-4.53145
-3.74436
-1.31815
-4.40965
-4.36066
-4.27073
-1.70484
-4.46327
-4.30655
-4.52599
-1.36777
-4.41414
-3.88868
-1.31341
-4.56535
-4.27486
-4.58641
-4.69006
-5.83784
-1.68411
-1.65421
-4.20344
-4.48298
-4.62268
-1.74794
-1.24572
-4.54454
-1.5431
-4.27982
-4.39524
-4.4365
-4.71177
-1.15718
-4.50194
-4.16381
-1.71826
-4.36317
-4.38775
-4.23596
-4.3405
-5.00556
-1.43763
-4.4999
-4.2656
-0.791709
-5.14836
-3.97404
-4.56454
-4.51761
-1.77474
-4.47309
-3.50138
-3.99037
-4.55254
-1.64521
-4.20463
-4.46679
-1.41313
-4.1982
-4.44589
-4.62103
-2.85136
-6.07685
-4.25836
-5.48921
-4.56599
-4.49303
-4.34511
-1.64323
-1.98442
-3.15105
-4.02057
-4.62076
-4.91964
-4.65029
-4.6567
-4.49568
-4.42277
-2.13032
-4.3616
-0.898008
-1.88654
-4.26416
-4.28215
-4.83253
-2.45136
-4.54226
-4.47652
-0.840269
-4.47696
-4.45596
-4.76223
-1.32356
-4.63465
-0.971501
-3.73328
-5.15676
-4.79677
-4.5745
-4.37068
-4.54226
-0.67214
-4.48437
-4.37786
-5.18819
-4.53111
-0.722348
-4.26695
-4.53255
-5.54919
-4.01385
-4.28607
-4.73017
-1.08637
-4.2692
-4.59343
-4.42316
-1.17076
-1.35625
-6.02063
-4.56629
-4.52344
-4.43234
-5.56919
-5.32927
-4.47271
-3.25458
-0.936382
-5.05796
-4.39194
-4.37246
-3.22158
-5.13576
-1.93069
-4.28835
-0.771561
-1.18455
-1.0392
-4.54656
-1.40154
-1.23051
-4.43792
-3.99682
-1.13827
-4.39046
-1.47607
-4.28132
-4.0722
-0.791721
-4.52379
-4.40333
-4.17368
-3.36297
-4.08477
-4.63471
-4.45163
-4.3974
-5.25646
-4.33506
-4.1811
-2.19896
-4.45213
-4.33294
-4.43997
-1.31713
-4.51053
-4.27486
-4.40114
-4.45278
-4.21734
-4.341
-4.85146
-4.629
-0.676124
-4.45045
-1.30905
-4.25815
-4.26574
-6.05581
-3.31567
-4.439
-4.40525
-1.4341
-4.41025
-5.42201
-4.49911
-1.30662
-4.4505
-1.39287
-4.93445
-0.73031
-1.4571
-4.27601
-3.90031
-4.3126
-4.42318
-4.21123
-4.37138
-5.14726
-3.05036
-4.45972
-4.5909
-4.26975
-4.19086
-4.02619
-4.60652
-0.895477
-1.70743
-4.46666
-4.82151
-4.2222
-2.83412
-1.71747
-4.25996
-4.50638
-4.23777
-4.24134
-1.15161
-2.85979
-1.07562
-4.44964
-4.57589
-4.44851
-4.60544
-4.4561
-4.20961
-4.27793
-0.7845
-1.44231
-4.30329
-4.61508
-4.58017
-4.55418
-4.23847
-4.67703
-4.47815
-0.819037
-4.2299
-1.60125
-1.32383
-4.3457
-4.39318
-4.24029
-4.61836
-4.53177
-4.24968
-3.87586
-1.3669
-4.15347
-3.72133
-4.23587
-4.63647
-1.7656
-4.45524
-4.30314
-4.68722
-4.56028
-4.68797
-5.2013
-4.464
-4.28515
-4.16604
-1.56978
-4.36474
-4.47391
-4.45817
-4.31904
-2.93999
-4.31073
-4.31135
-2.80471
-2.23282
-1.36527
-2.92603
-4.45076
-4.53402
-4.6613
-4.30555
-4.31118
-4.34372
-5.08318
-4.27373
-2.46074
-1.69062
-1.06669
-4.37657
-4.5439
-1.35995
-4.38297
-2.13814
-4.39589
-0.934955
-4.30319
-4.53255
-4.74067
-4.12463
-0.948099
-4.25634
-3.14518
-4.30168
-1.23677
-5.52129
-4.45645
-5.06762
-2.83325
-4.16386
-3.62609
-4.82609
-3.95267
-4.49492
-1.03585
-4.20204
-1.53907
-4.38404
-4.36097
-4.30708
-1.48476
-4.46293
-1.08507
-4.52119
-4.66428
-4.54206
-4.17007
-4.64226
-4.36445
-0.954353
-4.08268
-2.87534
-2.93926
-0.754164
-4.44723
-4.46904
-4.42721
-4.75744
-2.69641
-2.86957
-4.67681
-5.89417
-3.72879
-1.30653
-4.48355
-4.89695
-4.33312
-0.799075
-4.40221
-4.24451
-6.03376
-0.630535
-4.25509
-4.37229
-5.42699
-4.35134
-4.429
-4.37309
-4.19593
-4.65183
-3.66134
-4.34901
-1.14183
-0.809019
-5.16538
-4.49132
-4.4128
-4.27664
-4.60671
-2.48745
-4.6251
-0.748699
-6.07917
-1.25612
-4.18774
-1.57544
-3.20766
-4.55916
-2.15929
-4.33097
-4.47634
-3.40385
-1.49417
-4.42583
-4.28734
-4.04431
-1.30923
-1.01846
-4.23179
-1.52051
-1.42908
-3.22017
-4.31836
-4.38739
-0.808352
-2.94094
-3.92827
-4.41798
-4.45443
-4.67217
-1.01671
-0.962107
-1.63382
-4.47952
-1.99136
-1.11204
-4.6905
-4.08525
-4.57771
-4.72208
-0.698552
-4.81886
-4.47916
-4.74355
-4.34443
-1.02676
-4.29695
-4.30413
-4.29692
-4.54115
-4.75699
-4.41337
-1.46698
-4.30251
-4.57681
-3.3281
-4.432
-4.64412
-1.3496
-4.52191
-4.25189
-4.27385
-3.29371
-4.42645
-2.25747
-4.22796
-4.23468
-4.59923
-4.20868
-1.07458
-4.53522
-4.57792
-1.82069
-4.23151
-4.44631
-4.34249
-4.44412
-1.76151
-1.31174
-4.65984
-4.67896
-4.19291
-4.63829
-1.10112
-0.821247
-1.09673
-4.44871
-4.52294
-4.46207
-6.09021
-3.75791
-3.38738
-1.41179
-4.53705
-5.42714
-1.49765
-1.49776
-0.799207
-2.19792
-4.22521
-1.82916
-1.00173
-4.2429
-1.37796
-0.788128
-4.51227
-4.31568
-3.97717
-4.24802
-5.09415
-4.25507
-4.21691
-4.07282
-4.54335
-4.25845
-0.614454
-4.91699
-2.8423
-4.83052
-1.056
-4.5737
-1.85275
-4.6959
-4.68509
-5.20239
-4.34375
-4.65407
-4.42884
-4.5412
-1.99947
-1.53002
-4.57069
-4.28797
-4.44382
-1.2956
-4.36467
-4.31571
-4.37667
-4.43281
-0.606029
-0.827531
-4.349
-5.99247
-4.23579
-4.48499
-4.35352
-4.57241
-4.24172
-6.09227
-4.42717
-4.40228
-1.22478
-1.29341
-0.646091
-4.52762
-4.35239
-4.81204
-4.2355
-1.44755
-1.4489
-5.59738
-2.18657
-4.60147
-4.27325
-4.5117
-1.0043
-5.38886
-1.39067
-4.25587
-2.00193
-2.87219
-4.43165
-5.17239
-5.51351
-4.64737
-4.1906
-4.43966
-1.34753
-3.75826
-4.19341
-4.35391
-4.64713
-4.95059
-4.33872
-4.6145
-4.42112
-4.55973
-1.29439
-4.39025
-4.40403
-4.32623
-4.33004
-1.34177
-3.91422
-4.45354
-0.7715
-4.27971
-0.791661
-3.66898
-4.30901
-1.54107
-4.28334
-1.73917
-0.794876
-1.41307
-4.63012
-1.7499
-4.51734
-5.58839
-4.54175
-0.738794
-4.41892
-3.59033
-4.45173
-1.21157
-4.30195
-5.86489
-4.44504
-1.10337
-4.37343
-4.55482
-1.00045
-4.24558
-4.59211
-2.46044
-4.22836
-4.43238
-1.70932
-4.29244
-4.33887
-4.23677
-6.02875
-4.78542
-1.14782
-0.740482
-4.34189
-0.709187
-4.31322
-4.38595
-4.51508
-4.35285
-3.82929
-4.23573
-4.37395
-4.83242
-4.31349
-1.39237
-4.58246
-4.41771
-4.37372
-6.07585
-4.30579
-1.47902
-4.27374
-4.33748
-2.95279
-1.53771
-4.2268
-4.53805
-0.833528
-2.22583
-1.17921
-3.95081
-4.52491
-4.13912
-4.24511
-4.1585
-2.01922
-3.12964
-4.41724
-4.43443
-5.10314
-4.44162
-5.3661
-4.45898
-4.42759
-4.314
-4.27133
-4.27947
-3.81597
-4.54071
-1.90184
-4.67599
-0.705032
-4.22344
-0.853188
-4.59494
-1.1488
-4.47352
-4.623
-4.24744
-4.44288
-4.86601
-4.66417
-4.23176
-4.62144
-0.765313
-4.3929
-4.52235
-4.3467
-4.07504
-4.08354
-5.23955
-4.34752
-4.43977
-0.696855
-1.31215
-4.72909
-4.6443
-4.43415
-3.90294
-4.37696
-4.8394
-0.96315
-4.49381
-4.70953
-1.54664
-4.43712
-4.42841
-4.34854
-4.50477
-4.56624
-4.96304
-1.22374
-1.75355
-4.24448
-4.47457
-4.23562
-1.3064
-5.04115
-0.993657
-4.57701
-3.78682
-0.940287
-1.33115
-4.28585
-4.54948
-4.2522
-1.88973
-3.88293
-1.36068
-4.67632
-5.33635
-4.2412
-4.27483
-4.42214
-4.42926
-4.32985
-1.27822
-4.28081
-3.14773
-4.16467
-4.54751
-4.54956
-4.35599
-0.986122
-4.22612
-4.08327
-4.24226
-4.3348
-1.71655
-5.26296
-1.8977
-5.19142
-1.47178
-1.50549
-1.20308
-3.98646
-3.12986
-3.3164
-2.87275
-4.83349
-4.591
-4.49565
-4.33428
-4.32674
-4.7758
-3.93956
-4.22472
-5.14444
-4.20971
-4.60458
-4.37796
-5.69462
-4.29223
-4.08809
-1.64371
-1.64189
-4.29377
-2.40538
-3.25356
-4.33832
-0.715989
-2.24413
-4.44105
-4.5405
-3.57735
-1.91592
-3.89198
-4.58433
-4.33183
-4.50371
-3.89727
-4.19621
-4.35292
-4.21966
-4.43116
-4.53573
-4.34508
-3.25216
-4.38783
-4.20364
-4.43749
-3.6799
-1.59843
-4.26015
-3.03571
-1.47351
-1.32083
-2.96332
-4.43712
-1.34013
-0.717633
-1.07515
-0.94856
-4.329
-4.71738
-4.02051
-4.16938
-4.24453
-4.54966
-5.01415
-2.37396
-4.23541
-4.58928
-4.25355
-4.38112
-4.33107
-4.34761
-4.49979
-3.33697
-4.25531
-1.30296
-4.4353
-4.44
-4.25695
-1.67019
-4.53275
-3.96395
-4.50753
-4.27244
-5.19179
-4.34779
-1.01
-4.72399
-1.23979
-1.39235
-4.48173
-4.32343
-5.56399
-4.61592
-4.54703
-4.57395
-4.37519
-4.28228
-4.45227
-4.47426
-4.23945
-1.3712
-3.50445
-4.44017
-0.711368
-4.37563
-4.5218
-4.85046
-1.35709
-4.53407
-3.1727
-4.08696
-1.15995
-3.31051
-4.43702
-4.12887
-4.4291
-5.85332
-4.41703
-4.28273
-4.50765
-3.32459
-1.19467
-4.32195
-4.50469
-4.26803
-4.23559
-4.72928
-4.36138
-4.37114
-4.33244
-1.25977
-4.58224
-1.4682
-4.44249
-4.52373
-4.52206
-1.97303
-0.78375
-1.66064
-4.37807
-0.967863
-6.00252
-1.27848
-4.18331
-4.62602
-1.26125
-4.22733
-5.11146
-3.89554
-4.20665
-1.38633
-2.31445
-1.86606
-3.86476
-4.37427
-4.32193
-4.26804
-4.27038
-1.45889
-4.35812
-4.606
-4.47746
-4.35063
-1.13714
-4.71786
-3.9957
-4.44395
-5.29496
-4.86378
-4.38105
-1.33141
-4.26703
-4.32986
-1.61325
-1.24318
-4.40844
-0.799283
-4.26596
-4.51244
-4.37943
-4.32021
-4.60287
-4.2514
-1.17105
-4.17501
-4.07735
-4.24169
-4.5002
-4.6382
-4.62678
-4.57797
-2.62072
-1.10969
-1.30069
-4.64008
-4.42989
-5.32301
-4.52957
-4.89446
-5.86877
-4.28432
-4.30359
-1.83247
-4.51918
-1.55362
-4.53992
-4.61594
-4.50636
-1.30445
-1.14586
-3.97867
-2.28376
-5.32815
-4.25283
-0.742963
-4.38886
-4.35525
-4.54908
-4.52929
-0.891455
-4.49998
-4.84901
-4.61713
-4.44018
-3.09793
-4.34871
-4.48295
-4.53077
-0.814236
-4.25877
-4.2539
-4.17966
-0.666566
-4.32156
-4.26482
-4.24025
-4.44793
-4.36695
-1.49424
-1.42463
-4.25547
-4.53938
-1.78077
-4.5205
-4.31301
-4.4176
-3.15201
-4.97331
-4.40935
-4.53514
-4.28354
-4.24128
-1.47874
-4.59171
-1.63538
-4.27753
-4.71341
-0.713139
-4.37487
-4.47696
-3.748
-1.21874
-4.24644
-4.20687
-4.52678
-4.76122
-4.53434
-4.41203
-4.40876
-1.47069
-1.86631
-4.45207
-4.88724
-4.3016
-2.32951
-4.43775
-5.08652
-1.06422
-1.4911
-1.15119
-4.14322
-1.7987
-0.962656
-1.71801
-3.89065
-4.62916
-4.27365
-1.45171
-4.59414
-4.48064
-4.57571
-4.07532
-4.36969
-4.60308
-4.44496
-4.05619
-0.925425
-1.46478
-3.49881
-1.28267
-4.72541
-4.69853
-0.662129
-4.32945
-4.59647
-3.73377
-4.52161
-0.79262
-4.65095
-1.55191
-0.527238
-4.48404
-1.47735
-0.976848
-1.33667
-3.1902
-4.42601
-0.917752
-4.46495
-0.742836
-4.26317
-4.57796
-4.30549
-4.56216
-4.79192
-4.52183
-4.3724
-4.58384
-4.4826
-1.82743
-4.38268
-4.50007
-4.64854
-4.34327
-1.33358
-4.68815
-4.36432
-1.08716
-1.49563
-4.52119
-4.84307
-4.51431
-5.25134
-3.18608
-4.44777
-2.30232
-0.20155
-0.960654
-4.46715
-4.26712
-4.60687
-4.36782
-4.28081
-2.43708
-4.53734
-4.70278
-0.537199
-1.1901
-1.27763
-0.86031
-4.26734
-4.60539
-4.59363
-3.19893
-4.85408
-4.3991
-4.66013
-4.29298
-3.45114
-5.38127
-4.7405
-4.25817
-4.45203
-4.40295
-4.26195
-5.3468
-4.26904
-1.71341
-4.46098
-4.63127
-4.38931
-0.982064
-4.18653
-4.32629
-1.36897
-4.61389
-4.26219
-4.21485
-0.932593
-1.68304
-1.78229
-4.48745
-3.79413
-4.74787
-4.45985
-4.15932
-4.56928
-4.66154
-4.46228
-4.55218
-4.58917
-4.1672
-6.08268
-0.854853
-4.68261
-4.84986
-4.68073
-4.43921
-1.29493
-0.760033
-1.09928
-4.44535
-1.06529
-3.88728
-4.43448
-1.29515
-0.54805
-4.66937
-1.09504
-4.51382
-4.25803
-1.65172
-4.17985
-4.44711
-4.74987
-4.25925
-4.98497
-1.26634
-4.51863
-1.49261
-2.60424
-4.56697
-5.81426
-0.819003
-4.19341
-1.62977
-0.820638
-4.22063
-4.25768
-4.4954
-1.20881
-4.89765
-3.72454
-4.47761
-4.54577
-1.24534
-4.24078
-5.56351
-4.22371
-4.94594
-1.27088
-0.924933
-4.8382
-1.26409
-4.59499
-4.273
-4.40804
-4.53947
-3.13128
-0.72032
-4.37948
-4.41718
-0.77721
-1.69475
-4.47241
-5.58883
-4.65246
-3.92853
-4.7421
-4.31103
-2.18963
-4.48384
-4.27104
-4.34733
-3.12853
-4.5302
-4.38687
-4.38355
-4.24744
-4.51287
-3.62377
-4.36256
-2.28771
-4.44867
-4.48763
-0.68854
-2.94129
-4.38056
-2.86692
-4.37958
-4.12612
-4.27384
-3.90165
-4.26739
-4.46089
-4.82484
-4.36662
-4.50634
-3.07181
-4.45491
-4.45785
-0.575613
-4.28315
-4.88398
-4.4255
-1.2671
-4.53474
-4.81254
-1.02382
-4.43396
-4.25841
-1.56241
-0.867594
-4.5231
-4.4897
-4.5707
-4.48725
-4.34959
-4.22121
-4.27426
-4.24012
-3.90004
-4.43983
-5.22613
-1.44371
-1.21519
-4.7961
-4.22077
-4.88233
-4.58518
-1.23001
-1.18088
-3.65199
-4.26672
-4.26846
-4.42854
-4.25589
-1.70787
-4.19987
-4.5479
-1.46266
-3.66142
-4.51835
-4.40244
-4.82598
-4.40391
-2.69788
-4.37126
-0.867059
-4.66077
-4.22512
-4.27224
-4.42548
-4.42139
-3.70798
-4.47395
-4.2643
-4.4319
-4.39019
-4.49358
-4.45321
-4.10669
-4.49205
-4.62292
-1.70323
-4.2648
-4.26358
-2.00209
-4.57981
-1.46612
-3.3861
-2.86793
-1.70585
-5.20522
-4.67563
-4.21992
-4.30036
-4.31219
-4.53996
-1.38031
-4.37498
-1.22373
-4.24403
-5.25758
-1.70005
-4.4776
-4.44665
-2.0058
-4.20735
-4.82155
-1.58969
-4.29097
-3.05779
-4.37778
-4.23637
-1.25773
-4.90084
-4.47915
-4.54507
-4.18614
-1.0278
-2.54073
-4.51806
-4.15963
-4.17486
-1.17106
-4.75952
-4.2682
-4.44961
-4.86081
-1.21233
-1.30737
-4.77276
-4.43903
-4.49622
-5.14947
-3.97003
-5.87759
-4.28387
-4.43575
-4.263
-4.77571
-4.37774
-4.5982
-2.47856
-1.23889
-4.64361
-0.715277
-4.37065
-2.37338
-1.74026
-4.31208
-4.51615
-4.61135
-1.27978
-4.95826
-0.823627
-4.4578
-5.27548
-4.53277
-4.42932
-1.37114
-4.28064
-4.36606
-4.58852
-4.60527
-4.52975
-4.35871
-4.27377
-4.24728
-4.61672
-4.42175
-0.810428
-4.47531
-4.42275
-4.6083
-3.3679
-0.986208
-5.79082
-1.3044
-4.48757
-4.47934
-4.78386
-4.43224
-4.29298
-5.8134
-4.50517
-4.69362
-2.00516
-4.52436
-4.0615
-4.6762
-4.44448
-4.48027
-4.32146
-4.64027
-0.99349
-4.53879
-1.37941
-4.53307
-4.50795
-4.27073
-4.47541
-4.6082
-4.53416
-4.28229
-4.41001
-4.29315
-4.2305
-0.97816
-1.32022
-0.619095
-4.49632
-5.03034
-4.28929
-4.17157
-1.35814
-3.99839
-4.19567
-4.92516
-4.44712
-4.52629
-1.43292
-4.77185
-4.2321
-4.35669
-4.26027
-6.08162
-4.70514
-4.52
-0.904226
-1.0867
-1.07284
-4.27162
-4.44521
-1.67687
-2.85461
-2.49101
-4.38814
-0.719852
-4.4554
-4.04266
-4.57216
-4.6456
-0.971309
-4.73164
-1.25354
-4.45514
-4.42573
-3.469
-4.31502
-4.50323
-4.61342
-4.35239
-4.26403
-4.28987
-4.46149
-4.23884
-1.48768
-4.26336
-1.08825
-0.864028
-3.03933
-5.26751
-1.15371
-3.96058
-4.26874
-0.80655
-4.82732
-2.87596
-4.26733
-4.60957
-1.05337
-4.17078
-1.65369
-4.32554
-4.51756
-4.52934
-1.41722
-3.91223
-4.4672
-0.840708
-2.84815
-3.81367
-4.44306
-2.2995
-4.46813
-4.26637
-1.57194
-4.34587
-4.89924
-4.14615
-4.34345
-2.30679
-4.48666
-1.10572
-4.27719
-1.83796
-3.9992
-4.50336
-1.55057
-1.19226
-1.18948
-4.2788
-0.248536
-0.234222
-0.740691
-4.54515
-4.43738
-4.86394
-1.5167
-5.36779
-1.8289
-2.27342
-4.38793
-2.9482
-4.30996
-4.73582
-4.39116
-4.51104
-4.40768
-4.28331
-4.45489
-4.5542
-1.65957
-0.789844
-2.90693
-4.45401
-4.74316
-4.36782
-4.08372
-1.26831
-4.8229
-4.64157
-4.43669
-4.25499
-1.62969
-4.34707
-1.22235
-4.55519
-4.45452
-1.13978
-4.53018
-1.49045
-4.25343
-1.57934
-4.51245
-0.944604
-0.811738
-1.1693
-1.34427
-4.30577
-3.22975
-4.38024
-4.68579
-4.57505
-4.37862
-1.25369
-4.5514
-4.36993
-1.19602
-4.14739
-4.54428
-4.33973
-0.513571
-2.39825
-1.24751
-4.25621
-1.20894
-4.23799
-3.97232
-4.1751
-4.53108
-1.37291
-4.52295
-1.35568
-5.3317
-4.3709
-3.89072
-4.50061
-4.33525
-2.87243
-4.32624
-4.43349
-4.3071
-1.18312
-4.52343
-4.64001
-1.59467
-4.66786
-4.15732
-1.60463
-4.40945
-4.49665
-4.38844
-1.8448
-4.51929
-4.34228
-4.64257
-2.02451
-4.83226
-3.92594
-4.72632
-4.49481
-4.01127
-4.33695
-1.53881
-2.46983
-3.99639
-4.28092
-4.26535
-4.5216
-4.40833
-4.49674
-5.53228
-4.65771
-4.58548
-4.46756
-3.02556
-4.78117
-1.87081
-5.58302
-1.29601
-4.28707
-4.23535
-4.28562
-4.43037
-4.33338
-4.3454
-3.75653
-4.28033
-4.28513
-1.3455
-1.20625
-4.58697
-4.6346
-1.1499
-4.31029
-4.72351
-1.76781
-3.64696
-4.37886
-4.52407
-4.48161
-0.0538579
-4.31547
-4.08539
-4.45568
-4.71789
-4.55488
-1.88615
-4.37607
-0.731344
-1.6802
-0.84742
-4.62556
-4.30878
-0.87292
-4.68869
-4.2654
-4.47733
-4.2258
-4.35715
-1.52672
-1.49009
-4.4895
-4.25327
-1.35205
-4.29058
-0.865868
-4.41256
-4.06119
-4.45535
-1.23452
-2.36951
-5.16987
-4.546
-0.685138
-4.4717
-4.23801
-4.26195
-1.02802
-4.42695
-4.49589
-3.96209
-4.539
-5.80383
-4.23916
-4.3709
-4.7244
-0.860088
-1.24695
-1.30719
-4.43982
-4.4984
-4.43643
-4.69775
-4.4038
-4.64621
-2.26469
-4.26781
-4.37336
-4.32331
-4.45814
-5.59953
-3.51847
-0.748697
-4.48005
-5.55383
-5.68184
-1.03204
-4.30953
-4.49354
-4.48092
-1.2522
-5.26565
-4.7457
-3.78461
-4.43669
-4.48411
-1.46208
-4.34123
-4.66507
-4.27458
-1.11962
-4.24176
-4.48581
-4.1372
-1.38836
-4.23765
-4.93579
-4.44959
-4.56736
-1.07791
-4.5744
-4.30596
-4.16916
-4.34942
-4.61561
-0.629592
-4.37088
-1.08949
-1.58005
-4.55577
-4.89034
-4.34512
-4.2198
-1.39846
-4.24596
-4.60157
-1.40617
-4.75336
-4.33594
-5.66405
-1.40705
-2.06584
-1.03996
-2.29145
-1.4055
-4.38144
-4.22111
-4.23185
-4.29824
-4.88492
-4.55901
-4.60786
-4.24706
-4.28891
-4.60782
-4.51651
-2.16181
-4.42894
-1.31679
-5.42973
-4.6052
-4.32355
-4.4265
-4.62186
-4.5475
-0.834971
-0.751556
-4.29749
-4.69451
-4.06006
-4.28959
-4.55576
-1.46626
-4.38175
-4.51859
-1.69958
-0.811831
-1.92644
-4.47824
-4.37122
-4.32024
-3.39517
-3.90125
-4.18572
-4.30069
-0.726741
-5.26356
-1.32976
-4.55145
-4.70452
-4.66222
-4.47095
-0.912528
-4.20149
-4.52993
-5.91844
-2.90824
-4.53391
-4.30124
-4.5836
-4.21491
-1.22147
-4.3412
-4.51687
-4.39427
-4.28555
-4.51819
-4.16589
-1.2495
-4.36365
-4.58114
-4.83172
-4.51994
-3.24897
-0.656985
-4.89194
-4.52299
-4.46007
-0.731741
-4.57759
-2.91428
-1.34474
-3.325
-4.29128
-5.22847
-4.49078
-2.92937
-5.72705
-1.3743
-4.55924
-4.88101
-3.67555
-0.847325
-4.53061
-0.652681
-3.49361
-4.54415
-4.71752
-1.38826
-4.29076
-1.63977
-4.70788
-0.858352
-4.13696
-4.2137
-2.27689
-4.69843
-1.33158
-4.49204
-4.20444
-4.50451
-2.30878
-0.562897
-4.43867
-4.6031
-4.80806
-1.88531
-4.30336
-4.48758
-2.85819
-1.48394
-4.79481
-1.84342
-4.79309
-4.24928
-4.32767
-4.30542
-4.51009
-1.28414
-4.27467
-4.25146
-0.888567
-4.5382
-4.47046
-1.29536
-1.3128
-4.53296
-4.26405
-0.729962
-4.51871
-4.4161
-4.46373
-4.05457
-1.34111
-1.54215
-4.13043
-4.56682
-4.59109
-4.23932
-1.06667
-4.56537
-4.46337
-1.55045
-0.700792
-4.46985
-1.99428
-1.39013
-4.27323
-4.75279
-4.30646
-4.57465
-4.31058
-1.83753
-4.78329
-5.82604
-4.24744
-4.46803
-4.36922
-4.24204
-0.895945
-4.49614
-1.27175
-2.28536
-4.48573
-4.44325
-5.4127
-4.50674
-4.41379
-5.13409
-5.25012
-4.49454
-0.812831
-3.02526
-4.28172
-4.4015
-0.588087
-4.46874
-4.53528
-4.72098
-4.60753
-0.787597
-4.5933
-4.32958
-1.52923
-4.31277
-4.32946
-4.25635
-1.45185
-4.28881
-4.42863
-3.6117
-5.70971
-1.76442
-2.87785
-3.80219
-0.894263
-4.71746
-5.78639
-4.08262
-4.59427
-4.58148
-4.36317
-4.44955
-4.29929
-4.41553
-1.0002
-4.02805
-4.36258
-4.44589
-4.37366
-2.61272
-4.80807
-4.63639
-4.16441
-0.941308
-1.40388
-1.06284
-4.56274
-4.46199
-4.43611
-4.54069
-4.43332
-4.57026
-4.76462
-4.43048
-2.99702
-1.7772
-1.37093
-3.88414
-1.87445
-4.58293
-1.98421
-4.48402
-4.49395
-4.39001
-0.717207
-1.32982
-4.18172
-4.52906
-3.78139
-4.27849
-4.48574
-4.28337
-0.846964
-4.38833
-1.20667
-4.19722
-4.45584
-4.58898
-4.62353
-4.28452
-1.8545
-4.33652
-4.71098
-4.28631
-4.55153
-1.4137
-4.26266
-4.58512
-1.89366
-4.26085
-2.15573
-0.956329
-4.08142
-0.722077
-4.30802
-4.49111
-4.17791
-4.46868
-4.24836
-4.16154
-4.2557
-4.40193
-1.37846
-4.47325
-4.43596
-5.17356
-3.82644
-4.63255
-4.57127
-4.81077
-4.35873
-4.36024
-4.13522
-4.41761
-4.80771
-4.22715
-4.17069
-4.7935
-2.20766
-3.91737
-4.40809
-4.34572
-0.668512
-4.56868
-4.47022
-1.45155
-4.63403
-4.2729
-3.3961
-4.20725
-2.87939
-4.47769
-4.98214
-5.71464
-4.56203
-1.32629
-0.704709
-4.72653
-4.5499
-1.18917
-4.4431
-4.65431
-0.969293
-4.45557
-4.53403
-3.27491
-0.717074
-4.54643
-2.14611
-2.1712
-4.21557
-1.88659
-4.46201
-3.32143
-1.23524
-4.60142
-4.62684
-4.38846
-4.56804
-4.19849
-0.630604
-4.43559
-5.14087
-4.3276
-4.31062
-5.39404
-4.28329
-4.37632
-1.3181
-4.45185
-4.92668
-4.74107
-4.49953
-4.33593
-4.15334
-4.29204
-4.66016
-4.30479
-1.61488
-4.36227
-4.45512
-4.71394
-4.39747
-0.802677
-1.56622
-4.78819
-4.63043
-4.47322
-4.36651
-4.66011
-4.4805
-6.06192
-4.53917
-0.779887
-4.67616
-5.59064
-3.78095
-4.36478
-1.2699
-4.5603
-4.51436
-1.21953
-4.60813
-4.70073
-1.42461
-4.40519
-4.56391
-4.56743
-4.77837
-0.973529
-4.55015
-4.30566
-3.65439
-4.38209
-4.5293
-5.38427
-4.42961
-4.44839
-4.04644
-4.01611
-1.99526
-4.30393
-4.6497
-1.55804
-4.30793
-1.94694
-4.22068
-4.67341
-1.71439
-4.53514
-1.28256
-5.48787
-4.30855
-4.29238
-0.883467
-4.77068
-4.38646
-3.70256
-4.46642
-1.2284
-0.650747
-4.45833
-4.55042
-4.69293
-1.99617
-4.61478
-4.55904
-4.40266
-4.36586
-0.737121
-1.70102
-0.0488357
-0.873213
-5.43597
-0.77286
-3.01153
-4.61985
-4.945
-4.30975
-4.48611
-1.53513
-4.19481
-3.01829
-2.83885
-4.33762
-4.59942
-4.44335
-3.86583
-4.60841
-1.46252
-4.55785
-6.05033
-4.53393
-4.04419
-4.4581
-4.53463
-4.74543
-1.31656
-2.00574
-1.15748
-4.33647
-4.45567
-4.29092
-1.36129
-4.52981
-1.09562
-4.38561
-4.42864
-4.53384
-0.701011
-2.85367
-4.48941
-4.0289
-4.28077
-4.36436
-4.43632
-4.1029
-0.678286
-4.30483
-4.45211
-3.19764
-4.22335
-4.49576
-4.67415
-3.67091
-1.19253
-1.76953
-3.01562
-1.41487
-1.29056
-4.53131
-1.88117
-5.79922
-4.55488
-4.53475
-4.52559
-4.06612
-4.47855
-1.88655
-3.19669
-3.94492
-4.27801
-3.77773
-4.72056
-3.78499
-1.2346
-4.66492
-4.70484
-4.34884
-4.30895
-4.45826
-4.54007
-4.49063
-4.26637
-0.905056
-0.694852
-5.37944
-5.66882
-2.219
-4.85146
-4.24005
-4.26266
-4.8334
-3.38683
-5.28237
-4.62984
-1.70073
-5.27745
-1.31838
-1.17959
-4.31218
-5.2806
-4.28472
-4.47916
-1.1611
-4.27287
-1.04025
-4.66704
-1.2809
-4.43803
-4.62702
-3.92576
-4.38875
-1.62975
-4.48287
-4.45948
-4.46012
-4.73636
-4.93977
-4.51869
-4.07812
-1.00163
-4.2619
-4.27263
-5.48518
-4.55533
-4.44857
-0.784536
-3.7332
-4.58886
-4.47377
-4.3429
-2.91725
-4.4778
-0.609718
-1.40246
-4.37639
-4.39691
-4.50822
-4.4798
-1.23603
-0.711828
-0.909284
-4.37338
-1.18346
-4.61776
-0.860304
-1.23019
-5.10764
-4.53168
-5.50907
-1.64067
-4.71795
-4.47589
-4.37075
-1.06166
-4.53386
-0.873287
-4.58204
-3.28538
-4.20961
-4.72396
-0.820751
-1.31804
-1.78518
-4.43501
-1.50939
-4.45239
-1.11645
-4.49721
-2.31894
-4.3163
-4.15883
-3.72222
-4.75365
-3.66182
-4.73656
-3.28683
-5.3565
-4.43163
-1.26635
-1.61762
-1.0551
-4.94494
-4.30234
-2.29711
-4.76826
-4.67795
-4.29092
-1.58084
-4.3865
-3.03263
-2.00241
-4.38077
-4.66316
-1.2958
-4.47352
-4.59382
-1.5734
-4.35841
-4.7118
-4.16302
-3.35648
-4.55216
-4.35102
-4.53522
-4.33971
-4.64758
-4.29871
-4.31283
-1.44446
-4.75886
-4.52306
-4.24781
-0.696158
-2.33215
-4.26796
-3.41
-1.62593
-1.32945
-4.48194
-5.58502
-4.43678
-1.11696
-1.33724
-4.37073
-4.66829
-4.49829
-0.76973
-4.45778
-1.45172
-4.4604
-1.97215
-2.48506
-3.6716
-4.35222
-4.32056
-3.93972
-4.1508
-4.28283
-4.64625
-4.88674
-4.33073
-4.66172
-6.01663
-4.63208
-1.99382
-5.92243
-4.16143
-4.49393
-3.23573
-1.31479
-3.41962
-4.88353
-1.51561
-4.52079
-1.6247
-1.59336
-4.87423
-4.78719
-0.855694
-1.12619
-4.37193
-1.67814
-4.53152
-4.53552
-1.40422
-4.74713
-4.51523
-4.31956
-4.46389
-4.64909
-4.67676
-3.31808
-2.81081
-4.2875
-5.13002
-1.29129
-4.23886
-3.33208
-4.12183
-4.27613
-2.16862
-4.44722
-3.22755
-0.880637
-4.47159
-1.30257
-3.74941
-5.85009
-4.59564
-5.97266
-3.96067
-1.60936
-4.18835
-4.25537
-4.30826
-1.32491
-1.20999
-4.28061
-4.86633
-4.49386
-0.82798
-4.51374
-1.58016
-4.61105
-4.35212
-4.54155
-4.46028
-4.43886
-4.25932
-1.89818
-0.639079
-4.83574
-4.52433
-4.70942
-1.59459
-4.35816
-0.845892
-4.22388
-4.58522
-4.50875
-4.3687
-4.61281
-4.69831
-4.46852
-4.56861
-1.50317
-0.691411
-4.37316
-4.44126
-1.90282
-0.596956
-4.37092
-3.9834
-4.37569
-0.69897
-1.29524
-0.955766
-4.41681
-4.84473
-0.792914
-4.52381
-5.27393
-0.768101
-4.19374
-4.39999
-0.843624
-0.7567
-5.84473
-4.47186
-4.72546
-1.32762
-4.49852
-0.462381
-2.27139
-4.55459
-3.69222
-3.56369
-4.26029
-1.91926
-1.66016
-4.81629
-4.513
-4.77006
-4.90597
-3.92619
-4.85274
-4.44328
-4.30425
-1.68826
-4.47716
-4.46919
-4.74064
-1.58764
-4.14376
-0.710415
-4.53847
-4.27512
-5.81141
-4.47559
-1.10985
-3.1795
-4.52075
-4.4671
-1.63291
-4.18241
-4.48177
-4.72641
-0.80122
-4.47397
-4.64419
-4.53357
-2.48525
-4.85499
-0.265321
-5.34521
-4.65709
-1.22076
-4.22097
-1.15949
-0.679621
-3.02408
-4.31853
-4.42251
-5.62784
-4.46591
-2.84268
-3.84947
-1.68122
-4.4681
-3.30616
-4.50196
-4.50586
-4.08602
-4.44984
-1.16704
-4.20275
-1.2875
-4.46466
-4.59034
-4.46519
-4.36083
-4.4305
-4.37244
-4.47659
-4.40724
-0.77326
-2.79017
-4.20994
-3.13524
-0.772848
-4.39711
-4.35283
-3.79274
-1.65528
-3.59978
-4.58212
-1.39205
-1.30021
-4.45157
-4.46495
-4.61612
-1.2509
-1.02806
-1.30204
-1.29023
-3.02249
-0.682409
-4.67198
-1.61826
-4.60401
-3.88441
-4.21245
-5.53051
-1.55502
-3.67214
-4.42498
-4.57413
-4.57101
-4.57856
-4.48995
-4.23002
-4.9694
-4.70547
-4.55329
-4.55153
-4.45963
-1.31311
-6.03519
-4.41957
-4.57744
-1.68431
-4.40541
-4.48052
-4.31049
-4.74682
-0.647451
-0.971993
-4.29381
-4.58298
-4.43577
-4.46768
-4.53236
-0.72943
-4.63016
-3.28981
-1.58819
-4.3395
-4.11083
-5.55666
-4.67517
-1.89441
-4.47446
-1.47148
-4.44569
-4.49636
-0.841945
-4.0422
-4.43538
-5.20026
-4.84342
-2.85858
-4.45352
-4.7304
-2.03256
-2.2578
-0.600446
-0.812618
-0.800441
-1.96066
-1.38982
-4.81366
-1.10575
-0.72611
-5.21212
-0.339533
-3.67621
-1.74859
-4.37159
-4.47779
-4.23591
-4.53305
-4.37407
-4.26284
-4.43629
-4.4368
-5.84255
-3.75062
-1.80911
-4.48814
-1.48264
-1.72304
-4.45354
-4.53786
-4.37268
-3.36493
-4.22414
-4.52009
-0.620597
-4.54717
-4.487
-1.40879
-0.973275
-4.61818
-1.40102
-1.35677
-4.45183
-1.90456
-4.40057
-4.48296
-1.90456
-4.63379
-5.87951
-4.7552
-4.35141
-4.20435
-0.727307
-4.30894
-4.44533
-1.23573
-1.27094
-1.55993
-5.22394
-0.918366
-0.813713
-4.26295
-1.30148
-0.866262
-4.2122
-4.30006
-4.50178
-4.72253
-1.8901
-0.824643
-1.29633
-3.66748
-0.807972
-4.48244
-2.8088
-4.84511
-1.75967
-1.69068
-3.98473
-3.08752
-4.46961
-4.12243
-4.53574
-4.35594
-1.69987
-2.00324
-4.37039
-4.41052
-5.18756
-4.19501
-4.36698
-4.49361
-4.32917
-5.09542
-4.32918
-4.50819
-4.37693
-5.4478
-4.51832
-4.2736
-4.10256
-5.52278
-4.21685
-4.45858
-1.60018
-4.95951
-4.27553
-1.38063
-4.54415
-1.68323
-2.25879
-4.58704
-0.833247
-2.77703
-3.75481
-4.35181
-3.92587
-4.43498
-4.34121
-4.24872
-2.85085
-4.34765
-4.51661
-4.60237
-4.34667
-5.62532
-0.558966
-1.45967
-5.5648
-0.719475
-3.39793
-0.648659
-4.46303
-1.15205
-4.57361
-4.07259
-4.75957
-1.87356
-4.34076
-4.24466
-4.40084
-0.697243
-4.58236
-1.69422
-4.46303
-0.721193
-3.23307
-4.51634
-4.32184
-1.68685
-1.29968
-1.41031
-4.4635
-4.35521
-5.55694
-4.123
-0.822437
-4.8869
-3.91404
-1.42702
-4.43583
-1.45716
-2.55553
-4.46578
-0.804351
-4.69034
-3.85067
-2.454
-4.46553
-2.87534
-4.21525
-4.77049
-4.42805
-4.5377
-0.793103
-0.556706
-4.3065
-4.23791
-1.17892
-4.42753
-4.46386
-1.42697
-1.04188
-3.39395
-1.14694
-4.27129
-1.23691
-4.34282
-0.798033
-4.32149
-2.88351
-4.61096
-4.55761
-4.45214
-3.88937
-1.26796
-4.8836
-4.26159
-4.46757
-4.34015
-3.88158
-5.39738
-3.88652
-4.89067
-3.55165
-0.697085
-5.46472
-1.38711
-4.3818
-4.69749
-4.54943
-0.675398
-4.4931
-4.7716
-4.15585
-4.76889
-4.09648
-4.25925
-1.99486
-4.95971
-4.72872
-4.03412
-1.25308
-4.27578
-4.6205
-4.4471
-1.2138
-4.42185
-3.62555
-4.3496
-4.40494
-1.6229
-4.59905
-0.668888
-4.29625
-4.04969
-0.745701
-4.72618
-4.58543
-4.44286
-4.79605
-4.77386
-1.01258
-1.19101
-4.71887
-4.44503
-3.72451
-1.56888
-3.02874
-1.46278
-1.98185
-1.61792
-1.02875
-4.66864
-4.19908
-2.29789
-5.32127
-4.30978
-3.17312
-1.87552
-4.64402
-3.88921
-0.707868
-4.90956
-3.32336
-1.26825
-4.42348
-4.56068
-0.670078
-4.65285
-2.31424
-4.14778
-5.85906
-4.18764
-1.23356
-4.52398
-3.37931
-1.18853
-0.845425
-4.36964
-4.61281
-4.3576
-1.20206
-2.25854
-4.82301
-4.35647
-1.71893
-4.32769
-4.36337
-1.91667
-4.44993
-0.868476
-0.880372
-4.3674
-2.49626
-4.39567
-4.48891
-4.602
-3.37953
-0.83277
-1.21667
-1.24886
-4.59687
-0.612102
-1.1338
-4.47799
-4.39448
-0.970989
-3.23429
-2.36286
-4.50333
-0.620182
-4.06749
-5.3254
-4.56254
-1.43163
-3.37006
-4.37483
-4.51249
-0.889918
-0.779457
-0.682167
-4.58174
-4.38522
-5.46449
-0.530177
-0.725186
-0.698011
-4.30671
-1.88839
-4.35511
-3.59606
-1.51308
-4.40657
-4.26295
-4.46385
-4.39419
-1.08112
-1.28537
-4.31318
-4.39189
-4.61319
-4.41855
-4.41314
-4.46894
-4.38449
-4.16941
-0.635037
-1.34888
-4.51466
-1.14837
-4.31262
-0.658524
-4.39299
-4.23138
-4.45534
-5.2238
-0.919018
-0.783458
-4.55348
-0.94712
-1.13419
-1.66389
-1.19209
-4.36366
-3.65538
-1.23286
-4.71026
-1.28312
-4.59526
-4.27829
-4.35632
-4.48251
-4.17336
-4.43944
-1.5716
-1.4227
-4.17401
-1.38809
-4.39305
-4.72291
-1.35255
-1.22966
-4.49938
-4.38101
-4.79151
-3.3906
-4.39936
-4.22569
-4.36048
-1.39556
-5.96846
-4.41365
-4.35032
-3.39477
-4.45232
-3.07807
-5.48899
-4.26422
-4.49447
-1.96977
-1.95351
-4.86723
-4.64145
-0.80301
-4.31643
-1.92626
-0.690974
-1.22009
-4.30681
-4.39673
-1.69103
-1.41859
-3.38781
-1.92939
-1.17368
-1.93639
-4.57794
-5.9755
-0.840319
-1.29427
-2.44194
-2.15233
-4.86957
-4.48218
-4.83159
-0.694988
-1.38252
-3.15259
-1.286
-3.79953
-5.33629
-1.01412
-1.47141
-0.279831
-1.65939
-4.65288
-4.24891
-4.44845
-3.22534
-4.4576
-4.48676
-4.32513
-4.41577
-3.20571
-4.38269
-4.5384
-1.86246
-4.58235
-4.48514
-1.85129
-4.4672
-4.63683
-4.28495
-3.04322
-1.23212
-4.5312
-4.62761
-4.53389
-3.17849
-4.49398
-4.58919
-3.11704
-3.03661
-4.77869
-4.0344
-1.43497
-4.14019
-2.31148
-4.10418
-0.93472
-0.816772
-0.808413
-5.40493
-4.56379
-4.59307
-1.62578
-4.57138
-1.91034
-3.98698
-4.21843
-2.28366
-4.46033
-4.45209
-4.5229
-4.77799
-4.43218
-4.50368
-3.6539
-1.21575
-5.10223
-4.26493
-1.43601
-4.52169
-4.33292
-4.40136
-4.16729
-4.16929
-1.98496
-4.42726
-4.2763
-4.39289
-0.722522
-3.01351
-4.38287
-1.39403
-4.64116
-4.33365
-1.16427
-4.34708
-1.61926
-4.19022
-4.62462
-1.83351
-4.31415
-4.69795
-1.70936
-1.14211
-4.26402
-1.18976
-4.12649
-3.09961
-4.37866
-4.44129
-4.36995
-4.28981
-4.41062
-4.40283
-4.49333
-2.36089
-1.09707
-1.2763
-4.47747
-1.86314
-3.08291
-1.72409
-4.46044
-0.867368
-1.90513
-1.1205
-4.57439
-1.07976
-4.59903
-4.29254
-0.600273
-4.60386
-4.69007
-2.47008
-1.22804
-4.33422
-2.32659
-3.62723
-4.10266
-4.46854
-0.63748
-5.54551
-4.33771
-4.75931
-4.53927
-4.59875
-4.46002
-4.44252
-4.3963
-3.8741
-0.580796
-4.85639
-0.660263
-5.34076
-1.1488
-2.37763
-4.28743
-4.50353
-5.79025
-4.63947
-4.53271
-0.717707
-4.67895
-4.38532
-4.16757
-4.15695
-4.52922
-0.909414
-3.68987
-1.12057
-1.09112
-4.34589
-4.82612
-4.81033
-4.83088
-1.43322
-4.5301
-4.79286
-0.10244
-4.34965
-4.63611
-4.34975
-2.90733
-2.8623
-1.26904
-1.36292
-2.83004
-1.39045
-1.22626
-4.53359
-4.71149
-1.92301
-4.52588
-4.34077
-4.32804
-4.37494
-2.8766
-4.57164
-1.30194
-1.38307
-4.36731
-2.8651
-5.60171
-3.69448
-4.45946
-2.84404
-1.61391
-1.43979
-1.71011
-4.56611
-4.71473
-4.23342
-0.698183
-4.39269
-4.59957
-4.3989
-1.38698
-4.58607
-4.46926
-4.39554
-4.25326
-0.69291
-4.22851
-4.25931
-1.1024
-4.58491
-4.39801
-4.46967
-4.13156
-0.742877
-4.50416
-4.18998
-4.47524
-1.05221
-1.32024
-4.0444
-4.44795
-1.14006
-4.60142
-1.20747
-4.82154
-1.27398
-4.62986
-4.47528
-1.21992
-4.35002
-4.61549
-4.28206
-4.16011
-4.75823
-4.30742
-1.3278
-0.85026
-4.35685
-0.904997
-3.66352
-4.46766
-0.947944
-1.55255
-1.55325
-4.48529
-1.53246
-4.34628
-4.33322
-4.66047
-4.47642
-4.56898
-1.19304
-2.181
-4.25809
-4.57816
-1.36186
-1.68831
-4.27593
-1.67583
-4.80487
-4.48873
-4.31081
-1.94391
-4.33495
-4.84346
-4.48563
-5.3058
-5.387
-1.73684
-4.27857
-4.03041
-4.54475
-2.34154
-1.03722
-4.49665
-4.31158
-1.01487
-1.30902
-2.47193
-4.38828
-4.38565
-4.28224
-4.5443
-4.80092
-4.46549
-5.04625
-0.689547
-4.25645
-3.39633
-4.11577
-4.46638
-1.21486
-4.55962
-4.48486
-4.38124
-4.66011
-4.24467
-1.15996
-4.4752
-4.69718
-1.59031
-1.22852
-4.25668
-1.17301
-4.4034
-4.53016
-4.51547
-4.59229
-1.84948
-1.42218
-4.47056
-4.7402
-4.24403
-0.590716
-4.41539
-5.7699
-4.46188
-4.94959
-1.18316
-4.44753
-4.34224
-4.29026
-0.694034
-4.21684
-4.34552
-4.3168
-0.804004
-4.8535
-4.90525
-3.27442
-1.2304
-4.5057
-0.980189
-4.62189
-4.57106
-4.47534
-2.62499
-1.24119
-1.63822
-4.62661
-4.3934
-4.94017
-1.95576
-4.78525
-3.79811
-1.30272
-4.28068
-4.6069
-4.32451
-4.43114
-4.18616
-4.58801
-4.46283
-4.47431
-3.09997
-4.50258
-4.67111
-4.87737
-4.37287
-4.31211
-1.30171
-4.78575
-4.37195
-4.88412
-3.88347
-4.95812
-4.80013
-0.707293
-1.04263
-4.38234
-2.10501
-2.83931
-4.43019
-4.57785
-4.53122
-0.992037
-1.01943
-1.18394
-4.5491
-4.53738
-3.20273
-4.40666
-4.54255
-2.88399
-4.47124
-4.29677
-0.910952
-4.29058
-5.16828
-4.1139
-0.642313
-0.0928444
-2.64472
-4.2663
-4.04415
-4.79083
-4.43726
-4.43868
-0.926091
-1.61519
-5.24529
-4.3244
-4.60065
-4.37381
-4.53868
-4.38012
-4.64014
-2.64242
-1.61559
-4.43599
-4.12622
-3.88334
-1.87094
-5.04023
-1.55319
-4.39836
-4.48043
-4.59384
-0.791693
-4.53093
-4.5694
-1.36716
-1.12893
-0.995209
-4.24239
-4.47519
-3.59691
-4.39719
-0.502361
-0.741158
-4.5403
-1.18437
-4.64673
-4.31913
-0.681097
-4.14339
-4.26812
-0.868669
-1.16338
-0.709746
-0.679728
-1.59593
-3.19052
-4.38454
-4.43483
-1.23306
-4.8552
-4.33511
-4.33577
-4.52037
-4.5056
-4.13086
-4.41213
-4.33019
-4.23464
-1.69442
-4.43279
-4.37876
-4.61898
-1.45959
-1.28277
-5.03609
-4.37007
-0.712475
-4.28598
-4.3781
-4.46557
-1.68831
-5.42935
-1.4673
-0.911756
-4.22197
-0.513629
-4.36108
-1.73448
-4.45075
-4.14437
-4.37293
-3.89428
-4.5427
-4.58992
-4.39294
-4.86461
-4.49198
-4.45567
-3.64697
-0.796965
-4.44078
-4.54113
-4.5889
-4.5756
-4.5255
-0.991418
-4.59538
-4.47554
-4.28495
-4.49539
-1.00089
-4.1521
-1.99948
-4.25506
-4.52805
-3.99311
-1.39012
-2.72399
-4.50838
-4.40452
-4.29289
-4.38603
-0.805766
-4.33396
-4.34064
-3.40615
-4.46095
-3.72341
-4.36037
-0.603804
-1.74104
-4.19707
-1.13489
-0.795128
-4.43656
-1.16524
-4.74282
-4.29398
-0.537255
-4.22993
-0.722808
-4.45099
-4.65834
-5.14425
-0.67226
-4.43749
-4.64226
-4.55109
-4.35455
-4.35288
-4.30214
-0.672222
-4.32519
-1.52795
-4.80852
-4.41997
-4.89851
-1.23617
-4.57969
-4.85528
-0.702539
-4.5545
-5.30479
-1.11462
-0.836176
-4.40246
-4.43197
-4.5474
-4.46354
-1.00982
-4.49729
-1.18495
-4.96429
-1.30581
-1.3204
-1.51133
-0.898115
-2.68844
-5.10869
-1.22525
-4.00501
-0.704671
-4.35404
-1.72872
-4.33672
-4.35423
-4.39944
-4.51929
-4.26763
-5.36341
-4.49444
-4.34874
-4.54151
-4.37287
-4.59627
-3.88697
-4.74333
-4.84647
-4.31306
-1.23984
-4.40093
-4.44989
-1.59171
-4.52251
-4.37379
-4.52247
-4.47598
-4.37102
-5.31097
-1.63979
-0.999541
-1.99289
-5.75826
-4.3638
-0.461045
-4.47572
-0.827711
-1.19086
-4.46898
-4.46037
-4.37165
-4.43544
-4.23868
-4.51796
-1.1125
-4.09071
-4.5316
-4.60423
-0.510819
-4.48791
-4.34241
-4.34477
-0.682457
-4.5308
-4.23806
-0.662193
-4.83762
-1.34243
-0.624264
-1.53102
-1.82062
-4.70945
-0.800832
-0.83542
-4.47533
-3.72299
-4.36693
-4.23029
-3.82442
-2.85694
-1.72116
-4.68154
-4.45326
-4.63922
-4.58209
-5.20949
-4.42405
-4.30029
-4.52951
-5.93683
-4.21829
-0.800937
-4.58046
-4.42352
-1.06554
-4.25483
-1.92129
-0.994917
-4.6147
-4.20177
-1.20494
-1.98636
-1.42623
-4.6299
-3.96091
-4.9302
-4.71573
-1.76957
-5.67669
-1.46786
-4.56836
-4.28742
-0.833638
-3.0383
-1.41268
-4.61049
-4.8478
-1.09468
-4.40123
-4.52166
-1.22179
-4.37673
-4.61941
-0.622814
-4.30533
-4.52541
-1.20375
-4.5168
-4.53127
-3.29694
-1.09235
-4.35922
-1.52192
-3.78827
-4.44536
-0.592019
-0.937639
-4.39258
-4.5175
-4.10907
-4.57146
-4.37554
-3.0665
-4.64636
-4.30213
-4.37942
-6.04308
-4.41376
-4.4709
-3.16214
-4.37528
-4.61086
-4.74841
-4.25852
-1.06564
-1.41085
-3.65076
-4.62052
-4.40243
-4.24605
-1.32802
-1.1336
-0.661502
-3.92355
-4.52008
-4.2366
-4.31796
-4.37705
-4.23808
-5.26397
-1.16286
-1.43335
-3.21137
-0.490963
-4.34841
-4.09825
-3.45936
-5.18228
-4.41085
-2.85443
-4.37088
-4.8069
-4.24709
-0.351059
-4.28341
-3.90942
-4.7514
-4.50852
-3.06363
-1.18854
-4.45272
-4.49083
-0.98612
-0.969394
-4.47943
-1.85421
-0.671154
-0.734646
-4.44759
-4.34336
-4.36278
-5.15593
-4.62431
-4.41
-4.16229
-1.54451
-0.906535
-5.64029
-3.40237
-0.686839
-1.24796
-1.26264
-3.3063
-4.488
-3.71516
-4.46932
-4.67171
-4.66497
-4.37733
-4.05994
-0.689399
-4.99782
-1.27167
-2.86146
-0.934245
-4.26908
-4.14802
-4.75698
-1.22401
-4.59439
-4.37007
-4.41815
-4.62647
-1.18853
-4.32914
-4.1191
-0.64251
-4.55487
-4.12622
-4.24034
-3.24947
-4.23818
-4.41882
-4.55524
-4.24731
-1.29802
-4.37202
-3.94132
-4.42867
-1.12249
-4.3059
-4.32663
-4.09981
-4.434
-4.56444
-4.46298
-1.31532
-4.53787
-4.43601
-0.766415
-4.65243
-4.5847
-4.71347
-1.64185
-0.956664
-0.665897
-2.9546
-1.39157
-3.3885
-4.58606
-0.86836
-0.808147
-4.46341
-4.51657
-5.67133
-4.35336
-5.946
-4.36269
-4.42842
-4.78467
-4.39411
-1.29198
-1.38191
-4.44799
-4.70612
-3.63194
-4.40364
-5.78511
-0.884544
-5.01722
-4.50429
-4.10055
-4.51752
-4.78481
-1.4569
-4.48434
-4.34546
-4.78611
-4.49573
-0.651184
-3.55556
-4.36141
-4.42842
-4.5484
-4.99163
-4.7291
-0.767974
-4.70133
-0.820097
-1.68239
-1.29674
-1.76721
-4.49698
-4.51434
-4.68636
-0.814694
-4.34405
-4.74048
-1.33573
-4.4216
-1.25628
-4.39926
-4.58994
-3.63916
-4.44695
-4.92555
-3.88901
-0.662728
-1.44511
-4.46028
-4.39327
-4.54779
-4.70241
-4.49001
-3.12339
-4.35095
-3.53035
-4.10406
-4.24867
-4.31402
-4.03978
-4.43259
-4.34939
-0.526915
-4.73216
-1.18086
-4.67619
-5.96232
-4.36868
-4.65979
-1.09194
-4.4561
-4.70965
-0.345884
-4.87694
-4.30925
-0.346286
-5.59716
-4.74623
-1.37809
-4.40177
-3.11601
-4.49105
-4.35818
-0.231134
-4.4953
-5.02622
-4.38368
-5.43951
-3.1531
-4.45802
-4.52018
-3.87914
-2.97888
-1.04991
-4.29516
-5.50496
-0.755471
-3.40455
-4.66534
-4.51244
-4.3855
-0.804027
-4.29644
-1.08655
-4.34845
-4.33226
-4.23737
-0.874013
-3.87979
-3.94816
-4.92935
-1.9827
-3.16955
-4.35017
-4.30761
-1.41664
-4.71323
-4.51712
-4.39477
-3.13128
-4.40123
-3.52663
-3.45811
-0.534771
-4.37863
-3.9852
-1.25889
-4.56298
-3.70472
-2.03391
-4.46308
-4.20436
-4.15567
-4.49352
-4.26359
-4.49508
-4.37096
-1.17141
-0.547737
-0.694664
-4.45499
-4.43031
-4.31489
-3.57195
-4.90308
-4.61671
-3.23761
-4.38412
-4.57485
-0.970273
-1.83117
-4.32131
-4.26914
-4.61489
-2.14604
-1.81468
-4.47196
-4.37747
-4.41837
-1.13318
-4.45594
-4.89385
-0.920416
-2.82798
-3.79689
-4.41178
-4.07789
-4.72734
-4.61185
-4.37508
-4.50591
-4.53422
-0.314551
-4.24792
-4.52687
-4.72695
-4.97979
-0.985223
-0.973234
-4.28427
-1.55186
-4.57701
-4.61298
-3.52773
-4.21971
-4.27827
-4.35948
-4.36335
-0.471063
-4.71241
-4.5455
-5.00546
-4.22429
-4.55314
-5.94839
-1.59794
-4.49555
-4.27625
-4.56227
-1.28728
-4.49812
-0.894066
-1.68603
-2.13472
-1.65887
-4.41795
-1.30121
-1.22683
-0.958756
-4.23351
-4.73589
-4.44246
-4.30491
-4.38516
-4.129
-4.48137
-0.989588
-4.32711
-0.863361
-3.77539
-0.697583
-3.65835
-4.73954
-0.958292
-3.89098
-4.43995
-3.92183
-4.5032
-3.93143
-4.55933
-4.4599
-5.40412
-4.56104
-1.69093
-4.54187
-0.845478
-4.43705
-2.85943
-4.29205
-4.45529
-4.51889
-1.62904
-4.5756
-4.60476
-4.48086
-4.40348
-0.0668067
-4.27042
-4.47395
-4.89612
-4.68118
-4.37657
-3.90806
-4.49248
-1.44239
-4.62227
-4.34388
-4.47973
-1.1688
-4.37249
-4.65832
-3.8175
-0.700197
-3.16887
-3.0996
-4.41087
-4.51315
-4.49436
-4.43457
-4.23558
-4.49753
-4.77516
-4.51652
-0.794841
-4.0544
-4.64034
-4.29189
-4.4652
-1.36789
-4.52618
-4.35996
-1.71737
-1.88774
-3.11075
-4.82324
-3.77767
-4.02705
-4.74958
-3.8206
-0.768508
-4.37428
-4.52478
-4.43607
-4.72801
-4.218
-4.41453
-4.53914
-4.28033
-4.43832
-3.04017
-4.22258
-0.948176
-4.45374
-1.96696
-1.14872
-3.92095
-4.584
-1.24449
-4.47074
-1.01503
-4.25188
-4.43966
-0.730148
-3.33449
-4.31818
-4.5845
-4.89425
-4.5438
-0.486647
-4.43227
-4.90105
-4.70629
-4.34095
-4.13544
-1.54556
-4.51343
-4.23201
-4.16072
-4.43813
-3.07374
-4.34809
-5.10517
-1.02063
-1.06788
-4.30421
-4.26207
-1.28582
-4.44846
-4.82367
-0.863497
-4.22201
-1.82741
-4.39162
-1.04875
-4.36646
-2.16825
-4.38387
-3.781
-4.55125
-4.82269
-4.35404
-2.85884
-3.50911
-4.25154
-0.62859
-4.31001
-1.10765
-4.39221
-4.39327
-4.37697
-5.5145
-2.86602
-4.62355
-4.41726
-4.26527
-1.06402
-4.32531
-1.02956
-4.59449
-3.20554
-1.8051
-1.1903
-1.22004
-3.81205
-2.92733
-0.609184
-1.14361
-4.63388
-4.58194
-4.43335
-1.97582
-4.52148
-4.42664
-1.61999
-4.26553
-4.28203
-1.98375
-1.00284
-4.43963
-4.49368
-4.52455
-4.59389
-4.53394
-4.23777
-3.24001
-4.50194
-4.54484
-4.74624
-3.78767
-3.91382
-0.818625
-4.30184
-4.25961
-4.716
-4.43311
-2.82046
-4.30941
-4.19329
-1.3974
-4.48272
-4.28509
-2.25673
-4.19813
-4.05794
-4.62088
-2.67227
-0.696762
-1.19045
-6.04498
-4.23821
-4.56168
-4.35945
-4.44001
-4.4358
-4.46309
-4.01914
-1.97537
-1.58888
-4.24576
-2.99664
-4.48586
-3.19658
-4.46541
-0.645223
-3.33204
-0.821402
-4.26046
-1.60592
-4.3028
-5.00167
-1.95953
-1.90885
-4.13452
-1.44647
-1.46369
-5.01722
-4.53285
-2.01006
-4.38586
-4.14843
-4.24337
-4.61632
-0.84181
-4.33289
-1.05536
-4.27498
-4.47974
-4.50124
-0.848397
-0.835103
-4.11125
-1.52859
-4.51401
-2.2957
-1.397
-4.72421
-4.37624
-4.35891
-3.27566
-4.49723
-3.97325
-4.48954
-5.44551
-1.00437
-4.49654
-3.12247
-4.53178
-0.630598
-4.63696
-4.45187
-4.37393
-4.41859
-1.12236
-4.28354
-1.31509
-4.25209
-1.35094
-0.798659
-5.02576
-4.73051
-3.94998
-4.55027
-4.33826
-4.8354
-0.848717
-1.54938
-4.28238
-4.64887
-1.42109
-2.83694
-4.1773
-4.5123
-0.709735
-4.43948
-4.383
-0.744587
-2.28133
-0.703436
-0.779814
-1.11129
-4.19805
-0.826363
-1.86107
-1.40342
-4.70844
-4.53807
-4.39794
-4.22543
-2.9305
-2.95661
-1.18333
-0.650716
-2.01287
-4.4736
-5.30118
-4.45409
-1.43672
-1.95531
-4.3853
-4.53149
-4.51185
-4.45622
-4.37424
-1.05386
-4.47378
-0.676272
-4.6906
-4.39812
-4.56981
-1.52062
-4.56649
-1.33664
-4.53187
-0.786431
-3.12981
-4.73888
-4.6075
-4.55836
-4.60141
-1.7754
-1.32619
-0.905267
-4.32268
-4.92993
-0.653026
-3.66684
-1.6714
-4.53042
-5.63428
-4.58485
-1.15487
-4.44461
-1.09025
-0.920777
-3.19734
-5.24036
-4.37686
-0.619948
-4.58945
-4.7823
-4.89955
-4.25833
-4.53492
-3.03748
-4.7847
-4.43783
-3.95915
-3.63349
-4.36732
-4.43956
-4.25685
-4.45758
-4.11194
-2.63138
-5.20363
-4.53482
-4.31787
-4.3663
-1.47895
-4.37697
-4.23547
-0.953538
-0.667916
-4.37276
-4.60242
-0.802461
-4.11618
-0.970222
-4.63055
-0.85945
-4.567
-4.53625
-1.05379
-0.505462
-4.43905
-4.52378
-0.996397
-3.61717
-4.34573
-1.51605
-4.1577
-4.82599
-3.42167
-6.04636
-4.11431
-4.53771
-4.00913
-2.91013
-1.52984
-1.2806
-4.23966
-0.678625
-3.72215
-4.81573
-1.01221
-3.92843
-4.647
-3.33039
-4.54559
-1.21457
-4.53796
-4.15872
-4.27601
-1.85177
-2.87797
-2.46744
-2.05681
-2.07654
-4.36134
-4.78513
-4.44202
-4.29603
-4.45602
-3.21603
-0.755336
-1.59262
-4.45207
-4.34035
-4.22224
-4.45338
-0.716505
-3.14569
-4.38088
-1.56773
-4.42886
-4.56522
-4.52892
-4.51161
-4.68306
-4.53398
-4.50274
-4.10736
-1.68161
-4.29555
-1.64387
-5.82738
-3.94935
-4.69603
-4.56264
-4.6072
-0.71473
-4.53661
-4.32269
-4.43273
-2.42409
-1.62247
-0.592915
-1.67221
-3.63738
-4.44011
-4.36999
-3.01553
-1.57558
-4.97288
-1.62595
-1.39109
-0.851693
-4.44903
-0.843118
-4.28207
-3.16098
-0.856423
-4.45928
-1.29747
-4.14513
-1.66656
-0.947281
-4.13909
-1.56079
-4.35736
-4.35464
-4.50475
-4.43206
-2.94877
-4.44998
-2.68305
-3.12567
-4.48807
-1.44921
-5.94401
-4.57566
-2.95122
-1.07917
-3.93698
-4.31804
-4.54137
-5.44965
-0.70453
-1.70325
-1.09588
-4.5401
-2.866
-4.54269
-0.664107
-4.44016
-4.3261
-4.37878
-1.50168
-4.50808
-4.28062
-0.955955
-4.44954
-4.57699
-4.47761
-4.35785
-4.45398
-4.46256
-4.34173
-2.95723
-4.37666
-4.75392
-4.54013
-4.34347
-5.05702
-4.3694
-0.938708
-3.90323
-4.38078
-1.28898
-4.69703
-1.14737
-1.52674
-1.81698
-4.19585
-4.10788
-0.711106
-0.960715
-1.33142
-4.65565
-3.62801
-4.70293
-0.89966
-4.6101
-4.49177
-4.37854
-4.36877
-1.86793
-4.29876
-4.43567
-4.46349
-3.62719
-4.71284
-4.57566
-4.4962
-4.35524
-4.44274
-4.75131
-4.37799
-4.27765
-4.17604
-4.00144
-1.65519
-1.65083
-4.46957
-0.796912
-4.451
-3.53456
-5.15686
-0.684643
-0.678095
-4.72962
-4.16018
-4.44988
-4.3787
-1.99702
-4.15374
-4.42514
-1.99112
-1.49655
-4.5659
-4.32574
-1.29517
-4.16898
-4.60761
-3.11315
-4.27778
-4.54028
-4.55877
-4.3879
-4.46211
-4.27947
-1.12825
-4.30806
-5.48304
-4.58381
-3.8817
-4.56046
-3.59484
-4.44499
-2.96903
-4.36891
-4.38674
-4.30603
-5.06761
-4.49258
-2.38809
-4.32128
-1.98716
-4.82244
-4.4328
-4.54153
-3.99227
-4.549
-1.4237
-2.05945
-0.597103
-4.66207
-4.45013
-4.41875
-4.57564
-2.41167
-0.724067
-4.43566
-4.39232
-4.43376
-4.32892
-4.08823
-1.11555
-0.0177632
-4.20098
-1.3693
-4.45262
-4.59006
-4.40417
-2.46989
-3.78348
-3.2265
-1.27987
-4.37449
-1.9931
-1.71266
-5.77405
-4.47869
-4.63068
-4.27278
-4.22876
-4.8396
-4.74463
-4.54699
-4.31881
-5.02556
-4.39031
-0.690598
-4.31481
-4.55032
-4.59158
-1.41175
-3.0534
-3.53798
-0.70616
-4.20487
-4.53509
-4.72766
-4.38565
-4.36423
-1.84786
-0.401618
-4.39316
-4.52303
-1.09995
-4.47171
-4.45221
-4.45552
-4.42796
-4.53165
-4.39747
-4.52671
-4.50859
-4.29006
-3.71069
-4.4477
-4.67333
-1.45322
-0.650462
-1.2174
-4.74128
-4.24901
-1.5764
-4.46464
-4.49313
-4.39427
-2.71132
-2.91273
-4.46982
-1.82825
-4.28325
-4.4006
-4.49391
-1.01093
-4.52665
-4.37574
-4.64111
-4.05747
-4.37547
-5.27131
-1.23075
-4.28795
-3.3949
-4.7389
-4.37707
-0.759817
-2.91683
-0.9757
-3.99832
-1.14374
-4.00533
-4.62795
-1.27562
-4.19888
-4.63399
-4.28346
-1.91503
-4.52508
-0.643093
-1.7836
-4.26499
-4.63507
-2.65289
-4.88864
-4.53437
-4.37671
-4.25846
-4.59553
-4.45896
-4.62268
-4.91454
-4.43545
-4.49048
-4.60536
-4.51383
-4.5513
-4.48204
-4.85363
-4.43693
-4.4632
-4.48172
-4.95693
-4.29787
-4.49365
-4.49363
-1.00773
-1.86793
-0.797996
-4.19224
-4.27366
-4.60177
-3.43313
-3.95086
-4.69818
-4.35035
-4.33733
-4.4518
-4.5368
-4.55026
-0.720575
-2.8326
-4.54102
-1.58297
-4.05625
-4.06515
-4.62414
-4.59682
-4.3738
-4.30951
-4.53268
-3.88208
-4.20784
-0.812284
-1.67245
-4.28146
-4.30959
-3.16553
-4.30027
-0.93603
-0.686415
-4.60955
-0.766943
-3.33995
-1.86859
-4.31384
-4.86432
-4.34664
-4.55758
-4.55018
-4.6129
-3.08437
-0.361583
-0.377615
-0.552185
-4.51016
-4.6038
-4.36393
-4.48985
-4.35203
-4.47803
-1.85784
-0.685263
-1.29169
-4.48865
-4.41543
-1.08366
-1.68855
-4.516
-4.53006
-4.28153
-4.54864
-1.88149
-4.5625
-4.41069
-4.24996
-1.22361
-4.74043
-4.47194
-4.4462
-4.41036
-0.582277
-4.71692
-1.42119
-4.26817
-1.04826
-4.44222
-5.84848
-4.56137
-5.04914
-4.73935
-5.35854
-4.35417
-0.427538
-4.26271
-3.01326
-4.07736
-4.73979
-4.33032
-5.79663
-4.52276
-4.39369
-4.66772
-2.8278
-4.28562
-1.64668
-4.37242
-4.10484
-0.883414
-1.2506
-4.57116
-4.49457
-2.61956
-4.88729
-4.35311
-0.519843
-2.99717
-4.72392
-4.48727
-4.46122
-4.28307
-5.24854
-1.06895
-5.70496
-3.81455
-4.72561
-4.21812
-1.67974
-5.21557
-2.03161
-4.47055
-4.87581
-3.33587
-4.72216
-3.26061
-1.57572
-0.954431
-1.68381
-0.803037
-0.693593
-0.721078
-4.28843
-4.54363
-5.82503
-4.27661
-1.84285
-2.05149
-4.28105
-1.02423
-4.73996
-4.89208
-3.15758
-1.71182
-3.88879
-4.16708
-4.45985
-1.85603
-4.38865
-0.850161
-3.00413
-4.31198
-4.25934
-4.44991
-4.41883
-0.57022
-4.85865
-4.47247
-4.4532
-1.68448
-0.803046
-1.35499
-1.60243
-1.28601
-1.00245
-5.78354
-4.79659
-5.31295
-0.995856
-4.5602
-1.29291
-4.67703
-1.94562
-4.58059
-2.03238
-3.12426
-1.70371
-4.34811
-4.68662
-3.90083
-2.81135
-4.39821
-0.65943
-4.45284
-3.65382
-4.05877
-4.27768
-4.0595
-1.74965
-4.10608
-4.45314
-4.8288
-4.543
-2.87813
-1.75772
-0.936435
-4.71158
-4.35739
-0.845537
-1.68543
-2.53466
-1.40182
-1.15586
-4.7225
-4.7309
-4.68075
-5.15479
-0.867515
-4.58916
-1.61322
-4.47252
-0.60233
-1.99387
-4.23398
-2.04129
-3.95489
-4.30982
-4.12159
-4.58897
-4.47602
-4.43588
-2.57051
-4.70971
-4.67287
-1.40423
-4.42701
-4.32003
-2.03516
-2.02357
-4.29183
-1.86126
-4.53237
-4.33269
-4.41996
-4.43587
-1.3319
-3.64922
-3.30653
-4.69337
-4.38649
-4.24998
-4.72131
-4.09148
-4.4234
-4.44902
-4.39717
-4.64308
-4.55876
-4.36486
-1.94101
-2.48764
-0.756119
-4.60101
-4.45108
-2.2009
-1.13119
-4.51311
-4.36202
-4.70989
-1.10425
-4.59515
-4.36557
-3.22443
-4.7373
-4.60729
-4.6294
-4.61402
-3.52925
-0.955055
-4.51706
-4.42818
-1.65795
-1.61153
-3.16711
-4.38326
-6.00578
-4.58286
-0.694723
-0.927958
-4.46621
-4.60177
-4.1102
-5.4865
-4.42911
-4.48535
-0.838633
-4.70144
-4.45143
-4.53833
-4.62728
-1.17446
-4.45804
-4.54005
-4.38615
-4.47664
-4.48152
-4.39003
-1.10625
-4.67689
-4.34119
-2.86113
-1.51504
-4.46729
-4.04574
-4.14797
-4.4127
-4.38902
-4.82522
-0.627062
-4.18309
-0.918869
-1.36933
-4.36553
-4.87839
-1.73587
-4.37507
-4.37635
-1.04802
-4.05549
-4.73414
-4.80591
-4.2447
-4.2471
-4.23416
-3.00076
-3.12342
-1.99826
-3.52025
-1.99967
-4.5118
-4.4973
-4.43605
-4.38833
-0.676572
-3.47184
-0.633353
-4.31598
-0.635559
-0.741525
-4.21239
-1.77416
-4.35264
-5.63989
-4.55658
-1.70509
-4.66762
-0.951484
-4.56717
-4.44944
-4.5639
-4.65585
-1.27857
-3.32642
-4.47737
-4.19603
-4.5111
-1.91463
-0.726587
-1.67171
-0.492765
-4.3273
-2.81623
-4.34183
-4.3022
-1.61952
-1.83416
-4.54452
-3.54052
-4.6081
-3.51246
-4.60271
-4.22386
-4.40086
-1.44815
-1.36627
-3.90846
-4.39915
-4.53551
-4.43638
-2.8904
-4.52651
-4.99589
-4.52533
-1.12715
-3.03113
-3.63592
-0.718008
-1.06218
-4.15593
-4.43104
-1.84411
-5.2072
-5.92983
-3.89423
-4.98899
-1.49629
-4.90998
-2.82562
-4.56214
-5.49443
-3.1842
-0.462147
-1.20605
-4.66609
-3.96898
-4.355
-4.81512
-4.4897
-4.31763
-0.973934
-4.38003
-4.62482
-3.32256
-3.20728
-4.41473
-1.20308
-4.28158
-1.24658
-0.398413
-4.46623
-1.3514
-1.88442
-1.59018
-1.96384
-5.41216
-2.03576
-0.883636
-4.73375
-4.42297
-4.54274
-1.66437
-4.72433
-4.25398
-4.28614
-1.03753
-1.22281
-3.43147
-4.30066
-4.47472
-4.85791
-4.48083
-3.72905
-4.30124
-4.15734
-0.674749
-0.92094
-4.80228
-1.85956
-2.36131
-4.23482
-4.09196
-4.33228
-4.77827
-4.47863
-4.81843
-4.08783
-0.905668
-3.15246
-2.3829
-4.61196
-4.1232
-4.77275
-3.91458
-4.0829
-3.26418
-0.629471
-0.990378
-4.24084
-1.57642
-4.3107
-4.29482
-0.615531
-1.2805
-2.90108
-0.937036
-4.75897
-4.54136
-4.57515
-3.13218
-4.37205
-2.31364
-1.07925
-4.59357
-1.73959
-4.88839
-4.65378
-4.27821
-1.22784
-4.28487
-4.51323
-0.940488
-4.37265
-4.40748
-2.01221
-4.89414
-4.53356
-0.641045
-4.37212
-2.03304
-4.63484
-1.31994
-5.66996
-4.47802
-4.42814
-3.46423
-4.14591
-3.95132
-2.60191
-4.47293
-4.58483
-2.05272
-4.89186
-4.44849
-4.82399
-3.11873
-4.70399
-3.25662
-4.25664
-4.49371
-4.739
-1.20539
-1.4537
-4.815
-3.12605
-4.65022
-3.19243
-4.71599
-0.645894
-4.46579
-2.02397
-4.80427
-1.41748
-4.24829
-0.924203
-2.84239
-5.00291
-0.243664
-3.40185
-4.46541
-1.55925
-0.0660519
-4.30518
-2.07078
-4.36455
-4.66386
-0.858465
-0.739508
-4.39172
-1.22591
-1.84647
-2.84416
-1.62172
-0.950269
-4.49761
-4.29865
-2.09115
-4.77759
-1.99321
-4.62257
-4.38608
-4.72705
-1.40197
-1.60054
-1.30232
-4.71401
-1.53864
-4.35603
-4.77872
-1.85307
-4.43573
-1.85158
-2.30067
-2.4777
-4.28153
-4.52457
-4.04895
-4.61
-0.783175
-1.86969
-5.08412
-4.33818
-4.37151
-4.46263
-4.57013
-4.44997
-1.32006
-3.31496
-4.37306
-4.44379
-4.26527
-4.5881
-3.65465
-1.86977
-4.20422
-3.41515
-4.65376
-0.626887
-1.07521
-3.6658
-4.35978
-2.07947
-1.19553
-4.8085
-1.29014
-1.81876
-2.06103
-4.96155
-0.944179
-3.50471
-0.613435
-4.30055
-4.61048
-0.664481
-4.33231
-4.49638
-4.69495
-4.64267
-4.11427
-1.51164
-3.08774
-4.23369
-4.43122
-4.68368
-3.95822
-4.63185
-2.83135
-1.69175
-4.44072
-0.0579209
-4.74183
-4.39077
-0.444854
-4.34079
-4.39021
-4.32336
-0.714313
-4.35957
-4.12765
-1.51192
-4.68778
-1.22713
-4.83469
-4.31
-3.20703
-3.2843
-1.04835
-5.37282
-0.552587
-3.49783
-4.34464
-4.38058
-0.899402
-4.34105
-4.49745
-2.76292
-0.686749
-1.3966
-4.70949
-4.29403
-4.18645
-0.523598
-4.21505
-4.27032
-4.88529
-4.76756
-4.15953
-0.655446
-4.25897
-4.24001
-4.54841
-3.26226
-4.64318
-3.14121
-4.44798
-4.43552
-4.66381
-4.27835
-4.22255
-4.89237
-4.46738
-0.967612
-4.19372
-1.96842
-1.68964
-0.664182
-2.82802
-0.924734
-4.76019
-4.60625
-4.6477
-4.52031
-3.9912
-3.66015
-0.568509
-4.52641
-4.59697
-4.46632
-4.21586
-4.46561
-1.18563
-0.668426
-1.10804
-1.61532
-4.23023
-1.48626
-4.43079
-3.88742
-3.6335
-4.3504
-1.20276
-0.68029
-4.40301
-4.36773
-2.00908
-0.628078
-2.16587
-4.45981
-2.21083
-2.98392
-4.29376
-0.682409
-4.41651
-4.5643
-4.86688
-4.34274
-0.368994
-0.625608
-4.43965
-4.54923
-4.49303
-2.29547
-1.03986
-4.83056
-5.7687
-3.09655
-4.39716
-2.34817
-4.43752
-4.73532
-0.762041
-4.30017
-4.3497
-4.51977
-4.38973
-3.90967
-4.50978
-4.92555
-1.76537
-1.97081
-1.84993
-4.454
-5.35649
-1.21197
-2.36732
-4.28227
-4.79242
-5.90665
-4.07128
-4.36917
-4.43648
-4.72989
-4.63684
-4.45971
-4.36702
-2.15266
-4.6769
-0.357218
-0.854691
-4.33054
-4.50074
-1.6782
-4.75106
-2.45661
-4.77666
-3.07218
-2.46194
-4.20341
-0.820288
-4.93133
-3.36374
-4.80147
-1.5912
-4.49101
-4.30127
-4.39231
-1.33845
-0.772329
-0.834234
-5.02027
-2.02758
-3.73405
-4.19305
-4.0499
-3.92324
-4.4627
-4.40596
-3.1899
-4.28128
-1.09896
-1.00562
-4.55994
-4.85843
-0.997102
-0.643258
-4.19793
-2.0814
-1.863
-5.30076
-4.43622
-4.64127
-1.70047
-2.91743
-4.47985
-4.59872
-2.01184
-4.23744
-4.13294
-4.6222
-3.80367
-4.56957
-5.03825
-4.34319
-4.72282
-1.87423
-4.21015
-4.43497
-4.30168
-2.83579
-4.08251
-4.42074
-1.18833
-4.965
-4.80816
-4.50089
-1.30192
-4.50357
-4.45704
-4.32705
-1.04439
-1.25206
-4.48406
-1.0121
-0.353642
-4.89778
-4.40767
-0.963503
-4.71367
-3.39258
-2.63158
-3.64339
-4.49956
-4.50879
-4.47679
-4.45862
-1.88345
-4.2934
-1.22237
-4.54787
-4.69088
-4.56368
-0.644083
-0.938092
-1.78105
-2.84946
-4.54814
-2.8084
-4.60303
-3.62845
-0.983305
-3.96231
-4.23517
-1.98451
-1.03898
-4.52135
-4.24202
-5.87355
-1.0329
-4.54411
-1.85781
-1.2707
-4.23194
-4.60082
-4.69215
-1.75825
-3.41316
-4.44189
-1.73411
-0.627588
-4.32566
-4.7658
-4.82932
-4.43765
-4.73325
-4.46221
-4.72747
-4.22448
-4.23417
-4.66851
-4.13227
-0.650711
-4.86815
-1.51013
-4.92308
-1.6312
-4.41213
-4.37599
-4.49542
-4.26426
-5.06703
-4.78198
-4.44368
-1.79515
-4.40082
-1.83828
-4.22888
-0.992511
-4.55635
-4.36484
-4.44559
-1.88083
-4.88075
-4.35167
-4.01766
-0.886561
-1.24934
-2.09971
-0.661305
-0.969166
-4.49384
-4.43476
-4.53485
-0.604077
-4.36949
-2.03323
-0.614894
-4.54655
-4.47396
-3.22485
-4.50318
-4.4843
-1.22739
-4.09631
-3.61321
-1.80383
-1.79598
-0.970024
-4.81976
-3.10231
-4.44151
-4.30845
-4.25263
-1.94148
-4.37512
-4.75008
-2.75912
-1.69519
-4.43242
-4.24384
-0.506041
-4.40836
-1.27778
-4.47561
-2.81252
-0.624938
-4.21699
-1.874
-1.01327
-4.80966
-4.26264
-4.46736
-4.44616
-2.03064
-2.16188
-1.23061
-4.35696
-2.81491
-4.93115
-4.5312
-3.35544
-4.34259
-0.591433
-1.20891
-4.47756
-4.36442
-3.11659
-2.86412
-1.47231
-1.02533
-4.45009
-4.34913
-4.37324
-1.72124
-1.89096
-4.43244
-1.35821
-0.675193
-4.70542
-4.62003
-5.31298
-4.39166
-3.52957
-4.37924
-4.53129
-4.91051
-1.10673
-4.70808
-1.17661
-1.67146
-4.45219
-4.20983
-4.27104
-1.67096
-4.52979
-4.87024
-1.73342
-1.85348
-4.50046
-0.54334
-1.6442
-1.18072
-4.64969
-4.29134
-2.98335
-0.767911
-3.40446
-4.54975
-4.37565
-4.18932
-4.01672
-4.90177
-2.38395
-4.50727
-1.01052
-0.634548
-4.59061
-2.86085
-0.748042
-1.99228
-4.32371
-4.36431
-3.44229
-3.8948
-4.87414
-4.28455
-2.83058
-4.65735
-1.41501
-5.47302
-0.926657
-4.21503
-2.88049
-4.52912
-1.28506
-4.30478
-4.79555
-4.57551
-0.839363
-1.67759
-2.47487
-4.85026
-4.2164
-4.48579
-0.643231
-1.69019
-4.55146
-4.66178
-0.669881
-1.93418
-4.4661
-2.80993
-1.07292
-0.61584
-4.23608
-4.20631
-5.94986
-1.54577
-1.84458
-4.19328
-0.676996
-3.38237
-4.43447
-0.81512
-4.46867
-4.54863
-1.84151
-3.26707
-1.99704
-2.82259
-4.15884
-4.5401
-3.20429
-1.91467
-0.749492
-1.09402
-5.07313
-3.97251
-4.39351
-5.11983
-4.68651
-4.44711
-4.26059
-2.85182
-4.86722
-4.40073
-4.76873
-4.41922
-0.585671
-1.85501
-4.25273
-0.680925
-4.32931
-4.59359
-4.45802
-4.7387
-4.34938
-2.13245
-4.11625
-0.923167
-4.53799
-1.65571
-4.45641
-4.25249
-4.52846
-1.80855
-4.30375
-4.05035
-0.756127
-4.33426
-5.26753
-3.60199
-2.83459
-4.34676
-4.29163
-0.864613
-2.04208
-4.15492
-1.87038
-4.23437
-1.7184
-4.5511
-4.49271
-4.64516
-4.33706
-3.79815
-2.95242
-4.08087
-4.56786
-4.34238
-4.45933
-1.58225
-4.06501
-1.88117
-1.42
-2.45274
-4.25757
-0.749073
-4.73881
-4.75005
-2.33885
-4.49655
-4.07381
-4.42263
-1.41782
-4.94325
-4.44661
-4.70116
-4.48408
-4.14439
-4.40823
-4.03081
-0.513734
-4.63379
-2.01087
-1.13506
-4.2493
-4.28218
-4.35189
-0.866547
-4.51335
-5.05059
-2.87706
-4.2939
-4.26914
-3.97121
-1.62241
-0.761824
-0.920801
-4.39302
-2.27417
-4.84248
-1.03101
-0.879022
-1.54991
-4.78987
-4.05987
-4.76791
-2.98711
-3.22381
-3.88574
-4.73019
-3.89488
-4.12677
-0.039938
-3.93571
-4.6843
-3.47201
-4.47038
-4.47659
-4.29648
-4.81311
-1.21433
-4.76308
-4.42563
-2.82374
-2.42975
-2.2343
-0.608512
-4.68084
-3.86442
-4.37315
-4.48236
-1.24204
-4.4395
-4.33829
-3.22128
-4.23983
-0.461005
-4.51984
-4.61234
-4.42081
-2.0046
-2.79534
-4.72171
-2.86056
-1.32643
-2.18863
-2.81725
-4.02932
-2.22329
-4.52369
-4.25715
-4.34401
-0.665973
-0.704736
-4.36747
-4.20817
-0.732705
-2.16611
-4.54289
-4.39944
-4.52358
-4.73417
-5.35638
-1.86956
-3.94092
-4.40952
-4.20368
-0.876829
-4.25131
-1.99583
-4.11303
-2.17509
-4.07707
-4.76876
-2.61958
-2.93284
-4.2451
-0.358709
-1.32709
-2.82205
-4.52174
-4.87955
-4.24638
-2.82535
-1.53732
-4.69348
-0.606133
-4.21234
-0.828849
-4.79361
-1.67494
-0.971835
-2.19059
-1.96112
-4.71545
-0.858074
-4.50522
-2.04729
-1.31061
-2.00407
-1.16172
-4.8887
-0.828722
-4.37387
-4.34174
-4.18722
-2.03259
-4.38273
-4.38384
-4.52572
-3.48062
-0.497433
-2.03322
-2.30833
-2.27764
-4.44785
-4.41822
-1.1563
-4.77678
-0.897146
-4.50282
-1.68216
-1.12403
-4.40555
-0.635395
-4.28623
-4.7627
-1.1983
-2.82388
-4.60869
-4.52847
-1.90067
-4.21042
-4.38065
-4.45152
-4.7885
-2.86759
-4.02384
-3.40935
-2.02896
-2.96799
-4.37487
-4.45127
-4.34209
-4.35655
-4.49364
-0.79872
-4.46669
-0.921755
-1.82778
-1.79164
-0.594593
-1.69062
-0.918991
-4.47043
-3.94145
-4.38265
-5.08105
-4.23584
-3.9392
-4.86899
-4.44393
-1.95495
-4.53781
-0.580464
-2.827
-4.34143
-4.36216
-4.83908
-3.08207
-4.2939
-4.01965
-4.52612
-4.37495
-4.63878
-3.11015
-0.636152
-4.09251
-1.33212
-5.40145
-0.689788
-4.20573
-1.74209
-4.51367
-2.22097
-0.97115
-4.85191
-0.690545
-1.86376
-4.40239
-1.17275
-1.68679
-4.07586
-1.89648
-4.46846
-4.53579
-4.24576
-4.27783
-4.58135
-1.8862
-0.982181
-1.11159
-4.62146
-4.46892
-4.42373
-4.73729
-1.83776
-4.4832
-0.105131
-4.27908
-4.39707
-4.41273
-4.40571
-4.59681
-4.44069
-4.44883
-4.41
-4.62651
-3.30335
-4.37897
-5.00398
-4.42374
-4.19314
-3.97388
-0.84077
-0.578159
-4.48703
-4.43591
-3.57985
-0.586981
-6.06382
-4.44055
-0.944496
-0.745178
-4.82137
-4.53295
-4.52461
-1.66456
-5.80207
-3.80376
-4.49201
-0.620371
-4.30296
-4.5754
-4.27656
-2.82108
-4.57101
-1.99955
-4.71655
-0.821716
-1.19746
-4.52496
-1.85858
-2.05787
-0.928481
-4.28806
-1.73612
-4.49073
-3.97777
-4.2952
-4.49872
-4.23505
-0.82934
-2.83073
-4.60016
-1.2511
-5.40419
-4.45966
-2.38066
-4.46302
-4.47283
-4.63527
-4.70078
-3.89052
-1.09089
-0.376316
-3.17765
-4.21428
-4.41449
-3.90409
-4.15539
-5.06164
-2.02765
-4.52941
-0.79085
-4.42875
-4.68057
-4.64818
-4.52565
-0.719451
-4.6244
-4.33682
-4.62869
-1.72221
-1.71384
-4.37891
-4.53222
-4.17107
-2.9487
-4.5321
-3.30879
-2.83621
-4.39857
-4.46419
-1.13522
-4.41335
-1.22993
-4.53422
-4.12507
-4.28092
-4.4695
-4.75594
-4.51312
-4.40018
-4.28578
-4.33641
-4.56339
-1.59868
-1.37687
-4.41213
-3.23466
-0.894847
-4.46837
-3.53871
-4.03416
-4.34973
-2.99425
-0.511028
-4.8792
-4.50314
-1.23961
-4.2772
-1.55749
-0.842071
-1.12658
-4.43758
-1.08775
-4.50419
-4.15296
-4.2736
-3.85797
-4.48671
-4.24033
-0.869888
-4.5214
-1.75505
-0.625212
-1.84617
-4.3765
-4.17268
-4.31482
-4.36261
-4.43468
-0.804069
-1.3438
-2.50709
-3.43705
-2.43852
-1.31668
-3.17869
-1.9082
-5.93415
-3.59436
-1.52236
-4.37592
-4.81003
-4.4023
-1.85615
-3.71111
-0.151378
-3.90187
-3.28885
-4.61226
-0.0543443
-1.85526
-5.20247
-3.66774
-4.37452
-4.31965
-3.95853
-2.44364
-3.66144
-2.21968
-4.95238
-4.44804
-1.66627
-4.44334
-4.82122
-3.64785
-1.02967
-2.19812
-4.14186
-4.18477
-4.11633
-4.22451
-4.91165
-3.10119
-1.1028
-1.26696
-0.724038
-4.1086
-3.72352
-0.780075
-0.808507
-4.12671
-4.3562
-2.43827
-4.7719
-0.924359
-4.51811
-4.03572
-0.808066
-4.17278
-1.17538
-4.43628
-1.9621
-4.32807
-4.66092
-4.80723
-1.01434
-4.63602
-4.56228
-4.36243
-3.99928
-1.78706
-4.5852
-4.27732
-3.86185
-4.08548
-4.43525
-4.54112
-4.53747
-1.87171
-4.34325
-2.81834
-1.98675
-4.72615
-4.0413
-1.33027
-1.68073
-0.678365
-4.56713
-2.29151
-0.535424
-0.952536
-3.41888
-4.07405
-4.41139
-4.28616
-1.78707
-2.0363
-2.42992
-0.584555
-1.15378
-4.63031
-0.999412
-4.86115
-1.90686
-4.33625
-4.3569
-1.85246
-4.43782
-1.0156
-4.1925
-4.3594
-4.35898
-0.923549
-4.46823
-4.44459
-0.976832
-5.0091
-4.60357
-4.44303
-4.27052
-3.49399
-0.723152
-1.65385
-5.47578
-0.843535
-4.45317
-4.75412
-0.867584
-4.97236
-4.38997
-3.28365
-1.53011
-4.3822
-4.24983
-3.13101
-4.71426
-5.00713
-2.32075
-1.63551
-3.7719
-4.46635
-3.64505
-4.07754
-4.46206
-0.951559
-0.428799
-4.63543
-4.56799
-4.16179
-0.998812
-4.50742
-4.87525
-4.36005
-4.08509
-0.0968951
-0.898847
-0.779081
-1.23397
-4.48084
-1.41611
-4.52229
-4.8936
-1.4578
-2.94042
-4.44335
-4.50103
-4.53736
-1.56112
-3.20084
-4.42416
-1.01454
-1.71765
-1.21177
-4.42347
-4.48971
-4.33379
-0.663201
-4.53154
-0.900145
-5.73859
-3.56799
-4.46688
-1.13074
-1.41611
-4.25635
-3.12072
-5.67139
-4.9238
-4.45588
-4.05073
-4.80597
-0.979642
-3.97536
-2.23117
-3.69258
-3.17366
-2.33575
-4.64946
-2.01116
-4.40897
-4.23097
-4.34617
-1.21543
-4.28602
-2.94586
-4.05194
-1.93243
-2.95596
-5.9388
-3.82298
-4.88241
-4.27843
-0.77579
-4.86613
-4.43546
-1.54684
-4.20046
-4.36782
-2.95079
-4.39259
-4.46764
-4.33476
-4.86093
-3.20057
-0.617626
-1.19649
-4.60324
-4.50043
-4.38825
-4.45199
-3.7278
-1.3645
-1.75681
-0.944548
-4.52009
-4.1052
-4.63818
-4.01478
-4.05582
-3.63545
-1.8255
-4.12305
-4.12506
-0.792312
-4.80745
-1.74657
-4.65079
-4.7337
-0.595612
-4.35853
-4.29673
-1.78812
-3.39198
-4.14447
-0.874038
-4.48781
-1.40139
-4.17188
-2.8345
-1.45559
-1.83847
-1.42236
-3.25206
-1.07839
-3.21957
-4.88645
-4.08238
-4.22389
-0.540272
-0.651523
-4.40418
-0.695326
-0.801413
-1.0177
-4.26167
-4.71434
-1.21906
-4.66396
-4.35171
-2.82511
-1.70622
-3.14284
-3.89268
-4.47762
-1.05563
-3.89173
-4.62586
-5.0499
-4.83817
-4.47956
-4.47321
-4.41181
-4.11194
-2.2427
-5.05137
-4.53958
-3.89171
-1.62593
-4.52249
-4.46354
-0.930518
-4.47617
-4.60697
-0.706671
-4.55876
-4.44589
-1.23241
-4.45877
-4.40146
-3.13443
-4.77087
-4.29447
-4.30763
-4.84814
-0.60019
-4.48856
-4.34545
-0.717853
-4.22987
-4.33243
-4.32342
-2.00167
-4.35943
-1.35446
-1.58287
-1.94477
-0.89186
-2.74163
-4.23463
-4.36949
-1.57458
-2.35168
-4.49522
-1.3637
-4.37876
-4.2657
-4.44335
-4.3298
-4.58746
-1.50999
-1.41419
-2.92026
-4.14374
-4.20414
-3.0864
-4.44506
-4.4468
-0.871285
-4.36344
-3.83782
-4.39517
-4.38032
-3.96476
-3.09026
-4.29936
-4.25518
-4.63772
-0.688982
-4.63435
-4.31882
-1.65919
-4.82862
-4.41501
-2.04926
-1.04542
-4.33235
-5.05623
-3.938
-2.83446
-4.49684
-4.53118
-4.82784
-0.690187
-0.42337
-4.3701
-4.49289
-4.52309
-4.53231
-4.70621
-0.57536
-4.33954
-4.73218
-4.15569
-4.35345
-5.02573
-4.34449
-4.50357
-4.27234
-1.96249
-2.93164
-4.44512
-1.67781
-3.95816
-4.82084
-1.51137
-4.38543
-0.88596
-4.7262
-4.23737
-4.27905
-0.65575
-4.38679
-4.75033
-3.28958
-4.81083
-4.3605
-4.36033
-1.24616
-4.78008
-4.1966
-4.40323
-5.03753
-4.35769
-3.79375
-4.40913
-3.17607
-4.41872
-4.82954
-4.7961
-4.56926
-4.59459
-0.847726
-4.50114
-0.934512
-1.94713
-2.88367
-3.89838
-0.752779
-4.52766
-0.81974
-4.38124
-4.32413
-2.45171
-0.999421
-4.60614
-4.76531
-1.10065
-4.44298
-4.53197
-0.668595
-1.36381
-4.03424
-4.03698
-4.43322
-4.11421
-4.04164
-1.01649
-4.34406
-4.36982
-2.99063
-4.43965
-4.36325
-0.720252
-0.625598
-4.45922
-4.70224
-2.0081
-4.39645
-1.91157
-4.79101
-1.74907
-4.56506
-1.00562
-4.36372
-2.28052
-1.84786
-4.73984
-2.42974
-1.27727
-1.21198
-4.40097
-4.32737
-2.34696
-4.37066
-4.60286
-1.0674
-4.30521
-4.00776
-0.591124
-4.16009
-4.43558
-0.541618
-4.33711
-4.4756
-4.74157
-1.86453
-4.09127
-4.46297
-4.53034
-0.815401
-1.71908
-1.37893
-4.46512
-4.72304
-1.92266
-0.918458
-3.63448
-2.15729
-1.6794
-0.749283
-4.36529
-2.37998
-4.46728
-0.778826
-0.988986
-1.69035
-4.33632
-4.52086
-4.72188
-2.30046
-4.87124
-4.64781
-4.41682
-4.52893
-4.40444
-4.38739
-1.48508
-4.24578
-2.08706
-4.39133
-4.28328
-3.39643
-4.80635
-0.530624
-1.20757
-4.30714
-4.48871
-1.30917
-0.865289
-5.00765
-3.254
-0.901719
-1.0639
-1.39959
-1.02119
-0.989411
-4.91064
-4.33907
-3.70894
-4.46658
-4.19103
-4.47351
-4.41481
-3.63495
-4.23168
-4.55477
-4.46845
-2.82727
-2.32629
-4.49244
-4.33115
-2.995
-1.85547
-3.89411
-4.64063
-4.69601
-1.60615
-0.851908
-4.89154
-4.57046
-4.89063
-4.49612
-4.79705
-1.39823
-1.76984
-4.36811
-5.80606
-4.25858
-4.68557
-4.56188
-4.9017
-4.60029
-4.28137
-0.562929
-1.85008
-4.34808
-4.44606
-4.64807
-4.43516
-3.19404
-4.75143
-0.529637
-4.53897
-4.53506
-4.46519
-4.85146
-4.47966
-4.25135
-2.84407
-1.20673
-4.29534
-4.33539
-4.87711
-4.03368
-4.49565
-4.18724
-4.45371
-1.06124
-4.02229
-1.59678
-5.70441
-4.66346
-4.57094
-3.49666
-4.15283
-1.9598
-4.3523
-0.886825
-4.47085
-1.54723
-4.58728
-5.83498
-5.60157
-4.78048
-4.47052
-2.33132
-4.47527
-0.946126
-5.66599
-4.25503
-4.64939
-1.11142
-0.924645
-1.17279
-4.82915
-2.8963
-3.21534
-5.71689
-1.56115
-3.9206
-4.72517
-1.19656
-5.6716
-1.25831
-4.28438
-1.62733
-1.26168
-5.02715
-0.734064
-4.44304
-0.652378
-3.58166
-2.00577
-4.46478
-4.40153
-4.48496
-4.53112
-2.44315
-4.29909
-4.0128
-4.05965
-1.1931
-4.65668
-2.42696
-4.89831
-3.657
-0.301118
-1.34094
-3.75548
-4.60006
-4.14353
-0.87117
-4.40653
-0.67536
-4.44293
-4.1407
-4.95694
-4.47508
-4.5286
-3.11787
-4.18972
-5.90023
-1.44361
-1.48357
-3.90457
-1.58146
-0.812056
-3.73243
-4.27725
-1.84547
-1.91884
-4.93047
-1.39246
-3.12777
-4.45964
-4.35782
-2.19606
-4.95453
-1.40778
-4.20852
-4.53945
-5.96874
-2.17444
-1.21925
-0.518322
-1.40188
-5.57025
-4.49467
-4.3426
-4.76512
-4.14713
-5.34148
-4.71377
-4.50327
-3.92837
-1.50832
-4.27405
-3.68999
-1.74333
-4.81816
-0.790553
-5.98475
-4.65411
-4.50608
-4.43929
-5.90819
-1.83303
-4.35698
-4.2142
-1.47734
-4.27813
-1.11596
-1.62277
-0.907159
-1.70016
-4.47474
-1.2021
-2.05663
-4.36096
-4.34997
-4.17738
-4.71455
-4.48447
-0.914423
-4.29418
-4.61548
-4.42633
-0.938702
-5.03902
-5.60084
-4.37812
-1.84375
-4.33496
-1.60093
-4.37208
-4.63432
-3.75353
-4.27372
-4.12326
-2.99013
-4.47017
-1.46219
-4.46532
-4.72424
-4.43377
-4.37569
-4.33756
-3.82743
-4.48687
-0.685048
-4.77034
-2.64945
-4.36028
-3.05395
-4.35961
-3.20213
-3.06206
-4.32847
-1.78428
-4.42442
-4.56631
-1.56441
-1.99342
-2.67966
-4.64481
-3.94236
-1.39004
-3.14167
-1.53531
-4.29377
-0.939967
-4.29236
-4.46532
-0.954398
-4.5349
-4.45411
-4.23725
-3.47974
-4.49818
-4.30107
-4.49061
-4.3474
-2.42054
-4.48167
-4.05391
-1.21558
-3.76504
-4.21812
-1.61947
-4.55761
-1.74563
-4.17624
-4.59338
-4.31456
-4.24181
-4.25107
-4.94082
-0.490696
-1.29177
-4.94296
-4.50331
-4.9704
-1.04456
-4.44076
-4.77157
-3.92001
-1.15574
-4.50317
-2.18347
-1.59103
-4.32325
-3.40948
-1.45054
-4.34679
-4.73276
-3.61496
-4.36364
-2.84502
-4.34615
-0.575916
-1.44216
-4.54299
-4.27707
-1.16369
-4.52638
-4.84913
-1.39714
-3.05195
-3.58876
-1.72947
-1.86477
-2.35723
-3.03905
-3.88711
-4.44964
-3.32492
-1.98942
-4.70437
-4.44689
-4.64066
-4.33823
-3.98462
-0.897715
-4.40792
-4.39774
-4.67433
-2.45604
-2.85919
-4.46528
-4.34991
-0.672102
-3.92132
-4.53684
-4.37092
-1.42908
-1.12074
-4.60421
-4.40361
-1.26652
-4.34142
-2.18662
-4.61497
-4.64625
-4.50944
-4.53052
-5.94538
-1.41636
-2.00536
-4.87297
-0.580341
-4.37089
-1.81622
-4.72628
-0.967551
-1.88462
-4.57714
-1.06058
-4.88583
-4.78636
-1.69252
-0.737072
-1.91585
-1.37263
-2.25534
-4.29052
-4.20701
-1.98446
-4.15878
-4.47763
-1.58888
-4.60545
-3.90881
-2.22015
-1.26244
-1.80924
-0.642168
-4.557
-4.5587
-4.26655
-1.21464
-4.63787
-4.64836
-4.6991
-4.2498
-1.40573
-4.73932
-4.28081
-1.75235
-4.33882
-0.830428
-3.83635
-1.01582
-4.76888
-0.624344
-0.9842
-4.27578
-4.45328
-4.76458
-4.39376
-4.53206
-4.45059
-0.411048
-4.20232
-0.949905
-4.25103
-0.700516
-4.50664
-4.34316
-4.43753
-4.38015
-4.88412
-1.85675
-4.01534
-1.26998
-3.62513
-4.41748
-1.19899
-1.65389
-0.666771
-3.92853
-1.40941
-4.5426
-0.854627
-0.848952
-4.54132
-3.22657
-4.32863
-4.35424
-4.69131
-4.29908
-2.40055
-0.408763
-0.713117
-1.39328
-4.74508
-0.557672
-5.06056
-0.500114
-4.06064
-3.11502
-0.772928
-4.5303
-0.740623
-1.808
-2.24568
-4.84927
-1.2906
-4.00287
-0.842594
-4.03793
-1.01432
-4.22818
-4.35342
-4.65099
-1.47075
-4.17643
-4.29474
-2.85253
-1.60495
-5.01811
-4.56975
-2.83111
-2.1815
-5.05849
-0.843216
-2.13757
-4.2524
-0.994093
-4.32654
-0.886558
-4.26955
-4.37385
-5.97891
-4.76207
-0.924055
-4.35436
-2.8766
-3.96725
-5.16731
-1.63277
-4.34444
-4.72624
-4.48234
-4.40249
-4.8671
-2.6187
-4.30961
-0.686603
-4.56558
-5.06671
-4.1959
-1.85095
-4.45668
-4.44882
-2.44221
-3.89694
-4.3512
-1.3115
-4.29712
-2.71557
-0.515907
-0.84235
-1.10017
-2.84251
-3.74464
-1.73265
-1.34509
-4.69173
-1.18097
-4.3971
-1.65598
-1.02197
-3.94468
-0.610857
-4.53266
-5.06663
-2.18797
-4.35251
-1.14431
-1.1882
-4.33935
-4.98239
-2.4592
-4.45347
-1.54125
-4.42756
-4.79791
-1.23066
-0.928665
-1.16143
-2.69068
-1.08915
-3.09693
-4.59101
-4.90836
-0.338486
-4.31994
-4.35322
-3.9923
-4.54238
-2.61621
-2.1848
-4.52952
-4.42795
-4.63394
-0.855429
-4.71095
-2.47629
-3.65774
-2.44588
-2.44299
-4.28392
-4.36125
-1.35367
-4.42715
-4.26217
-4.53188
-1.05484
-2.76197
-4.14011
-1.0505
-3.54455
-4.56367
-4.40776
-4.50581
-1.66789
-1.15149
-4.32119
-1.18502
-0.65377
-4.56512
-4.22763
-4.53101
-4.5228
-4.47045
-4.71861
-4.30509
-0.849308
-4.29801
-4.32979
-1.15383
-2.91895
-3.0963
-4.29865
-4.76847
-4.40516
-4.82166
-4.69878
-2.56718
-1.20465
-1.90916
-4.56603
-4.08902
-0.960874
-4.54845
-4.53806
-4.51745
-4.56173
-4.2824
-0.86535
-4.28252
-4.4333
-4.69082
-4.55272
-1.32292
-1.31149
-3.96073
-1.25739
-4.03608
-0.794967
-0.647518
-4.51106
-4.9162
-4.44124
-4.25868
-0.983425
-1.07471
-3.05864
-0.834052
-2.92567
-1.65839
-4.33598
-4.63959
-2.00425
-4.36494
-4.31559
-0.786332
-3.87384
-1.03114
-4.87974
-4.48577
-4.71282
-4.38364
-4.2801
-3.78939
-1.90466
-3.11955
-0.732463
-2.56764
-0.855109
-0.624654
-0.623229
-0.78412
-4.69842
-1.29068
-4.40973
-1.16142
-4.32794
-2.24483
-4.59881
-0.715576
-1.2528
-0.65179
-2.8307
-4.80937
-1.62556
-5.09025
-5.08689
-3.94862
-4.29048
-0.972178
-4.26791
-1.41649
-4.39407
-4.0333
-1.71465
-3.8881
-1.4477
-0.584536
-4.28368
-1.66624
-4.44809
-4.59206
-4.73287
-1.9836
-4.11342
-4.45335
-0.358625
-1.14962
-4.37786
-1.61446
-4.80206
-1.50578
-4.35995
-4.7919
-1.22289
-4.4572
-4.1848
-1.36562
-4.67131
-3.91274
-1.85838
-4.3685
-3.93479
-4.53445
-4.07435
-3.74978
-4.55294
-4.63254
-1.22291
-4.46782
-2.53345
-4.4077
-2.91232
-4.40583
-4.2066
-3.72906
-3.70751
-3.45856
-4.64049
-4.52166
-0.473716
-3.68175
-4.09966
-5.98161
-4.92603
-2.20797
-4.429
-3.9921
-4.50189
-3.19448
-0.517349
-1.96779
-4.36909
-2.52236
-2.91587
-4.51771
-2.49129
-2.78823
-1.30127
-3.90106
-3.59593
-1.08845
-4.87739
-3.75275
-1.00948
-5.80989
-4.48792
-1.68268
-0.785067
-1.47226
-2.6496
-4.26617
-0.655746
-4.13467
-3.7274
-4.42074
-2.98849
-4.51697
-1.43539
-1.4138
-1.42
-2.5092
-0.886962
-4.20198
-1.65613
-1.23872
-0.764867
-4.51173
-4.45292
-4.46278
-1.64955
-4.35414
-0.157026
-1.63314
-4.49448
-2.12026
-1.04155
-4.27286
-4.3814
-0.726012
-4.72965
-0.927499
-4.40185
-4.50203
-5.01143
-4.43075
-1.97246
-1.81607
-0.946876
-4.89485
-4.37695
-4.31031
-5.9383
-4.39146
-4.49099
-2.47137
-4.60006
-3.13469
-4.66452
-0.61691
-4.74534
-4.12979
-4.08256
-0.655473
-0.84306
-1.65568
-4.57487
-4.25066
-0.548678
-4.27343
-0.573044
-4.98697
-1.70325
-4.58293
-3.8798
-4.7869
-4.31276
-4.2893
-1.12675
-4.42762
-4.35239
-0.368069
-2.53333
-4.41351
-1.45391
-1.46224
-2.58688
-4.3551
-2.57299
-1.04199
-0.80528
-4.57263
-0.0208798
-4.45088
-4.74451
-6.0199
-1.00722
-4.27568
-4.30656
-4.11059
-4.76176
-4.52905
-0.704007
-0.809877
-4.27258
-4.40641
-4.26289
-4.20236
-4.10688
-1.15651
-3.66957
-2.81901
-3.90306
-0.807579
-3.54629
-1.28841
-1.33937
-4.27277
-1.64576
-2.26917
-4.28365
-4.3309
-4.46884
-0.338203
-4.43465
-4.53685
-4.54397
-3.23153
-2.87839
-3.1693
-4.24855
-0.598137
-4.62843
-3.89295
-1.76215
-4.17127
-4.49072
-4.72513
-4.46186
-0.508569
-0.403177
-4.35762
-1.64397
-3.70162
-5.0729
-1.96421
-1.30272
-3.22137
-1.63706
-4.36846
-1.31883
-4.35873
-4.51454
-6.07002
-3.09755
-0.990148
-4.21518
-1.59724
-4.70777
-4.84052
-4.72156
-4.45832
-4.42155
-4.34187
-4.44737
-4.46844
-4.04909
-0.999572
-3.09653
-1.0017
-4.37893
-4.34703
-1.6906
-3.9674
-4.87046
-3.09697
-3.16265
-4.18484
-4.44201
-4.62218
-1.84855
-4.37187
-1.82698
-4.37292
-4.53623
-4.47879
-0.701916
-2.9233
-1.40413
-0.960162
-3.77421
-3.84377
-4.36806
-1.00022
-4.38205
-0.690822
-4.23641
-4.24437
-4.31931
-1.19807
-4.44754
-4.56241
-1.42358
-4.48987
-0.716873
-4.49975
-4.77074
-1.3749
-4.55606
-4.61836
-3.23349
-4.63275
-4.77084
-1.77174
-4.51491
-4.23455
-4.47308
-2.23855
-4.50209
-1.6292
-4.33888
-4.48881
-1.35587
-0.985157
-4.59398
-4.79309
-4.72809
-2.41773
-1.80129
-1.66341
-3.90611
-4.67926
-1.35551
-2.0113
-1.26452
-4.5804
-4.4708
-3.1031
-4.28766
-5.88957
-4.10682
-4.24591
-4.49513
-4.81696
-0.69705
-1.5238
-4.20266
-4.50566
-4.46167
-1.45387
-3.10739
-0.79577
-4.39505
-3.43195
-0.871991
-1.66325
-4.29873
-4.83031
-4.43619
-4.35588
-4.35206
-4.32989
-1.59392
-4.84936
-2.59982
-1.89382
-1.16247
-4.35581
-4.50343
-4.22737
-4.65663
-4.27071
-1.09403
-1.10951
-1.74737
-4.10929
-4.80083
-2.60672
-4.35709
-2.87752
-0.423404
-4.53478
-3.86204
-3.12325
-1.71301
-4.69249
-4.16968
-0.662153
-4.67352
-4.01862
-1.96255
-4.25281
-4.79559
-1.07855
-3.77949
-4.4457
-1.96756
-1.96774
-4.60338
-4.26947
-4.43821
-4.20076
-0.811873
-4.53224
-4.26595
-0.6685
-1.47569
-0.0497757
-1.62793
-2.61776
-4.4815
-1.94812
-4.34036
-5.08273
-4.52139
-4.58811
-4.34313
-0.647747
-4.49122
-3.90668
-2.92417
-3.90601
-4.3713
-0.555318
-0.724929
-4.19973
-4.35633
-1.95631
-4.38083
-1.61774
-1.26927
-1.64861
-1.76948
-2.19662
-4.27382
-1.80054
-4.44784
-1.94023
-2.20918
-1.21342
-4.40359
-0.494711
-4.53905
-1.44488
-1.53586
-0.881268
-1.51451
-4.63663
-1.03447
-3.89196
-4.45861
-4.31553
-3.84396
-1.82313
-1.3761
-0.169722
-4.46798
-3.58375
-4.71616
-1.6536
-4.44458
-4.24721
-3.55811
-0.784574
-4.49086
-4.68571
-3.06414
-4.3863
-3.91824
-0.553541
-2.78115
-2.82611
-4.27863
-1.05865
-0.573721
-1.97698
-1.97223
-1.16473
-4.82938
-2.07101
-1.61715
-4.28965
-1.09346
-1.1491
-5.4233
-4.55441
-4.31696
-1.85057
-2.37677
-4.43326
-2.68606
-2.32489
-4.91974
-1.46399
-4.0366
-3.00565
-1.80316
-4.31043
-0.6636
-2.82632
-4.71373
-3.50513
-4.36897
-3.95843
-4.02526
-3.58259
-4.59392
-3.77566
-4.53026
-0.968714
-4.43938
-3.60867
-1.87218
-5.09152
-3.17979
-2.82183
-4.72761
-4.44542
-4.5074
-2.92456
-3.9985
-4.47269
-1.45436
-0.893999
-4.13023
-1.07205
-3.16423
-1.84212
-0.929251
-4.71811
-1.29528
-4.24971
-4.03892
-4.20244
-4.1274
-4.58439
-2.82203
-2.94066
-0.600746
-3.90268
-0.718507
-4.40371
-4.32905
-2.26759
-4.28522
-4.53193
-1.27866
-0.33004
-3.1652
-4.58086
-4.79233
-3.90196
-1.04769
-1.01103
-3.68294
-4.76775
-2.66738
-4.52753
-2.70641
-1.04683
-1.58795
-4.45942
-4.73407
-0.243543
-3.54965
-4.32393
-1.63866
-6.0574
-4.53801
-1.51074
-4.2514
-4.19316
-4.32809
-4.66676
-4.64928
-4.2351
-4.73375
-4.46735
-0.600771
-0.417689
-4.72232
-4.40107
-4.65588
-4.46418
-0.917985
-1.81864
-4.23983
-4.53132
-4.35745
-1.18682
-1.92226
-4.82748
-4.61552
-4.30657
-4.46155
-4.32263
-4.41423
-4.4514
-2.87471
-4.45866
-4.48718
-4.54894
-2.1362
-4.2174
-4.26732
-4.43456
-2.23762
-4.23211
-3.91521
-4.52691
-4.20773
-4.30877
-4.39663
-1.84817
-3.97753
-4.37361
-2.99212
-4.06792
-4.54162
-4.4751
-4.68564
-4.89593
-1.59707
-4.48277
-4.32354
-1.28257
-1.9895
-4.14416
-4.27537
-2.78314
-4.40785
-0.582965
-4.75263
-4.55573
-5.01941
-4.554
-4.21851
-4.8749
-1.45102
-4.54617
-4.72222
-1.99397
-4.73534
-4.25327
-4.50418
-0.784116
-4.42826
-1.22195
-0.689036
-3.15498
-4.57905
-0.673777
-3.91716
-1.59632
-4.67149
-4.38353
-4.3664
-4.38912
-4.46181
-3.89253
-4.32502
-0.570051
-4.87613
-2.81776
-3.08769
-1.40052
-4.29646
-4.59084
-4.41945
-4.49148
-4.66583
-4.05334
-3.12989
-2.8591
-1.93142
-4.25901
-2.72543
-4.36667
-1.61203
-3.43312
-4.5106
-4.07475
-3.52454
-4.24694
-4.39944
-4.28739
-2.94023
-4.68694
-4.37649
-4.18684
-1.97307
-0.972199
-4.55832
-4.08858
-5.39316
-4.40515
-0.231329
-0.710849
-2.24333
-4.82341
-4.4236
-4.75982
-4.63865
-4.3457
-4.78803
-4.22803
-4.49278
-4.23101
-1.92493
-4.565
-4.33609
-2.18141
-4.84507
-4.26044
-1.23326
-3.91727
-1.72116
-1.61877
-4.42438
-0.703825
-4.85984
-1.74992
-4.44971
-4.53341
-4.50026
-4.55753
-4.17304
-4.53854
-4.45819
-4.34322
-4.52275
-4.4617
-4.94644
-1.84208
-3.45659
-2.8625
-0.763573
-4.68723
-4.45666
-1.49011
-2.08413
-4.35919
-4.44236
-2.2035
-2.93106
-4.35487
-0.97669
-1.15191
-1.20991
-1.33867
-4.49328
-4.44724
-0.271807
-0.271871
-4.4949
-0.324304
-1.47517
-4.25821
-4.68372
-4.29644
-4.53179
-1.90744
-1.55164
-4.55473
-4.52857
-3.123
-4.05887
-4.26588
-4.88415
-3.93278
-4.06039
-0.819268
-1.60029
-2.81114
-4.23735
-1.44235
-4.36863
-4.2695
-4.97179
-0.956061
-5.99961
-0.918372
-4.47327
-1.77676
-5.0203
-4.21542
-4.46799
-2.90412
-4.59175
-0.937228
-4.28758
-1.22774
-4.27714
-3.11263
-4.47317
-4.30986
-4.50778
-4.44312
-6.06043
-2.18433
-4.64087
-3.65332
-4.55391
-3.23696
-0.591381
-4.11319
-4.88394
-4.07276
-4.33293
-1.97777
-4.68868
-1.52487
-0.321961
-1.33463
-4.02524
-1.33162
-3.88869
-1.95026
-3.91534
-0.0374541
-4.33738
-4.25897
-2.78966
-4.38904
-1.63711
-4.2954
-1.28606
-4.48817
-4.57243
-1.24859
-4.88637
-4.4618
-4.1961
-4.61901
-4.54171
-0.3554
-2.83372
-4.78435
-3.84933
-5.89459
-4.29007
-0.769903
-4.5032
-0.864419
-4.17419
-1.34849
-2.82194
-4.04755
-4.05534
-1.74704
-5.032
-4.73361
-4.46438
-4.98406
-4.54314
-1.24394
-1.35897
-4.23861
-4.26482
-1.18804
-4.31205
-4.18894
-0.676056
-4.48977
-1.29307
-4.08858
-1.8871
-3.63245
-1.83896
-0.248119
-0.233138
-4.66687
-2.06772
-4.38103
-4.60524
-4.28449
-4.41936
-1.639
-1.54307
-1.54756
-4.39098
-4.1018
-4.60415
-4.43744
-4.22838
-4.30229
-3.53678
-4.66336
-4.50211
-4.49385
-1.73971
-0.895378
-0.852355
-4.50303
-4.21031
-4.24194
-4.16915
-1.79558
-4.5833
-0.871469
-4.12211
-4.80611
-3.89059
-0.577288
-4.52734
-3.58017
-0.836704
-1.15635
-4.38646
-4.83216
-4.51496
-4.36952
-4.32579
-0.65843
-2.97317
-2.3121
-4.81682
-4.62424
-4.3588
-4.44223
-4.28587
-4.88289
-4.41359
-4.47601
-1.71644
-4.66631
-4.51012
-2.71757
-4.63918
-4.31694
-3.24365
-4.12382
-4.4597
-4.65178
-4.39744
-4.46964
-4.61685
-4.48766
-4.66178
-4.64528
-0.674467
-3.3615
-4.2475
-4.52066
-4.66685
-4.36167
-3.92441
-0.814365
-1.39356
-4.33997
-2.85652
-0.701232
-4.5188
-3.15929
-3.88018
-0.974762
-1.54117
-2.72407
-1.08495
-5.7132
-4.21239
-3.33675
-4.21872
-4.49417
-4.5765
-4.804
-4.81028
-1.53636
-4.45184
-4.69908
-2.27024
-4.44523
-0.622699
-0.923213
-0.558754
-4.35481
-4.48692
-2.00379
-4.99761
-4.42869
-4.72927
-5.09432
-4.88176
-4.58547
-5.9342
-4.6473
-1.94576
-2.28621
-4.44675
-4.27731
-4.7455
-3.13147
-1.54206
-4.60199
-4.4423
-3.84976
-4.36701
-0.618887
-1.84837
-4.3436
-1.61928
-4.38465
-3.1563
-1.90796
-4.46893
-4.47641
-4.50619
-4.66663
-4.63751
-4.21575
-4.51156
-1.97418
-0.812956
-4.5162
-4.44055
-4.49448
-4.40018
-1.68005
-4.53146
-4.64766
-4.36242
-0.823099
-1.88419
-4.43635
-4.16073
-0.836639
-1.1088
-3.04961
-2.8607
-2.17297
-2.83725
-0.890466
-4.25397
-4.18164
-0.099252
-4.25122
-3.33579
-5.35849
-4.53438
-1.6525
-4.52086
-4.3053
-5.04265
-4.35061
-1.37215
-5.75826
-2.91823
-5.13301
-1.68111
-4.46372
-1.20868
-4.28039
-3.72128
-1.35891
-4.27259
-4.43626
-4.54004
-4.328
-2.91696
-4.43743
-4.33046
-4.60125
-0.732427
-4.49885
-2.97914
-2.93091
-4.68241
-4.69795
-1.33498
-2.85377
-0.512873
-4.47821
-1.73945
-4.47844
-1.36015
-2.06607
-4.58044
-2.857
-4.24916
-4.45483
-3.90741
-1.17067
-1.38203
-4.54271
-4.57718
-3.12584
-4.35525
-0.737302
-4.67369
-4.41127
-4.49589
-4.53069
-1.55162
-2.85196
-4.44432
-4.48215
-2.65127
-2.17976
-4.41864
-3.85775
-4.15389
-4.12535
-4.1978
-4.41013
-4.24223
-4.47293
-4.22516
-1.06632
-2.21502
-4.36343
-3.23913
-1.74033
-3.18154
-1.28181
-1.64218
-4.51805
-3.18709
-1.34737
-2.16478
-4.64296
-4.36277
-4.50496
-4.65784
-1.7534
-4.17961
-1.05182
-4.25162
-4.30303
-4.48742
-0.650508
-4.22989
-4.48493
-4.6083
-4.39705
-4.40844
-4.34701
-1.3471
-3.24445
-4.3918
-3.0938
-0.848904
-2.84348
-0.690517
-4.48538
-2.21765
-3.81979
-4.19601
-4.44147
-1.60873
-0.059926
-4.33165
-4.17853
-4.70461
-0.643516
-2.95282
-4.55132
-4.46692
-2.1175
-2.85985
-0.534621
-1.58377
-3.76321
-3.94948
-2.00356
-4.886
-4.52913
-5.04596
-4.52923
-1.47918
-4.19368
-4.43108
-3.94345
-1.18069
-6.06791
-1.24948
-4.22127
-1.83771
-4.52473
-1.75039
-4.48871
-4.88299
-4.29401
-5.07431
-3.11093
-5.12718
-5.98675
-3.1872
-4.74779
-1.29124
-0.393981
-4.2952
-3.37564
-4.32945
-0.721545
-4.72283
-5.02074
-4.53717
-4.76482
-0.850366
-2.27307
-4.2521
-2.40243
-2.81454
-3.92185
-2.66287
-0.615946
-2.24025
-2.22988
-3.62682
-1.53167
-4.34289
-4.42419
-4.45029
-4.76146
-4.67291
-3.6922
-4.39907
-4.43551
-0.320754
-4.09786
-1.42895
-5.32761
-4.87133
-3.41788
-4.3176
-4.84627
-4.33231
-1.14728
-3.11713
-4.26876
-4.4852
-4.48642
-4.34197
-4.50197
-4.24855
-4.46121
-3.70609
-1.62217
-1.0598
-4.36796
-4.90287
-4.46802
-0.546359
-3.6499
-1.40375
-3.5138
-4.74617
-0.764718
-1.66701
-4.3458
-4.58045
-4.09108
-4.52448
-0.583514
-4.26594
-3.36032
-5.7888
-0.593129
-4.2467
-1.59312
-0.572026
-3.50126
-3.2755
-4.8938
-4.51794
-3.33126
-4.68279
-2.81811
-4.69812
-4.60897
-5.01715
-2.11497
-3.79042
-4.24196
-2.64393
-0.559359
-4.64269
-4.58195
-0.778897
-0.931445
-4.47189
-4.42496
-0.733182
-4.75439
-4.22765
-1.87149
-1.19709
-1.32213
-0.672942
-1.57509
-2.13734
-4.24871
-2.12707
-0.654701
-4.60815
-2.10717
-4.52696
-1.49009
-3.33107
-4.17795
-3.00264
-4.46367
-5.28689
-2.81434
-1.81804
-1.49179
-4.30617
-4.53443
-2.81819
-4.82787
-4.44626
-4.13503
-4.36708
-4.59738
-4.29664
-4.45672
-2.82233
-0.830337
-4.44597
-3.5765
-2.2227
-4.77147
-4.30307
-3.85621
-0.704089
-4.33091
-4.3988
-4.26189
-5.05921
-0.843321
-0.637298
-4.3126
-4.46617
-1.74729
-2.83064
-2.16009
-4.71924
-0.869526
-1.48225
-4.16504
-0.709296
-4.15111
-4.55571
-4.45826
-4.35806
-3.92269
-3.70551
-4.31576
-0.371025
-1.49999
-0.469686
-0.719443
-4.44673
-4.51538
-2.03237
-0.996885
-4.59337
-1.03078
-3.13949
-0.649847
-4.44654
-4.70727
-4.874
-1.37107
-4.5002
-4.33228
-0.901613
-4.623
-1.36364
-5.00259
-3.93504
-4.88624
-4.47098
-1.48221
-4.122
-0.946837
-1.97511
-1.12854
-4.30968
-4.30623
-1.52238
-1.60643
-3.68449
-5.1371
-3.86016
-4.84073
-0.911053
-1.57163
-5.36869
-4.24748
-4.58381
-3.20167
-3.1808
-3.95866
-0.602035
-4.29402
-3.90046
-4.52581
-4.74821
-0.803849
-1.77955
-1.98207
-0.91488
-4.35742
-4.70034
-4.60085
-0.755853
-4.3207
-4.09188
-3.96122
-0.823641
-3.56029
-1.29708
-4.63841
-4.22776
-1.29882
-4.24571
-4.44355
-2.23469
-1.33963
-4.75398
-2.70427
-4.25039
-1.14024
-4.08602
-3.17811
-3.90658
-4.67071
-2.0011
-3.71231
-4.6361
-0.911197
-6.04413
-0.681662
-4.30175
-3.15053
-4.59743
-3.52136
-3.52583
-3.34966
-1.66834
-4.72296
-4.4741
-1.51872
-4.34754
-4.4389
-4.81144
-2.88482
-4.35371
-4.59583
-1.6686
-0.722402
-4.38844
-4.73379
-4.41099
-2.88568
-4.60953
-4.65387
-4.88641
-4.35804
-4.23197
-2.85668
-4.54117
-3.8042
-3.4346
-3.37174
-5.02237
-1.63826
-4.50927
-4.45237
-0.710177
-0.796633
-1.8769
-4.48414
-2.00716
-2.99359
-2.94624
-4.20152
-4.08742
-4.63487
-1.95834
-2.86399
-0.675643
-1.80576
-4.4444
-1.33058
-0.843621
-4.17969
-3.97204
-3.98377
-4.42851
-4.25383
-0.712158
-4.27248
-0.574247
-2.44321
-4.43496
-4.5568
-3.87029
-4.26096
-0.610584
-4.17914
-1.67469
-2.88691
-4.43193
-4.85904
-4.30702
-2.86328
-4.31006
-4.24982
-1.59966
-1.08651
-4.3895
-0.9888
-1.60426
-4.2671
-4.36853
-3.20151
-5.29486
-4.67369
-3.12852
-1.08648
-5.73486
-0.865049
-5.26798
-4.87678
-4.36314
-0.360317
-4.54329
-4.24134
-4.52741
-1.57032
-2.01403
-4.27853
-5.81519
-4.44371
-0.545626
-0.76885
-4.09495
-4.27837
-4.09365
-4.69592
-4.15637
-1.46655
-4.6059
-0.543111
-3.56765
-1.88158
-0.565628
-4.4242
-4.54975
-4.69912
-2.05147
-0.978244
-4.36834
-4.51834
-5.45463
-4.29813
-0.656437
-3.72059
-4.12074
-4.49613
-0.950108
-3.65274
-4.0673
-0.735685
-3.44812
-4.45561
-4.2152
-6.04075
-1.72446
-1.25083
-4.24291
-4.69663
-1.10186
-0.494775
-2.5518
-4.45548
-4.47542
-1.62454
-3.91412
-3.5856
-2.90965
-4.54807
-1.93546
-3.54693
-3.12722
-4.46164
-2.03897
-1.02226
-1.42669
-0.881657
-0.806034
-4.30687
-4.52629
-0.636759
-2.90721
-0.246249
-4.11468
-4.21177
-1.90145
-1.49552
-4.55323
-1.95764
-4.74276
-3.20883
-0.730221
-4.23469
-0.774351
-4.26827
-1.81683
-0.78994
-4.46518
-0.784037
-4.1691
-4.54065
-0.869343
-0.709004
-4.73615
-4.7822
-3.21523
-4.40962
-1.47759
-4.4635
-4.44217
-0.833905
-4.45408
-2.96677
-4.60651
-0.64939
-4.27433
-3.72401
-4.24964
-4.57448
-0.698254
-4.81003
-1.20286
-3.46371
-2.85671
-2.28646
-1.63198
-1.6959
-4.49129
-4.46095
-1.86428
-2.99974
-4.45321
-0.961255
-4.45954
-1.74448
-3.07794
-4.52802
-5.91064
-4.54053
-4.50111
-4.77121
-0.65901
-1.08961
-4.14129
-0.542865
-0.496975
-4.52834
-0.675331
-4.16981
-4.19632
-4.93229
-4.46122
-1.74303
-4.53275
-0.555493
-4.7818
-4.52733
-4.39439
-2.61091
-3.87261
-1.62845
-1.84437
-4.11614
-1.4274
-3.07492
-2.07298
-4.24958
-5.06153
-4.44085
-4.57309
-4.24382
-3.52131
-4.98764
-4.5009
-3.30587
-4.23402
-4.53567
-4.65646
-4.31608
-0.832347
-4.28835
-1.81956
-4.15099
-5.312
-4.432
-4.33686
-1.74266
-1.91544
-4.54022
-2.09292
-4.43159
-4.2629
-4.50637
-1.73864
-2.52653
-4.80243
-3.19305
-0.545157
-1.80121
-5.81395
-2.81799
-4.45132
-0.68571
-4.16739
-1.75068
-4.6229
-0.169684
-0.155655
-1.53581
-4.47483
-1.78487
-4.22369
-0.62004
-0.664577
-4.5038
-4.75845
-5.16465
-3.5333
-4.30749
-6.07459
-0.887647
-4.5311
-4.65597
-4.35896
-4.45439
-4.59196
-4.36113
-0.998136
-4.20893
-0.512752
-1.16122
-2.36699
-4.17684
-1.15186
-4.58314
-2.12558
-4.47705
-4.01024
-4.63981
-5.31096
-4.52003
-1.14482
-4.61171
-4.54389
-4.24625
-4.47133
-3.24953
-4.42673
-4.41534
-0.780327
-4.65647
-2.5139
-4.4449
-4.35426
-1.39632
-4.3881
-4.37747
-4.28911
-2.74423
-1.1879
-3.49866
-4.34116
-0.815767
-0.624974
-1.88116
-4.76556
-4.25044
-5.46642
-1.82519
-4.46485
-1.38491
-3.4104
-0.110533
-4.72701
-3.17017
-2.46638
-4.21767
-4.43394
-5.03461
-4.57614
-4.5118
-0.661944
-5.11462
-4.8041
-2.55677
-4.35869
-3.44267
-0.905353
-4.73107
-2.00118
-4.40859
-0.547198
-1.96319
-4.64631
-4.92072
-4.67098
-1.46734
-4.1069
-4.76028
-2.01335
-5.39174
-4.65851
-3.1439
-3.42945
-4.44842
-0.778802
-1.03223
-1.59858
-0.999379
-4.25766
-4.37001
-2.21106
-1.23936
-1.99497
-4.28542
-5.52411
-4.25454
-5.25495
-4.08107
-0.0815141
-4.25743
-4.83623
-4.48546
-0.0628168
-4.18502
-3.30036
-2.30581
-1.55683
-1.78296
-4.44733
-4.12119
-4.55244
-4.44958
-4.09296
-0.727787
-1.10377
-4.62998
-1.77905
-4.71109
-4.45212
-4.43088
-4.86207
-4.41479
-4.22853
-4.44413
-2.07115
-2.92643
-4.57566
-4.15943
-2.11578
-1.2825
-4.98353
-1.53074
-1.82215
-0.989842
-4.57523
-0.66081
-4.4965
-3.56922
-4.26186
-4.90476
-1.45093
-4.78294
-4.18272
-4.4577
-3.34249
-0.585215
-4.23281
-4.4466
-4.50016
-4.22276
-2.52004
-4.47566
-4.40124
-0.46421
-4.23915
-4.42197
-4.81765
-4.64807
-4.70378
-4.59406
-2.70692
-4.08698
-0.930924
-0.685607
-3.81987
-4.52478
-4.88277
-4.36869
-4.85437
-4.32443
-2.85592
-4.42025
-1.53819
-0.699112
-4.69495
-4.71344
-1.95915
-2.81195
-4.26258
-3.21687
-1.44081
-1.59464
-1.39606
-0.704407
-1.47349
-4.43504
-4.64785
-0.746597
-4.38037
-4.4089
-4.54846
-4.73956
-2.81477
-1.5366
-2.75999
-4.45194
-4.54469
-2.81892
-1.8902
-1.7945
-0.489806
-4.40573
-4.30322
-4.53895
-0.17607
-4.65733
-2.925
-3.95163
-4.49481
-4.31322
-2.00957
-4.7278
-4.28259
-4.83938
-4.30893
-0.757203
-4.73339
-2.06639
-1.6026
-3.69915
-4.58173
-4.97578
-3.20184
-3.21165
-1.61935
-4.29093
-1.46823
-4.64689
-3.18965
-0.606832
-4.42068
-2.29137
-4.37149
-2.84561
-2.82464
-4.48189
-1.53914
-1.16834
-4.56787
-1.74317
-4.1091
-1.37053
-4.01708
-4.84745
-1.02999
-4.98623
-5.04401
-1.09749
-4.23042
-5.34083
-4.65119
-4.13201
-4.22379
-3.30756
-4.30922
-0.630756
-3.98359
-3.28894
-4.50174
-4.28476
-2.81497
-4.57853
-4.42184
-0.64629
-1.59231
-4.47854
-4.46689
-4.31004
-3.56572
-4.81415
-4.4357
-4.23168
-1.61395
-4.83423
-4.3777
-5.49065
-5.94211
-0.374707
-0.475945
-4.46426
-5.2491
-4.65527
-4.16361
-1.11195
-4.29477
-4.2754
-4.79793
-4.54143
-1.34361
-4.3684
-4.24569
-4.45056
-4.6386
-4.56174
-1.5787
-1.31514
-0.518586
-2.24182
-5.40332
-3.53313
-4.11267
-4.97266
-1.81188
-4.33084
-3.31958
-2.03314
-2.01284
-4.37604
-3.30572
-4.49289
-1.92641
-4.54849
-1.69944
-3.92268
-3.02713
-3.4998
-4.23328
-4.47042
-4.45398
-3.8825
-4.83335
-4.47148
-4.66092
-4.65039
-2.81125
-4.15686
-3.59894
-4.53541
-4.23991
-4.31424
-4.82104
-4.33175
-2.05138
-4.34605
-0.680607
-4.65282
-4.60267
-4.2435
-1.314
-4.88084
-1.14698
-0.931229
-3.46674
-4.31754
-1.957
-4.76449
-4.57559
-4.69888
-4.23044
-1.04308
-4.33526
-1.93341
-1.73072
-1.10946
-0.973491
-3.40203
-0.54568
-4.01397
-1.95022
-3.43327
-4.43755
-4.83405
-3.89478
-4.40025
-1.697
-3.86479
-2.07904
-1.24781
-3.81881
-1.88256
-1.90396
-4.06525
-4.36906
-4.45551
-4.45951
-4.56792
-4.21127
-4.57692
-5.92591
-4.18703
-4.74394
-4.56201
-6.00947
-4.5443
-4.50631
-4.03294
-1.18819
-0.796228
-4.05008
-4.31421
-1.54187
-3.75657
-4.60659
-4.44884
-4.60215
-3.49109
-4.61178
-1.77971
-2.3485
-4.41297
-4.22983
-4.74779
-1.33932
-1.1796
-4.05907
-4.78054
-4.37796
-3.91924
-0.623893
-4.27355
-0.828299
-4.4347
-3.91989
-1.69706
-4.98431
-4.31301
-0.640083
-4.47358
-4.59681
-4.71346
-2.82075
-4.80777
-0.944392
-4.13645
-3.42388
-4.08071
-6.01947
-4.19449
-1.90299
-3.37817
-6.00356
-5.03491
-1.96238
-1.80467
-4.16137
-1.69863
-4.60571
-4.71273
-4.66744
-4.31148
-4.47388
-4.36954
-4.85381
-1.74855
-1.74293
-2.87835
-1.93519
-4.16701
-4.0992
-1.73444
-4.1135
-1.60367
-2.18464
-4.55479
-4.53047
-3.87353
-2.58203
-3.87379
-3.93912
-2.08116
-4.53779
-2.82947
-3.81476
-4.63389
-4.10762
-0.588326
-1.17391
-4.43536
-0.836552
-0.657548
-3.89013
-1.72447
-5.19685
-2.71533
-1.42952
-0.981399
-3.10489
-3.19456
-4.46461
-0.454103
-4.3262
-2.3731
-0.633354
-2.65358
-0.851547
-4.05218
-4.16061
-4.25439
-4.86749
-3.39456
-3.7451
-4.48786
-2.82787
-4.37798
-0.942159
-5.16931
-4.51746
-3.94266
-1.08979
-1.7049
-2.99615
-1.40271
-1.7756
-1.13326
-4.8798
-4.39103
-4.25834
-0.752337
-1.39722
-4.22047
-4.25196
-4.97337
-4.10684
-0.732417
-1.2024
-4.88415
-3.33613
-4.46905
-3.51645
-4.33855
-2.03419
-3.27995
-2.83649
-0.561554
-2.20088
-0.453161
-4.29226
-4.44166
-4.86433
-4.51029
-1.68109
-1.4968
-1.9505
-2.83151
-1.70931
-4.96719
-4.24567
-4.5722
-4.81175
-4.03237
-4.24785
-5.01099
-4.59967
-4.48912
-4.69677
-1.57849
-0.661886
-3.11172
-4.54305
-2.26233
-4.09816
-1.17205
-1.99628
-4.61046
-4.06719
-4.86026
-4.56432
-0.917688
-4.65531
-4.60565
-4.48781
-4.25566
-4.66255
-4.50931
-4.55272
-4.67598
-2.35778
-4.52833
-1.16986
-4.97328
-3.31802
-4.62247
-0.703245
-4.3587
-4.60399
-4.82354
-1.82198
-4.128
-4.12766
-1.39263
-1.46021
-0.589151
-1.39062
-4.10392
-0.694962
-5.09697
-3.70727
-4.68235
-4.54009
-0.796841
-2.36011
-3.90047
-0.782789
-2.87047
-4.49372
-4.35859
-3.89785
-1.72814
-0.336926
-1.35055
-4.38989
-2.85527
-1.81082
-2.11177
-2.99578
-4.26649
-4.52006
-4.09489
-4.489
-3.00407
-4.29472
-4.53539
-4.46027
-4.47144
-0.738951
-0.545968
-3.8279
-0.698615
-4.26962
-2.85738
-4.51132
-4.69631
-4.46242
-0.95963
-4.53562
-4.67027
-4.60405
-0.594018
-4.43326
-4.45913
-1.55789
-0.580233
-4.60251
-0.69738
-2.85318
-4.47525
-0.680144
-4.73126
-4.15149
-4.87799
-1.13487
-4.38791
-1.9188
-1.39734
-1.93663
-4.45462
-4.34376
-1.88152
-4.44195
-4.43134
-4.43739
-1.48655
-4.70606
-0.966361
-2.08483
-4.55609
-0.472549
-4.73428
-1.14735
-1.33136
-4.32164
-2.0586
-5.43393
-0.514174
-0.707079
-3.92145
-4.21472
-3.37854
-3.40548
-4.77079
-4.30121
-4.72735
-4.01006
-4.66458
-0.273509
-1.56156
-4.35989
-1.8388
-5.36957
-4.28589
-4.35647
-4.46548
-2.05089
-1.47813
-3.26868
-4.19347
-1.36092
-1.73061
-4.45072
-1.10574
-1.11469
-2.267
-4.62107
-4.35064
-4.68305
-4.52224
-0.410966
-0.614997
-1.50903
-0.83652
-4.56335
-4.50149
-4.32697
-1.56661
-4.87111
-0.275338
-1.67676
-0.950558
-4.31093
-4.10108
-4.40655
-1.55593
-4.72476
-1.21945
-4.44859
-4.39415
-4.83419
-3.37086
-4.74929
-4.57194
-4.45087
-4.9945
0.00387727
-4.60654
-4.38015
-4.48783
-4.75297
-5.03325
-4.43533
-4.33059
-4.23578
-5.91724
-0.83848
-0.547792
-4.43267
-4.48324
-0.861241
-3.33729
-3.22314
-0.916677
-0.686368
-4.73291
-4.5442
-4.18775
-1.79586
-4.20257
-1.45271
-1.44022
-3.07648
-4.89134
-4.45017
-5.45176
-1.16282
-4.34385
-4.06018
-1.5415
-1.59361
-4.36492
-4.59148
-3.55289
-4.22259
-2.81967
-1.87288
-1.28226
-0.415292
-3.14791
-4.81931
-2.06384
-4.06002
-4.19881
-1.34054
-3.93142
-3.73057
-4.50889
-4.45775
-4.56999
-4.74418
-1.2147
-4.52715
-3.99105
-1.82455
-4.47476
-4.8129
-4.46213
-3.29226
-0.816791
-2.44538
-4.6744
-1.70711
-1.35425
-0.836558
-4.74861
-4.35954
-4.47394
-1.34698
-1.96029
-2.86585
-4.24816
-4.64378
-6.06439
-4.75689
-4.30071
-4.43445
-4.07529
-0.944153
-4.42872
-1.62522
-4.65943
-3.10766
-1.76926
-1.48496
-4.66327
-3.2517
-1.55658
-4.83151
-3.46556
-3.90763
-3.02996
-1.53801
-2.09334
-0.666191
-0.631316
-1.30901
-2.80281
-4.42634
-4.61693
-0.610376
-0.898838
-4.24544
-1.40278
-4.09288
-1.3399
-0.702939
-4.87372
-4.27416
-0.974327
-4.94075
-3.92368
-5.40141
-4.35043
-4.28181
-0.65376
-4.63376
-1.56043
-4.0384
-4.26078
-0.698244
-2.80433
-4.06707
-1.75442
-1.63283
-3.0441
-5.99782
-1.28184
-2.84147
-3.9221
-4.2309
-4.34437
-4.32848
-0.900112
-1.06066
-3.55097
-4.22538
-0.692406
-4.12813
-4.91653
-4.25115
-4.26478
-4.69117
-3.22054
-4.03011
-1.4986
-4.46518
-1.90703
-4.41201
-2.79835
-1.89834
-1.60773
-1.78297
-4.85814
-4.35123
-4.443
-4.12184
-4.58003
-4.71731
-0.426194
-4.46178
-2.03411
-4.50066
-2.93705
-1.63072
-1.39709
-4.66304
-4.26202
-4.66045
-4.22295
-4.3304
-4.31026
-1.79585
-0.656786
-4.07291
-3.1187
-3.12109
-4.72726
-2.84979
-1.65857
-2.1443
-4.45191
-3.52208
-1.16861
-4.52382
-0.698854
-2.6047
-4.37034
-1.70931
-4.37618
-1.66996
-4.35078
-4.65456
-1.70381
-5.50223
-3.41842
-4.81241
-4.55363
-3.4421
-4.36763
-5.97404
-1.8013
-4.73872
-4.30575
-4.19227
-1.11107
-4.17662
-4.3288
-4.44085
-4.46918
-4.70528
-0.766234
-5.0294
-1.88728
-0.839802
-4.37942
-4.29379
-3.05231
-3.71644
-1.87529
-5.65674
-4.49819
-0.62128
-1.58911
-4.48875
-4.60269
-4.3067
-4.00086
-1.73944
-1.79684
-3.78238
-3.56593
-4.24651
-4.47964
-4.30573
-4.2333
-2.02753
-1.27779
-5.04012
-4.53341
-4.6487
-4.52087
-4.40864
-4.13068
-4.05164
-0.699279
-4.77589
-1.44624
-4.34879
-1.53068
-0.630955
-0.778652
-4.17305
-1.6919
-2.84348
-1.83467
-1.47913
-3.88463
-4.1115
-4.48016
-3.08547
-2.07444
-4.01986
-4.582
-4.36915
-4.31096
-4.39204
-4.51986
-0.783445
-4.59573
-4.71985
-5.42696
-4.73533
-1.33603
-4.52885
-4.5039
-0.860764
-3.12217
-4.42875
-2.04776
-0.965124
-1.39333
-1.57324
-4.71489
-3.25697
-4.0795
-4.40604
-3.37702
-4.84588
-2.22183
-4.13822
-4.36938
-4.21828
-4.55002
-4.17642
-4.45427
-4.17355
-4.33087
-2.84121
-0.802546
-4.19834
-4.51906
-3.04633
-0.691143
-2.75455
-4.34553
-1.00911
-2.26812
-1.53222
-1.78725
-3.21958
-4.53947
-4.38737
-2.30559
-5.10253
-4.42598
-4.32525
-4.07002
-1.29454
-4.37382
-0.262414
-0.785107
-4.49164
-1.76638
-3.23523
-4.24713
-2.15441
-2.87618
-2.04344
-0.967259
-4.53653
-1.71996
-4.53528
-3.08267
-0.9422
-4.87074
-4.35732
-4.37929
-2.32167
-4.40533
-4.67226
-4.27223
-4.27262
-4.57111
-4.37655
-4.18315
-4.54171
-0.042168
-4.54633
-4.5238
-3.73061
-4.38708
-3.25933
-0.617085
-3.73132
-4.56704
-3.16213
-5.65744
-3.22892
-4.63666
-4.5489
-2.91221
-4.03041
-4.73503
-1.41794
-2.49091
-0.296559
-1.47566
-4.43706
-4.27582
-4.09226
-0.55883
-1.19722
-2.9486
-2.36332
-4.46346
-4.39397
-4.29627
-4.3642
-4.44671
-2.9696
-1.6592
-4.44205
-2.9317
-3.46347
-4.0693
-4.40999
-0.568998
-3.38586
-1.78144
-4.27311
-0.674773
-1.85907
-4.54626
-1.52845
-0.524966
-3.26712
-1.12493
-2.09947
-4.52694
-4.27511
-1.72505
-1.7906
-4.66091
-0.787517
-4.41496
-5.11133
-4.73634
-4.53057
-4.32351
-4.46725
-4.32399
-1.69637
-2.16487
-4.53581
-1.79662
-3.82882
-5.11283
-4.35378
-1.2341
-2.23354
-0.640988
-4.81675
-0.333183
-2.22154
-4.65161
-4.76481
-3.88009
-1.14641
-2.47313
-6.01955
-0.831943
-4.1846
-1.40409
-4.26936
-3.2247
-0.186808
-1.14226
-4.75464
-1.30393
-4.25821
-1.14549
-4.29293
-1.69083
-4.49428
-4.05616
-2.00158
-4.36644
-1.07136
-0.885653
-1.37958
-5.49786
-4.33275
-1.17298
-4.51953
-0.188216
-4.44046
-4.51457
-0.950512
-2.91174
-5.09454
-4.44329
-4.21167
-3.87641
-4.5483
-4.56574
-4.95185
-4.48916
-4.51366
-4.57961
-4.13799
-0.452834
-4.4271
-4.89913
-3.28747
-4.40236
-4.26019
-3.28652
-3.11143
-4.45916
-4.69752
-0.609825
-4.17262
-4.31854
-2.85344
-4.68638
-1.96452
-4.45762
-1.52941
-4.54328
-1.73915
-3.26778
-4.13611
-4.36579
-4.69117
-0.896137
-1.38986
-3.09721
-4.36657
-3.57672
-0.311688
-2.93371
-1.33739
-4.81571
-4.63544
-5.97564
-3.69071
-4.12657
-4.47175
-4.02959
-3.11105
-0.87785
-3.64535
-3.19262
-1.54649
-1.58615
-4.32724
-1.53424
-4.00056
-0.996571
-4.69993
-4.26895
-2.41364
-4.466
-4.79343
-3.20048
-4.68879
-4.50022
-4.45722
-2.5667
-0.533069
-4.31834
-1.44939
-4.04912
-4.58466
-4.21619
-4.21675
-3.8246
-4.11852
-1.96742
-3.06236
-1.01397
-1.94208
-0.566697
-3.33944
-1.79625
-4.29615
-4.74628
-4.70891
-4.42882
-2.67495
-4.51607
-4.50915
-3.16194
-2.20501
-4.41425
-5.47246
-4.81655
-1.22059
-4.20774
-4.54289
-1.33238
-4.55505
-3.16329
-1.3593
-1.3574
-1.66911
-4.46281
-3.90854
-1.43285
-1.06689
-3.22269
-4.34319
-3.44777
-3.22478
-4.29582
-4.3724
-4.52393
-2.90689
-4.2809
-0.665609
-1.85525
-4.35334
-1.77358
-2.74024
-1.08014
-1.60953
-3.67331
-1.45482
-1.15099
-2.76156
-4.44589
-4.48775
-2.28572
-1.86424
-4.42973
-4.32445
-1.91788
-4.32282
-4.29196
-4.10261
-4.81472
-4.28847
-4.28395
-1.47717
-3.10966
-3.88512
-4.40018
-1.92088
-5.03844
-1.47706
-4.19818
-2.31472
-4.90234
-4.38866
-2.17554
-5.94777
-2.08335
-3.00529
-4.38219
-4.84014
-0.596982
-1.89467
-1.58574
-4.30951
-3.67809
-0.280686
-6.00964
-4.11069
-0.527897
-2.00363
-2.68454
-3.51817
-4.43771
-0.981393
-4.36264
-4.64681
-0.835775
-2.41519
-1.90928
-2.80539
-3.18298
-4.63753
-4.78156
-4.13328
-4.64008
-1.27662
-0.651451
-0.663526
-4.27707
-1.31479
-4.53235
-4.5919
-2.15443
-1.87553
-1.59549
-3.61618
-3.43433
-4.23523
-0.690872
-3.03504
-4.44317
-4.33229
-0.85936
-0.852149
-3.05066
-4.31846
-4.55857
-4.4045
-0.295059
-0.301543
-4.71224
-1.31225
-3.85418
-3.61721
-4.46606
-4.49419
-3.46586
-4.2851
-1.90886
-2.85242
-4.34313
-4.73313
-4.75429
-4.74905
-4.73791
-4.90664
-4.60082
-4.54876
-4.53979
-3.82951
-1.34533
-4.41201
-0.987945
-1.82551
-1.15971
-0.553655
-2.61902
-4.19168
-4.52909
-4.19317
-2.66713
-1.8188
-4.43101
-4.53179
-3.98737
-4.47874
-4.66232
-1.19691
-4.58366
-1.43231
-4.46343
-2.01423
-1.84563
-3.02255
-4.62109
-3.63472
-4.53719
-1.4629
-0.831368
-0.653641
-4.95813
-1.23953
-4.60681
-4.54576
-4.76376
-4.36757
-3.89427
-4.43546
-4.44493
-4.32263
-2.01963
-4.24383
-2.12085
-2.86142
-4.58892
-4.50982
-4.53955
-4.93992
-4.5575
-1.31684
-4.19363
-0.616129
-1.55188
-4.62108
-2.0379
-4.34953
-4.23208
-2.0389
-3.28415
-4.82729
-0.824482
-4.24002
-3.72801
-1.5815
-4.73411
-5.03143
-2.31137
-1.2252
-0.435238
-4.95393
-4.04305
-4.47947
-4.21362
-3.85195
-4.81995
-4.03863
-3.40895
-1.57387
-1.66655
-4.32979
-4.51487
-2.915
-3.89913
-4.27652
-2.33156
-5.95684
-0.320649
-4.05373
-3.16357
-3.52457
-1.47326
-4.47511
-0.983848
-4.95524
-3.1546
-0.567183
-0.690784
-6.0149
-2.04068
-0.755734
-4.61112
-4.75367
-3.1753
-1.44295
-1.49674
-1.81309
-0.668038
-4.51483
-0.971013
-3.47388
-4.22892
-4.44033
-4.319
-4.37667
-2.87028
-3.20304
-4.46843
-0.485925
-0.931424
-4.27021
-1.57957
-3.74498
-1.36936
-3.53301
-1.86437
-4.23669
-4.61463
-0.608391
-0.642623
-4.69299
-1.80754
-4.03695
-0.560064
-4.33177
-1.16096
-4.30888
-4.4518
-4.40306
-1.80063
-3.92771
-0.11958
-1.50431
-4.61558
-4.3572
-4.38585
-3.16099
-1.78225
-1.7171
-0.810889
-4.46521
-4.43242
-2.32122
-1.34691
-4.54666
-0.347859
-0.741774
-4.56817
-4.30068
-2.01502
-4.442
-4.59915
-4.18273
-3.202
-4.6549
-0.646004
-4.65861
-3.19853
-4.40859
-4.24681
-1.34029
-4.62829
-4.10783
-4.83386
-4.3113
-4.91411
-2.03004
-5.43538
-3.83391
-2.67113
-4.56732
-2.34354
-2.20969
-3.7386
-1.90441
-5.02447
-5.14813
-4.29246
-0.927165
-4.61831
-3.22294
-3.43844
-4.36764
-1.11882
-0.857396
-4.28835
-1.31157
-4.46657
-1.5665
-5.05892
-4.25239
-4.51549
-4.45331
-4.31388
-4.27706
-1.72504
-4.33063
-4.2716
-1.65873
-4.27946
-3.18162
-3.20343
-4.46241
-2.82334
-4.24668
-3.34574
-4.14022
-4.37047
-1.53306
-4.5457
-3.67718
-4.31111
-0.545501
-4.58073
-1.16662
-4.01314
-4.25311
-4.66065
-3.86779
-4.46302
-4.18212
-4.66614
-4.69856
-4.58788
-4.40691
-0.814299
-4.45245
-4.6407
-0.898242
-1.73855
-4.63337
-4.64238
-4.10028
-1.16517
-4.63016
-1.12507
-0.715591
-2.37096
-0.715435
-3.92443
-4.78026
-4.57266
-4.54898
-4.64725
-3.20949
-1.49957
-1.75164
-4.35803
-3.84008
-3.16912
-3.93244
-4.35088
-1.33574
-4.90666
-1.61408
-4.64978
-4.55294
-1.05564
-4.23561
-4.09353
-1.82963
-4.7481
-0.494928
-4.73147
-3.06091
-4.65952
-4.64708
-4.26355
-1.60197
-4.95228
-4.52498
-1.59151
-4.45067
-4.59702
-4.32954
-4.63966
-4.4152
-3.24474
-2.81532
-1.83319
-4.28323
-4.55961
-4.59204
-4.45069
-1.4831
-0.967622
-4.29879
-2.29805
-0.932155
-0.927481
-3.03674
-4.67509
-4.4377
-4.845
-4.469
-4.62451
-4.34005
-3.26328
-3.90486
-1.59489
-4.40631
-4.6043
-4.28518
-4.34788
-1.62434
-0.982418
-2.7021
-4.65335
-4.19405
-4.32371
-1.96544
-1.78195
-4.73069
-4.34362
-2.19457
-2.79202
-4.42006
-4.30653
-3.43478
-0.195978
-5.97135
-4.29968
-4.3001
-4.24246
-1.2231
-4.67819
-4.65642
-0.500054
-0.67269
-1.10773
-1.09963
-4.30918
-4.64886
-0.67018
-1.85394
-1.44809
-1.24603
-4.48899
-0.667603
-5.92405
-4.55515
-4.48276
-2.57511
-4.59347
-1.4062
-1.27381
-4.42248
-4.2363
-4.26823
-1.90731
-1.70346
-2.94386
-2.97893
-3.38907
-4.26915
-4.67073
-4.0369
-4.03284
-4.53323
-4.4118
-2.15654
-4.29214
-0.719422
-4.49808
-3.15529
-4.42588
-1.1694
-4.59752
-2.96485
-3.77207
-1.4528
-1.1984
-1.99677
-4.71339
-1.66316
-4.31364
-4.42643
-5.54062
-4.53145
-1.82149
-2.95361
-2.86712
-1.70571
-2.20709
-3.16787
-1.44999
-4.29559
-1.99115
-4.23494
-1.99767
-4.54104
-4.54174
-2.93115
-4.43876
-1.25754
-4.79421
-4.37337
-3.40379
-4.16206
-2.18906
-4.49353
-4.42955
-4.44596
-5.91006
-0.656692
-1.70222
-3.17685
-4.6298
-0.688644
-4.21876
-4.78287
-3.91323
-4.56248
-4.77941
-4.84963
-1.47931
-3.13239
-4.17843
-1.30331
-3.36741
-1.40493
-1.65259
-4.29609
-4.7653
-4.58273
-1.77325
-4.50361
-4.2822
-4.50853
-4.86102
-0.796181
-4.8883
-4.46348
-2.85715
-4.4406
-4.60509
-4.48312
-4.39237
-4.42475
-4.20103
-4.82075
-3.49946
-4.5258
-3.72588
-4.27851
-4.464
-4.34982
-4.42988
-4.25575
-3.10468
-4.61751
-4.51245
-4.77413
-4.64814
-4.57695
-4.42041
-4.16383
-2.3596
-4.44364
-1.20507
-4.57145
-4.81099
-4.41685
-4.54774
-4.18698
-4.28232
-4.17181
-1.16875
-4.01339
-4.48077
-4.82126
-4.78286
-0.19249
-0.377942
-4.88446
-0.603823
-1.68578
-1.92145
-4.78363
-0.706233
-0.393537
-4.47346
-4.61037
-2.20589
-4.53761
-4.55217
-1.39906
-2.60031
-4.11078
-4.76318
-4.78075
-4.17302
-4.33337
-1.05624
-1.51207
-4.34691
-2.87354
-3.44554
-4.54704
-4.34114
-0.431774
-0.918601
-1.67653
-0.728223
-1.06131
-4.1454
-4.34692
-4.49061
-4.73176
-1.68033
-2.56216
-4.40878
-4.56098
-4.4827
-4.29648
-2.82023
-3.17731
-3.56791
-4.66739
-4.47788
-1.44531
-4.31564
-4.75572
-2.73494
-4.56341
-4.77933
-4.4851
-4.41393
-4.33599
-3.11972
-4.61251
-2.81528
-1.92994
-2.16788
-4.35204
-4.31294
-0.87722
-4.34101
-1.02391
-1.56097
-4.36141
-3.02743
-4.66141
-4.64396
-1.07905
-4.53412
-4.53641
-3.40206
-4.27722
-4.46953
-4.4057
-4.48265
-3.51453
-4.25242
-4.46736
-0.561682
-0.602502
-1.33879
-4.46177
-0.725227
-3.69168
-1.32049
-4.39816
-4.25978
-4.59988
-4.25352
-1.32769
-1.31267
-1.28094
-1.60346
-1.49555
-4.18184
-4.8249
-1.54672
-2.66536
-4.43535
-4.80541
-1.04814
-3.63929
-4.49853
-1.04012
-4.44432
-1.34634
-4.36068
-3.4694
-1.91957
-0.710254
-4.42454
-1.99133
-1.98132
-1.04337
-1.33601
-5.16197
-0.424088
-1.33848
-1.62787
-1.58034
-0.747954
-0.626754
-4.53383
-4.44666
-4.63494
-4.26891
-4.56944
-4.38901
-1.03883
-5.54144
-4.44781
-5.83745
-4.34418
-4.13242
-4.23448
-4.53508
-1.48847
-0.743956
-4.39272
-1.55323
-1.88865
-3.11283
-1.89862
-1.55258
-3.21481
-0.627762
-4.56808
-1.84847
-4.47109
-3.82951
-4.48468
-1.34782
-4.72401
-2.0084
-4.44596
-4.3011
-3.36971
-4.60971
-0.46409
-1.32401
-4.57947
-3.25265
-4.47153
-4.8005
-0.70949
-4.62402
-4.81147
-0.473022
-0.556605
-4.44266
-2.16286
-0.531838
-1.65265
-1.50972
-1.69827
-3.52941
-1.94788
-3.10332
-0.621281
-1.01223
-1.66602
-4.34871
-5.91768
-3.76561
-3.45922
-1.24198
-4.27547
-3.08019
-2.49471
-0.932829
-4.25828
-4.30037
-2.25693
-1.32988
-2.89131
-1.57477
-4.90339
-4.51767
-1.21683
-4.65159
-4.75838
-2.02317
-2.78468
-4.46326
-0.645136
-4.54017
-4.42533
-4.37607
-4.02195
-1.57375
-4.75833
-4.38932
-2.95661
-1.27269
-1.14914
-4.62193
-4.70047
-0.800635
-1.94408
-5.34125
-4.69956
-4.63954
-3.28324
-0.53359
-1.78882
-3.97089
-4.48542
-2.99237
-2.79893
-2.03696
-3.86723
-0.731471
-4.0607
-2.54475
-1.65542
-1.21285
-0.615319
-4.05777
-1.95736
-3.12562
-0.652955
-2.85021
-4.44147
-5.05482
-4.41306
-3.55982
-1.75309
-4.58295
-4.46664
-4.43029
-2.15668
-4.49813
-4.25616
-2.14488
-3.59768
-3.03424
-4.04764
-0.37037
-1.68953
-1.83603
-4.45885
-2.5252
-1.00536
-4.79425
-4.48691
-4.30388
-4.28386
-4.43528
-0.58435
-0.378543
-1.05899
-4.45087
-3.44086
-4.57799
-4.42535
-3.07348
-4.43756
-1.06909
-1.97529
-4.79211
-0.710866
-4.44532
-5.00561
-0.790692
-4.48599
-4.33153
-0.66339
-4.6332
-5.0522
-4.53648
-4.49782
-4.45965
-4.48503
-4.41301
-3.1051
-3.50963
-1.19614
-3.78722
-0.758747
-3.84126
-4.85198
-4.91224
-4.50419
-4.7717
-1.45305
-4.28304
-1.26431
-4.45356
-4.56307
-4.47372
-0.611393
-4.58882
-4.72522
-4.61611
-6.0671
-4.27136
-4.17167
-4.57616
-4.2644
-4.49014
-4.71128
-1.50651
-4.28561
-1.99743
-4.45405
-1.61264
-1.9602
-4.5602
-3.10539
-2.78167
-4.79237
-1.60529
-4.24581
-4.70939
-4.32002
-4.93846
-3.3695
-2.9098
-2.147
-2.09919
-5.68258
-4.27624
-2.03857
-3.04606
-4.3257
-0.231093
-0.998595
-0.985744
-4.40799
-4.52407
-0.345475
-1.58024
-4.30598
-4.30974
-4.58911
-1.83801
-2.99615
-3.96462
-4.25579
-4.54452
-1.50696
-4.29056
-4.51663
-4.30734
-4.57484
-1.53542
-4.19813
-4.04462
-1.6583
-4.60182
-2.31321
-4.30551
-4.74059
-4.23558
-1.02397
-1.44215
-4.72775
-1.65878
-2.76777
-0.322978
-1.95461
-4.33035
-4.85818
-5.7692
-3.50889
-1.69946
-4.60493
-1.96318
-4.51006
-1.97104
-0.871973
-4.45459
-4.67259
-4.65431
-3.36432
-4.27156
-4.4746
-1.06614
-4.32339
-1.98816
-4.31676
-3.00179
-3.17488
-3.11615
-3.02048
-3.05041
-1.77894
-1.24922
-4.51765
-2.86536
-2.97047
-4.69835
-4.4715
-0.52163
-3.8276
-3.44013
-1.39096
-4.35517
-1.08451
-2.35122
-3.87218
-4.55555
-2.02108
-2.28987
-3.08129
-0.667352
-0.447908
-0.580376
-5.00253
-4.32838
-2.75315
-4.79927
-4.52894
-1.22237
-0.525212
-1.09998
-3.11348
-4.35753
-4.7852
-4.68076
-5.10253
-2.3333
-4.31688
-4.4956
-3.05648
-4.24403
-4.44577
-3.07979
-4.2123
-2.43688
-4.72134
-1.63157
-4.3236
-4.43924
-0.53277
-3.11444
-4.29121
-2.93237
-0.496723
-4.76912
-5.34528
-4.4771
-4.32857
-4.70396
-4.81525
-4.55201
-4.47716
-4.45036
-3.94467
-4.55338
-4.46923
-4.49164
-4.29555
-4.7557
-4.40342
-2.46859
-2.64857
-2.36834
-4.47702
-5.30528
-1.16898
-2.29426
-4.21747
-4.79696
-0.773523
-4.485
-4.49201
-0.668006
-1.37031
-1.152
-2.5346
-2.03065
-1.84893
-0.830338
-4.38622
-4.29667
-4.43783
-2.66262
-2.40095
-1.03518
-4.35641
-0.487389
-4.61857
-2.78615
-1.99763
-4.34833
-1.02289
-4.24463
-4.46352
-3.92119
-4.80194
-4.69105
-1.56867
-3.60784
-1.59955
-2.70702
-4.11785
-2.99763
-4.45593
-1.07663
-1.46402
-4.51914
-4.43733
-4.6279
-1.5678
-1.34103
-2.58951
-4.40254
-4.12985
-4.30588
-1.51707
-0.516892
-4.39506
-4.38991
-2.17087
-1.06016
-4.68211
-2.8392
-1.54017
-4.87461
-2.50015
-4.10289
-4.8883
-4.67737
-2.84836
-2.88975
-4.68121
-4.85219
-4.34279
-4.38096
-3.6044
-2.76607
-3.93654
-4.44879
-4.72399
-0.545386
-1.20539
-4.60689
-2.11487
-2.87442
-4.54741
-3.21109
-1.64081
-4.32172
-2.92111
-4.39225
-2.35709
-3.47166
-0.697509
-4.47006
-1.21068
-0.702283
-1.30335
-1.77362
-1.19722
-2.59276
-1.64494
-0.760323
-1.83048
-2.67117
-2.23866
-1.70247
-2.87436
-2.96249
-4.78963
-3.86305
-2.7661
-3.07794
-2.14115
-1.48925
-2.2777
-0.555311
-2.62644
-4.24629
-4.50932
-4.36986
-4.93784
-1.21597
-2.23416
-2.30639
-1.8244
-1.82957
-2.6404
-0.858442
-4.90557
-4.74743
-4.08307
-0.497898
-2.90903
-4.07335
-4.40539
-4.46123
-1.43532
-4.42861
-4.39656
-4.40779
-2.74753
-4.61674
-5.97553
-4.472
-0.432472
-1.41157
-4.27006
-3.05164
-1.87018
-4.24441
-3.28168
-1.3564
-4.3571
-1.02549
-1.52899
-4.06914
-3.36713
-4.06409
-4.82628
-4.452
-2.50458
-1.48586
-4.45321
-3.07931
-2.62666
-2.51233
-4.31779
-2.89053
-1.40856
-3.38955
-0.615038
-4.3754
-1.21255
-4.54075
-0.417146
-4.31019
-2.75408
-1.9793
-3.96969
-0.930966
-0.500902
-2.74854
-1.25217
-1.24627
-4.43187
-0.376477
-1.38279
-2.69851
-1.30666
-4.47732
-4.92865
-0.997242
-0.673653
-4.50234
-4.55178
-2.82859
-1.70395
-2.9274
-1.72863
-5.95629
-4.47228
-1.02718
-1.54414
-2.16528
-2.86925
-0.0720576
-1.61281
-0.471009
-4.25918
-4.09524
-2.64414
-2.31867
-1.97539
-2.66229
-4.43678
-4.51038
-4.89265
-4.53935
-2.63658
-1.33456
-2.68628
-3.30313
-4.16287
-0.381683
-2.55368
-2.14878
-2.80595
-4.27218
-1.63297
-4.26292
-3.14391
-1.9757
-4.44111
-2.81105
-4.76161
-4.44575
-4.37942
-0.705806
-1.95718
-2.05985
-1.92584
-2.83002
-5.95854
-5.74978
-4.91903
-6.07105
-4.65159
-4.48794
-1.96856
-4.40763
-3.59976
-1.37764
-2.06866
-3.11749
-0.911665
-4.44342
-4.72277
-5.01979
-1.1713
-1.40901
-4.85408
-4.54354
-5.82306
-4.87516
-4.3217
-1.66078
-4.77052
-4.32004
-0.85674
-1.21116
-3.97976
-4.81298
-0.962803
-3.11706
-3.08921
-4.1755
-4.78556
-1.68411
-2.01994
-4.45378
-4.80635
-2.53876
-1.20921
-4.91531
-0.639994
-4.5254
-3.17246
-4.35934
-1.35578
-4.32421
-3.15425
-4.47761
-1.3744
-4.29488
-3.93416
-1.68506
-0.720478
-2.06383
-2.79321
-2.51222
-3.25864
-4.44839
-4.1378
-4.13913
-4.28502
-1.76596
-2.95334
-4.39422
-3.07127
-4.20945
-5.32462
-1.25685
-4.71346
-4.35672
-1.79903
-4.7172
-4.7852
-4.54303
-2.24567
-2.59514
-0.709035
-3.01623
-4.74991
-4.28175
-4.4315
-3.19159
-4.09466
-4.34527
-4.39627
-0.528022
-4.17492
-4.12482
-4.88344
-4.43103
-4.73302
-4.463
-3.12174
-2.74243
-4.46942
-2.76613
-4.04793
-4.52276
-3.71483
-4.21038
-4.54258
-2.51455
-1.59001
-1.38317
-0.445774
-4.27471
-2.80639
-4.43348
-1.45777
-1.42733
-1.00282
-1.14692
-4.38445
-4.47482
-4.39313
-4.42176
-4.81452
-4.22563
-4.43077
-4.884
-3.42685
-4.4738
-0.810909
-4.19736
-1.49589
-4.47284
-4.78743
-2.96624
-0.813828
-4.27124
-1.30792
-2.14321
-2.68808
-0.0784859
-4.6535
-6.04094
-1.94848
-3.44354
-0.776765
-1.95765
-4.41865
-4.58141
-4.32343
-4.73266
-2.64956
-0.763669
-4.28015
-4.56058
-1.48278
-4.62166
-4.54441
-0.780251
-4.46818
-2.92985
-4.4919
-1.48514
-4.06677
-0.535357
-1.66034
-2.39122
-5.8345
-4.29609
-4.48743
-4.20465
-4.74882
-1.25694
-3.76554
-2.24621
-0.609912
-1.54209
-4.56742
-3.78414
-3.79379
-4.7392
-4.33702
-4.24915
-0.831381
-4.29591
-1.70027
-4.73394
-1.97662
-2.70936
-4.25374
-3.94851
-5.91237
-4.50001
-0.62881
-4.1163
-1.51345
-2.09655
-1.95816
-6.04399
-3.25048
-0.75639
-3.40544
-2.98454
-4.75776
-1.61192
-1.961
-1.61287
-1.6187
-3.73785
-0.605528
-4.46996
-4.6149
-4.34214
-1.82794
-5.41845
-4.38714
-4.44867
-1.71614
-1.78951
-3.06303
-3.15704
-4.85598
-4.57881
-5.02742
-4.59567
-4.53075
-4.61181
-1.04794
-1.92261
-0.705881
-0.701407
-4.86565
-1.16066
-4.89875
-0.578193
-0.809909
-4.11926
-2.74114
-1.73642
-4.27507
-4.31904
-4.66075
-2.73917
-1.5513
-3.2531
-4.90901
-4.33072
-4.62624
-4.34465
-2.87644
-2.66621
-6.04515
-4.30184
-2.62332
-4.91762
-2.43578
-4.72115
-4.4574
-1.21796
-0.685296
-1.01651
-4.38858
-4.44562
-1.16991
-4.57071
-4.27284
-1.61931
-2.57751
-4.19446
-4.4417
-4.4888
-0.702193
-5.36396
-4.57503
-4.90233
-5.06693
-4.53083
-3.07034
-2.55961
-1.19702
-4.28915
-4.46594
-4.5487
-4.84817
-5.90312
-5.47971
-1.16609
-4.61337
-1.48531
-1.06606
-3.01378
-4.30077
-4.48404
-4.45087
-4.05055
-2.26535
-4.71237
-4.66562
-4.69807
-4.34607
-3.90724
-4.46686
-4.40068
-4.61969
-4.59604
-4.21452
-4.01918
-3.83563
-2.69517
-2.4278
-4.53547
-3.93009
-4.1346
-4.27468
-4.46161
-4.29693
-4.44688
-4.7392
-0.864993
-4.4457
-3.75133
-1.9507
-4.35436
-4.30253
-2.27786
-4.56124
-1.97869
-0.809563
-1.9431
-4.41178
-0.853303
-1.53076
-4.42915
-4.43399
-4.39209
-1.97573
-1.48218
-4.68629
-0.847219
-3.58252
-4.66064
-4.45327
-4.34716
-4.34236
-4.32995
-1.98242
-4.31463
-4.48071
-2.48798
-2.35479
-0.578211
-4.36166
-4.49266
-1.56498
-2.23127
-4.42665
-2.31623
-4.54645
-0.440334
-3.32433
-0.0397038
-4.55282
-4.70255
-4.21381
-4.8176
-5.37854
-1.55088
-1.89076
-4.31985
-0.82423
-0.82929
-0.630173
-4.33922
-2.51488
-1.31216
-4.44486
-2.08027
-4.81719
-4.71372
-5.06759
-4.71413
-4.50967
-1.67184
-4.27062
-4.99929
-4.51592
-4.43129
-3.04898
-4.76527
-2.55338
-1.96005
-2.30948
-2.37278
-4.58919
-4.54784
-4.55091
-4.29877
-0.830936
-4.38546
-5.57765
-1.95141
-4.46524
-4.33923
-1.75332
-4.25457
-1.45721
-1.69249
-4.34789
-1.79507
-4.7621
-1.06738
-3.0673
-0.610861
-0.689647
-4.0156
-1.93615
-4.67849
-4.25903
-1.67226
-5.005
-1.97989
-5.06588
-2.99364
-0.516134
-4.9117
-5.03312
-4.02733
-6.08414
-4.61084
-4.79743
-4.33173
-2.77954
-4.32109
-4.50755
-1.86009
-4.39739
-2.84374
-4.63208
-4.12414
-4.54186
-5.6487
-4.42787
-1.65147
-1.96462
-4.21724
-4.02556
-4.30659
-4.66942
-1.95415
-3.3684
-0.711285
-5.03854
-4.26676
-4.23813
-1.53317
-3.80684
-2.85696
-4.30321
-1.40582
-2.23788
-4.24882
-4.53923
-2.56678
-4.15475
-4.78559
-4.40709
-0.888377
-4.42535
-3.4215
-3.68589
-4.72215
-3.80901
-0.845944
-2.2078
-2.64885
-2.51134
-5.8597
-5.02514
-1.45925
-4.70175
-4.52328
-4.4713
-1.35214
-3.18242
-4.57237
-4.27317
-1.28689
-4.42517
-1.54642
-2.57265
-3.23792
-4.98727
-4.66903
-0.775965
-1.37184
-4.67523
-0.654172
-1.23726
-4.63572
-1.85919
-1.93183
-4.34905
-5.09344
-1.14812
-4.27582
-3.79879
-4.95122
-1.99343
-4.95501
-1.75613
-1.23724
-4.37636
-2.32769
-2.66576
-5.79979
-2.74539
-2.61004
-4.00855
-4.79532
-2.80142
-1.96492
-2.068
-4.35141
-4.60922
-4.69965
-1.66595
-4.46971
-2.20998
-4.69858
-2.92564
-4.23954
-4.38219
-1.3842
-4.36241
-1.05852
-4.79736
-1.08848
-4.61881
-4.2806
-3.20605
-4.28599
-2.45273
-5.00091
-4.30859
-3.52465
-4.55607
-1.71281
-0.0754022
-0.642198
-4.36145
-2.29343
-3.7732
-2.4027
-4.46188
-2.14057
-2.3529
-1.4871
-1.16291
-0.505084
-0.105216
-2.85665
-1.36441
-4.82929
-4.31255
-6.07326
-4.56993
-4.47714
-4.3144
-4.0143
-4.96601
-4.3691
-1.90952
-4.53891
-1.42666
-1.7739
-1.18033
-1.19085
-4.25486
-5.04322
-3.58631
-4.52522
-4.60238
-1.50111
-4.23958
-2.40539
-4.5729
-4.1502
-5.2207
-2.31543
-4.49543
-4.1207
-1.28615
-4.6726
-4.68714
-0.528063
-4.26796
-1.20052
-4.47291
-4.36575
-1.18924
-1.427
-4.5386
-1.29274
-4.2256
-1.9465
-4.39986
-4.59371
-4.86994
-1.57958
-2.22115
-3.35073
-1.27547
-1.30023
-4.41736
-2.92747
-4.99095
-4.14773
-3.08602
-1.42917
-4.54524
-0.508096
-4.19773
-3.76681
-4.72206
-1.2775
-4.60204
-2.24395
-3.5082
-3.88871
-4.20987
-1.51659
-4.80117
-4.44412
-2.41585
-4.93969
-4.77329
-4.84839
-4.76408
-4.041
-0.786708
-1.53288
-4.30555
-4.57764
-2.67448
-0.985339
-3.47071
-0.90347
-4.7616
-4.60297
-4.7639
-0.703912
-4.48002
-4.72565
-1.9605
-4.9332
-4.83652
-1.02287
-4.45474
-0.484792
-2.24275
-4.50055
-1.70703
-3.20511
-1.05509
-1.28122
-1.94789
-1.55816
-0.546576
-1.51023
-1.41621
-4.41758
-5.63699
-4.04705
-4.16389
-0.743197
-2.65074
-1.49337
-1.53722
-4.15631
-4.34609
-4.09169
-1.96632
-4.35393
-4.42249
-2.91424
-4.12249
-4.55381
-3.58094
-2.15955
-3.56508
-4.12261
-1.70747
-1.70217
-4.30305
-4.12045
-0.643166
-1.29526
-3.4044
-4.05194
-1.67666
-5.04454
-4.61638
-3.42136
-4.46187
-2.14228
-0.722188
-4.56729
-3.55359
-1.55777
-2.27825
-1.69469
-5.01734
-5.05947
-5.01537
-4.90807
-4.74657
-4.04822
-4.79776
-4.81964
-3.71792
-2.98051
-3.45484
-0.567209
-4.67715
-2.82736
-4.31308
-4.45667
-4.7807
-0.616655
-3.62305
-0.473397
-2.43025
-4.49106
-4.35564
-4.31584
-2.98046
-4.49122
-1.35747
-2.79734
-4.89995
-4.44322
-4.59439
-1.3877
-6.05414
-0.672037
-4.44608
-4.30801
-2.08713
-0.80765
-2.87756
-4.67081
-4.48036
-3.16319
-4.55142
-4.15944
-5.50064
-2.60693
-2.92399
-1.96651
-4.43081
-3.49887
-4.2973
-4.42118
-2.84833
-1.30043
-2.75818
-0.84149
-4.69862
-2.6633
-2.93853
-3.21421
-4.73903
-4.54295
-4.31217
-0.842494
-3.21235
-1.06844
-0.767636
-2.633
-4.71957
-1.49994
-4.14462
-4.41533
-0.587929
-4.32996
-4.47121
-1.78927
-4.37337
-4.43993
-3.22553
-4.63514
-3.02376
-4.1093
-1.48578
-1.4799
-1.64997
-1.59145
-0.8605
-1.48968
-4.45197
-4.61055
-4.26825
-4.81321
-2.14382
-4.07177
-1.4083
-1.17047
-2.97718
-4.67675
-2.04782
-1.94345
-4.33671
-4.26852
-2.07686
-2.99953
-2.17622
-4.34158
-4.28126
-2.72376
-4.76256
-6.01674
-1.28744
-6.05276
-5.05778
-5.30192
-3.89906
-1.94034
-4.45681
-2.44442
-1.17983
-5.52031
-0.687171
-1.93704
-2.02708
-4.35477
-4.36556
-4.95751
-0.581367
-2.97328
-2.98938
-1.60639
-2.74353
-1.55927
-2.7346
-2.70473
-2.63679
-1.21463
-4.53901
-3.27025
-4.64379
-2.00852
-4.75033
-4.10543
-1.17608
-2.86296
-4.32258
-4.55896
-4.52621
-0.724773
-2.03929
-2.61532
-2.25251
-2.71162
-4.30009
-4.27783
-1.84132
-4.53426
-1.60146
-2.77848
-4.27347
-3.22012
-2.92862
-2.2672
-2.62884
-4.30945
-1.51133
-4.05706
-1.93371
-4.25301
-4.30634
-4.57549
-4.45308
-1.0222
-3.00922
-5.58
-2.02317
-4.36833
-3.22314
-2.88563
-4.35732
-5.11077
-2.63069
-4.26679
-2.26268
-1.61007
-4.3485
-4.42463
-0.816471
-3.37098
-0.609417
-4.10932
-3.59946
-2.34272
-2.36639
-1.94131
-4.30527
-1.48211
-4.63679
-1.78474
-2.86734
-4.03374
-4.1834
-3.14386
-5.04304
-1.63855
-4.82926
-4.47085
-1.43625
-1.91571
-0.705429
-1.41024
-3.64285
-4.46025
-4.34966
-0.576076
-1.03796
-4.44733
-4.24344
-4.60475
-4.34641
-4.43836
-4.26708
-4.29125
-0.837157
-4.35739
-1.39441
-4.36994
-4.0008
-2.89263
-2.23753
-1.11693
-3.88682
-4.70038
-2.41137
-1.47742
-0.789457
-4.80215
-4.3438
-1.31649
-4.91419
-1.11858
-4.24422
-1.96646
-4.28432
-4.46937
-4.37749
-1.18793
-3.31391
-1.99854
-2.86249
-1.02608
-3.15067
-1.56568
-3.99307
-0.732839
-2.85771
-4.29555
-4.68704
-3.11473
-0.121156
-3.26977
-4.44596
-3.13641
-3.26567
-4.26225
-0.45317
-0.807486
-5.24415
-4.26539
-4.85893
-4.34649
-1.05683
-3.18321
-2.62584
-2.12039
-1.65617
-4.29014
-4.81866
-0.521393
-2.04569
-3.23916
-1.32331
-1.04888
-4.20082
-5.19261
-3.22786
-4.25179
-1.26998
-2.99289
-3.42423
-2.87471
-2.68758
-2.0733
-1.56843
-1.21952
-3.25564
-4.31941
-4.12245
-3.34751
-1.97973
-4.37953
-4.79779
-3.17245
-2.60298
-1.01277
-2.01555
-4.33128
-4.08528
-1.16202
-4.48421
-1.28441
-2.93427
-3.78252
-4.44587
-4.43807
-3.81158
-2.38309
-1.57993
-4.5091
-1.37716
-4.17821
-2.93664
-2.42981
-2.76556
-4.65741
-3.33836
-4.34677
-4.20221
-2.27025
-1.94265
-2.63688
-4.62576
-1.41307
-2.43821
-4.39507
-4.75253
-1.98078
-1.6008
-1.93393
-4.54142
-4.68357
-2.76136
-4.52322
-2.73801
-1.61319
-4.16394
-3.98032
-4.86971
-4.19701
-2.46061
-0.715369
-3.58284
-2.32741
-3.46599
-4.77277
-4.68061
-4.48019
-0.929195
-4.70175
-3.56628
-4.40709
-5.01638
-4.72394
-4.76693
-4.42595
-3.16691
-4.65817
-1.5777
-4.19913
-2.76066
-5.24567
-2.53878
-4.5687
-1.85931
-1.52159
-1.92226
-1.31715
-1.5148
-3.72797
-2.40575
-2.61647
-1.94074
-4.8346
-1.7998
-4.75626
-0.556776
-4.72799
-1.40216
-2.54141
-1.93916
-4.19684
-1.69966
-0.68976
-2.24555
-4.38884
-1.86769
-4.81935
-4.4809
-2.80092
-1.49854
-4.41432
-1.56465
-5.58277
-4.37699
-5.04508
-3.96131
0.00244961
-4.00289
-3.80464
-3.1908
-3.30736
-4.76215
-2.54145
-3.77472
-1.38192
-2.06113
-4.47758
-4.06508
-4.47836
-0.172236
-5.46463
-2.5797
-1.807
-1.65345
-2.79909
-2.24365
-2.74992
-1.85921
-1.73105
-1.95026
-3.02452
-3.84465
-4.56805
-3.49361
-1.51745
-2.3206
-2.56216
-4.42739
-4.3881
-1.82863
-2.57403
-1.58083
-0.83254
-2.98745
-3.38911
-4.79393
-2.42895
-2.80338
-1.64947
-1.63881
-2.71933
-2.72648
-1.27812
-2.94988
-5.05355
-3.46642
-2.15686
-0.701805
-0.714271
-2.33561
-4.45223
-2.97689
-1.48321
-1.90093
-3.91813
-2.31933
-2.86158
-4.4532
-0.927711
-2.96704
-1.45394
-4.06122
-0.649424
-4.45729
-0.642373
-1.62265
-2.70411
-4.64182
-4.32043
-4.36993
-0.0069328
-4.17261
-2.14763
-4.77518
-1.79356
-5.69062
-2.29288
-1.25034
-2.18828
-2.84287
-3.598
-2.75669
-1.64452
-4.79641
-2.14328
-3.50745
-4.40073
-4.49671
-1.22936
-3.90129
-4.6152
-0.682763
-2.53327
-4.69508
-1.76418
-1.68779
-0.233962
-1.60718
-1.60577
-0.747713
-4.54428
-1.61907
-0.34423
-0.332383
-2.76141
-1.4084
-4.05458
-3.82585
-2.9345
-1.19721
-4.36774
-4.08811
-2.55804
-1.64492
-1.47819
-2.36241
-2.24305
-2.2228
-4.45619
-3.54474
-1.89483
-1.55347
-2.95647
-2.25651
-1.95033
-1.07281
-1.71608
-1.94843
-4.43562
-1.07333
-5.07613
-4.30925
-4.45222
-2.71973
-1.71735
-2.82085
-2.02486
-3.25892
-2.78376
-4.75478
-1.5662
-4.65686
-3.57711
-4.37541
-0.308125
-2.94083
-1.79057
-1.75092
-2.2842
-4.82492
-0.764677
-0.760166
-1.64156
-3.91042
-0.747172
-1.69862
-2.08119
-4.41284
-1.91025
-4.84574
-1.16559
-4.69109
-2.13331
-2.18514
-5.45103
-1.91147
-4.62239
-2.75071
-3.02863
-0.670003
-4.55351
-4.477
-1.76922
-4.60796
-1.94844
-4.32496
-2.76939
-1.56538
-4.14022
-4.89526
-4.21611
-4.23833
-1.68518
-4.25119
-2.49587
-4.19104
-1.83222
-4.02015
-4.17175
-1.83232
-1.94528
-4.67773
-3.51272
-3.13653
-4.4259
-4.8529
-4.60147
-4.32606
-4.57176
-0.643781
-3.35247
-2.46825
-0.554311
-1.55204
-2.66623
-4.96253
-2.51567
-0.489892
-4.35815
-5.31457
-4.39928
-3.66663
-4.51838
-4.26798
-5.60792
-3.6206
-2.78325
-4.54073
-2.01793
-0.96771
-2.62307
-0.265749
-0.277601
-2.87051
-1.82772
-3.31655
-0.796602
-1.96074
-4.06744
-4.10708
-3.08529
-1.87746
-4.36418
-4.37968
-4.49189
-2.77782
-1.45383
-2.00863
-1.64714
-2.45494
-2.29125
-1.48846
-2.20038
-2.84633
-4.31761
-2.6399
-2.50604
-3.14663
-1.06765
-1.56682
-2.73261
-4.85696
-4.50125
-2.67106
-3.10156
-2.75332
-1.33805
-1.34335
-3.14028
-4.39689
-2.58252
-2.44691
-4.38101
-0.904727
-0.495127
-4.48209
-4.70714
-2.56773
-4.29836
-1.48361
-4.45667
-4.6776
-0.95977
-4.15799
-4.15311
-1.44674
-1.86072
-4.06308
-3.4485
-4.42676
-1.90425
-2.33977
-2.67357
-4.03724
-4.30735
-4.23936
-4.50603
-0.612051
-4.27656
-3.23399
-2.05437
-1.19078
-4.52742
-1.49881
-0.510179
-4.25789
-0.926319
-4.47336
-1.28829
-1.93975
-2.90818
-4.18182
-2.57232
-2.86268
-2.30942
-4.2933
-2.64817
-2.97148
-4.41582
-1.87164
-2.9488
-0.368758
-4.87072
-3.35362
-3.9615
-1.05946
-0.766524
-0.776132
-2.63871
-4.43322
-4.48548
-5.01046
-1.95782
-6.00452
-1.8284
-4.33226
-2.49402
-2.20583
-5.98593
-3.00259
-2.45365
-4.06974
-2.60129
-2.62014
-2.47887
-5.02209
-1.57067
-4.672
-6.03427
-3.23667
-4.95257
-4.53765
-1.04133
-2.23104
-4.50574
-1.54303
-1.85653
-0.58239
-4.49483
-1.27975
-2.57809
-1.66216
-2.63865
-3.50866
-1.58105
-1.93567
-1.48344
-1.93942
-2.77678
-1.47063
-4.49711
-1.85731
-1.53978
-2.78371
-4.45524
-3.12328
-4.67197
-0.485004
-5.389
-4.06314
-1.59231
-5.80165
-2.01485
-2.37903
-0.694926
-2.20927
-2.75843
-2.02674
-4.85526
-2.82063
-1.66752
-4.51576
-4.7049
-0.996034
-5.01096
-5.07586
-1.7933
-1.41645
-1.30555
-2.11807
-5.7255
-2.74854
-1.05799
-0.795565
-2.43902
-0.901475
-1.60726
-4.292
-1.77972
-5.05281
-2.4367
-1.97944
-1.63748
-5.04754
-4.35804
-0.172922
-3.13827
-0.638756
-1.20314
-3.67271
-2.48199
-1.48487
-4.50089
-4.31826
-4.06215
-4.24793
-4.53531
-2.90254
-2.85664
-1.76434
-2.6937
-4.54129
-0.776068
-2.03402
-4.37433
-3.15357
-4.57279
-4.26999
-2.57783
-1.95007
-2.502
-1.98135
-2.03626
-4.90367
-4.52351
-3.67165
-5.75526
-4.48893
-2.6608
-2.87893
-4.66399
-3.90501
-1.775
-2.24536
-2.544
-4.54622
-1.5288
-4.28258
-3.088
-4.09831
-4.88163
-1.82511
-4.03953
-3.26931
-2.86903
-1.81462
-4.48953
-3.2856
-4.38639
-4.3182
-4.10199
-2.52373
-1.93489
-1.60262
-1.26849
-4.39862
-2.74545
-1.62927
-1.41154
-1.5987
-2.46506
-4.84241
-4.45874
-2.61225
-4.54174
-3.7019
-1.52612
-2.59797
-3.84801
-5.04699
-3.21665
-4.47542
-4.49819
-4.56472
-0.840655
-1.75648
-4.68991
-4.31418
-4.54102
-1.84709
-1.86194
-1.79098
-1.46062
-3.15156
-4.45264
-3.20816
-0.660997
-1.53928
-0.882699
-2.51874
-4.74377
-1.64929
-3.24141
-1.34092
-4.31666
-4.25783
-2.96198
-1.48419
-1.46405
-1.69003
-1.40965
-0.820297
-1.51292
-3.75634
-3.14725
-1.05965
-1.71372
-0.875807
-1.08643
-4.65073
-4.47637
-5.15749
-2.39238
-4.00844
-4.10189
-1.6161
-4.55512
-4.49061
-4.74725
-4.49056
-4.75691
-0.506558
-1.13078
-4.5939
-4.19486
-4.54647
-4.61074
-3.16085
-2.98814
-4.27957
-3.89247
-2.0277
-4.81996
-0.405563
-4.184
-3.8538
-2.74857
-1.71732
-4.37204
-3.91124
-4.39591
-0.898789
-1.13564
-4.65161
-1.79734
-4.70559
-1.54129
-0.357008
-4.4636
-4.277
-4.39687
-0.0402427
-0.709214
-4.50866
-1.49259
-1.85352
-1.95346
-4.81384
-3.59021
-1.20352
-4.33509
-1.94686
-3.058
-1.79075
-1.25062
-3.72998
-4.31143
-1.84345
-4.53462
-1.89526
-4.40627
-0.818907
-4.45
-1.64129
-4.57212
-4.29575
-4.74737
-4.45153
-3.91326
-0.761563
-0.691599
-1.10711
-2.14112
-4.51444
-1.93329
-4.34929
-0.538406
-1.45244
-4.56323
-4.44496
-4.47265
-0.68132
-0.869363
-4.20152
-1.55886
-4.3752
-2.16286
-1.65076
-2.28813
-0.452316
-1.03717
-3.43234
-4.37697
-0.0418882
-2.5611
-5.22446
-1.96267
-4.39179
-4.82067
-4.66947
-4.8555
-2.15023
-4.62232
-4.52479
-0.63649
-1.59839
-0.616416
-0.751293
-2.3809
-2.16859
-3.91202
-4.5771
-4.39765
-3.65362
-4.74975
-1.22384
-3.34612
-4.57961
-4.90726
-1.84383
-4.74598
-4.19177
-4.42214
-0.671101
-1.54326
-1.35256
-4.61952
-1.76361
-3.91314
-4.83502
-1.15208
-1.42813
-2.37769
-4.38077
-4.49607
-1.44191
-1.43606
-2.50465
-1.00463
-4.72137
-4.55556
-1.56505
-3.22148
-4.32783
-1.83949
-4.72632
-0.698957
-4.4286
-4.38986
-3.85598
-4.30893
-4.6197
-5.65193
-4.50687
-1.04904
-1.63105
-4.52357
-5.92266
-0.686573
-1.51041
-5.3705
-0.740705
-0.590154
-2.21252
-0.48604
-1.40072
-4.87219
-4.73019
-0.876875
-4.85075
-4.24231
-0.6701
-4.6269
-4.58743
-0.727435
-2.27024
-1.83476
-1.55746
-3.55282
-4.33342
-3.68804
-4.37984
-1.67082
-4.38717
-1.53872
-4.88669
-1.90426
-2.54077
-4.47491
-1.77158
-4.34773
-4.54433
-1.83791
-4.56202
-4.3672
-1.32331
-3.67555
-1.80657
-3.28888
-1.57969
-1.61361
-4.21596
-0.706923
-1.67447
-2.93462
-0.478987
-3.19406
-4.58406
-1.3897
-4.35527
-4.95365
-1.49816
-1.93493
-2.62984
-4.16228
-4.16056
-4.49439
-4.75925
-1.2999
-4.27781
-4.50372
-2.60757
-4.38378
-2.27554
-4.77265
-4.38536
-5.55584
-4.4158
-4.62745
-4.33897
-4.38735
-0.912693
-4.32406
-1.10441
-4.47194
-2.443
-4.74285
-4.60373
-0.829755
-3.91392
-1.17599
-0.950652
-4.71112
-4.18241
-1.66676
-4.74856
-1.06454
-3.18598
-4.49262
-4.88625
-4.38799
-1.93932
-4.47119
-5.27645
-2.84352
-3.16441
-2.89883
-4.89841
-4.27583
-4.82333
-0.840853
-1.16906
-3.93908
-4.44818
-4.17377
-3.66938
-1.16181
-4.5018
-0.517188
-5.73798
-3.64488
-4.09697
-3.08031
-1.11839
-4.19428
-3.89524
-4.36398
-1.40196
-4.35522
-1.80803
-4.51281
-1.85016
-3.52761
-5.53469
-0.853262
-4.14277
-3.24277
-4.64154
-1.60291
-1.07985
-5.29109
-2.64873
-4.53359
-4.27046
-0.669328
-4.76651
-1.34441
-4.28034
-4.33761
-4.47532
-4.16313
-0.828012
-4.74219
-1.35903
-4.51602
-4.22072
-3.16045
-4.48319
-0.691503
-1.74075
-4.62018
-4.35436
-0.589688
-3.28053
-1.04866
-2.68716
-4.65545
-5.1971
-0.515189
-1.43526
-4.17159
-4.36654
-4.54048
-4.05215
-3.13346
-1.58362
-0.9536
-4.78248
-2.18307
-0.875719
-4.7912
-4.4608
-4.81052
-3.55069
-4.27521
-0.235802
-4.78499
-4.32564
-4.45833
-1.97322
-0.856615
-4.83379
-4.76072
-2.44181
-2.61496
-4.45039
-1.58069
-2.78865
-3.8711
-4.48999
-4.86964
-4.44356
-4.56735
-4.57845
-0.472214
-4.53203
-4.43634
-4.59074
-4.54855
-4.27938
-4.77238
-0.898763
-2.23476
-2.66605
-4.99469
-4.60958
-4.43848
-4.46435
-2.3844
-4.4643
-3.91088
-5.58748
-1.78055
-3.30392
-4.2822
-0.774009
-2.33593
-1.6489
-4.56318
-4.75412
-4.12151
-4.45083
-1.2396
-4.48618
-5.36002
-1.38295
-1.61875
-4.38397
-4.77042
-4.62065
-4.50277
-4.2971
-0.778234
-4.34169
-4.38351
-2.38682
0.0025227
-4.26786
-1.60492
-2.73798
-4.36838
-5.69302
-4.24156
-4.1591
-4.44095
-4.42205
-1.1193
-0.862747
-4.40234
-4.47514
-0.220494
-5.29496
-3.41232
-4.45074
-1.02558
-5.98865
-1.56071
-4.85151
-4.54772
-4.27171
-2.833
-4.40641
-4.28092
-6.02986
-5.11979
-5.90804
-4.17598
-4.36711
-0.542689
-4.36114
-4.45175
-1.53954
-0.629717
-4.78319
-4.48629
-1.83335
-4.5917
-3.89509
-4.45166
-1.31841
-0.0159723
-4.54071
-1.53377
-4.24198
-4.32058
-4.53338
-1.48797
-0.700019
-4.48544
-5.22678
-0.844442
-0.793414
-4.37503
-0.79342
-1.55994
-1.48682
-0.657309
-3.17946
-4.55228
-1.16814
-1.05082
-4.63292
-5.37047
-1.47156
-0.807055
-0.381721
-1.52513
-1.27984
-1.17996
-4.72207
-3.01307
-0.943468
-1.41902
-0.913503
-1.49555
-4.68164
-5.42985
-0.777223
-1.50023
-4.38187
-4.26484
-4.72644
-3.22789
-4.4189
-6.00842
-3.13265
-1.40948
-4.43206
-1.4787
-3.79136
-1.79595
-2.25254
-4.18589
-4.61067
-2.68703
-4.5898
-1.35713
-4.51811
-3.62729
-4.59986
-3.65171
-4.52309
-4.44222
-4.26378
-4.74333
-4.73405
-4.46462
-4.36573
-1.49638
-0.824623
-4.4729
-0.838689
-4.46434
-4.14388
-4.85286
-0.70543
-3.53719
-5.16632
-4.0924
-3.61574
-1.91182
-4.37593
-4.37109
-3.9009
-2.47584
-4.8287
-4.46919
-3.91447
-2.79116
-1.3294
-0.340974
-4.85306
-4.83702
-0.951563
-5.55963
-4.63655
-4.79397
-4.54564
-2.78018
-4.46295
-3.86441
-3.00793
-0.704872
-2.24059
-3.40203
-5.339
-4.52915
-0.713706
-3.17398
-3.83107
-4.29651
-4.71495
-4.12407
-4.44551
-0.332028
-4.73433
-3.53193
-4.24007
-4.58279
-4.91936
-4.23694
-0.824848
-4.54718
-4.30422
-1.96592
-4.04086
-4.27426
-1.27327
-1.89952
-4.52553
-4.5738
-1.9259
-4.51977
-4.48056
-5.30887
-4.55868
-4.78216
-4.46966
-4.21748
-1.81015
-4.09599
-4.49929
-4.52372
-4.54616
-4.33593
-4.37378
-4.54238
-4.30255
-4.58548
-3.01849
-4.42953
-4.52825
-4.22541
-0.762214
-4.76692
-3.40542
-1.18916
-4.71174
-4.52692
-0.481808
-3.36055
-2.88249
-4.47675
-4.43489
-3.31517
-4.1433
-5.31831
-3.85518
-4.53697
-0.622503
-3.12401
-2.69142
-4.25126
-4.12384
-1.39501
-4.92937
-4.81643
-4.36241
-1.61196
-0.665704
-1.09934
-0.359132
-1.73175
-4.42918
-4.8452
-0.880094
-2.17677
-0.909838
-4.53671
-4.74058
-4.46809
-4.42995
-4.45191
-1.98497
-2.19783
-1.10607
-4.26639
-4.70763
-3.30439
-0.775378
-4.40095
-1.19544
-5.07715
-3.23766
-2.08534
-1.41124
-2.74738
-2.41657
-4.28426
-3.07111
-4.30988
-4.3631
-4.0516
-4.44679
-1.76998
-4.46764
-4.35514
-4.68378
-0.73248
-0.673989
-0.609577
-4.38239
-1.52418
-5.10243
-1.50351
-4.70661
-4.3549
-2.27848
-1.72213
-1.29141
-0.645979
-0.656123
-4.87363
-4.66058
-4.52495
-4.92476
-1.22005
-4.43867
-4.66353
-4.63309
-4.43566
-4.62169
-4.58141
-2.75622
-1.39884
-4.45793
-1.33319
-6.0311
-1.93098
-4.38791
-4.41049
-4.25679
-4.44448
-2.95124
-4.53466
-4.90689
-4.29304
-4.78796
-1.51353
-5.03364
-4.40388
-4.53535
-1.53175
-4.26449
-1.33139
-4.90612
-4.21768
-4.25866
-1.20299
-0.312183
-2.76839
-4.45667
-4.56875
-1.31258
-4.61386
-5.0354
-4.81559
-4.4271
-4.45591
-0.716538
-5.02435
-4.39526
-0.726858
-4.89094
-4.22248
-4.71558
-3.95369
-3.0753
-4.71547
-4.37921
-4.9972
-4.82138
-0.602073
-4.4268
-0.784633
-1.54267
-5.2782
-4.68186
-4.43155
-0.820332
-4.23233
-0.745925
-4.44617
-0.855668
-3.68173
-4.05459
-4.44909
-1.74606
-4.39843
-0.982985
-4.50096
-0.686226
-4.16225
-0.677695
-4.06108
-4.27283
-1.93094
-4.30818
-1.79775
-4.15676
-4.88512
-3.91882
-4.34849
-2.78873
-1.41157
-0.759601
-4.22275
-4.42861
-1.94657
-4.44934
-4.26323
-3.89708
-4.26917
-4.31424
-4.71106
-0.671788
-4.36977
-2.5472
-0.751669
-4.8665
-4.50023
-4.34178
-4.4539
-4.83464
-1.44581
-4.64913
-2.13655
-0.781599
-4.54053
-4.25548
-4.1249
-3.17403
-2.02024
-4.52537
-5.97911
-4.40331
-4.42589
-4.50621
-4.28914
-1.91364
-1.22595
-0.264234
-4.33117
-4.41148
-4.76292
-4.39449
-1.25433
-4.78185
-3.06897
-3.45906
-4.54281
-3.55079
-0.421233
-2.04349
-1.24344
-4.57793
-0.278762
-0.392977
-4.2808
-4.43936
-2.02234
-1.23082
-2.85384
-4.67524
-4.38304
-4.62488
-1.70176
-4.57829
-4.18269
-4.07115
-1.7078
-4.66716
-3.46334
-3.18046
-1.32214
-4.46367
-4.33798
-4.7309
-1.17983
-4.52614
-4.30252
-0.833761
-4.87485
-0.0286378
-2.56538
-0.670234
-0.488167
-4.34796
-4.25935
-4.97188
-1.16567
-4.29261
-4.52504
-4.71789
-3.05976
-4.85553
-1.62674
-4.32695
-4.55269
-0.0750753
-2.16235
-2.51376
-0.507755
-4.74893
-0.51872
-1.05732
-0.543957
-4.46475
-4.39401
-4.30844
-4.55728
-1.42757
-3.24554
-0.738792
-1.52969
-2.81202
-1.63959
-0.922964
-4.91355
-0.670458
-4.03596
-1.80973
-0.662016
-0.845204
-4.57067
-4.24366
-4.42264
-4.39857
-1.81844
-1.80973
-0.325088
-0.485437
-4.44638
-1.56565
-5.93192
-2.85933
-3.55483
-4.52428
-2.98205
-1.10773
-0.240546
-6.00829
-4.15696
-0.647034
-4.12991
-1.39602
-4.34901
-4.55603
-1.76566
-1.74922
-5.05228
-4.23338
-4.45101
-1.33791
-4.27569
-4.13377
-2.00891
-1.54516
-4.3029
-4.92068
-2.62935
-4.27041
-4.67172
-4.39316
-4.68414
-0.774594
-4.34584
-3.54993
-1.22477
-1.18635
-3.96787
-3.47904
-3.05194
-4.56938
-4.57602
-4.44579
-4.33696
-1.76068
-4.62334
-1.78918
-4.43178
-4.76185
-3.20911
-4.33438
-1.4486
-4.75153
-5.22432
-3.24744
-4.44703
-1.83368
-1.46774
-1.82644
-0.773243
-0.9119
-1.39227
-4.37181
-4.92552
-0.553594
-4.52448
-0.682926
-4.44309
-4.85072
-6.05861
-4.87902
-4.36585
-3.31109
-3.67299
-4.46549
-4.20222
-4.68683
-4.56451
-0.778836
-0.876618
-4.34923
-4.23553
-4.39795
-5.19147
-1.33388
-4.38332
-4.09085
-4.39759
-3.58057
-3.34288
-5.64839
-1.05418
-1.94522
-4.33577
-4.59134
-3.68002
-2.87966
-1.22202
-4.31245
-4.27008
-4.35431
-4.35479
-4.6451
-4.46308
-5.17744
-3.1904
-4.66423
-4.63988
-0.557252
-0.80026
-0.280108
-5.99158
-4.83708
-4.41874
-1.23359
-1.28258
-1.78561
-4.6323
-3.20527
-1.54564
-4.62791
-1.7349
-0.778575
-0.754281
-4.683
-1.24436
-4.24299
-4.6333
-4.55508
-3.15279
-4.89257
-0.586459
-3.68627
-4.50394
-4.47516
-4.73883
-4.43186
-4.44764
-1.03721
-4.23722
-0.936852
-4.00052
-3.93843
-0.714922
-4.28317
-4.41525
-1.51832
-4.63823
-4.76483
-4.56825
-3.51406
-0.250674
-4.48155
-4.23537
-4.74313
-4.69868
-4.43595
-1.29705
-4.69051
-3.37563
-4.08609
-1.15795
-4.37795
-1.66193
-3.92986
-2.84925
-0.643631
-4.70497
-4.30659
-5.37266
-4.47275
-3.33041
-1.64037
-4.83715
-1.14608
-0.6539
-4.09749
-1.56346
-4.25653
-4.62503
-4.42974
-5.03729
-4.63085
-4.08745
-0.0577439
-4.20179
-4.54822
-1.21311
-1.9421
-3.51154
-4.1265
-4.39533
-1.26522
-4.88059
-4.1805
-1.44195
-1.67067
-4.33726
-4.72508
-0.758532
-0.811801
-4.21318
-4.82063
-4.9039
-1.35284
-1.31939
-2.02734
-3.48431
-0.721412
-5.08843
-2.24304
-4.57378
-4.16281
-4.39596
-2.27774
-0.745655
-4.09344
-1.47271
-1.03674
-4.53742
-4.9123
-4.30789
-3.1459
-4.69559
-0.0912027
-4.53711
-4.62745
-4.22868
-0.630311
-3.63426
-4.4097
-4.41231
-4.58775
-4.45857
-4.58487
-4.43321
-0.652555
-4.70886
-5.28531
-4.38127
-4.54656
-2.9538
-2.16352
-1.86941
-0.748005
-1.07293
-0.799562
-4.42963
-4.15498
-0.744482
-4.90179
-4.12618
-0.745757
-0.639202
-5.03451
-4.8114
-1.52854
-5.28035
-2.81783
-0.555905
-4.39973
-4.83674
-4.80844
-0.63842
-4.82314
-0.589002
-4.40474
-3.57757
-1.26868
-4.46225
-4.69503
-0.825497
-2.22286
-4.26191
-1.15762
-4.83205
-2.28965
-4.4628
-5.31111
-1.40481
-1.34973
-0.680092
-4.3551
-4.50253
-1.99125
-4.31914
-0.416691
-4.40319
-4.29077
-3.40033
-2.64564
-2.17208
-4.19326
-2.94355
-4.38689
-1.91698
-0.843022
-4.65285
-4.47263
-0.228847
-4.92013
-1.19076
-0.161068
-1.5651
-1.90634
-4.48291
-0.960759
-4.81094
-4.31501
-3.60266
-4.6076
-4.54602
-1.19286
-4.53111
-0.641632
-2.12399
-1.18483
-2.55443
-1.51142
-4.46756
-4.39336
-4.83974
-0.561517
-5.0114
-4.29799
-4.87058
-2.97997
-0.0526839
-4.86641
-4.35752
-4.1006
-4.26648
-1.63765
-1.28852
-4.64948
-2.82453
-4.55098
-4.277
-4.84105
-4.33295
-4.71575
-4.45443
-4.73875
-4.68453
-1.54766
-1.07969
-4.22616
-2.30104
-1.80238
-0.280076
-1.50374
-1.87973
-3.16709
-2.3535
-3.44419
-4.22636
-0.693451
-4.40629
-4.73392
-0.909312
-4.9734
-3.71109
-1.89221
-4.33035
-4.47031
-1.20435
-1.10154
-4.15592
-4.44734
-3.38838
-3.99323
-5.36236
-2.27711
-0.68396
-1.42067
-4.14703
-4.21983
-4.56763
-3.89785
-4.33762
-1.77008
-4.62835
-4.83316
-1.90286
-1.45591
-1.32489
-4.76878
-4.18089
-4.21261
-2.00663
-0.782169
-4.44445
-4.65171
-1.93627
-5.02459
-4.11051
-4.26936
-2.11975
-1.47416
-4.27326
-4.50545
-1.9948
-5.09831
-2.24868
-0.820494
-1.79707
-4.82596
-1.99201
-4.2859
-1.75428
-1.1022
-4.42817
-0.605556
-4.88852
-2.00015
-1.44454
-5.00497
-4.09134
-1.58533
-1.75806
-4.65231
-0.517391
-1.6346
-3.50768
-0.659663
-2.42112
-1.57707
-0.846848
-4.4417
-1.14188
-4.22461
-0.932568
-4.43242
-2.59235
-4.62836
-4.51573
-0.60591
-5.34291
-4.53591
-4.8835
-4.44237
-0.753514
-4.25136
-1.76596
-0.847523
-0.713835
-3.78239
-4.84936
-2.40074
-1.88216
-4.46996
-3.83384
-4.1832
-4.966
-2.79128
-4.32054
-4.9694
-4.47654
-1.12764
-4.19573
-4.03885
-0.738372
-1.23174
-4.57615
-4.2252
-4.62031
-1.52735
-4.04961
-4.88289
-2.28623
-5.06563
-4.30966
-4.25831
-4.50647
-0.500778
-3.44552
-4.56618
-4.61423
-5.40743
-0.429038
-4.44691
-4.86965
-4.5034
-3.12895
-4.93563
-4.63601
-1.43573
-4.36187
-5.13413
-5.24504
-1.61996
-0.8254
-2.06537
-1.01175
-4.85395
-4.62027
-3.30223
-4.46152
-4.92589
-3.74952
-0.984019
-4.58638
-1.00842
-2.99579
-4.29449
-1.26394
-4.55048
-4.62793
-2.06498
-3.34851
-4.4603
-5.68901
-4.30959
-4.86067
-4.76478
-0.135525
-4.15482
-3.09756
-4.17747
-1.14456
-1.17107
-4.22933
-0.176306
-4.74278
-4.34417
-3.15514
-4.29118
-3.45822
-4.78205
-1.04486
-5.49931
-3.48463
-4.20296
-4.27476
-3.52922
-1.12015
-3.16308
-3.9271
-3.92403
-3.88483
-4.41272
-4.32602
-3.00347
-1.47681
-3.36578
-4.57375
-4.44828
-2.75061
-4.2086
-4.6578
-4.61015
-5.08098
-4.46003
-1.10218
-4.00421
-1.45719
-3.19042
-4.70966
-4.06532
-4.35627
-4.12199
-3.92951
-0.563507
-4.85184
-1.77271
-4.69821
-2.06119
-1.80535
-4.45093
-3.47071
-1.35613
-4.73308
-1.92979
-4.73474
-1.42153
-2.29633
-4.28282
-3.99907
-4.37914
-4.58329
-1.43721
-4.26029
-3.97855
-4.59192
-4.24393
-1.67601
-2.81216
-1.50374
-4.27373
-3.98533
-2.42737
-4.40952
-4.74754
-2.11834
-3.54897
-6.05695
-4.45259
-3.19355
-2.10838
-3.60372
-4.50566
-5.03237
-4.53019
-4.56963
-1.68346
-0.215977
-3.99004
-4.41057
-4.49199
-5.42551
-4.02549
-4.60652
-4.27505
-3.43767
-5.18053
-2.06199
-4.28217
-5.03426
-0.864156
-4.49949
-1.56051
-2.90815
-2.88906
-2.21875
-4.97816
-1.93769
-3.33313
-4.18709
-4.24151
-0.641228
-4.68523
-1.94954
-3.63258
-4.32774
-4.38143
-2.21979
-4.26763
-1.79548
-4.43044
-4.68763
-4.21724
-3.0029
-4.52758
-5.02541
-4.52541
-1.8101
-4.56441
-4.86946
-0.305257
-3.10566
-0.49522
-3.17673
-4.60923
-4.25765
-1.06185
-5.3115
-4.37276
-1.75712
-0.542868
-4.1685
-2.31466
-3.1311
-0.192235
-4.81684
-5.95639
-0.614583
-1.15881
-0.955535
-0.655642
-4.06174
-4.39694
-4.76118
-0.799248
-2.0893
-1.42404
-4.44104
-4.55058
-0.15561
-3.26982
-3.65353
-4.68912
-4.64868
-1.86714
-0.453599
-2.53468
-1.54628
-5.37268
-4.29438
-4.55743
-0.78239
-0.70309
-3.02993
-1.56458
-2.20471
-4.74201
-2.33954
-4.2056
-0.627893
-0.826036
-4.49232
-1.05028
-1.17313
-4.59012
-1.23532
-3.29718
-3.25697
-4.11001
-2.24465
-4.35306
-4.10256
-4.69725
-0.814737
-4.584
-4.34844
-4.38707
-2.22067
-3.42333
-4.32392
-0.395087
-2.01903
-1.10079
-1.28066
-4.56769
-4.44929
-4.48337
-0.333315
-3.15105
-0.67558
-4.12318
-4.65252
-4.50899
-4.0573
-0.613544
-0.856175
-4.39673
-0.877345
-3.4187
-1.56919
-2.90686
-4.23213
-4.59727
-1.44025
-0.620004
-1.91433
-1.36214
-0.361572
-0.990667
-3.94726
-6.03543
-0.776905
-1.04518
-4.40267
-1.36273
-4.43229
-4.50814
-4.51599
-1.87678
-1.55872
-4.24166
-2.14719
-4.28849
-4.62531
-4.7999
-3.99457
-3.54737
-4.29024
-0.624439
-3.92551
-3.73252
-4.63692
-2.22919
-4.82997
-4.74518
-1.49822
-2.99184
-0.191783
-2.20031
-4.73162
-4.53973
-3.99724
-0.19051
-1.78915
-4.50155
-4.28676
-4.43588
-4.29224
-6.06639
-2.99848
-0.227911
-1.54862
-0.775044
-0.481417
-1.63725
-0.66027
-4.55821
-4.35878
-4.86726
-4.63091
-4.49315
-4.32372
-1.81785
-4.3335
-4.48
-1.56939
-4.33743
-4.28248
-3.98774
-3.51566
-4.71165
-1.67013
-3.43607
-1.32935
-4.26295
-2.88602
-3.57078
-3.88678
-4.59795
-4.45995
-4.69493
-4.91081
-4.55252
-3.47798
-4.87924
-0.525185
-4.58357
-0.622986
-4.85992
-2.48958
-4.33719
-5.90601
-5.05484
-4.60364
-4.27651
-4.475
-1.49939
-1.43647
-4.50474
-4.09969
-4.361
-0.812989
-0.857514
-0.771748
-4.66295
-4.51284
-4.7089
-4.34422
-4.23616
-4.99429
-4.32662
-1.62023
-4.25067
-1.18706
-4.26856
-0.704993
-4.46024
-4.38743
-1.66972
-4.66443
-4.08046
-4.22073
-4.73278
-1.13913
-4.35838
-4.66531
-1.47358
-2.89274
-5.03899
-4.28048
-4.87051
-1.84754
-0.65443
-1.19556
-0.89367
-5.3961
-4.33326
-3.51145
-4.29785
-1.74886
-0.946694
-4.68963
-2.07724
-2.93702
-4.89036
-4.5034
-0.818364
-3.00007
-4.31427
-0.939878
-4.77158
-0.333516
-4.84757
-4.05166
-1.44772
-1.7325
-4.53894
-4.70859
-1.34031
-4.38462
-2.25178
-0.091556
-4.29145
-4.22748
-1.63222
-4.6237
-0.694873
-4.21049
-1.23619
-4.44184
-4.27665
-3.45105
-4.276
-4.20513
-3.43935
-4.91725
-3.09966
-0.443166
-1.6527
-4.38175
-4.39267
-4.20281
-1.6057
-0.606819
-4.9744
-4.9034
-4.64651
-1.88005
-4.1763
-0.771664
-4.65657
-4.71082
-4.08451
-4.69571
-4.45426
-4.54724
-4.70543
-4.25437
-0.789471
-4.62391
-4.4467
-4.65157
-4.33375
-2.53831
-1.38382
-1.4517
-4.35796
-0.608279
-1.76179
-3.67255
-2.65701
-4.53463
-1.50511
-5.34228
-3.50935
-2.83302
-1.37462
-0.565043
-4.24674
-0.912531
-3.99832
-1.08374
-4.21839
-1.80387
-4.47498
-1.23619
-2.83868
-3.57358
-2.2695
-4.21904
-0.732149
-2.77808
-0.686733
-2.70212
-0.874682
-1.41754
-2.99101
-1.51806
-4.52417
-4.21204
-4.44113
-4.63682
-4.98731
-3.02578
-0.917669
-0.589686
-3.02857
-1.21355
-1.40334
-4.80954
-5.31223
-4.22513
-3.5074
-4.46261
-2.73345
-1.09435
-0.446943
-1.88909
-3.78532
-4.11848
-0.805553
-2.86353
-2.60995
-4.14027
-0.665403
-4.36584
-4.41792
-1.81478
-4.42335
-4.36147
-4.54192
-3.36188
-3.79027
-0.643939
-4.33317
-3.35204
-3.54796
-3.93337
-0.16458
-0.560245
-4.84609
-3.91029
-1.79967
-4.27302
-4.35389
-1.77814
-0.784209
-3.36143
-1.53245
-4.36446
-4.75068
-2.41396
-1.91109
-1.25663
-3.68479
-4.21449
-3.43536
-1.15101
-0.586092
-0.64217
-3.56656
-5.23565
-4.05738
-4.41718
-3.47594
-1.3609
-4.60144
-1.84207
-2.43872
-4.63852
-3.05613
-4.3441
-2.74782
-3.71646
-3.24398
-4.49966
-3.99815
-1.43103
-0.324811
-4.75312
-0.772633
-3.38665
-4.2724
-4.32758
-4.4254
-5.09389
-4.38121
-4.32437
-0.981233
-1.25581
-4.55418
-3.51085
-0.565469
-4.6455
-1.63054
-0.707161
-4.39485
-4.32774
-1.85496
-1.92997
-3.47563
-3.29682
-1.38673
-6.06307
-4.97641
-0.424959
-2.46981
-3.0343
-1.13797
-4.65945
-4.31825
-4.99847
-5.40022
-4.88254
-1.64602
-4.84569
-2.46179
-4.46204
-3.92362
-3.7773
-2.53356
-3.14029
-4.44591
-4.77672
-0.89272
-3.36314
-4.29895
-4.51811
-4.3497
-4.3178
-4.77945
-5.4338
-4.99582
-1.55449
-2.19068
-0.700191
-1.52707
-0.868603
-4.21078
-2.27824
-1.46677
-4.27974
-4.5358
-1.00766
-4.2037
-4.90269
-1.03495
-4.41904
-1.01106
-4.61348
-4.43597
-1.4548
-4.27256
-4.49417
-4.4421
-0.818701
-4.48199
-4.57359
-4.24482
-4.54781
-0.211791
-1.13599
-4.67005
-4.28864
-0.691195
-0.360869
-2.72985
-4.66103
-4.05134
-4.4196
-3.71614
-3.31267
-2.14197
-1.82723
-4.03919
-4.44983
-4.44173
-2.58993
-1.90153
-4.37445
-1.75709
-4.54789
-4.41384
-4.53104
-1.13476
-3.33871
-5.22995
-4.92096
-5.0299
-4.76189
-1.63016
-5.38179
-4.4216
-4.56273
-4.64093
-0.465563
-4.47766
-0.305425
-0.926467
-0.874807
-4.35488
-2.45187
-0.570892
-2.09503
-4.81961
-4.38088
-4.91691
-0.865337
-1.9028
-4.38005
-0.120705
-2.31738
-4.17022
-4.36632
-4.1786
-1.89686
-4.08519
-4.2682
-4.3007
-4.12402
-3.05058
-4.52905
-4.21138
-4.53456
-0.460292
-1.58403
-3.91543
-3.44118
-0.677697
-4.28732
-1.95119
-0.30591
-4.07202
-0.598752
-4.77418
-4.42776
-4.49504
-3.50219
-4.45512
-4.43818
-4.4774
-0.698311
-0.763337
-0.0358471
-5.25966
-0.315372
-4.28337
-4.48801
-0.422605
-4.64987
-0.771456
-4.48679
-4.3354
-0.674523
-2.75545
-1.74319
-4.65688
-1.0293
-3.9516
-1.53635
-4.33426
-5.05335
-0.247706
-4.21393
-0.147853
-4.27302
-2.97209
-3.62128
-2.97986
-4.27612
-0.983439
-4.27891
-4.66779
-4.99152
-2.19649
-2.37105
-2.37356
-1.71677
-1.14295
-4.269
-0.680905
-1.96312
-4.60846
-0.6184
-4.52698
-4.33093
-2.07292
-4.46271
-4.84845
-1.12144
-4.7043
-4.20311
-4.54464
-4.44832
-2.10627
-1.64101
-3.99486
-4.23891
-3.94928
-3.40098
-4.45471
-2.94449
-4.43597
-4.08242
-0.369717
-1.19536
-0.8075
-1.59925
-5.02652
-4.31701
-4.2953
-1.31596
-4.87173
-2.11619
-5.36634
-4.7275
-1.66148
-2.17497
-4.89413
-4.89089
-4.54792
-4.111
-4.27253
-0.669891
-4.65019
-0.668928
-4.76567
-1.58914
-4.4608
-1.57564
-1.0556
-5.92911
-4.44973
-4.39535
-1.92482
-0.457862
-1.2901
-2.83372
-0.136246
-0.483181
-1.82385
-3.3066
-4.37963
-1.74871
-4.58871
-4.26545
-3.40986
-0.925458
-4.34036
-5.3476
-0.639379
-1.80303
-4.27723
-1.7569
-3.24054
-3.95466
-3.54266
-4.26686
-1.34284
-3.20111
-6.05098
-0.765684
-0.175809
-4.50374
-2.29401
-4.46149
-0.903729
-4.64423
-2.5841
-4.46025
-4.61981
-0.989315
-2.08314
-4.12123
-4.3478
-4.34543
-4.45281
-4.47306
-4.38069
-4.54385
-2.12587
-0.723892
-1.55323
-3.17449
-4.42085
-4.86352
-0.375194
-2.25398
-4.40283
-4.85248
-4.33792
-4.32376
-4.11449
-4.5385
-4.45305
-4.32224
-4.58843
-4.55016
-0.733478
-4.47447
-4.53704
-2.99749
-1.92735
-4.47277
-4.37235
-3.40835
-1.83669
-1.80987
-4.63769
-0.58168
-0.887177
-5.22943
-1.78643
-4.47373
-5.25788
-4.27569
-4.89332
-3.10588
-4.39081
-5.16409
-5.31577
-4.63123
-0.25796
-4.42308
-4.57657
-4.39184
-1.09762
-0.989409
-4.1463
-4.37127
-2.03769
-4.48222
-1.13656
-1.78905
-0.905137
-4.80786
-1.21217
-1.30948
-0.838018
-4.63844
-2.23239
-5.27549
-3.98268
-1.21745
-4.33579
-4.94723
-4.42921
-1.00346
-4.4244
-4.43808
-4.14499
-1.58994
-4.63372
-3.05449
-4.95449
-4.27582
-1.89867
-1.46534
-4.22428
-3.44213
-4.54296
-0.0958065
-0.483276
-1.44676
-4.44323
-4.44902
-4.52973
-2.87399
-0.807895
-3.82942
-0.676206
-4.8352
-4.29152
-4.87739
-1.50264
-1.24749
-4.45582
-3.53903
-4.15389
-4.31791
-1.38496
-4.41051
-4.54131
-4.39803
-4.6305
-4.44273
-2.87167
-1.98853
-2.78385
-4.54758
-4.61026
-4.63102
-3.70507
-4.20201
-4.33452
-4.93912
-4.36728
-2.2145
-1.20315
-4.46684
-3.32865
-4.81355
-4.41645
-3.37533
-4.08986
-1.0568
-4.52823
-1.9208
-2.15179
-4.10257
-5.01361
-4.44445
-3.05173
-3.9844
-4.54228
-0.751344
-0.757371
-1.75305
-4.4007
-4.29458
-4.46461
-1.80064
-4.81918
-3.19498
-2.10456
-4.72626
-1.0326
-0.7528
-3.28031
-5.12126
-4.42668
-2.05427
-4.46508
-3.10684
-1.35301
-4.15247
-4.89467
-4.35956
-4.54458
-3.15937
-4.82417
-1.50804
-0.214523
-2.74829
-3.03327
-4.47942
-3.86985
-5.16743
-4.31379
-0.274252
-4.46696
-1.79263
-2.04618
-4.72434
-4.06414
-4.44836
-1.53608
-0.906569
-5.05935
-4.66079
-1.63678
-4.24583
-1.60128
-1.37287
-5.04306
-4.24372
-1.76157
-4.68604
-4.42143
-4.37496
-3.07512
-1.3132
-1.65071
-4.48484
-4.57545
-4.29152
-3.77936
-1.24411
-4.44921
-4.61426
-4.28957
-1.53502
-4.25703
-4.15514
-1.54282
-4.41589
-4.50838
-0.937615
-5.07208
-4.67223
-4.72837
-5.11234
-1.59426
-4.62908
-2.8596
-4.32069
-4.46504
-0.561021
-4.42692
-4.84867
-0.923881
-1.61145
-4.47235
-4.27137
-0.693775
-1.16735
-1.50762
-4.52754
-1.24748
-0.0849519
-3.99186
-0.700952
-2.43962
-4.62918
-5.01708
-1.18674
-2.7776
-2.06302
-4.35812
-3.77063
-1.77283
-4.85028
-4.32983
-4.42436
-2.7343
-1.54986
-4.827
-4.34701
-4.44321
-3.41615
-4.29281
-4.32146
-4.23121
-1.17714
-4.16933
-4.33967
-6.00302
-2.36142
-4.46577
-1.58157
-4.06958
-2.60163
-4.70991
-4.23462
-3.9904
-4.99357
-3.97455
-1.45798
-3.33799
-4.4636
-4.435
-0.666569
-4.41663
-4.40873
-4.15344
-4.13909
-1.50662
-3.79249
-1.39384
-4.55107
-0.528643
-4.39231
-1.52859
-5.57248
-4.46691
-2.82525
-1.72877
-1.41264
-1.79574
-3.30125
-4.27211
-1.63466
-2.04434
-4.80858
-4.43121
-4.27182
-1.4273
-4.11336
-4.26595
-2.00102
-4.47405
-1.21213
-4.1157
-0.834104
-2.70575
-0.889657
-4.36588
-4.26918
-4.18929
-3.17049
-4.53719
-0.392217
-4.26351
-4.28497
-2.07305
-4.50485
-3.91368
-4.48331
-3.28726
-4.59201
-2.77533
-5.10835
-5.00887
-3.29035
-1.83044
-1.44476
-1.01209
-1.89508
-0.660995
-4.72546
-5.15106
-1.44418
-4.48517
-1.72112
-2.54795
-3.14908
-3.99215
-1.01605
-2.85447
-4.48673
-4.57263
-4.34896
-4.58447
-0.961461
-0.741806
-4.62802
-4.63712
-4.28161
-4.87325
-4.03167
-2.79355
-4.25961
-3.90412
-4.25271
-4.4103
-4.37218
-3.22905
-4.48167
-4.36424
-4.56298
-1.48342
-4.21343
-3.58455
-0.569697
-1.75253
-4.36369
-5.29408
-4.31496
-4.62744
-5.45816
-4.85769
-5.29172
-4.64567
-4.06499
-1.1895
-2.23766
-5.21941
-1.03008
-3.30518
-4.76015
-0.666053
-4.51203
-4.31397
-0.526782
-4.71935
-4.47381
-0.0850911
-2.50259
-4.5825
-4.80323
-4.53701
-4.29837
-1.62501
-4.44763
-0.888108
-4.65876
-0.346829
-4.44511
-3.33712
-4.1465
-4.53085
-1.34462
-2.09841
-2.86673
-3.78739
-1.92164
-2.8236
-5.50351
-0.316709
-3.01172
-5.2592
-4.38638
-4.64029
-4.28333
-4.06877
-4.4973
-1.31319
-4.44976
-1.57224
-2.99879
-4.2656
-4.54222
-3.26482
-3.16143
-4.43371
-4.354
-4.41748
-4.19118
-4.52515
-4.38588
-4.34492
-2.16417
-4.58031
-4.68723
-0.756781
-4.57382
-5.01108
-3.97922
-1.89731
-4.41138
-4.61081
-1.54195
-1.6171
-4.72879
-3.25968
-4.49765
-0.311818
-1.35721
-4.45269
-0.55312
-4.86256
-4.40825
-4.8101
-1.04592
-3.09187
-4.64265
-4.32194
-1.59697
-4.53675
-4.44722
-0.351101
-1.96887
-1.18034
-1.90278
-0.508515
-1.98074
-4.60402
-1.95684
-3.40736
-1.77991
-1.03878
-0.666645
-5.75198
-3.20451
-6.03524
-4.43683
-0.759818
-1.19405
-0.437119
-4.68062
-4.25747
-4.47401
-4.34386
-4.74287
-3.85613
-1.41166
-3.33951
-4.7851
-4.43338
-4.06582
-4.86055
-2.88401
-4.40757
-4.22163
-4.85841
-4.45115
-4.62246
-4.49165
-5.35383
-0.0188183
-1.45839
-0.839796
-4.9168
-4.47728
-2.67972
-4.35001
-4.90048
-1.35633
-5.88715
-1.14201
-1.39093
-2.93345
-1.92484
-4.41405
-1.95748
-4.83373
-4.32269
-0.850889
-4.5245
-0.778252
-3.08888
-4.9827
-4.46699
-4.21005
-0.505877
-1.36606
-1.77186
-4.35346
-0.598216
-1.59929
-4.16571
-0.922424
-4.24721
-3.39603
-0.466099
-0.827391
-4.43313
-4.18985
-4.3645
-4.34926
-4.88006
-4.84058
-0.490026
-1.58531
-2.83317
-4.61351
-5.78422
-4.15522
-3.85278
-5.6412
-0.41079
-4.32107
-4.14013
-4.43965
-2.27959
-2.30924
-3.40736
-4.29994
-4.43997
-1.45321
-3.95041
-4.7754
-1.75611
-2.19005
-0.524558
-5.23362
-3.27031
-0.0235633
-3.27274
-4.52674
-4.89774
-0.503051
-0.813373
-4.25883
-2.84854
-2.08241
-1.32527
-1.16897
-4.39467
-2.0816
-1.65886
-3.83497
-0.68375
-4.64565
-3.12214
-4.39277
-0.0604089
-4.26044
-4.43694
-2.7652
-0.160616
-4.41437
-4.53697
-4.47338
-4.94741
-4.71688
-5.46029
-4.50202
-1.25359
-1.90526
-0.0381651
-0.806117
-4.35579
-4.74282
-1.80062
-0.830767
-1.58396
-4.46411
-4.40976
-4.41457
-0.445282
-4.49638
-4.70451
-4.27788
-4.79974
-2.05875
-4.69322
-1.52227
-2.62045
-2.2542
-4.71057
-3.85671
-1.35258
-1.77082
-4.42977
-5.07952
-2.12411
-5.12561
-4.71086
-0.541775
-4.51932
-2.87204
-1.44589
-3.05357
-0.665225
-1.58315
-4.19833
-1.04107
-2.94015
-4.65219
-1.235
-4.86427
-5.32003
-0.638929
-1.43761
-4.26037
-6.02673
-4.4701
-0.888078
-1.54289
-2.8011
-1.68846
-1.24396
-4.72322
-0.625009
-4.14408
-1.72946
-1.8587
-2.18034
-4.4275
-4.54298
-1.64602
-0.196446
-5.0594
-4.6441
-1.95723
-4.53692
-1.62364
-1.93585
-3.90321
-4.19635
-1.51693
-4.7743
-1.43805
-4.54354
-5.00155
-4.48053
-4.3388
-4.61009
-4.66419
-1.40371
-4.5373
-5.13519
-1.56419
-4.65839
-4.53815
-4.37944
-4.7341
-4.49669
-1.48874
-1.8418
-4.57906
-4.68756
-0.557479
-4.65165
-4.47288
-0.435447
-4.74412
-4.25331
-4.396
-4.26071
-2.57601
-2.06636
-3.13551
-4.75279
-4.73253
-4.70027
-5.42193
-5.01254
-4.59118
-1.73985
-1.6773
-4.46269
-4.78113
-1.76749
-4.46715
-0.273227
-0.49342
-1.82516
-1.45399
-4.44757
-4.72781
-4.51999
-1.12823
-3.10941
-4.41932
-4.51843
-1.23945
-4.52027
-4.28769
-4.41737
-4.37094
-0.437369
-4.53051
-4.47123
-5.0668
-1.54055
-2.08051
-4.38925
-3.61073
-1.74201
-0.761213
-4.79474
-4.59089
-4.85068
-4.36783
-4.75068
-4.8857
-0.718921
-2.87212
-1.67135
-4.3901
-4.348
-1.22818
-0.681491
-2.28015
-0.912184
-1.63834
-4.30324
-0.408933
-4.28692
-4.32426
-0.801182
-1.45554
-1.27649
-0.295145
-1.10368
-5.09959
-3.83025
-4.48771
-4.98106
-3.25274
-3.72372
-4.35725
-2.55491
-3.85923
-0.866437
-3.2407
-4.42057
-1.49955
-2.58489
-0.283502
-1.33369
-4.00482
-1.46625
-4.34014
-3.1517
-4.31577
-3.04337
-4.45386
-2.55261
-1.67643
-3.26037
-3.98222
-4.3877
-4.70352
-4.65559
-3.96722
-1.16224
-1.74875
-3.31537
-4.15027
-2.43972
-4.7877
-1.44312
-2.15992
-0.72167
-4.59424
-4.23617
-4.57506
-1.12272
-4.39584
-4.74888
-4.26347
-0.661465
-1.70429
-1.91939
-4.19869
-4.28658
-4.48051
-0.83801
-0.945352
-4.32897
-2.78475
-3.22265
-4.30999
-4.36786
-0.677402
-1.53335
-3.11749
-4.2194
-4.04489
-4.75059
-2.25147
-4.76922
-4.64318
-4.34453
-4.36378
-4.81984
-4.28838
-0.0480897
-5.32147
-2.6683
-3.30603
-1.19844
-2.14499
-3.94289
-4.56973
-4.23402
-4.05343
-4.3947
-1.94018
-2.80617
-4.14054
-3.10653
-3.99893
-4.39959
-0.782323
-4.25871
-4.77572
-4.30431
-0.344763
-3.01805
-2.02856
-3.97543
-1.37636
-5.89424
-0.8158
-4.38349
-4.58876
-5.84589
-5.09811
-4.91106
-3.61276
-1.72504
-4.77469
-1.20705
-1.93659
-4.43405
-1.55751
-0.874065
-3.21
-4.4684
-4.38081
-2.9531
-4.27414
-4.27352
-4.67133
-0.66361
-4.61346
-0.536322
-1.82971
-4.19533
-3.82591
-4.4519
-4.27733
-1.20057
-3.23925
-1.71932
-4.32657
-0.591798
-4.43782
-3.0291
-4.40332
-1.20902
-0.960223
-1.10898
-4.80257
-4.53702
-1.41148
-4.5531
-3.9145
-0.630829
-4.5426
-1.66675
-1.93959
-3.99157
-1.81655
-4.31592
-4.66917
-1.81504
-3.28849
-4.7173
-2.71113
-3.09737
-2.99637
-4.86146
-0.485436
-3.89882
-4.67969
-4.60301
-4.48971
-4.40373
-2.99356
-4.15145
-3.23574
-2.8732
-1.64526
-2.78766
-2.85105
-4.48644
-2.89696
-4.6639
-0.927683
-4.57043
-3.98657
-3.96445
-4.50866
-1.75593
-4.27139
-5.05292
-1.21051
-1.5706
-1.45336
-5.79262
-4.70889
-2.16394
-3.37944
-4.22443
-4.30611
-0.888468
-4.65007
-0.844011
-4.45408
-0.0929291
-4.09064
-4.27437
-1.43722
-0.911806
-2.19764
-4.50085
-4.43408
-5.35719
-1.3785
-0.680788
-4.56109
-5.03053
-0.658123
-4.53988
-4.0937
-1.59806
-4.46492
-1.66021
-0.66692
-2.06046
-4.29793
-4.47063
-4.47383
-0.152315
-1.05947
-4.39117
-5.03551
-2.11208
-1.49329
-1.73765
-0.256179
-0.820003
-3.25097
-4.47362
-5.44121
-1.39411
-1.79577
-4.42603
-2.93647
-1.14531
-0.599273
-0.30278
-2.87522
-0.644795
-1.63979
-4.26815
-4.59165
-4.297
-4.48671
-6.00451
-4.24378
-2.23672
-2.8608
-4.17752
-4.40284
-1.89751
-4.45347
-5.04179
-1.73823
-0.417702
-1.85499
-0.749728
-4.79268
-1.35973
-4.42301
-2.08771
-4.53944
-3.10249
-4.41181
-4.85962
-4.58148
-4.53002
-2.6816
-4.73344
-1.54728
-0.689004
-4.53814
-3.84257
-4.70389
-4.39762
-1.13911
-1.42046
-1.2386
-2.95727
-1.41778
-1.51235
-0.983685
-1.10837
-1.69478
-1.71652
-3.0664
-1.44964
-3.691
-4.12344
-0.269719
-1.70921
-1.61862
-4.43643
-0.203164
-2.13287
-4.66416
-4.43437
-1.73093
-4.52104
-2.75715
-0.637668
-3.24234
-4.4669
-4.41475
-0.641378
-1.15569
-3.28699
-3.24981
-2.96616
-4.10016
-4.42689
-3.85793
-3.97767
-4.46833
-0.974326
-0.597524
-2.00033
-0.908008
-0.666802
-0.862473
-4.74442
-1.49893
-4.32065
-4.43506
-4.24949
-0.821293
-4.39213
-3.81233
-4.44663
-1.80399
-4.61022
-1.05553
-1.52531
-4.2761
-4.05458
-1.20184
-2.82174
-4.2233
-4.08874
-4.89932
-4.30698
-3.54772
-4.48374
-4.25147
-1.87602
-5.35932
-2.952
-1.05888
-2.38993
-4.54085
-3.20871
-4.46143
-3.54927
-2.97899
-0.784963
-1.03973
-2.29495
-4.55662
-4.46863
-5.57192
-3.37622
-4.32381
-3.85215
-3.86349
-3.22037
-4.39844
-4.45815
-4.64312
-4.22866
-4.82895
-3.16664
-2.81004
-4.26952
-4.47901
-1.92561
-0.174491
-4.24568
-4.29681
-4.45466
-3.54703
-2.67587
-4.4921
-4.58883
-4.30973
-3.99745
-0.850845
-3.23827
-0.546104
-4.53109
-1.40195
-4.4783
-2.72434
-4.56367
-1.63329
-0.793215
-3.21331
-4.48387
-1.79174
-2.77774
-4.54429
-1.77771
-2.87246
-4.67863
-3.54089
-4.91933
-4.2503
-1.02729
-4.65259
-0.307819
-1.84768
-1.36804
-2.49626
-4.57418
-4.27932
-2.43171
-4.44815
-4.25647
-2.35354
-4.19228
-2.93989
-4.68786
-4.32563
-4.03481
-4.86629
-4.3478
-2.83085
-3.10488
-1.44934
-3.8397
-3.82805
-3.02354
-3.09973
-3.34158
-4.45506
-4.80029
-1.81001
-2.85107
-4.67713
-1.73513
-0.617261
-4.55003
-4.53015
-0.594288
-3.24656
-0.33854
-1.9364
-4.53068
-4.05829
-1.07657
-5.33688
-4.51291
-5.07835
-3.43775
-4.43245
-0.333801
-4.43675
-0.950781
-4.71054
-4.28524
-2.94967
-0.388267
-2.7987
-0.901097
-2.19706
-4.24329
-1.12298
-3.90103
-4.60168
-3.30744
-4.07283
-0.0751118
-1.57143
-3.97285
-2.813
-2.13669
-4.18903
-1.4891
-1.76566
-3.04899
-4.27092
-4.74532
-4.72016
-0.992031
-3.81588
-1.56316
-2.08812
-4.81311
-3.06155
-2.82696
-4.0264
-5.07547
-4.80198
-4.43609
-1.06682
-2.57715
-3.18082
-4.74515
-4.23339
-4.70498
-4.60541
-2.46778
-0.661971
-4.34056
-4.17264
-4.00222
-4.5257
-4.74011
-0.806019
-1.99877
-3.56784
-0.564367
-5.06155
-0.129074
-4.65778
-2.34015
-1.29713
-4.80439
-3.60668
-4.22079
-4.61986
-4.38867
-1.78014
-2.45047
-4.66172
-5.0413
-1.70957
-0.75301
-1.35956
-0.727669
-4.5855
-4.46519
-4.53145
-0.672665
-1.31742
-3.15119
-1.00449
-0.100762
-1.22604
-2.98056
-0.528601
-0.412202
-0.186566
-0.654961
-4.44912
-4.42147
-4.65015
-0.913504
-1.75464
-3.16751
-2.38374
-3.495
-4.43627
-3.51361
-5.02862
-4.03119
-1.77669
-5.57884
-4.55652
-3.70051
-2.03033
-4.78445
-4.8154
-2.98051
-0.554126
-1.93216
-4.20328
-1.48571
-1.18958
-4.42856
-4.2967
-1.24316
-0.634656
-4.58804
-1.69734
-1.04321
-4.43571
-4.43725
-0.939925
-4.52647
-3.30576
-0.543319
-2.02437
-3.80207
-4.23213
-4.43507
-1.77462
-4.26799
-5.53102
-4.93838
-3.03456
-0.302174
-3.64606
-4.30789
-4.61562
-2.08712
-5.07054
-2.37155
-2.08928
-1.71195
-0.535991
-4.44729
-1.79953
-1.26689
-4.54046
-0.355549
-3.67817
-5.32016
-2.08479
-0.53702
-2.78823
-3.91108
-4.39109
-2.4804
-1.07627
-4.45477
-1.10181
-1.13721
-4.42832
-4.33887
-3.38879
-3.44722
-4.08339
-4.32254
-2.02129
-3.48765
-4.62703
-4.53935
-4.28021
-4.63196
-2.94565
-4.30619
-4.35669
-0.312867
-0.347898
-4.25538
-3.418
-2.87154
-4.63107
-0.593412
-4.64963
-1.36698
-1.0102
-3.26105
-4.48837
-4.0926
-0.873313
-4.67863
-3.32988
-2.96062
-2.54444
-4.79837
-4.54647
-2.66876
-5.12309
-2.94327
-4.35352
-4.07152
-4.32723
-4.33998
-1.72344
-4.60282
-3.17895
-5.06521
-0.858165
-2.93165
-2.31389
-4.58747
-3.36076
-0.298803
-4.31472
-3.15424
-4.40284
-4.42127
-1.3397
-3.1387
-2.44487
-4.45171
-4.22545
-4.29547
-4.74636
-4.19634
-1.93186
-4.54794
-4.34371
-4.82572
-3.20766
-4.83101
-2.99835
-1.12895
-0.870591
-3.93605
-5.6156
-4.83388
-0.76665
-4.323
-2.60037
-4.83197
-0.593767
-4.32466
-2.8783
-4.20985
-4.03411
-4.87992
-3.53657
-3.18622
-4.30128
-3.20371
-3.22882
-1.23233
-0.353154
-2.85431
-4.99568
-1.00058
-4.27645
-4.29183
-1.04704
-0.785598
-4.5269
-5.85854
-2.96604
-4.51492
-2.99332
-4.44897
-4.33133
-4.98265
-2.89881
-3.09274
-4.18902
-2.92273
-4.30865
-4.37712
-4.78653
-6.01258
-4.61112
-1.95613
-3.97898
-4.00332
-4.27314
-3.8056
-3.11492
-4.93475
-2.87249
-4.30489
-0.998392
-3.01593
-1.38645
-2.08056
-1.68724
-4.63583
-1.03095
-3.31471
-4.32843
-4.32405
-4.39154
-3.16695
-3.18992
-2.01424
-3.06379
-4.62618
-1.87959
-4.64061
-4.67479
-5.48956
-4.25219
-2.97936
-3.77174
-4.87389
-4.52791
-4.42997
-3.09061
-1.22791
-4.51692
-4.51009
-3.04192
-3.14304
-4.67222
-4.72784
-1.22013
-4.43959
-4.65108
-1.47259
-1.1192
-0.582442
-2.12431
-0.678899
-1.20748
-1.49612
-0.930708
-4.47651
-1.85505
-4.55785
-2.07906
-0.527736
-1.56655
-0.592469
-4.07353
-0.76193
-1.64695
-0.657025
-3.6514
-2.65777
-4.46561
-4.49915
-1.57481
-1.53519
-2.61789
-4.4112
-4.7848
-4.62782
-5.08704
-0.0651439
-0.572454
-4.53708
-1.29988
-4.36267
-4.51137
-0.562287
-3.26944
-4.54965
-1.19132
-4.4614
-4.25515
-0.754724
-0.26428
-4.24994
-4.47719
-0.799308
-2.02741
-1.09315
-2.11232
-1.45882
-4.56641
-3.55444
-3.48418
-2.6018
-3.26407
-0.178078
-4.36078
-4.35855
-3.15418
-0.746986
-4.38803
-2.08724
-4.23279
-4.29736
-3.29442
-1.20049
-2.0361
-3.18566
-0.556769
-3.79298
-1.32944
-2.96018
-4.36368
-1.62425
-3.25012
-1.45974
-4.71483
-0.948653
-4.46157
-1.80532
-0.761285
-4.35171
-4.52296
-1.65807
-4.48041
-0.533437
-2.79377
-4.35581
-0.296742
-1.61968
-4.60295
-4.88478
-4.53234
-1.75294
-1.89284
-4.44587
-4.59787
-4.77825
-2.39978
-3.20157
-2.00357
-1.54116
-2.03313
-2.67697
-4.27308
-1.08024
-2.20869
-3.7773
-4.4866
-2.64955
-2.87025
-4.46445
-4.53913
-1.68489
-2.02107
-4.18443
-4.70745
-4.58171
-4.22855
-4.27153
-4.85146
-2.47476
-2.6379
-1.4692
-0.67549
-3.13264
-3.90125
-0.955436
-2.50765
-4.16764
-4.39298
-0.170954
-2.81959
-5.06097
-4.40747
-0.919065
-4.89556
-5.34129
-1.74661
-3.53783
-4.31504
-2.08395
-4.344
-4.31513
-3.30535
-4.1809
-4.48554
-4.47201
-4.46182
-2.25469
-0.487264
-1.79452
-4.34988
-4.53567
-5.08716
-4.27191
-1.08753
-1.911
-4.44137
-4.4716
-2.35597
-1.81851
-0.677473
-1.53854
-0.590923
-4.61293
-0.627064
-2.89991
-4.23416
-4.4439
-1.32011
-2.02541
-3.94013
-2.86823
-1.50404
-5.15104
-4.3507
-1.25876
-3.48687
-0.866254
-2.40831
-4.37095
-0.768355
-4.76281
-1.18938
-4.59718
-4.63392
-4.43428
-4.57099
-2.86684
-4.50808
-4.29611
-0.629887
-3.89915
-4.39823
-0.671598
-4.70886
-2.74169
-2.26825
-1.85969
-1.17092
-1.92156
-2.9479
-1.16974
-1.8372
-0.686324
-4.27561
-1.32322
-3.16944
-1.40957
-4.60102
-1.80101
-4.50824
-1.30422
-1.73514
-0.864435
-1.5908
-4.55389
-4.55842
-4.44415
-4.60021
-2.30744
-4.18356
-1.61462
-1.59236
-4.43505
-2.02304
-4.6117
-4.07652
-3.18916
-2.78297
-0.664315
-0.558226
-3.31713
-4.71208
-4.62174
-3.13804
-3.04692
-4.47025
-1.18241
-2.67342
-1.16373
-4.54065
-2.08615
-4.58882
-0.685942
-1.77072
-4.35139
-4.20697
-1.47979
-3.90302
-4.46837
-4.54271
-5.29188
-2.68902
-0.983703
-4.37793
-1.05313
-4.46272
-0.285201
-4.47645
-1.08507
-2.18135
-4.20782
-1.54918
-2.29747
-1.68056
-0.596801
-5.20689
-4.48248
-4.27234
-2.25903
-4.50676
-2.35659
-4.86557
-4.78428
-2.72155
-3.49729
-5.37719
-4.61362
-2.98663
-5.79359
-4.37503
-1.21941
-0.641979
-0.89403
-4.29461
-1.96752
-4.51951
-2.08289
-0.930197
-1.23153
-4.38308
-0.596859
-4.46467
-1.39852
-1.91391
-4.53319
-1.66723
-1.66839
-2.94185
-4.82389
-2.90459
-4.52267
-2.86448
-4.65711
-0.808346
-0.15672
-4.58235
-4.5198
-3.29752
-4.49104
-5.73655
-4.42341
-5.6749
-0.552334
-5.0375
-1.83833
-1.59655
-3.16999
-4.39346
-4.48411
-4.64161
-4.46151
-4.0946
-2.59657
-4.26202
-2.33053
-0.857888
-4.27442
-3.34618
-1.18508
-4.21128
-4.6174
-5.04789
-4.93186
-4.73421
-4.19323
-4.26495
-2.77233
-1.89435
-5.07361
-1.44272
-4.27773
-3.15491
-2.82707
-0.536907
-4.49717
-4.6139
-4.28795
-4.55016
-1.4378
-4.6281
-4.46969
-4.59301
-4.58032
-4.59893
-2.3837
-0.228027
-4.36948
-3.17271
-4.47924
-1.69012
-0.929463
-0.587524
-3.19451
-4.61168
-4.29537
-1.22977
-4.71589
-4.30491
-0.727476
-1.74299
-3.3445
-4.37104
-4.50893
-1.48369
-4.71352
-1.63608
-2.02488
-3.13818
-4.45686
-4.60549
-3.33511
-1.52527
-2.64947
-3.07839
-1.36024
-4.49263
-2.95933
-6.0376
-5.8959
-4.3523
-4.14763
-2.89635
-4.74711
-1.85784
-2.91864
-1.88921
-3.72355
-1.07734
-4.64444
-1.9934
-2.08394
-1.21262
-3.31164
-1.38862
-2.82537
-5.62719
-0.543815
-3.2382
-0.94114
-1.67674
-0.797411
-0.736684
-5.20943
-4.47303
-4.47748
-4.09667
-4.40209
-1.42551
-0.675166
-1.88135
-4.66246
-4.346
-2.79046
-4.29388
-4.81966
-2.50147
-4.11041
-1.66125
-4.4666
-4.68202
-4.24353
-0.0608317
-1.86648
-0.811121
-4.35186
-4.27193
-2.19229
-4.32485
-0.327375
-0.899945
-4.06328
-3.27747
-4.6016
-4.50332
-1.98537
-2.02873
-4.87195
-4.27044
-5.13647
-4.61285
-4.0713
-4.29857
-4.72872
-0.627725
-4.27622
-2.75696
-3.12152
-4.29975
-2.97894
-4.19398
-4.53641
-2.3591
-3.37275
-4.33178
-4.59274
-1.60154
-1.92325
-0.717845
-1.87456
-4.39338
-3.12366
-4.72659
-4.35562
-2.20978
-3.0655
-4.34646
-1.60438
-1.85115
-4.9004
-4.40505
-0.562158
-1.66685
-4.74582
-2.61114
-4.34628
-4.81269
-1.89008
-4.2069
-2.75707
-4.80835
-1.67183
-4.12112
-1.6058
-1.69085
-2.85728
-3.11251
-3.25469
-3.07681
-4.43959
-1.86586
-4.47347
-4.64153
-4.46647
-1.8833
-4.63792
-0.307817
-3.1273
-1.42643
-2.93109
-1.44844
-4.88334
-4.65679
-4.54847
-2.1162
-4.51319
-4.39391
-4.41398
-2.01977
-1.6041
-4.5468
-4.23939
-2.81056
-2.03723
-3.49102
-4.1805
-4.37242
-0.766827
-1.73591
-4.69443
-1.02599
-1.48316
-4.44
-4.04685
-4.33841
-1.93748
-0.249747
-1.07711
-0.143725
-4.39178
-4.32857
-4.77881
-0.595908
-4.95778
-4.37926
-4.20684
-1.85939
-4.46189
-1.19475
-1.79334
-3.27508
-4.51703
-1.86868
-0.352014
-4.51367
-4.52942
-4.26916
-0.596605
-2.72272
-4.25657
-4.18761
-1.81068
-3.23543
-0.629048
-4.57956
-5.28733
-2.61705
-4.40671
-0.726313
-4.07462
-4.55235
-1.57173
-4.7955
-4.88435
-2.60851
-1.81012
-1.62943
-4.49778
-3.7385
-4.29723
-1.35209
-1.529
-4.07884
-4.46173
-3.27568
-1.86199
-1.63353
-4.772
-1.51062
-0.674824
-1.00732
-0.228592
-1.87411
-1.02559
-1.94177
-4.92507
-1.64559
-3.11322
-4.31884
-1.52118
-2.40545
-2.00395
-3.28188
-2.94613
-2.68119
-4.71869
-3.89617
-4.85176
-4.33231
-4.55765
-2.07155
-4.64125
-1.98681
-2.07748
-5.05678
-4.57403
-0.700699
-1.34574
-4.48814
-4.32942
-4.36167
-1.04485
-4.43222
-2.83935
-1.88838
-1.64594
-4.70515
-4.24424
-2.07791
-4.28233
-3.05471
-1.85337
-2.68319
-2.19258
-1.61197
-1.86958
-5.27587
-5.29566
-5.2875
-4.08501
-0.478885
-2.559
-1.30692
-1.3496
-0.179355
-4.0149
-4.24103
-4.43629
-4.55079
-4.7021
-1.19803
-4.11214
-4.22423
-1.84032
-3.15109
-1.63288
-1.08255
-0.00437302
-1.94716
-4.35836
-1.87703
-0.577869
-4.55459
-3.91765
-0.921276
-4.78968
-0.531517
-3.20021
-4.5253
-2.57586
-0.124974
-4.56838
-2.06379
-2.49383
-2.97837
-4.03081
-1.59882
-0.707253
-4.30976
-1.50603
-3.87265
-5.26487
-0.317071
-4.51267
-0.292629
-0.640749
-4.17956
-1.14673
-4.35126
-1.84121
-4.18912
-4.70829
-2.70509
-0.718588
-3.28873
-2.6857
-1.03501
-4.8828
-3.18443
-0.634775
-2.51929
-2.78869
-2.54662
-1.86727
-5.46579
-4.94835
-2.7888
-2.88208
-2.72669
-5.0705
-0.788457
-1.21494
-5.03269
-5.5651
-1.77417
-3.06908
-1.92816
-0.614811
-2.77566
-4.43336
-0.858873
-1.88284
-4.29474
-4.43185
-3.82493
-3.14323
-1.19602
-1.6831
-2.95309
-3.29095
-3.08418
-4.43442
-1.04697
-4.25143
-4.58804
-1.85973
-3.87314
-1.84427
-4.38979
-4.25318
-3.05345
-1.87617
-4.54085
-5.31819
-2.69278
-1.31111
-1.91655
-2.90417
-1.0828
-2.92136
-1.09455
-1.51385
-4.71405
-3.16798
-4.47767
-1.92707
-4.39232
-5.93787
-4.41569
-2.58898
-0.63733
-3.24398
-4.84469
-4.52014
-1.52348
-4.3666
-0.244068
-5.31361
-4.5456
-1.35844
-4.89264
-2.24943
-4.83428
-4.38398
-0.560349
-5.25672
-1.88048
-1.92294
-3.40013
-1.83354
-4.2767
-1.80635
-4.43127
-1.95385
-2.72163
-5.12468
-4.41775
-4.85706
-1.02995
-0.591479
-0.647179
-3.05847
-4.94014
-2.28164
-5.84712
-3.05781
-1.85089
-5.58294
-4.74241
-0.599343
-5.04936
-1.94447
-4.32739
-4.43458
-4.2482
-4.24597
-0.29923
-2.17154
-2.73799
-1.37236
-4.36342
-0.153959
-4.51914
-2.31919
-4.70313
-4.46241
-4.35278
-0.897929
-2.14176
-4.27824
-4.70536
-3.05619
-4.54204
-0.956417
-1.96194
-3.11568
-4.63997
-4.41548
-4.56161
-4.9002
-4.54631
-2.96794
-3.0434
-1.56069
-0.535612
-4.38038
-1.34332
-4.83269
-1.62412
-1.1416
-4.54557
-0.508508
-5.03311
-1.01978
-3.732
-2.10604
-4.71883
-3.26837
-2.15456
-4.16341
-4.30794
-2.44632
-1.40121
-0.628213
-5.30565
-3.10357
-2.87471
-4.53143
-4.26424
-2.02505
-4.84313
-2.03767
-2.52345
-1.17084
-0.21342
-1.45687
-4.35823
-5.53705
-3.06412
-0.427373
-4.41321
-0.732088
-3.21039
-3.17733
-1.41085
-2.78248
-3.27377
-1.33374
-4.49229
-4.59393
-0.89493
-1.56291
-3.15284
-1.85668
-4.31455
-3.15234
-1.72292
-4.52114
-0.805592
-4.31069
-2.04214
-4.26271
-2.52993
-2.96586
-1.00094
-3.04173
-4.31601
-2.84671
-4.44978
-2.05565
-3.24958
-4.27455
-4.35355
-5.48859
-0.921757
-4.8291
-2.03606
-1.1385
-4.48128
-5.04696
-4.01555
-4.23071
-4.96811
-4.32745
-4.31211
-1.76957
-4.59859
-0.311149
-1.89051
-1.31847
-4.46631
-4.44463
-0.608076
-4.6509
-4.20162
-0.583762
-2.21859
-4.7207
-4.48939
-3.24338
-5.30052
-4.26605
-4.30761
-4.24011
-4.45174
-4.91709
-3.04698
-4.44477
-2.32309
-1.02155
-1.72097
-4.70597
-4.27959
-2.12123
-2.16955
-4.38246
-5.03181
-4.51705
-4.03639
-4.95695
-1.47983
-4.28773
-2.78676
-0.497589
-1.6236
-3.07139
-0.189656
-0.79735
-4.2677
-1.59853
-3.02773
-4.66402
-1.23487
-2.00214
-3.11335
-4.45334
-4.54033
-0.0991169
-2.96761
-2.44603
-4.92869
-4.40375
-2.12632
-4.43437
-4.63004
-1.27073
-0.443869
-4.35076
-4.55579
-1.51845
-4.49158
-3.18349
-2.98639
-2.37882
-0.315858
-3.12319
-4.3619
-2.41409
-4.61294
-4.47786
-4.15675
-0.445972
-2.47935
-3.9229
-2.98439
-3.84375
-0.973514
-4.62453
-4.53746
-4.43147
-0.5891
-2.1283
-0.313917
-5.56901
-2.75742
-4.47462
-2.97675
-3.04886
-2.58949
-2.17872
-4.32112
-4.30196
-4.46576
-2.9626
-2.8303
-2.74167
-5.44115
-1.51948
-4.52505
-0.826552
-4.16547
-0.885661
-2.26818
-2.36561
-2.20883
-5.38179
-2.67429
-1.83041
-0.485327
-4.52836
-0.908561
-3.09815
-4.20558
-2.75172
-2.51295
-1.49352
-3.00197
-4.67472
-4.72901
-4.35011
-0.617734
-4.46003
-4.82029
-4.78569
-4.44581
-2.12691
-4.52995
-4.46428
-2.22417
-4.82992
-1.23602
-2.72219
-0.0984099
-4.55782
-0.884477
-4.38274
-3.07753
-2.23484
-4.44799
-2.60696
-0.334054
-4.40149
-2.38065
-4.3176
-4.63071
-1.58326
-4.16079
-3.25156
-4.47802
-0.917121
-1.62199
-0.901436
-2.33631
-4.43529
-4.58684
-0.951686
-2.29223
-4.03184
-0.26817
-4.31421
-5.03689
-2.9577
-1.20133
-1.43835
-4.52875
-4.87099
-4.44187
-2.54438
-4.85765
-4.37469
-2.63045
-3.18538
-1.07703
-2.28239
-0.917169
-0.592239
-4.84105
-0.510444
-4.2549
-4.49525
-1.22644
-5.6035
-4.39159
-4.80414
-2.9572
-1.82192
-4.30095
-2.83147
-4.51081
-4.11668
-4.2821
-2.29687
-0.197517
-4.60689
-1.81866
-2.122
-4.38377
-2.80302
-3.01807
-3.8511
-4.35814
-4.39576
-4.38795
-2.15874
-4.48104
-4.56907
-4.54439
-2.25953
-4.6383
-0.898436
-4.45328
-4.05502
-4.24546
-4.51078
-4.54351
-3.66857
-2.60464
-0.678834
-2.89525
-4.48633
-4.64951
-4.66074
-0.0479158
-0.0471032
-4.59829
-0.819218
-4.40705
-0.471422
-1.76497
-4.68097
-2.34701
-2.80807
-4.53263
-1.19039
-0.674531
-2.9006
-2.75907
-4.39206
-4.35826
-1.01375
-4.94304
-4.35408
-4.80554
-4.90335
-0.423135
-4.71961
-4.50558
-4.5998
-4.2585
-1.63956
-4.12805
-4.03846
-1.7909
-4.46923
-4.60876
-3.21995
-3.85559
-2.59799
-4.61563
-4.25842
-4.62508
-0.777029
-4.66334
-2.7721
-2.38575
-2.13518
-2.89695
-2.63882
-1.46738
-1.8016
-1.66083
-2.96541
-4.27141
-2.16701
-2.77117
-1.38496
-0.328259
-1.52882
-4.0646
-4.38526
-4.32273
-4.91282
-1.54963
-2.98549
-4.56444
-4.72277
-4.62892
-4.35619
-4.27552
-1.91305
-1.60069
-2.62141
-1.62762
-4.25696
-0.543042
-2.1048
-2.92625
-2.76523
-1.91981
-1.82719
-4.18699
-4.09078
-4.38101
-3.90611
-4.02701
-1.46911
-2.91497
-2.93696
-2.55599
-2.825
-4.51652
-4.91047
-4.74247
-0.892039
-4.65869
-0.351569
-0.753178
-1.35947
-3.8367
-3.90513
-0.767803
-4.33501
-4.33765
-4.76969
-2.97095
-2.11896
-1.73428
-3.9848
-4.82796
-2.93597
-0.533943
-1.52024
-2.79736
-3.16521
-2.00889
-0.912081
-4.89916
-4.15107
-3.07331
-2.75975
-4.32846
-4.33724
-2.95939
-4.74079
-1.96321
-2.05662
-0.552089
-0.682611
-2.81763
-3.06013
-4.2035
-3.1643
-4.33632
-1.41501
-1.97507
-4.62573
-4.52461
-0.217166
-2.78602
-4.52226
-4.3481
-2.84261
-1.4423
-0.413711
-2.9546
-1.07587
-5.21366
-4.57587
-0.683189
-1.95689
-3.7556
-4.57652
-0.639586
-1.49325
-1.71723
-4.35209
-4.18731
-4.16541
-4.36126
-4.54085
-4.36799
-4.80236
-4.35959
-4.28162
-2.56619
-1.25
-0.381086
-4.50015
-2.69173
-0.0136306
-4.80501
-4.22386
-3.4099
-4.70053
-2.84955
-1.44613
-1.56004
-4.83515
-2.81466
-3.20742
-4.49532
-4.32987
-4.64564
-0.75431
-1.04741
-1.55836
-4.85172
-4.35522
-4.48688
-2.79113
-4.5902
-2.84404
-1.53112
-4.21846
-3.25819
-4.91031
-4.31306
-1.39211
-1.73023
-2.89703
-5.01687
-1.62695
-2.98721
-4.58427
-2.82279
-4.40468
-4.2667
-1.97372
-1.46775
-4.65037
-4.86453
-2.24782
-0.887424
-0.867135
-2.16095
-3.08331
-0.999703
-3.45554
-0.720407
-2.49975
-4.42302
-6.02522
-4.34938
-4.89032
-1.22395
-4.58534
-0.906063
-1.89445
-4.51389
-4.66993
-1.98279
-5.00329
-4.54139
-2.30932
-4.15521
-1.90657
-3.01069
-4.92496
-2.81541
-4.28991
-4.39518
-4.90587
-4.44279
-4.05769
-2.54712
-4.44887
-0.696849
-4.47946
-4.53752
-4.19742
-4.98782
-3.22676
-4.38008
-1.40385
-0.712013
-4.45082
-1.06596
-4.19661
-3.01476
-2.22197
-4.59114
-1.49758
-5.20795
-4.5015
-4.54443
-0.680921
-4.42155
-4.23388
-4.35354
-0.735192
-5.27713
-4.84811
-4.3986
-3.10538
-1.08622
-4.81481
-1.95433
-4.27471
-4.5311
-0.325595
-1.74418
-1.15214
-2.761
-3.32219
-2.82259
-1.49606
-4.48009
-3.02762
-4.60686
-4.70994
-2.17233
-0.179742
-4.60596
-3.83615
-4.97163
-0.871407
-4.58963
-4.41301
-5.02697
-4.48982
-4.82782
-4.77397
-4.44549
-4.47247
-0.26498
-1.46899
-1.82449
-0.666327
-4.48712
-4.52
-4.46476
-2.53847
-4.84484
-4.49559
-0.00586103
-4.58138
-4.24497
-1.22
-1.95993
-4.75247
-4.43588
-4.52435
-1.43324
-1.40385
-4.59266
-1.52343
-3.81786
-4.83335
-4.34184
-2.53471
-4.83934
-4.27014
-2.51805
-2.70776
-4.41225
-3.90086
-5.35075
-2.47433
-1.96945
-4.49528
-0.18259
-4.39968
-4.45182
-2.05342
-4.37206
-4.79847
-1.06274
-4.35251
-4.81227
-5.02408
-4.60376
-3.30217
-4.81499
-2.601
-1.73554
-4.52256
-4.75178
-4.57067
-2.52758
-5.51627
-4.30047
-4.40687
-5.71827
-4.64931
-2.47354
-2.53282
-4.50425
-2.95346
-3.44507
-4.51954
-0.564898
-1.72466
-2.10415
-0.61792
-2.68652
-4.51833
-1.4075
-4.88252
-3.42838
-1.57523
-1.0855
-1.1309
-4.50031
-0.954298
-4.3433
-5.27695
-2.66049
-1.54098
-1.07428
-2.6525
-4.53851
-2.02126
-1.63285
-2.83295
-4.72435
-3.46001
-0.609216
-4.25431
-2.5645
-4.62661
-4.44266
-2.58205
-4.38689
-5.74954
-2.05656
-4.32274
-4.36466
-4.36813
-4.03261
-4.32449
-4.82157
-0.0751214
-1.54262
-1.93497
-0.742534
-3.90455
-3.15675
-4.70632
-2.92137
-4.66335
-0.493061
-4.88237
-1.14089
-3.92898
-4.49201
-4.49212
-2.80419
-4.50407
-3.19473
-3.22341
-2.74747
-5.26139
-2.93208
-4.81375
-3.1964
-2.84584
-3.91878
-1.09236
-4.8144
-4.39067
-4.70006
-4.33935
-3.19419
-5.22636
-4.57535
-4.96673
-3.06225
-2.96001
-4.77066
-4.90535
-2.28502
-4.36209
-0.110213
-5.0099
-0.905532
-4.51812
-0.662774
-4.96106
-4.24628
-4.5553
-4.89942
-0.609794
-4.63783
-4.49319
-0.871287
-1.61543
-4.38685
-4.54064
-4.48096
-5.46481
-4.35085
-3.00292
-1.53351
-4.75924
-3.19308
-4.18297
-4.52572
-2.60399
-3.21923
-1.43501
-4.4662
-3.03706
-5.00701
-2.25898
-0.014181
-1.83101
-4.42621
-4.17128
-4.45195
-1.29515
-0.702699
-2.08395
-4.89144
-2.33455
-0.580448
-3.74988
-4.37417
-3.32243
-4.33151
-0.630912
-2.59669
-4.36925
-3.00719
-0.81812
-1.18318
-4.42743
-3.89703
-4.13528
-0.917546
-4.43139
-4.78385
-3.03658
-4.53139
-2.57319
-2.27267
-2.07805
-1.40643
-4.33555
-5.10078
-4.4617
-1.69812
-4.22639
-4.85863
-3.21746
-1.61764
-4.52566
-1.74887
-1.713
-2.79079
-0.688535
-4.45307
-1.22329
-3.975
-1.54792
-4.3391
-2.97215
-1.13948
-3.06895
-4.06844
-0.721402
-2.28858
-5.07886
-5.49054
-2.56217
-2.73432
-0.38864
-0.905415
-2.55967
-4.54647
-1.94181
-0.576519
-3.24049
-2.80866
-1.06627
-1.98757
-5.03128
-0.747628
-0.996113
-3.13912
-1.2583
-1.71609
-3.06119
-4.38891
-4.76518
-4.7998
-3.03698
-1.98124
-5.26291
-4.80592
-2.80511
-1.41044
-3.45958
-4.39809
-1.63306
-4.63149
-1.4881
-1.12821
-4.52492
-4.4504
-2.3271
-5.3413
-0.411987
-2.79406
-5.22437
-2.83271
-4.64362
-4.50276
-4.49466
-4.08803
-3.82032
-4.7859
-2.36451
-4.37991
-1.96589
-4.71514
-5.17084
-1.95676
-1.52746
-3.89611
-1.83305
-1.30819
-1.62357
-1.70828
-4.13457
-3.00432
-4.4463
-4.68544
-2.03201
-2.00756
-3.92338
-3.40176
-4.05869
-1.70728
-0.297254
-4.6817
-1.54487
-0.516287
-4.66541
-4.76277
-1.04382
-4.40127
-4.28526
-4.38135
-3.02788
-2.7884
-4.65316
-3.02584
-3.9133
-0.827403
-3.27739
-3.16566
-1.99791
-4.40093
-4.56859
-4.34607
-3.3984
-4.33414
-3.83432
-4.8136
-4.97992
-4.29909
-4.60478
-1.51801
-4.5704
-4.38058
-0.40737
-1.46032
-4.81573
-4.41831
-2.48571
-4.62326
-2.50062
-4.67463
-2.97718
-5.24393
-4.30882
-4.24532
-4.60907
-3.39919
-4.62002
-5.013
-0.911439
-2.15319
-4.26688
-4.18544
-4.86502
-1.90127
-3.45412
-2.62183
-5.63074
-4.33494
-3.82083
-4.32012
-0.574072
-0.546552
-4.53426
-2.31143
-0.834267
-0.55934
-1.92074
-0.907412
-3.18373
-0.69044
-4.35547
-1.50557
-1.84619
-5.54229
-1.39758
-4.46689
-2.99238
-1.56016
-3.65138
-4.15945
-1.21046
-1.66991
-5.14475
-4.74319
-3.16383
-1.95886
-4.70851
-0.543016
-4.77381
-4.3831
-3.18462
-1.60862
-4.15651
-3.33742
-2.51071
-3.14341
-4.37613
-4.37605
-4.48459
-5.03754
-2.26376
-1.49744
-0.716866
-1.53505
-1.03394
-0.631051
-1.33488
-1.14162
-1.42025
-4.41627
-4.39927
-4.59438
-4.38474
-5.4427
-1.35575
-4.37665
-1.56477
-4.5848
-3.13503
-4.50653
-1.17419
-1.52374
-2.94402
-2.87318
-4.3499
-4.98944
-4.35884
-4.44177
-4.4639
-2.50406
-5.6095
-2.99457
-4.2863
-4.55151
-2.51537
-3.19759
-1.40915
-4.81501
-6.04402
-2.4181
-3.00434
-1.32353
-3.13224
-0.0371073
-2.97446
-2.51796
-4.06493
-1.10713
-1.09484
-3.06244
-4.43321
-1.78144
-4.44341
-4.34328
-2.19719
-4.51064
-4.96927
-2.52385
-4.70986
-4.94666
-4.32803
-4.36133
-4.87254
-0.493711
-4.9328
-3.99259
-4.61265
-4.99135
-0.757359
-1.93494
-4.15784
-1.8869
-0.474621
-4.62824
-1.14847
-1.62272
-4.20677
-4.14483
-0.650552
-4.8125
-3.25023
-4.24131
-1.41179
-4.86882
-2.59015
-5.06507
-4.46337
-0.929549
-4.36169
-4.57351
-4.21204
-4.61625
-4.40654
-4.34817
-4.48632
-2.42081
-3.91044
-4.71617
-4.66512
-4.85489
-0.609703
-1.7143
-4.35913
-4.47922
-4.24658
-4.26722
-2.36924
-4.34578
-0.596981
-4.50839
-4.31199
-1.98249
-4.0169
-4.47114
-4.61991
-3.4859
-2.76019
-2.23599
-2.1477
-2.98144
-1.31067
-4.48168
-4.34786
-3.23051
-4.33619
-4.51724
-4.21737
-4.42301
-4.4249
-4.44163
-4.24427
-1.10223
-1.22695
-4.25907
-1.08088
-4.63949
-4.59456
-0.892406
-3.53912
-3.65698
-3.75036
-4.24641
-4.55786
-4.49731
-4.12185
-3.21384
-4.71671
-0.875393
-2.32735
-4.43518
-4.51144
-3.06369
-0.734788
-2.13335
-1.69928
-0.614244
-2.08793
-2.66019
-4.76943
-4.63365
-0.313047
-5.01402
-4.23984
-0.742984
-4.4107
-1.79309
-4.30223
-5.05414
-2.31304
-5.1027
-3.38929
-0.660717
-0.641199
-4.22236
-4.52308
-4.42932
-3.096
-4.96163
-1.70212
-0.11543
-1.3746
-4.61522
-0.388978
-4.3726
-1.06029
-1.17972
-5.38383
-4.18817
-4.6787
-5.15956
-5.09172
-4.52348
-1.39504
-0.556739
-2.92329
-0.739606
-4.27317
-1.42186
-4.4394
-1.49099
-4.44623
-2.08644
-2.97404
-4.25954
-1.1871
-4.48093
-4.02638
-1.60166
-1.13819
-1.73705
-1.5432
-1.31675
-4.65726
-0.980599
-4.25989
-4.36212
-4.18682
-4.19484
-0.735284
-4.43193
-0.661324
-4.47269
-2.28018
-2.9988
-4.26828
-2.97777
-6.0523
-4.60788
-5.55474
-3.54104
-1.72842
-3.92818
-4.2801
-2.89946
-4.62512
-4.44281
-1.03427
-4.63486
-4.2672
-2.54698
-4.85341
-0.881186
-4.2625
-3.23407
-2.52501
-3.46204
-2.95021
-2.97426
-5.19634
-4.41374
-4.66702
-1.42438
-4.42764
-4.51546
-4.77191
-1.97279
-3.53581
-4.49968
-2.5203
-4.47325
-3.88421
-2.93142
-1.97737
-4.28774
-1.34678
-4.53741
-4.83197
-2.8822
-5.00155
-5.00148
-4.98325
-1.38508
-0.828019
-4.45897
-0.764636
-2.78693
-3.47755
-1.42245
-1.22176
-4.56735
-0.657958
-0.335778
-5.65291
-4.2736
-3.45318
-4.9437
-0.523462
-6.03829
-4.26041
-6.04178
-1.97643
-4.21569
-1.37098
-0.504046
-2.89602
-2.63655
-4.75228
-5.00803
-4.44691
-4.50957
-3.35892
-4.51829
-5.05414
-2.23078
-1.05842
-2.65163
-2.77432
-0.0972566
-4.48566
-4.55617
-4.26491
-1.28409
-4.52503
-0.775649
-4.68032
-5.21072
-0.900835
-2.65621
-4.71348
-1.8687
-4.23851
-1.6295
-5.05601
-4.09271
-4.43563
-0.637223
-5.04283
-4.80281
-4.97124
-4.27866
-3.25744
-4.35554
-4.53506
-1.95549
-1.89307
-5.12191
-3.46154
-2.46843
-3.25888
-2.50864
-2.88539
-4.54883
-4.55833
-4.37866
-4.34503
-2.65957
-0.972923
-4.24646
-1.86765
-4.30342
-4.4516
-3.80462
-4.30609
-1.79725
-0.557091
-1.33895
-3.04019
-1.41838
-4.17857
-4.42909
-4.54492
-4.68663
-4.41342
-2.07968
-3.61713
-1.55575
-4.38084
-4.42677
-0.767799
-0.572851
-1.70452
-4.47049
-2.02587
-1.9679
-0.978762
-2.94581
-1.11707
-0.635049
-4.85224
-1.41297
-1.11089
-4.29799
-4.88408
-2.42566
-4.49716
-1.00097
-4.73287
-4.51608
-1.1179
-5.02734
-2.53485
-5.14793
-4.1075
-3.60892
-1.89111
-4.46228
-4.64263
-4.35257
-4.6653
-4.54751
-4.29836
-1.5483
-4.41977
-2.43989
-0.0756487
-4.4834
-2.61346
-4.35727
-3.9477
-4.41484
-2.11599
-1.39373
-4.49501
-4.23802
-3.23799
-4.58817
-4.33825
-4.92815
-1.52018
-1.34389
-0.781714
-5.10197
-3.79255
-3.08082
-4.68811
-2.92535
-1.53018
-3.47408
-3.01691
-4.272
-4.48914
-4.51166
-4.31415
-3.02459
-4.41399
-5.02734
-4.98212
-4.70865
-3.0392
-4.09692
-4.46717
-1.22186
-4.69088
-3.54326
-5.02602
-4.57939
-4.5302
-2.77308
-4.34014
-4.38255
-2.15621
-4.36667
-1.22537
-4.69021
-0.129102
-6.02734
-4.25691
-4.20441
-2.49241
-0.800386
-1.93696
-1.04795
-1.95701
-4.32551
-1.05369
-6.02884
-4.52481
-1.72824
-1.63487
-1.22404
-3.34379
-4.1905
-4.53314
-2.13787
-1.95469
-1.38559
-4.20398
-4.46388
-4.31567
-4.47754
-4.55607
-0.901257
-2.54287
-4.53083
-2.11796
-3.24801
-2.10188
-2.71767
-4.34205
-4.35001
-1.09595
-4.3032
-4.53948
-2.75655
-2.79803
-4.65303
-4.96271
-4.34172
-1.58926
-4.44643
-4.43341
-5.29676
-4.69829
-1.28861
-2.87389
-4.58204
-1.04747
-2.14409
-1.17728
-4.35818
-4.58414
-3.9549
-1.38252
-4.6734
-4.45174
-2.85016
-4.4016
-1.4832
-2.96404
-4.46315
-4.43592
-4.21811
-0.0723341
-1.10086
-4.46093
-4.31642
-4.34805
-4.45662
-4.51134
-4.35208
-4.42873
-4.25869
-2.76011
-4.43581
-4.83233
-0.24376
-4.58465
-4.61966
-2.04173
-0.54352
-1.9914
-2.78065
-2.99354
-4.35425
-5.15771
-4.4748
-4.56239
-1.86246
-2.81599
-3.74844
-2.7393
-5.55713
-1.94605
-1.89382
-4.98774
-4.30994
-3.57645
-2.63835
-4.47972
-4.51354
-2.98853
-0.572852
-2.9019
-2.96864
-4.90507
-4.2567
-4.32327
-4.16965
-4.49415
-3.07291
-1.35886
-4.479
-4.38583
-2.98255
-2.20488
-1.02604
-0.580158
-4.25909
-3.89934
-4.44327
-4.72384
-4.77171
-2.07981
-4.24646
-1.43238
-4.32738
-1.34676
-0.0760636
-2.06907
-4.55437
-3.61779
-2.93782
-4.92892
-4.34982
-1.39537
-4.75134
-0.536668
-3.43565
-4.77466
-4.52762
-4.31872
-4.44938
-2.69697
-3.80195
-4.44667
-3.22237
-3.67597
-3.382
-0.790151
-1.41762
-0.631541
-3.9007
-4.46878
-4.51167
-1.78821
-1.68085
-4.86967
-2.05465
-3.13123
-1.37322
-4.09435
-4.57473
-2.90161
-1.39875
-3.97474
-4.89084
-4.11079
-5.02639
-5.12376
-1.4654
-5.48689
-2.76602
-5.0588
-2.79003
-4.4828
-2.35519
-4.462
-2.60331
-3.81431
-3.3035
-2.53974
-1.82396
-0.834182
-2.42589
-2.18418
-2.83157
-4.31879
-2.7587
-2.09662
-4.18257
-4.17217
-4.5857
-4.2801
-4.75096
-5.01352
-5.18023
-1.43283
-4.52162
-4.27404
-2.45737
-1.27755
-2.30022
-3.4259
-4.87062
-3.0465
-4.34624
-4.81783
-2.76893
-4.58221
-4.91309
-3.0499
-4.56069
-3.02926
-4.34744
-1.57141
-0.826588
-4.01635
-1.12626
-2.7673
-4.56231
-2.53022
-2.46256
-4.56564
-4.35251
-5.00261
-4.42737
-0.912547
-2.20128
-2.02636
-0.842375
-4.34847
-0.885912
-4.60188
-2.88032
-2.02948
-2.61181
-4.86351
-4.29646
-2.52815
-4.30877
-1.69289
-4.35075
-4.35338
-4.28804
-4.03531
-2.57664
-1.11613
-2.01084
-0.581749
-3.01905
-4.87818
-3.71371
-4.46846
-4.53612
-2.44058
-4.44753
-4.66443
-1.94467
-3.39685
-4.87412
-4.59533
-4.31188
-4.43951
-4.39804
-2.48695
-2.70096
-4.67822
-4.28136
-4.57348
-4.88464
-5.01011
-2.94682
-5.05902
-2.91511
-4.60087
-2.03233
-4.25892
-1.34893
-2.81433
-4.72336
-1.30811
-4.56167
-0.650286
-1.70428
-4.30248
-5.08868
-4.4485
-4.63168
-1.35932
-1.80011
-3.24171
-2.98784
-1.7537
-4.66856
-2.04951
-3.32513
-1.69312
-0.649158
-1.76898
-4.98961
-2.60531
-2.63393
-2.60632
-2.61305
-2.69001
-1.68348
-2.5999
-0.510174
-2.04361
-4.25568
-2.71415
-3.00084
-4.55265
-4.42758
-4.68834
-2.75295
-0.827676
-2.0584
-2.79968
-4.1644
-1.53534
-4.46911
-2.11571
-5.6963
-4.26035
-2.88088
-2.92473
-3.53098
-3.42074
-4.89095
-4.50533
-4.59496
-5.99425
-1.11159
-0.459283
-0.985885
-3.48068
-4.23629
-1.38842
-4.16509
-5.05943
-4.30559
-1.39786
-4.73171
-0.676121
-4.21139
-4.36078
-4.57667
-4.27919
-5.99355
-4.63659
-3.97028
-2.60044
-4.54629
-5.05438
-4.27495
-2.83866
-3.17001
-4.31262
-4.69984
-5.93235
-2.8866
-4.35063
-4.29707
-4.44133
-3.31859
-4.53782
-4.38568
-4.70544
-2.64695
-1.34619
-0.491138
-4.58269
-2.53657
-4.77686
-0.688026
-4.49556
-2.86565
-4.2112
-4.73972
-4.25539
-1.91336
-4.48086
-3.13204
-4.28934
-3.02044
-4.32076
-1.52567
-4.45259
-4.56941
-3.56224
-4.46834
-2.09266
-2.87633
-2.76701
-4.11132
-4.82472
-2.62061
-4.61557
-4.42453
-4.90682
-1.63828
-4.52851
-2.2324
-6.00564
-1.52784
-4.41326
-1.39224
-4.51978
-2.21115
-2.01428
-2.78668
-0.66058
-1.01823
-1.98569
-1.95872
-1.57058
-3.24686
-4.38868
-2.02128
-1.25588
-3.46458
-4.38113
-4.7744
-4.61955
-4.28258
-3.1708
-4.69362
-4.62075
-2.59545
-4.71749
-4.52524
-4.24431
-4.18815
-4.42867
-4.3099
-4.54957
-0.11629
-2.36862
-4.47224
-2.01927
-3.66543
-2.764
-5.74292
-3.77996
-0.306631
-2.02267
-4.43025
-1.04151
-4.26546
-4.24346
-4.53633
-4.5975
-2.70007
-1.55212
-5.07275
-4.70511
-4.46888
-4.37139
-2.73155
-2.03054
-4.29136
-2.12467
-5.40643
-4.42573
-1.79731
-5.76089
-4.71695
-2.02272
-4.07134
-2.02671
-4.45604
-4.33218
-1.48001
-4.40975
-1.728
-4.45586
-1.93888
-4.53175
-3.88953
-5.88516
-4.47863
-2.81433
-2.01732
-1.96012
-4.09824
-4.36014
-4.4314
-2.02599
-1.13191
-2.1889
-2.10852
-4.57377
-5.63199
-1.57603
-2.0207
-2.77856
-2.05305
-4.46033
-3.89945
-4.38182
-4.43437
-4.77272
-1.50874
-3.63493
-2.59235
-0.501963
-4.34718
-4.35977
-2.16888
-0.873691
-3.20985
-0.235148
-2.11431
-0.480469
-2.70576
-0.882414
-3.30951
-2.18015
-2.58527
-3.74084
-2.58737
-5.06679
-4.27572
-1.5612
-2.06393
-1.06847
-2.85601
-4.59968
-5.95271
-1.85554
-4.71535
-5.95942
-4.43431
-4.56187
-1.91526
-4.92577
-4.638
-3.38751
-0.660742
-2.57534
-2.8197
-2.27588
-4.80276
-3.42251
-6.00594
-4.6521
-2.20851
-4.82543
-4.38748
-3.99893
-3.59752
-2.22927
-2.02023
-4.42628
-2.57675
-4.43122
-1.38089
-2.83385
-2.16129
-2.02194
-3.37541
-4.74405
-4.27303
-4.28639
-4.44329
-2.69767
-2.28812
-2.77316
-2.285
-1.9234
-1.64877
-1.72012
-2.7833
-4.38226
-2.92648
-0.346397
-1.69606
-1.58806
-0.56424
-0.0934109
-4.70076
-4.58938
-4.36067
-1.92987
-1.80132
-5.36399
-4.23574
-5.59415
-3.62793
-1.39161
-5.0664
-2.57356
-3.26006
-0.591093
-1.45282
-4.54748
-5.25096
-1.9236
-4.43187
-2.19795
-2.34726
-4.38669
-2.36159
-2.4267
-2.25554
-2.6493
-3.07071
-0.573457
-4.11733
-3.06621
-4.63093
-2.10032
-4.35115
-4.44922
-1.10754
-3.3587
-2.75516
-4.53688
-5.72025
-0.11029
-1.84338
-4.36
-0.0128459
-4.70915
-4.71404
-1.58325
-3.37839
-1.1048
-4.28846
-1.09829
-0.882195
-3.00523
-4.39178
-2.10786
-1.03596
-1.42059
-0.726207
-2.55185
-2.24288
-2.99183
-1.7498
-4.35009
-2.43766
-1.49736
-2.42694
-0.473132
-1.79331
-2.41239
-4.35904
-1.24493
-5.35235
-2.44962
-3.37305
-1.20582
-1.56465
-4.30951
-1.68323
-3.29359
-4.40387
-4.35568
-0.892425
-1.38407
-2.01159
-2.25613
-4.52356
-3.90707
-4.80386
-4.44339
-2.87235
-1.60612
-4.53294
-3.01493
-4.54394
-4.64515
-4.53297
-0.695353
-2.29541
-4.36184
-0.236323
-3.08375
-1.42287
-1.12101
-4.39973
-3.39605
-4.29075
-4.9885
-1.92898
-4.69313
-2.67306
-4.44143
-4.41339
-1.93227
-2.21773
-4.52636
-4.77626
-1.67999
-2.64512
-2.33386
-1.93342
-2.89751
-1.86071
-5.22702
-2.72546
-0.755035
-1.89
-3.76065
-2.8392
-2.25447
-1.07692
-2.4871
-2.78635
-4.54842
-1.48144
-1.72741
-1.18389
-2.56919
-4.38947
-3.78851
-2.12405
-1.8599
-4.32479
-2.45448
-4.75349
-2.0195
-4.3493
-4.53935
-4.69116
-2.18148
-1.88828
-0.0250597
-4.46628
-5.24057
-1.87474
-4.81943
-3.09089
-2.73131
-2.45988
-2.17676
-2.19036
-3.89501
-3.20975
-4.40247
-2.11886
-4.28826
-2.46335
-3.36024
-1.73227
-2.40976
-4.39178
-4.47529
-4.03075
-4.88058
-3.79826
-0.497131
-2.52453
-4.53595
-4.21174
-1.8711
-4.38414
-4.46861
-1.78531
-4.43894
-2.99006
-1.93061
-2.17186
-2.2104
-2.66378
-1.50328
-4.45009
-2.15544
-2.60008
-2.74999
-4.55687
-4.29339
-3.24802
-2.10935
-4.66865
-2.9352
-2.32733
-0.0243791
-4.80749
-5.01502
-4.2355
-2.20049
-4.77086
-1.14678
-2.16227
-4.2025
-0.71435
-2.75906
-4.79349
-1.93087
-4.45659
-2.59164
-0.684749
-4.47314
-2.09526
-1.15507
-4.4388
-2.07951
-4.50066
-1.82265
-4.5359
-1.58638
-0.81485
-4.26894
-0.888352
-2.40459
-1.13613
-4.19634
-1.44015
-2.60828
-4.34544
-2.72781
-1.40791
-3.78553
-4.58421
-1.8396
-3.89217
-2.73551
-4.52161
-0.738312
-4.58133
-4.48178
-2.82144
-4.41669
-3.19682
-1.04188
-2.85784
-4.46787
-4.22511
-1.17415
-2.71654
-1.05374
-2.84217
-4.79191
-4.79978
-4.54675
-2.02507
-4.24404
-2.06689
-2.14572
-4.06322
-5.37581
-2.99286
-1.04124
-1.72895
-0.562239
-5.10575
-4.87136
-4.75405
-2.06687
-2.22193
-3.48145
-4.3784
-3.55898
-4.21069
-4.31039
-1.50948
-4.33892
-2.56228
-2.23447
-1.45218
-2.15446
-2.94325
-0.761469
-4.53233
-2.87128
-2.61701
-4.64694
-4.39753
-2.7751
-1.75841
-1.89157
-0.878788
-2.10224
-4.50009
-4.6889
-4.46349
-4.54461
-5.0083
-4.34017
-5.90258
-5.12574
-4.78333
-3.90495
-2.61525
-1.36774
-4.82877
-1.92165
-1.74835
-4.01364
-5.53609
-0.438769
-1.44171
-0.957948
-1.46215
-2.2709
-4.38457
-4.43051
-1.13577
-1.52541
-1.63346
-2.67965
-4.36162
-3.18816
-3.30733
-2.02335
-4.56994
-4.54344
-4.24149
-1.40666
-4.74802
-3.30553
-4.84927
-1.29939
-3.49602
-4.37322
-3.02166
-4.23873
-2.14469
-3.25838
-4.58298
-2.70865
-2.71184
-1.52782
-1.61058
-2.70244
-2.69676
-2.45484
-4.85923
-4.56482
-4.45853
-4.29658
-1.58486
-2.59691
-1.36429
-3.91729
-4.52746
-1.79456
-4.45144
-3.78938
-3.0146
-1.47283
-4.34382
-2.70205
-3.33631
-2.68221
-2.925
-4.72009
-4.39083
-3.16985
-1.21164
-4.54538
-1.14503
-4.5243
-2.83235
-4.31062
-4.46892
-4.55155
-4.48272
-4.81191
-2.87995
-2.71098
-1.57421
-4.05457
-4.29804
-3.87142
-2.68996
-2.45771
-4.4529
-5.01612
-5.07013
-2.83549
-2.74638
-4.17573
-1.48745
-4.53862
-0.667353
-4.59361
-0.483846
-4.52785
-1.87676
-5.01075
-5.17281
-4.30507
-2.25632
-4.2956
-4.52239
-1.57506
-0.5178
-4.3757
-1.10334
-2.78362
-4.59106
-4.61215
-2.86551
-2.73243
-1.78798
-0.7412
-4.62904
-1.56959
-2.23697
-4.45859
-0.736087
-4.43163
-2.67533
-4.53023
-4.4036
-1.25447
-1.76366
-4.21242
-0.94778
-2.69516
-1.16097
-1.39294
-1.11958
-0.794672
-4.53976
-1.9311
-4.44446
-1.49779
-1.7741
-4.45826
-2.45691
-2.97479
-5.06857
-2.55415
-4.75749
-2.87845
-4.39701
-4.55512
-1.62791
-4.38785
-2.79171
-4.60711
-4.36897
-1.1398
-4.60953
-4.45598
-0.570193
-4.60352
-2.81059
-3.50616
-1.4231
-2.67113
-2.65743
-0.770478
-4.50167
-4.69518
-4.67174
-1.26611
-4.54386
-5.24956
-2.99457
-1.45259
-4.41886
-4.55318
-1.12846
-2.43463
-1.11606
-1.15542
-4.44405
-2.75277
-0.102433
-2.75796
-4.64925
-3.45593
-4.88546
-3.2527
-0.761141
-3.77231
-4.59297
-2.75264
-4.60705
-2.38608
-1.17736
-4.11691
-3.01026
-4.39873
-2.62996
-1.88673
-4.62548
-3.24782
-0.339433
-0.503094
-4.93158
-4.19227
-4.54455
-5.07363
-4.56568
-2.94562
-1.3408
-2.68626
-4.67502
-2.64039
-2.68341
-3.24136
-0.741708
-2.04275
-2.11308
-1.5984
-1.42609
-4.18503
-3.47157
-4.38361
-1.30871
-3.42735
-4.43269
-4.22334
-2.75196
-2.80729
-4.62147
-4.54557
-4.65331
-1.2274
-5.33332
-2.94426
-2.80386
-2.74784
-4.79931
-1.79462
-4.07358
-1.23509
-3.47233
-1.86573
-3.22437
-2.09842
-0.364265
-4.6156
-0.637361
-4.42351
-0.722737
-4.52726
-1.41626
-2.03661
-5.03935
-2.63248
-4.64785
-3.28389
-4.45089
-4.40066
-4.06481
-4.52639
-1.64758
-4.35123
-2.05641
-4.432
-1.06888
-4.29215
-4.41815
-4.48276
-1.63439
-1.76742
-0.238836
-4.61216
-1.52585
-0.908024
-1.06592
-4.43714
-5.70894
-3.43725
-4.3784
-4.68738
-5.24839
-5.28592
-2.04694
-3.31548
-1.8774
-1.13875
-1.49214
-1.56195
-5.2776
-4.73028
-1.77548
-4.45858
-1.93298
-4.58306
-2.22469
-0.838131
-4.54051
-4.75458
-2.22934
-1.66207
-4.38354
-4.11138
-4.82276
-4.94555
-2.03257
-3.28295
-4.40509
-4.60534
-3.84093
-4.44155
-1.2406
-0.739174
-4.2215
-5.96387
-1.321
-4.37768
-4.5946
-2.58753
-4.25461
-1.13729
-3.39226
-2.78462
-4.76363
-2.28698
-4.17353
-4.44786
-1.52673
-1.52392
-1.81444
-0.779833
-4.52549
-2.02087
-4.14285
-4.75641
-1.75976
-4.22611
-2.70384
-4.68439
-2.92042
-0.75959
-3.0004
-3.28767
-2.55213
-4.55792
-1.31289
-3.37573
-4.43289
-0.638091
-0.777994
-0.672641
-4.68317
-4.34302
-3.57191
-0.971337
-2.05251
-2.81181
-2.4981
-3.42108
-0.479555
-0.658664
-4.86262
-1.15527
-4.33148
-0.530658
-1.52895
-1.11889
-1.63058
-4.13646
-2.07636
-1.37091
-4.3625
-4.62309
-4.41867
-2.71474
-2.87418
-2.75197
-1.63635
-5.93673
-5.06131
-4.17733
-2.13137
-2.73806
-1.11864
-1.98658
-4.5241
-4.47051
-4.42631
-4.88523
-1.38618
-4.27941
-4.4322
-4.11967
-1.93718
-4.7046
-6.07872
-2.77362
-3.38891
-4.88545
-4.53195
-2.09639
-1.63328
-4.59992
-2.02885
-1.7001
-1.73868
-0.892739
-2.48063
-1.93409
-4.86951
-1.8367
-1.05329
-4.43082
-4.39023
-4.43656
-2.55967
-4.34631
-4.25794
-4.46574
-4.88576
-1.38531
-4.34588
-2.85081
-1.51386
-1.46295
-4.45591
-4.58091
-4.44258
-1.96002
-1.40183
-0.73762
-1.62167
-4.43892
-4.38182
-3.37066
-1.84281
-3.32727
-1.05058
-4.5145
-1.78908
-5.03316
-2.40492
-5.11083
-4.56088
-4.50212
-4.56279
-3.77133
-4.41714
-5.09249
-1.24499
-1.62962
-4.52268
-3.22051
-0.386166
-4.37529
-4.32208
-2.9454
-3.34522
-4.21936
-0.586016
-4.41536
-1.54741
-3.23444
-1.57845
-2.21557
-2.1016
-1.12808
-4.28304
-4.68438
-0.665674
-4.24008
-1.66397
-4.19613
-3.34236
-2.82608
-2.99357
-5.06183
-3.54519
-4.45264
-3.33966
-4.59327
-1.66527
-2.74067
-4.27592
-5.37769
-4.95283
-1.46457
-5.80816
-0.557493
-2.54808
-2.4059
-1.62103
-4.33293
-4.44893
-1.55421
-4.42671
-4.38383
-2.56991
-1.24037
-4.4432
-2.73507
-3.28812
-0.96793
-4.17636
-4.45152
-4.45731
-5.07434
-1.74651
-1.58417
-1.58041
-3.3292
-2.55011
-4.89739
-3.09972
-2.99065
-4.35404
-2.81278
-1.64364
-2.6875
-0.785923
-5.04045
-4.29283
-5.87723
-1.49685
-4.56411
-4.54326
-5.42238
-3.95428
-4.30063
-1.12529
-2.71856
-2.99748
-4.34254
-0.997772
-1.83376
-2.40572
-4.40661
-0.582052
-0.932629
-3.5867
-3.29049
-5.01853
-4.37865
-4.2474
-4.6996
-4.52073
-1.61895
-4.60604
-0.784673
-2.72841
-1.3969
-1.52132
-2.7899
-1.80097
-2.07105
-2.91566
-1.85933
-4.36421
-4.44006
-1.04103
-1.859
-1.84858
-1.15448
-1.56174
-4.95582
-1.16204
-5.84991
-4.38416
-1.35716
-4.43892
-0.677431
-0.636915
-0.880636
-4.36744
-0.405359
-4.42473
-5.37901
-4.61235
-2.00199
-0.668965
-4.44316
-6.06425
-1.14896
-4.48954
-0.298452
-3.8985
-4.51312
-4.82368
-3.38722
-1.75752
-0.736105
-1.59328
-5.06836
-4.86709
-4.28216
-2.47742
-4.0684
-5.1087
-1.03207
-4.4601
-1.7322
-4.96327
-4.80092
-3.92102
-4.33903
-2.71936
-4.5346
-4.36816
-4.28227
-2.28357
-4.53265
-1.6537
-6.0886
-1.63282
-2.71561
-4.21806
-5.89586
-3.18087
-5.57476
-4.47758
-4.27182
-0.618378
-3.38861
-4.50374
-1.69795
-2.17698
-1.53926
-2.46303
-3.01102
-2.70626
-1.79009
-5.95118
-1.93301
-1.55002
-1.37233
-2.75832
-2.24623
-3.20143
-2.24517
-2.64129
-1.30537
-4.26341
-3.24353
-4.37427
-2.09548
-0.595658
-1.39251
-3.90224
-4.53916
-4.40238
-1.93332
-3.67858
-1.79914
-4.45173
-2.45293
-1.50841
-5.61047
-1.67919
-3.14537
-2.48478
-4.76332
-1.96632
-3.13107
-1.22418
-2.70136
-4.48498
-4.12072
-4.05917
-1.95977
-3.28914
-4.35971
-1.76096
-1.73348
-5.01972
-1.51653
-4.74665
-1.93757
-4.05213
-1.57397
-4.19392
-4.20628
-4.39033
-4.65267
-2.23609
-1.35419
-1.72283
-4.64476
-1.62974
-3.28205
-2.25052
-4.3472
-1.52099
-3.19235
-2.99711
-3.10067
-3.0303
-4.24458
-2.41136
-5.62117
-4.85974
-1.56116
-3.26951
-4.41919
-6.08334
-1.45241
-1.3547
-2.42416
-1.38815
-2.09114
-4.06002
-1.48376
-3.22437
-4.31948
-4.43804
-1.55736
-4.35988
-1.37377
-0.883401
-2.92883
-2.55592
-1.93206
-1.46338
-4.64452
-4.44791
-1.82852
-2.69237
-1.20338
-3.19531
-4.35182
-4.27985
-4.51671
-4.23452
-4.9945
-2.89463
-3.10371
-2.11581
-2.18576
-1.6216
-2.91208
-0.740457
-4.24981
-4.55048
-2.02542
-4.55013
-1.80998
-4.8287
-2.58672
-4.45314
-1.52385
-2.59742
-5.83734
-1.53324
-1.23655
-4.74915
-2.82206
-2.46613
-4.47045
-1.18979
-4.83766
-4.54926
-4.34359
-2.8435
-2.56767
-4.88746
-1.08357
-2.4047
-0.895729
-4.04605
-1.93328
-2.02508
-0.84844
-0.852267
-1.78467
-4.47225
-1.49263
-4.37886
-3.89107
-4.91381
-2.40611
-1.60802
-1.12461
-1.94707
-1.97194
-4.28955
-1.93515
-3.09073
-4.34245
-1.50148
-1.21029
-1.57828
-2.02338
-1.57609
-5.85736
-4.74516
-4.91294
-3.20198
-1.20122
-3.27674
-1.77416
-4.55902
-1.47421
-2.02234
-4.58831
-1.58507
-5.09144
-2.95794
-2.18005
-1.83012
-2.01243
-4.53016
-3.06555
-1.57103
-1.17343
-4.48645
-2.07244
-1.74372
-1.85447
-1.57302
-1.28565
-1.62804
-2.02372
-3.03525
-4.38488
-1.72173
-1.48298
-3.00387
-4.41458
-5.98301
-0.649708
-4.35565
-1.94967
-2.08243
-2.53739
-2.556
-4.31191
-4.6109
-1.10692
-4.57724
-4.97814
-2.68829
-2.98508
-2.47361
-1.12214
-4.79795
-4.40959
-1.44589
-2.36567
-3.26798
-4.42572
-1.64906
-5.0891
-2.83111
-2.05603
-4.31521
-2.47374
-1.99846
-2.45529
-3.10928
-3.28738
-3.22007
-4.36876
-3.04089
-1.3758
-2.47816
-4.33809
-1.98675
-2.02075
-2.42053
-4.13337
-4.97858
-4.45511
-2.79639
-1.99276
-1.59917
-4.52104
-2.02827
-4.87069
-0.2852
-2.4919
-3.68034
-2.35386
-1.39601
-2.34043
-4.4262
-4.47316
-2.53536
-2.07072
-1.80325
-2.02778
-3.10561
-1.62808
-1.92796
-2.02679
-2.89849
-0.235584
-2.92858
-1.91128
-1.72752
-4.13909
-2.30349
-4.55301
-2.41093
-2.5008
-1.59971
-2.00285
-1.71674
-4.4755
-4.45222
-2.51388
-4.26593
-3.00968
-3.0445
-2.53144
-1.49851
-5.59891
-4.17614
-2.02991
-4.38099
-1.71368
-3.19681
-4.49994
-5.67227
-4.45148
-6.02349
-1.58148
-1.96367
-4.75985
-2.5986
-1.95721
-2.02194
-4.71036
-1.93033
-1.05479
-4.45634
-1.70568
-0.164674
-3.16439
-1.43215
-1.65057
-5.29131
-1.52266
-2.84466
-4.79211
-4.69337
-2.66996
-4.39236
-3.02132
-4.58446
-4.7872
-1.12417
-0.100041
-2.6419
-2.96625
-3.04105
-1.93276
-3.14668
-2.52419
-2.08086
-4.21033
-1.73601
-2.05517
-4.41876
-2.06921
-2.03954
-4.27362
-4.75328
-1.30796
-3.08653
-4.82057
-1.69745
-1.70317
-1.90104
-2.48216
-1.29341
-4.73473
-0.506328
-1.68933
-1.19034
-2.53841
-4.27462
-5.02913
-4.31737
-2.97899
-3.17393
-2.65884
-2.14789
-4.39748
-3.03642
-1.99089
-4.45718
-3.00366
-1.8509
-0.536267
-2.07301
-2.61594
-4.38678
-0.167555
-2.93819
-2.97677
-2.35517
-1.65792
-3.14113
-1.80596
-2.0703
-0.890251
-2.56029
-4.52301
-1.89284
-1.33947
-2.96042
-0.425256
-2.79354
-2.15922
-4.80336
-0.996262
-2.22284
-2.93439
-3.05434
-2.96075
-2.05476
-2.43596
-0.269524
-2.23245
-2.07025
-1.78556
-2.75208
-3.0909
-4.90662
-2.69429
-2.69558
-3.01121
-2.98371
-2.43877
-1.1338
-1.90056
-2.86328
-5.07856
-2.96915
-4.29287
-2.23181
-0.33817
-2.61786
-1.94424
-3.07926
-2.45132
-4.24283
-4.54094
-4.26712
-4.457
-2.95602
-2.42257
-4.53262
-2.41544
-4.40264
-2.46864
-2.99208
-2.4745
-1.15172
-3.82127
-4.07832
-2.20683
-2.07091
-5.65875
-4.58565
-4.98799
-4.44331
-4.0559
-4.04594
-4.40763
-0.213131
-2.55722
-5.42436
-0.842679
-3.92064
-2.19566
-1.44908
-3.7547
-2.20316
-4.3954
-2.36876
-2.02726
-4.04595
-3.6093
-4.25804
-1.95392
-4.28659
-4.8188
-4.90518
-3.66562
-4.60931
-4.6011
-4.62015
-4.22663
-4.44721
-3.25686
-4.96144
-4.36955
-4.44265
-1.92664
-3.92039
-0.26881
-1.69108
-2.08437
-0.9955
-0.735942
-3.94672
-1.18042
-4.59889
-0.248471
-4.80594
-0.38461
-4.62987
-4.47263
-4.0048
-1.31854
-2.44995
-3.75074
-3.69207
-3.90411
-1.73712
-4.46916
-4.3867
-4.3908
-2.45044
-4.53918
-1.41735
-2.39253
-4.5786
-4.4503
-3.85987
-0.656402
-1.42087
-1.37051
-4.33335
-4.77702
-3.90026
-0.302255
-4.91558
-4.49846
-3.08204
-1.44414
-4.34874
-4.44999
-5.66107
-1.62065
-4.73711
-0.0471285
-4.97096
-4.30075
-4.31391
-2.06769
-5.23962
-1.21469
-3.46255
-0.863758
-0.894631
-0.913121
-0.747089
-4.87165
-5.51094
-1.5442
-0.880588
-4.92965
-0.830577
-4.42791
-3.36198
-4.7222
-4.42841
-1.74219
-4.42156
-1.36042
-4.5511
-4.57624
-0.689071
-0.893144
-4.28759
-4.41439
-3.79861
-4.40173
-4.75809
-2.11026
-1.54618
-0.658702
-5.63106
-4.7555
-1.16585
-4.2716
-4.25642
-3.48446
-0.141091
-1.04611
-4.64962
-0.731856
-1.44426
-1.57242
-4.3979
-4.71403
-1.29813
-1.0893
-0.18699
-4.40072
-4.44744
-4.62069
-0.729828
-1.34689
-1.18174
-0.706835
-0.850318
-1.02841
-3.90402
-0.909548
-0.617888
-1.58431
-4.42516
-4.27487
-4.30261
-4.32951
-4.45143
-0.302986
-4.35741
-0.629305
-0.861821
-0.323905
-5.55288
-2.87934
-0.688612
-0.479534
-2.06986
-4.59819
-4.47688
-4.84247
-4.37276
-4.43849
-4.78987
-0.587882
-1.39034
-4.3819
-0.933119
-4.47103
-4.68768
-4.27103
-0.516469
-0.3627
-1.41248
-4.32052
-4.26591
-4.25627
-4.02646
-4.46903
-4.79042
-4.31895
-4.56688
-4.45566
-4.56652
-3.23508
-1.44381
-4.53066
-5.10486
-4.36685
-4.36172
-1.44691
-4.27017
-4.4087
-5.43109
-4.79214
-4.52588
-0.959499
-0.344617
-1.17117
-4.6014
-4.40019
-0.80737
-5.07959
-0.0196911
-4.62766
-4.47168
-4.45706
-4.43525
-4.28857
-4.61516
-4.52333
-4.24467
-4.33093
-4.42536
-0.82146
-4.01604
-4.25831
-3.98515
-4.84351
-4.52667
-2.89525
-4.62668
-4.71382
-4.38602
-4.39261
-4.44532
-1.30007
-0.788504
-4.94814
-1.24994
-4.17968
-4.48381
-4.5496
-0.658493
-4.59637
-0.420512
-4.44392
-5.00539
-5.09383
-3.92572
-1.39184
-3.03029
-4.28899
-0.710878
-0.896272
-0.834004
-4.47203
-0.469948
-1.46632
-4.81381
-4.31231
-4.43331
-2.04844
-4.39754
-4.41954
-1.94951
-0.905147
-2.56921
-4.08679
-4.77055
-1.94013
-4.2521
-4.85651
-4.87162
-0.485297
-4.51663
-4.56231
-4.4662
-4.70873
-4.06101
-0.0740168
-0.872382
-1.9187
-4.54786
-3.36798
-4.99804
-5.03168
-4.60095
-1.13269
-4.29219
-0.286131
-0.784155
-4.48998
-3.48009
-5.11297
-4.64191
-2.23693
-4.44838
-0.656593
-3.30553
-4.38519
-1.29946
-0.51934
-1.37472
-4.80842
-4.85206
-4.47347
-0.691224
-4.51637
-4.46956
-4.72237
-0.197503
-1.93999
-2.24384
-3.3391
-4.74889
-5.00638
-1.05628
-2.40597
-4.57682
-0.280797
-4.39635
-4.38128
-4.54119
-1.93279
-1.17234
-0.807608
-2.63794
-0.978819
-1.02976
-4.51315
-1.40953
-1.03926
-4.49686
-4.2549
-0.238466
-0.206214
-4.51702
-4.45642
-4.40076
-4.08398
-4.54361
-0.457627
-1.59023
-4.44104
-1.12616
-4.18364
-4.59471
-2.02407
-4.35409
-1.17346
-1.91934
-0.190376
-4.63681
-4.51246
-4.38316
-0.476639
-4.04242
-4.82057
-4.48006
-4.80698
-0.590456
-0.930676
-1.61843
-2.17663
-4.20681
-4.40893
-4.3367
-4.633
-0.486043
-2.99201
-1.44324
-4.84091
-3.46815
-4.71552
-0.190049
-4.53628
-4.49608
-1.6609
-4.77695
-4.27312
-4.45141
-4.55972
-4.99797
-4.55668
-0.550392
-4.79087
-4.48291
-0.87195
-4.60594
-4.27157
-4.48856
-0.0558917
-4.47064
-0.13761
-4.42365
-4.90879
-0.639028
-4.26761
-4.47052
-0.981017
-1.09931
-0.164053
-4.80203
-4.44172
-5.08571
-0.0861016
-2.50177
-1.30037
-4.58878
-2.94056
-4.53271
-4.5386
-4.52764
-1.18536
-4.43634
-4.53473
-3.22409
-5.04333
-0.658348
-1.1227
-0.968745
-4.27633
-4.41941
-0.0839184
-4.33263
-4.2819
-4.53181
-4.55376
-3.09546
-4.59707
-4.26608
-1.9903
-4.6539
-0.896157
-4.79709
-1.21147
-4.54414
-1.01734
-0.827534
-4.60774
-0.163101
-4.34363
-4.41543
-5.04489
-0.662736
-2.25779
-2.247
-4.55732
-4.70266
-4.89972
-5.06788
-4.55702
-1.60202
-1.62978
-0.234153
-1.00249
-0.659189
-4.53166
-4.50087
-0.627646
-0.673442
-5.07967
-3.22652
-3.16235
-4.10833
-2.62187
-4.80798
-0.29203
-4.32949
-4.18327
-4.60226
-3.26232
-0.986574
-0.95575
-4.43475
-4.34644
-0.385374
-0.55405
-1.4709
-6.04232
-4.85943
-4.71667
-4.31048
-4.55149
-1.03665
-2.08334
-3.04074
-0.365144
-4.46994
-3.02204
-0.115781
-4.65041
-4.25449
-4.30251
-4.65127
-2.73516
-0.89335
-4.76212
-4.42042
-0.328466
-4.26549
-4.29306
-0.470578
-0.815034
-0.268782
-4.35186
-1.1429
-4.56284
-4.57351
-1.05417
-4.53314
-4.96355
-4.36618
-0.251402
-1.80024
-1.69133
-4.6288
-1.2136
-0.791931
-5.08073
-4.76336
-0.203808
-1.01192
-5.08034
-4.54558
-4.41394
-4.37131
-4.38421
-4.4422
-4.18807
-4.42463
-1.63356
-0.762745
-2.94483
-4.61534
-1.1948
-1.10357
-1.72915
-1.40976
-4.66318
-0.434438
-4.44308
-3.99294
-3.10661
-0.806174
-4.41935
-4.36094
-4.44102
-3.25705
-4.47745
-4.51564
-4.45445
-4.8741
-4.62752
-3.13439
-4.64722
-4.79724
-2.95149
-4.3054
-4.36337
-0.549485
-4.53022
-5.39536
-4.97228
-0.800495
-0.148956
-4.46866
-4.94687
-1.66953
-2.74985
-2.75675
-4.52941
-0.242466
-1.02269
-0.1784
-4.95406
-3.94667
-2.96121
-4.92856
-4.53259
-0.489112
-4.30175
-0.31472
-0.547852
-4.18928
-1.596
-0.103564
-1.8746
-1.78598
-4.37365
-0.221266
-4.49788
-2.41552
-0.604669
-2.51118
-4.70754
-1.07371
-4.78579
-5.05106
-0.3947
-1.57034
-4.4155
-0.725742
-0.19577
-0.569719
-3.07213
-4.43589
-0.172047
-1.71719
-3.85682
-0.589958
-1.20162
-4.38943
-4.1447
-4.37907
-3.17408
-0.444879
-4.80674
-2.74963
-2.03347
-4.52839
-4.34458
-4.27444
-4.38779
-4.59276
-4.41317
-0.496022
-0.640321
-3.74887
-1.62074
-4.45552
-4.2049
-2.63239
-4.98236
-2.94016
-4.32743
-3.14435
-1.77948
-2.68434
-4.90641
-5.73871
-0.573474
-4.25913
-4.16783
-0.503857
-5.0652
-0.020982
-4.34581
-4.43195
-1.48032
-5.97698
-0.566329
-4.38012
-4.80425
-4.8009
-4.46684
-1.37343
-5.11501
-1.9982
-5.02179
-4.80318
-5.58584
-4.87279
-0.164367
-5.04385
-4.72955
-4.5864
-0.0850563
-2.96596
-2.01811
-4.18547
-0.706741
-4.80761
-4.44605
-4.57006
-3.0296
-4.18294
-4.56291
-4.48478
-0.554159
-0.65369
-4.19934
-5.06901
-0.201199
-4.35683
-1.76719
-4.53548
-4.30954
-0.50879
-4.62404
-1.50561
-2.78751
-0.16163
-4.64973
-0.92881
-3.16167
-4.31325
-0.237101
-2.83071
-5.43413
-4.35629
-5.08228
-1.20739
-4.79954
-3.56255
-4.18534
-0.562438
-0.475849
-5.02545
-0.915478
-1.54612
-4.80476
-0.832341
-4.3678
-1.89856
-4.52092
-2.11797
-4.37003
-1.56325
-3.1457
-4.51404
-0.950328
-1.86474
-0.441006
-4.35096
-4.44816
-0.539217
-2.7828
-5.75477
-4.99013
-0.41556
-2.84812
-2.8503
-4.2773
-4.92232
-5.06548
-4.81613
-4.53941
-4.81436
-0.464767
-0.455944
-4.30858
-0.123009
-4.55985
-5.05922
-4.69622
-4.57674
-4.36898
-0.824328
-3.00812
-4.44992
-4.5313
-5.1891
-0.606266
-1.73859
-4.58004
-6.01602
-3.80971
-4.89682
-0.272989
-5.17742
-2.4811
-2.85166
-4.48091
-5.32835
-4.17328
-3.97686
-4.61815
-0.46758
-0.257253
-4.94019
-4.38493
-0.141225
-0.66204
-4.77868
-4.18513
-2.01003
-4.61481
-2.59013
-2.5798
-1.13528
-0.771924
-0.68115
-4.54198
-2.03839
-5.03873
-4.55758
-5.07213
-4.3416
-4.43732
-1.35825
-4.62971
-2.58024
-4.99173
-4.45115
-4.31908
-0.770762
-3.81193
-4.96135
-4.42658
-1.05552
-4.5062
-4.58302
-0.871924
-4.50903
-0.690356
-4.26152
-1.64729
-1.65058
-4.32656
-2.80159
-2.73933
-4.27023
-0.496958
-4.84419
-1.49234
-0.757126
-4.31861
-0.775976
-1.54271
-0.682661
-0.474477
-1.81475
-1.80364
-3.09103
-5.01724
-4.51457
-4.97731
-0.684565
-0.309127
-0.298154
-1.31436
-4.61848
-1.73415
-2.73524
-0.311926
-4.88202
-4.15767
-5.04355
-5.52835
-0.114225
-0.63819
-4.56145
-0.474926
-4.64835
-4.52256
-2.76099
-4.84359
-0.547195
-0.70858
-4.25419
-2.82584
-4.68399
-2.309
-1.38286
-4.67632
-2.37109
-0.637222
-1.12495
-2.64095
-4.19887
-4.3305
-2.30698
-4.3711
-4.80122
-2.84556
-4.53578
-4.04344
-2.26927
-1.12089
-2.68521
-4.56322
-4.96279
-4.5704
-5.06967
-5.06848
-2.80107
-4.60583
-4.58993
-1.71989
-0.0299434
-4.80281
-0.291423
-2.80271
-2.51784
-4.39774
-4.4982
-4.54667
-0.652915
-1.98607
-2.55551
-2.79513
-2.96742
-1.11796
-4.45713
-5.04087
-2.59619
-1.73809
-2.53185
-5.01592
-4.74499
-1.73437
-4.34623
-0.314542
-4.38012
-4.63208
-4.50685
-4.47449
-1.70763
-1.42998
-2.77668
-4.53215
-3.70691
-0.0983445
-0.218672
-1.89702
-4.57002
-1.20827
-4.32961
-0.836957
-0.36547
-0.733528
-0.816819
-3.00792
-4.48317
-5.05449
-2.08267
-4.65162
-5.31652
-4.11277
-4.33359
-4.42912
-0.0163636
-1.22004
-3.47893
-2.29293
-0.051977
-0.475805
-4.55964
-0.905445
-4.65192
-3.45589
-4.6436
-1.92746
-0.069262
-4.35264
-2.36833
-4.49807
-4.47591
-2.33049
-2.41678
-4.42084
-0.1547
-4.78133
-3.75875
-1.63187
-4.38554
-4.91944
-4.51533
-0.457596
-4.86183
-2.36889
-2.66866
-2.26005
-4.53379
-4.30735
-2.73568
-0.149383
-4.34291
-4.13678
-4.3552
-0.215408
-1.40546
-4.3725
-4.86574
-5.45252
-2.725
-0.519243
-0.440877
-2.74683
-2.84773
-2.76507
-3.65847
-4.38613
-1.37552
-0.0766446
-5.0276
-3.2677
-0.450449
-3.66034
-2.98027
-0.112916
-2.15122
-4.30955
-2.71324
-5.05206
-4.43729
-2.74573
-4.94064
-4.89171
-0.931567
-5.06845
-0.684894
-4.27483
-4.6442
-2.02844
-5.06675
-2.04208
-0.826846
-0.832866
-3.2996
-4.76738
-5.08374
-2.53468
-3.31624
-2.52283
-4.575
-3.80054
-2.62796
-4.47455
-4.64451
-5.16952
-0.901008
-4.41628
-4.98889
-4.60564
-4.52449
-0.0676723
-5.07547
-1.76215
-4.3857
-4.34606
-0.0290044
-4.54357
-4.39317
-3.53035
-4.63194
-5.06269
-4.92579
-0.127086
-1.04728
-1.58692
-4.36384
-0.418766
-0.762177
-4.20295
-4.85789
-1.91781
-4.1818
-3.00522
-1.02089
-2.59362
-3.37046
-4.41328
-5.00631
-4.44034
-4.71525
-2.09733
-0.330507
-4.4333
-4.60767
-1.15622
-4.31654
-1.46564
-4.3328
-4.97669
-0.52275
-2.42214
-5.06885
-4.46486
-5.60279
-0.275934
-1.82313
-2.37472
-2.9501
-1.6559
-0.955413
-4.28174
-2.54551
-4.47055
-4.2431
-0.482449
-4.65799
-0.921478
-2.72947
-4.82078
-4.3863
-5.19279
-4.06527
-4.46642
-4.84839
-1.42126
-2.63654
-0.497717
-4.56785
-4.36452
-4.52664
-3.36258
-4.57146
-0.476517
-4.56831
-0.0258742
-1.03086
-0.157664
-4.26567
-4.51491
-0.868084
-2.9617
-0.943222
-3.75955
-5.09539
-1.58921
-2.95325
-4.47229
-4.83322
-4.47768
-0.32214
-0.214693
-0.745543
-4.49886
-1.36664
-1.13465
-2.49059
-0.329712
-1.40439
-3.39232
-0.0429147
-4.99842
-0.249945
-1.59988
-3.22057
-3.32929
-4.47237
-0.146771
-4.29858
-4.37164
-4.892
-4.56778
-4.15648
-4.44736
-5.07752
-2.6638
-2.59611
-4.40734
-0.807125
-2.02748
-1.38638
-5.05831
-5.28208
-5.06579
-0.929231
-3.30688
-1.13084
-0.079691
-1.9201
-4.84966
-4.0758
-1.35709
-1.53078
-4.48755
-2.45049
-4.53789
-4.45853
-4.43365
-0.220379
-1.58704
-1.95129
-2.60894
-3.05746
-5.06796
-5.05274
-5.08081
-3.12964
-4.8617
-0.278302
-3.55138
-4.53303
-2.18515
-4.4421
-5.06727
-5.00727
-4.70416
-0.538762
-0.476895
-2.32897
-0.748238
-4.40327
-4.42805
-4.29375
-2.92857
-5.0985
-4.47636
-6.02084
-6.01762
-0.465275
-4.85178
-0.174017
-1.52097
-3.26625
-5.07744
-4.9498
-4.45148
-0.389328
-4.72315
-4.36905
-2.42567
-0.456312
-1.14353
-3.55211
-5.0491
-4.56211
-1.57415
-4.23755
-2.41996
-5.10858
-1.39829
-0.291912
-4.68414
-4.44072
-3.39748
-5.03819
-1.75247
-4.37695
-4.68879
-1.46286
-3.01488
-1.39698
-5.06057
-5.03739
-1.57235
-5.07228
-2.41958
-3.74357
-3.75643
-1.13607
-0.232625
-4.32377
-5.09664
-5.03499
-5.0576
-1.47038
-0.29891
-0.150457
-0.0929168
-4.83187
-0.226775
-0.0161833
-0.0865614
-4.27292
)
;

boundaryField
{
    frontAndBack
    {
        type            empty;
    }
    walls
    {
        type            zeroGradient;
    }
    inlet
    {
        type            zeroGradient;
    }
    outlet
    {
        type            fixedValue;
        value           uniform 0;
    }
    cylinder
    {
        type            zeroGradient;
    }
}


// ************************************************************************* //
